iteration,expanded_state,parent,action,generated_successors,frontier_before,frontier_after,explored,g,h,f
1,"(34, 16)",,,"[(34, 15) via South, (33, 16) via West]","[(34, 16):48]","[(34, 15):48, (33, 16):48]",[],0,48,48
2,"(34, 15)","(34, 16)",South,"[(34, 14) via South]","[(34, 15):48, (33, 16):48]","[(33, 16):48, (34, 14):48]","[(34, 16)]",1,47,48
3,"(33, 16)","(34, 16)",West,"[(32, 16) via West]","[(33, 16):48, (34, 14):48]","[(34, 14):48, (32, 16):48]","[(34, 16), (34, 15)]",1,47,48
4,"(34, 14)","(34, 15)",South,"[(33, 14) via West]","[(34, 14):48, (32, 16):48]","[(32, 16):48, (33, 14):48]","[(34, 16), (34, 15), (33, 16)]",2,46,48
5,"(32, 16)","(33, 16)",West,"[(31, 16) via West]","[(32, 16):48, (33, 14):48]","[(33, 14):48, (31, 16):48]","[(34, 16), (34, 15), (33, 16), (34, 14)]",2,46,48
6,"(33, 14)","(34, 14)",West,"[(32, 14) via West]","[(33, 14):48, (31, 16):48]","[(31, 16):48, (32, 14):48]","[(34, 16), (34, 15), (33, 16), (34, 14), (32, 16)]",3,45,48
7,"(31, 16)","(32, 16)",West,"[(30, 16) via West]","[(31, 16):48, (32, 14):48]","[(32, 14):48, (30, 16):48]","[(34, 16), (34, 15), (33, 16), (34, 14), (32, 16), (33, 14)]",3,45,48
8,"(32, 14)","(33, 14)",West,"[(31, 14) via West]","[(32, 14):48, (30, 16):48]","[(30, 16):48, (31, 14):48]","[(34, 16), (34, 15), (33, 16), (34, 14), (32, 16), (33, 14), (31, 16)]",4,44,48
9,"(30, 16)","(31, 16)",West,"[(29, 16) via West]","[(30, 16):48, (31, 14):48]","[(31, 14):48, (29, 16):48]","[(34, 16), (34, 15), (33, 16), (34, 14), (32, 16), (33, 14), (31, 16), (32, 14)]",4,44,48
10,"(31, 14)","(32, 14)",West,"[(30, 14) via West]","[(31, 14):48, (29, 16):48]","[(29, 16):48, (30, 14):48]","[(34, 16), (34, 15), (33, 16), (34, 14), (32, 16), (33, 14), (31, 16), (32, 14), (30, 16)]",5,43,48
11,"(29, 16)","(30, 16)",West,"[(28, 16) via West]","[(29, 16):48, (30, 14):48]","[(30, 14):48, (28, 16):48]","[(34, 16), (34, 15), (33, 16), (34, 14), (32, 16), (33, 14), (31, 16), (32, 14), (30, 16), (31, 14)]",5,43,48
12,"(30, 14)","(31, 14)",West,"[(30, 13) via South]","[(30, 14):48, (28, 16):48]","[(28, 16):48, (30, 13):48]","[(34, 16), (34, 15), (33, 16), (34, 14), (32, 16), (33, 14), (31, 16), (32, 14), (30, 16), (31, 14), (29, 16)]",6,42,48
13,"(28, 16)","(29, 16)",West,"[(27, 16) via West]","[(28, 16):48, (30, 13):48]","[(30, 13):48, (27, 16):48]","[(34, 16), (34, 15), (33, 16), (34, 14), (32, 16), (33, 14), (31, 16), (32, 14), (30, 16), (31, 14), (29, 16), (30, 14)]",6,42,48
14,"(30, 13)","(30, 14)",South,"[(30, 12) via South]","[(30, 13):48, (27, 16):48]","[(27, 16):48, (30, 12):48]","[(34, 16), (34, 15), (33, 16), (34, 14), (32, 16), (33, 14), (31, 16), (32, 14), (30, 16), (31, 14), (29, 16), (30, 14), (28, 16)]",7,41,48
15,"(27, 16)","(28, 16)",West,"[(26, 16) via West]","[(27, 16):48, (30, 12):48]","[(30, 12):48, (26, 16):48]","[(34, 16), (34, 15), (33, 16), (34, 14), (32, 16), (33, 14), (31, 16), (32, 14), (30, 16), (31, 14), (29, 16), (30, 14), (28, 16), (30, 13)]",7,41,48
16,"(30, 12)","(30, 13)",South,"[(31, 12) via East]","[(30, 12):48, (26, 16):48]","[(26, 16):48, (31, 12):50]","[(34, 16), (34, 15), (33, 16), (34, 14), (32, 16), (33, 14), (31, 16), (32, 14), (30, 16), (31, 14), (29, 16), (30, 14), (28, 16), (30, 13), (27, 16)]",8,40,48
17,"(26, 16)","(27, 16)",West,"[(25, 16) via West]","[(26, 16):48, (31, 12):50]","[(25, 16):48, (31, 12):50]","[(34, 16), (34, 15), (33, 16), (34, 14), (32, 16), (33, 14), (31, 16), (32, 14), (30, 16), (31, 14), (29, 16), (30, 14), (28, 16), (30, 13), (27, 16), (30, 12)]",8,40,48
18,"(25, 16)","(26, 16)",West,"[(25, 15) via South, (24, 16) via West]","[(25, 16):48, (31, 12):50]","[(25, 15):48, (24, 16):48, (31, 12):50]","[(34, 16), (34, 15), (33, 16), (34, 14), (32, 16), (33, 14), (31, 16), (32, 14), (30, 16), (31, 14), (29, 16), (30, 14), (28, 16), (30, 13), (27, 16), (30, 12), (26, 16)]",9,39,48
19,"(25, 15)","(25, 16)",South,"[(25, 14) via South]","[(25, 15):48, (24, 16):48, (31, 12):50]","[(24, 16):48, (25, 14):48, (31, 12):50]","[(34, 16), (34, 15), (33, 16), (34, 14), (32, 16), (33, 14), (31, 16), (32, 14), (30, 16), (31, 14), (29, 16), (30, 14), (28, 16), (30, 13), (27, 16), (30, 12), (26, 16), (25, 16)]",10,38,48
20,"(24, 16)","(25, 16)",West,"[(23, 16) via West]","[(24, 16):48, (25, 14):48, (31, 12):50]","[(25, 14):48, (23, 16):48, (31, 12):50]","[(34, 16), (34, 15), (33, 16), (34, 14), (32, 16), (33, 14), (31, 16), (32, 14), (30, 16), (31, 14), (29, 16), (30, 14), (28, 16), (30, 13), (27, 16), (30, 12), (26, 16), (25, 16), (25, 15)]",10,38,48
21,"(25, 14)","(25, 15)",South,"[(26, 14) via East]","[(25, 14):48, (23, 16):48, (31, 12):50]","[(23, 16):48, (31, 12):50, (26, 14):50]","[(34, 16), (34, 15), (33, 16), (34, 14), (32, 16), (33, 14), (31, 16), (32, 14), (30, 16), (31, 14), (29, 16), (30, 14), (28, 16), (30, 13), (27, 16), (30, 12), (26, 16), (25, 16), (25, 15), (24, 16)]",11,37,48
22,"(23, 16)","(24, 16)",West,"[(22, 16) via West]","[(23, 16):48, (31, 12):50, (26, 14):50]","[(22, 16):48, (31, 12):50, (26, 14):50]","[(34, 16), (34, 15), (33, 16), (34, 14), (32, 16), (33, 14), (31, 16), (32, 14), (30, 16), (31, 14), (29, 16), (30, 14), (28, 16), (30, 13), (27, 16), (30, 12), (26, 16), (25, 16), (25, 15), (24, 16), (25, 14)]",11,37,48
23,"(22, 16)","(23, 16)",West,"[(21, 16) via West]","[(22, 16):48, (31, 12):50, (26, 14):50]","[(21, 16):48, (31, 12):50, (26, 14):50]","[(34, 16), (34, 15), (33, 16), (34, 14), (32, 16), (33, 14), (31, 16), (32, 14), (30, 16), (31, 14), (29, 16), (30, 14), (28, 16), (30, 13), (27, 16), (30, 12), (26, 16), (25, 16), (25, 15), (24, 16), (25, 14), (23, 16)]",12,36,48
24,"(21, 16)","(22, 16)",West,"[(20, 16) via West]","[(21, 16):48, (31, 12):50, (26, 14):50]","[(20, 16):48, (31, 12):50, (26, 14):50]","[(34, 16), (34, 15), (33, 16), (34, 14), (32, 16), (33, 14), (31, 16), (32, 14), (30, 16), (31, 14), (29, 16), (30, 14), (28, 16), (30, 13), (27, 16), (30, 12), (26, 16), (25, 16), (25, 15), (24, 16), (25, 14), (23, 16), (22, 16)]",13,35,48
25,"(20, 16)","(21, 16)",West,"[(19, 16) via West]","[(20, 16):48, (31, 12):50, (26, 14):50]","[(19, 16):48, (31, 12):50, (26, 14):50]","[(34, 16), (34, 15), (33, 16), (34, 14), (32, 16), (33, 14), (31, 16), (32, 14), (30, 16), (31, 14), (29, 16), (30, 14), (28, 16), (30, 13), (27, 16), (30, 12), (26, 16), (25, 16), (25, 15), (24, 16), (25, 14), (23, 16), (22, 16), (21, 16)]",14,34,48
26,"(19, 16)","(20, 16)",West,"[(18, 16) via West]","[(19, 16):48, (31, 12):50, (26, 14):50]","[(18, 16):48, (31, 12):50, (26, 14):50]","[(34, 16), (34, 15), (33, 16), (34, 14), (32, 16), (33, 14), (31, 16), (32, 14), (30, 16), (31, 14), (29, 16), (30, 14), (28, 16), (30, 13), (27, 16), (30, 12), (26, 16), (25, 16), (25, 15), (24, 16), (25, 14), (23, 16), (22, 16), (21, 16), (20, 16)]",15,33,48
27,"(18, 16)","(19, 16)",West,"[(17, 16) via West]","[(18, 16):48, (31, 12):50, (26, 14):50]","[(17, 16):48, (31, 12):50, (26, 14):50]","[(34, 16), (34, 15), (33, 16), (34, 14), (32, 16), (33, 14), (31, 16), (32, 14), (30, 16), (31, 14), (29, 16), (30, 14), (28, 16), (30, 13), (27, 16), (30, 12), (26, 16), (25, 16), (25, 15), (24, 16), (25, 14), (23, 16), (22, 16), (21, 16), (20, 16), (19, 16)]",16,32,48
28,"(17, 16)","(18, 16)",West,"[(16, 16) via West]","[(17, 16):48, (31, 12):50, (26, 14):50]","[(16, 16):48, (31, 12):50, (26, 14):50]","[(34, 16), (34, 15), (33, 16), (34, 14), (32, 16), (33, 14), (31, 16), (32, 14), (30, 16), (31, 14), (29, 16), (30, 14), (28, 16), (30, 13), (27, 16), (30, 12), (26, 16), (25, 16), (25, 15), (24, 16), (25, 14), (23, 16), (22, 16), (21, 16), (20, 16), (19, 16), (18, 16)]",17,31,48
29,"(16, 16)","(17, 16)",West,"[(15, 16) via West]","[(16, 16):48, (31, 12):50, (26, 14):50]","[(15, 16):48, (31, 12):50, (26, 14):50]","[(34, 16), (34, 15), (33, 16), (34, 14), (32, 16), (33, 14), (31, 16), (32, 14), (30, 16), (31, 14), (29, 16), (30, 14), (28, 16), (30, 13), (27, 16), (30, 12), (26, 16), (25, 16), (25, 15), (24, 16), (25, 14), (23, 16), (22, 16), (21, 16), (20, 16), (19, 16), (18, 16), (17, 16)]",18,30,48
30,"(15, 16)","(16, 16)",West,"[(14, 16) via West]","[(15, 16):48, (31, 12):50, (26, 14):50]","[(14, 16):48, (31, 12):50, (26, 14):50]","[(34, 16), (34, 15), (33, 16), (34, 14), (32, 16), (33, 14), (31, 16), (32, 14), (30, 16), (31, 14), (29, 16), (30, 14), (28, 16), (30, 13), (27, 16), (30, 12), (26, 16), (25, 16), (25, 15), (24, 16), (25, 14), (23, 16), (22, 16), (21, 16), (20, 16), (19, 16), (18, 16), (17, 16), (16, 16)]",19,29,48
31,"(14, 16)","(15, 16)",West,"[(13, 16) via West]","[(14, 16):48, (31, 12):50, (26, 14):50]","[(13, 16):48, (31, 12):50, (26, 14):50]","[(34, 16), (34, 15), (33, 16), (34, 14), (32, 16), (33, 14), (31, 16), (32, 14), (30, 16), (31, 14), (29, 16), (30, 14), (28, 16), (30, 13), (27, 16), (30, 12), (26, 16), (25, 16), (25, 15), (24, 16), (25, 14), (23, 16), (22, 16), (21, 16), (20, 16), (19, 16), (18, 16), (17, 16), (16, 16), (15, 16)]",20,28,48
32,"(13, 16)","(14, 16)",West,"[(12, 16) via West]","[(13, 16):48, (31, 12):50, (26, 14):50]","[(12, 16):48, (31, 12):50, (26, 14):50]","[(34, 16), (34, 15), (33, 16), (34, 14), (32, 16), (33, 14), (31, 16), (32, 14), (30, 16), (31, 14), (29, 16), (30, 14), (28, 16), (30, 13), (27, 16), (30, 12), (26, 16), (25, 16), (25, 15), (24, 16), (25, 14), (23, 16), (22, 16), (21, 16), (20, 16), (19, 16), (18, 16), (17, 16), (16, 16), (15, 16), (14, 16)]",21,27,48
33,"(12, 16)","(13, 16)",West,"[(11, 16) via West]","[(12, 16):48, (31, 12):50, (26, 14):50]","[(11, 16):48, (31, 12):50, (26, 14):50]","[(34, 16), (34, 15), (33, 16), (34, 14), (32, 16), (33, 14), (31, 16), (32, 14), (30, 16), (31, 14), (29, 16), (30, 14), (28, 16), (30, 13), (27, 16), (30, 12), (26, 16), (25, 16), (25, 15), (24, 16), (25, 14), (23, 16), (22, 16), (21, 16), (20, 16), (19, 16), (18, 16), (17, 16), (16, 16), (15, 16), (14, 16), (13, 16)]",22,26,48
34,"(11, 16)","(12, 16)",West,"[(10, 16) via West]","[(11, 16):48, (31, 12):50, (26, 14):50]","[(10, 16):48, (31, 12):50, (26, 14):50]","[(34, 16), (34, 15), (33, 16), (34, 14), (32, 16), (33, 14), (31, 16), (32, 14), (30, 16), (31, 14), (29, 16), (30, 14), (28, 16), (30, 13), (27, 16), (30, 12), (26, 16), (25, 16), (25, 15), (24, 16), (25, 14), (23, 16), (22, 16), (21, 16), (20, 16), (19, 16), (18, 16), (17, 16), (16, 16), (15, 16), (14, 16), (13, 16), (12, 16)]",23,25,48
35,"(10, 16)","(11, 16)",West,"[(9, 16) via West]","[(10, 16):48, (31, 12):50, (26, 14):50]","[(9, 16):48, (31, 12):50, (26, 14):50]","[(34, 16), (34, 15), (33, 16), (34, 14), (32, 16), (33, 14), (31, 16), (32, 14), (30, 16), (31, 14), (29, 16), (30, 14), (28, 16), (30, 13), (27, 16), (30, 12), (26, 16), (25, 16), (25, 15), (24, 16), (25, 14), (23, 16), (22, 16), (21, 16), (20, 16), (19, 16), (18, 16), (17, 16), (16, 16), (15, 16), (14, 16), (13, 16), (12, 16), (11, 16)]",24,24,48
36,"(9, 16)","(10, 16)",West,"[(8, 16) via West]","[(9, 16):48, (31, 12):50, (26, 14):50]","[(8, 16):48, (31, 12):50, (26, 14):50]","[(34, 16), (34, 15), (33, 16), (34, 14), (32, 16), (33, 14), (31, 16), (32, 14), (30, 16), (31, 14), (29, 16), (30, 14), (28, 16), (30, 13), (27, 16), (30, 12), (26, 16), (25, 16), (25, 15), (24, 16), (25, 14), (23, 16), (22, 16), (21, 16), (20, 16), (19, 16), (18, 16), (17, 16), (16, 16), (15, 16), (14, 16), (13, 16), (12, 16), (11, 16), (10, 16)]",25,23,48
37,"(8, 16)","(9, 16)",West,"[(7, 16) via West]","[(8, 16):48, (31, 12):50, (26, 14):50]","[(7, 16):48, (31, 12):50, (26, 14):50]","[(34, 16), (34, 15), (33, 16), (34, 14), (32, 16), (33, 14), (31, 16), (32, 14), (30, 16), (31, 14), (29, 16), (30, 14), (28, 16), (30, 13), (27, 16), (30, 12), (26, 16), (25, 16), (25, 15), (24, 16), (25, 14), (23, 16), (22, 16), (21, 16), (20, 16), (19, 16), (18, 16), (17, 16), (16, 16), (15, 16), (14, 16), (13, 16), (12, 16), (11, 16), (10, 16), (9, 16)]",26,22,48
38,"(7, 16)","(8, 16)",West,"[(6, 16) via West]","[(7, 16):48, (31, 12):50, (26, 14):50]","[(6, 16):48, (31, 12):50, (26, 14):50]","[(34, 16), (34, 15), (33, 16), (34, 14), (32, 16), (33, 14), (31, 16), (32, 14), (30, 16), (31, 14), (29, 16), (30, 14), (28, 16), (30, 13), (27, 16), (30, 12), (26, 16), (25, 16), (25, 15), (24, 16), (25, 14), (23, 16), (22, 16), (21, 16), (20, 16), (19, 16), (18, 16), (17, 16), (16, 16), (15, 16), (14, 16), (13, 16), (12, 16), (11, 16), (10, 16), (9, 16), (8, 16)]",27,21,48
39,"(6, 16)","(7, 16)",West,"[(5, 16) via West]","[(6, 16):48, (31, 12):50, (26, 14):50]","[(5, 16):48, (31, 12):50, (26, 14):50]","[(34, 16), (34, 15), (33, 16), (34, 14), (32, 16), (33, 14), (31, 16), (32, 14), (30, 16), (31, 14), (29, 16), (30, 14), (28, 16), (30, 13), (27, 16), (30, 12), (26, 16), (25, 16), (25, 15), (24, 16), (25, 14), (23, 16), (22, 16), (21, 16), (20, 16), (19, 16), (18, 16), (17, 16), (16, 16), (15, 16), (14, 16), (13, 16), (12, 16), (11, 16), (10, 16), (9, 16), (8, 16), (7, 16)]",28,20,48
40,"(5, 16)","(6, 16)",West,"[(4, 16) via West]","[(5, 16):48, (31, 12):50, (26, 14):50]","[(4, 16):48, (31, 12):50, (26, 14):50]","[(34, 16), (34, 15), (33, 16), (34, 14), (32, 16), (33, 14), (31, 16), (32, 14), (30, 16), (31, 14), (29, 16), (30, 14), (28, 16), (30, 13), (27, 16), (30, 12), (26, 16), (25, 16), (25, 15), (24, 16), (25, 14), (23, 16), (22, 16), (21, 16), (20, 16), (19, 16), (18, 16), (17, 16), (16, 16), (15, 16), (14, 16), (13, 16), (12, 16), (11, 16), (10, 16), (9, 16), (8, 16), (7, 16), (6, 16)]",29,19,48
41,"(4, 16)","(5, 16)",West,"[(3, 16) via West]","[(4, 16):48, (31, 12):50, (26, 14):50]","[(3, 16):48, (31, 12):50, (26, 14):50]","[(34, 16), (34, 15), (33, 16), (34, 14), (32, 16), (33, 14), (31, 16), (32, 14), (30, 16), (31, 14), (29, 16), (30, 14), (28, 16), (30, 13), (27, 16), (30, 12), (26, 16), (25, 16), (25, 15), (24, 16), (25, 14), (23, 16), (22, 16), (21, 16), (20, 16), (19, 16), (18, 16), (17, 16), (16, 16), (15, 16), (14, 16), (13, 16), (12, 16), (11, 16), (10, 16), (9, 16), (8, 16), (7, 16), (6, 16), (5, 16)]",30,18,48
42,"(3, 16)","(4, 16)",West,"[(2, 16) via West]","[(3, 16):48, (31, 12):50, (26, 14):50]","[(2, 16):48, (31, 12):50, (26, 14):50]","[(34, 16), (34, 15), (33, 16), (34, 14), (32, 16), (33, 14), (31, 16), (32, 14), (30, 16), (31, 14), (29, 16), (30, 14), (28, 16), (30, 13), (27, 16), (30, 12), (26, 16), (25, 16), (25, 15), (24, 16), (25, 14), (23, 16), (22, 16), (21, 16), (20, 16), (19, 16), (18, 16), (17, 16), (16, 16), (15, 16), (14, 16), (13, 16), (12, 16), (11, 16), (10, 16), (9, 16), (8, 16), (7, 16), (6, 16), (5, 16), (4, 16)]",31,17,48
43,"(2, 16)","(3, 16)",West,"[(1, 16) via West]","[(2, 16):48, (31, 12):50, (26, 14):50]","[(1, 16):48, (31, 12):50, (26, 14):50]","[(34, 16), (34, 15), (33, 16), (34, 14), (32, 16), (33, 14), (31, 16), (32, 14), (30, 16), (31, 14), (29, 16), (30, 14), (28, 16), (30, 13), (27, 16), (30, 12), (26, 16), (25, 16), (25, 15), (24, 16), (25, 14), (23, 16), (22, 16), (21, 16), (20, 16), (19, 16), (18, 16), (17, 16), (16, 16), (15, 16), (14, 16), (13, 16), (12, 16), (11, 16), (10, 16), (9, 16), (8, 16), (7, 16), (6, 16), (5, 16), (4, 16), (3, 16)]",32,16,48
44,"(1, 16)","(2, 16)",West,"[(1, 15) via South]","[(1, 16):48, (31, 12):50, (26, 14):50]","[(1, 15):48, (31, 12):50, (26, 14):50]","[(34, 16), (34, 15), (33, 16), (34, 14), (32, 16), (33, 14), (31, 16), (32, 14), (30, 16), (31, 14), (29, 16), (30, 14), (28, 16), (30, 13), (27, 16), (30, 12), (26, 16), (25, 16), (25, 15), (24, 16), (25, 14), (23, 16), (22, 16), (21, 16), (20, 16), (19, 16), (18, 16), (17, 16), (16, 16), (15, 16), (14, 16), (13, 16), (12, 16), (11, 16), (10, 16), (9, 16), (8, 16), (7, 16), (6, 16), (5, 16), (4, 16), (3, 16), (2, 16)]",33,15,48
45,"(1, 15)","(1, 16)",South,"[(1, 14) via South]","[(1, 15):48, (31, 12):50, (26, 14):50]","[(1, 14):48, (31, 12):50, (26, 14):50]","[(34, 16), (34, 15), (33, 16), (34, 14), (32, 16), (33, 14), (31, 16), (32, 14), (30, 16), (31, 14), (29, 16), (30, 14), (28, 16), (30, 13), (27, 16), (30, 12), (26, 16), (25, 16), (25, 15), (24, 16), (25, 14), (23, 16), (22, 16), (21, 16), (20, 16), (19, 16), (18, 16), (17, 16), (16, 16), (15, 16), (14, 16), (13, 16), (12, 16), (11, 16), (10, 16), (9, 16), (8, 16), (7, 16), (6, 16), (5, 16), (4, 16), (3, 16), (2, 16), (1, 16)]",34,14,48
46,"(1, 14)","(1, 15)",South,"[(1, 13) via South]","[(1, 14):48, (31, 12):50, (26, 14):50]","[(1, 13):48, (31, 12):50, (26, 14):50]","[(34, 16), (34, 15), (33, 16), (34, 14), (32, 16), (33, 14), (31, 16), (32, 14), (30, 16), (31, 14), (29, 16), (30, 14), (28, 16), (30, 13), (27, 16), (30, 12), (26, 16), (25, 16), (25, 15), (24, 16), (25, 14), (23, 16), (22, 16), (21, 16), (20, 16), (19, 16), (18, 16), (17, 16), (16, 16), (15, 16), (14, 16), (13, 16), (12, 16), (11, 16), (10, 16), (9, 16), (8, 16), (7, 16), (6, 16), (5, 16), (4, 16), (3, 16), (2, 16), (1, 16), (1, 15)]",35,13,48
47,"(1, 13)","(1, 14)",South,"[(1, 12) via South]","[(1, 13):48, (31, 12):50, (26, 14):50]","[(1, 12):48, (31, 12):50, (26, 14):50]","[(34, 16), (34, 15), (33, 16), (34, 14), (32, 16), (33, 14), (31, 16), (32, 14), (30, 16), (31, 14), (29, 16), (30, 14), (28, 16), (30, 13), (27, 16), (30, 12), (26, 16), (25, 16), (25, 15), (24, 16), (25, 14), (23, 16), (22, 16), (21, 16), (20, 16), (19, 16), (18, 16), (17, 16), (16, 16), (15, 16), (14, 16), (13, 16), (12, 16), (11, 16), (10, 16), (9, 16), (8, 16), (7, 16), (6, 16), (5, 16), (4, 16), (3, 16), (2, 16), (1, 16), (1, 15), (1, 14)]",36,12,48
48,"(1, 12)","(1, 13)",South,"[(1, 11) via South]","[(1, 12):48, (31, 12):50, (26, 14):50]","[(1, 11):48, (31, 12):50, (26, 14):50]","[(34, 16), (34, 15), (33, 16), (34, 14), (32, 16), (33, 14), (31, 16), (32, 14), (30, 16), (31, 14), (29, 16), (30, 14), (28, 16), (30, 13), (27, 16), (30, 12), (26, 16), (25, 16), (25, 15), (24, 16), (25, 14), (23, 16), (22, 16), (21, 16), (20, 16), (19, 16), (18, 16), (17, 16), (16, 16), (15, 16), (14, 16), (13, 16), (12, 16), (11, 16), (10, 16), (9, 16), (8, 16), (7, 16), (6, 16), (5, 16), (4, 16), (3, 16), (2, 16), (1, 16), (1, 15), (1, 14), (1, 13)]",37,11,48
49,"(1, 11)","(1, 12)",South,"[(1, 10) via South]","[(1, 11):48, (31, 12):50, (26, 14):50]","[(1, 10):48, (31, 12):50, (26, 14):50]","[(34, 16), (34, 15), (33, 16), (34, 14), (32, 16), (33, 14), (31, 16), (32, 14), (30, 16), (31, 14), (29, 16), (30, 14), (28, 16), (30, 13), (27, 16), (30, 12), (26, 16), (25, 16), (25, 15), (24, 16), (25, 14), (23, 16), (22, 16), (21, 16), (20, 16), (19, 16), (18, 16), (17, 16), (16, 16), (15, 16), (14, 16), (13, 16), (12, 16), (11, 16), (10, 16), (9, 16), (8, 16), (7, 16), (6, 16), (5, 16), (4, 16), (3, 16), (2, 16), (1, 16), (1, 15), (1, 14), (1, 13), (1, 12)]",38,10,48
50,"(1, 10)","(1, 11)",South,"[(1, 9) via South]","[(1, 10):48, (31, 12):50, (26, 14):50]","[(1, 9):48, (31, 12):50, (26, 14):50]","[(34, 16), (34, 15), (33, 16), (34, 14), (32, 16), (33, 14), (31, 16), (32, 14), (30, 16), (31, 14), (29, 16), (30, 14), (28, 16), (30, 13), (27, 16), (30, 12), (26, 16), (25, 16), (25, 15), (24, 16), (25, 14), (23, 16), (22, 16), (21, 16), (20, 16), (19, 16), (18, 16), (17, 16), (16, 16), (15, 16), (14, 16), (13, 16), (12, 16), (11, 16), (10, 16), (9, 16), (8, 16), (7, 16), (6, 16), (5, 16), (4, 16), (3, 16), (2, 16), (1, 16), (1, 15), (1, 14), (1, 13), (1, 12), (1, 11)]",39,9,48
51,"(1, 9)","(1, 10)",South,"[(1, 8) via South]","[(1, 9):48, (31, 12):50, (26, 14):50]","[(1, 8):48, (31, 12):50, (26, 14):50]","[(34, 16), (34, 15), (33, 16), (34, 14), (32, 16), (33, 14), (31, 16), (32, 14), (30, 16), (31, 14), (29, 16), (30, 14), (28, 16), (30, 13), (27, 16), (30, 12), (26, 16), (25, 16), (25, 15), (24, 16), (25, 14), (23, 16), (22, 16), (21, 16), (20, 16), (19, 16), (18, 16), (17, 16), (16, 16), (15, 16), (14, 16), (13, 16), (12, 16), (11, 16), (10, 16), (9, 16), (8, 16), (7, 16), (6, 16), (5, 16), (4, 16), (3, 16), (2, 16), (1, 16), (1, 15), (1, 14), (1, 13), (1, 12), (1, 11), (1, 10)]",40,8,48
52,"(1, 8)","(1, 9)",South,"[(1, 7) via South]","[(1, 8):48, (31, 12):50, (26, 14):50]","[(1, 7):48, (31, 12):50, (26, 14):50]","[(34, 16), (34, 15), (33, 16), (34, 14), (32, 16), (33, 14), (31, 16), (32, 14), (30, 16), (31, 14), (29, 16), (30, 14), (28, 16), (30, 13), (27, 16), (30, 12), (26, 16), (25, 16), (25, 15), (24, 16), (25, 14), (23, 16), (22, 16), (21, 16), (20, 16), (19, 16), (18, 16), (17, 16), (16, 16), (15, 16), (14, 16), (13, 16), (12, 16), (11, 16), (10, 16), (9, 16), (8, 16), (7, 16), (6, 16), (5, 16), (4, 16), (3, 16), (2, 16), (1, 16), (1, 15), (1, 14), (1, 13), (1, 12), (1, 11), (1, 10), (1, 9)]",41,7,48
53,"(1, 7)","(1, 8)",South,"[(2, 7) via East]","[(1, 7):48, (31, 12):50, (26, 14):50]","[(31, 12):50, (26, 14):50, (2, 7):50]","[(34, 16), (34, 15), (33, 16), (34, 14), (32, 16), (33, 14), (31, 16), (32, 14), (30, 16), (31, 14), (29, 16), (30, 14), (28, 16), (30, 13), (27, 16), (30, 12), (26, 16), (25, 16), (25, 15), (24, 16), (25, 14), (23, 16), (22, 16), (21, 16), (20, 16), (19, 16), (18, 16), (17, 16), (16, 16), (15, 16), (14, 16), (13, 16), (12, 16), (11, 16), (10, 16), (9, 16), (8, 16), (7, 16), (6, 16), (5, 16), (4, 16), (3, 16), (2, 16), (1, 16), (1, 15), (1, 14), (1, 13), (1, 12), (1, 11), (1, 10), (1, 9), (1, 8)]",42,6,48
54,"(31, 12)","(30, 12)",East,"[(32, 12) via East]","[(31, 12):50, (26, 14):50, (2, 7):50]","[(26, 14):50, (2, 7):50, (32, 12):52]","[(34, 16), (34, 15), (33, 16), (34, 14), (32, 16), (33, 14), (31, 16), (32, 14), (30, 16), (31, 14), (29, 16), (30, 14), (28, 16), (30, 13), (27, 16), (30, 12), (26, 16), (25, 16), (25, 15), (24, 16), (25, 14), (23, 16), (22, 16), (21, 16), (20, 16), (19, 16), (18, 16), (17, 16), (16, 16), (15, 16), (14, 16), (13, 16), (12, 16), (11, 16), (10, 16), (9, 16), (8, 16), (7, 16), (6, 16), (5, 16), (4, 16), (3, 16), (2, 16), (1, 16), (1, 15), (1, 14), (1, 13), (1, 12), (1, 11), (1, 10), (1, 9), (1, 8), (1, 7)]",9,41,50
55,"(26, 14)","(25, 14)",East,"[(27, 14) via East]","[(26, 14):50, (2, 7):50, (32, 12):52]","[(2, 7):50, (32, 12):52, (27, 14):52]","[(34, 16), (34, 15), (33, 16), (34, 14), (32, 16), (33, 14), (31, 16), (32, 14), (30, 16), (31, 14), (29, 16), (30, 14), (28, 16), (30, 13), (27, 16), (30, 12), (26, 16), (25, 16), (25, 15), (24, 16), (25, 14), (23, 16), (22, 16), (21, 16), (20, 16), (19, 16), (18, 16), (17, 16), (16, 16), (15, 16), (14, 16), (13, 16), (12, 16), (11, 16), (10, 16), (9, 16), (8, 16), (7, 16), (6, 16), (5, 16), (4, 16), (3, 16), (2, 16), (1, 16), (1, 15), (1, 14), (1, 13), (1, 12), (1, 11), (1, 10), (1, 9), (1, 8), (1, 7), (31, 12)]",12,38,50
56,"(2, 7)","(1, 7)",East,"[(3, 7) via East]","[(2, 7):50, (32, 12):52, (27, 14):52]","[(32, 12):52, (27, 14):52, (3, 7):52]","[(34, 16), (34, 15), (33, 16), (34, 14), (32, 16), (33, 14), (31, 16), (32, 14), (30, 16), (31, 14), (29, 16), (30, 14), (28, 16), (30, 13), (27, 16), (30, 12), (26, 16), (25, 16), (25, 15), (24, 16), (25, 14), (23, 16), (22, 16), (21, 16), (20, 16), (19, 16), (18, 16), (17, 16), (16, 16), (15, 16), (14, 16), (13, 16), (12, 16), (11, 16), (10, 16), (9, 16), (8, 16), (7, 16), (6, 16), (5, 16), (4, 16), (3, 16), (2, 16), (1, 16), (1, 15), (1, 14), (1, 13), (1, 12), (1, 11), (1, 10), (1, 9), (1, 8), (1, 7), (31, 12), (26, 14)]",43,7,50
57,"(32, 12)","(31, 12)",East,"[(33, 12) via East]","[(32, 12):52, (27, 14):52, (3, 7):52]","[(27, 14):52, (3, 7):52, (33, 12):54]","[(34, 16), (34, 15), (33, 16), (34, 14), (32, 16), (33, 14), (31, 16), (32, 14), (30, 16), (31, 14), (29, 16), (30, 14), (28, 16), (30, 13), (27, 16), (30, 12), (26, 16), (25, 16), (25, 15), (24, 16), (25, 14), (23, 16), (22, 16), (21, 16), (20, 16), (19, 16), (18, 16), (17, 16), (16, 16), (15, 16), (14, 16), (13, 16), (12, 16), (11, 16), (10, 16), (9, 16), (8, 16), (7, 16), (6, 16), (5, 16), (4, 16), (3, 16), (2, 16), (1, 16), (1, 15), (1, 14), (1, 13), (1, 12), (1, 11), (1, 10), (1, 9), (1, 8), (1, 7), (31, 12), (26, 14), (2, 7)]",10,42,52
58,"(27, 14)","(26, 14)",East,"[(27, 13) via South]","[(27, 14):52, (3, 7):52, (33, 12):54]","[(3, 7):52, (27, 13):52, (33, 12):54]","[(34, 16), (34, 15), (33, 16), (34, 14), (32, 16), (33, 14), (31, 16), (32, 14), (30, 16), (31, 14), (29, 16), (30, 14), (28, 16), (30, 13), (27, 16), (30, 12), (26, 16), (25, 16), (25, 15), (24, 16), (25, 14), (23, 16), (22, 16), (21, 16), (20, 16), (19, 16), (18, 16), (17, 16), (16, 16), (15, 16), (14, 16), (13, 16), (12, 16), (11, 16), (10, 16), (9, 16), (8, 16), (7, 16), (6, 16), (5, 16), (4, 16), (3, 16), (2, 16), (1, 16), (1, 15), (1, 14), (1, 13), (1, 12), (1, 11), (1, 10), (1, 9), (1, 8), (1, 7), (31, 12), (26, 14), (2, 7), (32, 12)]",13,39,52
59,"(3, 7)","(2, 7)",East,"[(4, 7) via East]","[(3, 7):52, (27, 13):52, (33, 12):54]","[(27, 13):52, (33, 12):54, (4, 7):54]","[(34, 16), (34, 15), (33, 16), (34, 14), (32, 16), (33, 14), (31, 16), (32, 14), (30, 16), (31, 14), (29, 16), (30, 14), (28, 16), (30, 13), (27, 16), (30, 12), (26, 16), (25, 16), (25, 15), (24, 16), (25, 14), (23, 16), (22, 16), (21, 16), (20, 16), (19, 16), (18, 16), (17, 16), (16, 16), (15, 16), (14, 16), (13, 16), (12, 16), (11, 16), (10, 16), (9, 16), (8, 16), (7, 16), (6, 16), (5, 16), (4, 16), (3, 16), (2, 16), (1, 16), (1, 15), (1, 14), (1, 13), (1, 12), (1, 11), (1, 10), (1, 9), (1, 8), (1, 7), (31, 12), (26, 14), (2, 7), (32, 12), (27, 14)]",44,8,52
60,"(27, 13)","(27, 14)",South,"[(27, 12) via South]","[(27, 13):52, (33, 12):54, (4, 7):54]","[(27, 12):52, (33, 12):54, (4, 7):54]","[(34, 16), (34, 15), (33, 16), (34, 14), (32, 16), (33, 14), (31, 16), (32, 14), (30, 16), (31, 14), (29, 16), (30, 14), (28, 16), (30, 13), (27, 16), (30, 12), (26, 16), (25, 16), (25, 15), (24, 16), (25, 14), (23, 16), (22, 16), (21, 16), (20, 16), (19, 16), (18, 16), (17, 16), (16, 16), (15, 16), (14, 16), (13, 16), (12, 16), (11, 16), (10, 16), (9, 16), (8, 16), (7, 16), (6, 16), (5, 16), (4, 16), (3, 16), (2, 16), (1, 16), (1, 15), (1, 14), (1, 13), (1, 12), (1, 11), (1, 10), (1, 9), (1, 8), (1, 7), (31, 12), (26, 14), (2, 7), (32, 12), (27, 14), (3, 7)]",14,38,52
61,"(27, 12)","(27, 13)",South,"[(27, 11) via South]","[(27, 12):52, (33, 12):54, (4, 7):54]","[(27, 11):52, (33, 12):54, (4, 7):54]","[(34, 16), (34, 15), (33, 16), (34, 14), (32, 16), (33, 14), (31, 16), (32, 14), (30, 16), (31, 14), (29, 16), (30, 14), (28, 16), (30, 13), (27, 16), (30, 12), (26, 16), (25, 16), (25, 15), (24, 16), (25, 14), (23, 16), (22, 16), (21, 16), (20, 16), (19, 16), (18, 16), (17, 16), (16, 16), (15, 16), (14, 16), (13, 16), (12, 16), (11, 16), (10, 16), (9, 16), (8, 16), (7, 16), (6, 16), (5, 16), (4, 16), (3, 16), (2, 16), (1, 16), (1, 15), (1, 14), (1, 13), (1, 12), (1, 11), (1, 10), (1, 9), (1, 8), (1, 7), (31, 12), (26, 14), (2, 7), (32, 12), (27, 14), (3, 7), (27, 13)]",15,37,52
62,"(27, 11)","(27, 12)",South,"[(26, 11) via West]","[(27, 11):52, (33, 12):54, (4, 7):54]","[(26, 11):52, (33, 12):54, (4, 7):54]","[(34, 16), (34, 15), (33, 16), (34, 14), (32, 16), (33, 14), (31, 16), (32, 14), (30, 16), (31, 14), (29, 16), (30, 14), (28, 16), (30, 13), (27, 16), (30, 12), (26, 16), (25, 16), (25, 15), (24, 16), (25, 14), (23, 16), (22, 16), (21, 16), (20, 16), (19, 16), (18, 16), (17, 16), (16, 16), (15, 16), (14, 16), (13, 16), (12, 16), (11, 16), (10, 16), (9, 16), (8, 16), (7, 16), (6, 16), (5, 16), (4, 16), (3, 16), (2, 16), (1, 16), (1, 15), (1, 14), (1, 13), (1, 12), (1, 11), (1, 10), (1, 9), (1, 8), (1, 7), (31, 12), (26, 14), (2, 7), (32, 12), (27, 14), (3, 7), (27, 13), (27, 12)]",16,36,52
63,"(26, 11)","(27, 11)",West,"[(25, 11) via West]","[(26, 11):52, (33, 12):54, (4, 7):54]","[(25, 11):52, (33, 12):54, (4, 7):54]","[(34, 16), (34, 15), (33, 16), (34, 14), (32, 16), (33, 14), (31, 16), (32, 14), (30, 16), (31, 14), (29, 16), (30, 14), (28, 16), (30, 13), (27, 16), (30, 12), (26, 16), (25, 16), (25, 15), (24, 16), (25, 14), (23, 16), (22, 16), (21, 16), (20, 16), (19, 16), (18, 16), (17, 16), (16, 16), (15, 16), (14, 16), (13, 16), (12, 16), (11, 16), (10, 16), (9, 16), (8, 16), (7, 16), (6, 16), (5, 16), (4, 16), (3, 16), (2, 16), (1, 16), (1, 15), (1, 14), (1, 13), (1, 12), (1, 11), (1, 10), (1, 9), (1, 8), (1, 7), (31, 12), (26, 14), (2, 7), (32, 12), (27, 14), (3, 7), (27, 13), (27, 12), (27, 11)]",17,35,52
64,"(25, 11)","(26, 11)",West,"[(24, 11) via West]","[(25, 11):52, (33, 12):54, (4, 7):54]","[(24, 11):52, (33, 12):54, (4, 7):54]","[(34, 16), (34, 15), (33, 16), (34, 14), (32, 16), (33, 14), (31, 16), (32, 14), (30, 16), (31, 14), (29, 16), (30, 14), (28, 16), (30, 13), (27, 16), (30, 12), (26, 16), (25, 16), (25, 15), (24, 16), (25, 14), (23, 16), (22, 16), (21, 16), (20, 16), (19, 16), (18, 16), (17, 16), (16, 16), (15, 16), (14, 16), (13, 16), (12, 16), (11, 16), (10, 16), (9, 16), (8, 16), (7, 16), (6, 16), (5, 16), (4, 16), (3, 16), (2, 16), (1, 16), (1, 15), (1, 14), (1, 13), (1, 12), (1, 11), (1, 10), (1, 9), (1, 8), (1, 7), (31, 12), (26, 14), (2, 7), (32, 12), (27, 14), (3, 7), (27, 13), (27, 12), (27, 11), (26, 11)]",18,34,52
65,"(24, 11)","(25, 11)",West,"[(24, 12) via North]","[(24, 11):52, (33, 12):54, (4, 7):54]","[(33, 12):54, (4, 7):54, (24, 12):54]","[(34, 16), (34, 15), (33, 16), (34, 14), (32, 16), (33, 14), (31, 16), (32, 14), (30, 16), (31, 14), (29, 16), (30, 14), (28, 16), (30, 13), (27, 16), (30, 12), (26, 16), (25, 16), (25, 15), (24, 16), (25, 14), (23, 16), (22, 16), (21, 16), (20, 16), (19, 16), (18, 16), (17, 16), (16, 16), (15, 16), (14, 16), (13, 16), (12, 16), (11, 16), (10, 16), (9, 16), (8, 16), (7, 16), (6, 16), (5, 16), (4, 16), (3, 16), (2, 16), (1, 16), (1, 15), (1, 14), (1, 13), (1, 12), (1, 11), (1, 10), (1, 9), (1, 8), (1, 7), (31, 12), (26, 14), (2, 7), (32, 12), (27, 14), (3, 7), (27, 13), (27, 12), (27, 11), (26, 11), (25, 11)]",19,33,52
66,"(33, 12)","(32, 12)",East,"[(34, 12) via East]","[(33, 12):54, (4, 7):54, (24, 12):54]","[(4, 7):54, (24, 12):54, (34, 12):56]","[(34, 16), (34, 15), (33, 16), (34, 14), (32, 16), (33, 14), (31, 16), (32, 14), (30, 16), (31, 14), (29, 16), (30, 14), (28, 16), (30, 13), (27, 16), (30, 12), (26, 16), (25, 16), (25, 15), (24, 16), (25, 14), (23, 16), (22, 16), (21, 16), (20, 16), (19, 16), (18, 16), (17, 16), (16, 16), (15, 16), (14, 16), (13, 16), (12, 16), (11, 16), (10, 16), (9, 16), (8, 16), (7, 16), (6, 16), (5, 16), (4, 16), (3, 16), (2, 16), (1, 16), (1, 15), (1, 14), (1, 13), (1, 12), (1, 11), (1, 10), (1, 9), (1, 8), (1, 7), (31, 12), (26, 14), (2, 7), (32, 12), (27, 14), (3, 7), (27, 13), (27, 12), (27, 11), (26, 11), (25, 11), (24, 11)]",11,43,54
67,"(4, 7)","(3, 7)",East,"[(4, 8) via North]","[(4, 7):54, (24, 12):54, (34, 12):56]","[(24, 12):54, (34, 12):56, (4, 8):56]","[(34, 16), (34, 15), (33, 16), (34, 14), (32, 16), (33, 14), (31, 16), (32, 14), (30, 16), (31, 14), (29, 16), (30, 14), (28, 16), (30, 13), (27, 16), (30, 12), (26, 16), (25, 16), (25, 15), (24, 16), (25, 14), (23, 16), (22, 16), (21, 16), (20, 16), (19, 16), (18, 16), (17, 16), (16, 16), (15, 16), (14, 16), (13, 16), (12, 16), (11, 16), (10, 16), (9, 16), (8, 16), (7, 16), (6, 16), (5, 16), (4, 16), (3, 16), (2, 16), (1, 16), (1, 15), (1, 14), (1, 13), (1, 12), (1, 11), (1, 10), (1, 9), (1, 8), (1, 7), (31, 12), (26, 14), (2, 7), (32, 12), (27, 14), (3, 7), (27, 13), (27, 12), (27, 11), (26, 11), (25, 11), (24, 11), (33, 12)]",45,9,54
68,"(24, 12)","(24, 11)",North,"[(23, 12) via West]","[(24, 12):54, (34, 12):56, (4, 8):56]","[(23, 12):54, (34, 12):56, (4, 8):56]","[(34, 16), (34, 15), (33, 16), (34, 14), (32, 16), (33, 14), (31, 16), (32, 14), (30, 16), (31, 14), (29, 16), (30, 14), (28, 16), (30, 13), (27, 16), (30, 12), (26, 16), (25, 16), (25, 15), (24, 16), (25, 14), (23, 16), (22, 16), (21, 16), (20, 16), (19, 16), (18, 16), (17, 16), (16, 16), (15, 16), (14, 16), (13, 16), (12, 16), (11, 16), (10, 16), (9, 16), (8, 16), (7, 16), (6, 16), (5, 16), (4, 16), (3, 16), (2, 16), (1, 16), (1, 15), (1, 14), (1, 13), (1, 12), (1, 11), (1, 10), (1, 9), (1, 8), (1, 7), (31, 12), (26, 14), (2, 7), (32, 12), (27, 14), (3, 7), (27, 13), (27, 12), (27, 11), (26, 11), (25, 11), (24, 11), (33, 12), (4, 7)]",20,34,54
69,"(23, 12)","(24, 12)",West,"[(22, 12) via West]","[(23, 12):54, (34, 12):56, (4, 8):56]","[(22, 12):54, (34, 12):56, (4, 8):56]","[(34, 16), (34, 15), (33, 16), (34, 14), (32, 16), (33, 14), (31, 16), (32, 14), (30, 16), (31, 14), (29, 16), (30, 14), (28, 16), (30, 13), (27, 16), (30, 12), (26, 16), (25, 16), (25, 15), (24, 16), (25, 14), (23, 16), (22, 16), (21, 16), (20, 16), (19, 16), (18, 16), (17, 16), (16, 16), (15, 16), (14, 16), (13, 16), (12, 16), (11, 16), (10, 16), (9, 16), (8, 16), (7, 16), (6, 16), (5, 16), (4, 16), (3, 16), (2, 16), (1, 16), (1, 15), (1, 14), (1, 13), (1, 12), (1, 11), (1, 10), (1, 9), (1, 8), (1, 7), (31, 12), (26, 14), (2, 7), (32, 12), (27, 14), (3, 7), (27, 13), (27, 12), (27, 11), (26, 11), (25, 11), (24, 11), (33, 12), (4, 7), (24, 12)]",21,33,54
70,"(22, 12)","(23, 12)",West,"[(21, 12) via West]","[(22, 12):54, (34, 12):56, (4, 8):56]","[(21, 12):54, (34, 12):56, (4, 8):56]","[(34, 16), (34, 15), (33, 16), (34, 14), (32, 16), (33, 14), (31, 16), (32, 14), (30, 16), (31, 14), (29, 16), (30, 14), (28, 16), (30, 13), (27, 16), (30, 12), (26, 16), (25, 16), (25, 15), (24, 16), (25, 14), (23, 16), (22, 16), (21, 16), (20, 16), (19, 16), (18, 16), (17, 16), (16, 16), (15, 16), (14, 16), (13, 16), (12, 16), (11, 16), (10, 16), (9, 16), (8, 16), (7, 16), (6, 16), (5, 16), (4, 16), (3, 16), (2, 16), (1, 16), (1, 15), (1, 14), (1, 13), (1, 12), (1, 11), (1, 10), (1, 9), (1, 8), (1, 7), (31, 12), (26, 14), (2, 7), (32, 12), (27, 14), (3, 7), (27, 13), (27, 12), (27, 11), (26, 11), (25, 11), (24, 11), (33, 12), (4, 7), (24, 12), (23, 12)]",22,32,54
71,"(21, 12)","(22, 12)",West,"[(20, 12) via West]","[(21, 12):54, (34, 12):56, (4, 8):56]","[(20, 12):54, (34, 12):56, (4, 8):56]","[(34, 16), (34, 15), (33, 16), (34, 14), (32, 16), (33, 14), (31, 16), (32, 14), (30, 16), (31, 14), (29, 16), (30, 14), (28, 16), (30, 13), (27, 16), (30, 12), (26, 16), (25, 16), (25, 15), (24, 16), (25, 14), (23, 16), (22, 16), (21, 16), (20, 16), (19, 16), (18, 16), (17, 16), (16, 16), (15, 16), (14, 16), (13, 16), (12, 16), (11, 16), (10, 16), (9, 16), (8, 16), (7, 16), (6, 16), (5, 16), (4, 16), (3, 16), (2, 16), (1, 16), (1, 15), (1, 14), (1, 13), (1, 12), (1, 11), (1, 10), (1, 9), (1, 8), (1, 7), (31, 12), (26, 14), (2, 7), (32, 12), (27, 14), (3, 7), (27, 13), (27, 12), (27, 11), (26, 11), (25, 11), (24, 11), (33, 12), (4, 7), (24, 12), (23, 12), (22, 12)]",23,31,54
72,"(20, 12)","(21, 12)",West,"[(20, 11) via South, (19, 12) via West]","[(20, 12):54, (34, 12):56, (4, 8):56]","[(20, 11):54, (19, 12):54, (34, 12):56, (4, 8):56]","[(34, 16), (34, 15), (33, 16), (34, 14), (32, 16), (33, 14), (31, 16), (32, 14), (30, 16), (31, 14), (29, 16), (30, 14), (28, 16), (30, 13), (27, 16), (30, 12), (26, 16), (25, 16), (25, 15), (24, 16), (25, 14), (23, 16), (22, 16), (21, 16), (20, 16), (19, 16), (18, 16), (17, 16), (16, 16), (15, 16), (14, 16), (13, 16), (12, 16), (11, 16), (10, 16), (9, 16), (8, 16), (7, 16), (6, 16), (5, 16), (4, 16), (3, 16), (2, 16), (1, 16), (1, 15), (1, 14), (1, 13), (1, 12), (1, 11), (1, 10), (1, 9), (1, 8), (1, 7), (31, 12), (26, 14), (2, 7), (32, 12), (27, 14), (3, 7), (27, 13), (27, 12), (27, 11), (26, 11), (25, 11), (24, 11), (33, 12), (4, 7), (24, 12), (23, 12), (22, 12), (21, 12)]",24,30,54
73,"(20, 11)","(20, 12)",South,"[(20, 10) via South, (19, 11) via West]","[(20, 11):54, (19, 12):54, (34, 12):56, (4, 8):56]","[(19, 12):54, (20, 10):54, (19, 11):54, (34, 12):56, (4, 8):56]","[(34, 16), (34, 15), (33, 16), (34, 14), (32, 16), (33, 14), (31, 16), (32, 14), (30, 16), (31, 14), (29, 16), (30, 14), (28, 16), (30, 13), (27, 16), (30, 12), (26, 16), (25, 16), (25, 15), (24, 16), (25, 14), (23, 16), (22, 16), (21, 16), (20, 16), (19, 16), (18, 16), (17, 16), (16, 16), (15, 16), (14, 16), (13, 16), (12, 16), (11, 16), (10, 16), (9, 16), (8, 16), (7, 16), (6, 16), (5, 16), (4, 16), (3, 16), (2, 16), (1, 16), (1, 15), (1, 14), (1, 13), (1, 12), (1, 11), (1, 10), (1, 9), (1, 8), (1, 7), (31, 12), (26, 14), (2, 7), (32, 12), (27, 14), (3, 7), (27, 13), (27, 12), (27, 11), (26, 11), (25, 11), (24, 11), (33, 12), (4, 7), (24, 12), (23, 12), (22, 12), (21, 12), (20, 12)]",25,29,54
74,"(19, 12)","(20, 12)",West,"[(18, 12) via West]","[(19, 12):54, (20, 10):54, (19, 11):54, (34, 12):56, (4, 8):56]","[(20, 10):54, (19, 11):54, (18, 12):54, (34, 12):56, (4, 8):56]","[(34, 16), (34, 15), (33, 16), (34, 14), (32, 16), (33, 14), (31, 16), (32, 14), (30, 16), (31, 14), (29, 16), (30, 14), (28, 16), (30, 13), (27, 16), (30, 12), (26, 16), (25, 16), (25, 15), (24, 16), (25, 14), (23, 16), (22, 16), (21, 16), (20, 16), (19, 16), (18, 16), (17, 16), (16, 16), (15, 16), (14, 16), (13, 16), (12, 16), (11, 16), (10, 16), (9, 16), (8, 16), (7, 16), (6, 16), (5, 16), (4, 16), (3, 16), (2, 16), (1, 16), (1, 15), (1, 14), (1, 13), (1, 12), (1, 11), (1, 10), (1, 9), (1, 8), (1, 7), (31, 12), (26, 14), (2, 7), (32, 12), (27, 14), (3, 7), (27, 13), (27, 12), (27, 11), (26, 11), (25, 11), (24, 11), (33, 12), (4, 7), (24, 12), (23, 12), (22, 12), (21, 12), (20, 12), (20, 11)]",25,29,54
75,"(20, 10)","(20, 11)",South,"[(20, 9) via South]","[(20, 10):54, (19, 11):54, (18, 12):54, (34, 12):56, (4, 8):56]","[(19, 11):54, (18, 12):54, (20, 9):54, (34, 12):56, (4, 8):56]","[(34, 16), (34, 15), (33, 16), (34, 14), (32, 16), (33, 14), (31, 16), (32, 14), (30, 16), (31, 14), (29, 16), (30, 14), (28, 16), (30, 13), (27, 16), (30, 12), (26, 16), (25, 16), (25, 15), (24, 16), (25, 14), (23, 16), (22, 16), (21, 16), (20, 16), (19, 16), (18, 16), (17, 16), (16, 16), (15, 16), (14, 16), (13, 16), (12, 16), (11, 16), (10, 16), (9, 16), (8, 16), (7, 16), (6, 16), (5, 16), (4, 16), (3, 16), (2, 16), (1, 16), (1, 15), (1, 14), (1, 13), (1, 12), (1, 11), (1, 10), (1, 9), (1, 8), (1, 7), (31, 12), (26, 14), (2, 7), (32, 12), (27, 14), (3, 7), (27, 13), (27, 12), (27, 11), (26, 11), (25, 11), (24, 11), (33, 12), (4, 7), (24, 12), (23, 12), (22, 12), (21, 12), (20, 12), (20, 11), (19, 12)]",26,28,54
76,"(19, 11)","(20, 11)",West,[],"[(19, 11):54, (18, 12):54, (20, 9):54, (34, 12):56, (4, 8):56]","[(18, 12):54, (20, 9):54, (34, 12):56, (4, 8):56]","[(34, 16), (34, 15), (33, 16), (34, 14), (32, 16), (33, 14), (31, 16), (32, 14), (30, 16), (31, 14), (29, 16), (30, 14), (28, 16), (30, 13), (27, 16), (30, 12), (26, 16), (25, 16), (25, 15), (24, 16), (25, 14), (23, 16), (22, 16), (21, 16), (20, 16), (19, 16), (18, 16), (17, 16), (16, 16), (15, 16), (14, 16), (13, 16), (12, 16), (11, 16), (10, 16), (9, 16), (8, 16), (7, 16), (6, 16), (5, 16), (4, 16), (3, 16), (2, 16), (1, 16), (1, 15), (1, 14), (1, 13), (1, 12), (1, 11), (1, 10), (1, 9), (1, 8), (1, 7), (31, 12), (26, 14), (2, 7), (32, 12), (27, 14), (3, 7), (27, 13), (27, 12), (27, 11), (26, 11), (25, 11), (24, 11), (33, 12), (4, 7), (24, 12), (23, 12), (22, 12), (21, 12), (20, 12), (20, 11), (19, 12), (20, 10)]",26,28,54
77,"(18, 12)","(19, 12)",West,"[(17, 12) via West]","[(18, 12):54, (20, 9):54, (34, 12):56, (4, 8):56]","[(20, 9):54, (17, 12):54, (34, 12):56, (4, 8):56]","[(34, 16), (34, 15), (33, 16), (34, 14), (32, 16), (33, 14), (31, 16), (32, 14), (30, 16), (31, 14), (29, 16), (30, 14), (28, 16), (30, 13), (27, 16), (30, 12), (26, 16), (25, 16), (25, 15), (24, 16), (25, 14), (23, 16), (22, 16), (21, 16), (20, 16), (19, 16), (18, 16), (17, 16), (16, 16), (15, 16), (14, 16), (13, 16), (12, 16), (11, 16), (10, 16), (9, 16), (8, 16), (7, 16), (6, 16), (5, 16), (4, 16), (3, 16), (2, 16), (1, 16), (1, 15), (1, 14), (1, 13), (1, 12), (1, 11), (1, 10), (1, 9), (1, 8), (1, 7), (31, 12), (26, 14), (2, 7), (32, 12), (27, 14), (3, 7), (27, 13), (27, 12), (27, 11), (26, 11), (25, 11), (24, 11), (33, 12), (4, 7), (24, 12), (23, 12), (22, 12), (21, 12), (20, 12), (20, 11), (19, 12), (20, 10), (19, 11)]",26,28,54
78,"(20, 9)","(20, 10)",South,"[(21, 9) via East]","[(20, 9):54, (17, 12):54, (34, 12):56, (4, 8):56]","[(17, 12):54, (34, 12):56, (4, 8):56, (21, 9):56]","[(34, 16), (34, 15), (33, 16), (34, 14), (32, 16), (33, 14), (31, 16), (32, 14), (30, 16), (31, 14), (29, 16), (30, 14), (28, 16), (30, 13), (27, 16), (30, 12), (26, 16), (25, 16), (25, 15), (24, 16), (25, 14), (23, 16), (22, 16), (21, 16), (20, 16), (19, 16), (18, 16), (17, 16), (16, 16), (15, 16), (14, 16), (13, 16), (12, 16), (11, 16), (10, 16), (9, 16), (8, 16), (7, 16), (6, 16), (5, 16), (4, 16), (3, 16), (2, 16), (1, 16), (1, 15), (1, 14), (1, 13), (1, 12), (1, 11), (1, 10), (1, 9), (1, 8), (1, 7), (31, 12), (26, 14), (2, 7), (32, 12), (27, 14), (3, 7), (27, 13), (27, 12), (27, 11), (26, 11), (25, 11), (24, 11), (33, 12), (4, 7), (24, 12), (23, 12), (22, 12), (21, 12), (20, 12), (20, 11), (19, 12), (20, 10), (19, 11), (18, 12)]",27,27,54
79,"(17, 12)","(18, 12)",West,"[(17, 13) via North, (16, 12) via West]","[(17, 12):54, (34, 12):56, (4, 8):56, (21, 9):56]","[(16, 12):54, (34, 12):56, (4, 8):56, (21, 9):56, (17, 13):56]","[(34, 16), (34, 15), (33, 16), (34, 14), (32, 16), (33, 14), (31, 16), (32, 14), (30, 16), (31, 14), (29, 16), (30, 14), (28, 16), (30, 13), (27, 16), (30, 12), (26, 16), (25, 16), (25, 15), (24, 16), (25, 14), (23, 16), (22, 16), (21, 16), (20, 16), (19, 16), (18, 16), (17, 16), (16, 16), (15, 16), (14, 16), (13, 16), (12, 16), (11, 16), (10, 16), (9, 16), (8, 16), (7, 16), (6, 16), (5, 16), (4, 16), (3, 16), (2, 16), (1, 16), (1, 15), (1, 14), (1, 13), (1, 12), (1, 11), (1, 10), (1, 9), (1, 8), (1, 7), (31, 12), (26, 14), (2, 7), (32, 12), (27, 14), (3, 7), (27, 13), (27, 12), (27, 11), (26, 11), (25, 11), (24, 11), (33, 12), (4, 7), (24, 12), (23, 12), (22, 12), (21, 12), (20, 12), (20, 11), (19, 12), (20, 10), (19, 11), (18, 12), (20, 9)]",27,27,54
80,"(16, 12)","(17, 12)",West,"[(15, 12) via West]","[(16, 12):54, (34, 12):56, (4, 8):56, (21, 9):56, (17, 13):56]","[(15, 12):54, (34, 12):56, (4, 8):56, (21, 9):56, (17, 13):56]","[(34, 16), (34, 15), (33, 16), (34, 14), (32, 16), (33, 14), (31, 16), (32, 14), (30, 16), (31, 14), (29, 16), (30, 14), (28, 16), (30, 13), (27, 16), (30, 12), (26, 16), (25, 16), (25, 15), (24, 16), (25, 14), (23, 16), (22, 16), (21, 16), (20, 16), (19, 16), (18, 16), (17, 16), (16, 16), (15, 16), (14, 16), (13, 16), (12, 16), (11, 16), (10, 16), (9, 16), (8, 16), (7, 16), (6, 16), (5, 16), (4, 16), (3, 16), (2, 16), (1, 16), (1, 15), (1, 14), (1, 13), (1, 12), (1, 11), (1, 10), (1, 9), (1, 8), (1, 7), (31, 12), (26, 14), (2, 7), (32, 12), (27, 14), (3, 7), (27, 13), (27, 12), (27, 11), (26, 11), (25, 11), (24, 11), (33, 12), (4, 7), (24, 12), (23, 12), (22, 12), (21, 12), (20, 12), (20, 11), (19, 12), (20, 10), (19, 11), (18, 12), (20, 9), (17, 12)]",28,26,54
81,"(15, 12)","(16, 12)",West,"[(14, 12) via West]","[(15, 12):54, (34, 12):56, (4, 8):56, (21, 9):56, (17, 13):56]","[(14, 12):54, (34, 12):56, (4, 8):56, (21, 9):56, (17, 13):56]","[(34, 16), (34, 15), (33, 16), (34, 14), (32, 16), (33, 14), (31, 16), (32, 14), (30, 16), (31, 14), (29, 16), (30, 14), (28, 16), (30, 13), (27, 16), (30, 12), (26, 16), (25, 16), (25, 15), (24, 16), (25, 14), (23, 16), (22, 16), (21, 16), (20, 16), (19, 16), (18, 16), (17, 16), (16, 16), (15, 16), (14, 16), (13, 16), (12, 16), (11, 16), (10, 16), (9, 16), (8, 16), (7, 16), (6, 16), (5, 16), (4, 16), (3, 16), (2, 16), (1, 16), (1, 15), (1, 14), (1, 13), (1, 12), (1, 11), (1, 10), (1, 9), (1, 8), (1, 7), (31, 12), (26, 14), (2, 7), (32, 12), (27, 14), (3, 7), (27, 13), (27, 12), (27, 11), (26, 11), (25, 11), (24, 11), (33, 12), (4, 7), (24, 12), (23, 12), (22, 12), (21, 12), (20, 12), (20, 11), (19, 12), (20, 10), (19, 11), (18, 12), (20, 9), (17, 12), (16, 12)]",29,25,54
82,"(14, 12)","(15, 12)",West,"[(14, 11) via South, (13, 12) via West]","[(14, 12):54, (34, 12):56, (4, 8):56, (21, 9):56, (17, 13):56]","[(14, 11):54, (13, 12):54, (34, 12):56, (4, 8):56, (21, 9):56, (17, 13):56]","[(34, 16), (34, 15), (33, 16), (34, 14), (32, 16), (33, 14), (31, 16), (32, 14), (30, 16), (31, 14), (29, 16), (30, 14), (28, 16), (30, 13), (27, 16), (30, 12), (26, 16), (25, 16), (25, 15), (24, 16), (25, 14), (23, 16), (22, 16), (21, 16), (20, 16), (19, 16), (18, 16), (17, 16), (16, 16), (15, 16), (14, 16), (13, 16), (12, 16), (11, 16), (10, 16), (9, 16), (8, 16), (7, 16), (6, 16), (5, 16), (4, 16), (3, 16), (2, 16), (1, 16), (1, 15), (1, 14), (1, 13), (1, 12), (1, 11), (1, 10), (1, 9), (1, 8), (1, 7), (31, 12), (26, 14), (2, 7), (32, 12), (27, 14), (3, 7), (27, 13), (27, 12), (27, 11), (26, 11), (25, 11), (24, 11), (33, 12), (4, 7), (24, 12), (23, 12), (22, 12), (21, 12), (20, 12), (20, 11), (19, 12), (20, 10), (19, 11), (18, 12), (20, 9), (17, 12), (16, 12), (15, 12)]",30,24,54
83,"(14, 11)","(14, 12)",South,"[(14, 10) via South]","[(14, 11):54, (13, 12):54, (34, 12):56, (4, 8):56, (21, 9):56, (17, 13):56]","[(13, 12):54, (14, 10):54, (34, 12):56, (4, 8):56, (21, 9):56, (17, 13):56]","[(34, 16), (34, 15), (33, 16), (34, 14), (32, 16), (33, 14), (31, 16), (32, 14), (30, 16), (31, 14), (29, 16), (30, 14), (28, 16), (30, 13), (27, 16), (30, 12), (26, 16), (25, 16), (25, 15), (24, 16), (25, 14), (23, 16), (22, 16), (21, 16), (20, 16), (19, 16), (18, 16), (17, 16), (16, 16), (15, 16), (14, 16), (13, 16), (12, 16), (11, 16), (10, 16), (9, 16), (8, 16), (7, 16), (6, 16), (5, 16), (4, 16), (3, 16), (2, 16), (1, 16), (1, 15), (1, 14), (1, 13), (1, 12), (1, 11), (1, 10), (1, 9), (1, 8), (1, 7), (31, 12), (26, 14), (2, 7), (32, 12), (27, 14), (3, 7), (27, 13), (27, 12), (27, 11), (26, 11), (25, 11), (24, 11), (33, 12), (4, 7), (24, 12), (23, 12), (22, 12), (21, 12), (20, 12), (20, 11), (19, 12), (20, 10), (19, 11), (18, 12), (20, 9), (17, 12), (16, 12), (15, 12), (14, 12)]",31,23,54
84,"(13, 12)","(14, 12)",West,"[(12, 12) via West]","[(13, 12):54, (14, 10):54, (34, 12):56, (4, 8):56, (21, 9):56, (17, 13):56]","[(14, 10):54, (12, 12):54, (34, 12):56, (4, 8):56, (21, 9):56, (17, 13):56]","[(34, 16), (34, 15), (33, 16), (34, 14), (32, 16), (33, 14), (31, 16), (32, 14), (30, 16), (31, 14), (29, 16), (30, 14), (28, 16), (30, 13), (27, 16), (30, 12), (26, 16), (25, 16), (25, 15), (24, 16), (25, 14), (23, 16), (22, 16), (21, 16), (20, 16), (19, 16), (18, 16), (17, 16), (16, 16), (15, 16), (14, 16), (13, 16), (12, 16), (11, 16), (10, 16), (9, 16), (8, 16), (7, 16), (6, 16), (5, 16), (4, 16), (3, 16), (2, 16), (1, 16), (1, 15), (1, 14), (1, 13), (1, 12), (1, 11), (1, 10), (1, 9), (1, 8), (1, 7), (31, 12), (26, 14), (2, 7), (32, 12), (27, 14), (3, 7), (27, 13), (27, 12), (27, 11), (26, 11), (25, 11), (24, 11), (33, 12), (4, 7), (24, 12), (23, 12), (22, 12), (21, 12), (20, 12), (20, 11), (19, 12), (20, 10), (19, 11), (18, 12), (20, 9), (17, 12), (16, 12), (15, 12), (14, 12), (14, 11)]",31,23,54
85,"(14, 10)","(14, 11)",South,"[(15, 10) via East]","[(14, 10):54, (12, 12):54, (34, 12):56, (4, 8):56, (21, 9):56, (17, 13):56]","[(12, 12):54, (34, 12):56, (4, 8):56, (21, 9):56, (17, 13):56, (15, 10):56]","[(34, 16), (34, 15), (33, 16), (34, 14), (32, 16), (33, 14), (31, 16), (32, 14), (30, 16), (31, 14), (29, 16), (30, 14), (28, 16), (30, 13), (27, 16), (30, 12), (26, 16), (25, 16), (25, 15), (24, 16), (25, 14), (23, 16), (22, 16), (21, 16), (20, 16), (19, 16), (18, 16), (17, 16), (16, 16), (15, 16), (14, 16), (13, 16), (12, 16), (11, 16), (10, 16), (9, 16), (8, 16), (7, 16), (6, 16), (5, 16), (4, 16), (3, 16), (2, 16), (1, 16), (1, 15), (1, 14), (1, 13), (1, 12), (1, 11), (1, 10), (1, 9), (1, 8), (1, 7), (31, 12), (26, 14), (2, 7), (32, 12), (27, 14), (3, 7), (27, 13), (27, 12), (27, 11), (26, 11), (25, 11), (24, 11), (33, 12), (4, 7), (24, 12), (23, 12), (22, 12), (21, 12), (20, 12), (20, 11), (19, 12), (20, 10), (19, 11), (18, 12), (20, 9), (17, 12), (16, 12), (15, 12), (14, 12), (14, 11), (13, 12)]",32,22,54
86,"(12, 12)","(13, 12)",West,"[(12, 13) via North, (12, 11) via South]","[(12, 12):54, (34, 12):56, (4, 8):56, (21, 9):56, (17, 13):56, (15, 10):56]","[(12, 11):54, (34, 12):56, (4, 8):56, (21, 9):56, (17, 13):56, (15, 10):56, (12, 13):56]","[(34, 16), (34, 15), (33, 16), (34, 14), (32, 16), (33, 14), (31, 16), (32, 14), (30, 16), (31, 14), (29, 16), (30, 14), (28, 16), (30, 13), (27, 16), (30, 12), (26, 16), (25, 16), (25, 15), (24, 16), (25, 14), (23, 16), (22, 16), (21, 16), (20, 16), (19, 16), (18, 16), (17, 16), (16, 16), (15, 16), (14, 16), (13, 16), (12, 16), (11, 16), (10, 16), (9, 16), (8, 16), (7, 16), (6, 16), (5, 16), (4, 16), (3, 16), (2, 16), (1, 16), (1, 15), (1, 14), (1, 13), (1, 12), (1, 11), (1, 10), (1, 9), (1, 8), (1, 7), (31, 12), (26, 14), (2, 7), (32, 12), (27, 14), (3, 7), (27, 13), (27, 12), (27, 11), (26, 11), (25, 11), (24, 11), (33, 12), (4, 7), (24, 12), (23, 12), (22, 12), (21, 12), (20, 12), (20, 11), (19, 12), (20, 10), (19, 11), (18, 12), (20, 9), (17, 12), (16, 12), (15, 12), (14, 12), (14, 11), (13, 12), (14, 10)]",32,22,54
87,"(12, 11)","(12, 12)",South,"[(12, 10) via South]","[(12, 11):54, (34, 12):56, (4, 8):56, (21, 9):56, (17, 13):56, (15, 10):56, (12, 13):56]","[(12, 10):54, (34, 12):56, (4, 8):56, (21, 9):56, (17, 13):56, (15, 10):56, (12, 13):56]","[(34, 16), (34, 15), (33, 16), (34, 14), (32, 16), (33, 14), (31, 16), (32, 14), (30, 16), (31, 14), (29, 16), (30, 14), (28, 16), (30, 13), (27, 16), (30, 12), (26, 16), (25, 16), (25, 15), (24, 16), (25, 14), (23, 16), (22, 16), (21, 16), (20, 16), (19, 16), (18, 16), (17, 16), (16, 16), (15, 16), (14, 16), (13, 16), (12, 16), (11, 16), (10, 16), (9, 16), (8, 16), (7, 16), (6, 16), (5, 16), (4, 16), (3, 16), (2, 16), (1, 16), (1, 15), (1, 14), (1, 13), (1, 12), (1, 11), (1, 10), (1, 9), (1, 8), (1, 7), (31, 12), (26, 14), (2, 7), (32, 12), (27, 14), (3, 7), (27, 13), (27, 12), (27, 11), (26, 11), (25, 11), (24, 11), (33, 12), (4, 7), (24, 12), (23, 12), (22, 12), (21, 12), (20, 12), (20, 11), (19, 12), (20, 10), (19, 11), (18, 12), (20, 9), (17, 12), (16, 12), (15, 12), (14, 12), (14, 11), (13, 12), (14, 10), (12, 12)]",33,21,54
88,"(12, 10)","(12, 11)",South,"[(11, 10) via West]","[(12, 10):54, (34, 12):56, (4, 8):56, (21, 9):56, (17, 13):56, (15, 10):56, (12, 13):56]","[(11, 10):54, (34, 12):56, (4, 8):56, (21, 9):56, (17, 13):56, (15, 10):56, (12, 13):56]","[(34, 16), (34, 15), (33, 16), (34, 14), (32, 16), (33, 14), (31, 16), (32, 14), (30, 16), (31, 14), (29, 16), (30, 14), (28, 16), (30, 13), (27, 16), (30, 12), (26, 16), (25, 16), (25, 15), (24, 16), (25, 14), (23, 16), (22, 16), (21, 16), (20, 16), (19, 16), (18, 16), (17, 16), (16, 16), (15, 16), (14, 16), (13, 16), (12, 16), (11, 16), (10, 16), (9, 16), (8, 16), (7, 16), (6, 16), (5, 16), (4, 16), (3, 16), (2, 16), (1, 16), (1, 15), (1, 14), (1, 13), (1, 12), (1, 11), (1, 10), (1, 9), (1, 8), (1, 7), (31, 12), (26, 14), (2, 7), (32, 12), (27, 14), (3, 7), (27, 13), (27, 12), (27, 11), (26, 11), (25, 11), (24, 11), (33, 12), (4, 7), (24, 12), (23, 12), (22, 12), (21, 12), (20, 12), (20, 11), (19, 12), (20, 10), (19, 11), (18, 12), (20, 9), (17, 12), (16, 12), (15, 12), (14, 12), (14, 11), (13, 12), (14, 10), (12, 12), (12, 11)]",34,20,54
89,"(11, 10)","(12, 10)",West,"[(10, 10) via West]","[(11, 10):54, (34, 12):56, (4, 8):56, (21, 9):56, (17, 13):56, (15, 10):56, (12, 13):56]","[(10, 10):54, (34, 12):56, (4, 8):56, (21, 9):56, (17, 13):56, (15, 10):56, (12, 13):56]","[(34, 16), (34, 15), (33, 16), (34, 14), (32, 16), (33, 14), (31, 16), (32, 14), (30, 16), (31, 14), (29, 16), (30, 14), (28, 16), (30, 13), (27, 16), (30, 12), (26, 16), (25, 16), (25, 15), (24, 16), (25, 14), (23, 16), (22, 16), (21, 16), (20, 16), (19, 16), (18, 16), (17, 16), (16, 16), (15, 16), (14, 16), (13, 16), (12, 16), (11, 16), (10, 16), (9, 16), (8, 16), (7, 16), (6, 16), (5, 16), (4, 16), (3, 16), (2, 16), (1, 16), (1, 15), (1, 14), (1, 13), (1, 12), (1, 11), (1, 10), (1, 9), (1, 8), (1, 7), (31, 12), (26, 14), (2, 7), (32, 12), (27, 14), (3, 7), (27, 13), (27, 12), (27, 11), (26, 11), (25, 11), (24, 11), (33, 12), (4, 7), (24, 12), (23, 12), (22, 12), (21, 12), (20, 12), (20, 11), (19, 12), (20, 10), (19, 11), (18, 12), (20, 9), (17, 12), (16, 12), (15, 12), (14, 12), (14, 11), (13, 12), (14, 10), (12, 12), (12, 11), (12, 10)]",35,19,54
90,"(10, 10)","(11, 10)",West,"[(10, 11) via North]","[(10, 10):54, (34, 12):56, (4, 8):56, (21, 9):56, (17, 13):56, (15, 10):56, (12, 13):56]","[(34, 12):56, (4, 8):56, (21, 9):56, (17, 13):56, (15, 10):56, (12, 13):56, (10, 11):56]","[(34, 16), (34, 15), (33, 16), (34, 14), (32, 16), (33, 14), (31, 16), (32, 14), (30, 16), (31, 14), (29, 16), (30, 14), (28, 16), (30, 13), (27, 16), (30, 12), (26, 16), (25, 16), (25, 15), (24, 16), (25, 14), (23, 16), (22, 16), (21, 16), (20, 16), (19, 16), (18, 16), (17, 16), (16, 16), (15, 16), (14, 16), (13, 16), (12, 16), (11, 16), (10, 16), (9, 16), (8, 16), (7, 16), (6, 16), (5, 16), (4, 16), (3, 16), (2, 16), (1, 16), (1, 15), (1, 14), (1, 13), (1, 12), (1, 11), (1, 10), (1, 9), (1, 8), (1, 7), (31, 12), (26, 14), (2, 7), (32, 12), (27, 14), (3, 7), (27, 13), (27, 12), (27, 11), (26, 11), (25, 11), (24, 11), (33, 12), (4, 7), (24, 12), (23, 12), (22, 12), (21, 12), (20, 12), (20, 11), (19, 12), (20, 10), (19, 11), (18, 12), (20, 9), (17, 12), (16, 12), (15, 12), (14, 12), (14, 11), (13, 12), (14, 10), (12, 12), (12, 11), (12, 10), (11, 10)]",36,18,54
91,"(34, 12)","(33, 12)",East,"[(34, 11) via South]","[(34, 12):56, (4, 8):56, (21, 9):56, (17, 13):56, (15, 10):56, (12, 13):56, (10, 11):56]","[(4, 8):56, (21, 9):56, (17, 13):56, (15, 10):56, (12, 13):56, (10, 11):56, (34, 11):56]","[(34, 16), (34, 15), (33, 16), (34, 14), (32, 16), (33, 14), (31, 16), (32, 14), (30, 16), (31, 14), (29, 16), (30, 14), (28, 16), (30, 13), (27, 16), (30, 12), (26, 16), (25, 16), (25, 15), (24, 16), (25, 14), (23, 16), (22, 16), (21, 16), (20, 16), (19, 16), (18, 16), (17, 16), (16, 16), (15, 16), (14, 16), (13, 16), (12, 16), (11, 16), (10, 16), (9, 16), (8, 16), (7, 16), (6, 16), (5, 16), (4, 16), (3, 16), (2, 16), (1, 16), (1, 15), (1, 14), (1, 13), (1, 12), (1, 11), (1, 10), (1, 9), (1, 8), (1, 7), (31, 12), (26, 14), (2, 7), (32, 12), (27, 14), (3, 7), (27, 13), (27, 12), (27, 11), (26, 11), (25, 11), (24, 11), (33, 12), (4, 7), (24, 12), (23, 12), (22, 12), (21, 12), (20, 12), (20, 11), (19, 12), (20, 10), (19, 11), (18, 12), (20, 9), (17, 12), (16, 12), (15, 12), (14, 12), (14, 11), (13, 12), (14, 10), (12, 12), (12, 11), (12, 10), (11, 10), (10, 10)]",12,44,56
92,"(4, 8)","(4, 7)",North,"[(4, 9) via North]","[(4, 8):56, (21, 9):56, (17, 13):56, (15, 10):56, (12, 13):56, (10, 11):56, (34, 11):56]","[(21, 9):56, (17, 13):56, (15, 10):56, (12, 13):56, (10, 11):56, (34, 11):56, (4, 9):58]","[(34, 16), (34, 15), (33, 16), (34, 14), (32, 16), (33, 14), (31, 16), (32, 14), (30, 16), (31, 14), (29, 16), (30, 14), (28, 16), (30, 13), (27, 16), (30, 12), (26, 16), (25, 16), (25, 15), (24, 16), (25, 14), (23, 16), (22, 16), (21, 16), (20, 16), (19, 16), (18, 16), (17, 16), (16, 16), (15, 16), (14, 16), (13, 16), (12, 16), (11, 16), (10, 16), (9, 16), (8, 16), (7, 16), (6, 16), (5, 16), (4, 16), (3, 16), (2, 16), (1, 16), (1, 15), (1, 14), (1, 13), (1, 12), (1, 11), (1, 10), (1, 9), (1, 8), (1, 7), (31, 12), (26, 14), (2, 7), (32, 12), (27, 14), (3, 7), (27, 13), (27, 12), (27, 11), (26, 11), (25, 11), (24, 11), (33, 12), (4, 7), (24, 12), (23, 12), (22, 12), (21, 12), (20, 12), (20, 11), (19, 12), (20, 10), (19, 11), (18, 12), (20, 9), (17, 12), (16, 12), (15, 12), (14, 12), (14, 11), (13, 12), (14, 10), (12, 12), (12, 11), (12, 10), (11, 10), (10, 10), (34, 12)]",46,10,56
93,"(21, 9)","(20, 9)",East,"[(22, 9) via East]","[(21, 9):56, (17, 13):56, (15, 10):56, (12, 13):56, (10, 11):56, (34, 11):56, (4, 9):58]","[(17, 13):56, (15, 10):56, (12, 13):56, (10, 11):56, (34, 11):56, (4, 9):58, (22, 9):58]","[(34, 16), (34, 15), (33, 16), (34, 14), (32, 16), (33, 14), (31, 16), (32, 14), (30, 16), (31, 14), (29, 16), (30, 14), (28, 16), (30, 13), (27, 16), (30, 12), (26, 16), (25, 16), (25, 15), (24, 16), (25, 14), (23, 16), (22, 16), (21, 16), (20, 16), (19, 16), (18, 16), (17, 16), (16, 16), (15, 16), (14, 16), (13, 16), (12, 16), (11, 16), (10, 16), (9, 16), (8, 16), (7, 16), (6, 16), (5, 16), (4, 16), (3, 16), (2, 16), (1, 16), (1, 15), (1, 14), (1, 13), (1, 12), (1, 11), (1, 10), (1, 9), (1, 8), (1, 7), (31, 12), (26, 14), (2, 7), (32, 12), (27, 14), (3, 7), (27, 13), (27, 12), (27, 11), (26, 11), (25, 11), (24, 11), (33, 12), (4, 7), (24, 12), (23, 12), (22, 12), (21, 12), (20, 12), (20, 11), (19, 12), (20, 10), (19, 11), (18, 12), (20, 9), (17, 12), (16, 12), (15, 12), (14, 12), (14, 11), (13, 12), (14, 10), (12, 12), (12, 11), (12, 10), (11, 10), (10, 10), (34, 12), (4, 8)]",28,28,56
94,"(17, 13)","(17, 12)",North,"[(17, 14) via North]","[(17, 13):56, (15, 10):56, (12, 13):56, (10, 11):56, (34, 11):56, (4, 9):58, (22, 9):58]","[(15, 10):56, (12, 13):56, (10, 11):56, (34, 11):56, (4, 9):58, (22, 9):58, (17, 14):58]","[(34, 16), (34, 15), (33, 16), (34, 14), (32, 16), (33, 14), (31, 16), (32, 14), (30, 16), (31, 14), (29, 16), (30, 14), (28, 16), (30, 13), (27, 16), (30, 12), (26, 16), (25, 16), (25, 15), (24, 16), (25, 14), (23, 16), (22, 16), (21, 16), (20, 16), (19, 16), (18, 16), (17, 16), (16, 16), (15, 16), (14, 16), (13, 16), (12, 16), (11, 16), (10, 16), (9, 16), (8, 16), (7, 16), (6, 16), (5, 16), (4, 16), (3, 16), (2, 16), (1, 16), (1, 15), (1, 14), (1, 13), (1, 12), (1, 11), (1, 10), (1, 9), (1, 8), (1, 7), (31, 12), (26, 14), (2, 7), (32, 12), (27, 14), (3, 7), (27, 13), (27, 12), (27, 11), (26, 11), (25, 11), (24, 11), (33, 12), (4, 7), (24, 12), (23, 12), (22, 12), (21, 12), (20, 12), (20, 11), (19, 12), (20, 10), (19, 11), (18, 12), (20, 9), (17, 12), (16, 12), (15, 12), (14, 12), (14, 11), (13, 12), (14, 10), (12, 12), (12, 11), (12, 10), (11, 10), (10, 10), (34, 12), (4, 8), (21, 9)]",28,28,56
95,"(15, 10)","(14, 10)",East,"[(16, 10) via East]","[(15, 10):56, (12, 13):56, (10, 11):56, (34, 11):56, (4, 9):58, (22, 9):58, (17, 14):58]","[(12, 13):56, (10, 11):56, (34, 11):56, (4, 9):58, (22, 9):58, (17, 14):58, (16, 10):58]","[(34, 16), (34, 15), (33, 16), (34, 14), (32, 16), (33, 14), (31, 16), (32, 14), (30, 16), (31, 14), (29, 16), (30, 14), (28, 16), (30, 13), (27, 16), (30, 12), (26, 16), (25, 16), (25, 15), (24, 16), (25, 14), (23, 16), (22, 16), (21, 16), (20, 16), (19, 16), (18, 16), (17, 16), (16, 16), (15, 16), (14, 16), (13, 16), (12, 16), (11, 16), (10, 16), (9, 16), (8, 16), (7, 16), (6, 16), (5, 16), (4, 16), (3, 16), (2, 16), (1, 16), (1, 15), (1, 14), (1, 13), (1, 12), (1, 11), (1, 10), (1, 9), (1, 8), (1, 7), (31, 12), (26, 14), (2, 7), (32, 12), (27, 14), (3, 7), (27, 13), (27, 12), (27, 11), (26, 11), (25, 11), (24, 11), (33, 12), (4, 7), (24, 12), (23, 12), (22, 12), (21, 12), (20, 12), (20, 11), (19, 12), (20, 10), (19, 11), (18, 12), (20, 9), (17, 12), (16, 12), (15, 12), (14, 12), (14, 11), (13, 12), (14, 10), (12, 12), (12, 11), (12, 10), (11, 10), (10, 10), (34, 12), (4, 8), (21, 9), (17, 13)]",33,23,56
96,"(12, 13)","(12, 12)",North,"[(12, 14) via North]","[(12, 13):56, (10, 11):56, (34, 11):56, (4, 9):58, (22, 9):58, (17, 14):58, (16, 10):58]","[(10, 11):56, (34, 11):56, (4, 9):58, (22, 9):58, (17, 14):58, (16, 10):58, (12, 14):58]","[(34, 16), (34, 15), (33, 16), (34, 14), (32, 16), (33, 14), (31, 16), (32, 14), (30, 16), (31, 14), (29, 16), (30, 14), (28, 16), (30, 13), (27, 16), (30, 12), (26, 16), (25, 16), (25, 15), (24, 16), (25, 14), (23, 16), (22, 16), (21, 16), (20, 16), (19, 16), (18, 16), (17, 16), (16, 16), (15, 16), (14, 16), (13, 16), (12, 16), (11, 16), (10, 16), (9, 16), (8, 16), (7, 16), (6, 16), (5, 16), (4, 16), (3, 16), (2, 16), (1, 16), (1, 15), (1, 14), (1, 13), (1, 12), (1, 11), (1, 10), (1, 9), (1, 8), (1, 7), (31, 12), (26, 14), (2, 7), (32, 12), (27, 14), (3, 7), (27, 13), (27, 12), (27, 11), (26, 11), (25, 11), (24, 11), (33, 12), (4, 7), (24, 12), (23, 12), (22, 12), (21, 12), (20, 12), (20, 11), (19, 12), (20, 10), (19, 11), (18, 12), (20, 9), (17, 12), (16, 12), (15, 12), (14, 12), (14, 11), (13, 12), (14, 10), (12, 12), (12, 11), (12, 10), (11, 10), (10, 10), (34, 12), (4, 8), (21, 9), (17, 13), (15, 10)]",33,23,56
97,"(10, 11)","(10, 10)",North,"[(10, 12) via North]","[(10, 11):56, (34, 11):56, (4, 9):58, (22, 9):58, (17, 14):58, (16, 10):58, (12, 14):58]","[(34, 11):56, (4, 9):58, (22, 9):58, (17, 14):58, (16, 10):58, (12, 14):58, (10, 12):58]","[(34, 16), (34, 15), (33, 16), (34, 14), (32, 16), (33, 14), (31, 16), (32, 14), (30, 16), (31, 14), (29, 16), (30, 14), (28, 16), (30, 13), (27, 16), (30, 12), (26, 16), (25, 16), (25, 15), (24, 16), (25, 14), (23, 16), (22, 16), (21, 16), (20, 16), (19, 16), (18, 16), (17, 16), (16, 16), (15, 16), (14, 16), (13, 16), (12, 16), (11, 16), (10, 16), (9, 16), (8, 16), (7, 16), (6, 16), (5, 16), (4, 16), (3, 16), (2, 16), (1, 16), (1, 15), (1, 14), (1, 13), (1, 12), (1, 11), (1, 10), (1, 9), (1, 8), (1, 7), (31, 12), (26, 14), (2, 7), (32, 12), (27, 14), (3, 7), (27, 13), (27, 12), (27, 11), (26, 11), (25, 11), (24, 11), (33, 12), (4, 7), (24, 12), (23, 12), (22, 12), (21, 12), (20, 12), (20, 11), (19, 12), (20, 10), (19, 11), (18, 12), (20, 9), (17, 12), (16, 12), (15, 12), (14, 12), (14, 11), (13, 12), (14, 10), (12, 12), (12, 11), (12, 10), (11, 10), (10, 10), (34, 12), (4, 8), (21, 9), (17, 13), (15, 10), (12, 13)]",37,19,56
98,"(34, 11)","(34, 12)",South,"[(34, 10) via South]","[(34, 11):56, (4, 9):58, (22, 9):58, (17, 14):58, (16, 10):58, (12, 14):58, (10, 12):58]","[(34, 10):56, (4, 9):58, (22, 9):58, (17, 14):58, (16, 10):58, (12, 14):58, (10, 12):58]","[(34, 16), (34, 15), (33, 16), (34, 14), (32, 16), (33, 14), (31, 16), (32, 14), (30, 16), (31, 14), (29, 16), (30, 14), (28, 16), (30, 13), (27, 16), (30, 12), (26, 16), (25, 16), (25, 15), (24, 16), (25, 14), (23, 16), (22, 16), (21, 16), (20, 16), (19, 16), (18, 16), (17, 16), (16, 16), (15, 16), (14, 16), (13, 16), (12, 16), (11, 16), (10, 16), (9, 16), (8, 16), (7, 16), (6, 16), (5, 16), (4, 16), (3, 16), (2, 16), (1, 16), (1, 15), (1, 14), (1, 13), (1, 12), (1, 11), (1, 10), (1, 9), (1, 8), (1, 7), (31, 12), (26, 14), (2, 7), (32, 12), (27, 14), (3, 7), (27, 13), (27, 12), (27, 11), (26, 11), (25, 11), (24, 11), (33, 12), (4, 7), (24, 12), (23, 12), (22, 12), (21, 12), (20, 12), (20, 11), (19, 12), (20, 10), (19, 11), (18, 12), (20, 9), (17, 12), (16, 12), (15, 12), (14, 12), (14, 11), (13, 12), (14, 10), (12, 12), (12, 11), (12, 10), (11, 10), (10, 10), (34, 12), (4, 8), (21, 9), (17, 13), (15, 10), (12, 13), (10, 11)]",13,43,56
99,"(34, 10)","(34, 11)",South,"[(33, 10) via West]","[(34, 10):56, (4, 9):58, (22, 9):58, (17, 14):58, (16, 10):58, (12, 14):58, (10, 12):58]","[(33, 10):56, (4, 9):58, (22, 9):58, (17, 14):58, (16, 10):58, (12, 14):58, (10, 12):58]","[(34, 16), (34, 15), (33, 16), (34, 14), (32, 16), (33, 14), (31, 16), (32, 14), (30, 16), (31, 14), (29, 16), (30, 14), (28, 16), (30, 13), (27, 16), (30, 12), (26, 16), (25, 16), (25, 15), (24, 16), (25, 14), (23, 16), (22, 16), (21, 16), (20, 16), (19, 16), (18, 16), (17, 16), (16, 16), (15, 16), (14, 16), (13, 16), (12, 16), (11, 16), (10, 16), (9, 16), (8, 16), (7, 16), (6, 16), (5, 16), (4, 16), (3, 16), (2, 16), (1, 16), (1, 15), (1, 14), (1, 13), (1, 12), (1, 11), (1, 10), (1, 9), (1, 8), (1, 7), (31, 12), (26, 14), (2, 7), (32, 12), (27, 14), (3, 7), (27, 13), (27, 12), (27, 11), (26, 11), (25, 11), (24, 11), (33, 12), (4, 7), (24, 12), (23, 12), (22, 12), (21, 12), (20, 12), (20, 11), (19, 12), (20, 10), (19, 11), (18, 12), (20, 9), (17, 12), (16, 12), (15, 12), (14, 12), (14, 11), (13, 12), (14, 10), (12, 12), (12, 11), (12, 10), (11, 10), (10, 10), (34, 12), (4, 8), (21, 9), (17, 13), (15, 10), (12, 13), (10, 11), (34, 11)]",14,42,56
100,"(33, 10)","(34, 10)",West,"[(32, 10) via West]","[(33, 10):56, (4, 9):58, (22, 9):58, (17, 14):58, (16, 10):58, (12, 14):58, (10, 12):58]","[(32, 10):56, (4, 9):58, (22, 9):58, (17, 14):58, (16, 10):58, (12, 14):58, (10, 12):58]","[(34, 16), (34, 15), (33, 16), (34, 14), (32, 16), (33, 14), (31, 16), (32, 14), (30, 16), (31, 14), (29, 16), (30, 14), (28, 16), (30, 13), (27, 16), (30, 12), (26, 16), (25, 16), (25, 15), (24, 16), (25, 14), (23, 16), (22, 16), (21, 16), (20, 16), (19, 16), (18, 16), (17, 16), (16, 16), (15, 16), (14, 16), (13, 16), (12, 16), (11, 16), (10, 16), (9, 16), (8, 16), (7, 16), (6, 16), (5, 16), (4, 16), (3, 16), (2, 16), (1, 16), (1, 15), (1, 14), (1, 13), (1, 12), (1, 11), (1, 10), (1, 9), (1, 8), (1, 7), (31, 12), (26, 14), (2, 7), (32, 12), (27, 14), (3, 7), (27, 13), (27, 12), (27, 11), (26, 11), (25, 11), (24, 11), (33, 12), (4, 7), (24, 12), (23, 12), (22, 12), (21, 12), (20, 12), (20, 11), (19, 12), (20, 10), (19, 11), (18, 12), (20, 9), (17, 12), (16, 12), (15, 12), (14, 12), (14, 11), (13, 12), (14, 10), (12, 12), (12, 11), (12, 10), (11, 10), (10, 10), (34, 12), (4, 8), (21, 9), (17, 13), (15, 10), (12, 13), (10, 11), (34, 11), (34, 10)]",15,41,56
101,"(32, 10)","(33, 10)",West,"[(31, 10) via West]","[(32, 10):56, (4, 9):58, (22, 9):58, (17, 14):58, (16, 10):58, (12, 14):58, (10, 12):58]","[(31, 10):56, (4, 9):58, (22, 9):58, (17, 14):58, (16, 10):58, (12, 14):58, (10, 12):58]","[(34, 16), (34, 15), (33, 16), (34, 14), (32, 16), (33, 14), (31, 16), (32, 14), (30, 16), (31, 14), (29, 16), (30, 14), (28, 16), (30, 13), (27, 16), (30, 12), (26, 16), (25, 16), (25, 15), (24, 16), (25, 14), (23, 16), (22, 16), (21, 16), (20, 16), (19, 16), (18, 16), (17, 16), (16, 16), (15, 16), (14, 16), (13, 16), (12, 16), (11, 16), (10, 16), (9, 16), (8, 16), (7, 16), (6, 16), (5, 16), (4, 16), (3, 16), (2, 16), (1, 16), (1, 15), (1, 14), (1, 13), (1, 12), (1, 11), (1, 10), (1, 9), (1, 8), (1, 7), (31, 12), (26, 14), (2, 7), (32, 12), (27, 14), (3, 7), (27, 13), (27, 12), (27, 11), (26, 11), (25, 11), (24, 11), (33, 12), (4, 7), (24, 12), (23, 12), (22, 12), (21, 12), (20, 12), (20, 11), (19, 12), (20, 10), (19, 11), (18, 12), (20, 9), (17, 12), (16, 12), (15, 12), (14, 12), (14, 11), (13, 12), (14, 10), (12, 12), (12, 11), (12, 10), (11, 10), (10, 10), (34, 12), (4, 8), (21, 9), (17, 13), (15, 10), (12, 13), (10, 11), (34, 11), (34, 10), (33, 10)]",16,40,56
102,"(31, 10)","(32, 10)",West,"[(30, 10) via West]","[(31, 10):56, (4, 9):58, (22, 9):58, (17, 14):58, (16, 10):58, (12, 14):58, (10, 12):58]","[(30, 10):56, (4, 9):58, (22, 9):58, (17, 14):58, (16, 10):58, (12, 14):58, (10, 12):58]","[(34, 16), (34, 15), (33, 16), (34, 14), (32, 16), (33, 14), (31, 16), (32, 14), (30, 16), (31, 14), (29, 16), (30, 14), (28, 16), (30, 13), (27, 16), (30, 12), (26, 16), (25, 16), (25, 15), (24, 16), (25, 14), (23, 16), (22, 16), (21, 16), (20, 16), (19, 16), (18, 16), (17, 16), (16, 16), (15, 16), (14, 16), (13, 16), (12, 16), (11, 16), (10, 16), (9, 16), (8, 16), (7, 16), (6, 16), (5, 16), (4, 16), (3, 16), (2, 16), (1, 16), (1, 15), (1, 14), (1, 13), (1, 12), (1, 11), (1, 10), (1, 9), (1, 8), (1, 7), (31, 12), (26, 14), (2, 7), (32, 12), (27, 14), (3, 7), (27, 13), (27, 12), (27, 11), (26, 11), (25, 11), (24, 11), (33, 12), (4, 7), (24, 12), (23, 12), (22, 12), (21, 12), (20, 12), (20, 11), (19, 12), (20, 10), (19, 11), (18, 12), (20, 9), (17, 12), (16, 12), (15, 12), (14, 12), (14, 11), (13, 12), (14, 10), (12, 12), (12, 11), (12, 10), (11, 10), (10, 10), (34, 12), (4, 8), (21, 9), (17, 13), (15, 10), (12, 13), (10, 11), (34, 11), (34, 10), (33, 10), (32, 10)]",17,39,56
103,"(30, 10)","(31, 10)",West,"[(30, 9) via South, (29, 10) via West]","[(30, 10):56, (4, 9):58, (22, 9):58, (17, 14):58, (16, 10):58, (12, 14):58, (10, 12):58]","[(30, 9):56, (29, 10):56, (4, 9):58, (22, 9):58, (17, 14):58, (16, 10):58, (12, 14):58, (10, 12):58]","[(34, 16), (34, 15), (33, 16), (34, 14), (32, 16), (33, 14), (31, 16), (32, 14), (30, 16), (31, 14), (29, 16), (30, 14), (28, 16), (30, 13), (27, 16), (30, 12), (26, 16), (25, 16), (25, 15), (24, 16), (25, 14), (23, 16), (22, 16), (21, 16), (20, 16), (19, 16), (18, 16), (17, 16), (16, 16), (15, 16), (14, 16), (13, 16), (12, 16), (11, 16), (10, 16), (9, 16), (8, 16), (7, 16), (6, 16), (5, 16), (4, 16), (3, 16), (2, 16), (1, 16), (1, 15), (1, 14), (1, 13), (1, 12), (1, 11), (1, 10), (1, 9), (1, 8), (1, 7), (31, 12), (26, 14), (2, 7), (32, 12), (27, 14), (3, 7), (27, 13), (27, 12), (27, 11), (26, 11), (25, 11), (24, 11), (33, 12), (4, 7), (24, 12), (23, 12), (22, 12), (21, 12), (20, 12), (20, 11), (19, 12), (20, 10), (19, 11), (18, 12), (20, 9), (17, 12), (16, 12), (15, 12), (14, 12), (14, 11), (13, 12), (14, 10), (12, 12), (12, 11), (12, 10), (11, 10), (10, 10), (34, 12), (4, 8), (21, 9), (17, 13), (15, 10), (12, 13), (10, 11), (34, 11), (34, 10), (33, 10), (32, 10), (31, 10)]",18,38,56
104,"(30, 9)","(30, 10)",South,"[(30, 8) via South]","[(30, 9):56, (29, 10):56, (4, 9):58, (22, 9):58, (17, 14):58, (16, 10):58, (12, 14):58, (10, 12):58]","[(29, 10):56, (30, 8):56, (4, 9):58, (22, 9):58, (17, 14):58, (16, 10):58, (12, 14):58, (10, 12):58]","[(34, 16), (34, 15), (33, 16), (34, 14), (32, 16), (33, 14), (31, 16), (32, 14), (30, 16), (31, 14), (29, 16), (30, 14), (28, 16), (30, 13), (27, 16), (30, 12), (26, 16), (25, 16), (25, 15), (24, 16), (25, 14), (23, 16), (22, 16), (21, 16), (20, 16), (19, 16), (18, 16), (17, 16), (16, 16), (15, 16), (14, 16), (13, 16), (12, 16), (11, 16), (10, 16), (9, 16), (8, 16), (7, 16), (6, 16), (5, 16), (4, 16), (3, 16), (2, 16), (1, 16), (1, 15), (1, 14), (1, 13), (1, 12), (1, 11), (1, 10), (1, 9), (1, 8), (1, 7), (31, 12), (26, 14), (2, 7), (32, 12), (27, 14), (3, 7), (27, 13), (27, 12), (27, 11), (26, 11), (25, 11), (24, 11), (33, 12), (4, 7), (24, 12), (23, 12), (22, 12), (21, 12), (20, 12), (20, 11), (19, 12), (20, 10), (19, 11), (18, 12), (20, 9), (17, 12), (16, 12), (15, 12), (14, 12), (14, 11), (13, 12), (14, 10), (12, 12), (12, 11), (12, 10), (11, 10), (10, 10), (34, 12), (4, 8), (21, 9), (17, 13), (15, 10), (12, 13), (10, 11), (34, 11), (34, 10), (33, 10), (32, 10), (31, 10), (30, 10)]",19,37,56
105,"(29, 10)","(30, 10)",West,[],"[(29, 10):56, (30, 8):56, (4, 9):58, (22, 9):58, (17, 14):58, (16, 10):58, (12, 14):58, (10, 12):58]","[(30, 8):56, (4, 9):58, (22, 9):58, (17, 14):58, (16, 10):58, (12, 14):58, (10, 12):58]","[(34, 16), (34, 15), (33, 16), (34, 14), (32, 16), (33, 14), (31, 16), (32, 14), (30, 16), (31, 14), (29, 16), (30, 14), (28, 16), (30, 13), (27, 16), (30, 12), (26, 16), (25, 16), (25, 15), (24, 16), (25, 14), (23, 16), (22, 16), (21, 16), (20, 16), (19, 16), (18, 16), (17, 16), (16, 16), (15, 16), (14, 16), (13, 16), (12, 16), (11, 16), (10, 16), (9, 16), (8, 16), (7, 16), (6, 16), (5, 16), (4, 16), (3, 16), (2, 16), (1, 16), (1, 15), (1, 14), (1, 13), (1, 12), (1, 11), (1, 10), (1, 9), (1, 8), (1, 7), (31, 12), (26, 14), (2, 7), (32, 12), (27, 14), (3, 7), (27, 13), (27, 12), (27, 11), (26, 11), (25, 11), (24, 11), (33, 12), (4, 7), (24, 12), (23, 12), (22, 12), (21, 12), (20, 12), (20, 11), (19, 12), (20, 10), (19, 11), (18, 12), (20, 9), (17, 12), (16, 12), (15, 12), (14, 12), (14, 11), (13, 12), (14, 10), (12, 12), (12, 11), (12, 10), (11, 10), (10, 10), (34, 12), (4, 8), (21, 9), (17, 13), (15, 10), (12, 13), (10, 11), (34, 11), (34, 10), (33, 10), (32, 10), (31, 10), (30, 10), (30, 9)]",19,37,56
106,"(30, 8)","(30, 9)",South,"[(31, 8) via East]","[(30, 8):56, (4, 9):58, (22, 9):58, (17, 14):58, (16, 10):58, (12, 14):58, (10, 12):58]","[(4, 9):58, (22, 9):58, (17, 14):58, (16, 10):58, (12, 14):58, (10, 12):58, (31, 8):58]","[(34, 16), (34, 15), (33, 16), (34, 14), (32, 16), (33, 14), (31, 16), (32, 14), (30, 16), (31, 14), (29, 16), (30, 14), (28, 16), (30, 13), (27, 16), (30, 12), (26, 16), (25, 16), (25, 15), (24, 16), (25, 14), (23, 16), (22, 16), (21, 16), (20, 16), (19, 16), (18, 16), (17, 16), (16, 16), (15, 16), (14, 16), (13, 16), (12, 16), (11, 16), (10, 16), (9, 16), (8, 16), (7, 16), (6, 16), (5, 16), (4, 16), (3, 16), (2, 16), (1, 16), (1, 15), (1, 14), (1, 13), (1, 12), (1, 11), (1, 10), (1, 9), (1, 8), (1, 7), (31, 12), (26, 14), (2, 7), (32, 12), (27, 14), (3, 7), (27, 13), (27, 12), (27, 11), (26, 11), (25, 11), (24, 11), (33, 12), (4, 7), (24, 12), (23, 12), (22, 12), (21, 12), (20, 12), (20, 11), (19, 12), (20, 10), (19, 11), (18, 12), (20, 9), (17, 12), (16, 12), (15, 12), (14, 12), (14, 11), (13, 12), (14, 10), (12, 12), (12, 11), (12, 10), (11, 10), (10, 10), (34, 12), (4, 8), (21, 9), (17, 13), (15, 10), (12, 13), (10, 11), (34, 11), (34, 10), (33, 10), (32, 10), (31, 10), (30, 10), (30, 9), (29, 10)]",20,36,56
107,"(4, 9)","(4, 8)",North,"[(4, 10) via North]","[(4, 9):58, (22, 9):58, (17, 14):58, (16, 10):58, (12, 14):58, (10, 12):58, (31, 8):58]","[(22, 9):58, (17, 14):58, (16, 10):58, (12, 14):58, (10, 12):58, (31, 8):58, (4, 10):60]","[(34, 16), (34, 15), (33, 16), (34, 14), (32, 16), (33, 14), (31, 16), (32, 14), (30, 16), (31, 14), (29, 16), (30, 14), (28, 16), (30, 13), (27, 16), (30, 12), (26, 16), (25, 16), (25, 15), (24, 16), (25, 14), (23, 16), (22, 16), (21, 16), (20, 16), (19, 16), (18, 16), (17, 16), (16, 16), (15, 16), (14, 16), (13, 16), (12, 16), (11, 16), (10, 16), (9, 16), (8, 16), (7, 16), (6, 16), (5, 16), (4, 16), (3, 16), (2, 16), (1, 16), (1, 15), (1, 14), (1, 13), (1, 12), (1, 11), (1, 10), (1, 9), (1, 8), (1, 7), (31, 12), (26, 14), (2, 7), (32, 12), (27, 14), (3, 7), (27, 13), (27, 12), (27, 11), (26, 11), (25, 11), (24, 11), (33, 12), (4, 7), (24, 12), (23, 12), (22, 12), (21, 12), (20, 12), (20, 11), (19, 12), (20, 10), (19, 11), (18, 12), (20, 9), (17, 12), (16, 12), (15, 12), (14, 12), (14, 11), (13, 12), (14, 10), (12, 12), (12, 11), (12, 10), (11, 10), (10, 10), (34, 12), (4, 8), (21, 9), (17, 13), (15, 10), (12, 13), (10, 11), (34, 11), (34, 10), (33, 10), (32, 10), (31, 10), (30, 10), (30, 9), (29, 10), (30, 8)]",47,11,58
108,"(22, 9)","(21, 9)",East,"[(23, 9) via East]","[(22, 9):58, (17, 14):58, (16, 10):58, (12, 14):58, (10, 12):58, (31, 8):58, (4, 10):60]","[(17, 14):58, (16, 10):58, (12, 14):58, (10, 12):58, (31, 8):58, (4, 10):60, (23, 9):60]","[(34, 16), (34, 15), (33, 16), (34, 14), (32, 16), (33, 14), (31, 16), (32, 14), (30, 16), (31, 14), (29, 16), (30, 14), (28, 16), (30, 13), (27, 16), (30, 12), (26, 16), (25, 16), (25, 15), (24, 16), (25, 14), (23, 16), (22, 16), (21, 16), (20, 16), (19, 16), (18, 16), (17, 16), (16, 16), (15, 16), (14, 16), (13, 16), (12, 16), (11, 16), (10, 16), (9, 16), (8, 16), (7, 16), (6, 16), (5, 16), (4, 16), (3, 16), (2, 16), (1, 16), (1, 15), (1, 14), (1, 13), (1, 12), (1, 11), (1, 10), (1, 9), (1, 8), (1, 7), (31, 12), (26, 14), (2, 7), (32, 12), (27, 14), (3, 7), (27, 13), (27, 12), (27, 11), (26, 11), (25, 11), (24, 11), (33, 12), (4, 7), (24, 12), (23, 12), (22, 12), (21, 12), (20, 12), (20, 11), (19, 12), (20, 10), (19, 11), (18, 12), (20, 9), (17, 12), (16, 12), (15, 12), (14, 12), (14, 11), (13, 12), (14, 10), (12, 12), (12, 11), (12, 10), (11, 10), (10, 10), (34, 12), (4, 8), (21, 9), (17, 13), (15, 10), (12, 13), (10, 11), (34, 11), (34, 10), (33, 10), (32, 10), (31, 10), (30, 10), (30, 9), (29, 10), (30, 8), (4, 9)]",29,29,58
109,"(17, 14)","(17, 13)",North,"[(16, 14) via West]","[(17, 14):58, (16, 10):58, (12, 14):58, (10, 12):58, (31, 8):58, (4, 10):60, (23, 9):60]","[(16, 10):58, (12, 14):58, (10, 12):58, (31, 8):58, (16, 14):58, (4, 10):60, (23, 9):60]","[(34, 16), (34, 15), (33, 16), (34, 14), (32, 16), (33, 14), (31, 16), (32, 14), (30, 16), (31, 14), (29, 16), (30, 14), (28, 16), (30, 13), (27, 16), (30, 12), (26, 16), (25, 16), (25, 15), (24, 16), (25, 14), (23, 16), (22, 16), (21, 16), (20, 16), (19, 16), (18, 16), (17, 16), (16, 16), (15, 16), (14, 16), (13, 16), (12, 16), (11, 16), (10, 16), (9, 16), (8, 16), (7, 16), (6, 16), (5, 16), (4, 16), (3, 16), (2, 16), (1, 16), (1, 15), (1, 14), (1, 13), (1, 12), (1, 11), (1, 10), (1, 9), (1, 8), (1, 7), (31, 12), (26, 14), (2, 7), (32, 12), (27, 14), (3, 7), (27, 13), (27, 12), (27, 11), (26, 11), (25, 11), (24, 11), (33, 12), (4, 7), (24, 12), (23, 12), (22, 12), (21, 12), (20, 12), (20, 11), (19, 12), (20, 10), (19, 11), (18, 12), (20, 9), (17, 12), (16, 12), (15, 12), (14, 12), (14, 11), (13, 12), (14, 10), (12, 12), (12, 11), (12, 10), (11, 10), (10, 10), (34, 12), (4, 8), (21, 9), (17, 13), (15, 10), (12, 13), (10, 11), (34, 11), (34, 10), (33, 10), (32, 10), (31, 10), (30, 10), (30, 9), (29, 10), (30, 8), (4, 9), (22, 9)]",29,29,58
110,"(16, 10)","(15, 10)",East,"[(17, 10) via East]","[(16, 10):58, (12, 14):58, (10, 12):58, (31, 8):58, (16, 14):58, (4, 10):60, (23, 9):60]","[(12, 14):58, (10, 12):58, (31, 8):58, (16, 14):58, (4, 10):60, (23, 9):60, (17, 10):60]","[(34, 16), (34, 15), (33, 16), (34, 14), (32, 16), (33, 14), (31, 16), (32, 14), (30, 16), (31, 14), (29, 16), (30, 14), (28, 16), (30, 13), (27, 16), (30, 12), (26, 16), (25, 16), (25, 15), (24, 16), (25, 14), (23, 16), (22, 16), (21, 16), (20, 16), (19, 16), (18, 16), (17, 16), (16, 16), (15, 16), (14, 16), (13, 16), (12, 16), (11, 16), (10, 16), (9, 16), (8, 16), (7, 16), (6, 16), (5, 16), (4, 16), (3, 16), (2, 16), (1, 16), (1, 15), (1, 14), (1, 13), (1, 12), (1, 11), (1, 10), (1, 9), (1, 8), (1, 7), (31, 12), (26, 14), (2, 7), (32, 12), (27, 14), (3, 7), (27, 13), (27, 12), (27, 11), (26, 11), (25, 11), (24, 11), (33, 12), (4, 7), (24, 12), (23, 12), (22, 12), (21, 12), (20, 12), (20, 11), (19, 12), (20, 10), (19, 11), (18, 12), (20, 9), (17, 12), (16, 12), (15, 12), (14, 12), (14, 11), (13, 12), (14, 10), (12, 12), (12, 11), (12, 10), (11, 10), (10, 10), (34, 12), (4, 8), (21, 9), (17, 13), (15, 10), (12, 13), (10, 11), (34, 11), (34, 10), (33, 10), (32, 10), (31, 10), (30, 10), (30, 9), (29, 10), (30, 8), (4, 9), (22, 9), (17, 14)]",34,24,58
111,"(12, 14)","(12, 13)",North,"[(13, 14) via East]","[(12, 14):58, (10, 12):58, (31, 8):58, (16, 14):58, (4, 10):60, (23, 9):60, (17, 10):60]","[(10, 12):58, (31, 8):58, (16, 14):58, (4, 10):60, (23, 9):60, (17, 10):60, (13, 14):60]","[(34, 16), (34, 15), (33, 16), (34, 14), (32, 16), (33, 14), (31, 16), (32, 14), (30, 16), (31, 14), (29, 16), (30, 14), (28, 16), (30, 13), (27, 16), (30, 12), (26, 16), (25, 16), (25, 15), (24, 16), (25, 14), (23, 16), (22, 16), (21, 16), (20, 16), (19, 16), (18, 16), (17, 16), (16, 16), (15, 16), (14, 16), (13, 16), (12, 16), (11, 16), (10, 16), (9, 16), (8, 16), (7, 16), (6, 16), (5, 16), (4, 16), (3, 16), (2, 16), (1, 16), (1, 15), (1, 14), (1, 13), (1, 12), (1, 11), (1, 10), (1, 9), (1, 8), (1, 7), (31, 12), (26, 14), (2, 7), (32, 12), (27, 14), (3, 7), (27, 13), (27, 12), (27, 11), (26, 11), (25, 11), (24, 11), (33, 12), (4, 7), (24, 12), (23, 12), (22, 12), (21, 12), (20, 12), (20, 11), (19, 12), (20, 10), (19, 11), (18, 12), (20, 9), (17, 12), (16, 12), (15, 12), (14, 12), (14, 11), (13, 12), (14, 10), (12, 12), (12, 11), (12, 10), (11, 10), (10, 10), (34, 12), (4, 8), (21, 9), (17, 13), (15, 10), (12, 13), (10, 11), (34, 11), (34, 10), (33, 10), (32, 10), (31, 10), (30, 10), (30, 9), (29, 10), (30, 8), (4, 9), (22, 9), (17, 14), (16, 10)]",34,24,58
112,"(10, 12)","(10, 11)",North,"[(10, 13) via North]","[(10, 12):58, (31, 8):58, (16, 14):58, (4, 10):60, (23, 9):60, (17, 10):60, (13, 14):60]","[(31, 8):58, (16, 14):58, (4, 10):60, (23, 9):60, (17, 10):60, (13, 14):60, (10, 13):60]","[(34, 16), (34, 15), (33, 16), (34, 14), (32, 16), (33, 14), (31, 16), (32, 14), (30, 16), (31, 14), (29, 16), (30, 14), (28, 16), (30, 13), (27, 16), (30, 12), (26, 16), (25, 16), (25, 15), (24, 16), (25, 14), (23, 16), (22, 16), (21, 16), (20, 16), (19, 16), (18, 16), (17, 16), (16, 16), (15, 16), (14, 16), (13, 16), (12, 16), (11, 16), (10, 16), (9, 16), (8, 16), (7, 16), (6, 16), (5, 16), (4, 16), (3, 16), (2, 16), (1, 16), (1, 15), (1, 14), (1, 13), (1, 12), (1, 11), (1, 10), (1, 9), (1, 8), (1, 7), (31, 12), (26, 14), (2, 7), (32, 12), (27, 14), (3, 7), (27, 13), (27, 12), (27, 11), (26, 11), (25, 11), (24, 11), (33, 12), (4, 7), (24, 12), (23, 12), (22, 12), (21, 12), (20, 12), (20, 11), (19, 12), (20, 10), (19, 11), (18, 12), (20, 9), (17, 12), (16, 12), (15, 12), (14, 12), (14, 11), (13, 12), (14, 10), (12, 12), (12, 11), (12, 10), (11, 10), (10, 10), (34, 12), (4, 8), (21, 9), (17, 13), (15, 10), (12, 13), (10, 11), (34, 11), (34, 10), (33, 10), (32, 10), (31, 10), (30, 10), (30, 9), (29, 10), (30, 8), (4, 9), (22, 9), (17, 14), (16, 10), (12, 14)]",38,20,58
113,"(31, 8)","(30, 8)",East,"[(32, 8) via East]","[(31, 8):58, (16, 14):58, (4, 10):60, (23, 9):60, (17, 10):60, (13, 14):60, (10, 13):60]","[(16, 14):58, (4, 10):60, (23, 9):60, (17, 10):60, (13, 14):60, (10, 13):60, (32, 8):60]","[(34, 16), (34, 15), (33, 16), (34, 14), (32, 16), (33, 14), (31, 16), (32, 14), (30, 16), (31, 14), (29, 16), (30, 14), (28, 16), (30, 13), (27, 16), (30, 12), (26, 16), (25, 16), (25, 15), (24, 16), (25, 14), (23, 16), (22, 16), (21, 16), (20, 16), (19, 16), (18, 16), (17, 16), (16, 16), (15, 16), (14, 16), (13, 16), (12, 16), (11, 16), (10, 16), (9, 16), (8, 16), (7, 16), (6, 16), (5, 16), (4, 16), (3, 16), (2, 16), (1, 16), (1, 15), (1, 14), (1, 13), (1, 12), (1, 11), (1, 10), (1, 9), (1, 8), (1, 7), (31, 12), (26, 14), (2, 7), (32, 12), (27, 14), (3, 7), (27, 13), (27, 12), (27, 11), (26, 11), (25, 11), (24, 11), (33, 12), (4, 7), (24, 12), (23, 12), (22, 12), (21, 12), (20, 12), (20, 11), (19, 12), (20, 10), (19, 11), (18, 12), (20, 9), (17, 12), (16, 12), (15, 12), (14, 12), (14, 11), (13, 12), (14, 10), (12, 12), (12, 11), (12, 10), (11, 10), (10, 10), (34, 12), (4, 8), (21, 9), (17, 13), (15, 10), (12, 13), (10, 11), (34, 11), (34, 10), (33, 10), (32, 10), (31, 10), (30, 10), (30, 9), (29, 10), (30, 8), (4, 9), (22, 9), (17, 14), (16, 10), (12, 14), (10, 12)]",21,37,58
114,"(16, 14)","(17, 14)",West,"[(15, 14) via West]","[(16, 14):58, (4, 10):60, (23, 9):60, (17, 10):60, (13, 14):60, (10, 13):60, (32, 8):60]","[(15, 14):58, (4, 10):60, (23, 9):60, (17, 10):60, (13, 14):60, (10, 13):60, (32, 8):60]","[(34, 16), (34, 15), (33, 16), (34, 14), (32, 16), (33, 14), (31, 16), (32, 14), (30, 16), (31, 14), (29, 16), (30, 14), (28, 16), (30, 13), (27, 16), (30, 12), (26, 16), (25, 16), (25, 15), (24, 16), (25, 14), (23, 16), (22, 16), (21, 16), (20, 16), (19, 16), (18, 16), (17, 16), (16, 16), (15, 16), (14, 16), (13, 16), (12, 16), (11, 16), (10, 16), (9, 16), (8, 16), (7, 16), (6, 16), (5, 16), (4, 16), (3, 16), (2, 16), (1, 16), (1, 15), (1, 14), (1, 13), (1, 12), (1, 11), (1, 10), (1, 9), (1, 8), (1, 7), (31, 12), (26, 14), (2, 7), (32, 12), (27, 14), (3, 7), (27, 13), (27, 12), (27, 11), (26, 11), (25, 11), (24, 11), (33, 12), (4, 7), (24, 12), (23, 12), (22, 12), (21, 12), (20, 12), (20, 11), (19, 12), (20, 10), (19, 11), (18, 12), (20, 9), (17, 12), (16, 12), (15, 12), (14, 12), (14, 11), (13, 12), (14, 10), (12, 12), (12, 11), (12, 10), (11, 10), (10, 10), (34, 12), (4, 8), (21, 9), (17, 13), (15, 10), (12, 13), (10, 11), (34, 11), (34, 10), (33, 10), (32, 10), (31, 10), (30, 10), (30, 9), (29, 10), (30, 8), (4, 9), (22, 9), (17, 14), (16, 10), (12, 14), (10, 12), (31, 8)]",30,28,58
115,"(15, 14)","(16, 14)",West,"[(14, 14) via West]","[(15, 14):58, (4, 10):60, (23, 9):60, (17, 10):60, (13, 14):60, (10, 13):60, (32, 8):60]","[(14, 14):58, (4, 10):60, (23, 9):60, (17, 10):60, (13, 14):60, (10, 13):60, (32, 8):60]","[(34, 16), (34, 15), (33, 16), (34, 14), (32, 16), (33, 14), (31, 16), (32, 14), (30, 16), (31, 14), (29, 16), (30, 14), (28, 16), (30, 13), (27, 16), (30, 12), (26, 16), (25, 16), (25, 15), (24, 16), (25, 14), (23, 16), (22, 16), (21, 16), (20, 16), (19, 16), (18, 16), (17, 16), (16, 16), (15, 16), (14, 16), (13, 16), (12, 16), (11, 16), (10, 16), (9, 16), (8, 16), (7, 16), (6, 16), (5, 16), (4, 16), (3, 16), (2, 16), (1, 16), (1, 15), (1, 14), (1, 13), (1, 12), (1, 11), (1, 10), (1, 9), (1, 8), (1, 7), (31, 12), (26, 14), (2, 7), (32, 12), (27, 14), (3, 7), (27, 13), (27, 12), (27, 11), (26, 11), (25, 11), (24, 11), (33, 12), (4, 7), (24, 12), (23, 12), (22, 12), (21, 12), (20, 12), (20, 11), (19, 12), (20, 10), (19, 11), (18, 12), (20, 9), (17, 12), (16, 12), (15, 12), (14, 12), (14, 11), (13, 12), (14, 10), (12, 12), (12, 11), (12, 10), (11, 10), (10, 10), (34, 12), (4, 8), (21, 9), (17, 13), (15, 10), (12, 13), (10, 11), (34, 11), (34, 10), (33, 10), (32, 10), (31, 10), (30, 10), (30, 9), (29, 10), (30, 8), (4, 9), (22, 9), (17, 14), (16, 10), (12, 14), (10, 12), (31, 8), (16, 14)]",31,27,58
116,"(14, 14)","(15, 14)",West,"[(13, 14) via West]","[(14, 14):58, (4, 10):60, (23, 9):60, (17, 10):60, (13, 14):60, (10, 13):60, (32, 8):60]","[(13, 14):58, (4, 10):60, (23, 9):60, (17, 10):60, (10, 13):60, (32, 8):60]","[(34, 16), (34, 15), (33, 16), (34, 14), (32, 16), (33, 14), (31, 16), (32, 14), (30, 16), (31, 14), (29, 16), (30, 14), (28, 16), (30, 13), (27, 16), (30, 12), (26, 16), (25, 16), (25, 15), (24, 16), (25, 14), (23, 16), (22, 16), (21, 16), (20, 16), (19, 16), (18, 16), (17, 16), (16, 16), (15, 16), (14, 16), (13, 16), (12, 16), (11, 16), (10, 16), (9, 16), (8, 16), (7, 16), (6, 16), (5, 16), (4, 16), (3, 16), (2, 16), (1, 16), (1, 15), (1, 14), (1, 13), (1, 12), (1, 11), (1, 10), (1, 9), (1, 8), (1, 7), (31, 12), (26, 14), (2, 7), (32, 12), (27, 14), (3, 7), (27, 13), (27, 12), (27, 11), (26, 11), (25, 11), (24, 11), (33, 12), (4, 7), (24, 12), (23, 12), (22, 12), (21, 12), (20, 12), (20, 11), (19, 12), (20, 10), (19, 11), (18, 12), (20, 9), (17, 12), (16, 12), (15, 12), (14, 12), (14, 11), (13, 12), (14, 10), (12, 12), (12, 11), (12, 10), (11, 10), (10, 10), (34, 12), (4, 8), (21, 9), (17, 13), (15, 10), (12, 13), (10, 11), (34, 11), (34, 10), (33, 10), (32, 10), (31, 10), (30, 10), (30, 9), (29, 10), (30, 8), (4, 9), (22, 9), (17, 14), (16, 10), (12, 14), (10, 12), (31, 8), (16, 14), (15, 14)]",32,26,58
117,"(13, 14)","(14, 14)",West,[],"[(13, 14):58, (4, 10):60, (23, 9):60, (17, 10):60, (10, 13):60, (32, 8):60]","[(4, 10):60, (23, 9):60, (17, 10):60, (10, 13):60, (32, 8):60]","[(34, 16), (34, 15), (33, 16), (34, 14), (32, 16), (33, 14), (31, 16), (32, 14), (30, 16), (31, 14), (29, 16), (30, 14), (28, 16), (30, 13), (27, 16), (30, 12), (26, 16), (25, 16), (25, 15), (24, 16), (25, 14), (23, 16), (22, 16), (21, 16), (20, 16), (19, 16), (18, 16), (17, 16), (16, 16), (15, 16), (14, 16), (13, 16), (12, 16), (11, 16), (10, 16), (9, 16), (8, 16), (7, 16), (6, 16), (5, 16), (4, 16), (3, 16), (2, 16), (1, 16), (1, 15), (1, 14), (1, 13), (1, 12), (1, 11), (1, 10), (1, 9), (1, 8), (1, 7), (31, 12), (26, 14), (2, 7), (32, 12), (27, 14), (3, 7), (27, 13), (27, 12), (27, 11), (26, 11), (25, 11), (24, 11), (33, 12), (4, 7), (24, 12), (23, 12), (22, 12), (21, 12), (20, 12), (20, 11), (19, 12), (20, 10), (19, 11), (18, 12), (20, 9), (17, 12), (16, 12), (15, 12), (14, 12), (14, 11), (13, 12), (14, 10), (12, 12), (12, 11), (12, 10), (11, 10), (10, 10), (34, 12), (4, 8), (21, 9), (17, 13), (15, 10), (12, 13), (10, 11), (34, 11), (34, 10), (33, 10), (32, 10), (31, 10), (30, 10), (30, 9), (29, 10), (30, 8), (4, 9), (22, 9), (17, 14), (16, 10), (12, 14), (10, 12), (31, 8), (16, 14), (15, 14), (14, 14)]",33,25,58
118,"(4, 10)","(4, 9)",North,"[(4, 11) via North, (3, 10) via West]","[(4, 10):60, (23, 9):60, (17, 10):60, (10, 13):60, (32, 8):60]","[(23, 9):60, (17, 10):60, (10, 13):60, (32, 8):60, (3, 10):60, (4, 11):62]","[(34, 16), (34, 15), (33, 16), (34, 14), (32, 16), (33, 14), (31, 16), (32, 14), (30, 16), (31, 14), (29, 16), (30, 14), (28, 16), (30, 13), (27, 16), (30, 12), (26, 16), (25, 16), (25, 15), (24, 16), (25, 14), (23, 16), (22, 16), (21, 16), (20, 16), (19, 16), (18, 16), (17, 16), (16, 16), (15, 16), (14, 16), (13, 16), (12, 16), (11, 16), (10, 16), (9, 16), (8, 16), (7, 16), (6, 16), (5, 16), (4, 16), (3, 16), (2, 16), (1, 16), (1, 15), (1, 14), (1, 13), (1, 12), (1, 11), (1, 10), (1, 9), (1, 8), (1, 7), (31, 12), (26, 14), (2, 7), (32, 12), (27, 14), (3, 7), (27, 13), (27, 12), (27, 11), (26, 11), (25, 11), (24, 11), (33, 12), (4, 7), (24, 12), (23, 12), (22, 12), (21, 12), (20, 12), (20, 11), (19, 12), (20, 10), (19, 11), (18, 12), (20, 9), (17, 12), (16, 12), (15, 12), (14, 12), (14, 11), (13, 12), (14, 10), (12, 12), (12, 11), (12, 10), (11, 10), (10, 10), (34, 12), (4, 8), (21, 9), (17, 13), (15, 10), (12, 13), (10, 11), (34, 11), (34, 10), (33, 10), (32, 10), (31, 10), (30, 10), (30, 9), (29, 10), (30, 8), (4, 9), (22, 9), (17, 14), (16, 10), (12, 14), (10, 12), (31, 8), (16, 14), (15, 14), (14, 14), (13, 14)]",48,12,60
119,"(23, 9)","(22, 9)",East,"[(24, 9) via East]","[(23, 9):60, (17, 10):60, (10, 13):60, (32, 8):60, (3, 10):60, (4, 11):62]","[(17, 10):60, (10, 13):60, (32, 8):60, (3, 10):60, (4, 11):62, (24, 9):62]","[(34, 16), (34, 15), (33, 16), (34, 14), (32, 16), (33, 14), (31, 16), (32, 14), (30, 16), (31, 14), (29, 16), (30, 14), (28, 16), (30, 13), (27, 16), (30, 12), (26, 16), (25, 16), (25, 15), (24, 16), (25, 14), (23, 16), (22, 16), (21, 16), (20, 16), (19, 16), (18, 16), (17, 16), (16, 16), (15, 16), (14, 16), (13, 16), (12, 16), (11, 16), (10, 16), (9, 16), (8, 16), (7, 16), (6, 16), (5, 16), (4, 16), (3, 16), (2, 16), (1, 16), (1, 15), (1, 14), (1, 13), (1, 12), (1, 11), (1, 10), (1, 9), (1, 8), (1, 7), (31, 12), (26, 14), (2, 7), (32, 12), (27, 14), (3, 7), (27, 13), (27, 12), (27, 11), (26, 11), (25, 11), (24, 11), (33, 12), (4, 7), (24, 12), (23, 12), (22, 12), (21, 12), (20, 12), (20, 11), (19, 12), (20, 10), (19, 11), (18, 12), (20, 9), (17, 12), (16, 12), (15, 12), (14, 12), (14, 11), (13, 12), (14, 10), (12, 12), (12, 11), (12, 10), (11, 10), (10, 10), (34, 12), (4, 8), (21, 9), (17, 13), (15, 10), (12, 13), (10, 11), (34, 11), (34, 10), (33, 10), (32, 10), (31, 10), (30, 10), (30, 9), (29, 10), (30, 8), (4, 9), (22, 9), (17, 14), (16, 10), (12, 14), (10, 12), (31, 8), (16, 14), (15, 14), (14, 14), (13, 14), (4, 10)]",30,30,60
120,"(17, 10)","(16, 10)",East,"[(17, 9) via South]","[(17, 10):60, (10, 13):60, (32, 8):60, (3, 10):60, (4, 11):62, (24, 9):62]","[(10, 13):60, (32, 8):60, (3, 10):60, (17, 9):60, (4, 11):62, (24, 9):62]","[(34, 16), (34, 15), (33, 16), (34, 14), (32, 16), (33, 14), (31, 16), (32, 14), (30, 16), (31, 14), (29, 16), (30, 14), (28, 16), (30, 13), (27, 16), (30, 12), (26, 16), (25, 16), (25, 15), (24, 16), (25, 14), (23, 16), (22, 16), (21, 16), (20, 16), (19, 16), (18, 16), (17, 16), (16, 16), (15, 16), (14, 16), (13, 16), (12, 16), (11, 16), (10, 16), (9, 16), (8, 16), (7, 16), (6, 16), (5, 16), (4, 16), (3, 16), (2, 16), (1, 16), (1, 15), (1, 14), (1, 13), (1, 12), (1, 11), (1, 10), (1, 9), (1, 8), (1, 7), (31, 12), (26, 14), (2, 7), (32, 12), (27, 14), (3, 7), (27, 13), (27, 12), (27, 11), (26, 11), (25, 11), (24, 11), (33, 12), (4, 7), (24, 12), (23, 12), (22, 12), (21, 12), (20, 12), (20, 11), (19, 12), (20, 10), (19, 11), (18, 12), (20, 9), (17, 12), (16, 12), (15, 12), (14, 12), (14, 11), (13, 12), (14, 10), (12, 12), (12, 11), (12, 10), (11, 10), (10, 10), (34, 12), (4, 8), (21, 9), (17, 13), (15, 10), (12, 13), (10, 11), (34, 11), (34, 10), (33, 10), (32, 10), (31, 10), (30, 10), (30, 9), (29, 10), (30, 8), (4, 9), (22, 9), (17, 14), (16, 10), (12, 14), (10, 12), (31, 8), (16, 14), (15, 14), (14, 14), (13, 14), (4, 10), (23, 9)]",35,25,60
121,"(10, 13)","(10, 12)",North,"[(10, 14) via North]","[(10, 13):60, (32, 8):60, (3, 10):60, (17, 9):60, (4, 11):62, (24, 9):62]","[(32, 8):60, (3, 10):60, (17, 9):60, (4, 11):62, (24, 9):62, (10, 14):62]","[(34, 16), (34, 15), (33, 16), (34, 14), (32, 16), (33, 14), (31, 16), (32, 14), (30, 16), (31, 14), (29, 16), (30, 14), (28, 16), (30, 13), (27, 16), (30, 12), (26, 16), (25, 16), (25, 15), (24, 16), (25, 14), (23, 16), (22, 16), (21, 16), (20, 16), (19, 16), (18, 16), (17, 16), (16, 16), (15, 16), (14, 16), (13, 16), (12, 16), (11, 16), (10, 16), (9, 16), (8, 16), (7, 16), (6, 16), (5, 16), (4, 16), (3, 16), (2, 16), (1, 16), (1, 15), (1, 14), (1, 13), (1, 12), (1, 11), (1, 10), (1, 9), (1, 8), (1, 7), (31, 12), (26, 14), (2, 7), (32, 12), (27, 14), (3, 7), (27, 13), (27, 12), (27, 11), (26, 11), (25, 11), (24, 11), (33, 12), (4, 7), (24, 12), (23, 12), (22, 12), (21, 12), (20, 12), (20, 11), (19, 12), (20, 10), (19, 11), (18, 12), (20, 9), (17, 12), (16, 12), (15, 12), (14, 12), (14, 11), (13, 12), (14, 10), (12, 12), (12, 11), (12, 10), (11, 10), (10, 10), (34, 12), (4, 8), (21, 9), (17, 13), (15, 10), (12, 13), (10, 11), (34, 11), (34, 10), (33, 10), (32, 10), (31, 10), (30, 10), (30, 9), (29, 10), (30, 8), (4, 9), (22, 9), (17, 14), (16, 10), (12, 14), (10, 12), (31, 8), (16, 14), (15, 14), (14, 14), (13, 14), (4, 10), (23, 9), (17, 10)]",39,21,60
122,"(32, 8)","(31, 8)",East,"[(33, 8) via East]","[(32, 8):60, (3, 10):60, (17, 9):60, (4, 11):62, (24, 9):62, (10, 14):62]","[(3, 10):60, (17, 9):60, (4, 11):62, (24, 9):62, (10, 14):62, (33, 8):62]","[(34, 16), (34, 15), (33, 16), (34, 14), (32, 16), (33, 14), (31, 16), (32, 14), (30, 16), (31, 14), (29, 16), (30, 14), (28, 16), (30, 13), (27, 16), (30, 12), (26, 16), (25, 16), (25, 15), (24, 16), (25, 14), (23, 16), (22, 16), (21, 16), (20, 16), (19, 16), (18, 16), (17, 16), (16, 16), (15, 16), (14, 16), (13, 16), (12, 16), (11, 16), (10, 16), (9, 16), (8, 16), (7, 16), (6, 16), (5, 16), (4, 16), (3, 16), (2, 16), (1, 16), (1, 15), (1, 14), (1, 13), (1, 12), (1, 11), (1, 10), (1, 9), (1, 8), (1, 7), (31, 12), (26, 14), (2, 7), (32, 12), (27, 14), (3, 7), (27, 13), (27, 12), (27, 11), (26, 11), (25, 11), (24, 11), (33, 12), (4, 7), (24, 12), (23, 12), (22, 12), (21, 12), (20, 12), (20, 11), (19, 12), (20, 10), (19, 11), (18, 12), (20, 9), (17, 12), (16, 12), (15, 12), (14, 12), (14, 11), (13, 12), (14, 10), (12, 12), (12, 11), (12, 10), (11, 10), (10, 10), (34, 12), (4, 8), (21, 9), (17, 13), (15, 10), (12, 13), (10, 11), (34, 11), (34, 10), (33, 10), (32, 10), (31, 10), (30, 10), (30, 9), (29, 10), (30, 8), (4, 9), (22, 9), (17, 14), (16, 10), (12, 14), (10, 12), (31, 8), (16, 14), (15, 14), (14, 14), (13, 14), (4, 10), (23, 9), (17, 10), (10, 13)]",22,38,60
123,"(3, 10)","(4, 10)",West,[],"[(3, 10):60, (17, 9):60, (4, 11):62, (24, 9):62, (10, 14):62, (33, 8):62]","[(17, 9):60, (4, 11):62, (24, 9):62, (10, 14):62, (33, 8):62]","[(34, 16), (34, 15), (33, 16), (34, 14), (32, 16), (33, 14), (31, 16), (32, 14), (30, 16), (31, 14), (29, 16), (30, 14), (28, 16), (30, 13), (27, 16), (30, 12), (26, 16), (25, 16), (25, 15), (24, 16), (25, 14), (23, 16), (22, 16), (21, 16), (20, 16), (19, 16), (18, 16), (17, 16), (16, 16), (15, 16), (14, 16), (13, 16), (12, 16), (11, 16), (10, 16), (9, 16), (8, 16), (7, 16), (6, 16), (5, 16), (4, 16), (3, 16), (2, 16), (1, 16), (1, 15), (1, 14), (1, 13), (1, 12), (1, 11), (1, 10), (1, 9), (1, 8), (1, 7), (31, 12), (26, 14), (2, 7), (32, 12), (27, 14), (3, 7), (27, 13), (27, 12), (27, 11), (26, 11), (25, 11), (24, 11), (33, 12), (4, 7), (24, 12), (23, 12), (22, 12), (21, 12), (20, 12), (20, 11), (19, 12), (20, 10), (19, 11), (18, 12), (20, 9), (17, 12), (16, 12), (15, 12), (14, 12), (14, 11), (13, 12), (14, 10), (12, 12), (12, 11), (12, 10), (11, 10), (10, 10), (34, 12), (4, 8), (21, 9), (17, 13), (15, 10), (12, 13), (10, 11), (34, 11), (34, 10), (33, 10), (32, 10), (31, 10), (30, 10), (30, 9), (29, 10), (30, 8), (4, 9), (22, 9), (17, 14), (16, 10), (12, 14), (10, 12), (31, 8), (16, 14), (15, 14), (14, 14), (13, 14), (4, 10), (23, 9), (17, 10), (10, 13), (32, 8)]",49,11,60
124,"(17, 9)","(17, 10)",South,"[(17, 8) via South]","[(17, 9):60, (4, 11):62, (24, 9):62, (10, 14):62, (33, 8):62]","[(17, 8):60, (4, 11):62, (24, 9):62, (10, 14):62, (33, 8):62]","[(34, 16), (34, 15), (33, 16), (34, 14), (32, 16), (33, 14), (31, 16), (32, 14), (30, 16), (31, 14), (29, 16), (30, 14), (28, 16), (30, 13), (27, 16), (30, 12), (26, 16), (25, 16), (25, 15), (24, 16), (25, 14), (23, 16), (22, 16), (21, 16), (20, 16), (19, 16), (18, 16), (17, 16), (16, 16), (15, 16), (14, 16), (13, 16), (12, 16), (11, 16), (10, 16), (9, 16), (8, 16), (7, 16), (6, 16), (5, 16), (4, 16), (3, 16), (2, 16), (1, 16), (1, 15), (1, 14), (1, 13), (1, 12), (1, 11), (1, 10), (1, 9), (1, 8), (1, 7), (31, 12), (26, 14), (2, 7), (32, 12), (27, 14), (3, 7), (27, 13), (27, 12), (27, 11), (26, 11), (25, 11), (24, 11), (33, 12), (4, 7), (24, 12), (23, 12), (22, 12), (21, 12), (20, 12), (20, 11), (19, 12), (20, 10), (19, 11), (18, 12), (20, 9), (17, 12), (16, 12), (15, 12), (14, 12), (14, 11), (13, 12), (14, 10), (12, 12), (12, 11), (12, 10), (11, 10), (10, 10), (34, 12), (4, 8), (21, 9), (17, 13), (15, 10), (12, 13), (10, 11), (34, 11), (34, 10), (33, 10), (32, 10), (31, 10), (30, 10), (30, 9), (29, 10), (30, 8), (4, 9), (22, 9), (17, 14), (16, 10), (12, 14), (10, 12), (31, 8), (16, 14), (15, 14), (14, 14), (13, 14), (4, 10), (23, 9), (17, 10), (10, 13), (32, 8), (3, 10)]",36,24,60
125,"(17, 8)","(17, 9)",South,"[(16, 8) via West]","[(17, 8):60, (4, 11):62, (24, 9):62, (10, 14):62, (33, 8):62]","[(16, 8):60, (4, 11):62, (24, 9):62, (10, 14):62, (33, 8):62]","[(34, 16), (34, 15), (33, 16), (34, 14), (32, 16), (33, 14), (31, 16), (32, 14), (30, 16), (31, 14), (29, 16), (30, 14), (28, 16), (30, 13), (27, 16), (30, 12), (26, 16), (25, 16), (25, 15), (24, 16), (25, 14), (23, 16), (22, 16), (21, 16), (20, 16), (19, 16), (18, 16), (17, 16), (16, 16), (15, 16), (14, 16), (13, 16), (12, 16), (11, 16), (10, 16), (9, 16), (8, 16), (7, 16), (6, 16), (5, 16), (4, 16), (3, 16), (2, 16), (1, 16), (1, 15), (1, 14), (1, 13), (1, 12), (1, 11), (1, 10), (1, 9), (1, 8), (1, 7), (31, 12), (26, 14), (2, 7), (32, 12), (27, 14), (3, 7), (27, 13), (27, 12), (27, 11), (26, 11), (25, 11), (24, 11), (33, 12), (4, 7), (24, 12), (23, 12), (22, 12), (21, 12), (20, 12), (20, 11), (19, 12), (20, 10), (19, 11), (18, 12), (20, 9), (17, 12), (16, 12), (15, 12), (14, 12), (14, 11), (13, 12), (14, 10), (12, 12), (12, 11), (12, 10), (11, 10), (10, 10), (34, 12), (4, 8), (21, 9), (17, 13), (15, 10), (12, 13), (10, 11), (34, 11), (34, 10), (33, 10), (32, 10), (31, 10), (30, 10), (30, 9), (29, 10), (30, 8), (4, 9), (22, 9), (17, 14), (16, 10), (12, 14), (10, 12), (31, 8), (16, 14), (15, 14), (14, 14), (13, 14), (4, 10), (23, 9), (17, 10), (10, 13), (32, 8), (3, 10), (17, 9)]",37,23,60
126,"(16, 8)","(17, 8)",West,"[(15, 8) via West]","[(16, 8):60, (4, 11):62, (24, 9):62, (10, 14):62, (33, 8):62]","[(15, 8):60, (4, 11):62, (24, 9):62, (10, 14):62, (33, 8):62]","[(34, 16), (34, 15), (33, 16), (34, 14), (32, 16), (33, 14), (31, 16), (32, 14), (30, 16), (31, 14), (29, 16), (30, 14), (28, 16), (30, 13), (27, 16), (30, 12), (26, 16), (25, 16), (25, 15), (24, 16), (25, 14), (23, 16), (22, 16), (21, 16), (20, 16), (19, 16), (18, 16), (17, 16), (16, 16), (15, 16), (14, 16), (13, 16), (12, 16), (11, 16), (10, 16), (9, 16), (8, 16), (7, 16), (6, 16), (5, 16), (4, 16), (3, 16), (2, 16), (1, 16), (1, 15), (1, 14), (1, 13), (1, 12), (1, 11), (1, 10), (1, 9), (1, 8), (1, 7), (31, 12), (26, 14), (2, 7), (32, 12), (27, 14), (3, 7), (27, 13), (27, 12), (27, 11), (26, 11), (25, 11), (24, 11), (33, 12), (4, 7), (24, 12), (23, 12), (22, 12), (21, 12), (20, 12), (20, 11), (19, 12), (20, 10), (19, 11), (18, 12), (20, 9), (17, 12), (16, 12), (15, 12), (14, 12), (14, 11), (13, 12), (14, 10), (12, 12), (12, 11), (12, 10), (11, 10), (10, 10), (34, 12), (4, 8), (21, 9), (17, 13), (15, 10), (12, 13), (10, 11), (34, 11), (34, 10), (33, 10), (32, 10), (31, 10), (30, 10), (30, 9), (29, 10), (30, 8), (4, 9), (22, 9), (17, 14), (16, 10), (12, 14), (10, 12), (31, 8), (16, 14), (15, 14), (14, 14), (13, 14), (4, 10), (23, 9), (17, 10), (10, 13), (32, 8), (3, 10), (17, 9), (17, 8)]",38,22,60
127,"(15, 8)","(16, 8)",West,"[(14, 8) via West]","[(15, 8):60, (4, 11):62, (24, 9):62, (10, 14):62, (33, 8):62]","[(14, 8):60, (4, 11):62, (24, 9):62, (10, 14):62, (33, 8):62]","[(34, 16), (34, 15), (33, 16), (34, 14), (32, 16), (33, 14), (31, 16), (32, 14), (30, 16), (31, 14), (29, 16), (30, 14), (28, 16), (30, 13), (27, 16), (30, 12), (26, 16), (25, 16), (25, 15), (24, 16), (25, 14), (23, 16), (22, 16), (21, 16), (20, 16), (19, 16), (18, 16), (17, 16), (16, 16), (15, 16), (14, 16), (13, 16), (12, 16), (11, 16), (10, 16), (9, 16), (8, 16), (7, 16), (6, 16), (5, 16), (4, 16), (3, 16), (2, 16), (1, 16), (1, 15), (1, 14), (1, 13), (1, 12), (1, 11), (1, 10), (1, 9), (1, 8), (1, 7), (31, 12), (26, 14), (2, 7), (32, 12), (27, 14), (3, 7), (27, 13), (27, 12), (27, 11), (26, 11), (25, 11), (24, 11), (33, 12), (4, 7), (24, 12), (23, 12), (22, 12), (21, 12), (20, 12), (20, 11), (19, 12), (20, 10), (19, 11), (18, 12), (20, 9), (17, 12), (16, 12), (15, 12), (14, 12), (14, 11), (13, 12), (14, 10), (12, 12), (12, 11), (12, 10), (11, 10), (10, 10), (34, 12), (4, 8), (21, 9), (17, 13), (15, 10), (12, 13), (10, 11), (34, 11), (34, 10), (33, 10), (32, 10), (31, 10), (30, 10), (30, 9), (29, 10), (30, 8), (4, 9), (22, 9), (17, 14), (16, 10), (12, 14), (10, 12), (31, 8), (16, 14), (15, 14), (14, 14), (13, 14), (4, 10), (23, 9), (17, 10), (10, 13), (32, 8), (3, 10), (17, 9), (17, 8), (16, 8)]",39,21,60
128,"(14, 8)","(15, 8)",West,"[(13, 8) via West]","[(14, 8):60, (4, 11):62, (24, 9):62, (10, 14):62, (33, 8):62]","[(13, 8):60, (4, 11):62, (24, 9):62, (10, 14):62, (33, 8):62]","[(34, 16), (34, 15), (33, 16), (34, 14), (32, 16), (33, 14), (31, 16), (32, 14), (30, 16), (31, 14), (29, 16), (30, 14), (28, 16), (30, 13), (27, 16), (30, 12), (26, 16), (25, 16), (25, 15), (24, 16), (25, 14), (23, 16), (22, 16), (21, 16), (20, 16), (19, 16), (18, 16), (17, 16), (16, 16), (15, 16), (14, 16), (13, 16), (12, 16), (11, 16), (10, 16), (9, 16), (8, 16), (7, 16), (6, 16), (5, 16), (4, 16), (3, 16), (2, 16), (1, 16), (1, 15), (1, 14), (1, 13), (1, 12), (1, 11), (1, 10), (1, 9), (1, 8), (1, 7), (31, 12), (26, 14), (2, 7), (32, 12), (27, 14), (3, 7), (27, 13), (27, 12), (27, 11), (26, 11), (25, 11), (24, 11), (33, 12), (4, 7), (24, 12), (23, 12), (22, 12), (21, 12), (20, 12), (20, 11), (19, 12), (20, 10), (19, 11), (18, 12), (20, 9), (17, 12), (16, 12), (15, 12), (14, 12), (14, 11), (13, 12), (14, 10), (12, 12), (12, 11), (12, 10), (11, 10), (10, 10), (34, 12), (4, 8), (21, 9), (17, 13), (15, 10), (12, 13), (10, 11), (34, 11), (34, 10), (33, 10), (32, 10), (31, 10), (30, 10), (30, 9), (29, 10), (30, 8), (4, 9), (22, 9), (17, 14), (16, 10), (12, 14), (10, 12), (31, 8), (16, 14), (15, 14), (14, 14), (13, 14), (4, 10), (23, 9), (17, 10), (10, 13), (32, 8), (3, 10), (17, 9), (17, 8), (16, 8), (15, 8)]",40,20,60
129,"(13, 8)","(14, 8)",West,"[(12, 8) via West]","[(13, 8):60, (4, 11):62, (24, 9):62, (10, 14):62, (33, 8):62]","[(12, 8):60, (4, 11):62, (24, 9):62, (10, 14):62, (33, 8):62]","[(34, 16), (34, 15), (33, 16), (34, 14), (32, 16), (33, 14), (31, 16), (32, 14), (30, 16), (31, 14), (29, 16), (30, 14), (28, 16), (30, 13), (27, 16), (30, 12), (26, 16), (25, 16), (25, 15), (24, 16), (25, 14), (23, 16), (22, 16), (21, 16), (20, 16), (19, 16), (18, 16), (17, 16), (16, 16), (15, 16), (14, 16), (13, 16), (12, 16), (11, 16), (10, 16), (9, 16), (8, 16), (7, 16), (6, 16), (5, 16), (4, 16), (3, 16), (2, 16), (1, 16), (1, 15), (1, 14), (1, 13), (1, 12), (1, 11), (1, 10), (1, 9), (1, 8), (1, 7), (31, 12), (26, 14), (2, 7), (32, 12), (27, 14), (3, 7), (27, 13), (27, 12), (27, 11), (26, 11), (25, 11), (24, 11), (33, 12), (4, 7), (24, 12), (23, 12), (22, 12), (21, 12), (20, 12), (20, 11), (19, 12), (20, 10), (19, 11), (18, 12), (20, 9), (17, 12), (16, 12), (15, 12), (14, 12), (14, 11), (13, 12), (14, 10), (12, 12), (12, 11), (12, 10), (11, 10), (10, 10), (34, 12), (4, 8), (21, 9), (17, 13), (15, 10), (12, 13), (10, 11), (34, 11), (34, 10), (33, 10), (32, 10), (31, 10), (30, 10), (30, 9), (29, 10), (30, 8), (4, 9), (22, 9), (17, 14), (16, 10), (12, 14), (10, 12), (31, 8), (16, 14), (15, 14), (14, 14), (13, 14), (4, 10), (23, 9), (17, 10), (10, 13), (32, 8), (3, 10), (17, 9), (17, 8), (16, 8), (15, 8), (14, 8)]",41,19,60
130,"(12, 8)","(13, 8)",West,"[(11, 8) via West]","[(12, 8):60, (4, 11):62, (24, 9):62, (10, 14):62, (33, 8):62]","[(11, 8):60, (4, 11):62, (24, 9):62, (10, 14):62, (33, 8):62]","[(34, 16), (34, 15), (33, 16), (34, 14), (32, 16), (33, 14), (31, 16), (32, 14), (30, 16), (31, 14), (29, 16), (30, 14), (28, 16), (30, 13), (27, 16), (30, 12), (26, 16), (25, 16), (25, 15), (24, 16), (25, 14), (23, 16), (22, 16), (21, 16), (20, 16), (19, 16), (18, 16), (17, 16), (16, 16), (15, 16), (14, 16), (13, 16), (12, 16), (11, 16), (10, 16), (9, 16), (8, 16), (7, 16), (6, 16), (5, 16), (4, 16), (3, 16), (2, 16), (1, 16), (1, 15), (1, 14), (1, 13), (1, 12), (1, 11), (1, 10), (1, 9), (1, 8), (1, 7), (31, 12), (26, 14), (2, 7), (32, 12), (27, 14), (3, 7), (27, 13), (27, 12), (27, 11), (26, 11), (25, 11), (24, 11), (33, 12), (4, 7), (24, 12), (23, 12), (22, 12), (21, 12), (20, 12), (20, 11), (19, 12), (20, 10), (19, 11), (18, 12), (20, 9), (17, 12), (16, 12), (15, 12), (14, 12), (14, 11), (13, 12), (14, 10), (12, 12), (12, 11), (12, 10), (11, 10), (10, 10), (34, 12), (4, 8), (21, 9), (17, 13), (15, 10), (12, 13), (10, 11), (34, 11), (34, 10), (33, 10), (32, 10), (31, 10), (30, 10), (30, 9), (29, 10), (30, 8), (4, 9), (22, 9), (17, 14), (16, 10), (12, 14), (10, 12), (31, 8), (16, 14), (15, 14), (14, 14), (13, 14), (4, 10), (23, 9), (17, 10), (10, 13), (32, 8), (3, 10), (17, 9), (17, 8), (16, 8), (15, 8), (14, 8), (13, 8)]",42,18,60
131,"(11, 8)","(12, 8)",West,"[(11, 7) via South]","[(11, 8):60, (4, 11):62, (24, 9):62, (10, 14):62, (33, 8):62]","[(11, 7):60, (4, 11):62, (24, 9):62, (10, 14):62, (33, 8):62]","[(34, 16), (34, 15), (33, 16), (34, 14), (32, 16), (33, 14), (31, 16), (32, 14), (30, 16), (31, 14), (29, 16), (30, 14), (28, 16), (30, 13), (27, 16), (30, 12), (26, 16), (25, 16), (25, 15), (24, 16), (25, 14), (23, 16), (22, 16), (21, 16), (20, 16), (19, 16), (18, 16), (17, 16), (16, 16), (15, 16), (14, 16), (13, 16), (12, 16), (11, 16), (10, 16), (9, 16), (8, 16), (7, 16), (6, 16), (5, 16), (4, 16), (3, 16), (2, 16), (1, 16), (1, 15), (1, 14), (1, 13), (1, 12), (1, 11), (1, 10), (1, 9), (1, 8), (1, 7), (31, 12), (26, 14), (2, 7), (32, 12), (27, 14), (3, 7), (27, 13), (27, 12), (27, 11), (26, 11), (25, 11), (24, 11), (33, 12), (4, 7), (24, 12), (23, 12), (22, 12), (21, 12), (20, 12), (20, 11), (19, 12), (20, 10), (19, 11), (18, 12), (20, 9), (17, 12), (16, 12), (15, 12), (14, 12), (14, 11), (13, 12), (14, 10), (12, 12), (12, 11), (12, 10), (11, 10), (10, 10), (34, 12), (4, 8), (21, 9), (17, 13), (15, 10), (12, 13), (10, 11), (34, 11), (34, 10), (33, 10), (32, 10), (31, 10), (30, 10), (30, 9), (29, 10), (30, 8), (4, 9), (22, 9), (17, 14), (16, 10), (12, 14), (10, 12), (31, 8), (16, 14), (15, 14), (14, 14), (13, 14), (4, 10), (23, 9), (17, 10), (10, 13), (32, 8), (3, 10), (17, 9), (17, 8), (16, 8), (15, 8), (14, 8), (13, 8), (12, 8)]",43,17,60
132,"(11, 7)","(11, 8)",South,"[(11, 6) via South]","[(11, 7):60, (4, 11):62, (24, 9):62, (10, 14):62, (33, 8):62]","[(11, 6):60, (4, 11):62, (24, 9):62, (10, 14):62, (33, 8):62]","[(34, 16), (34, 15), (33, 16), (34, 14), (32, 16), (33, 14), (31, 16), (32, 14), (30, 16), (31, 14), (29, 16), (30, 14), (28, 16), (30, 13), (27, 16), (30, 12), (26, 16), (25, 16), (25, 15), (24, 16), (25, 14), (23, 16), (22, 16), (21, 16), (20, 16), (19, 16), (18, 16), (17, 16), (16, 16), (15, 16), (14, 16), (13, 16), (12, 16), (11, 16), (10, 16), (9, 16), (8, 16), (7, 16), (6, 16), (5, 16), (4, 16), (3, 16), (2, 16), (1, 16), (1, 15), (1, 14), (1, 13), (1, 12), (1, 11), (1, 10), (1, 9), (1, 8), (1, 7), (31, 12), (26, 14), (2, 7), (32, 12), (27, 14), (3, 7), (27, 13), (27, 12), (27, 11), (26, 11), (25, 11), (24, 11), (33, 12), (4, 7), (24, 12), (23, 12), (22, 12), (21, 12), (20, 12), (20, 11), (19, 12), (20, 10), (19, 11), (18, 12), (20, 9), (17, 12), (16, 12), (15, 12), (14, 12), (14, 11), (13, 12), (14, 10), (12, 12), (12, 11), (12, 10), (11, 10), (10, 10), (34, 12), (4, 8), (21, 9), (17, 13), (15, 10), (12, 13), (10, 11), (34, 11), (34, 10), (33, 10), (32, 10), (31, 10), (30, 10), (30, 9), (29, 10), (30, 8), (4, 9), (22, 9), (17, 14), (16, 10), (12, 14), (10, 12), (31, 8), (16, 14), (15, 14), (14, 14), (13, 14), (4, 10), (23, 9), (17, 10), (10, 13), (32, 8), (3, 10), (17, 9), (17, 8), (16, 8), (15, 8), (14, 8), (13, 8), (12, 8), (11, 8)]",44,16,60
133,"(11, 6)","(11, 7)",South,"[(10, 6) via West]","[(11, 6):60, (4, 11):62, (24, 9):62, (10, 14):62, (33, 8):62]","[(10, 6):60, (4, 11):62, (24, 9):62, (10, 14):62, (33, 8):62]","[(34, 16), (34, 15), (33, 16), (34, 14), (32, 16), (33, 14), (31, 16), (32, 14), (30, 16), (31, 14), (29, 16), (30, 14), (28, 16), (30, 13), (27, 16), (30, 12), (26, 16), (25, 16), (25, 15), (24, 16), (25, 14), (23, 16), (22, 16), (21, 16), (20, 16), (19, 16), (18, 16), (17, 16), (16, 16), (15, 16), (14, 16), (13, 16), (12, 16), (11, 16), (10, 16), (9, 16), (8, 16), (7, 16), (6, 16), (5, 16), (4, 16), (3, 16), (2, 16), (1, 16), (1, 15), (1, 14), (1, 13), (1, 12), (1, 11), (1, 10), (1, 9), (1, 8), (1, 7), (31, 12), (26, 14), (2, 7), (32, 12), (27, 14), (3, 7), (27, 13), (27, 12), (27, 11), (26, 11), (25, 11), (24, 11), (33, 12), (4, 7), (24, 12), (23, 12), (22, 12), (21, 12), (20, 12), (20, 11), (19, 12), (20, 10), (19, 11), (18, 12), (20, 9), (17, 12), (16, 12), (15, 12), (14, 12), (14, 11), (13, 12), (14, 10), (12, 12), (12, 11), (12, 10), (11, 10), (10, 10), (34, 12), (4, 8), (21, 9), (17, 13), (15, 10), (12, 13), (10, 11), (34, 11), (34, 10), (33, 10), (32, 10), (31, 10), (30, 10), (30, 9), (29, 10), (30, 8), (4, 9), (22, 9), (17, 14), (16, 10), (12, 14), (10, 12), (31, 8), (16, 14), (15, 14), (14, 14), (13, 14), (4, 10), (23, 9), (17, 10), (10, 13), (32, 8), (3, 10), (17, 9), (17, 8), (16, 8), (15, 8), (14, 8), (13, 8), (12, 8), (11, 8), (11, 7)]",45,15,60
134,"(10, 6)","(11, 6)",West,"[(9, 6) via West]","[(10, 6):60, (4, 11):62, (24, 9):62, (10, 14):62, (33, 8):62]","[(9, 6):60, (4, 11):62, (24, 9):62, (10, 14):62, (33, 8):62]","[(34, 16), (34, 15), (33, 16), (34, 14), (32, 16), (33, 14), (31, 16), (32, 14), (30, 16), (31, 14), (29, 16), (30, 14), (28, 16), (30, 13), (27, 16), (30, 12), (26, 16), (25, 16), (25, 15), (24, 16), (25, 14), (23, 16), (22, 16), (21, 16), (20, 16), (19, 16), (18, 16), (17, 16), (16, 16), (15, 16), (14, 16), (13, 16), (12, 16), (11, 16), (10, 16), (9, 16), (8, 16), (7, 16), (6, 16), (5, 16), (4, 16), (3, 16), (2, 16), (1, 16), (1, 15), (1, 14), (1, 13), (1, 12), (1, 11), (1, 10), (1, 9), (1, 8), (1, 7), (31, 12), (26, 14), (2, 7), (32, 12), (27, 14), (3, 7), (27, 13), (27, 12), (27, 11), (26, 11), (25, 11), (24, 11), (33, 12), (4, 7), (24, 12), (23, 12), (22, 12), (21, 12), (20, 12), (20, 11), (19, 12), (20, 10), (19, 11), (18, 12), (20, 9), (17, 12), (16, 12), (15, 12), (14, 12), (14, 11), (13, 12), (14, 10), (12, 12), (12, 11), (12, 10), (11, 10), (10, 10), (34, 12), (4, 8), (21, 9), (17, 13), (15, 10), (12, 13), (10, 11), (34, 11), (34, 10), (33, 10), (32, 10), (31, 10), (30, 10), (30, 9), (29, 10), (30, 8), (4, 9), (22, 9), (17, 14), (16, 10), (12, 14), (10, 12), (31, 8), (16, 14), (15, 14), (14, 14), (13, 14), (4, 10), (23, 9), (17, 10), (10, 13), (32, 8), (3, 10), (17, 9), (17, 8), (16, 8), (15, 8), (14, 8), (13, 8), (12, 8), (11, 8), (11, 7), (11, 6)]",46,14,60
135,"(9, 6)","(10, 6)",West,"[(8, 6) via West]","[(9, 6):60, (4, 11):62, (24, 9):62, (10, 14):62, (33, 8):62]","[(8, 6):60, (4, 11):62, (24, 9):62, (10, 14):62, (33, 8):62]","[(34, 16), (34, 15), (33, 16), (34, 14), (32, 16), (33, 14), (31, 16), (32, 14), (30, 16), (31, 14), (29, 16), (30, 14), (28, 16), (30, 13), (27, 16), (30, 12), (26, 16), (25, 16), (25, 15), (24, 16), (25, 14), (23, 16), (22, 16), (21, 16), (20, 16), (19, 16), (18, 16), (17, 16), (16, 16), (15, 16), (14, 16), (13, 16), (12, 16), (11, 16), (10, 16), (9, 16), (8, 16), (7, 16), (6, 16), (5, 16), (4, 16), (3, 16), (2, 16), (1, 16), (1, 15), (1, 14), (1, 13), (1, 12), (1, 11), (1, 10), (1, 9), (1, 8), (1, 7), (31, 12), (26, 14), (2, 7), (32, 12), (27, 14), (3, 7), (27, 13), (27, 12), (27, 11), (26, 11), (25, 11), (24, 11), (33, 12), (4, 7), (24, 12), (23, 12), (22, 12), (21, 12), (20, 12), (20, 11), (19, 12), (20, 10), (19, 11), (18, 12), (20, 9), (17, 12), (16, 12), (15, 12), (14, 12), (14, 11), (13, 12), (14, 10), (12, 12), (12, 11), (12, 10), (11, 10), (10, 10), (34, 12), (4, 8), (21, 9), (17, 13), (15, 10), (12, 13), (10, 11), (34, 11), (34, 10), (33, 10), (32, 10), (31, 10), (30, 10), (30, 9), (29, 10), (30, 8), (4, 9), (22, 9), (17, 14), (16, 10), (12, 14), (10, 12), (31, 8), (16, 14), (15, 14), (14, 14), (13, 14), (4, 10), (23, 9), (17, 10), (10, 13), (32, 8), (3, 10), (17, 9), (17, 8), (16, 8), (15, 8), (14, 8), (13, 8), (12, 8), (11, 8), (11, 7), (11, 6), (10, 6)]",47,13,60
136,"(8, 6)","(9, 6)",West,"[(7, 6) via West]","[(8, 6):60, (4, 11):62, (24, 9):62, (10, 14):62, (33, 8):62]","[(7, 6):60, (4, 11):62, (24, 9):62, (10, 14):62, (33, 8):62]","[(34, 16), (34, 15), (33, 16), (34, 14), (32, 16), (33, 14), (31, 16), (32, 14), (30, 16), (31, 14), (29, 16), (30, 14), (28, 16), (30, 13), (27, 16), (30, 12), (26, 16), (25, 16), (25, 15), (24, 16), (25, 14), (23, 16), (22, 16), (21, 16), (20, 16), (19, 16), (18, 16), (17, 16), (16, 16), (15, 16), (14, 16), (13, 16), (12, 16), (11, 16), (10, 16), (9, 16), (8, 16), (7, 16), (6, 16), (5, 16), (4, 16), (3, 16), (2, 16), (1, 16), (1, 15), (1, 14), (1, 13), (1, 12), (1, 11), (1, 10), (1, 9), (1, 8), (1, 7), (31, 12), (26, 14), (2, 7), (32, 12), (27, 14), (3, 7), (27, 13), (27, 12), (27, 11), (26, 11), (25, 11), (24, 11), (33, 12), (4, 7), (24, 12), (23, 12), (22, 12), (21, 12), (20, 12), (20, 11), (19, 12), (20, 10), (19, 11), (18, 12), (20, 9), (17, 12), (16, 12), (15, 12), (14, 12), (14, 11), (13, 12), (14, 10), (12, 12), (12, 11), (12, 10), (11, 10), (10, 10), (34, 12), (4, 8), (21, 9), (17, 13), (15, 10), (12, 13), (10, 11), (34, 11), (34, 10), (33, 10), (32, 10), (31, 10), (30, 10), (30, 9), (29, 10), (30, 8), (4, 9), (22, 9), (17, 14), (16, 10), (12, 14), (10, 12), (31, 8), (16, 14), (15, 14), (14, 14), (13, 14), (4, 10), (23, 9), (17, 10), (10, 13), (32, 8), (3, 10), (17, 9), (17, 8), (16, 8), (15, 8), (14, 8), (13, 8), (12, 8), (11, 8), (11, 7), (11, 6), (10, 6), (9, 6)]",48,12,60
137,"(7, 6)","(8, 6)",West,"[(6, 6) via West]","[(7, 6):60, (4, 11):62, (24, 9):62, (10, 14):62, (33, 8):62]","[(6, 6):60, (4, 11):62, (24, 9):62, (10, 14):62, (33, 8):62]","[(34, 16), (34, 15), (33, 16), (34, 14), (32, 16), (33, 14), (31, 16), (32, 14), (30, 16), (31, 14), (29, 16), (30, 14), (28, 16), (30, 13), (27, 16), (30, 12), (26, 16), (25, 16), (25, 15), (24, 16), (25, 14), (23, 16), (22, 16), (21, 16), (20, 16), (19, 16), (18, 16), (17, 16), (16, 16), (15, 16), (14, 16), (13, 16), (12, 16), (11, 16), (10, 16), (9, 16), (8, 16), (7, 16), (6, 16), (5, 16), (4, 16), (3, 16), (2, 16), (1, 16), (1, 15), (1, 14), (1, 13), (1, 12), (1, 11), (1, 10), (1, 9), (1, 8), (1, 7), (31, 12), (26, 14), (2, 7), (32, 12), (27, 14), (3, 7), (27, 13), (27, 12), (27, 11), (26, 11), (25, 11), (24, 11), (33, 12), (4, 7), (24, 12), (23, 12), (22, 12), (21, 12), (20, 12), (20, 11), (19, 12), (20, 10), (19, 11), (18, 12), (20, 9), (17, 12), (16, 12), (15, 12), (14, 12), (14, 11), (13, 12), (14, 10), (12, 12), (12, 11), (12, 10), (11, 10), (10, 10), (34, 12), (4, 8), (21, 9), (17, 13), (15, 10), (12, 13), (10, 11), (34, 11), (34, 10), (33, 10), (32, 10), (31, 10), (30, 10), (30, 9), (29, 10), (30, 8), (4, 9), (22, 9), (17, 14), (16, 10), (12, 14), (10, 12), (31, 8), (16, 14), (15, 14), (14, 14), (13, 14), (4, 10), (23, 9), (17, 10), (10, 13), (32, 8), (3, 10), (17, 9), (17, 8), (16, 8), (15, 8), (14, 8), (13, 8), (12, 8), (11, 8), (11, 7), (11, 6), (10, 6), (9, 6), (8, 6)]",49,11,60
138,"(6, 6)","(7, 6)",West,"[(6, 5) via South]","[(6, 6):60, (4, 11):62, (24, 9):62, (10, 14):62, (33, 8):62]","[(6, 5):60, (4, 11):62, (24, 9):62, (10, 14):62, (33, 8):62]","[(34, 16), (34, 15), (33, 16), (34, 14), (32, 16), (33, 14), (31, 16), (32, 14), (30, 16), (31, 14), (29, 16), (30, 14), (28, 16), (30, 13), (27, 16), (30, 12), (26, 16), (25, 16), (25, 15), (24, 16), (25, 14), (23, 16), (22, 16), (21, 16), (20, 16), (19, 16), (18, 16), (17, 16), (16, 16), (15, 16), (14, 16), (13, 16), (12, 16), (11, 16), (10, 16), (9, 16), (8, 16), (7, 16), (6, 16), (5, 16), (4, 16), (3, 16), (2, 16), (1, 16), (1, 15), (1, 14), (1, 13), (1, 12), (1, 11), (1, 10), (1, 9), (1, 8), (1, 7), (31, 12), (26, 14), (2, 7), (32, 12), (27, 14), (3, 7), (27, 13), (27, 12), (27, 11), (26, 11), (25, 11), (24, 11), (33, 12), (4, 7), (24, 12), (23, 12), (22, 12), (21, 12), (20, 12), (20, 11), (19, 12), (20, 10), (19, 11), (18, 12), (20, 9), (17, 12), (16, 12), (15, 12), (14, 12), (14, 11), (13, 12), (14, 10), (12, 12), (12, 11), (12, 10), (11, 10), (10, 10), (34, 12), (4, 8), (21, 9), (17, 13), (15, 10), (12, 13), (10, 11), (34, 11), (34, 10), (33, 10), (32, 10), (31, 10), (30, 10), (30, 9), (29, 10), (30, 8), (4, 9), (22, 9), (17, 14), (16, 10), (12, 14), (10, 12), (31, 8), (16, 14), (15, 14), (14, 14), (13, 14), (4, 10), (23, 9), (17, 10), (10, 13), (32, 8), (3, 10), (17, 9), (17, 8), (16, 8), (15, 8), (14, 8), (13, 8), (12, 8), (11, 8), (11, 7), (11, 6), (10, 6), (9, 6), (8, 6), (7, 6)]",50,10,60
139,"(6, 5)","(6, 6)",South,"[(5, 5) via West]","[(6, 5):60, (4, 11):62, (24, 9):62, (10, 14):62, (33, 8):62]","[(5, 5):60, (4, 11):62, (24, 9):62, (10, 14):62, (33, 8):62]","[(34, 16), (34, 15), (33, 16), (34, 14), (32, 16), (33, 14), (31, 16), (32, 14), (30, 16), (31, 14), (29, 16), (30, 14), (28, 16), (30, 13), (27, 16), (30, 12), (26, 16), (25, 16), (25, 15), (24, 16), (25, 14), (23, 16), (22, 16), (21, 16), (20, 16), (19, 16), (18, 16), (17, 16), (16, 16), (15, 16), (14, 16), (13, 16), (12, 16), (11, 16), (10, 16), (9, 16), (8, 16), (7, 16), (6, 16), (5, 16), (4, 16), (3, 16), (2, 16), (1, 16), (1, 15), (1, 14), (1, 13), (1, 12), (1, 11), (1, 10), (1, 9), (1, 8), (1, 7), (31, 12), (26, 14), (2, 7), (32, 12), (27, 14), (3, 7), (27, 13), (27, 12), (27, 11), (26, 11), (25, 11), (24, 11), (33, 12), (4, 7), (24, 12), (23, 12), (22, 12), (21, 12), (20, 12), (20, 11), (19, 12), (20, 10), (19, 11), (18, 12), (20, 9), (17, 12), (16, 12), (15, 12), (14, 12), (14, 11), (13, 12), (14, 10), (12, 12), (12, 11), (12, 10), (11, 10), (10, 10), (34, 12), (4, 8), (21, 9), (17, 13), (15, 10), (12, 13), (10, 11), (34, 11), (34, 10), (33, 10), (32, 10), (31, 10), (30, 10), (30, 9), (29, 10), (30, 8), (4, 9), (22, 9), (17, 14), (16, 10), (12, 14), (10, 12), (31, 8), (16, 14), (15, 14), (14, 14), (13, 14), (4, 10), (23, 9), (17, 10), (10, 13), (32, 8), (3, 10), (17, 9), (17, 8), (16, 8), (15, 8), (14, 8), (13, 8), (12, 8), (11, 8), (11, 7), (11, 6), (10, 6), (9, 6), (8, 6), (7, 6), (6, 6)]",51,9,60
140,"(5, 5)","(6, 5)",West,"[(4, 5) via West]","[(5, 5):60, (4, 11):62, (24, 9):62, (10, 14):62, (33, 8):62]","[(4, 5):60, (4, 11):62, (24, 9):62, (10, 14):62, (33, 8):62]","[(34, 16), (34, 15), (33, 16), (34, 14), (32, 16), (33, 14), (31, 16), (32, 14), (30, 16), (31, 14), (29, 16), (30, 14), (28, 16), (30, 13), (27, 16), (30, 12), (26, 16), (25, 16), (25, 15), (24, 16), (25, 14), (23, 16), (22, 16), (21, 16), (20, 16), (19, 16), (18, 16), (17, 16), (16, 16), (15, 16), (14, 16), (13, 16), (12, 16), (11, 16), (10, 16), (9, 16), (8, 16), (7, 16), (6, 16), (5, 16), (4, 16), (3, 16), (2, 16), (1, 16), (1, 15), (1, 14), (1, 13), (1, 12), (1, 11), (1, 10), (1, 9), (1, 8), (1, 7), (31, 12), (26, 14), (2, 7), (32, 12), (27, 14), (3, 7), (27, 13), (27, 12), (27, 11), (26, 11), (25, 11), (24, 11), (33, 12), (4, 7), (24, 12), (23, 12), (22, 12), (21, 12), (20, 12), (20, 11), (19, 12), (20, 10), (19, 11), (18, 12), (20, 9), (17, 12), (16, 12), (15, 12), (14, 12), (14, 11), (13, 12), (14, 10), (12, 12), (12, 11), (12, 10), (11, 10), (10, 10), (34, 12), (4, 8), (21, 9), (17, 13), (15, 10), (12, 13), (10, 11), (34, 11), (34, 10), (33, 10), (32, 10), (31, 10), (30, 10), (30, 9), (29, 10), (30, 8), (4, 9), (22, 9), (17, 14), (16, 10), (12, 14), (10, 12), (31, 8), (16, 14), (15, 14), (14, 14), (13, 14), (4, 10), (23, 9), (17, 10), (10, 13), (32, 8), (3, 10), (17, 9), (17, 8), (16, 8), (15, 8), (14, 8), (13, 8), (12, 8), (11, 8), (11, 7), (11, 6), (10, 6), (9, 6), (8, 6), (7, 6), (6, 6), (6, 5)]",52,8,60
141,"(4, 5)","(5, 5)",West,"[(3, 5) via West]","[(4, 5):60, (4, 11):62, (24, 9):62, (10, 14):62, (33, 8):62]","[(3, 5):60, (4, 11):62, (24, 9):62, (10, 14):62, (33, 8):62]","[(34, 16), (34, 15), (33, 16), (34, 14), (32, 16), (33, 14), (31, 16), (32, 14), (30, 16), (31, 14), (29, 16), (30, 14), (28, 16), (30, 13), (27, 16), (30, 12), (26, 16), (25, 16), (25, 15), (24, 16), (25, 14), (23, 16), (22, 16), (21, 16), (20, 16), (19, 16), (18, 16), (17, 16), (16, 16), (15, 16), (14, 16), (13, 16), (12, 16), (11, 16), (10, 16), (9, 16), (8, 16), (7, 16), (6, 16), (5, 16), (4, 16), (3, 16), (2, 16), (1, 16), (1, 15), (1, 14), (1, 13), (1, 12), (1, 11), (1, 10), (1, 9), (1, 8), (1, 7), (31, 12), (26, 14), (2, 7), (32, 12), (27, 14), (3, 7), (27, 13), (27, 12), (27, 11), (26, 11), (25, 11), (24, 11), (33, 12), (4, 7), (24, 12), (23, 12), (22, 12), (21, 12), (20, 12), (20, 11), (19, 12), (20, 10), (19, 11), (18, 12), (20, 9), (17, 12), (16, 12), (15, 12), (14, 12), (14, 11), (13, 12), (14, 10), (12, 12), (12, 11), (12, 10), (11, 10), (10, 10), (34, 12), (4, 8), (21, 9), (17, 13), (15, 10), (12, 13), (10, 11), (34, 11), (34, 10), (33, 10), (32, 10), (31, 10), (30, 10), (30, 9), (29, 10), (30, 8), (4, 9), (22, 9), (17, 14), (16, 10), (12, 14), (10, 12), (31, 8), (16, 14), (15, 14), (14, 14), (13, 14), (4, 10), (23, 9), (17, 10), (10, 13), (32, 8), (3, 10), (17, 9), (17, 8), (16, 8), (15, 8), (14, 8), (13, 8), (12, 8), (11, 8), (11, 7), (11, 6), (10, 6), (9, 6), (8, 6), (7, 6), (6, 6), (6, 5), (5, 5)]",53,7,60
142,"(3, 5)","(4, 5)",West,"[(2, 5) via West]","[(3, 5):60, (4, 11):62, (24, 9):62, (10, 14):62, (33, 8):62]","[(2, 5):60, (4, 11):62, (24, 9):62, (10, 14):62, (33, 8):62]","[(34, 16), (34, 15), (33, 16), (34, 14), (32, 16), (33, 14), (31, 16), (32, 14), (30, 16), (31, 14), (29, 16), (30, 14), (28, 16), (30, 13), (27, 16), (30, 12), (26, 16), (25, 16), (25, 15), (24, 16), (25, 14), (23, 16), (22, 16), (21, 16), (20, 16), (19, 16), (18, 16), (17, 16), (16, 16), (15, 16), (14, 16), (13, 16), (12, 16), (11, 16), (10, 16), (9, 16), (8, 16), (7, 16), (6, 16), (5, 16), (4, 16), (3, 16), (2, 16), (1, 16), (1, 15), (1, 14), (1, 13), (1, 12), (1, 11), (1, 10), (1, 9), (1, 8), (1, 7), (31, 12), (26, 14), (2, 7), (32, 12), (27, 14), (3, 7), (27, 13), (27, 12), (27, 11), (26, 11), (25, 11), (24, 11), (33, 12), (4, 7), (24, 12), (23, 12), (22, 12), (21, 12), (20, 12), (20, 11), (19, 12), (20, 10), (19, 11), (18, 12), (20, 9), (17, 12), (16, 12), (15, 12), (14, 12), (14, 11), (13, 12), (14, 10), (12, 12), (12, 11), (12, 10), (11, 10), (10, 10), (34, 12), (4, 8), (21, 9), (17, 13), (15, 10), (12, 13), (10, 11), (34, 11), (34, 10), (33, 10), (32, 10), (31, 10), (30, 10), (30, 9), (29, 10), (30, 8), (4, 9), (22, 9), (17, 14), (16, 10), (12, 14), (10, 12), (31, 8), (16, 14), (15, 14), (14, 14), (13, 14), (4, 10), (23, 9), (17, 10), (10, 13), (32, 8), (3, 10), (17, 9), (17, 8), (16, 8), (15, 8), (14, 8), (13, 8), (12, 8), (11, 8), (11, 7), (11, 6), (10, 6), (9, 6), (8, 6), (7, 6), (6, 6), (6, 5), (5, 5), (4, 5)]",54,6,60
143,"(2, 5)","(3, 5)",West,"[(1, 5) via West]","[(2, 5):60, (4, 11):62, (24, 9):62, (10, 14):62, (33, 8):62]","[(1, 5):60, (4, 11):62, (24, 9):62, (10, 14):62, (33, 8):62]","[(34, 16), (34, 15), (33, 16), (34, 14), (32, 16), (33, 14), (31, 16), (32, 14), (30, 16), (31, 14), (29, 16), (30, 14), (28, 16), (30, 13), (27, 16), (30, 12), (26, 16), (25, 16), (25, 15), (24, 16), (25, 14), (23, 16), (22, 16), (21, 16), (20, 16), (19, 16), (18, 16), (17, 16), (16, 16), (15, 16), (14, 16), (13, 16), (12, 16), (11, 16), (10, 16), (9, 16), (8, 16), (7, 16), (6, 16), (5, 16), (4, 16), (3, 16), (2, 16), (1, 16), (1, 15), (1, 14), (1, 13), (1, 12), (1, 11), (1, 10), (1, 9), (1, 8), (1, 7), (31, 12), (26, 14), (2, 7), (32, 12), (27, 14), (3, 7), (27, 13), (27, 12), (27, 11), (26, 11), (25, 11), (24, 11), (33, 12), (4, 7), (24, 12), (23, 12), (22, 12), (21, 12), (20, 12), (20, 11), (19, 12), (20, 10), (19, 11), (18, 12), (20, 9), (17, 12), (16, 12), (15, 12), (14, 12), (14, 11), (13, 12), (14, 10), (12, 12), (12, 11), (12, 10), (11, 10), (10, 10), (34, 12), (4, 8), (21, 9), (17, 13), (15, 10), (12, 13), (10, 11), (34, 11), (34, 10), (33, 10), (32, 10), (31, 10), (30, 10), (30, 9), (29, 10), (30, 8), (4, 9), (22, 9), (17, 14), (16, 10), (12, 14), (10, 12), (31, 8), (16, 14), (15, 14), (14, 14), (13, 14), (4, 10), (23, 9), (17, 10), (10, 13), (32, 8), (3, 10), (17, 9), (17, 8), (16, 8), (15, 8), (14, 8), (13, 8), (12, 8), (11, 8), (11, 7), (11, 6), (10, 6), (9, 6), (8, 6), (7, 6), (6, 6), (6, 5), (5, 5), (4, 5), (3, 5)]",55,5,60
144,"(1, 5)","(2, 5)",West,"[(1, 4) via South]","[(1, 5):60, (4, 11):62, (24, 9):62, (10, 14):62, (33, 8):62]","[(1, 4):60, (4, 11):62, (24, 9):62, (10, 14):62, (33, 8):62]","[(34, 16), (34, 15), (33, 16), (34, 14), (32, 16), (33, 14), (31, 16), (32, 14), (30, 16), (31, 14), (29, 16), (30, 14), (28, 16), (30, 13), (27, 16), (30, 12), (26, 16), (25, 16), (25, 15), (24, 16), (25, 14), (23, 16), (22, 16), (21, 16), (20, 16), (19, 16), (18, 16), (17, 16), (16, 16), (15, 16), (14, 16), (13, 16), (12, 16), (11, 16), (10, 16), (9, 16), (8, 16), (7, 16), (6, 16), (5, 16), (4, 16), (3, 16), (2, 16), (1, 16), (1, 15), (1, 14), (1, 13), (1, 12), (1, 11), (1, 10), (1, 9), (1, 8), (1, 7), (31, 12), (26, 14), (2, 7), (32, 12), (27, 14), (3, 7), (27, 13), (27, 12), (27, 11), (26, 11), (25, 11), (24, 11), (33, 12), (4, 7), (24, 12), (23, 12), (22, 12), (21, 12), (20, 12), (20, 11), (19, 12), (20, 10), (19, 11), (18, 12), (20, 9), (17, 12), (16, 12), (15, 12), (14, 12), (14, 11), (13, 12), (14, 10), (12, 12), (12, 11), (12, 10), (11, 10), (10, 10), (34, 12), (4, 8), (21, 9), (17, 13), (15, 10), (12, 13), (10, 11), (34, 11), (34, 10), (33, 10), (32, 10), (31, 10), (30, 10), (30, 9), (29, 10), (30, 8), (4, 9), (22, 9), (17, 14), (16, 10), (12, 14), (10, 12), (31, 8), (16, 14), (15, 14), (14, 14), (13, 14), (4, 10), (23, 9), (17, 10), (10, 13), (32, 8), (3, 10), (17, 9), (17, 8), (16, 8), (15, 8), (14, 8), (13, 8), (12, 8), (11, 8), (11, 7), (11, 6), (10, 6), (9, 6), (8, 6), (7, 6), (6, 6), (6, 5), (5, 5), (4, 5), (3, 5), (2, 5)]",56,4,60
145,"(1, 4)","(1, 5)",South,"[(1, 3) via South]","[(1, 4):60, (4, 11):62, (24, 9):62, (10, 14):62, (33, 8):62]","[(1, 3):60, (4, 11):62, (24, 9):62, (10, 14):62, (33, 8):62]","[(34, 16), (34, 15), (33, 16), (34, 14), (32, 16), (33, 14), (31, 16), (32, 14), (30, 16), (31, 14), (29, 16), (30, 14), (28, 16), (30, 13), (27, 16), (30, 12), (26, 16), (25, 16), (25, 15), (24, 16), (25, 14), (23, 16), (22, 16), (21, 16), (20, 16), (19, 16), (18, 16), (17, 16), (16, 16), (15, 16), (14, 16), (13, 16), (12, 16), (11, 16), (10, 16), (9, 16), (8, 16), (7, 16), (6, 16), (5, 16), (4, 16), (3, 16), (2, 16), (1, 16), (1, 15), (1, 14), (1, 13), (1, 12), (1, 11), (1, 10), (1, 9), (1, 8), (1, 7), (31, 12), (26, 14), (2, 7), (32, 12), (27, 14), (3, 7), (27, 13), (27, 12), (27, 11), (26, 11), (25, 11), (24, 11), (33, 12), (4, 7), (24, 12), (23, 12), (22, 12), (21, 12), (20, 12), (20, 11), (19, 12), (20, 10), (19, 11), (18, 12), (20, 9), (17, 12), (16, 12), (15, 12), (14, 12), (14, 11), (13, 12), (14, 10), (12, 12), (12, 11), (12, 10), (11, 10), (10, 10), (34, 12), (4, 8), (21, 9), (17, 13), (15, 10), (12, 13), (10, 11), (34, 11), (34, 10), (33, 10), (32, 10), (31, 10), (30, 10), (30, 9), (29, 10), (30, 8), (4, 9), (22, 9), (17, 14), (16, 10), (12, 14), (10, 12), (31, 8), (16, 14), (15, 14), (14, 14), (13, 14), (4, 10), (23, 9), (17, 10), (10, 13), (32, 8), (3, 10), (17, 9), (17, 8), (16, 8), (15, 8), (14, 8), (13, 8), (12, 8), (11, 8), (11, 7), (11, 6), (10, 6), (9, 6), (8, 6), (7, 6), (6, 6), (6, 5), (5, 5), (4, 5), (3, 5), (2, 5), (1, 5)]",57,3,60
146,"(1, 3)","(1, 4)",South,"[(2, 3) via East]","[(1, 3):60, (4, 11):62, (24, 9):62, (10, 14):62, (33, 8):62]","[(4, 11):62, (24, 9):62, (10, 14):62, (33, 8):62, (2, 3):62]","[(34, 16), (34, 15), (33, 16), (34, 14), (32, 16), (33, 14), (31, 16), (32, 14), (30, 16), (31, 14), (29, 16), (30, 14), (28, 16), (30, 13), (27, 16), (30, 12), (26, 16), (25, 16), (25, 15), (24, 16), (25, 14), (23, 16), (22, 16), (21, 16), (20, 16), (19, 16), (18, 16), (17, 16), (16, 16), (15, 16), (14, 16), (13, 16), (12, 16), (11, 16), (10, 16), (9, 16), (8, 16), (7, 16), (6, 16), (5, 16), (4, 16), (3, 16), (2, 16), (1, 16), (1, 15), (1, 14), (1, 13), (1, 12), (1, 11), (1, 10), (1, 9), (1, 8), (1, 7), (31, 12), (26, 14), (2, 7), (32, 12), (27, 14), (3, 7), (27, 13), (27, 12), (27, 11), (26, 11), (25, 11), (24, 11), (33, 12), (4, 7), (24, 12), (23, 12), (22, 12), (21, 12), (20, 12), (20, 11), (19, 12), (20, 10), (19, 11), (18, 12), (20, 9), (17, 12), (16, 12), (15, 12), (14, 12), (14, 11), (13, 12), (14, 10), (12, 12), (12, 11), (12, 10), (11, 10), (10, 10), (34, 12), (4, 8), (21, 9), (17, 13), (15, 10), (12, 13), (10, 11), (34, 11), (34, 10), (33, 10), (32, 10), (31, 10), (30, 10), (30, 9), (29, 10), (30, 8), (4, 9), (22, 9), (17, 14), (16, 10), (12, 14), (10, 12), (31, 8), (16, 14), (15, 14), (14, 14), (13, 14), (4, 10), (23, 9), (17, 10), (10, 13), (32, 8), (3, 10), (17, 9), (17, 8), (16, 8), (15, 8), (14, 8), (13, 8), (12, 8), (11, 8), (11, 7), (11, 6), (10, 6), (9, 6), (8, 6), (7, 6), (6, 6), (6, 5), (5, 5), (4, 5), (3, 5), (2, 5), (1, 5), (1, 4)]",58,2,60
147,"(4, 11)","(4, 10)",North,"[(4, 12) via North]","[(4, 11):62, (24, 9):62, (10, 14):62, (33, 8):62, (2, 3):62]","[(24, 9):62, (10, 14):62, (33, 8):62, (2, 3):62, (4, 12):64]","[(34, 16), (34, 15), (33, 16), (34, 14), (32, 16), (33, 14), (31, 16), (32, 14), (30, 16), (31, 14), (29, 16), (30, 14), (28, 16), (30, 13), (27, 16), (30, 12), (26, 16), (25, 16), (25, 15), (24, 16), (25, 14), (23, 16), (22, 16), (21, 16), (20, 16), (19, 16), (18, 16), (17, 16), (16, 16), (15, 16), (14, 16), (13, 16), (12, 16), (11, 16), (10, 16), (9, 16), (8, 16), (7, 16), (6, 16), (5, 16), (4, 16), (3, 16), (2, 16), (1, 16), (1, 15), (1, 14), (1, 13), (1, 12), (1, 11), (1, 10), (1, 9), (1, 8), (1, 7), (31, 12), (26, 14), (2, 7), (32, 12), (27, 14), (3, 7), (27, 13), (27, 12), (27, 11), (26, 11), (25, 11), (24, 11), (33, 12), (4, 7), (24, 12), (23, 12), (22, 12), (21, 12), (20, 12), (20, 11), (19, 12), (20, 10), (19, 11), (18, 12), (20, 9), (17, 12), (16, 12), (15, 12), (14, 12), (14, 11), (13, 12), (14, 10), (12, 12), (12, 11), (12, 10), (11, 10), (10, 10), (34, 12), (4, 8), (21, 9), (17, 13), (15, 10), (12, 13), (10, 11), (34, 11), (34, 10), (33, 10), (32, 10), (31, 10), (30, 10), (30, 9), (29, 10), (30, 8), (4, 9), (22, 9), (17, 14), (16, 10), (12, 14), (10, 12), (31, 8), (16, 14), (15, 14), (14, 14), (13, 14), (4, 10), (23, 9), (17, 10), (10, 13), (32, 8), (3, 10), (17, 9), (17, 8), (16, 8), (15, 8), (14, 8), (13, 8), (12, 8), (11, 8), (11, 7), (11, 6), (10, 6), (9, 6), (8, 6), (7, 6), (6, 6), (6, 5), (5, 5), (4, 5), (3, 5), (2, 5), (1, 5), (1, 4), (1, 3)]",49,13,62
148,"(24, 9)","(23, 9)",East,"[(25, 9) via East]","[(24, 9):62, (10, 14):62, (33, 8):62, (2, 3):62, (4, 12):64]","[(10, 14):62, (33, 8):62, (2, 3):62, (4, 12):64, (25, 9):64]","[(34, 16), (34, 15), (33, 16), (34, 14), (32, 16), (33, 14), (31, 16), (32, 14), (30, 16), (31, 14), (29, 16), (30, 14), (28, 16), (30, 13), (27, 16), (30, 12), (26, 16), (25, 16), (25, 15), (24, 16), (25, 14), (23, 16), (22, 16), (21, 16), (20, 16), (19, 16), (18, 16), (17, 16), (16, 16), (15, 16), (14, 16), (13, 16), (12, 16), (11, 16), (10, 16), (9, 16), (8, 16), (7, 16), (6, 16), (5, 16), (4, 16), (3, 16), (2, 16), (1, 16), (1, 15), (1, 14), (1, 13), (1, 12), (1, 11), (1, 10), (1, 9), (1, 8), (1, 7), (31, 12), (26, 14), (2, 7), (32, 12), (27, 14), (3, 7), (27, 13), (27, 12), (27, 11), (26, 11), (25, 11), (24, 11), (33, 12), (4, 7), (24, 12), (23, 12), (22, 12), (21, 12), (20, 12), (20, 11), (19, 12), (20, 10), (19, 11), (18, 12), (20, 9), (17, 12), (16, 12), (15, 12), (14, 12), (14, 11), (13, 12), (14, 10), (12, 12), (12, 11), (12, 10), (11, 10), (10, 10), (34, 12), (4, 8), (21, 9), (17, 13), (15, 10), (12, 13), (10, 11), (34, 11), (34, 10), (33, 10), (32, 10), (31, 10), (30, 10), (30, 9), (29, 10), (30, 8), (4, 9), (22, 9), (17, 14), (16, 10), (12, 14), (10, 12), (31, 8), (16, 14), (15, 14), (14, 14), (13, 14), (4, 10), (23, 9), (17, 10), (10, 13), (32, 8), (3, 10), (17, 9), (17, 8), (16, 8), (15, 8), (14, 8), (13, 8), (12, 8), (11, 8), (11, 7), (11, 6), (10, 6), (9, 6), (8, 6), (7, 6), (6, 6), (6, 5), (5, 5), (4, 5), (3, 5), (2, 5), (1, 5), (1, 4), (1, 3), (4, 11)]",31,31,62
149,"(10, 14)","(10, 13)",North,"[(9, 14) via West]","[(10, 14):62, (33, 8):62, (2, 3):62, (4, 12):64, (25, 9):64]","[(33, 8):62, (2, 3):62, (9, 14):62, (4, 12):64, (25, 9):64]","[(34, 16), (34, 15), (33, 16), (34, 14), (32, 16), (33, 14), (31, 16), (32, 14), (30, 16), (31, 14), (29, 16), (30, 14), (28, 16), (30, 13), (27, 16), (30, 12), (26, 16), (25, 16), (25, 15), (24, 16), (25, 14), (23, 16), (22, 16), (21, 16), (20, 16), (19, 16), (18, 16), (17, 16), (16, 16), (15, 16), (14, 16), (13, 16), (12, 16), (11, 16), (10, 16), (9, 16), (8, 16), (7, 16), (6, 16), (5, 16), (4, 16), (3, 16), (2, 16), (1, 16), (1, 15), (1, 14), (1, 13), (1, 12), (1, 11), (1, 10), (1, 9), (1, 8), (1, 7), (31, 12), (26, 14), (2, 7), (32, 12), (27, 14), (3, 7), (27, 13), (27, 12), (27, 11), (26, 11), (25, 11), (24, 11), (33, 12), (4, 7), (24, 12), (23, 12), (22, 12), (21, 12), (20, 12), (20, 11), (19, 12), (20, 10), (19, 11), (18, 12), (20, 9), (17, 12), (16, 12), (15, 12), (14, 12), (14, 11), (13, 12), (14, 10), (12, 12), (12, 11), (12, 10), (11, 10), (10, 10), (34, 12), (4, 8), (21, 9), (17, 13), (15, 10), (12, 13), (10, 11), (34, 11), (34, 10), (33, 10), (32, 10), (31, 10), (30, 10), (30, 9), (29, 10), (30, 8), (4, 9), (22, 9), (17, 14), (16, 10), (12, 14), (10, 12), (31, 8), (16, 14), (15, 14), (14, 14), (13, 14), (4, 10), (23, 9), (17, 10), (10, 13), (32, 8), (3, 10), (17, 9), (17, 8), (16, 8), (15, 8), (14, 8), (13, 8), (12, 8), (11, 8), (11, 7), (11, 6), (10, 6), (9, 6), (8, 6), (7, 6), (6, 6), (6, 5), (5, 5), (4, 5), (3, 5), (2, 5), (1, 5), (1, 4), (1, 3), (4, 11), (24, 9)]",40,22,62
150,"(33, 8)","(32, 8)",East,"[(34, 8) via East]","[(33, 8):62, (2, 3):62, (9, 14):62, (4, 12):64, (25, 9):64]","[(2, 3):62, (9, 14):62, (4, 12):64, (25, 9):64, (34, 8):64]","[(34, 16), (34, 15), (33, 16), (34, 14), (32, 16), (33, 14), (31, 16), (32, 14), (30, 16), (31, 14), (29, 16), (30, 14), (28, 16), (30, 13), (27, 16), (30, 12), (26, 16), (25, 16), (25, 15), (24, 16), (25, 14), (23, 16), (22, 16), (21, 16), (20, 16), (19, 16), (18, 16), (17, 16), (16, 16), (15, 16), (14, 16), (13, 16), (12, 16), (11, 16), (10, 16), (9, 16), (8, 16), (7, 16), (6, 16), (5, 16), (4, 16), (3, 16), (2, 16), (1, 16), (1, 15), (1, 14), (1, 13), (1, 12), (1, 11), (1, 10), (1, 9), (1, 8), (1, 7), (31, 12), (26, 14), (2, 7), (32, 12), (27, 14), (3, 7), (27, 13), (27, 12), (27, 11), (26, 11), (25, 11), (24, 11), (33, 12), (4, 7), (24, 12), (23, 12), (22, 12), (21, 12), (20, 12), (20, 11), (19, 12), (20, 10), (19, 11), (18, 12), (20, 9), (17, 12), (16, 12), (15, 12), (14, 12), (14, 11), (13, 12), (14, 10), (12, 12), (12, 11), (12, 10), (11, 10), (10, 10), (34, 12), (4, 8), (21, 9), (17, 13), (15, 10), (12, 13), (10, 11), (34, 11), (34, 10), (33, 10), (32, 10), (31, 10), (30, 10), (30, 9), (29, 10), (30, 8), (4, 9), (22, 9), (17, 14), (16, 10), (12, 14), (10, 12), (31, 8), (16, 14), (15, 14), (14, 14), (13, 14), (4, 10), (23, 9), (17, 10), (10, 13), (32, 8), (3, 10), (17, 9), (17, 8), (16, 8), (15, 8), (14, 8), (13, 8), (12, 8), (11, 8), (11, 7), (11, 6), (10, 6), (9, 6), (8, 6), (7, 6), (6, 6), (6, 5), (5, 5), (4, 5), (3, 5), (2, 5), (1, 5), (1, 4), (1, 3), (4, 11), (24, 9), (10, 14)]",23,39,62
151,"(2, 3)","(1, 3)",East,"[(3, 3) via East]","[(2, 3):62, (9, 14):62, (4, 12):64, (25, 9):64, (34, 8):64]","[(9, 14):62, (4, 12):64, (25, 9):64, (34, 8):64, (3, 3):64]","[(34, 16), (34, 15), (33, 16), (34, 14), (32, 16), (33, 14), (31, 16), (32, 14), (30, 16), (31, 14), (29, 16), (30, 14), (28, 16), (30, 13), (27, 16), (30, 12), (26, 16), (25, 16), (25, 15), (24, 16), (25, 14), (23, 16), (22, 16), (21, 16), (20, 16), (19, 16), (18, 16), (17, 16), (16, 16), (15, 16), (14, 16), (13, 16), (12, 16), (11, 16), (10, 16), (9, 16), (8, 16), (7, 16), (6, 16), (5, 16), (4, 16), (3, 16), (2, 16), (1, 16), (1, 15), (1, 14), (1, 13), (1, 12), (1, 11), (1, 10), (1, 9), (1, 8), (1, 7), (31, 12), (26, 14), (2, 7), (32, 12), (27, 14), (3, 7), (27, 13), (27, 12), (27, 11), (26, 11), (25, 11), (24, 11), (33, 12), (4, 7), (24, 12), (23, 12), (22, 12), (21, 12), (20, 12), (20, 11), (19, 12), (20, 10), (19, 11), (18, 12), (20, 9), (17, 12), (16, 12), (15, 12), (14, 12), (14, 11), (13, 12), (14, 10), (12, 12), (12, 11), (12, 10), (11, 10), (10, 10), (34, 12), (4, 8), (21, 9), (17, 13), (15, 10), (12, 13), (10, 11), (34, 11), (34, 10), (33, 10), (32, 10), (31, 10), (30, 10), (30, 9), (29, 10), (30, 8), (4, 9), (22, 9), (17, 14), (16, 10), (12, 14), (10, 12), (31, 8), (16, 14), (15, 14), (14, 14), (13, 14), (4, 10), (23, 9), (17, 10), (10, 13), (32, 8), (3, 10), (17, 9), (17, 8), (16, 8), (15, 8), (14, 8), (13, 8), (12, 8), (11, 8), (11, 7), (11, 6), (10, 6), (9, 6), (8, 6), (7, 6), (6, 6), (6, 5), (5, 5), (4, 5), (3, 5), (2, 5), (1, 5), (1, 4), (1, 3), (4, 11), (24, 9), (10, 14), (33, 8)]",59,3,62
152,"(9, 14)","(10, 14)",West,"[(8, 14) via West]","[(9, 14):62, (4, 12):64, (25, 9):64, (34, 8):64, (3, 3):64]","[(8, 14):62, (4, 12):64, (25, 9):64, (34, 8):64, (3, 3):64]","[(34, 16), (34, 15), (33, 16), (34, 14), (32, 16), (33, 14), (31, 16), (32, 14), (30, 16), (31, 14), (29, 16), (30, 14), (28, 16), (30, 13), (27, 16), (30, 12), (26, 16), (25, 16), (25, 15), (24, 16), (25, 14), (23, 16), (22, 16), (21, 16), (20, 16), (19, 16), (18, 16), (17, 16), (16, 16), (15, 16), (14, 16), (13, 16), (12, 16), (11, 16), (10, 16), (9, 16), (8, 16), (7, 16), (6, 16), (5, 16), (4, 16), (3, 16), (2, 16), (1, 16), (1, 15), (1, 14), (1, 13), (1, 12), (1, 11), (1, 10), (1, 9), (1, 8), (1, 7), (31, 12), (26, 14), (2, 7), (32, 12), (27, 14), (3, 7), (27, 13), (27, 12), (27, 11), (26, 11), (25, 11), (24, 11), (33, 12), (4, 7), (24, 12), (23, 12), (22, 12), (21, 12), (20, 12), (20, 11), (19, 12), (20, 10), (19, 11), (18, 12), (20, 9), (17, 12), (16, 12), (15, 12), (14, 12), (14, 11), (13, 12), (14, 10), (12, 12), (12, 11), (12, 10), (11, 10), (10, 10), (34, 12), (4, 8), (21, 9), (17, 13), (15, 10), (12, 13), (10, 11), (34, 11), (34, 10), (33, 10), (32, 10), (31, 10), (30, 10), (30, 9), (29, 10), (30, 8), (4, 9), (22, 9), (17, 14), (16, 10), (12, 14), (10, 12), (31, 8), (16, 14), (15, 14), (14, 14), (13, 14), (4, 10), (23, 9), (17, 10), (10, 13), (32, 8), (3, 10), (17, 9), (17, 8), (16, 8), (15, 8), (14, 8), (13, 8), (12, 8), (11, 8), (11, 7), (11, 6), (10, 6), (9, 6), (8, 6), (7, 6), (6, 6), (6, 5), (5, 5), (4, 5), (3, 5), (2, 5), (1, 5), (1, 4), (1, 3), (4, 11), (24, 9), (10, 14), (33, 8), (2, 3)]",41,21,62
153,"(8, 14)","(9, 14)",West,"[(8, 13) via South]","[(8, 14):62, (4, 12):64, (25, 9):64, (34, 8):64, (3, 3):64]","[(8, 13):62, (4, 12):64, (25, 9):64, (34, 8):64, (3, 3):64]","[(34, 16), (34, 15), (33, 16), (34, 14), (32, 16), (33, 14), (31, 16), (32, 14), (30, 16), (31, 14), (29, 16), (30, 14), (28, 16), (30, 13), (27, 16), (30, 12), (26, 16), (25, 16), (25, 15), (24, 16), (25, 14), (23, 16), (22, 16), (21, 16), (20, 16), (19, 16), (18, 16), (17, 16), (16, 16), (15, 16), (14, 16), (13, 16), (12, 16), (11, 16), (10, 16), (9, 16), (8, 16), (7, 16), (6, 16), (5, 16), (4, 16), (3, 16), (2, 16), (1, 16), (1, 15), (1, 14), (1, 13), (1, 12), (1, 11), (1, 10), (1, 9), (1, 8), (1, 7), (31, 12), (26, 14), (2, 7), (32, 12), (27, 14), (3, 7), (27, 13), (27, 12), (27, 11), (26, 11), (25, 11), (24, 11), (33, 12), (4, 7), (24, 12), (23, 12), (22, 12), (21, 12), (20, 12), (20, 11), (19, 12), (20, 10), (19, 11), (18, 12), (20, 9), (17, 12), (16, 12), (15, 12), (14, 12), (14, 11), (13, 12), (14, 10), (12, 12), (12, 11), (12, 10), (11, 10), (10, 10), (34, 12), (4, 8), (21, 9), (17, 13), (15, 10), (12, 13), (10, 11), (34, 11), (34, 10), (33, 10), (32, 10), (31, 10), (30, 10), (30, 9), (29, 10), (30, 8), (4, 9), (22, 9), (17, 14), (16, 10), (12, 14), (10, 12), (31, 8), (16, 14), (15, 14), (14, 14), (13, 14), (4, 10), (23, 9), (17, 10), (10, 13), (32, 8), (3, 10), (17, 9), (17, 8), (16, 8), (15, 8), (14, 8), (13, 8), (12, 8), (11, 8), (11, 7), (11, 6), (10, 6), (9, 6), (8, 6), (7, 6), (6, 6), (6, 5), (5, 5), (4, 5), (3, 5), (2, 5), (1, 5), (1, 4), (1, 3), (4, 11), (24, 9), (10, 14), (33, 8), (2, 3), (9, 14)]",42,20,62
154,"(8, 13)","(8, 14)",South,"[(8, 12) via South]","[(8, 13):62, (4, 12):64, (25, 9):64, (34, 8):64, (3, 3):64]","[(8, 12):62, (4, 12):64, (25, 9):64, (34, 8):64, (3, 3):64]","[(34, 16), (34, 15), (33, 16), (34, 14), (32, 16), (33, 14), (31, 16), (32, 14), (30, 16), (31, 14), (29, 16), (30, 14), (28, 16), (30, 13), (27, 16), (30, 12), (26, 16), (25, 16), (25, 15), (24, 16), (25, 14), (23, 16), (22, 16), (21, 16), (20, 16), (19, 16), (18, 16), (17, 16), (16, 16), (15, 16), (14, 16), (13, 16), (12, 16), (11, 16), (10, 16), (9, 16), (8, 16), (7, 16), (6, 16), (5, 16), (4, 16), (3, 16), (2, 16), (1, 16), (1, 15), (1, 14), (1, 13), (1, 12), (1, 11), (1, 10), (1, 9), (1, 8), (1, 7), (31, 12), (26, 14), (2, 7), (32, 12), (27, 14), (3, 7), (27, 13), (27, 12), (27, 11), (26, 11), (25, 11), (24, 11), (33, 12), (4, 7), (24, 12), (23, 12), (22, 12), (21, 12), (20, 12), (20, 11), (19, 12), (20, 10), (19, 11), (18, 12), (20, 9), (17, 12), (16, 12), (15, 12), (14, 12), (14, 11), (13, 12), (14, 10), (12, 12), (12, 11), (12, 10), (11, 10), (10, 10), (34, 12), (4, 8), (21, 9), (17, 13), (15, 10), (12, 13), (10, 11), (34, 11), (34, 10), (33, 10), (32, 10), (31, 10), (30, 10), (30, 9), (29, 10), (30, 8), (4, 9), (22, 9), (17, 14), (16, 10), (12, 14), (10, 12), (31, 8), (16, 14), (15, 14), (14, 14), (13, 14), (4, 10), (23, 9), (17, 10), (10, 13), (32, 8), (3, 10), (17, 9), (17, 8), (16, 8), (15, 8), (14, 8), (13, 8), (12, 8), (11, 8), (11, 7), (11, 6), (10, 6), (9, 6), (8, 6), (7, 6), (6, 6), (6, 5), (5, 5), (4, 5), (3, 5), (2, 5), (1, 5), (1, 4), (1, 3), (4, 11), (24, 9), (10, 14), (33, 8), (2, 3), (9, 14), (8, 14)]",43,19,62
155,"(8, 12)","(8, 13)",South,"[(8, 11) via South]","[(8, 12):62, (4, 12):64, (25, 9):64, (34, 8):64, (3, 3):64]","[(8, 11):62, (4, 12):64, (25, 9):64, (34, 8):64, (3, 3):64]","[(34, 16), (34, 15), (33, 16), (34, 14), (32, 16), (33, 14), (31, 16), (32, 14), (30, 16), (31, 14), (29, 16), (30, 14), (28, 16), (30, 13), (27, 16), (30, 12), (26, 16), (25, 16), (25, 15), (24, 16), (25, 14), (23, 16), (22, 16), (21, 16), (20, 16), (19, 16), (18, 16), (17, 16), (16, 16), (15, 16), (14, 16), (13, 16), (12, 16), (11, 16), (10, 16), (9, 16), (8, 16), (7, 16), (6, 16), (5, 16), (4, 16), (3, 16), (2, 16), (1, 16), (1, 15), (1, 14), (1, 13), (1, 12), (1, 11), (1, 10), (1, 9), (1, 8), (1, 7), (31, 12), (26, 14), (2, 7), (32, 12), (27, 14), (3, 7), (27, 13), (27, 12), (27, 11), (26, 11), (25, 11), (24, 11), (33, 12), (4, 7), (24, 12), (23, 12), (22, 12), (21, 12), (20, 12), (20, 11), (19, 12), (20, 10), (19, 11), (18, 12), (20, 9), (17, 12), (16, 12), (15, 12), (14, 12), (14, 11), (13, 12), (14, 10), (12, 12), (12, 11), (12, 10), (11, 10), (10, 10), (34, 12), (4, 8), (21, 9), (17, 13), (15, 10), (12, 13), (10, 11), (34, 11), (34, 10), (33, 10), (32, 10), (31, 10), (30, 10), (30, 9), (29, 10), (30, 8), (4, 9), (22, 9), (17, 14), (16, 10), (12, 14), (10, 12), (31, 8), (16, 14), (15, 14), (14, 14), (13, 14), (4, 10), (23, 9), (17, 10), (10, 13), (32, 8), (3, 10), (17, 9), (17, 8), (16, 8), (15, 8), (14, 8), (13, 8), (12, 8), (11, 8), (11, 7), (11, 6), (10, 6), (9, 6), (8, 6), (7, 6), (6, 6), (6, 5), (5, 5), (4, 5), (3, 5), (2, 5), (1, 5), (1, 4), (1, 3), (4, 11), (24, 9), (10, 14), (33, 8), (2, 3), (9, 14), (8, 14), (8, 13)]",44,18,62
156,"(8, 11)","(8, 12)",South,"[(8, 10) via South]","[(8, 11):62, (4, 12):64, (25, 9):64, (34, 8):64, (3, 3):64]","[(8, 10):62, (4, 12):64, (25, 9):64, (34, 8):64, (3, 3):64]","[(34, 16), (34, 15), (33, 16), (34, 14), (32, 16), (33, 14), (31, 16), (32, 14), (30, 16), (31, 14), (29, 16), (30, 14), (28, 16), (30, 13), (27, 16), (30, 12), (26, 16), (25, 16), (25, 15), (24, 16), (25, 14), (23, 16), (22, 16), (21, 16), (20, 16), (19, 16), (18, 16), (17, 16), (16, 16), (15, 16), (14, 16), (13, 16), (12, 16), (11, 16), (10, 16), (9, 16), (8, 16), (7, 16), (6, 16), (5, 16), (4, 16), (3, 16), (2, 16), (1, 16), (1, 15), (1, 14), (1, 13), (1, 12), (1, 11), (1, 10), (1, 9), (1, 8), (1, 7), (31, 12), (26, 14), (2, 7), (32, 12), (27, 14), (3, 7), (27, 13), (27, 12), (27, 11), (26, 11), (25, 11), (24, 11), (33, 12), (4, 7), (24, 12), (23, 12), (22, 12), (21, 12), (20, 12), (20, 11), (19, 12), (20, 10), (19, 11), (18, 12), (20, 9), (17, 12), (16, 12), (15, 12), (14, 12), (14, 11), (13, 12), (14, 10), (12, 12), (12, 11), (12, 10), (11, 10), (10, 10), (34, 12), (4, 8), (21, 9), (17, 13), (15, 10), (12, 13), (10, 11), (34, 11), (34, 10), (33, 10), (32, 10), (31, 10), (30, 10), (30, 9), (29, 10), (30, 8), (4, 9), (22, 9), (17, 14), (16, 10), (12, 14), (10, 12), (31, 8), (16, 14), (15, 14), (14, 14), (13, 14), (4, 10), (23, 9), (17, 10), (10, 13), (32, 8), (3, 10), (17, 9), (17, 8), (16, 8), (15, 8), (14, 8), (13, 8), (12, 8), (11, 8), (11, 7), (11, 6), (10, 6), (9, 6), (8, 6), (7, 6), (6, 6), (6, 5), (5, 5), (4, 5), (3, 5), (2, 5), (1, 5), (1, 4), (1, 3), (4, 11), (24, 9), (10, 14), (33, 8), (2, 3), (9, 14), (8, 14), (8, 13), (8, 12)]",45,17,62
157,"(8, 10)","(8, 11)",South,"[(8, 9) via South]","[(8, 10):62, (4, 12):64, (25, 9):64, (34, 8):64, (3, 3):64]","[(8, 9):62, (4, 12):64, (25, 9):64, (34, 8):64, (3, 3):64]","[(34, 16), (34, 15), (33, 16), (34, 14), (32, 16), (33, 14), (31, 16), (32, 14), (30, 16), (31, 14), (29, 16), (30, 14), (28, 16), (30, 13), (27, 16), (30, 12), (26, 16), (25, 16), (25, 15), (24, 16), (25, 14), (23, 16), (22, 16), (21, 16), (20, 16), (19, 16), (18, 16), (17, 16), (16, 16), (15, 16), (14, 16), (13, 16), (12, 16), (11, 16), (10, 16), (9, 16), (8, 16), (7, 16), (6, 16), (5, 16), (4, 16), (3, 16), (2, 16), (1, 16), (1, 15), (1, 14), (1, 13), (1, 12), (1, 11), (1, 10), (1, 9), (1, 8), (1, 7), (31, 12), (26, 14), (2, 7), (32, 12), (27, 14), (3, 7), (27, 13), (27, 12), (27, 11), (26, 11), (25, 11), (24, 11), (33, 12), (4, 7), (24, 12), (23, 12), (22, 12), (21, 12), (20, 12), (20, 11), (19, 12), (20, 10), (19, 11), (18, 12), (20, 9), (17, 12), (16, 12), (15, 12), (14, 12), (14, 11), (13, 12), (14, 10), (12, 12), (12, 11), (12, 10), (11, 10), (10, 10), (34, 12), (4, 8), (21, 9), (17, 13), (15, 10), (12, 13), (10, 11), (34, 11), (34, 10), (33, 10), (32, 10), (31, 10), (30, 10), (30, 9), (29, 10), (30, 8), (4, 9), (22, 9), (17, 14), (16, 10), (12, 14), (10, 12), (31, 8), (16, 14), (15, 14), (14, 14), (13, 14), (4, 10), (23, 9), (17, 10), (10, 13), (32, 8), (3, 10), (17, 9), (17, 8), (16, 8), (15, 8), (14, 8), (13, 8), (12, 8), (11, 8), (11, 7), (11, 6), (10, 6), (9, 6), (8, 6), (7, 6), (6, 6), (6, 5), (5, 5), (4, 5), (3, 5), (2, 5), (1, 5), (1, 4), (1, 3), (4, 11), (24, 9), (10, 14), (33, 8), (2, 3), (9, 14), (8, 14), (8, 13), (8, 12), (8, 11)]",46,16,62
158,"(8, 9)","(8, 10)",South,"[(8, 8) via South]","[(8, 9):62, (4, 12):64, (25, 9):64, (34, 8):64, (3, 3):64]","[(8, 8):62, (4, 12):64, (25, 9):64, (34, 8):64, (3, 3):64]","[(34, 16), (34, 15), (33, 16), (34, 14), (32, 16), (33, 14), (31, 16), (32, 14), (30, 16), (31, 14), (29, 16), (30, 14), (28, 16), (30, 13), (27, 16), (30, 12), (26, 16), (25, 16), (25, 15), (24, 16), (25, 14), (23, 16), (22, 16), (21, 16), (20, 16), (19, 16), (18, 16), (17, 16), (16, 16), (15, 16), (14, 16), (13, 16), (12, 16), (11, 16), (10, 16), (9, 16), (8, 16), (7, 16), (6, 16), (5, 16), (4, 16), (3, 16), (2, 16), (1, 16), (1, 15), (1, 14), (1, 13), (1, 12), (1, 11), (1, 10), (1, 9), (1, 8), (1, 7), (31, 12), (26, 14), (2, 7), (32, 12), (27, 14), (3, 7), (27, 13), (27, 12), (27, 11), (26, 11), (25, 11), (24, 11), (33, 12), (4, 7), (24, 12), (23, 12), (22, 12), (21, 12), (20, 12), (20, 11), (19, 12), (20, 10), (19, 11), (18, 12), (20, 9), (17, 12), (16, 12), (15, 12), (14, 12), (14, 11), (13, 12), (14, 10), (12, 12), (12, 11), (12, 10), (11, 10), (10, 10), (34, 12), (4, 8), (21, 9), (17, 13), (15, 10), (12, 13), (10, 11), (34, 11), (34, 10), (33, 10), (32, 10), (31, 10), (30, 10), (30, 9), (29, 10), (30, 8), (4, 9), (22, 9), (17, 14), (16, 10), (12, 14), (10, 12), (31, 8), (16, 14), (15, 14), (14, 14), (13, 14), (4, 10), (23, 9), (17, 10), (10, 13), (32, 8), (3, 10), (17, 9), (17, 8), (16, 8), (15, 8), (14, 8), (13, 8), (12, 8), (11, 8), (11, 7), (11, 6), (10, 6), (9, 6), (8, 6), (7, 6), (6, 6), (6, 5), (5, 5), (4, 5), (3, 5), (2, 5), (1, 5), (1, 4), (1, 3), (4, 11), (24, 9), (10, 14), (33, 8), (2, 3), (9, 14), (8, 14), (8, 13), (8, 12), (8, 11), (8, 10)]",47,15,62
159,"(8, 8)","(8, 9)",South,"[(7, 8) via West]","[(8, 8):62, (4, 12):64, (25, 9):64, (34, 8):64, (3, 3):64]","[(7, 8):62, (4, 12):64, (25, 9):64, (34, 8):64, (3, 3):64]","[(34, 16), (34, 15), (33, 16), (34, 14), (32, 16), (33, 14), (31, 16), (32, 14), (30, 16), (31, 14), (29, 16), (30, 14), (28, 16), (30, 13), (27, 16), (30, 12), (26, 16), (25, 16), (25, 15), (24, 16), (25, 14), (23, 16), (22, 16), (21, 16), (20, 16), (19, 16), (18, 16), (17, 16), (16, 16), (15, 16), (14, 16), (13, 16), (12, 16), (11, 16), (10, 16), (9, 16), (8, 16), (7, 16), (6, 16), (5, 16), (4, 16), (3, 16), (2, 16), (1, 16), (1, 15), (1, 14), (1, 13), (1, 12), (1, 11), (1, 10), (1, 9), (1, 8), (1, 7), (31, 12), (26, 14), (2, 7), (32, 12), (27, 14), (3, 7), (27, 13), (27, 12), (27, 11), (26, 11), (25, 11), (24, 11), (33, 12), (4, 7), (24, 12), (23, 12), (22, 12), (21, 12), (20, 12), (20, 11), (19, 12), (20, 10), (19, 11), (18, 12), (20, 9), (17, 12), (16, 12), (15, 12), (14, 12), (14, 11), (13, 12), (14, 10), (12, 12), (12, 11), (12, 10), (11, 10), (10, 10), (34, 12), (4, 8), (21, 9), (17, 13), (15, 10), (12, 13), (10, 11), (34, 11), (34, 10), (33, 10), (32, 10), (31, 10), (30, 10), (30, 9), (29, 10), (30, 8), (4, 9), (22, 9), (17, 14), (16, 10), (12, 14), (10, 12), (31, 8), (16, 14), (15, 14), (14, 14), (13, 14), (4, 10), (23, 9), (17, 10), (10, 13), (32, 8), (3, 10), (17, 9), (17, 8), (16, 8), (15, 8), (14, 8), (13, 8), (12, 8), (11, 8), (11, 7), (11, 6), (10, 6), (9, 6), (8, 6), (7, 6), (6, 6), (6, 5), (5, 5), (4, 5), (3, 5), (2, 5), (1, 5), (1, 4), (1, 3), (4, 11), (24, 9), (10, 14), (33, 8), (2, 3), (9, 14), (8, 14), (8, 13), (8, 12), (8, 11), (8, 10), (8, 9)]",48,14,62
160,"(7, 8)","(8, 8)",West,"[(6, 8) via West]","[(7, 8):62, (4, 12):64, (25, 9):64, (34, 8):64, (3, 3):64]","[(6, 8):62, (4, 12):64, (25, 9):64, (34, 8):64, (3, 3):64]","[(34, 16), (34, 15), (33, 16), (34, 14), (32, 16), (33, 14), (31, 16), (32, 14), (30, 16), (31, 14), (29, 16), (30, 14), (28, 16), (30, 13), (27, 16), (30, 12), (26, 16), (25, 16), (25, 15), (24, 16), (25, 14), (23, 16), (22, 16), (21, 16), (20, 16), (19, 16), (18, 16), (17, 16), (16, 16), (15, 16), (14, 16), (13, 16), (12, 16), (11, 16), (10, 16), (9, 16), (8, 16), (7, 16), (6, 16), (5, 16), (4, 16), (3, 16), (2, 16), (1, 16), (1, 15), (1, 14), (1, 13), (1, 12), (1, 11), (1, 10), (1, 9), (1, 8), (1, 7), (31, 12), (26, 14), (2, 7), (32, 12), (27, 14), (3, 7), (27, 13), (27, 12), (27, 11), (26, 11), (25, 11), (24, 11), (33, 12), (4, 7), (24, 12), (23, 12), (22, 12), (21, 12), (20, 12), (20, 11), (19, 12), (20, 10), (19, 11), (18, 12), (20, 9), (17, 12), (16, 12), (15, 12), (14, 12), (14, 11), (13, 12), (14, 10), (12, 12), (12, 11), (12, 10), (11, 10), (10, 10), (34, 12), (4, 8), (21, 9), (17, 13), (15, 10), (12, 13), (10, 11), (34, 11), (34, 10), (33, 10), (32, 10), (31, 10), (30, 10), (30, 9), (29, 10), (30, 8), (4, 9), (22, 9), (17, 14), (16, 10), (12, 14), (10, 12), (31, 8), (16, 14), (15, 14), (14, 14), (13, 14), (4, 10), (23, 9), (17, 10), (10, 13), (32, 8), (3, 10), (17, 9), (17, 8), (16, 8), (15, 8), (14, 8), (13, 8), (12, 8), (11, 8), (11, 7), (11, 6), (10, 6), (9, 6), (8, 6), (7, 6), (6, 6), (6, 5), (5, 5), (4, 5), (3, 5), (2, 5), (1, 5), (1, 4), (1, 3), (4, 11), (24, 9), (10, 14), (33, 8), (2, 3), (9, 14), (8, 14), (8, 13), (8, 12), (8, 11), (8, 10), (8, 9), (8, 8)]",49,13,62
161,"(6, 8)","(7, 8)",West,"[(6, 9) via North]","[(6, 8):62, (4, 12):64, (25, 9):64, (34, 8):64, (3, 3):64]","[(4, 12):64, (25, 9):64, (34, 8):64, (3, 3):64, (6, 9):64]","[(34, 16), (34, 15), (33, 16), (34, 14), (32, 16), (33, 14), (31, 16), (32, 14), (30, 16), (31, 14), (29, 16), (30, 14), (28, 16), (30, 13), (27, 16), (30, 12), (26, 16), (25, 16), (25, 15), (24, 16), (25, 14), (23, 16), (22, 16), (21, 16), (20, 16), (19, 16), (18, 16), (17, 16), (16, 16), (15, 16), (14, 16), (13, 16), (12, 16), (11, 16), (10, 16), (9, 16), (8, 16), (7, 16), (6, 16), (5, 16), (4, 16), (3, 16), (2, 16), (1, 16), (1, 15), (1, 14), (1, 13), (1, 12), (1, 11), (1, 10), (1, 9), (1, 8), (1, 7), (31, 12), (26, 14), (2, 7), (32, 12), (27, 14), (3, 7), (27, 13), (27, 12), (27, 11), (26, 11), (25, 11), (24, 11), (33, 12), (4, 7), (24, 12), (23, 12), (22, 12), (21, 12), (20, 12), (20, 11), (19, 12), (20, 10), (19, 11), (18, 12), (20, 9), (17, 12), (16, 12), (15, 12), (14, 12), (14, 11), (13, 12), (14, 10), (12, 12), (12, 11), (12, 10), (11, 10), (10, 10), (34, 12), (4, 8), (21, 9), (17, 13), (15, 10), (12, 13), (10, 11), (34, 11), (34, 10), (33, 10), (32, 10), (31, 10), (30, 10), (30, 9), (29, 10), (30, 8), (4, 9), (22, 9), (17, 14), (16, 10), (12, 14), (10, 12), (31, 8), (16, 14), (15, 14), (14, 14), (13, 14), (4, 10), (23, 9), (17, 10), (10, 13), (32, 8), (3, 10), (17, 9), (17, 8), (16, 8), (15, 8), (14, 8), (13, 8), (12, 8), (11, 8), (11, 7), (11, 6), (10, 6), (9, 6), (8, 6), (7, 6), (6, 6), (6, 5), (5, 5), (4, 5), (3, 5), (2, 5), (1, 5), (1, 4), (1, 3), (4, 11), (24, 9), (10, 14), (33, 8), (2, 3), (9, 14), (8, 14), (8, 13), (8, 12), (8, 11), (8, 10), (8, 9), (8, 8), (7, 8)]",50,12,62
162,"(4, 12)","(4, 11)",North,"[(4, 13) via North]","[(4, 12):64, (25, 9):64, (34, 8):64, (3, 3):64, (6, 9):64]","[(25, 9):64, (34, 8):64, (3, 3):64, (6, 9):64, (4, 13):66]","[(34, 16), (34, 15), (33, 16), (34, 14), (32, 16), (33, 14), (31, 16), (32, 14), (30, 16), (31, 14), (29, 16), (30, 14), (28, 16), (30, 13), (27, 16), (30, 12), (26, 16), (25, 16), (25, 15), (24, 16), (25, 14), (23, 16), (22, 16), (21, 16), (20, 16), (19, 16), (18, 16), (17, 16), (16, 16), (15, 16), (14, 16), (13, 16), (12, 16), (11, 16), (10, 16), (9, 16), (8, 16), (7, 16), (6, 16), (5, 16), (4, 16), (3, 16), (2, 16), (1, 16), (1, 15), (1, 14), (1, 13), (1, 12), (1, 11), (1, 10), (1, 9), (1, 8), (1, 7), (31, 12), (26, 14), (2, 7), (32, 12), (27, 14), (3, 7), (27, 13), (27, 12), (27, 11), (26, 11), (25, 11), (24, 11), (33, 12), (4, 7), (24, 12), (23, 12), (22, 12), (21, 12), (20, 12), (20, 11), (19, 12), (20, 10), (19, 11), (18, 12), (20, 9), (17, 12), (16, 12), (15, 12), (14, 12), (14, 11), (13, 12), (14, 10), (12, 12), (12, 11), (12, 10), (11, 10), (10, 10), (34, 12), (4, 8), (21, 9), (17, 13), (15, 10), (12, 13), (10, 11), (34, 11), (34, 10), (33, 10), (32, 10), (31, 10), (30, 10), (30, 9), (29, 10), (30, 8), (4, 9), (22, 9), (17, 14), (16, 10), (12, 14), (10, 12), (31, 8), (16, 14), (15, 14), (14, 14), (13, 14), (4, 10), (23, 9), (17, 10), (10, 13), (32, 8), (3, 10), (17, 9), (17, 8), (16, 8), (15, 8), (14, 8), (13, 8), (12, 8), (11, 8), (11, 7), (11, 6), (10, 6), (9, 6), (8, 6), (7, 6), (6, 6), (6, 5), (5, 5), (4, 5), (3, 5), (2, 5), (1, 5), (1, 4), (1, 3), (4, 11), (24, 9), (10, 14), (33, 8), (2, 3), (9, 14), (8, 14), (8, 13), (8, 12), (8, 11), (8, 10), (8, 9), (8, 8), (7, 8), (6, 8)]",50,14,64
163,"(25, 9)","(24, 9)",East,"[(26, 9) via East]","[(25, 9):64, (34, 8):64, (3, 3):64, (6, 9):64, (4, 13):66]","[(34, 8):64, (3, 3):64, (6, 9):64, (4, 13):66, (26, 9):66]","[(34, 16), (34, 15), (33, 16), (34, 14), (32, 16), (33, 14), (31, 16), (32, 14), (30, 16), (31, 14), (29, 16), (30, 14), (28, 16), (30, 13), (27, 16), (30, 12), (26, 16), (25, 16), (25, 15), (24, 16), (25, 14), (23, 16), (22, 16), (21, 16), (20, 16), (19, 16), (18, 16), (17, 16), (16, 16), (15, 16), (14, 16), (13, 16), (12, 16), (11, 16), (10, 16), (9, 16), (8, 16), (7, 16), (6, 16), (5, 16), (4, 16), (3, 16), (2, 16), (1, 16), (1, 15), (1, 14), (1, 13), (1, 12), (1, 11), (1, 10), (1, 9), (1, 8), (1, 7), (31, 12), (26, 14), (2, 7), (32, 12), (27, 14), (3, 7), (27, 13), (27, 12), (27, 11), (26, 11), (25, 11), (24, 11), (33, 12), (4, 7), (24, 12), (23, 12), (22, 12), (21, 12), (20, 12), (20, 11), (19, 12), (20, 10), (19, 11), (18, 12), (20, 9), (17, 12), (16, 12), (15, 12), (14, 12), (14, 11), (13, 12), (14, 10), (12, 12), (12, 11), (12, 10), (11, 10), (10, 10), (34, 12), (4, 8), (21, 9), (17, 13), (15, 10), (12, 13), (10, 11), (34, 11), (34, 10), (33, 10), (32, 10), (31, 10), (30, 10), (30, 9), (29, 10), (30, 8), (4, 9), (22, 9), (17, 14), (16, 10), (12, 14), (10, 12), (31, 8), (16, 14), (15, 14), (14, 14), (13, 14), (4, 10), (23, 9), (17, 10), (10, 13), (32, 8), (3, 10), (17, 9), (17, 8), (16, 8), (15, 8), (14, 8), (13, 8), (12, 8), (11, 8), (11, 7), (11, 6), (10, 6), (9, 6), (8, 6), (7, 6), (6, 6), (6, 5), (5, 5), (4, 5), (3, 5), (2, 5), (1, 5), (1, 4), (1, 3), (4, 11), (24, 9), (10, 14), (33, 8), (2, 3), (9, 14), (8, 14), (8, 13), (8, 12), (8, 11), (8, 10), (8, 9), (8, 8), (7, 8), (6, 8), (4, 12)]",32,32,64
164,"(34, 8)","(33, 8)",East,"[(34, 7) via South]","[(34, 8):64, (3, 3):64, (6, 9):64, (4, 13):66, (26, 9):66]","[(3, 3):64, (6, 9):64, (34, 7):64, (4, 13):66, (26, 9):66]","[(34, 16), (34, 15), (33, 16), (34, 14), (32, 16), (33, 14), (31, 16), (32, 14), (30, 16), (31, 14), (29, 16), (30, 14), (28, 16), (30, 13), (27, 16), (30, 12), (26, 16), (25, 16), (25, 15), (24, 16), (25, 14), (23, 16), (22, 16), (21, 16), (20, 16), (19, 16), (18, 16), (17, 16), (16, 16), (15, 16), (14, 16), (13, 16), (12, 16), (11, 16), (10, 16), (9, 16), (8, 16), (7, 16), (6, 16), (5, 16), (4, 16), (3, 16), (2, 16), (1, 16), (1, 15), (1, 14), (1, 13), (1, 12), (1, 11), (1, 10), (1, 9), (1, 8), (1, 7), (31, 12), (26, 14), (2, 7), (32, 12), (27, 14), (3, 7), (27, 13), (27, 12), (27, 11), (26, 11), (25, 11), (24, 11), (33, 12), (4, 7), (24, 12), (23, 12), (22, 12), (21, 12), (20, 12), (20, 11), (19, 12), (20, 10), (19, 11), (18, 12), (20, 9), (17, 12), (16, 12), (15, 12), (14, 12), (14, 11), (13, 12), (14, 10), (12, 12), (12, 11), (12, 10), (11, 10), (10, 10), (34, 12), (4, 8), (21, 9), (17, 13), (15, 10), (12, 13), (10, 11), (34, 11), (34, 10), (33, 10), (32, 10), (31, 10), (30, 10), (30, 9), (29, 10), (30, 8), (4, 9), (22, 9), (17, 14), (16, 10), (12, 14), (10, 12), (31, 8), (16, 14), (15, 14), (14, 14), (13, 14), (4, 10), (23, 9), (17, 10), (10, 13), (32, 8), (3, 10), (17, 9), (17, 8), (16, 8), (15, 8), (14, 8), (13, 8), (12, 8), (11, 8), (11, 7), (11, 6), (10, 6), (9, 6), (8, 6), (7, 6), (6, 6), (6, 5), (5, 5), (4, 5), (3, 5), (2, 5), (1, 5), (1, 4), (1, 3), (4, 11), (24, 9), (10, 14), (33, 8), (2, 3), (9, 14), (8, 14), (8, 13), (8, 12), (8, 11), (8, 10), (8, 9), (8, 8), (7, 8), (6, 8), (4, 12), (25, 9)]",24,40,64
165,"(3, 3)","(2, 3)",East,"[(4, 3) via East]","[(3, 3):64, (6, 9):64, (34, 7):64, (4, 13):66, (26, 9):66]","[(6, 9):64, (34, 7):64, (4, 13):66, (26, 9):66, (4, 3):66]","[(34, 16), (34, 15), (33, 16), (34, 14), (32, 16), (33, 14), (31, 16), (32, 14), (30, 16), (31, 14), (29, 16), (30, 14), (28, 16), (30, 13), (27, 16), (30, 12), (26, 16), (25, 16), (25, 15), (24, 16), (25, 14), (23, 16), (22, 16), (21, 16), (20, 16), (19, 16), (18, 16), (17, 16), (16, 16), (15, 16), (14, 16), (13, 16), (12, 16), (11, 16), (10, 16), (9, 16), (8, 16), (7, 16), (6, 16), (5, 16), (4, 16), (3, 16), (2, 16), (1, 16), (1, 15), (1, 14), (1, 13), (1, 12), (1, 11), (1, 10), (1, 9), (1, 8), (1, 7), (31, 12), (26, 14), (2, 7), (32, 12), (27, 14), (3, 7), (27, 13), (27, 12), (27, 11), (26, 11), (25, 11), (24, 11), (33, 12), (4, 7), (24, 12), (23, 12), (22, 12), (21, 12), (20, 12), (20, 11), (19, 12), (20, 10), (19, 11), (18, 12), (20, 9), (17, 12), (16, 12), (15, 12), (14, 12), (14, 11), (13, 12), (14, 10), (12, 12), (12, 11), (12, 10), (11, 10), (10, 10), (34, 12), (4, 8), (21, 9), (17, 13), (15, 10), (12, 13), (10, 11), (34, 11), (34, 10), (33, 10), (32, 10), (31, 10), (30, 10), (30, 9), (29, 10), (30, 8), (4, 9), (22, 9), (17, 14), (16, 10), (12, 14), (10, 12), (31, 8), (16, 14), (15, 14), (14, 14), (13, 14), (4, 10), (23, 9), (17, 10), (10, 13), (32, 8), (3, 10), (17, 9), (17, 8), (16, 8), (15, 8), (14, 8), (13, 8), (12, 8), (11, 8), (11, 7), (11, 6), (10, 6), (9, 6), (8, 6), (7, 6), (6, 6), (6, 5), (5, 5), (4, 5), (3, 5), (2, 5), (1, 5), (1, 4), (1, 3), (4, 11), (24, 9), (10, 14), (33, 8), (2, 3), (9, 14), (8, 14), (8, 13), (8, 12), (8, 11), (8, 10), (8, 9), (8, 8), (7, 8), (6, 8), (4, 12), (25, 9), (34, 8)]",60,4,64
166,"(6, 9)","(6, 8)",North,"[(6, 10) via North]","[(6, 9):64, (34, 7):64, (4, 13):66, (26, 9):66, (4, 3):66]","[(34, 7):64, (4, 13):66, (26, 9):66, (4, 3):66, (6, 10):66]","[(34, 16), (34, 15), (33, 16), (34, 14), (32, 16), (33, 14), (31, 16), (32, 14), (30, 16), (31, 14), (29, 16), (30, 14), (28, 16), (30, 13), (27, 16), (30, 12), (26, 16), (25, 16), (25, 15), (24, 16), (25, 14), (23, 16), (22, 16), (21, 16), (20, 16), (19, 16), (18, 16), (17, 16), (16, 16), (15, 16), (14, 16), (13, 16), (12, 16), (11, 16), (10, 16), (9, 16), (8, 16), (7, 16), (6, 16), (5, 16), (4, 16), (3, 16), (2, 16), (1, 16), (1, 15), (1, 14), (1, 13), (1, 12), (1, 11), (1, 10), (1, 9), (1, 8), (1, 7), (31, 12), (26, 14), (2, 7), (32, 12), (27, 14), (3, 7), (27, 13), (27, 12), (27, 11), (26, 11), (25, 11), (24, 11), (33, 12), (4, 7), (24, 12), (23, 12), (22, 12), (21, 12), (20, 12), (20, 11), (19, 12), (20, 10), (19, 11), (18, 12), (20, 9), (17, 12), (16, 12), (15, 12), (14, 12), (14, 11), (13, 12), (14, 10), (12, 12), (12, 11), (12, 10), (11, 10), (10, 10), (34, 12), (4, 8), (21, 9), (17, 13), (15, 10), (12, 13), (10, 11), (34, 11), (34, 10), (33, 10), (32, 10), (31, 10), (30, 10), (30, 9), (29, 10), (30, 8), (4, 9), (22, 9), (17, 14), (16, 10), (12, 14), (10, 12), (31, 8), (16, 14), (15, 14), (14, 14), (13, 14), (4, 10), (23, 9), (17, 10), (10, 13), (32, 8), (3, 10), (17, 9), (17, 8), (16, 8), (15, 8), (14, 8), (13, 8), (12, 8), (11, 8), (11, 7), (11, 6), (10, 6), (9, 6), (8, 6), (7, 6), (6, 6), (6, 5), (5, 5), (4, 5), (3, 5), (2, 5), (1, 5), (1, 4), (1, 3), (4, 11), (24, 9), (10, 14), (33, 8), (2, 3), (9, 14), (8, 14), (8, 13), (8, 12), (8, 11), (8, 10), (8, 9), (8, 8), (7, 8), (6, 8), (4, 12), (25, 9), (34, 8), (3, 3)]",51,13,64
167,"(34, 7)","(34, 8)",South,"[(34, 6) via South]","[(34, 7):64, (4, 13):66, (26, 9):66, (4, 3):66, (6, 10):66]","[(34, 6):64, (4, 13):66, (26, 9):66, (4, 3):66, (6, 10):66]","[(34, 16), (34, 15), (33, 16), (34, 14), (32, 16), (33, 14), (31, 16), (32, 14), (30, 16), (31, 14), (29, 16), (30, 14), (28, 16), (30, 13), (27, 16), (30, 12), (26, 16), (25, 16), (25, 15), (24, 16), (25, 14), (23, 16), (22, 16), (21, 16), (20, 16), (19, 16), (18, 16), (17, 16), (16, 16), (15, 16), (14, 16), (13, 16), (12, 16), (11, 16), (10, 16), (9, 16), (8, 16), (7, 16), (6, 16), (5, 16), (4, 16), (3, 16), (2, 16), (1, 16), (1, 15), (1, 14), (1, 13), (1, 12), (1, 11), (1, 10), (1, 9), (1, 8), (1, 7), (31, 12), (26, 14), (2, 7), (32, 12), (27, 14), (3, 7), (27, 13), (27, 12), (27, 11), (26, 11), (25, 11), (24, 11), (33, 12), (4, 7), (24, 12), (23, 12), (22, 12), (21, 12), (20, 12), (20, 11), (19, 12), (20, 10), (19, 11), (18, 12), (20, 9), (17, 12), (16, 12), (15, 12), (14, 12), (14, 11), (13, 12), (14, 10), (12, 12), (12, 11), (12, 10), (11, 10), (10, 10), (34, 12), (4, 8), (21, 9), (17, 13), (15, 10), (12, 13), (10, 11), (34, 11), (34, 10), (33, 10), (32, 10), (31, 10), (30, 10), (30, 9), (29, 10), (30, 8), (4, 9), (22, 9), (17, 14), (16, 10), (12, 14), (10, 12), (31, 8), (16, 14), (15, 14), (14, 14), (13, 14), (4, 10), (23, 9), (17, 10), (10, 13), (32, 8), (3, 10), (17, 9), (17, 8), (16, 8), (15, 8), (14, 8), (13, 8), (12, 8), (11, 8), (11, 7), (11, 6), (10, 6), (9, 6), (8, 6), (7, 6), (6, 6), (6, 5), (5, 5), (4, 5), (3, 5), (2, 5), (1, 5), (1, 4), (1, 3), (4, 11), (24, 9), (10, 14), (33, 8), (2, 3), (9, 14), (8, 14), (8, 13), (8, 12), (8, 11), (8, 10), (8, 9), (8, 8), (7, 8), (6, 8), (4, 12), (25, 9), (34, 8), (3, 3), (6, 9)]",25,39,64
168,"(34, 6)","(34, 7)",South,"[(33, 6) via West]","[(34, 6):64, (4, 13):66, (26, 9):66, (4, 3):66, (6, 10):66]","[(33, 6):64, (4, 13):66, (26, 9):66, (4, 3):66, (6, 10):66]","[(34, 16), (34, 15), (33, 16), (34, 14), (32, 16), (33, 14), (31, 16), (32, 14), (30, 16), (31, 14), (29, 16), (30, 14), (28, 16), (30, 13), (27, 16), (30, 12), (26, 16), (25, 16), (25, 15), (24, 16), (25, 14), (23, 16), (22, 16), (21, 16), (20, 16), (19, 16), (18, 16), (17, 16), (16, 16), (15, 16), (14, 16), (13, 16), (12, 16), (11, 16), (10, 16), (9, 16), (8, 16), (7, 16), (6, 16), (5, 16), (4, 16), (3, 16), (2, 16), (1, 16), (1, 15), (1, 14), (1, 13), (1, 12), (1, 11), (1, 10), (1, 9), (1, 8), (1, 7), (31, 12), (26, 14), (2, 7), (32, 12), (27, 14), (3, 7), (27, 13), (27, 12), (27, 11), (26, 11), (25, 11), (24, 11), (33, 12), (4, 7), (24, 12), (23, 12), (22, 12), (21, 12), (20, 12), (20, 11), (19, 12), (20, 10), (19, 11), (18, 12), (20, 9), (17, 12), (16, 12), (15, 12), (14, 12), (14, 11), (13, 12), (14, 10), (12, 12), (12, 11), (12, 10), (11, 10), (10, 10), (34, 12), (4, 8), (21, 9), (17, 13), (15, 10), (12, 13), (10, 11), (34, 11), (34, 10), (33, 10), (32, 10), (31, 10), (30, 10), (30, 9), (29, 10), (30, 8), (4, 9), (22, 9), (17, 14), (16, 10), (12, 14), (10, 12), (31, 8), (16, 14), (15, 14), (14, 14), (13, 14), (4, 10), (23, 9), (17, 10), (10, 13), (32, 8), (3, 10), (17, 9), (17, 8), (16, 8), (15, 8), (14, 8), (13, 8), (12, 8), (11, 8), (11, 7), (11, 6), (10, 6), (9, 6), (8, 6), (7, 6), (6, 6), (6, 5), (5, 5), (4, 5), (3, 5), (2, 5), (1, 5), (1, 4), (1, 3), (4, 11), (24, 9), (10, 14), (33, 8), (2, 3), (9, 14), (8, 14), (8, 13), (8, 12), (8, 11), (8, 10), (8, 9), (8, 8), (7, 8), (6, 8), (4, 12), (25, 9), (34, 8), (3, 3), (6, 9), (34, 7)]",26,38,64
169,"(33, 6)","(34, 6)",West,"[(32, 6) via West]","[(33, 6):64, (4, 13):66, (26, 9):66, (4, 3):66, (6, 10):66]","[(32, 6):64, (4, 13):66, (26, 9):66, (4, 3):66, (6, 10):66]","[(34, 16), (34, 15), (33, 16), (34, 14), (32, 16), (33, 14), (31, 16), (32, 14), (30, 16), (31, 14), (29, 16), (30, 14), (28, 16), (30, 13), (27, 16), (30, 12), (26, 16), (25, 16), (25, 15), (24, 16), (25, 14), (23, 16), (22, 16), (21, 16), (20, 16), (19, 16), (18, 16), (17, 16), (16, 16), (15, 16), (14, 16), (13, 16), (12, 16), (11, 16), (10, 16), (9, 16), (8, 16), (7, 16), (6, 16), (5, 16), (4, 16), (3, 16), (2, 16), (1, 16), (1, 15), (1, 14), (1, 13), (1, 12), (1, 11), (1, 10), (1, 9), (1, 8), (1, 7), (31, 12), (26, 14), (2, 7), (32, 12), (27, 14), (3, 7), (27, 13), (27, 12), (27, 11), (26, 11), (25, 11), (24, 11), (33, 12), (4, 7), (24, 12), (23, 12), (22, 12), (21, 12), (20, 12), (20, 11), (19, 12), (20, 10), (19, 11), (18, 12), (20, 9), (17, 12), (16, 12), (15, 12), (14, 12), (14, 11), (13, 12), (14, 10), (12, 12), (12, 11), (12, 10), (11, 10), (10, 10), (34, 12), (4, 8), (21, 9), (17, 13), (15, 10), (12, 13), (10, 11), (34, 11), (34, 10), (33, 10), (32, 10), (31, 10), (30, 10), (30, 9), (29, 10), (30, 8), (4, 9), (22, 9), (17, 14), (16, 10), (12, 14), (10, 12), (31, 8), (16, 14), (15, 14), (14, 14), (13, 14), (4, 10), (23, 9), (17, 10), (10, 13), (32, 8), (3, 10), (17, 9), (17, 8), (16, 8), (15, 8), (14, 8), (13, 8), (12, 8), (11, 8), (11, 7), (11, 6), (10, 6), (9, 6), (8, 6), (7, 6), (6, 6), (6, 5), (5, 5), (4, 5), (3, 5), (2, 5), (1, 5), (1, 4), (1, 3), (4, 11), (24, 9), (10, 14), (33, 8), (2, 3), (9, 14), (8, 14), (8, 13), (8, 12), (8, 11), (8, 10), (8, 9), (8, 8), (7, 8), (6, 8), (4, 12), (25, 9), (34, 8), (3, 3), (6, 9), (34, 7), (34, 6)]",27,37,64
170,"(32, 6)","(33, 6)",West,"[(31, 6) via West]","[(32, 6):64, (4, 13):66, (26, 9):66, (4, 3):66, (6, 10):66]","[(31, 6):64, (4, 13):66, (26, 9):66, (4, 3):66, (6, 10):66]","[(34, 16), (34, 15), (33, 16), (34, 14), (32, 16), (33, 14), (31, 16), (32, 14), (30, 16), (31, 14), (29, 16), (30, 14), (28, 16), (30, 13), (27, 16), (30, 12), (26, 16), (25, 16), (25, 15), (24, 16), (25, 14), (23, 16), (22, 16), (21, 16), (20, 16), (19, 16), (18, 16), (17, 16), (16, 16), (15, 16), (14, 16), (13, 16), (12, 16), (11, 16), (10, 16), (9, 16), (8, 16), (7, 16), (6, 16), (5, 16), (4, 16), (3, 16), (2, 16), (1, 16), (1, 15), (1, 14), (1, 13), (1, 12), (1, 11), (1, 10), (1, 9), (1, 8), (1, 7), (31, 12), (26, 14), (2, 7), (32, 12), (27, 14), (3, 7), (27, 13), (27, 12), (27, 11), (26, 11), (25, 11), (24, 11), (33, 12), (4, 7), (24, 12), (23, 12), (22, 12), (21, 12), (20, 12), (20, 11), (19, 12), (20, 10), (19, 11), (18, 12), (20, 9), (17, 12), (16, 12), (15, 12), (14, 12), (14, 11), (13, 12), (14, 10), (12, 12), (12, 11), (12, 10), (11, 10), (10, 10), (34, 12), (4, 8), (21, 9), (17, 13), (15, 10), (12, 13), (10, 11), (34, 11), (34, 10), (33, 10), (32, 10), (31, 10), (30, 10), (30, 9), (29, 10), (30, 8), (4, 9), (22, 9), (17, 14), (16, 10), (12, 14), (10, 12), (31, 8), (16, 14), (15, 14), (14, 14), (13, 14), (4, 10), (23, 9), (17, 10), (10, 13), (32, 8), (3, 10), (17, 9), (17, 8), (16, 8), (15, 8), (14, 8), (13, 8), (12, 8), (11, 8), (11, 7), (11, 6), (10, 6), (9, 6), (8, 6), (7, 6), (6, 6), (6, 5), (5, 5), (4, 5), (3, 5), (2, 5), (1, 5), (1, 4), (1, 3), (4, 11), (24, 9), (10, 14), (33, 8), (2, 3), (9, 14), (8, 14), (8, 13), (8, 12), (8, 11), (8, 10), (8, 9), (8, 8), (7, 8), (6, 8), (4, 12), (25, 9), (34, 8), (3, 3), (6, 9), (34, 7), (34, 6), (33, 6)]",28,36,64
171,"(31, 6)","(32, 6)",West,"[(30, 6) via West]","[(31, 6):64, (4, 13):66, (26, 9):66, (4, 3):66, (6, 10):66]","[(30, 6):64, (4, 13):66, (26, 9):66, (4, 3):66, (6, 10):66]","[(34, 16), (34, 15), (33, 16), (34, 14), (32, 16), (33, 14), (31, 16), (32, 14), (30, 16), (31, 14), (29, 16), (30, 14), (28, 16), (30, 13), (27, 16), (30, 12), (26, 16), (25, 16), (25, 15), (24, 16), (25, 14), (23, 16), (22, 16), (21, 16), (20, 16), (19, 16), (18, 16), (17, 16), (16, 16), (15, 16), (14, 16), (13, 16), (12, 16), (11, 16), (10, 16), (9, 16), (8, 16), (7, 16), (6, 16), (5, 16), (4, 16), (3, 16), (2, 16), (1, 16), (1, 15), (1, 14), (1, 13), (1, 12), (1, 11), (1, 10), (1, 9), (1, 8), (1, 7), (31, 12), (26, 14), (2, 7), (32, 12), (27, 14), (3, 7), (27, 13), (27, 12), (27, 11), (26, 11), (25, 11), (24, 11), (33, 12), (4, 7), (24, 12), (23, 12), (22, 12), (21, 12), (20, 12), (20, 11), (19, 12), (20, 10), (19, 11), (18, 12), (20, 9), (17, 12), (16, 12), (15, 12), (14, 12), (14, 11), (13, 12), (14, 10), (12, 12), (12, 11), (12, 10), (11, 10), (10, 10), (34, 12), (4, 8), (21, 9), (17, 13), (15, 10), (12, 13), (10, 11), (34, 11), (34, 10), (33, 10), (32, 10), (31, 10), (30, 10), (30, 9), (29, 10), (30, 8), (4, 9), (22, 9), (17, 14), (16, 10), (12, 14), (10, 12), (31, 8), (16, 14), (15, 14), (14, 14), (13, 14), (4, 10), (23, 9), (17, 10), (10, 13), (32, 8), (3, 10), (17, 9), (17, 8), (16, 8), (15, 8), (14, 8), (13, 8), (12, 8), (11, 8), (11, 7), (11, 6), (10, 6), (9, 6), (8, 6), (7, 6), (6, 6), (6, 5), (5, 5), (4, 5), (3, 5), (2, 5), (1, 5), (1, 4), (1, 3), (4, 11), (24, 9), (10, 14), (33, 8), (2, 3), (9, 14), (8, 14), (8, 13), (8, 12), (8, 11), (8, 10), (8, 9), (8, 8), (7, 8), (6, 8), (4, 12), (25, 9), (34, 8), (3, 3), (6, 9), (34, 7), (34, 6), (33, 6), (32, 6)]",29,35,64
172,"(30, 6)","(31, 6)",West,"[(30, 5) via South, (29, 6) via West]","[(30, 6):64, (4, 13):66, (26, 9):66, (4, 3):66, (6, 10):66]","[(30, 5):64, (29, 6):64, (4, 13):66, (26, 9):66, (4, 3):66, (6, 10):66]","[(34, 16), (34, 15), (33, 16), (34, 14), (32, 16), (33, 14), (31, 16), (32, 14), (30, 16), (31, 14), (29, 16), (30, 14), (28, 16), (30, 13), (27, 16), (30, 12), (26, 16), (25, 16), (25, 15), (24, 16), (25, 14), (23, 16), (22, 16), (21, 16), (20, 16), (19, 16), (18, 16), (17, 16), (16, 16), (15, 16), (14, 16), (13, 16), (12, 16), (11, 16), (10, 16), (9, 16), (8, 16), (7, 16), (6, 16), (5, 16), (4, 16), (3, 16), (2, 16), (1, 16), (1, 15), (1, 14), (1, 13), (1, 12), (1, 11), (1, 10), (1, 9), (1, 8), (1, 7), (31, 12), (26, 14), (2, 7), (32, 12), (27, 14), (3, 7), (27, 13), (27, 12), (27, 11), (26, 11), (25, 11), (24, 11), (33, 12), (4, 7), (24, 12), (23, 12), (22, 12), (21, 12), (20, 12), (20, 11), (19, 12), (20, 10), (19, 11), (18, 12), (20, 9), (17, 12), (16, 12), (15, 12), (14, 12), (14, 11), (13, 12), (14, 10), (12, 12), (12, 11), (12, 10), (11, 10), (10, 10), (34, 12), (4, 8), (21, 9), (17, 13), (15, 10), (12, 13), (10, 11), (34, 11), (34, 10), (33, 10), (32, 10), (31, 10), (30, 10), (30, 9), (29, 10), (30, 8), (4, 9), (22, 9), (17, 14), (16, 10), (12, 14), (10, 12), (31, 8), (16, 14), (15, 14), (14, 14), (13, 14), (4, 10), (23, 9), (17, 10), (10, 13), (32, 8), (3, 10), (17, 9), (17, 8), (16, 8), (15, 8), (14, 8), (13, 8), (12, 8), (11, 8), (11, 7), (11, 6), (10, 6), (9, 6), (8, 6), (7, 6), (6, 6), (6, 5), (5, 5), (4, 5), (3, 5), (2, 5), (1, 5), (1, 4), (1, 3), (4, 11), (24, 9), (10, 14), (33, 8), (2, 3), (9, 14), (8, 14), (8, 13), (8, 12), (8, 11), (8, 10), (8, 9), (8, 8), (7, 8), (6, 8), (4, 12), (25, 9), (34, 8), (3, 3), (6, 9), (34, 7), (34, 6), (33, 6), (32, 6), (31, 6)]",30,34,64
173,"(30, 5)","(30, 6)",South,"[(30, 4) via South]","[(30, 5):64, (29, 6):64, (4, 13):66, (26, 9):66, (4, 3):66, (6, 10):66]","[(29, 6):64, (30, 4):64, (4, 13):66, (26, 9):66, (4, 3):66, (6, 10):66]","[(34, 16), (34, 15), (33, 16), (34, 14), (32, 16), (33, 14), (31, 16), (32, 14), (30, 16), (31, 14), (29, 16), (30, 14), (28, 16), (30, 13), (27, 16), (30, 12), (26, 16), (25, 16), (25, 15), (24, 16), (25, 14), (23, 16), (22, 16), (21, 16), (20, 16), (19, 16), (18, 16), (17, 16), (16, 16), (15, 16), (14, 16), (13, 16), (12, 16), (11, 16), (10, 16), (9, 16), (8, 16), (7, 16), (6, 16), (5, 16), (4, 16), (3, 16), (2, 16), (1, 16), (1, 15), (1, 14), (1, 13), (1, 12), (1, 11), (1, 10), (1, 9), (1, 8), (1, 7), (31, 12), (26, 14), (2, 7), (32, 12), (27, 14), (3, 7), (27, 13), (27, 12), (27, 11), (26, 11), (25, 11), (24, 11), (33, 12), (4, 7), (24, 12), (23, 12), (22, 12), (21, 12), (20, 12), (20, 11), (19, 12), (20, 10), (19, 11), (18, 12), (20, 9), (17, 12), (16, 12), (15, 12), (14, 12), (14, 11), (13, 12), (14, 10), (12, 12), (12, 11), (12, 10), (11, 10), (10, 10), (34, 12), (4, 8), (21, 9), (17, 13), (15, 10), (12, 13), (10, 11), (34, 11), (34, 10), (33, 10), (32, 10), (31, 10), (30, 10), (30, 9), (29, 10), (30, 8), (4, 9), (22, 9), (17, 14), (16, 10), (12, 14), (10, 12), (31, 8), (16, 14), (15, 14), (14, 14), (13, 14), (4, 10), (23, 9), (17, 10), (10, 13), (32, 8), (3, 10), (17, 9), (17, 8), (16, 8), (15, 8), (14, 8), (13, 8), (12, 8), (11, 8), (11, 7), (11, 6), (10, 6), (9, 6), (8, 6), (7, 6), (6, 6), (6, 5), (5, 5), (4, 5), (3, 5), (2, 5), (1, 5), (1, 4), (1, 3), (4, 11), (24, 9), (10, 14), (33, 8), (2, 3), (9, 14), (8, 14), (8, 13), (8, 12), (8, 11), (8, 10), (8, 9), (8, 8), (7, 8), (6, 8), (4, 12), (25, 9), (34, 8), (3, 3), (6, 9), (34, 7), (34, 6), (33, 6), (32, 6), (31, 6), (30, 6)]",31,33,64
174,"(29, 6)","(30, 6)",West,[],"[(29, 6):64, (30, 4):64, (4, 13):66, (26, 9):66, (4, 3):66, (6, 10):66]","[(30, 4):64, (4, 13):66, (26, 9):66, (4, 3):66, (6, 10):66]","[(34, 16), (34, 15), (33, 16), (34, 14), (32, 16), (33, 14), (31, 16), (32, 14), (30, 16), (31, 14), (29, 16), (30, 14), (28, 16), (30, 13), (27, 16), (30, 12), (26, 16), (25, 16), (25, 15), (24, 16), (25, 14), (23, 16), (22, 16), (21, 16), (20, 16), (19, 16), (18, 16), (17, 16), (16, 16), (15, 16), (14, 16), (13, 16), (12, 16), (11, 16), (10, 16), (9, 16), (8, 16), (7, 16), (6, 16), (5, 16), (4, 16), (3, 16), (2, 16), (1, 16), (1, 15), (1, 14), (1, 13), (1, 12), (1, 11), (1, 10), (1, 9), (1, 8), (1, 7), (31, 12), (26, 14), (2, 7), (32, 12), (27, 14), (3, 7), (27, 13), (27, 12), (27, 11), (26, 11), (25, 11), (24, 11), (33, 12), (4, 7), (24, 12), (23, 12), (22, 12), (21, 12), (20, 12), (20, 11), (19, 12), (20, 10), (19, 11), (18, 12), (20, 9), (17, 12), (16, 12), (15, 12), (14, 12), (14, 11), (13, 12), (14, 10), (12, 12), (12, 11), (12, 10), (11, 10), (10, 10), (34, 12), (4, 8), (21, 9), (17, 13), (15, 10), (12, 13), (10, 11), (34, 11), (34, 10), (33, 10), (32, 10), (31, 10), (30, 10), (30, 9), (29, 10), (30, 8), (4, 9), (22, 9), (17, 14), (16, 10), (12, 14), (10, 12), (31, 8), (16, 14), (15, 14), (14, 14), (13, 14), (4, 10), (23, 9), (17, 10), (10, 13), (32, 8), (3, 10), (17, 9), (17, 8), (16, 8), (15, 8), (14, 8), (13, 8), (12, 8), (11, 8), (11, 7), (11, 6), (10, 6), (9, 6), (8, 6), (7, 6), (6, 6), (6, 5), (5, 5), (4, 5), (3, 5), (2, 5), (1, 5), (1, 4), (1, 3), (4, 11), (24, 9), (10, 14), (33, 8), (2, 3), (9, 14), (8, 14), (8, 13), (8, 12), (8, 11), (8, 10), (8, 9), (8, 8), (7, 8), (6, 8), (4, 12), (25, 9), (34, 8), (3, 3), (6, 9), (34, 7), (34, 6), (33, 6), (32, 6), (31, 6), (30, 6), (30, 5)]",31,33,64
175,"(30, 4)","(30, 5)",South,"[(30, 3) via South, (31, 4) via East]","[(30, 4):64, (4, 13):66, (26, 9):66, (4, 3):66, (6, 10):66]","[(30, 3):64, (4, 13):66, (26, 9):66, (4, 3):66, (6, 10):66, (31, 4):66]","[(34, 16), (34, 15), (33, 16), (34, 14), (32, 16), (33, 14), (31, 16), (32, 14), (30, 16), (31, 14), (29, 16), (30, 14), (28, 16), (30, 13), (27, 16), (30, 12), (26, 16), (25, 16), (25, 15), (24, 16), (25, 14), (23, 16), (22, 16), (21, 16), (20, 16), (19, 16), (18, 16), (17, 16), (16, 16), (15, 16), (14, 16), (13, 16), (12, 16), (11, 16), (10, 16), (9, 16), (8, 16), (7, 16), (6, 16), (5, 16), (4, 16), (3, 16), (2, 16), (1, 16), (1, 15), (1, 14), (1, 13), (1, 12), (1, 11), (1, 10), (1, 9), (1, 8), (1, 7), (31, 12), (26, 14), (2, 7), (32, 12), (27, 14), (3, 7), (27, 13), (27, 12), (27, 11), (26, 11), (25, 11), (24, 11), (33, 12), (4, 7), (24, 12), (23, 12), (22, 12), (21, 12), (20, 12), (20, 11), (19, 12), (20, 10), (19, 11), (18, 12), (20, 9), (17, 12), (16, 12), (15, 12), (14, 12), (14, 11), (13, 12), (14, 10), (12, 12), (12, 11), (12, 10), (11, 10), (10, 10), (34, 12), (4, 8), (21, 9), (17, 13), (15, 10), (12, 13), (10, 11), (34, 11), (34, 10), (33, 10), (32, 10), (31, 10), (30, 10), (30, 9), (29, 10), (30, 8), (4, 9), (22, 9), (17, 14), (16, 10), (12, 14), (10, 12), (31, 8), (16, 14), (15, 14), (14, 14), (13, 14), (4, 10), (23, 9), (17, 10), (10, 13), (32, 8), (3, 10), (17, 9), (17, 8), (16, 8), (15, 8), (14, 8), (13, 8), (12, 8), (11, 8), (11, 7), (11, 6), (10, 6), (9, 6), (8, 6), (7, 6), (6, 6), (6, 5), (5, 5), (4, 5), (3, 5), (2, 5), (1, 5), (1, 4), (1, 3), (4, 11), (24, 9), (10, 14), (33, 8), (2, 3), (9, 14), (8, 14), (8, 13), (8, 12), (8, 11), (8, 10), (8, 9), (8, 8), (7, 8), (6, 8), (4, 12), (25, 9), (34, 8), (3, 3), (6, 9), (34, 7), (34, 6), (33, 6), (32, 6), (31, 6), (30, 6), (30, 5), (29, 6)]",32,32,64
176,"(30, 3)","(30, 4)",South,"[(31, 3) via East]","[(30, 3):64, (4, 13):66, (26, 9):66, (4, 3):66, (6, 10):66, (31, 4):66]","[(4, 13):66, (26, 9):66, (4, 3):66, (6, 10):66, (31, 4):66, (31, 3):66]","[(34, 16), (34, 15), (33, 16), (34, 14), (32, 16), (33, 14), (31, 16), (32, 14), (30, 16), (31, 14), (29, 16), (30, 14), (28, 16), (30, 13), (27, 16), (30, 12), (26, 16), (25, 16), (25, 15), (24, 16), (25, 14), (23, 16), (22, 16), (21, 16), (20, 16), (19, 16), (18, 16), (17, 16), (16, 16), (15, 16), (14, 16), (13, 16), (12, 16), (11, 16), (10, 16), (9, 16), (8, 16), (7, 16), (6, 16), (5, 16), (4, 16), (3, 16), (2, 16), (1, 16), (1, 15), (1, 14), (1, 13), (1, 12), (1, 11), (1, 10), (1, 9), (1, 8), (1, 7), (31, 12), (26, 14), (2, 7), (32, 12), (27, 14), (3, 7), (27, 13), (27, 12), (27, 11), (26, 11), (25, 11), (24, 11), (33, 12), (4, 7), (24, 12), (23, 12), (22, 12), (21, 12), (20, 12), (20, 11), (19, 12), (20, 10), (19, 11), (18, 12), (20, 9), (17, 12), (16, 12), (15, 12), (14, 12), (14, 11), (13, 12), (14, 10), (12, 12), (12, 11), (12, 10), (11, 10), (10, 10), (34, 12), (4, 8), (21, 9), (17, 13), (15, 10), (12, 13), (10, 11), (34, 11), (34, 10), (33, 10), (32, 10), (31, 10), (30, 10), (30, 9), (29, 10), (30, 8), (4, 9), (22, 9), (17, 14), (16, 10), (12, 14), (10, 12), (31, 8), (16, 14), (15, 14), (14, 14), (13, 14), (4, 10), (23, 9), (17, 10), (10, 13), (32, 8), (3, 10), (17, 9), (17, 8), (16, 8), (15, 8), (14, 8), (13, 8), (12, 8), (11, 8), (11, 7), (11, 6), (10, 6), (9, 6), (8, 6), (7, 6), (6, 6), (6, 5), (5, 5), (4, 5), (3, 5), (2, 5), (1, 5), (1, 4), (1, 3), (4, 11), (24, 9), (10, 14), (33, 8), (2, 3), (9, 14), (8, 14), (8, 13), (8, 12), (8, 11), (8, 10), (8, 9), (8, 8), (7, 8), (6, 8), (4, 12), (25, 9), (34, 8), (3, 3), (6, 9), (34, 7), (34, 6), (33, 6), (32, 6), (31, 6), (30, 6), (30, 5), (29, 6), (30, 4)]",33,31,64
177,"(4, 13)","(4, 12)",North,"[(4, 14) via North]","[(4, 13):66, (26, 9):66, (4, 3):66, (6, 10):66, (31, 4):66, (31, 3):66]","[(26, 9):66, (4, 3):66, (6, 10):66, (31, 4):66, (31, 3):66, (4, 14):68]","[(34, 16), (34, 15), (33, 16), (34, 14), (32, 16), (33, 14), (31, 16), (32, 14), (30, 16), (31, 14), (29, 16), (30, 14), (28, 16), (30, 13), (27, 16), (30, 12), (26, 16), (25, 16), (25, 15), (24, 16), (25, 14), (23, 16), (22, 16), (21, 16), (20, 16), (19, 16), (18, 16), (17, 16), (16, 16), (15, 16), (14, 16), (13, 16), (12, 16), (11, 16), (10, 16), (9, 16), (8, 16), (7, 16), (6, 16), (5, 16), (4, 16), (3, 16), (2, 16), (1, 16), (1, 15), (1, 14), (1, 13), (1, 12), (1, 11), (1, 10), (1, 9), (1, 8), (1, 7), (31, 12), (26, 14), (2, 7), (32, 12), (27, 14), (3, 7), (27, 13), (27, 12), (27, 11), (26, 11), (25, 11), (24, 11), (33, 12), (4, 7), (24, 12), (23, 12), (22, 12), (21, 12), (20, 12), (20, 11), (19, 12), (20, 10), (19, 11), (18, 12), (20, 9), (17, 12), (16, 12), (15, 12), (14, 12), (14, 11), (13, 12), (14, 10), (12, 12), (12, 11), (12, 10), (11, 10), (10, 10), (34, 12), (4, 8), (21, 9), (17, 13), (15, 10), (12, 13), (10, 11), (34, 11), (34, 10), (33, 10), (32, 10), (31, 10), (30, 10), (30, 9), (29, 10), (30, 8), (4, 9), (22, 9), (17, 14), (16, 10), (12, 14), (10, 12), (31, 8), (16, 14), (15, 14), (14, 14), (13, 14), (4, 10), (23, 9), (17, 10), (10, 13), (32, 8), (3, 10), (17, 9), (17, 8), (16, 8), (15, 8), (14, 8), (13, 8), (12, 8), (11, 8), (11, 7), (11, 6), (10, 6), (9, 6), (8, 6), (7, 6), (6, 6), (6, 5), (5, 5), (4, 5), (3, 5), (2, 5), (1, 5), (1, 4), (1, 3), (4, 11), (24, 9), (10, 14), (33, 8), (2, 3), (9, 14), (8, 14), (8, 13), (8, 12), (8, 11), (8, 10), (8, 9), (8, 8), (7, 8), (6, 8), (4, 12), (25, 9), (34, 8), (3, 3), (6, 9), (34, 7), (34, 6), (33, 6), (32, 6), (31, 6), (30, 6), (30, 5), (29, 6), (30, 4), (30, 3)]",51,15,66
178,"(26, 9)","(25, 9)",East,"[(27, 9) via East]","[(26, 9):66, (4, 3):66, (6, 10):66, (31, 4):66, (31, 3):66, (4, 14):68]","[(4, 3):66, (6, 10):66, (31, 4):66, (31, 3):66, (4, 14):68, (27, 9):68]","[(34, 16), (34, 15), (33, 16), (34, 14), (32, 16), (33, 14), (31, 16), (32, 14), (30, 16), (31, 14), (29, 16), (30, 14), (28, 16), (30, 13), (27, 16), (30, 12), (26, 16), (25, 16), (25, 15), (24, 16), (25, 14), (23, 16), (22, 16), (21, 16), (20, 16), (19, 16), (18, 16), (17, 16), (16, 16), (15, 16), (14, 16), (13, 16), (12, 16), (11, 16), (10, 16), (9, 16), (8, 16), (7, 16), (6, 16), (5, 16), (4, 16), (3, 16), (2, 16), (1, 16), (1, 15), (1, 14), (1, 13), (1, 12), (1, 11), (1, 10), (1, 9), (1, 8), (1, 7), (31, 12), (26, 14), (2, 7), (32, 12), (27, 14), (3, 7), (27, 13), (27, 12), (27, 11), (26, 11), (25, 11), (24, 11), (33, 12), (4, 7), (24, 12), (23, 12), (22, 12), (21, 12), (20, 12), (20, 11), (19, 12), (20, 10), (19, 11), (18, 12), (20, 9), (17, 12), (16, 12), (15, 12), (14, 12), (14, 11), (13, 12), (14, 10), (12, 12), (12, 11), (12, 10), (11, 10), (10, 10), (34, 12), (4, 8), (21, 9), (17, 13), (15, 10), (12, 13), (10, 11), (34, 11), (34, 10), (33, 10), (32, 10), (31, 10), (30, 10), (30, 9), (29, 10), (30, 8), (4, 9), (22, 9), (17, 14), (16, 10), (12, 14), (10, 12), (31, 8), (16, 14), (15, 14), (14, 14), (13, 14), (4, 10), (23, 9), (17, 10), (10, 13), (32, 8), (3, 10), (17, 9), (17, 8), (16, 8), (15, 8), (14, 8), (13, 8), (12, 8), (11, 8), (11, 7), (11, 6), (10, 6), (9, 6), (8, 6), (7, 6), (6, 6), (6, 5), (5, 5), (4, 5), (3, 5), (2, 5), (1, 5), (1, 4), (1, 3), (4, 11), (24, 9), (10, 14), (33, 8), (2, 3), (9, 14), (8, 14), (8, 13), (8, 12), (8, 11), (8, 10), (8, 9), (8, 8), (7, 8), (6, 8), (4, 12), (25, 9), (34, 8), (3, 3), (6, 9), (34, 7), (34, 6), (33, 6), (32, 6), (31, 6), (30, 6), (30, 5), (29, 6), (30, 4), (30, 3), (4, 13)]",33,33,66
179,"(4, 3)","(3, 3)",East,"[(5, 3) via East]","[(4, 3):66, (6, 10):66, (31, 4):66, (31, 3):66, (4, 14):68, (27, 9):68]","[(6, 10):66, (31, 4):66, (31, 3):66, (4, 14):68, (27, 9):68, (5, 3):68]","[(34, 16), (34, 15), (33, 16), (34, 14), (32, 16), (33, 14), (31, 16), (32, 14), (30, 16), (31, 14), (29, 16), (30, 14), (28, 16), (30, 13), (27, 16), (30, 12), (26, 16), (25, 16), (25, 15), (24, 16), (25, 14), (23, 16), (22, 16), (21, 16), (20, 16), (19, 16), (18, 16), (17, 16), (16, 16), (15, 16), (14, 16), (13, 16), (12, 16), (11, 16), (10, 16), (9, 16), (8, 16), (7, 16), (6, 16), (5, 16), (4, 16), (3, 16), (2, 16), (1, 16), (1, 15), (1, 14), (1, 13), (1, 12), (1, 11), (1, 10), (1, 9), (1, 8), (1, 7), (31, 12), (26, 14), (2, 7), (32, 12), (27, 14), (3, 7), (27, 13), (27, 12), (27, 11), (26, 11), (25, 11), (24, 11), (33, 12), (4, 7), (24, 12), (23, 12), (22, 12), (21, 12), (20, 12), (20, 11), (19, 12), (20, 10), (19, 11), (18, 12), (20, 9), (17, 12), (16, 12), (15, 12), (14, 12), (14, 11), (13, 12), (14, 10), (12, 12), (12, 11), (12, 10), (11, 10), (10, 10), (34, 12), (4, 8), (21, 9), (17, 13), (15, 10), (12, 13), (10, 11), (34, 11), (34, 10), (33, 10), (32, 10), (31, 10), (30, 10), (30, 9), (29, 10), (30, 8), (4, 9), (22, 9), (17, 14), (16, 10), (12, 14), (10, 12), (31, 8), (16, 14), (15, 14), (14, 14), (13, 14), (4, 10), (23, 9), (17, 10), (10, 13), (32, 8), (3, 10), (17, 9), (17, 8), (16, 8), (15, 8), (14, 8), (13, 8), (12, 8), (11, 8), (11, 7), (11, 6), (10, 6), (9, 6), (8, 6), (7, 6), (6, 6), (6, 5), (5, 5), (4, 5), (3, 5), (2, 5), (1, 5), (1, 4), (1, 3), (4, 11), (24, 9), (10, 14), (33, 8), (2, 3), (9, 14), (8, 14), (8, 13), (8, 12), (8, 11), (8, 10), (8, 9), (8, 8), (7, 8), (6, 8), (4, 12), (25, 9), (34, 8), (3, 3), (6, 9), (34, 7), (34, 6), (33, 6), (32, 6), (31, 6), (30, 6), (30, 5), (29, 6), (30, 4), (30, 3), (4, 13), (26, 9)]",61,5,66
180,"(6, 10)","(6, 9)",North,"[(6, 11) via North]","[(6, 10):66, (31, 4):66, (31, 3):66, (4, 14):68, (27, 9):68, (5, 3):68]","[(31, 4):66, (31, 3):66, (4, 14):68, (27, 9):68, (5, 3):68, (6, 11):68]","[(34, 16), (34, 15), (33, 16), (34, 14), (32, 16), (33, 14), (31, 16), (32, 14), (30, 16), (31, 14), (29, 16), (30, 14), (28, 16), (30, 13), (27, 16), (30, 12), (26, 16), (25, 16), (25, 15), (24, 16), (25, 14), (23, 16), (22, 16), (21, 16), (20, 16), (19, 16), (18, 16), (17, 16), (16, 16), (15, 16), (14, 16), (13, 16), (12, 16), (11, 16), (10, 16), (9, 16), (8, 16), (7, 16), (6, 16), (5, 16), (4, 16), (3, 16), (2, 16), (1, 16), (1, 15), (1, 14), (1, 13), (1, 12), (1, 11), (1, 10), (1, 9), (1, 8), (1, 7), (31, 12), (26, 14), (2, 7), (32, 12), (27, 14), (3, 7), (27, 13), (27, 12), (27, 11), (26, 11), (25, 11), (24, 11), (33, 12), (4, 7), (24, 12), (23, 12), (22, 12), (21, 12), (20, 12), (20, 11), (19, 12), (20, 10), (19, 11), (18, 12), (20, 9), (17, 12), (16, 12), (15, 12), (14, 12), (14, 11), (13, 12), (14, 10), (12, 12), (12, 11), (12, 10), (11, 10), (10, 10), (34, 12), (4, 8), (21, 9), (17, 13), (15, 10), (12, 13), (10, 11), (34, 11), (34, 10), (33, 10), (32, 10), (31, 10), (30, 10), (30, 9), (29, 10), (30, 8), (4, 9), (22, 9), (17, 14), (16, 10), (12, 14), (10, 12), (31, 8), (16, 14), (15, 14), (14, 14), (13, 14), (4, 10), (23, 9), (17, 10), (10, 13), (32, 8), (3, 10), (17, 9), (17, 8), (16, 8), (15, 8), (14, 8), (13, 8), (12, 8), (11, 8), (11, 7), (11, 6), (10, 6), (9, 6), (8, 6), (7, 6), (6, 6), (6, 5), (5, 5), (4, 5), (3, 5), (2, 5), (1, 5), (1, 4), (1, 3), (4, 11), (24, 9), (10, 14), (33, 8), (2, 3), (9, 14), (8, 14), (8, 13), (8, 12), (8, 11), (8, 10), (8, 9), (8, 8), (7, 8), (6, 8), (4, 12), (25, 9), (34, 8), (3, 3), (6, 9), (34, 7), (34, 6), (33, 6), (32, 6), (31, 6), (30, 6), (30, 5), (29, 6), (30, 4), (30, 3), (4, 13), (26, 9), (4, 3)]",52,14,66
181,"(31, 4)","(30, 4)",East,"[(32, 4) via East]","[(31, 4):66, (31, 3):66, (4, 14):68, (27, 9):68, (5, 3):68, (6, 11):68]","[(31, 3):66, (4, 14):68, (27, 9):68, (5, 3):68, (6, 11):68, (32, 4):68]","[(34, 16), (34, 15), (33, 16), (34, 14), (32, 16), (33, 14), (31, 16), (32, 14), (30, 16), (31, 14), (29, 16), (30, 14), (28, 16), (30, 13), (27, 16), (30, 12), (26, 16), (25, 16), (25, 15), (24, 16), (25, 14), (23, 16), (22, 16), (21, 16), (20, 16), (19, 16), (18, 16), (17, 16), (16, 16), (15, 16), (14, 16), (13, 16), (12, 16), (11, 16), (10, 16), (9, 16), (8, 16), (7, 16), (6, 16), (5, 16), (4, 16), (3, 16), (2, 16), (1, 16), (1, 15), (1, 14), (1, 13), (1, 12), (1, 11), (1, 10), (1, 9), (1, 8), (1, 7), (31, 12), (26, 14), (2, 7), (32, 12), (27, 14), (3, 7), (27, 13), (27, 12), (27, 11), (26, 11), (25, 11), (24, 11), (33, 12), (4, 7), (24, 12), (23, 12), (22, 12), (21, 12), (20, 12), (20, 11), (19, 12), (20, 10), (19, 11), (18, 12), (20, 9), (17, 12), (16, 12), (15, 12), (14, 12), (14, 11), (13, 12), (14, 10), (12, 12), (12, 11), (12, 10), (11, 10), (10, 10), (34, 12), (4, 8), (21, 9), (17, 13), (15, 10), (12, 13), (10, 11), (34, 11), (34, 10), (33, 10), (32, 10), (31, 10), (30, 10), (30, 9), (29, 10), (30, 8), (4, 9), (22, 9), (17, 14), (16, 10), (12, 14), (10, 12), (31, 8), (16, 14), (15, 14), (14, 14), (13, 14), (4, 10), (23, 9), (17, 10), (10, 13), (32, 8), (3, 10), (17, 9), (17, 8), (16, 8), (15, 8), (14, 8), (13, 8), (12, 8), (11, 8), (11, 7), (11, 6), (10, 6), (9, 6), (8, 6), (7, 6), (6, 6), (6, 5), (5, 5), (4, 5), (3, 5), (2, 5), (1, 5), (1, 4), (1, 3), (4, 11), (24, 9), (10, 14), (33, 8), (2, 3), (9, 14), (8, 14), (8, 13), (8, 12), (8, 11), (8, 10), (8, 9), (8, 8), (7, 8), (6, 8), (4, 12), (25, 9), (34, 8), (3, 3), (6, 9), (34, 7), (34, 6), (33, 6), (32, 6), (31, 6), (30, 6), (30, 5), (29, 6), (30, 4), (30, 3), (4, 13), (26, 9), (4, 3), (6, 10)]",33,33,66
182,"(31, 3)","(30, 3)",East,[],"[(31, 3):66, (4, 14):68, (27, 9):68, (5, 3):68, (6, 11):68, (32, 4):68]","[(4, 14):68, (27, 9):68, (5, 3):68, (6, 11):68, (32, 4):68]","[(34, 16), (34, 15), (33, 16), (34, 14), (32, 16), (33, 14), (31, 16), (32, 14), (30, 16), (31, 14), (29, 16), (30, 14), (28, 16), (30, 13), (27, 16), (30, 12), (26, 16), (25, 16), (25, 15), (24, 16), (25, 14), (23, 16), (22, 16), (21, 16), (20, 16), (19, 16), (18, 16), (17, 16), (16, 16), (15, 16), (14, 16), (13, 16), (12, 16), (11, 16), (10, 16), (9, 16), (8, 16), (7, 16), (6, 16), (5, 16), (4, 16), (3, 16), (2, 16), (1, 16), (1, 15), (1, 14), (1, 13), (1, 12), (1, 11), (1, 10), (1, 9), (1, 8), (1, 7), (31, 12), (26, 14), (2, 7), (32, 12), (27, 14), (3, 7), (27, 13), (27, 12), (27, 11), (26, 11), (25, 11), (24, 11), (33, 12), (4, 7), (24, 12), (23, 12), (22, 12), (21, 12), (20, 12), (20, 11), (19, 12), (20, 10), (19, 11), (18, 12), (20, 9), (17, 12), (16, 12), (15, 12), (14, 12), (14, 11), (13, 12), (14, 10), (12, 12), (12, 11), (12, 10), (11, 10), (10, 10), (34, 12), (4, 8), (21, 9), (17, 13), (15, 10), (12, 13), (10, 11), (34, 11), (34, 10), (33, 10), (32, 10), (31, 10), (30, 10), (30, 9), (29, 10), (30, 8), (4, 9), (22, 9), (17, 14), (16, 10), (12, 14), (10, 12), (31, 8), (16, 14), (15, 14), (14, 14), (13, 14), (4, 10), (23, 9), (17, 10), (10, 13), (32, 8), (3, 10), (17, 9), (17, 8), (16, 8), (15, 8), (14, 8), (13, 8), (12, 8), (11, 8), (11, 7), (11, 6), (10, 6), (9, 6), (8, 6), (7, 6), (6, 6), (6, 5), (5, 5), (4, 5), (3, 5), (2, 5), (1, 5), (1, 4), (1, 3), (4, 11), (24, 9), (10, 14), (33, 8), (2, 3), (9, 14), (8, 14), (8, 13), (8, 12), (8, 11), (8, 10), (8, 9), (8, 8), (7, 8), (6, 8), (4, 12), (25, 9), (34, 8), (3, 3), (6, 9), (34, 7), (34, 6), (33, 6), (32, 6), (31, 6), (30, 6), (30, 5), (29, 6), (30, 4), (30, 3), (4, 13), (26, 9), (4, 3), (6, 10), (31, 4)]",34,32,66
183,"(4, 14)","(4, 13)",North,"[(5, 14) via East]","[(4, 14):68, (27, 9):68, (5, 3):68, (6, 11):68, (32, 4):68]","[(27, 9):68, (5, 3):68, (6, 11):68, (32, 4):68, (5, 14):70]","[(34, 16), (34, 15), (33, 16), (34, 14), (32, 16), (33, 14), (31, 16), (32, 14), (30, 16), (31, 14), (29, 16), (30, 14), (28, 16), (30, 13), (27, 16), (30, 12), (26, 16), (25, 16), (25, 15), (24, 16), (25, 14), (23, 16), (22, 16), (21, 16), (20, 16), (19, 16), (18, 16), (17, 16), (16, 16), (15, 16), (14, 16), (13, 16), (12, 16), (11, 16), (10, 16), (9, 16), (8, 16), (7, 16), (6, 16), (5, 16), (4, 16), (3, 16), (2, 16), (1, 16), (1, 15), (1, 14), (1, 13), (1, 12), (1, 11), (1, 10), (1, 9), (1, 8), (1, 7), (31, 12), (26, 14), (2, 7), (32, 12), (27, 14), (3, 7), (27, 13), (27, 12), (27, 11), (26, 11), (25, 11), (24, 11), (33, 12), (4, 7), (24, 12), (23, 12), (22, 12), (21, 12), (20, 12), (20, 11), (19, 12), (20, 10), (19, 11), (18, 12), (20, 9), (17, 12), (16, 12), (15, 12), (14, 12), (14, 11), (13, 12), (14, 10), (12, 12), (12, 11), (12, 10), (11, 10), (10, 10), (34, 12), (4, 8), (21, 9), (17, 13), (15, 10), (12, 13), (10, 11), (34, 11), (34, 10), (33, 10), (32, 10), (31, 10), (30, 10), (30, 9), (29, 10), (30, 8), (4, 9), (22, 9), (17, 14), (16, 10), (12, 14), (10, 12), (31, 8), (16, 14), (15, 14), (14, 14), (13, 14), (4, 10), (23, 9), (17, 10), (10, 13), (32, 8), (3, 10), (17, 9), (17, 8), (16, 8), (15, 8), (14, 8), (13, 8), (12, 8), (11, 8), (11, 7), (11, 6), (10, 6), (9, 6), (8, 6), (7, 6), (6, 6), (6, 5), (5, 5), (4, 5), (3, 5), (2, 5), (1, 5), (1, 4), (1, 3), (4, 11), (24, 9), (10, 14), (33, 8), (2, 3), (9, 14), (8, 14), (8, 13), (8, 12), (8, 11), (8, 10), (8, 9), (8, 8), (7, 8), (6, 8), (4, 12), (25, 9), (34, 8), (3, 3), (6, 9), (34, 7), (34, 6), (33, 6), (32, 6), (31, 6), (30, 6), (30, 5), (29, 6), (30, 4), (30, 3), (4, 13), (26, 9), (4, 3), (6, 10), (31, 4), (31, 3)]",52,16,68
184,"(27, 9)","(26, 9)",East,"[(27, 8) via South]","[(27, 9):68, (5, 3):68, (6, 11):68, (32, 4):68, (5, 14):70]","[(5, 3):68, (6, 11):68, (32, 4):68, (27, 8):68, (5, 14):70]","[(34, 16), (34, 15), (33, 16), (34, 14), (32, 16), (33, 14), (31, 16), (32, 14), (30, 16), (31, 14), (29, 16), (30, 14), (28, 16), (30, 13), (27, 16), (30, 12), (26, 16), (25, 16), (25, 15), (24, 16), (25, 14), (23, 16), (22, 16), (21, 16), (20, 16), (19, 16), (18, 16), (17, 16), (16, 16), (15, 16), (14, 16), (13, 16), (12, 16), (11, 16), (10, 16), (9, 16), (8, 16), (7, 16), (6, 16), (5, 16), (4, 16), (3, 16), (2, 16), (1, 16), (1, 15), (1, 14), (1, 13), (1, 12), (1, 11), (1, 10), (1, 9), (1, 8), (1, 7), (31, 12), (26, 14), (2, 7), (32, 12), (27, 14), (3, 7), (27, 13), (27, 12), (27, 11), (26, 11), (25, 11), (24, 11), (33, 12), (4, 7), (24, 12), (23, 12), (22, 12), (21, 12), (20, 12), (20, 11), (19, 12), (20, 10), (19, 11), (18, 12), (20, 9), (17, 12), (16, 12), (15, 12), (14, 12), (14, 11), (13, 12), (14, 10), (12, 12), (12, 11), (12, 10), (11, 10), (10, 10), (34, 12), (4, 8), (21, 9), (17, 13), (15, 10), (12, 13), (10, 11), (34, 11), (34, 10), (33, 10), (32, 10), (31, 10), (30, 10), (30, 9), (29, 10), (30, 8), (4, 9), (22, 9), (17, 14), (16, 10), (12, 14), (10, 12), (31, 8), (16, 14), (15, 14), (14, 14), (13, 14), (4, 10), (23, 9), (17, 10), (10, 13), (32, 8), (3, 10), (17, 9), (17, 8), (16, 8), (15, 8), (14, 8), (13, 8), (12, 8), (11, 8), (11, 7), (11, 6), (10, 6), (9, 6), (8, 6), (7, 6), (6, 6), (6, 5), (5, 5), (4, 5), (3, 5), (2, 5), (1, 5), (1, 4), (1, 3), (4, 11), (24, 9), (10, 14), (33, 8), (2, 3), (9, 14), (8, 14), (8, 13), (8, 12), (8, 11), (8, 10), (8, 9), (8, 8), (7, 8), (6, 8), (4, 12), (25, 9), (34, 8), (3, 3), (6, 9), (34, 7), (34, 6), (33, 6), (32, 6), (31, 6), (30, 6), (30, 5), (29, 6), (30, 4), (30, 3), (4, 13), (26, 9), (4, 3), (6, 10), (31, 4), (31, 3), (4, 14)]",34,34,68
185,"(5, 3)","(4, 3)",East,"[(6, 3) via East]","[(5, 3):68, (6, 11):68, (32, 4):68, (27, 8):68, (5, 14):70]","[(6, 11):68, (32, 4):68, (27, 8):68, (5, 14):70, (6, 3):70]","[(34, 16), (34, 15), (33, 16), (34, 14), (32, 16), (33, 14), (31, 16), (32, 14), (30, 16), (31, 14), (29, 16), (30, 14), (28, 16), (30, 13), (27, 16), (30, 12), (26, 16), (25, 16), (25, 15), (24, 16), (25, 14), (23, 16), (22, 16), (21, 16), (20, 16), (19, 16), (18, 16), (17, 16), (16, 16), (15, 16), (14, 16), (13, 16), (12, 16), (11, 16), (10, 16), (9, 16), (8, 16), (7, 16), (6, 16), (5, 16), (4, 16), (3, 16), (2, 16), (1, 16), (1, 15), (1, 14), (1, 13), (1, 12), (1, 11), (1, 10), (1, 9), (1, 8), (1, 7), (31, 12), (26, 14), (2, 7), (32, 12), (27, 14), (3, 7), (27, 13), (27, 12), (27, 11), (26, 11), (25, 11), (24, 11), (33, 12), (4, 7), (24, 12), (23, 12), (22, 12), (21, 12), (20, 12), (20, 11), (19, 12), (20, 10), (19, 11), (18, 12), (20, 9), (17, 12), (16, 12), (15, 12), (14, 12), (14, 11), (13, 12), (14, 10), (12, 12), (12, 11), (12, 10), (11, 10), (10, 10), (34, 12), (4, 8), (21, 9), (17, 13), (15, 10), (12, 13), (10, 11), (34, 11), (34, 10), (33, 10), (32, 10), (31, 10), (30, 10), (30, 9), (29, 10), (30, 8), (4, 9), (22, 9), (17, 14), (16, 10), (12, 14), (10, 12), (31, 8), (16, 14), (15, 14), (14, 14), (13, 14), (4, 10), (23, 9), (17, 10), (10, 13), (32, 8), (3, 10), (17, 9), (17, 8), (16, 8), (15, 8), (14, 8), (13, 8), (12, 8), (11, 8), (11, 7), (11, 6), (10, 6), (9, 6), (8, 6), (7, 6), (6, 6), (6, 5), (5, 5), (4, 5), (3, 5), (2, 5), (1, 5), (1, 4), (1, 3), (4, 11), (24, 9), (10, 14), (33, 8), (2, 3), (9, 14), (8, 14), (8, 13), (8, 12), (8, 11), (8, 10), (8, 9), (8, 8), (7, 8), (6, 8), (4, 12), (25, 9), (34, 8), (3, 3), (6, 9), (34, 7), (34, 6), (33, 6), (32, 6), (31, 6), (30, 6), (30, 5), (29, 6), (30, 4), (30, 3), (4, 13), (26, 9), (4, 3), (6, 10), (31, 4), (31, 3), (4, 14), (27, 9)]",62,6,68
186,"(6, 11)","(6, 10)",North,"[(6, 12) via North]","[(6, 11):68, (32, 4):68, (27, 8):68, (5, 14):70, (6, 3):70]","[(32, 4):68, (27, 8):68, (5, 14):70, (6, 3):70, (6, 12):70]","[(34, 16), (34, 15), (33, 16), (34, 14), (32, 16), (33, 14), (31, 16), (32, 14), (30, 16), (31, 14), (29, 16), (30, 14), (28, 16), (30, 13), (27, 16), (30, 12), (26, 16), (25, 16), (25, 15), (24, 16), (25, 14), (23, 16), (22, 16), (21, 16), (20, 16), (19, 16), (18, 16), (17, 16), (16, 16), (15, 16), (14, 16), (13, 16), (12, 16), (11, 16), (10, 16), (9, 16), (8, 16), (7, 16), (6, 16), (5, 16), (4, 16), (3, 16), (2, 16), (1, 16), (1, 15), (1, 14), (1, 13), (1, 12), (1, 11), (1, 10), (1, 9), (1, 8), (1, 7), (31, 12), (26, 14), (2, 7), (32, 12), (27, 14), (3, 7), (27, 13), (27, 12), (27, 11), (26, 11), (25, 11), (24, 11), (33, 12), (4, 7), (24, 12), (23, 12), (22, 12), (21, 12), (20, 12), (20, 11), (19, 12), (20, 10), (19, 11), (18, 12), (20, 9), (17, 12), (16, 12), (15, 12), (14, 12), (14, 11), (13, 12), (14, 10), (12, 12), (12, 11), (12, 10), (11, 10), (10, 10), (34, 12), (4, 8), (21, 9), (17, 13), (15, 10), (12, 13), (10, 11), (34, 11), (34, 10), (33, 10), (32, 10), (31, 10), (30, 10), (30, 9), (29, 10), (30, 8), (4, 9), (22, 9), (17, 14), (16, 10), (12, 14), (10, 12), (31, 8), (16, 14), (15, 14), (14, 14), (13, 14), (4, 10), (23, 9), (17, 10), (10, 13), (32, 8), (3, 10), (17, 9), (17, 8), (16, 8), (15, 8), (14, 8), (13, 8), (12, 8), (11, 8), (11, 7), (11, 6), (10, 6), (9, 6), (8, 6), (7, 6), (6, 6), (6, 5), (5, 5), (4, 5), (3, 5), (2, 5), (1, 5), (1, 4), (1, 3), (4, 11), (24, 9), (10, 14), (33, 8), (2, 3), (9, 14), (8, 14), (8, 13), (8, 12), (8, 11), (8, 10), (8, 9), (8, 8), (7, 8), (6, 8), (4, 12), (25, 9), (34, 8), (3, 3), (6, 9), (34, 7), (34, 6), (33, 6), (32, 6), (31, 6), (30, 6), (30, 5), (29, 6), (30, 4), (30, 3), (4, 13), (26, 9), (4, 3), (6, 10), (31, 4), (31, 3), (4, 14), (27, 9), (5, 3)]",53,15,68
187,"(32, 4)","(31, 4)",East,"[(33, 4) via East]","[(32, 4):68, (27, 8):68, (5, 14):70, (6, 3):70, (6, 12):70]","[(27, 8):68, (5, 14):70, (6, 3):70, (6, 12):70, (33, 4):70]","[(34, 16), (34, 15), (33, 16), (34, 14), (32, 16), (33, 14), (31, 16), (32, 14), (30, 16), (31, 14), (29, 16), (30, 14), (28, 16), (30, 13), (27, 16), (30, 12), (26, 16), (25, 16), (25, 15), (24, 16), (25, 14), (23, 16), (22, 16), (21, 16), (20, 16), (19, 16), (18, 16), (17, 16), (16, 16), (15, 16), (14, 16), (13, 16), (12, 16), (11, 16), (10, 16), (9, 16), (8, 16), (7, 16), (6, 16), (5, 16), (4, 16), (3, 16), (2, 16), (1, 16), (1, 15), (1, 14), (1, 13), (1, 12), (1, 11), (1, 10), (1, 9), (1, 8), (1, 7), (31, 12), (26, 14), (2, 7), (32, 12), (27, 14), (3, 7), (27, 13), (27, 12), (27, 11), (26, 11), (25, 11), (24, 11), (33, 12), (4, 7), (24, 12), (23, 12), (22, 12), (21, 12), (20, 12), (20, 11), (19, 12), (20, 10), (19, 11), (18, 12), (20, 9), (17, 12), (16, 12), (15, 12), (14, 12), (14, 11), (13, 12), (14, 10), (12, 12), (12, 11), (12, 10), (11, 10), (10, 10), (34, 12), (4, 8), (21, 9), (17, 13), (15, 10), (12, 13), (10, 11), (34, 11), (34, 10), (33, 10), (32, 10), (31, 10), (30, 10), (30, 9), (29, 10), (30, 8), (4, 9), (22, 9), (17, 14), (16, 10), (12, 14), (10, 12), (31, 8), (16, 14), (15, 14), (14, 14), (13, 14), (4, 10), (23, 9), (17, 10), (10, 13), (32, 8), (3, 10), (17, 9), (17, 8), (16, 8), (15, 8), (14, 8), (13, 8), (12, 8), (11, 8), (11, 7), (11, 6), (10, 6), (9, 6), (8, 6), (7, 6), (6, 6), (6, 5), (5, 5), (4, 5), (3, 5), (2, 5), (1, 5), (1, 4), (1, 3), (4, 11), (24, 9), (10, 14), (33, 8), (2, 3), (9, 14), (8, 14), (8, 13), (8, 12), (8, 11), (8, 10), (8, 9), (8, 8), (7, 8), (6, 8), (4, 12), (25, 9), (34, 8), (3, 3), (6, 9), (34, 7), (34, 6), (33, 6), (32, 6), (31, 6), (30, 6), (30, 5), (29, 6), (30, 4), (30, 3), (4, 13), (26, 9), (4, 3), (6, 10), (31, 4), (31, 3), (4, 14), (27, 9), (5, 3), (6, 11)]",34,34,68
188,"(27, 8)","(27, 9)",South,"[(27, 7) via South]","[(27, 8):68, (5, 14):70, (6, 3):70, (6, 12):70, (33, 4):70]","[(27, 7):68, (5, 14):70, (6, 3):70, (6, 12):70, (33, 4):70]","[(34, 16), (34, 15), (33, 16), (34, 14), (32, 16), (33, 14), (31, 16), (32, 14), (30, 16), (31, 14), (29, 16), (30, 14), (28, 16), (30, 13), (27, 16), (30, 12), (26, 16), (25, 16), (25, 15), (24, 16), (25, 14), (23, 16), (22, 16), (21, 16), (20, 16), (19, 16), (18, 16), (17, 16), (16, 16), (15, 16), (14, 16), (13, 16), (12, 16), (11, 16), (10, 16), (9, 16), (8, 16), (7, 16), (6, 16), (5, 16), (4, 16), (3, 16), (2, 16), (1, 16), (1, 15), (1, 14), (1, 13), (1, 12), (1, 11), (1, 10), (1, 9), (1, 8), (1, 7), (31, 12), (26, 14), (2, 7), (32, 12), (27, 14), (3, 7), (27, 13), (27, 12), (27, 11), (26, 11), (25, 11), (24, 11), (33, 12), (4, 7), (24, 12), (23, 12), (22, 12), (21, 12), (20, 12), (20, 11), (19, 12), (20, 10), (19, 11), (18, 12), (20, 9), (17, 12), (16, 12), (15, 12), (14, 12), (14, 11), (13, 12), (14, 10), (12, 12), (12, 11), (12, 10), (11, 10), (10, 10), (34, 12), (4, 8), (21, 9), (17, 13), (15, 10), (12, 13), (10, 11), (34, 11), (34, 10), (33, 10), (32, 10), (31, 10), (30, 10), (30, 9), (29, 10), (30, 8), (4, 9), (22, 9), (17, 14), (16, 10), (12, 14), (10, 12), (31, 8), (16, 14), (15, 14), (14, 14), (13, 14), (4, 10), (23, 9), (17, 10), (10, 13), (32, 8), (3, 10), (17, 9), (17, 8), (16, 8), (15, 8), (14, 8), (13, 8), (12, 8), (11, 8), (11, 7), (11, 6), (10, 6), (9, 6), (8, 6), (7, 6), (6, 6), (6, 5), (5, 5), (4, 5), (3, 5), (2, 5), (1, 5), (1, 4), (1, 3), (4, 11), (24, 9), (10, 14), (33, 8), (2, 3), (9, 14), (8, 14), (8, 13), (8, 12), (8, 11), (8, 10), (8, 9), (8, 8), (7, 8), (6, 8), (4, 12), (25, 9), (34, 8), (3, 3), (6, 9), (34, 7), (34, 6), (33, 6), (32, 6), (31, 6), (30, 6), (30, 5), (29, 6), (30, 4), (30, 3), (4, 13), (26, 9), (4, 3), (6, 10), (31, 4), (31, 3), (4, 14), (27, 9), (5, 3), (6, 11), (32, 4)]",35,33,68
189,"(27, 7)","(27, 8)",South,"[(27, 6) via South]","[(27, 7):68, (5, 14):70, (6, 3):70, (6, 12):70, (33, 4):70]","[(27, 6):68, (5, 14):70, (6, 3):70, (6, 12):70, (33, 4):70]","[(34, 16), (34, 15), (33, 16), (34, 14), (32, 16), (33, 14), (31, 16), (32, 14), (30, 16), (31, 14), (29, 16), (30, 14), (28, 16), (30, 13), (27, 16), (30, 12), (26, 16), (25, 16), (25, 15), (24, 16), (25, 14), (23, 16), (22, 16), (21, 16), (20, 16), (19, 16), (18, 16), (17, 16), (16, 16), (15, 16), (14, 16), (13, 16), (12, 16), (11, 16), (10, 16), (9, 16), (8, 16), (7, 16), (6, 16), (5, 16), (4, 16), (3, 16), (2, 16), (1, 16), (1, 15), (1, 14), (1, 13), (1, 12), (1, 11), (1, 10), (1, 9), (1, 8), (1, 7), (31, 12), (26, 14), (2, 7), (32, 12), (27, 14), (3, 7), (27, 13), (27, 12), (27, 11), (26, 11), (25, 11), (24, 11), (33, 12), (4, 7), (24, 12), (23, 12), (22, 12), (21, 12), (20, 12), (20, 11), (19, 12), (20, 10), (19, 11), (18, 12), (20, 9), (17, 12), (16, 12), (15, 12), (14, 12), (14, 11), (13, 12), (14, 10), (12, 12), (12, 11), (12, 10), (11, 10), (10, 10), (34, 12), (4, 8), (21, 9), (17, 13), (15, 10), (12, 13), (10, 11), (34, 11), (34, 10), (33, 10), (32, 10), (31, 10), (30, 10), (30, 9), (29, 10), (30, 8), (4, 9), (22, 9), (17, 14), (16, 10), (12, 14), (10, 12), (31, 8), (16, 14), (15, 14), (14, 14), (13, 14), (4, 10), (23, 9), (17, 10), (10, 13), (32, 8), (3, 10), (17, 9), (17, 8), (16, 8), (15, 8), (14, 8), (13, 8), (12, 8), (11, 8), (11, 7), (11, 6), (10, 6), (9, 6), (8, 6), (7, 6), (6, 6), (6, 5), (5, 5), (4, 5), (3, 5), (2, 5), (1, 5), (1, 4), (1, 3), (4, 11), (24, 9), (10, 14), (33, 8), (2, 3), (9, 14), (8, 14), (8, 13), (8, 12), (8, 11), (8, 10), (8, 9), (8, 8), (7, 8), (6, 8), (4, 12), (25, 9), (34, 8), (3, 3), (6, 9), (34, 7), (34, 6), (33, 6), (32, 6), (31, 6), (30, 6), (30, 5), (29, 6), (30, 4), (30, 3), (4, 13), (26, 9), (4, 3), (6, 10), (31, 4), (31, 3), (4, 14), (27, 9), (5, 3), (6, 11), (32, 4), (27, 8)]",36,32,68
190,"(27, 6)","(27, 7)",South,"[(27, 5) via South]","[(27, 6):68, (5, 14):70, (6, 3):70, (6, 12):70, (33, 4):70]","[(27, 5):68, (5, 14):70, (6, 3):70, (6, 12):70, (33, 4):70]","[(34, 16), (34, 15), (33, 16), (34, 14), (32, 16), (33, 14), (31, 16), (32, 14), (30, 16), (31, 14), (29, 16), (30, 14), (28, 16), (30, 13), (27, 16), (30, 12), (26, 16), (25, 16), (25, 15), (24, 16), (25, 14), (23, 16), (22, 16), (21, 16), (20, 16), (19, 16), (18, 16), (17, 16), (16, 16), (15, 16), (14, 16), (13, 16), (12, 16), (11, 16), (10, 16), (9, 16), (8, 16), (7, 16), (6, 16), (5, 16), (4, 16), (3, 16), (2, 16), (1, 16), (1, 15), (1, 14), (1, 13), (1, 12), (1, 11), (1, 10), (1, 9), (1, 8), (1, 7), (31, 12), (26, 14), (2, 7), (32, 12), (27, 14), (3, 7), (27, 13), (27, 12), (27, 11), (26, 11), (25, 11), (24, 11), (33, 12), (4, 7), (24, 12), (23, 12), (22, 12), (21, 12), (20, 12), (20, 11), (19, 12), (20, 10), (19, 11), (18, 12), (20, 9), (17, 12), (16, 12), (15, 12), (14, 12), (14, 11), (13, 12), (14, 10), (12, 12), (12, 11), (12, 10), (11, 10), (10, 10), (34, 12), (4, 8), (21, 9), (17, 13), (15, 10), (12, 13), (10, 11), (34, 11), (34, 10), (33, 10), (32, 10), (31, 10), (30, 10), (30, 9), (29, 10), (30, 8), (4, 9), (22, 9), (17, 14), (16, 10), (12, 14), (10, 12), (31, 8), (16, 14), (15, 14), (14, 14), (13, 14), (4, 10), (23, 9), (17, 10), (10, 13), (32, 8), (3, 10), (17, 9), (17, 8), (16, 8), (15, 8), (14, 8), (13, 8), (12, 8), (11, 8), (11, 7), (11, 6), (10, 6), (9, 6), (8, 6), (7, 6), (6, 6), (6, 5), (5, 5), (4, 5), (3, 5), (2, 5), (1, 5), (1, 4), (1, 3), (4, 11), (24, 9), (10, 14), (33, 8), (2, 3), (9, 14), (8, 14), (8, 13), (8, 12), (8, 11), (8, 10), (8, 9), (8, 8), (7, 8), (6, 8), (4, 12), (25, 9), (34, 8), (3, 3), (6, 9), (34, 7), (34, 6), (33, 6), (32, 6), (31, 6), (30, 6), (30, 5), (29, 6), (30, 4), (30, 3), (4, 13), (26, 9), (4, 3), (6, 10), (31, 4), (31, 3), (4, 14), (27, 9), (5, 3), (6, 11), (32, 4), (27, 8), (27, 7)]",37,31,68
191,"(27, 5)","(27, 6)",South,"[(27, 4) via South]","[(27, 5):68, (5, 14):70, (6, 3):70, (6, 12):70, (33, 4):70]","[(27, 4):68, (5, 14):70, (6, 3):70, (6, 12):70, (33, 4):70]","[(34, 16), (34, 15), (33, 16), (34, 14), (32, 16), (33, 14), (31, 16), (32, 14), (30, 16), (31, 14), (29, 16), (30, 14), (28, 16), (30, 13), (27, 16), (30, 12), (26, 16), (25, 16), (25, 15), (24, 16), (25, 14), (23, 16), (22, 16), (21, 16), (20, 16), (19, 16), (18, 16), (17, 16), (16, 16), (15, 16), (14, 16), (13, 16), (12, 16), (11, 16), (10, 16), (9, 16), (8, 16), (7, 16), (6, 16), (5, 16), (4, 16), (3, 16), (2, 16), (1, 16), (1, 15), (1, 14), (1, 13), (1, 12), (1, 11), (1, 10), (1, 9), (1, 8), (1, 7), (31, 12), (26, 14), (2, 7), (32, 12), (27, 14), (3, 7), (27, 13), (27, 12), (27, 11), (26, 11), (25, 11), (24, 11), (33, 12), (4, 7), (24, 12), (23, 12), (22, 12), (21, 12), (20, 12), (20, 11), (19, 12), (20, 10), (19, 11), (18, 12), (20, 9), (17, 12), (16, 12), (15, 12), (14, 12), (14, 11), (13, 12), (14, 10), (12, 12), (12, 11), (12, 10), (11, 10), (10, 10), (34, 12), (4, 8), (21, 9), (17, 13), (15, 10), (12, 13), (10, 11), (34, 11), (34, 10), (33, 10), (32, 10), (31, 10), (30, 10), (30, 9), (29, 10), (30, 8), (4, 9), (22, 9), (17, 14), (16, 10), (12, 14), (10, 12), (31, 8), (16, 14), (15, 14), (14, 14), (13, 14), (4, 10), (23, 9), (17, 10), (10, 13), (32, 8), (3, 10), (17, 9), (17, 8), (16, 8), (15, 8), (14, 8), (13, 8), (12, 8), (11, 8), (11, 7), (11, 6), (10, 6), (9, 6), (8, 6), (7, 6), (6, 6), (6, 5), (5, 5), (4, 5), (3, 5), (2, 5), (1, 5), (1, 4), (1, 3), (4, 11), (24, 9), (10, 14), (33, 8), (2, 3), (9, 14), (8, 14), (8, 13), (8, 12), (8, 11), (8, 10), (8, 9), (8, 8), (7, 8), (6, 8), (4, 12), (25, 9), (34, 8), (3, 3), (6, 9), (34, 7), (34, 6), (33, 6), (32, 6), (31, 6), (30, 6), (30, 5), (29, 6), (30, 4), (30, 3), (4, 13), (26, 9), (4, 3), (6, 10), (31, 4), (31, 3), (4, 14), (27, 9), (5, 3), (6, 11), (32, 4), (27, 8), (27, 7), (27, 6)]",38,30,68
192,"(27, 4)","(27, 5)",South,"[(27, 3) via South]","[(27, 4):68, (5, 14):70, (6, 3):70, (6, 12):70, (33, 4):70]","[(27, 3):68, (5, 14):70, (6, 3):70, (6, 12):70, (33, 4):70]","[(34, 16), (34, 15), (33, 16), (34, 14), (32, 16), (33, 14), (31, 16), (32, 14), (30, 16), (31, 14), (29, 16), (30, 14), (28, 16), (30, 13), (27, 16), (30, 12), (26, 16), (25, 16), (25, 15), (24, 16), (25, 14), (23, 16), (22, 16), (21, 16), (20, 16), (19, 16), (18, 16), (17, 16), (16, 16), (15, 16), (14, 16), (13, 16), (12, 16), (11, 16), (10, 16), (9, 16), (8, 16), (7, 16), (6, 16), (5, 16), (4, 16), (3, 16), (2, 16), (1, 16), (1, 15), (1, 14), (1, 13), (1, 12), (1, 11), (1, 10), (1, 9), (1, 8), (1, 7), (31, 12), (26, 14), (2, 7), (32, 12), (27, 14), (3, 7), (27, 13), (27, 12), (27, 11), (26, 11), (25, 11), (24, 11), (33, 12), (4, 7), (24, 12), (23, 12), (22, 12), (21, 12), (20, 12), (20, 11), (19, 12), (20, 10), (19, 11), (18, 12), (20, 9), (17, 12), (16, 12), (15, 12), (14, 12), (14, 11), (13, 12), (14, 10), (12, 12), (12, 11), (12, 10), (11, 10), (10, 10), (34, 12), (4, 8), (21, 9), (17, 13), (15, 10), (12, 13), (10, 11), (34, 11), (34, 10), (33, 10), (32, 10), (31, 10), (30, 10), (30, 9), (29, 10), (30, 8), (4, 9), (22, 9), (17, 14), (16, 10), (12, 14), (10, 12), (31, 8), (16, 14), (15, 14), (14, 14), (13, 14), (4, 10), (23, 9), (17, 10), (10, 13), (32, 8), (3, 10), (17, 9), (17, 8), (16, 8), (15, 8), (14, 8), (13, 8), (12, 8), (11, 8), (11, 7), (11, 6), (10, 6), (9, 6), (8, 6), (7, 6), (6, 6), (6, 5), (5, 5), (4, 5), (3, 5), (2, 5), (1, 5), (1, 4), (1, 3), (4, 11), (24, 9), (10, 14), (33, 8), (2, 3), (9, 14), (8, 14), (8, 13), (8, 12), (8, 11), (8, 10), (8, 9), (8, 8), (7, 8), (6, 8), (4, 12), (25, 9), (34, 8), (3, 3), (6, 9), (34, 7), (34, 6), (33, 6), (32, 6), (31, 6), (30, 6), (30, 5), (29, 6), (30, 4), (30, 3), (4, 13), (26, 9), (4, 3), (6, 10), (31, 4), (31, 3), (4, 14), (27, 9), (5, 3), (6, 11), (32, 4), (27, 8), (27, 7), (27, 6), (27, 5)]",39,29,68
193,"(27, 3)","(27, 4)",South,"[(27, 2) via South]","[(27, 3):68, (5, 14):70, (6, 3):70, (6, 12):70, (33, 4):70]","[(27, 2):68, (5, 14):70, (6, 3):70, (6, 12):70, (33, 4):70]","[(34, 16), (34, 15), (33, 16), (34, 14), (32, 16), (33, 14), (31, 16), (32, 14), (30, 16), (31, 14), (29, 16), (30, 14), (28, 16), (30, 13), (27, 16), (30, 12), (26, 16), (25, 16), (25, 15), (24, 16), (25, 14), (23, 16), (22, 16), (21, 16), (20, 16), (19, 16), (18, 16), (17, 16), (16, 16), (15, 16), (14, 16), (13, 16), (12, 16), (11, 16), (10, 16), (9, 16), (8, 16), (7, 16), (6, 16), (5, 16), (4, 16), (3, 16), (2, 16), (1, 16), (1, 15), (1, 14), (1, 13), (1, 12), (1, 11), (1, 10), (1, 9), (1, 8), (1, 7), (31, 12), (26, 14), (2, 7), (32, 12), (27, 14), (3, 7), (27, 13), (27, 12), (27, 11), (26, 11), (25, 11), (24, 11), (33, 12), (4, 7), (24, 12), (23, 12), (22, 12), (21, 12), (20, 12), (20, 11), (19, 12), (20, 10), (19, 11), (18, 12), (20, 9), (17, 12), (16, 12), (15, 12), (14, 12), (14, 11), (13, 12), (14, 10), (12, 12), (12, 11), (12, 10), (11, 10), (10, 10), (34, 12), (4, 8), (21, 9), (17, 13), (15, 10), (12, 13), (10, 11), (34, 11), (34, 10), (33, 10), (32, 10), (31, 10), (30, 10), (30, 9), (29, 10), (30, 8), (4, 9), (22, 9), (17, 14), (16, 10), (12, 14), (10, 12), (31, 8), (16, 14), (15, 14), (14, 14), (13, 14), (4, 10), (23, 9), (17, 10), (10, 13), (32, 8), (3, 10), (17, 9), (17, 8), (16, 8), (15, 8), (14, 8), (13, 8), (12, 8), (11, 8), (11, 7), (11, 6), (10, 6), (9, 6), (8, 6), (7, 6), (6, 6), (6, 5), (5, 5), (4, 5), (3, 5), (2, 5), (1, 5), (1, 4), (1, 3), (4, 11), (24, 9), (10, 14), (33, 8), (2, 3), (9, 14), (8, 14), (8, 13), (8, 12), (8, 11), (8, 10), (8, 9), (8, 8), (7, 8), (6, 8), (4, 12), (25, 9), (34, 8), (3, 3), (6, 9), (34, 7), (34, 6), (33, 6), (32, 6), (31, 6), (30, 6), (30, 5), (29, 6), (30, 4), (30, 3), (4, 13), (26, 9), (4, 3), (6, 10), (31, 4), (31, 3), (4, 14), (27, 9), (5, 3), (6, 11), (32, 4), (27, 8), (27, 7), (27, 6), (27, 5), (27, 4)]",40,28,68
194,"(27, 2)","(27, 3)",South,"[(27, 1) via South, (26, 2) via West]","[(27, 2):68, (5, 14):70, (6, 3):70, (6, 12):70, (33, 4):70]","[(27, 1):68, (26, 2):68, (5, 14):70, (6, 3):70, (6, 12):70, (33, 4):70]","[(34, 16), (34, 15), (33, 16), (34, 14), (32, 16), (33, 14), (31, 16), (32, 14), (30, 16), (31, 14), (29, 16), (30, 14), (28, 16), (30, 13), (27, 16), (30, 12), (26, 16), (25, 16), (25, 15), (24, 16), (25, 14), (23, 16), (22, 16), (21, 16), (20, 16), (19, 16), (18, 16), (17, 16), (16, 16), (15, 16), (14, 16), (13, 16), (12, 16), (11, 16), (10, 16), (9, 16), (8, 16), (7, 16), (6, 16), (5, 16), (4, 16), (3, 16), (2, 16), (1, 16), (1, 15), (1, 14), (1, 13), (1, 12), (1, 11), (1, 10), (1, 9), (1, 8), (1, 7), (31, 12), (26, 14), (2, 7), (32, 12), (27, 14), (3, 7), (27, 13), (27, 12), (27, 11), (26, 11), (25, 11), (24, 11), (33, 12), (4, 7), (24, 12), (23, 12), (22, 12), (21, 12), (20, 12), (20, 11), (19, 12), (20, 10), (19, 11), (18, 12), (20, 9), (17, 12), (16, 12), (15, 12), (14, 12), (14, 11), (13, 12), (14, 10), (12, 12), (12, 11), (12, 10), (11, 10), (10, 10), (34, 12), (4, 8), (21, 9), (17, 13), (15, 10), (12, 13), (10, 11), (34, 11), (34, 10), (33, 10), (32, 10), (31, 10), (30, 10), (30, 9), (29, 10), (30, 8), (4, 9), (22, 9), (17, 14), (16, 10), (12, 14), (10, 12), (31, 8), (16, 14), (15, 14), (14, 14), (13, 14), (4, 10), (23, 9), (17, 10), (10, 13), (32, 8), (3, 10), (17, 9), (17, 8), (16, 8), (15, 8), (14, 8), (13, 8), (12, 8), (11, 8), (11, 7), (11, 6), (10, 6), (9, 6), (8, 6), (7, 6), (6, 6), (6, 5), (5, 5), (4, 5), (3, 5), (2, 5), (1, 5), (1, 4), (1, 3), (4, 11), (24, 9), (10, 14), (33, 8), (2, 3), (9, 14), (8, 14), (8, 13), (8, 12), (8, 11), (8, 10), (8, 9), (8, 8), (7, 8), (6, 8), (4, 12), (25, 9), (34, 8), (3, 3), (6, 9), (34, 7), (34, 6), (33, 6), (32, 6), (31, 6), (30, 6), (30, 5), (29, 6), (30, 4), (30, 3), (4, 13), (26, 9), (4, 3), (6, 10), (31, 4), (31, 3), (4, 14), (27, 9), (5, 3), (6, 11), (32, 4), (27, 8), (27, 7), (27, 6), (27, 5), (27, 4), (27, 3)]",41,27,68
195,"(27, 1)","(27, 2)",South,"[(28, 1) via East]","[(27, 1):68, (26, 2):68, (5, 14):70, (6, 3):70, (6, 12):70, (33, 4):70]","[(26, 2):68, (5, 14):70, (6, 3):70, (6, 12):70, (33, 4):70, (28, 1):70]","[(34, 16), (34, 15), (33, 16), (34, 14), (32, 16), (33, 14), (31, 16), (32, 14), (30, 16), (31, 14), (29, 16), (30, 14), (28, 16), (30, 13), (27, 16), (30, 12), (26, 16), (25, 16), (25, 15), (24, 16), (25, 14), (23, 16), (22, 16), (21, 16), (20, 16), (19, 16), (18, 16), (17, 16), (16, 16), (15, 16), (14, 16), (13, 16), (12, 16), (11, 16), (10, 16), (9, 16), (8, 16), (7, 16), (6, 16), (5, 16), (4, 16), (3, 16), (2, 16), (1, 16), (1, 15), (1, 14), (1, 13), (1, 12), (1, 11), (1, 10), (1, 9), (1, 8), (1, 7), (31, 12), (26, 14), (2, 7), (32, 12), (27, 14), (3, 7), (27, 13), (27, 12), (27, 11), (26, 11), (25, 11), (24, 11), (33, 12), (4, 7), (24, 12), (23, 12), (22, 12), (21, 12), (20, 12), (20, 11), (19, 12), (20, 10), (19, 11), (18, 12), (20, 9), (17, 12), (16, 12), (15, 12), (14, 12), (14, 11), (13, 12), (14, 10), (12, 12), (12, 11), (12, 10), (11, 10), (10, 10), (34, 12), (4, 8), (21, 9), (17, 13), (15, 10), (12, 13), (10, 11), (34, 11), (34, 10), (33, 10), (32, 10), (31, 10), (30, 10), (30, 9), (29, 10), (30, 8), (4, 9), (22, 9), (17, 14), (16, 10), (12, 14), (10, 12), (31, 8), (16, 14), (15, 14), (14, 14), (13, 14), (4, 10), (23, 9), (17, 10), (10, 13), (32, 8), (3, 10), (17, 9), (17, 8), (16, 8), (15, 8), (14, 8), (13, 8), (12, 8), (11, 8), (11, 7), (11, 6), (10, 6), (9, 6), (8, 6), (7, 6), (6, 6), (6, 5), (5, 5), (4, 5), (3, 5), (2, 5), (1, 5), (1, 4), (1, 3), (4, 11), (24, 9), (10, 14), (33, 8), (2, 3), (9, 14), (8, 14), (8, 13), (8, 12), (8, 11), (8, 10), (8, 9), (8, 8), (7, 8), (6, 8), (4, 12), (25, 9), (34, 8), (3, 3), (6, 9), (34, 7), (34, 6), (33, 6), (32, 6), (31, 6), (30, 6), (30, 5), (29, 6), (30, 4), (30, 3), (4, 13), (26, 9), (4, 3), (6, 10), (31, 4), (31, 3), (4, 14), (27, 9), (5, 3), (6, 11), (32, 4), (27, 8), (27, 7), (27, 6), (27, 5), (27, 4), (27, 3), (27, 2)]",42,26,68
196,"(26, 2)","(27, 2)",West,"[(25, 2) via West]","[(26, 2):68, (5, 14):70, (6, 3):70, (6, 12):70, (33, 4):70, (28, 1):70]","[(25, 2):68, (5, 14):70, (6, 3):70, (6, 12):70, (33, 4):70, (28, 1):70]","[(34, 16), (34, 15), (33, 16), (34, 14), (32, 16), (33, 14), (31, 16), (32, 14), (30, 16), (31, 14), (29, 16), (30, 14), (28, 16), (30, 13), (27, 16), (30, 12), (26, 16), (25, 16), (25, 15), (24, 16), (25, 14), (23, 16), (22, 16), (21, 16), (20, 16), (19, 16), (18, 16), (17, 16), (16, 16), (15, 16), (14, 16), (13, 16), (12, 16), (11, 16), (10, 16), (9, 16), (8, 16), (7, 16), (6, 16), (5, 16), (4, 16), (3, 16), (2, 16), (1, 16), (1, 15), (1, 14), (1, 13), (1, 12), (1, 11), (1, 10), (1, 9), (1, 8), (1, 7), (31, 12), (26, 14), (2, 7), (32, 12), (27, 14), (3, 7), (27, 13), (27, 12), (27, 11), (26, 11), (25, 11), (24, 11), (33, 12), (4, 7), (24, 12), (23, 12), (22, 12), (21, 12), (20, 12), (20, 11), (19, 12), (20, 10), (19, 11), (18, 12), (20, 9), (17, 12), (16, 12), (15, 12), (14, 12), (14, 11), (13, 12), (14, 10), (12, 12), (12, 11), (12, 10), (11, 10), (10, 10), (34, 12), (4, 8), (21, 9), (17, 13), (15, 10), (12, 13), (10, 11), (34, 11), (34, 10), (33, 10), (32, 10), (31, 10), (30, 10), (30, 9), (29, 10), (30, 8), (4, 9), (22, 9), (17, 14), (16, 10), (12, 14), (10, 12), (31, 8), (16, 14), (15, 14), (14, 14), (13, 14), (4, 10), (23, 9), (17, 10), (10, 13), (32, 8), (3, 10), (17, 9), (17, 8), (16, 8), (15, 8), (14, 8), (13, 8), (12, 8), (11, 8), (11, 7), (11, 6), (10, 6), (9, 6), (8, 6), (7, 6), (6, 6), (6, 5), (5, 5), (4, 5), (3, 5), (2, 5), (1, 5), (1, 4), (1, 3), (4, 11), (24, 9), (10, 14), (33, 8), (2, 3), (9, 14), (8, 14), (8, 13), (8, 12), (8, 11), (8, 10), (8, 9), (8, 8), (7, 8), (6, 8), (4, 12), (25, 9), (34, 8), (3, 3), (6, 9), (34, 7), (34, 6), (33, 6), (32, 6), (31, 6), (30, 6), (30, 5), (29, 6), (30, 4), (30, 3), (4, 13), (26, 9), (4, 3), (6, 10), (31, 4), (31, 3), (4, 14), (27, 9), (5, 3), (6, 11), (32, 4), (27, 8), (27, 7), (27, 6), (27, 5), (27, 4), (27, 3), (27, 2), (27, 1)]",42,26,68
197,"(25, 2)","(26, 2)",West,"[(24, 2) via West]","[(25, 2):68, (5, 14):70, (6, 3):70, (6, 12):70, (33, 4):70, (28, 1):70]","[(24, 2):68, (5, 14):70, (6, 3):70, (6, 12):70, (33, 4):70, (28, 1):70]","[(34, 16), (34, 15), (33, 16), (34, 14), (32, 16), (33, 14), (31, 16), (32, 14), (30, 16), (31, 14), (29, 16), (30, 14), (28, 16), (30, 13), (27, 16), (30, 12), (26, 16), (25, 16), (25, 15), (24, 16), (25, 14), (23, 16), (22, 16), (21, 16), (20, 16), (19, 16), (18, 16), (17, 16), (16, 16), (15, 16), (14, 16), (13, 16), (12, 16), (11, 16), (10, 16), (9, 16), (8, 16), (7, 16), (6, 16), (5, 16), (4, 16), (3, 16), (2, 16), (1, 16), (1, 15), (1, 14), (1, 13), (1, 12), (1, 11), (1, 10), (1, 9), (1, 8), (1, 7), (31, 12), (26, 14), (2, 7), (32, 12), (27, 14), (3, 7), (27, 13), (27, 12), (27, 11), (26, 11), (25, 11), (24, 11), (33, 12), (4, 7), (24, 12), (23, 12), (22, 12), (21, 12), (20, 12), (20, 11), (19, 12), (20, 10), (19, 11), (18, 12), (20, 9), (17, 12), (16, 12), (15, 12), (14, 12), (14, 11), (13, 12), (14, 10), (12, 12), (12, 11), (12, 10), (11, 10), (10, 10), (34, 12), (4, 8), (21, 9), (17, 13), (15, 10), (12, 13), (10, 11), (34, 11), (34, 10), (33, 10), (32, 10), (31, 10), (30, 10), (30, 9), (29, 10), (30, 8), (4, 9), (22, 9), (17, 14), (16, 10), (12, 14), (10, 12), (31, 8), (16, 14), (15, 14), (14, 14), (13, 14), (4, 10), (23, 9), (17, 10), (10, 13), (32, 8), (3, 10), (17, 9), (17, 8), (16, 8), (15, 8), (14, 8), (13, 8), (12, 8), (11, 8), (11, 7), (11, 6), (10, 6), (9, 6), (8, 6), (7, 6), (6, 6), (6, 5), (5, 5), (4, 5), (3, 5), (2, 5), (1, 5), (1, 4), (1, 3), (4, 11), (24, 9), (10, 14), (33, 8), (2, 3), (9, 14), (8, 14), (8, 13), (8, 12), (8, 11), (8, 10), (8, 9), (8, 8), (7, 8), (6, 8), (4, 12), (25, 9), (34, 8), (3, 3), (6, 9), (34, 7), (34, 6), (33, 6), (32, 6), (31, 6), (30, 6), (30, 5), (29, 6), (30, 4), (30, 3), (4, 13), (26, 9), (4, 3), (6, 10), (31, 4), (31, 3), (4, 14), (27, 9), (5, 3), (6, 11), (32, 4), (27, 8), (27, 7), (27, 6), (27, 5), (27, 4), (27, 3), (27, 2), (27, 1), (26, 2)]",43,25,68
198,"(24, 2)","(25, 2)",West,"[(23, 2) via West]","[(24, 2):68, (5, 14):70, (6, 3):70, (6, 12):70, (33, 4):70, (28, 1):70]","[(23, 2):68, (5, 14):70, (6, 3):70, (6, 12):70, (33, 4):70, (28, 1):70]","[(34, 16), (34, 15), (33, 16), (34, 14), (32, 16), (33, 14), (31, 16), (32, 14), (30, 16), (31, 14), (29, 16), (30, 14), (28, 16), (30, 13), (27, 16), (30, 12), (26, 16), (25, 16), (25, 15), (24, 16), (25, 14), (23, 16), (22, 16), (21, 16), (20, 16), (19, 16), (18, 16), (17, 16), (16, 16), (15, 16), (14, 16), (13, 16), (12, 16), (11, 16), (10, 16), (9, 16), (8, 16), (7, 16), (6, 16), (5, 16), (4, 16), (3, 16), (2, 16), (1, 16), (1, 15), (1, 14), (1, 13), (1, 12), (1, 11), (1, 10), (1, 9), (1, 8), (1, 7), (31, 12), (26, 14), (2, 7), (32, 12), (27, 14), (3, 7), (27, 13), (27, 12), (27, 11), (26, 11), (25, 11), (24, 11), (33, 12), (4, 7), (24, 12), (23, 12), (22, 12), (21, 12), (20, 12), (20, 11), (19, 12), (20, 10), (19, 11), (18, 12), (20, 9), (17, 12), (16, 12), (15, 12), (14, 12), (14, 11), (13, 12), (14, 10), (12, 12), (12, 11), (12, 10), (11, 10), (10, 10), (34, 12), (4, 8), (21, 9), (17, 13), (15, 10), (12, 13), (10, 11), (34, 11), (34, 10), (33, 10), (32, 10), (31, 10), (30, 10), (30, 9), (29, 10), (30, 8), (4, 9), (22, 9), (17, 14), (16, 10), (12, 14), (10, 12), (31, 8), (16, 14), (15, 14), (14, 14), (13, 14), (4, 10), (23, 9), (17, 10), (10, 13), (32, 8), (3, 10), (17, 9), (17, 8), (16, 8), (15, 8), (14, 8), (13, 8), (12, 8), (11, 8), (11, 7), (11, 6), (10, 6), (9, 6), (8, 6), (7, 6), (6, 6), (6, 5), (5, 5), (4, 5), (3, 5), (2, 5), (1, 5), (1, 4), (1, 3), (4, 11), (24, 9), (10, 14), (33, 8), (2, 3), (9, 14), (8, 14), (8, 13), (8, 12), (8, 11), (8, 10), (8, 9), (8, 8), (7, 8), (6, 8), (4, 12), (25, 9), (34, 8), (3, 3), (6, 9), (34, 7), (34, 6), (33, 6), (32, 6), (31, 6), (30, 6), (30, 5), (29, 6), (30, 4), (30, 3), (4, 13), (26, 9), (4, 3), (6, 10), (31, 4), (31, 3), (4, 14), (27, 9), (5, 3), (6, 11), (32, 4), (27, 8), (27, 7), (27, 6), (27, 5), (27, 4), (27, 3), (27, 2), (27, 1), (26, 2), (25, 2)]",44,24,68
199,"(23, 2)","(24, 2)",West,"[(22, 2) via West]","[(23, 2):68, (5, 14):70, (6, 3):70, (6, 12):70, (33, 4):70, (28, 1):70]","[(22, 2):68, (5, 14):70, (6, 3):70, (6, 12):70, (33, 4):70, (28, 1):70]","[(34, 16), (34, 15), (33, 16), (34, 14), (32, 16), (33, 14), (31, 16), (32, 14), (30, 16), (31, 14), (29, 16), (30, 14), (28, 16), (30, 13), (27, 16), (30, 12), (26, 16), (25, 16), (25, 15), (24, 16), (25, 14), (23, 16), (22, 16), (21, 16), (20, 16), (19, 16), (18, 16), (17, 16), (16, 16), (15, 16), (14, 16), (13, 16), (12, 16), (11, 16), (10, 16), (9, 16), (8, 16), (7, 16), (6, 16), (5, 16), (4, 16), (3, 16), (2, 16), (1, 16), (1, 15), (1, 14), (1, 13), (1, 12), (1, 11), (1, 10), (1, 9), (1, 8), (1, 7), (31, 12), (26, 14), (2, 7), (32, 12), (27, 14), (3, 7), (27, 13), (27, 12), (27, 11), (26, 11), (25, 11), (24, 11), (33, 12), (4, 7), (24, 12), (23, 12), (22, 12), (21, 12), (20, 12), (20, 11), (19, 12), (20, 10), (19, 11), (18, 12), (20, 9), (17, 12), (16, 12), (15, 12), (14, 12), (14, 11), (13, 12), (14, 10), (12, 12), (12, 11), (12, 10), (11, 10), (10, 10), (34, 12), (4, 8), (21, 9), (17, 13), (15, 10), (12, 13), (10, 11), (34, 11), (34, 10), (33, 10), (32, 10), (31, 10), (30, 10), (30, 9), (29, 10), (30, 8), (4, 9), (22, 9), (17, 14), (16, 10), (12, 14), (10, 12), (31, 8), (16, 14), (15, 14), (14, 14), (13, 14), (4, 10), (23, 9), (17, 10), (10, 13), (32, 8), (3, 10), (17, 9), (17, 8), (16, 8), (15, 8), (14, 8), (13, 8), (12, 8), (11, 8), (11, 7), (11, 6), (10, 6), (9, 6), (8, 6), (7, 6), (6, 6), (6, 5), (5, 5), (4, 5), (3, 5), (2, 5), (1, 5), (1, 4), (1, 3), (4, 11), (24, 9), (10, 14), (33, 8), (2, 3), (9, 14), (8, 14), (8, 13), (8, 12), (8, 11), (8, 10), (8, 9), (8, 8), (7, 8), (6, 8), (4, 12), (25, 9), (34, 8), (3, 3), (6, 9), (34, 7), (34, 6), (33, 6), (32, 6), (31, 6), (30, 6), (30, 5), (29, 6), (30, 4), (30, 3), (4, 13), (26, 9), (4, 3), (6, 10), (31, 4), (31, 3), (4, 14), (27, 9), (5, 3), (6, 11), (32, 4), (27, 8), (27, 7), (27, 6), (27, 5), (27, 4), (27, 3), (27, 2), (27, 1), (26, 2), (25, 2), (24, 2)]",45,23,68
200,"(22, 2)","(23, 2)",West,"[(21, 2) via West]","[(22, 2):68, (5, 14):70, (6, 3):70, (6, 12):70, (33, 4):70, (28, 1):70]","[(21, 2):68, (5, 14):70, (6, 3):70, (6, 12):70, (33, 4):70, (28, 1):70]","[(34, 16), (34, 15), (33, 16), (34, 14), (32, 16), (33, 14), (31, 16), (32, 14), (30, 16), (31, 14), (29, 16), (30, 14), (28, 16), (30, 13), (27, 16), (30, 12), (26, 16), (25, 16), (25, 15), (24, 16), (25, 14), (23, 16), (22, 16), (21, 16), (20, 16), (19, 16), (18, 16), (17, 16), (16, 16), (15, 16), (14, 16), (13, 16), (12, 16), (11, 16), (10, 16), (9, 16), (8, 16), (7, 16), (6, 16), (5, 16), (4, 16), (3, 16), (2, 16), (1, 16), (1, 15), (1, 14), (1, 13), (1, 12), (1, 11), (1, 10), (1, 9), (1, 8), (1, 7), (31, 12), (26, 14), (2, 7), (32, 12), (27, 14), (3, 7), (27, 13), (27, 12), (27, 11), (26, 11), (25, 11), (24, 11), (33, 12), (4, 7), (24, 12), (23, 12), (22, 12), (21, 12), (20, 12), (20, 11), (19, 12), (20, 10), (19, 11), (18, 12), (20, 9), (17, 12), (16, 12), (15, 12), (14, 12), (14, 11), (13, 12), (14, 10), (12, 12), (12, 11), (12, 10), (11, 10), (10, 10), (34, 12), (4, 8), (21, 9), (17, 13), (15, 10), (12, 13), (10, 11), (34, 11), (34, 10), (33, 10), (32, 10), (31, 10), (30, 10), (30, 9), (29, 10), (30, 8), (4, 9), (22, 9), (17, 14), (16, 10), (12, 14), (10, 12), (31, 8), (16, 14), (15, 14), (14, 14), (13, 14), (4, 10), (23, 9), (17, 10), (10, 13), (32, 8), (3, 10), (17, 9), (17, 8), (16, 8), (15, 8), (14, 8), (13, 8), (12, 8), (11, 8), (11, 7), (11, 6), (10, 6), (9, 6), (8, 6), (7, 6), (6, 6), (6, 5), (5, 5), (4, 5), (3, 5), (2, 5), (1, 5), (1, 4), (1, 3), (4, 11), (24, 9), (10, 14), (33, 8), (2, 3), (9, 14), (8, 14), (8, 13), (8, 12), (8, 11), (8, 10), (8, 9), (8, 8), (7, 8), (6, 8), (4, 12), (25, 9), (34, 8), (3, 3), (6, 9), (34, 7), (34, 6), (33, 6), (32, 6), (31, 6), (30, 6), (30, 5), (29, 6), (30, 4), (30, 3), (4, 13), (26, 9), (4, 3), (6, 10), (31, 4), (31, 3), (4, 14), (27, 9), (5, 3), (6, 11), (32, 4), (27, 8), (27, 7), (27, 6), (27, 5), (27, 4), (27, 3), (27, 2), (27, 1), (26, 2), (25, 2), (24, 2), (23, 2)]",46,22,68
201,"(21, 2)","(22, 2)",West,"[(20, 2) via West]","[(21, 2):68, (5, 14):70, (6, 3):70, (6, 12):70, (33, 4):70, (28, 1):70]","[(20, 2):68, (5, 14):70, (6, 3):70, (6, 12):70, (33, 4):70, (28, 1):70]","[(34, 16), (34, 15), (33, 16), (34, 14), (32, 16), (33, 14), (31, 16), (32, 14), (30, 16), (31, 14), (29, 16), (30, 14), (28, 16), (30, 13), (27, 16), (30, 12), (26, 16), (25, 16), (25, 15), (24, 16), (25, 14), (23, 16), (22, 16), (21, 16), (20, 16), (19, 16), (18, 16), (17, 16), (16, 16), (15, 16), (14, 16), (13, 16), (12, 16), (11, 16), (10, 16), (9, 16), (8, 16), (7, 16), (6, 16), (5, 16), (4, 16), (3, 16), (2, 16), (1, 16), (1, 15), (1, 14), (1, 13), (1, 12), (1, 11), (1, 10), (1, 9), (1, 8), (1, 7), (31, 12), (26, 14), (2, 7), (32, 12), (27, 14), (3, 7), (27, 13), (27, 12), (27, 11), (26, 11), (25, 11), (24, 11), (33, 12), (4, 7), (24, 12), (23, 12), (22, 12), (21, 12), (20, 12), (20, 11), (19, 12), (20, 10), (19, 11), (18, 12), (20, 9), (17, 12), (16, 12), (15, 12), (14, 12), (14, 11), (13, 12), (14, 10), (12, 12), (12, 11), (12, 10), (11, 10), (10, 10), (34, 12), (4, 8), (21, 9), (17, 13), (15, 10), (12, 13), (10, 11), (34, 11), (34, 10), (33, 10), (32, 10), (31, 10), (30, 10), (30, 9), (29, 10), (30, 8), (4, 9), (22, 9), (17, 14), (16, 10), (12, 14), (10, 12), (31, 8), (16, 14), (15, 14), (14, 14), (13, 14), (4, 10), (23, 9), (17, 10), (10, 13), (32, 8), (3, 10), (17, 9), (17, 8), (16, 8), (15, 8), (14, 8), (13, 8), (12, 8), (11, 8), (11, 7), (11, 6), (10, 6), (9, 6), (8, 6), (7, 6), (6, 6), (6, 5), (5, 5), (4, 5), (3, 5), (2, 5), (1, 5), (1, 4), (1, 3), (4, 11), (24, 9), (10, 14), (33, 8), (2, 3), (9, 14), (8, 14), (8, 13), (8, 12), (8, 11), (8, 10), (8, 9), (8, 8), (7, 8), (6, 8), (4, 12), (25, 9), (34, 8), (3, 3), (6, 9), (34, 7), (34, 6), (33, 6), (32, 6), (31, 6), (30, 6), (30, 5), (29, 6), (30, 4), (30, 3), (4, 13), (26, 9), (4, 3), (6, 10), (31, 4), (31, 3), (4, 14), (27, 9), (5, 3), (6, 11), (32, 4), (27, 8), (27, 7), (27, 6), (27, 5), (27, 4), (27, 3), (27, 2), (27, 1), (26, 2), (25, 2), (24, 2), (23, 2), (22, 2)]",47,21,68
202,"(20, 2)","(21, 2)",West,"[(19, 2) via West]","[(20, 2):68, (5, 14):70, (6, 3):70, (6, 12):70, (33, 4):70, (28, 1):70]","[(19, 2):68, (5, 14):70, (6, 3):70, (6, 12):70, (33, 4):70, (28, 1):70]","[(34, 16), (34, 15), (33, 16), (34, 14), (32, 16), (33, 14), (31, 16), (32, 14), (30, 16), (31, 14), (29, 16), (30, 14), (28, 16), (30, 13), (27, 16), (30, 12), (26, 16), (25, 16), (25, 15), (24, 16), (25, 14), (23, 16), (22, 16), (21, 16), (20, 16), (19, 16), (18, 16), (17, 16), (16, 16), (15, 16), (14, 16), (13, 16), (12, 16), (11, 16), (10, 16), (9, 16), (8, 16), (7, 16), (6, 16), (5, 16), (4, 16), (3, 16), (2, 16), (1, 16), (1, 15), (1, 14), (1, 13), (1, 12), (1, 11), (1, 10), (1, 9), (1, 8), (1, 7), (31, 12), (26, 14), (2, 7), (32, 12), (27, 14), (3, 7), (27, 13), (27, 12), (27, 11), (26, 11), (25, 11), (24, 11), (33, 12), (4, 7), (24, 12), (23, 12), (22, 12), (21, 12), (20, 12), (20, 11), (19, 12), (20, 10), (19, 11), (18, 12), (20, 9), (17, 12), (16, 12), (15, 12), (14, 12), (14, 11), (13, 12), (14, 10), (12, 12), (12, 11), (12, 10), (11, 10), (10, 10), (34, 12), (4, 8), (21, 9), (17, 13), (15, 10), (12, 13), (10, 11), (34, 11), (34, 10), (33, 10), (32, 10), (31, 10), (30, 10), (30, 9), (29, 10), (30, 8), (4, 9), (22, 9), (17, 14), (16, 10), (12, 14), (10, 12), (31, 8), (16, 14), (15, 14), (14, 14), (13, 14), (4, 10), (23, 9), (17, 10), (10, 13), (32, 8), (3, 10), (17, 9), (17, 8), (16, 8), (15, 8), (14, 8), (13, 8), (12, 8), (11, 8), (11, 7), (11, 6), (10, 6), (9, 6), (8, 6), (7, 6), (6, 6), (6, 5), (5, 5), (4, 5), (3, 5), (2, 5), (1, 5), (1, 4), (1, 3), (4, 11), (24, 9), (10, 14), (33, 8), (2, 3), (9, 14), (8, 14), (8, 13), (8, 12), (8, 11), (8, 10), (8, 9), (8, 8), (7, 8), (6, 8), (4, 12), (25, 9), (34, 8), (3, 3), (6, 9), (34, 7), (34, 6), (33, 6), (32, 6), (31, 6), (30, 6), (30, 5), (29, 6), (30, 4), (30, 3), (4, 13), (26, 9), (4, 3), (6, 10), (31, 4), (31, 3), (4, 14), (27, 9), (5, 3), (6, 11), (32, 4), (27, 8), (27, 7), (27, 6), (27, 5), (27, 4), (27, 3), (27, 2), (27, 1), (26, 2), (25, 2), (24, 2), (23, 2), (22, 2), (21, 2)]",48,20,68
203,"(19, 2)","(20, 2)",West,"[(18, 2) via West]","[(19, 2):68, (5, 14):70, (6, 3):70, (6, 12):70, (33, 4):70, (28, 1):70]","[(18, 2):68, (5, 14):70, (6, 3):70, (6, 12):70, (33, 4):70, (28, 1):70]","[(34, 16), (34, 15), (33, 16), (34, 14), (32, 16), (33, 14), (31, 16), (32, 14), (30, 16), (31, 14), (29, 16), (30, 14), (28, 16), (30, 13), (27, 16), (30, 12), (26, 16), (25, 16), (25, 15), (24, 16), (25, 14), (23, 16), (22, 16), (21, 16), (20, 16), (19, 16), (18, 16), (17, 16), (16, 16), (15, 16), (14, 16), (13, 16), (12, 16), (11, 16), (10, 16), (9, 16), (8, 16), (7, 16), (6, 16), (5, 16), (4, 16), (3, 16), (2, 16), (1, 16), (1, 15), (1, 14), (1, 13), (1, 12), (1, 11), (1, 10), (1, 9), (1, 8), (1, 7), (31, 12), (26, 14), (2, 7), (32, 12), (27, 14), (3, 7), (27, 13), (27, 12), (27, 11), (26, 11), (25, 11), (24, 11), (33, 12), (4, 7), (24, 12), (23, 12), (22, 12), (21, 12), (20, 12), (20, 11), (19, 12), (20, 10), (19, 11), (18, 12), (20, 9), (17, 12), (16, 12), (15, 12), (14, 12), (14, 11), (13, 12), (14, 10), (12, 12), (12, 11), (12, 10), (11, 10), (10, 10), (34, 12), (4, 8), (21, 9), (17, 13), (15, 10), (12, 13), (10, 11), (34, 11), (34, 10), (33, 10), (32, 10), (31, 10), (30, 10), (30, 9), (29, 10), (30, 8), (4, 9), (22, 9), (17, 14), (16, 10), (12, 14), (10, 12), (31, 8), (16, 14), (15, 14), (14, 14), (13, 14), (4, 10), (23, 9), (17, 10), (10, 13), (32, 8), (3, 10), (17, 9), (17, 8), (16, 8), (15, 8), (14, 8), (13, 8), (12, 8), (11, 8), (11, 7), (11, 6), (10, 6), (9, 6), (8, 6), (7, 6), (6, 6), (6, 5), (5, 5), (4, 5), (3, 5), (2, 5), (1, 5), (1, 4), (1, 3), (4, 11), (24, 9), (10, 14), (33, 8), (2, 3), (9, 14), (8, 14), (8, 13), (8, 12), (8, 11), (8, 10), (8, 9), (8, 8), (7, 8), (6, 8), (4, 12), (25, 9), (34, 8), (3, 3), (6, 9), (34, 7), (34, 6), (33, 6), (32, 6), (31, 6), (30, 6), (30, 5), (29, 6), (30, 4), (30, 3), (4, 13), (26, 9), (4, 3), (6, 10), (31, 4), (31, 3), (4, 14), (27, 9), (5, 3), (6, 11), (32, 4), (27, 8), (27, 7), (27, 6), (27, 5), (27, 4), (27, 3), (27, 2), (27, 1), (26, 2), (25, 2), (24, 2), (23, 2), (22, 2), (21, 2), (20, 2)]",49,19,68
204,"(18, 2)","(19, 2)",West,"[(17, 2) via West]","[(18, 2):68, (5, 14):70, (6, 3):70, (6, 12):70, (33, 4):70, (28, 1):70]","[(17, 2):68, (5, 14):70, (6, 3):70, (6, 12):70, (33, 4):70, (28, 1):70]","[(34, 16), (34, 15), (33, 16), (34, 14), (32, 16), (33, 14), (31, 16), (32, 14), (30, 16), (31, 14), (29, 16), (30, 14), (28, 16), (30, 13), (27, 16), (30, 12), (26, 16), (25, 16), (25, 15), (24, 16), (25, 14), (23, 16), (22, 16), (21, 16), (20, 16), (19, 16), (18, 16), (17, 16), (16, 16), (15, 16), (14, 16), (13, 16), (12, 16), (11, 16), (10, 16), (9, 16), (8, 16), (7, 16), (6, 16), (5, 16), (4, 16), (3, 16), (2, 16), (1, 16), (1, 15), (1, 14), (1, 13), (1, 12), (1, 11), (1, 10), (1, 9), (1, 8), (1, 7), (31, 12), (26, 14), (2, 7), (32, 12), (27, 14), (3, 7), (27, 13), (27, 12), (27, 11), (26, 11), (25, 11), (24, 11), (33, 12), (4, 7), (24, 12), (23, 12), (22, 12), (21, 12), (20, 12), (20, 11), (19, 12), (20, 10), (19, 11), (18, 12), (20, 9), (17, 12), (16, 12), (15, 12), (14, 12), (14, 11), (13, 12), (14, 10), (12, 12), (12, 11), (12, 10), (11, 10), (10, 10), (34, 12), (4, 8), (21, 9), (17, 13), (15, 10), (12, 13), (10, 11), (34, 11), (34, 10), (33, 10), (32, 10), (31, 10), (30, 10), (30, 9), (29, 10), (30, 8), (4, 9), (22, 9), (17, 14), (16, 10), (12, 14), (10, 12), (31, 8), (16, 14), (15, 14), (14, 14), (13, 14), (4, 10), (23, 9), (17, 10), (10, 13), (32, 8), (3, 10), (17, 9), (17, 8), (16, 8), (15, 8), (14, 8), (13, 8), (12, 8), (11, 8), (11, 7), (11, 6), (10, 6), (9, 6), (8, 6), (7, 6), (6, 6), (6, 5), (5, 5), (4, 5), (3, 5), (2, 5), (1, 5), (1, 4), (1, 3), (4, 11), (24, 9), (10, 14), (33, 8), (2, 3), (9, 14), (8, 14), (8, 13), (8, 12), (8, 11), (8, 10), (8, 9), (8, 8), (7, 8), (6, 8), (4, 12), (25, 9), (34, 8), (3, 3), (6, 9), (34, 7), (34, 6), (33, 6), (32, 6), (31, 6), (30, 6), (30, 5), (29, 6), (30, 4), (30, 3), (4, 13), (26, 9), (4, 3), (6, 10), (31, 4), (31, 3), (4, 14), (27, 9), (5, 3), (6, 11), (32, 4), (27, 8), (27, 7), (27, 6), (27, 5), (27, 4), (27, 3), (27, 2), (27, 1), (26, 2), (25, 2), (24, 2), (23, 2), (22, 2), (21, 2), (20, 2), (19, 2)]",50,18,68
205,"(17, 2)","(18, 2)",West,"[(16, 2) via West]","[(17, 2):68, (5, 14):70, (6, 3):70, (6, 12):70, (33, 4):70, (28, 1):70]","[(16, 2):68, (5, 14):70, (6, 3):70, (6, 12):70, (33, 4):70, (28, 1):70]","[(34, 16), (34, 15), (33, 16), (34, 14), (32, 16), (33, 14), (31, 16), (32, 14), (30, 16), (31, 14), (29, 16), (30, 14), (28, 16), (30, 13), (27, 16), (30, 12), (26, 16), (25, 16), (25, 15), (24, 16), (25, 14), (23, 16), (22, 16), (21, 16), (20, 16), (19, 16), (18, 16), (17, 16), (16, 16), (15, 16), (14, 16), (13, 16), (12, 16), (11, 16), (10, 16), (9, 16), (8, 16), (7, 16), (6, 16), (5, 16), (4, 16), (3, 16), (2, 16), (1, 16), (1, 15), (1, 14), (1, 13), (1, 12), (1, 11), (1, 10), (1, 9), (1, 8), (1, 7), (31, 12), (26, 14), (2, 7), (32, 12), (27, 14), (3, 7), (27, 13), (27, 12), (27, 11), (26, 11), (25, 11), (24, 11), (33, 12), (4, 7), (24, 12), (23, 12), (22, 12), (21, 12), (20, 12), (20, 11), (19, 12), (20, 10), (19, 11), (18, 12), (20, 9), (17, 12), (16, 12), (15, 12), (14, 12), (14, 11), (13, 12), (14, 10), (12, 12), (12, 11), (12, 10), (11, 10), (10, 10), (34, 12), (4, 8), (21, 9), (17, 13), (15, 10), (12, 13), (10, 11), (34, 11), (34, 10), (33, 10), (32, 10), (31, 10), (30, 10), (30, 9), (29, 10), (30, 8), (4, 9), (22, 9), (17, 14), (16, 10), (12, 14), (10, 12), (31, 8), (16, 14), (15, 14), (14, 14), (13, 14), (4, 10), (23, 9), (17, 10), (10, 13), (32, 8), (3, 10), (17, 9), (17, 8), (16, 8), (15, 8), (14, 8), (13, 8), (12, 8), (11, 8), (11, 7), (11, 6), (10, 6), (9, 6), (8, 6), (7, 6), (6, 6), (6, 5), (5, 5), (4, 5), (3, 5), (2, 5), (1, 5), (1, 4), (1, 3), (4, 11), (24, 9), (10, 14), (33, 8), (2, 3), (9, 14), (8, 14), (8, 13), (8, 12), (8, 11), (8, 10), (8, 9), (8, 8), (7, 8), (6, 8), (4, 12), (25, 9), (34, 8), (3, 3), (6, 9), (34, 7), (34, 6), (33, 6), (32, 6), (31, 6), (30, 6), (30, 5), (29, 6), (30, 4), (30, 3), (4, 13), (26, 9), (4, 3), (6, 10), (31, 4), (31, 3), (4, 14), (27, 9), (5, 3), (6, 11), (32, 4), (27, 8), (27, 7), (27, 6), (27, 5), (27, 4), (27, 3), (27, 2), (27, 1), (26, 2), (25, 2), (24, 2), (23, 2), (22, 2), (21, 2), (20, 2), (19, 2), (18, 2)]",51,17,68
206,"(16, 2)","(17, 2)",West,"[(15, 2) via West]","[(16, 2):68, (5, 14):70, (6, 3):70, (6, 12):70, (33, 4):70, (28, 1):70]","[(15, 2):68, (5, 14):70, (6, 3):70, (6, 12):70, (33, 4):70, (28, 1):70]","[(34, 16), (34, 15), (33, 16), (34, 14), (32, 16), (33, 14), (31, 16), (32, 14), (30, 16), (31, 14), (29, 16), (30, 14), (28, 16), (30, 13), (27, 16), (30, 12), (26, 16), (25, 16), (25, 15), (24, 16), (25, 14), (23, 16), (22, 16), (21, 16), (20, 16), (19, 16), (18, 16), (17, 16), (16, 16), (15, 16), (14, 16), (13, 16), (12, 16), (11, 16), (10, 16), (9, 16), (8, 16), (7, 16), (6, 16), (5, 16), (4, 16), (3, 16), (2, 16), (1, 16), (1, 15), (1, 14), (1, 13), (1, 12), (1, 11), (1, 10), (1, 9), (1, 8), (1, 7), (31, 12), (26, 14), (2, 7), (32, 12), (27, 14), (3, 7), (27, 13), (27, 12), (27, 11), (26, 11), (25, 11), (24, 11), (33, 12), (4, 7), (24, 12), (23, 12), (22, 12), (21, 12), (20, 12), (20, 11), (19, 12), (20, 10), (19, 11), (18, 12), (20, 9), (17, 12), (16, 12), (15, 12), (14, 12), (14, 11), (13, 12), (14, 10), (12, 12), (12, 11), (12, 10), (11, 10), (10, 10), (34, 12), (4, 8), (21, 9), (17, 13), (15, 10), (12, 13), (10, 11), (34, 11), (34, 10), (33, 10), (32, 10), (31, 10), (30, 10), (30, 9), (29, 10), (30, 8), (4, 9), (22, 9), (17, 14), (16, 10), (12, 14), (10, 12), (31, 8), (16, 14), (15, 14), (14, 14), (13, 14), (4, 10), (23, 9), (17, 10), (10, 13), (32, 8), (3, 10), (17, 9), (17, 8), (16, 8), (15, 8), (14, 8), (13, 8), (12, 8), (11, 8), (11, 7), (11, 6), (10, 6), (9, 6), (8, 6), (7, 6), (6, 6), (6, 5), (5, 5), (4, 5), (3, 5), (2, 5), (1, 5), (1, 4), (1, 3), (4, 11), (24, 9), (10, 14), (33, 8), (2, 3), (9, 14), (8, 14), (8, 13), (8, 12), (8, 11), (8, 10), (8, 9), (8, 8), (7, 8), (6, 8), (4, 12), (25, 9), (34, 8), (3, 3), (6, 9), (34, 7), (34, 6), (33, 6), (32, 6), (31, 6), (30, 6), (30, 5), (29, 6), (30, 4), (30, 3), (4, 13), (26, 9), (4, 3), (6, 10), (31, 4), (31, 3), (4, 14), (27, 9), (5, 3), (6, 11), (32, 4), (27, 8), (27, 7), (27, 6), (27, 5), (27, 4), (27, 3), (27, 2), (27, 1), (26, 2), (25, 2), (24, 2), (23, 2), (22, 2), (21, 2), (20, 2), (19, 2), (18, 2), (17, 2)]",52,16,68
207,"(15, 2)","(16, 2)",West,"[(15, 3) via North, (14, 2) via West]","[(15, 2):68, (5, 14):70, (6, 3):70, (6, 12):70, (33, 4):70, (28, 1):70]","[(14, 2):68, (5, 14):70, (6, 3):70, (6, 12):70, (33, 4):70, (28, 1):70, (15, 3):70]","[(34, 16), (34, 15), (33, 16), (34, 14), (32, 16), (33, 14), (31, 16), (32, 14), (30, 16), (31, 14), (29, 16), (30, 14), (28, 16), (30, 13), (27, 16), (30, 12), (26, 16), (25, 16), (25, 15), (24, 16), (25, 14), (23, 16), (22, 16), (21, 16), (20, 16), (19, 16), (18, 16), (17, 16), (16, 16), (15, 16), (14, 16), (13, 16), (12, 16), (11, 16), (10, 16), (9, 16), (8, 16), (7, 16), (6, 16), (5, 16), (4, 16), (3, 16), (2, 16), (1, 16), (1, 15), (1, 14), (1, 13), (1, 12), (1, 11), (1, 10), (1, 9), (1, 8), (1, 7), (31, 12), (26, 14), (2, 7), (32, 12), (27, 14), (3, 7), (27, 13), (27, 12), (27, 11), (26, 11), (25, 11), (24, 11), (33, 12), (4, 7), (24, 12), (23, 12), (22, 12), (21, 12), (20, 12), (20, 11), (19, 12), (20, 10), (19, 11), (18, 12), (20, 9), (17, 12), (16, 12), (15, 12), (14, 12), (14, 11), (13, 12), (14, 10), (12, 12), (12, 11), (12, 10), (11, 10), (10, 10), (34, 12), (4, 8), (21, 9), (17, 13), (15, 10), (12, 13), (10, 11), (34, 11), (34, 10), (33, 10), (32, 10), (31, 10), (30, 10), (30, 9), (29, 10), (30, 8), (4, 9), (22, 9), (17, 14), (16, 10), (12, 14), (10, 12), (31, 8), (16, 14), (15, 14), (14, 14), (13, 14), (4, 10), (23, 9), (17, 10), (10, 13), (32, 8), (3, 10), (17, 9), (17, 8), (16, 8), (15, 8), (14, 8), (13, 8), (12, 8), (11, 8), (11, 7), (11, 6), (10, 6), (9, 6), (8, 6), (7, 6), (6, 6), (6, 5), (5, 5), (4, 5), (3, 5), (2, 5), (1, 5), (1, 4), (1, 3), (4, 11), (24, 9), (10, 14), (33, 8), (2, 3), (9, 14), (8, 14), (8, 13), (8, 12), (8, 11), (8, 10), (8, 9), (8, 8), (7, 8), (6, 8), (4, 12), (25, 9), (34, 8), (3, 3), (6, 9), (34, 7), (34, 6), (33, 6), (32, 6), (31, 6), (30, 6), (30, 5), (29, 6), (30, 4), (30, 3), (4, 13), (26, 9), (4, 3), (6, 10), (31, 4), (31, 3), (4, 14), (27, 9), (5, 3), (6, 11), (32, 4), (27, 8), (27, 7), (27, 6), (27, 5), (27, 4), (27, 3), (27, 2), (27, 1), (26, 2), (25, 2), (24, 2), (23, 2), (22, 2), (21, 2), (20, 2), (19, 2), (18, 2), (17, 2), (16, 2)]",53,15,68
208,"(14, 2)","(15, 2)",West,"[(13, 2) via West]","[(14, 2):68, (5, 14):70, (6, 3):70, (6, 12):70, (33, 4):70, (28, 1):70, (15, 3):70]","[(13, 2):68, (5, 14):70, (6, 3):70, (6, 12):70, (33, 4):70, (28, 1):70, (15, 3):70]","[(34, 16), (34, 15), (33, 16), (34, 14), (32, 16), (33, 14), (31, 16), (32, 14), (30, 16), (31, 14), (29, 16), (30, 14), (28, 16), (30, 13), (27, 16), (30, 12), (26, 16), (25, 16), (25, 15), (24, 16), (25, 14), (23, 16), (22, 16), (21, 16), (20, 16), (19, 16), (18, 16), (17, 16), (16, 16), (15, 16), (14, 16), (13, 16), (12, 16), (11, 16), (10, 16), (9, 16), (8, 16), (7, 16), (6, 16), (5, 16), (4, 16), (3, 16), (2, 16), (1, 16), (1, 15), (1, 14), (1, 13), (1, 12), (1, 11), (1, 10), (1, 9), (1, 8), (1, 7), (31, 12), (26, 14), (2, 7), (32, 12), (27, 14), (3, 7), (27, 13), (27, 12), (27, 11), (26, 11), (25, 11), (24, 11), (33, 12), (4, 7), (24, 12), (23, 12), (22, 12), (21, 12), (20, 12), (20, 11), (19, 12), (20, 10), (19, 11), (18, 12), (20, 9), (17, 12), (16, 12), (15, 12), (14, 12), (14, 11), (13, 12), (14, 10), (12, 12), (12, 11), (12, 10), (11, 10), (10, 10), (34, 12), (4, 8), (21, 9), (17, 13), (15, 10), (12, 13), (10, 11), (34, 11), (34, 10), (33, 10), (32, 10), (31, 10), (30, 10), (30, 9), (29, 10), (30, 8), (4, 9), (22, 9), (17, 14), (16, 10), (12, 14), (10, 12), (31, 8), (16, 14), (15, 14), (14, 14), (13, 14), (4, 10), (23, 9), (17, 10), (10, 13), (32, 8), (3, 10), (17, 9), (17, 8), (16, 8), (15, 8), (14, 8), (13, 8), (12, 8), (11, 8), (11, 7), (11, 6), (10, 6), (9, 6), (8, 6), (7, 6), (6, 6), (6, 5), (5, 5), (4, 5), (3, 5), (2, 5), (1, 5), (1, 4), (1, 3), (4, 11), (24, 9), (10, 14), (33, 8), (2, 3), (9, 14), (8, 14), (8, 13), (8, 12), (8, 11), (8, 10), (8, 9), (8, 8), (7, 8), (6, 8), (4, 12), (25, 9), (34, 8), (3, 3), (6, 9), (34, 7), (34, 6), (33, 6), (32, 6), (31, 6), (30, 6), (30, 5), (29, 6), (30, 4), (30, 3), (4, 13), (26, 9), (4, 3), (6, 10), (31, 4), (31, 3), (4, 14), (27, 9), (5, 3), (6, 11), (32, 4), (27, 8), (27, 7), (27, 6), (27, 5), (27, 4), (27, 3), (27, 2), (27, 1), (26, 2), (25, 2), (24, 2), (23, 2), (22, 2), (21, 2), (20, 2), (19, 2), (18, 2), (17, 2), (16, 2), (15, 2)]",54,14,68
209,"(13, 2)","(14, 2)",West,"[(12, 2) via West]","[(13, 2):68, (5, 14):70, (6, 3):70, (6, 12):70, (33, 4):70, (28, 1):70, (15, 3):70]","[(12, 2):68, (5, 14):70, (6, 3):70, (6, 12):70, (33, 4):70, (28, 1):70, (15, 3):70]","[(34, 16), (34, 15), (33, 16), (34, 14), (32, 16), (33, 14), (31, 16), (32, 14), (30, 16), (31, 14), (29, 16), (30, 14), (28, 16), (30, 13), (27, 16), (30, 12), (26, 16), (25, 16), (25, 15), (24, 16), (25, 14), (23, 16), (22, 16), (21, 16), (20, 16), (19, 16), (18, 16), (17, 16), (16, 16), (15, 16), (14, 16), (13, 16), (12, 16), (11, 16), (10, 16), (9, 16), (8, 16), (7, 16), (6, 16), (5, 16), (4, 16), (3, 16), (2, 16), (1, 16), (1, 15), (1, 14), (1, 13), (1, 12), (1, 11), (1, 10), (1, 9), (1, 8), (1, 7), (31, 12), (26, 14), (2, 7), (32, 12), (27, 14), (3, 7), (27, 13), (27, 12), (27, 11), (26, 11), (25, 11), (24, 11), (33, 12), (4, 7), (24, 12), (23, 12), (22, 12), (21, 12), (20, 12), (20, 11), (19, 12), (20, 10), (19, 11), (18, 12), (20, 9), (17, 12), (16, 12), (15, 12), (14, 12), (14, 11), (13, 12), (14, 10), (12, 12), (12, 11), (12, 10), (11, 10), (10, 10), (34, 12), (4, 8), (21, 9), (17, 13), (15, 10), (12, 13), (10, 11), (34, 11), (34, 10), (33, 10), (32, 10), (31, 10), (30, 10), (30, 9), (29, 10), (30, 8), (4, 9), (22, 9), (17, 14), (16, 10), (12, 14), (10, 12), (31, 8), (16, 14), (15, 14), (14, 14), (13, 14), (4, 10), (23, 9), (17, 10), (10, 13), (32, 8), (3, 10), (17, 9), (17, 8), (16, 8), (15, 8), (14, 8), (13, 8), (12, 8), (11, 8), (11, 7), (11, 6), (10, 6), (9, 6), (8, 6), (7, 6), (6, 6), (6, 5), (5, 5), (4, 5), (3, 5), (2, 5), (1, 5), (1, 4), (1, 3), (4, 11), (24, 9), (10, 14), (33, 8), (2, 3), (9, 14), (8, 14), (8, 13), (8, 12), (8, 11), (8, 10), (8, 9), (8, 8), (7, 8), (6, 8), (4, 12), (25, 9), (34, 8), (3, 3), (6, 9), (34, 7), (34, 6), (33, 6), (32, 6), (31, 6), (30, 6), (30, 5), (29, 6), (30, 4), (30, 3), (4, 13), (26, 9), (4, 3), (6, 10), (31, 4), (31, 3), (4, 14), (27, 9), (5, 3), (6, 11), (32, 4), (27, 8), (27, 7), (27, 6), (27, 5), (27, 4), (27, 3), (27, 2), (27, 1), (26, 2), (25, 2), (24, 2), (23, 2), (22, 2), (21, 2), (20, 2), (19, 2), (18, 2), (17, 2), (16, 2), (15, 2), (14, 2)]",55,13,68
210,"(12, 2)","(13, 2)",West,"[(11, 2) via West]","[(12, 2):68, (5, 14):70, (6, 3):70, (6, 12):70, (33, 4):70, (28, 1):70, (15, 3):70]","[(11, 2):68, (5, 14):70, (6, 3):70, (6, 12):70, (33, 4):70, (28, 1):70, (15, 3):70]","[(34, 16), (34, 15), (33, 16), (34, 14), (32, 16), (33, 14), (31, 16), (32, 14), (30, 16), (31, 14), (29, 16), (30, 14), (28, 16), (30, 13), (27, 16), (30, 12), (26, 16), (25, 16), (25, 15), (24, 16), (25, 14), (23, 16), (22, 16), (21, 16), (20, 16), (19, 16), (18, 16), (17, 16), (16, 16), (15, 16), (14, 16), (13, 16), (12, 16), (11, 16), (10, 16), (9, 16), (8, 16), (7, 16), (6, 16), (5, 16), (4, 16), (3, 16), (2, 16), (1, 16), (1, 15), (1, 14), (1, 13), (1, 12), (1, 11), (1, 10), (1, 9), (1, 8), (1, 7), (31, 12), (26, 14), (2, 7), (32, 12), (27, 14), (3, 7), (27, 13), (27, 12), (27, 11), (26, 11), (25, 11), (24, 11), (33, 12), (4, 7), (24, 12), (23, 12), (22, 12), (21, 12), (20, 12), (20, 11), (19, 12), (20, 10), (19, 11), (18, 12), (20, 9), (17, 12), (16, 12), (15, 12), (14, 12), (14, 11), (13, 12), (14, 10), (12, 12), (12, 11), (12, 10), (11, 10), (10, 10), (34, 12), (4, 8), (21, 9), (17, 13), (15, 10), (12, 13), (10, 11), (34, 11), (34, 10), (33, 10), (32, 10), (31, 10), (30, 10), (30, 9), (29, 10), (30, 8), (4, 9), (22, 9), (17, 14), (16, 10), (12, 14), (10, 12), (31, 8), (16, 14), (15, 14), (14, 14), (13, 14), (4, 10), (23, 9), (17, 10), (10, 13), (32, 8), (3, 10), (17, 9), (17, 8), (16, 8), (15, 8), (14, 8), (13, 8), (12, 8), (11, 8), (11, 7), (11, 6), (10, 6), (9, 6), (8, 6), (7, 6), (6, 6), (6, 5), (5, 5), (4, 5), (3, 5), (2, 5), (1, 5), (1, 4), (1, 3), (4, 11), (24, 9), (10, 14), (33, 8), (2, 3), (9, 14), (8, 14), (8, 13), (8, 12), (8, 11), (8, 10), (8, 9), (8, 8), (7, 8), (6, 8), (4, 12), (25, 9), (34, 8), (3, 3), (6, 9), (34, 7), (34, 6), (33, 6), (32, 6), (31, 6), (30, 6), (30, 5), (29, 6), (30, 4), (30, 3), (4, 13), (26, 9), (4, 3), (6, 10), (31, 4), (31, 3), (4, 14), (27, 9), (5, 3), (6, 11), (32, 4), (27, 8), (27, 7), (27, 6), (27, 5), (27, 4), (27, 3), (27, 2), (27, 1), (26, 2), (25, 2), (24, 2), (23, 2), (22, 2), (21, 2), (20, 2), (19, 2), (18, 2), (17, 2), (16, 2), (15, 2), (14, 2), (13, 2)]",56,12,68
211,"(11, 2)","(12, 2)",West,"[(10, 2) via West]","[(11, 2):68, (5, 14):70, (6, 3):70, (6, 12):70, (33, 4):70, (28, 1):70, (15, 3):70]","[(10, 2):68, (5, 14):70, (6, 3):70, (6, 12):70, (33, 4):70, (28, 1):70, (15, 3):70]","[(34, 16), (34, 15), (33, 16), (34, 14), (32, 16), (33, 14), (31, 16), (32, 14), (30, 16), (31, 14), (29, 16), (30, 14), (28, 16), (30, 13), (27, 16), (30, 12), (26, 16), (25, 16), (25, 15), (24, 16), (25, 14), (23, 16), (22, 16), (21, 16), (20, 16), (19, 16), (18, 16), (17, 16), (16, 16), (15, 16), (14, 16), (13, 16), (12, 16), (11, 16), (10, 16), (9, 16), (8, 16), (7, 16), (6, 16), (5, 16), (4, 16), (3, 16), (2, 16), (1, 16), (1, 15), (1, 14), (1, 13), (1, 12), (1, 11), (1, 10), (1, 9), (1, 8), (1, 7), (31, 12), (26, 14), (2, 7), (32, 12), (27, 14), (3, 7), (27, 13), (27, 12), (27, 11), (26, 11), (25, 11), (24, 11), (33, 12), (4, 7), (24, 12), (23, 12), (22, 12), (21, 12), (20, 12), (20, 11), (19, 12), (20, 10), (19, 11), (18, 12), (20, 9), (17, 12), (16, 12), (15, 12), (14, 12), (14, 11), (13, 12), (14, 10), (12, 12), (12, 11), (12, 10), (11, 10), (10, 10), (34, 12), (4, 8), (21, 9), (17, 13), (15, 10), (12, 13), (10, 11), (34, 11), (34, 10), (33, 10), (32, 10), (31, 10), (30, 10), (30, 9), (29, 10), (30, 8), (4, 9), (22, 9), (17, 14), (16, 10), (12, 14), (10, 12), (31, 8), (16, 14), (15, 14), (14, 14), (13, 14), (4, 10), (23, 9), (17, 10), (10, 13), (32, 8), (3, 10), (17, 9), (17, 8), (16, 8), (15, 8), (14, 8), (13, 8), (12, 8), (11, 8), (11, 7), (11, 6), (10, 6), (9, 6), (8, 6), (7, 6), (6, 6), (6, 5), (5, 5), (4, 5), (3, 5), (2, 5), (1, 5), (1, 4), (1, 3), (4, 11), (24, 9), (10, 14), (33, 8), (2, 3), (9, 14), (8, 14), (8, 13), (8, 12), (8, 11), (8, 10), (8, 9), (8, 8), (7, 8), (6, 8), (4, 12), (25, 9), (34, 8), (3, 3), (6, 9), (34, 7), (34, 6), (33, 6), (32, 6), (31, 6), (30, 6), (30, 5), (29, 6), (30, 4), (30, 3), (4, 13), (26, 9), (4, 3), (6, 10), (31, 4), (31, 3), (4, 14), (27, 9), (5, 3), (6, 11), (32, 4), (27, 8), (27, 7), (27, 6), (27, 5), (27, 4), (27, 3), (27, 2), (27, 1), (26, 2), (25, 2), (24, 2), (23, 2), (22, 2), (21, 2), (20, 2), (19, 2), (18, 2), (17, 2), (16, 2), (15, 2), (14, 2), (13, 2), (12, 2)]",57,11,68
212,"(10, 2)","(11, 2)",West,"[(10, 1) via South]","[(10, 2):68, (5, 14):70, (6, 3):70, (6, 12):70, (33, 4):70, (28, 1):70, (15, 3):70]","[(10, 1):68, (5, 14):70, (6, 3):70, (6, 12):70, (33, 4):70, (28, 1):70, (15, 3):70]","[(34, 16), (34, 15), (33, 16), (34, 14), (32, 16), (33, 14), (31, 16), (32, 14), (30, 16), (31, 14), (29, 16), (30, 14), (28, 16), (30, 13), (27, 16), (30, 12), (26, 16), (25, 16), (25, 15), (24, 16), (25, 14), (23, 16), (22, 16), (21, 16), (20, 16), (19, 16), (18, 16), (17, 16), (16, 16), (15, 16), (14, 16), (13, 16), (12, 16), (11, 16), (10, 16), (9, 16), (8, 16), (7, 16), (6, 16), (5, 16), (4, 16), (3, 16), (2, 16), (1, 16), (1, 15), (1, 14), (1, 13), (1, 12), (1, 11), (1, 10), (1, 9), (1, 8), (1, 7), (31, 12), (26, 14), (2, 7), (32, 12), (27, 14), (3, 7), (27, 13), (27, 12), (27, 11), (26, 11), (25, 11), (24, 11), (33, 12), (4, 7), (24, 12), (23, 12), (22, 12), (21, 12), (20, 12), (20, 11), (19, 12), (20, 10), (19, 11), (18, 12), (20, 9), (17, 12), (16, 12), (15, 12), (14, 12), (14, 11), (13, 12), (14, 10), (12, 12), (12, 11), (12, 10), (11, 10), (10, 10), (34, 12), (4, 8), (21, 9), (17, 13), (15, 10), (12, 13), (10, 11), (34, 11), (34, 10), (33, 10), (32, 10), (31, 10), (30, 10), (30, 9), (29, 10), (30, 8), (4, 9), (22, 9), (17, 14), (16, 10), (12, 14), (10, 12), (31, 8), (16, 14), (15, 14), (14, 14), (13, 14), (4, 10), (23, 9), (17, 10), (10, 13), (32, 8), (3, 10), (17, 9), (17, 8), (16, 8), (15, 8), (14, 8), (13, 8), (12, 8), (11, 8), (11, 7), (11, 6), (10, 6), (9, 6), (8, 6), (7, 6), (6, 6), (6, 5), (5, 5), (4, 5), (3, 5), (2, 5), (1, 5), (1, 4), (1, 3), (4, 11), (24, 9), (10, 14), (33, 8), (2, 3), (9, 14), (8, 14), (8, 13), (8, 12), (8, 11), (8, 10), (8, 9), (8, 8), (7, 8), (6, 8), (4, 12), (25, 9), (34, 8), (3, 3), (6, 9), (34, 7), (34, 6), (33, 6), (32, 6), (31, 6), (30, 6), (30, 5), (29, 6), (30, 4), (30, 3), (4, 13), (26, 9), (4, 3), (6, 10), (31, 4), (31, 3), (4, 14), (27, 9), (5, 3), (6, 11), (32, 4), (27, 8), (27, 7), (27, 6), (27, 5), (27, 4), (27, 3), (27, 2), (27, 1), (26, 2), (25, 2), (24, 2), (23, 2), (22, 2), (21, 2), (20, 2), (19, 2), (18, 2), (17, 2), (16, 2), (15, 2), (14, 2), (13, 2), (12, 2), (11, 2)]",58,10,68
213,"(10, 1)","(10, 2)",South,"[(9, 1) via West]","[(10, 1):68, (5, 14):70, (6, 3):70, (6, 12):70, (33, 4):70, (28, 1):70, (15, 3):70]","[(9, 1):68, (5, 14):70, (6, 3):70, (6, 12):70, (33, 4):70, (28, 1):70, (15, 3):70]","[(34, 16), (34, 15), (33, 16), (34, 14), (32, 16), (33, 14), (31, 16), (32, 14), (30, 16), (31, 14), (29, 16), (30, 14), (28, 16), (30, 13), (27, 16), (30, 12), (26, 16), (25, 16), (25, 15), (24, 16), (25, 14), (23, 16), (22, 16), (21, 16), (20, 16), (19, 16), (18, 16), (17, 16), (16, 16), (15, 16), (14, 16), (13, 16), (12, 16), (11, 16), (10, 16), (9, 16), (8, 16), (7, 16), (6, 16), (5, 16), (4, 16), (3, 16), (2, 16), (1, 16), (1, 15), (1, 14), (1, 13), (1, 12), (1, 11), (1, 10), (1, 9), (1, 8), (1, 7), (31, 12), (26, 14), (2, 7), (32, 12), (27, 14), (3, 7), (27, 13), (27, 12), (27, 11), (26, 11), (25, 11), (24, 11), (33, 12), (4, 7), (24, 12), (23, 12), (22, 12), (21, 12), (20, 12), (20, 11), (19, 12), (20, 10), (19, 11), (18, 12), (20, 9), (17, 12), (16, 12), (15, 12), (14, 12), (14, 11), (13, 12), (14, 10), (12, 12), (12, 11), (12, 10), (11, 10), (10, 10), (34, 12), (4, 8), (21, 9), (17, 13), (15, 10), (12, 13), (10, 11), (34, 11), (34, 10), (33, 10), (32, 10), (31, 10), (30, 10), (30, 9), (29, 10), (30, 8), (4, 9), (22, 9), (17, 14), (16, 10), (12, 14), (10, 12), (31, 8), (16, 14), (15, 14), (14, 14), (13, 14), (4, 10), (23, 9), (17, 10), (10, 13), (32, 8), (3, 10), (17, 9), (17, 8), (16, 8), (15, 8), (14, 8), (13, 8), (12, 8), (11, 8), (11, 7), (11, 6), (10, 6), (9, 6), (8, 6), (7, 6), (6, 6), (6, 5), (5, 5), (4, 5), (3, 5), (2, 5), (1, 5), (1, 4), (1, 3), (4, 11), (24, 9), (10, 14), (33, 8), (2, 3), (9, 14), (8, 14), (8, 13), (8, 12), (8, 11), (8, 10), (8, 9), (8, 8), (7, 8), (6, 8), (4, 12), (25, 9), (34, 8), (3, 3), (6, 9), (34, 7), (34, 6), (33, 6), (32, 6), (31, 6), (30, 6), (30, 5), (29, 6), (30, 4), (30, 3), (4, 13), (26, 9), (4, 3), (6, 10), (31, 4), (31, 3), (4, 14), (27, 9), (5, 3), (6, 11), (32, 4), (27, 8), (27, 7), (27, 6), (27, 5), (27, 4), (27, 3), (27, 2), (27, 1), (26, 2), (25, 2), (24, 2), (23, 2), (22, 2), (21, 2), (20, 2), (19, 2), (18, 2), (17, 2), (16, 2), (15, 2), (14, 2), (13, 2), (12, 2), (11, 2), (10, 2)]",59,9,68
214,"(9, 1)","(10, 1)",West,"[(8, 1) via West]","[(9, 1):68, (5, 14):70, (6, 3):70, (6, 12):70, (33, 4):70, (28, 1):70, (15, 3):70]","[(8, 1):68, (5, 14):70, (6, 3):70, (6, 12):70, (33, 4):70, (28, 1):70, (15, 3):70]","[(34, 16), (34, 15), (33, 16), (34, 14), (32, 16), (33, 14), (31, 16), (32, 14), (30, 16), (31, 14), (29, 16), (30, 14), (28, 16), (30, 13), (27, 16), (30, 12), (26, 16), (25, 16), (25, 15), (24, 16), (25, 14), (23, 16), (22, 16), (21, 16), (20, 16), (19, 16), (18, 16), (17, 16), (16, 16), (15, 16), (14, 16), (13, 16), (12, 16), (11, 16), (10, 16), (9, 16), (8, 16), (7, 16), (6, 16), (5, 16), (4, 16), (3, 16), (2, 16), (1, 16), (1, 15), (1, 14), (1, 13), (1, 12), (1, 11), (1, 10), (1, 9), (1, 8), (1, 7), (31, 12), (26, 14), (2, 7), (32, 12), (27, 14), (3, 7), (27, 13), (27, 12), (27, 11), (26, 11), (25, 11), (24, 11), (33, 12), (4, 7), (24, 12), (23, 12), (22, 12), (21, 12), (20, 12), (20, 11), (19, 12), (20, 10), (19, 11), (18, 12), (20, 9), (17, 12), (16, 12), (15, 12), (14, 12), (14, 11), (13, 12), (14, 10), (12, 12), (12, 11), (12, 10), (11, 10), (10, 10), (34, 12), (4, 8), (21, 9), (17, 13), (15, 10), (12, 13), (10, 11), (34, 11), (34, 10), (33, 10), (32, 10), (31, 10), (30, 10), (30, 9), (29, 10), (30, 8), (4, 9), (22, 9), (17, 14), (16, 10), (12, 14), (10, 12), (31, 8), (16, 14), (15, 14), (14, 14), (13, 14), (4, 10), (23, 9), (17, 10), (10, 13), (32, 8), (3, 10), (17, 9), (17, 8), (16, 8), (15, 8), (14, 8), (13, 8), (12, 8), (11, 8), (11, 7), (11, 6), (10, 6), (9, 6), (8, 6), (7, 6), (6, 6), (6, 5), (5, 5), (4, 5), (3, 5), (2, 5), (1, 5), (1, 4), (1, 3), (4, 11), (24, 9), (10, 14), (33, 8), (2, 3), (9, 14), (8, 14), (8, 13), (8, 12), (8, 11), (8, 10), (8, 9), (8, 8), (7, 8), (6, 8), (4, 12), (25, 9), (34, 8), (3, 3), (6, 9), (34, 7), (34, 6), (33, 6), (32, 6), (31, 6), (30, 6), (30, 5), (29, 6), (30, 4), (30, 3), (4, 13), (26, 9), (4, 3), (6, 10), (31, 4), (31, 3), (4, 14), (27, 9), (5, 3), (6, 11), (32, 4), (27, 8), (27, 7), (27, 6), (27, 5), (27, 4), (27, 3), (27, 2), (27, 1), (26, 2), (25, 2), (24, 2), (23, 2), (22, 2), (21, 2), (20, 2), (19, 2), (18, 2), (17, 2), (16, 2), (15, 2), (14, 2), (13, 2), (12, 2), (11, 2), (10, 2), (10, 1)]",60,8,68
215,"(8, 1)","(9, 1)",West,"[(7, 1) via West]","[(8, 1):68, (5, 14):70, (6, 3):70, (6, 12):70, (33, 4):70, (28, 1):70, (15, 3):70]","[(7, 1):68, (5, 14):70, (6, 3):70, (6, 12):70, (33, 4):70, (28, 1):70, (15, 3):70]","[(34, 16), (34, 15), (33, 16), (34, 14), (32, 16), (33, 14), (31, 16), (32, 14), (30, 16), (31, 14), (29, 16), (30, 14), (28, 16), (30, 13), (27, 16), (30, 12), (26, 16), (25, 16), (25, 15), (24, 16), (25, 14), (23, 16), (22, 16), (21, 16), (20, 16), (19, 16), (18, 16), (17, 16), (16, 16), (15, 16), (14, 16), (13, 16), (12, 16), (11, 16), (10, 16), (9, 16), (8, 16), (7, 16), (6, 16), (5, 16), (4, 16), (3, 16), (2, 16), (1, 16), (1, 15), (1, 14), (1, 13), (1, 12), (1, 11), (1, 10), (1, 9), (1, 8), (1, 7), (31, 12), (26, 14), (2, 7), (32, 12), (27, 14), (3, 7), (27, 13), (27, 12), (27, 11), (26, 11), (25, 11), (24, 11), (33, 12), (4, 7), (24, 12), (23, 12), (22, 12), (21, 12), (20, 12), (20, 11), (19, 12), (20, 10), (19, 11), (18, 12), (20, 9), (17, 12), (16, 12), (15, 12), (14, 12), (14, 11), (13, 12), (14, 10), (12, 12), (12, 11), (12, 10), (11, 10), (10, 10), (34, 12), (4, 8), (21, 9), (17, 13), (15, 10), (12, 13), (10, 11), (34, 11), (34, 10), (33, 10), (32, 10), (31, 10), (30, 10), (30, 9), (29, 10), (30, 8), (4, 9), (22, 9), (17, 14), (16, 10), (12, 14), (10, 12), (31, 8), (16, 14), (15, 14), (14, 14), (13, 14), (4, 10), (23, 9), (17, 10), (10, 13), (32, 8), (3, 10), (17, 9), (17, 8), (16, 8), (15, 8), (14, 8), (13, 8), (12, 8), (11, 8), (11, 7), (11, 6), (10, 6), (9, 6), (8, 6), (7, 6), (6, 6), (6, 5), (5, 5), (4, 5), (3, 5), (2, 5), (1, 5), (1, 4), (1, 3), (4, 11), (24, 9), (10, 14), (33, 8), (2, 3), (9, 14), (8, 14), (8, 13), (8, 12), (8, 11), (8, 10), (8, 9), (8, 8), (7, 8), (6, 8), (4, 12), (25, 9), (34, 8), (3, 3), (6, 9), (34, 7), (34, 6), (33, 6), (32, 6), (31, 6), (30, 6), (30, 5), (29, 6), (30, 4), (30, 3), (4, 13), (26, 9), (4, 3), (6, 10), (31, 4), (31, 3), (4, 14), (27, 9), (5, 3), (6, 11), (32, 4), (27, 8), (27, 7), (27, 6), (27, 5), (27, 4), (27, 3), (27, 2), (27, 1), (26, 2), (25, 2), (24, 2), (23, 2), (22, 2), (21, 2), (20, 2), (19, 2), (18, 2), (17, 2), (16, 2), (15, 2), (14, 2), (13, 2), (12, 2), (11, 2), (10, 2), (10, 1), (9, 1)]",61,7,68
216,"(7, 1)","(8, 1)",West,"[(6, 1) via West]","[(7, 1):68, (5, 14):70, (6, 3):70, (6, 12):70, (33, 4):70, (28, 1):70, (15, 3):70]","[(6, 1):68, (5, 14):70, (6, 3):70, (6, 12):70, (33, 4):70, (28, 1):70, (15, 3):70]","[(34, 16), (34, 15), (33, 16), (34, 14), (32, 16), (33, 14), (31, 16), (32, 14), (30, 16), (31, 14), (29, 16), (30, 14), (28, 16), (30, 13), (27, 16), (30, 12), (26, 16), (25, 16), (25, 15), (24, 16), (25, 14), (23, 16), (22, 16), (21, 16), (20, 16), (19, 16), (18, 16), (17, 16), (16, 16), (15, 16), (14, 16), (13, 16), (12, 16), (11, 16), (10, 16), (9, 16), (8, 16), (7, 16), (6, 16), (5, 16), (4, 16), (3, 16), (2, 16), (1, 16), (1, 15), (1, 14), (1, 13), (1, 12), (1, 11), (1, 10), (1, 9), (1, 8), (1, 7), (31, 12), (26, 14), (2, 7), (32, 12), (27, 14), (3, 7), (27, 13), (27, 12), (27, 11), (26, 11), (25, 11), (24, 11), (33, 12), (4, 7), (24, 12), (23, 12), (22, 12), (21, 12), (20, 12), (20, 11), (19, 12), (20, 10), (19, 11), (18, 12), (20, 9), (17, 12), (16, 12), (15, 12), (14, 12), (14, 11), (13, 12), (14, 10), (12, 12), (12, 11), (12, 10), (11, 10), (10, 10), (34, 12), (4, 8), (21, 9), (17, 13), (15, 10), (12, 13), (10, 11), (34, 11), (34, 10), (33, 10), (32, 10), (31, 10), (30, 10), (30, 9), (29, 10), (30, 8), (4, 9), (22, 9), (17, 14), (16, 10), (12, 14), (10, 12), (31, 8), (16, 14), (15, 14), (14, 14), (13, 14), (4, 10), (23, 9), (17, 10), (10, 13), (32, 8), (3, 10), (17, 9), (17, 8), (16, 8), (15, 8), (14, 8), (13, 8), (12, 8), (11, 8), (11, 7), (11, 6), (10, 6), (9, 6), (8, 6), (7, 6), (6, 6), (6, 5), (5, 5), (4, 5), (3, 5), (2, 5), (1, 5), (1, 4), (1, 3), (4, 11), (24, 9), (10, 14), (33, 8), (2, 3), (9, 14), (8, 14), (8, 13), (8, 12), (8, 11), (8, 10), (8, 9), (8, 8), (7, 8), (6, 8), (4, 12), (25, 9), (34, 8), (3, 3), (6, 9), (34, 7), (34, 6), (33, 6), (32, 6), (31, 6), (30, 6), (30, 5), (29, 6), (30, 4), (30, 3), (4, 13), (26, 9), (4, 3), (6, 10), (31, 4), (31, 3), (4, 14), (27, 9), (5, 3), (6, 11), (32, 4), (27, 8), (27, 7), (27, 6), (27, 5), (27, 4), (27, 3), (27, 2), (27, 1), (26, 2), (25, 2), (24, 2), (23, 2), (22, 2), (21, 2), (20, 2), (19, 2), (18, 2), (17, 2), (16, 2), (15, 2), (14, 2), (13, 2), (12, 2), (11, 2), (10, 2), (10, 1), (9, 1), (8, 1)]",62,6,68
217,"(6, 1)","(7, 1)",West,"[(5, 1) via West]","[(6, 1):68, (5, 14):70, (6, 3):70, (6, 12):70, (33, 4):70, (28, 1):70, (15, 3):70]","[(5, 1):68, (5, 14):70, (6, 3):70, (6, 12):70, (33, 4):70, (28, 1):70, (15, 3):70]","[(34, 16), (34, 15), (33, 16), (34, 14), (32, 16), (33, 14), (31, 16), (32, 14), (30, 16), (31, 14), (29, 16), (30, 14), (28, 16), (30, 13), (27, 16), (30, 12), (26, 16), (25, 16), (25, 15), (24, 16), (25, 14), (23, 16), (22, 16), (21, 16), (20, 16), (19, 16), (18, 16), (17, 16), (16, 16), (15, 16), (14, 16), (13, 16), (12, 16), (11, 16), (10, 16), (9, 16), (8, 16), (7, 16), (6, 16), (5, 16), (4, 16), (3, 16), (2, 16), (1, 16), (1, 15), (1, 14), (1, 13), (1, 12), (1, 11), (1, 10), (1, 9), (1, 8), (1, 7), (31, 12), (26, 14), (2, 7), (32, 12), (27, 14), (3, 7), (27, 13), (27, 12), (27, 11), (26, 11), (25, 11), (24, 11), (33, 12), (4, 7), (24, 12), (23, 12), (22, 12), (21, 12), (20, 12), (20, 11), (19, 12), (20, 10), (19, 11), (18, 12), (20, 9), (17, 12), (16, 12), (15, 12), (14, 12), (14, 11), (13, 12), (14, 10), (12, 12), (12, 11), (12, 10), (11, 10), (10, 10), (34, 12), (4, 8), (21, 9), (17, 13), (15, 10), (12, 13), (10, 11), (34, 11), (34, 10), (33, 10), (32, 10), (31, 10), (30, 10), (30, 9), (29, 10), (30, 8), (4, 9), (22, 9), (17, 14), (16, 10), (12, 14), (10, 12), (31, 8), (16, 14), (15, 14), (14, 14), (13, 14), (4, 10), (23, 9), (17, 10), (10, 13), (32, 8), (3, 10), (17, 9), (17, 8), (16, 8), (15, 8), (14, 8), (13, 8), (12, 8), (11, 8), (11, 7), (11, 6), (10, 6), (9, 6), (8, 6), (7, 6), (6, 6), (6, 5), (5, 5), (4, 5), (3, 5), (2, 5), (1, 5), (1, 4), (1, 3), (4, 11), (24, 9), (10, 14), (33, 8), (2, 3), (9, 14), (8, 14), (8, 13), (8, 12), (8, 11), (8, 10), (8, 9), (8, 8), (7, 8), (6, 8), (4, 12), (25, 9), (34, 8), (3, 3), (6, 9), (34, 7), (34, 6), (33, 6), (32, 6), (31, 6), (30, 6), (30, 5), (29, 6), (30, 4), (30, 3), (4, 13), (26, 9), (4, 3), (6, 10), (31, 4), (31, 3), (4, 14), (27, 9), (5, 3), (6, 11), (32, 4), (27, 8), (27, 7), (27, 6), (27, 5), (27, 4), (27, 3), (27, 2), (27, 1), (26, 2), (25, 2), (24, 2), (23, 2), (22, 2), (21, 2), (20, 2), (19, 2), (18, 2), (17, 2), (16, 2), (15, 2), (14, 2), (13, 2), (12, 2), (11, 2), (10, 2), (10, 1), (9, 1), (8, 1), (7, 1)]",63,5,68
218,"(5, 1)","(6, 1)",West,"[(4, 1) via West]","[(5, 1):68, (5, 14):70, (6, 3):70, (6, 12):70, (33, 4):70, (28, 1):70, (15, 3):70]","[(4, 1):68, (5, 14):70, (6, 3):70, (6, 12):70, (33, 4):70, (28, 1):70, (15, 3):70]","[(34, 16), (34, 15), (33, 16), (34, 14), (32, 16), (33, 14), (31, 16), (32, 14), (30, 16), (31, 14), (29, 16), (30, 14), (28, 16), (30, 13), (27, 16), (30, 12), (26, 16), (25, 16), (25, 15), (24, 16), (25, 14), (23, 16), (22, 16), (21, 16), (20, 16), (19, 16), (18, 16), (17, 16), (16, 16), (15, 16), (14, 16), (13, 16), (12, 16), (11, 16), (10, 16), (9, 16), (8, 16), (7, 16), (6, 16), (5, 16), (4, 16), (3, 16), (2, 16), (1, 16), (1, 15), (1, 14), (1, 13), (1, 12), (1, 11), (1, 10), (1, 9), (1, 8), (1, 7), (31, 12), (26, 14), (2, 7), (32, 12), (27, 14), (3, 7), (27, 13), (27, 12), (27, 11), (26, 11), (25, 11), (24, 11), (33, 12), (4, 7), (24, 12), (23, 12), (22, 12), (21, 12), (20, 12), (20, 11), (19, 12), (20, 10), (19, 11), (18, 12), (20, 9), (17, 12), (16, 12), (15, 12), (14, 12), (14, 11), (13, 12), (14, 10), (12, 12), (12, 11), (12, 10), (11, 10), (10, 10), (34, 12), (4, 8), (21, 9), (17, 13), (15, 10), (12, 13), (10, 11), (34, 11), (34, 10), (33, 10), (32, 10), (31, 10), (30, 10), (30, 9), (29, 10), (30, 8), (4, 9), (22, 9), (17, 14), (16, 10), (12, 14), (10, 12), (31, 8), (16, 14), (15, 14), (14, 14), (13, 14), (4, 10), (23, 9), (17, 10), (10, 13), (32, 8), (3, 10), (17, 9), (17, 8), (16, 8), (15, 8), (14, 8), (13, 8), (12, 8), (11, 8), (11, 7), (11, 6), (10, 6), (9, 6), (8, 6), (7, 6), (6, 6), (6, 5), (5, 5), (4, 5), (3, 5), (2, 5), (1, 5), (1, 4), (1, 3), (4, 11), (24, 9), (10, 14), (33, 8), (2, 3), (9, 14), (8, 14), (8, 13), (8, 12), (8, 11), (8, 10), (8, 9), (8, 8), (7, 8), (6, 8), (4, 12), (25, 9), (34, 8), (3, 3), (6, 9), (34, 7), (34, 6), (33, 6), (32, 6), (31, 6), (30, 6), (30, 5), (29, 6), (30, 4), (30, 3), (4, 13), (26, 9), (4, 3), (6, 10), (31, 4), (31, 3), (4, 14), (27, 9), (5, 3), (6, 11), (32, 4), (27, 8), (27, 7), (27, 6), (27, 5), (27, 4), (27, 3), (27, 2), (27, 1), (26, 2), (25, 2), (24, 2), (23, 2), (22, 2), (21, 2), (20, 2), (19, 2), (18, 2), (17, 2), (16, 2), (15, 2), (14, 2), (13, 2), (12, 2), (11, 2), (10, 2), (10, 1), (9, 1), (8, 1), (7, 1), (6, 1)]",64,4,68
219,"(4, 1)","(5, 1)",West,"[(3, 1) via West]","[(4, 1):68, (5, 14):70, (6, 3):70, (6, 12):70, (33, 4):70, (28, 1):70, (15, 3):70]","[(3, 1):68, (5, 14):70, (6, 3):70, (6, 12):70, (33, 4):70, (28, 1):70, (15, 3):70]","[(34, 16), (34, 15), (33, 16), (34, 14), (32, 16), (33, 14), (31, 16), (32, 14), (30, 16), (31, 14), (29, 16), (30, 14), (28, 16), (30, 13), (27, 16), (30, 12), (26, 16), (25, 16), (25, 15), (24, 16), (25, 14), (23, 16), (22, 16), (21, 16), (20, 16), (19, 16), (18, 16), (17, 16), (16, 16), (15, 16), (14, 16), (13, 16), (12, 16), (11, 16), (10, 16), (9, 16), (8, 16), (7, 16), (6, 16), (5, 16), (4, 16), (3, 16), (2, 16), (1, 16), (1, 15), (1, 14), (1, 13), (1, 12), (1, 11), (1, 10), (1, 9), (1, 8), (1, 7), (31, 12), (26, 14), (2, 7), (32, 12), (27, 14), (3, 7), (27, 13), (27, 12), (27, 11), (26, 11), (25, 11), (24, 11), (33, 12), (4, 7), (24, 12), (23, 12), (22, 12), (21, 12), (20, 12), (20, 11), (19, 12), (20, 10), (19, 11), (18, 12), (20, 9), (17, 12), (16, 12), (15, 12), (14, 12), (14, 11), (13, 12), (14, 10), (12, 12), (12, 11), (12, 10), (11, 10), (10, 10), (34, 12), (4, 8), (21, 9), (17, 13), (15, 10), (12, 13), (10, 11), (34, 11), (34, 10), (33, 10), (32, 10), (31, 10), (30, 10), (30, 9), (29, 10), (30, 8), (4, 9), (22, 9), (17, 14), (16, 10), (12, 14), (10, 12), (31, 8), (16, 14), (15, 14), (14, 14), (13, 14), (4, 10), (23, 9), (17, 10), (10, 13), (32, 8), (3, 10), (17, 9), (17, 8), (16, 8), (15, 8), (14, 8), (13, 8), (12, 8), (11, 8), (11, 7), (11, 6), (10, 6), (9, 6), (8, 6), (7, 6), (6, 6), (6, 5), (5, 5), (4, 5), (3, 5), (2, 5), (1, 5), (1, 4), (1, 3), (4, 11), (24, 9), (10, 14), (33, 8), (2, 3), (9, 14), (8, 14), (8, 13), (8, 12), (8, 11), (8, 10), (8, 9), (8, 8), (7, 8), (6, 8), (4, 12), (25, 9), (34, 8), (3, 3), (6, 9), (34, 7), (34, 6), (33, 6), (32, 6), (31, 6), (30, 6), (30, 5), (29, 6), (30, 4), (30, 3), (4, 13), (26, 9), (4, 3), (6, 10), (31, 4), (31, 3), (4, 14), (27, 9), (5, 3), (6, 11), (32, 4), (27, 8), (27, 7), (27, 6), (27, 5), (27, 4), (27, 3), (27, 2), (27, 1), (26, 2), (25, 2), (24, 2), (23, 2), (22, 2), (21, 2), (20, 2), (19, 2), (18, 2), (17, 2), (16, 2), (15, 2), (14, 2), (13, 2), (12, 2), (11, 2), (10, 2), (10, 1), (9, 1), (8, 1), (7, 1), (6, 1), (5, 1)]",65,3,68
220,"(3, 1)","(4, 1)",West,"[(2, 1) via West]","[(3, 1):68, (5, 14):70, (6, 3):70, (6, 12):70, (33, 4):70, (28, 1):70, (15, 3):70]","[(2, 1):68, (5, 14):70, (6, 3):70, (6, 12):70, (33, 4):70, (28, 1):70, (15, 3):70]","[(34, 16), (34, 15), (33, 16), (34, 14), (32, 16), (33, 14), (31, 16), (32, 14), (30, 16), (31, 14), (29, 16), (30, 14), (28, 16), (30, 13), (27, 16), (30, 12), (26, 16), (25, 16), (25, 15), (24, 16), (25, 14), (23, 16), (22, 16), (21, 16), (20, 16), (19, 16), (18, 16), (17, 16), (16, 16), (15, 16), (14, 16), (13, 16), (12, 16), (11, 16), (10, 16), (9, 16), (8, 16), (7, 16), (6, 16), (5, 16), (4, 16), (3, 16), (2, 16), (1, 16), (1, 15), (1, 14), (1, 13), (1, 12), (1, 11), (1, 10), (1, 9), (1, 8), (1, 7), (31, 12), (26, 14), (2, 7), (32, 12), (27, 14), (3, 7), (27, 13), (27, 12), (27, 11), (26, 11), (25, 11), (24, 11), (33, 12), (4, 7), (24, 12), (23, 12), (22, 12), (21, 12), (20, 12), (20, 11), (19, 12), (20, 10), (19, 11), (18, 12), (20, 9), (17, 12), (16, 12), (15, 12), (14, 12), (14, 11), (13, 12), (14, 10), (12, 12), (12, 11), (12, 10), (11, 10), (10, 10), (34, 12), (4, 8), (21, 9), (17, 13), (15, 10), (12, 13), (10, 11), (34, 11), (34, 10), (33, 10), (32, 10), (31, 10), (30, 10), (30, 9), (29, 10), (30, 8), (4, 9), (22, 9), (17, 14), (16, 10), (12, 14), (10, 12), (31, 8), (16, 14), (15, 14), (14, 14), (13, 14), (4, 10), (23, 9), (17, 10), (10, 13), (32, 8), (3, 10), (17, 9), (17, 8), (16, 8), (15, 8), (14, 8), (13, 8), (12, 8), (11, 8), (11, 7), (11, 6), (10, 6), (9, 6), (8, 6), (7, 6), (6, 6), (6, 5), (5, 5), (4, 5), (3, 5), (2, 5), (1, 5), (1, 4), (1, 3), (4, 11), (24, 9), (10, 14), (33, 8), (2, 3), (9, 14), (8, 14), (8, 13), (8, 12), (8, 11), (8, 10), (8, 9), (8, 8), (7, 8), (6, 8), (4, 12), (25, 9), (34, 8), (3, 3), (6, 9), (34, 7), (34, 6), (33, 6), (32, 6), (31, 6), (30, 6), (30, 5), (29, 6), (30, 4), (30, 3), (4, 13), (26, 9), (4, 3), (6, 10), (31, 4), (31, 3), (4, 14), (27, 9), (5, 3), (6, 11), (32, 4), (27, 8), (27, 7), (27, 6), (27, 5), (27, 4), (27, 3), (27, 2), (27, 1), (26, 2), (25, 2), (24, 2), (23, 2), (22, 2), (21, 2), (20, 2), (19, 2), (18, 2), (17, 2), (16, 2), (15, 2), (14, 2), (13, 2), (12, 2), (11, 2), (10, 2), (10, 1), (9, 1), (8, 1), (7, 1), (6, 1), (5, 1), (4, 1)]",66,2,68
221,"(2, 1)","(3, 1)",West,"[(1, 1) via West]","[(2, 1):68, (5, 14):70, (6, 3):70, (6, 12):70, (33, 4):70, (28, 1):70, (15, 3):70]","[(1, 1):68, (5, 14):70, (6, 3):70, (6, 12):70, (33, 4):70, (28, 1):70, (15, 3):70]","[(34, 16), (34, 15), (33, 16), (34, 14), (32, 16), (33, 14), (31, 16), (32, 14), (30, 16), (31, 14), (29, 16), (30, 14), (28, 16), (30, 13), (27, 16), (30, 12), (26, 16), (25, 16), (25, 15), (24, 16), (25, 14), (23, 16), (22, 16), (21, 16), (20, 16), (19, 16), (18, 16), (17, 16), (16, 16), (15, 16), (14, 16), (13, 16), (12, 16), (11, 16), (10, 16), (9, 16), (8, 16), (7, 16), (6, 16), (5, 16), (4, 16), (3, 16), (2, 16), (1, 16), (1, 15), (1, 14), (1, 13), (1, 12), (1, 11), (1, 10), (1, 9), (1, 8), (1, 7), (31, 12), (26, 14), (2, 7), (32, 12), (27, 14), (3, 7), (27, 13), (27, 12), (27, 11), (26, 11), (25, 11), (24, 11), (33, 12), (4, 7), (24, 12), (23, 12), (22, 12), (21, 12), (20, 12), (20, 11), (19, 12), (20, 10), (19, 11), (18, 12), (20, 9), (17, 12), (16, 12), (15, 12), (14, 12), (14, 11), (13, 12), (14, 10), (12, 12), (12, 11), (12, 10), (11, 10), (10, 10), (34, 12), (4, 8), (21, 9), (17, 13), (15, 10), (12, 13), (10, 11), (34, 11), (34, 10), (33, 10), (32, 10), (31, 10), (30, 10), (30, 9), (29, 10), (30, 8), (4, 9), (22, 9), (17, 14), (16, 10), (12, 14), (10, 12), (31, 8), (16, 14), (15, 14), (14, 14), (13, 14), (4, 10), (23, 9), (17, 10), (10, 13), (32, 8), (3, 10), (17, 9), (17, 8), (16, 8), (15, 8), (14, 8), (13, 8), (12, 8), (11, 8), (11, 7), (11, 6), (10, 6), (9, 6), (8, 6), (7, 6), (6, 6), (6, 5), (5, 5), (4, 5), (3, 5), (2, 5), (1, 5), (1, 4), (1, 3), (4, 11), (24, 9), (10, 14), (33, 8), (2, 3), (9, 14), (8, 14), (8, 13), (8, 12), (8, 11), (8, 10), (8, 9), (8, 8), (7, 8), (6, 8), (4, 12), (25, 9), (34, 8), (3, 3), (6, 9), (34, 7), (34, 6), (33, 6), (32, 6), (31, 6), (30, 6), (30, 5), (29, 6), (30, 4), (30, 3), (4, 13), (26, 9), (4, 3), (6, 10), (31, 4), (31, 3), (4, 14), (27, 9), (5, 3), (6, 11), (32, 4), (27, 8), (27, 7), (27, 6), (27, 5), (27, 4), (27, 3), (27, 2), (27, 1), (26, 2), (25, 2), (24, 2), (23, 2), (22, 2), (21, 2), (20, 2), (19, 2), (18, 2), (17, 2), (16, 2), (15, 2), (14, 2), (13, 2), (12, 2), (11, 2), (10, 2), (10, 1), (9, 1), (8, 1), (7, 1), (6, 1), (5, 1), (4, 1), (3, 1)]",67,1,68
222,"(1, 1)","(2, 1)",West,[],"[(1, 1):68, (5, 14):70, (6, 3):70, (6, 12):70, (33, 4):70, (28, 1):70, (15, 3):70]","[(5, 14):70, (6, 3):70, (6, 12):70, (33, 4):70, (28, 1):70, (15, 3):70]","[(34, 16), (34, 15), (33, 16), (34, 14), (32, 16), (33, 14), (31, 16), (32, 14), (30, 16), (31, 14), (29, 16), (30, 14), (28, 16), (30, 13), (27, 16), (30, 12), (26, 16), (25, 16), (25, 15), (24, 16), (25, 14), (23, 16), (22, 16), (21, 16), (20, 16), (19, 16), (18, 16), (17, 16), (16, 16), (15, 16), (14, 16), (13, 16), (12, 16), (11, 16), (10, 16), (9, 16), (8, 16), (7, 16), (6, 16), (5, 16), (4, 16), (3, 16), (2, 16), (1, 16), (1, 15), (1, 14), (1, 13), (1, 12), (1, 11), (1, 10), (1, 9), (1, 8), (1, 7), (31, 12), (26, 14), (2, 7), (32, 12), (27, 14), (3, 7), (27, 13), (27, 12), (27, 11), (26, 11), (25, 11), (24, 11), (33, 12), (4, 7), (24, 12), (23, 12), (22, 12), (21, 12), (20, 12), (20, 11), (19, 12), (20, 10), (19, 11), (18, 12), (20, 9), (17, 12), (16, 12), (15, 12), (14, 12), (14, 11), (13, 12), (14, 10), (12, 12), (12, 11), (12, 10), (11, 10), (10, 10), (34, 12), (4, 8), (21, 9), (17, 13), (15, 10), (12, 13), (10, 11), (34, 11), (34, 10), (33, 10), (32, 10), (31, 10), (30, 10), (30, 9), (29, 10), (30, 8), (4, 9), (22, 9), (17, 14), (16, 10), (12, 14), (10, 12), (31, 8), (16, 14), (15, 14), (14, 14), (13, 14), (4, 10), (23, 9), (17, 10), (10, 13), (32, 8), (3, 10), (17, 9), (17, 8), (16, 8), (15, 8), (14, 8), (13, 8), (12, 8), (11, 8), (11, 7), (11, 6), (10, 6), (9, 6), (8, 6), (7, 6), (6, 6), (6, 5), (5, 5), (4, 5), (3, 5), (2, 5), (1, 5), (1, 4), (1, 3), (4, 11), (24, 9), (10, 14), (33, 8), (2, 3), (9, 14), (8, 14), (8, 13), (8, 12), (8, 11), (8, 10), (8, 9), (8, 8), (7, 8), (6, 8), (4, 12), (25, 9), (34, 8), (3, 3), (6, 9), (34, 7), (34, 6), (33, 6), (32, 6), (31, 6), (30, 6), (30, 5), (29, 6), (30, 4), (30, 3), (4, 13), (26, 9), (4, 3), (6, 10), (31, 4), (31, 3), (4, 14), (27, 9), (5, 3), (6, 11), (32, 4), (27, 8), (27, 7), (27, 6), (27, 5), (27, 4), (27, 3), (27, 2), (27, 1), (26, 2), (25, 2), (24, 2), (23, 2), (22, 2), (21, 2), (20, 2), (19, 2), (18, 2), (17, 2), (16, 2), (15, 2), (14, 2), (13, 2), (12, 2), (11, 2), (10, 2), (10, 1), (9, 1), (8, 1), (7, 1), (6, 1), (5, 1), (4, 1), (3, 1), (2, 1)]",68,0,68
