iteration,expanded_state,parent,action,generated_successors,frontier_before,frontier_after,explored,g,h,f
1,"((4, 5), ())",,,"[((4, 6), ()) via North, ((5, 5), ()) via East, ((3, 5), ()) via West]","[((4, 5), ())]","[((4, 6), ()), ((5, 5), ()), ((3, 5), ())]",[],0,0,0
2,"((4, 6), ())","((4, 5), ())",North,"[((5, 6), ()) via East, ((3, 6), ()) via West]","[((4, 6), ()), ((5, 5), ()), ((3, 5), ())]","[((5, 5), ()), ((3, 5), ()), ((5, 6), ()), ((3, 6), ())]","[((4, 5), ())]",1,0,1
3,"((5, 5), ())","((4, 5), ())",East,"[((6, 5), ()) via East]","[((5, 5), ()), ((3, 5), ()), ((5, 6), ()), ((3, 6), ())]","[((3, 5), ()), ((5, 6), ()), ((3, 6), ()), ((6, 5), ())]","[((4, 5), ()), ((4, 6), ())]",1,0,1
4,"((3, 5), ())","((4, 5), ())",West,"[((2, 5), ()) via West]","[((3, 5), ()), ((5, 6), ()), ((3, 6), ()), ((6, 5), ())]","[((5, 6), ()), ((3, 6), ()), ((6, 5), ()), ((2, 5), ())]","[((4, 5), ()), ((4, 6), ()), ((5, 5), ())]",1,0,1
5,"((5, 6), ())","((4, 6), ())",East,"[((6, 6), ((6, 6),)) via East]","[((5, 6), ()), ((3, 6), ()), ((6, 5), ()), ((2, 5), ())]","[((3, 6), ()), ((6, 5), ()), ((2, 5), ()), ((6, 6), ((6, 6),))]","[((4, 5), ()), ((4, 6), ()), ((5, 5), ()), ((3, 5), ())]",2,0,2
6,"((3, 6), ())","((4, 6), ())",West,"[((2, 6), ()) via West]","[((3, 6), ()), ((6, 5), ()), ((2, 5), ()), ((6, 6), ((6, 6),))]","[((6, 5), ()), ((2, 5), ()), ((6, 6), ((6, 6),)), ((2, 6), ())]","[((4, 5), ()), ((4, 6), ()), ((5, 5), ()), ((3, 5), ()), ((5, 6), ())]",2,0,2
7,"((6, 5), ())","((5, 5), ())",East,"[((6, 4), ()) via South]","[((6, 5), ()), ((2, 5), ()), ((6, 6), ((6, 6),)), ((2, 6), ())]","[((2, 5), ()), ((6, 6), ((6, 6),)), ((2, 6), ()), ((6, 4), ())]","[((4, 5), ()), ((4, 6), ()), ((5, 5), ()), ((3, 5), ()), ((5, 6), ()), ((3, 6), ())]",2,0,2
8,"((2, 5), ())","((3, 5), ())",West,"[((1, 5), ()) via West]","[((2, 5), ()), ((6, 6), ((6, 6),)), ((2, 6), ()), ((6, 4), ())]","[((6, 6), ((6, 6),)), ((2, 6), ()), ((6, 4), ()), ((1, 5), ())]","[((4, 5), ()), ((4, 6), ()), ((5, 5), ()), ((3, 5), ()), ((5, 6), ()), ((3, 6), ()), ((6, 5), ())]",2,0,2
9,"((6, 6), ((6, 6),))","((5, 6), ())",East,"[((6, 5), ((6, 6),)) via South, ((5, 6), ((6, 6),)) via West]","[((6, 6), ((6, 6),)), ((2, 6), ()), ((6, 4), ()), ((1, 5), ())]","[((2, 6), ()), ((6, 4), ()), ((1, 5), ()), ((6, 5), ((6, 6),)), ((5, 6), ((6, 6),))]","[((4, 5), ()), ((4, 6), ()), ((5, 5), ()), ((3, 5), ()), ((5, 6), ()), ((3, 6), ()), ((6, 5), ()), ((2, 5), ())]",3,0,3
10,"((2, 6), ())","((3, 6), ())",West,"[((1, 6), ((1, 6),)) via West]","[((2, 6), ()), ((6, 4), ()), ((1, 5), ()), ((6, 5), ((6, 6),)), ((5, 6), ((6, 6),))]","[((6, 4), ()), ((1, 5), ()), ((6, 5), ((6, 6),)), ((5, 6), ((6, 6),)), ((1, 6), ((1, 6),))]","[((4, 5), ()), ((4, 6), ()), ((5, 5), ()), ((3, 5), ()), ((5, 6), ()), ((3, 6), ()), ((6, 5), ()), ((2, 5), ()), ((6, 6), ((6, 6),))]",3,0,3
11,"((6, 4), ())","((6, 5), ())",South,"[((6, 3), ()) via South]","[((6, 4), ()), ((1, 5), ()), ((6, 5), ((6, 6),)), ((5, 6), ((6, 6),)), ((1, 6), ((1, 6),))]","[((1, 5), ()), ((6, 5), ((6, 6),)), ((5, 6), ((6, 6),)), ((1, 6), ((1, 6),)), ((6, 3), ())]","[((4, 5), ()), ((4, 6), ()), ((5, 5), ()), ((3, 5), ()), ((5, 6), ()), ((3, 6), ()), ((6, 5), ()), ((2, 5), ()), ((6, 6), ((6, 6),)), ((2, 6), ())]",3,0,3
12,"((1, 5), ())","((2, 5), ())",West,"[((1, 4), ()) via South]","[((1, 5), ()), ((6, 5), ((6, 6),)), ((5, 6), ((6, 6),)), ((1, 6), ((1, 6),)), ((6, 3), ())]","[((6, 5), ((6, 6),)), ((5, 6), ((6, 6),)), ((1, 6), ((1, 6),)), ((6, 3), ()), ((1, 4), ())]","[((4, 5), ()), ((4, 6), ()), ((5, 5), ()), ((3, 5), ()), ((5, 6), ()), ((3, 6), ()), ((6, 5), ()), ((2, 5), ()), ((6, 6), ((6, 6),)), ((2, 6), ()), ((6, 4), ())]",3,0,3
13,"((6, 5), ((6, 6),))","((6, 6), ((6, 6),))",South,"[((6, 4), ((6, 6),)) via South, ((5, 5), ((6, 6),)) via West]","[((6, 5), ((6, 6),)), ((5, 6), ((6, 6),)), ((1, 6), ((1, 6),)), ((6, 3), ()), ((1, 4), ())]","[((5, 6), ((6, 6),)), ((1, 6), ((1, 6),)), ((6, 3), ()), ((1, 4), ()), ((6, 4), ((6, 6),)), ((5, 5), ((6, 6),))]","[((4, 5), ()), ((4, 6), ()), ((5, 5), ()), ((3, 5), ()), ((5, 6), ()), ((3, 6), ()), ((6, 5), ()), ((2, 5), ()), ((6, 6), ((6, 6),)), ((2, 6), ()), ((6, 4), ()), ((1, 5), ())]",4,0,4
14,"((5, 6), ((6, 6),))","((6, 6), ((6, 6),))",West,"[((4, 6), ((6, 6),)) via West]","[((5, 6), ((6, 6),)), ((1, 6), ((1, 6),)), ((6, 3), ()), ((1, 4), ()), ((6, 4), ((6, 6),)), ((5, 5), ((6, 6),))]","[((1, 6), ((1, 6),)), ((6, 3), ()), ((1, 4), ()), ((6, 4), ((6, 6),)), ((5, 5), ((6, 6),)), ((4, 6), ((6, 6),))]","[((4, 5), ()), ((4, 6), ()), ((5, 5), ()), ((3, 5), ()), ((5, 6), ()), ((3, 6), ()), ((6, 5), ()), ((2, 5), ()), ((6, 6), ((6, 6),)), ((2, 6), ()), ((6, 4), ()), ((1, 5), ()), ((6, 5), ((6, 6),))]",4,0,4
15,"((1, 6), ((1, 6),))","((2, 6), ())",West,"[((1, 5), ((1, 6),)) via South, ((2, 6), ((1, 6),)) via East]","[((1, 6), ((1, 6),)), ((6, 3), ()), ((1, 4), ()), ((6, 4), ((6, 6),)), ((5, 5), ((6, 6),)), ((4, 6), ((6, 6),))]","[((6, 3), ()), ((1, 4), ()), ((6, 4), ((6, 6),)), ((5, 5), ((6, 6),)), ((4, 6), ((6, 6),)), ((1, 5), ((1, 6),)), ((2, 6), ((1, 6),))]","[((4, 5), ()), ((4, 6), ()), ((5, 5), ()), ((3, 5), ()), ((5, 6), ()), ((3, 6), ()), ((6, 5), ()), ((2, 5), ()), ((6, 6), ((6, 6),)), ((2, 6), ()), ((6, 4), ()), ((1, 5), ()), ((6, 5), ((6, 6),)), ((5, 6), ((6, 6),))]",4,0,4
16,"((6, 3), ())","((6, 4), ())",South,"[((5, 3), ()) via West]","[((6, 3), ()), ((1, 4), ()), ((6, 4), ((6, 6),)), ((5, 5), ((6, 6),)), ((4, 6), ((6, 6),)), ((1, 5), ((1, 6),)), ((2, 6), ((1, 6),))]","[((1, 4), ()), ((6, 4), ((6, 6),)), ((5, 5), ((6, 6),)), ((4, 6), ((6, 6),)), ((1, 5), ((1, 6),)), ((2, 6), ((1, 6),)), ((5, 3), ())]","[((4, 5), ()), ((4, 6), ()), ((5, 5), ()), ((3, 5), ()), ((5, 6), ()), ((3, 6), ()), ((6, 5), ()), ((2, 5), ()), ((6, 6), ((6, 6),)), ((2, 6), ()), ((6, 4), ()), ((1, 5), ()), ((6, 5), ((6, 6),)), ((5, 6), ((6, 6),)), ((1, 6), ((1, 6),))]",4,0,4
17,"((1, 4), ())","((1, 5), ())",South,"[((1, 3), ()) via South]","[((1, 4), ()), ((6, 4), ((6, 6),)), ((5, 5), ((6, 6),)), ((4, 6), ((6, 6),)), ((1, 5), ((1, 6),)), ((2, 6), ((1, 6),)), ((5, 3), ())]","[((6, 4), ((6, 6),)), ((5, 5), ((6, 6),)), ((4, 6), ((6, 6),)), ((1, 5), ((1, 6),)), ((2, 6), ((1, 6),)), ((5, 3), ()), ((1, 3), ())]","[((4, 5), ()), ((4, 6), ()), ((5, 5), ()), ((3, 5), ()), ((5, 6), ()), ((3, 6), ()), ((6, 5), ()), ((2, 5), ()), ((6, 6), ((6, 6),)), ((2, 6), ()), ((6, 4), ()), ((1, 5), ()), ((6, 5), ((6, 6),)), ((5, 6), ((6, 6),)), ((1, 6), ((1, 6),)), ((6, 3), ())]",4,0,4
18,"((6, 4), ((6, 6),))","((6, 5), ((6, 6),))",South,"[((6, 3), ((6, 6),)) via South]","[((6, 4), ((6, 6),)), ((5, 5), ((6, 6),)), ((4, 6), ((6, 6),)), ((1, 5), ((1, 6),)), ((2, 6), ((1, 6),)), ((5, 3), ()), ((1, 3), ())]","[((5, 5), ((6, 6),)), ((4, 6), ((6, 6),)), ((1, 5), ((1, 6),)), ((2, 6), ((1, 6),)), ((5, 3), ()), ((1, 3), ()), ((6, 3), ((6, 6),))]","[((4, 5), ()), ((4, 6), ()), ((5, 5), ()), ((3, 5), ()), ((5, 6), ()), ((3, 6), ()), ((6, 5), ()), ((2, 5), ()), ((6, 6), ((6, 6),)), ((2, 6), ()), ((6, 4), ()), ((1, 5), ()), ((6, 5), ((6, 6),)), ((5, 6), ((6, 6),)), ((1, 6), ((1, 6),)), ((6, 3), ()), ((1, 4), ())]",5,0,5
19,"((5, 5), ((6, 6),))","((6, 5), ((6, 6),))",West,"[((4, 5), ((6, 6),)) via West]","[((5, 5), ((6, 6),)), ((4, 6), ((6, 6),)), ((1, 5), ((1, 6),)), ((2, 6), ((1, 6),)), ((5, 3), ()), ((1, 3), ()), ((6, 3), ((6, 6),))]","[((4, 6), ((6, 6),)), ((1, 5), ((1, 6),)), ((2, 6), ((1, 6),)), ((5, 3), ()), ((1, 3), ()), ((6, 3), ((6, 6),)), ((4, 5), ((6, 6),))]","[((4, 5), ()), ((4, 6), ()), ((5, 5), ()), ((3, 5), ()), ((5, 6), ()), ((3, 6), ()), ((6, 5), ()), ((2, 5), ()), ((6, 6), ((6, 6),)), ((2, 6), ()), ((6, 4), ()), ((1, 5), ()), ((6, 5), ((6, 6),)), ((5, 6), ((6, 6),)), ((1, 6), ((1, 6),)), ((6, 3), ()), ((1, 4), ()), ((6, 4), ((6, 6),))]",5,0,5
20,"((4, 6), ((6, 6),))","((5, 6), ((6, 6),))",West,"[((3, 6), ((6, 6),)) via West]","[((4, 6), ((6, 6),)), ((1, 5), ((1, 6),)), ((2, 6), ((1, 6),)), ((5, 3), ()), ((1, 3), ()), ((6, 3), ((6, 6),)), ((4, 5), ((6, 6),))]","[((1, 5), ((1, 6),)), ((2, 6), ((1, 6),)), ((5, 3), ()), ((1, 3), ()), ((6, 3), ((6, 6),)), ((4, 5), ((6, 6),)), ((3, 6), ((6, 6),))]","[((4, 5), ()), ((4, 6), ()), ((5, 5), ()), ((3, 5), ()), ((5, 6), ()), ((3, 6), ()), ((6, 5), ()), ((2, 5), ()), ((6, 6), ((6, 6),)), ((2, 6), ()), ((6, 4), ()), ((1, 5), ()), ((6, 5), ((6, 6),)), ((5, 6), ((6, 6),)), ((1, 6), ((1, 6),)), ((6, 3), ()), ((1, 4), ()), ((6, 4), ((6, 6),)), ((5, 5), ((6, 6),))]",5,0,5
21,"((1, 5), ((1, 6),))","((1, 6), ((1, 6),))",South,"[((1, 4), ((1, 6),)) via South, ((2, 5), ((1, 6),)) via East]","[((1, 5), ((1, 6),)), ((2, 6), ((1, 6),)), ((5, 3), ()), ((1, 3), ()), ((6, 3), ((6, 6),)), ((4, 5), ((6, 6),)), ((3, 6), ((6, 6),))]","[((2, 6), ((1, 6),)), ((5, 3), ()), ((1, 3), ()), ((6, 3), ((6, 6),)), ((4, 5), ((6, 6),)), ((3, 6), ((6, 6),)), ((1, 4), ((1, 6),)), ((2, 5), ((1, 6),))]","[((4, 5), ()), ((4, 6), ()), ((5, 5), ()), ((3, 5), ()), ((5, 6), ()), ((3, 6), ()), ((6, 5), ()), ((2, 5), ()), ((6, 6), ((6, 6),)), ((2, 6), ()), ((6, 4), ()), ((1, 5), ()), ((6, 5), ((6, 6),)), ((5, 6), ((6, 6),)), ((1, 6), ((1, 6),)), ((6, 3), ()), ((1, 4), ()), ((6, 4), ((6, 6),)), ((5, 5), ((6, 6),)), ((4, 6), ((6, 6),))]",5,0,5
22,"((2, 6), ((1, 6),))","((1, 6), ((1, 6),))",East,"[((3, 6), ((1, 6),)) via East]","[((2, 6), ((1, 6),)), ((5, 3), ()), ((1, 3), ()), ((6, 3), ((6, 6),)), ((4, 5), ((6, 6),)), ((3, 6), ((6, 6),)), ((1, 4), ((1, 6),)), ((2, 5), ((1, 6),))]","[((5, 3), ()), ((1, 3), ()), ((6, 3), ((6, 6),)), ((4, 5), ((6, 6),)), ((3, 6), ((6, 6),)), ((1, 4), ((1, 6),)), ((2, 5), ((1, 6),)), ((3, 6), ((1, 6),))]","[((4, 5), ()), ((4, 6), ()), ((5, 5), ()), ((3, 5), ()), ((5, 6), ()), ((3, 6), ()), ((6, 5), ()), ((2, 5), ()), ((6, 6), ((6, 6),)), ((2, 6), ()), ((6, 4), ()), ((1, 5), ()), ((6, 5), ((6, 6),)), ((5, 6), ((6, 6),)), ((1, 6), ((1, 6),)), ((6, 3), ()), ((1, 4), ()), ((6, 4), ((6, 6),)), ((5, 5), ((6, 6),)), ((4, 6), ((6, 6),)), ((1, 5), ((1, 6),))]",5,0,5
23,"((5, 3), ())","((6, 3), ())",West,"[((4, 3), ()) via West]","[((5, 3), ()), ((1, 3), ()), ((6, 3), ((6, 6),)), ((4, 5), ((6, 6),)), ((3, 6), ((6, 6),)), ((1, 4), ((1, 6),)), ((2, 5), ((1, 6),)), ((3, 6), ((1, 6),))]","[((1, 3), ()), ((6, 3), ((6, 6),)), ((4, 5), ((6, 6),)), ((3, 6), ((6, 6),)), ((1, 4), ((1, 6),)), ((2, 5), ((1, 6),)), ((3, 6), ((1, 6),)), ((4, 3), ())]","[((4, 5), ()), ((4, 6), ()), ((5, 5), ()), ((3, 5), ()), ((5, 6), ()), ((3, 6), ()), ((6, 5), ()), ((2, 5), ()), ((6, 6), ((6, 6),)), ((2, 6), ()), ((6, 4), ()), ((1, 5), ()), ((6, 5), ((6, 6),)), ((5, 6), ((6, 6),)), ((1, 6), ((1, 6),)), ((6, 3), ()), ((1, 4), ()), ((6, 4), ((6, 6),)), ((5, 5), ((6, 6),)), ((4, 6), ((6, 6),)), ((1, 5), ((1, 6),)), ((2, 6), ((1, 6),))]",5,0,5
24,"((1, 3), ())","((1, 4), ())",South,"[((1, 2), ()) via South]","[((1, 3), ()), ((6, 3), ((6, 6),)), ((4, 5), ((6, 6),)), ((3, 6), ((6, 6),)), ((1, 4), ((1, 6),)), ((2, 5), ((1, 6),)), ((3, 6), ((1, 6),)), ((4, 3), ())]","[((6, 3), ((6, 6),)), ((4, 5), ((6, 6),)), ((3, 6), ((6, 6),)), ((1, 4), ((1, 6),)), ((2, 5), ((1, 6),)), ((3, 6), ((1, 6),)), ((4, 3), ()), ((1, 2), ())]","[((4, 5), ()), ((4, 6), ()), ((5, 5), ()), ((3, 5), ()), ((5, 6), ()), ((3, 6), ()), ((6, 5), ()), ((2, 5), ()), ((6, 6), ((6, 6),)), ((2, 6), ()), ((6, 4), ()), ((1, 5), ()), ((6, 5), ((6, 6),)), ((5, 6), ((6, 6),)), ((1, 6), ((1, 6),)), ((6, 3), ()), ((1, 4), ()), ((6, 4), ((6, 6),)), ((5, 5), ((6, 6),)), ((4, 6), ((6, 6),)), ((1, 5), ((1, 6),)), ((2, 6), ((1, 6),)), ((5, 3), ())]",5,0,5
25,"((6, 3), ((6, 6),))","((6, 4), ((6, 6),))",South,"[((5, 3), ((6, 6),)) via West]","[((6, 3), ((6, 6),)), ((4, 5), ((6, 6),)), ((3, 6), ((6, 6),)), ((1, 4), ((1, 6),)), ((2, 5), ((1, 6),)), ((3, 6), ((1, 6),)), ((4, 3), ()), ((1, 2), ())]","[((4, 5), ((6, 6),)), ((3, 6), ((6, 6),)), ((1, 4), ((1, 6),)), ((2, 5), ((1, 6),)), ((3, 6), ((1, 6),)), ((4, 3), ()), ((1, 2), ()), ((5, 3), ((6, 6),))]","[((4, 5), ()), ((4, 6), ()), ((5, 5), ()), ((3, 5), ()), ((5, 6), ()), ((3, 6), ()), ((6, 5), ()), ((2, 5), ()), ((6, 6), ((6, 6),)), ((2, 6), ()), ((6, 4), ()), ((1, 5), ()), ((6, 5), ((6, 6),)), ((5, 6), ((6, 6),)), ((1, 6), ((1, 6),)), ((6, 3), ()), ((1, 4), ()), ((6, 4), ((6, 6),)), ((5, 5), ((6, 6),)), ((4, 6), ((6, 6),)), ((1, 5), ((1, 6),)), ((2, 6), ((1, 6),)), ((5, 3), ()), ((1, 3), ())]",6,0,6
26,"((4, 5), ((6, 6),))","((5, 5), ((6, 6),))",West,"[((3, 5), ((6, 6),)) via West]","[((4, 5), ((6, 6),)), ((3, 6), ((6, 6),)), ((1, 4), ((1, 6),)), ((2, 5), ((1, 6),)), ((3, 6), ((1, 6),)), ((4, 3), ()), ((1, 2), ()), ((5, 3), ((6, 6),))]","[((3, 6), ((6, 6),)), ((1, 4), ((1, 6),)), ((2, 5), ((1, 6),)), ((3, 6), ((1, 6),)), ((4, 3), ()), ((1, 2), ()), ((5, 3), ((6, 6),)), ((3, 5), ((6, 6),))]","[((4, 5), ()), ((4, 6), ()), ((5, 5), ()), ((3, 5), ()), ((5, 6), ()), ((3, 6), ()), ((6, 5), ()), ((2, 5), ()), ((6, 6), ((6, 6),)), ((2, 6), ()), ((6, 4), ()), ((1, 5), ()), ((6, 5), ((6, 6),)), ((5, 6), ((6, 6),)), ((1, 6), ((1, 6),)), ((6, 3), ()), ((1, 4), ()), ((6, 4), ((6, 6),)), ((5, 5), ((6, 6),)), ((4, 6), ((6, 6),)), ((1, 5), ((1, 6),)), ((2, 6), ((1, 6),)), ((5, 3), ()), ((1, 3), ()), ((6, 3), ((6, 6),))]",6,0,6
27,"((3, 6), ((6, 6),))","((4, 6), ((6, 6),))",West,"[((2, 6), ((6, 6),)) via West]","[((3, 6), ((6, 6),)), ((1, 4), ((1, 6),)), ((2, 5), ((1, 6),)), ((3, 6), ((1, 6),)), ((4, 3), ()), ((1, 2), ()), ((5, 3), ((6, 6),)), ((3, 5), ((6, 6),))]","[((1, 4), ((1, 6),)), ((2, 5), ((1, 6),)), ((3, 6), ((1, 6),)), ((4, 3), ()), ((1, 2), ()), ((5, 3), ((6, 6),)), ((3, 5), ((6, 6),)), ((2, 6), ((6, 6),))]","[((4, 5), ()), ((4, 6), ()), ((5, 5), ()), ((3, 5), ()), ((5, 6), ()), ((3, 6), ()), ((6, 5), ()), ((2, 5), ()), ((6, 6), ((6, 6),)), ((2, 6), ()), ((6, 4), ()), ((1, 5), ()), ((6, 5), ((6, 6),)), ((5, 6), ((6, 6),)), ((1, 6), ((1, 6),)), ((6, 3), ()), ((1, 4), ()), ((6, 4), ((6, 6),)), ((5, 5), ((6, 6),)), ((4, 6), ((6, 6),)), ((1, 5), ((1, 6),)), ((2, 6), ((1, 6),)), ((5, 3), ()), ((1, 3), ()), ((6, 3), ((6, 6),)), ((4, 5), ((6, 6),))]",6,0,6
28,"((1, 4), ((1, 6),))","((1, 5), ((1, 6),))",South,"[((1, 3), ((1, 6),)) via South]","[((1, 4), ((1, 6),)), ((2, 5), ((1, 6),)), ((3, 6), ((1, 6),)), ((4, 3), ()), ((1, 2), ()), ((5, 3), ((6, 6),)), ((3, 5), ((6, 6),)), ((2, 6), ((6, 6),))]","[((2, 5), ((1, 6),)), ((3, 6), ((1, 6),)), ((4, 3), ()), ((1, 2), ()), ((5, 3), ((6, 6),)), ((3, 5), ((6, 6),)), ((2, 6), ((6, 6),)), ((1, 3), ((1, 6),))]","[((4, 5), ()), ((4, 6), ()), ((5, 5), ()), ((3, 5), ()), ((5, 6), ()), ((3, 6), ()), ((6, 5), ()), ((2, 5), ()), ((6, 6), ((6, 6),)), ((2, 6), ()), ((6, 4), ()), ((1, 5), ()), ((6, 5), ((6, 6),)), ((5, 6), ((6, 6),)), ((1, 6), ((1, 6),)), ((6, 3), ()), ((1, 4), ()), ((6, 4), ((6, 6),)), ((5, 5), ((6, 6),)), ((4, 6), ((6, 6),)), ((1, 5), ((1, 6),)), ((2, 6), ((1, 6),)), ((5, 3), ()), ((1, 3), ()), ((6, 3), ((6, 6),)), ((4, 5), ((6, 6),)), ((3, 6), ((6, 6),))]",6,0,6
29,"((2, 5), ((1, 6),))","((1, 5), ((1, 6),))",East,"[((3, 5), ((1, 6),)) via East]","[((2, 5), ((1, 6),)), ((3, 6), ((1, 6),)), ((4, 3), ()), ((1, 2), ()), ((5, 3), ((6, 6),)), ((3, 5), ((6, 6),)), ((2, 6), ((6, 6),)), ((1, 3), ((1, 6),))]","[((3, 6), ((1, 6),)), ((4, 3), ()), ((1, 2), ()), ((5, 3), ((6, 6),)), ((3, 5), ((6, 6),)), ((2, 6), ((6, 6),)), ((1, 3), ((1, 6),)), ((3, 5), ((1, 6),))]","[((4, 5), ()), ((4, 6), ()), ((5, 5), ()), ((3, 5), ()), ((5, 6), ()), ((3, 6), ()), ((6, 5), ()), ((2, 5), ()), ((6, 6), ((6, 6),)), ((2, 6), ()), ((6, 4), ()), ((1, 5), ()), ((6, 5), ((6, 6),)), ((5, 6), ((6, 6),)), ((1, 6), ((1, 6),)), ((6, 3), ()), ((1, 4), ()), ((6, 4), ((6, 6),)), ((5, 5), ((6, 6),)), ((4, 6), ((6, 6),)), ((1, 5), ((1, 6),)), ((2, 6), ((1, 6),)), ((5, 3), ()), ((1, 3), ()), ((6, 3), ((6, 6),)), ((4, 5), ((6, 6),)), ((3, 6), ((6, 6),)), ((1, 4), ((1, 6),))]",6,0,6
30,"((3, 6), ((1, 6),))","((2, 6), ((1, 6),))",East,"[((4, 6), ((1, 6),)) via East]","[((3, 6), ((1, 6),)), ((4, 3), ()), ((1, 2), ()), ((5, 3), ((6, 6),)), ((3, 5), ((6, 6),)), ((2, 6), ((6, 6),)), ((1, 3), ((1, 6),)), ((3, 5), ((1, 6),))]","[((4, 3), ()), ((1, 2), ()), ((5, 3), ((6, 6),)), ((3, 5), ((6, 6),)), ((2, 6), ((6, 6),)), ((1, 3), ((1, 6),)), ((3, 5), ((1, 6),)), ((4, 6), ((1, 6),))]","[((4, 5), ()), ((4, 6), ()), ((5, 5), ()), ((3, 5), ()), ((5, 6), ()), ((3, 6), ()), ((6, 5), ()), ((2, 5), ()), ((6, 6), ((6, 6),)), ((2, 6), ()), ((6, 4), ()), ((1, 5), ()), ((6, 5), ((6, 6),)), ((5, 6), ((6, 6),)), ((1, 6), ((1, 6),)), ((6, 3), ()), ((1, 4), ()), ((6, 4), ((6, 6),)), ((5, 5), ((6, 6),)), ((4, 6), ((6, 6),)), ((1, 5), ((1, 6),)), ((2, 6), ((1, 6),)), ((5, 3), ()), ((1, 3), ()), ((6, 3), ((6, 6),)), ((4, 5), ((6, 6),)), ((3, 6), ((6, 6),)), ((1, 4), ((1, 6),)), ((2, 5), ((1, 6),))]",6,0,6
31,"((4, 3), ())","((5, 3), ())",West,"[((3, 3), ()) via West]","[((4, 3), ()), ((1, 2), ()), ((5, 3), ((6, 6),)), ((3, 5), ((6, 6),)), ((2, 6), ((6, 6),)), ((1, 3), ((1, 6),)), ((3, 5), ((1, 6),)), ((4, 6), ((1, 6),))]","[((1, 2), ()), ((5, 3), ((6, 6),)), ((3, 5), ((6, 6),)), ((2, 6), ((6, 6),)), ((1, 3), ((1, 6),)), ((3, 5), ((1, 6),)), ((4, 6), ((1, 6),)), ((3, 3), ())]","[((4, 5), ()), ((4, 6), ()), ((5, 5), ()), ((3, 5), ()), ((5, 6), ()), ((3, 6), ()), ((6, 5), ()), ((2, 5), ()), ((6, 6), ((6, 6),)), ((2, 6), ()), ((6, 4), ()), ((1, 5), ()), ((6, 5), ((6, 6),)), ((5, 6), ((6, 6),)), ((1, 6), ((1, 6),)), ((6, 3), ()), ((1, 4), ()), ((6, 4), ((6, 6),)), ((5, 5), ((6, 6),)), ((4, 6), ((6, 6),)), ((1, 5), ((1, 6),)), ((2, 6), ((1, 6),)), ((5, 3), ()), ((1, 3), ()), ((6, 3), ((6, 6),)), ((4, 5), ((6, 6),)), ((3, 6), ((6, 6),)), ((1, 4), ((1, 6),)), ((2, 5), ((1, 6),)), ((3, 6), ((1, 6),))]",6,0,6
32,"((1, 2), ())","((1, 3), ())",South,"[((1, 1), ((1, 1),)) via South]","[((1, 2), ()), ((5, 3), ((6, 6),)), ((3, 5), ((6, 6),)), ((2, 6), ((6, 6),)), ((1, 3), ((1, 6),)), ((3, 5), ((1, 6),)), ((4, 6), ((1, 6),)), ((3, 3), ())]","[((5, 3), ((6, 6),)), ((3, 5), ((6, 6),)), ((2, 6), ((6, 6),)), ((1, 3), ((1, 6),)), ((3, 5), ((1, 6),)), ((4, 6), ((1, 6),)), ((3, 3), ()), ((1, 1), ((1, 1),))]","[((4, 5), ()), ((4, 6), ()), ((5, 5), ()), ((3, 5), ()), ((5, 6), ()), ((3, 6), ()), ((6, 5), ()), ((2, 5), ()), ((6, 6), ((6, 6),)), ((2, 6), ()), ((6, 4), ()), ((1, 5), ()), ((6, 5), ((6, 6),)), ((5, 6), ((6, 6),)), ((1, 6), ((1, 6),)), ((6, 3), ()), ((1, 4), ()), ((6, 4), ((6, 6),)), ((5, 5), ((6, 6),)), ((4, 6), ((6, 6),)), ((1, 5), ((1, 6),)), ((2, 6), ((1, 6),)), ((5, 3), ()), ((1, 3), ()), ((6, 3), ((6, 6),)), ((4, 5), ((6, 6),)), ((3, 6), ((6, 6),)), ((1, 4), ((1, 6),)), ((2, 5), ((1, 6),)), ((3, 6), ((1, 6),)), ((4, 3), ())]",6,0,6
33,"((5, 3), ((6, 6),))","((6, 3), ((6, 6),))",West,"[((4, 3), ((6, 6),)) via West]","[((5, 3), ((6, 6),)), ((3, 5), ((6, 6),)), ((2, 6), ((6, 6),)), ((1, 3), ((1, 6),)), ((3, 5), ((1, 6),)), ((4, 6), ((1, 6),)), ((3, 3), ()), ((1, 1), ((1, 1),))]","[((3, 5), ((6, 6),)), ((2, 6), ((6, 6),)), ((1, 3), ((1, 6),)), ((3, 5), ((1, 6),)), ((4, 6), ((1, 6),)), ((3, 3), ()), ((1, 1), ((1, 1),)), ((4, 3), ((6, 6),))]","[((4, 5), ()), ((4, 6), ()), ((5, 5), ()), ((3, 5), ()), ((5, 6), ()), ((3, 6), ()), ((6, 5), ()), ((2, 5), ()), ((6, 6), ((6, 6),)), ((2, 6), ()), ((6, 4), ()), ((1, 5), ()), ((6, 5), ((6, 6),)), ((5, 6), ((6, 6),)), ((1, 6), ((1, 6),)), ((6, 3), ()), ((1, 4), ()), ((6, 4), ((6, 6),)), ((5, 5), ((6, 6),)), ((4, 6), ((6, 6),)), ((1, 5), ((1, 6),)), ((2, 6), ((1, 6),)), ((5, 3), ()), ((1, 3), ()), ((6, 3), ((6, 6),)), ((4, 5), ((6, 6),)), ((3, 6), ((6, 6),)), ((1, 4), ((1, 6),)), ((2, 5), ((1, 6),)), ((3, 6), ((1, 6),)), ((4, 3), ()), ((1, 2), ())]",7,0,7
34,"((3, 5), ((6, 6),))","((4, 5), ((6, 6),))",West,"[((2, 5), ((6, 6),)) via West]","[((3, 5), ((6, 6),)), ((2, 6), ((6, 6),)), ((1, 3), ((1, 6),)), ((3, 5), ((1, 6),)), ((4, 6), ((1, 6),)), ((3, 3), ()), ((1, 1), ((1, 1),)), ((4, 3), ((6, 6),))]","[((2, 6), ((6, 6),)), ((1, 3), ((1, 6),)), ((3, 5), ((1, 6),)), ((4, 6), ((1, 6),)), ((3, 3), ()), ((1, 1), ((1, 1),)), ((4, 3), ((6, 6),)), ((2, 5), ((6, 6),))]","[((4, 5), ()), ((4, 6), ()), ((5, 5), ()), ((3, 5), ()), ((5, 6), ()), ((3, 6), ()), ((6, 5), ()), ((2, 5), ()), ((6, 6), ((6, 6),)), ((2, 6), ()), ((6, 4), ()), ((1, 5), ()), ((6, 5), ((6, 6),)), ((5, 6), ((6, 6),)), ((1, 6), ((1, 6),)), ((6, 3), ()), ((1, 4), ()), ((6, 4), ((6, 6),)), ((5, 5), ((6, 6),)), ((4, 6), ((6, 6),)), ((1, 5), ((1, 6),)), ((2, 6), ((1, 6),)), ((5, 3), ()), ((1, 3), ()), ((6, 3), ((6, 6),)), ((4, 5), ((6, 6),)), ((3, 6), ((6, 6),)), ((1, 4), ((1, 6),)), ((2, 5), ((1, 6),)), ((3, 6), ((1, 6),)), ((4, 3), ()), ((1, 2), ()), ((5, 3), ((6, 6),))]",7,0,7
35,"((2, 6), ((6, 6),))","((3, 6), ((6, 6),))",West,"[((1, 6), ((1, 6), (6, 6))) via West]","[((2, 6), ((6, 6),)), ((1, 3), ((1, 6),)), ((3, 5), ((1, 6),)), ((4, 6), ((1, 6),)), ((3, 3), ()), ((1, 1), ((1, 1),)), ((4, 3), ((6, 6),)), ((2, 5), ((6, 6),))]","[((1, 3), ((1, 6),)), ((3, 5), ((1, 6),)), ((4, 6), ((1, 6),)), ((3, 3), ()), ((1, 1), ((1, 1),)), ((4, 3), ((6, 6),)), ((2, 5), ((6, 6),)), ((1, 6), ((1, 6), (6, 6)))]","[((4, 5), ()), ((4, 6), ()), ((5, 5), ()), ((3, 5), ()), ((5, 6), ()), ((3, 6), ()), ((6, 5), ()), ((2, 5), ()), ((6, 6), ((6, 6),)), ((2, 6), ()), ((6, 4), ()), ((1, 5), ()), ((6, 5), ((6, 6),)), ((5, 6), ((6, 6),)), ((1, 6), ((1, 6),)), ((6, 3), ()), ((1, 4), ()), ((6, 4), ((6, 6),)), ((5, 5), ((6, 6),)), ((4, 6), ((6, 6),)), ((1, 5), ((1, 6),)), ((2, 6), ((1, 6),)), ((5, 3), ()), ((1, 3), ()), ((6, 3), ((6, 6),)), ((4, 5), ((6, 6),)), ((3, 6), ((6, 6),)), ((1, 4), ((1, 6),)), ((2, 5), ((1, 6),)), ((3, 6), ((1, 6),)), ((4, 3), ()), ((1, 2), ()), ((5, 3), ((6, 6),)), ((3, 5), ((6, 6),))]",7,0,7
36,"((1, 3), ((1, 6),))","((1, 4), ((1, 6),))",South,"[((1, 2), ((1, 6),)) via South]","[((1, 3), ((1, 6),)), ((3, 5), ((1, 6),)), ((4, 6), ((1, 6),)), ((3, 3), ()), ((1, 1), ((1, 1),)), ((4, 3), ((6, 6),)), ((2, 5), ((6, 6),)), ((1, 6), ((1, 6), (6, 6)))]","[((3, 5), ((1, 6),)), ((4, 6), ((1, 6),)), ((3, 3), ()), ((1, 1), ((1, 1),)), ((4, 3), ((6, 6),)), ((2, 5), ((6, 6),)), ((1, 6), ((1, 6), (6, 6))), ((1, 2), ((1, 6),))]","[((4, 5), ()), ((4, 6), ()), ((5, 5), ()), ((3, 5), ()), ((5, 6), ()), ((3, 6), ()), ((6, 5), ()), ((2, 5), ()), ((6, 6), ((6, 6),)), ((2, 6), ()), ((6, 4), ()), ((1, 5), ()), ((6, 5), ((6, 6),)), ((5, 6), ((6, 6),)), ((1, 6), ((1, 6),)), ((6, 3), ()), ((1, 4), ()), ((6, 4), ((6, 6),)), ((5, 5), ((6, 6),)), ((4, 6), ((6, 6),)), ((1, 5), ((1, 6),)), ((2, 6), ((1, 6),)), ((5, 3), ()), ((1, 3), ()), ((6, 3), ((6, 6),)), ((4, 5), ((6, 6),)), ((3, 6), ((6, 6),)), ((1, 4), ((1, 6),)), ((2, 5), ((1, 6),)), ((3, 6), ((1, 6),)), ((4, 3), ()), ((1, 2), ()), ((5, 3), ((6, 6),)), ((3, 5), ((6, 6),)), ((2, 6), ((6, 6),))]",7,0,7
37,"((3, 5), ((1, 6),))","((2, 5), ((1, 6),))",East,"[((4, 5), ((1, 6),)) via East]","[((3, 5), ((1, 6),)), ((4, 6), ((1, 6),)), ((3, 3), ()), ((1, 1), ((1, 1),)), ((4, 3), ((6, 6),)), ((2, 5), ((6, 6),)), ((1, 6), ((1, 6), (6, 6))), ((1, 2), ((1, 6),))]","[((4, 6), ((1, 6),)), ((3, 3), ()), ((1, 1), ((1, 1),)), ((4, 3), ((6, 6),)), ((2, 5), ((6, 6),)), ((1, 6), ((1, 6), (6, 6))), ((1, 2), ((1, 6),)), ((4, 5), ((1, 6),))]","[((4, 5), ()), ((4, 6), ()), ((5, 5), ()), ((3, 5), ()), ((5, 6), ()), ((3, 6), ()), ((6, 5), ()), ((2, 5), ()), ((6, 6), ((6, 6),)), ((2, 6), ()), ((6, 4), ()), ((1, 5), ()), ((6, 5), ((6, 6),)), ((5, 6), ((6, 6),)), ((1, 6), ((1, 6),)), ((6, 3), ()), ((1, 4), ()), ((6, 4), ((6, 6),)), ((5, 5), ((6, 6),)), ((4, 6), ((6, 6),)), ((1, 5), ((1, 6),)), ((2, 6), ((1, 6),)), ((5, 3), ()), ((1, 3), ()), ((6, 3), ((6, 6),)), ((4, 5), ((6, 6),)), ((3, 6), ((6, 6),)), ((1, 4), ((1, 6),)), ((2, 5), ((1, 6),)), ((3, 6), ((1, 6),)), ((4, 3), ()), ((1, 2), ()), ((5, 3), ((6, 6),)), ((3, 5), ((6, 6),)), ((2, 6), ((6, 6),)), ((1, 3), ((1, 6),))]",7,0,7
38,"((4, 6), ((1, 6),))","((3, 6), ((1, 6),))",East,"[((5, 6), ((1, 6),)) via East]","[((4, 6), ((1, 6),)), ((3, 3), ()), ((1, 1), ((1, 1),)), ((4, 3), ((6, 6),)), ((2, 5), ((6, 6),)), ((1, 6), ((1, 6), (6, 6))), ((1, 2), ((1, 6),)), ((4, 5), ((1, 6),))]","[((3, 3), ()), ((1, 1), ((1, 1),)), ((4, 3), ((6, 6),)), ((2, 5), ((6, 6),)), ((1, 6), ((1, 6), (6, 6))), ((1, 2), ((1, 6),)), ((4, 5), ((1, 6),)), ((5, 6), ((1, 6),))]","[((4, 5), ()), ((4, 6), ()), ((5, 5), ()), ((3, 5), ()), ((5, 6), ()), ((3, 6), ()), ((6, 5), ()), ((2, 5), ()), ((6, 6), ((6, 6),)), ((2, 6), ()), ((6, 4), ()), ((1, 5), ()), ((6, 5), ((6, 6),)), ((5, 6), ((6, 6),)), ((1, 6), ((1, 6),)), ((6, 3), ()), ((1, 4), ()), ((6, 4), ((6, 6),)), ((5, 5), ((6, 6),)), ((4, 6), ((6, 6),)), ((1, 5), ((1, 6),)), ((2, 6), ((1, 6),)), ((5, 3), ()), ((1, 3), ()), ((6, 3), ((6, 6),)), ((4, 5), ((6, 6),)), ((3, 6), ((6, 6),)), ((1, 4), ((1, 6),)), ((2, 5), ((1, 6),)), ((3, 6), ((1, 6),)), ((4, 3), ()), ((1, 2), ()), ((5, 3), ((6, 6),)), ((3, 5), ((6, 6),)), ((2, 6), ((6, 6),)), ((1, 3), ((1, 6),)), ((3, 5), ((1, 6),))]",7,0,7
39,"((3, 3), ())","((4, 3), ())",West,"[((3, 2), ()) via South]","[((3, 3), ()), ((1, 1), ((1, 1),)), ((4, 3), ((6, 6),)), ((2, 5), ((6, 6),)), ((1, 6), ((1, 6), (6, 6))), ((1, 2), ((1, 6),)), ((4, 5), ((1, 6),)), ((5, 6), ((1, 6),))]","[((1, 1), ((1, 1),)), ((4, 3), ((6, 6),)), ((2, 5), ((6, 6),)), ((1, 6), ((1, 6), (6, 6))), ((1, 2), ((1, 6),)), ((4, 5), ((1, 6),)), ((5, 6), ((1, 6),)), ((3, 2), ())]","[((4, 5), ()), ((4, 6), ()), ((5, 5), ()), ((3, 5), ()), ((5, 6), ()), ((3, 6), ()), ((6, 5), ()), ((2, 5), ()), ((6, 6), ((6, 6),)), ((2, 6), ()), ((6, 4), ()), ((1, 5), ()), ((6, 5), ((6, 6),)), ((5, 6), ((6, 6),)), ((1, 6), ((1, 6),)), ((6, 3), ()), ((1, 4), ()), ((6, 4), ((6, 6),)), ((5, 5), ((6, 6),)), ((4, 6), ((6, 6),)), ((1, 5), ((1, 6),)), ((2, 6), ((1, 6),)), ((5, 3), ()), ((1, 3), ()), ((6, 3), ((6, 6),)), ((4, 5), ((6, 6),)), ((3, 6), ((6, 6),)), ((1, 4), ((1, 6),)), ((2, 5), ((1, 6),)), ((3, 6), ((1, 6),)), ((4, 3), ()), ((1, 2), ()), ((5, 3), ((6, 6),)), ((3, 5), ((6, 6),)), ((2, 6), ((6, 6),)), ((1, 3), ((1, 6),)), ((3, 5), ((1, 6),)), ((4, 6), ((1, 6),))]",7,0,7
40,"((1, 1), ((1, 1),))","((1, 2), ())",South,"[((1, 2), ((1, 1),)) via North]","[((1, 1), ((1, 1),)), ((4, 3), ((6, 6),)), ((2, 5), ((6, 6),)), ((1, 6), ((1, 6), (6, 6))), ((1, 2), ((1, 6),)), ((4, 5), ((1, 6),)), ((5, 6), ((1, 6),)), ((3, 2), ())]","[((4, 3), ((6, 6),)), ((2, 5), ((6, 6),)), ((1, 6), ((1, 6), (6, 6))), ((1, 2), ((1, 6),)), ((4, 5), ((1, 6),)), ((5, 6), ((1, 6),)), ((3, 2), ()), ((1, 2), ((1, 1),))]","[((4, 5), ()), ((4, 6), ()), ((5, 5), ()), ((3, 5), ()), ((5, 6), ()), ((3, 6), ()), ((6, 5), ()), ((2, 5), ()), ((6, 6), ((6, 6),)), ((2, 6), ()), ((6, 4), ()), ((1, 5), ()), ((6, 5), ((6, 6),)), ((5, 6), ((6, 6),)), ((1, 6), ((1, 6),)), ((6, 3), ()), ((1, 4), ()), ((6, 4), ((6, 6),)), ((5, 5), ((6, 6),)), ((4, 6), ((6, 6),)), ((1, 5), ((1, 6),)), ((2, 6), ((1, 6),)), ((5, 3), ()), ((1, 3), ()), ((6, 3), ((6, 6),)), ((4, 5), ((6, 6),)), ((3, 6), ((6, 6),)), ((1, 4), ((1, 6),)), ((2, 5), ((1, 6),)), ((3, 6), ((1, 6),)), ((4, 3), ()), ((1, 2), ()), ((5, 3), ((6, 6),)), ((3, 5), ((6, 6),)), ((2, 6), ((6, 6),)), ((1, 3), ((1, 6),)), ((3, 5), ((1, 6),)), ((4, 6), ((1, 6),)), ((3, 3), ())]",7,0,7
41,"((4, 3), ((6, 6),))","((5, 3), ((6, 6),))",West,"[((3, 3), ((6, 6),)) via West]","[((4, 3), ((6, 6),)), ((2, 5), ((6, 6),)), ((1, 6), ((1, 6), (6, 6))), ((1, 2), ((1, 6),)), ((4, 5), ((1, 6),)), ((5, 6), ((1, 6),)), ((3, 2), ()), ((1, 2), ((1, 1),))]","[((2, 5), ((6, 6),)), ((1, 6), ((1, 6), (6, 6))), ((1, 2), ((1, 6),)), ((4, 5), ((1, 6),)), ((5, 6), ((1, 6),)), ((3, 2), ()), ((1, 2), ((1, 1),)), ((3, 3), ((6, 6),))]","[((4, 5), ()), ((4, 6), ()), ((5, 5), ()), ((3, 5), ()), ((5, 6), ()), ((3, 6), ()), ((6, 5), ()), ((2, 5), ()), ((6, 6), ((6, 6),)), ((2, 6), ()), ((6, 4), ()), ((1, 5), ()), ((6, 5), ((6, 6),)), ((5, 6), ((6, 6),)), ((1, 6), ((1, 6),)), ((6, 3), ()), ((1, 4), ()), ((6, 4), ((6, 6),)), ((5, 5), ((6, 6),)), ((4, 6), ((6, 6),)), ((1, 5), ((1, 6),)), ((2, 6), ((1, 6),)), ((5, 3), ()), ((1, 3), ()), ((6, 3), ((6, 6),)), ((4, 5), ((6, 6),)), ((3, 6), ((6, 6),)), ((1, 4), ((1, 6),)), ((2, 5), ((1, 6),)), ((3, 6), ((1, 6),)), ((4, 3), ()), ((1, 2), ()), ((5, 3), ((6, 6),)), ((3, 5), ((6, 6),)), ((2, 6), ((6, 6),)), ((1, 3), ((1, 6),)), ((3, 5), ((1, 6),)), ((4, 6), ((1, 6),)), ((3, 3), ()), ((1, 1), ((1, 1),))]",8,0,8
42,"((2, 5), ((6, 6),))","((3, 5), ((6, 6),))",West,"[((1, 5), ((6, 6),)) via West]","[((2, 5), ((6, 6),)), ((1, 6), ((1, 6), (6, 6))), ((1, 2), ((1, 6),)), ((4, 5), ((1, 6),)), ((5, 6), ((1, 6),)), ((3, 2), ()), ((1, 2), ((1, 1),)), ((3, 3), ((6, 6),))]","[((1, 6), ((1, 6), (6, 6))), ((1, 2), ((1, 6),)), ((4, 5), ((1, 6),)), ((5, 6), ((1, 6),)), ((3, 2), ()), ((1, 2), ((1, 1),)), ((3, 3), ((6, 6),)), ((1, 5), ((6, 6),))]","[((4, 5), ()), ((4, 6), ()), ((5, 5), ()), ((3, 5), ()), ((5, 6), ()), ((3, 6), ()), ((6, 5), ()), ((2, 5), ()), ((6, 6), ((6, 6),)), ((2, 6), ()), ((6, 4), ()), ((1, 5), ()), ((6, 5), ((6, 6),)), ((5, 6), ((6, 6),)), ((1, 6), ((1, 6),)), ((6, 3), ()), ((1, 4), ()), ((6, 4), ((6, 6),)), ((5, 5), ((6, 6),)), ((4, 6), ((6, 6),)), ((1, 5), ((1, 6),)), ((2, 6), ((1, 6),)), ((5, 3), ()), ((1, 3), ()), ((6, 3), ((6, 6),)), ((4, 5), ((6, 6),)), ((3, 6), ((6, 6),)), ((1, 4), ((1, 6),)), ((2, 5), ((1, 6),)), ((3, 6), ((1, 6),)), ((4, 3), ()), ((1, 2), ()), ((5, 3), ((6, 6),)), ((3, 5), ((6, 6),)), ((2, 6), ((6, 6),)), ((1, 3), ((1, 6),)), ((3, 5), ((1, 6),)), ((4, 6), ((1, 6),)), ((3, 3), ()), ((1, 1), ((1, 1),)), ((4, 3), ((6, 6),))]",8,0,8
43,"((1, 6), ((1, 6), (6, 6)))","((2, 6), ((6, 6),))",West,"[((1, 5), ((1, 6), (6, 6))) via South, ((2, 6), ((1, 6), (6, 6))) via East]","[((1, 6), ((1, 6), (6, 6))), ((1, 2), ((1, 6),)), ((4, 5), ((1, 6),)), ((5, 6), ((1, 6),)), ((3, 2), ()), ((1, 2), ((1, 1),)), ((3, 3), ((6, 6),)), ((1, 5), ((6, 6),))]","[((1, 2), ((1, 6),)), ((4, 5), ((1, 6),)), ((5, 6), ((1, 6),)), ((3, 2), ()), ((1, 2), ((1, 1),)), ((3, 3), ((6, 6),)), ((1, 5), ((6, 6),)), ((1, 5), ((1, 6), (6, 6))), ((2, 6), ((1, 6), (6, 6)))]","[((4, 5), ()), ((4, 6), ()), ((5, 5), ()), ((3, 5), ()), ((5, 6), ()), ((3, 6), ()), ((6, 5), ()), ((2, 5), ()), ((6, 6), ((6, 6),)), ((2, 6), ()), ((6, 4), ()), ((1, 5), ()), ((6, 5), ((6, 6),)), ((5, 6), ((6, 6),)), ((1, 6), ((1, 6),)), ((6, 3), ()), ((1, 4), ()), ((6, 4), ((6, 6),)), ((5, 5), ((6, 6),)), ((4, 6), ((6, 6),)), ((1, 5), ((1, 6),)), ((2, 6), ((1, 6),)), ((5, 3), ()), ((1, 3), ()), ((6, 3), ((6, 6),)), ((4, 5), ((6, 6),)), ((3, 6), ((6, 6),)), ((1, 4), ((1, 6),)), ((2, 5), ((1, 6),)), ((3, 6), ((1, 6),)), ((4, 3), ()), ((1, 2), ()), ((5, 3), ((6, 6),)), ((3, 5), ((6, 6),)), ((2, 6), ((6, 6),)), ((1, 3), ((1, 6),)), ((3, 5), ((1, 6),)), ((4, 6), ((1, 6),)), ((3, 3), ()), ((1, 1), ((1, 1),)), ((4, 3), ((6, 6),)), ((2, 5), ((6, 6),))]",8,0,8
44,"((1, 2), ((1, 6),))","((1, 3), ((1, 6),))",South,"[((1, 1), ((1, 1), (1, 6))) via South]","[((1, 2), ((1, 6),)), ((4, 5), ((1, 6),)), ((5, 6), ((1, 6),)), ((3, 2), ()), ((1, 2), ((1, 1),)), ((3, 3), ((6, 6),)), ((1, 5), ((6, 6),)), ((1, 5), ((1, 6), (6, 6))), ((2, 6), ((1, 6), (6, 6)))]","[((4, 5), ((1, 6),)), ((5, 6), ((1, 6),)), ((3, 2), ()), ((1, 2), ((1, 1),)), ((3, 3), ((6, 6),)), ((1, 5), ((6, 6),)), ((1, 5), ((1, 6), (6, 6))), ((2, 6), ((1, 6), (6, 6))), ((1, 1), ((1, 1), (1, 6)))]","[((4, 5), ()), ((4, 6), ()), ((5, 5), ()), ((3, 5), ()), ((5, 6), ()), ((3, 6), ()), ((6, 5), ()), ((2, 5), ()), ((6, 6), ((6, 6),)), ((2, 6), ()), ((6, 4), ()), ((1, 5), ()), ((6, 5), ((6, 6),)), ((5, 6), ((6, 6),)), ((1, 6), ((1, 6),)), ((6, 3), ()), ((1, 4), ()), ((6, 4), ((6, 6),)), ((5, 5), ((6, 6),)), ((4, 6), ((6, 6),)), ((1, 5), ((1, 6),)), ((2, 6), ((1, 6),)), ((5, 3), ()), ((1, 3), ()), ((6, 3), ((6, 6),)), ((4, 5), ((6, 6),)), ((3, 6), ((6, 6),)), ((1, 4), ((1, 6),)), ((2, 5), ((1, 6),)), ((3, 6), ((1, 6),)), ((4, 3), ()), ((1, 2), ()), ((5, 3), ((6, 6),)), ((3, 5), ((6, 6),)), ((2, 6), ((6, 6),)), ((1, 3), ((1, 6),)), ((3, 5), ((1, 6),)), ((4, 6), ((1, 6),)), ((3, 3), ()), ((1, 1), ((1, 1),)), ((4, 3), ((6, 6),)), ((2, 5), ((6, 6),)), ((1, 6), ((1, 6), (6, 6)))]",8,0,8
45,"((4, 5), ((1, 6),))","((3, 5), ((1, 6),))",East,"[((5, 5), ((1, 6),)) via East]","[((4, 5), ((1, 6),)), ((5, 6), ((1, 6),)), ((3, 2), ()), ((1, 2), ((1, 1),)), ((3, 3), ((6, 6),)), ((1, 5), ((6, 6),)), ((1, 5), ((1, 6), (6, 6))), ((2, 6), ((1, 6), (6, 6))), ((1, 1), ((1, 1), (1, 6)))]","[((5, 6), ((1, 6),)), ((3, 2), ()), ((1, 2), ((1, 1),)), ((3, 3), ((6, 6),)), ((1, 5), ((6, 6),)), ((1, 5), ((1, 6), (6, 6))), ((2, 6), ((1, 6), (6, 6))), ((1, 1), ((1, 1), (1, 6))), ((5, 5), ((1, 6),))]","[((4, 5), ()), ((4, 6), ()), ((5, 5), ()), ((3, 5), ()), ((5, 6), ()), ((3, 6), ()), ((6, 5), ()), ((2, 5), ()), ((6, 6), ((6, 6),)), ((2, 6), ()), ((6, 4), ()), ((1, 5), ()), ((6, 5), ((6, 6),)), ((5, 6), ((6, 6),)), ((1, 6), ((1, 6),)), ((6, 3), ()), ((1, 4), ()), ((6, 4), ((6, 6),)), ((5, 5), ((6, 6),)), ((4, 6), ((6, 6),)), ((1, 5), ((1, 6),)), ((2, 6), ((1, 6),)), ((5, 3), ()), ((1, 3), ()), ((6, 3), ((6, 6),)), ((4, 5), ((6, 6),)), ((3, 6), ((6, 6),)), ((1, 4), ((1, 6),)), ((2, 5), ((1, 6),)), ((3, 6), ((1, 6),)), ((4, 3), ()), ((1, 2), ()), ((5, 3), ((6, 6),)), ((3, 5), ((6, 6),)), ((2, 6), ((6, 6),)), ((1, 3), ((1, 6),)), ((3, 5), ((1, 6),)), ((4, 6), ((1, 6),)), ((3, 3), ()), ((1, 1), ((1, 1),)), ((4, 3), ((6, 6),)), ((2, 5), ((6, 6),)), ((1, 6), ((1, 6), (6, 6))), ((1, 2), ((1, 6),))]",8,0,8
46,"((5, 6), ((1, 6),))","((4, 6), ((1, 6),))",East,"[((6, 6), ((1, 6), (6, 6))) via East]","[((5, 6), ((1, 6),)), ((3, 2), ()), ((1, 2), ((1, 1),)), ((3, 3), ((6, 6),)), ((1, 5), ((6, 6),)), ((1, 5), ((1, 6), (6, 6))), ((2, 6), ((1, 6), (6, 6))), ((1, 1), ((1, 1), (1, 6))), ((5, 5), ((1, 6),))]","[((3, 2), ()), ((1, 2), ((1, 1),)), ((3, 3), ((6, 6),)), ((1, 5), ((6, 6),)), ((1, 5), ((1, 6), (6, 6))), ((2, 6), ((1, 6), (6, 6))), ((1, 1), ((1, 1), (1, 6))), ((5, 5), ((1, 6),)), ((6, 6), ((1, 6), (6, 6)))]","[((4, 5), ()), ((4, 6), ()), ((5, 5), ()), ((3, 5), ()), ((5, 6), ()), ((3, 6), ()), ((6, 5), ()), ((2, 5), ()), ((6, 6), ((6, 6),)), ((2, 6), ()), ((6, 4), ()), ((1, 5), ()), ((6, 5), ((6, 6),)), ((5, 6), ((6, 6),)), ((1, 6), ((1, 6),)), ((6, 3), ()), ((1, 4), ()), ((6, 4), ((6, 6),)), ((5, 5), ((6, 6),)), ((4, 6), ((6, 6),)), ((1, 5), ((1, 6),)), ((2, 6), ((1, 6),)), ((5, 3), ()), ((1, 3), ()), ((6, 3), ((6, 6),)), ((4, 5), ((6, 6),)), ((3, 6), ((6, 6),)), ((1, 4), ((1, 6),)), ((2, 5), ((1, 6),)), ((3, 6), ((1, 6),)), ((4, 3), ()), ((1, 2), ()), ((5, 3), ((6, 6),)), ((3, 5), ((6, 6),)), ((2, 6), ((6, 6),)), ((1, 3), ((1, 6),)), ((3, 5), ((1, 6),)), ((4, 6), ((1, 6),)), ((3, 3), ()), ((1, 1), ((1, 1),)), ((4, 3), ((6, 6),)), ((2, 5), ((6, 6),)), ((1, 6), ((1, 6), (6, 6))), ((1, 2), ((1, 6),)), ((4, 5), ((1, 6),))]",8,0,8
47,"((3, 2), ())","((3, 3), ())",South,"[((3, 1), ()) via South]","[((3, 2), ()), ((1, 2), ((1, 1),)), ((3, 3), ((6, 6),)), ((1, 5), ((6, 6),)), ((1, 5), ((1, 6), (6, 6))), ((2, 6), ((1, 6), (6, 6))), ((1, 1), ((1, 1), (1, 6))), ((5, 5), ((1, 6),)), ((6, 6), ((1, 6), (6, 6)))]","[((1, 2), ((1, 1),)), ((3, 3), ((6, 6),)), ((1, 5), ((6, 6),)), ((1, 5), ((1, 6), (6, 6))), ((2, 6), ((1, 6), (6, 6))), ((1, 1), ((1, 1), (1, 6))), ((5, 5), ((1, 6),)), ((6, 6), ((1, 6), (6, 6))), ((3, 1), ())]","[((4, 5), ()), ((4, 6), ()), ((5, 5), ()), ((3, 5), ()), ((5, 6), ()), ((3, 6), ()), ((6, 5), ()), ((2, 5), ()), ((6, 6), ((6, 6),)), ((2, 6), ()), ((6, 4), ()), ((1, 5), ()), ((6, 5), ((6, 6),)), ((5, 6), ((6, 6),)), ((1, 6), ((1, 6),)), ((6, 3), ()), ((1, 4), ()), ((6, 4), ((6, 6),)), ((5, 5), ((6, 6),)), ((4, 6), ((6, 6),)), ((1, 5), ((1, 6),)), ((2, 6), ((1, 6),)), ((5, 3), ()), ((1, 3), ()), ((6, 3), ((6, 6),)), ((4, 5), ((6, 6),)), ((3, 6), ((6, 6),)), ((1, 4), ((1, 6),)), ((2, 5), ((1, 6),)), ((3, 6), ((1, 6),)), ((4, 3), ()), ((1, 2), ()), ((5, 3), ((6, 6),)), ((3, 5), ((6, 6),)), ((2, 6), ((6, 6),)), ((1, 3), ((1, 6),)), ((3, 5), ((1, 6),)), ((4, 6), ((1, 6),)), ((3, 3), ()), ((1, 1), ((1, 1),)), ((4, 3), ((6, 6),)), ((2, 5), ((6, 6),)), ((1, 6), ((1, 6), (6, 6))), ((1, 2), ((1, 6),)), ((4, 5), ((1, 6),)), ((5, 6), ((1, 6),))]",8,0,8
48,"((1, 2), ((1, 1),))","((1, 1), ((1, 1),))",North,"[((1, 3), ((1, 1),)) via North]","[((1, 2), ((1, 1),)), ((3, 3), ((6, 6),)), ((1, 5), ((6, 6),)), ((1, 5), ((1, 6), (6, 6))), ((2, 6), ((1, 6), (6, 6))), ((1, 1), ((1, 1), (1, 6))), ((5, 5), ((1, 6),)), ((6, 6), ((1, 6), (6, 6))), ((3, 1), ())]","[((3, 3), ((6, 6),)), ((1, 5), ((6, 6),)), ((1, 5), ((1, 6), (6, 6))), ((2, 6), ((1, 6), (6, 6))), ((1, 1), ((1, 1), (1, 6))), ((5, 5), ((1, 6),)), ((6, 6), ((1, 6), (6, 6))), ((3, 1), ()), ((1, 3), ((1, 1),))]","[((4, 5), ()), ((4, 6), ()), ((5, 5), ()), ((3, 5), ()), ((5, 6), ()), ((3, 6), ()), ((6, 5), ()), ((2, 5), ()), ((6, 6), ((6, 6),)), ((2, 6), ()), ((6, 4), ()), ((1, 5), ()), ((6, 5), ((6, 6),)), ((5, 6), ((6, 6),)), ((1, 6), ((1, 6),)), ((6, 3), ()), ((1, 4), ()), ((6, 4), ((6, 6),)), ((5, 5), ((6, 6),)), ((4, 6), ((6, 6),)), ((1, 5), ((1, 6),)), ((2, 6), ((1, 6),)), ((5, 3), ()), ((1, 3), ()), ((6, 3), ((6, 6),)), ((4, 5), ((6, 6),)), ((3, 6), ((6, 6),)), ((1, 4), ((1, 6),)), ((2, 5), ((1, 6),)), ((3, 6), ((1, 6),)), ((4, 3), ()), ((1, 2), ()), ((5, 3), ((6, 6),)), ((3, 5), ((6, 6),)), ((2, 6), ((6, 6),)), ((1, 3), ((1, 6),)), ((3, 5), ((1, 6),)), ((4, 6), ((1, 6),)), ((3, 3), ()), ((1, 1), ((1, 1),)), ((4, 3), ((6, 6),)), ((2, 5), ((6, 6),)), ((1, 6), ((1, 6), (6, 6))), ((1, 2), ((1, 6),)), ((4, 5), ((1, 6),)), ((5, 6), ((1, 6),)), ((3, 2), ())]",8,0,8
49,"((3, 3), ((6, 6),))","((4, 3), ((6, 6),))",West,"[((3, 2), ((6, 6),)) via South]","[((3, 3), ((6, 6),)), ((1, 5), ((6, 6),)), ((1, 5), ((1, 6), (6, 6))), ((2, 6), ((1, 6), (6, 6))), ((1, 1), ((1, 1), (1, 6))), ((5, 5), ((1, 6),)), ((6, 6), ((1, 6), (6, 6))), ((3, 1), ()), ((1, 3), ((1, 1),))]","[((1, 5), ((6, 6),)), ((1, 5), ((1, 6), (6, 6))), ((2, 6), ((1, 6), (6, 6))), ((1, 1), ((1, 1), (1, 6))), ((5, 5), ((1, 6),)), ((6, 6), ((1, 6), (6, 6))), ((3, 1), ()), ((1, 3), ((1, 1),)), ((3, 2), ((6, 6),))]","[((4, 5), ()), ((4, 6), ()), ((5, 5), ()), ((3, 5), ()), ((5, 6), ()), ((3, 6), ()), ((6, 5), ()), ((2, 5), ()), ((6, 6), ((6, 6),)), ((2, 6), ()), ((6, 4), ()), ((1, 5), ()), ((6, 5), ((6, 6),)), ((5, 6), ((6, 6),)), ((1, 6), ((1, 6),)), ((6, 3), ()), ((1, 4), ()), ((6, 4), ((6, 6),)), ((5, 5), ((6, 6),)), ((4, 6), ((6, 6),)), ((1, 5), ((1, 6),)), ((2, 6), ((1, 6),)), ((5, 3), ()), ((1, 3), ()), ((6, 3), ((6, 6),)), ((4, 5), ((6, 6),)), ((3, 6), ((6, 6),)), ((1, 4), ((1, 6),)), ((2, 5), ((1, 6),)), ((3, 6), ((1, 6),)), ((4, 3), ()), ((1, 2), ()), ((5, 3), ((6, 6),)), ((3, 5), ((6, 6),)), ((2, 6), ((6, 6),)), ((1, 3), ((1, 6),)), ((3, 5), ((1, 6),)), ((4, 6), ((1, 6),)), ((3, 3), ()), ((1, 1), ((1, 1),)), ((4, 3), ((6, 6),)), ((2, 5), ((6, 6),)), ((1, 6), ((1, 6), (6, 6))), ((1, 2), ((1, 6),)), ((4, 5), ((1, 6),)), ((5, 6), ((1, 6),)), ((3, 2), ()), ((1, 2), ((1, 1),))]",9,0,9
50,"((1, 5), ((6, 6),))","((2, 5), ((6, 6),))",West,"[((1, 4), ((6, 6),)) via South]","[((1, 5), ((6, 6),)), ((1, 5), ((1, 6), (6, 6))), ((2, 6), ((1, 6), (6, 6))), ((1, 1), ((1, 1), (1, 6))), ((5, 5), ((1, 6),)), ((6, 6), ((1, 6), (6, 6))), ((3, 1), ()), ((1, 3), ((1, 1),)), ((3, 2), ((6, 6),))]","[((1, 5), ((1, 6), (6, 6))), ((2, 6), ((1, 6), (6, 6))), ((1, 1), ((1, 1), (1, 6))), ((5, 5), ((1, 6),)), ((6, 6), ((1, 6), (6, 6))), ((3, 1), ()), ((1, 3), ((1, 1),)), ((3, 2), ((6, 6),)), ((1, 4), ((6, 6),))]","[((4, 5), ()), ((4, 6), ()), ((5, 5), ()), ((3, 5), ()), ((5, 6), ()), ((3, 6), ()), ((6, 5), ()), ((2, 5), ()), ((6, 6), ((6, 6),)), ((2, 6), ()), ((6, 4), ()), ((1, 5), ()), ((6, 5), ((6, 6),)), ((5, 6), ((6, 6),)), ((1, 6), ((1, 6),)), ((6, 3), ()), ((1, 4), ()), ((6, 4), ((6, 6),)), ((5, 5), ((6, 6),)), ((4, 6), ((6, 6),)), ((1, 5), ((1, 6),)), ((2, 6), ((1, 6),)), ((5, 3), ()), ((1, 3), ()), ((6, 3), ((6, 6),)), ((4, 5), ((6, 6),)), ((3, 6), ((6, 6),)), ((1, 4), ((1, 6),)), ((2, 5), ((1, 6),)), ((3, 6), ((1, 6),)), ((4, 3), ()), ((1, 2), ()), ((5, 3), ((6, 6),)), ((3, 5), ((6, 6),)), ((2, 6), ((6, 6),)), ((1, 3), ((1, 6),)), ((3, 5), ((1, 6),)), ((4, 6), ((1, 6),)), ((3, 3), ()), ((1, 1), ((1, 1),)), ((4, 3), ((6, 6),)), ((2, 5), ((6, 6),)), ((1, 6), ((1, 6), (6, 6))), ((1, 2), ((1, 6),)), ((4, 5), ((1, 6),)), ((5, 6), ((1, 6),)), ((3, 2), ()), ((1, 2), ((1, 1),)), ((3, 3), ((6, 6),))]",9,0,9
51,"((1, 5), ((1, 6), (6, 6)))","((1, 6), ((1, 6), (6, 6)))",South,"[((1, 4), ((1, 6), (6, 6))) via South, ((2, 5), ((1, 6), (6, 6))) via East]","[((1, 5), ((1, 6), (6, 6))), ((2, 6), ((1, 6), (6, 6))), ((1, 1), ((1, 1), (1, 6))), ((5, 5), ((1, 6),)), ((6, 6), ((1, 6), (6, 6))), ((3, 1), ()), ((1, 3), ((1, 1),)), ((3, 2), ((6, 6),)), ((1, 4), ((6, 6),))]","[((2, 6), ((1, 6), (6, 6))), ((1, 1), ((1, 1), (1, 6))), ((5, 5), ((1, 6),)), ((6, 6), ((1, 6), (6, 6))), ((3, 1), ()), ((1, 3), ((1, 1),)), ((3, 2), ((6, 6),)), ((1, 4), ((6, 6),)), ((1, 4), ((1, 6), (6, 6))), ((2, 5), ((1, 6), (6, 6)))]","[((4, 5), ()), ((4, 6), ()), ((5, 5), ()), ((3, 5), ()), ((5, 6), ()), ((3, 6), ()), ((6, 5), ()), ((2, 5), ()), ((6, 6), ((6, 6),)), ((2, 6), ()), ((6, 4), ()), ((1, 5), ()), ((6, 5), ((6, 6),)), ((5, 6), ((6, 6),)), ((1, 6), ((1, 6),)), ((6, 3), ()), ((1, 4), ()), ((6, 4), ((6, 6),)), ((5, 5), ((6, 6),)), ((4, 6), ((6, 6),)), ((1, 5), ((1, 6),)), ((2, 6), ((1, 6),)), ((5, 3), ()), ((1, 3), ()), ((6, 3), ((6, 6),)), ((4, 5), ((6, 6),)), ((3, 6), ((6, 6),)), ((1, 4), ((1, 6),)), ((2, 5), ((1, 6),)), ((3, 6), ((1, 6),)), ((4, 3), ()), ((1, 2), ()), ((5, 3), ((6, 6),)), ((3, 5), ((6, 6),)), ((2, 6), ((6, 6),)), ((1, 3), ((1, 6),)), ((3, 5), ((1, 6),)), ((4, 6), ((1, 6),)), ((3, 3), ()), ((1, 1), ((1, 1),)), ((4, 3), ((6, 6),)), ((2, 5), ((6, 6),)), ((1, 6), ((1, 6), (6, 6))), ((1, 2), ((1, 6),)), ((4, 5), ((1, 6),)), ((5, 6), ((1, 6),)), ((3, 2), ()), ((1, 2), ((1, 1),)), ((3, 3), ((6, 6),)), ((1, 5), ((6, 6),))]",9,0,9
52,"((2, 6), ((1, 6), (6, 6)))","((1, 6), ((1, 6), (6, 6)))",East,"[((3, 6), ((1, 6), (6, 6))) via East]","[((2, 6), ((1, 6), (6, 6))), ((1, 1), ((1, 1), (1, 6))), ((5, 5), ((1, 6),)), ((6, 6), ((1, 6), (6, 6))), ((3, 1), ()), ((1, 3), ((1, 1),)), ((3, 2), ((6, 6),)), ((1, 4), ((6, 6),)), ((1, 4), ((1, 6), (6, 6))), ((2, 5), ((1, 6), (6, 6)))]","[((1, 1), ((1, 1), (1, 6))), ((5, 5), ((1, 6),)), ((6, 6), ((1, 6), (6, 6))), ((3, 1), ()), ((1, 3), ((1, 1),)), ((3, 2), ((6, 6),)), ((1, 4), ((6, 6),)), ((1, 4), ((1, 6), (6, 6))), ((2, 5), ((1, 6), (6, 6))), ((3, 6), ((1, 6), (6, 6)))]","[((4, 5), ()), ((4, 6), ()), ((5, 5), ()), ((3, 5), ()), ((5, 6), ()), ((3, 6), ()), ((6, 5), ()), ((2, 5), ()), ((6, 6), ((6, 6),)), ((2, 6), ()), ((6, 4), ()), ((1, 5), ()), ((6, 5), ((6, 6),)), ((5, 6), ((6, 6),)), ((1, 6), ((1, 6),)), ((6, 3), ()), ((1, 4), ()), ((6, 4), ((6, 6),)), ((5, 5), ((6, 6),)), ((4, 6), ((6, 6),)), ((1, 5), ((1, 6),)), ((2, 6), ((1, 6),)), ((5, 3), ()), ((1, 3), ()), ((6, 3), ((6, 6),)), ((4, 5), ((6, 6),)), ((3, 6), ((6, 6),)), ((1, 4), ((1, 6),)), ((2, 5), ((1, 6),)), ((3, 6), ((1, 6),)), ((4, 3), ()), ((1, 2), ()), ((5, 3), ((6, 6),)), ((3, 5), ((6, 6),)), ((2, 6), ((6, 6),)), ((1, 3), ((1, 6),)), ((3, 5), ((1, 6),)), ((4, 6), ((1, 6),)), ((3, 3), ()), ((1, 1), ((1, 1),)), ((4, 3), ((6, 6),)), ((2, 5), ((6, 6),)), ((1, 6), ((1, 6), (6, 6))), ((1, 2), ((1, 6),)), ((4, 5), ((1, 6),)), ((5, 6), ((1, 6),)), ((3, 2), ()), ((1, 2), ((1, 1),)), ((3, 3), ((6, 6),)), ((1, 5), ((6, 6),)), ((1, 5), ((1, 6), (6, 6)))]",9,0,9
53,"((1, 1), ((1, 1), (1, 6)))","((1, 2), ((1, 6),))",South,"[((1, 2), ((1, 1), (1, 6))) via North]","[((1, 1), ((1, 1), (1, 6))), ((5, 5), ((1, 6),)), ((6, 6), ((1, 6), (6, 6))), ((3, 1), ()), ((1, 3), ((1, 1),)), ((3, 2), ((6, 6),)), ((1, 4), ((6, 6),)), ((1, 4), ((1, 6), (6, 6))), ((2, 5), ((1, 6), (6, 6))), ((3, 6), ((1, 6), (6, 6)))]","[((5, 5), ((1, 6),)), ((6, 6), ((1, 6), (6, 6))), ((3, 1), ()), ((1, 3), ((1, 1),)), ((3, 2), ((6, 6),)), ((1, 4), ((6, 6),)), ((1, 4), ((1, 6), (6, 6))), ((2, 5), ((1, 6), (6, 6))), ((3, 6), ((1, 6), (6, 6))), ((1, 2), ((1, 1), (1, 6)))]","[((4, 5), ()), ((4, 6), ()), ((5, 5), ()), ((3, 5), ()), ((5, 6), ()), ((3, 6), ()), ((6, 5), ()), ((2, 5), ()), ((6, 6), ((6, 6),)), ((2, 6), ()), ((6, 4), ()), ((1, 5), ()), ((6, 5), ((6, 6),)), ((5, 6), ((6, 6),)), ((1, 6), ((1, 6),)), ((6, 3), ()), ((1, 4), ()), ((6, 4), ((6, 6),)), ((5, 5), ((6, 6),)), ((4, 6), ((6, 6),)), ((1, 5), ((1, 6),)), ((2, 6), ((1, 6),)), ((5, 3), ()), ((1, 3), ()), ((6, 3), ((6, 6),)), ((4, 5), ((6, 6),)), ((3, 6), ((6, 6),)), ((1, 4), ((1, 6),)), ((2, 5), ((1, 6),)), ((3, 6), ((1, 6),)), ((4, 3), ()), ((1, 2), ()), ((5, 3), ((6, 6),)), ((3, 5), ((6, 6),)), ((2, 6), ((6, 6),)), ((1, 3), ((1, 6),)), ((3, 5), ((1, 6),)), ((4, 6), ((1, 6),)), ((3, 3), ()), ((1, 1), ((1, 1),)), ((4, 3), ((6, 6),)), ((2, 5), ((6, 6),)), ((1, 6), ((1, 6), (6, 6))), ((1, 2), ((1, 6),)), ((4, 5), ((1, 6),)), ((5, 6), ((1, 6),)), ((3, 2), ()), ((1, 2), ((1, 1),)), ((3, 3), ((6, 6),)), ((1, 5), ((6, 6),)), ((1, 5), ((1, 6), (6, 6))), ((2, 6), ((1, 6), (6, 6)))]",9,0,9
54,"((5, 5), ((1, 6),))","((4, 5), ((1, 6),))",East,"[((6, 5), ((1, 6),)) via East]","[((5, 5), ((1, 6),)), ((6, 6), ((1, 6), (6, 6))), ((3, 1), ()), ((1, 3), ((1, 1),)), ((3, 2), ((6, 6),)), ((1, 4), ((6, 6),)), ((1, 4), ((1, 6), (6, 6))), ((2, 5), ((1, 6), (6, 6))), ((3, 6), ((1, 6), (6, 6))), ((1, 2), ((1, 1), (1, 6)))]","[((6, 6), ((1, 6), (6, 6))), ((3, 1), ()), ((1, 3), ((1, 1),)), ((3, 2), ((6, 6),)), ((1, 4), ((6, 6),)), ((1, 4), ((1, 6), (6, 6))), ((2, 5), ((1, 6), (6, 6))), ((3, 6), ((1, 6), (6, 6))), ((1, 2), ((1, 1), (1, 6))), ((6, 5), ((1, 6),))]","[((4, 5), ()), ((4, 6), ()), ((5, 5), ()), ((3, 5), ()), ((5, 6), ()), ((3, 6), ()), ((6, 5), ()), ((2, 5), ()), ((6, 6), ((6, 6),)), ((2, 6), ()), ((6, 4), ()), ((1, 5), ()), ((6, 5), ((6, 6),)), ((5, 6), ((6, 6),)), ((1, 6), ((1, 6),)), ((6, 3), ()), ((1, 4), ()), ((6, 4), ((6, 6),)), ((5, 5), ((6, 6),)), ((4, 6), ((6, 6),)), ((1, 5), ((1, 6),)), ((2, 6), ((1, 6),)), ((5, 3), ()), ((1, 3), ()), ((6, 3), ((6, 6),)), ((4, 5), ((6, 6),)), ((3, 6), ((6, 6),)), ((1, 4), ((1, 6),)), ((2, 5), ((1, 6),)), ((3, 6), ((1, 6),)), ((4, 3), ()), ((1, 2), ()), ((5, 3), ((6, 6),)), ((3, 5), ((6, 6),)), ((2, 6), ((6, 6),)), ((1, 3), ((1, 6),)), ((3, 5), ((1, 6),)), ((4, 6), ((1, 6),)), ((3, 3), ()), ((1, 1), ((1, 1),)), ((4, 3), ((6, 6),)), ((2, 5), ((6, 6),)), ((1, 6), ((1, 6), (6, 6))), ((1, 2), ((1, 6),)), ((4, 5), ((1, 6),)), ((5, 6), ((1, 6),)), ((3, 2), ()), ((1, 2), ((1, 1),)), ((3, 3), ((6, 6),)), ((1, 5), ((6, 6),)), ((1, 5), ((1, 6), (6, 6))), ((2, 6), ((1, 6), (6, 6))), ((1, 1), ((1, 1), (1, 6)))]",9,0,9
55,"((6, 6), ((1, 6), (6, 6)))","((5, 6), ((1, 6),))",East,"[((6, 5), ((1, 6), (6, 6))) via South, ((5, 6), ((1, 6), (6, 6))) via West]","[((6, 6), ((1, 6), (6, 6))), ((3, 1), ()), ((1, 3), ((1, 1),)), ((3, 2), ((6, 6),)), ((1, 4), ((6, 6),)), ((1, 4), ((1, 6), (6, 6))), ((2, 5), ((1, 6), (6, 6))), ((3, 6), ((1, 6), (6, 6))), ((1, 2), ((1, 1), (1, 6))), ((6, 5), ((1, 6),))]","[((3, 1), ()), ((1, 3), ((1, 1),)), ((3, 2), ((6, 6),)), ((1, 4), ((6, 6),)), ((1, 4), ((1, 6), (6, 6))), ((2, 5), ((1, 6), (6, 6))), ((3, 6), ((1, 6), (6, 6))), ((1, 2), ((1, 1), (1, 6))), ((6, 5), ((1, 6),)), ((6, 5), ((1, 6), (6, 6))), ((5, 6), ((1, 6), (6, 6)))]","[((4, 5), ()), ((4, 6), ()), ((5, 5), ()), ((3, 5), ()), ((5, 6), ()), ((3, 6), ()), ((6, 5), ()), ((2, 5), ()), ((6, 6), ((6, 6),)), ((2, 6), ()), ((6, 4), ()), ((1, 5), ()), ((6, 5), ((6, 6),)), ((5, 6), ((6, 6),)), ((1, 6), ((1, 6),)), ((6, 3), ()), ((1, 4), ()), ((6, 4), ((6, 6),)), ((5, 5), ((6, 6),)), ((4, 6), ((6, 6),)), ((1, 5), ((1, 6),)), ((2, 6), ((1, 6),)), ((5, 3), ()), ((1, 3), ()), ((6, 3), ((6, 6),)), ((4, 5), ((6, 6),)), ((3, 6), ((6, 6),)), ((1, 4), ((1, 6),)), ((2, 5), ((1, 6),)), ((3, 6), ((1, 6),)), ((4, 3), ()), ((1, 2), ()), ((5, 3), ((6, 6),)), ((3, 5), ((6, 6),)), ((2, 6), ((6, 6),)), ((1, 3), ((1, 6),)), ((3, 5), ((1, 6),)), ((4, 6), ((1, 6),)), ((3, 3), ()), ((1, 1), ((1, 1),)), ((4, 3), ((6, 6),)), ((2, 5), ((6, 6),)), ((1, 6), ((1, 6), (6, 6))), ((1, 2), ((1, 6),)), ((4, 5), ((1, 6),)), ((5, 6), ((1, 6),)), ((3, 2), ()), ((1, 2), ((1, 1),)), ((3, 3), ((6, 6),)), ((1, 5), ((6, 6),)), ((1, 5), ((1, 6), (6, 6))), ((2, 6), ((1, 6), (6, 6))), ((1, 1), ((1, 1), (1, 6))), ((5, 5), ((1, 6),))]",9,0,9
56,"((3, 1), ())","((3, 2), ())",South,"[((4, 1), ()) via East]","[((3, 1), ()), ((1, 3), ((1, 1),)), ((3, 2), ((6, 6),)), ((1, 4), ((6, 6),)), ((1, 4), ((1, 6), (6, 6))), ((2, 5), ((1, 6), (6, 6))), ((3, 6), ((1, 6), (6, 6))), ((1, 2), ((1, 1), (1, 6))), ((6, 5), ((1, 6),)), ((6, 5), ((1, 6), (6, 6))), ((5, 6), ((1, 6), (6, 6)))]","[((1, 3), ((1, 1),)), ((3, 2), ((6, 6),)), ((1, 4), ((6, 6),)), ((1, 4), ((1, 6), (6, 6))), ((2, 5), ((1, 6), (6, 6))), ((3, 6), ((1, 6), (6, 6))), ((1, 2), ((1, 1), (1, 6))), ((6, 5), ((1, 6),)), ((6, 5), ((1, 6), (6, 6))), ((5, 6), ((1, 6), (6, 6))), ((4, 1), ())]","[((4, 5), ()), ((4, 6), ()), ((5, 5), ()), ((3, 5), ()), ((5, 6), ()), ((3, 6), ()), ((6, 5), ()), ((2, 5), ()), ((6, 6), ((6, 6),)), ((2, 6), ()), ((6, 4), ()), ((1, 5), ()), ((6, 5), ((6, 6),)), ((5, 6), ((6, 6),)), ((1, 6), ((1, 6),)), ((6, 3), ()), ((1, 4), ()), ((6, 4), ((6, 6),)), ((5, 5), ((6, 6),)), ((4, 6), ((6, 6),)), ((1, 5), ((1, 6),)), ((2, 6), ((1, 6),)), ((5, 3), ()), ((1, 3), ()), ((6, 3), ((6, 6),)), ((4, 5), ((6, 6),)), ((3, 6), ((6, 6),)), ((1, 4), ((1, 6),)), ((2, 5), ((1, 6),)), ((3, 6), ((1, 6),)), ((4, 3), ()), ((1, 2), ()), ((5, 3), ((6, 6),)), ((3, 5), ((6, 6),)), ((2, 6), ((6, 6),)), ((1, 3), ((1, 6),)), ((3, 5), ((1, 6),)), ((4, 6), ((1, 6),)), ((3, 3), ()), ((1, 1), ((1, 1),)), ((4, 3), ((6, 6),)), ((2, 5), ((6, 6),)), ((1, 6), ((1, 6), (6, 6))), ((1, 2), ((1, 6),)), ((4, 5), ((1, 6),)), ((5, 6), ((1, 6),)), ((3, 2), ()), ((1, 2), ((1, 1),)), ((3, 3), ((6, 6),)), ((1, 5), ((6, 6),)), ((1, 5), ((1, 6), (6, 6))), ((2, 6), ((1, 6), (6, 6))), ((1, 1), ((1, 1), (1, 6))), ((5, 5), ((1, 6),)), ((6, 6), ((1, 6), (6, 6)))]",9,0,9
57,"((1, 3), ((1, 1),))","((1, 2), ((1, 1),))",North,"[((1, 4), ((1, 1),)) via North]","[((1, 3), ((1, 1),)), ((3, 2), ((6, 6),)), ((1, 4), ((6, 6),)), ((1, 4), ((1, 6), (6, 6))), ((2, 5), ((1, 6), (6, 6))), ((3, 6), ((1, 6), (6, 6))), ((1, 2), ((1, 1), (1, 6))), ((6, 5), ((1, 6),)), ((6, 5), ((1, 6), (6, 6))), ((5, 6), ((1, 6), (6, 6))), ((4, 1), ())]","[((3, 2), ((6, 6),)), ((1, 4), ((6, 6),)), ((1, 4), ((1, 6), (6, 6))), ((2, 5), ((1, 6), (6, 6))), ((3, 6), ((1, 6), (6, 6))), ((1, 2), ((1, 1), (1, 6))), ((6, 5), ((1, 6),)), ((6, 5), ((1, 6), (6, 6))), ((5, 6), ((1, 6), (6, 6))), ((4, 1), ()), ((1, 4), ((1, 1),))]","[((4, 5), ()), ((4, 6), ()), ((5, 5), ()), ((3, 5), ()), ((5, 6), ()), ((3, 6), ()), ((6, 5), ()), ((2, 5), ()), ((6, 6), ((6, 6),)), ((2, 6), ()), ((6, 4), ()), ((1, 5), ()), ((6, 5), ((6, 6),)), ((5, 6), ((6, 6),)), ((1, 6), ((1, 6),)), ((6, 3), ()), ((1, 4), ()), ((6, 4), ((6, 6),)), ((5, 5), ((6, 6),)), ((4, 6), ((6, 6),)), ((1, 5), ((1, 6),)), ((2, 6), ((1, 6),)), ((5, 3), ()), ((1, 3), ()), ((6, 3), ((6, 6),)), ((4, 5), ((6, 6),)), ((3, 6), ((6, 6),)), ((1, 4), ((1, 6),)), ((2, 5), ((1, 6),)), ((3, 6), ((1, 6),)), ((4, 3), ()), ((1, 2), ()), ((5, 3), ((6, 6),)), ((3, 5), ((6, 6),)), ((2, 6), ((6, 6),)), ((1, 3), ((1, 6),)), ((3, 5), ((1, 6),)), ((4, 6), ((1, 6),)), ((3, 3), ()), ((1, 1), ((1, 1),)), ((4, 3), ((6, 6),)), ((2, 5), ((6, 6),)), ((1, 6), ((1, 6), (6, 6))), ((1, 2), ((1, 6),)), ((4, 5), ((1, 6),)), ((5, 6), ((1, 6),)), ((3, 2), ()), ((1, 2), ((1, 1),)), ((3, 3), ((6, 6),)), ((1, 5), ((6, 6),)), ((1, 5), ((1, 6), (6, 6))), ((2, 6), ((1, 6), (6, 6))), ((1, 1), ((1, 1), (1, 6))), ((5, 5), ((1, 6),)), ((6, 6), ((1, 6), (6, 6))), ((3, 1), ())]",9,0,9
58,"((3, 2), ((6, 6),))","((3, 3), ((6, 6),))",South,"[((3, 1), ((6, 6),)) via South]","[((3, 2), ((6, 6),)), ((1, 4), ((6, 6),)), ((1, 4), ((1, 6), (6, 6))), ((2, 5), ((1, 6), (6, 6))), ((3, 6), ((1, 6), (6, 6))), ((1, 2), ((1, 1), (1, 6))), ((6, 5), ((1, 6),)), ((6, 5), ((1, 6), (6, 6))), ((5, 6), ((1, 6), (6, 6))), ((4, 1), ()), ((1, 4), ((1, 1),))]","[((1, 4), ((6, 6),)), ((1, 4), ((1, 6), (6, 6))), ((2, 5), ((1, 6), (6, 6))), ((3, 6), ((1, 6), (6, 6))), ((1, 2), ((1, 1), (1, 6))), ((6, 5), ((1, 6),)), ((6, 5), ((1, 6), (6, 6))), ((5, 6), ((1, 6), (6, 6))), ((4, 1), ()), ((1, 4), ((1, 1),)), ((3, 1), ((6, 6),))]","[((4, 5), ()), ((4, 6), ()), ((5, 5), ()), ((3, 5), ()), ((5, 6), ()), ((3, 6), ()), ((6, 5), ()), ((2, 5), ()), ((6, 6), ((6, 6),)), ((2, 6), ()), ((6, 4), ()), ((1, 5), ()), ((6, 5), ((6, 6),)), ((5, 6), ((6, 6),)), ((1, 6), ((1, 6),)), ((6, 3), ()), ((1, 4), ()), ((6, 4), ((6, 6),)), ((5, 5), ((6, 6),)), ((4, 6), ((6, 6),)), ((1, 5), ((1, 6),)), ((2, 6), ((1, 6),)), ((5, 3), ()), ((1, 3), ()), ((6, 3), ((6, 6),)), ((4, 5), ((6, 6),)), ((3, 6), ((6, 6),)), ((1, 4), ((1, 6),)), ((2, 5), ((1, 6),)), ((3, 6), ((1, 6),)), ((4, 3), ()), ((1, 2), ()), ((5, 3), ((6, 6),)), ((3, 5), ((6, 6),)), ((2, 6), ((6, 6),)), ((1, 3), ((1, 6),)), ((3, 5), ((1, 6),)), ((4, 6), ((1, 6),)), ((3, 3), ()), ((1, 1), ((1, 1),)), ((4, 3), ((6, 6),)), ((2, 5), ((6, 6),)), ((1, 6), ((1, 6), (6, 6))), ((1, 2), ((1, 6),)), ((4, 5), ((1, 6),)), ((5, 6), ((1, 6),)), ((3, 2), ()), ((1, 2), ((1, 1),)), ((3, 3), ((6, 6),)), ((1, 5), ((6, 6),)), ((1, 5), ((1, 6), (6, 6))), ((2, 6), ((1, 6), (6, 6))), ((1, 1), ((1, 1), (1, 6))), ((5, 5), ((1, 6),)), ((6, 6), ((1, 6), (6, 6))), ((3, 1), ()), ((1, 3), ((1, 1),))]",10,0,10
59,"((1, 4), ((6, 6),))","((1, 5), ((6, 6),))",South,"[((1, 3), ((6, 6),)) via South]","[((1, 4), ((6, 6),)), ((1, 4), ((1, 6), (6, 6))), ((2, 5), ((1, 6), (6, 6))), ((3, 6), ((1, 6), (6, 6))), ((1, 2), ((1, 1), (1, 6))), ((6, 5), ((1, 6),)), ((6, 5), ((1, 6), (6, 6))), ((5, 6), ((1, 6), (6, 6))), ((4, 1), ()), ((1, 4), ((1, 1),)), ((3, 1), ((6, 6),))]","[((1, 4), ((1, 6), (6, 6))), ((2, 5), ((1, 6), (6, 6))), ((3, 6), ((1, 6), (6, 6))), ((1, 2), ((1, 1), (1, 6))), ((6, 5), ((1, 6),)), ((6, 5), ((1, 6), (6, 6))), ((5, 6), ((1, 6), (6, 6))), ((4, 1), ()), ((1, 4), ((1, 1),)), ((3, 1), ((6, 6),)), ((1, 3), ((6, 6),))]","[((4, 5), ()), ((4, 6), ()), ((5, 5), ()), ((3, 5), ()), ((5, 6), ()), ((3, 6), ()), ((6, 5), ()), ((2, 5), ()), ((6, 6), ((6, 6),)), ((2, 6), ()), ((6, 4), ()), ((1, 5), ()), ((6, 5), ((6, 6),)), ((5, 6), ((6, 6),)), ((1, 6), ((1, 6),)), ((6, 3), ()), ((1, 4), ()), ((6, 4), ((6, 6),)), ((5, 5), ((6, 6),)), ((4, 6), ((6, 6),)), ((1, 5), ((1, 6),)), ((2, 6), ((1, 6),)), ((5, 3), ()), ((1, 3), ()), ((6, 3), ((6, 6),)), ((4, 5), ((6, 6),)), ((3, 6), ((6, 6),)), ((1, 4), ((1, 6),)), ((2, 5), ((1, 6),)), ((3, 6), ((1, 6),)), ((4, 3), ()), ((1, 2), ()), ((5, 3), ((6, 6),)), ((3, 5), ((6, 6),)), ((2, 6), ((6, 6),)), ((1, 3), ((1, 6),)), ((3, 5), ((1, 6),)), ((4, 6), ((1, 6),)), ((3, 3), ()), ((1, 1), ((1, 1),)), ((4, 3), ((6, 6),)), ((2, 5), ((6, 6),)), ((1, 6), ((1, 6), (6, 6))), ((1, 2), ((1, 6),)), ((4, 5), ((1, 6),)), ((5, 6), ((1, 6),)), ((3, 2), ()), ((1, 2), ((1, 1),)), ((3, 3), ((6, 6),)), ((1, 5), ((6, 6),)), ((1, 5), ((1, 6), (6, 6))), ((2, 6), ((1, 6), (6, 6))), ((1, 1), ((1, 1), (1, 6))), ((5, 5), ((1, 6),)), ((6, 6), ((1, 6), (6, 6))), ((3, 1), ()), ((1, 3), ((1, 1),)), ((3, 2), ((6, 6),))]",10,0,10
60,"((1, 4), ((1, 6), (6, 6)))","((1, 5), ((1, 6), (6, 6)))",South,"[((1, 3), ((1, 6), (6, 6))) via South]","[((1, 4), ((1, 6), (6, 6))), ((2, 5), ((1, 6), (6, 6))), ((3, 6), ((1, 6), (6, 6))), ((1, 2), ((1, 1), (1, 6))), ((6, 5), ((1, 6),)), ((6, 5), ((1, 6), (6, 6))), ((5, 6), ((1, 6), (6, 6))), ((4, 1), ()), ((1, 4), ((1, 1),)), ((3, 1), ((6, 6),)), ((1, 3), ((6, 6),))]","[((2, 5), ((1, 6), (6, 6))), ((3, 6), ((1, 6), (6, 6))), ((1, 2), ((1, 1), (1, 6))), ((6, 5), ((1, 6),)), ((6, 5), ((1, 6), (6, 6))), ((5, 6), ((1, 6), (6, 6))), ((4, 1), ()), ((1, 4), ((1, 1),)), ((3, 1), ((6, 6),)), ((1, 3), ((6, 6),)), ((1, 3), ((1, 6), (6, 6)))]","[((4, 5), ()), ((4, 6), ()), ((5, 5), ()), ((3, 5), ()), ((5, 6), ()), ((3, 6), ()), ((6, 5), ()), ((2, 5), ()), ((6, 6), ((6, 6),)), ((2, 6), ()), ((6, 4), ()), ((1, 5), ()), ((6, 5), ((6, 6),)), ((5, 6), ((6, 6),)), ((1, 6), ((1, 6),)), ((6, 3), ()), ((1, 4), ()), ((6, 4), ((6, 6),)), ((5, 5), ((6, 6),)), ((4, 6), ((6, 6),)), ((1, 5), ((1, 6),)), ((2, 6), ((1, 6),)), ((5, 3), ()), ((1, 3), ()), ((6, 3), ((6, 6),)), ((4, 5), ((6, 6),)), ((3, 6), ((6, 6),)), ((1, 4), ((1, 6),)), ((2, 5), ((1, 6),)), ((3, 6), ((1, 6),)), ((4, 3), ()), ((1, 2), ()), ((5, 3), ((6, 6),)), ((3, 5), ((6, 6),)), ((2, 6), ((6, 6),)), ((1, 3), ((1, 6),)), ((3, 5), ((1, 6),)), ((4, 6), ((1, 6),)), ((3, 3), ()), ((1, 1), ((1, 1),)), ((4, 3), ((6, 6),)), ((2, 5), ((6, 6),)), ((1, 6), ((1, 6), (6, 6))), ((1, 2), ((1, 6),)), ((4, 5), ((1, 6),)), ((5, 6), ((1, 6),)), ((3, 2), ()), ((1, 2), ((1, 1),)), ((3, 3), ((6, 6),)), ((1, 5), ((6, 6),)), ((1, 5), ((1, 6), (6, 6))), ((2, 6), ((1, 6), (6, 6))), ((1, 1), ((1, 1), (1, 6))), ((5, 5), ((1, 6),)), ((6, 6), ((1, 6), (6, 6))), ((3, 1), ()), ((1, 3), ((1, 1),)), ((3, 2), ((6, 6),)), ((1, 4), ((6, 6),))]",10,0,10
61,"((2, 5), ((1, 6), (6, 6)))","((1, 5), ((1, 6), (6, 6)))",East,"[((3, 5), ((1, 6), (6, 6))) via East]","[((2, 5), ((1, 6), (6, 6))), ((3, 6), ((1, 6), (6, 6))), ((1, 2), ((1, 1), (1, 6))), ((6, 5), ((1, 6),)), ((6, 5), ((1, 6), (6, 6))), ((5, 6), ((1, 6), (6, 6))), ((4, 1), ()), ((1, 4), ((1, 1),)), ((3, 1), ((6, 6),)), ((1, 3), ((6, 6),)), ((1, 3), ((1, 6), (6, 6)))]","[((3, 6), ((1, 6), (6, 6))), ((1, 2), ((1, 1), (1, 6))), ((6, 5), ((1, 6),)), ((6, 5), ((1, 6), (6, 6))), ((5, 6), ((1, 6), (6, 6))), ((4, 1), ()), ((1, 4), ((1, 1),)), ((3, 1), ((6, 6),)), ((1, 3), ((6, 6),)), ((1, 3), ((1, 6), (6, 6))), ((3, 5), ((1, 6), (6, 6)))]","[((4, 5), ()), ((4, 6), ()), ((5, 5), ()), ((3, 5), ()), ((5, 6), ()), ((3, 6), ()), ((6, 5), ()), ((2, 5), ()), ((6, 6), ((6, 6),)), ((2, 6), ()), ((6, 4), ()), ((1, 5), ()), ((6, 5), ((6, 6),)), ((5, 6), ((6, 6),)), ((1, 6), ((1, 6),)), ((6, 3), ()), ((1, 4), ()), ((6, 4), ((6, 6),)), ((5, 5), ((6, 6),)), ((4, 6), ((6, 6),)), ((1, 5), ((1, 6),)), ((2, 6), ((1, 6),)), ((5, 3), ()), ((1, 3), ()), ((6, 3), ((6, 6),)), ((4, 5), ((6, 6),)), ((3, 6), ((6, 6),)), ((1, 4), ((1, 6),)), ((2, 5), ((1, 6),)), ((3, 6), ((1, 6),)), ((4, 3), ()), ((1, 2), ()), ((5, 3), ((6, 6),)), ((3, 5), ((6, 6),)), ((2, 6), ((6, 6),)), ((1, 3), ((1, 6),)), ((3, 5), ((1, 6),)), ((4, 6), ((1, 6),)), ((3, 3), ()), ((1, 1), ((1, 1),)), ((4, 3), ((6, 6),)), ((2, 5), ((6, 6),)), ((1, 6), ((1, 6), (6, 6))), ((1, 2), ((1, 6),)), ((4, 5), ((1, 6),)), ((5, 6), ((1, 6),)), ((3, 2), ()), ((1, 2), ((1, 1),)), ((3, 3), ((6, 6),)), ((1, 5), ((6, 6),)), ((1, 5), ((1, 6), (6, 6))), ((2, 6), ((1, 6), (6, 6))), ((1, 1), ((1, 1), (1, 6))), ((5, 5), ((1, 6),)), ((6, 6), ((1, 6), (6, 6))), ((3, 1), ()), ((1, 3), ((1, 1),)), ((3, 2), ((6, 6),)), ((1, 4), ((6, 6),)), ((1, 4), ((1, 6), (6, 6)))]",10,0,10
62,"((3, 6), ((1, 6), (6, 6)))","((2, 6), ((1, 6), (6, 6)))",East,"[((4, 6), ((1, 6), (6, 6))) via East]","[((3, 6), ((1, 6), (6, 6))), ((1, 2), ((1, 1), (1, 6))), ((6, 5), ((1, 6),)), ((6, 5), ((1, 6), (6, 6))), ((5, 6), ((1, 6), (6, 6))), ((4, 1), ()), ((1, 4), ((1, 1),)), ((3, 1), ((6, 6),)), ((1, 3), ((6, 6),)), ((1, 3), ((1, 6), (6, 6))), ((3, 5), ((1, 6), (6, 6)))]","[((1, 2), ((1, 1), (1, 6))), ((6, 5), ((1, 6),)), ((6, 5), ((1, 6), (6, 6))), ((5, 6), ((1, 6), (6, 6))), ((4, 1), ()), ((1, 4), ((1, 1),)), ((3, 1), ((6, 6),)), ((1, 3), ((6, 6),)), ((1, 3), ((1, 6), (6, 6))), ((3, 5), ((1, 6), (6, 6))), ((4, 6), ((1, 6), (6, 6)))]","[((4, 5), ()), ((4, 6), ()), ((5, 5), ()), ((3, 5), ()), ((5, 6), ()), ((3, 6), ()), ((6, 5), ()), ((2, 5), ()), ((6, 6), ((6, 6),)), ((2, 6), ()), ((6, 4), ()), ((1, 5), ()), ((6, 5), ((6, 6),)), ((5, 6), ((6, 6),)), ((1, 6), ((1, 6),)), ((6, 3), ()), ((1, 4), ()), ((6, 4), ((6, 6),)), ((5, 5), ((6, 6),)), ((4, 6), ((6, 6),)), ((1, 5), ((1, 6),)), ((2, 6), ((1, 6),)), ((5, 3), ()), ((1, 3), ()), ((6, 3), ((6, 6),)), ((4, 5), ((6, 6),)), ((3, 6), ((6, 6),)), ((1, 4), ((1, 6),)), ((2, 5), ((1, 6),)), ((3, 6), ((1, 6),)), ((4, 3), ()), ((1, 2), ()), ((5, 3), ((6, 6),)), ((3, 5), ((6, 6),)), ((2, 6), ((6, 6),)), ((1, 3), ((1, 6),)), ((3, 5), ((1, 6),)), ((4, 6), ((1, 6),)), ((3, 3), ()), ((1, 1), ((1, 1),)), ((4, 3), ((6, 6),)), ((2, 5), ((6, 6),)), ((1, 6), ((1, 6), (6, 6))), ((1, 2), ((1, 6),)), ((4, 5), ((1, 6),)), ((5, 6), ((1, 6),)), ((3, 2), ()), ((1, 2), ((1, 1),)), ((3, 3), ((6, 6),)), ((1, 5), ((6, 6),)), ((1, 5), ((1, 6), (6, 6))), ((2, 6), ((1, 6), (6, 6))), ((1, 1), ((1, 1), (1, 6))), ((5, 5), ((1, 6),)), ((6, 6), ((1, 6), (6, 6))), ((3, 1), ()), ((1, 3), ((1, 1),)), ((3, 2), ((6, 6),)), ((1, 4), ((6, 6),)), ((1, 4), ((1, 6), (6, 6))), ((2, 5), ((1, 6), (6, 6)))]",10,0,10
63,"((1, 2), ((1, 1), (1, 6)))","((1, 1), ((1, 1), (1, 6)))",North,"[((1, 3), ((1, 1), (1, 6))) via North]","[((1, 2), ((1, 1), (1, 6))), ((6, 5), ((1, 6),)), ((6, 5), ((1, 6), (6, 6))), ((5, 6), ((1, 6), (6, 6))), ((4, 1), ()), ((1, 4), ((1, 1),)), ((3, 1), ((6, 6),)), ((1, 3), ((6, 6),)), ((1, 3), ((1, 6), (6, 6))), ((3, 5), ((1, 6), (6, 6))), ((4, 6), ((1, 6), (6, 6)))]","[((6, 5), ((1, 6),)), ((6, 5), ((1, 6), (6, 6))), ((5, 6), ((1, 6), (6, 6))), ((4, 1), ()), ((1, 4), ((1, 1),)), ((3, 1), ((6, 6),)), ((1, 3), ((6, 6),)), ((1, 3), ((1, 6), (6, 6))), ((3, 5), ((1, 6), (6, 6))), ((4, 6), ((1, 6), (6, 6))), ((1, 3), ((1, 1), (1, 6)))]","[((4, 5), ()), ((4, 6), ()), ((5, 5), ()), ((3, 5), ()), ((5, 6), ()), ((3, 6), ()), ((6, 5), ()), ((2, 5), ()), ((6, 6), ((6, 6),)), ((2, 6), ()), ((6, 4), ()), ((1, 5), ()), ((6, 5), ((6, 6),)), ((5, 6), ((6, 6),)), ((1, 6), ((1, 6),)), ((6, 3), ()), ((1, 4), ()), ((6, 4), ((6, 6),)), ((5, 5), ((6, 6),)), ((4, 6), ((6, 6),)), ((1, 5), ((1, 6),)), ((2, 6), ((1, 6),)), ((5, 3), ()), ((1, 3), ()), ((6, 3), ((6, 6),)), ((4, 5), ((6, 6),)), ((3, 6), ((6, 6),)), ((1, 4), ((1, 6),)), ((2, 5), ((1, 6),)), ((3, 6), ((1, 6),)), ((4, 3), ()), ((1, 2), ()), ((5, 3), ((6, 6),)), ((3, 5), ((6, 6),)), ((2, 6), ((6, 6),)), ((1, 3), ((1, 6),)), ((3, 5), ((1, 6),)), ((4, 6), ((1, 6),)), ((3, 3), ()), ((1, 1), ((1, 1),)), ((4, 3), ((6, 6),)), ((2, 5), ((6, 6),)), ((1, 6), ((1, 6), (6, 6))), ((1, 2), ((1, 6),)), ((4, 5), ((1, 6),)), ((5, 6), ((1, 6),)), ((3, 2), ()), ((1, 2), ((1, 1),)), ((3, 3), ((6, 6),)), ((1, 5), ((6, 6),)), ((1, 5), ((1, 6), (6, 6))), ((2, 6), ((1, 6), (6, 6))), ((1, 1), ((1, 1), (1, 6))), ((5, 5), ((1, 6),)), ((6, 6), ((1, 6), (6, 6))), ((3, 1), ()), ((1, 3), ((1, 1),)), ((3, 2), ((6, 6),)), ((1, 4), ((6, 6),)), ((1, 4), ((1, 6), (6, 6))), ((2, 5), ((1, 6), (6, 6))), ((3, 6), ((1, 6), (6, 6)))]",10,0,10
64,"((6, 5), ((1, 6),))","((5, 5), ((1, 6),))",East,"[((6, 4), ((1, 6),)) via South]","[((6, 5), ((1, 6),)), ((6, 5), ((1, 6), (6, 6))), ((5, 6), ((1, 6), (6, 6))), ((4, 1), ()), ((1, 4), ((1, 1),)), ((3, 1), ((6, 6),)), ((1, 3), ((6, 6),)), ((1, 3), ((1, 6), (6, 6))), ((3, 5), ((1, 6), (6, 6))), ((4, 6), ((1, 6), (6, 6))), ((1, 3), ((1, 1), (1, 6)))]","[((6, 5), ((1, 6), (6, 6))), ((5, 6), ((1, 6), (6, 6))), ((4, 1), ()), ((1, 4), ((1, 1),)), ((3, 1), ((6, 6),)), ((1, 3), ((6, 6),)), ((1, 3), ((1, 6), (6, 6))), ((3, 5), ((1, 6), (6, 6))), ((4, 6), ((1, 6), (6, 6))), ((1, 3), ((1, 1), (1, 6))), ((6, 4), ((1, 6),))]","[((4, 5), ()), ((4, 6), ()), ((5, 5), ()), ((3, 5), ()), ((5, 6), ()), ((3, 6), ()), ((6, 5), ()), ((2, 5), ()), ((6, 6), ((6, 6),)), ((2, 6), ()), ((6, 4), ()), ((1, 5), ()), ((6, 5), ((6, 6),)), ((5, 6), ((6, 6),)), ((1, 6), ((1, 6),)), ((6, 3), ()), ((1, 4), ()), ((6, 4), ((6, 6),)), ((5, 5), ((6, 6),)), ((4, 6), ((6, 6),)), ((1, 5), ((1, 6),)), ((2, 6), ((1, 6),)), ((5, 3), ()), ((1, 3), ()), ((6, 3), ((6, 6),)), ((4, 5), ((6, 6),)), ((3, 6), ((6, 6),)), ((1, 4), ((1, 6),)), ((2, 5), ((1, 6),)), ((3, 6), ((1, 6),)), ((4, 3), ()), ((1, 2), ()), ((5, 3), ((6, 6),)), ((3, 5), ((6, 6),)), ((2, 6), ((6, 6),)), ((1, 3), ((1, 6),)), ((3, 5), ((1, 6),)), ((4, 6), ((1, 6),)), ((3, 3), ()), ((1, 1), ((1, 1),)), ((4, 3), ((6, 6),)), ((2, 5), ((6, 6),)), ((1, 6), ((1, 6), (6, 6))), ((1, 2), ((1, 6),)), ((4, 5), ((1, 6),)), ((5, 6), ((1, 6),)), ((3, 2), ()), ((1, 2), ((1, 1),)), ((3, 3), ((6, 6),)), ((1, 5), ((6, 6),)), ((1, 5), ((1, 6), (6, 6))), ((2, 6), ((1, 6), (6, 6))), ((1, 1), ((1, 1), (1, 6))), ((5, 5), ((1, 6),)), ((6, 6), ((1, 6), (6, 6))), ((3, 1), ()), ((1, 3), ((1, 1),)), ((3, 2), ((6, 6),)), ((1, 4), ((6, 6),)), ((1, 4), ((1, 6), (6, 6))), ((2, 5), ((1, 6), (6, 6))), ((3, 6), ((1, 6), (6, 6))), ((1, 2), ((1, 1), (1, 6)))]",10,0,10
65,"((6, 5), ((1, 6), (6, 6)))","((6, 6), ((1, 6), (6, 6)))",South,"[((6, 4), ((1, 6), (6, 6))) via South, ((5, 5), ((1, 6), (6, 6))) via West]","[((6, 5), ((1, 6), (6, 6))), ((5, 6), ((1, 6), (6, 6))), ((4, 1), ()), ((1, 4), ((1, 1),)), ((3, 1), ((6, 6),)), ((1, 3), ((6, 6),)), ((1, 3), ((1, 6), (6, 6))), ((3, 5), ((1, 6), (6, 6))), ((4, 6), ((1, 6), (6, 6))), ((1, 3), ((1, 1), (1, 6))), ((6, 4), ((1, 6),))]","[((5, 6), ((1, 6), (6, 6))), ((4, 1), ()), ((1, 4), ((1, 1),)), ((3, 1), ((6, 6),)), ((1, 3), ((6, 6),)), ((1, 3), ((1, 6), (6, 6))), ((3, 5), ((1, 6), (6, 6))), ((4, 6), ((1, 6), (6, 6))), ((1, 3), ((1, 1), (1, 6))), ((6, 4), ((1, 6),)), ((6, 4), ((1, 6), (6, 6))), ((5, 5), ((1, 6), (6, 6)))]","[((4, 5), ()), ((4, 6), ()), ((5, 5), ()), ((3, 5), ()), ((5, 6), ()), ((3, 6), ()), ((6, 5), ()), ((2, 5), ()), ((6, 6), ((6, 6),)), ((2, 6), ()), ((6, 4), ()), ((1, 5), ()), ((6, 5), ((6, 6),)), ((5, 6), ((6, 6),)), ((1, 6), ((1, 6),)), ((6, 3), ()), ((1, 4), ()), ((6, 4), ((6, 6),)), ((5, 5), ((6, 6),)), ((4, 6), ((6, 6),)), ((1, 5), ((1, 6),)), ((2, 6), ((1, 6),)), ((5, 3), ()), ((1, 3), ()), ((6, 3), ((6, 6),)), ((4, 5), ((6, 6),)), ((3, 6), ((6, 6),)), ((1, 4), ((1, 6),)), ((2, 5), ((1, 6),)), ((3, 6), ((1, 6),)), ((4, 3), ()), ((1, 2), ()), ((5, 3), ((6, 6),)), ((3, 5), ((6, 6),)), ((2, 6), ((6, 6),)), ((1, 3), ((1, 6),)), ((3, 5), ((1, 6),)), ((4, 6), ((1, 6),)), ((3, 3), ()), ((1, 1), ((1, 1),)), ((4, 3), ((6, 6),)), ((2, 5), ((6, 6),)), ((1, 6), ((1, 6), (6, 6))), ((1, 2), ((1, 6),)), ((4, 5), ((1, 6),)), ((5, 6), ((1, 6),)), ((3, 2), ()), ((1, 2), ((1, 1),)), ((3, 3), ((6, 6),)), ((1, 5), ((6, 6),)), ((1, 5), ((1, 6), (6, 6))), ((2, 6), ((1, 6), (6, 6))), ((1, 1), ((1, 1), (1, 6))), ((5, 5), ((1, 6),)), ((6, 6), ((1, 6), (6, 6))), ((3, 1), ()), ((1, 3), ((1, 1),)), ((3, 2), ((6, 6),)), ((1, 4), ((6, 6),)), ((1, 4), ((1, 6), (6, 6))), ((2, 5), ((1, 6), (6, 6))), ((3, 6), ((1, 6), (6, 6))), ((1, 2), ((1, 1), (1, 6))), ((6, 5), ((1, 6),))]",10,0,10
66,"((5, 6), ((1, 6), (6, 6)))","((6, 6), ((1, 6), (6, 6)))",West,[],"[((5, 6), ((1, 6), (6, 6))), ((4, 1), ()), ((1, 4), ((1, 1),)), ((3, 1), ((6, 6),)), ((1, 3), ((6, 6),)), ((1, 3), ((1, 6), (6, 6))), ((3, 5), ((1, 6), (6, 6))), ((4, 6), ((1, 6), (6, 6))), ((1, 3), ((1, 1), (1, 6))), ((6, 4), ((1, 6),)), ((6, 4), ((1, 6), (6, 6))), ((5, 5), ((1, 6), (6, 6)))]","[((4, 1), ()), ((1, 4), ((1, 1),)), ((3, 1), ((6, 6),)), ((1, 3), ((6, 6),)), ((1, 3), ((1, 6), (6, 6))), ((3, 5), ((1, 6), (6, 6))), ((4, 6), ((1, 6), (6, 6))), ((1, 3), ((1, 1), (1, 6))), ((6, 4), ((1, 6),)), ((6, 4), ((1, 6), (6, 6))), ((5, 5), ((1, 6), (6, 6)))]","[((4, 5), ()), ((4, 6), ()), ((5, 5), ()), ((3, 5), ()), ((5, 6), ()), ((3, 6), ()), ((6, 5), ()), ((2, 5), ()), ((6, 6), ((6, 6),)), ((2, 6), ()), ((6, 4), ()), ((1, 5), ()), ((6, 5), ((6, 6),)), ((5, 6), ((6, 6),)), ((1, 6), ((1, 6),)), ((6, 3), ()), ((1, 4), ()), ((6, 4), ((6, 6),)), ((5, 5), ((6, 6),)), ((4, 6), ((6, 6),)), ((1, 5), ((1, 6),)), ((2, 6), ((1, 6),)), ((5, 3), ()), ((1, 3), ()), ((6, 3), ((6, 6),)), ((4, 5), ((6, 6),)), ((3, 6), ((6, 6),)), ((1, 4), ((1, 6),)), ((2, 5), ((1, 6),)), ((3, 6), ((1, 6),)), ((4, 3), ()), ((1, 2), ()), ((5, 3), ((6, 6),)), ((3, 5), ((6, 6),)), ((2, 6), ((6, 6),)), ((1, 3), ((1, 6),)), ((3, 5), ((1, 6),)), ((4, 6), ((1, 6),)), ((3, 3), ()), ((1, 1), ((1, 1),)), ((4, 3), ((6, 6),)), ((2, 5), ((6, 6),)), ((1, 6), ((1, 6), (6, 6))), ((1, 2), ((1, 6),)), ((4, 5), ((1, 6),)), ((5, 6), ((1, 6),)), ((3, 2), ()), ((1, 2), ((1, 1),)), ((3, 3), ((6, 6),)), ((1, 5), ((6, 6),)), ((1, 5), ((1, 6), (6, 6))), ((2, 6), ((1, 6), (6, 6))), ((1, 1), ((1, 1), (1, 6))), ((5, 5), ((1, 6),)), ((6, 6), ((1, 6), (6, 6))), ((3, 1), ()), ((1, 3), ((1, 1),)), ((3, 2), ((6, 6),)), ((1, 4), ((6, 6),)), ((1, 4), ((1, 6), (6, 6))), ((2, 5), ((1, 6), (6, 6))), ((3, 6), ((1, 6), (6, 6))), ((1, 2), ((1, 1), (1, 6))), ((6, 5), ((1, 6),)), ((6, 5), ((1, 6), (6, 6)))]",10,0,10
67,"((4, 1), ())","((3, 1), ())",East,"[((5, 1), ()) via East]","[((4, 1), ()), ((1, 4), ((1, 1),)), ((3, 1), ((6, 6),)), ((1, 3), ((6, 6),)), ((1, 3), ((1, 6), (6, 6))), ((3, 5), ((1, 6), (6, 6))), ((4, 6), ((1, 6), (6, 6))), ((1, 3), ((1, 1), (1, 6))), ((6, 4), ((1, 6),)), ((6, 4), ((1, 6), (6, 6))), ((5, 5), ((1, 6), (6, 6)))]","[((1, 4), ((1, 1),)), ((3, 1), ((6, 6),)), ((1, 3), ((6, 6),)), ((1, 3), ((1, 6), (6, 6))), ((3, 5), ((1, 6), (6, 6))), ((4, 6), ((1, 6), (6, 6))), ((1, 3), ((1, 1), (1, 6))), ((6, 4), ((1, 6),)), ((6, 4), ((1, 6), (6, 6))), ((5, 5), ((1, 6), (6, 6))), ((5, 1), ())]","[((4, 5), ()), ((4, 6), ()), ((5, 5), ()), ((3, 5), ()), ((5, 6), ()), ((3, 6), ()), ((6, 5), ()), ((2, 5), ()), ((6, 6), ((6, 6),)), ((2, 6), ()), ((6, 4), ()), ((1, 5), ()), ((6, 5), ((6, 6),)), ((5, 6), ((6, 6),)), ((1, 6), ((1, 6),)), ((6, 3), ()), ((1, 4), ()), ((6, 4), ((6, 6),)), ((5, 5), ((6, 6),)), ((4, 6), ((6, 6),)), ((1, 5), ((1, 6),)), ((2, 6), ((1, 6),)), ((5, 3), ()), ((1, 3), ()), ((6, 3), ((6, 6),)), ((4, 5), ((6, 6),)), ((3, 6), ((6, 6),)), ((1, 4), ((1, 6),)), ((2, 5), ((1, 6),)), ((3, 6), ((1, 6),)), ((4, 3), ()), ((1, 2), ()), ((5, 3), ((6, 6),)), ((3, 5), ((6, 6),)), ((2, 6), ((6, 6),)), ((1, 3), ((1, 6),)), ((3, 5), ((1, 6),)), ((4, 6), ((1, 6),)), ((3, 3), ()), ((1, 1), ((1, 1),)), ((4, 3), ((6, 6),)), ((2, 5), ((6, 6),)), ((1, 6), ((1, 6), (6, 6))), ((1, 2), ((1, 6),)), ((4, 5), ((1, 6),)), ((5, 6), ((1, 6),)), ((3, 2), ()), ((1, 2), ((1, 1),)), ((3, 3), ((6, 6),)), ((1, 5), ((6, 6),)), ((1, 5), ((1, 6), (6, 6))), ((2, 6), ((1, 6), (6, 6))), ((1, 1), ((1, 1), (1, 6))), ((5, 5), ((1, 6),)), ((6, 6), ((1, 6), (6, 6))), ((3, 1), ()), ((1, 3), ((1, 1),)), ((3, 2), ((6, 6),)), ((1, 4), ((6, 6),)), ((1, 4), ((1, 6), (6, 6))), ((2, 5), ((1, 6), (6, 6))), ((3, 6), ((1, 6), (6, 6))), ((1, 2), ((1, 1), (1, 6))), ((6, 5), ((1, 6),)), ((6, 5), ((1, 6), (6, 6))), ((5, 6), ((1, 6), (6, 6)))]",10,0,10
68,"((1, 4), ((1, 1),))","((1, 3), ((1, 1),))",North,"[((1, 5), ((1, 1),)) via North]","[((1, 4), ((1, 1),)), ((3, 1), ((6, 6),)), ((1, 3), ((6, 6),)), ((1, 3), ((1, 6), (6, 6))), ((3, 5), ((1, 6), (6, 6))), ((4, 6), ((1, 6), (6, 6))), ((1, 3), ((1, 1), (1, 6))), ((6, 4), ((1, 6),)), ((6, 4), ((1, 6), (6, 6))), ((5, 5), ((1, 6), (6, 6))), ((5, 1), ())]","[((3, 1), ((6, 6),)), ((1, 3), ((6, 6),)), ((1, 3), ((1, 6), (6, 6))), ((3, 5), ((1, 6), (6, 6))), ((4, 6), ((1, 6), (6, 6))), ((1, 3), ((1, 1), (1, 6))), ((6, 4), ((1, 6),)), ((6, 4), ((1, 6), (6, 6))), ((5, 5), ((1, 6), (6, 6))), ((5, 1), ()), ((1, 5), ((1, 1),))]","[((4, 5), ()), ((4, 6), ()), ((5, 5), ()), ((3, 5), ()), ((5, 6), ()), ((3, 6), ()), ((6, 5), ()), ((2, 5), ()), ((6, 6), ((6, 6),)), ((2, 6), ()), ((6, 4), ()), ((1, 5), ()), ((6, 5), ((6, 6),)), ((5, 6), ((6, 6),)), ((1, 6), ((1, 6),)), ((6, 3), ()), ((1, 4), ()), ((6, 4), ((6, 6),)), ((5, 5), ((6, 6),)), ((4, 6), ((6, 6),)), ((1, 5), ((1, 6),)), ((2, 6), ((1, 6),)), ((5, 3), ()), ((1, 3), ()), ((6, 3), ((6, 6),)), ((4, 5), ((6, 6),)), ((3, 6), ((6, 6),)), ((1, 4), ((1, 6),)), ((2, 5), ((1, 6),)), ((3, 6), ((1, 6),)), ((4, 3), ()), ((1, 2), ()), ((5, 3), ((6, 6),)), ((3, 5), ((6, 6),)), ((2, 6), ((6, 6),)), ((1, 3), ((1, 6),)), ((3, 5), ((1, 6),)), ((4, 6), ((1, 6),)), ((3, 3), ()), ((1, 1), ((1, 1),)), ((4, 3), ((6, 6),)), ((2, 5), ((6, 6),)), ((1, 6), ((1, 6), (6, 6))), ((1, 2), ((1, 6),)), ((4, 5), ((1, 6),)), ((5, 6), ((1, 6),)), ((3, 2), ()), ((1, 2), ((1, 1),)), ((3, 3), ((6, 6),)), ((1, 5), ((6, 6),)), ((1, 5), ((1, 6), (6, 6))), ((2, 6), ((1, 6), (6, 6))), ((1, 1), ((1, 1), (1, 6))), ((5, 5), ((1, 6),)), ((6, 6), ((1, 6), (6, 6))), ((3, 1), ()), ((1, 3), ((1, 1),)), ((3, 2), ((6, 6),)), ((1, 4), ((6, 6),)), ((1, 4), ((1, 6), (6, 6))), ((2, 5), ((1, 6), (6, 6))), ((3, 6), ((1, 6), (6, 6))), ((1, 2), ((1, 1), (1, 6))), ((6, 5), ((1, 6),)), ((6, 5), ((1, 6), (6, 6))), ((5, 6), ((1, 6), (6, 6))), ((4, 1), ())]",10,0,10
69,"((3, 1), ((6, 6),))","((3, 2), ((6, 6),))",South,"[((4, 1), ((6, 6),)) via East]","[((3, 1), ((6, 6),)), ((1, 3), ((6, 6),)), ((1, 3), ((1, 6), (6, 6))), ((3, 5), ((1, 6), (6, 6))), ((4, 6), ((1, 6), (6, 6))), ((1, 3), ((1, 1), (1, 6))), ((6, 4), ((1, 6),)), ((6, 4), ((1, 6), (6, 6))), ((5, 5), ((1, 6), (6, 6))), ((5, 1), ()), ((1, 5), ((1, 1),))]","[((1, 3), ((6, 6),)), ((1, 3), ((1, 6), (6, 6))), ((3, 5), ((1, 6), (6, 6))), ((4, 6), ((1, 6), (6, 6))), ((1, 3), ((1, 1), (1, 6))), ((6, 4), ((1, 6),)), ((6, 4), ((1, 6), (6, 6))), ((5, 5), ((1, 6), (6, 6))), ((5, 1), ()), ((1, 5), ((1, 1),)), ((4, 1), ((6, 6),))]","[((4, 5), ()), ((4, 6), ()), ((5, 5), ()), ((3, 5), ()), ((5, 6), ()), ((3, 6), ()), ((6, 5), ()), ((2, 5), ()), ((6, 6), ((6, 6),)), ((2, 6), ()), ((6, 4), ()), ((1, 5), ()), ((6, 5), ((6, 6),)), ((5, 6), ((6, 6),)), ((1, 6), ((1, 6),)), ((6, 3), ()), ((1, 4), ()), ((6, 4), ((6, 6),)), ((5, 5), ((6, 6),)), ((4, 6), ((6, 6),)), ((1, 5), ((1, 6),)), ((2, 6), ((1, 6),)), ((5, 3), ()), ((1, 3), ()), ((6, 3), ((6, 6),)), ((4, 5), ((6, 6),)), ((3, 6), ((6, 6),)), ((1, 4), ((1, 6),)), ((2, 5), ((1, 6),)), ((3, 6), ((1, 6),)), ((4, 3), ()), ((1, 2), ()), ((5, 3), ((6, 6),)), ((3, 5), ((6, 6),)), ((2, 6), ((6, 6),)), ((1, 3), ((1, 6),)), ((3, 5), ((1, 6),)), ((4, 6), ((1, 6),)), ((3, 3), ()), ((1, 1), ((1, 1),)), ((4, 3), ((6, 6),)), ((2, 5), ((6, 6),)), ((1, 6), ((1, 6), (6, 6))), ((1, 2), ((1, 6),)), ((4, 5), ((1, 6),)), ((5, 6), ((1, 6),)), ((3, 2), ()), ((1, 2), ((1, 1),)), ((3, 3), ((6, 6),)), ((1, 5), ((6, 6),)), ((1, 5), ((1, 6), (6, 6))), ((2, 6), ((1, 6), (6, 6))), ((1, 1), ((1, 1), (1, 6))), ((5, 5), ((1, 6),)), ((6, 6), ((1, 6), (6, 6))), ((3, 1), ()), ((1, 3), ((1, 1),)), ((3, 2), ((6, 6),)), ((1, 4), ((6, 6),)), ((1, 4), ((1, 6), (6, 6))), ((2, 5), ((1, 6), (6, 6))), ((3, 6), ((1, 6), (6, 6))), ((1, 2), ((1, 1), (1, 6))), ((6, 5), ((1, 6),)), ((6, 5), ((1, 6), (6, 6))), ((5, 6), ((1, 6), (6, 6))), ((4, 1), ()), ((1, 4), ((1, 1),))]",11,0,11
70,"((1, 3), ((6, 6),))","((1, 4), ((6, 6),))",South,"[((1, 2), ((6, 6),)) via South]","[((1, 3), ((6, 6),)), ((1, 3), ((1, 6), (6, 6))), ((3, 5), ((1, 6), (6, 6))), ((4, 6), ((1, 6), (6, 6))), ((1, 3), ((1, 1), (1, 6))), ((6, 4), ((1, 6),)), ((6, 4), ((1, 6), (6, 6))), ((5, 5), ((1, 6), (6, 6))), ((5, 1), ()), ((1, 5), ((1, 1),)), ((4, 1), ((6, 6),))]","[((1, 3), ((1, 6), (6, 6))), ((3, 5), ((1, 6), (6, 6))), ((4, 6), ((1, 6), (6, 6))), ((1, 3), ((1, 1), (1, 6))), ((6, 4), ((1, 6),)), ((6, 4), ((1, 6), (6, 6))), ((5, 5), ((1, 6), (6, 6))), ((5, 1), ()), ((1, 5), ((1, 1),)), ((4, 1), ((6, 6),)), ((1, 2), ((6, 6),))]","[((4, 5), ()), ((4, 6), ()), ((5, 5), ()), ((3, 5), ()), ((5, 6), ()), ((3, 6), ()), ((6, 5), ()), ((2, 5), ()), ((6, 6), ((6, 6),)), ((2, 6), ()), ((6, 4), ()), ((1, 5), ()), ((6, 5), ((6, 6),)), ((5, 6), ((6, 6),)), ((1, 6), ((1, 6),)), ((6, 3), ()), ((1, 4), ()), ((6, 4), ((6, 6),)), ((5, 5), ((6, 6),)), ((4, 6), ((6, 6),)), ((1, 5), ((1, 6),)), ((2, 6), ((1, 6),)), ((5, 3), ()), ((1, 3), ()), ((6, 3), ((6, 6),)), ((4, 5), ((6, 6),)), ((3, 6), ((6, 6),)), ((1, 4), ((1, 6),)), ((2, 5), ((1, 6),)), ((3, 6), ((1, 6),)), ((4, 3), ()), ((1, 2), ()), ((5, 3), ((6, 6),)), ((3, 5), ((6, 6),)), ((2, 6), ((6, 6),)), ((1, 3), ((1, 6),)), ((3, 5), ((1, 6),)), ((4, 6), ((1, 6),)), ((3, 3), ()), ((1, 1), ((1, 1),)), ((4, 3), ((6, 6),)), ((2, 5), ((6, 6),)), ((1, 6), ((1, 6), (6, 6))), ((1, 2), ((1, 6),)), ((4, 5), ((1, 6),)), ((5, 6), ((1, 6),)), ((3, 2), ()), ((1, 2), ((1, 1),)), ((3, 3), ((6, 6),)), ((1, 5), ((6, 6),)), ((1, 5), ((1, 6), (6, 6))), ((2, 6), ((1, 6), (6, 6))), ((1, 1), ((1, 1), (1, 6))), ((5, 5), ((1, 6),)), ((6, 6), ((1, 6), (6, 6))), ((3, 1), ()), ((1, 3), ((1, 1),)), ((3, 2), ((6, 6),)), ((1, 4), ((6, 6),)), ((1, 4), ((1, 6), (6, 6))), ((2, 5), ((1, 6), (6, 6))), ((3, 6), ((1, 6), (6, 6))), ((1, 2), ((1, 1), (1, 6))), ((6, 5), ((1, 6),)), ((6, 5), ((1, 6), (6, 6))), ((5, 6), ((1, 6), (6, 6))), ((4, 1), ()), ((1, 4), ((1, 1),)), ((3, 1), ((6, 6),))]",11,0,11
71,"((1, 3), ((1, 6), (6, 6)))","((1, 4), ((1, 6), (6, 6)))",South,"[((1, 2), ((1, 6), (6, 6))) via South]","[((1, 3), ((1, 6), (6, 6))), ((3, 5), ((1, 6), (6, 6))), ((4, 6), ((1, 6), (6, 6))), ((1, 3), ((1, 1), (1, 6))), ((6, 4), ((1, 6),)), ((6, 4), ((1, 6), (6, 6))), ((5, 5), ((1, 6), (6, 6))), ((5, 1), ()), ((1, 5), ((1, 1),)), ((4, 1), ((6, 6),)), ((1, 2), ((6, 6),))]","[((3, 5), ((1, 6), (6, 6))), ((4, 6), ((1, 6), (6, 6))), ((1, 3), ((1, 1), (1, 6))), ((6, 4), ((1, 6),)), ((6, 4), ((1, 6), (6, 6))), ((5, 5), ((1, 6), (6, 6))), ((5, 1), ()), ((1, 5), ((1, 1),)), ((4, 1), ((6, 6),)), ((1, 2), ((6, 6),)), ((1, 2), ((1, 6), (6, 6)))]","[((4, 5), ()), ((4, 6), ()), ((5, 5), ()), ((3, 5), ()), ((5, 6), ()), ((3, 6), ()), ((6, 5), ()), ((2, 5), ()), ((6, 6), ((6, 6),)), ((2, 6), ()), ((6, 4), ()), ((1, 5), ()), ((6, 5), ((6, 6),)), ((5, 6), ((6, 6),)), ((1, 6), ((1, 6),)), ((6, 3), ()), ((1, 4), ()), ((6, 4), ((6, 6),)), ((5, 5), ((6, 6),)), ((4, 6), ((6, 6),)), ((1, 5), ((1, 6),)), ((2, 6), ((1, 6),)), ((5, 3), ()), ((1, 3), ()), ((6, 3), ((6, 6),)), ((4, 5), ((6, 6),)), ((3, 6), ((6, 6),)), ((1, 4), ((1, 6),)), ((2, 5), ((1, 6),)), ((3, 6), ((1, 6),)), ((4, 3), ()), ((1, 2), ()), ((5, 3), ((6, 6),)), ((3, 5), ((6, 6),)), ((2, 6), ((6, 6),)), ((1, 3), ((1, 6),)), ((3, 5), ((1, 6),)), ((4, 6), ((1, 6),)), ((3, 3), ()), ((1, 1), ((1, 1),)), ((4, 3), ((6, 6),)), ((2, 5), ((6, 6),)), ((1, 6), ((1, 6), (6, 6))), ((1, 2), ((1, 6),)), ((4, 5), ((1, 6),)), ((5, 6), ((1, 6),)), ((3, 2), ()), ((1, 2), ((1, 1),)), ((3, 3), ((6, 6),)), ((1, 5), ((6, 6),)), ((1, 5), ((1, 6), (6, 6))), ((2, 6), ((1, 6), (6, 6))), ((1, 1), ((1, 1), (1, 6))), ((5, 5), ((1, 6),)), ((6, 6), ((1, 6), (6, 6))), ((3, 1), ()), ((1, 3), ((1, 1),)), ((3, 2), ((6, 6),)), ((1, 4), ((6, 6),)), ((1, 4), ((1, 6), (6, 6))), ((2, 5), ((1, 6), (6, 6))), ((3, 6), ((1, 6), (6, 6))), ((1, 2), ((1, 1), (1, 6))), ((6, 5), ((1, 6),)), ((6, 5), ((1, 6), (6, 6))), ((5, 6), ((1, 6), (6, 6))), ((4, 1), ()), ((1, 4), ((1, 1),)), ((3, 1), ((6, 6),)), ((1, 3), ((6, 6),))]",11,0,11
72,"((3, 5), ((1, 6), (6, 6)))","((2, 5), ((1, 6), (6, 6)))",East,"[((4, 5), ((1, 6), (6, 6))) via East]","[((3, 5), ((1, 6), (6, 6))), ((4, 6), ((1, 6), (6, 6))), ((1, 3), ((1, 1), (1, 6))), ((6, 4), ((1, 6),)), ((6, 4), ((1, 6), (6, 6))), ((5, 5), ((1, 6), (6, 6))), ((5, 1), ()), ((1, 5), ((1, 1),)), ((4, 1), ((6, 6),)), ((1, 2), ((6, 6),)), ((1, 2), ((1, 6), (6, 6)))]","[((4, 6), ((1, 6), (6, 6))), ((1, 3), ((1, 1), (1, 6))), ((6, 4), ((1, 6),)), ((6, 4), ((1, 6), (6, 6))), ((5, 5), ((1, 6), (6, 6))), ((5, 1), ()), ((1, 5), ((1, 1),)), ((4, 1), ((6, 6),)), ((1, 2), ((6, 6),)), ((1, 2), ((1, 6), (6, 6))), ((4, 5), ((1, 6), (6, 6)))]","[((4, 5), ()), ((4, 6), ()), ((5, 5), ()), ((3, 5), ()), ((5, 6), ()), ((3, 6), ()), ((6, 5), ()), ((2, 5), ()), ((6, 6), ((6, 6),)), ((2, 6), ()), ((6, 4), ()), ((1, 5), ()), ((6, 5), ((6, 6),)), ((5, 6), ((6, 6),)), ((1, 6), ((1, 6),)), ((6, 3), ()), ((1, 4), ()), ((6, 4), ((6, 6),)), ((5, 5), ((6, 6),)), ((4, 6), ((6, 6),)), ((1, 5), ((1, 6),)), ((2, 6), ((1, 6),)), ((5, 3), ()), ((1, 3), ()), ((6, 3), ((6, 6),)), ((4, 5), ((6, 6),)), ((3, 6), ((6, 6),)), ((1, 4), ((1, 6),)), ((2, 5), ((1, 6),)), ((3, 6), ((1, 6),)), ((4, 3), ()), ((1, 2), ()), ((5, 3), ((6, 6),)), ((3, 5), ((6, 6),)), ((2, 6), ((6, 6),)), ((1, 3), ((1, 6),)), ((3, 5), ((1, 6),)), ((4, 6), ((1, 6),)), ((3, 3), ()), ((1, 1), ((1, 1),)), ((4, 3), ((6, 6),)), ((2, 5), ((6, 6),)), ((1, 6), ((1, 6), (6, 6))), ((1, 2), ((1, 6),)), ((4, 5), ((1, 6),)), ((5, 6), ((1, 6),)), ((3, 2), ()), ((1, 2), ((1, 1),)), ((3, 3), ((6, 6),)), ((1, 5), ((6, 6),)), ((1, 5), ((1, 6), (6, 6))), ((2, 6), ((1, 6), (6, 6))), ((1, 1), ((1, 1), (1, 6))), ((5, 5), ((1, 6),)), ((6, 6), ((1, 6), (6, 6))), ((3, 1), ()), ((1, 3), ((1, 1),)), ((3, 2), ((6, 6),)), ((1, 4), ((6, 6),)), ((1, 4), ((1, 6), (6, 6))), ((2, 5), ((1, 6), (6, 6))), ((3, 6), ((1, 6), (6, 6))), ((1, 2), ((1, 1), (1, 6))), ((6, 5), ((1, 6),)), ((6, 5), ((1, 6), (6, 6))), ((5, 6), ((1, 6), (6, 6))), ((4, 1), ()), ((1, 4), ((1, 1),)), ((3, 1), ((6, 6),)), ((1, 3), ((6, 6),)), ((1, 3), ((1, 6), (6, 6)))]",11,0,11
73,"((4, 6), ((1, 6), (6, 6)))","((3, 6), ((1, 6), (6, 6)))",East,[],"[((4, 6), ((1, 6), (6, 6))), ((1, 3), ((1, 1), (1, 6))), ((6, 4), ((1, 6),)), ((6, 4), ((1, 6), (6, 6))), ((5, 5), ((1, 6), (6, 6))), ((5, 1), ()), ((1, 5), ((1, 1),)), ((4, 1), ((6, 6),)), ((1, 2), ((6, 6),)), ((1, 2), ((1, 6), (6, 6))), ((4, 5), ((1, 6), (6, 6)))]","[((1, 3), ((1, 1), (1, 6))), ((6, 4), ((1, 6),)), ((6, 4), ((1, 6), (6, 6))), ((5, 5), ((1, 6), (6, 6))), ((5, 1), ()), ((1, 5), ((1, 1),)), ((4, 1), ((6, 6),)), ((1, 2), ((6, 6),)), ((1, 2), ((1, 6), (6, 6))), ((4, 5), ((1, 6), (6, 6)))]","[((4, 5), ()), ((4, 6), ()), ((5, 5), ()), ((3, 5), ()), ((5, 6), ()), ((3, 6), ()), ((6, 5), ()), ((2, 5), ()), ((6, 6), ((6, 6),)), ((2, 6), ()), ((6, 4), ()), ((1, 5), ()), ((6, 5), ((6, 6),)), ((5, 6), ((6, 6),)), ((1, 6), ((1, 6),)), ((6, 3), ()), ((1, 4), ()), ((6, 4), ((6, 6),)), ((5, 5), ((6, 6),)), ((4, 6), ((6, 6),)), ((1, 5), ((1, 6),)), ((2, 6), ((1, 6),)), ((5, 3), ()), ((1, 3), ()), ((6, 3), ((6, 6),)), ((4, 5), ((6, 6),)), ((3, 6), ((6, 6),)), ((1, 4), ((1, 6),)), ((2, 5), ((1, 6),)), ((3, 6), ((1, 6),)), ((4, 3), ()), ((1, 2), ()), ((5, 3), ((6, 6),)), ((3, 5), ((6, 6),)), ((2, 6), ((6, 6),)), ((1, 3), ((1, 6),)), ((3, 5), ((1, 6),)), ((4, 6), ((1, 6),)), ((3, 3), ()), ((1, 1), ((1, 1),)), ((4, 3), ((6, 6),)), ((2, 5), ((6, 6),)), ((1, 6), ((1, 6), (6, 6))), ((1, 2), ((1, 6),)), ((4, 5), ((1, 6),)), ((5, 6), ((1, 6),)), ((3, 2), ()), ((1, 2), ((1, 1),)), ((3, 3), ((6, 6),)), ((1, 5), ((6, 6),)), ((1, 5), ((1, 6), (6, 6))), ((2, 6), ((1, 6), (6, 6))), ((1, 1), ((1, 1), (1, 6))), ((5, 5), ((1, 6),)), ((6, 6), ((1, 6), (6, 6))), ((3, 1), ()), ((1, 3), ((1, 1),)), ((3, 2), ((6, 6),)), ((1, 4), ((6, 6),)), ((1, 4), ((1, 6), (6, 6))), ((2, 5), ((1, 6), (6, 6))), ((3, 6), ((1, 6), (6, 6))), ((1, 2), ((1, 1), (1, 6))), ((6, 5), ((1, 6),)), ((6, 5), ((1, 6), (6, 6))), ((5, 6), ((1, 6), (6, 6))), ((4, 1), ()), ((1, 4), ((1, 1),)), ((3, 1), ((6, 6),)), ((1, 3), ((6, 6),)), ((1, 3), ((1, 6), (6, 6))), ((3, 5), ((1, 6), (6, 6)))]",11,0,11
74,"((1, 3), ((1, 1), (1, 6)))","((1, 2), ((1, 1), (1, 6)))",North,"[((1, 4), ((1, 1), (1, 6))) via North]","[((1, 3), ((1, 1), (1, 6))), ((6, 4), ((1, 6),)), ((6, 4), ((1, 6), (6, 6))), ((5, 5), ((1, 6), (6, 6))), ((5, 1), ()), ((1, 5), ((1, 1),)), ((4, 1), ((6, 6),)), ((1, 2), ((6, 6),)), ((1, 2), ((1, 6), (6, 6))), ((4, 5), ((1, 6), (6, 6)))]","[((6, 4), ((1, 6),)), ((6, 4), ((1, 6), (6, 6))), ((5, 5), ((1, 6), (6, 6))), ((5, 1), ()), ((1, 5), ((1, 1),)), ((4, 1), ((6, 6),)), ((1, 2), ((6, 6),)), ((1, 2), ((1, 6), (6, 6))), ((4, 5), ((1, 6), (6, 6))), ((1, 4), ((1, 1), (1, 6)))]","[((4, 5), ()), ((4, 6), ()), ((5, 5), ()), ((3, 5), ()), ((5, 6), ()), ((3, 6), ()), ((6, 5), ()), ((2, 5), ()), ((6, 6), ((6, 6),)), ((2, 6), ()), ((6, 4), ()), ((1, 5), ()), ((6, 5), ((6, 6),)), ((5, 6), ((6, 6),)), ((1, 6), ((1, 6),)), ((6, 3), ()), ((1, 4), ()), ((6, 4), ((6, 6),)), ((5, 5), ((6, 6),)), ((4, 6), ((6, 6),)), ((1, 5), ((1, 6),)), ((2, 6), ((1, 6),)), ((5, 3), ()), ((1, 3), ()), ((6, 3), ((6, 6),)), ((4, 5), ((6, 6),)), ((3, 6), ((6, 6),)), ((1, 4), ((1, 6),)), ((2, 5), ((1, 6),)), ((3, 6), ((1, 6),)), ((4, 3), ()), ((1, 2), ()), ((5, 3), ((6, 6),)), ((3, 5), ((6, 6),)), ((2, 6), ((6, 6),)), ((1, 3), ((1, 6),)), ((3, 5), ((1, 6),)), ((4, 6), ((1, 6),)), ((3, 3), ()), ((1, 1), ((1, 1),)), ((4, 3), ((6, 6),)), ((2, 5), ((6, 6),)), ((1, 6), ((1, 6), (6, 6))), ((1, 2), ((1, 6),)), ((4, 5), ((1, 6),)), ((5, 6), ((1, 6),)), ((3, 2), ()), ((1, 2), ((1, 1),)), ((3, 3), ((6, 6),)), ((1, 5), ((6, 6),)), ((1, 5), ((1, 6), (6, 6))), ((2, 6), ((1, 6), (6, 6))), ((1, 1), ((1, 1), (1, 6))), ((5, 5), ((1, 6),)), ((6, 6), ((1, 6), (6, 6))), ((3, 1), ()), ((1, 3), ((1, 1),)), ((3, 2), ((6, 6),)), ((1, 4), ((6, 6),)), ((1, 4), ((1, 6), (6, 6))), ((2, 5), ((1, 6), (6, 6))), ((3, 6), ((1, 6), (6, 6))), ((1, 2), ((1, 1), (1, 6))), ((6, 5), ((1, 6),)), ((6, 5), ((1, 6), (6, 6))), ((5, 6), ((1, 6), (6, 6))), ((4, 1), ()), ((1, 4), ((1, 1),)), ((3, 1), ((6, 6),)), ((1, 3), ((6, 6),)), ((1, 3), ((1, 6), (6, 6))), ((3, 5), ((1, 6), (6, 6))), ((4, 6), ((1, 6), (6, 6)))]",11,0,11
75,"((6, 4), ((1, 6),))","((6, 5), ((1, 6),))",South,"[((6, 3), ((1, 6),)) via South]","[((6, 4), ((1, 6),)), ((6, 4), ((1, 6), (6, 6))), ((5, 5), ((1, 6), (6, 6))), ((5, 1), ()), ((1, 5), ((1, 1),)), ((4, 1), ((6, 6),)), ((1, 2), ((6, 6),)), ((1, 2), ((1, 6), (6, 6))), ((4, 5), ((1, 6), (6, 6))), ((1, 4), ((1, 1), (1, 6)))]","[((6, 4), ((1, 6), (6, 6))), ((5, 5), ((1, 6), (6, 6))), ((5, 1), ()), ((1, 5), ((1, 1),)), ((4, 1), ((6, 6),)), ((1, 2), ((6, 6),)), ((1, 2), ((1, 6), (6, 6))), ((4, 5), ((1, 6), (6, 6))), ((1, 4), ((1, 1), (1, 6))), ((6, 3), ((1, 6),))]","[((4, 5), ()), ((4, 6), ()), ((5, 5), ()), ((3, 5), ()), ((5, 6), ()), ((3, 6), ()), ((6, 5), ()), ((2, 5), ()), ((6, 6), ((6, 6),)), ((2, 6), ()), ((6, 4), ()), ((1, 5), ()), ((6, 5), ((6, 6),)), ((5, 6), ((6, 6),)), ((1, 6), ((1, 6),)), ((6, 3), ()), ((1, 4), ()), ((6, 4), ((6, 6),)), ((5, 5), ((6, 6),)), ((4, 6), ((6, 6),)), ((1, 5), ((1, 6),)), ((2, 6), ((1, 6),)), ((5, 3), ()), ((1, 3), ()), ((6, 3), ((6, 6),)), ((4, 5), ((6, 6),)), ((3, 6), ((6, 6),)), ((1, 4), ((1, 6),)), ((2, 5), ((1, 6),)), ((3, 6), ((1, 6),)), ((4, 3), ()), ((1, 2), ()), ((5, 3), ((6, 6),)), ((3, 5), ((6, 6),)), ((2, 6), ((6, 6),)), ((1, 3), ((1, 6),)), ((3, 5), ((1, 6),)), ((4, 6), ((1, 6),)), ((3, 3), ()), ((1, 1), ((1, 1),)), ((4, 3), ((6, 6),)), ((2, 5), ((6, 6),)), ((1, 6), ((1, 6), (6, 6))), ((1, 2), ((1, 6),)), ((4, 5), ((1, 6),)), ((5, 6), ((1, 6),)), ((3, 2), ()), ((1, 2), ((1, 1),)), ((3, 3), ((6, 6),)), ((1, 5), ((6, 6),)), ((1, 5), ((1, 6), (6, 6))), ((2, 6), ((1, 6), (6, 6))), ((1, 1), ((1, 1), (1, 6))), ((5, 5), ((1, 6),)), ((6, 6), ((1, 6), (6, 6))), ((3, 1), ()), ((1, 3), ((1, 1),)), ((3, 2), ((6, 6),)), ((1, 4), ((6, 6),)), ((1, 4), ((1, 6), (6, 6))), ((2, 5), ((1, 6), (6, 6))), ((3, 6), ((1, 6), (6, 6))), ((1, 2), ((1, 1), (1, 6))), ((6, 5), ((1, 6),)), ((6, 5), ((1, 6), (6, 6))), ((5, 6), ((1, 6), (6, 6))), ((4, 1), ()), ((1, 4), ((1, 1),)), ((3, 1), ((6, 6),)), ((1, 3), ((6, 6),)), ((1, 3), ((1, 6), (6, 6))), ((3, 5), ((1, 6), (6, 6))), ((4, 6), ((1, 6), (6, 6))), ((1, 3), ((1, 1), (1, 6)))]",11,0,11
76,"((6, 4), ((1, 6), (6, 6)))","((6, 5), ((1, 6), (6, 6)))",South,"[((6, 3), ((1, 6), (6, 6))) via South]","[((6, 4), ((1, 6), (6, 6))), ((5, 5), ((1, 6), (6, 6))), ((5, 1), ()), ((1, 5), ((1, 1),)), ((4, 1), ((6, 6),)), ((1, 2), ((6, 6),)), ((1, 2), ((1, 6), (6, 6))), ((4, 5), ((1, 6), (6, 6))), ((1, 4), ((1, 1), (1, 6))), ((6, 3), ((1, 6),))]","[((5, 5), ((1, 6), (6, 6))), ((5, 1), ()), ((1, 5), ((1, 1),)), ((4, 1), ((6, 6),)), ((1, 2), ((6, 6),)), ((1, 2), ((1, 6), (6, 6))), ((4, 5), ((1, 6), (6, 6))), ((1, 4), ((1, 1), (1, 6))), ((6, 3), ((1, 6),)), ((6, 3), ((1, 6), (6, 6)))]","[((4, 5), ()), ((4, 6), ()), ((5, 5), ()), ((3, 5), ()), ((5, 6), ()), ((3, 6), ()), ((6, 5), ()), ((2, 5), ()), ((6, 6), ((6, 6),)), ((2, 6), ()), ((6, 4), ()), ((1, 5), ()), ((6, 5), ((6, 6),)), ((5, 6), ((6, 6),)), ((1, 6), ((1, 6),)), ((6, 3), ()), ((1, 4), ()), ((6, 4), ((6, 6),)), ((5, 5), ((6, 6),)), ((4, 6), ((6, 6),)), ((1, 5), ((1, 6),)), ((2, 6), ((1, 6),)), ((5, 3), ()), ((1, 3), ()), ((6, 3), ((6, 6),)), ((4, 5), ((6, 6),)), ((3, 6), ((6, 6),)), ((1, 4), ((1, 6),)), ((2, 5), ((1, 6),)), ((3, 6), ((1, 6),)), ((4, 3), ()), ((1, 2), ()), ((5, 3), ((6, 6),)), ((3, 5), ((6, 6),)), ((2, 6), ((6, 6),)), ((1, 3), ((1, 6),)), ((3, 5), ((1, 6),)), ((4, 6), ((1, 6),)), ((3, 3), ()), ((1, 1), ((1, 1),)), ((4, 3), ((6, 6),)), ((2, 5), ((6, 6),)), ((1, 6), ((1, 6), (6, 6))), ((1, 2), ((1, 6),)), ((4, 5), ((1, 6),)), ((5, 6), ((1, 6),)), ((3, 2), ()), ((1, 2), ((1, 1),)), ((3, 3), ((6, 6),)), ((1, 5), ((6, 6),)), ((1, 5), ((1, 6), (6, 6))), ((2, 6), ((1, 6), (6, 6))), ((1, 1), ((1, 1), (1, 6))), ((5, 5), ((1, 6),)), ((6, 6), ((1, 6), (6, 6))), ((3, 1), ()), ((1, 3), ((1, 1),)), ((3, 2), ((6, 6),)), ((1, 4), ((6, 6),)), ((1, 4), ((1, 6), (6, 6))), ((2, 5), ((1, 6), (6, 6))), ((3, 6), ((1, 6), (6, 6))), ((1, 2), ((1, 1), (1, 6))), ((6, 5), ((1, 6),)), ((6, 5), ((1, 6), (6, 6))), ((5, 6), ((1, 6), (6, 6))), ((4, 1), ()), ((1, 4), ((1, 1),)), ((3, 1), ((6, 6),)), ((1, 3), ((6, 6),)), ((1, 3), ((1, 6), (6, 6))), ((3, 5), ((1, 6), (6, 6))), ((4, 6), ((1, 6), (6, 6))), ((1, 3), ((1, 1), (1, 6))), ((6, 4), ((1, 6),))]",11,0,11
77,"((5, 5), ((1, 6), (6, 6)))","((6, 5), ((1, 6), (6, 6)))",West,[],"[((5, 5), ((1, 6), (6, 6))), ((5, 1), ()), ((1, 5), ((1, 1),)), ((4, 1), ((6, 6),)), ((1, 2), ((6, 6),)), ((1, 2), ((1, 6), (6, 6))), ((4, 5), ((1, 6), (6, 6))), ((1, 4), ((1, 1), (1, 6))), ((6, 3), ((1, 6),)), ((6, 3), ((1, 6), (6, 6)))]","[((5, 1), ()), ((1, 5), ((1, 1),)), ((4, 1), ((6, 6),)), ((1, 2), ((6, 6),)), ((1, 2), ((1, 6), (6, 6))), ((4, 5), ((1, 6), (6, 6))), ((1, 4), ((1, 1), (1, 6))), ((6, 3), ((1, 6),)), ((6, 3), ((1, 6), (6, 6)))]","[((4, 5), ()), ((4, 6), ()), ((5, 5), ()), ((3, 5), ()), ((5, 6), ()), ((3, 6), ()), ((6, 5), ()), ((2, 5), ()), ((6, 6), ((6, 6),)), ((2, 6), ()), ((6, 4), ()), ((1, 5), ()), ((6, 5), ((6, 6),)), ((5, 6), ((6, 6),)), ((1, 6), ((1, 6),)), ((6, 3), ()), ((1, 4), ()), ((6, 4), ((6, 6),)), ((5, 5), ((6, 6),)), ((4, 6), ((6, 6),)), ((1, 5), ((1, 6),)), ((2, 6), ((1, 6),)), ((5, 3), ()), ((1, 3), ()), ((6, 3), ((6, 6),)), ((4, 5), ((6, 6),)), ((3, 6), ((6, 6),)), ((1, 4), ((1, 6),)), ((2, 5), ((1, 6),)), ((3, 6), ((1, 6),)), ((4, 3), ()), ((1, 2), ()), ((5, 3), ((6, 6),)), ((3, 5), ((6, 6),)), ((2, 6), ((6, 6),)), ((1, 3), ((1, 6),)), ((3, 5), ((1, 6),)), ((4, 6), ((1, 6),)), ((3, 3), ()), ((1, 1), ((1, 1),)), ((4, 3), ((6, 6),)), ((2, 5), ((6, 6),)), ((1, 6), ((1, 6), (6, 6))), ((1, 2), ((1, 6),)), ((4, 5), ((1, 6),)), ((5, 6), ((1, 6),)), ((3, 2), ()), ((1, 2), ((1, 1),)), ((3, 3), ((6, 6),)), ((1, 5), ((6, 6),)), ((1, 5), ((1, 6), (6, 6))), ((2, 6), ((1, 6), (6, 6))), ((1, 1), ((1, 1), (1, 6))), ((5, 5), ((1, 6),)), ((6, 6), ((1, 6), (6, 6))), ((3, 1), ()), ((1, 3), ((1, 1),)), ((3, 2), ((6, 6),)), ((1, 4), ((6, 6),)), ((1, 4), ((1, 6), (6, 6))), ((2, 5), ((1, 6), (6, 6))), ((3, 6), ((1, 6), (6, 6))), ((1, 2), ((1, 1), (1, 6))), ((6, 5), ((1, 6),)), ((6, 5), ((1, 6), (6, 6))), ((5, 6), ((1, 6), (6, 6))), ((4, 1), ()), ((1, 4), ((1, 1),)), ((3, 1), ((6, 6),)), ((1, 3), ((6, 6),)), ((1, 3), ((1, 6), (6, 6))), ((3, 5), ((1, 6), (6, 6))), ((4, 6), ((1, 6), (6, 6))), ((1, 3), ((1, 1), (1, 6))), ((6, 4), ((1, 6),)), ((6, 4), ((1, 6), (6, 6)))]",11,0,11
78,"((5, 1), ())","((4, 1), ())",East,"[((6, 1), ((6, 1),)) via East]","[((5, 1), ()), ((1, 5), ((1, 1),)), ((4, 1), ((6, 6),)), ((1, 2), ((6, 6),)), ((1, 2), ((1, 6), (6, 6))), ((4, 5), ((1, 6), (6, 6))), ((1, 4), ((1, 1), (1, 6))), ((6, 3), ((1, 6),)), ((6, 3), ((1, 6), (6, 6)))]","[((1, 5), ((1, 1),)), ((4, 1), ((6, 6),)), ((1, 2), ((6, 6),)), ((1, 2), ((1, 6), (6, 6))), ((4, 5), ((1, 6), (6, 6))), ((1, 4), ((1, 1), (1, 6))), ((6, 3), ((1, 6),)), ((6, 3), ((1, 6), (6, 6))), ((6, 1), ((6, 1),))]","[((4, 5), ()), ((4, 6), ()), ((5, 5), ()), ((3, 5), ()), ((5, 6), ()), ((3, 6), ()), ((6, 5), ()), ((2, 5), ()), ((6, 6), ((6, 6),)), ((2, 6), ()), ((6, 4), ()), ((1, 5), ()), ((6, 5), ((6, 6),)), ((5, 6), ((6, 6),)), ((1, 6), ((1, 6),)), ((6, 3), ()), ((1, 4), ()), ((6, 4), ((6, 6),)), ((5, 5), ((6, 6),)), ((4, 6), ((6, 6),)), ((1, 5), ((1, 6),)), ((2, 6), ((1, 6),)), ((5, 3), ()), ((1, 3), ()), ((6, 3), ((6, 6),)), ((4, 5), ((6, 6),)), ((3, 6), ((6, 6),)), ((1, 4), ((1, 6),)), ((2, 5), ((1, 6),)), ((3, 6), ((1, 6),)), ((4, 3), ()), ((1, 2), ()), ((5, 3), ((6, 6),)), ((3, 5), ((6, 6),)), ((2, 6), ((6, 6),)), ((1, 3), ((1, 6),)), ((3, 5), ((1, 6),)), ((4, 6), ((1, 6),)), ((3, 3), ()), ((1, 1), ((1, 1),)), ((4, 3), ((6, 6),)), ((2, 5), ((6, 6),)), ((1, 6), ((1, 6), (6, 6))), ((1, 2), ((1, 6),)), ((4, 5), ((1, 6),)), ((5, 6), ((1, 6),)), ((3, 2), ()), ((1, 2), ((1, 1),)), ((3, 3), ((6, 6),)), ((1, 5), ((6, 6),)), ((1, 5), ((1, 6), (6, 6))), ((2, 6), ((1, 6), (6, 6))), ((1, 1), ((1, 1), (1, 6))), ((5, 5), ((1, 6),)), ((6, 6), ((1, 6), (6, 6))), ((3, 1), ()), ((1, 3), ((1, 1),)), ((3, 2), ((6, 6),)), ((1, 4), ((6, 6),)), ((1, 4), ((1, 6), (6, 6))), ((2, 5), ((1, 6), (6, 6))), ((3, 6), ((1, 6), (6, 6))), ((1, 2), ((1, 1), (1, 6))), ((6, 5), ((1, 6),)), ((6, 5), ((1, 6), (6, 6))), ((5, 6), ((1, 6), (6, 6))), ((4, 1), ()), ((1, 4), ((1, 1),)), ((3, 1), ((6, 6),)), ((1, 3), ((6, 6),)), ((1, 3), ((1, 6), (6, 6))), ((3, 5), ((1, 6), (6, 6))), ((4, 6), ((1, 6), (6, 6))), ((1, 3), ((1, 1), (1, 6))), ((6, 4), ((1, 6),)), ((6, 4), ((1, 6), (6, 6))), ((5, 5), ((1, 6), (6, 6)))]",11,0,11
79,"((1, 5), ((1, 1),))","((1, 4), ((1, 1),))",North,"[((1, 6), ((1, 1), (1, 6))) via North, ((2, 5), ((1, 1),)) via East]","[((1, 5), ((1, 1),)), ((4, 1), ((6, 6),)), ((1, 2), ((6, 6),)), ((1, 2), ((1, 6), (6, 6))), ((4, 5), ((1, 6), (6, 6))), ((1, 4), ((1, 1), (1, 6))), ((6, 3), ((1, 6),)), ((6, 3), ((1, 6), (6, 6))), ((6, 1), ((6, 1),))]","[((4, 1), ((6, 6),)), ((1, 2), ((6, 6),)), ((1, 2), ((1, 6), (6, 6))), ((4, 5), ((1, 6), (6, 6))), ((1, 4), ((1, 1), (1, 6))), ((6, 3), ((1, 6),)), ((6, 3), ((1, 6), (6, 6))), ((6, 1), ((6, 1),)), ((1, 6), ((1, 1), (1, 6))), ((2, 5), ((1, 1),))]","[((4, 5), ()), ((4, 6), ()), ((5, 5), ()), ((3, 5), ()), ((5, 6), ()), ((3, 6), ()), ((6, 5), ()), ((2, 5), ()), ((6, 6), ((6, 6),)), ((2, 6), ()), ((6, 4), ()), ((1, 5), ()), ((6, 5), ((6, 6),)), ((5, 6), ((6, 6),)), ((1, 6), ((1, 6),)), ((6, 3), ()), ((1, 4), ()), ((6, 4), ((6, 6),)), ((5, 5), ((6, 6),)), ((4, 6), ((6, 6),)), ((1, 5), ((1, 6),)), ((2, 6), ((1, 6),)), ((5, 3), ()), ((1, 3), ()), ((6, 3), ((6, 6),)), ((4, 5), ((6, 6),)), ((3, 6), ((6, 6),)), ((1, 4), ((1, 6),)), ((2, 5), ((1, 6),)), ((3, 6), ((1, 6),)), ((4, 3), ()), ((1, 2), ()), ((5, 3), ((6, 6),)), ((3, 5), ((6, 6),)), ((2, 6), ((6, 6),)), ((1, 3), ((1, 6),)), ((3, 5), ((1, 6),)), ((4, 6), ((1, 6),)), ((3, 3), ()), ((1, 1), ((1, 1),)), ((4, 3), ((6, 6),)), ((2, 5), ((6, 6),)), ((1, 6), ((1, 6), (6, 6))), ((1, 2), ((1, 6),)), ((4, 5), ((1, 6),)), ((5, 6), ((1, 6),)), ((3, 2), ()), ((1, 2), ((1, 1),)), ((3, 3), ((6, 6),)), ((1, 5), ((6, 6),)), ((1, 5), ((1, 6), (6, 6))), ((2, 6), ((1, 6), (6, 6))), ((1, 1), ((1, 1), (1, 6))), ((5, 5), ((1, 6),)), ((6, 6), ((1, 6), (6, 6))), ((3, 1), ()), ((1, 3), ((1, 1),)), ((3, 2), ((6, 6),)), ((1, 4), ((6, 6),)), ((1, 4), ((1, 6), (6, 6))), ((2, 5), ((1, 6), (6, 6))), ((3, 6), ((1, 6), (6, 6))), ((1, 2), ((1, 1), (1, 6))), ((6, 5), ((1, 6),)), ((6, 5), ((1, 6), (6, 6))), ((5, 6), ((1, 6), (6, 6))), ((4, 1), ()), ((1, 4), ((1, 1),)), ((3, 1), ((6, 6),)), ((1, 3), ((6, 6),)), ((1, 3), ((1, 6), (6, 6))), ((3, 5), ((1, 6), (6, 6))), ((4, 6), ((1, 6), (6, 6))), ((1, 3), ((1, 1), (1, 6))), ((6, 4), ((1, 6),)), ((6, 4), ((1, 6), (6, 6))), ((5, 5), ((1, 6), (6, 6))), ((5, 1), ())]",11,0,11
80,"((4, 1), ((6, 6),))","((3, 1), ((6, 6),))",East,"[((5, 1), ((6, 6),)) via East]","[((4, 1), ((6, 6),)), ((1, 2), ((6, 6),)), ((1, 2), ((1, 6), (6, 6))), ((4, 5), ((1, 6), (6, 6))), ((1, 4), ((1, 1), (1, 6))), ((6, 3), ((1, 6),)), ((6, 3), ((1, 6), (6, 6))), ((6, 1), ((6, 1),)), ((1, 6), ((1, 1), (1, 6))), ((2, 5), ((1, 1),))]","[((1, 2), ((6, 6),)), ((1, 2), ((1, 6), (6, 6))), ((4, 5), ((1, 6), (6, 6))), ((1, 4), ((1, 1), (1, 6))), ((6, 3), ((1, 6),)), ((6, 3), ((1, 6), (6, 6))), ((6, 1), ((6, 1),)), ((1, 6), ((1, 1), (1, 6))), ((2, 5), ((1, 1),)), ((5, 1), ((6, 6),))]","[((4, 5), ()), ((4, 6), ()), ((5, 5), ()), ((3, 5), ()), ((5, 6), ()), ((3, 6), ()), ((6, 5), ()), ((2, 5), ()), ((6, 6), ((6, 6),)), ((2, 6), ()), ((6, 4), ()), ((1, 5), ()), ((6, 5), ((6, 6),)), ((5, 6), ((6, 6),)), ((1, 6), ((1, 6),)), ((6, 3), ()), ((1, 4), ()), ((6, 4), ((6, 6),)), ((5, 5), ((6, 6),)), ((4, 6), ((6, 6),)), ((1, 5), ((1, 6),)), ((2, 6), ((1, 6),)), ((5, 3), ()), ((1, 3), ()), ((6, 3), ((6, 6),)), ((4, 5), ((6, 6),)), ((3, 6), ((6, 6),)), ((1, 4), ((1, 6),)), ((2, 5), ((1, 6),)), ((3, 6), ((1, 6),)), ((4, 3), ()), ((1, 2), ()), ((5, 3), ((6, 6),)), ((3, 5), ((6, 6),)), ((2, 6), ((6, 6),)), ((1, 3), ((1, 6),)), ((3, 5), ((1, 6),)), ((4, 6), ((1, 6),)), ((3, 3), ()), ((1, 1), ((1, 1),)), ((4, 3), ((6, 6),)), ((2, 5), ((6, 6),)), ((1, 6), ((1, 6), (6, 6))), ((1, 2), ((1, 6),)), ((4, 5), ((1, 6),)), ((5, 6), ((1, 6),)), ((3, 2), ()), ((1, 2), ((1, 1),)), ((3, 3), ((6, 6),)), ((1, 5), ((6, 6),)), ((1, 5), ((1, 6), (6, 6))), ((2, 6), ((1, 6), (6, 6))), ((1, 1), ((1, 1), (1, 6))), ((5, 5), ((1, 6),)), ((6, 6), ((1, 6), (6, 6))), ((3, 1), ()), ((1, 3), ((1, 1),)), ((3, 2), ((6, 6),)), ((1, 4), ((6, 6),)), ((1, 4), ((1, 6), (6, 6))), ((2, 5), ((1, 6), (6, 6))), ((3, 6), ((1, 6), (6, 6))), ((1, 2), ((1, 1), (1, 6))), ((6, 5), ((1, 6),)), ((6, 5), ((1, 6), (6, 6))), ((5, 6), ((1, 6), (6, 6))), ((4, 1), ()), ((1, 4), ((1, 1),)), ((3, 1), ((6, 6),)), ((1, 3), ((6, 6),)), ((1, 3), ((1, 6), (6, 6))), ((3, 5), ((1, 6), (6, 6))), ((4, 6), ((1, 6), (6, 6))), ((1, 3), ((1, 1), (1, 6))), ((6, 4), ((1, 6),)), ((6, 4), ((1, 6), (6, 6))), ((5, 5), ((1, 6), (6, 6))), ((5, 1), ()), ((1, 5), ((1, 1),))]",12,0,12
81,"((1, 2), ((6, 6),))","((1, 3), ((6, 6),))",South,"[((1, 1), ((1, 1), (6, 6))) via South]","[((1, 2), ((6, 6),)), ((1, 2), ((1, 6), (6, 6))), ((4, 5), ((1, 6), (6, 6))), ((1, 4), ((1, 1), (1, 6))), ((6, 3), ((1, 6),)), ((6, 3), ((1, 6), (6, 6))), ((6, 1), ((6, 1),)), ((1, 6), ((1, 1), (1, 6))), ((2, 5), ((1, 1),)), ((5, 1), ((6, 6),))]","[((1, 2), ((1, 6), (6, 6))), ((4, 5), ((1, 6), (6, 6))), ((1, 4), ((1, 1), (1, 6))), ((6, 3), ((1, 6),)), ((6, 3), ((1, 6), (6, 6))), ((6, 1), ((6, 1),)), ((1, 6), ((1, 1), (1, 6))), ((2, 5), ((1, 1),)), ((5, 1), ((6, 6),)), ((1, 1), ((1, 1), (6, 6)))]","[((4, 5), ()), ((4, 6), ()), ((5, 5), ()), ((3, 5), ()), ((5, 6), ()), ((3, 6), ()), ((6, 5), ()), ((2, 5), ()), ((6, 6), ((6, 6),)), ((2, 6), ()), ((6, 4), ()), ((1, 5), ()), ((6, 5), ((6, 6),)), ((5, 6), ((6, 6),)), ((1, 6), ((1, 6),)), ((6, 3), ()), ((1, 4), ()), ((6, 4), ((6, 6),)), ((5, 5), ((6, 6),)), ((4, 6), ((6, 6),)), ((1, 5), ((1, 6),)), ((2, 6), ((1, 6),)), ((5, 3), ()), ((1, 3), ()), ((6, 3), ((6, 6),)), ((4, 5), ((6, 6),)), ((3, 6), ((6, 6),)), ((1, 4), ((1, 6),)), ((2, 5), ((1, 6),)), ((3, 6), ((1, 6),)), ((4, 3), ()), ((1, 2), ()), ((5, 3), ((6, 6),)), ((3, 5), ((6, 6),)), ((2, 6), ((6, 6),)), ((1, 3), ((1, 6),)), ((3, 5), ((1, 6),)), ((4, 6), ((1, 6),)), ((3, 3), ()), ((1, 1), ((1, 1),)), ((4, 3), ((6, 6),)), ((2, 5), ((6, 6),)), ((1, 6), ((1, 6), (6, 6))), ((1, 2), ((1, 6),)), ((4, 5), ((1, 6),)), ((5, 6), ((1, 6),)), ((3, 2), ()), ((1, 2), ((1, 1),)), ((3, 3), ((6, 6),)), ((1, 5), ((6, 6),)), ((1, 5), ((1, 6), (6, 6))), ((2, 6), ((1, 6), (6, 6))), ((1, 1), ((1, 1), (1, 6))), ((5, 5), ((1, 6),)), ((6, 6), ((1, 6), (6, 6))), ((3, 1), ()), ((1, 3), ((1, 1),)), ((3, 2), ((6, 6),)), ((1, 4), ((6, 6),)), ((1, 4), ((1, 6), (6, 6))), ((2, 5), ((1, 6), (6, 6))), ((3, 6), ((1, 6), (6, 6))), ((1, 2), ((1, 1), (1, 6))), ((6, 5), ((1, 6),)), ((6, 5), ((1, 6), (6, 6))), ((5, 6), ((1, 6), (6, 6))), ((4, 1), ()), ((1, 4), ((1, 1),)), ((3, 1), ((6, 6),)), ((1, 3), ((6, 6),)), ((1, 3), ((1, 6), (6, 6))), ((3, 5), ((1, 6), (6, 6))), ((4, 6), ((1, 6), (6, 6))), ((1, 3), ((1, 1), (1, 6))), ((6, 4), ((1, 6),)), ((6, 4), ((1, 6), (6, 6))), ((5, 5), ((1, 6), (6, 6))), ((5, 1), ()), ((1, 5), ((1, 1),)), ((4, 1), ((6, 6),))]",12,0,12
82,"((1, 2), ((1, 6), (6, 6)))","((1, 3), ((1, 6), (6, 6)))",South,"[((1, 1), ((1, 1), (1, 6), (6, 6))) via South]","[((1, 2), ((1, 6), (6, 6))), ((4, 5), ((1, 6), (6, 6))), ((1, 4), ((1, 1), (1, 6))), ((6, 3), ((1, 6),)), ((6, 3), ((1, 6), (6, 6))), ((6, 1), ((6, 1),)), ((1, 6), ((1, 1), (1, 6))), ((2, 5), ((1, 1),)), ((5, 1), ((6, 6),)), ((1, 1), ((1, 1), (6, 6)))]","[((4, 5), ((1, 6), (6, 6))), ((1, 4), ((1, 1), (1, 6))), ((6, 3), ((1, 6),)), ((6, 3), ((1, 6), (6, 6))), ((6, 1), ((6, 1),)), ((1, 6), ((1, 1), (1, 6))), ((2, 5), ((1, 1),)), ((5, 1), ((6, 6),)), ((1, 1), ((1, 1), (6, 6))), ((1, 1), ((1, 1), (1, 6), (6, 6)))]","[((4, 5), ()), ((4, 6), ()), ((5, 5), ()), ((3, 5), ()), ((5, 6), ()), ((3, 6), ()), ((6, 5), ()), ((2, 5), ()), ((6, 6), ((6, 6),)), ((2, 6), ()), ((6, 4), ()), ((1, 5), ()), ((6, 5), ((6, 6),)), ((5, 6), ((6, 6),)), ((1, 6), ((1, 6),)), ((6, 3), ()), ((1, 4), ()), ((6, 4), ((6, 6),)), ((5, 5), ((6, 6),)), ((4, 6), ((6, 6),)), ((1, 5), ((1, 6),)), ((2, 6), ((1, 6),)), ((5, 3), ()), ((1, 3), ()), ((6, 3), ((6, 6),)), ((4, 5), ((6, 6),)), ((3, 6), ((6, 6),)), ((1, 4), ((1, 6),)), ((2, 5), ((1, 6),)), ((3, 6), ((1, 6),)), ((4, 3), ()), ((1, 2), ()), ((5, 3), ((6, 6),)), ((3, 5), ((6, 6),)), ((2, 6), ((6, 6),)), ((1, 3), ((1, 6),)), ((3, 5), ((1, 6),)), ((4, 6), ((1, 6),)), ((3, 3), ()), ((1, 1), ((1, 1),)), ((4, 3), ((6, 6),)), ((2, 5), ((6, 6),)), ((1, 6), ((1, 6), (6, 6))), ((1, 2), ((1, 6),)), ((4, 5), ((1, 6),)), ((5, 6), ((1, 6),)), ((3, 2), ()), ((1, 2), ((1, 1),)), ((3, 3), ((6, 6),)), ((1, 5), ((6, 6),)), ((1, 5), ((1, 6), (6, 6))), ((2, 6), ((1, 6), (6, 6))), ((1, 1), ((1, 1), (1, 6))), ((5, 5), ((1, 6),)), ((6, 6), ((1, 6), (6, 6))), ((3, 1), ()), ((1, 3), ((1, 1),)), ((3, 2), ((6, 6),)), ((1, 4), ((6, 6),)), ((1, 4), ((1, 6), (6, 6))), ((2, 5), ((1, 6), (6, 6))), ((3, 6), ((1, 6), (6, 6))), ((1, 2), ((1, 1), (1, 6))), ((6, 5), ((1, 6),)), ((6, 5), ((1, 6), (6, 6))), ((5, 6), ((1, 6), (6, 6))), ((4, 1), ()), ((1, 4), ((1, 1),)), ((3, 1), ((6, 6),)), ((1, 3), ((6, 6),)), ((1, 3), ((1, 6), (6, 6))), ((3, 5), ((1, 6), (6, 6))), ((4, 6), ((1, 6), (6, 6))), ((1, 3), ((1, 1), (1, 6))), ((6, 4), ((1, 6),)), ((6, 4), ((1, 6), (6, 6))), ((5, 5), ((1, 6), (6, 6))), ((5, 1), ()), ((1, 5), ((1, 1),)), ((4, 1), ((6, 6),)), ((1, 2), ((6, 6),))]",12,0,12
83,"((4, 5), ((1, 6), (6, 6)))","((3, 5), ((1, 6), (6, 6)))",East,[],"[((4, 5), ((1, 6), (6, 6))), ((1, 4), ((1, 1), (1, 6))), ((6, 3), ((1, 6),)), ((6, 3), ((1, 6), (6, 6))), ((6, 1), ((6, 1),)), ((1, 6), ((1, 1), (1, 6))), ((2, 5), ((1, 1),)), ((5, 1), ((6, 6),)), ((1, 1), ((1, 1), (6, 6))), ((1, 1), ((1, 1), (1, 6), (6, 6)))]","[((1, 4), ((1, 1), (1, 6))), ((6, 3), ((1, 6),)), ((6, 3), ((1, 6), (6, 6))), ((6, 1), ((6, 1),)), ((1, 6), ((1, 1), (1, 6))), ((2, 5), ((1, 1),)), ((5, 1), ((6, 6),)), ((1, 1), ((1, 1), (6, 6))), ((1, 1), ((1, 1), (1, 6), (6, 6)))]","[((4, 5), ()), ((4, 6), ()), ((5, 5), ()), ((3, 5), ()), ((5, 6), ()), ((3, 6), ()), ((6, 5), ()), ((2, 5), ()), ((6, 6), ((6, 6),)), ((2, 6), ()), ((6, 4), ()), ((1, 5), ()), ((6, 5), ((6, 6),)), ((5, 6), ((6, 6),)), ((1, 6), ((1, 6),)), ((6, 3), ()), ((1, 4), ()), ((6, 4), ((6, 6),)), ((5, 5), ((6, 6),)), ((4, 6), ((6, 6),)), ((1, 5), ((1, 6),)), ((2, 6), ((1, 6),)), ((5, 3), ()), ((1, 3), ()), ((6, 3), ((6, 6),)), ((4, 5), ((6, 6),)), ((3, 6), ((6, 6),)), ((1, 4), ((1, 6),)), ((2, 5), ((1, 6),)), ((3, 6), ((1, 6),)), ((4, 3), ()), ((1, 2), ()), ((5, 3), ((6, 6),)), ((3, 5), ((6, 6),)), ((2, 6), ((6, 6),)), ((1, 3), ((1, 6),)), ((3, 5), ((1, 6),)), ((4, 6), ((1, 6),)), ((3, 3), ()), ((1, 1), ((1, 1),)), ((4, 3), ((6, 6),)), ((2, 5), ((6, 6),)), ((1, 6), ((1, 6), (6, 6))), ((1, 2), ((1, 6),)), ((4, 5), ((1, 6),)), ((5, 6), ((1, 6),)), ((3, 2), ()), ((1, 2), ((1, 1),)), ((3, 3), ((6, 6),)), ((1, 5), ((6, 6),)), ((1, 5), ((1, 6), (6, 6))), ((2, 6), ((1, 6), (6, 6))), ((1, 1), ((1, 1), (1, 6))), ((5, 5), ((1, 6),)), ((6, 6), ((1, 6), (6, 6))), ((3, 1), ()), ((1, 3), ((1, 1),)), ((3, 2), ((6, 6),)), ((1, 4), ((6, 6),)), ((1, 4), ((1, 6), (6, 6))), ((2, 5), ((1, 6), (6, 6))), ((3, 6), ((1, 6), (6, 6))), ((1, 2), ((1, 1), (1, 6))), ((6, 5), ((1, 6),)), ((6, 5), ((1, 6), (6, 6))), ((5, 6), ((1, 6), (6, 6))), ((4, 1), ()), ((1, 4), ((1, 1),)), ((3, 1), ((6, 6),)), ((1, 3), ((6, 6),)), ((1, 3), ((1, 6), (6, 6))), ((3, 5), ((1, 6), (6, 6))), ((4, 6), ((1, 6), (6, 6))), ((1, 3), ((1, 1), (1, 6))), ((6, 4), ((1, 6),)), ((6, 4), ((1, 6), (6, 6))), ((5, 5), ((1, 6), (6, 6))), ((5, 1), ()), ((1, 5), ((1, 1),)), ((4, 1), ((6, 6),)), ((1, 2), ((6, 6),)), ((1, 2), ((1, 6), (6, 6)))]",12,0,12
84,"((1, 4), ((1, 1), (1, 6)))","((1, 3), ((1, 1), (1, 6)))",North,"[((1, 5), ((1, 1), (1, 6))) via North]","[((1, 4), ((1, 1), (1, 6))), ((6, 3), ((1, 6),)), ((6, 3), ((1, 6), (6, 6))), ((6, 1), ((6, 1),)), ((1, 6), ((1, 1), (1, 6))), ((2, 5), ((1, 1),)), ((5, 1), ((6, 6),)), ((1, 1), ((1, 1), (6, 6))), ((1, 1), ((1, 1), (1, 6), (6, 6)))]","[((6, 3), ((1, 6),)), ((6, 3), ((1, 6), (6, 6))), ((6, 1), ((6, 1),)), ((1, 6), ((1, 1), (1, 6))), ((2, 5), ((1, 1),)), ((5, 1), ((6, 6),)), ((1, 1), ((1, 1), (6, 6))), ((1, 1), ((1, 1), (1, 6), (6, 6))), ((1, 5), ((1, 1), (1, 6)))]","[((4, 5), ()), ((4, 6), ()), ((5, 5), ()), ((3, 5), ()), ((5, 6), ()), ((3, 6), ()), ((6, 5), ()), ((2, 5), ()), ((6, 6), ((6, 6),)), ((2, 6), ()), ((6, 4), ()), ((1, 5), ()), ((6, 5), ((6, 6),)), ((5, 6), ((6, 6),)), ((1, 6), ((1, 6),)), ((6, 3), ()), ((1, 4), ()), ((6, 4), ((6, 6),)), ((5, 5), ((6, 6),)), ((4, 6), ((6, 6),)), ((1, 5), ((1, 6),)), ((2, 6), ((1, 6),)), ((5, 3), ()), ((1, 3), ()), ((6, 3), ((6, 6),)), ((4, 5), ((6, 6),)), ((3, 6), ((6, 6),)), ((1, 4), ((1, 6),)), ((2, 5), ((1, 6),)), ((3, 6), ((1, 6),)), ((4, 3), ()), ((1, 2), ()), ((5, 3), ((6, 6),)), ((3, 5), ((6, 6),)), ((2, 6), ((6, 6),)), ((1, 3), ((1, 6),)), ((3, 5), ((1, 6),)), ((4, 6), ((1, 6),)), ((3, 3), ()), ((1, 1), ((1, 1),)), ((4, 3), ((6, 6),)), ((2, 5), ((6, 6),)), ((1, 6), ((1, 6), (6, 6))), ((1, 2), ((1, 6),)), ((4, 5), ((1, 6),)), ((5, 6), ((1, 6),)), ((3, 2), ()), ((1, 2), ((1, 1),)), ((3, 3), ((6, 6),)), ((1, 5), ((6, 6),)), ((1, 5), ((1, 6), (6, 6))), ((2, 6), ((1, 6), (6, 6))), ((1, 1), ((1, 1), (1, 6))), ((5, 5), ((1, 6),)), ((6, 6), ((1, 6), (6, 6))), ((3, 1), ()), ((1, 3), ((1, 1),)), ((3, 2), ((6, 6),)), ((1, 4), ((6, 6),)), ((1, 4), ((1, 6), (6, 6))), ((2, 5), ((1, 6), (6, 6))), ((3, 6), ((1, 6), (6, 6))), ((1, 2), ((1, 1), (1, 6))), ((6, 5), ((1, 6),)), ((6, 5), ((1, 6), (6, 6))), ((5, 6), ((1, 6), (6, 6))), ((4, 1), ()), ((1, 4), ((1, 1),)), ((3, 1), ((6, 6),)), ((1, 3), ((6, 6),)), ((1, 3), ((1, 6), (6, 6))), ((3, 5), ((1, 6), (6, 6))), ((4, 6), ((1, 6), (6, 6))), ((1, 3), ((1, 1), (1, 6))), ((6, 4), ((1, 6),)), ((6, 4), ((1, 6), (6, 6))), ((5, 5), ((1, 6), (6, 6))), ((5, 1), ()), ((1, 5), ((1, 1),)), ((4, 1), ((6, 6),)), ((1, 2), ((6, 6),)), ((1, 2), ((1, 6), (6, 6))), ((4, 5), ((1, 6), (6, 6)))]",12,0,12
85,"((6, 3), ((1, 6),))","((6, 4), ((1, 6),))",South,"[((5, 3), ((1, 6),)) via West]","[((6, 3), ((1, 6),)), ((6, 3), ((1, 6), (6, 6))), ((6, 1), ((6, 1),)), ((1, 6), ((1, 1), (1, 6))), ((2, 5), ((1, 1),)), ((5, 1), ((6, 6),)), ((1, 1), ((1, 1), (6, 6))), ((1, 1), ((1, 1), (1, 6), (6, 6))), ((1, 5), ((1, 1), (1, 6)))]","[((6, 3), ((1, 6), (6, 6))), ((6, 1), ((6, 1),)), ((1, 6), ((1, 1), (1, 6))), ((2, 5), ((1, 1),)), ((5, 1), ((6, 6),)), ((1, 1), ((1, 1), (6, 6))), ((1, 1), ((1, 1), (1, 6), (6, 6))), ((1, 5), ((1, 1), (1, 6))), ((5, 3), ((1, 6),))]","[((4, 5), ()), ((4, 6), ()), ((5, 5), ()), ((3, 5), ()), ((5, 6), ()), ((3, 6), ()), ((6, 5), ()), ((2, 5), ()), ((6, 6), ((6, 6),)), ((2, 6), ()), ((6, 4), ()), ((1, 5), ()), ((6, 5), ((6, 6),)), ((5, 6), ((6, 6),)), ((1, 6), ((1, 6),)), ((6, 3), ()), ((1, 4), ()), ((6, 4), ((6, 6),)), ((5, 5), ((6, 6),)), ((4, 6), ((6, 6),)), ((1, 5), ((1, 6),)), ((2, 6), ((1, 6),)), ((5, 3), ()), ((1, 3), ()), ((6, 3), ((6, 6),)), ((4, 5), ((6, 6),)), ((3, 6), ((6, 6),)), ((1, 4), ((1, 6),)), ((2, 5), ((1, 6),)), ((3, 6), ((1, 6),)), ((4, 3), ()), ((1, 2), ()), ((5, 3), ((6, 6),)), ((3, 5), ((6, 6),)), ((2, 6), ((6, 6),)), ((1, 3), ((1, 6),)), ((3, 5), ((1, 6),)), ((4, 6), ((1, 6),)), ((3, 3), ()), ((1, 1), ((1, 1),)), ((4, 3), ((6, 6),)), ((2, 5), ((6, 6),)), ((1, 6), ((1, 6), (6, 6))), ((1, 2), ((1, 6),)), ((4, 5), ((1, 6),)), ((5, 6), ((1, 6),)), ((3, 2), ()), ((1, 2), ((1, 1),)), ((3, 3), ((6, 6),)), ((1, 5), ((6, 6),)), ((1, 5), ((1, 6), (6, 6))), ((2, 6), ((1, 6), (6, 6))), ((1, 1), ((1, 1), (1, 6))), ((5, 5), ((1, 6),)), ((6, 6), ((1, 6), (6, 6))), ((3, 1), ()), ((1, 3), ((1, 1),)), ((3, 2), ((6, 6),)), ((1, 4), ((6, 6),)), ((1, 4), ((1, 6), (6, 6))), ((2, 5), ((1, 6), (6, 6))), ((3, 6), ((1, 6), (6, 6))), ((1, 2), ((1, 1), (1, 6))), ((6, 5), ((1, 6),)), ((6, 5), ((1, 6), (6, 6))), ((5, 6), ((1, 6), (6, 6))), ((4, 1), ()), ((1, 4), ((1, 1),)), ((3, 1), ((6, 6),)), ((1, 3), ((6, 6),)), ((1, 3), ((1, 6), (6, 6))), ((3, 5), ((1, 6), (6, 6))), ((4, 6), ((1, 6), (6, 6))), ((1, 3), ((1, 1), (1, 6))), ((6, 4), ((1, 6),)), ((6, 4), ((1, 6), (6, 6))), ((5, 5), ((1, 6), (6, 6))), ((5, 1), ()), ((1, 5), ((1, 1),)), ((4, 1), ((6, 6),)), ((1, 2), ((6, 6),)), ((1, 2), ((1, 6), (6, 6))), ((4, 5), ((1, 6), (6, 6))), ((1, 4), ((1, 1), (1, 6)))]",12,0,12
86,"((6, 3), ((1, 6), (6, 6)))","((6, 4), ((1, 6), (6, 6)))",South,"[((5, 3), ((1, 6), (6, 6))) via West]","[((6, 3), ((1, 6), (6, 6))), ((6, 1), ((6, 1),)), ((1, 6), ((1, 1), (1, 6))), ((2, 5), ((1, 1),)), ((5, 1), ((6, 6),)), ((1, 1), ((1, 1), (6, 6))), ((1, 1), ((1, 1), (1, 6), (6, 6))), ((1, 5), ((1, 1), (1, 6))), ((5, 3), ((1, 6),))]","[((6, 1), ((6, 1),)), ((1, 6), ((1, 1), (1, 6))), ((2, 5), ((1, 1),)), ((5, 1), ((6, 6),)), ((1, 1), ((1, 1), (6, 6))), ((1, 1), ((1, 1), (1, 6), (6, 6))), ((1, 5), ((1, 1), (1, 6))), ((5, 3), ((1, 6),)), ((5, 3), ((1, 6), (6, 6)))]","[((4, 5), ()), ((4, 6), ()), ((5, 5), ()), ((3, 5), ()), ((5, 6), ()), ((3, 6), ()), ((6, 5), ()), ((2, 5), ()), ((6, 6), ((6, 6),)), ((2, 6), ()), ((6, 4), ()), ((1, 5), ()), ((6, 5), ((6, 6),)), ((5, 6), ((6, 6),)), ((1, 6), ((1, 6),)), ((6, 3), ()), ((1, 4), ()), ((6, 4), ((6, 6),)), ((5, 5), ((6, 6),)), ((4, 6), ((6, 6),)), ((1, 5), ((1, 6),)), ((2, 6), ((1, 6),)), ((5, 3), ()), ((1, 3), ()), ((6, 3), ((6, 6),)), ((4, 5), ((6, 6),)), ((3, 6), ((6, 6),)), ((1, 4), ((1, 6),)), ((2, 5), ((1, 6),)), ((3, 6), ((1, 6),)), ((4, 3), ()), ((1, 2), ()), ((5, 3), ((6, 6),)), ((3, 5), ((6, 6),)), ((2, 6), ((6, 6),)), ((1, 3), ((1, 6),)), ((3, 5), ((1, 6),)), ((4, 6), ((1, 6),)), ((3, 3), ()), ((1, 1), ((1, 1),)), ((4, 3), ((6, 6),)), ((2, 5), ((6, 6),)), ((1, 6), ((1, 6), (6, 6))), ((1, 2), ((1, 6),)), ((4, 5), ((1, 6),)), ((5, 6), ((1, 6),)), ((3, 2), ()), ((1, 2), ((1, 1),)), ((3, 3), ((6, 6),)), ((1, 5), ((6, 6),)), ((1, 5), ((1, 6), (6, 6))), ((2, 6), ((1, 6), (6, 6))), ((1, 1), ((1, 1), (1, 6))), ((5, 5), ((1, 6),)), ((6, 6), ((1, 6), (6, 6))), ((3, 1), ()), ((1, 3), ((1, 1),)), ((3, 2), ((6, 6),)), ((1, 4), ((6, 6),)), ((1, 4), ((1, 6), (6, 6))), ((2, 5), ((1, 6), (6, 6))), ((3, 6), ((1, 6), (6, 6))), ((1, 2), ((1, 1), (1, 6))), ((6, 5), ((1, 6),)), ((6, 5), ((1, 6), (6, 6))), ((5, 6), ((1, 6), (6, 6))), ((4, 1), ()), ((1, 4), ((1, 1),)), ((3, 1), ((6, 6),)), ((1, 3), ((6, 6),)), ((1, 3), ((1, 6), (6, 6))), ((3, 5), ((1, 6), (6, 6))), ((4, 6), ((1, 6), (6, 6))), ((1, 3), ((1, 1), (1, 6))), ((6, 4), ((1, 6),)), ((6, 4), ((1, 6), (6, 6))), ((5, 5), ((1, 6), (6, 6))), ((5, 1), ()), ((1, 5), ((1, 1),)), ((4, 1), ((6, 6),)), ((1, 2), ((6, 6),)), ((1, 2), ((1, 6), (6, 6))), ((4, 5), ((1, 6), (6, 6))), ((1, 4), ((1, 1), (1, 6))), ((6, 3), ((1, 6),))]",12,0,12
87,"((6, 1), ((6, 1),))","((5, 1), ())",East,"[((5, 1), ((6, 1),)) via West]","[((6, 1), ((6, 1),)), ((1, 6), ((1, 1), (1, 6))), ((2, 5), ((1, 1),)), ((5, 1), ((6, 6),)), ((1, 1), ((1, 1), (6, 6))), ((1, 1), ((1, 1), (1, 6), (6, 6))), ((1, 5), ((1, 1), (1, 6))), ((5, 3), ((1, 6),)), ((5, 3), ((1, 6), (6, 6)))]","[((1, 6), ((1, 1), (1, 6))), ((2, 5), ((1, 1),)), ((5, 1), ((6, 6),)), ((1, 1), ((1, 1), (6, 6))), ((1, 1), ((1, 1), (1, 6), (6, 6))), ((1, 5), ((1, 1), (1, 6))), ((5, 3), ((1, 6),)), ((5, 3), ((1, 6), (6, 6))), ((5, 1), ((6, 1),))]","[((4, 5), ()), ((4, 6), ()), ((5, 5), ()), ((3, 5), ()), ((5, 6), ()), ((3, 6), ()), ((6, 5), ()), ((2, 5), ()), ((6, 6), ((6, 6),)), ((2, 6), ()), ((6, 4), ()), ((1, 5), ()), ((6, 5), ((6, 6),)), ((5, 6), ((6, 6),)), ((1, 6), ((1, 6),)), ((6, 3), ()), ((1, 4), ()), ((6, 4), ((6, 6),)), ((5, 5), ((6, 6),)), ((4, 6), ((6, 6),)), ((1, 5), ((1, 6),)), ((2, 6), ((1, 6),)), ((5, 3), ()), ((1, 3), ()), ((6, 3), ((6, 6),)), ((4, 5), ((6, 6),)), ((3, 6), ((6, 6),)), ((1, 4), ((1, 6),)), ((2, 5), ((1, 6),)), ((3, 6), ((1, 6),)), ((4, 3), ()), ((1, 2), ()), ((5, 3), ((6, 6),)), ((3, 5), ((6, 6),)), ((2, 6), ((6, 6),)), ((1, 3), ((1, 6),)), ((3, 5), ((1, 6),)), ((4, 6), ((1, 6),)), ((3, 3), ()), ((1, 1), ((1, 1),)), ((4, 3), ((6, 6),)), ((2, 5), ((6, 6),)), ((1, 6), ((1, 6), (6, 6))), ((1, 2), ((1, 6),)), ((4, 5), ((1, 6),)), ((5, 6), ((1, 6),)), ((3, 2), ()), ((1, 2), ((1, 1),)), ((3, 3), ((6, 6),)), ((1, 5), ((6, 6),)), ((1, 5), ((1, 6), (6, 6))), ((2, 6), ((1, 6), (6, 6))), ((1, 1), ((1, 1), (1, 6))), ((5, 5), ((1, 6),)), ((6, 6), ((1, 6), (6, 6))), ((3, 1), ()), ((1, 3), ((1, 1),)), ((3, 2), ((6, 6),)), ((1, 4), ((6, 6),)), ((1, 4), ((1, 6), (6, 6))), ((2, 5), ((1, 6), (6, 6))), ((3, 6), ((1, 6), (6, 6))), ((1, 2), ((1, 1), (1, 6))), ((6, 5), ((1, 6),)), ((6, 5), ((1, 6), (6, 6))), ((5, 6), ((1, 6), (6, 6))), ((4, 1), ()), ((1, 4), ((1, 1),)), ((3, 1), ((6, 6),)), ((1, 3), ((6, 6),)), ((1, 3), ((1, 6), (6, 6))), ((3, 5), ((1, 6), (6, 6))), ((4, 6), ((1, 6), (6, 6))), ((1, 3), ((1, 1), (1, 6))), ((6, 4), ((1, 6),)), ((6, 4), ((1, 6), (6, 6))), ((5, 5), ((1, 6), (6, 6))), ((5, 1), ()), ((1, 5), ((1, 1),)), ((4, 1), ((6, 6),)), ((1, 2), ((6, 6),)), ((1, 2), ((1, 6), (6, 6))), ((4, 5), ((1, 6), (6, 6))), ((1, 4), ((1, 1), (1, 6))), ((6, 3), ((1, 6),)), ((6, 3), ((1, 6), (6, 6)))]",12,0,12
88,"((1, 6), ((1, 1), (1, 6)))","((1, 5), ((1, 1),))",North,"[((2, 6), ((1, 1), (1, 6))) via East]","[((1, 6), ((1, 1), (1, 6))), ((2, 5), ((1, 1),)), ((5, 1), ((6, 6),)), ((1, 1), ((1, 1), (6, 6))), ((1, 1), ((1, 1), (1, 6), (6, 6))), ((1, 5), ((1, 1), (1, 6))), ((5, 3), ((1, 6),)), ((5, 3), ((1, 6), (6, 6))), ((5, 1), ((6, 1),))]","[((2, 5), ((1, 1),)), ((5, 1), ((6, 6),)), ((1, 1), ((1, 1), (6, 6))), ((1, 1), ((1, 1), (1, 6), (6, 6))), ((1, 5), ((1, 1), (1, 6))), ((5, 3), ((1, 6),)), ((5, 3), ((1, 6), (6, 6))), ((5, 1), ((6, 1),)), ((2, 6), ((1, 1), (1, 6)))]","[((4, 5), ()), ((4, 6), ()), ((5, 5), ()), ((3, 5), ()), ((5, 6), ()), ((3, 6), ()), ((6, 5), ()), ((2, 5), ()), ((6, 6), ((6, 6),)), ((2, 6), ()), ((6, 4), ()), ((1, 5), ()), ((6, 5), ((6, 6),)), ((5, 6), ((6, 6),)), ((1, 6), ((1, 6),)), ((6, 3), ()), ((1, 4), ()), ((6, 4), ((6, 6),)), ((5, 5), ((6, 6),)), ((4, 6), ((6, 6),)), ((1, 5), ((1, 6),)), ((2, 6), ((1, 6),)), ((5, 3), ()), ((1, 3), ()), ((6, 3), ((6, 6),)), ((4, 5), ((6, 6),)), ((3, 6), ((6, 6),)), ((1, 4), ((1, 6),)), ((2, 5), ((1, 6),)), ((3, 6), ((1, 6),)), ((4, 3), ()), ((1, 2), ()), ((5, 3), ((6, 6),)), ((3, 5), ((6, 6),)), ((2, 6), ((6, 6),)), ((1, 3), ((1, 6),)), ((3, 5), ((1, 6),)), ((4, 6), ((1, 6),)), ((3, 3), ()), ((1, 1), ((1, 1),)), ((4, 3), ((6, 6),)), ((2, 5), ((6, 6),)), ((1, 6), ((1, 6), (6, 6))), ((1, 2), ((1, 6),)), ((4, 5), ((1, 6),)), ((5, 6), ((1, 6),)), ((3, 2), ()), ((1, 2), ((1, 1),)), ((3, 3), ((6, 6),)), ((1, 5), ((6, 6),)), ((1, 5), ((1, 6), (6, 6))), ((2, 6), ((1, 6), (6, 6))), ((1, 1), ((1, 1), (1, 6))), ((5, 5), ((1, 6),)), ((6, 6), ((1, 6), (6, 6))), ((3, 1), ()), ((1, 3), ((1, 1),)), ((3, 2), ((6, 6),)), ((1, 4), ((6, 6),)), ((1, 4), ((1, 6), (6, 6))), ((2, 5), ((1, 6), (6, 6))), ((3, 6), ((1, 6), (6, 6))), ((1, 2), ((1, 1), (1, 6))), ((6, 5), ((1, 6),)), ((6, 5), ((1, 6), (6, 6))), ((5, 6), ((1, 6), (6, 6))), ((4, 1), ()), ((1, 4), ((1, 1),)), ((3, 1), ((6, 6),)), ((1, 3), ((6, 6),)), ((1, 3), ((1, 6), (6, 6))), ((3, 5), ((1, 6), (6, 6))), ((4, 6), ((1, 6), (6, 6))), ((1, 3), ((1, 1), (1, 6))), ((6, 4), ((1, 6),)), ((6, 4), ((1, 6), (6, 6))), ((5, 5), ((1, 6), (6, 6))), ((5, 1), ()), ((1, 5), ((1, 1),)), ((4, 1), ((6, 6),)), ((1, 2), ((6, 6),)), ((1, 2), ((1, 6), (6, 6))), ((4, 5), ((1, 6), (6, 6))), ((1, 4), ((1, 1), (1, 6))), ((6, 3), ((1, 6),)), ((6, 3), ((1, 6), (6, 6))), ((6, 1), ((6, 1),))]",12,0,12
89,"((2, 5), ((1, 1),))","((1, 5), ((1, 1),))",East,"[((2, 6), ((1, 1),)) via North, ((3, 5), ((1, 1),)) via East]","[((2, 5), ((1, 1),)), ((5, 1), ((6, 6),)), ((1, 1), ((1, 1), (6, 6))), ((1, 1), ((1, 1), (1, 6), (6, 6))), ((1, 5), ((1, 1), (1, 6))), ((5, 3), ((1, 6),)), ((5, 3), ((1, 6), (6, 6))), ((5, 1), ((6, 1),)), ((2, 6), ((1, 1), (1, 6)))]","[((5, 1), ((6, 6),)), ((1, 1), ((1, 1), (6, 6))), ((1, 1), ((1, 1), (1, 6), (6, 6))), ((1, 5), ((1, 1), (1, 6))), ((5, 3), ((1, 6),)), ((5, 3), ((1, 6), (6, 6))), ((5, 1), ((6, 1),)), ((2, 6), ((1, 1), (1, 6))), ((2, 6), ((1, 1),)), ((3, 5), ((1, 1),))]","[((4, 5), ()), ((4, 6), ()), ((5, 5), ()), ((3, 5), ()), ((5, 6), ()), ((3, 6), ()), ((6, 5), ()), ((2, 5), ()), ((6, 6), ((6, 6),)), ((2, 6), ()), ((6, 4), ()), ((1, 5), ()), ((6, 5), ((6, 6),)), ((5, 6), ((6, 6),)), ((1, 6), ((1, 6),)), ((6, 3), ()), ((1, 4), ()), ((6, 4), ((6, 6),)), ((5, 5), ((6, 6),)), ((4, 6), ((6, 6),)), ((1, 5), ((1, 6),)), ((2, 6), ((1, 6),)), ((5, 3), ()), ((1, 3), ()), ((6, 3), ((6, 6),)), ((4, 5), ((6, 6),)), ((3, 6), ((6, 6),)), ((1, 4), ((1, 6),)), ((2, 5), ((1, 6),)), ((3, 6), ((1, 6),)), ((4, 3), ()), ((1, 2), ()), ((5, 3), ((6, 6),)), ((3, 5), ((6, 6),)), ((2, 6), ((6, 6),)), ((1, 3), ((1, 6),)), ((3, 5), ((1, 6),)), ((4, 6), ((1, 6),)), ((3, 3), ()), ((1, 1), ((1, 1),)), ((4, 3), ((6, 6),)), ((2, 5), ((6, 6),)), ((1, 6), ((1, 6), (6, 6))), ((1, 2), ((1, 6),)), ((4, 5), ((1, 6),)), ((5, 6), ((1, 6),)), ((3, 2), ()), ((1, 2), ((1, 1),)), ((3, 3), ((6, 6),)), ((1, 5), ((6, 6),)), ((1, 5), ((1, 6), (6, 6))), ((2, 6), ((1, 6), (6, 6))), ((1, 1), ((1, 1), (1, 6))), ((5, 5), ((1, 6),)), ((6, 6), ((1, 6), (6, 6))), ((3, 1), ()), ((1, 3), ((1, 1),)), ((3, 2), ((6, 6),)), ((1, 4), ((6, 6),)), ((1, 4), ((1, 6), (6, 6))), ((2, 5), ((1, 6), (6, 6))), ((3, 6), ((1, 6), (6, 6))), ((1, 2), ((1, 1), (1, 6))), ((6, 5), ((1, 6),)), ((6, 5), ((1, 6), (6, 6))), ((5, 6), ((1, 6), (6, 6))), ((4, 1), ()), ((1, 4), ((1, 1),)), ((3, 1), ((6, 6),)), ((1, 3), ((6, 6),)), ((1, 3), ((1, 6), (6, 6))), ((3, 5), ((1, 6), (6, 6))), ((4, 6), ((1, 6), (6, 6))), ((1, 3), ((1, 1), (1, 6))), ((6, 4), ((1, 6),)), ((6, 4), ((1, 6), (6, 6))), ((5, 5), ((1, 6), (6, 6))), ((5, 1), ()), ((1, 5), ((1, 1),)), ((4, 1), ((6, 6),)), ((1, 2), ((6, 6),)), ((1, 2), ((1, 6), (6, 6))), ((4, 5), ((1, 6), (6, 6))), ((1, 4), ((1, 1), (1, 6))), ((6, 3), ((1, 6),)), ((6, 3), ((1, 6), (6, 6))), ((6, 1), ((6, 1),)), ((1, 6), ((1, 1), (1, 6)))]",12,0,12
90,"((5, 1), ((6, 6),))","((4, 1), ((6, 6),))",East,"[((6, 1), ((6, 1), (6, 6))) via East]","[((5, 1), ((6, 6),)), ((1, 1), ((1, 1), (6, 6))), ((1, 1), ((1, 1), (1, 6), (6, 6))), ((1, 5), ((1, 1), (1, 6))), ((5, 3), ((1, 6),)), ((5, 3), ((1, 6), (6, 6))), ((5, 1), ((6, 1),)), ((2, 6), ((1, 1), (1, 6))), ((2, 6), ((1, 1),)), ((3, 5), ((1, 1),))]","[((1, 1), ((1, 1), (6, 6))), ((1, 1), ((1, 1), (1, 6), (6, 6))), ((1, 5), ((1, 1), (1, 6))), ((5, 3), ((1, 6),)), ((5, 3), ((1, 6), (6, 6))), ((5, 1), ((6, 1),)), ((2, 6), ((1, 1), (1, 6))), ((2, 6), ((1, 1),)), ((3, 5), ((1, 1),)), ((6, 1), ((6, 1), (6, 6)))]","[((4, 5), ()), ((4, 6), ()), ((5, 5), ()), ((3, 5), ()), ((5, 6), ()), ((3, 6), ()), ((6, 5), ()), ((2, 5), ()), ((6, 6), ((6, 6),)), ((2, 6), ()), ((6, 4), ()), ((1, 5), ()), ((6, 5), ((6, 6),)), ((5, 6), ((6, 6),)), ((1, 6), ((1, 6),)), ((6, 3), ()), ((1, 4), ()), ((6, 4), ((6, 6),)), ((5, 5), ((6, 6),)), ((4, 6), ((6, 6),)), ((1, 5), ((1, 6),)), ((2, 6), ((1, 6),)), ((5, 3), ()), ((1, 3), ()), ((6, 3), ((6, 6),)), ((4, 5), ((6, 6),)), ((3, 6), ((6, 6),)), ((1, 4), ((1, 6),)), ((2, 5), ((1, 6),)), ((3, 6), ((1, 6),)), ((4, 3), ()), ((1, 2), ()), ((5, 3), ((6, 6),)), ((3, 5), ((6, 6),)), ((2, 6), ((6, 6),)), ((1, 3), ((1, 6),)), ((3, 5), ((1, 6),)), ((4, 6), ((1, 6),)), ((3, 3), ()), ((1, 1), ((1, 1),)), ((4, 3), ((6, 6),)), ((2, 5), ((6, 6),)), ((1, 6), ((1, 6), (6, 6))), ((1, 2), ((1, 6),)), ((4, 5), ((1, 6),)), ((5, 6), ((1, 6),)), ((3, 2), ()), ((1, 2), ((1, 1),)), ((3, 3), ((6, 6),)), ((1, 5), ((6, 6),)), ((1, 5), ((1, 6), (6, 6))), ((2, 6), ((1, 6), (6, 6))), ((1, 1), ((1, 1), (1, 6))), ((5, 5), ((1, 6),)), ((6, 6), ((1, 6), (6, 6))), ((3, 1), ()), ((1, 3), ((1, 1),)), ((3, 2), ((6, 6),)), ((1, 4), ((6, 6),)), ((1, 4), ((1, 6), (6, 6))), ((2, 5), ((1, 6), (6, 6))), ((3, 6), ((1, 6), (6, 6))), ((1, 2), ((1, 1), (1, 6))), ((6, 5), ((1, 6),)), ((6, 5), ((1, 6), (6, 6))), ((5, 6), ((1, 6), (6, 6))), ((4, 1), ()), ((1, 4), ((1, 1),)), ((3, 1), ((6, 6),)), ((1, 3), ((6, 6),)), ((1, 3), ((1, 6), (6, 6))), ((3, 5), ((1, 6), (6, 6))), ((4, 6), ((1, 6), (6, 6))), ((1, 3), ((1, 1), (1, 6))), ((6, 4), ((1, 6),)), ((6, 4), ((1, 6), (6, 6))), ((5, 5), ((1, 6), (6, 6))), ((5, 1), ()), ((1, 5), ((1, 1),)), ((4, 1), ((6, 6),)), ((1, 2), ((6, 6),)), ((1, 2), ((1, 6), (6, 6))), ((4, 5), ((1, 6), (6, 6))), ((1, 4), ((1, 1), (1, 6))), ((6, 3), ((1, 6),)), ((6, 3), ((1, 6), (6, 6))), ((6, 1), ((6, 1),)), ((1, 6), ((1, 1), (1, 6))), ((2, 5), ((1, 1),))]",13,0,13
91,"((1, 1), ((1, 1), (6, 6)))","((1, 2), ((6, 6),))",South,"[((1, 2), ((1, 1), (6, 6))) via North]","[((1, 1), ((1, 1), (6, 6))), ((1, 1), ((1, 1), (1, 6), (6, 6))), ((1, 5), ((1, 1), (1, 6))), ((5, 3), ((1, 6),)), ((5, 3), ((1, 6), (6, 6))), ((5, 1), ((6, 1),)), ((2, 6), ((1, 1), (1, 6))), ((2, 6), ((1, 1),)), ((3, 5), ((1, 1),)), ((6, 1), ((6, 1), (6, 6)))]","[((1, 1), ((1, 1), (1, 6), (6, 6))), ((1, 5), ((1, 1), (1, 6))), ((5, 3), ((1, 6),)), ((5, 3), ((1, 6), (6, 6))), ((5, 1), ((6, 1),)), ((2, 6), ((1, 1), (1, 6))), ((2, 6), ((1, 1),)), ((3, 5), ((1, 1),)), ((6, 1), ((6, 1), (6, 6))), ((1, 2), ((1, 1), (6, 6)))]","[((4, 5), ()), ((4, 6), ()), ((5, 5), ()), ((3, 5), ()), ((5, 6), ()), ((3, 6), ()), ((6, 5), ()), ((2, 5), ()), ((6, 6), ((6, 6),)), ((2, 6), ()), ((6, 4), ()), ((1, 5), ()), ((6, 5), ((6, 6),)), ((5, 6), ((6, 6),)), ((1, 6), ((1, 6),)), ((6, 3), ()), ((1, 4), ()), ((6, 4), ((6, 6),)), ((5, 5), ((6, 6),)), ((4, 6), ((6, 6),)), ((1, 5), ((1, 6),)), ((2, 6), ((1, 6),)), ((5, 3), ()), ((1, 3), ()), ((6, 3), ((6, 6),)), ((4, 5), ((6, 6),)), ((3, 6), ((6, 6),)), ((1, 4), ((1, 6),)), ((2, 5), ((1, 6),)), ((3, 6), ((1, 6),)), ((4, 3), ()), ((1, 2), ()), ((5, 3), ((6, 6),)), ((3, 5), ((6, 6),)), ((2, 6), ((6, 6),)), ((1, 3), ((1, 6),)), ((3, 5), ((1, 6),)), ((4, 6), ((1, 6),)), ((3, 3), ()), ((1, 1), ((1, 1),)), ((4, 3), ((6, 6),)), ((2, 5), ((6, 6),)), ((1, 6), ((1, 6), (6, 6))), ((1, 2), ((1, 6),)), ((4, 5), ((1, 6),)), ((5, 6), ((1, 6),)), ((3, 2), ()), ((1, 2), ((1, 1),)), ((3, 3), ((6, 6),)), ((1, 5), ((6, 6),)), ((1, 5), ((1, 6), (6, 6))), ((2, 6), ((1, 6), (6, 6))), ((1, 1), ((1, 1), (1, 6))), ((5, 5), ((1, 6),)), ((6, 6), ((1, 6), (6, 6))), ((3, 1), ()), ((1, 3), ((1, 1),)), ((3, 2), ((6, 6),)), ((1, 4), ((6, 6),)), ((1, 4), ((1, 6), (6, 6))), ((2, 5), ((1, 6), (6, 6))), ((3, 6), ((1, 6), (6, 6))), ((1, 2), ((1, 1), (1, 6))), ((6, 5), ((1, 6),)), ((6, 5), ((1, 6), (6, 6))), ((5, 6), ((1, 6), (6, 6))), ((4, 1), ()), ((1, 4), ((1, 1),)), ((3, 1), ((6, 6),)), ((1, 3), ((6, 6),)), ((1, 3), ((1, 6), (6, 6))), ((3, 5), ((1, 6), (6, 6))), ((4, 6), ((1, 6), (6, 6))), ((1, 3), ((1, 1), (1, 6))), ((6, 4), ((1, 6),)), ((6, 4), ((1, 6), (6, 6))), ((5, 5), ((1, 6), (6, 6))), ((5, 1), ()), ((1, 5), ((1, 1),)), ((4, 1), ((6, 6),)), ((1, 2), ((6, 6),)), ((1, 2), ((1, 6), (6, 6))), ((4, 5), ((1, 6), (6, 6))), ((1, 4), ((1, 1), (1, 6))), ((6, 3), ((1, 6),)), ((6, 3), ((1, 6), (6, 6))), ((6, 1), ((6, 1),)), ((1, 6), ((1, 1), (1, 6))), ((2, 5), ((1, 1),)), ((5, 1), ((6, 6),))]",13,0,13
92,"((1, 1), ((1, 1), (1, 6), (6, 6)))","((1, 2), ((1, 6), (6, 6)))",South,"[((1, 2), ((1, 1), (1, 6), (6, 6))) via North]","[((1, 1), ((1, 1), (1, 6), (6, 6))), ((1, 5), ((1, 1), (1, 6))), ((5, 3), ((1, 6),)), ((5, 3), ((1, 6), (6, 6))), ((5, 1), ((6, 1),)), ((2, 6), ((1, 1), (1, 6))), ((2, 6), ((1, 1),)), ((3, 5), ((1, 1),)), ((6, 1), ((6, 1), (6, 6))), ((1, 2), ((1, 1), (6, 6)))]","[((1, 5), ((1, 1), (1, 6))), ((5, 3), ((1, 6),)), ((5, 3), ((1, 6), (6, 6))), ((5, 1), ((6, 1),)), ((2, 6), ((1, 1), (1, 6))), ((2, 6), ((1, 1),)), ((3, 5), ((1, 1),)), ((6, 1), ((6, 1), (6, 6))), ((1, 2), ((1, 1), (6, 6))), ((1, 2), ((1, 1), (1, 6), (6, 6)))]","[((4, 5), ()), ((4, 6), ()), ((5, 5), ()), ((3, 5), ()), ((5, 6), ()), ((3, 6), ()), ((6, 5), ()), ((2, 5), ()), ((6, 6), ((6, 6),)), ((2, 6), ()), ((6, 4), ()), ((1, 5), ()), ((6, 5), ((6, 6),)), ((5, 6), ((6, 6),)), ((1, 6), ((1, 6),)), ((6, 3), ()), ((1, 4), ()), ((6, 4), ((6, 6),)), ((5, 5), ((6, 6),)), ((4, 6), ((6, 6),)), ((1, 5), ((1, 6),)), ((2, 6), ((1, 6),)), ((5, 3), ()), ((1, 3), ()), ((6, 3), ((6, 6),)), ((4, 5), ((6, 6),)), ((3, 6), ((6, 6),)), ((1, 4), ((1, 6),)), ((2, 5), ((1, 6),)), ((3, 6), ((1, 6),)), ((4, 3), ()), ((1, 2), ()), ((5, 3), ((6, 6),)), ((3, 5), ((6, 6),)), ((2, 6), ((6, 6),)), ((1, 3), ((1, 6),)), ((3, 5), ((1, 6),)), ((4, 6), ((1, 6),)), ((3, 3), ()), ((1, 1), ((1, 1),)), ((4, 3), ((6, 6),)), ((2, 5), ((6, 6),)), ((1, 6), ((1, 6), (6, 6))), ((1, 2), ((1, 6),)), ((4, 5), ((1, 6),)), ((5, 6), ((1, 6),)), ((3, 2), ()), ((1, 2), ((1, 1),)), ((3, 3), ((6, 6),)), ((1, 5), ((6, 6),)), ((1, 5), ((1, 6), (6, 6))), ((2, 6), ((1, 6), (6, 6))), ((1, 1), ((1, 1), (1, 6))), ((5, 5), ((1, 6),)), ((6, 6), ((1, 6), (6, 6))), ((3, 1), ()), ((1, 3), ((1, 1),)), ((3, 2), ((6, 6),)), ((1, 4), ((6, 6),)), ((1, 4), ((1, 6), (6, 6))), ((2, 5), ((1, 6), (6, 6))), ((3, 6), ((1, 6), (6, 6))), ((1, 2), ((1, 1), (1, 6))), ((6, 5), ((1, 6),)), ((6, 5), ((1, 6), (6, 6))), ((5, 6), ((1, 6), (6, 6))), ((4, 1), ()), ((1, 4), ((1, 1),)), ((3, 1), ((6, 6),)), ((1, 3), ((6, 6),)), ((1, 3), ((1, 6), (6, 6))), ((3, 5), ((1, 6), (6, 6))), ((4, 6), ((1, 6), (6, 6))), ((1, 3), ((1, 1), (1, 6))), ((6, 4), ((1, 6),)), ((6, 4), ((1, 6), (6, 6))), ((5, 5), ((1, 6), (6, 6))), ((5, 1), ()), ((1, 5), ((1, 1),)), ((4, 1), ((6, 6),)), ((1, 2), ((6, 6),)), ((1, 2), ((1, 6), (6, 6))), ((4, 5), ((1, 6), (6, 6))), ((1, 4), ((1, 1), (1, 6))), ((6, 3), ((1, 6),)), ((6, 3), ((1, 6), (6, 6))), ((6, 1), ((6, 1),)), ((1, 6), ((1, 1), (1, 6))), ((2, 5), ((1, 1),)), ((5, 1), ((6, 6),)), ((1, 1), ((1, 1), (6, 6)))]",13,0,13
93,"((1, 5), ((1, 1), (1, 6)))","((1, 4), ((1, 1), (1, 6)))",North,"[((2, 5), ((1, 1), (1, 6))) via East]","[((1, 5), ((1, 1), (1, 6))), ((5, 3), ((1, 6),)), ((5, 3), ((1, 6), (6, 6))), ((5, 1), ((6, 1),)), ((2, 6), ((1, 1), (1, 6))), ((2, 6), ((1, 1),)), ((3, 5), ((1, 1),)), ((6, 1), ((6, 1), (6, 6))), ((1, 2), ((1, 1), (6, 6))), ((1, 2), ((1, 1), (1, 6), (6, 6)))]","[((5, 3), ((1, 6),)), ((5, 3), ((1, 6), (6, 6))), ((5, 1), ((6, 1),)), ((2, 6), ((1, 1), (1, 6))), ((2, 6), ((1, 1),)), ((3, 5), ((1, 1),)), ((6, 1), ((6, 1), (6, 6))), ((1, 2), ((1, 1), (6, 6))), ((1, 2), ((1, 1), (1, 6), (6, 6))), ((2, 5), ((1, 1), (1, 6)))]","[((4, 5), ()), ((4, 6), ()), ((5, 5), ()), ((3, 5), ()), ((5, 6), ()), ((3, 6), ()), ((6, 5), ()), ((2, 5), ()), ((6, 6), ((6, 6),)), ((2, 6), ()), ((6, 4), ()), ((1, 5), ()), ((6, 5), ((6, 6),)), ((5, 6), ((6, 6),)), ((1, 6), ((1, 6),)), ((6, 3), ()), ((1, 4), ()), ((6, 4), ((6, 6),)), ((5, 5), ((6, 6),)), ((4, 6), ((6, 6),)), ((1, 5), ((1, 6),)), ((2, 6), ((1, 6),)), ((5, 3), ()), ((1, 3), ()), ((6, 3), ((6, 6),)), ((4, 5), ((6, 6),)), ((3, 6), ((6, 6),)), ((1, 4), ((1, 6),)), ((2, 5), ((1, 6),)), ((3, 6), ((1, 6),)), ((4, 3), ()), ((1, 2), ()), ((5, 3), ((6, 6),)), ((3, 5), ((6, 6),)), ((2, 6), ((6, 6),)), ((1, 3), ((1, 6),)), ((3, 5), ((1, 6),)), ((4, 6), ((1, 6),)), ((3, 3), ()), ((1, 1), ((1, 1),)), ((4, 3), ((6, 6),)), ((2, 5), ((6, 6),)), ((1, 6), ((1, 6), (6, 6))), ((1, 2), ((1, 6),)), ((4, 5), ((1, 6),)), ((5, 6), ((1, 6),)), ((3, 2), ()), ((1, 2), ((1, 1),)), ((3, 3), ((6, 6),)), ((1, 5), ((6, 6),)), ((1, 5), ((1, 6), (6, 6))), ((2, 6), ((1, 6), (6, 6))), ((1, 1), ((1, 1), (1, 6))), ((5, 5), ((1, 6),)), ((6, 6), ((1, 6), (6, 6))), ((3, 1), ()), ((1, 3), ((1, 1),)), ((3, 2), ((6, 6),)), ((1, 4), ((6, 6),)), ((1, 4), ((1, 6), (6, 6))), ((2, 5), ((1, 6), (6, 6))), ((3, 6), ((1, 6), (6, 6))), ((1, 2), ((1, 1), (1, 6))), ((6, 5), ((1, 6),)), ((6, 5), ((1, 6), (6, 6))), ((5, 6), ((1, 6), (6, 6))), ((4, 1), ()), ((1, 4), ((1, 1),)), ((3, 1), ((6, 6),)), ((1, 3), ((6, 6),)), ((1, 3), ((1, 6), (6, 6))), ((3, 5), ((1, 6), (6, 6))), ((4, 6), ((1, 6), (6, 6))), ((1, 3), ((1, 1), (1, 6))), ((6, 4), ((1, 6),)), ((6, 4), ((1, 6), (6, 6))), ((5, 5), ((1, 6), (6, 6))), ((5, 1), ()), ((1, 5), ((1, 1),)), ((4, 1), ((6, 6),)), ((1, 2), ((6, 6),)), ((1, 2), ((1, 6), (6, 6))), ((4, 5), ((1, 6), (6, 6))), ((1, 4), ((1, 1), (1, 6))), ((6, 3), ((1, 6),)), ((6, 3), ((1, 6), (6, 6))), ((6, 1), ((6, 1),)), ((1, 6), ((1, 1), (1, 6))), ((2, 5), ((1, 1),)), ((5, 1), ((6, 6),)), ((1, 1), ((1, 1), (6, 6))), ((1, 1), ((1, 1), (1, 6), (6, 6)))]",13,0,13
94,"((5, 3), ((1, 6),))","((6, 3), ((1, 6),))",West,"[((4, 3), ((1, 6),)) via West]","[((5, 3), ((1, 6),)), ((5, 3), ((1, 6), (6, 6))), ((5, 1), ((6, 1),)), ((2, 6), ((1, 1), (1, 6))), ((2, 6), ((1, 1),)), ((3, 5), ((1, 1),)), ((6, 1), ((6, 1), (6, 6))), ((1, 2), ((1, 1), (6, 6))), ((1, 2), ((1, 1), (1, 6), (6, 6))), ((2, 5), ((1, 1), (1, 6)))]","[((5, 3), ((1, 6), (6, 6))), ((5, 1), ((6, 1),)), ((2, 6), ((1, 1), (1, 6))), ((2, 6), ((1, 1),)), ((3, 5), ((1, 1),)), ((6, 1), ((6, 1), (6, 6))), ((1, 2), ((1, 1), (6, 6))), ((1, 2), ((1, 1), (1, 6), (6, 6))), ((2, 5), ((1, 1), (1, 6))), ((4, 3), ((1, 6),))]","[((4, 5), ()), ((4, 6), ()), ((5, 5), ()), ((3, 5), ()), ((5, 6), ()), ((3, 6), ()), ((6, 5), ()), ((2, 5), ()), ((6, 6), ((6, 6),)), ((2, 6), ()), ((6, 4), ()), ((1, 5), ()), ((6, 5), ((6, 6),)), ((5, 6), ((6, 6),)), ((1, 6), ((1, 6),)), ((6, 3), ()), ((1, 4), ()), ((6, 4), ((6, 6),)), ((5, 5), ((6, 6),)), ((4, 6), ((6, 6),)), ((1, 5), ((1, 6),)), ((2, 6), ((1, 6),)), ((5, 3), ()), ((1, 3), ()), ((6, 3), ((6, 6),)), ((4, 5), ((6, 6),)), ((3, 6), ((6, 6),)), ((1, 4), ((1, 6),)), ((2, 5), ((1, 6),)), ((3, 6), ((1, 6),)), ((4, 3), ()), ((1, 2), ()), ((5, 3), ((6, 6),)), ((3, 5), ((6, 6),)), ((2, 6), ((6, 6),)), ((1, 3), ((1, 6),)), ((3, 5), ((1, 6),)), ((4, 6), ((1, 6),)), ((3, 3), ()), ((1, 1), ((1, 1),)), ((4, 3), ((6, 6),)), ((2, 5), ((6, 6),)), ((1, 6), ((1, 6), (6, 6))), ((1, 2), ((1, 6),)), ((4, 5), ((1, 6),)), ((5, 6), ((1, 6),)), ((3, 2), ()), ((1, 2), ((1, 1),)), ((3, 3), ((6, 6),)), ((1, 5), ((6, 6),)), ((1, 5), ((1, 6), (6, 6))), ((2, 6), ((1, 6), (6, 6))), ((1, 1), ((1, 1), (1, 6))), ((5, 5), ((1, 6),)), ((6, 6), ((1, 6), (6, 6))), ((3, 1), ()), ((1, 3), ((1, 1),)), ((3, 2), ((6, 6),)), ((1, 4), ((6, 6),)), ((1, 4), ((1, 6), (6, 6))), ((2, 5), ((1, 6), (6, 6))), ((3, 6), ((1, 6), (6, 6))), ((1, 2), ((1, 1), (1, 6))), ((6, 5), ((1, 6),)), ((6, 5), ((1, 6), (6, 6))), ((5, 6), ((1, 6), (6, 6))), ((4, 1), ()), ((1, 4), ((1, 1),)), ((3, 1), ((6, 6),)), ((1, 3), ((6, 6),)), ((1, 3), ((1, 6), (6, 6))), ((3, 5), ((1, 6), (6, 6))), ((4, 6), ((1, 6), (6, 6))), ((1, 3), ((1, 1), (1, 6))), ((6, 4), ((1, 6),)), ((6, 4), ((1, 6), (6, 6))), ((5, 5), ((1, 6), (6, 6))), ((5, 1), ()), ((1, 5), ((1, 1),)), ((4, 1), ((6, 6),)), ((1, 2), ((6, 6),)), ((1, 2), ((1, 6), (6, 6))), ((4, 5), ((1, 6), (6, 6))), ((1, 4), ((1, 1), (1, 6))), ((6, 3), ((1, 6),)), ((6, 3), ((1, 6), (6, 6))), ((6, 1), ((6, 1),)), ((1, 6), ((1, 1), (1, 6))), ((2, 5), ((1, 1),)), ((5, 1), ((6, 6),)), ((1, 1), ((1, 1), (6, 6))), ((1, 1), ((1, 1), (1, 6), (6, 6))), ((1, 5), ((1, 1), (1, 6)))]",13,0,13
95,"((5, 3), ((1, 6), (6, 6)))","((6, 3), ((1, 6), (6, 6)))",West,"[((4, 3), ((1, 6), (6, 6))) via West]","[((5, 3), ((1, 6), (6, 6))), ((5, 1), ((6, 1),)), ((2, 6), ((1, 1), (1, 6))), ((2, 6), ((1, 1),)), ((3, 5), ((1, 1),)), ((6, 1), ((6, 1), (6, 6))), ((1, 2), ((1, 1), (6, 6))), ((1, 2), ((1, 1), (1, 6), (6, 6))), ((2, 5), ((1, 1), (1, 6))), ((4, 3), ((1, 6),))]","[((5, 1), ((6, 1),)), ((2, 6), ((1, 1), (1, 6))), ((2, 6), ((1, 1),)), ((3, 5), ((1, 1),)), ((6, 1), ((6, 1), (6, 6))), ((1, 2), ((1, 1), (6, 6))), ((1, 2), ((1, 1), (1, 6), (6, 6))), ((2, 5), ((1, 1), (1, 6))), ((4, 3), ((1, 6),)), ((4, 3), ((1, 6), (6, 6)))]","[((4, 5), ()), ((4, 6), ()), ((5, 5), ()), ((3, 5), ()), ((5, 6), ()), ((3, 6), ()), ((6, 5), ()), ((2, 5), ()), ((6, 6), ((6, 6),)), ((2, 6), ()), ((6, 4), ()), ((1, 5), ()), ((6, 5), ((6, 6),)), ((5, 6), ((6, 6),)), ((1, 6), ((1, 6),)), ((6, 3), ()), ((1, 4), ()), ((6, 4), ((6, 6),)), ((5, 5), ((6, 6),)), ((4, 6), ((6, 6),)), ((1, 5), ((1, 6),)), ((2, 6), ((1, 6),)), ((5, 3), ()), ((1, 3), ()), ((6, 3), ((6, 6),)), ((4, 5), ((6, 6),)), ((3, 6), ((6, 6),)), ((1, 4), ((1, 6),)), ((2, 5), ((1, 6),)), ((3, 6), ((1, 6),)), ((4, 3), ()), ((1, 2), ()), ((5, 3), ((6, 6),)), ((3, 5), ((6, 6),)), ((2, 6), ((6, 6),)), ((1, 3), ((1, 6),)), ((3, 5), ((1, 6),)), ((4, 6), ((1, 6),)), ((3, 3), ()), ((1, 1), ((1, 1),)), ((4, 3), ((6, 6),)), ((2, 5), ((6, 6),)), ((1, 6), ((1, 6), (6, 6))), ((1, 2), ((1, 6),)), ((4, 5), ((1, 6),)), ((5, 6), ((1, 6),)), ((3, 2), ()), ((1, 2), ((1, 1),)), ((3, 3), ((6, 6),)), ((1, 5), ((6, 6),)), ((1, 5), ((1, 6), (6, 6))), ((2, 6), ((1, 6), (6, 6))), ((1, 1), ((1, 1), (1, 6))), ((5, 5), ((1, 6),)), ((6, 6), ((1, 6), (6, 6))), ((3, 1), ()), ((1, 3), ((1, 1),)), ((3, 2), ((6, 6),)), ((1, 4), ((6, 6),)), ((1, 4), ((1, 6), (6, 6))), ((2, 5), ((1, 6), (6, 6))), ((3, 6), ((1, 6), (6, 6))), ((1, 2), ((1, 1), (1, 6))), ((6, 5), ((1, 6),)), ((6, 5), ((1, 6), (6, 6))), ((5, 6), ((1, 6), (6, 6))), ((4, 1), ()), ((1, 4), ((1, 1),)), ((3, 1), ((6, 6),)), ((1, 3), ((6, 6),)), ((1, 3), ((1, 6), (6, 6))), ((3, 5), ((1, 6), (6, 6))), ((4, 6), ((1, 6), (6, 6))), ((1, 3), ((1, 1), (1, 6))), ((6, 4), ((1, 6),)), ((6, 4), ((1, 6), (6, 6))), ((5, 5), ((1, 6), (6, 6))), ((5, 1), ()), ((1, 5), ((1, 1),)), ((4, 1), ((6, 6),)), ((1, 2), ((6, 6),)), ((1, 2), ((1, 6), (6, 6))), ((4, 5), ((1, 6), (6, 6))), ((1, 4), ((1, 1), (1, 6))), ((6, 3), ((1, 6),)), ((6, 3), ((1, 6), (6, 6))), ((6, 1), ((6, 1),)), ((1, 6), ((1, 1), (1, 6))), ((2, 5), ((1, 1),)), ((5, 1), ((6, 6),)), ((1, 1), ((1, 1), (6, 6))), ((1, 1), ((1, 1), (1, 6), (6, 6))), ((1, 5), ((1, 1), (1, 6))), ((5, 3), ((1, 6),))]",13,0,13
96,"((5, 1), ((6, 1),))","((6, 1), ((6, 1),))",West,"[((4, 1), ((6, 1),)) via West]","[((5, 1), ((6, 1),)), ((2, 6), ((1, 1), (1, 6))), ((2, 6), ((1, 1),)), ((3, 5), ((1, 1),)), ((6, 1), ((6, 1), (6, 6))), ((1, 2), ((1, 1), (6, 6))), ((1, 2), ((1, 1), (1, 6), (6, 6))), ((2, 5), ((1, 1), (1, 6))), ((4, 3), ((1, 6),)), ((4, 3), ((1, 6), (6, 6)))]","[((2, 6), ((1, 1), (1, 6))), ((2, 6), ((1, 1),)), ((3, 5), ((1, 1),)), ((6, 1), ((6, 1), (6, 6))), ((1, 2), ((1, 1), (6, 6))), ((1, 2), ((1, 1), (1, 6), (6, 6))), ((2, 5), ((1, 1), (1, 6))), ((4, 3), ((1, 6),)), ((4, 3), ((1, 6), (6, 6))), ((4, 1), ((6, 1),))]","[((4, 5), ()), ((4, 6), ()), ((5, 5), ()), ((3, 5), ()), ((5, 6), ()), ((3, 6), ()), ((6, 5), ()), ((2, 5), ()), ((6, 6), ((6, 6),)), ((2, 6), ()), ((6, 4), ()), ((1, 5), ()), ((6, 5), ((6, 6),)), ((5, 6), ((6, 6),)), ((1, 6), ((1, 6),)), ((6, 3), ()), ((1, 4), ()), ((6, 4), ((6, 6),)), ((5, 5), ((6, 6),)), ((4, 6), ((6, 6),)), ((1, 5), ((1, 6),)), ((2, 6), ((1, 6),)), ((5, 3), ()), ((1, 3), ()), ((6, 3), ((6, 6),)), ((4, 5), ((6, 6),)), ((3, 6), ((6, 6),)), ((1, 4), ((1, 6),)), ((2, 5), ((1, 6),)), ((3, 6), ((1, 6),)), ((4, 3), ()), ((1, 2), ()), ((5, 3), ((6, 6),)), ((3, 5), ((6, 6),)), ((2, 6), ((6, 6),)), ((1, 3), ((1, 6),)), ((3, 5), ((1, 6),)), ((4, 6), ((1, 6),)), ((3, 3), ()), ((1, 1), ((1, 1),)), ((4, 3), ((6, 6),)), ((2, 5), ((6, 6),)), ((1, 6), ((1, 6), (6, 6))), ((1, 2), ((1, 6),)), ((4, 5), ((1, 6),)), ((5, 6), ((1, 6),)), ((3, 2), ()), ((1, 2), ((1, 1),)), ((3, 3), ((6, 6),)), ((1, 5), ((6, 6),)), ((1, 5), ((1, 6), (6, 6))), ((2, 6), ((1, 6), (6, 6))), ((1, 1), ((1, 1), (1, 6))), ((5, 5), ((1, 6),)), ((6, 6), ((1, 6), (6, 6))), ((3, 1), ()), ((1, 3), ((1, 1),)), ((3, 2), ((6, 6),)), ((1, 4), ((6, 6),)), ((1, 4), ((1, 6), (6, 6))), ((2, 5), ((1, 6), (6, 6))), ((3, 6), ((1, 6), (6, 6))), ((1, 2), ((1, 1), (1, 6))), ((6, 5), ((1, 6),)), ((6, 5), ((1, 6), (6, 6))), ((5, 6), ((1, 6), (6, 6))), ((4, 1), ()), ((1, 4), ((1, 1),)), ((3, 1), ((6, 6),)), ((1, 3), ((6, 6),)), ((1, 3), ((1, 6), (6, 6))), ((3, 5), ((1, 6), (6, 6))), ((4, 6), ((1, 6), (6, 6))), ((1, 3), ((1, 1), (1, 6))), ((6, 4), ((1, 6),)), ((6, 4), ((1, 6), (6, 6))), ((5, 5), ((1, 6), (6, 6))), ((5, 1), ()), ((1, 5), ((1, 1),)), ((4, 1), ((6, 6),)), ((1, 2), ((6, 6),)), ((1, 2), ((1, 6), (6, 6))), ((4, 5), ((1, 6), (6, 6))), ((1, 4), ((1, 1), (1, 6))), ((6, 3), ((1, 6),)), ((6, 3), ((1, 6), (6, 6))), ((6, 1), ((6, 1),)), ((1, 6), ((1, 1), (1, 6))), ((2, 5), ((1, 1),)), ((5, 1), ((6, 6),)), ((1, 1), ((1, 1), (6, 6))), ((1, 1), ((1, 1), (1, 6), (6, 6))), ((1, 5), ((1, 1), (1, 6))), ((5, 3), ((1, 6),)), ((5, 3), ((1, 6), (6, 6)))]",13,0,13
97,"((2, 6), ((1, 1), (1, 6)))","((1, 6), ((1, 1), (1, 6)))",East,"[((3, 6), ((1, 1), (1, 6))) via East]","[((2, 6), ((1, 1), (1, 6))), ((2, 6), ((1, 1),)), ((3, 5), ((1, 1),)), ((6, 1), ((6, 1), (6, 6))), ((1, 2), ((1, 1), (6, 6))), ((1, 2), ((1, 1), (1, 6), (6, 6))), ((2, 5), ((1, 1), (1, 6))), ((4, 3), ((1, 6),)), ((4, 3), ((1, 6), (6, 6))), ((4, 1), ((6, 1),))]","[((2, 6), ((1, 1),)), ((3, 5), ((1, 1),)), ((6, 1), ((6, 1), (6, 6))), ((1, 2), ((1, 1), (6, 6))), ((1, 2), ((1, 1), (1, 6), (6, 6))), ((2, 5), ((1, 1), (1, 6))), ((4, 3), ((1, 6),)), ((4, 3), ((1, 6), (6, 6))), ((4, 1), ((6, 1),)), ((3, 6), ((1, 1), (1, 6)))]","[((4, 5), ()), ((4, 6), ()), ((5, 5), ()), ((3, 5), ()), ((5, 6), ()), ((3, 6), ()), ((6, 5), ()), ((2, 5), ()), ((6, 6), ((6, 6),)), ((2, 6), ()), ((6, 4), ()), ((1, 5), ()), ((6, 5), ((6, 6),)), ((5, 6), ((6, 6),)), ((1, 6), ((1, 6),)), ((6, 3), ()), ((1, 4), ()), ((6, 4), ((6, 6),)), ((5, 5), ((6, 6),)), ((4, 6), ((6, 6),)), ((1, 5), ((1, 6),)), ((2, 6), ((1, 6),)), ((5, 3), ()), ((1, 3), ()), ((6, 3), ((6, 6),)), ((4, 5), ((6, 6),)), ((3, 6), ((6, 6),)), ((1, 4), ((1, 6),)), ((2, 5), ((1, 6),)), ((3, 6), ((1, 6),)), ((4, 3), ()), ((1, 2), ()), ((5, 3), ((6, 6),)), ((3, 5), ((6, 6),)), ((2, 6), ((6, 6),)), ((1, 3), ((1, 6),)), ((3, 5), ((1, 6),)), ((4, 6), ((1, 6),)), ((3, 3), ()), ((1, 1), ((1, 1),)), ((4, 3), ((6, 6),)), ((2, 5), ((6, 6),)), ((1, 6), ((1, 6), (6, 6))), ((1, 2), ((1, 6),)), ((4, 5), ((1, 6),)), ((5, 6), ((1, 6),)), ((3, 2), ()), ((1, 2), ((1, 1),)), ((3, 3), ((6, 6),)), ((1, 5), ((6, 6),)), ((1, 5), ((1, 6), (6, 6))), ((2, 6), ((1, 6), (6, 6))), ((1, 1), ((1, 1), (1, 6))), ((5, 5), ((1, 6),)), ((6, 6), ((1, 6), (6, 6))), ((3, 1), ()), ((1, 3), ((1, 1),)), ((3, 2), ((6, 6),)), ((1, 4), ((6, 6),)), ((1, 4), ((1, 6), (6, 6))), ((2, 5), ((1, 6), (6, 6))), ((3, 6), ((1, 6), (6, 6))), ((1, 2), ((1, 1), (1, 6))), ((6, 5), ((1, 6),)), ((6, 5), ((1, 6), (6, 6))), ((5, 6), ((1, 6), (6, 6))), ((4, 1), ()), ((1, 4), ((1, 1),)), ((3, 1), ((6, 6),)), ((1, 3), ((6, 6),)), ((1, 3), ((1, 6), (6, 6))), ((3, 5), ((1, 6), (6, 6))), ((4, 6), ((1, 6), (6, 6))), ((1, 3), ((1, 1), (1, 6))), ((6, 4), ((1, 6),)), ((6, 4), ((1, 6), (6, 6))), ((5, 5), ((1, 6), (6, 6))), ((5, 1), ()), ((1, 5), ((1, 1),)), ((4, 1), ((6, 6),)), ((1, 2), ((6, 6),)), ((1, 2), ((1, 6), (6, 6))), ((4, 5), ((1, 6), (6, 6))), ((1, 4), ((1, 1), (1, 6))), ((6, 3), ((1, 6),)), ((6, 3), ((1, 6), (6, 6))), ((6, 1), ((6, 1),)), ((1, 6), ((1, 1), (1, 6))), ((2, 5), ((1, 1),)), ((5, 1), ((6, 6),)), ((1, 1), ((1, 1), (6, 6))), ((1, 1), ((1, 1), (1, 6), (6, 6))), ((1, 5), ((1, 1), (1, 6))), ((5, 3), ((1, 6),)), ((5, 3), ((1, 6), (6, 6))), ((5, 1), ((6, 1),))]",13,0,13
98,"((2, 6), ((1, 1),))","((2, 5), ((1, 1),))",North,"[((3, 6), ((1, 1),)) via East]","[((2, 6), ((1, 1),)), ((3, 5), ((1, 1),)), ((6, 1), ((6, 1), (6, 6))), ((1, 2), ((1, 1), (6, 6))), ((1, 2), ((1, 1), (1, 6), (6, 6))), ((2, 5), ((1, 1), (1, 6))), ((4, 3), ((1, 6),)), ((4, 3), ((1, 6), (6, 6))), ((4, 1), ((6, 1),)), ((3, 6), ((1, 1), (1, 6)))]","[((3, 5), ((1, 1),)), ((6, 1), ((6, 1), (6, 6))), ((1, 2), ((1, 1), (6, 6))), ((1, 2), ((1, 1), (1, 6), (6, 6))), ((2, 5), ((1, 1), (1, 6))), ((4, 3), ((1, 6),)), ((4, 3), ((1, 6), (6, 6))), ((4, 1), ((6, 1),)), ((3, 6), ((1, 1), (1, 6))), ((3, 6), ((1, 1),))]","[((4, 5), ()), ((4, 6), ()), ((5, 5), ()), ((3, 5), ()), ((5, 6), ()), ((3, 6), ()), ((6, 5), ()), ((2, 5), ()), ((6, 6), ((6, 6),)), ((2, 6), ()), ((6, 4), ()), ((1, 5), ()), ((6, 5), ((6, 6),)), ((5, 6), ((6, 6),)), ((1, 6), ((1, 6),)), ((6, 3), ()), ((1, 4), ()), ((6, 4), ((6, 6),)), ((5, 5), ((6, 6),)), ((4, 6), ((6, 6),)), ((1, 5), ((1, 6),)), ((2, 6), ((1, 6),)), ((5, 3), ()), ((1, 3), ()), ((6, 3), ((6, 6),)), ((4, 5), ((6, 6),)), ((3, 6), ((6, 6),)), ((1, 4), ((1, 6),)), ((2, 5), ((1, 6),)), ((3, 6), ((1, 6),)), ((4, 3), ()), ((1, 2), ()), ((5, 3), ((6, 6),)), ((3, 5), ((6, 6),)), ((2, 6), ((6, 6),)), ((1, 3), ((1, 6),)), ((3, 5), ((1, 6),)), ((4, 6), ((1, 6),)), ((3, 3), ()), ((1, 1), ((1, 1),)), ((4, 3), ((6, 6),)), ((2, 5), ((6, 6),)), ((1, 6), ((1, 6), (6, 6))), ((1, 2), ((1, 6),)), ((4, 5), ((1, 6),)), ((5, 6), ((1, 6),)), ((3, 2), ()), ((1, 2), ((1, 1),)), ((3, 3), ((6, 6),)), ((1, 5), ((6, 6),)), ((1, 5), ((1, 6), (6, 6))), ((2, 6), ((1, 6), (6, 6))), ((1, 1), ((1, 1), (1, 6))), ((5, 5), ((1, 6),)), ((6, 6), ((1, 6), (6, 6))), ((3, 1), ()), ((1, 3), ((1, 1),)), ((3, 2), ((6, 6),)), ((1, 4), ((6, 6),)), ((1, 4), ((1, 6), (6, 6))), ((2, 5), ((1, 6), (6, 6))), ((3, 6), ((1, 6), (6, 6))), ((1, 2), ((1, 1), (1, 6))), ((6, 5), ((1, 6),)), ((6, 5), ((1, 6), (6, 6))), ((5, 6), ((1, 6), (6, 6))), ((4, 1), ()), ((1, 4), ((1, 1),)), ((3, 1), ((6, 6),)), ((1, 3), ((6, 6),)), ((1, 3), ((1, 6), (6, 6))), ((3, 5), ((1, 6), (6, 6))), ((4, 6), ((1, 6), (6, 6))), ((1, 3), ((1, 1), (1, 6))), ((6, 4), ((1, 6),)), ((6, 4), ((1, 6), (6, 6))), ((5, 5), ((1, 6), (6, 6))), ((5, 1), ()), ((1, 5), ((1, 1),)), ((4, 1), ((6, 6),)), ((1, 2), ((6, 6),)), ((1, 2), ((1, 6), (6, 6))), ((4, 5), ((1, 6), (6, 6))), ((1, 4), ((1, 1), (1, 6))), ((6, 3), ((1, 6),)), ((6, 3), ((1, 6), (6, 6))), ((6, 1), ((6, 1),)), ((1, 6), ((1, 1), (1, 6))), ((2, 5), ((1, 1),)), ((5, 1), ((6, 6),)), ((1, 1), ((1, 1), (6, 6))), ((1, 1), ((1, 1), (1, 6), (6, 6))), ((1, 5), ((1, 1), (1, 6))), ((5, 3), ((1, 6),)), ((5, 3), ((1, 6), (6, 6))), ((5, 1), ((6, 1),)), ((2, 6), ((1, 1), (1, 6)))]",13,0,13
99,"((3, 5), ((1, 1),))","((2, 5), ((1, 1),))",East,"[((4, 5), ((1, 1),)) via East]","[((3, 5), ((1, 1),)), ((6, 1), ((6, 1), (6, 6))), ((1, 2), ((1, 1), (6, 6))), ((1, 2), ((1, 1), (1, 6), (6, 6))), ((2, 5), ((1, 1), (1, 6))), ((4, 3), ((1, 6),)), ((4, 3), ((1, 6), (6, 6))), ((4, 1), ((6, 1),)), ((3, 6), ((1, 1), (1, 6))), ((3, 6), ((1, 1),))]","[((6, 1), ((6, 1), (6, 6))), ((1, 2), ((1, 1), (6, 6))), ((1, 2), ((1, 1), (1, 6), (6, 6))), ((2, 5), ((1, 1), (1, 6))), ((4, 3), ((1, 6),)), ((4, 3), ((1, 6), (6, 6))), ((4, 1), ((6, 1),)), ((3, 6), ((1, 1), (1, 6))), ((3, 6), ((1, 1),)), ((4, 5), ((1, 1),))]","[((4, 5), ()), ((4, 6), ()), ((5, 5), ()), ((3, 5), ()), ((5, 6), ()), ((3, 6), ()), ((6, 5), ()), ((2, 5), ()), ((6, 6), ((6, 6),)), ((2, 6), ()), ((6, 4), ()), ((1, 5), ()), ((6, 5), ((6, 6),)), ((5, 6), ((6, 6),)), ((1, 6), ((1, 6),)), ((6, 3), ()), ((1, 4), ()), ((6, 4), ((6, 6),)), ((5, 5), ((6, 6),)), ((4, 6), ((6, 6),)), ((1, 5), ((1, 6),)), ((2, 6), ((1, 6),)), ((5, 3), ()), ((1, 3), ()), ((6, 3), ((6, 6),)), ((4, 5), ((6, 6),)), ((3, 6), ((6, 6),)), ((1, 4), ((1, 6),)), ((2, 5), ((1, 6),)), ((3, 6), ((1, 6),)), ((4, 3), ()), ((1, 2), ()), ((5, 3), ((6, 6),)), ((3, 5), ((6, 6),)), ((2, 6), ((6, 6),)), ((1, 3), ((1, 6),)), ((3, 5), ((1, 6),)), ((4, 6), ((1, 6),)), ((3, 3), ()), ((1, 1), ((1, 1),)), ((4, 3), ((6, 6),)), ((2, 5), ((6, 6),)), ((1, 6), ((1, 6), (6, 6))), ((1, 2), ((1, 6),)), ((4, 5), ((1, 6),)), ((5, 6), ((1, 6),)), ((3, 2), ()), ((1, 2), ((1, 1),)), ((3, 3), ((6, 6),)), ((1, 5), ((6, 6),)), ((1, 5), ((1, 6), (6, 6))), ((2, 6), ((1, 6), (6, 6))), ((1, 1), ((1, 1), (1, 6))), ((5, 5), ((1, 6),)), ((6, 6), ((1, 6), (6, 6))), ((3, 1), ()), ((1, 3), ((1, 1),)), ((3, 2), ((6, 6),)), ((1, 4), ((6, 6),)), ((1, 4), ((1, 6), (6, 6))), ((2, 5), ((1, 6), (6, 6))), ((3, 6), ((1, 6), (6, 6))), ((1, 2), ((1, 1), (1, 6))), ((6, 5), ((1, 6),)), ((6, 5), ((1, 6), (6, 6))), ((5, 6), ((1, 6), (6, 6))), ((4, 1), ()), ((1, 4), ((1, 1),)), ((3, 1), ((6, 6),)), ((1, 3), ((6, 6),)), ((1, 3), ((1, 6), (6, 6))), ((3, 5), ((1, 6), (6, 6))), ((4, 6), ((1, 6), (6, 6))), ((1, 3), ((1, 1), (1, 6))), ((6, 4), ((1, 6),)), ((6, 4), ((1, 6), (6, 6))), ((5, 5), ((1, 6), (6, 6))), ((5, 1), ()), ((1, 5), ((1, 1),)), ((4, 1), ((6, 6),)), ((1, 2), ((6, 6),)), ((1, 2), ((1, 6), (6, 6))), ((4, 5), ((1, 6), (6, 6))), ((1, 4), ((1, 1), (1, 6))), ((6, 3), ((1, 6),)), ((6, 3), ((1, 6), (6, 6))), ((6, 1), ((6, 1),)), ((1, 6), ((1, 1), (1, 6))), ((2, 5), ((1, 1),)), ((5, 1), ((6, 6),)), ((1, 1), ((1, 1), (6, 6))), ((1, 1), ((1, 1), (1, 6), (6, 6))), ((1, 5), ((1, 1), (1, 6))), ((5, 3), ((1, 6),)), ((5, 3), ((1, 6), (6, 6))), ((5, 1), ((6, 1),)), ((2, 6), ((1, 1), (1, 6))), ((2, 6), ((1, 1),))]",13,0,13
100,"((6, 1), ((6, 1), (6, 6)))","((5, 1), ((6, 6),))",East,"[((5, 1), ((6, 1), (6, 6))) via West]","[((6, 1), ((6, 1), (6, 6))), ((1, 2), ((1, 1), (6, 6))), ((1, 2), ((1, 1), (1, 6), (6, 6))), ((2, 5), ((1, 1), (1, 6))), ((4, 3), ((1, 6),)), ((4, 3), ((1, 6), (6, 6))), ((4, 1), ((6, 1),)), ((3, 6), ((1, 1), (1, 6))), ((3, 6), ((1, 1),)), ((4, 5), ((1, 1),))]","[((1, 2), ((1, 1), (6, 6))), ((1, 2), ((1, 1), (1, 6), (6, 6))), ((2, 5), ((1, 1), (1, 6))), ((4, 3), ((1, 6),)), ((4, 3), ((1, 6), (6, 6))), ((4, 1), ((6, 1),)), ((3, 6), ((1, 1), (1, 6))), ((3, 6), ((1, 1),)), ((4, 5), ((1, 1),)), ((5, 1), ((6, 1), (6, 6)))]","[((4, 5), ()), ((4, 6), ()), ((5, 5), ()), ((3, 5), ()), ((5, 6), ()), ((3, 6), ()), ((6, 5), ()), ((2, 5), ()), ((6, 6), ((6, 6),)), ((2, 6), ()), ((6, 4), ()), ((1, 5), ()), ((6, 5), ((6, 6),)), ((5, 6), ((6, 6),)), ((1, 6), ((1, 6),)), ((6, 3), ()), ((1, 4), ()), ((6, 4), ((6, 6),)), ((5, 5), ((6, 6),)), ((4, 6), ((6, 6),)), ((1, 5), ((1, 6),)), ((2, 6), ((1, 6),)), ((5, 3), ()), ((1, 3), ()), ((6, 3), ((6, 6),)), ((4, 5), ((6, 6),)), ((3, 6), ((6, 6),)), ((1, 4), ((1, 6),)), ((2, 5), ((1, 6),)), ((3, 6), ((1, 6),)), ((4, 3), ()), ((1, 2), ()), ((5, 3), ((6, 6),)), ((3, 5), ((6, 6),)), ((2, 6), ((6, 6),)), ((1, 3), ((1, 6),)), ((3, 5), ((1, 6),)), ((4, 6), ((1, 6),)), ((3, 3), ()), ((1, 1), ((1, 1),)), ((4, 3), ((6, 6),)), ((2, 5), ((6, 6),)), ((1, 6), ((1, 6), (6, 6))), ((1, 2), ((1, 6),)), ((4, 5), ((1, 6),)), ((5, 6), ((1, 6),)), ((3, 2), ()), ((1, 2), ((1, 1),)), ((3, 3), ((6, 6),)), ((1, 5), ((6, 6),)), ((1, 5), ((1, 6), (6, 6))), ((2, 6), ((1, 6), (6, 6))), ((1, 1), ((1, 1), (1, 6))), ((5, 5), ((1, 6),)), ((6, 6), ((1, 6), (6, 6))), ((3, 1), ()), ((1, 3), ((1, 1),)), ((3, 2), ((6, 6),)), ((1, 4), ((6, 6),)), ((1, 4), ((1, 6), (6, 6))), ((2, 5), ((1, 6), (6, 6))), ((3, 6), ((1, 6), (6, 6))), ((1, 2), ((1, 1), (1, 6))), ((6, 5), ((1, 6),)), ((6, 5), ((1, 6), (6, 6))), ((5, 6), ((1, 6), (6, 6))), ((4, 1), ()), ((1, 4), ((1, 1),)), ((3, 1), ((6, 6),)), ((1, 3), ((6, 6),)), ((1, 3), ((1, 6), (6, 6))), ((3, 5), ((1, 6), (6, 6))), ((4, 6), ((1, 6), (6, 6))), ((1, 3), ((1, 1), (1, 6))), ((6, 4), ((1, 6),)), ((6, 4), ((1, 6), (6, 6))), ((5, 5), ((1, 6), (6, 6))), ((5, 1), ()), ((1, 5), ((1, 1),)), ((4, 1), ((6, 6),)), ((1, 2), ((6, 6),)), ((1, 2), ((1, 6), (6, 6))), ((4, 5), ((1, 6), (6, 6))), ((1, 4), ((1, 1), (1, 6))), ((6, 3), ((1, 6),)), ((6, 3), ((1, 6), (6, 6))), ((6, 1), ((6, 1),)), ((1, 6), ((1, 1), (1, 6))), ((2, 5), ((1, 1),)), ((5, 1), ((6, 6),)), ((1, 1), ((1, 1), (6, 6))), ((1, 1), ((1, 1), (1, 6), (6, 6))), ((1, 5), ((1, 1), (1, 6))), ((5, 3), ((1, 6),)), ((5, 3), ((1, 6), (6, 6))), ((5, 1), ((6, 1),)), ((2, 6), ((1, 1), (1, 6))), ((2, 6), ((1, 1),)), ((3, 5), ((1, 1),))]",14,0,14
101,"((1, 2), ((1, 1), (6, 6)))","((1, 1), ((1, 1), (6, 6)))",North,"[((1, 3), ((1, 1), (6, 6))) via North]","[((1, 2), ((1, 1), (6, 6))), ((1, 2), ((1, 1), (1, 6), (6, 6))), ((2, 5), ((1, 1), (1, 6))), ((4, 3), ((1, 6),)), ((4, 3), ((1, 6), (6, 6))), ((4, 1), ((6, 1),)), ((3, 6), ((1, 1), (1, 6))), ((3, 6), ((1, 1),)), ((4, 5), ((1, 1),)), ((5, 1), ((6, 1), (6, 6)))]","[((1, 2), ((1, 1), (1, 6), (6, 6))), ((2, 5), ((1, 1), (1, 6))), ((4, 3), ((1, 6),)), ((4, 3), ((1, 6), (6, 6))), ((4, 1), ((6, 1),)), ((3, 6), ((1, 1), (1, 6))), ((3, 6), ((1, 1),)), ((4, 5), ((1, 1),)), ((5, 1), ((6, 1), (6, 6))), ((1, 3), ((1, 1), (6, 6)))]","[((4, 5), ()), ((4, 6), ()), ((5, 5), ()), ((3, 5), ()), ((5, 6), ()), ((3, 6), ()), ((6, 5), ()), ((2, 5), ()), ((6, 6), ((6, 6),)), ((2, 6), ()), ((6, 4), ()), ((1, 5), ()), ((6, 5), ((6, 6),)), ((5, 6), ((6, 6),)), ((1, 6), ((1, 6),)), ((6, 3), ()), ((1, 4), ()), ((6, 4), ((6, 6),)), ((5, 5), ((6, 6),)), ((4, 6), ((6, 6),)), ((1, 5), ((1, 6),)), ((2, 6), ((1, 6),)), ((5, 3), ()), ((1, 3), ()), ((6, 3), ((6, 6),)), ((4, 5), ((6, 6),)), ((3, 6), ((6, 6),)), ((1, 4), ((1, 6),)), ((2, 5), ((1, 6),)), ((3, 6), ((1, 6),)), ((4, 3), ()), ((1, 2), ()), ((5, 3), ((6, 6),)), ((3, 5), ((6, 6),)), ((2, 6), ((6, 6),)), ((1, 3), ((1, 6),)), ((3, 5), ((1, 6),)), ((4, 6), ((1, 6),)), ((3, 3), ()), ((1, 1), ((1, 1),)), ((4, 3), ((6, 6),)), ((2, 5), ((6, 6),)), ((1, 6), ((1, 6), (6, 6))), ((1, 2), ((1, 6),)), ((4, 5), ((1, 6),)), ((5, 6), ((1, 6),)), ((3, 2), ()), ((1, 2), ((1, 1),)), ((3, 3), ((6, 6),)), ((1, 5), ((6, 6),)), ((1, 5), ((1, 6), (6, 6))), ((2, 6), ((1, 6), (6, 6))), ((1, 1), ((1, 1), (1, 6))), ((5, 5), ((1, 6),)), ((6, 6), ((1, 6), (6, 6))), ((3, 1), ()), ((1, 3), ((1, 1),)), ((3, 2), ((6, 6),)), ((1, 4), ((6, 6),)), ((1, 4), ((1, 6), (6, 6))), ((2, 5), ((1, 6), (6, 6))), ((3, 6), ((1, 6), (6, 6))), ((1, 2), ((1, 1), (1, 6))), ((6, 5), ((1, 6),)), ((6, 5), ((1, 6), (6, 6))), ((5, 6), ((1, 6), (6, 6))), ((4, 1), ()), ((1, 4), ((1, 1),)), ((3, 1), ((6, 6),)), ((1, 3), ((6, 6),)), ((1, 3), ((1, 6), (6, 6))), ((3, 5), ((1, 6), (6, 6))), ((4, 6), ((1, 6), (6, 6))), ((1, 3), ((1, 1), (1, 6))), ((6, 4), ((1, 6),)), ((6, 4), ((1, 6), (6, 6))), ((5, 5), ((1, 6), (6, 6))), ((5, 1), ()), ((1, 5), ((1, 1),)), ((4, 1), ((6, 6),)), ((1, 2), ((6, 6),)), ((1, 2), ((1, 6), (6, 6))), ((4, 5), ((1, 6), (6, 6))), ((1, 4), ((1, 1), (1, 6))), ((6, 3), ((1, 6),)), ((6, 3), ((1, 6), (6, 6))), ((6, 1), ((6, 1),)), ((1, 6), ((1, 1), (1, 6))), ((2, 5), ((1, 1),)), ((5, 1), ((6, 6),)), ((1, 1), ((1, 1), (6, 6))), ((1, 1), ((1, 1), (1, 6), (6, 6))), ((1, 5), ((1, 1), (1, 6))), ((5, 3), ((1, 6),)), ((5, 3), ((1, 6), (6, 6))), ((5, 1), ((6, 1),)), ((2, 6), ((1, 1), (1, 6))), ((2, 6), ((1, 1),)), ((3, 5), ((1, 1),)), ((6, 1), ((6, 1), (6, 6)))]",14,0,14
102,"((1, 2), ((1, 1), (1, 6), (6, 6)))","((1, 1), ((1, 1), (1, 6), (6, 6)))",North,"[((1, 3), ((1, 1), (1, 6), (6, 6))) via North]","[((1, 2), ((1, 1), (1, 6), (6, 6))), ((2, 5), ((1, 1), (1, 6))), ((4, 3), ((1, 6),)), ((4, 3), ((1, 6), (6, 6))), ((4, 1), ((6, 1),)), ((3, 6), ((1, 1), (1, 6))), ((3, 6), ((1, 1),)), ((4, 5), ((1, 1),)), ((5, 1), ((6, 1), (6, 6))), ((1, 3), ((1, 1), (6, 6)))]","[((2, 5), ((1, 1), (1, 6))), ((4, 3), ((1, 6),)), ((4, 3), ((1, 6), (6, 6))), ((4, 1), ((6, 1),)), ((3, 6), ((1, 1), (1, 6))), ((3, 6), ((1, 1),)), ((4, 5), ((1, 1),)), ((5, 1), ((6, 1), (6, 6))), ((1, 3), ((1, 1), (6, 6))), ((1, 3), ((1, 1), (1, 6), (6, 6)))]","[((4, 5), ()), ((4, 6), ()), ((5, 5), ()), ((3, 5), ()), ((5, 6), ()), ((3, 6), ()), ((6, 5), ()), ((2, 5), ()), ((6, 6), ((6, 6),)), ((2, 6), ()), ((6, 4), ()), ((1, 5), ()), ((6, 5), ((6, 6),)), ((5, 6), ((6, 6),)), ((1, 6), ((1, 6),)), ((6, 3), ()), ((1, 4), ()), ((6, 4), ((6, 6),)), ((5, 5), ((6, 6),)), ((4, 6), ((6, 6),)), ((1, 5), ((1, 6),)), ((2, 6), ((1, 6),)), ((5, 3), ()), ((1, 3), ()), ((6, 3), ((6, 6),)), ((4, 5), ((6, 6),)), ((3, 6), ((6, 6),)), ((1, 4), ((1, 6),)), ((2, 5), ((1, 6),)), ((3, 6), ((1, 6),)), ((4, 3), ()), ((1, 2), ()), ((5, 3), ((6, 6),)), ((3, 5), ((6, 6),)), ((2, 6), ((6, 6),)), ((1, 3), ((1, 6),)), ((3, 5), ((1, 6),)), ((4, 6), ((1, 6),)), ((3, 3), ()), ((1, 1), ((1, 1),)), ((4, 3), ((6, 6),)), ((2, 5), ((6, 6),)), ((1, 6), ((1, 6), (6, 6))), ((1, 2), ((1, 6),)), ((4, 5), ((1, 6),)), ((5, 6), ((1, 6),)), ((3, 2), ()), ((1, 2), ((1, 1),)), ((3, 3), ((6, 6),)), ((1, 5), ((6, 6),)), ((1, 5), ((1, 6), (6, 6))), ((2, 6), ((1, 6), (6, 6))), ((1, 1), ((1, 1), (1, 6))), ((5, 5), ((1, 6),)), ((6, 6), ((1, 6), (6, 6))), ((3, 1), ()), ((1, 3), ((1, 1),)), ((3, 2), ((6, 6),)), ((1, 4), ((6, 6),)), ((1, 4), ((1, 6), (6, 6))), ((2, 5), ((1, 6), (6, 6))), ((3, 6), ((1, 6), (6, 6))), ((1, 2), ((1, 1), (1, 6))), ((6, 5), ((1, 6),)), ((6, 5), ((1, 6), (6, 6))), ((5, 6), ((1, 6), (6, 6))), ((4, 1), ()), ((1, 4), ((1, 1),)), ((3, 1), ((6, 6),)), ((1, 3), ((6, 6),)), ((1, 3), ((1, 6), (6, 6))), ((3, 5), ((1, 6), (6, 6))), ((4, 6), ((1, 6), (6, 6))), ((1, 3), ((1, 1), (1, 6))), ((6, 4), ((1, 6),)), ((6, 4), ((1, 6), (6, 6))), ((5, 5), ((1, 6), (6, 6))), ((5, 1), ()), ((1, 5), ((1, 1),)), ((4, 1), ((6, 6),)), ((1, 2), ((6, 6),)), ((1, 2), ((1, 6), (6, 6))), ((4, 5), ((1, 6), (6, 6))), ((1, 4), ((1, 1), (1, 6))), ((6, 3), ((1, 6),)), ((6, 3), ((1, 6), (6, 6))), ((6, 1), ((6, 1),)), ((1, 6), ((1, 1), (1, 6))), ((2, 5), ((1, 1),)), ((5, 1), ((6, 6),)), ((1, 1), ((1, 1), (6, 6))), ((1, 1), ((1, 1), (1, 6), (6, 6))), ((1, 5), ((1, 1), (1, 6))), ((5, 3), ((1, 6),)), ((5, 3), ((1, 6), (6, 6))), ((5, 1), ((6, 1),)), ((2, 6), ((1, 1), (1, 6))), ((2, 6), ((1, 1),)), ((3, 5), ((1, 1),)), ((6, 1), ((6, 1), (6, 6))), ((1, 2), ((1, 1), (6, 6)))]",14,0,14
103,"((2, 5), ((1, 1), (1, 6)))","((1, 5), ((1, 1), (1, 6)))",East,"[((3, 5), ((1, 1), (1, 6))) via East]","[((2, 5), ((1, 1), (1, 6))), ((4, 3), ((1, 6),)), ((4, 3), ((1, 6), (6, 6))), ((4, 1), ((6, 1),)), ((3, 6), ((1, 1), (1, 6))), ((3, 6), ((1, 1),)), ((4, 5), ((1, 1),)), ((5, 1), ((6, 1), (6, 6))), ((1, 3), ((1, 1), (6, 6))), ((1, 3), ((1, 1), (1, 6), (6, 6)))]","[((4, 3), ((1, 6),)), ((4, 3), ((1, 6), (6, 6))), ((4, 1), ((6, 1),)), ((3, 6), ((1, 1), (1, 6))), ((3, 6), ((1, 1),)), ((4, 5), ((1, 1),)), ((5, 1), ((6, 1), (6, 6))), ((1, 3), ((1, 1), (6, 6))), ((1, 3), ((1, 1), (1, 6), (6, 6))), ((3, 5), ((1, 1), (1, 6)))]","[((4, 5), ()), ((4, 6), ()), ((5, 5), ()), ((3, 5), ()), ((5, 6), ()), ((3, 6), ()), ((6, 5), ()), ((2, 5), ()), ((6, 6), ((6, 6),)), ((2, 6), ()), ((6, 4), ()), ((1, 5), ()), ((6, 5), ((6, 6),)), ((5, 6), ((6, 6),)), ((1, 6), ((1, 6),)), ((6, 3), ()), ((1, 4), ()), ((6, 4), ((6, 6),)), ((5, 5), ((6, 6),)), ((4, 6), ((6, 6),)), ((1, 5), ((1, 6),)), ((2, 6), ((1, 6),)), ((5, 3), ()), ((1, 3), ()), ((6, 3), ((6, 6),)), ((4, 5), ((6, 6),)), ((3, 6), ((6, 6),)), ((1, 4), ((1, 6),)), ((2, 5), ((1, 6),)), ((3, 6), ((1, 6),)), ((4, 3), ()), ((1, 2), ()), ((5, 3), ((6, 6),)), ((3, 5), ((6, 6),)), ((2, 6), ((6, 6),)), ((1, 3), ((1, 6),)), ((3, 5), ((1, 6),)), ((4, 6), ((1, 6),)), ((3, 3), ()), ((1, 1), ((1, 1),)), ((4, 3), ((6, 6),)), ((2, 5), ((6, 6),)), ((1, 6), ((1, 6), (6, 6))), ((1, 2), ((1, 6),)), ((4, 5), ((1, 6),)), ((5, 6), ((1, 6),)), ((3, 2), ()), ((1, 2), ((1, 1),)), ((3, 3), ((6, 6),)), ((1, 5), ((6, 6),)), ((1, 5), ((1, 6), (6, 6))), ((2, 6), ((1, 6), (6, 6))), ((1, 1), ((1, 1), (1, 6))), ((5, 5), ((1, 6),)), ((6, 6), ((1, 6), (6, 6))), ((3, 1), ()), ((1, 3), ((1, 1),)), ((3, 2), ((6, 6),)), ((1, 4), ((6, 6),)), ((1, 4), ((1, 6), (6, 6))), ((2, 5), ((1, 6), (6, 6))), ((3, 6), ((1, 6), (6, 6))), ((1, 2), ((1, 1), (1, 6))), ((6, 5), ((1, 6),)), ((6, 5), ((1, 6), (6, 6))), ((5, 6), ((1, 6), (6, 6))), ((4, 1), ()), ((1, 4), ((1, 1),)), ((3, 1), ((6, 6),)), ((1, 3), ((6, 6),)), ((1, 3), ((1, 6), (6, 6))), ((3, 5), ((1, 6), (6, 6))), ((4, 6), ((1, 6), (6, 6))), ((1, 3), ((1, 1), (1, 6))), ((6, 4), ((1, 6),)), ((6, 4), ((1, 6), (6, 6))), ((5, 5), ((1, 6), (6, 6))), ((5, 1), ()), ((1, 5), ((1, 1),)), ((4, 1), ((6, 6),)), ((1, 2), ((6, 6),)), ((1, 2), ((1, 6), (6, 6))), ((4, 5), ((1, 6), (6, 6))), ((1, 4), ((1, 1), (1, 6))), ((6, 3), ((1, 6),)), ((6, 3), ((1, 6), (6, 6))), ((6, 1), ((6, 1),)), ((1, 6), ((1, 1), (1, 6))), ((2, 5), ((1, 1),)), ((5, 1), ((6, 6),)), ((1, 1), ((1, 1), (6, 6))), ((1, 1), ((1, 1), (1, 6), (6, 6))), ((1, 5), ((1, 1), (1, 6))), ((5, 3), ((1, 6),)), ((5, 3), ((1, 6), (6, 6))), ((5, 1), ((6, 1),)), ((2, 6), ((1, 1), (1, 6))), ((2, 6), ((1, 1),)), ((3, 5), ((1, 1),)), ((6, 1), ((6, 1), (6, 6))), ((1, 2), ((1, 1), (6, 6))), ((1, 2), ((1, 1), (1, 6), (6, 6)))]",14,0,14
104,"((4, 3), ((1, 6),))","((5, 3), ((1, 6),))",West,"[((3, 3), ((1, 6),)) via West]","[((4, 3), ((1, 6),)), ((4, 3), ((1, 6), (6, 6))), ((4, 1), ((6, 1),)), ((3, 6), ((1, 1), (1, 6))), ((3, 6), ((1, 1),)), ((4, 5), ((1, 1),)), ((5, 1), ((6, 1), (6, 6))), ((1, 3), ((1, 1), (6, 6))), ((1, 3), ((1, 1), (1, 6), (6, 6))), ((3, 5), ((1, 1), (1, 6)))]","[((4, 3), ((1, 6), (6, 6))), ((4, 1), ((6, 1),)), ((3, 6), ((1, 1), (1, 6))), ((3, 6), ((1, 1),)), ((4, 5), ((1, 1),)), ((5, 1), ((6, 1), (6, 6))), ((1, 3), ((1, 1), (6, 6))), ((1, 3), ((1, 1), (1, 6), (6, 6))), ((3, 5), ((1, 1), (1, 6))), ((3, 3), ((1, 6),))]","[((4, 5), ()), ((4, 6), ()), ((5, 5), ()), ((3, 5), ()), ((5, 6), ()), ((3, 6), ()), ((6, 5), ()), ((2, 5), ()), ((6, 6), ((6, 6),)), ((2, 6), ()), ((6, 4), ()), ((1, 5), ()), ((6, 5), ((6, 6),)), ((5, 6), ((6, 6),)), ((1, 6), ((1, 6),)), ((6, 3), ()), ((1, 4), ()), ((6, 4), ((6, 6),)), ((5, 5), ((6, 6),)), ((4, 6), ((6, 6),)), ((1, 5), ((1, 6),)), ((2, 6), ((1, 6),)), ((5, 3), ()), ((1, 3), ()), ((6, 3), ((6, 6),)), ((4, 5), ((6, 6),)), ((3, 6), ((6, 6),)), ((1, 4), ((1, 6),)), ((2, 5), ((1, 6),)), ((3, 6), ((1, 6),)), ((4, 3), ()), ((1, 2), ()), ((5, 3), ((6, 6),)), ((3, 5), ((6, 6),)), ((2, 6), ((6, 6),)), ((1, 3), ((1, 6),)), ((3, 5), ((1, 6),)), ((4, 6), ((1, 6),)), ((3, 3), ()), ((1, 1), ((1, 1),)), ((4, 3), ((6, 6),)), ((2, 5), ((6, 6),)), ((1, 6), ((1, 6), (6, 6))), ((1, 2), ((1, 6),)), ((4, 5), ((1, 6),)), ((5, 6), ((1, 6),)), ((3, 2), ()), ((1, 2), ((1, 1),)), ((3, 3), ((6, 6),)), ((1, 5), ((6, 6),)), ((1, 5), ((1, 6), (6, 6))), ((2, 6), ((1, 6), (6, 6))), ((1, 1), ((1, 1), (1, 6))), ((5, 5), ((1, 6),)), ((6, 6), ((1, 6), (6, 6))), ((3, 1), ()), ((1, 3), ((1, 1),)), ((3, 2), ((6, 6),)), ((1, 4), ((6, 6),)), ((1, 4), ((1, 6), (6, 6))), ((2, 5), ((1, 6), (6, 6))), ((3, 6), ((1, 6), (6, 6))), ((1, 2), ((1, 1), (1, 6))), ((6, 5), ((1, 6),)), ((6, 5), ((1, 6), (6, 6))), ((5, 6), ((1, 6), (6, 6))), ((4, 1), ()), ((1, 4), ((1, 1),)), ((3, 1), ((6, 6),)), ((1, 3), ((6, 6),)), ((1, 3), ((1, 6), (6, 6))), ((3, 5), ((1, 6), (6, 6))), ((4, 6), ((1, 6), (6, 6))), ((1, 3), ((1, 1), (1, 6))), ((6, 4), ((1, 6),)), ((6, 4), ((1, 6), (6, 6))), ((5, 5), ((1, 6), (6, 6))), ((5, 1), ()), ((1, 5), ((1, 1),)), ((4, 1), ((6, 6),)), ((1, 2), ((6, 6),)), ((1, 2), ((1, 6), (6, 6))), ((4, 5), ((1, 6), (6, 6))), ((1, 4), ((1, 1), (1, 6))), ((6, 3), ((1, 6),)), ((6, 3), ((1, 6), (6, 6))), ((6, 1), ((6, 1),)), ((1, 6), ((1, 1), (1, 6))), ((2, 5), ((1, 1),)), ((5, 1), ((6, 6),)), ((1, 1), ((1, 1), (6, 6))), ((1, 1), ((1, 1), (1, 6), (6, 6))), ((1, 5), ((1, 1), (1, 6))), ((5, 3), ((1, 6),)), ((5, 3), ((1, 6), (6, 6))), ((5, 1), ((6, 1),)), ((2, 6), ((1, 1), (1, 6))), ((2, 6), ((1, 1),)), ((3, 5), ((1, 1),)), ((6, 1), ((6, 1), (6, 6))), ((1, 2), ((1, 1), (6, 6))), ((1, 2), ((1, 1), (1, 6), (6, 6))), ((2, 5), ((1, 1), (1, 6)))]",14,0,14
105,"((4, 3), ((1, 6), (6, 6)))","((5, 3), ((1, 6), (6, 6)))",West,"[((3, 3), ((1, 6), (6, 6))) via West]","[((4, 3), ((1, 6), (6, 6))), ((4, 1), ((6, 1),)), ((3, 6), ((1, 1), (1, 6))), ((3, 6), ((1, 1),)), ((4, 5), ((1, 1),)), ((5, 1), ((6, 1), (6, 6))), ((1, 3), ((1, 1), (6, 6))), ((1, 3), ((1, 1), (1, 6), (6, 6))), ((3, 5), ((1, 1), (1, 6))), ((3, 3), ((1, 6),))]","[((4, 1), ((6, 1),)), ((3, 6), ((1, 1), (1, 6))), ((3, 6), ((1, 1),)), ((4, 5), ((1, 1),)), ((5, 1), ((6, 1), (6, 6))), ((1, 3), ((1, 1), (6, 6))), ((1, 3), ((1, 1), (1, 6), (6, 6))), ((3, 5), ((1, 1), (1, 6))), ((3, 3), ((1, 6),)), ((3, 3), ((1, 6), (6, 6)))]","[((4, 5), ()), ((4, 6), ()), ((5, 5), ()), ((3, 5), ()), ((5, 6), ()), ((3, 6), ()), ((6, 5), ()), ((2, 5), ()), ((6, 6), ((6, 6),)), ((2, 6), ()), ((6, 4), ()), ((1, 5), ()), ((6, 5), ((6, 6),)), ((5, 6), ((6, 6),)), ((1, 6), ((1, 6),)), ((6, 3), ()), ((1, 4), ()), ((6, 4), ((6, 6),)), ((5, 5), ((6, 6),)), ((4, 6), ((6, 6),)), ((1, 5), ((1, 6),)), ((2, 6), ((1, 6),)), ((5, 3), ()), ((1, 3), ()), ((6, 3), ((6, 6),)), ((4, 5), ((6, 6),)), ((3, 6), ((6, 6),)), ((1, 4), ((1, 6),)), ((2, 5), ((1, 6),)), ((3, 6), ((1, 6),)), ((4, 3), ()), ((1, 2), ()), ((5, 3), ((6, 6),)), ((3, 5), ((6, 6),)), ((2, 6), ((6, 6),)), ((1, 3), ((1, 6),)), ((3, 5), ((1, 6),)), ((4, 6), ((1, 6),)), ((3, 3), ()), ((1, 1), ((1, 1),)), ((4, 3), ((6, 6),)), ((2, 5), ((6, 6),)), ((1, 6), ((1, 6), (6, 6))), ((1, 2), ((1, 6),)), ((4, 5), ((1, 6),)), ((5, 6), ((1, 6),)), ((3, 2), ()), ((1, 2), ((1, 1),)), ((3, 3), ((6, 6),)), ((1, 5), ((6, 6),)), ((1, 5), ((1, 6), (6, 6))), ((2, 6), ((1, 6), (6, 6))), ((1, 1), ((1, 1), (1, 6))), ((5, 5), ((1, 6),)), ((6, 6), ((1, 6), (6, 6))), ((3, 1), ()), ((1, 3), ((1, 1),)), ((3, 2), ((6, 6),)), ((1, 4), ((6, 6),)), ((1, 4), ((1, 6), (6, 6))), ((2, 5), ((1, 6), (6, 6))), ((3, 6), ((1, 6), (6, 6))), ((1, 2), ((1, 1), (1, 6))), ((6, 5), ((1, 6),)), ((6, 5), ((1, 6), (6, 6))), ((5, 6), ((1, 6), (6, 6))), ((4, 1), ()), ((1, 4), ((1, 1),)), ((3, 1), ((6, 6),)), ((1, 3), ((6, 6),)), ((1, 3), ((1, 6), (6, 6))), ((3, 5), ((1, 6), (6, 6))), ((4, 6), ((1, 6), (6, 6))), ((1, 3), ((1, 1), (1, 6))), ((6, 4), ((1, 6),)), ((6, 4), ((1, 6), (6, 6))), ((5, 5), ((1, 6), (6, 6))), ((5, 1), ()), ((1, 5), ((1, 1),)), ((4, 1), ((6, 6),)), ((1, 2), ((6, 6),)), ((1, 2), ((1, 6), (6, 6))), ((4, 5), ((1, 6), (6, 6))), ((1, 4), ((1, 1), (1, 6))), ((6, 3), ((1, 6),)), ((6, 3), ((1, 6), (6, 6))), ((6, 1), ((6, 1),)), ((1, 6), ((1, 1), (1, 6))), ((2, 5), ((1, 1),)), ((5, 1), ((6, 6),)), ((1, 1), ((1, 1), (6, 6))), ((1, 1), ((1, 1), (1, 6), (6, 6))), ((1, 5), ((1, 1), (1, 6))), ((5, 3), ((1, 6),)), ((5, 3), ((1, 6), (6, 6))), ((5, 1), ((6, 1),)), ((2, 6), ((1, 1), (1, 6))), ((2, 6), ((1, 1),)), ((3, 5), ((1, 1),)), ((6, 1), ((6, 1), (6, 6))), ((1, 2), ((1, 1), (6, 6))), ((1, 2), ((1, 1), (1, 6), (6, 6))), ((2, 5), ((1, 1), (1, 6))), ((4, 3), ((1, 6),))]",14,0,14
106,"((4, 1), ((6, 1),))","((5, 1), ((6, 1),))",West,"[((3, 1), ((6, 1),)) via West]","[((4, 1), ((6, 1),)), ((3, 6), ((1, 1), (1, 6))), ((3, 6), ((1, 1),)), ((4, 5), ((1, 1),)), ((5, 1), ((6, 1), (6, 6))), ((1, 3), ((1, 1), (6, 6))), ((1, 3), ((1, 1), (1, 6), (6, 6))), ((3, 5), ((1, 1), (1, 6))), ((3, 3), ((1, 6),)), ((3, 3), ((1, 6), (6, 6)))]","[((3, 6), ((1, 1), (1, 6))), ((3, 6), ((1, 1),)), ((4, 5), ((1, 1),)), ((5, 1), ((6, 1), (6, 6))), ((1, 3), ((1, 1), (6, 6))), ((1, 3), ((1, 1), (1, 6), (6, 6))), ((3, 5), ((1, 1), (1, 6))), ((3, 3), ((1, 6),)), ((3, 3), ((1, 6), (6, 6))), ((3, 1), ((6, 1),))]","[((4, 5), ()), ((4, 6), ()), ((5, 5), ()), ((3, 5), ()), ((5, 6), ()), ((3, 6), ()), ((6, 5), ()), ((2, 5), ()), ((6, 6), ((6, 6),)), ((2, 6), ()), ((6, 4), ()), ((1, 5), ()), ((6, 5), ((6, 6),)), ((5, 6), ((6, 6),)), ((1, 6), ((1, 6),)), ((6, 3), ()), ((1, 4), ()), ((6, 4), ((6, 6),)), ((5, 5), ((6, 6),)), ((4, 6), ((6, 6),)), ((1, 5), ((1, 6),)), ((2, 6), ((1, 6),)), ((5, 3), ()), ((1, 3), ()), ((6, 3), ((6, 6),)), ((4, 5), ((6, 6),)), ((3, 6), ((6, 6),)), ((1, 4), ((1, 6),)), ((2, 5), ((1, 6),)), ((3, 6), ((1, 6),)), ((4, 3), ()), ((1, 2), ()), ((5, 3), ((6, 6),)), ((3, 5), ((6, 6),)), ((2, 6), ((6, 6),)), ((1, 3), ((1, 6),)), ((3, 5), ((1, 6),)), ((4, 6), ((1, 6),)), ((3, 3), ()), ((1, 1), ((1, 1),)), ((4, 3), ((6, 6),)), ((2, 5), ((6, 6),)), ((1, 6), ((1, 6), (6, 6))), ((1, 2), ((1, 6),)), ((4, 5), ((1, 6),)), ((5, 6), ((1, 6),)), ((3, 2), ()), ((1, 2), ((1, 1),)), ((3, 3), ((6, 6),)), ((1, 5), ((6, 6),)), ((1, 5), ((1, 6), (6, 6))), ((2, 6), ((1, 6), (6, 6))), ((1, 1), ((1, 1), (1, 6))), ((5, 5), ((1, 6),)), ((6, 6), ((1, 6), (6, 6))), ((3, 1), ()), ((1, 3), ((1, 1),)), ((3, 2), ((6, 6),)), ((1, 4), ((6, 6),)), ((1, 4), ((1, 6), (6, 6))), ((2, 5), ((1, 6), (6, 6))), ((3, 6), ((1, 6), (6, 6))), ((1, 2), ((1, 1), (1, 6))), ((6, 5), ((1, 6),)), ((6, 5), ((1, 6), (6, 6))), ((5, 6), ((1, 6), (6, 6))), ((4, 1), ()), ((1, 4), ((1, 1),)), ((3, 1), ((6, 6),)), ((1, 3), ((6, 6),)), ((1, 3), ((1, 6), (6, 6))), ((3, 5), ((1, 6), (6, 6))), ((4, 6), ((1, 6), (6, 6))), ((1, 3), ((1, 1), (1, 6))), ((6, 4), ((1, 6),)), ((6, 4), ((1, 6), (6, 6))), ((5, 5), ((1, 6), (6, 6))), ((5, 1), ()), ((1, 5), ((1, 1),)), ((4, 1), ((6, 6),)), ((1, 2), ((6, 6),)), ((1, 2), ((1, 6), (6, 6))), ((4, 5), ((1, 6), (6, 6))), ((1, 4), ((1, 1), (1, 6))), ((6, 3), ((1, 6),)), ((6, 3), ((1, 6), (6, 6))), ((6, 1), ((6, 1),)), ((1, 6), ((1, 1), (1, 6))), ((2, 5), ((1, 1),)), ((5, 1), ((6, 6),)), ((1, 1), ((1, 1), (6, 6))), ((1, 1), ((1, 1), (1, 6), (6, 6))), ((1, 5), ((1, 1), (1, 6))), ((5, 3), ((1, 6),)), ((5, 3), ((1, 6), (6, 6))), ((5, 1), ((6, 1),)), ((2, 6), ((1, 1), (1, 6))), ((2, 6), ((1, 1),)), ((3, 5), ((1, 1),)), ((6, 1), ((6, 1), (6, 6))), ((1, 2), ((1, 1), (6, 6))), ((1, 2), ((1, 1), (1, 6), (6, 6))), ((2, 5), ((1, 1), (1, 6))), ((4, 3), ((1, 6),)), ((4, 3), ((1, 6), (6, 6)))]",14,0,14
107,"((3, 6), ((1, 1), (1, 6)))","((2, 6), ((1, 1), (1, 6)))",East,"[((4, 6), ((1, 1), (1, 6))) via East]","[((3, 6), ((1, 1), (1, 6))), ((3, 6), ((1, 1),)), ((4, 5), ((1, 1),)), ((5, 1), ((6, 1), (6, 6))), ((1, 3), ((1, 1), (6, 6))), ((1, 3), ((1, 1), (1, 6), (6, 6))), ((3, 5), ((1, 1), (1, 6))), ((3, 3), ((1, 6),)), ((3, 3), ((1, 6), (6, 6))), ((3, 1), ((6, 1),))]","[((3, 6), ((1, 1),)), ((4, 5), ((1, 1),)), ((5, 1), ((6, 1), (6, 6))), ((1, 3), ((1, 1), (6, 6))), ((1, 3), ((1, 1), (1, 6), (6, 6))), ((3, 5), ((1, 1), (1, 6))), ((3, 3), ((1, 6),)), ((3, 3), ((1, 6), (6, 6))), ((3, 1), ((6, 1),)), ((4, 6), ((1, 1), (1, 6)))]","[((4, 5), ()), ((4, 6), ()), ((5, 5), ()), ((3, 5), ()), ((5, 6), ()), ((3, 6), ()), ((6, 5), ()), ((2, 5), ()), ((6, 6), ((6, 6),)), ((2, 6), ()), ((6, 4), ()), ((1, 5), ()), ((6, 5), ((6, 6),)), ((5, 6), ((6, 6),)), ((1, 6), ((1, 6),)), ((6, 3), ()), ((1, 4), ()), ((6, 4), ((6, 6),)), ((5, 5), ((6, 6),)), ((4, 6), ((6, 6),)), ((1, 5), ((1, 6),)), ((2, 6), ((1, 6),)), ((5, 3), ()), ((1, 3), ()), ((6, 3), ((6, 6),)), ((4, 5), ((6, 6),)), ((3, 6), ((6, 6),)), ((1, 4), ((1, 6),)), ((2, 5), ((1, 6),)), ((3, 6), ((1, 6),)), ((4, 3), ()), ((1, 2), ()), ((5, 3), ((6, 6),)), ((3, 5), ((6, 6),)), ((2, 6), ((6, 6),)), ((1, 3), ((1, 6),)), ((3, 5), ((1, 6),)), ((4, 6), ((1, 6),)), ((3, 3), ()), ((1, 1), ((1, 1),)), ((4, 3), ((6, 6),)), ((2, 5), ((6, 6),)), ((1, 6), ((1, 6), (6, 6))), ((1, 2), ((1, 6),)), ((4, 5), ((1, 6),)), ((5, 6), ((1, 6),)), ((3, 2), ()), ((1, 2), ((1, 1),)), ((3, 3), ((6, 6),)), ((1, 5), ((6, 6),)), ((1, 5), ((1, 6), (6, 6))), ((2, 6), ((1, 6), (6, 6))), ((1, 1), ((1, 1), (1, 6))), ((5, 5), ((1, 6),)), ((6, 6), ((1, 6), (6, 6))), ((3, 1), ()), ((1, 3), ((1, 1),)), ((3, 2), ((6, 6),)), ((1, 4), ((6, 6),)), ((1, 4), ((1, 6), (6, 6))), ((2, 5), ((1, 6), (6, 6))), ((3, 6), ((1, 6), (6, 6))), ((1, 2), ((1, 1), (1, 6))), ((6, 5), ((1, 6),)), ((6, 5), ((1, 6), (6, 6))), ((5, 6), ((1, 6), (6, 6))), ((4, 1), ()), ((1, 4), ((1, 1),)), ((3, 1), ((6, 6),)), ((1, 3), ((6, 6),)), ((1, 3), ((1, 6), (6, 6))), ((3, 5), ((1, 6), (6, 6))), ((4, 6), ((1, 6), (6, 6))), ((1, 3), ((1, 1), (1, 6))), ((6, 4), ((1, 6),)), ((6, 4), ((1, 6), (6, 6))), ((5, 5), ((1, 6), (6, 6))), ((5, 1), ()), ((1, 5), ((1, 1),)), ((4, 1), ((6, 6),)), ((1, 2), ((6, 6),)), ((1, 2), ((1, 6), (6, 6))), ((4, 5), ((1, 6), (6, 6))), ((1, 4), ((1, 1), (1, 6))), ((6, 3), ((1, 6),)), ((6, 3), ((1, 6), (6, 6))), ((6, 1), ((6, 1),)), ((1, 6), ((1, 1), (1, 6))), ((2, 5), ((1, 1),)), ((5, 1), ((6, 6),)), ((1, 1), ((1, 1), (6, 6))), ((1, 1), ((1, 1), (1, 6), (6, 6))), ((1, 5), ((1, 1), (1, 6))), ((5, 3), ((1, 6),)), ((5, 3), ((1, 6), (6, 6))), ((5, 1), ((6, 1),)), ((2, 6), ((1, 1), (1, 6))), ((2, 6), ((1, 1),)), ((3, 5), ((1, 1),)), ((6, 1), ((6, 1), (6, 6))), ((1, 2), ((1, 1), (6, 6))), ((1, 2), ((1, 1), (1, 6), (6, 6))), ((2, 5), ((1, 1), (1, 6))), ((4, 3), ((1, 6),)), ((4, 3), ((1, 6), (6, 6))), ((4, 1), ((6, 1),))]",14,0,14
108,"((3, 6), ((1, 1),))","((2, 6), ((1, 1),))",East,"[((4, 6), ((1, 1),)) via East]","[((3, 6), ((1, 1),)), ((4, 5), ((1, 1),)), ((5, 1), ((6, 1), (6, 6))), ((1, 3), ((1, 1), (6, 6))), ((1, 3), ((1, 1), (1, 6), (6, 6))), ((3, 5), ((1, 1), (1, 6))), ((3, 3), ((1, 6),)), ((3, 3), ((1, 6), (6, 6))), ((3, 1), ((6, 1),)), ((4, 6), ((1, 1), (1, 6)))]","[((4, 5), ((1, 1),)), ((5, 1), ((6, 1), (6, 6))), ((1, 3), ((1, 1), (6, 6))), ((1, 3), ((1, 1), (1, 6), (6, 6))), ((3, 5), ((1, 1), (1, 6))), ((3, 3), ((1, 6),)), ((3, 3), ((1, 6), (6, 6))), ((3, 1), ((6, 1),)), ((4, 6), ((1, 1), (1, 6))), ((4, 6), ((1, 1),))]","[((4, 5), ()), ((4, 6), ()), ((5, 5), ()), ((3, 5), ()), ((5, 6), ()), ((3, 6), ()), ((6, 5), ()), ((2, 5), ()), ((6, 6), ((6, 6),)), ((2, 6), ()), ((6, 4), ()), ((1, 5), ()), ((6, 5), ((6, 6),)), ((5, 6), ((6, 6),)), ((1, 6), ((1, 6),)), ((6, 3), ()), ((1, 4), ()), ((6, 4), ((6, 6),)), ((5, 5), ((6, 6),)), ((4, 6), ((6, 6),)), ((1, 5), ((1, 6),)), ((2, 6), ((1, 6),)), ((5, 3), ()), ((1, 3), ()), ((6, 3), ((6, 6),)), ((4, 5), ((6, 6),)), ((3, 6), ((6, 6),)), ((1, 4), ((1, 6),)), ((2, 5), ((1, 6),)), ((3, 6), ((1, 6),)), ((4, 3), ()), ((1, 2), ()), ((5, 3), ((6, 6),)), ((3, 5), ((6, 6),)), ((2, 6), ((6, 6),)), ((1, 3), ((1, 6),)), ((3, 5), ((1, 6),)), ((4, 6), ((1, 6),)), ((3, 3), ()), ((1, 1), ((1, 1),)), ((4, 3), ((6, 6),)), ((2, 5), ((6, 6),)), ((1, 6), ((1, 6), (6, 6))), ((1, 2), ((1, 6),)), ((4, 5), ((1, 6),)), ((5, 6), ((1, 6),)), ((3, 2), ()), ((1, 2), ((1, 1),)), ((3, 3), ((6, 6),)), ((1, 5), ((6, 6),)), ((1, 5), ((1, 6), (6, 6))), ((2, 6), ((1, 6), (6, 6))), ((1, 1), ((1, 1), (1, 6))), ((5, 5), ((1, 6),)), ((6, 6), ((1, 6), (6, 6))), ((3, 1), ()), ((1, 3), ((1, 1),)), ((3, 2), ((6, 6),)), ((1, 4), ((6, 6),)), ((1, 4), ((1, 6), (6, 6))), ((2, 5), ((1, 6), (6, 6))), ((3, 6), ((1, 6), (6, 6))), ((1, 2), ((1, 1), (1, 6))), ((6, 5), ((1, 6),)), ((6, 5), ((1, 6), (6, 6))), ((5, 6), ((1, 6), (6, 6))), ((4, 1), ()), ((1, 4), ((1, 1),)), ((3, 1), ((6, 6),)), ((1, 3), ((6, 6),)), ((1, 3), ((1, 6), (6, 6))), ((3, 5), ((1, 6), (6, 6))), ((4, 6), ((1, 6), (6, 6))), ((1, 3), ((1, 1), (1, 6))), ((6, 4), ((1, 6),)), ((6, 4), ((1, 6), (6, 6))), ((5, 5), ((1, 6), (6, 6))), ((5, 1), ()), ((1, 5), ((1, 1),)), ((4, 1), ((6, 6),)), ((1, 2), ((6, 6),)), ((1, 2), ((1, 6), (6, 6))), ((4, 5), ((1, 6), (6, 6))), ((1, 4), ((1, 1), (1, 6))), ((6, 3), ((1, 6),)), ((6, 3), ((1, 6), (6, 6))), ((6, 1), ((6, 1),)), ((1, 6), ((1, 1), (1, 6))), ((2, 5), ((1, 1),)), ((5, 1), ((6, 6),)), ((1, 1), ((1, 1), (6, 6))), ((1, 1), ((1, 1), (1, 6), (6, 6))), ((1, 5), ((1, 1), (1, 6))), ((5, 3), ((1, 6),)), ((5, 3), ((1, 6), (6, 6))), ((5, 1), ((6, 1),)), ((2, 6), ((1, 1), (1, 6))), ((2, 6), ((1, 1),)), ((3, 5), ((1, 1),)), ((6, 1), ((6, 1), (6, 6))), ((1, 2), ((1, 1), (6, 6))), ((1, 2), ((1, 1), (1, 6), (6, 6))), ((2, 5), ((1, 1), (1, 6))), ((4, 3), ((1, 6),)), ((4, 3), ((1, 6), (6, 6))), ((4, 1), ((6, 1),)), ((3, 6), ((1, 1), (1, 6)))]",14,0,14
109,"((4, 5), ((1, 1),))","((3, 5), ((1, 1),))",East,"[((5, 5), ((1, 1),)) via East]","[((4, 5), ((1, 1),)), ((5, 1), ((6, 1), (6, 6))), ((1, 3), ((1, 1), (6, 6))), ((1, 3), ((1, 1), (1, 6), (6, 6))), ((3, 5), ((1, 1), (1, 6))), ((3, 3), ((1, 6),)), ((3, 3), ((1, 6), (6, 6))), ((3, 1), ((6, 1),)), ((4, 6), ((1, 1), (1, 6))), ((4, 6), ((1, 1),))]","[((5, 1), ((6, 1), (6, 6))), ((1, 3), ((1, 1), (6, 6))), ((1, 3), ((1, 1), (1, 6), (6, 6))), ((3, 5), ((1, 1), (1, 6))), ((3, 3), ((1, 6),)), ((3, 3), ((1, 6), (6, 6))), ((3, 1), ((6, 1),)), ((4, 6), ((1, 1), (1, 6))), ((4, 6), ((1, 1),)), ((5, 5), ((1, 1),))]","[((4, 5), ()), ((4, 6), ()), ((5, 5), ()), ((3, 5), ()), ((5, 6), ()), ((3, 6), ()), ((6, 5), ()), ((2, 5), ()), ((6, 6), ((6, 6),)), ((2, 6), ()), ((6, 4), ()), ((1, 5), ()), ((6, 5), ((6, 6),)), ((5, 6), ((6, 6),)), ((1, 6), ((1, 6),)), ((6, 3), ()), ((1, 4), ()), ((6, 4), ((6, 6),)), ((5, 5), ((6, 6),)), ((4, 6), ((6, 6),)), ((1, 5), ((1, 6),)), ((2, 6), ((1, 6),)), ((5, 3), ()), ((1, 3), ()), ((6, 3), ((6, 6),)), ((4, 5), ((6, 6),)), ((3, 6), ((6, 6),)), ((1, 4), ((1, 6),)), ((2, 5), ((1, 6),)), ((3, 6), ((1, 6),)), ((4, 3), ()), ((1, 2), ()), ((5, 3), ((6, 6),)), ((3, 5), ((6, 6),)), ((2, 6), ((6, 6),)), ((1, 3), ((1, 6),)), ((3, 5), ((1, 6),)), ((4, 6), ((1, 6),)), ((3, 3), ()), ((1, 1), ((1, 1),)), ((4, 3), ((6, 6),)), ((2, 5), ((6, 6),)), ((1, 6), ((1, 6), (6, 6))), ((1, 2), ((1, 6),)), ((4, 5), ((1, 6),)), ((5, 6), ((1, 6),)), ((3, 2), ()), ((1, 2), ((1, 1),)), ((3, 3), ((6, 6),)), ((1, 5), ((6, 6),)), ((1, 5), ((1, 6), (6, 6))), ((2, 6), ((1, 6), (6, 6))), ((1, 1), ((1, 1), (1, 6))), ((5, 5), ((1, 6),)), ((6, 6), ((1, 6), (6, 6))), ((3, 1), ()), ((1, 3), ((1, 1),)), ((3, 2), ((6, 6),)), ((1, 4), ((6, 6),)), ((1, 4), ((1, 6), (6, 6))), ((2, 5), ((1, 6), (6, 6))), ((3, 6), ((1, 6), (6, 6))), ((1, 2), ((1, 1), (1, 6))), ((6, 5), ((1, 6),)), ((6, 5), ((1, 6), (6, 6))), ((5, 6), ((1, 6), (6, 6))), ((4, 1), ()), ((1, 4), ((1, 1),)), ((3, 1), ((6, 6),)), ((1, 3), ((6, 6),)), ((1, 3), ((1, 6), (6, 6))), ((3, 5), ((1, 6), (6, 6))), ((4, 6), ((1, 6), (6, 6))), ((1, 3), ((1, 1), (1, 6))), ((6, 4), ((1, 6),)), ((6, 4), ((1, 6), (6, 6))), ((5, 5), ((1, 6), (6, 6))), ((5, 1), ()), ((1, 5), ((1, 1),)), ((4, 1), ((6, 6),)), ((1, 2), ((6, 6),)), ((1, 2), ((1, 6), (6, 6))), ((4, 5), ((1, 6), (6, 6))), ((1, 4), ((1, 1), (1, 6))), ((6, 3), ((1, 6),)), ((6, 3), ((1, 6), (6, 6))), ((6, 1), ((6, 1),)), ((1, 6), ((1, 1), (1, 6))), ((2, 5), ((1, 1),)), ((5, 1), ((6, 6),)), ((1, 1), ((1, 1), (6, 6))), ((1, 1), ((1, 1), (1, 6), (6, 6))), ((1, 5), ((1, 1), (1, 6))), ((5, 3), ((1, 6),)), ((5, 3), ((1, 6), (6, 6))), ((5, 1), ((6, 1),)), ((2, 6), ((1, 1), (1, 6))), ((2, 6), ((1, 1),)), ((3, 5), ((1, 1),)), ((6, 1), ((6, 1), (6, 6))), ((1, 2), ((1, 1), (6, 6))), ((1, 2), ((1, 1), (1, 6), (6, 6))), ((2, 5), ((1, 1), (1, 6))), ((4, 3), ((1, 6),)), ((4, 3), ((1, 6), (6, 6))), ((4, 1), ((6, 1),)), ((3, 6), ((1, 1), (1, 6))), ((3, 6), ((1, 1),))]",14,0,14
110,"((5, 1), ((6, 1), (6, 6)))","((6, 1), ((6, 1), (6, 6)))",West,"[((4, 1), ((6, 1), (6, 6))) via West]","[((5, 1), ((6, 1), (6, 6))), ((1, 3), ((1, 1), (6, 6))), ((1, 3), ((1, 1), (1, 6), (6, 6))), ((3, 5), ((1, 1), (1, 6))), ((3, 3), ((1, 6),)), ((3, 3), ((1, 6), (6, 6))), ((3, 1), ((6, 1),)), ((4, 6), ((1, 1), (1, 6))), ((4, 6), ((1, 1),)), ((5, 5), ((1, 1),))]","[((1, 3), ((1, 1), (6, 6))), ((1, 3), ((1, 1), (1, 6), (6, 6))), ((3, 5), ((1, 1), (1, 6))), ((3, 3), ((1, 6),)), ((3, 3), ((1, 6), (6, 6))), ((3, 1), ((6, 1),)), ((4, 6), ((1, 1), (1, 6))), ((4, 6), ((1, 1),)), ((5, 5), ((1, 1),)), ((4, 1), ((6, 1), (6, 6)))]","[((4, 5), ()), ((4, 6), ()), ((5, 5), ()), ((3, 5), ()), ((5, 6), ()), ((3, 6), ()), ((6, 5), ()), ((2, 5), ()), ((6, 6), ((6, 6),)), ((2, 6), ()), ((6, 4), ()), ((1, 5), ()), ((6, 5), ((6, 6),)), ((5, 6), ((6, 6),)), ((1, 6), ((1, 6),)), ((6, 3), ()), ((1, 4), ()), ((6, 4), ((6, 6),)), ((5, 5), ((6, 6),)), ((4, 6), ((6, 6),)), ((1, 5), ((1, 6),)), ((2, 6), ((1, 6),)), ((5, 3), ()), ((1, 3), ()), ((6, 3), ((6, 6),)), ((4, 5), ((6, 6),)), ((3, 6), ((6, 6),)), ((1, 4), ((1, 6),)), ((2, 5), ((1, 6),)), ((3, 6), ((1, 6),)), ((4, 3), ()), ((1, 2), ()), ((5, 3), ((6, 6),)), ((3, 5), ((6, 6),)), ((2, 6), ((6, 6),)), ((1, 3), ((1, 6),)), ((3, 5), ((1, 6),)), ((4, 6), ((1, 6),)), ((3, 3), ()), ((1, 1), ((1, 1),)), ((4, 3), ((6, 6),)), ((2, 5), ((6, 6),)), ((1, 6), ((1, 6), (6, 6))), ((1, 2), ((1, 6),)), ((4, 5), ((1, 6),)), ((5, 6), ((1, 6),)), ((3, 2), ()), ((1, 2), ((1, 1),)), ((3, 3), ((6, 6),)), ((1, 5), ((6, 6),)), ((1, 5), ((1, 6), (6, 6))), ((2, 6), ((1, 6), (6, 6))), ((1, 1), ((1, 1), (1, 6))), ((5, 5), ((1, 6),)), ((6, 6), ((1, 6), (6, 6))), ((3, 1), ()), ((1, 3), ((1, 1),)), ((3, 2), ((6, 6),)), ((1, 4), ((6, 6),)), ((1, 4), ((1, 6), (6, 6))), ((2, 5), ((1, 6), (6, 6))), ((3, 6), ((1, 6), (6, 6))), ((1, 2), ((1, 1), (1, 6))), ((6, 5), ((1, 6),)), ((6, 5), ((1, 6), (6, 6))), ((5, 6), ((1, 6), (6, 6))), ((4, 1), ()), ((1, 4), ((1, 1),)), ((3, 1), ((6, 6),)), ((1, 3), ((6, 6),)), ((1, 3), ((1, 6), (6, 6))), ((3, 5), ((1, 6), (6, 6))), ((4, 6), ((1, 6), (6, 6))), ((1, 3), ((1, 1), (1, 6))), ((6, 4), ((1, 6),)), ((6, 4), ((1, 6), (6, 6))), ((5, 5), ((1, 6), (6, 6))), ((5, 1), ()), ((1, 5), ((1, 1),)), ((4, 1), ((6, 6),)), ((1, 2), ((6, 6),)), ((1, 2), ((1, 6), (6, 6))), ((4, 5), ((1, 6), (6, 6))), ((1, 4), ((1, 1), (1, 6))), ((6, 3), ((1, 6),)), ((6, 3), ((1, 6), (6, 6))), ((6, 1), ((6, 1),)), ((1, 6), ((1, 1), (1, 6))), ((2, 5), ((1, 1),)), ((5, 1), ((6, 6),)), ((1, 1), ((1, 1), (6, 6))), ((1, 1), ((1, 1), (1, 6), (6, 6))), ((1, 5), ((1, 1), (1, 6))), ((5, 3), ((1, 6),)), ((5, 3), ((1, 6), (6, 6))), ((5, 1), ((6, 1),)), ((2, 6), ((1, 1), (1, 6))), ((2, 6), ((1, 1),)), ((3, 5), ((1, 1),)), ((6, 1), ((6, 1), (6, 6))), ((1, 2), ((1, 1), (6, 6))), ((1, 2), ((1, 1), (1, 6), (6, 6))), ((2, 5), ((1, 1), (1, 6))), ((4, 3), ((1, 6),)), ((4, 3), ((1, 6), (6, 6))), ((4, 1), ((6, 1),)), ((3, 6), ((1, 1), (1, 6))), ((3, 6), ((1, 1),)), ((4, 5), ((1, 1),))]",15,0,15
111,"((1, 3), ((1, 1), (6, 6)))","((1, 2), ((1, 1), (6, 6)))",North,"[((1, 4), ((1, 1), (6, 6))) via North]","[((1, 3), ((1, 1), (6, 6))), ((1, 3), ((1, 1), (1, 6), (6, 6))), ((3, 5), ((1, 1), (1, 6))), ((3, 3), ((1, 6),)), ((3, 3), ((1, 6), (6, 6))), ((3, 1), ((6, 1),)), ((4, 6), ((1, 1), (1, 6))), ((4, 6), ((1, 1),)), ((5, 5), ((1, 1),)), ((4, 1), ((6, 1), (6, 6)))]","[((1, 3), ((1, 1), (1, 6), (6, 6))), ((3, 5), ((1, 1), (1, 6))), ((3, 3), ((1, 6),)), ((3, 3), ((1, 6), (6, 6))), ((3, 1), ((6, 1),)), ((4, 6), ((1, 1), (1, 6))), ((4, 6), ((1, 1),)), ((5, 5), ((1, 1),)), ((4, 1), ((6, 1), (6, 6))), ((1, 4), ((1, 1), (6, 6)))]","[((4, 5), ()), ((4, 6), ()), ((5, 5), ()), ((3, 5), ()), ((5, 6), ()), ((3, 6), ()), ((6, 5), ()), ((2, 5), ()), ((6, 6), ((6, 6),)), ((2, 6), ()), ((6, 4), ()), ((1, 5), ()), ((6, 5), ((6, 6),)), ((5, 6), ((6, 6),)), ((1, 6), ((1, 6),)), ((6, 3), ()), ((1, 4), ()), ((6, 4), ((6, 6),)), ((5, 5), ((6, 6),)), ((4, 6), ((6, 6),)), ((1, 5), ((1, 6),)), ((2, 6), ((1, 6),)), ((5, 3), ()), ((1, 3), ()), ((6, 3), ((6, 6),)), ((4, 5), ((6, 6),)), ((3, 6), ((6, 6),)), ((1, 4), ((1, 6),)), ((2, 5), ((1, 6),)), ((3, 6), ((1, 6),)), ((4, 3), ()), ((1, 2), ()), ((5, 3), ((6, 6),)), ((3, 5), ((6, 6),)), ((2, 6), ((6, 6),)), ((1, 3), ((1, 6),)), ((3, 5), ((1, 6),)), ((4, 6), ((1, 6),)), ((3, 3), ()), ((1, 1), ((1, 1),)), ((4, 3), ((6, 6),)), ((2, 5), ((6, 6),)), ((1, 6), ((1, 6), (6, 6))), ((1, 2), ((1, 6),)), ((4, 5), ((1, 6),)), ((5, 6), ((1, 6),)), ((3, 2), ()), ((1, 2), ((1, 1),)), ((3, 3), ((6, 6),)), ((1, 5), ((6, 6),)), ((1, 5), ((1, 6), (6, 6))), ((2, 6), ((1, 6), (6, 6))), ((1, 1), ((1, 1), (1, 6))), ((5, 5), ((1, 6),)), ((6, 6), ((1, 6), (6, 6))), ((3, 1), ()), ((1, 3), ((1, 1),)), ((3, 2), ((6, 6),)), ((1, 4), ((6, 6),)), ((1, 4), ((1, 6), (6, 6))), ((2, 5), ((1, 6), (6, 6))), ((3, 6), ((1, 6), (6, 6))), ((1, 2), ((1, 1), (1, 6))), ((6, 5), ((1, 6),)), ((6, 5), ((1, 6), (6, 6))), ((5, 6), ((1, 6), (6, 6))), ((4, 1), ()), ((1, 4), ((1, 1),)), ((3, 1), ((6, 6),)), ((1, 3), ((6, 6),)), ((1, 3), ((1, 6), (6, 6))), ((3, 5), ((1, 6), (6, 6))), ((4, 6), ((1, 6), (6, 6))), ((1, 3), ((1, 1), (1, 6))), ((6, 4), ((1, 6),)), ((6, 4), ((1, 6), (6, 6))), ((5, 5), ((1, 6), (6, 6))), ((5, 1), ()), ((1, 5), ((1, 1),)), ((4, 1), ((6, 6),)), ((1, 2), ((6, 6),)), ((1, 2), ((1, 6), (6, 6))), ((4, 5), ((1, 6), (6, 6))), ((1, 4), ((1, 1), (1, 6))), ((6, 3), ((1, 6),)), ((6, 3), ((1, 6), (6, 6))), ((6, 1), ((6, 1),)), ((1, 6), ((1, 1), (1, 6))), ((2, 5), ((1, 1),)), ((5, 1), ((6, 6),)), ((1, 1), ((1, 1), (6, 6))), ((1, 1), ((1, 1), (1, 6), (6, 6))), ((1, 5), ((1, 1), (1, 6))), ((5, 3), ((1, 6),)), ((5, 3), ((1, 6), (6, 6))), ((5, 1), ((6, 1),)), ((2, 6), ((1, 1), (1, 6))), ((2, 6), ((1, 1),)), ((3, 5), ((1, 1),)), ((6, 1), ((6, 1), (6, 6))), ((1, 2), ((1, 1), (6, 6))), ((1, 2), ((1, 1), (1, 6), (6, 6))), ((2, 5), ((1, 1), (1, 6))), ((4, 3), ((1, 6),)), ((4, 3), ((1, 6), (6, 6))), ((4, 1), ((6, 1),)), ((3, 6), ((1, 1), (1, 6))), ((3, 6), ((1, 1),)), ((4, 5), ((1, 1),)), ((5, 1), ((6, 1), (6, 6)))]",15,0,15
112,"((1, 3), ((1, 1), (1, 6), (6, 6)))","((1, 2), ((1, 1), (1, 6), (6, 6)))",North,"[((1, 4), ((1, 1), (1, 6), (6, 6))) via North]","[((1, 3), ((1, 1), (1, 6), (6, 6))), ((3, 5), ((1, 1), (1, 6))), ((3, 3), ((1, 6),)), ((3, 3), ((1, 6), (6, 6))), ((3, 1), ((6, 1),)), ((4, 6), ((1, 1), (1, 6))), ((4, 6), ((1, 1),)), ((5, 5), ((1, 1),)), ((4, 1), ((6, 1), (6, 6))), ((1, 4), ((1, 1), (6, 6)))]","[((3, 5), ((1, 1), (1, 6))), ((3, 3), ((1, 6),)), ((3, 3), ((1, 6), (6, 6))), ((3, 1), ((6, 1),)), ((4, 6), ((1, 1), (1, 6))), ((4, 6), ((1, 1),)), ((5, 5), ((1, 1),)), ((4, 1), ((6, 1), (6, 6))), ((1, 4), ((1, 1), (6, 6))), ((1, 4), ((1, 1), (1, 6), (6, 6)))]","[((4, 5), ()), ((4, 6), ()), ((5, 5), ()), ((3, 5), ()), ((5, 6), ()), ((3, 6), ()), ((6, 5), ()), ((2, 5), ()), ((6, 6), ((6, 6),)), ((2, 6), ()), ((6, 4), ()), ((1, 5), ()), ((6, 5), ((6, 6),)), ((5, 6), ((6, 6),)), ((1, 6), ((1, 6),)), ((6, 3), ()), ((1, 4), ()), ((6, 4), ((6, 6),)), ((5, 5), ((6, 6),)), ((4, 6), ((6, 6),)), ((1, 5), ((1, 6),)), ((2, 6), ((1, 6),)), ((5, 3), ()), ((1, 3), ()), ((6, 3), ((6, 6),)), ((4, 5), ((6, 6),)), ((3, 6), ((6, 6),)), ((1, 4), ((1, 6),)), ((2, 5), ((1, 6),)), ((3, 6), ((1, 6),)), ((4, 3), ()), ((1, 2), ()), ((5, 3), ((6, 6),)), ((3, 5), ((6, 6),)), ((2, 6), ((6, 6),)), ((1, 3), ((1, 6),)), ((3, 5), ((1, 6),)), ((4, 6), ((1, 6),)), ((3, 3), ()), ((1, 1), ((1, 1),)), ((4, 3), ((6, 6),)), ((2, 5), ((6, 6),)), ((1, 6), ((1, 6), (6, 6))), ((1, 2), ((1, 6),)), ((4, 5), ((1, 6),)), ((5, 6), ((1, 6),)), ((3, 2), ()), ((1, 2), ((1, 1),)), ((3, 3), ((6, 6),)), ((1, 5), ((6, 6),)), ((1, 5), ((1, 6), (6, 6))), ((2, 6), ((1, 6), (6, 6))), ((1, 1), ((1, 1), (1, 6))), ((5, 5), ((1, 6),)), ((6, 6), ((1, 6), (6, 6))), ((3, 1), ()), ((1, 3), ((1, 1),)), ((3, 2), ((6, 6),)), ((1, 4), ((6, 6),)), ((1, 4), ((1, 6), (6, 6))), ((2, 5), ((1, 6), (6, 6))), ((3, 6), ((1, 6), (6, 6))), ((1, 2), ((1, 1), (1, 6))), ((6, 5), ((1, 6),)), ((6, 5), ((1, 6), (6, 6))), ((5, 6), ((1, 6), (6, 6))), ((4, 1), ()), ((1, 4), ((1, 1),)), ((3, 1), ((6, 6),)), ((1, 3), ((6, 6),)), ((1, 3), ((1, 6), (6, 6))), ((3, 5), ((1, 6), (6, 6))), ((4, 6), ((1, 6), (6, 6))), ((1, 3), ((1, 1), (1, 6))), ((6, 4), ((1, 6),)), ((6, 4), ((1, 6), (6, 6))), ((5, 5), ((1, 6), (6, 6))), ((5, 1), ()), ((1, 5), ((1, 1),)), ((4, 1), ((6, 6),)), ((1, 2), ((6, 6),)), ((1, 2), ((1, 6), (6, 6))), ((4, 5), ((1, 6), (6, 6))), ((1, 4), ((1, 1), (1, 6))), ((6, 3), ((1, 6),)), ((6, 3), ((1, 6), (6, 6))), ((6, 1), ((6, 1),)), ((1, 6), ((1, 1), (1, 6))), ((2, 5), ((1, 1),)), ((5, 1), ((6, 6),)), ((1, 1), ((1, 1), (6, 6))), ((1, 1), ((1, 1), (1, 6), (6, 6))), ((1, 5), ((1, 1), (1, 6))), ((5, 3), ((1, 6),)), ((5, 3), ((1, 6), (6, 6))), ((5, 1), ((6, 1),)), ((2, 6), ((1, 1), (1, 6))), ((2, 6), ((1, 1),)), ((3, 5), ((1, 1),)), ((6, 1), ((6, 1), (6, 6))), ((1, 2), ((1, 1), (6, 6))), ((1, 2), ((1, 1), (1, 6), (6, 6))), ((2, 5), ((1, 1), (1, 6))), ((4, 3), ((1, 6),)), ((4, 3), ((1, 6), (6, 6))), ((4, 1), ((6, 1),)), ((3, 6), ((1, 1), (1, 6))), ((3, 6), ((1, 1),)), ((4, 5), ((1, 1),)), ((5, 1), ((6, 1), (6, 6))), ((1, 3), ((1, 1), (6, 6)))]",15,0,15
113,"((3, 5), ((1, 1), (1, 6)))","((2, 5), ((1, 1), (1, 6)))",East,"[((4, 5), ((1, 1), (1, 6))) via East]","[((3, 5), ((1, 1), (1, 6))), ((3, 3), ((1, 6),)), ((3, 3), ((1, 6), (6, 6))), ((3, 1), ((6, 1),)), ((4, 6), ((1, 1), (1, 6))), ((4, 6), ((1, 1),)), ((5, 5), ((1, 1),)), ((4, 1), ((6, 1), (6, 6))), ((1, 4), ((1, 1), (6, 6))), ((1, 4), ((1, 1), (1, 6), (6, 6)))]","[((3, 3), ((1, 6),)), ((3, 3), ((1, 6), (6, 6))), ((3, 1), ((6, 1),)), ((4, 6), ((1, 1), (1, 6))), ((4, 6), ((1, 1),)), ((5, 5), ((1, 1),)), ((4, 1), ((6, 1), (6, 6))), ((1, 4), ((1, 1), (6, 6))), ((1, 4), ((1, 1), (1, 6), (6, 6))), ((4, 5), ((1, 1), (1, 6)))]","[((4, 5), ()), ((4, 6), ()), ((5, 5), ()), ((3, 5), ()), ((5, 6), ()), ((3, 6), ()), ((6, 5), ()), ((2, 5), ()), ((6, 6), ((6, 6),)), ((2, 6), ()), ((6, 4), ()), ((1, 5), ()), ((6, 5), ((6, 6),)), ((5, 6), ((6, 6),)), ((1, 6), ((1, 6),)), ((6, 3), ()), ((1, 4), ()), ((6, 4), ((6, 6),)), ((5, 5), ((6, 6),)), ((4, 6), ((6, 6),)), ((1, 5), ((1, 6),)), ((2, 6), ((1, 6),)), ((5, 3), ()), ((1, 3), ()), ((6, 3), ((6, 6),)), ((4, 5), ((6, 6),)), ((3, 6), ((6, 6),)), ((1, 4), ((1, 6),)), ((2, 5), ((1, 6),)), ((3, 6), ((1, 6),)), ((4, 3), ()), ((1, 2), ()), ((5, 3), ((6, 6),)), ((3, 5), ((6, 6),)), ((2, 6), ((6, 6),)), ((1, 3), ((1, 6),)), ((3, 5), ((1, 6),)), ((4, 6), ((1, 6),)), ((3, 3), ()), ((1, 1), ((1, 1),)), ((4, 3), ((6, 6),)), ((2, 5), ((6, 6),)), ((1, 6), ((1, 6), (6, 6))), ((1, 2), ((1, 6),)), ((4, 5), ((1, 6),)), ((5, 6), ((1, 6),)), ((3, 2), ()), ((1, 2), ((1, 1),)), ((3, 3), ((6, 6),)), ((1, 5), ((6, 6),)), ((1, 5), ((1, 6), (6, 6))), ((2, 6), ((1, 6), (6, 6))), ((1, 1), ((1, 1), (1, 6))), ((5, 5), ((1, 6),)), ((6, 6), ((1, 6), (6, 6))), ((3, 1), ()), ((1, 3), ((1, 1),)), ((3, 2), ((6, 6),)), ((1, 4), ((6, 6),)), ((1, 4), ((1, 6), (6, 6))), ((2, 5), ((1, 6), (6, 6))), ((3, 6), ((1, 6), (6, 6))), ((1, 2), ((1, 1), (1, 6))), ((6, 5), ((1, 6),)), ((6, 5), ((1, 6), (6, 6))), ((5, 6), ((1, 6), (6, 6))), ((4, 1), ()), ((1, 4), ((1, 1),)), ((3, 1), ((6, 6),)), ((1, 3), ((6, 6),)), ((1, 3), ((1, 6), (6, 6))), ((3, 5), ((1, 6), (6, 6))), ((4, 6), ((1, 6), (6, 6))), ((1, 3), ((1, 1), (1, 6))), ((6, 4), ((1, 6),)), ((6, 4), ((1, 6), (6, 6))), ((5, 5), ((1, 6), (6, 6))), ((5, 1), ()), ((1, 5), ((1, 1),)), ((4, 1), ((6, 6),)), ((1, 2), ((6, 6),)), ((1, 2), ((1, 6), (6, 6))), ((4, 5), ((1, 6), (6, 6))), ((1, 4), ((1, 1), (1, 6))), ((6, 3), ((1, 6),)), ((6, 3), ((1, 6), (6, 6))), ((6, 1), ((6, 1),)), ((1, 6), ((1, 1), (1, 6))), ((2, 5), ((1, 1),)), ((5, 1), ((6, 6),)), ((1, 1), ((1, 1), (6, 6))), ((1, 1), ((1, 1), (1, 6), (6, 6))), ((1, 5), ((1, 1), (1, 6))), ((5, 3), ((1, 6),)), ((5, 3), ((1, 6), (6, 6))), ((5, 1), ((6, 1),)), ((2, 6), ((1, 1), (1, 6))), ((2, 6), ((1, 1),)), ((3, 5), ((1, 1),)), ((6, 1), ((6, 1), (6, 6))), ((1, 2), ((1, 1), (6, 6))), ((1, 2), ((1, 1), (1, 6), (6, 6))), ((2, 5), ((1, 1), (1, 6))), ((4, 3), ((1, 6),)), ((4, 3), ((1, 6), (6, 6))), ((4, 1), ((6, 1),)), ((3, 6), ((1, 1), (1, 6))), ((3, 6), ((1, 1),)), ((4, 5), ((1, 1),)), ((5, 1), ((6, 1), (6, 6))), ((1, 3), ((1, 1), (6, 6))), ((1, 3), ((1, 1), (1, 6), (6, 6)))]",15,0,15
114,"((3, 3), ((1, 6),))","((4, 3), ((1, 6),))",West,"[((3, 2), ((1, 6),)) via South]","[((3, 3), ((1, 6),)), ((3, 3), ((1, 6), (6, 6))), ((3, 1), ((6, 1),)), ((4, 6), ((1, 1), (1, 6))), ((4, 6), ((1, 1),)), ((5, 5), ((1, 1),)), ((4, 1), ((6, 1), (6, 6))), ((1, 4), ((1, 1), (6, 6))), ((1, 4), ((1, 1), (1, 6), (6, 6))), ((4, 5), ((1, 1), (1, 6)))]","[((3, 3), ((1, 6), (6, 6))), ((3, 1), ((6, 1),)), ((4, 6), ((1, 1), (1, 6))), ((4, 6), ((1, 1),)), ((5, 5), ((1, 1),)), ((4, 1), ((6, 1), (6, 6))), ((1, 4), ((1, 1), (6, 6))), ((1, 4), ((1, 1), (1, 6), (6, 6))), ((4, 5), ((1, 1), (1, 6))), ((3, 2), ((1, 6),))]","[((4, 5), ()), ((4, 6), ()), ((5, 5), ()), ((3, 5), ()), ((5, 6), ()), ((3, 6), ()), ((6, 5), ()), ((2, 5), ()), ((6, 6), ((6, 6),)), ((2, 6), ()), ((6, 4), ()), ((1, 5), ()), ((6, 5), ((6, 6),)), ((5, 6), ((6, 6),)), ((1, 6), ((1, 6),)), ((6, 3), ()), ((1, 4), ()), ((6, 4), ((6, 6),)), ((5, 5), ((6, 6),)), ((4, 6), ((6, 6),)), ((1, 5), ((1, 6),)), ((2, 6), ((1, 6),)), ((5, 3), ()), ((1, 3), ()), ((6, 3), ((6, 6),)), ((4, 5), ((6, 6),)), ((3, 6), ((6, 6),)), ((1, 4), ((1, 6),)), ((2, 5), ((1, 6),)), ((3, 6), ((1, 6),)), ((4, 3), ()), ((1, 2), ()), ((5, 3), ((6, 6),)), ((3, 5), ((6, 6),)), ((2, 6), ((6, 6),)), ((1, 3), ((1, 6),)), ((3, 5), ((1, 6),)), ((4, 6), ((1, 6),)), ((3, 3), ()), ((1, 1), ((1, 1),)), ((4, 3), ((6, 6),)), ((2, 5), ((6, 6),)), ((1, 6), ((1, 6), (6, 6))), ((1, 2), ((1, 6),)), ((4, 5), ((1, 6),)), ((5, 6), ((1, 6),)), ((3, 2), ()), ((1, 2), ((1, 1),)), ((3, 3), ((6, 6),)), ((1, 5), ((6, 6),)), ((1, 5), ((1, 6), (6, 6))), ((2, 6), ((1, 6), (6, 6))), ((1, 1), ((1, 1), (1, 6))), ((5, 5), ((1, 6),)), ((6, 6), ((1, 6), (6, 6))), ((3, 1), ()), ((1, 3), ((1, 1),)), ((3, 2), ((6, 6),)), ((1, 4), ((6, 6),)), ((1, 4), ((1, 6), (6, 6))), ((2, 5), ((1, 6), (6, 6))), ((3, 6), ((1, 6), (6, 6))), ((1, 2), ((1, 1), (1, 6))), ((6, 5), ((1, 6),)), ((6, 5), ((1, 6), (6, 6))), ((5, 6), ((1, 6), (6, 6))), ((4, 1), ()), ((1, 4), ((1, 1),)), ((3, 1), ((6, 6),)), ((1, 3), ((6, 6),)), ((1, 3), ((1, 6), (6, 6))), ((3, 5), ((1, 6), (6, 6))), ((4, 6), ((1, 6), (6, 6))), ((1, 3), ((1, 1), (1, 6))), ((6, 4), ((1, 6),)), ((6, 4), ((1, 6), (6, 6))), ((5, 5), ((1, 6), (6, 6))), ((5, 1), ()), ((1, 5), ((1, 1),)), ((4, 1), ((6, 6),)), ((1, 2), ((6, 6),)), ((1, 2), ((1, 6), (6, 6))), ((4, 5), ((1, 6), (6, 6))), ((1, 4), ((1, 1), (1, 6))), ((6, 3), ((1, 6),)), ((6, 3), ((1, 6), (6, 6))), ((6, 1), ((6, 1),)), ((1, 6), ((1, 1), (1, 6))), ((2, 5), ((1, 1),)), ((5, 1), ((6, 6),)), ((1, 1), ((1, 1), (6, 6))), ((1, 1), ((1, 1), (1, 6), (6, 6))), ((1, 5), ((1, 1), (1, 6))), ((5, 3), ((1, 6),)), ((5, 3), ((1, 6), (6, 6))), ((5, 1), ((6, 1),)), ((2, 6), ((1, 1), (1, 6))), ((2, 6), ((1, 1),)), ((3, 5), ((1, 1),)), ((6, 1), ((6, 1), (6, 6))), ((1, 2), ((1, 1), (6, 6))), ((1, 2), ((1, 1), (1, 6), (6, 6))), ((2, 5), ((1, 1), (1, 6))), ((4, 3), ((1, 6),)), ((4, 3), ((1, 6), (6, 6))), ((4, 1), ((6, 1),)), ((3, 6), ((1, 1), (1, 6))), ((3, 6), ((1, 1),)), ((4, 5), ((1, 1),)), ((5, 1), ((6, 1), (6, 6))), ((1, 3), ((1, 1), (6, 6))), ((1, 3), ((1, 1), (1, 6), (6, 6))), ((3, 5), ((1, 1), (1, 6)))]",15,0,15
115,"((3, 3), ((1, 6), (6, 6)))","((4, 3), ((1, 6), (6, 6)))",West,"[((3, 2), ((1, 6), (6, 6))) via South]","[((3, 3), ((1, 6), (6, 6))), ((3, 1), ((6, 1),)), ((4, 6), ((1, 1), (1, 6))), ((4, 6), ((1, 1),)), ((5, 5), ((1, 1),)), ((4, 1), ((6, 1), (6, 6))), ((1, 4), ((1, 1), (6, 6))), ((1, 4), ((1, 1), (1, 6), (6, 6))), ((4, 5), ((1, 1), (1, 6))), ((3, 2), ((1, 6),))]","[((3, 1), ((6, 1),)), ((4, 6), ((1, 1), (1, 6))), ((4, 6), ((1, 1),)), ((5, 5), ((1, 1),)), ((4, 1), ((6, 1), (6, 6))), ((1, 4), ((1, 1), (6, 6))), ((1, 4), ((1, 1), (1, 6), (6, 6))), ((4, 5), ((1, 1), (1, 6))), ((3, 2), ((1, 6),)), ((3, 2), ((1, 6), (6, 6)))]","[((4, 5), ()), ((4, 6), ()), ((5, 5), ()), ((3, 5), ()), ((5, 6), ()), ((3, 6), ()), ((6, 5), ()), ((2, 5), ()), ((6, 6), ((6, 6),)), ((2, 6), ()), ((6, 4), ()), ((1, 5), ()), ((6, 5), ((6, 6),)), ((5, 6), ((6, 6),)), ((1, 6), ((1, 6),)), ((6, 3), ()), ((1, 4), ()), ((6, 4), ((6, 6),)), ((5, 5), ((6, 6),)), ((4, 6), ((6, 6),)), ((1, 5), ((1, 6),)), ((2, 6), ((1, 6),)), ((5, 3), ()), ((1, 3), ()), ((6, 3), ((6, 6),)), ((4, 5), ((6, 6),)), ((3, 6), ((6, 6),)), ((1, 4), ((1, 6),)), ((2, 5), ((1, 6),)), ((3, 6), ((1, 6),)), ((4, 3), ()), ((1, 2), ()), ((5, 3), ((6, 6),)), ((3, 5), ((6, 6),)), ((2, 6), ((6, 6),)), ((1, 3), ((1, 6),)), ((3, 5), ((1, 6),)), ((4, 6), ((1, 6),)), ((3, 3), ()), ((1, 1), ((1, 1),)), ((4, 3), ((6, 6),)), ((2, 5), ((6, 6),)), ((1, 6), ((1, 6), (6, 6))), ((1, 2), ((1, 6),)), ((4, 5), ((1, 6),)), ((5, 6), ((1, 6),)), ((3, 2), ()), ((1, 2), ((1, 1),)), ((3, 3), ((6, 6),)), ((1, 5), ((6, 6),)), ((1, 5), ((1, 6), (6, 6))), ((2, 6), ((1, 6), (6, 6))), ((1, 1), ((1, 1), (1, 6))), ((5, 5), ((1, 6),)), ((6, 6), ((1, 6), (6, 6))), ((3, 1), ()), ((1, 3), ((1, 1),)), ((3, 2), ((6, 6),)), ((1, 4), ((6, 6),)), ((1, 4), ((1, 6), (6, 6))), ((2, 5), ((1, 6), (6, 6))), ((3, 6), ((1, 6), (6, 6))), ((1, 2), ((1, 1), (1, 6))), ((6, 5), ((1, 6),)), ((6, 5), ((1, 6), (6, 6))), ((5, 6), ((1, 6), (6, 6))), ((4, 1), ()), ((1, 4), ((1, 1),)), ((3, 1), ((6, 6),)), ((1, 3), ((6, 6),)), ((1, 3), ((1, 6), (6, 6))), ((3, 5), ((1, 6), (6, 6))), ((4, 6), ((1, 6), (6, 6))), ((1, 3), ((1, 1), (1, 6))), ((6, 4), ((1, 6),)), ((6, 4), ((1, 6), (6, 6))), ((5, 5), ((1, 6), (6, 6))), ((5, 1), ()), ((1, 5), ((1, 1),)), ((4, 1), ((6, 6),)), ((1, 2), ((6, 6),)), ((1, 2), ((1, 6), (6, 6))), ((4, 5), ((1, 6), (6, 6))), ((1, 4), ((1, 1), (1, 6))), ((6, 3), ((1, 6),)), ((6, 3), ((1, 6), (6, 6))), ((6, 1), ((6, 1),)), ((1, 6), ((1, 1), (1, 6))), ((2, 5), ((1, 1),)), ((5, 1), ((6, 6),)), ((1, 1), ((1, 1), (6, 6))), ((1, 1), ((1, 1), (1, 6), (6, 6))), ((1, 5), ((1, 1), (1, 6))), ((5, 3), ((1, 6),)), ((5, 3), ((1, 6), (6, 6))), ((5, 1), ((6, 1),)), ((2, 6), ((1, 1), (1, 6))), ((2, 6), ((1, 1),)), ((3, 5), ((1, 1),)), ((6, 1), ((6, 1), (6, 6))), ((1, 2), ((1, 1), (6, 6))), ((1, 2), ((1, 1), (1, 6), (6, 6))), ((2, 5), ((1, 1), (1, 6))), ((4, 3), ((1, 6),)), ((4, 3), ((1, 6), (6, 6))), ((4, 1), ((6, 1),)), ((3, 6), ((1, 1), (1, 6))), ((3, 6), ((1, 1),)), ((4, 5), ((1, 1),)), ((5, 1), ((6, 1), (6, 6))), ((1, 3), ((1, 1), (6, 6))), ((1, 3), ((1, 1), (1, 6), (6, 6))), ((3, 5), ((1, 1), (1, 6))), ((3, 3), ((1, 6),))]",15,0,15
116,"((3, 1), ((6, 1),))","((4, 1), ((6, 1),))",West,"[((3, 2), ((6, 1),)) via North]","[((3, 1), ((6, 1),)), ((4, 6), ((1, 1), (1, 6))), ((4, 6), ((1, 1),)), ((5, 5), ((1, 1),)), ((4, 1), ((6, 1), (6, 6))), ((1, 4), ((1, 1), (6, 6))), ((1, 4), ((1, 1), (1, 6), (6, 6))), ((4, 5), ((1, 1), (1, 6))), ((3, 2), ((1, 6),)), ((3, 2), ((1, 6), (6, 6)))]","[((4, 6), ((1, 1), (1, 6))), ((4, 6), ((1, 1),)), ((5, 5), ((1, 1),)), ((4, 1), ((6, 1), (6, 6))), ((1, 4), ((1, 1), (6, 6))), ((1, 4), ((1, 1), (1, 6), (6, 6))), ((4, 5), ((1, 1), (1, 6))), ((3, 2), ((1, 6),)), ((3, 2), ((1, 6), (6, 6))), ((3, 2), ((6, 1),))]","[((4, 5), ()), ((4, 6), ()), ((5, 5), ()), ((3, 5), ()), ((5, 6), ()), ((3, 6), ()), ((6, 5), ()), ((2, 5), ()), ((6, 6), ((6, 6),)), ((2, 6), ()), ((6, 4), ()), ((1, 5), ()), ((6, 5), ((6, 6),)), ((5, 6), ((6, 6),)), ((1, 6), ((1, 6),)), ((6, 3), ()), ((1, 4), ()), ((6, 4), ((6, 6),)), ((5, 5), ((6, 6),)), ((4, 6), ((6, 6),)), ((1, 5), ((1, 6),)), ((2, 6), ((1, 6),)), ((5, 3), ()), ((1, 3), ()), ((6, 3), ((6, 6),)), ((4, 5), ((6, 6),)), ((3, 6), ((6, 6),)), ((1, 4), ((1, 6),)), ((2, 5), ((1, 6),)), ((3, 6), ((1, 6),)), ((4, 3), ()), ((1, 2), ()), ((5, 3), ((6, 6),)), ((3, 5), ((6, 6),)), ((2, 6), ((6, 6),)), ((1, 3), ((1, 6),)), ((3, 5), ((1, 6),)), ((4, 6), ((1, 6),)), ((3, 3), ()), ((1, 1), ((1, 1),)), ((4, 3), ((6, 6),)), ((2, 5), ((6, 6),)), ((1, 6), ((1, 6), (6, 6))), ((1, 2), ((1, 6),)), ((4, 5), ((1, 6),)), ((5, 6), ((1, 6),)), ((3, 2), ()), ((1, 2), ((1, 1),)), ((3, 3), ((6, 6),)), ((1, 5), ((6, 6),)), ((1, 5), ((1, 6), (6, 6))), ((2, 6), ((1, 6), (6, 6))), ((1, 1), ((1, 1), (1, 6))), ((5, 5), ((1, 6),)), ((6, 6), ((1, 6), (6, 6))), ((3, 1), ()), ((1, 3), ((1, 1),)), ((3, 2), ((6, 6),)), ((1, 4), ((6, 6),)), ((1, 4), ((1, 6), (6, 6))), ((2, 5), ((1, 6), (6, 6))), ((3, 6), ((1, 6), (6, 6))), ((1, 2), ((1, 1), (1, 6))), ((6, 5), ((1, 6),)), ((6, 5), ((1, 6), (6, 6))), ((5, 6), ((1, 6), (6, 6))), ((4, 1), ()), ((1, 4), ((1, 1),)), ((3, 1), ((6, 6),)), ((1, 3), ((6, 6),)), ((1, 3), ((1, 6), (6, 6))), ((3, 5), ((1, 6), (6, 6))), ((4, 6), ((1, 6), (6, 6))), ((1, 3), ((1, 1), (1, 6))), ((6, 4), ((1, 6),)), ((6, 4), ((1, 6), (6, 6))), ((5, 5), ((1, 6), (6, 6))), ((5, 1), ()), ((1, 5), ((1, 1),)), ((4, 1), ((6, 6),)), ((1, 2), ((6, 6),)), ((1, 2), ((1, 6), (6, 6))), ((4, 5), ((1, 6), (6, 6))), ((1, 4), ((1, 1), (1, 6))), ((6, 3), ((1, 6),)), ((6, 3), ((1, 6), (6, 6))), ((6, 1), ((6, 1),)), ((1, 6), ((1, 1), (1, 6))), ((2, 5), ((1, 1),)), ((5, 1), ((6, 6),)), ((1, 1), ((1, 1), (6, 6))), ((1, 1), ((1, 1), (1, 6), (6, 6))), ((1, 5), ((1, 1), (1, 6))), ((5, 3), ((1, 6),)), ((5, 3), ((1, 6), (6, 6))), ((5, 1), ((6, 1),)), ((2, 6), ((1, 1), (1, 6))), ((2, 6), ((1, 1),)), ((3, 5), ((1, 1),)), ((6, 1), ((6, 1), (6, 6))), ((1, 2), ((1, 1), (6, 6))), ((1, 2), ((1, 1), (1, 6), (6, 6))), ((2, 5), ((1, 1), (1, 6))), ((4, 3), ((1, 6),)), ((4, 3), ((1, 6), (6, 6))), ((4, 1), ((6, 1),)), ((3, 6), ((1, 1), (1, 6))), ((3, 6), ((1, 1),)), ((4, 5), ((1, 1),)), ((5, 1), ((6, 1), (6, 6))), ((1, 3), ((1, 1), (6, 6))), ((1, 3), ((1, 1), (1, 6), (6, 6))), ((3, 5), ((1, 1), (1, 6))), ((3, 3), ((1, 6),)), ((3, 3), ((1, 6), (6, 6)))]",15,0,15
117,"((4, 6), ((1, 1), (1, 6)))","((3, 6), ((1, 1), (1, 6)))",East,"[((5, 6), ((1, 1), (1, 6))) via East]","[((4, 6), ((1, 1), (1, 6))), ((4, 6), ((1, 1),)), ((5, 5), ((1, 1),)), ((4, 1), ((6, 1), (6, 6))), ((1, 4), ((1, 1), (6, 6))), ((1, 4), ((1, 1), (1, 6), (6, 6))), ((4, 5), ((1, 1), (1, 6))), ((3, 2), ((1, 6),)), ((3, 2), ((1, 6), (6, 6))), ((3, 2), ((6, 1),))]","[((4, 6), ((1, 1),)), ((5, 5), ((1, 1),)), ((4, 1), ((6, 1), (6, 6))), ((1, 4), ((1, 1), (6, 6))), ((1, 4), ((1, 1), (1, 6), (6, 6))), ((4, 5), ((1, 1), (1, 6))), ((3, 2), ((1, 6),)), ((3, 2), ((1, 6), (6, 6))), ((3, 2), ((6, 1),)), ((5, 6), ((1, 1), (1, 6)))]","[((4, 5), ()), ((4, 6), ()), ((5, 5), ()), ((3, 5), ()), ((5, 6), ()), ((3, 6), ()), ((6, 5), ()), ((2, 5), ()), ((6, 6), ((6, 6),)), ((2, 6), ()), ((6, 4), ()), ((1, 5), ()), ((6, 5), ((6, 6),)), ((5, 6), ((6, 6),)), ((1, 6), ((1, 6),)), ((6, 3), ()), ((1, 4), ()), ((6, 4), ((6, 6),)), ((5, 5), ((6, 6),)), ((4, 6), ((6, 6),)), ((1, 5), ((1, 6),)), ((2, 6), ((1, 6),)), ((5, 3), ()), ((1, 3), ()), ((6, 3), ((6, 6),)), ((4, 5), ((6, 6),)), ((3, 6), ((6, 6),)), ((1, 4), ((1, 6),)), ((2, 5), ((1, 6),)), ((3, 6), ((1, 6),)), ((4, 3), ()), ((1, 2), ()), ((5, 3), ((6, 6),)), ((3, 5), ((6, 6),)), ((2, 6), ((6, 6),)), ((1, 3), ((1, 6),)), ((3, 5), ((1, 6),)), ((4, 6), ((1, 6),)), ((3, 3), ()), ((1, 1), ((1, 1),)), ((4, 3), ((6, 6),)), ((2, 5), ((6, 6),)), ((1, 6), ((1, 6), (6, 6))), ((1, 2), ((1, 6),)), ((4, 5), ((1, 6),)), ((5, 6), ((1, 6),)), ((3, 2), ()), ((1, 2), ((1, 1),)), ((3, 3), ((6, 6),)), ((1, 5), ((6, 6),)), ((1, 5), ((1, 6), (6, 6))), ((2, 6), ((1, 6), (6, 6))), ((1, 1), ((1, 1), (1, 6))), ((5, 5), ((1, 6),)), ((6, 6), ((1, 6), (6, 6))), ((3, 1), ()), ((1, 3), ((1, 1),)), ((3, 2), ((6, 6),)), ((1, 4), ((6, 6),)), ((1, 4), ((1, 6), (6, 6))), ((2, 5), ((1, 6), (6, 6))), ((3, 6), ((1, 6), (6, 6))), ((1, 2), ((1, 1), (1, 6))), ((6, 5), ((1, 6),)), ((6, 5), ((1, 6), (6, 6))), ((5, 6), ((1, 6), (6, 6))), ((4, 1), ()), ((1, 4), ((1, 1),)), ((3, 1), ((6, 6),)), ((1, 3), ((6, 6),)), ((1, 3), ((1, 6), (6, 6))), ((3, 5), ((1, 6), (6, 6))), ((4, 6), ((1, 6), (6, 6))), ((1, 3), ((1, 1), (1, 6))), ((6, 4), ((1, 6),)), ((6, 4), ((1, 6), (6, 6))), ((5, 5), ((1, 6), (6, 6))), ((5, 1), ()), ((1, 5), ((1, 1),)), ((4, 1), ((6, 6),)), ((1, 2), ((6, 6),)), ((1, 2), ((1, 6), (6, 6))), ((4, 5), ((1, 6), (6, 6))), ((1, 4), ((1, 1), (1, 6))), ((6, 3), ((1, 6),)), ((6, 3), ((1, 6), (6, 6))), ((6, 1), ((6, 1),)), ((1, 6), ((1, 1), (1, 6))), ((2, 5), ((1, 1),)), ((5, 1), ((6, 6),)), ((1, 1), ((1, 1), (6, 6))), ((1, 1), ((1, 1), (1, 6), (6, 6))), ((1, 5), ((1, 1), (1, 6))), ((5, 3), ((1, 6),)), ((5, 3), ((1, 6), (6, 6))), ((5, 1), ((6, 1),)), ((2, 6), ((1, 1), (1, 6))), ((2, 6), ((1, 1),)), ((3, 5), ((1, 1),)), ((6, 1), ((6, 1), (6, 6))), ((1, 2), ((1, 1), (6, 6))), ((1, 2), ((1, 1), (1, 6), (6, 6))), ((2, 5), ((1, 1), (1, 6))), ((4, 3), ((1, 6),)), ((4, 3), ((1, 6), (6, 6))), ((4, 1), ((6, 1),)), ((3, 6), ((1, 1), (1, 6))), ((3, 6), ((1, 1),)), ((4, 5), ((1, 1),)), ((5, 1), ((6, 1), (6, 6))), ((1, 3), ((1, 1), (6, 6))), ((1, 3), ((1, 1), (1, 6), (6, 6))), ((3, 5), ((1, 1), (1, 6))), ((3, 3), ((1, 6),)), ((3, 3), ((1, 6), (6, 6))), ((3, 1), ((6, 1),))]",15,0,15
118,"((4, 6), ((1, 1),))","((3, 6), ((1, 1),))",East,"[((5, 6), ((1, 1),)) via East]","[((4, 6), ((1, 1),)), ((5, 5), ((1, 1),)), ((4, 1), ((6, 1), (6, 6))), ((1, 4), ((1, 1), (6, 6))), ((1, 4), ((1, 1), (1, 6), (6, 6))), ((4, 5), ((1, 1), (1, 6))), ((3, 2), ((1, 6),)), ((3, 2), ((1, 6), (6, 6))), ((3, 2), ((6, 1),)), ((5, 6), ((1, 1), (1, 6)))]","[((5, 5), ((1, 1),)), ((4, 1), ((6, 1), (6, 6))), ((1, 4), ((1, 1), (6, 6))), ((1, 4), ((1, 1), (1, 6), (6, 6))), ((4, 5), ((1, 1), (1, 6))), ((3, 2), ((1, 6),)), ((3, 2), ((1, 6), (6, 6))), ((3, 2), ((6, 1),)), ((5, 6), ((1, 1), (1, 6))), ((5, 6), ((1, 1),))]","[((4, 5), ()), ((4, 6), ()), ((5, 5), ()), ((3, 5), ()), ((5, 6), ()), ((3, 6), ()), ((6, 5), ()), ((2, 5), ()), ((6, 6), ((6, 6),)), ((2, 6), ()), ((6, 4), ()), ((1, 5), ()), ((6, 5), ((6, 6),)), ((5, 6), ((6, 6),)), ((1, 6), ((1, 6),)), ((6, 3), ()), ((1, 4), ()), ((6, 4), ((6, 6),)), ((5, 5), ((6, 6),)), ((4, 6), ((6, 6),)), ((1, 5), ((1, 6),)), ((2, 6), ((1, 6),)), ((5, 3), ()), ((1, 3), ()), ((6, 3), ((6, 6),)), ((4, 5), ((6, 6),)), ((3, 6), ((6, 6),)), ((1, 4), ((1, 6),)), ((2, 5), ((1, 6),)), ((3, 6), ((1, 6),)), ((4, 3), ()), ((1, 2), ()), ((5, 3), ((6, 6),)), ((3, 5), ((6, 6),)), ((2, 6), ((6, 6),)), ((1, 3), ((1, 6),)), ((3, 5), ((1, 6),)), ((4, 6), ((1, 6),)), ((3, 3), ()), ((1, 1), ((1, 1),)), ((4, 3), ((6, 6),)), ((2, 5), ((6, 6),)), ((1, 6), ((1, 6), (6, 6))), ((1, 2), ((1, 6),)), ((4, 5), ((1, 6),)), ((5, 6), ((1, 6),)), ((3, 2), ()), ((1, 2), ((1, 1),)), ((3, 3), ((6, 6),)), ((1, 5), ((6, 6),)), ((1, 5), ((1, 6), (6, 6))), ((2, 6), ((1, 6), (6, 6))), ((1, 1), ((1, 1), (1, 6))), ((5, 5), ((1, 6),)), ((6, 6), ((1, 6), (6, 6))), ((3, 1), ()), ((1, 3), ((1, 1),)), ((3, 2), ((6, 6),)), ((1, 4), ((6, 6),)), ((1, 4), ((1, 6), (6, 6))), ((2, 5), ((1, 6), (6, 6))), ((3, 6), ((1, 6), (6, 6))), ((1, 2), ((1, 1), (1, 6))), ((6, 5), ((1, 6),)), ((6, 5), ((1, 6), (6, 6))), ((5, 6), ((1, 6), (6, 6))), ((4, 1), ()), ((1, 4), ((1, 1),)), ((3, 1), ((6, 6),)), ((1, 3), ((6, 6),)), ((1, 3), ((1, 6), (6, 6))), ((3, 5), ((1, 6), (6, 6))), ((4, 6), ((1, 6), (6, 6))), ((1, 3), ((1, 1), (1, 6))), ((6, 4), ((1, 6),)), ((6, 4), ((1, 6), (6, 6))), ((5, 5), ((1, 6), (6, 6))), ((5, 1), ()), ((1, 5), ((1, 1),)), ((4, 1), ((6, 6),)), ((1, 2), ((6, 6),)), ((1, 2), ((1, 6), (6, 6))), ((4, 5), ((1, 6), (6, 6))), ((1, 4), ((1, 1), (1, 6))), ((6, 3), ((1, 6),)), ((6, 3), ((1, 6), (6, 6))), ((6, 1), ((6, 1),)), ((1, 6), ((1, 1), (1, 6))), ((2, 5), ((1, 1),)), ((5, 1), ((6, 6),)), ((1, 1), ((1, 1), (6, 6))), ((1, 1), ((1, 1), (1, 6), (6, 6))), ((1, 5), ((1, 1), (1, 6))), ((5, 3), ((1, 6),)), ((5, 3), ((1, 6), (6, 6))), ((5, 1), ((6, 1),)), ((2, 6), ((1, 1), (1, 6))), ((2, 6), ((1, 1),)), ((3, 5), ((1, 1),)), ((6, 1), ((6, 1), (6, 6))), ((1, 2), ((1, 1), (6, 6))), ((1, 2), ((1, 1), (1, 6), (6, 6))), ((2, 5), ((1, 1), (1, 6))), ((4, 3), ((1, 6),)), ((4, 3), ((1, 6), (6, 6))), ((4, 1), ((6, 1),)), ((3, 6), ((1, 1), (1, 6))), ((3, 6), ((1, 1),)), ((4, 5), ((1, 1),)), ((5, 1), ((6, 1), (6, 6))), ((1, 3), ((1, 1), (6, 6))), ((1, 3), ((1, 1), (1, 6), (6, 6))), ((3, 5), ((1, 1), (1, 6))), ((3, 3), ((1, 6),)), ((3, 3), ((1, 6), (6, 6))), ((3, 1), ((6, 1),)), ((4, 6), ((1, 1), (1, 6)))]",15,0,15
119,"((5, 5), ((1, 1),))","((4, 5), ((1, 1),))",East,"[((6, 5), ((1, 1),)) via East]","[((5, 5), ((1, 1),)), ((4, 1), ((6, 1), (6, 6))), ((1, 4), ((1, 1), (6, 6))), ((1, 4), ((1, 1), (1, 6), (6, 6))), ((4, 5), ((1, 1), (1, 6))), ((3, 2), ((1, 6),)), ((3, 2), ((1, 6), (6, 6))), ((3, 2), ((6, 1),)), ((5, 6), ((1, 1), (1, 6))), ((5, 6), ((1, 1),))]","[((4, 1), ((6, 1), (6, 6))), ((1, 4), ((1, 1), (6, 6))), ((1, 4), ((1, 1), (1, 6), (6, 6))), ((4, 5), ((1, 1), (1, 6))), ((3, 2), ((1, 6),)), ((3, 2), ((1, 6), (6, 6))), ((3, 2), ((6, 1),)), ((5, 6), ((1, 1), (1, 6))), ((5, 6), ((1, 1),)), ((6, 5), ((1, 1),))]","[((4, 5), ()), ((4, 6), ()), ((5, 5), ()), ((3, 5), ()), ((5, 6), ()), ((3, 6), ()), ((6, 5), ()), ((2, 5), ()), ((6, 6), ((6, 6),)), ((2, 6), ()), ((6, 4), ()), ((1, 5), ()), ((6, 5), ((6, 6),)), ((5, 6), ((6, 6),)), ((1, 6), ((1, 6),)), ((6, 3), ()), ((1, 4), ()), ((6, 4), ((6, 6),)), ((5, 5), ((6, 6),)), ((4, 6), ((6, 6),)), ((1, 5), ((1, 6),)), ((2, 6), ((1, 6),)), ((5, 3), ()), ((1, 3), ()), ((6, 3), ((6, 6),)), ((4, 5), ((6, 6),)), ((3, 6), ((6, 6),)), ((1, 4), ((1, 6),)), ((2, 5), ((1, 6),)), ((3, 6), ((1, 6),)), ((4, 3), ()), ((1, 2), ()), ((5, 3), ((6, 6),)), ((3, 5), ((6, 6),)), ((2, 6), ((6, 6),)), ((1, 3), ((1, 6),)), ((3, 5), ((1, 6),)), ((4, 6), ((1, 6),)), ((3, 3), ()), ((1, 1), ((1, 1),)), ((4, 3), ((6, 6),)), ((2, 5), ((6, 6),)), ((1, 6), ((1, 6), (6, 6))), ((1, 2), ((1, 6),)), ((4, 5), ((1, 6),)), ((5, 6), ((1, 6),)), ((3, 2), ()), ((1, 2), ((1, 1),)), ((3, 3), ((6, 6),)), ((1, 5), ((6, 6),)), ((1, 5), ((1, 6), (6, 6))), ((2, 6), ((1, 6), (6, 6))), ((1, 1), ((1, 1), (1, 6))), ((5, 5), ((1, 6),)), ((6, 6), ((1, 6), (6, 6))), ((3, 1), ()), ((1, 3), ((1, 1),)), ((3, 2), ((6, 6),)), ((1, 4), ((6, 6),)), ((1, 4), ((1, 6), (6, 6))), ((2, 5), ((1, 6), (6, 6))), ((3, 6), ((1, 6), (6, 6))), ((1, 2), ((1, 1), (1, 6))), ((6, 5), ((1, 6),)), ((6, 5), ((1, 6), (6, 6))), ((5, 6), ((1, 6), (6, 6))), ((4, 1), ()), ((1, 4), ((1, 1),)), ((3, 1), ((6, 6),)), ((1, 3), ((6, 6),)), ((1, 3), ((1, 6), (6, 6))), ((3, 5), ((1, 6), (6, 6))), ((4, 6), ((1, 6), (6, 6))), ((1, 3), ((1, 1), (1, 6))), ((6, 4), ((1, 6),)), ((6, 4), ((1, 6), (6, 6))), ((5, 5), ((1, 6), (6, 6))), ((5, 1), ()), ((1, 5), ((1, 1),)), ((4, 1), ((6, 6),)), ((1, 2), ((6, 6),)), ((1, 2), ((1, 6), (6, 6))), ((4, 5), ((1, 6), (6, 6))), ((1, 4), ((1, 1), (1, 6))), ((6, 3), ((1, 6),)), ((6, 3), ((1, 6), (6, 6))), ((6, 1), ((6, 1),)), ((1, 6), ((1, 1), (1, 6))), ((2, 5), ((1, 1),)), ((5, 1), ((6, 6),)), ((1, 1), ((1, 1), (6, 6))), ((1, 1), ((1, 1), (1, 6), (6, 6))), ((1, 5), ((1, 1), (1, 6))), ((5, 3), ((1, 6),)), ((5, 3), ((1, 6), (6, 6))), ((5, 1), ((6, 1),)), ((2, 6), ((1, 1), (1, 6))), ((2, 6), ((1, 1),)), ((3, 5), ((1, 1),)), ((6, 1), ((6, 1), (6, 6))), ((1, 2), ((1, 1), (6, 6))), ((1, 2), ((1, 1), (1, 6), (6, 6))), ((2, 5), ((1, 1), (1, 6))), ((4, 3), ((1, 6),)), ((4, 3), ((1, 6), (6, 6))), ((4, 1), ((6, 1),)), ((3, 6), ((1, 1), (1, 6))), ((3, 6), ((1, 1),)), ((4, 5), ((1, 1),)), ((5, 1), ((6, 1), (6, 6))), ((1, 3), ((1, 1), (6, 6))), ((1, 3), ((1, 1), (1, 6), (6, 6))), ((3, 5), ((1, 1), (1, 6))), ((3, 3), ((1, 6),)), ((3, 3), ((1, 6), (6, 6))), ((3, 1), ((6, 1),)), ((4, 6), ((1, 1), (1, 6))), ((4, 6), ((1, 1),))]",15,0,15
120,"((4, 1), ((6, 1), (6, 6)))","((5, 1), ((6, 1), (6, 6)))",West,"[((3, 1), ((6, 1), (6, 6))) via West]","[((4, 1), ((6, 1), (6, 6))), ((1, 4), ((1, 1), (6, 6))), ((1, 4), ((1, 1), (1, 6), (6, 6))), ((4, 5), ((1, 1), (1, 6))), ((3, 2), ((1, 6),)), ((3, 2), ((1, 6), (6, 6))), ((3, 2), ((6, 1),)), ((5, 6), ((1, 1), (1, 6))), ((5, 6), ((1, 1),)), ((6, 5), ((1, 1),))]","[((1, 4), ((1, 1), (6, 6))), ((1, 4), ((1, 1), (1, 6), (6, 6))), ((4, 5), ((1, 1), (1, 6))), ((3, 2), ((1, 6),)), ((3, 2), ((1, 6), (6, 6))), ((3, 2), ((6, 1),)), ((5, 6), ((1, 1), (1, 6))), ((5, 6), ((1, 1),)), ((6, 5), ((1, 1),)), ((3, 1), ((6, 1), (6, 6)))]","[((4, 5), ()), ((4, 6), ()), ((5, 5), ()), ((3, 5), ()), ((5, 6), ()), ((3, 6), ()), ((6, 5), ()), ((2, 5), ()), ((6, 6), ((6, 6),)), ((2, 6), ()), ((6, 4), ()), ((1, 5), ()), ((6, 5), ((6, 6),)), ((5, 6), ((6, 6),)), ((1, 6), ((1, 6),)), ((6, 3), ()), ((1, 4), ()), ((6, 4), ((6, 6),)), ((5, 5), ((6, 6),)), ((4, 6), ((6, 6),)), ((1, 5), ((1, 6),)), ((2, 6), ((1, 6),)), ((5, 3), ()), ((1, 3), ()), ((6, 3), ((6, 6),)), ((4, 5), ((6, 6),)), ((3, 6), ((6, 6),)), ((1, 4), ((1, 6),)), ((2, 5), ((1, 6),)), ((3, 6), ((1, 6),)), ((4, 3), ()), ((1, 2), ()), ((5, 3), ((6, 6),)), ((3, 5), ((6, 6),)), ((2, 6), ((6, 6),)), ((1, 3), ((1, 6),)), ((3, 5), ((1, 6),)), ((4, 6), ((1, 6),)), ((3, 3), ()), ((1, 1), ((1, 1),)), ((4, 3), ((6, 6),)), ((2, 5), ((6, 6),)), ((1, 6), ((1, 6), (6, 6))), ((1, 2), ((1, 6),)), ((4, 5), ((1, 6),)), ((5, 6), ((1, 6),)), ((3, 2), ()), ((1, 2), ((1, 1),)), ((3, 3), ((6, 6),)), ((1, 5), ((6, 6),)), ((1, 5), ((1, 6), (6, 6))), ((2, 6), ((1, 6), (6, 6))), ((1, 1), ((1, 1), (1, 6))), ((5, 5), ((1, 6),)), ((6, 6), ((1, 6), (6, 6))), ((3, 1), ()), ((1, 3), ((1, 1),)), ((3, 2), ((6, 6),)), ((1, 4), ((6, 6),)), ((1, 4), ((1, 6), (6, 6))), ((2, 5), ((1, 6), (6, 6))), ((3, 6), ((1, 6), (6, 6))), ((1, 2), ((1, 1), (1, 6))), ((6, 5), ((1, 6),)), ((6, 5), ((1, 6), (6, 6))), ((5, 6), ((1, 6), (6, 6))), ((4, 1), ()), ((1, 4), ((1, 1),)), ((3, 1), ((6, 6),)), ((1, 3), ((6, 6),)), ((1, 3), ((1, 6), (6, 6))), ((3, 5), ((1, 6), (6, 6))), ((4, 6), ((1, 6), (6, 6))), ((1, 3), ((1, 1), (1, 6))), ((6, 4), ((1, 6),)), ((6, 4), ((1, 6), (6, 6))), ((5, 5), ((1, 6), (6, 6))), ((5, 1), ()), ((1, 5), ((1, 1),)), ((4, 1), ((6, 6),)), ((1, 2), ((6, 6),)), ((1, 2), ((1, 6), (6, 6))), ((4, 5), ((1, 6), (6, 6))), ((1, 4), ((1, 1), (1, 6))), ((6, 3), ((1, 6),)), ((6, 3), ((1, 6), (6, 6))), ((6, 1), ((6, 1),)), ((1, 6), ((1, 1), (1, 6))), ((2, 5), ((1, 1),)), ((5, 1), ((6, 6),)), ((1, 1), ((1, 1), (6, 6))), ((1, 1), ((1, 1), (1, 6), (6, 6))), ((1, 5), ((1, 1), (1, 6))), ((5, 3), ((1, 6),)), ((5, 3), ((1, 6), (6, 6))), ((5, 1), ((6, 1),)), ((2, 6), ((1, 1), (1, 6))), ((2, 6), ((1, 1),)), ((3, 5), ((1, 1),)), ((6, 1), ((6, 1), (6, 6))), ((1, 2), ((1, 1), (6, 6))), ((1, 2), ((1, 1), (1, 6), (6, 6))), ((2, 5), ((1, 1), (1, 6))), ((4, 3), ((1, 6),)), ((4, 3), ((1, 6), (6, 6))), ((4, 1), ((6, 1),)), ((3, 6), ((1, 1), (1, 6))), ((3, 6), ((1, 1),)), ((4, 5), ((1, 1),)), ((5, 1), ((6, 1), (6, 6))), ((1, 3), ((1, 1), (6, 6))), ((1, 3), ((1, 1), (1, 6), (6, 6))), ((3, 5), ((1, 1), (1, 6))), ((3, 3), ((1, 6),)), ((3, 3), ((1, 6), (6, 6))), ((3, 1), ((6, 1),)), ((4, 6), ((1, 1), (1, 6))), ((4, 6), ((1, 1),)), ((5, 5), ((1, 1),))]",16,0,16
121,"((1, 4), ((1, 1), (6, 6)))","((1, 3), ((1, 1), (6, 6)))",North,"[((1, 5), ((1, 1), (6, 6))) via North]","[((1, 4), ((1, 1), (6, 6))), ((1, 4), ((1, 1), (1, 6), (6, 6))), ((4, 5), ((1, 1), (1, 6))), ((3, 2), ((1, 6),)), ((3, 2), ((1, 6), (6, 6))), ((3, 2), ((6, 1),)), ((5, 6), ((1, 1), (1, 6))), ((5, 6), ((1, 1),)), ((6, 5), ((1, 1),)), ((3, 1), ((6, 1), (6, 6)))]","[((1, 4), ((1, 1), (1, 6), (6, 6))), ((4, 5), ((1, 1), (1, 6))), ((3, 2), ((1, 6),)), ((3, 2), ((1, 6), (6, 6))), ((3, 2), ((6, 1),)), ((5, 6), ((1, 1), (1, 6))), ((5, 6), ((1, 1),)), ((6, 5), ((1, 1),)), ((3, 1), ((6, 1), (6, 6))), ((1, 5), ((1, 1), (6, 6)))]","[((4, 5), ()), ((4, 6), ()), ((5, 5), ()), ((3, 5), ()), ((5, 6), ()), ((3, 6), ()), ((6, 5), ()), ((2, 5), ()), ((6, 6), ((6, 6),)), ((2, 6), ()), ((6, 4), ()), ((1, 5), ()), ((6, 5), ((6, 6),)), ((5, 6), ((6, 6),)), ((1, 6), ((1, 6),)), ((6, 3), ()), ((1, 4), ()), ((6, 4), ((6, 6),)), ((5, 5), ((6, 6),)), ((4, 6), ((6, 6),)), ((1, 5), ((1, 6),)), ((2, 6), ((1, 6),)), ((5, 3), ()), ((1, 3), ()), ((6, 3), ((6, 6),)), ((4, 5), ((6, 6),)), ((3, 6), ((6, 6),)), ((1, 4), ((1, 6),)), ((2, 5), ((1, 6),)), ((3, 6), ((1, 6),)), ((4, 3), ()), ((1, 2), ()), ((5, 3), ((6, 6),)), ((3, 5), ((6, 6),)), ((2, 6), ((6, 6),)), ((1, 3), ((1, 6),)), ((3, 5), ((1, 6),)), ((4, 6), ((1, 6),)), ((3, 3), ()), ((1, 1), ((1, 1),)), ((4, 3), ((6, 6),)), ((2, 5), ((6, 6),)), ((1, 6), ((1, 6), (6, 6))), ((1, 2), ((1, 6),)), ((4, 5), ((1, 6),)), ((5, 6), ((1, 6),)), ((3, 2), ()), ((1, 2), ((1, 1),)), ((3, 3), ((6, 6),)), ((1, 5), ((6, 6),)), ((1, 5), ((1, 6), (6, 6))), ((2, 6), ((1, 6), (6, 6))), ((1, 1), ((1, 1), (1, 6))), ((5, 5), ((1, 6),)), ((6, 6), ((1, 6), (6, 6))), ((3, 1), ()), ((1, 3), ((1, 1),)), ((3, 2), ((6, 6),)), ((1, 4), ((6, 6),)), ((1, 4), ((1, 6), (6, 6))), ((2, 5), ((1, 6), (6, 6))), ((3, 6), ((1, 6), (6, 6))), ((1, 2), ((1, 1), (1, 6))), ((6, 5), ((1, 6),)), ((6, 5), ((1, 6), (6, 6))), ((5, 6), ((1, 6), (6, 6))), ((4, 1), ()), ((1, 4), ((1, 1),)), ((3, 1), ((6, 6),)), ((1, 3), ((6, 6),)), ((1, 3), ((1, 6), (6, 6))), ((3, 5), ((1, 6), (6, 6))), ((4, 6), ((1, 6), (6, 6))), ((1, 3), ((1, 1), (1, 6))), ((6, 4), ((1, 6),)), ((6, 4), ((1, 6), (6, 6))), ((5, 5), ((1, 6), (6, 6))), ((5, 1), ()), ((1, 5), ((1, 1),)), ((4, 1), ((6, 6),)), ((1, 2), ((6, 6),)), ((1, 2), ((1, 6), (6, 6))), ((4, 5), ((1, 6), (6, 6))), ((1, 4), ((1, 1), (1, 6))), ((6, 3), ((1, 6),)), ((6, 3), ((1, 6), (6, 6))), ((6, 1), ((6, 1),)), ((1, 6), ((1, 1), (1, 6))), ((2, 5), ((1, 1),)), ((5, 1), ((6, 6),)), ((1, 1), ((1, 1), (6, 6))), ((1, 1), ((1, 1), (1, 6), (6, 6))), ((1, 5), ((1, 1), (1, 6))), ((5, 3), ((1, 6),)), ((5, 3), ((1, 6), (6, 6))), ((5, 1), ((6, 1),)), ((2, 6), ((1, 1), (1, 6))), ((2, 6), ((1, 1),)), ((3, 5), ((1, 1),)), ((6, 1), ((6, 1), (6, 6))), ((1, 2), ((1, 1), (6, 6))), ((1, 2), ((1, 1), (1, 6), (6, 6))), ((2, 5), ((1, 1), (1, 6))), ((4, 3), ((1, 6),)), ((4, 3), ((1, 6), (6, 6))), ((4, 1), ((6, 1),)), ((3, 6), ((1, 1), (1, 6))), ((3, 6), ((1, 1),)), ((4, 5), ((1, 1),)), ((5, 1), ((6, 1), (6, 6))), ((1, 3), ((1, 1), (6, 6))), ((1, 3), ((1, 1), (1, 6), (6, 6))), ((3, 5), ((1, 1), (1, 6))), ((3, 3), ((1, 6),)), ((3, 3), ((1, 6), (6, 6))), ((3, 1), ((6, 1),)), ((4, 6), ((1, 1), (1, 6))), ((4, 6), ((1, 1),)), ((5, 5), ((1, 1),)), ((4, 1), ((6, 1), (6, 6)))]",16,0,16
122,"((1, 4), ((1, 1), (1, 6), (6, 6)))","((1, 3), ((1, 1), (1, 6), (6, 6)))",North,"[((1, 5), ((1, 1), (1, 6), (6, 6))) via North]","[((1, 4), ((1, 1), (1, 6), (6, 6))), ((4, 5), ((1, 1), (1, 6))), ((3, 2), ((1, 6),)), ((3, 2), ((1, 6), (6, 6))), ((3, 2), ((6, 1),)), ((5, 6), ((1, 1), (1, 6))), ((5, 6), ((1, 1),)), ((6, 5), ((1, 1),)), ((3, 1), ((6, 1), (6, 6))), ((1, 5), ((1, 1), (6, 6)))]","[((4, 5), ((1, 1), (1, 6))), ((3, 2), ((1, 6),)), ((3, 2), ((1, 6), (6, 6))), ((3, 2), ((6, 1),)), ((5, 6), ((1, 1), (1, 6))), ((5, 6), ((1, 1),)), ((6, 5), ((1, 1),)), ((3, 1), ((6, 1), (6, 6))), ((1, 5), ((1, 1), (6, 6))), ((1, 5), ((1, 1), (1, 6), (6, 6)))]","[((4, 5), ()), ((4, 6), ()), ((5, 5), ()), ((3, 5), ()), ((5, 6), ()), ((3, 6), ()), ((6, 5), ()), ((2, 5), ()), ((6, 6), ((6, 6),)), ((2, 6), ()), ((6, 4), ()), ((1, 5), ()), ((6, 5), ((6, 6),)), ((5, 6), ((6, 6),)), ((1, 6), ((1, 6),)), ((6, 3), ()), ((1, 4), ()), ((6, 4), ((6, 6),)), ((5, 5), ((6, 6),)), ((4, 6), ((6, 6),)), ((1, 5), ((1, 6),)), ((2, 6), ((1, 6),)), ((5, 3), ()), ((1, 3), ()), ((6, 3), ((6, 6),)), ((4, 5), ((6, 6),)), ((3, 6), ((6, 6),)), ((1, 4), ((1, 6),)), ((2, 5), ((1, 6),)), ((3, 6), ((1, 6),)), ((4, 3), ()), ((1, 2), ()), ((5, 3), ((6, 6),)), ((3, 5), ((6, 6),)), ((2, 6), ((6, 6),)), ((1, 3), ((1, 6),)), ((3, 5), ((1, 6),)), ((4, 6), ((1, 6),)), ((3, 3), ()), ((1, 1), ((1, 1),)), ((4, 3), ((6, 6),)), ((2, 5), ((6, 6),)), ((1, 6), ((1, 6), (6, 6))), ((1, 2), ((1, 6),)), ((4, 5), ((1, 6),)), ((5, 6), ((1, 6),)), ((3, 2), ()), ((1, 2), ((1, 1),)), ((3, 3), ((6, 6),)), ((1, 5), ((6, 6),)), ((1, 5), ((1, 6), (6, 6))), ((2, 6), ((1, 6), (6, 6))), ((1, 1), ((1, 1), (1, 6))), ((5, 5), ((1, 6),)), ((6, 6), ((1, 6), (6, 6))), ((3, 1), ()), ((1, 3), ((1, 1),)), ((3, 2), ((6, 6),)), ((1, 4), ((6, 6),)), ((1, 4), ((1, 6), (6, 6))), ((2, 5), ((1, 6), (6, 6))), ((3, 6), ((1, 6), (6, 6))), ((1, 2), ((1, 1), (1, 6))), ((6, 5), ((1, 6),)), ((6, 5), ((1, 6), (6, 6))), ((5, 6), ((1, 6), (6, 6))), ((4, 1), ()), ((1, 4), ((1, 1),)), ((3, 1), ((6, 6),)), ((1, 3), ((6, 6),)), ((1, 3), ((1, 6), (6, 6))), ((3, 5), ((1, 6), (6, 6))), ((4, 6), ((1, 6), (6, 6))), ((1, 3), ((1, 1), (1, 6))), ((6, 4), ((1, 6),)), ((6, 4), ((1, 6), (6, 6))), ((5, 5), ((1, 6), (6, 6))), ((5, 1), ()), ((1, 5), ((1, 1),)), ((4, 1), ((6, 6),)), ((1, 2), ((6, 6),)), ((1, 2), ((1, 6), (6, 6))), ((4, 5), ((1, 6), (6, 6))), ((1, 4), ((1, 1), (1, 6))), ((6, 3), ((1, 6),)), ((6, 3), ((1, 6), (6, 6))), ((6, 1), ((6, 1),)), ((1, 6), ((1, 1), (1, 6))), ((2, 5), ((1, 1),)), ((5, 1), ((6, 6),)), ((1, 1), ((1, 1), (6, 6))), ((1, 1), ((1, 1), (1, 6), (6, 6))), ((1, 5), ((1, 1), (1, 6))), ((5, 3), ((1, 6),)), ((5, 3), ((1, 6), (6, 6))), ((5, 1), ((6, 1),)), ((2, 6), ((1, 1), (1, 6))), ((2, 6), ((1, 1),)), ((3, 5), ((1, 1),)), ((6, 1), ((6, 1), (6, 6))), ((1, 2), ((1, 1), (6, 6))), ((1, 2), ((1, 1), (1, 6), (6, 6))), ((2, 5), ((1, 1), (1, 6))), ((4, 3), ((1, 6),)), ((4, 3), ((1, 6), (6, 6))), ((4, 1), ((6, 1),)), ((3, 6), ((1, 1), (1, 6))), ((3, 6), ((1, 1),)), ((4, 5), ((1, 1),)), ((5, 1), ((6, 1), (6, 6))), ((1, 3), ((1, 1), (6, 6))), ((1, 3), ((1, 1), (1, 6), (6, 6))), ((3, 5), ((1, 1), (1, 6))), ((3, 3), ((1, 6),)), ((3, 3), ((1, 6), (6, 6))), ((3, 1), ((6, 1),)), ((4, 6), ((1, 1), (1, 6))), ((4, 6), ((1, 1),)), ((5, 5), ((1, 1),)), ((4, 1), ((6, 1), (6, 6))), ((1, 4), ((1, 1), (6, 6)))]",16,0,16
123,"((4, 5), ((1, 1), (1, 6)))","((3, 5), ((1, 1), (1, 6)))",East,"[((5, 5), ((1, 1), (1, 6))) via East]","[((4, 5), ((1, 1), (1, 6))), ((3, 2), ((1, 6),)), ((3, 2), ((1, 6), (6, 6))), ((3, 2), ((6, 1),)), ((5, 6), ((1, 1), (1, 6))), ((5, 6), ((1, 1),)), ((6, 5), ((1, 1),)), ((3, 1), ((6, 1), (6, 6))), ((1, 5), ((1, 1), (6, 6))), ((1, 5), ((1, 1), (1, 6), (6, 6)))]","[((3, 2), ((1, 6),)), ((3, 2), ((1, 6), (6, 6))), ((3, 2), ((6, 1),)), ((5, 6), ((1, 1), (1, 6))), ((5, 6), ((1, 1),)), ((6, 5), ((1, 1),)), ((3, 1), ((6, 1), (6, 6))), ((1, 5), ((1, 1), (6, 6))), ((1, 5), ((1, 1), (1, 6), (6, 6))), ((5, 5), ((1, 1), (1, 6)))]","[((4, 5), ()), ((4, 6), ()), ((5, 5), ()), ((3, 5), ()), ((5, 6), ()), ((3, 6), ()), ((6, 5), ()), ((2, 5), ()), ((6, 6), ((6, 6),)), ((2, 6), ()), ((6, 4), ()), ((1, 5), ()), ((6, 5), ((6, 6),)), ((5, 6), ((6, 6),)), ((1, 6), ((1, 6),)), ((6, 3), ()), ((1, 4), ()), ((6, 4), ((6, 6),)), ((5, 5), ((6, 6),)), ((4, 6), ((6, 6),)), ((1, 5), ((1, 6),)), ((2, 6), ((1, 6),)), ((5, 3), ()), ((1, 3), ()), ((6, 3), ((6, 6),)), ((4, 5), ((6, 6),)), ((3, 6), ((6, 6),)), ((1, 4), ((1, 6),)), ((2, 5), ((1, 6),)), ((3, 6), ((1, 6),)), ((4, 3), ()), ((1, 2), ()), ((5, 3), ((6, 6),)), ((3, 5), ((6, 6),)), ((2, 6), ((6, 6),)), ((1, 3), ((1, 6),)), ((3, 5), ((1, 6),)), ((4, 6), ((1, 6),)), ((3, 3), ()), ((1, 1), ((1, 1),)), ((4, 3), ((6, 6),)), ((2, 5), ((6, 6),)), ((1, 6), ((1, 6), (6, 6))), ((1, 2), ((1, 6),)), ((4, 5), ((1, 6),)), ((5, 6), ((1, 6),)), ((3, 2), ()), ((1, 2), ((1, 1),)), ((3, 3), ((6, 6),)), ((1, 5), ((6, 6),)), ((1, 5), ((1, 6), (6, 6))), ((2, 6), ((1, 6), (6, 6))), ((1, 1), ((1, 1), (1, 6))), ((5, 5), ((1, 6),)), ((6, 6), ((1, 6), (6, 6))), ((3, 1), ()), ((1, 3), ((1, 1),)), ((3, 2), ((6, 6),)), ((1, 4), ((6, 6),)), ((1, 4), ((1, 6), (6, 6))), ((2, 5), ((1, 6), (6, 6))), ((3, 6), ((1, 6), (6, 6))), ((1, 2), ((1, 1), (1, 6))), ((6, 5), ((1, 6),)), ((6, 5), ((1, 6), (6, 6))), ((5, 6), ((1, 6), (6, 6))), ((4, 1), ()), ((1, 4), ((1, 1),)), ((3, 1), ((6, 6),)), ((1, 3), ((6, 6),)), ((1, 3), ((1, 6), (6, 6))), ((3, 5), ((1, 6), (6, 6))), ((4, 6), ((1, 6), (6, 6))), ((1, 3), ((1, 1), (1, 6))), ((6, 4), ((1, 6),)), ((6, 4), ((1, 6), (6, 6))), ((5, 5), ((1, 6), (6, 6))), ((5, 1), ()), ((1, 5), ((1, 1),)), ((4, 1), ((6, 6),)), ((1, 2), ((6, 6),)), ((1, 2), ((1, 6), (6, 6))), ((4, 5), ((1, 6), (6, 6))), ((1, 4), ((1, 1), (1, 6))), ((6, 3), ((1, 6),)), ((6, 3), ((1, 6), (6, 6))), ((6, 1), ((6, 1),)), ((1, 6), ((1, 1), (1, 6))), ((2, 5), ((1, 1),)), ((5, 1), ((6, 6),)), ((1, 1), ((1, 1), (6, 6))), ((1, 1), ((1, 1), (1, 6), (6, 6))), ((1, 5), ((1, 1), (1, 6))), ((5, 3), ((1, 6),)), ((5, 3), ((1, 6), (6, 6))), ((5, 1), ((6, 1),)), ((2, 6), ((1, 1), (1, 6))), ((2, 6), ((1, 1),)), ((3, 5), ((1, 1),)), ((6, 1), ((6, 1), (6, 6))), ((1, 2), ((1, 1), (6, 6))), ((1, 2), ((1, 1), (1, 6), (6, 6))), ((2, 5), ((1, 1), (1, 6))), ((4, 3), ((1, 6),)), ((4, 3), ((1, 6), (6, 6))), ((4, 1), ((6, 1),)), ((3, 6), ((1, 1), (1, 6))), ((3, 6), ((1, 1),)), ((4, 5), ((1, 1),)), ((5, 1), ((6, 1), (6, 6))), ((1, 3), ((1, 1), (6, 6))), ((1, 3), ((1, 1), (1, 6), (6, 6))), ((3, 5), ((1, 1), (1, 6))), ((3, 3), ((1, 6),)), ((3, 3), ((1, 6), (6, 6))), ((3, 1), ((6, 1),)), ((4, 6), ((1, 1), (1, 6))), ((4, 6), ((1, 1),)), ((5, 5), ((1, 1),)), ((4, 1), ((6, 1), (6, 6))), ((1, 4), ((1, 1), (6, 6))), ((1, 4), ((1, 1), (1, 6), (6, 6)))]",16,0,16
124,"((3, 2), ((1, 6),))","((3, 3), ((1, 6),))",South,"[((3, 1), ((1, 6),)) via South]","[((3, 2), ((1, 6),)), ((3, 2), ((1, 6), (6, 6))), ((3, 2), ((6, 1),)), ((5, 6), ((1, 1), (1, 6))), ((5, 6), ((1, 1),)), ((6, 5), ((1, 1),)), ((3, 1), ((6, 1), (6, 6))), ((1, 5), ((1, 1), (6, 6))), ((1, 5), ((1, 1), (1, 6), (6, 6))), ((5, 5), ((1, 1), (1, 6)))]","[((3, 2), ((1, 6), (6, 6))), ((3, 2), ((6, 1),)), ((5, 6), ((1, 1), (1, 6))), ((5, 6), ((1, 1),)), ((6, 5), ((1, 1),)), ((3, 1), ((6, 1), (6, 6))), ((1, 5), ((1, 1), (6, 6))), ((1, 5), ((1, 1), (1, 6), (6, 6))), ((5, 5), ((1, 1), (1, 6))), ((3, 1), ((1, 6),))]","[((4, 5), ()), ((4, 6), ()), ((5, 5), ()), ((3, 5), ()), ((5, 6), ()), ((3, 6), ()), ((6, 5), ()), ((2, 5), ()), ((6, 6), ((6, 6),)), ((2, 6), ()), ((6, 4), ()), ((1, 5), ()), ((6, 5), ((6, 6),)), ((5, 6), ((6, 6),)), ((1, 6), ((1, 6),)), ((6, 3), ()), ((1, 4), ()), ((6, 4), ((6, 6),)), ((5, 5), ((6, 6),)), ((4, 6), ((6, 6),)), ((1, 5), ((1, 6),)), ((2, 6), ((1, 6),)), ((5, 3), ()), ((1, 3), ()), ((6, 3), ((6, 6),)), ((4, 5), ((6, 6),)), ((3, 6), ((6, 6),)), ((1, 4), ((1, 6),)), ((2, 5), ((1, 6),)), ((3, 6), ((1, 6),)), ((4, 3), ()), ((1, 2), ()), ((5, 3), ((6, 6),)), ((3, 5), ((6, 6),)), ((2, 6), ((6, 6),)), ((1, 3), ((1, 6),)), ((3, 5), ((1, 6),)), ((4, 6), ((1, 6),)), ((3, 3), ()), ((1, 1), ((1, 1),)), ((4, 3), ((6, 6),)), ((2, 5), ((6, 6),)), ((1, 6), ((1, 6), (6, 6))), ((1, 2), ((1, 6),)), ((4, 5), ((1, 6),)), ((5, 6), ((1, 6),)), ((3, 2), ()), ((1, 2), ((1, 1),)), ((3, 3), ((6, 6),)), ((1, 5), ((6, 6),)), ((1, 5), ((1, 6), (6, 6))), ((2, 6), ((1, 6), (6, 6))), ((1, 1), ((1, 1), (1, 6))), ((5, 5), ((1, 6),)), ((6, 6), ((1, 6), (6, 6))), ((3, 1), ()), ((1, 3), ((1, 1),)), ((3, 2), ((6, 6),)), ((1, 4), ((6, 6),)), ((1, 4), ((1, 6), (6, 6))), ((2, 5), ((1, 6), (6, 6))), ((3, 6), ((1, 6), (6, 6))), ((1, 2), ((1, 1), (1, 6))), ((6, 5), ((1, 6),)), ((6, 5), ((1, 6), (6, 6))), ((5, 6), ((1, 6), (6, 6))), ((4, 1), ()), ((1, 4), ((1, 1),)), ((3, 1), ((6, 6),)), ((1, 3), ((6, 6),)), ((1, 3), ((1, 6), (6, 6))), ((3, 5), ((1, 6), (6, 6))), ((4, 6), ((1, 6), (6, 6))), ((1, 3), ((1, 1), (1, 6))), ((6, 4), ((1, 6),)), ((6, 4), ((1, 6), (6, 6))), ((5, 5), ((1, 6), (6, 6))), ((5, 1), ()), ((1, 5), ((1, 1),)), ((4, 1), ((6, 6),)), ((1, 2), ((6, 6),)), ((1, 2), ((1, 6), (6, 6))), ((4, 5), ((1, 6), (6, 6))), ((1, 4), ((1, 1), (1, 6))), ((6, 3), ((1, 6),)), ((6, 3), ((1, 6), (6, 6))), ((6, 1), ((6, 1),)), ((1, 6), ((1, 1), (1, 6))), ((2, 5), ((1, 1),)), ((5, 1), ((6, 6),)), ((1, 1), ((1, 1), (6, 6))), ((1, 1), ((1, 1), (1, 6), (6, 6))), ((1, 5), ((1, 1), (1, 6))), ((5, 3), ((1, 6),)), ((5, 3), ((1, 6), (6, 6))), ((5, 1), ((6, 1),)), ((2, 6), ((1, 1), (1, 6))), ((2, 6), ((1, 1),)), ((3, 5), ((1, 1),)), ((6, 1), ((6, 1), (6, 6))), ((1, 2), ((1, 1), (6, 6))), ((1, 2), ((1, 1), (1, 6), (6, 6))), ((2, 5), ((1, 1), (1, 6))), ((4, 3), ((1, 6),)), ((4, 3), ((1, 6), (6, 6))), ((4, 1), ((6, 1),)), ((3, 6), ((1, 1), (1, 6))), ((3, 6), ((1, 1),)), ((4, 5), ((1, 1),)), ((5, 1), ((6, 1), (6, 6))), ((1, 3), ((1, 1), (6, 6))), ((1, 3), ((1, 1), (1, 6), (6, 6))), ((3, 5), ((1, 1), (1, 6))), ((3, 3), ((1, 6),)), ((3, 3), ((1, 6), (6, 6))), ((3, 1), ((6, 1),)), ((4, 6), ((1, 1), (1, 6))), ((4, 6), ((1, 1),)), ((5, 5), ((1, 1),)), ((4, 1), ((6, 1), (6, 6))), ((1, 4), ((1, 1), (6, 6))), ((1, 4), ((1, 1), (1, 6), (6, 6))), ((4, 5), ((1, 1), (1, 6)))]",16,0,16
125,"((3, 2), ((1, 6), (6, 6)))","((3, 3), ((1, 6), (6, 6)))",South,"[((3, 1), ((1, 6), (6, 6))) via South]","[((3, 2), ((1, 6), (6, 6))), ((3, 2), ((6, 1),)), ((5, 6), ((1, 1), (1, 6))), ((5, 6), ((1, 1),)), ((6, 5), ((1, 1),)), ((3, 1), ((6, 1), (6, 6))), ((1, 5), ((1, 1), (6, 6))), ((1, 5), ((1, 1), (1, 6), (6, 6))), ((5, 5), ((1, 1), (1, 6))), ((3, 1), ((1, 6),))]","[((3, 2), ((6, 1),)), ((5, 6), ((1, 1), (1, 6))), ((5, 6), ((1, 1),)), ((6, 5), ((1, 1),)), ((3, 1), ((6, 1), (6, 6))), ((1, 5), ((1, 1), (6, 6))), ((1, 5), ((1, 1), (1, 6), (6, 6))), ((5, 5), ((1, 1), (1, 6))), ((3, 1), ((1, 6),)), ((3, 1), ((1, 6), (6, 6)))]","[((4, 5), ()), ((4, 6), ()), ((5, 5), ()), ((3, 5), ()), ((5, 6), ()), ((3, 6), ()), ((6, 5), ()), ((2, 5), ()), ((6, 6), ((6, 6),)), ((2, 6), ()), ((6, 4), ()), ((1, 5), ()), ((6, 5), ((6, 6),)), ((5, 6), ((6, 6),)), ((1, 6), ((1, 6),)), ((6, 3), ()), ((1, 4), ()), ((6, 4), ((6, 6),)), ((5, 5), ((6, 6),)), ((4, 6), ((6, 6),)), ((1, 5), ((1, 6),)), ((2, 6), ((1, 6),)), ((5, 3), ()), ((1, 3), ()), ((6, 3), ((6, 6),)), ((4, 5), ((6, 6),)), ((3, 6), ((6, 6),)), ((1, 4), ((1, 6),)), ((2, 5), ((1, 6),)), ((3, 6), ((1, 6),)), ((4, 3), ()), ((1, 2), ()), ((5, 3), ((6, 6),)), ((3, 5), ((6, 6),)), ((2, 6), ((6, 6),)), ((1, 3), ((1, 6),)), ((3, 5), ((1, 6),)), ((4, 6), ((1, 6),)), ((3, 3), ()), ((1, 1), ((1, 1),)), ((4, 3), ((6, 6),)), ((2, 5), ((6, 6),)), ((1, 6), ((1, 6), (6, 6))), ((1, 2), ((1, 6),)), ((4, 5), ((1, 6),)), ((5, 6), ((1, 6),)), ((3, 2), ()), ((1, 2), ((1, 1),)), ((3, 3), ((6, 6),)), ((1, 5), ((6, 6),)), ((1, 5), ((1, 6), (6, 6))), ((2, 6), ((1, 6), (6, 6))), ((1, 1), ((1, 1), (1, 6))), ((5, 5), ((1, 6),)), ((6, 6), ((1, 6), (6, 6))), ((3, 1), ()), ((1, 3), ((1, 1),)), ((3, 2), ((6, 6),)), ((1, 4), ((6, 6),)), ((1, 4), ((1, 6), (6, 6))), ((2, 5), ((1, 6), (6, 6))), ((3, 6), ((1, 6), (6, 6))), ((1, 2), ((1, 1), (1, 6))), ((6, 5), ((1, 6),)), ((6, 5), ((1, 6), (6, 6))), ((5, 6), ((1, 6), (6, 6))), ((4, 1), ()), ((1, 4), ((1, 1),)), ((3, 1), ((6, 6),)), ((1, 3), ((6, 6),)), ((1, 3), ((1, 6), (6, 6))), ((3, 5), ((1, 6), (6, 6))), ((4, 6), ((1, 6), (6, 6))), ((1, 3), ((1, 1), (1, 6))), ((6, 4), ((1, 6),)), ((6, 4), ((1, 6), (6, 6))), ((5, 5), ((1, 6), (6, 6))), ((5, 1), ()), ((1, 5), ((1, 1),)), ((4, 1), ((6, 6),)), ((1, 2), ((6, 6),)), ((1, 2), ((1, 6), (6, 6))), ((4, 5), ((1, 6), (6, 6))), ((1, 4), ((1, 1), (1, 6))), ((6, 3), ((1, 6),)), ((6, 3), ((1, 6), (6, 6))), ((6, 1), ((6, 1),)), ((1, 6), ((1, 1), (1, 6))), ((2, 5), ((1, 1),)), ((5, 1), ((6, 6),)), ((1, 1), ((1, 1), (6, 6))), ((1, 1), ((1, 1), (1, 6), (6, 6))), ((1, 5), ((1, 1), (1, 6))), ((5, 3), ((1, 6),)), ((5, 3), ((1, 6), (6, 6))), ((5, 1), ((6, 1),)), ((2, 6), ((1, 1), (1, 6))), ((2, 6), ((1, 1),)), ((3, 5), ((1, 1),)), ((6, 1), ((6, 1), (6, 6))), ((1, 2), ((1, 1), (6, 6))), ((1, 2), ((1, 1), (1, 6), (6, 6))), ((2, 5), ((1, 1), (1, 6))), ((4, 3), ((1, 6),)), ((4, 3), ((1, 6), (6, 6))), ((4, 1), ((6, 1),)), ((3, 6), ((1, 1), (1, 6))), ((3, 6), ((1, 1),)), ((4, 5), ((1, 1),)), ((5, 1), ((6, 1), (6, 6))), ((1, 3), ((1, 1), (6, 6))), ((1, 3), ((1, 1), (1, 6), (6, 6))), ((3, 5), ((1, 1), (1, 6))), ((3, 3), ((1, 6),)), ((3, 3), ((1, 6), (6, 6))), ((3, 1), ((6, 1),)), ((4, 6), ((1, 1), (1, 6))), ((4, 6), ((1, 1),)), ((5, 5), ((1, 1),)), ((4, 1), ((6, 1), (6, 6))), ((1, 4), ((1, 1), (6, 6))), ((1, 4), ((1, 1), (1, 6), (6, 6))), ((4, 5), ((1, 1), (1, 6))), ((3, 2), ((1, 6),))]",16,0,16
126,"((3, 2), ((6, 1),))","((3, 1), ((6, 1),))",North,"[((3, 3), ((6, 1),)) via North]","[((3, 2), ((6, 1),)), ((5, 6), ((1, 1), (1, 6))), ((5, 6), ((1, 1),)), ((6, 5), ((1, 1),)), ((3, 1), ((6, 1), (6, 6))), ((1, 5), ((1, 1), (6, 6))), ((1, 5), ((1, 1), (1, 6), (6, 6))), ((5, 5), ((1, 1), (1, 6))), ((3, 1), ((1, 6),)), ((3, 1), ((1, 6), (6, 6)))]","[((5, 6), ((1, 1), (1, 6))), ((5, 6), ((1, 1),)), ((6, 5), ((1, 1),)), ((3, 1), ((6, 1), (6, 6))), ((1, 5), ((1, 1), (6, 6))), ((1, 5), ((1, 1), (1, 6), (6, 6))), ((5, 5), ((1, 1), (1, 6))), ((3, 1), ((1, 6),)), ((3, 1), ((1, 6), (6, 6))), ((3, 3), ((6, 1),))]","[((4, 5), ()), ((4, 6), ()), ((5, 5), ()), ((3, 5), ()), ((5, 6), ()), ((3, 6), ()), ((6, 5), ()), ((2, 5), ()), ((6, 6), ((6, 6),)), ((2, 6), ()), ((6, 4), ()), ((1, 5), ()), ((6, 5), ((6, 6),)), ((5, 6), ((6, 6),)), ((1, 6), ((1, 6),)), ((6, 3), ()), ((1, 4), ()), ((6, 4), ((6, 6),)), ((5, 5), ((6, 6),)), ((4, 6), ((6, 6),)), ((1, 5), ((1, 6),)), ((2, 6), ((1, 6),)), ((5, 3), ()), ((1, 3), ()), ((6, 3), ((6, 6),)), ((4, 5), ((6, 6),)), ((3, 6), ((6, 6),)), ((1, 4), ((1, 6),)), ((2, 5), ((1, 6),)), ((3, 6), ((1, 6),)), ((4, 3), ()), ((1, 2), ()), ((5, 3), ((6, 6),)), ((3, 5), ((6, 6),)), ((2, 6), ((6, 6),)), ((1, 3), ((1, 6),)), ((3, 5), ((1, 6),)), ((4, 6), ((1, 6),)), ((3, 3), ()), ((1, 1), ((1, 1),)), ((4, 3), ((6, 6),)), ((2, 5), ((6, 6),)), ((1, 6), ((1, 6), (6, 6))), ((1, 2), ((1, 6),)), ((4, 5), ((1, 6),)), ((5, 6), ((1, 6),)), ((3, 2), ()), ((1, 2), ((1, 1),)), ((3, 3), ((6, 6),)), ((1, 5), ((6, 6),)), ((1, 5), ((1, 6), (6, 6))), ((2, 6), ((1, 6), (6, 6))), ((1, 1), ((1, 1), (1, 6))), ((5, 5), ((1, 6),)), ((6, 6), ((1, 6), (6, 6))), ((3, 1), ()), ((1, 3), ((1, 1),)), ((3, 2), ((6, 6),)), ((1, 4), ((6, 6),)), ((1, 4), ((1, 6), (6, 6))), ((2, 5), ((1, 6), (6, 6))), ((3, 6), ((1, 6), (6, 6))), ((1, 2), ((1, 1), (1, 6))), ((6, 5), ((1, 6),)), ((6, 5), ((1, 6), (6, 6))), ((5, 6), ((1, 6), (6, 6))), ((4, 1), ()), ((1, 4), ((1, 1),)), ((3, 1), ((6, 6),)), ((1, 3), ((6, 6),)), ((1, 3), ((1, 6), (6, 6))), ((3, 5), ((1, 6), (6, 6))), ((4, 6), ((1, 6), (6, 6))), ((1, 3), ((1, 1), (1, 6))), ((6, 4), ((1, 6),)), ((6, 4), ((1, 6), (6, 6))), ((5, 5), ((1, 6), (6, 6))), ((5, 1), ()), ((1, 5), ((1, 1),)), ((4, 1), ((6, 6),)), ((1, 2), ((6, 6),)), ((1, 2), ((1, 6), (6, 6))), ((4, 5), ((1, 6), (6, 6))), ((1, 4), ((1, 1), (1, 6))), ((6, 3), ((1, 6),)), ((6, 3), ((1, 6), (6, 6))), ((6, 1), ((6, 1),)), ((1, 6), ((1, 1), (1, 6))), ((2, 5), ((1, 1),)), ((5, 1), ((6, 6),)), ((1, 1), ((1, 1), (6, 6))), ((1, 1), ((1, 1), (1, 6), (6, 6))), ((1, 5), ((1, 1), (1, 6))), ((5, 3), ((1, 6),)), ((5, 3), ((1, 6), (6, 6))), ((5, 1), ((6, 1),)), ((2, 6), ((1, 1), (1, 6))), ((2, 6), ((1, 1),)), ((3, 5), ((1, 1),)), ((6, 1), ((6, 1), (6, 6))), ((1, 2), ((1, 1), (6, 6))), ((1, 2), ((1, 1), (1, 6), (6, 6))), ((2, 5), ((1, 1), (1, 6))), ((4, 3), ((1, 6),)), ((4, 3), ((1, 6), (6, 6))), ((4, 1), ((6, 1),)), ((3, 6), ((1, 1), (1, 6))), ((3, 6), ((1, 1),)), ((4, 5), ((1, 1),)), ((5, 1), ((6, 1), (6, 6))), ((1, 3), ((1, 1), (6, 6))), ((1, 3), ((1, 1), (1, 6), (6, 6))), ((3, 5), ((1, 1), (1, 6))), ((3, 3), ((1, 6),)), ((3, 3), ((1, 6), (6, 6))), ((3, 1), ((6, 1),)), ((4, 6), ((1, 1), (1, 6))), ((4, 6), ((1, 1),)), ((5, 5), ((1, 1),)), ((4, 1), ((6, 1), (6, 6))), ((1, 4), ((1, 1), (6, 6))), ((1, 4), ((1, 1), (1, 6), (6, 6))), ((4, 5), ((1, 1), (1, 6))), ((3, 2), ((1, 6),)), ((3, 2), ((1, 6), (6, 6)))]",16,0,16
127,"((5, 6), ((1, 1), (1, 6)))","((4, 6), ((1, 1), (1, 6)))",East,"[((6, 6), ((1, 1), (1, 6), (6, 6))) via East]","[((5, 6), ((1, 1), (1, 6))), ((5, 6), ((1, 1),)), ((6, 5), ((1, 1),)), ((3, 1), ((6, 1), (6, 6))), ((1, 5), ((1, 1), (6, 6))), ((1, 5), ((1, 1), (1, 6), (6, 6))), ((5, 5), ((1, 1), (1, 6))), ((3, 1), ((1, 6),)), ((3, 1), ((1, 6), (6, 6))), ((3, 3), ((6, 1),))]","[((5, 6), ((1, 1),)), ((6, 5), ((1, 1),)), ((3, 1), ((6, 1), (6, 6))), ((1, 5), ((1, 1), (6, 6))), ((1, 5), ((1, 1), (1, 6), (6, 6))), ((5, 5), ((1, 1), (1, 6))), ((3, 1), ((1, 6),)), ((3, 1), ((1, 6), (6, 6))), ((3, 3), ((6, 1),)), ((6, 6), ((1, 1), (1, 6), (6, 6)))]","[((4, 5), ()), ((4, 6), ()), ((5, 5), ()), ((3, 5), ()), ((5, 6), ()), ((3, 6), ()), ((6, 5), ()), ((2, 5), ()), ((6, 6), ((6, 6),)), ((2, 6), ()), ((6, 4), ()), ((1, 5), ()), ((6, 5), ((6, 6),)), ((5, 6), ((6, 6),)), ((1, 6), ((1, 6),)), ((6, 3), ()), ((1, 4), ()), ((6, 4), ((6, 6),)), ((5, 5), ((6, 6),)), ((4, 6), ((6, 6),)), ((1, 5), ((1, 6),)), ((2, 6), ((1, 6),)), ((5, 3), ()), ((1, 3), ()), ((6, 3), ((6, 6),)), ((4, 5), ((6, 6),)), ((3, 6), ((6, 6),)), ((1, 4), ((1, 6),)), ((2, 5), ((1, 6),)), ((3, 6), ((1, 6),)), ((4, 3), ()), ((1, 2), ()), ((5, 3), ((6, 6),)), ((3, 5), ((6, 6),)), ((2, 6), ((6, 6),)), ((1, 3), ((1, 6),)), ((3, 5), ((1, 6),)), ((4, 6), ((1, 6),)), ((3, 3), ()), ((1, 1), ((1, 1),)), ((4, 3), ((6, 6),)), ((2, 5), ((6, 6),)), ((1, 6), ((1, 6), (6, 6))), ((1, 2), ((1, 6),)), ((4, 5), ((1, 6),)), ((5, 6), ((1, 6),)), ((3, 2), ()), ((1, 2), ((1, 1),)), ((3, 3), ((6, 6),)), ((1, 5), ((6, 6),)), ((1, 5), ((1, 6), (6, 6))), ((2, 6), ((1, 6), (6, 6))), ((1, 1), ((1, 1), (1, 6))), ((5, 5), ((1, 6),)), ((6, 6), ((1, 6), (6, 6))), ((3, 1), ()), ((1, 3), ((1, 1),)), ((3, 2), ((6, 6),)), ((1, 4), ((6, 6),)), ((1, 4), ((1, 6), (6, 6))), ((2, 5), ((1, 6), (6, 6))), ((3, 6), ((1, 6), (6, 6))), ((1, 2), ((1, 1), (1, 6))), ((6, 5), ((1, 6),)), ((6, 5), ((1, 6), (6, 6))), ((5, 6), ((1, 6), (6, 6))), ((4, 1), ()), ((1, 4), ((1, 1),)), ((3, 1), ((6, 6),)), ((1, 3), ((6, 6),)), ((1, 3), ((1, 6), (6, 6))), ((3, 5), ((1, 6), (6, 6))), ((4, 6), ((1, 6), (6, 6))), ((1, 3), ((1, 1), (1, 6))), ((6, 4), ((1, 6),)), ((6, 4), ((1, 6), (6, 6))), ((5, 5), ((1, 6), (6, 6))), ((5, 1), ()), ((1, 5), ((1, 1),)), ((4, 1), ((6, 6),)), ((1, 2), ((6, 6),)), ((1, 2), ((1, 6), (6, 6))), ((4, 5), ((1, 6), (6, 6))), ((1, 4), ((1, 1), (1, 6))), ((6, 3), ((1, 6),)), ((6, 3), ((1, 6), (6, 6))), ((6, 1), ((6, 1),)), ((1, 6), ((1, 1), (1, 6))), ((2, 5), ((1, 1),)), ((5, 1), ((6, 6),)), ((1, 1), ((1, 1), (6, 6))), ((1, 1), ((1, 1), (1, 6), (6, 6))), ((1, 5), ((1, 1), (1, 6))), ((5, 3), ((1, 6),)), ((5, 3), ((1, 6), (6, 6))), ((5, 1), ((6, 1),)), ((2, 6), ((1, 1), (1, 6))), ((2, 6), ((1, 1),)), ((3, 5), ((1, 1),)), ((6, 1), ((6, 1), (6, 6))), ((1, 2), ((1, 1), (6, 6))), ((1, 2), ((1, 1), (1, 6), (6, 6))), ((2, 5), ((1, 1), (1, 6))), ((4, 3), ((1, 6),)), ((4, 3), ((1, 6), (6, 6))), ((4, 1), ((6, 1),)), ((3, 6), ((1, 1), (1, 6))), ((3, 6), ((1, 1),)), ((4, 5), ((1, 1),)), ((5, 1), ((6, 1), (6, 6))), ((1, 3), ((1, 1), (6, 6))), ((1, 3), ((1, 1), (1, 6), (6, 6))), ((3, 5), ((1, 1), (1, 6))), ((3, 3), ((1, 6),)), ((3, 3), ((1, 6), (6, 6))), ((3, 1), ((6, 1),)), ((4, 6), ((1, 1), (1, 6))), ((4, 6), ((1, 1),)), ((5, 5), ((1, 1),)), ((4, 1), ((6, 1), (6, 6))), ((1, 4), ((1, 1), (6, 6))), ((1, 4), ((1, 1), (1, 6), (6, 6))), ((4, 5), ((1, 1), (1, 6))), ((3, 2), ((1, 6),)), ((3, 2), ((1, 6), (6, 6))), ((3, 2), ((6, 1),))]",16,0,16
128,"((5, 6), ((1, 1),))","((4, 6), ((1, 1),))",East,"[((6, 6), ((1, 1), (6, 6))) via East]","[((5, 6), ((1, 1),)), ((6, 5), ((1, 1),)), ((3, 1), ((6, 1), (6, 6))), ((1, 5), ((1, 1), (6, 6))), ((1, 5), ((1, 1), (1, 6), (6, 6))), ((5, 5), ((1, 1), (1, 6))), ((3, 1), ((1, 6),)), ((3, 1), ((1, 6), (6, 6))), ((3, 3), ((6, 1),)), ((6, 6), ((1, 1), (1, 6), (6, 6)))]","[((6, 5), ((1, 1),)), ((3, 1), ((6, 1), (6, 6))), ((1, 5), ((1, 1), (6, 6))), ((1, 5), ((1, 1), (1, 6), (6, 6))), ((5, 5), ((1, 1), (1, 6))), ((3, 1), ((1, 6),)), ((3, 1), ((1, 6), (6, 6))), ((3, 3), ((6, 1),)), ((6, 6), ((1, 1), (1, 6), (6, 6))), ((6, 6), ((1, 1), (6, 6)))]","[((4, 5), ()), ((4, 6), ()), ((5, 5), ()), ((3, 5), ()), ((5, 6), ()), ((3, 6), ()), ((6, 5), ()), ((2, 5), ()), ((6, 6), ((6, 6),)), ((2, 6), ()), ((6, 4), ()), ((1, 5), ()), ((6, 5), ((6, 6),)), ((5, 6), ((6, 6),)), ((1, 6), ((1, 6),)), ((6, 3), ()), ((1, 4), ()), ((6, 4), ((6, 6),)), ((5, 5), ((6, 6),)), ((4, 6), ((6, 6),)), ((1, 5), ((1, 6),)), ((2, 6), ((1, 6),)), ((5, 3), ()), ((1, 3), ()), ((6, 3), ((6, 6),)), ((4, 5), ((6, 6),)), ((3, 6), ((6, 6),)), ((1, 4), ((1, 6),)), ((2, 5), ((1, 6),)), ((3, 6), ((1, 6),)), ((4, 3), ()), ((1, 2), ()), ((5, 3), ((6, 6),)), ((3, 5), ((6, 6),)), ((2, 6), ((6, 6),)), ((1, 3), ((1, 6),)), ((3, 5), ((1, 6),)), ((4, 6), ((1, 6),)), ((3, 3), ()), ((1, 1), ((1, 1),)), ((4, 3), ((6, 6),)), ((2, 5), ((6, 6),)), ((1, 6), ((1, 6), (6, 6))), ((1, 2), ((1, 6),)), ((4, 5), ((1, 6),)), ((5, 6), ((1, 6),)), ((3, 2), ()), ((1, 2), ((1, 1),)), ((3, 3), ((6, 6),)), ((1, 5), ((6, 6),)), ((1, 5), ((1, 6), (6, 6))), ((2, 6), ((1, 6), (6, 6))), ((1, 1), ((1, 1), (1, 6))), ((5, 5), ((1, 6),)), ((6, 6), ((1, 6), (6, 6))), ((3, 1), ()), ((1, 3), ((1, 1),)), ((3, 2), ((6, 6),)), ((1, 4), ((6, 6),)), ((1, 4), ((1, 6), (6, 6))), ((2, 5), ((1, 6), (6, 6))), ((3, 6), ((1, 6), (6, 6))), ((1, 2), ((1, 1), (1, 6))), ((6, 5), ((1, 6),)), ((6, 5), ((1, 6), (6, 6))), ((5, 6), ((1, 6), (6, 6))), ((4, 1), ()), ((1, 4), ((1, 1),)), ((3, 1), ((6, 6),)), ((1, 3), ((6, 6),)), ((1, 3), ((1, 6), (6, 6))), ((3, 5), ((1, 6), (6, 6))), ((4, 6), ((1, 6), (6, 6))), ((1, 3), ((1, 1), (1, 6))), ((6, 4), ((1, 6),)), ((6, 4), ((1, 6), (6, 6))), ((5, 5), ((1, 6), (6, 6))), ((5, 1), ()), ((1, 5), ((1, 1),)), ((4, 1), ((6, 6),)), ((1, 2), ((6, 6),)), ((1, 2), ((1, 6), (6, 6))), ((4, 5), ((1, 6), (6, 6))), ((1, 4), ((1, 1), (1, 6))), ((6, 3), ((1, 6),)), ((6, 3), ((1, 6), (6, 6))), ((6, 1), ((6, 1),)), ((1, 6), ((1, 1), (1, 6))), ((2, 5), ((1, 1),)), ((5, 1), ((6, 6),)), ((1, 1), ((1, 1), (6, 6))), ((1, 1), ((1, 1), (1, 6), (6, 6))), ((1, 5), ((1, 1), (1, 6))), ((5, 3), ((1, 6),)), ((5, 3), ((1, 6), (6, 6))), ((5, 1), ((6, 1),)), ((2, 6), ((1, 1), (1, 6))), ((2, 6), ((1, 1),)), ((3, 5), ((1, 1),)), ((6, 1), ((6, 1), (6, 6))), ((1, 2), ((1, 1), (6, 6))), ((1, 2), ((1, 1), (1, 6), (6, 6))), ((2, 5), ((1, 1), (1, 6))), ((4, 3), ((1, 6),)), ((4, 3), ((1, 6), (6, 6))), ((4, 1), ((6, 1),)), ((3, 6), ((1, 1), (1, 6))), ((3, 6), ((1, 1),)), ((4, 5), ((1, 1),)), ((5, 1), ((6, 1), (6, 6))), ((1, 3), ((1, 1), (6, 6))), ((1, 3), ((1, 1), (1, 6), (6, 6))), ((3, 5), ((1, 1), (1, 6))), ((3, 3), ((1, 6),)), ((3, 3), ((1, 6), (6, 6))), ((3, 1), ((6, 1),)), ((4, 6), ((1, 1), (1, 6))), ((4, 6), ((1, 1),)), ((5, 5), ((1, 1),)), ((4, 1), ((6, 1), (6, 6))), ((1, 4), ((1, 1), (6, 6))), ((1, 4), ((1, 1), (1, 6), (6, 6))), ((4, 5), ((1, 1), (1, 6))), ((3, 2), ((1, 6),)), ((3, 2), ((1, 6), (6, 6))), ((3, 2), ((6, 1),)), ((5, 6), ((1, 1), (1, 6)))]",16,0,16
129,"((6, 5), ((1, 1),))","((5, 5), ((1, 1),))",East,"[((6, 4), ((1, 1),)) via South]","[((6, 5), ((1, 1),)), ((3, 1), ((6, 1), (6, 6))), ((1, 5), ((1, 1), (6, 6))), ((1, 5), ((1, 1), (1, 6), (6, 6))), ((5, 5), ((1, 1), (1, 6))), ((3, 1), ((1, 6),)), ((3, 1), ((1, 6), (6, 6))), ((3, 3), ((6, 1),)), ((6, 6), ((1, 1), (1, 6), (6, 6))), ((6, 6), ((1, 1), (6, 6)))]","[((3, 1), ((6, 1), (6, 6))), ((1, 5), ((1, 1), (6, 6))), ((1, 5), ((1, 1), (1, 6), (6, 6))), ((5, 5), ((1, 1), (1, 6))), ((3, 1), ((1, 6),)), ((3, 1), ((1, 6), (6, 6))), ((3, 3), ((6, 1),)), ((6, 6), ((1, 1), (1, 6), (6, 6))), ((6, 6), ((1, 1), (6, 6))), ((6, 4), ((1, 1),))]","[((4, 5), ()), ((4, 6), ()), ((5, 5), ()), ((3, 5), ()), ((5, 6), ()), ((3, 6), ()), ((6, 5), ()), ((2, 5), ()), ((6, 6), ((6, 6),)), ((2, 6), ()), ((6, 4), ()), ((1, 5), ()), ((6, 5), ((6, 6),)), ((5, 6), ((6, 6),)), ((1, 6), ((1, 6),)), ((6, 3), ()), ((1, 4), ()), ((6, 4), ((6, 6),)), ((5, 5), ((6, 6),)), ((4, 6), ((6, 6),)), ((1, 5), ((1, 6),)), ((2, 6), ((1, 6),)), ((5, 3), ()), ((1, 3), ()), ((6, 3), ((6, 6),)), ((4, 5), ((6, 6),)), ((3, 6), ((6, 6),)), ((1, 4), ((1, 6),)), ((2, 5), ((1, 6),)), ((3, 6), ((1, 6),)), ((4, 3), ()), ((1, 2), ()), ((5, 3), ((6, 6),)), ((3, 5), ((6, 6),)), ((2, 6), ((6, 6),)), ((1, 3), ((1, 6),)), ((3, 5), ((1, 6),)), ((4, 6), ((1, 6),)), ((3, 3), ()), ((1, 1), ((1, 1),)), ((4, 3), ((6, 6),)), ((2, 5), ((6, 6),)), ((1, 6), ((1, 6), (6, 6))), ((1, 2), ((1, 6),)), ((4, 5), ((1, 6),)), ((5, 6), ((1, 6),)), ((3, 2), ()), ((1, 2), ((1, 1),)), ((3, 3), ((6, 6),)), ((1, 5), ((6, 6),)), ((1, 5), ((1, 6), (6, 6))), ((2, 6), ((1, 6), (6, 6))), ((1, 1), ((1, 1), (1, 6))), ((5, 5), ((1, 6),)), ((6, 6), ((1, 6), (6, 6))), ((3, 1), ()), ((1, 3), ((1, 1),)), ((3, 2), ((6, 6),)), ((1, 4), ((6, 6),)), ((1, 4), ((1, 6), (6, 6))), ((2, 5), ((1, 6), (6, 6))), ((3, 6), ((1, 6), (6, 6))), ((1, 2), ((1, 1), (1, 6))), ((6, 5), ((1, 6),)), ((6, 5), ((1, 6), (6, 6))), ((5, 6), ((1, 6), (6, 6))), ((4, 1), ()), ((1, 4), ((1, 1),)), ((3, 1), ((6, 6),)), ((1, 3), ((6, 6),)), ((1, 3), ((1, 6), (6, 6))), ((3, 5), ((1, 6), (6, 6))), ((4, 6), ((1, 6), (6, 6))), ((1, 3), ((1, 1), (1, 6))), ((6, 4), ((1, 6),)), ((6, 4), ((1, 6), (6, 6))), ((5, 5), ((1, 6), (6, 6))), ((5, 1), ()), ((1, 5), ((1, 1),)), ((4, 1), ((6, 6),)), ((1, 2), ((6, 6),)), ((1, 2), ((1, 6), (6, 6))), ((4, 5), ((1, 6), (6, 6))), ((1, 4), ((1, 1), (1, 6))), ((6, 3), ((1, 6),)), ((6, 3), ((1, 6), (6, 6))), ((6, 1), ((6, 1),)), ((1, 6), ((1, 1), (1, 6))), ((2, 5), ((1, 1),)), ((5, 1), ((6, 6),)), ((1, 1), ((1, 1), (6, 6))), ((1, 1), ((1, 1), (1, 6), (6, 6))), ((1, 5), ((1, 1), (1, 6))), ((5, 3), ((1, 6),)), ((5, 3), ((1, 6), (6, 6))), ((5, 1), ((6, 1),)), ((2, 6), ((1, 1), (1, 6))), ((2, 6), ((1, 1),)), ((3, 5), ((1, 1),)), ((6, 1), ((6, 1), (6, 6))), ((1, 2), ((1, 1), (6, 6))), ((1, 2), ((1, 1), (1, 6), (6, 6))), ((2, 5), ((1, 1), (1, 6))), ((4, 3), ((1, 6),)), ((4, 3), ((1, 6), (6, 6))), ((4, 1), ((6, 1),)), ((3, 6), ((1, 1), (1, 6))), ((3, 6), ((1, 1),)), ((4, 5), ((1, 1),)), ((5, 1), ((6, 1), (6, 6))), ((1, 3), ((1, 1), (6, 6))), ((1, 3), ((1, 1), (1, 6), (6, 6))), ((3, 5), ((1, 1), (1, 6))), ((3, 3), ((1, 6),)), ((3, 3), ((1, 6), (6, 6))), ((3, 1), ((6, 1),)), ((4, 6), ((1, 1), (1, 6))), ((4, 6), ((1, 1),)), ((5, 5), ((1, 1),)), ((4, 1), ((6, 1), (6, 6))), ((1, 4), ((1, 1), (6, 6))), ((1, 4), ((1, 1), (1, 6), (6, 6))), ((4, 5), ((1, 1), (1, 6))), ((3, 2), ((1, 6),)), ((3, 2), ((1, 6), (6, 6))), ((3, 2), ((6, 1),)), ((5, 6), ((1, 1), (1, 6))), ((5, 6), ((1, 1),))]",16,0,16
130,"((3, 1), ((6, 1), (6, 6)))","((4, 1), ((6, 1), (6, 6)))",West,"[((3, 2), ((6, 1), (6, 6))) via North]","[((3, 1), ((6, 1), (6, 6))), ((1, 5), ((1, 1), (6, 6))), ((1, 5), ((1, 1), (1, 6), (6, 6))), ((5, 5), ((1, 1), (1, 6))), ((3, 1), ((1, 6),)), ((3, 1), ((1, 6), (6, 6))), ((3, 3), ((6, 1),)), ((6, 6), ((1, 1), (1, 6), (6, 6))), ((6, 6), ((1, 1), (6, 6))), ((6, 4), ((1, 1),))]","[((1, 5), ((1, 1), (6, 6))), ((1, 5), ((1, 1), (1, 6), (6, 6))), ((5, 5), ((1, 1), (1, 6))), ((3, 1), ((1, 6),)), ((3, 1), ((1, 6), (6, 6))), ((3, 3), ((6, 1),)), ((6, 6), ((1, 1), (1, 6), (6, 6))), ((6, 6), ((1, 1), (6, 6))), ((6, 4), ((1, 1),)), ((3, 2), ((6, 1), (6, 6)))]","[((4, 5), ()), ((4, 6), ()), ((5, 5), ()), ((3, 5), ()), ((5, 6), ()), ((3, 6), ()), ((6, 5), ()), ((2, 5), ()), ((6, 6), ((6, 6),)), ((2, 6), ()), ((6, 4), ()), ((1, 5), ()), ((6, 5), ((6, 6),)), ((5, 6), ((6, 6),)), ((1, 6), ((1, 6),)), ((6, 3), ()), ((1, 4), ()), ((6, 4), ((6, 6),)), ((5, 5), ((6, 6),)), ((4, 6), ((6, 6),)), ((1, 5), ((1, 6),)), ((2, 6), ((1, 6),)), ((5, 3), ()), ((1, 3), ()), ((6, 3), ((6, 6),)), ((4, 5), ((6, 6),)), ((3, 6), ((6, 6),)), ((1, 4), ((1, 6),)), ((2, 5), ((1, 6),)), ((3, 6), ((1, 6),)), ((4, 3), ()), ((1, 2), ()), ((5, 3), ((6, 6),)), ((3, 5), ((6, 6),)), ((2, 6), ((6, 6),)), ((1, 3), ((1, 6),)), ((3, 5), ((1, 6),)), ((4, 6), ((1, 6),)), ((3, 3), ()), ((1, 1), ((1, 1),)), ((4, 3), ((6, 6),)), ((2, 5), ((6, 6),)), ((1, 6), ((1, 6), (6, 6))), ((1, 2), ((1, 6),)), ((4, 5), ((1, 6),)), ((5, 6), ((1, 6),)), ((3, 2), ()), ((1, 2), ((1, 1),)), ((3, 3), ((6, 6),)), ((1, 5), ((6, 6),)), ((1, 5), ((1, 6), (6, 6))), ((2, 6), ((1, 6), (6, 6))), ((1, 1), ((1, 1), (1, 6))), ((5, 5), ((1, 6),)), ((6, 6), ((1, 6), (6, 6))), ((3, 1), ()), ((1, 3), ((1, 1),)), ((3, 2), ((6, 6),)), ((1, 4), ((6, 6),)), ((1, 4), ((1, 6), (6, 6))), ((2, 5), ((1, 6), (6, 6))), ((3, 6), ((1, 6), (6, 6))), ((1, 2), ((1, 1), (1, 6))), ((6, 5), ((1, 6),)), ((6, 5), ((1, 6), (6, 6))), ((5, 6), ((1, 6), (6, 6))), ((4, 1), ()), ((1, 4), ((1, 1),)), ((3, 1), ((6, 6),)), ((1, 3), ((6, 6),)), ((1, 3), ((1, 6), (6, 6))), ((3, 5), ((1, 6), (6, 6))), ((4, 6), ((1, 6), (6, 6))), ((1, 3), ((1, 1), (1, 6))), ((6, 4), ((1, 6),)), ((6, 4), ((1, 6), (6, 6))), ((5, 5), ((1, 6), (6, 6))), ((5, 1), ()), ((1, 5), ((1, 1),)), ((4, 1), ((6, 6),)), ((1, 2), ((6, 6),)), ((1, 2), ((1, 6), (6, 6))), ((4, 5), ((1, 6), (6, 6))), ((1, 4), ((1, 1), (1, 6))), ((6, 3), ((1, 6),)), ((6, 3), ((1, 6), (6, 6))), ((6, 1), ((6, 1),)), ((1, 6), ((1, 1), (1, 6))), ((2, 5), ((1, 1),)), ((5, 1), ((6, 6),)), ((1, 1), ((1, 1), (6, 6))), ((1, 1), ((1, 1), (1, 6), (6, 6))), ((1, 5), ((1, 1), (1, 6))), ((5, 3), ((1, 6),)), ((5, 3), ((1, 6), (6, 6))), ((5, 1), ((6, 1),)), ((2, 6), ((1, 1), (1, 6))), ((2, 6), ((1, 1),)), ((3, 5), ((1, 1),)), ((6, 1), ((6, 1), (6, 6))), ((1, 2), ((1, 1), (6, 6))), ((1, 2), ((1, 1), (1, 6), (6, 6))), ((2, 5), ((1, 1), (1, 6))), ((4, 3), ((1, 6),)), ((4, 3), ((1, 6), (6, 6))), ((4, 1), ((6, 1),)), ((3, 6), ((1, 1), (1, 6))), ((3, 6), ((1, 1),)), ((4, 5), ((1, 1),)), ((5, 1), ((6, 1), (6, 6))), ((1, 3), ((1, 1), (6, 6))), ((1, 3), ((1, 1), (1, 6), (6, 6))), ((3, 5), ((1, 1), (1, 6))), ((3, 3), ((1, 6),)), ((3, 3), ((1, 6), (6, 6))), ((3, 1), ((6, 1),)), ((4, 6), ((1, 1), (1, 6))), ((4, 6), ((1, 1),)), ((5, 5), ((1, 1),)), ((4, 1), ((6, 1), (6, 6))), ((1, 4), ((1, 1), (6, 6))), ((1, 4), ((1, 1), (1, 6), (6, 6))), ((4, 5), ((1, 1), (1, 6))), ((3, 2), ((1, 6),)), ((3, 2), ((1, 6), (6, 6))), ((3, 2), ((6, 1),)), ((5, 6), ((1, 1), (1, 6))), ((5, 6), ((1, 1),)), ((6, 5), ((1, 1),))]",17,0,17
131,"((1, 5), ((1, 1), (6, 6)))","((1, 4), ((1, 1), (6, 6)))",North,"[((1, 6), ((1, 1), (1, 6), (6, 6))) via North, ((2, 5), ((1, 1), (6, 6))) via East]","[((1, 5), ((1, 1), (6, 6))), ((1, 5), ((1, 1), (1, 6), (6, 6))), ((5, 5), ((1, 1), (1, 6))), ((3, 1), ((1, 6),)), ((3, 1), ((1, 6), (6, 6))), ((3, 3), ((6, 1),)), ((6, 6), ((1, 1), (1, 6), (6, 6))), ((6, 6), ((1, 1), (6, 6))), ((6, 4), ((1, 1),)), ((3, 2), ((6, 1), (6, 6)))]","[((1, 5), ((1, 1), (1, 6), (6, 6))), ((5, 5), ((1, 1), (1, 6))), ((3, 1), ((1, 6),)), ((3, 1), ((1, 6), (6, 6))), ((3, 3), ((6, 1),)), ((6, 6), ((1, 1), (1, 6), (6, 6))), ((6, 6), ((1, 1), (6, 6))), ((6, 4), ((1, 1),)), ((3, 2), ((6, 1), (6, 6))), ((1, 6), ((1, 1), (1, 6), (6, 6))), ((2, 5), ((1, 1), (6, 6)))]","[((4, 5), ()), ((4, 6), ()), ((5, 5), ()), ((3, 5), ()), ((5, 6), ()), ((3, 6), ()), ((6, 5), ()), ((2, 5), ()), ((6, 6), ((6, 6),)), ((2, 6), ()), ((6, 4), ()), ((1, 5), ()), ((6, 5), ((6, 6),)), ((5, 6), ((6, 6),)), ((1, 6), ((1, 6),)), ((6, 3), ()), ((1, 4), ()), ((6, 4), ((6, 6),)), ((5, 5), ((6, 6),)), ((4, 6), ((6, 6),)), ((1, 5), ((1, 6),)), ((2, 6), ((1, 6),)), ((5, 3), ()), ((1, 3), ()), ((6, 3), ((6, 6),)), ((4, 5), ((6, 6),)), ((3, 6), ((6, 6),)), ((1, 4), ((1, 6),)), ((2, 5), ((1, 6),)), ((3, 6), ((1, 6),)), ((4, 3), ()), ((1, 2), ()), ((5, 3), ((6, 6),)), ((3, 5), ((6, 6),)), ((2, 6), ((6, 6),)), ((1, 3), ((1, 6),)), ((3, 5), ((1, 6),)), ((4, 6), ((1, 6),)), ((3, 3), ()), ((1, 1), ((1, 1),)), ((4, 3), ((6, 6),)), ((2, 5), ((6, 6),)), ((1, 6), ((1, 6), (6, 6))), ((1, 2), ((1, 6),)), ((4, 5), ((1, 6),)), ((5, 6), ((1, 6),)), ((3, 2), ()), ((1, 2), ((1, 1),)), ((3, 3), ((6, 6),)), ((1, 5), ((6, 6),)), ((1, 5), ((1, 6), (6, 6))), ((2, 6), ((1, 6), (6, 6))), ((1, 1), ((1, 1), (1, 6))), ((5, 5), ((1, 6),)), ((6, 6), ((1, 6), (6, 6))), ((3, 1), ()), ((1, 3), ((1, 1),)), ((3, 2), ((6, 6),)), ((1, 4), ((6, 6),)), ((1, 4), ((1, 6), (6, 6))), ((2, 5), ((1, 6), (6, 6))), ((3, 6), ((1, 6), (6, 6))), ((1, 2), ((1, 1), (1, 6))), ((6, 5), ((1, 6),)), ((6, 5), ((1, 6), (6, 6))), ((5, 6), ((1, 6), (6, 6))), ((4, 1), ()), ((1, 4), ((1, 1),)), ((3, 1), ((6, 6),)), ((1, 3), ((6, 6),)), ((1, 3), ((1, 6), (6, 6))), ((3, 5), ((1, 6), (6, 6))), ((4, 6), ((1, 6), (6, 6))), ((1, 3), ((1, 1), (1, 6))), ((6, 4), ((1, 6),)), ((6, 4), ((1, 6), (6, 6))), ((5, 5), ((1, 6), (6, 6))), ((5, 1), ()), ((1, 5), ((1, 1),)), ((4, 1), ((6, 6),)), ((1, 2), ((6, 6),)), ((1, 2), ((1, 6), (6, 6))), ((4, 5), ((1, 6), (6, 6))), ((1, 4), ((1, 1), (1, 6))), ((6, 3), ((1, 6),)), ((6, 3), ((1, 6), (6, 6))), ((6, 1), ((6, 1),)), ((1, 6), ((1, 1), (1, 6))), ((2, 5), ((1, 1),)), ((5, 1), ((6, 6),)), ((1, 1), ((1, 1), (6, 6))), ((1, 1), ((1, 1), (1, 6), (6, 6))), ((1, 5), ((1, 1), (1, 6))), ((5, 3), ((1, 6),)), ((5, 3), ((1, 6), (6, 6))), ((5, 1), ((6, 1),)), ((2, 6), ((1, 1), (1, 6))), ((2, 6), ((1, 1),)), ((3, 5), ((1, 1),)), ((6, 1), ((6, 1), (6, 6))), ((1, 2), ((1, 1), (6, 6))), ((1, 2), ((1, 1), (1, 6), (6, 6))), ((2, 5), ((1, 1), (1, 6))), ((4, 3), ((1, 6),)), ((4, 3), ((1, 6), (6, 6))), ((4, 1), ((6, 1),)), ((3, 6), ((1, 1), (1, 6))), ((3, 6), ((1, 1),)), ((4, 5), ((1, 1),)), ((5, 1), ((6, 1), (6, 6))), ((1, 3), ((1, 1), (6, 6))), ((1, 3), ((1, 1), (1, 6), (6, 6))), ((3, 5), ((1, 1), (1, 6))), ((3, 3), ((1, 6),)), ((3, 3), ((1, 6), (6, 6))), ((3, 1), ((6, 1),)), ((4, 6), ((1, 1), (1, 6))), ((4, 6), ((1, 1),)), ((5, 5), ((1, 1),)), ((4, 1), ((6, 1), (6, 6))), ((1, 4), ((1, 1), (6, 6))), ((1, 4), ((1, 1), (1, 6), (6, 6))), ((4, 5), ((1, 1), (1, 6))), ((3, 2), ((1, 6),)), ((3, 2), ((1, 6), (6, 6))), ((3, 2), ((6, 1),)), ((5, 6), ((1, 1), (1, 6))), ((5, 6), ((1, 1),)), ((6, 5), ((1, 1),)), ((3, 1), ((6, 1), (6, 6)))]",17,0,17
132,"((1, 5), ((1, 1), (1, 6), (6, 6)))","((1, 4), ((1, 1), (1, 6), (6, 6)))",North,"[((2, 5), ((1, 1), (1, 6), (6, 6))) via East]","[((1, 5), ((1, 1), (1, 6), (6, 6))), ((5, 5), ((1, 1), (1, 6))), ((3, 1), ((1, 6),)), ((3, 1), ((1, 6), (6, 6))), ((3, 3), ((6, 1),)), ((6, 6), ((1, 1), (1, 6), (6, 6))), ((6, 6), ((1, 1), (6, 6))), ((6, 4), ((1, 1),)), ((3, 2), ((6, 1), (6, 6))), ((1, 6), ((1, 1), (1, 6), (6, 6))), ((2, 5), ((1, 1), (6, 6)))]","[((5, 5), ((1, 1), (1, 6))), ((3, 1), ((1, 6),)), ((3, 1), ((1, 6), (6, 6))), ((3, 3), ((6, 1),)), ((6, 6), ((1, 1), (1, 6), (6, 6))), ((6, 6), ((1, 1), (6, 6))), ((6, 4), ((1, 1),)), ((3, 2), ((6, 1), (6, 6))), ((1, 6), ((1, 1), (1, 6), (6, 6))), ((2, 5), ((1, 1), (6, 6))), ((2, 5), ((1, 1), (1, 6), (6, 6)))]","[((4, 5), ()), ((4, 6), ()), ((5, 5), ()), ((3, 5), ()), ((5, 6), ()), ((3, 6), ()), ((6, 5), ()), ((2, 5), ()), ((6, 6), ((6, 6),)), ((2, 6), ()), ((6, 4), ()), ((1, 5), ()), ((6, 5), ((6, 6),)), ((5, 6), ((6, 6),)), ((1, 6), ((1, 6),)), ((6, 3), ()), ((1, 4), ()), ((6, 4), ((6, 6),)), ((5, 5), ((6, 6),)), ((4, 6), ((6, 6),)), ((1, 5), ((1, 6),)), ((2, 6), ((1, 6),)), ((5, 3), ()), ((1, 3), ()), ((6, 3), ((6, 6),)), ((4, 5), ((6, 6),)), ((3, 6), ((6, 6),)), ((1, 4), ((1, 6),)), ((2, 5), ((1, 6),)), ((3, 6), ((1, 6),)), ((4, 3), ()), ((1, 2), ()), ((5, 3), ((6, 6),)), ((3, 5), ((6, 6),)), ((2, 6), ((6, 6),)), ((1, 3), ((1, 6),)), ((3, 5), ((1, 6),)), ((4, 6), ((1, 6),)), ((3, 3), ()), ((1, 1), ((1, 1),)), ((4, 3), ((6, 6),)), ((2, 5), ((6, 6),)), ((1, 6), ((1, 6), (6, 6))), ((1, 2), ((1, 6),)), ((4, 5), ((1, 6),)), ((5, 6), ((1, 6),)), ((3, 2), ()), ((1, 2), ((1, 1),)), ((3, 3), ((6, 6),)), ((1, 5), ((6, 6),)), ((1, 5), ((1, 6), (6, 6))), ((2, 6), ((1, 6), (6, 6))), ((1, 1), ((1, 1), (1, 6))), ((5, 5), ((1, 6),)), ((6, 6), ((1, 6), (6, 6))), ((3, 1), ()), ((1, 3), ((1, 1),)), ((3, 2), ((6, 6),)), ((1, 4), ((6, 6),)), ((1, 4), ((1, 6), (6, 6))), ((2, 5), ((1, 6), (6, 6))), ((3, 6), ((1, 6), (6, 6))), ((1, 2), ((1, 1), (1, 6))), ((6, 5), ((1, 6),)), ((6, 5), ((1, 6), (6, 6))), ((5, 6), ((1, 6), (6, 6))), ((4, 1), ()), ((1, 4), ((1, 1),)), ((3, 1), ((6, 6),)), ((1, 3), ((6, 6),)), ((1, 3), ((1, 6), (6, 6))), ((3, 5), ((1, 6), (6, 6))), ((4, 6), ((1, 6), (6, 6))), ((1, 3), ((1, 1), (1, 6))), ((6, 4), ((1, 6),)), ((6, 4), ((1, 6), (6, 6))), ((5, 5), ((1, 6), (6, 6))), ((5, 1), ()), ((1, 5), ((1, 1),)), ((4, 1), ((6, 6),)), ((1, 2), ((6, 6),)), ((1, 2), ((1, 6), (6, 6))), ((4, 5), ((1, 6), (6, 6))), ((1, 4), ((1, 1), (1, 6))), ((6, 3), ((1, 6),)), ((6, 3), ((1, 6), (6, 6))), ((6, 1), ((6, 1),)), ((1, 6), ((1, 1), (1, 6))), ((2, 5), ((1, 1),)), ((5, 1), ((6, 6),)), ((1, 1), ((1, 1), (6, 6))), ((1, 1), ((1, 1), (1, 6), (6, 6))), ((1, 5), ((1, 1), (1, 6))), ((5, 3), ((1, 6),)), ((5, 3), ((1, 6), (6, 6))), ((5, 1), ((6, 1),)), ((2, 6), ((1, 1), (1, 6))), ((2, 6), ((1, 1),)), ((3, 5), ((1, 1),)), ((6, 1), ((6, 1), (6, 6))), ((1, 2), ((1, 1), (6, 6))), ((1, 2), ((1, 1), (1, 6), (6, 6))), ((2, 5), ((1, 1), (1, 6))), ((4, 3), ((1, 6),)), ((4, 3), ((1, 6), (6, 6))), ((4, 1), ((6, 1),)), ((3, 6), ((1, 1), (1, 6))), ((3, 6), ((1, 1),)), ((4, 5), ((1, 1),)), ((5, 1), ((6, 1), (6, 6))), ((1, 3), ((1, 1), (6, 6))), ((1, 3), ((1, 1), (1, 6), (6, 6))), ((3, 5), ((1, 1), (1, 6))), ((3, 3), ((1, 6),)), ((3, 3), ((1, 6), (6, 6))), ((3, 1), ((6, 1),)), ((4, 6), ((1, 1), (1, 6))), ((4, 6), ((1, 1),)), ((5, 5), ((1, 1),)), ((4, 1), ((6, 1), (6, 6))), ((1, 4), ((1, 1), (6, 6))), ((1, 4), ((1, 1), (1, 6), (6, 6))), ((4, 5), ((1, 1), (1, 6))), ((3, 2), ((1, 6),)), ((3, 2), ((1, 6), (6, 6))), ((3, 2), ((6, 1),)), ((5, 6), ((1, 1), (1, 6))), ((5, 6), ((1, 1),)), ((6, 5), ((1, 1),)), ((3, 1), ((6, 1), (6, 6))), ((1, 5), ((1, 1), (6, 6)))]",17,0,17
133,"((5, 5), ((1, 1), (1, 6)))","((4, 5), ((1, 1), (1, 6)))",East,"[((6, 5), ((1, 1), (1, 6))) via East]","[((5, 5), ((1, 1), (1, 6))), ((3, 1), ((1, 6),)), ((3, 1), ((1, 6), (6, 6))), ((3, 3), ((6, 1),)), ((6, 6), ((1, 1), (1, 6), (6, 6))), ((6, 6), ((1, 1), (6, 6))), ((6, 4), ((1, 1),)), ((3, 2), ((6, 1), (6, 6))), ((1, 6), ((1, 1), (1, 6), (6, 6))), ((2, 5), ((1, 1), (6, 6))), ((2, 5), ((1, 1), (1, 6), (6, 6)))]","[((3, 1), ((1, 6),)), ((3, 1), ((1, 6), (6, 6))), ((3, 3), ((6, 1),)), ((6, 6), ((1, 1), (1, 6), (6, 6))), ((6, 6), ((1, 1), (6, 6))), ((6, 4), ((1, 1),)), ((3, 2), ((6, 1), (6, 6))), ((1, 6), ((1, 1), (1, 6), (6, 6))), ((2, 5), ((1, 1), (6, 6))), ((2, 5), ((1, 1), (1, 6), (6, 6))), ((6, 5), ((1, 1), (1, 6)))]","[((4, 5), ()), ((4, 6), ()), ((5, 5), ()), ((3, 5), ()), ((5, 6), ()), ((3, 6), ()), ((6, 5), ()), ((2, 5), ()), ((6, 6), ((6, 6),)), ((2, 6), ()), ((6, 4), ()), ((1, 5), ()), ((6, 5), ((6, 6),)), ((5, 6), ((6, 6),)), ((1, 6), ((1, 6),)), ((6, 3), ()), ((1, 4), ()), ((6, 4), ((6, 6),)), ((5, 5), ((6, 6),)), ((4, 6), ((6, 6),)), ((1, 5), ((1, 6),)), ((2, 6), ((1, 6),)), ((5, 3), ()), ((1, 3), ()), ((6, 3), ((6, 6),)), ((4, 5), ((6, 6),)), ((3, 6), ((6, 6),)), ((1, 4), ((1, 6),)), ((2, 5), ((1, 6),)), ((3, 6), ((1, 6),)), ((4, 3), ()), ((1, 2), ()), ((5, 3), ((6, 6),)), ((3, 5), ((6, 6),)), ((2, 6), ((6, 6),)), ((1, 3), ((1, 6),)), ((3, 5), ((1, 6),)), ((4, 6), ((1, 6),)), ((3, 3), ()), ((1, 1), ((1, 1),)), ((4, 3), ((6, 6),)), ((2, 5), ((6, 6),)), ((1, 6), ((1, 6), (6, 6))), ((1, 2), ((1, 6),)), ((4, 5), ((1, 6),)), ((5, 6), ((1, 6),)), ((3, 2), ()), ((1, 2), ((1, 1),)), ((3, 3), ((6, 6),)), ((1, 5), ((6, 6),)), ((1, 5), ((1, 6), (6, 6))), ((2, 6), ((1, 6), (6, 6))), ((1, 1), ((1, 1), (1, 6))), ((5, 5), ((1, 6),)), ((6, 6), ((1, 6), (6, 6))), ((3, 1), ()), ((1, 3), ((1, 1),)), ((3, 2), ((6, 6),)), ((1, 4), ((6, 6),)), ((1, 4), ((1, 6), (6, 6))), ((2, 5), ((1, 6), (6, 6))), ((3, 6), ((1, 6), (6, 6))), ((1, 2), ((1, 1), (1, 6))), ((6, 5), ((1, 6),)), ((6, 5), ((1, 6), (6, 6))), ((5, 6), ((1, 6), (6, 6))), ((4, 1), ()), ((1, 4), ((1, 1),)), ((3, 1), ((6, 6),)), ((1, 3), ((6, 6),)), ((1, 3), ((1, 6), (6, 6))), ((3, 5), ((1, 6), (6, 6))), ((4, 6), ((1, 6), (6, 6))), ((1, 3), ((1, 1), (1, 6))), ((6, 4), ((1, 6),)), ((6, 4), ((1, 6), (6, 6))), ((5, 5), ((1, 6), (6, 6))), ((5, 1), ()), ((1, 5), ((1, 1),)), ((4, 1), ((6, 6),)), ((1, 2), ((6, 6),)), ((1, 2), ((1, 6), (6, 6))), ((4, 5), ((1, 6), (6, 6))), ((1, 4), ((1, 1), (1, 6))), ((6, 3), ((1, 6),)), ((6, 3), ((1, 6), (6, 6))), ((6, 1), ((6, 1),)), ((1, 6), ((1, 1), (1, 6))), ((2, 5), ((1, 1),)), ((5, 1), ((6, 6),)), ((1, 1), ((1, 1), (6, 6))), ((1, 1), ((1, 1), (1, 6), (6, 6))), ((1, 5), ((1, 1), (1, 6))), ((5, 3), ((1, 6),)), ((5, 3), ((1, 6), (6, 6))), ((5, 1), ((6, 1),)), ((2, 6), ((1, 1), (1, 6))), ((2, 6), ((1, 1),)), ((3, 5), ((1, 1),)), ((6, 1), ((6, 1), (6, 6))), ((1, 2), ((1, 1), (6, 6))), ((1, 2), ((1, 1), (1, 6), (6, 6))), ((2, 5), ((1, 1), (1, 6))), ((4, 3), ((1, 6),)), ((4, 3), ((1, 6), (6, 6))), ((4, 1), ((6, 1),)), ((3, 6), ((1, 1), (1, 6))), ((3, 6), ((1, 1),)), ((4, 5), ((1, 1),)), ((5, 1), ((6, 1), (6, 6))), ((1, 3), ((1, 1), (6, 6))), ((1, 3), ((1, 1), (1, 6), (6, 6))), ((3, 5), ((1, 1), (1, 6))), ((3, 3), ((1, 6),)), ((3, 3), ((1, 6), (6, 6))), ((3, 1), ((6, 1),)), ((4, 6), ((1, 1), (1, 6))), ((4, 6), ((1, 1),)), ((5, 5), ((1, 1),)), ((4, 1), ((6, 1), (6, 6))), ((1, 4), ((1, 1), (6, 6))), ((1, 4), ((1, 1), (1, 6), (6, 6))), ((4, 5), ((1, 1), (1, 6))), ((3, 2), ((1, 6),)), ((3, 2), ((1, 6), (6, 6))), ((3, 2), ((6, 1),)), ((5, 6), ((1, 1), (1, 6))), ((5, 6), ((1, 1),)), ((6, 5), ((1, 1),)), ((3, 1), ((6, 1), (6, 6))), ((1, 5), ((1, 1), (6, 6))), ((1, 5), ((1, 1), (1, 6), (6, 6)))]",17,0,17
134,"((3, 1), ((1, 6),))","((3, 2), ((1, 6),))",South,"[((4, 1), ((1, 6),)) via East]","[((3, 1), ((1, 6),)), ((3, 1), ((1, 6), (6, 6))), ((3, 3), ((6, 1),)), ((6, 6), ((1, 1), (1, 6), (6, 6))), ((6, 6), ((1, 1), (6, 6))), ((6, 4), ((1, 1),)), ((3, 2), ((6, 1), (6, 6))), ((1, 6), ((1, 1), (1, 6), (6, 6))), ((2, 5), ((1, 1), (6, 6))), ((2, 5), ((1, 1), (1, 6), (6, 6))), ((6, 5), ((1, 1), (1, 6)))]","[((3, 1), ((1, 6), (6, 6))), ((3, 3), ((6, 1),)), ((6, 6), ((1, 1), (1, 6), (6, 6))), ((6, 6), ((1, 1), (6, 6))), ((6, 4), ((1, 1),)), ((3, 2), ((6, 1), (6, 6))), ((1, 6), ((1, 1), (1, 6), (6, 6))), ((2, 5), ((1, 1), (6, 6))), ((2, 5), ((1, 1), (1, 6), (6, 6))), ((6, 5), ((1, 1), (1, 6))), ((4, 1), ((1, 6),))]","[((4, 5), ()), ((4, 6), ()), ((5, 5), ()), ((3, 5), ()), ((5, 6), ()), ((3, 6), ()), ((6, 5), ()), ((2, 5), ()), ((6, 6), ((6, 6),)), ((2, 6), ()), ((6, 4), ()), ((1, 5), ()), ((6, 5), ((6, 6),)), ((5, 6), ((6, 6),)), ((1, 6), ((1, 6),)), ((6, 3), ()), ((1, 4), ()), ((6, 4), ((6, 6),)), ((5, 5), ((6, 6),)), ((4, 6), ((6, 6),)), ((1, 5), ((1, 6),)), ((2, 6), ((1, 6),)), ((5, 3), ()), ((1, 3), ()), ((6, 3), ((6, 6),)), ((4, 5), ((6, 6),)), ((3, 6), ((6, 6),)), ((1, 4), ((1, 6),)), ((2, 5), ((1, 6),)), ((3, 6), ((1, 6),)), ((4, 3), ()), ((1, 2), ()), ((5, 3), ((6, 6),)), ((3, 5), ((6, 6),)), ((2, 6), ((6, 6),)), ((1, 3), ((1, 6),)), ((3, 5), ((1, 6),)), ((4, 6), ((1, 6),)), ((3, 3), ()), ((1, 1), ((1, 1),)), ((4, 3), ((6, 6),)), ((2, 5), ((6, 6),)), ((1, 6), ((1, 6), (6, 6))), ((1, 2), ((1, 6),)), ((4, 5), ((1, 6),)), ((5, 6), ((1, 6),)), ((3, 2), ()), ((1, 2), ((1, 1),)), ((3, 3), ((6, 6),)), ((1, 5), ((6, 6),)), ((1, 5), ((1, 6), (6, 6))), ((2, 6), ((1, 6), (6, 6))), ((1, 1), ((1, 1), (1, 6))), ((5, 5), ((1, 6),)), ((6, 6), ((1, 6), (6, 6))), ((3, 1), ()), ((1, 3), ((1, 1),)), ((3, 2), ((6, 6),)), ((1, 4), ((6, 6),)), ((1, 4), ((1, 6), (6, 6))), ((2, 5), ((1, 6), (6, 6))), ((3, 6), ((1, 6), (6, 6))), ((1, 2), ((1, 1), (1, 6))), ((6, 5), ((1, 6),)), ((6, 5), ((1, 6), (6, 6))), ((5, 6), ((1, 6), (6, 6))), ((4, 1), ()), ((1, 4), ((1, 1),)), ((3, 1), ((6, 6),)), ((1, 3), ((6, 6),)), ((1, 3), ((1, 6), (6, 6))), ((3, 5), ((1, 6), (6, 6))), ((4, 6), ((1, 6), (6, 6))), ((1, 3), ((1, 1), (1, 6))), ((6, 4), ((1, 6),)), ((6, 4), ((1, 6), (6, 6))), ((5, 5), ((1, 6), (6, 6))), ((5, 1), ()), ((1, 5), ((1, 1),)), ((4, 1), ((6, 6),)), ((1, 2), ((6, 6),)), ((1, 2), ((1, 6), (6, 6))), ((4, 5), ((1, 6), (6, 6))), ((1, 4), ((1, 1), (1, 6))), ((6, 3), ((1, 6),)), ((6, 3), ((1, 6), (6, 6))), ((6, 1), ((6, 1),)), ((1, 6), ((1, 1), (1, 6))), ((2, 5), ((1, 1),)), ((5, 1), ((6, 6),)), ((1, 1), ((1, 1), (6, 6))), ((1, 1), ((1, 1), (1, 6), (6, 6))), ((1, 5), ((1, 1), (1, 6))), ((5, 3), ((1, 6),)), ((5, 3), ((1, 6), (6, 6))), ((5, 1), ((6, 1),)), ((2, 6), ((1, 1), (1, 6))), ((2, 6), ((1, 1),)), ((3, 5), ((1, 1),)), ((6, 1), ((6, 1), (6, 6))), ((1, 2), ((1, 1), (6, 6))), ((1, 2), ((1, 1), (1, 6), (6, 6))), ((2, 5), ((1, 1), (1, 6))), ((4, 3), ((1, 6),)), ((4, 3), ((1, 6), (6, 6))), ((4, 1), ((6, 1),)), ((3, 6), ((1, 1), (1, 6))), ((3, 6), ((1, 1),)), ((4, 5), ((1, 1),)), ((5, 1), ((6, 1), (6, 6))), ((1, 3), ((1, 1), (6, 6))), ((1, 3), ((1, 1), (1, 6), (6, 6))), ((3, 5), ((1, 1), (1, 6))), ((3, 3), ((1, 6),)), ((3, 3), ((1, 6), (6, 6))), ((3, 1), ((6, 1),)), ((4, 6), ((1, 1), (1, 6))), ((4, 6), ((1, 1),)), ((5, 5), ((1, 1),)), ((4, 1), ((6, 1), (6, 6))), ((1, 4), ((1, 1), (6, 6))), ((1, 4), ((1, 1), (1, 6), (6, 6))), ((4, 5), ((1, 1), (1, 6))), ((3, 2), ((1, 6),)), ((3, 2), ((1, 6), (6, 6))), ((3, 2), ((6, 1),)), ((5, 6), ((1, 1), (1, 6))), ((5, 6), ((1, 1),)), ((6, 5), ((1, 1),)), ((3, 1), ((6, 1), (6, 6))), ((1, 5), ((1, 1), (6, 6))), ((1, 5), ((1, 1), (1, 6), (6, 6))), ((5, 5), ((1, 1), (1, 6)))]",17,0,17
135,"((3, 1), ((1, 6), (6, 6)))","((3, 2), ((1, 6), (6, 6)))",South,"[((4, 1), ((1, 6), (6, 6))) via East]","[((3, 1), ((1, 6), (6, 6))), ((3, 3), ((6, 1),)), ((6, 6), ((1, 1), (1, 6), (6, 6))), ((6, 6), ((1, 1), (6, 6))), ((6, 4), ((1, 1),)), ((3, 2), ((6, 1), (6, 6))), ((1, 6), ((1, 1), (1, 6), (6, 6))), ((2, 5), ((1, 1), (6, 6))), ((2, 5), ((1, 1), (1, 6), (6, 6))), ((6, 5), ((1, 1), (1, 6))), ((4, 1), ((1, 6),))]","[((3, 3), ((6, 1),)), ((6, 6), ((1, 1), (1, 6), (6, 6))), ((6, 6), ((1, 1), (6, 6))), ((6, 4), ((1, 1),)), ((3, 2), ((6, 1), (6, 6))), ((1, 6), ((1, 1), (1, 6), (6, 6))), ((2, 5), ((1, 1), (6, 6))), ((2, 5), ((1, 1), (1, 6), (6, 6))), ((6, 5), ((1, 1), (1, 6))), ((4, 1), ((1, 6),)), ((4, 1), ((1, 6), (6, 6)))]","[((4, 5), ()), ((4, 6), ()), ((5, 5), ()), ((3, 5), ()), ((5, 6), ()), ((3, 6), ()), ((6, 5), ()), ((2, 5), ()), ((6, 6), ((6, 6),)), ((2, 6), ()), ((6, 4), ()), ((1, 5), ()), ((6, 5), ((6, 6),)), ((5, 6), ((6, 6),)), ((1, 6), ((1, 6),)), ((6, 3), ()), ((1, 4), ()), ((6, 4), ((6, 6),)), ((5, 5), ((6, 6),)), ((4, 6), ((6, 6),)), ((1, 5), ((1, 6),)), ((2, 6), ((1, 6),)), ((5, 3), ()), ((1, 3), ()), ((6, 3), ((6, 6),)), ((4, 5), ((6, 6),)), ((3, 6), ((6, 6),)), ((1, 4), ((1, 6),)), ((2, 5), ((1, 6),)), ((3, 6), ((1, 6),)), ((4, 3), ()), ((1, 2), ()), ((5, 3), ((6, 6),)), ((3, 5), ((6, 6),)), ((2, 6), ((6, 6),)), ((1, 3), ((1, 6),)), ((3, 5), ((1, 6),)), ((4, 6), ((1, 6),)), ((3, 3), ()), ((1, 1), ((1, 1),)), ((4, 3), ((6, 6),)), ((2, 5), ((6, 6),)), ((1, 6), ((1, 6), (6, 6))), ((1, 2), ((1, 6),)), ((4, 5), ((1, 6),)), ((5, 6), ((1, 6),)), ((3, 2), ()), ((1, 2), ((1, 1),)), ((3, 3), ((6, 6),)), ((1, 5), ((6, 6),)), ((1, 5), ((1, 6), (6, 6))), ((2, 6), ((1, 6), (6, 6))), ((1, 1), ((1, 1), (1, 6))), ((5, 5), ((1, 6),)), ((6, 6), ((1, 6), (6, 6))), ((3, 1), ()), ((1, 3), ((1, 1),)), ((3, 2), ((6, 6),)), ((1, 4), ((6, 6),)), ((1, 4), ((1, 6), (6, 6))), ((2, 5), ((1, 6), (6, 6))), ((3, 6), ((1, 6), (6, 6))), ((1, 2), ((1, 1), (1, 6))), ((6, 5), ((1, 6),)), ((6, 5), ((1, 6), (6, 6))), ((5, 6), ((1, 6), (6, 6))), ((4, 1), ()), ((1, 4), ((1, 1),)), ((3, 1), ((6, 6),)), ((1, 3), ((6, 6),)), ((1, 3), ((1, 6), (6, 6))), ((3, 5), ((1, 6), (6, 6))), ((4, 6), ((1, 6), (6, 6))), ((1, 3), ((1, 1), (1, 6))), ((6, 4), ((1, 6),)), ((6, 4), ((1, 6), (6, 6))), ((5, 5), ((1, 6), (6, 6))), ((5, 1), ()), ((1, 5), ((1, 1),)), ((4, 1), ((6, 6),)), ((1, 2), ((6, 6),)), ((1, 2), ((1, 6), (6, 6))), ((4, 5), ((1, 6), (6, 6))), ((1, 4), ((1, 1), (1, 6))), ((6, 3), ((1, 6),)), ((6, 3), ((1, 6), (6, 6))), ((6, 1), ((6, 1),)), ((1, 6), ((1, 1), (1, 6))), ((2, 5), ((1, 1),)), ((5, 1), ((6, 6),)), ((1, 1), ((1, 1), (6, 6))), ((1, 1), ((1, 1), (1, 6), (6, 6))), ((1, 5), ((1, 1), (1, 6))), ((5, 3), ((1, 6),)), ((5, 3), ((1, 6), (6, 6))), ((5, 1), ((6, 1),)), ((2, 6), ((1, 1), (1, 6))), ((2, 6), ((1, 1),)), ((3, 5), ((1, 1),)), ((6, 1), ((6, 1), (6, 6))), ((1, 2), ((1, 1), (6, 6))), ((1, 2), ((1, 1), (1, 6), (6, 6))), ((2, 5), ((1, 1), (1, 6))), ((4, 3), ((1, 6),)), ((4, 3), ((1, 6), (6, 6))), ((4, 1), ((6, 1),)), ((3, 6), ((1, 1), (1, 6))), ((3, 6), ((1, 1),)), ((4, 5), ((1, 1),)), ((5, 1), ((6, 1), (6, 6))), ((1, 3), ((1, 1), (6, 6))), ((1, 3), ((1, 1), (1, 6), (6, 6))), ((3, 5), ((1, 1), (1, 6))), ((3, 3), ((1, 6),)), ((3, 3), ((1, 6), (6, 6))), ((3, 1), ((6, 1),)), ((4, 6), ((1, 1), (1, 6))), ((4, 6), ((1, 1),)), ((5, 5), ((1, 1),)), ((4, 1), ((6, 1), (6, 6))), ((1, 4), ((1, 1), (6, 6))), ((1, 4), ((1, 1), (1, 6), (6, 6))), ((4, 5), ((1, 1), (1, 6))), ((3, 2), ((1, 6),)), ((3, 2), ((1, 6), (6, 6))), ((3, 2), ((6, 1),)), ((5, 6), ((1, 1), (1, 6))), ((5, 6), ((1, 1),)), ((6, 5), ((1, 1),)), ((3, 1), ((6, 1), (6, 6))), ((1, 5), ((1, 1), (6, 6))), ((1, 5), ((1, 1), (1, 6), (6, 6))), ((5, 5), ((1, 1), (1, 6))), ((3, 1), ((1, 6),))]",17,0,17
136,"((3, 3), ((6, 1),))","((3, 2), ((6, 1),))",North,"[((4, 3), ((6, 1),)) via East]","[((3, 3), ((6, 1),)), ((6, 6), ((1, 1), (1, 6), (6, 6))), ((6, 6), ((1, 1), (6, 6))), ((6, 4), ((1, 1),)), ((3, 2), ((6, 1), (6, 6))), ((1, 6), ((1, 1), (1, 6), (6, 6))), ((2, 5), ((1, 1), (6, 6))), ((2, 5), ((1, 1), (1, 6), (6, 6))), ((6, 5), ((1, 1), (1, 6))), ((4, 1), ((1, 6),)), ((4, 1), ((1, 6), (6, 6)))]","[((6, 6), ((1, 1), (1, 6), (6, 6))), ((6, 6), ((1, 1), (6, 6))), ((6, 4), ((1, 1),)), ((3, 2), ((6, 1), (6, 6))), ((1, 6), ((1, 1), (1, 6), (6, 6))), ((2, 5), ((1, 1), (6, 6))), ((2, 5), ((1, 1), (1, 6), (6, 6))), ((6, 5), ((1, 1), (1, 6))), ((4, 1), ((1, 6),)), ((4, 1), ((1, 6), (6, 6))), ((4, 3), ((6, 1),))]","[((4, 5), ()), ((4, 6), ()), ((5, 5), ()), ((3, 5), ()), ((5, 6), ()), ((3, 6), ()), ((6, 5), ()), ((2, 5), ()), ((6, 6), ((6, 6),)), ((2, 6), ()), ((6, 4), ()), ((1, 5), ()), ((6, 5), ((6, 6),)), ((5, 6), ((6, 6),)), ((1, 6), ((1, 6),)), ((6, 3), ()), ((1, 4), ()), ((6, 4), ((6, 6),)), ((5, 5), ((6, 6),)), ((4, 6), ((6, 6),)), ((1, 5), ((1, 6),)), ((2, 6), ((1, 6),)), ((5, 3), ()), ((1, 3), ()), ((6, 3), ((6, 6),)), ((4, 5), ((6, 6),)), ((3, 6), ((6, 6),)), ((1, 4), ((1, 6),)), ((2, 5), ((1, 6),)), ((3, 6), ((1, 6),)), ((4, 3), ()), ((1, 2), ()), ((5, 3), ((6, 6),)), ((3, 5), ((6, 6),)), ((2, 6), ((6, 6),)), ((1, 3), ((1, 6),)), ((3, 5), ((1, 6),)), ((4, 6), ((1, 6),)), ((3, 3), ()), ((1, 1), ((1, 1),)), ((4, 3), ((6, 6),)), ((2, 5), ((6, 6),)), ((1, 6), ((1, 6), (6, 6))), ((1, 2), ((1, 6),)), ((4, 5), ((1, 6),)), ((5, 6), ((1, 6),)), ((3, 2), ()), ((1, 2), ((1, 1),)), ((3, 3), ((6, 6),)), ((1, 5), ((6, 6),)), ((1, 5), ((1, 6), (6, 6))), ((2, 6), ((1, 6), (6, 6))), ((1, 1), ((1, 1), (1, 6))), ((5, 5), ((1, 6),)), ((6, 6), ((1, 6), (6, 6))), ((3, 1), ()), ((1, 3), ((1, 1),)), ((3, 2), ((6, 6),)), ((1, 4), ((6, 6),)), ((1, 4), ((1, 6), (6, 6))), ((2, 5), ((1, 6), (6, 6))), ((3, 6), ((1, 6), (6, 6))), ((1, 2), ((1, 1), (1, 6))), ((6, 5), ((1, 6),)), ((6, 5), ((1, 6), (6, 6))), ((5, 6), ((1, 6), (6, 6))), ((4, 1), ()), ((1, 4), ((1, 1),)), ((3, 1), ((6, 6),)), ((1, 3), ((6, 6),)), ((1, 3), ((1, 6), (6, 6))), ((3, 5), ((1, 6), (6, 6))), ((4, 6), ((1, 6), (6, 6))), ((1, 3), ((1, 1), (1, 6))), ((6, 4), ((1, 6),)), ((6, 4), ((1, 6), (6, 6))), ((5, 5), ((1, 6), (6, 6))), ((5, 1), ()), ((1, 5), ((1, 1),)), ((4, 1), ((6, 6),)), ((1, 2), ((6, 6),)), ((1, 2), ((1, 6), (6, 6))), ((4, 5), ((1, 6), (6, 6))), ((1, 4), ((1, 1), (1, 6))), ((6, 3), ((1, 6),)), ((6, 3), ((1, 6), (6, 6))), ((6, 1), ((6, 1),)), ((1, 6), ((1, 1), (1, 6))), ((2, 5), ((1, 1),)), ((5, 1), ((6, 6),)), ((1, 1), ((1, 1), (6, 6))), ((1, 1), ((1, 1), (1, 6), (6, 6))), ((1, 5), ((1, 1), (1, 6))), ((5, 3), ((1, 6),)), ((5, 3), ((1, 6), (6, 6))), ((5, 1), ((6, 1),)), ((2, 6), ((1, 1), (1, 6))), ((2, 6), ((1, 1),)), ((3, 5), ((1, 1),)), ((6, 1), ((6, 1), (6, 6))), ((1, 2), ((1, 1), (6, 6))), ((1, 2), ((1, 1), (1, 6), (6, 6))), ((2, 5), ((1, 1), (1, 6))), ((4, 3), ((1, 6),)), ((4, 3), ((1, 6), (6, 6))), ((4, 1), ((6, 1),)), ((3, 6), ((1, 1), (1, 6))), ((3, 6), ((1, 1),)), ((4, 5), ((1, 1),)), ((5, 1), ((6, 1), (6, 6))), ((1, 3), ((1, 1), (6, 6))), ((1, 3), ((1, 1), (1, 6), (6, 6))), ((3, 5), ((1, 1), (1, 6))), ((3, 3), ((1, 6),)), ((3, 3), ((1, 6), (6, 6))), ((3, 1), ((6, 1),)), ((4, 6), ((1, 1), (1, 6))), ((4, 6), ((1, 1),)), ((5, 5), ((1, 1),)), ((4, 1), ((6, 1), (6, 6))), ((1, 4), ((1, 1), (6, 6))), ((1, 4), ((1, 1), (1, 6), (6, 6))), ((4, 5), ((1, 1), (1, 6))), ((3, 2), ((1, 6),)), ((3, 2), ((1, 6), (6, 6))), ((3, 2), ((6, 1),)), ((5, 6), ((1, 1), (1, 6))), ((5, 6), ((1, 1),)), ((6, 5), ((1, 1),)), ((3, 1), ((6, 1), (6, 6))), ((1, 5), ((1, 1), (6, 6))), ((1, 5), ((1, 1), (1, 6), (6, 6))), ((5, 5), ((1, 1), (1, 6))), ((3, 1), ((1, 6),)), ((3, 1), ((1, 6), (6, 6)))]",17,0,17
137,"((6, 6), ((1, 1), (1, 6), (6, 6)))","((5, 6), ((1, 1), (1, 6)))",East,"[((6, 5), ((1, 1), (1, 6), (6, 6))) via South, ((5, 6), ((1, 1), (1, 6), (6, 6))) via West]","[((6, 6), ((1, 1), (1, 6), (6, 6))), ((6, 6), ((1, 1), (6, 6))), ((6, 4), ((1, 1),)), ((3, 2), ((6, 1), (6, 6))), ((1, 6), ((1, 1), (1, 6), (6, 6))), ((2, 5), ((1, 1), (6, 6))), ((2, 5), ((1, 1), (1, 6), (6, 6))), ((6, 5), ((1, 1), (1, 6))), ((4, 1), ((1, 6),)), ((4, 1), ((1, 6), (6, 6))), ((4, 3), ((6, 1),))]","[((6, 6), ((1, 1), (6, 6))), ((6, 4), ((1, 1),)), ((3, 2), ((6, 1), (6, 6))), ((1, 6), ((1, 1), (1, 6), (6, 6))), ((2, 5), ((1, 1), (6, 6))), ((2, 5), ((1, 1), (1, 6), (6, 6))), ((6, 5), ((1, 1), (1, 6))), ((4, 1), ((1, 6),)), ((4, 1), ((1, 6), (6, 6))), ((4, 3), ((6, 1),)), ((6, 5), ((1, 1), (1, 6), (6, 6))), ((5, 6), ((1, 1), (1, 6), (6, 6)))]","[((4, 5), ()), ((4, 6), ()), ((5, 5), ()), ((3, 5), ()), ((5, 6), ()), ((3, 6), ()), ((6, 5), ()), ((2, 5), ()), ((6, 6), ((6, 6),)), ((2, 6), ()), ((6, 4), ()), ((1, 5), ()), ((6, 5), ((6, 6),)), ((5, 6), ((6, 6),)), ((1, 6), ((1, 6),)), ((6, 3), ()), ((1, 4), ()), ((6, 4), ((6, 6),)), ((5, 5), ((6, 6),)), ((4, 6), ((6, 6),)), ((1, 5), ((1, 6),)), ((2, 6), ((1, 6),)), ((5, 3), ()), ((1, 3), ()), ((6, 3), ((6, 6),)), ((4, 5), ((6, 6),)), ((3, 6), ((6, 6),)), ((1, 4), ((1, 6),)), ((2, 5), ((1, 6),)), ((3, 6), ((1, 6),)), ((4, 3), ()), ((1, 2), ()), ((5, 3), ((6, 6),)), ((3, 5), ((6, 6),)), ((2, 6), ((6, 6),)), ((1, 3), ((1, 6),)), ((3, 5), ((1, 6),)), ((4, 6), ((1, 6),)), ((3, 3), ()), ((1, 1), ((1, 1),)), ((4, 3), ((6, 6),)), ((2, 5), ((6, 6),)), ((1, 6), ((1, 6), (6, 6))), ((1, 2), ((1, 6),)), ((4, 5), ((1, 6),)), ((5, 6), ((1, 6),)), ((3, 2), ()), ((1, 2), ((1, 1),)), ((3, 3), ((6, 6),)), ((1, 5), ((6, 6),)), ((1, 5), ((1, 6), (6, 6))), ((2, 6), ((1, 6), (6, 6))), ((1, 1), ((1, 1), (1, 6))), ((5, 5), ((1, 6),)), ((6, 6), ((1, 6), (6, 6))), ((3, 1), ()), ((1, 3), ((1, 1),)), ((3, 2), ((6, 6),)), ((1, 4), ((6, 6),)), ((1, 4), ((1, 6), (6, 6))), ((2, 5), ((1, 6), (6, 6))), ((3, 6), ((1, 6), (6, 6))), ((1, 2), ((1, 1), (1, 6))), ((6, 5), ((1, 6),)), ((6, 5), ((1, 6), (6, 6))), ((5, 6), ((1, 6), (6, 6))), ((4, 1), ()), ((1, 4), ((1, 1),)), ((3, 1), ((6, 6),)), ((1, 3), ((6, 6),)), ((1, 3), ((1, 6), (6, 6))), ((3, 5), ((1, 6), (6, 6))), ((4, 6), ((1, 6), (6, 6))), ((1, 3), ((1, 1), (1, 6))), ((6, 4), ((1, 6),)), ((6, 4), ((1, 6), (6, 6))), ((5, 5), ((1, 6), (6, 6))), ((5, 1), ()), ((1, 5), ((1, 1),)), ((4, 1), ((6, 6),)), ((1, 2), ((6, 6),)), ((1, 2), ((1, 6), (6, 6))), ((4, 5), ((1, 6), (6, 6))), ((1, 4), ((1, 1), (1, 6))), ((6, 3), ((1, 6),)), ((6, 3), ((1, 6), (6, 6))), ((6, 1), ((6, 1),)), ((1, 6), ((1, 1), (1, 6))), ((2, 5), ((1, 1),)), ((5, 1), ((6, 6),)), ((1, 1), ((1, 1), (6, 6))), ((1, 1), ((1, 1), (1, 6), (6, 6))), ((1, 5), ((1, 1), (1, 6))), ((5, 3), ((1, 6),)), ((5, 3), ((1, 6), (6, 6))), ((5, 1), ((6, 1),)), ((2, 6), ((1, 1), (1, 6))), ((2, 6), ((1, 1),)), ((3, 5), ((1, 1),)), ((6, 1), ((6, 1), (6, 6))), ((1, 2), ((1, 1), (6, 6))), ((1, 2), ((1, 1), (1, 6), (6, 6))), ((2, 5), ((1, 1), (1, 6))), ((4, 3), ((1, 6),)), ((4, 3), ((1, 6), (6, 6))), ((4, 1), ((6, 1),)), ((3, 6), ((1, 1), (1, 6))), ((3, 6), ((1, 1),)), ((4, 5), ((1, 1),)), ((5, 1), ((6, 1), (6, 6))), ((1, 3), ((1, 1), (6, 6))), ((1, 3), ((1, 1), (1, 6), (6, 6))), ((3, 5), ((1, 1), (1, 6))), ((3, 3), ((1, 6),)), ((3, 3), ((1, 6), (6, 6))), ((3, 1), ((6, 1),)), ((4, 6), ((1, 1), (1, 6))), ((4, 6), ((1, 1),)), ((5, 5), ((1, 1),)), ((4, 1), ((6, 1), (6, 6))), ((1, 4), ((1, 1), (6, 6))), ((1, 4), ((1, 1), (1, 6), (6, 6))), ((4, 5), ((1, 1), (1, 6))), ((3, 2), ((1, 6),)), ((3, 2), ((1, 6), (6, 6))), ((3, 2), ((6, 1),)), ((5, 6), ((1, 1), (1, 6))), ((5, 6), ((1, 1),)), ((6, 5), ((1, 1),)), ((3, 1), ((6, 1), (6, 6))), ((1, 5), ((1, 1), (6, 6))), ((1, 5), ((1, 1), (1, 6), (6, 6))), ((5, 5), ((1, 1), (1, 6))), ((3, 1), ((1, 6),)), ((3, 1), ((1, 6), (6, 6))), ((3, 3), ((6, 1),))]",17,0,17
138,"((6, 6), ((1, 1), (6, 6)))","((5, 6), ((1, 1),))",East,"[((6, 5), ((1, 1), (6, 6))) via South, ((5, 6), ((1, 1), (6, 6))) via West]","[((6, 6), ((1, 1), (6, 6))), ((6, 4), ((1, 1),)), ((3, 2), ((6, 1), (6, 6))), ((1, 6), ((1, 1), (1, 6), (6, 6))), ((2, 5), ((1, 1), (6, 6))), ((2, 5), ((1, 1), (1, 6), (6, 6))), ((6, 5), ((1, 1), (1, 6))), ((4, 1), ((1, 6),)), ((4, 1), ((1, 6), (6, 6))), ((4, 3), ((6, 1),)), ((6, 5), ((1, 1), (1, 6), (6, 6))), ((5, 6), ((1, 1), (1, 6), (6, 6)))]","[((6, 4), ((1, 1),)), ((3, 2), ((6, 1), (6, 6))), ((1, 6), ((1, 1), (1, 6), (6, 6))), ((2, 5), ((1, 1), (6, 6))), ((2, 5), ((1, 1), (1, 6), (6, 6))), ((6, 5), ((1, 1), (1, 6))), ((4, 1), ((1, 6),)), ((4, 1), ((1, 6), (6, 6))), ((4, 3), ((6, 1),)), ((6, 5), ((1, 1), (1, 6), (6, 6))), ((5, 6), ((1, 1), (1, 6), (6, 6))), ((6, 5), ((1, 1), (6, 6))), ((5, 6), ((1, 1), (6, 6)))]","[((4, 5), ()), ((4, 6), ()), ((5, 5), ()), ((3, 5), ()), ((5, 6), ()), ((3, 6), ()), ((6, 5), ()), ((2, 5), ()), ((6, 6), ((6, 6),)), ((2, 6), ()), ((6, 4), ()), ((1, 5), ()), ((6, 5), ((6, 6),)), ((5, 6), ((6, 6),)), ((1, 6), ((1, 6),)), ((6, 3), ()), ((1, 4), ()), ((6, 4), ((6, 6),)), ((5, 5), ((6, 6),)), ((4, 6), ((6, 6),)), ((1, 5), ((1, 6),)), ((2, 6), ((1, 6),)), ((5, 3), ()), ((1, 3), ()), ((6, 3), ((6, 6),)), ((4, 5), ((6, 6),)), ((3, 6), ((6, 6),)), ((1, 4), ((1, 6),)), ((2, 5), ((1, 6),)), ((3, 6), ((1, 6),)), ((4, 3), ()), ((1, 2), ()), ((5, 3), ((6, 6),)), ((3, 5), ((6, 6),)), ((2, 6), ((6, 6),)), ((1, 3), ((1, 6),)), ((3, 5), ((1, 6),)), ((4, 6), ((1, 6),)), ((3, 3), ()), ((1, 1), ((1, 1),)), ((4, 3), ((6, 6),)), ((2, 5), ((6, 6),)), ((1, 6), ((1, 6), (6, 6))), ((1, 2), ((1, 6),)), ((4, 5), ((1, 6),)), ((5, 6), ((1, 6),)), ((3, 2), ()), ((1, 2), ((1, 1),)), ((3, 3), ((6, 6),)), ((1, 5), ((6, 6),)), ((1, 5), ((1, 6), (6, 6))), ((2, 6), ((1, 6), (6, 6))), ((1, 1), ((1, 1), (1, 6))), ((5, 5), ((1, 6),)), ((6, 6), ((1, 6), (6, 6))), ((3, 1), ()), ((1, 3), ((1, 1),)), ((3, 2), ((6, 6),)), ((1, 4), ((6, 6),)), ((1, 4), ((1, 6), (6, 6))), ((2, 5), ((1, 6), (6, 6))), ((3, 6), ((1, 6), (6, 6))), ((1, 2), ((1, 1), (1, 6))), ((6, 5), ((1, 6),)), ((6, 5), ((1, 6), (6, 6))), ((5, 6), ((1, 6), (6, 6))), ((4, 1), ()), ((1, 4), ((1, 1),)), ((3, 1), ((6, 6),)), ((1, 3), ((6, 6),)), ((1, 3), ((1, 6), (6, 6))), ((3, 5), ((1, 6), (6, 6))), ((4, 6), ((1, 6), (6, 6))), ((1, 3), ((1, 1), (1, 6))), ((6, 4), ((1, 6),)), ((6, 4), ((1, 6), (6, 6))), ((5, 5), ((1, 6), (6, 6))), ((5, 1), ()), ((1, 5), ((1, 1),)), ((4, 1), ((6, 6),)), ((1, 2), ((6, 6),)), ((1, 2), ((1, 6), (6, 6))), ((4, 5), ((1, 6), (6, 6))), ((1, 4), ((1, 1), (1, 6))), ((6, 3), ((1, 6),)), ((6, 3), ((1, 6), (6, 6))), ((6, 1), ((6, 1),)), ((1, 6), ((1, 1), (1, 6))), ((2, 5), ((1, 1),)), ((5, 1), ((6, 6),)), ((1, 1), ((1, 1), (6, 6))), ((1, 1), ((1, 1), (1, 6), (6, 6))), ((1, 5), ((1, 1), (1, 6))), ((5, 3), ((1, 6),)), ((5, 3), ((1, 6), (6, 6))), ((5, 1), ((6, 1),)), ((2, 6), ((1, 1), (1, 6))), ((2, 6), ((1, 1),)), ((3, 5), ((1, 1),)), ((6, 1), ((6, 1), (6, 6))), ((1, 2), ((1, 1), (6, 6))), ((1, 2), ((1, 1), (1, 6), (6, 6))), ((2, 5), ((1, 1), (1, 6))), ((4, 3), ((1, 6),)), ((4, 3), ((1, 6), (6, 6))), ((4, 1), ((6, 1),)), ((3, 6), ((1, 1), (1, 6))), ((3, 6), ((1, 1),)), ((4, 5), ((1, 1),)), ((5, 1), ((6, 1), (6, 6))), ((1, 3), ((1, 1), (6, 6))), ((1, 3), ((1, 1), (1, 6), (6, 6))), ((3, 5), ((1, 1), (1, 6))), ((3, 3), ((1, 6),)), ((3, 3), ((1, 6), (6, 6))), ((3, 1), ((6, 1),)), ((4, 6), ((1, 1), (1, 6))), ((4, 6), ((1, 1),)), ((5, 5), ((1, 1),)), ((4, 1), ((6, 1), (6, 6))), ((1, 4), ((1, 1), (6, 6))), ((1, 4), ((1, 1), (1, 6), (6, 6))), ((4, 5), ((1, 1), (1, 6))), ((3, 2), ((1, 6),)), ((3, 2), ((1, 6), (6, 6))), ((3, 2), ((6, 1),)), ((5, 6), ((1, 1), (1, 6))), ((5, 6), ((1, 1),)), ((6, 5), ((1, 1),)), ((3, 1), ((6, 1), (6, 6))), ((1, 5), ((1, 1), (6, 6))), ((1, 5), ((1, 1), (1, 6), (6, 6))), ((5, 5), ((1, 1), (1, 6))), ((3, 1), ((1, 6),)), ((3, 1), ((1, 6), (6, 6))), ((3, 3), ((6, 1),)), ((6, 6), ((1, 1), (1, 6), (6, 6)))]",17,0,17
139,"((6, 4), ((1, 1),))","((6, 5), ((1, 1),))",South,"[((6, 3), ((1, 1),)) via South]","[((6, 4), ((1, 1),)), ((3, 2), ((6, 1), (6, 6))), ((1, 6), ((1, 1), (1, 6), (6, 6))), ((2, 5), ((1, 1), (6, 6))), ((2, 5), ((1, 1), (1, 6), (6, 6))), ((6, 5), ((1, 1), (1, 6))), ((4, 1), ((1, 6),)), ((4, 1), ((1, 6), (6, 6))), ((4, 3), ((6, 1),)), ((6, 5), ((1, 1), (1, 6), (6, 6))), ((5, 6), ((1, 1), (1, 6), (6, 6))), ((6, 5), ((1, 1), (6, 6))), ((5, 6), ((1, 1), (6, 6)))]","[((3, 2), ((6, 1), (6, 6))), ((1, 6), ((1, 1), (1, 6), (6, 6))), ((2, 5), ((1, 1), (6, 6))), ((2, 5), ((1, 1), (1, 6), (6, 6))), ((6, 5), ((1, 1), (1, 6))), ((4, 1), ((1, 6),)), ((4, 1), ((1, 6), (6, 6))), ((4, 3), ((6, 1),)), ((6, 5), ((1, 1), (1, 6), (6, 6))), ((5, 6), ((1, 1), (1, 6), (6, 6))), ((6, 5), ((1, 1), (6, 6))), ((5, 6), ((1, 1), (6, 6))), ((6, 3), ((1, 1),))]","[((4, 5), ()), ((4, 6), ()), ((5, 5), ()), ((3, 5), ()), ((5, 6), ()), ((3, 6), ()), ((6, 5), ()), ((2, 5), ()), ((6, 6), ((6, 6),)), ((2, 6), ()), ((6, 4), ()), ((1, 5), ()), ((6, 5), ((6, 6),)), ((5, 6), ((6, 6),)), ((1, 6), ((1, 6),)), ((6, 3), ()), ((1, 4), ()), ((6, 4), ((6, 6),)), ((5, 5), ((6, 6),)), ((4, 6), ((6, 6),)), ((1, 5), ((1, 6),)), ((2, 6), ((1, 6),)), ((5, 3), ()), ((1, 3), ()), ((6, 3), ((6, 6),)), ((4, 5), ((6, 6),)), ((3, 6), ((6, 6),)), ((1, 4), ((1, 6),)), ((2, 5), ((1, 6),)), ((3, 6), ((1, 6),)), ((4, 3), ()), ((1, 2), ()), ((5, 3), ((6, 6),)), ((3, 5), ((6, 6),)), ((2, 6), ((6, 6),)), ((1, 3), ((1, 6),)), ((3, 5), ((1, 6),)), ((4, 6), ((1, 6),)), ((3, 3), ()), ((1, 1), ((1, 1),)), ((4, 3), ((6, 6),)), ((2, 5), ((6, 6),)), ((1, 6), ((1, 6), (6, 6))), ((1, 2), ((1, 6),)), ((4, 5), ((1, 6),)), ((5, 6), ((1, 6),)), ((3, 2), ()), ((1, 2), ((1, 1),)), ((3, 3), ((6, 6),)), ((1, 5), ((6, 6),)), ((1, 5), ((1, 6), (6, 6))), ((2, 6), ((1, 6), (6, 6))), ((1, 1), ((1, 1), (1, 6))), ((5, 5), ((1, 6),)), ((6, 6), ((1, 6), (6, 6))), ((3, 1), ()), ((1, 3), ((1, 1),)), ((3, 2), ((6, 6),)), ((1, 4), ((6, 6),)), ((1, 4), ((1, 6), (6, 6))), ((2, 5), ((1, 6), (6, 6))), ((3, 6), ((1, 6), (6, 6))), ((1, 2), ((1, 1), (1, 6))), ((6, 5), ((1, 6),)), ((6, 5), ((1, 6), (6, 6))), ((5, 6), ((1, 6), (6, 6))), ((4, 1), ()), ((1, 4), ((1, 1),)), ((3, 1), ((6, 6),)), ((1, 3), ((6, 6),)), ((1, 3), ((1, 6), (6, 6))), ((3, 5), ((1, 6), (6, 6))), ((4, 6), ((1, 6), (6, 6))), ((1, 3), ((1, 1), (1, 6))), ((6, 4), ((1, 6),)), ((6, 4), ((1, 6), (6, 6))), ((5, 5), ((1, 6), (6, 6))), ((5, 1), ()), ((1, 5), ((1, 1),)), ((4, 1), ((6, 6),)), ((1, 2), ((6, 6),)), ((1, 2), ((1, 6), (6, 6))), ((4, 5), ((1, 6), (6, 6))), ((1, 4), ((1, 1), (1, 6))), ((6, 3), ((1, 6),)), ((6, 3), ((1, 6), (6, 6))), ((6, 1), ((6, 1),)), ((1, 6), ((1, 1), (1, 6))), ((2, 5), ((1, 1),)), ((5, 1), ((6, 6),)), ((1, 1), ((1, 1), (6, 6))), ((1, 1), ((1, 1), (1, 6), (6, 6))), ((1, 5), ((1, 1), (1, 6))), ((5, 3), ((1, 6),)), ((5, 3), ((1, 6), (6, 6))), ((5, 1), ((6, 1),)), ((2, 6), ((1, 1), (1, 6))), ((2, 6), ((1, 1),)), ((3, 5), ((1, 1),)), ((6, 1), ((6, 1), (6, 6))), ((1, 2), ((1, 1), (6, 6))), ((1, 2), ((1, 1), (1, 6), (6, 6))), ((2, 5), ((1, 1), (1, 6))), ((4, 3), ((1, 6),)), ((4, 3), ((1, 6), (6, 6))), ((4, 1), ((6, 1),)), ((3, 6), ((1, 1), (1, 6))), ((3, 6), ((1, 1),)), ((4, 5), ((1, 1),)), ((5, 1), ((6, 1), (6, 6))), ((1, 3), ((1, 1), (6, 6))), ((1, 3), ((1, 1), (1, 6), (6, 6))), ((3, 5), ((1, 1), (1, 6))), ((3, 3), ((1, 6),)), ((3, 3), ((1, 6), (6, 6))), ((3, 1), ((6, 1),)), ((4, 6), ((1, 1), (1, 6))), ((4, 6), ((1, 1),)), ((5, 5), ((1, 1),)), ((4, 1), ((6, 1), (6, 6))), ((1, 4), ((1, 1), (6, 6))), ((1, 4), ((1, 1), (1, 6), (6, 6))), ((4, 5), ((1, 1), (1, 6))), ((3, 2), ((1, 6),)), ((3, 2), ((1, 6), (6, 6))), ((3, 2), ((6, 1),)), ((5, 6), ((1, 1), (1, 6))), ((5, 6), ((1, 1),)), ((6, 5), ((1, 1),)), ((3, 1), ((6, 1), (6, 6))), ((1, 5), ((1, 1), (6, 6))), ((1, 5), ((1, 1), (1, 6), (6, 6))), ((5, 5), ((1, 1), (1, 6))), ((3, 1), ((1, 6),)), ((3, 1), ((1, 6), (6, 6))), ((3, 3), ((6, 1),)), ((6, 6), ((1, 1), (1, 6), (6, 6))), ((6, 6), ((1, 1), (6, 6)))]",17,0,17
140,"((3, 2), ((6, 1), (6, 6)))","((3, 1), ((6, 1), (6, 6)))",North,"[((3, 3), ((6, 1), (6, 6))) via North]","[((3, 2), ((6, 1), (6, 6))), ((1, 6), ((1, 1), (1, 6), (6, 6))), ((2, 5), ((1, 1), (6, 6))), ((2, 5), ((1, 1), (1, 6), (6, 6))), ((6, 5), ((1, 1), (1, 6))), ((4, 1), ((1, 6),)), ((4, 1), ((1, 6), (6, 6))), ((4, 3), ((6, 1),)), ((6, 5), ((1, 1), (1, 6), (6, 6))), ((5, 6), ((1, 1), (1, 6), (6, 6))), ((6, 5), ((1, 1), (6, 6))), ((5, 6), ((1, 1), (6, 6))), ((6, 3), ((1, 1),))]","[((1, 6), ((1, 1), (1, 6), (6, 6))), ((2, 5), ((1, 1), (6, 6))), ((2, 5), ((1, 1), (1, 6), (6, 6))), ((6, 5), ((1, 1), (1, 6))), ((4, 1), ((1, 6),)), ((4, 1), ((1, 6), (6, 6))), ((4, 3), ((6, 1),)), ((6, 5), ((1, 1), (1, 6), (6, 6))), ((5, 6), ((1, 1), (1, 6), (6, 6))), ((6, 5), ((1, 1), (6, 6))), ((5, 6), ((1, 1), (6, 6))), ((6, 3), ((1, 1),)), ((3, 3), ((6, 1), (6, 6)))]","[((4, 5), ()), ((4, 6), ()), ((5, 5), ()), ((3, 5), ()), ((5, 6), ()), ((3, 6), ()), ((6, 5), ()), ((2, 5), ()), ((6, 6), ((6, 6),)), ((2, 6), ()), ((6, 4), ()), ((1, 5), ()), ((6, 5), ((6, 6),)), ((5, 6), ((6, 6),)), ((1, 6), ((1, 6),)), ((6, 3), ()), ((1, 4), ()), ((6, 4), ((6, 6),)), ((5, 5), ((6, 6),)), ((4, 6), ((6, 6),)), ((1, 5), ((1, 6),)), ((2, 6), ((1, 6),)), ((5, 3), ()), ((1, 3), ()), ((6, 3), ((6, 6),)), ((4, 5), ((6, 6),)), ((3, 6), ((6, 6),)), ((1, 4), ((1, 6),)), ((2, 5), ((1, 6),)), ((3, 6), ((1, 6),)), ((4, 3), ()), ((1, 2), ()), ((5, 3), ((6, 6),)), ((3, 5), ((6, 6),)), ((2, 6), ((6, 6),)), ((1, 3), ((1, 6),)), ((3, 5), ((1, 6),)), ((4, 6), ((1, 6),)), ((3, 3), ()), ((1, 1), ((1, 1),)), ((4, 3), ((6, 6),)), ((2, 5), ((6, 6),)), ((1, 6), ((1, 6), (6, 6))), ((1, 2), ((1, 6),)), ((4, 5), ((1, 6),)), ((5, 6), ((1, 6),)), ((3, 2), ()), ((1, 2), ((1, 1),)), ((3, 3), ((6, 6),)), ((1, 5), ((6, 6),)), ((1, 5), ((1, 6), (6, 6))), ((2, 6), ((1, 6), (6, 6))), ((1, 1), ((1, 1), (1, 6))), ((5, 5), ((1, 6),)), ((6, 6), ((1, 6), (6, 6))), ((3, 1), ()), ((1, 3), ((1, 1),)), ((3, 2), ((6, 6),)), ((1, 4), ((6, 6),)), ((1, 4), ((1, 6), (6, 6))), ((2, 5), ((1, 6), (6, 6))), ((3, 6), ((1, 6), (6, 6))), ((1, 2), ((1, 1), (1, 6))), ((6, 5), ((1, 6),)), ((6, 5), ((1, 6), (6, 6))), ((5, 6), ((1, 6), (6, 6))), ((4, 1), ()), ((1, 4), ((1, 1),)), ((3, 1), ((6, 6),)), ((1, 3), ((6, 6),)), ((1, 3), ((1, 6), (6, 6))), ((3, 5), ((1, 6), (6, 6))), ((4, 6), ((1, 6), (6, 6))), ((1, 3), ((1, 1), (1, 6))), ((6, 4), ((1, 6),)), ((6, 4), ((1, 6), (6, 6))), ((5, 5), ((1, 6), (6, 6))), ((5, 1), ()), ((1, 5), ((1, 1),)), ((4, 1), ((6, 6),)), ((1, 2), ((6, 6),)), ((1, 2), ((1, 6), (6, 6))), ((4, 5), ((1, 6), (6, 6))), ((1, 4), ((1, 1), (1, 6))), ((6, 3), ((1, 6),)), ((6, 3), ((1, 6), (6, 6))), ((6, 1), ((6, 1),)), ((1, 6), ((1, 1), (1, 6))), ((2, 5), ((1, 1),)), ((5, 1), ((6, 6),)), ((1, 1), ((1, 1), (6, 6))), ((1, 1), ((1, 1), (1, 6), (6, 6))), ((1, 5), ((1, 1), (1, 6))), ((5, 3), ((1, 6),)), ((5, 3), ((1, 6), (6, 6))), ((5, 1), ((6, 1),)), ((2, 6), ((1, 1), (1, 6))), ((2, 6), ((1, 1),)), ((3, 5), ((1, 1),)), ((6, 1), ((6, 1), (6, 6))), ((1, 2), ((1, 1), (6, 6))), ((1, 2), ((1, 1), (1, 6), (6, 6))), ((2, 5), ((1, 1), (1, 6))), ((4, 3), ((1, 6),)), ((4, 3), ((1, 6), (6, 6))), ((4, 1), ((6, 1),)), ((3, 6), ((1, 1), (1, 6))), ((3, 6), ((1, 1),)), ((4, 5), ((1, 1),)), ((5, 1), ((6, 1), (6, 6))), ((1, 3), ((1, 1), (6, 6))), ((1, 3), ((1, 1), (1, 6), (6, 6))), ((3, 5), ((1, 1), (1, 6))), ((3, 3), ((1, 6),)), ((3, 3), ((1, 6), (6, 6))), ((3, 1), ((6, 1),)), ((4, 6), ((1, 1), (1, 6))), ((4, 6), ((1, 1),)), ((5, 5), ((1, 1),)), ((4, 1), ((6, 1), (6, 6))), ((1, 4), ((1, 1), (6, 6))), ((1, 4), ((1, 1), (1, 6), (6, 6))), ((4, 5), ((1, 1), (1, 6))), ((3, 2), ((1, 6),)), ((3, 2), ((1, 6), (6, 6))), ((3, 2), ((6, 1),)), ((5, 6), ((1, 1), (1, 6))), ((5, 6), ((1, 1),)), ((6, 5), ((1, 1),)), ((3, 1), ((6, 1), (6, 6))), ((1, 5), ((1, 1), (6, 6))), ((1, 5), ((1, 1), (1, 6), (6, 6))), ((5, 5), ((1, 1), (1, 6))), ((3, 1), ((1, 6),)), ((3, 1), ((1, 6), (6, 6))), ((3, 3), ((6, 1),)), ((6, 6), ((1, 1), (1, 6), (6, 6))), ((6, 6), ((1, 1), (6, 6))), ((6, 4), ((1, 1),))]",18,0,18
141,"((1, 6), ((1, 1), (1, 6), (6, 6)))","((1, 5), ((1, 1), (6, 6)))",North,"[((2, 6), ((1, 1), (1, 6), (6, 6))) via East]","[((1, 6), ((1, 1), (1, 6), (6, 6))), ((2, 5), ((1, 1), (6, 6))), ((2, 5), ((1, 1), (1, 6), (6, 6))), ((6, 5), ((1, 1), (1, 6))), ((4, 1), ((1, 6),)), ((4, 1), ((1, 6), (6, 6))), ((4, 3), ((6, 1),)), ((6, 5), ((1, 1), (1, 6), (6, 6))), ((5, 6), ((1, 1), (1, 6), (6, 6))), ((6, 5), ((1, 1), (6, 6))), ((5, 6), ((1, 1), (6, 6))), ((6, 3), ((1, 1),)), ((3, 3), ((6, 1), (6, 6)))]","[((2, 5), ((1, 1), (6, 6))), ((2, 5), ((1, 1), (1, 6), (6, 6))), ((6, 5), ((1, 1), (1, 6))), ((4, 1), ((1, 6),)), ((4, 1), ((1, 6), (6, 6))), ((4, 3), ((6, 1),)), ((6, 5), ((1, 1), (1, 6), (6, 6))), ((5, 6), ((1, 1), (1, 6), (6, 6))), ((6, 5), ((1, 1), (6, 6))), ((5, 6), ((1, 1), (6, 6))), ((6, 3), ((1, 1),)), ((3, 3), ((6, 1), (6, 6))), ((2, 6), ((1, 1), (1, 6), (6, 6)))]","[((4, 5), ()), ((4, 6), ()), ((5, 5), ()), ((3, 5), ()), ((5, 6), ()), ((3, 6), ()), ((6, 5), ()), ((2, 5), ()), ((6, 6), ((6, 6),)), ((2, 6), ()), ((6, 4), ()), ((1, 5), ()), ((6, 5), ((6, 6),)), ((5, 6), ((6, 6),)), ((1, 6), ((1, 6),)), ((6, 3), ()), ((1, 4), ()), ((6, 4), ((6, 6),)), ((5, 5), ((6, 6),)), ((4, 6), ((6, 6),)), ((1, 5), ((1, 6),)), ((2, 6), ((1, 6),)), ((5, 3), ()), ((1, 3), ()), ((6, 3), ((6, 6),)), ((4, 5), ((6, 6),)), ((3, 6), ((6, 6),)), ((1, 4), ((1, 6),)), ((2, 5), ((1, 6),)), ((3, 6), ((1, 6),)), ((4, 3), ()), ((1, 2), ()), ((5, 3), ((6, 6),)), ((3, 5), ((6, 6),)), ((2, 6), ((6, 6),)), ((1, 3), ((1, 6),)), ((3, 5), ((1, 6),)), ((4, 6), ((1, 6),)), ((3, 3), ()), ((1, 1), ((1, 1),)), ((4, 3), ((6, 6),)), ((2, 5), ((6, 6),)), ((1, 6), ((1, 6), (6, 6))), ((1, 2), ((1, 6),)), ((4, 5), ((1, 6),)), ((5, 6), ((1, 6),)), ((3, 2), ()), ((1, 2), ((1, 1),)), ((3, 3), ((6, 6),)), ((1, 5), ((6, 6),)), ((1, 5), ((1, 6), (6, 6))), ((2, 6), ((1, 6), (6, 6))), ((1, 1), ((1, 1), (1, 6))), ((5, 5), ((1, 6),)), ((6, 6), ((1, 6), (6, 6))), ((3, 1), ()), ((1, 3), ((1, 1),)), ((3, 2), ((6, 6),)), ((1, 4), ((6, 6),)), ((1, 4), ((1, 6), (6, 6))), ((2, 5), ((1, 6), (6, 6))), ((3, 6), ((1, 6), (6, 6))), ((1, 2), ((1, 1), (1, 6))), ((6, 5), ((1, 6),)), ((6, 5), ((1, 6), (6, 6))), ((5, 6), ((1, 6), (6, 6))), ((4, 1), ()), ((1, 4), ((1, 1),)), ((3, 1), ((6, 6),)), ((1, 3), ((6, 6),)), ((1, 3), ((1, 6), (6, 6))), ((3, 5), ((1, 6), (6, 6))), ((4, 6), ((1, 6), (6, 6))), ((1, 3), ((1, 1), (1, 6))), ((6, 4), ((1, 6),)), ((6, 4), ((1, 6), (6, 6))), ((5, 5), ((1, 6), (6, 6))), ((5, 1), ()), ((1, 5), ((1, 1),)), ((4, 1), ((6, 6),)), ((1, 2), ((6, 6),)), ((1, 2), ((1, 6), (6, 6))), ((4, 5), ((1, 6), (6, 6))), ((1, 4), ((1, 1), (1, 6))), ((6, 3), ((1, 6),)), ((6, 3), ((1, 6), (6, 6))), ((6, 1), ((6, 1),)), ((1, 6), ((1, 1), (1, 6))), ((2, 5), ((1, 1),)), ((5, 1), ((6, 6),)), ((1, 1), ((1, 1), (6, 6))), ((1, 1), ((1, 1), (1, 6), (6, 6))), ((1, 5), ((1, 1), (1, 6))), ((5, 3), ((1, 6),)), ((5, 3), ((1, 6), (6, 6))), ((5, 1), ((6, 1),)), ((2, 6), ((1, 1), (1, 6))), ((2, 6), ((1, 1),)), ((3, 5), ((1, 1),)), ((6, 1), ((6, 1), (6, 6))), ((1, 2), ((1, 1), (6, 6))), ((1, 2), ((1, 1), (1, 6), (6, 6))), ((2, 5), ((1, 1), (1, 6))), ((4, 3), ((1, 6),)), ((4, 3), ((1, 6), (6, 6))), ((4, 1), ((6, 1),)), ((3, 6), ((1, 1), (1, 6))), ((3, 6), ((1, 1),)), ((4, 5), ((1, 1),)), ((5, 1), ((6, 1), (6, 6))), ((1, 3), ((1, 1), (6, 6))), ((1, 3), ((1, 1), (1, 6), (6, 6))), ((3, 5), ((1, 1), (1, 6))), ((3, 3), ((1, 6),)), ((3, 3), ((1, 6), (6, 6))), ((3, 1), ((6, 1),)), ((4, 6), ((1, 1), (1, 6))), ((4, 6), ((1, 1),)), ((5, 5), ((1, 1),)), ((4, 1), ((6, 1), (6, 6))), ((1, 4), ((1, 1), (6, 6))), ((1, 4), ((1, 1), (1, 6), (6, 6))), ((4, 5), ((1, 1), (1, 6))), ((3, 2), ((1, 6),)), ((3, 2), ((1, 6), (6, 6))), ((3, 2), ((6, 1),)), ((5, 6), ((1, 1), (1, 6))), ((5, 6), ((1, 1),)), ((6, 5), ((1, 1),)), ((3, 1), ((6, 1), (6, 6))), ((1, 5), ((1, 1), (6, 6))), ((1, 5), ((1, 1), (1, 6), (6, 6))), ((5, 5), ((1, 1), (1, 6))), ((3, 1), ((1, 6),)), ((3, 1), ((1, 6), (6, 6))), ((3, 3), ((6, 1),)), ((6, 6), ((1, 1), (1, 6), (6, 6))), ((6, 6), ((1, 1), (6, 6))), ((6, 4), ((1, 1),)), ((3, 2), ((6, 1), (6, 6)))]",18,0,18
142,"((2, 5), ((1, 1), (6, 6)))","((1, 5), ((1, 1), (6, 6)))",East,"[((2, 6), ((1, 1), (6, 6))) via North, ((3, 5), ((1, 1), (6, 6))) via East]","[((2, 5), ((1, 1), (6, 6))), ((2, 5), ((1, 1), (1, 6), (6, 6))), ((6, 5), ((1, 1), (1, 6))), ((4, 1), ((1, 6),)), ((4, 1), ((1, 6), (6, 6))), ((4, 3), ((6, 1),)), ((6, 5), ((1, 1), (1, 6), (6, 6))), ((5, 6), ((1, 1), (1, 6), (6, 6))), ((6, 5), ((1, 1), (6, 6))), ((5, 6), ((1, 1), (6, 6))), ((6, 3), ((1, 1),)), ((3, 3), ((6, 1), (6, 6))), ((2, 6), ((1, 1), (1, 6), (6, 6)))]","[((2, 5), ((1, 1), (1, 6), (6, 6))), ((6, 5), ((1, 1), (1, 6))), ((4, 1), ((1, 6),)), ((4, 1), ((1, 6), (6, 6))), ((4, 3), ((6, 1),)), ((6, 5), ((1, 1), (1, 6), (6, 6))), ((5, 6), ((1, 1), (1, 6), (6, 6))), ((6, 5), ((1, 1), (6, 6))), ((5, 6), ((1, 1), (6, 6))), ((6, 3), ((1, 1),)), ((3, 3), ((6, 1), (6, 6))), ((2, 6), ((1, 1), (1, 6), (6, 6))), ((2, 6), ((1, 1), (6, 6))), ((3, 5), ((1, 1), (6, 6)))]","[((4, 5), ()), ((4, 6), ()), ((5, 5), ()), ((3, 5), ()), ((5, 6), ()), ((3, 6), ()), ((6, 5), ()), ((2, 5), ()), ((6, 6), ((6, 6),)), ((2, 6), ()), ((6, 4), ()), ((1, 5), ()), ((6, 5), ((6, 6),)), ((5, 6), ((6, 6),)), ((1, 6), ((1, 6),)), ((6, 3), ()), ((1, 4), ()), ((6, 4), ((6, 6),)), ((5, 5), ((6, 6),)), ((4, 6), ((6, 6),)), ((1, 5), ((1, 6),)), ((2, 6), ((1, 6),)), ((5, 3), ()), ((1, 3), ()), ((6, 3), ((6, 6),)), ((4, 5), ((6, 6),)), ((3, 6), ((6, 6),)), ((1, 4), ((1, 6),)), ((2, 5), ((1, 6),)), ((3, 6), ((1, 6),)), ((4, 3), ()), ((1, 2), ()), ((5, 3), ((6, 6),)), ((3, 5), ((6, 6),)), ((2, 6), ((6, 6),)), ((1, 3), ((1, 6),)), ((3, 5), ((1, 6),)), ((4, 6), ((1, 6),)), ((3, 3), ()), ((1, 1), ((1, 1),)), ((4, 3), ((6, 6),)), ((2, 5), ((6, 6),)), ((1, 6), ((1, 6), (6, 6))), ((1, 2), ((1, 6),)), ((4, 5), ((1, 6),)), ((5, 6), ((1, 6),)), ((3, 2), ()), ((1, 2), ((1, 1),)), ((3, 3), ((6, 6),)), ((1, 5), ((6, 6),)), ((1, 5), ((1, 6), (6, 6))), ((2, 6), ((1, 6), (6, 6))), ((1, 1), ((1, 1), (1, 6))), ((5, 5), ((1, 6),)), ((6, 6), ((1, 6), (6, 6))), ((3, 1), ()), ((1, 3), ((1, 1),)), ((3, 2), ((6, 6),)), ((1, 4), ((6, 6),)), ((1, 4), ((1, 6), (6, 6))), ((2, 5), ((1, 6), (6, 6))), ((3, 6), ((1, 6), (6, 6))), ((1, 2), ((1, 1), (1, 6))), ((6, 5), ((1, 6),)), ((6, 5), ((1, 6), (6, 6))), ((5, 6), ((1, 6), (6, 6))), ((4, 1), ()), ((1, 4), ((1, 1),)), ((3, 1), ((6, 6),)), ((1, 3), ((6, 6),)), ((1, 3), ((1, 6), (6, 6))), ((3, 5), ((1, 6), (6, 6))), ((4, 6), ((1, 6), (6, 6))), ((1, 3), ((1, 1), (1, 6))), ((6, 4), ((1, 6),)), ((6, 4), ((1, 6), (6, 6))), ((5, 5), ((1, 6), (6, 6))), ((5, 1), ()), ((1, 5), ((1, 1),)), ((4, 1), ((6, 6),)), ((1, 2), ((6, 6),)), ((1, 2), ((1, 6), (6, 6))), ((4, 5), ((1, 6), (6, 6))), ((1, 4), ((1, 1), (1, 6))), ((6, 3), ((1, 6),)), ((6, 3), ((1, 6), (6, 6))), ((6, 1), ((6, 1),)), ((1, 6), ((1, 1), (1, 6))), ((2, 5), ((1, 1),)), ((5, 1), ((6, 6),)), ((1, 1), ((1, 1), (6, 6))), ((1, 1), ((1, 1), (1, 6), (6, 6))), ((1, 5), ((1, 1), (1, 6))), ((5, 3), ((1, 6),)), ((5, 3), ((1, 6), (6, 6))), ((5, 1), ((6, 1),)), ((2, 6), ((1, 1), (1, 6))), ((2, 6), ((1, 1),)), ((3, 5), ((1, 1),)), ((6, 1), ((6, 1), (6, 6))), ((1, 2), ((1, 1), (6, 6))), ((1, 2), ((1, 1), (1, 6), (6, 6))), ((2, 5), ((1, 1), (1, 6))), ((4, 3), ((1, 6),)), ((4, 3), ((1, 6), (6, 6))), ((4, 1), ((6, 1),)), ((3, 6), ((1, 1), (1, 6))), ((3, 6), ((1, 1),)), ((4, 5), ((1, 1),)), ((5, 1), ((6, 1), (6, 6))), ((1, 3), ((1, 1), (6, 6))), ((1, 3), ((1, 1), (1, 6), (6, 6))), ((3, 5), ((1, 1), (1, 6))), ((3, 3), ((1, 6),)), ((3, 3), ((1, 6), (6, 6))), ((3, 1), ((6, 1),)), ((4, 6), ((1, 1), (1, 6))), ((4, 6), ((1, 1),)), ((5, 5), ((1, 1),)), ((4, 1), ((6, 1), (6, 6))), ((1, 4), ((1, 1), (6, 6))), ((1, 4), ((1, 1), (1, 6), (6, 6))), ((4, 5), ((1, 1), (1, 6))), ((3, 2), ((1, 6),)), ((3, 2), ((1, 6), (6, 6))), ((3, 2), ((6, 1),)), ((5, 6), ((1, 1), (1, 6))), ((5, 6), ((1, 1),)), ((6, 5), ((1, 1),)), ((3, 1), ((6, 1), (6, 6))), ((1, 5), ((1, 1), (6, 6))), ((1, 5), ((1, 1), (1, 6), (6, 6))), ((5, 5), ((1, 1), (1, 6))), ((3, 1), ((1, 6),)), ((3, 1), ((1, 6), (6, 6))), ((3, 3), ((6, 1),)), ((6, 6), ((1, 1), (1, 6), (6, 6))), ((6, 6), ((1, 1), (6, 6))), ((6, 4), ((1, 1),)), ((3, 2), ((6, 1), (6, 6))), ((1, 6), ((1, 1), (1, 6), (6, 6)))]",18,0,18
143,"((2, 5), ((1, 1), (1, 6), (6, 6)))","((1, 5), ((1, 1), (1, 6), (6, 6)))",East,"[((3, 5), ((1, 1), (1, 6), (6, 6))) via East]","[((2, 5), ((1, 1), (1, 6), (6, 6))), ((6, 5), ((1, 1), (1, 6))), ((4, 1), ((1, 6),)), ((4, 1), ((1, 6), (6, 6))), ((4, 3), ((6, 1),)), ((6, 5), ((1, 1), (1, 6), (6, 6))), ((5, 6), ((1, 1), (1, 6), (6, 6))), ((6, 5), ((1, 1), (6, 6))), ((5, 6), ((1, 1), (6, 6))), ((6, 3), ((1, 1),)), ((3, 3), ((6, 1), (6, 6))), ((2, 6), ((1, 1), (1, 6), (6, 6))), ((2, 6), ((1, 1), (6, 6))), ((3, 5), ((1, 1), (6, 6)))]","[((6, 5), ((1, 1), (1, 6))), ((4, 1), ((1, 6),)), ((4, 1), ((1, 6), (6, 6))), ((4, 3), ((6, 1),)), ((6, 5), ((1, 1), (1, 6), (6, 6))), ((5, 6), ((1, 1), (1, 6), (6, 6))), ((6, 5), ((1, 1), (6, 6))), ((5, 6), ((1, 1), (6, 6))), ((6, 3), ((1, 1),)), ((3, 3), ((6, 1), (6, 6))), ((2, 6), ((1, 1), (1, 6), (6, 6))), ((2, 6), ((1, 1), (6, 6))), ((3, 5), ((1, 1), (6, 6))), ((3, 5), ((1, 1), (1, 6), (6, 6)))]","[((4, 5), ()), ((4, 6), ()), ((5, 5), ()), ((3, 5), ()), ((5, 6), ()), ((3, 6), ()), ((6, 5), ()), ((2, 5), ()), ((6, 6), ((6, 6),)), ((2, 6), ()), ((6, 4), ()), ((1, 5), ()), ((6, 5), ((6, 6),)), ((5, 6), ((6, 6),)), ((1, 6), ((1, 6),)), ((6, 3), ()), ((1, 4), ()), ((6, 4), ((6, 6),)), ((5, 5), ((6, 6),)), ((4, 6), ((6, 6),)), ((1, 5), ((1, 6),)), ((2, 6), ((1, 6),)), ((5, 3), ()), ((1, 3), ()), ((6, 3), ((6, 6),)), ((4, 5), ((6, 6),)), ((3, 6), ((6, 6),)), ((1, 4), ((1, 6),)), ((2, 5), ((1, 6),)), ((3, 6), ((1, 6),)), ((4, 3), ()), ((1, 2), ()), ((5, 3), ((6, 6),)), ((3, 5), ((6, 6),)), ((2, 6), ((6, 6),)), ((1, 3), ((1, 6),)), ((3, 5), ((1, 6),)), ((4, 6), ((1, 6),)), ((3, 3), ()), ((1, 1), ((1, 1),)), ((4, 3), ((6, 6),)), ((2, 5), ((6, 6),)), ((1, 6), ((1, 6), (6, 6))), ((1, 2), ((1, 6),)), ((4, 5), ((1, 6),)), ((5, 6), ((1, 6),)), ((3, 2), ()), ((1, 2), ((1, 1),)), ((3, 3), ((6, 6),)), ((1, 5), ((6, 6),)), ((1, 5), ((1, 6), (6, 6))), ((2, 6), ((1, 6), (6, 6))), ((1, 1), ((1, 1), (1, 6))), ((5, 5), ((1, 6),)), ((6, 6), ((1, 6), (6, 6))), ((3, 1), ()), ((1, 3), ((1, 1),)), ((3, 2), ((6, 6),)), ((1, 4), ((6, 6),)), ((1, 4), ((1, 6), (6, 6))), ((2, 5), ((1, 6), (6, 6))), ((3, 6), ((1, 6), (6, 6))), ((1, 2), ((1, 1), (1, 6))), ((6, 5), ((1, 6),)), ((6, 5), ((1, 6), (6, 6))), ((5, 6), ((1, 6), (6, 6))), ((4, 1), ()), ((1, 4), ((1, 1),)), ((3, 1), ((6, 6),)), ((1, 3), ((6, 6),)), ((1, 3), ((1, 6), (6, 6))), ((3, 5), ((1, 6), (6, 6))), ((4, 6), ((1, 6), (6, 6))), ((1, 3), ((1, 1), (1, 6))), ((6, 4), ((1, 6),)), ((6, 4), ((1, 6), (6, 6))), ((5, 5), ((1, 6), (6, 6))), ((5, 1), ()), ((1, 5), ((1, 1),)), ((4, 1), ((6, 6),)), ((1, 2), ((6, 6),)), ((1, 2), ((1, 6), (6, 6))), ((4, 5), ((1, 6), (6, 6))), ((1, 4), ((1, 1), (1, 6))), ((6, 3), ((1, 6),)), ((6, 3), ((1, 6), (6, 6))), ((6, 1), ((6, 1),)), ((1, 6), ((1, 1), (1, 6))), ((2, 5), ((1, 1),)), ((5, 1), ((6, 6),)), ((1, 1), ((1, 1), (6, 6))), ((1, 1), ((1, 1), (1, 6), (6, 6))), ((1, 5), ((1, 1), (1, 6))), ((5, 3), ((1, 6),)), ((5, 3), ((1, 6), (6, 6))), ((5, 1), ((6, 1),)), ((2, 6), ((1, 1), (1, 6))), ((2, 6), ((1, 1),)), ((3, 5), ((1, 1),)), ((6, 1), ((6, 1), (6, 6))), ((1, 2), ((1, 1), (6, 6))), ((1, 2), ((1, 1), (1, 6), (6, 6))), ((2, 5), ((1, 1), (1, 6))), ((4, 3), ((1, 6),)), ((4, 3), ((1, 6), (6, 6))), ((4, 1), ((6, 1),)), ((3, 6), ((1, 1), (1, 6))), ((3, 6), ((1, 1),)), ((4, 5), ((1, 1),)), ((5, 1), ((6, 1), (6, 6))), ((1, 3), ((1, 1), (6, 6))), ((1, 3), ((1, 1), (1, 6), (6, 6))), ((3, 5), ((1, 1), (1, 6))), ((3, 3), ((1, 6),)), ((3, 3), ((1, 6), (6, 6))), ((3, 1), ((6, 1),)), ((4, 6), ((1, 1), (1, 6))), ((4, 6), ((1, 1),)), ((5, 5), ((1, 1),)), ((4, 1), ((6, 1), (6, 6))), ((1, 4), ((1, 1), (6, 6))), ((1, 4), ((1, 1), (1, 6), (6, 6))), ((4, 5), ((1, 1), (1, 6))), ((3, 2), ((1, 6),)), ((3, 2), ((1, 6), (6, 6))), ((3, 2), ((6, 1),)), ((5, 6), ((1, 1), (1, 6))), ((5, 6), ((1, 1),)), ((6, 5), ((1, 1),)), ((3, 1), ((6, 1), (6, 6))), ((1, 5), ((1, 1), (6, 6))), ((1, 5), ((1, 1), (1, 6), (6, 6))), ((5, 5), ((1, 1), (1, 6))), ((3, 1), ((1, 6),)), ((3, 1), ((1, 6), (6, 6))), ((3, 3), ((6, 1),)), ((6, 6), ((1, 1), (1, 6), (6, 6))), ((6, 6), ((1, 1), (6, 6))), ((6, 4), ((1, 1),)), ((3, 2), ((6, 1), (6, 6))), ((1, 6), ((1, 1), (1, 6), (6, 6))), ((2, 5), ((1, 1), (6, 6)))]",18,0,18
144,"((6, 5), ((1, 1), (1, 6)))","((5, 5), ((1, 1), (1, 6)))",East,"[((6, 4), ((1, 1), (1, 6))) via South]","[((6, 5), ((1, 1), (1, 6))), ((4, 1), ((1, 6),)), ((4, 1), ((1, 6), (6, 6))), ((4, 3), ((6, 1),)), ((6, 5), ((1, 1), (1, 6), (6, 6))), ((5, 6), ((1, 1), (1, 6), (6, 6))), ((6, 5), ((1, 1), (6, 6))), ((5, 6), ((1, 1), (6, 6))), ((6, 3), ((1, 1),)), ((3, 3), ((6, 1), (6, 6))), ((2, 6), ((1, 1), (1, 6), (6, 6))), ((2, 6), ((1, 1), (6, 6))), ((3, 5), ((1, 1), (6, 6))), ((3, 5), ((1, 1), (1, 6), (6, 6)))]","[((4, 1), ((1, 6),)), ((4, 1), ((1, 6), (6, 6))), ((4, 3), ((6, 1),)), ((6, 5), ((1, 1), (1, 6), (6, 6))), ((5, 6), ((1, 1), (1, 6), (6, 6))), ((6, 5), ((1, 1), (6, 6))), ((5, 6), ((1, 1), (6, 6))), ((6, 3), ((1, 1),)), ((3, 3), ((6, 1), (6, 6))), ((2, 6), ((1, 1), (1, 6), (6, 6))), ((2, 6), ((1, 1), (6, 6))), ((3, 5), ((1, 1), (6, 6))), ((3, 5), ((1, 1), (1, 6), (6, 6))), ((6, 4), ((1, 1), (1, 6)))]","[((4, 5), ()), ((4, 6), ()), ((5, 5), ()), ((3, 5), ()), ((5, 6), ()), ((3, 6), ()), ((6, 5), ()), ((2, 5), ()), ((6, 6), ((6, 6),)), ((2, 6), ()), ((6, 4), ()), ((1, 5), ()), ((6, 5), ((6, 6),)), ((5, 6), ((6, 6),)), ((1, 6), ((1, 6),)), ((6, 3), ()), ((1, 4), ()), ((6, 4), ((6, 6),)), ((5, 5), ((6, 6),)), ((4, 6), ((6, 6),)), ((1, 5), ((1, 6),)), ((2, 6), ((1, 6),)), ((5, 3), ()), ((1, 3), ()), ((6, 3), ((6, 6),)), ((4, 5), ((6, 6),)), ((3, 6), ((6, 6),)), ((1, 4), ((1, 6),)), ((2, 5), ((1, 6),)), ((3, 6), ((1, 6),)), ((4, 3), ()), ((1, 2), ()), ((5, 3), ((6, 6),)), ((3, 5), ((6, 6),)), ((2, 6), ((6, 6),)), ((1, 3), ((1, 6),)), ((3, 5), ((1, 6),)), ((4, 6), ((1, 6),)), ((3, 3), ()), ((1, 1), ((1, 1),)), ((4, 3), ((6, 6),)), ((2, 5), ((6, 6),)), ((1, 6), ((1, 6), (6, 6))), ((1, 2), ((1, 6),)), ((4, 5), ((1, 6),)), ((5, 6), ((1, 6),)), ((3, 2), ()), ((1, 2), ((1, 1),)), ((3, 3), ((6, 6),)), ((1, 5), ((6, 6),)), ((1, 5), ((1, 6), (6, 6))), ((2, 6), ((1, 6), (6, 6))), ((1, 1), ((1, 1), (1, 6))), ((5, 5), ((1, 6),)), ((6, 6), ((1, 6), (6, 6))), ((3, 1), ()), ((1, 3), ((1, 1),)), ((3, 2), ((6, 6),)), ((1, 4), ((6, 6),)), ((1, 4), ((1, 6), (6, 6))), ((2, 5), ((1, 6), (6, 6))), ((3, 6), ((1, 6), (6, 6))), ((1, 2), ((1, 1), (1, 6))), ((6, 5), ((1, 6),)), ((6, 5), ((1, 6), (6, 6))), ((5, 6), ((1, 6), (6, 6))), ((4, 1), ()), ((1, 4), ((1, 1),)), ((3, 1), ((6, 6),)), ((1, 3), ((6, 6),)), ((1, 3), ((1, 6), (6, 6))), ((3, 5), ((1, 6), (6, 6))), ((4, 6), ((1, 6), (6, 6))), ((1, 3), ((1, 1), (1, 6))), ((6, 4), ((1, 6),)), ((6, 4), ((1, 6), (6, 6))), ((5, 5), ((1, 6), (6, 6))), ((5, 1), ()), ((1, 5), ((1, 1),)), ((4, 1), ((6, 6),)), ((1, 2), ((6, 6),)), ((1, 2), ((1, 6), (6, 6))), ((4, 5), ((1, 6), (6, 6))), ((1, 4), ((1, 1), (1, 6))), ((6, 3), ((1, 6),)), ((6, 3), ((1, 6), (6, 6))), ((6, 1), ((6, 1),)), ((1, 6), ((1, 1), (1, 6))), ((2, 5), ((1, 1),)), ((5, 1), ((6, 6),)), ((1, 1), ((1, 1), (6, 6))), ((1, 1), ((1, 1), (1, 6), (6, 6))), ((1, 5), ((1, 1), (1, 6))), ((5, 3), ((1, 6),)), ((5, 3), ((1, 6), (6, 6))), ((5, 1), ((6, 1),)), ((2, 6), ((1, 1), (1, 6))), ((2, 6), ((1, 1),)), ((3, 5), ((1, 1),)), ((6, 1), ((6, 1), (6, 6))), ((1, 2), ((1, 1), (6, 6))), ((1, 2), ((1, 1), (1, 6), (6, 6))), ((2, 5), ((1, 1), (1, 6))), ((4, 3), ((1, 6),)), ((4, 3), ((1, 6), (6, 6))), ((4, 1), ((6, 1),)), ((3, 6), ((1, 1), (1, 6))), ((3, 6), ((1, 1),)), ((4, 5), ((1, 1),)), ((5, 1), ((6, 1), (6, 6))), ((1, 3), ((1, 1), (6, 6))), ((1, 3), ((1, 1), (1, 6), (6, 6))), ((3, 5), ((1, 1), (1, 6))), ((3, 3), ((1, 6),)), ((3, 3), ((1, 6), (6, 6))), ((3, 1), ((6, 1),)), ((4, 6), ((1, 1), (1, 6))), ((4, 6), ((1, 1),)), ((5, 5), ((1, 1),)), ((4, 1), ((6, 1), (6, 6))), ((1, 4), ((1, 1), (6, 6))), ((1, 4), ((1, 1), (1, 6), (6, 6))), ((4, 5), ((1, 1), (1, 6))), ((3, 2), ((1, 6),)), ((3, 2), ((1, 6), (6, 6))), ((3, 2), ((6, 1),)), ((5, 6), ((1, 1), (1, 6))), ((5, 6), ((1, 1),)), ((6, 5), ((1, 1),)), ((3, 1), ((6, 1), (6, 6))), ((1, 5), ((1, 1), (6, 6))), ((1, 5), ((1, 1), (1, 6), (6, 6))), ((5, 5), ((1, 1), (1, 6))), ((3, 1), ((1, 6),)), ((3, 1), ((1, 6), (6, 6))), ((3, 3), ((6, 1),)), ((6, 6), ((1, 1), (1, 6), (6, 6))), ((6, 6), ((1, 1), (6, 6))), ((6, 4), ((1, 1),)), ((3, 2), ((6, 1), (6, 6))), ((1, 6), ((1, 1), (1, 6), (6, 6))), ((2, 5), ((1, 1), (6, 6))), ((2, 5), ((1, 1), (1, 6), (6, 6)))]",18,0,18
145,"((4, 1), ((1, 6),))","((3, 1), ((1, 6),))",East,"[((5, 1), ((1, 6),)) via East]","[((4, 1), ((1, 6),)), ((4, 1), ((1, 6), (6, 6))), ((4, 3), ((6, 1),)), ((6, 5), ((1, 1), (1, 6), (6, 6))), ((5, 6), ((1, 1), (1, 6), (6, 6))), ((6, 5), ((1, 1), (6, 6))), ((5, 6), ((1, 1), (6, 6))), ((6, 3), ((1, 1),)), ((3, 3), ((6, 1), (6, 6))), ((2, 6), ((1, 1), (1, 6), (6, 6))), ((2, 6), ((1, 1), (6, 6))), ((3, 5), ((1, 1), (6, 6))), ((3, 5), ((1, 1), (1, 6), (6, 6))), ((6, 4), ((1, 1), (1, 6)))]","[((4, 1), ((1, 6), (6, 6))), ((4, 3), ((6, 1),)), ((6, 5), ((1, 1), (1, 6), (6, 6))), ((5, 6), ((1, 1), (1, 6), (6, 6))), ((6, 5), ((1, 1), (6, 6))), ((5, 6), ((1, 1), (6, 6))), ((6, 3), ((1, 1),)), ((3, 3), ((6, 1), (6, 6))), ((2, 6), ((1, 1), (1, 6), (6, 6))), ((2, 6), ((1, 1), (6, 6))), ((3, 5), ((1, 1), (6, 6))), ((3, 5), ((1, 1), (1, 6), (6, 6))), ((6, 4), ((1, 1), (1, 6))), ((5, 1), ((1, 6),))]","[((4, 5), ()), ((4, 6), ()), ((5, 5), ()), ((3, 5), ()), ((5, 6), ()), ((3, 6), ()), ((6, 5), ()), ((2, 5), ()), ((6, 6), ((6, 6),)), ((2, 6), ()), ((6, 4), ()), ((1, 5), ()), ((6, 5), ((6, 6),)), ((5, 6), ((6, 6),)), ((1, 6), ((1, 6),)), ((6, 3), ()), ((1, 4), ()), ((6, 4), ((6, 6),)), ((5, 5), ((6, 6),)), ((4, 6), ((6, 6),)), ((1, 5), ((1, 6),)), ((2, 6), ((1, 6),)), ((5, 3), ()), ((1, 3), ()), ((6, 3), ((6, 6),)), ((4, 5), ((6, 6),)), ((3, 6), ((6, 6),)), ((1, 4), ((1, 6),)), ((2, 5), ((1, 6),)), ((3, 6), ((1, 6),)), ((4, 3), ()), ((1, 2), ()), ((5, 3), ((6, 6),)), ((3, 5), ((6, 6),)), ((2, 6), ((6, 6),)), ((1, 3), ((1, 6),)), ((3, 5), ((1, 6),)), ((4, 6), ((1, 6),)), ((3, 3), ()), ((1, 1), ((1, 1),)), ((4, 3), ((6, 6),)), ((2, 5), ((6, 6),)), ((1, 6), ((1, 6), (6, 6))), ((1, 2), ((1, 6),)), ((4, 5), ((1, 6),)), ((5, 6), ((1, 6),)), ((3, 2), ()), ((1, 2), ((1, 1),)), ((3, 3), ((6, 6),)), ((1, 5), ((6, 6),)), ((1, 5), ((1, 6), (6, 6))), ((2, 6), ((1, 6), (6, 6))), ((1, 1), ((1, 1), (1, 6))), ((5, 5), ((1, 6),)), ((6, 6), ((1, 6), (6, 6))), ((3, 1), ()), ((1, 3), ((1, 1),)), ((3, 2), ((6, 6),)), ((1, 4), ((6, 6),)), ((1, 4), ((1, 6), (6, 6))), ((2, 5), ((1, 6), (6, 6))), ((3, 6), ((1, 6), (6, 6))), ((1, 2), ((1, 1), (1, 6))), ((6, 5), ((1, 6),)), ((6, 5), ((1, 6), (6, 6))), ((5, 6), ((1, 6), (6, 6))), ((4, 1), ()), ((1, 4), ((1, 1),)), ((3, 1), ((6, 6),)), ((1, 3), ((6, 6),)), ((1, 3), ((1, 6), (6, 6))), ((3, 5), ((1, 6), (6, 6))), ((4, 6), ((1, 6), (6, 6))), ((1, 3), ((1, 1), (1, 6))), ((6, 4), ((1, 6),)), ((6, 4), ((1, 6), (6, 6))), ((5, 5), ((1, 6), (6, 6))), ((5, 1), ()), ((1, 5), ((1, 1),)), ((4, 1), ((6, 6),)), ((1, 2), ((6, 6),)), ((1, 2), ((1, 6), (6, 6))), ((4, 5), ((1, 6), (6, 6))), ((1, 4), ((1, 1), (1, 6))), ((6, 3), ((1, 6),)), ((6, 3), ((1, 6), (6, 6))), ((6, 1), ((6, 1),)), ((1, 6), ((1, 1), (1, 6))), ((2, 5), ((1, 1),)), ((5, 1), ((6, 6),)), ((1, 1), ((1, 1), (6, 6))), ((1, 1), ((1, 1), (1, 6), (6, 6))), ((1, 5), ((1, 1), (1, 6))), ((5, 3), ((1, 6),)), ((5, 3), ((1, 6), (6, 6))), ((5, 1), ((6, 1),)), ((2, 6), ((1, 1), (1, 6))), ((2, 6), ((1, 1),)), ((3, 5), ((1, 1),)), ((6, 1), ((6, 1), (6, 6))), ((1, 2), ((1, 1), (6, 6))), ((1, 2), ((1, 1), (1, 6), (6, 6))), ((2, 5), ((1, 1), (1, 6))), ((4, 3), ((1, 6),)), ((4, 3), ((1, 6), (6, 6))), ((4, 1), ((6, 1),)), ((3, 6), ((1, 1), (1, 6))), ((3, 6), ((1, 1),)), ((4, 5), ((1, 1),)), ((5, 1), ((6, 1), (6, 6))), ((1, 3), ((1, 1), (6, 6))), ((1, 3), ((1, 1), (1, 6), (6, 6))), ((3, 5), ((1, 1), (1, 6))), ((3, 3), ((1, 6),)), ((3, 3), ((1, 6), (6, 6))), ((3, 1), ((6, 1),)), ((4, 6), ((1, 1), (1, 6))), ((4, 6), ((1, 1),)), ((5, 5), ((1, 1),)), ((4, 1), ((6, 1), (6, 6))), ((1, 4), ((1, 1), (6, 6))), ((1, 4), ((1, 1), (1, 6), (6, 6))), ((4, 5), ((1, 1), (1, 6))), ((3, 2), ((1, 6),)), ((3, 2), ((1, 6), (6, 6))), ((3, 2), ((6, 1),)), ((5, 6), ((1, 1), (1, 6))), ((5, 6), ((1, 1),)), ((6, 5), ((1, 1),)), ((3, 1), ((6, 1), (6, 6))), ((1, 5), ((1, 1), (6, 6))), ((1, 5), ((1, 1), (1, 6), (6, 6))), ((5, 5), ((1, 1), (1, 6))), ((3, 1), ((1, 6),)), ((3, 1), ((1, 6), (6, 6))), ((3, 3), ((6, 1),)), ((6, 6), ((1, 1), (1, 6), (6, 6))), ((6, 6), ((1, 1), (6, 6))), ((6, 4), ((1, 1),)), ((3, 2), ((6, 1), (6, 6))), ((1, 6), ((1, 1), (1, 6), (6, 6))), ((2, 5), ((1, 1), (6, 6))), ((2, 5), ((1, 1), (1, 6), (6, 6))), ((6, 5), ((1, 1), (1, 6)))]",18,0,18
146,"((4, 1), ((1, 6), (6, 6)))","((3, 1), ((1, 6), (6, 6)))",East,"[((5, 1), ((1, 6), (6, 6))) via East]","[((4, 1), ((1, 6), (6, 6))), ((4, 3), ((6, 1),)), ((6, 5), ((1, 1), (1, 6), (6, 6))), ((5, 6), ((1, 1), (1, 6), (6, 6))), ((6, 5), ((1, 1), (6, 6))), ((5, 6), ((1, 1), (6, 6))), ((6, 3), ((1, 1),)), ((3, 3), ((6, 1), (6, 6))), ((2, 6), ((1, 1), (1, 6), (6, 6))), ((2, 6), ((1, 1), (6, 6))), ((3, 5), ((1, 1), (6, 6))), ((3, 5), ((1, 1), (1, 6), (6, 6))), ((6, 4), ((1, 1), (1, 6))), ((5, 1), ((1, 6),))]","[((4, 3), ((6, 1),)), ((6, 5), ((1, 1), (1, 6), (6, 6))), ((5, 6), ((1, 1), (1, 6), (6, 6))), ((6, 5), ((1, 1), (6, 6))), ((5, 6), ((1, 1), (6, 6))), ((6, 3), ((1, 1),)), ((3, 3), ((6, 1), (6, 6))), ((2, 6), ((1, 1), (1, 6), (6, 6))), ((2, 6), ((1, 1), (6, 6))), ((3, 5), ((1, 1), (6, 6))), ((3, 5), ((1, 1), (1, 6), (6, 6))), ((6, 4), ((1, 1), (1, 6))), ((5, 1), ((1, 6),)), ((5, 1), ((1, 6), (6, 6)))]","[((4, 5), ()), ((4, 6), ()), ((5, 5), ()), ((3, 5), ()), ((5, 6), ()), ((3, 6), ()), ((6, 5), ()), ((2, 5), ()), ((6, 6), ((6, 6),)), ((2, 6), ()), ((6, 4), ()), ((1, 5), ()), ((6, 5), ((6, 6),)), ((5, 6), ((6, 6),)), ((1, 6), ((1, 6),)), ((6, 3), ()), ((1, 4), ()), ((6, 4), ((6, 6),)), ((5, 5), ((6, 6),)), ((4, 6), ((6, 6),)), ((1, 5), ((1, 6),)), ((2, 6), ((1, 6),)), ((5, 3), ()), ((1, 3), ()), ((6, 3), ((6, 6),)), ((4, 5), ((6, 6),)), ((3, 6), ((6, 6),)), ((1, 4), ((1, 6),)), ((2, 5), ((1, 6),)), ((3, 6), ((1, 6),)), ((4, 3), ()), ((1, 2), ()), ((5, 3), ((6, 6),)), ((3, 5), ((6, 6),)), ((2, 6), ((6, 6),)), ((1, 3), ((1, 6),)), ((3, 5), ((1, 6),)), ((4, 6), ((1, 6),)), ((3, 3), ()), ((1, 1), ((1, 1),)), ((4, 3), ((6, 6),)), ((2, 5), ((6, 6),)), ((1, 6), ((1, 6), (6, 6))), ((1, 2), ((1, 6),)), ((4, 5), ((1, 6),)), ((5, 6), ((1, 6),)), ((3, 2), ()), ((1, 2), ((1, 1),)), ((3, 3), ((6, 6),)), ((1, 5), ((6, 6),)), ((1, 5), ((1, 6), (6, 6))), ((2, 6), ((1, 6), (6, 6))), ((1, 1), ((1, 1), (1, 6))), ((5, 5), ((1, 6),)), ((6, 6), ((1, 6), (6, 6))), ((3, 1), ()), ((1, 3), ((1, 1),)), ((3, 2), ((6, 6),)), ((1, 4), ((6, 6),)), ((1, 4), ((1, 6), (6, 6))), ((2, 5), ((1, 6), (6, 6))), ((3, 6), ((1, 6), (6, 6))), ((1, 2), ((1, 1), (1, 6))), ((6, 5), ((1, 6),)), ((6, 5), ((1, 6), (6, 6))), ((5, 6), ((1, 6), (6, 6))), ((4, 1), ()), ((1, 4), ((1, 1),)), ((3, 1), ((6, 6),)), ((1, 3), ((6, 6),)), ((1, 3), ((1, 6), (6, 6))), ((3, 5), ((1, 6), (6, 6))), ((4, 6), ((1, 6), (6, 6))), ((1, 3), ((1, 1), (1, 6))), ((6, 4), ((1, 6),)), ((6, 4), ((1, 6), (6, 6))), ((5, 5), ((1, 6), (6, 6))), ((5, 1), ()), ((1, 5), ((1, 1),)), ((4, 1), ((6, 6),)), ((1, 2), ((6, 6),)), ((1, 2), ((1, 6), (6, 6))), ((4, 5), ((1, 6), (6, 6))), ((1, 4), ((1, 1), (1, 6))), ((6, 3), ((1, 6),)), ((6, 3), ((1, 6), (6, 6))), ((6, 1), ((6, 1),)), ((1, 6), ((1, 1), (1, 6))), ((2, 5), ((1, 1),)), ((5, 1), ((6, 6),)), ((1, 1), ((1, 1), (6, 6))), ((1, 1), ((1, 1), (1, 6), (6, 6))), ((1, 5), ((1, 1), (1, 6))), ((5, 3), ((1, 6),)), ((5, 3), ((1, 6), (6, 6))), ((5, 1), ((6, 1),)), ((2, 6), ((1, 1), (1, 6))), ((2, 6), ((1, 1),)), ((3, 5), ((1, 1),)), ((6, 1), ((6, 1), (6, 6))), ((1, 2), ((1, 1), (6, 6))), ((1, 2), ((1, 1), (1, 6), (6, 6))), ((2, 5), ((1, 1), (1, 6))), ((4, 3), ((1, 6),)), ((4, 3), ((1, 6), (6, 6))), ((4, 1), ((6, 1),)), ((3, 6), ((1, 1), (1, 6))), ((3, 6), ((1, 1),)), ((4, 5), ((1, 1),)), ((5, 1), ((6, 1), (6, 6))), ((1, 3), ((1, 1), (6, 6))), ((1, 3), ((1, 1), (1, 6), (6, 6))), ((3, 5), ((1, 1), (1, 6))), ((3, 3), ((1, 6),)), ((3, 3), ((1, 6), (6, 6))), ((3, 1), ((6, 1),)), ((4, 6), ((1, 1), (1, 6))), ((4, 6), ((1, 1),)), ((5, 5), ((1, 1),)), ((4, 1), ((6, 1), (6, 6))), ((1, 4), ((1, 1), (6, 6))), ((1, 4), ((1, 1), (1, 6), (6, 6))), ((4, 5), ((1, 1), (1, 6))), ((3, 2), ((1, 6),)), ((3, 2), ((1, 6), (6, 6))), ((3, 2), ((6, 1),)), ((5, 6), ((1, 1), (1, 6))), ((5, 6), ((1, 1),)), ((6, 5), ((1, 1),)), ((3, 1), ((6, 1), (6, 6))), ((1, 5), ((1, 1), (6, 6))), ((1, 5), ((1, 1), (1, 6), (6, 6))), ((5, 5), ((1, 1), (1, 6))), ((3, 1), ((1, 6),)), ((3, 1), ((1, 6), (6, 6))), ((3, 3), ((6, 1),)), ((6, 6), ((1, 1), (1, 6), (6, 6))), ((6, 6), ((1, 1), (6, 6))), ((6, 4), ((1, 1),)), ((3, 2), ((6, 1), (6, 6))), ((1, 6), ((1, 1), (1, 6), (6, 6))), ((2, 5), ((1, 1), (6, 6))), ((2, 5), ((1, 1), (1, 6), (6, 6))), ((6, 5), ((1, 1), (1, 6))), ((4, 1), ((1, 6),))]",18,0,18
147,"((4, 3), ((6, 1),))","((3, 3), ((6, 1),))",East,"[((5, 3), ((6, 1),)) via East]","[((4, 3), ((6, 1),)), ((6, 5), ((1, 1), (1, 6), (6, 6))), ((5, 6), ((1, 1), (1, 6), (6, 6))), ((6, 5), ((1, 1), (6, 6))), ((5, 6), ((1, 1), (6, 6))), ((6, 3), ((1, 1),)), ((3, 3), ((6, 1), (6, 6))), ((2, 6), ((1, 1), (1, 6), (6, 6))), ((2, 6), ((1, 1), (6, 6))), ((3, 5), ((1, 1), (6, 6))), ((3, 5), ((1, 1), (1, 6), (6, 6))), ((6, 4), ((1, 1), (1, 6))), ((5, 1), ((1, 6),)), ((5, 1), ((1, 6), (6, 6)))]","[((6, 5), ((1, 1), (1, 6), (6, 6))), ((5, 6), ((1, 1), (1, 6), (6, 6))), ((6, 5), ((1, 1), (6, 6))), ((5, 6), ((1, 1), (6, 6))), ((6, 3), ((1, 1),)), ((3, 3), ((6, 1), (6, 6))), ((2, 6), ((1, 1), (1, 6), (6, 6))), ((2, 6), ((1, 1), (6, 6))), ((3, 5), ((1, 1), (6, 6))), ((3, 5), ((1, 1), (1, 6), (6, 6))), ((6, 4), ((1, 1), (1, 6))), ((5, 1), ((1, 6),)), ((5, 1), ((1, 6), (6, 6))), ((5, 3), ((6, 1),))]","[((4, 5), ()), ((4, 6), ()), ((5, 5), ()), ((3, 5), ()), ((5, 6), ()), ((3, 6), ()), ((6, 5), ()), ((2, 5), ()), ((6, 6), ((6, 6),)), ((2, 6), ()), ((6, 4), ()), ((1, 5), ()), ((6, 5), ((6, 6),)), ((5, 6), ((6, 6),)), ((1, 6), ((1, 6),)), ((6, 3), ()), ((1, 4), ()), ((6, 4), ((6, 6),)), ((5, 5), ((6, 6),)), ((4, 6), ((6, 6),)), ((1, 5), ((1, 6),)), ((2, 6), ((1, 6),)), ((5, 3), ()), ((1, 3), ()), ((6, 3), ((6, 6),)), ((4, 5), ((6, 6),)), ((3, 6), ((6, 6),)), ((1, 4), ((1, 6),)), ((2, 5), ((1, 6),)), ((3, 6), ((1, 6),)), ((4, 3), ()), ((1, 2), ()), ((5, 3), ((6, 6),)), ((3, 5), ((6, 6),)), ((2, 6), ((6, 6),)), ((1, 3), ((1, 6),)), ((3, 5), ((1, 6),)), ((4, 6), ((1, 6),)), ((3, 3), ()), ((1, 1), ((1, 1),)), ((4, 3), ((6, 6),)), ((2, 5), ((6, 6),)), ((1, 6), ((1, 6), (6, 6))), ((1, 2), ((1, 6),)), ((4, 5), ((1, 6),)), ((5, 6), ((1, 6),)), ((3, 2), ()), ((1, 2), ((1, 1),)), ((3, 3), ((6, 6),)), ((1, 5), ((6, 6),)), ((1, 5), ((1, 6), (6, 6))), ((2, 6), ((1, 6), (6, 6))), ((1, 1), ((1, 1), (1, 6))), ((5, 5), ((1, 6),)), ((6, 6), ((1, 6), (6, 6))), ((3, 1), ()), ((1, 3), ((1, 1),)), ((3, 2), ((6, 6),)), ((1, 4), ((6, 6),)), ((1, 4), ((1, 6), (6, 6))), ((2, 5), ((1, 6), (6, 6))), ((3, 6), ((1, 6), (6, 6))), ((1, 2), ((1, 1), (1, 6))), ((6, 5), ((1, 6),)), ((6, 5), ((1, 6), (6, 6))), ((5, 6), ((1, 6), (6, 6))), ((4, 1), ()), ((1, 4), ((1, 1),)), ((3, 1), ((6, 6),)), ((1, 3), ((6, 6),)), ((1, 3), ((1, 6), (6, 6))), ((3, 5), ((1, 6), (6, 6))), ((4, 6), ((1, 6), (6, 6))), ((1, 3), ((1, 1), (1, 6))), ((6, 4), ((1, 6),)), ((6, 4), ((1, 6), (6, 6))), ((5, 5), ((1, 6), (6, 6))), ((5, 1), ()), ((1, 5), ((1, 1),)), ((4, 1), ((6, 6),)), ((1, 2), ((6, 6),)), ((1, 2), ((1, 6), (6, 6))), ((4, 5), ((1, 6), (6, 6))), ((1, 4), ((1, 1), (1, 6))), ((6, 3), ((1, 6),)), ((6, 3), ((1, 6), (6, 6))), ((6, 1), ((6, 1),)), ((1, 6), ((1, 1), (1, 6))), ((2, 5), ((1, 1),)), ((5, 1), ((6, 6),)), ((1, 1), ((1, 1), (6, 6))), ((1, 1), ((1, 1), (1, 6), (6, 6))), ((1, 5), ((1, 1), (1, 6))), ((5, 3), ((1, 6),)), ((5, 3), ((1, 6), (6, 6))), ((5, 1), ((6, 1),)), ((2, 6), ((1, 1), (1, 6))), ((2, 6), ((1, 1),)), ((3, 5), ((1, 1),)), ((6, 1), ((6, 1), (6, 6))), ((1, 2), ((1, 1), (6, 6))), ((1, 2), ((1, 1), (1, 6), (6, 6))), ((2, 5), ((1, 1), (1, 6))), ((4, 3), ((1, 6),)), ((4, 3), ((1, 6), (6, 6))), ((4, 1), ((6, 1),)), ((3, 6), ((1, 1), (1, 6))), ((3, 6), ((1, 1),)), ((4, 5), ((1, 1),)), ((5, 1), ((6, 1), (6, 6))), ((1, 3), ((1, 1), (6, 6))), ((1, 3), ((1, 1), (1, 6), (6, 6))), ((3, 5), ((1, 1), (1, 6))), ((3, 3), ((1, 6),)), ((3, 3), ((1, 6), (6, 6))), ((3, 1), ((6, 1),)), ((4, 6), ((1, 1), (1, 6))), ((4, 6), ((1, 1),)), ((5, 5), ((1, 1),)), ((4, 1), ((6, 1), (6, 6))), ((1, 4), ((1, 1), (6, 6))), ((1, 4), ((1, 1), (1, 6), (6, 6))), ((4, 5), ((1, 1), (1, 6))), ((3, 2), ((1, 6),)), ((3, 2), ((1, 6), (6, 6))), ((3, 2), ((6, 1),)), ((5, 6), ((1, 1), (1, 6))), ((5, 6), ((1, 1),)), ((6, 5), ((1, 1),)), ((3, 1), ((6, 1), (6, 6))), ((1, 5), ((1, 1), (6, 6))), ((1, 5), ((1, 1), (1, 6), (6, 6))), ((5, 5), ((1, 1), (1, 6))), ((3, 1), ((1, 6),)), ((3, 1), ((1, 6), (6, 6))), ((3, 3), ((6, 1),)), ((6, 6), ((1, 1), (1, 6), (6, 6))), ((6, 6), ((1, 1), (6, 6))), ((6, 4), ((1, 1),)), ((3, 2), ((6, 1), (6, 6))), ((1, 6), ((1, 1), (1, 6), (6, 6))), ((2, 5), ((1, 1), (6, 6))), ((2, 5), ((1, 1), (1, 6), (6, 6))), ((6, 5), ((1, 1), (1, 6))), ((4, 1), ((1, 6),)), ((4, 1), ((1, 6), (6, 6)))]",18,0,18
148,"((6, 5), ((1, 1), (1, 6), (6, 6)))","((6, 6), ((1, 1), (1, 6), (6, 6)))",South,"[((6, 4), ((1, 1), (1, 6), (6, 6))) via South, ((5, 5), ((1, 1), (1, 6), (6, 6))) via West]","[((6, 5), ((1, 1), (1, 6), (6, 6))), ((5, 6), ((1, 1), (1, 6), (6, 6))), ((6, 5), ((1, 1), (6, 6))), ((5, 6), ((1, 1), (6, 6))), ((6, 3), ((1, 1),)), ((3, 3), ((6, 1), (6, 6))), ((2, 6), ((1, 1), (1, 6), (6, 6))), ((2, 6), ((1, 1), (6, 6))), ((3, 5), ((1, 1), (6, 6))), ((3, 5), ((1, 1), (1, 6), (6, 6))), ((6, 4), ((1, 1), (1, 6))), ((5, 1), ((1, 6),)), ((5, 1), ((1, 6), (6, 6))), ((5, 3), ((6, 1),))]","[((5, 6), ((1, 1), (1, 6), (6, 6))), ((6, 5), ((1, 1), (6, 6))), ((5, 6), ((1, 1), (6, 6))), ((6, 3), ((1, 1),)), ((3, 3), ((6, 1), (6, 6))), ((2, 6), ((1, 1), (1, 6), (6, 6))), ((2, 6), ((1, 1), (6, 6))), ((3, 5), ((1, 1), (6, 6))), ((3, 5), ((1, 1), (1, 6), (6, 6))), ((6, 4), ((1, 1), (1, 6))), ((5, 1), ((1, 6),)), ((5, 1), ((1, 6), (6, 6))), ((5, 3), ((6, 1),)), ((6, 4), ((1, 1), (1, 6), (6, 6))), ((5, 5), ((1, 1), (1, 6), (6, 6)))]","[((4, 5), ()), ((4, 6), ()), ((5, 5), ()), ((3, 5), ()), ((5, 6), ()), ((3, 6), ()), ((6, 5), ()), ((2, 5), ()), ((6, 6), ((6, 6),)), ((2, 6), ()), ((6, 4), ()), ((1, 5), ()), ((6, 5), ((6, 6),)), ((5, 6), ((6, 6),)), ((1, 6), ((1, 6),)), ((6, 3), ()), ((1, 4), ()), ((6, 4), ((6, 6),)), ((5, 5), ((6, 6),)), ((4, 6), ((6, 6),)), ((1, 5), ((1, 6),)), ((2, 6), ((1, 6),)), ((5, 3), ()), ((1, 3), ()), ((6, 3), ((6, 6),)), ((4, 5), ((6, 6),)), ((3, 6), ((6, 6),)), ((1, 4), ((1, 6),)), ((2, 5), ((1, 6),)), ((3, 6), ((1, 6),)), ((4, 3), ()), ((1, 2), ()), ((5, 3), ((6, 6),)), ((3, 5), ((6, 6),)), ((2, 6), ((6, 6),)), ((1, 3), ((1, 6),)), ((3, 5), ((1, 6),)), ((4, 6), ((1, 6),)), ((3, 3), ()), ((1, 1), ((1, 1),)), ((4, 3), ((6, 6),)), ((2, 5), ((6, 6),)), ((1, 6), ((1, 6), (6, 6))), ((1, 2), ((1, 6),)), ((4, 5), ((1, 6),)), ((5, 6), ((1, 6),)), ((3, 2), ()), ((1, 2), ((1, 1),)), ((3, 3), ((6, 6),)), ((1, 5), ((6, 6),)), ((1, 5), ((1, 6), (6, 6))), ((2, 6), ((1, 6), (6, 6))), ((1, 1), ((1, 1), (1, 6))), ((5, 5), ((1, 6),)), ((6, 6), ((1, 6), (6, 6))), ((3, 1), ()), ((1, 3), ((1, 1),)), ((3, 2), ((6, 6),)), ((1, 4), ((6, 6),)), ((1, 4), ((1, 6), (6, 6))), ((2, 5), ((1, 6), (6, 6))), ((3, 6), ((1, 6), (6, 6))), ((1, 2), ((1, 1), (1, 6))), ((6, 5), ((1, 6),)), ((6, 5), ((1, 6), (6, 6))), ((5, 6), ((1, 6), (6, 6))), ((4, 1), ()), ((1, 4), ((1, 1),)), ((3, 1), ((6, 6),)), ((1, 3), ((6, 6),)), ((1, 3), ((1, 6), (6, 6))), ((3, 5), ((1, 6), (6, 6))), ((4, 6), ((1, 6), (6, 6))), ((1, 3), ((1, 1), (1, 6))), ((6, 4), ((1, 6),)), ((6, 4), ((1, 6), (6, 6))), ((5, 5), ((1, 6), (6, 6))), ((5, 1), ()), ((1, 5), ((1, 1),)), ((4, 1), ((6, 6),)), ((1, 2), ((6, 6),)), ((1, 2), ((1, 6), (6, 6))), ((4, 5), ((1, 6), (6, 6))), ((1, 4), ((1, 1), (1, 6))), ((6, 3), ((1, 6),)), ((6, 3), ((1, 6), (6, 6))), ((6, 1), ((6, 1),)), ((1, 6), ((1, 1), (1, 6))), ((2, 5), ((1, 1),)), ((5, 1), ((6, 6),)), ((1, 1), ((1, 1), (6, 6))), ((1, 1), ((1, 1), (1, 6), (6, 6))), ((1, 5), ((1, 1), (1, 6))), ((5, 3), ((1, 6),)), ((5, 3), ((1, 6), (6, 6))), ((5, 1), ((6, 1),)), ((2, 6), ((1, 1), (1, 6))), ((2, 6), ((1, 1),)), ((3, 5), ((1, 1),)), ((6, 1), ((6, 1), (6, 6))), ((1, 2), ((1, 1), (6, 6))), ((1, 2), ((1, 1), (1, 6), (6, 6))), ((2, 5), ((1, 1), (1, 6))), ((4, 3), ((1, 6),)), ((4, 3), ((1, 6), (6, 6))), ((4, 1), ((6, 1),)), ((3, 6), ((1, 1), (1, 6))), ((3, 6), ((1, 1),)), ((4, 5), ((1, 1),)), ((5, 1), ((6, 1), (6, 6))), ((1, 3), ((1, 1), (6, 6))), ((1, 3), ((1, 1), (1, 6), (6, 6))), ((3, 5), ((1, 1), (1, 6))), ((3, 3), ((1, 6),)), ((3, 3), ((1, 6), (6, 6))), ((3, 1), ((6, 1),)), ((4, 6), ((1, 1), (1, 6))), ((4, 6), ((1, 1),)), ((5, 5), ((1, 1),)), ((4, 1), ((6, 1), (6, 6))), ((1, 4), ((1, 1), (6, 6))), ((1, 4), ((1, 1), (1, 6), (6, 6))), ((4, 5), ((1, 1), (1, 6))), ((3, 2), ((1, 6),)), ((3, 2), ((1, 6), (6, 6))), ((3, 2), ((6, 1),)), ((5, 6), ((1, 1), (1, 6))), ((5, 6), ((1, 1),)), ((6, 5), ((1, 1),)), ((3, 1), ((6, 1), (6, 6))), ((1, 5), ((1, 1), (6, 6))), ((1, 5), ((1, 1), (1, 6), (6, 6))), ((5, 5), ((1, 1), (1, 6))), ((3, 1), ((1, 6),)), ((3, 1), ((1, 6), (6, 6))), ((3, 3), ((6, 1),)), ((6, 6), ((1, 1), (1, 6), (6, 6))), ((6, 6), ((1, 1), (6, 6))), ((6, 4), ((1, 1),)), ((3, 2), ((6, 1), (6, 6))), ((1, 6), ((1, 1), (1, 6), (6, 6))), ((2, 5), ((1, 1), (6, 6))), ((2, 5), ((1, 1), (1, 6), (6, 6))), ((6, 5), ((1, 1), (1, 6))), ((4, 1), ((1, 6),)), ((4, 1), ((1, 6), (6, 6))), ((4, 3), ((6, 1),))]",18,0,18
149,"((5, 6), ((1, 1), (1, 6), (6, 6)))","((6, 6), ((1, 1), (1, 6), (6, 6)))",West,"[((4, 6), ((1, 1), (1, 6), (6, 6))) via West]","[((5, 6), ((1, 1), (1, 6), (6, 6))), ((6, 5), ((1, 1), (6, 6))), ((5, 6), ((1, 1), (6, 6))), ((6, 3), ((1, 1),)), ((3, 3), ((6, 1), (6, 6))), ((2, 6), ((1, 1), (1, 6), (6, 6))), ((2, 6), ((1, 1), (6, 6))), ((3, 5), ((1, 1), (6, 6))), ((3, 5), ((1, 1), (1, 6), (6, 6))), ((6, 4), ((1, 1), (1, 6))), ((5, 1), ((1, 6),)), ((5, 1), ((1, 6), (6, 6))), ((5, 3), ((6, 1),)), ((6, 4), ((1, 1), (1, 6), (6, 6))), ((5, 5), ((1, 1), (1, 6), (6, 6)))]","[((6, 5), ((1, 1), (6, 6))), ((5, 6), ((1, 1), (6, 6))), ((6, 3), ((1, 1),)), ((3, 3), ((6, 1), (6, 6))), ((2, 6), ((1, 1), (1, 6), (6, 6))), ((2, 6), ((1, 1), (6, 6))), ((3, 5), ((1, 1), (6, 6))), ((3, 5), ((1, 1), (1, 6), (6, 6))), ((6, 4), ((1, 1), (1, 6))), ((5, 1), ((1, 6),)), ((5, 1), ((1, 6), (6, 6))), ((5, 3), ((6, 1),)), ((6, 4), ((1, 1), (1, 6), (6, 6))), ((5, 5), ((1, 1), (1, 6), (6, 6))), ((4, 6), ((1, 1), (1, 6), (6, 6)))]","[((4, 5), ()), ((4, 6), ()), ((5, 5), ()), ((3, 5), ()), ((5, 6), ()), ((3, 6), ()), ((6, 5), ()), ((2, 5), ()), ((6, 6), ((6, 6),)), ((2, 6), ()), ((6, 4), ()), ((1, 5), ()), ((6, 5), ((6, 6),)), ((5, 6), ((6, 6),)), ((1, 6), ((1, 6),)), ((6, 3), ()), ((1, 4), ()), ((6, 4), ((6, 6),)), ((5, 5), ((6, 6),)), ((4, 6), ((6, 6),)), ((1, 5), ((1, 6),)), ((2, 6), ((1, 6),)), ((5, 3), ()), ((1, 3), ()), ((6, 3), ((6, 6),)), ((4, 5), ((6, 6),)), ((3, 6), ((6, 6),)), ((1, 4), ((1, 6),)), ((2, 5), ((1, 6),)), ((3, 6), ((1, 6),)), ((4, 3), ()), ((1, 2), ()), ((5, 3), ((6, 6),)), ((3, 5), ((6, 6),)), ((2, 6), ((6, 6),)), ((1, 3), ((1, 6),)), ((3, 5), ((1, 6),)), ((4, 6), ((1, 6),)), ((3, 3), ()), ((1, 1), ((1, 1),)), ((4, 3), ((6, 6),)), ((2, 5), ((6, 6),)), ((1, 6), ((1, 6), (6, 6))), ((1, 2), ((1, 6),)), ((4, 5), ((1, 6),)), ((5, 6), ((1, 6),)), ((3, 2), ()), ((1, 2), ((1, 1),)), ((3, 3), ((6, 6),)), ((1, 5), ((6, 6),)), ((1, 5), ((1, 6), (6, 6))), ((2, 6), ((1, 6), (6, 6))), ((1, 1), ((1, 1), (1, 6))), ((5, 5), ((1, 6),)), ((6, 6), ((1, 6), (6, 6))), ((3, 1), ()), ((1, 3), ((1, 1),)), ((3, 2), ((6, 6),)), ((1, 4), ((6, 6),)), ((1, 4), ((1, 6), (6, 6))), ((2, 5), ((1, 6), (6, 6))), ((3, 6), ((1, 6), (6, 6))), ((1, 2), ((1, 1), (1, 6))), ((6, 5), ((1, 6),)), ((6, 5), ((1, 6), (6, 6))), ((5, 6), ((1, 6), (6, 6))), ((4, 1), ()), ((1, 4), ((1, 1),)), ((3, 1), ((6, 6),)), ((1, 3), ((6, 6),)), ((1, 3), ((1, 6), (6, 6))), ((3, 5), ((1, 6), (6, 6))), ((4, 6), ((1, 6), (6, 6))), ((1, 3), ((1, 1), (1, 6))), ((6, 4), ((1, 6),)), ((6, 4), ((1, 6), (6, 6))), ((5, 5), ((1, 6), (6, 6))), ((5, 1), ()), ((1, 5), ((1, 1),)), ((4, 1), ((6, 6),)), ((1, 2), ((6, 6),)), ((1, 2), ((1, 6), (6, 6))), ((4, 5), ((1, 6), (6, 6))), ((1, 4), ((1, 1), (1, 6))), ((6, 3), ((1, 6),)), ((6, 3), ((1, 6), (6, 6))), ((6, 1), ((6, 1),)), ((1, 6), ((1, 1), (1, 6))), ((2, 5), ((1, 1),)), ((5, 1), ((6, 6),)), ((1, 1), ((1, 1), (6, 6))), ((1, 1), ((1, 1), (1, 6), (6, 6))), ((1, 5), ((1, 1), (1, 6))), ((5, 3), ((1, 6),)), ((5, 3), ((1, 6), (6, 6))), ((5, 1), ((6, 1),)), ((2, 6), ((1, 1), (1, 6))), ((2, 6), ((1, 1),)), ((3, 5), ((1, 1),)), ((6, 1), ((6, 1), (6, 6))), ((1, 2), ((1, 1), (6, 6))), ((1, 2), ((1, 1), (1, 6), (6, 6))), ((2, 5), ((1, 1), (1, 6))), ((4, 3), ((1, 6),)), ((4, 3), ((1, 6), (6, 6))), ((4, 1), ((6, 1),)), ((3, 6), ((1, 1), (1, 6))), ((3, 6), ((1, 1),)), ((4, 5), ((1, 1),)), ((5, 1), ((6, 1), (6, 6))), ((1, 3), ((1, 1), (6, 6))), ((1, 3), ((1, 1), (1, 6), (6, 6))), ((3, 5), ((1, 1), (1, 6))), ((3, 3), ((1, 6),)), ((3, 3), ((1, 6), (6, 6))), ((3, 1), ((6, 1),)), ((4, 6), ((1, 1), (1, 6))), ((4, 6), ((1, 1),)), ((5, 5), ((1, 1),)), ((4, 1), ((6, 1), (6, 6))), ((1, 4), ((1, 1), (6, 6))), ((1, 4), ((1, 1), (1, 6), (6, 6))), ((4, 5), ((1, 1), (1, 6))), ((3, 2), ((1, 6),)), ((3, 2), ((1, 6), (6, 6))), ((3, 2), ((6, 1),)), ((5, 6), ((1, 1), (1, 6))), ((5, 6), ((1, 1),)), ((6, 5), ((1, 1),)), ((3, 1), ((6, 1), (6, 6))), ((1, 5), ((1, 1), (6, 6))), ((1, 5), ((1, 1), (1, 6), (6, 6))), ((5, 5), ((1, 1), (1, 6))), ((3, 1), ((1, 6),)), ((3, 1), ((1, 6), (6, 6))), ((3, 3), ((6, 1),)), ((6, 6), ((1, 1), (1, 6), (6, 6))), ((6, 6), ((1, 1), (6, 6))), ((6, 4), ((1, 1),)), ((3, 2), ((6, 1), (6, 6))), ((1, 6), ((1, 1), (1, 6), (6, 6))), ((2, 5), ((1, 1), (6, 6))), ((2, 5), ((1, 1), (1, 6), (6, 6))), ((6, 5), ((1, 1), (1, 6))), ((4, 1), ((1, 6),)), ((4, 1), ((1, 6), (6, 6))), ((4, 3), ((6, 1),)), ((6, 5), ((1, 1), (1, 6), (6, 6)))]",18,0,18
150,"((6, 5), ((1, 1), (6, 6)))","((6, 6), ((1, 1), (6, 6)))",South,"[((6, 4), ((1, 1), (6, 6))) via South, ((5, 5), ((1, 1), (6, 6))) via West]","[((6, 5), ((1, 1), (6, 6))), ((5, 6), ((1, 1), (6, 6))), ((6, 3), ((1, 1),)), ((3, 3), ((6, 1), (6, 6))), ((2, 6), ((1, 1), (1, 6), (6, 6))), ((2, 6), ((1, 1), (6, 6))), ((3, 5), ((1, 1), (6, 6))), ((3, 5), ((1, 1), (1, 6), (6, 6))), ((6, 4), ((1, 1), (1, 6))), ((5, 1), ((1, 6),)), ((5, 1), ((1, 6), (6, 6))), ((5, 3), ((6, 1),)), ((6, 4), ((1, 1), (1, 6), (6, 6))), ((5, 5), ((1, 1), (1, 6), (6, 6))), ((4, 6), ((1, 1), (1, 6), (6, 6)))]","[((5, 6), ((1, 1), (6, 6))), ((6, 3), ((1, 1),)), ((3, 3), ((6, 1), (6, 6))), ((2, 6), ((1, 1), (1, 6), (6, 6))), ((2, 6), ((1, 1), (6, 6))), ((3, 5), ((1, 1), (6, 6))), ((3, 5), ((1, 1), (1, 6), (6, 6))), ((6, 4), ((1, 1), (1, 6))), ((5, 1), ((1, 6),)), ((5, 1), ((1, 6), (6, 6))), ((5, 3), ((6, 1),)), ((6, 4), ((1, 1), (1, 6), (6, 6))), ((5, 5), ((1, 1), (1, 6), (6, 6))), ((4, 6), ((1, 1), (1, 6), (6, 6))), ((6, 4), ((1, 1), (6, 6))), ((5, 5), ((1, 1), (6, 6)))]","[((4, 5), ()), ((4, 6), ()), ((5, 5), ()), ((3, 5), ()), ((5, 6), ()), ((3, 6), ()), ((6, 5), ()), ((2, 5), ()), ((6, 6), ((6, 6),)), ((2, 6), ()), ((6, 4), ()), ((1, 5), ()), ((6, 5), ((6, 6),)), ((5, 6), ((6, 6),)), ((1, 6), ((1, 6),)), ((6, 3), ()), ((1, 4), ()), ((6, 4), ((6, 6),)), ((5, 5), ((6, 6),)), ((4, 6), ((6, 6),)), ((1, 5), ((1, 6),)), ((2, 6), ((1, 6),)), ((5, 3), ()), ((1, 3), ()), ((6, 3), ((6, 6),)), ((4, 5), ((6, 6),)), ((3, 6), ((6, 6),)), ((1, 4), ((1, 6),)), ((2, 5), ((1, 6),)), ((3, 6), ((1, 6),)), ((4, 3), ()), ((1, 2), ()), ((5, 3), ((6, 6),)), ((3, 5), ((6, 6),)), ((2, 6), ((6, 6),)), ((1, 3), ((1, 6),)), ((3, 5), ((1, 6),)), ((4, 6), ((1, 6),)), ((3, 3), ()), ((1, 1), ((1, 1),)), ((4, 3), ((6, 6),)), ((2, 5), ((6, 6),)), ((1, 6), ((1, 6), (6, 6))), ((1, 2), ((1, 6),)), ((4, 5), ((1, 6),)), ((5, 6), ((1, 6),)), ((3, 2), ()), ((1, 2), ((1, 1),)), ((3, 3), ((6, 6),)), ((1, 5), ((6, 6),)), ((1, 5), ((1, 6), (6, 6))), ((2, 6), ((1, 6), (6, 6))), ((1, 1), ((1, 1), (1, 6))), ((5, 5), ((1, 6),)), ((6, 6), ((1, 6), (6, 6))), ((3, 1), ()), ((1, 3), ((1, 1),)), ((3, 2), ((6, 6),)), ((1, 4), ((6, 6),)), ((1, 4), ((1, 6), (6, 6))), ((2, 5), ((1, 6), (6, 6))), ((3, 6), ((1, 6), (6, 6))), ((1, 2), ((1, 1), (1, 6))), ((6, 5), ((1, 6),)), ((6, 5), ((1, 6), (6, 6))), ((5, 6), ((1, 6), (6, 6))), ((4, 1), ()), ((1, 4), ((1, 1),)), ((3, 1), ((6, 6),)), ((1, 3), ((6, 6),)), ((1, 3), ((1, 6), (6, 6))), ((3, 5), ((1, 6), (6, 6))), ((4, 6), ((1, 6), (6, 6))), ((1, 3), ((1, 1), (1, 6))), ((6, 4), ((1, 6),)), ((6, 4), ((1, 6), (6, 6))), ((5, 5), ((1, 6), (6, 6))), ((5, 1), ()), ((1, 5), ((1, 1),)), ((4, 1), ((6, 6),)), ((1, 2), ((6, 6),)), ((1, 2), ((1, 6), (6, 6))), ((4, 5), ((1, 6), (6, 6))), ((1, 4), ((1, 1), (1, 6))), ((6, 3), ((1, 6),)), ((6, 3), ((1, 6), (6, 6))), ((6, 1), ((6, 1),)), ((1, 6), ((1, 1), (1, 6))), ((2, 5), ((1, 1),)), ((5, 1), ((6, 6),)), ((1, 1), ((1, 1), (6, 6))), ((1, 1), ((1, 1), (1, 6), (6, 6))), ((1, 5), ((1, 1), (1, 6))), ((5, 3), ((1, 6),)), ((5, 3), ((1, 6), (6, 6))), ((5, 1), ((6, 1),)), ((2, 6), ((1, 1), (1, 6))), ((2, 6), ((1, 1),)), ((3, 5), ((1, 1),)), ((6, 1), ((6, 1), (6, 6))), ((1, 2), ((1, 1), (6, 6))), ((1, 2), ((1, 1), (1, 6), (6, 6))), ((2, 5), ((1, 1), (1, 6))), ((4, 3), ((1, 6),)), ((4, 3), ((1, 6), (6, 6))), ((4, 1), ((6, 1),)), ((3, 6), ((1, 1), (1, 6))), ((3, 6), ((1, 1),)), ((4, 5), ((1, 1),)), ((5, 1), ((6, 1), (6, 6))), ((1, 3), ((1, 1), (6, 6))), ((1, 3), ((1, 1), (1, 6), (6, 6))), ((3, 5), ((1, 1), (1, 6))), ((3, 3), ((1, 6),)), ((3, 3), ((1, 6), (6, 6))), ((3, 1), ((6, 1),)), ((4, 6), ((1, 1), (1, 6))), ((4, 6), ((1, 1),)), ((5, 5), ((1, 1),)), ((4, 1), ((6, 1), (6, 6))), ((1, 4), ((1, 1), (6, 6))), ((1, 4), ((1, 1), (1, 6), (6, 6))), ((4, 5), ((1, 1), (1, 6))), ((3, 2), ((1, 6),)), ((3, 2), ((1, 6), (6, 6))), ((3, 2), ((6, 1),)), ((5, 6), ((1, 1), (1, 6))), ((5, 6), ((1, 1),)), ((6, 5), ((1, 1),)), ((3, 1), ((6, 1), (6, 6))), ((1, 5), ((1, 1), (6, 6))), ((1, 5), ((1, 1), (1, 6), (6, 6))), ((5, 5), ((1, 1), (1, 6))), ((3, 1), ((1, 6),)), ((3, 1), ((1, 6), (6, 6))), ((3, 3), ((6, 1),)), ((6, 6), ((1, 1), (1, 6), (6, 6))), ((6, 6), ((1, 1), (6, 6))), ((6, 4), ((1, 1),)), ((3, 2), ((6, 1), (6, 6))), ((1, 6), ((1, 1), (1, 6), (6, 6))), ((2, 5), ((1, 1), (6, 6))), ((2, 5), ((1, 1), (1, 6), (6, 6))), ((6, 5), ((1, 1), (1, 6))), ((4, 1), ((1, 6),)), ((4, 1), ((1, 6), (6, 6))), ((4, 3), ((6, 1),)), ((6, 5), ((1, 1), (1, 6), (6, 6))), ((5, 6), ((1, 1), (1, 6), (6, 6)))]",18,0,18
151,"((5, 6), ((1, 1), (6, 6)))","((6, 6), ((1, 1), (6, 6)))",West,"[((4, 6), ((1, 1), (6, 6))) via West]","[((5, 6), ((1, 1), (6, 6))), ((6, 3), ((1, 1),)), ((3, 3), ((6, 1), (6, 6))), ((2, 6), ((1, 1), (1, 6), (6, 6))), ((2, 6), ((1, 1), (6, 6))), ((3, 5), ((1, 1), (6, 6))), ((3, 5), ((1, 1), (1, 6), (6, 6))), ((6, 4), ((1, 1), (1, 6))), ((5, 1), ((1, 6),)), ((5, 1), ((1, 6), (6, 6))), ((5, 3), ((6, 1),)), ((6, 4), ((1, 1), (1, 6), (6, 6))), ((5, 5), ((1, 1), (1, 6), (6, 6))), ((4, 6), ((1, 1), (1, 6), (6, 6))), ((6, 4), ((1, 1), (6, 6))), ((5, 5), ((1, 1), (6, 6)))]","[((6, 3), ((1, 1),)), ((3, 3), ((6, 1), (6, 6))), ((2, 6), ((1, 1), (1, 6), (6, 6))), ((2, 6), ((1, 1), (6, 6))), ((3, 5), ((1, 1), (6, 6))), ((3, 5), ((1, 1), (1, 6), (6, 6))), ((6, 4), ((1, 1), (1, 6))), ((5, 1), ((1, 6),)), ((5, 1), ((1, 6), (6, 6))), ((5, 3), ((6, 1),)), ((6, 4), ((1, 1), (1, 6), (6, 6))), ((5, 5), ((1, 1), (1, 6), (6, 6))), ((4, 6), ((1, 1), (1, 6), (6, 6))), ((6, 4), ((1, 1), (6, 6))), ((5, 5), ((1, 1), (6, 6))), ((4, 6), ((1, 1), (6, 6)))]","[((4, 5), ()), ((4, 6), ()), ((5, 5), ()), ((3, 5), ()), ((5, 6), ()), ((3, 6), ()), ((6, 5), ()), ((2, 5), ()), ((6, 6), ((6, 6),)), ((2, 6), ()), ((6, 4), ()), ((1, 5), ()), ((6, 5), ((6, 6),)), ((5, 6), ((6, 6),)), ((1, 6), ((1, 6),)), ((6, 3), ()), ((1, 4), ()), ((6, 4), ((6, 6),)), ((5, 5), ((6, 6),)), ((4, 6), ((6, 6),)), ((1, 5), ((1, 6),)), ((2, 6), ((1, 6),)), ((5, 3), ()), ((1, 3), ()), ((6, 3), ((6, 6),)), ((4, 5), ((6, 6),)), ((3, 6), ((6, 6),)), ((1, 4), ((1, 6),)), ((2, 5), ((1, 6),)), ((3, 6), ((1, 6),)), ((4, 3), ()), ((1, 2), ()), ((5, 3), ((6, 6),)), ((3, 5), ((6, 6),)), ((2, 6), ((6, 6),)), ((1, 3), ((1, 6),)), ((3, 5), ((1, 6),)), ((4, 6), ((1, 6),)), ((3, 3), ()), ((1, 1), ((1, 1),)), ((4, 3), ((6, 6),)), ((2, 5), ((6, 6),)), ((1, 6), ((1, 6), (6, 6))), ((1, 2), ((1, 6),)), ((4, 5), ((1, 6),)), ((5, 6), ((1, 6),)), ((3, 2), ()), ((1, 2), ((1, 1),)), ((3, 3), ((6, 6),)), ((1, 5), ((6, 6),)), ((1, 5), ((1, 6), (6, 6))), ((2, 6), ((1, 6), (6, 6))), ((1, 1), ((1, 1), (1, 6))), ((5, 5), ((1, 6),)), ((6, 6), ((1, 6), (6, 6))), ((3, 1), ()), ((1, 3), ((1, 1),)), ((3, 2), ((6, 6),)), ((1, 4), ((6, 6),)), ((1, 4), ((1, 6), (6, 6))), ((2, 5), ((1, 6), (6, 6))), ((3, 6), ((1, 6), (6, 6))), ((1, 2), ((1, 1), (1, 6))), ((6, 5), ((1, 6),)), ((6, 5), ((1, 6), (6, 6))), ((5, 6), ((1, 6), (6, 6))), ((4, 1), ()), ((1, 4), ((1, 1),)), ((3, 1), ((6, 6),)), ((1, 3), ((6, 6),)), ((1, 3), ((1, 6), (6, 6))), ((3, 5), ((1, 6), (6, 6))), ((4, 6), ((1, 6), (6, 6))), ((1, 3), ((1, 1), (1, 6))), ((6, 4), ((1, 6),)), ((6, 4), ((1, 6), (6, 6))), ((5, 5), ((1, 6), (6, 6))), ((5, 1), ()), ((1, 5), ((1, 1),)), ((4, 1), ((6, 6),)), ((1, 2), ((6, 6),)), ((1, 2), ((1, 6), (6, 6))), ((4, 5), ((1, 6), (6, 6))), ((1, 4), ((1, 1), (1, 6))), ((6, 3), ((1, 6),)), ((6, 3), ((1, 6), (6, 6))), ((6, 1), ((6, 1),)), ((1, 6), ((1, 1), (1, 6))), ((2, 5), ((1, 1),)), ((5, 1), ((6, 6),)), ((1, 1), ((1, 1), (6, 6))), ((1, 1), ((1, 1), (1, 6), (6, 6))), ((1, 5), ((1, 1), (1, 6))), ((5, 3), ((1, 6),)), ((5, 3), ((1, 6), (6, 6))), ((5, 1), ((6, 1),)), ((2, 6), ((1, 1), (1, 6))), ((2, 6), ((1, 1),)), ((3, 5), ((1, 1),)), ((6, 1), ((6, 1), (6, 6))), ((1, 2), ((1, 1), (6, 6))), ((1, 2), ((1, 1), (1, 6), (6, 6))), ((2, 5), ((1, 1), (1, 6))), ((4, 3), ((1, 6),)), ((4, 3), ((1, 6), (6, 6))), ((4, 1), ((6, 1),)), ((3, 6), ((1, 1), (1, 6))), ((3, 6), ((1, 1),)), ((4, 5), ((1, 1),)), ((5, 1), ((6, 1), (6, 6))), ((1, 3), ((1, 1), (6, 6))), ((1, 3), ((1, 1), (1, 6), (6, 6))), ((3, 5), ((1, 1), (1, 6))), ((3, 3), ((1, 6),)), ((3, 3), ((1, 6), (6, 6))), ((3, 1), ((6, 1),)), ((4, 6), ((1, 1), (1, 6))), ((4, 6), ((1, 1),)), ((5, 5), ((1, 1),)), ((4, 1), ((6, 1), (6, 6))), ((1, 4), ((1, 1), (6, 6))), ((1, 4), ((1, 1), (1, 6), (6, 6))), ((4, 5), ((1, 1), (1, 6))), ((3, 2), ((1, 6),)), ((3, 2), ((1, 6), (6, 6))), ((3, 2), ((6, 1),)), ((5, 6), ((1, 1), (1, 6))), ((5, 6), ((1, 1),)), ((6, 5), ((1, 1),)), ((3, 1), ((6, 1), (6, 6))), ((1, 5), ((1, 1), (6, 6))), ((1, 5), ((1, 1), (1, 6), (6, 6))), ((5, 5), ((1, 1), (1, 6))), ((3, 1), ((1, 6),)), ((3, 1), ((1, 6), (6, 6))), ((3, 3), ((6, 1),)), ((6, 6), ((1, 1), (1, 6), (6, 6))), ((6, 6), ((1, 1), (6, 6))), ((6, 4), ((1, 1),)), ((3, 2), ((6, 1), (6, 6))), ((1, 6), ((1, 1), (1, 6), (6, 6))), ((2, 5), ((1, 1), (6, 6))), ((2, 5), ((1, 1), (1, 6), (6, 6))), ((6, 5), ((1, 1), (1, 6))), ((4, 1), ((1, 6),)), ((4, 1), ((1, 6), (6, 6))), ((4, 3), ((6, 1),)), ((6, 5), ((1, 1), (1, 6), (6, 6))), ((5, 6), ((1, 1), (1, 6), (6, 6))), ((6, 5), ((1, 1), (6, 6)))]",18,0,18
152,"((6, 3), ((1, 1),))","((6, 4), ((1, 1),))",South,"[((5, 3), ((1, 1),)) via West]","[((6, 3), ((1, 1),)), ((3, 3), ((6, 1), (6, 6))), ((2, 6), ((1, 1), (1, 6), (6, 6))), ((2, 6), ((1, 1), (6, 6))), ((3, 5), ((1, 1), (6, 6))), ((3, 5), ((1, 1), (1, 6), (6, 6))), ((6, 4), ((1, 1), (1, 6))), ((5, 1), ((1, 6),)), ((5, 1), ((1, 6), (6, 6))), ((5, 3), ((6, 1),)), ((6, 4), ((1, 1), (1, 6), (6, 6))), ((5, 5), ((1, 1), (1, 6), (6, 6))), ((4, 6), ((1, 1), (1, 6), (6, 6))), ((6, 4), ((1, 1), (6, 6))), ((5, 5), ((1, 1), (6, 6))), ((4, 6), ((1, 1), (6, 6)))]","[((3, 3), ((6, 1), (6, 6))), ((2, 6), ((1, 1), (1, 6), (6, 6))), ((2, 6), ((1, 1), (6, 6))), ((3, 5), ((1, 1), (6, 6))), ((3, 5), ((1, 1), (1, 6), (6, 6))), ((6, 4), ((1, 1), (1, 6))), ((5, 1), ((1, 6),)), ((5, 1), ((1, 6), (6, 6))), ((5, 3), ((6, 1),)), ((6, 4), ((1, 1), (1, 6), (6, 6))), ((5, 5), ((1, 1), (1, 6), (6, 6))), ((4, 6), ((1, 1), (1, 6), (6, 6))), ((6, 4), ((1, 1), (6, 6))), ((5, 5), ((1, 1), (6, 6))), ((4, 6), ((1, 1), (6, 6))), ((5, 3), ((1, 1),))]","[((4, 5), ()), ((4, 6), ()), ((5, 5), ()), ((3, 5), ()), ((5, 6), ()), ((3, 6), ()), ((6, 5), ()), ((2, 5), ()), ((6, 6), ((6, 6),)), ((2, 6), ()), ((6, 4), ()), ((1, 5), ()), ((6, 5), ((6, 6),)), ((5, 6), ((6, 6),)), ((1, 6), ((1, 6),)), ((6, 3), ()), ((1, 4), ()), ((6, 4), ((6, 6),)), ((5, 5), ((6, 6),)), ((4, 6), ((6, 6),)), ((1, 5), ((1, 6),)), ((2, 6), ((1, 6),)), ((5, 3), ()), ((1, 3), ()), ((6, 3), ((6, 6),)), ((4, 5), ((6, 6),)), ((3, 6), ((6, 6),)), ((1, 4), ((1, 6),)), ((2, 5), ((1, 6),)), ((3, 6), ((1, 6),)), ((4, 3), ()), ((1, 2), ()), ((5, 3), ((6, 6),)), ((3, 5), ((6, 6),)), ((2, 6), ((6, 6),)), ((1, 3), ((1, 6),)), ((3, 5), ((1, 6),)), ((4, 6), ((1, 6),)), ((3, 3), ()), ((1, 1), ((1, 1),)), ((4, 3), ((6, 6),)), ((2, 5), ((6, 6),)), ((1, 6), ((1, 6), (6, 6))), ((1, 2), ((1, 6),)), ((4, 5), ((1, 6),)), ((5, 6), ((1, 6),)), ((3, 2), ()), ((1, 2), ((1, 1),)), ((3, 3), ((6, 6),)), ((1, 5), ((6, 6),)), ((1, 5), ((1, 6), (6, 6))), ((2, 6), ((1, 6), (6, 6))), ((1, 1), ((1, 1), (1, 6))), ((5, 5), ((1, 6),)), ((6, 6), ((1, 6), (6, 6))), ((3, 1), ()), ((1, 3), ((1, 1),)), ((3, 2), ((6, 6),)), ((1, 4), ((6, 6),)), ((1, 4), ((1, 6), (6, 6))), ((2, 5), ((1, 6), (6, 6))), ((3, 6), ((1, 6), (6, 6))), ((1, 2), ((1, 1), (1, 6))), ((6, 5), ((1, 6),)), ((6, 5), ((1, 6), (6, 6))), ((5, 6), ((1, 6), (6, 6))), ((4, 1), ()), ((1, 4), ((1, 1),)), ((3, 1), ((6, 6),)), ((1, 3), ((6, 6),)), ((1, 3), ((1, 6), (6, 6))), ((3, 5), ((1, 6), (6, 6))), ((4, 6), ((1, 6), (6, 6))), ((1, 3), ((1, 1), (1, 6))), ((6, 4), ((1, 6),)), ((6, 4), ((1, 6), (6, 6))), ((5, 5), ((1, 6), (6, 6))), ((5, 1), ()), ((1, 5), ((1, 1),)), ((4, 1), ((6, 6),)), ((1, 2), ((6, 6),)), ((1, 2), ((1, 6), (6, 6))), ((4, 5), ((1, 6), (6, 6))), ((1, 4), ((1, 1), (1, 6))), ((6, 3), ((1, 6),)), ((6, 3), ((1, 6), (6, 6))), ((6, 1), ((6, 1),)), ((1, 6), ((1, 1), (1, 6))), ((2, 5), ((1, 1),)), ((5, 1), ((6, 6),)), ((1, 1), ((1, 1), (6, 6))), ((1, 1), ((1, 1), (1, 6), (6, 6))), ((1, 5), ((1, 1), (1, 6))), ((5, 3), ((1, 6),)), ((5, 3), ((1, 6), (6, 6))), ((5, 1), ((6, 1),)), ((2, 6), ((1, 1), (1, 6))), ((2, 6), ((1, 1),)), ((3, 5), ((1, 1),)), ((6, 1), ((6, 1), (6, 6))), ((1, 2), ((1, 1), (6, 6))), ((1, 2), ((1, 1), (1, 6), (6, 6))), ((2, 5), ((1, 1), (1, 6))), ((4, 3), ((1, 6),)), ((4, 3), ((1, 6), (6, 6))), ((4, 1), ((6, 1),)), ((3, 6), ((1, 1), (1, 6))), ((3, 6), ((1, 1),)), ((4, 5), ((1, 1),)), ((5, 1), ((6, 1), (6, 6))), ((1, 3), ((1, 1), (6, 6))), ((1, 3), ((1, 1), (1, 6), (6, 6))), ((3, 5), ((1, 1), (1, 6))), ((3, 3), ((1, 6),)), ((3, 3), ((1, 6), (6, 6))), ((3, 1), ((6, 1),)), ((4, 6), ((1, 1), (1, 6))), ((4, 6), ((1, 1),)), ((5, 5), ((1, 1),)), ((4, 1), ((6, 1), (6, 6))), ((1, 4), ((1, 1), (6, 6))), ((1, 4), ((1, 1), (1, 6), (6, 6))), ((4, 5), ((1, 1), (1, 6))), ((3, 2), ((1, 6),)), ((3, 2), ((1, 6), (6, 6))), ((3, 2), ((6, 1),)), ((5, 6), ((1, 1), (1, 6))), ((5, 6), ((1, 1),)), ((6, 5), ((1, 1),)), ((3, 1), ((6, 1), (6, 6))), ((1, 5), ((1, 1), (6, 6))), ((1, 5), ((1, 1), (1, 6), (6, 6))), ((5, 5), ((1, 1), (1, 6))), ((3, 1), ((1, 6),)), ((3, 1), ((1, 6), (6, 6))), ((3, 3), ((6, 1),)), ((6, 6), ((1, 1), (1, 6), (6, 6))), ((6, 6), ((1, 1), (6, 6))), ((6, 4), ((1, 1),)), ((3, 2), ((6, 1), (6, 6))), ((1, 6), ((1, 1), (1, 6), (6, 6))), ((2, 5), ((1, 1), (6, 6))), ((2, 5), ((1, 1), (1, 6), (6, 6))), ((6, 5), ((1, 1), (1, 6))), ((4, 1), ((1, 6),)), ((4, 1), ((1, 6), (6, 6))), ((4, 3), ((6, 1),)), ((6, 5), ((1, 1), (1, 6), (6, 6))), ((5, 6), ((1, 1), (1, 6), (6, 6))), ((6, 5), ((1, 1), (6, 6))), ((5, 6), ((1, 1), (6, 6)))]",18,0,18
153,"((3, 3), ((6, 1), (6, 6)))","((3, 2), ((6, 1), (6, 6)))",North,"[((4, 3), ((6, 1), (6, 6))) via East]","[((3, 3), ((6, 1), (6, 6))), ((2, 6), ((1, 1), (1, 6), (6, 6))), ((2, 6), ((1, 1), (6, 6))), ((3, 5), ((1, 1), (6, 6))), ((3, 5), ((1, 1), (1, 6), (6, 6))), ((6, 4), ((1, 1), (1, 6))), ((5, 1), ((1, 6),)), ((5, 1), ((1, 6), (6, 6))), ((5, 3), ((6, 1),)), ((6, 4), ((1, 1), (1, 6), (6, 6))), ((5, 5), ((1, 1), (1, 6), (6, 6))), ((4, 6), ((1, 1), (1, 6), (6, 6))), ((6, 4), ((1, 1), (6, 6))), ((5, 5), ((1, 1), (6, 6))), ((4, 6), ((1, 1), (6, 6))), ((5, 3), ((1, 1),))]","[((2, 6), ((1, 1), (1, 6), (6, 6))), ((2, 6), ((1, 1), (6, 6))), ((3, 5), ((1, 1), (6, 6))), ((3, 5), ((1, 1), (1, 6), (6, 6))), ((6, 4), ((1, 1), (1, 6))), ((5, 1), ((1, 6),)), ((5, 1), ((1, 6), (6, 6))), ((5, 3), ((6, 1),)), ((6, 4), ((1, 1), (1, 6), (6, 6))), ((5, 5), ((1, 1), (1, 6), (6, 6))), ((4, 6), ((1, 1), (1, 6), (6, 6))), ((6, 4), ((1, 1), (6, 6))), ((5, 5), ((1, 1), (6, 6))), ((4, 6), ((1, 1), (6, 6))), ((5, 3), ((1, 1),)), ((4, 3), ((6, 1), (6, 6)))]","[((4, 5), ()), ((4, 6), ()), ((5, 5), ()), ((3, 5), ()), ((5, 6), ()), ((3, 6), ()), ((6, 5), ()), ((2, 5), ()), ((6, 6), ((6, 6),)), ((2, 6), ()), ((6, 4), ()), ((1, 5), ()), ((6, 5), ((6, 6),)), ((5, 6), ((6, 6),)), ((1, 6), ((1, 6),)), ((6, 3), ()), ((1, 4), ()), ((6, 4), ((6, 6),)), ((5, 5), ((6, 6),)), ((4, 6), ((6, 6),)), ((1, 5), ((1, 6),)), ((2, 6), ((1, 6),)), ((5, 3), ()), ((1, 3), ()), ((6, 3), ((6, 6),)), ((4, 5), ((6, 6),)), ((3, 6), ((6, 6),)), ((1, 4), ((1, 6),)), ((2, 5), ((1, 6),)), ((3, 6), ((1, 6),)), ((4, 3), ()), ((1, 2), ()), ((5, 3), ((6, 6),)), ((3, 5), ((6, 6),)), ((2, 6), ((6, 6),)), ((1, 3), ((1, 6),)), ((3, 5), ((1, 6),)), ((4, 6), ((1, 6),)), ((3, 3), ()), ((1, 1), ((1, 1),)), ((4, 3), ((6, 6),)), ((2, 5), ((6, 6),)), ((1, 6), ((1, 6), (6, 6))), ((1, 2), ((1, 6),)), ((4, 5), ((1, 6),)), ((5, 6), ((1, 6),)), ((3, 2), ()), ((1, 2), ((1, 1),)), ((3, 3), ((6, 6),)), ((1, 5), ((6, 6),)), ((1, 5), ((1, 6), (6, 6))), ((2, 6), ((1, 6), (6, 6))), ((1, 1), ((1, 1), (1, 6))), ((5, 5), ((1, 6),)), ((6, 6), ((1, 6), (6, 6))), ((3, 1), ()), ((1, 3), ((1, 1),)), ((3, 2), ((6, 6),)), ((1, 4), ((6, 6),)), ((1, 4), ((1, 6), (6, 6))), ((2, 5), ((1, 6), (6, 6))), ((3, 6), ((1, 6), (6, 6))), ((1, 2), ((1, 1), (1, 6))), ((6, 5), ((1, 6),)), ((6, 5), ((1, 6), (6, 6))), ((5, 6), ((1, 6), (6, 6))), ((4, 1), ()), ((1, 4), ((1, 1),)), ((3, 1), ((6, 6),)), ((1, 3), ((6, 6),)), ((1, 3), ((1, 6), (6, 6))), ((3, 5), ((1, 6), (6, 6))), ((4, 6), ((1, 6), (6, 6))), ((1, 3), ((1, 1), (1, 6))), ((6, 4), ((1, 6),)), ((6, 4), ((1, 6), (6, 6))), ((5, 5), ((1, 6), (6, 6))), ((5, 1), ()), ((1, 5), ((1, 1),)), ((4, 1), ((6, 6),)), ((1, 2), ((6, 6),)), ((1, 2), ((1, 6), (6, 6))), ((4, 5), ((1, 6), (6, 6))), ((1, 4), ((1, 1), (1, 6))), ((6, 3), ((1, 6),)), ((6, 3), ((1, 6), (6, 6))), ((6, 1), ((6, 1),)), ((1, 6), ((1, 1), (1, 6))), ((2, 5), ((1, 1),)), ((5, 1), ((6, 6),)), ((1, 1), ((1, 1), (6, 6))), ((1, 1), ((1, 1), (1, 6), (6, 6))), ((1, 5), ((1, 1), (1, 6))), ((5, 3), ((1, 6),)), ((5, 3), ((1, 6), (6, 6))), ((5, 1), ((6, 1),)), ((2, 6), ((1, 1), (1, 6))), ((2, 6), ((1, 1),)), ((3, 5), ((1, 1),)), ((6, 1), ((6, 1), (6, 6))), ((1, 2), ((1, 1), (6, 6))), ((1, 2), ((1, 1), (1, 6), (6, 6))), ((2, 5), ((1, 1), (1, 6))), ((4, 3), ((1, 6),)), ((4, 3), ((1, 6), (6, 6))), ((4, 1), ((6, 1),)), ((3, 6), ((1, 1), (1, 6))), ((3, 6), ((1, 1),)), ((4, 5), ((1, 1),)), ((5, 1), ((6, 1), (6, 6))), ((1, 3), ((1, 1), (6, 6))), ((1, 3), ((1, 1), (1, 6), (6, 6))), ((3, 5), ((1, 1), (1, 6))), ((3, 3), ((1, 6),)), ((3, 3), ((1, 6), (6, 6))), ((3, 1), ((6, 1),)), ((4, 6), ((1, 1), (1, 6))), ((4, 6), ((1, 1),)), ((5, 5), ((1, 1),)), ((4, 1), ((6, 1), (6, 6))), ((1, 4), ((1, 1), (6, 6))), ((1, 4), ((1, 1), (1, 6), (6, 6))), ((4, 5), ((1, 1), (1, 6))), ((3, 2), ((1, 6),)), ((3, 2), ((1, 6), (6, 6))), ((3, 2), ((6, 1),)), ((5, 6), ((1, 1), (1, 6))), ((5, 6), ((1, 1),)), ((6, 5), ((1, 1),)), ((3, 1), ((6, 1), (6, 6))), ((1, 5), ((1, 1), (6, 6))), ((1, 5), ((1, 1), (1, 6), (6, 6))), ((5, 5), ((1, 1), (1, 6))), ((3, 1), ((1, 6),)), ((3, 1), ((1, 6), (6, 6))), ((3, 3), ((6, 1),)), ((6, 6), ((1, 1), (1, 6), (6, 6))), ((6, 6), ((1, 1), (6, 6))), ((6, 4), ((1, 1),)), ((3, 2), ((6, 1), (6, 6))), ((1, 6), ((1, 1), (1, 6), (6, 6))), ((2, 5), ((1, 1), (6, 6))), ((2, 5), ((1, 1), (1, 6), (6, 6))), ((6, 5), ((1, 1), (1, 6))), ((4, 1), ((1, 6),)), ((4, 1), ((1, 6), (6, 6))), ((4, 3), ((6, 1),)), ((6, 5), ((1, 1), (1, 6), (6, 6))), ((5, 6), ((1, 1), (1, 6), (6, 6))), ((6, 5), ((1, 1), (6, 6))), ((5, 6), ((1, 1), (6, 6))), ((6, 3), ((1, 1),))]",19,0,19
154,"((2, 6), ((1, 1), (1, 6), (6, 6)))","((1, 6), ((1, 1), (1, 6), (6, 6)))",East,"[((3, 6), ((1, 1), (1, 6), (6, 6))) via East]","[((2, 6), ((1, 1), (1, 6), (6, 6))), ((2, 6), ((1, 1), (6, 6))), ((3, 5), ((1, 1), (6, 6))), ((3, 5), ((1, 1), (1, 6), (6, 6))), ((6, 4), ((1, 1), (1, 6))), ((5, 1), ((1, 6),)), ((5, 1), ((1, 6), (6, 6))), ((5, 3), ((6, 1),)), ((6, 4), ((1, 1), (1, 6), (6, 6))), ((5, 5), ((1, 1), (1, 6), (6, 6))), ((4, 6), ((1, 1), (1, 6), (6, 6))), ((6, 4), ((1, 1), (6, 6))), ((5, 5), ((1, 1), (6, 6))), ((4, 6), ((1, 1), (6, 6))), ((5, 3), ((1, 1),)), ((4, 3), ((6, 1), (6, 6)))]","[((2, 6), ((1, 1), (6, 6))), ((3, 5), ((1, 1), (6, 6))), ((3, 5), ((1, 1), (1, 6), (6, 6))), ((6, 4), ((1, 1), (1, 6))), ((5, 1), ((1, 6),)), ((5, 1), ((1, 6), (6, 6))), ((5, 3), ((6, 1),)), ((6, 4), ((1, 1), (1, 6), (6, 6))), ((5, 5), ((1, 1), (1, 6), (6, 6))), ((4, 6), ((1, 1), (1, 6), (6, 6))), ((6, 4), ((1, 1), (6, 6))), ((5, 5), ((1, 1), (6, 6))), ((4, 6), ((1, 1), (6, 6))), ((5, 3), ((1, 1),)), ((4, 3), ((6, 1), (6, 6))), ((3, 6), ((1, 1), (1, 6), (6, 6)))]","[((4, 5), ()), ((4, 6), ()), ((5, 5), ()), ((3, 5), ()), ((5, 6), ()), ((3, 6), ()), ((6, 5), ()), ((2, 5), ()), ((6, 6), ((6, 6),)), ((2, 6), ()), ((6, 4), ()), ((1, 5), ()), ((6, 5), ((6, 6),)), ((5, 6), ((6, 6),)), ((1, 6), ((1, 6),)), ((6, 3), ()), ((1, 4), ()), ((6, 4), ((6, 6),)), ((5, 5), ((6, 6),)), ((4, 6), ((6, 6),)), ((1, 5), ((1, 6),)), ((2, 6), ((1, 6),)), ((5, 3), ()), ((1, 3), ()), ((6, 3), ((6, 6),)), ((4, 5), ((6, 6),)), ((3, 6), ((6, 6),)), ((1, 4), ((1, 6),)), ((2, 5), ((1, 6),)), ((3, 6), ((1, 6),)), ((4, 3), ()), ((1, 2), ()), ((5, 3), ((6, 6),)), ((3, 5), ((6, 6),)), ((2, 6), ((6, 6),)), ((1, 3), ((1, 6),)), ((3, 5), ((1, 6),)), ((4, 6), ((1, 6),)), ((3, 3), ()), ((1, 1), ((1, 1),)), ((4, 3), ((6, 6),)), ((2, 5), ((6, 6),)), ((1, 6), ((1, 6), (6, 6))), ((1, 2), ((1, 6),)), ((4, 5), ((1, 6),)), ((5, 6), ((1, 6),)), ((3, 2), ()), ((1, 2), ((1, 1),)), ((3, 3), ((6, 6),)), ((1, 5), ((6, 6),)), ((1, 5), ((1, 6), (6, 6))), ((2, 6), ((1, 6), (6, 6))), ((1, 1), ((1, 1), (1, 6))), ((5, 5), ((1, 6),)), ((6, 6), ((1, 6), (6, 6))), ((3, 1), ()), ((1, 3), ((1, 1),)), ((3, 2), ((6, 6),)), ((1, 4), ((6, 6),)), ((1, 4), ((1, 6), (6, 6))), ((2, 5), ((1, 6), (6, 6))), ((3, 6), ((1, 6), (6, 6))), ((1, 2), ((1, 1), (1, 6))), ((6, 5), ((1, 6),)), ((6, 5), ((1, 6), (6, 6))), ((5, 6), ((1, 6), (6, 6))), ((4, 1), ()), ((1, 4), ((1, 1),)), ((3, 1), ((6, 6),)), ((1, 3), ((6, 6),)), ((1, 3), ((1, 6), (6, 6))), ((3, 5), ((1, 6), (6, 6))), ((4, 6), ((1, 6), (6, 6))), ((1, 3), ((1, 1), (1, 6))), ((6, 4), ((1, 6),)), ((6, 4), ((1, 6), (6, 6))), ((5, 5), ((1, 6), (6, 6))), ((5, 1), ()), ((1, 5), ((1, 1),)), ((4, 1), ((6, 6),)), ((1, 2), ((6, 6),)), ((1, 2), ((1, 6), (6, 6))), ((4, 5), ((1, 6), (6, 6))), ((1, 4), ((1, 1), (1, 6))), ((6, 3), ((1, 6),)), ((6, 3), ((1, 6), (6, 6))), ((6, 1), ((6, 1),)), ((1, 6), ((1, 1), (1, 6))), ((2, 5), ((1, 1),)), ((5, 1), ((6, 6),)), ((1, 1), ((1, 1), (6, 6))), ((1, 1), ((1, 1), (1, 6), (6, 6))), ((1, 5), ((1, 1), (1, 6))), ((5, 3), ((1, 6),)), ((5, 3), ((1, 6), (6, 6))), ((5, 1), ((6, 1),)), ((2, 6), ((1, 1), (1, 6))), ((2, 6), ((1, 1),)), ((3, 5), ((1, 1),)), ((6, 1), ((6, 1), (6, 6))), ((1, 2), ((1, 1), (6, 6))), ((1, 2), ((1, 1), (1, 6), (6, 6))), ((2, 5), ((1, 1), (1, 6))), ((4, 3), ((1, 6),)), ((4, 3), ((1, 6), (6, 6))), ((4, 1), ((6, 1),)), ((3, 6), ((1, 1), (1, 6))), ((3, 6), ((1, 1),)), ((4, 5), ((1, 1),)), ((5, 1), ((6, 1), (6, 6))), ((1, 3), ((1, 1), (6, 6))), ((1, 3), ((1, 1), (1, 6), (6, 6))), ((3, 5), ((1, 1), (1, 6))), ((3, 3), ((1, 6),)), ((3, 3), ((1, 6), (6, 6))), ((3, 1), ((6, 1),)), ((4, 6), ((1, 1), (1, 6))), ((4, 6), ((1, 1),)), ((5, 5), ((1, 1),)), ((4, 1), ((6, 1), (6, 6))), ((1, 4), ((1, 1), (6, 6))), ((1, 4), ((1, 1), (1, 6), (6, 6))), ((4, 5), ((1, 1), (1, 6))), ((3, 2), ((1, 6),)), ((3, 2), ((1, 6), (6, 6))), ((3, 2), ((6, 1),)), ((5, 6), ((1, 1), (1, 6))), ((5, 6), ((1, 1),)), ((6, 5), ((1, 1),)), ((3, 1), ((6, 1), (6, 6))), ((1, 5), ((1, 1), (6, 6))), ((1, 5), ((1, 1), (1, 6), (6, 6))), ((5, 5), ((1, 1), (1, 6))), ((3, 1), ((1, 6),)), ((3, 1), ((1, 6), (6, 6))), ((3, 3), ((6, 1),)), ((6, 6), ((1, 1), (1, 6), (6, 6))), ((6, 6), ((1, 1), (6, 6))), ((6, 4), ((1, 1),)), ((3, 2), ((6, 1), (6, 6))), ((1, 6), ((1, 1), (1, 6), (6, 6))), ((2, 5), ((1, 1), (6, 6))), ((2, 5), ((1, 1), (1, 6), (6, 6))), ((6, 5), ((1, 1), (1, 6))), ((4, 1), ((1, 6),)), ((4, 1), ((1, 6), (6, 6))), ((4, 3), ((6, 1),)), ((6, 5), ((1, 1), (1, 6), (6, 6))), ((5, 6), ((1, 1), (1, 6), (6, 6))), ((6, 5), ((1, 1), (6, 6))), ((5, 6), ((1, 1), (6, 6))), ((6, 3), ((1, 1),)), ((3, 3), ((6, 1), (6, 6)))]",19,0,19
155,"((2, 6), ((1, 1), (6, 6)))","((2, 5), ((1, 1), (6, 6)))",North,"[((3, 6), ((1, 1), (6, 6))) via East]","[((2, 6), ((1, 1), (6, 6))), ((3, 5), ((1, 1), (6, 6))), ((3, 5), ((1, 1), (1, 6), (6, 6))), ((6, 4), ((1, 1), (1, 6))), ((5, 1), ((1, 6),)), ((5, 1), ((1, 6), (6, 6))), ((5, 3), ((6, 1),)), ((6, 4), ((1, 1), (1, 6), (6, 6))), ((5, 5), ((1, 1), (1, 6), (6, 6))), ((4, 6), ((1, 1), (1, 6), (6, 6))), ((6, 4), ((1, 1), (6, 6))), ((5, 5), ((1, 1), (6, 6))), ((4, 6), ((1, 1), (6, 6))), ((5, 3), ((1, 1),)), ((4, 3), ((6, 1), (6, 6))), ((3, 6), ((1, 1), (1, 6), (6, 6)))]","[((3, 5), ((1, 1), (6, 6))), ((3, 5), ((1, 1), (1, 6), (6, 6))), ((6, 4), ((1, 1), (1, 6))), ((5, 1), ((1, 6),)), ((5, 1), ((1, 6), (6, 6))), ((5, 3), ((6, 1),)), ((6, 4), ((1, 1), (1, 6), (6, 6))), ((5, 5), ((1, 1), (1, 6), (6, 6))), ((4, 6), ((1, 1), (1, 6), (6, 6))), ((6, 4), ((1, 1), (6, 6))), ((5, 5), ((1, 1), (6, 6))), ((4, 6), ((1, 1), (6, 6))), ((5, 3), ((1, 1),)), ((4, 3), ((6, 1), (6, 6))), ((3, 6), ((1, 1), (1, 6), (6, 6))), ((3, 6), ((1, 1), (6, 6)))]","[((4, 5), ()), ((4, 6), ()), ((5, 5), ()), ((3, 5), ()), ((5, 6), ()), ((3, 6), ()), ((6, 5), ()), ((2, 5), ()), ((6, 6), ((6, 6),)), ((2, 6), ()), ((6, 4), ()), ((1, 5), ()), ((6, 5), ((6, 6),)), ((5, 6), ((6, 6),)), ((1, 6), ((1, 6),)), ((6, 3), ()), ((1, 4), ()), ((6, 4), ((6, 6),)), ((5, 5), ((6, 6),)), ((4, 6), ((6, 6),)), ((1, 5), ((1, 6),)), ((2, 6), ((1, 6),)), ((5, 3), ()), ((1, 3), ()), ((6, 3), ((6, 6),)), ((4, 5), ((6, 6),)), ((3, 6), ((6, 6),)), ((1, 4), ((1, 6),)), ((2, 5), ((1, 6),)), ((3, 6), ((1, 6),)), ((4, 3), ()), ((1, 2), ()), ((5, 3), ((6, 6),)), ((3, 5), ((6, 6),)), ((2, 6), ((6, 6),)), ((1, 3), ((1, 6),)), ((3, 5), ((1, 6),)), ((4, 6), ((1, 6),)), ((3, 3), ()), ((1, 1), ((1, 1),)), ((4, 3), ((6, 6),)), ((2, 5), ((6, 6),)), ((1, 6), ((1, 6), (6, 6))), ((1, 2), ((1, 6),)), ((4, 5), ((1, 6),)), ((5, 6), ((1, 6),)), ((3, 2), ()), ((1, 2), ((1, 1),)), ((3, 3), ((6, 6),)), ((1, 5), ((6, 6),)), ((1, 5), ((1, 6), (6, 6))), ((2, 6), ((1, 6), (6, 6))), ((1, 1), ((1, 1), (1, 6))), ((5, 5), ((1, 6),)), ((6, 6), ((1, 6), (6, 6))), ((3, 1), ()), ((1, 3), ((1, 1),)), ((3, 2), ((6, 6),)), ((1, 4), ((6, 6),)), ((1, 4), ((1, 6), (6, 6))), ((2, 5), ((1, 6), (6, 6))), ((3, 6), ((1, 6), (6, 6))), ((1, 2), ((1, 1), (1, 6))), ((6, 5), ((1, 6),)), ((6, 5), ((1, 6), (6, 6))), ((5, 6), ((1, 6), (6, 6))), ((4, 1), ()), ((1, 4), ((1, 1),)), ((3, 1), ((6, 6),)), ((1, 3), ((6, 6),)), ((1, 3), ((1, 6), (6, 6))), ((3, 5), ((1, 6), (6, 6))), ((4, 6), ((1, 6), (6, 6))), ((1, 3), ((1, 1), (1, 6))), ((6, 4), ((1, 6),)), ((6, 4), ((1, 6), (6, 6))), ((5, 5), ((1, 6), (6, 6))), ((5, 1), ()), ((1, 5), ((1, 1),)), ((4, 1), ((6, 6),)), ((1, 2), ((6, 6),)), ((1, 2), ((1, 6), (6, 6))), ((4, 5), ((1, 6), (6, 6))), ((1, 4), ((1, 1), (1, 6))), ((6, 3), ((1, 6),)), ((6, 3), ((1, 6), (6, 6))), ((6, 1), ((6, 1),)), ((1, 6), ((1, 1), (1, 6))), ((2, 5), ((1, 1),)), ((5, 1), ((6, 6),)), ((1, 1), ((1, 1), (6, 6))), ((1, 1), ((1, 1), (1, 6), (6, 6))), ((1, 5), ((1, 1), (1, 6))), ((5, 3), ((1, 6),)), ((5, 3), ((1, 6), (6, 6))), ((5, 1), ((6, 1),)), ((2, 6), ((1, 1), (1, 6))), ((2, 6), ((1, 1),)), ((3, 5), ((1, 1),)), ((6, 1), ((6, 1), (6, 6))), ((1, 2), ((1, 1), (6, 6))), ((1, 2), ((1, 1), (1, 6), (6, 6))), ((2, 5), ((1, 1), (1, 6))), ((4, 3), ((1, 6),)), ((4, 3), ((1, 6), (6, 6))), ((4, 1), ((6, 1),)), ((3, 6), ((1, 1), (1, 6))), ((3, 6), ((1, 1),)), ((4, 5), ((1, 1),)), ((5, 1), ((6, 1), (6, 6))), ((1, 3), ((1, 1), (6, 6))), ((1, 3), ((1, 1), (1, 6), (6, 6))), ((3, 5), ((1, 1), (1, 6))), ((3, 3), ((1, 6),)), ((3, 3), ((1, 6), (6, 6))), ((3, 1), ((6, 1),)), ((4, 6), ((1, 1), (1, 6))), ((4, 6), ((1, 1),)), ((5, 5), ((1, 1),)), ((4, 1), ((6, 1), (6, 6))), ((1, 4), ((1, 1), (6, 6))), ((1, 4), ((1, 1), (1, 6), (6, 6))), ((4, 5), ((1, 1), (1, 6))), ((3, 2), ((1, 6),)), ((3, 2), ((1, 6), (6, 6))), ((3, 2), ((6, 1),)), ((5, 6), ((1, 1), (1, 6))), ((5, 6), ((1, 1),)), ((6, 5), ((1, 1),)), ((3, 1), ((6, 1), (6, 6))), ((1, 5), ((1, 1), (6, 6))), ((1, 5), ((1, 1), (1, 6), (6, 6))), ((5, 5), ((1, 1), (1, 6))), ((3, 1), ((1, 6),)), ((3, 1), ((1, 6), (6, 6))), ((3, 3), ((6, 1),)), ((6, 6), ((1, 1), (1, 6), (6, 6))), ((6, 6), ((1, 1), (6, 6))), ((6, 4), ((1, 1),)), ((3, 2), ((6, 1), (6, 6))), ((1, 6), ((1, 1), (1, 6), (6, 6))), ((2, 5), ((1, 1), (6, 6))), ((2, 5), ((1, 1), (1, 6), (6, 6))), ((6, 5), ((1, 1), (1, 6))), ((4, 1), ((1, 6),)), ((4, 1), ((1, 6), (6, 6))), ((4, 3), ((6, 1),)), ((6, 5), ((1, 1), (1, 6), (6, 6))), ((5, 6), ((1, 1), (1, 6), (6, 6))), ((6, 5), ((1, 1), (6, 6))), ((5, 6), ((1, 1), (6, 6))), ((6, 3), ((1, 1),)), ((3, 3), ((6, 1), (6, 6))), ((2, 6), ((1, 1), (1, 6), (6, 6)))]",19,0,19
156,"((3, 5), ((1, 1), (6, 6)))","((2, 5), ((1, 1), (6, 6)))",East,"[((4, 5), ((1, 1), (6, 6))) via East]","[((3, 5), ((1, 1), (6, 6))), ((3, 5), ((1, 1), (1, 6), (6, 6))), ((6, 4), ((1, 1), (1, 6))), ((5, 1), ((1, 6),)), ((5, 1), ((1, 6), (6, 6))), ((5, 3), ((6, 1),)), ((6, 4), ((1, 1), (1, 6), (6, 6))), ((5, 5), ((1, 1), (1, 6), (6, 6))), ((4, 6), ((1, 1), (1, 6), (6, 6))), ((6, 4), ((1, 1), (6, 6))), ((5, 5), ((1, 1), (6, 6))), ((4, 6), ((1, 1), (6, 6))), ((5, 3), ((1, 1),)), ((4, 3), ((6, 1), (6, 6))), ((3, 6), ((1, 1), (1, 6), (6, 6))), ((3, 6), ((1, 1), (6, 6)))]","[((3, 5), ((1, 1), (1, 6), (6, 6))), ((6, 4), ((1, 1), (1, 6))), ((5, 1), ((1, 6),)), ((5, 1), ((1, 6), (6, 6))), ((5, 3), ((6, 1),)), ((6, 4), ((1, 1), (1, 6), (6, 6))), ((5, 5), ((1, 1), (1, 6), (6, 6))), ((4, 6), ((1, 1), (1, 6), (6, 6))), ((6, 4), ((1, 1), (6, 6))), ((5, 5), ((1, 1), (6, 6))), ((4, 6), ((1, 1), (6, 6))), ((5, 3), ((1, 1),)), ((4, 3), ((6, 1), (6, 6))), ((3, 6), ((1, 1), (1, 6), (6, 6))), ((3, 6), ((1, 1), (6, 6))), ((4, 5), ((1, 1), (6, 6)))]","[((4, 5), ()), ((4, 6), ()), ((5, 5), ()), ((3, 5), ()), ((5, 6), ()), ((3, 6), ()), ((6, 5), ()), ((2, 5), ()), ((6, 6), ((6, 6),)), ((2, 6), ()), ((6, 4), ()), ((1, 5), ()), ((6, 5), ((6, 6),)), ((5, 6), ((6, 6),)), ((1, 6), ((1, 6),)), ((6, 3), ()), ((1, 4), ()), ((6, 4), ((6, 6),)), ((5, 5), ((6, 6),)), ((4, 6), ((6, 6),)), ((1, 5), ((1, 6),)), ((2, 6), ((1, 6),)), ((5, 3), ()), ((1, 3), ()), ((6, 3), ((6, 6),)), ((4, 5), ((6, 6),)), ((3, 6), ((6, 6),)), ((1, 4), ((1, 6),)), ((2, 5), ((1, 6),)), ((3, 6), ((1, 6),)), ((4, 3), ()), ((1, 2), ()), ((5, 3), ((6, 6),)), ((3, 5), ((6, 6),)), ((2, 6), ((6, 6),)), ((1, 3), ((1, 6),)), ((3, 5), ((1, 6),)), ((4, 6), ((1, 6),)), ((3, 3), ()), ((1, 1), ((1, 1),)), ((4, 3), ((6, 6),)), ((2, 5), ((6, 6),)), ((1, 6), ((1, 6), (6, 6))), ((1, 2), ((1, 6),)), ((4, 5), ((1, 6),)), ((5, 6), ((1, 6),)), ((3, 2), ()), ((1, 2), ((1, 1),)), ((3, 3), ((6, 6),)), ((1, 5), ((6, 6),)), ((1, 5), ((1, 6), (6, 6))), ((2, 6), ((1, 6), (6, 6))), ((1, 1), ((1, 1), (1, 6))), ((5, 5), ((1, 6),)), ((6, 6), ((1, 6), (6, 6))), ((3, 1), ()), ((1, 3), ((1, 1),)), ((3, 2), ((6, 6),)), ((1, 4), ((6, 6),)), ((1, 4), ((1, 6), (6, 6))), ((2, 5), ((1, 6), (6, 6))), ((3, 6), ((1, 6), (6, 6))), ((1, 2), ((1, 1), (1, 6))), ((6, 5), ((1, 6),)), ((6, 5), ((1, 6), (6, 6))), ((5, 6), ((1, 6), (6, 6))), ((4, 1), ()), ((1, 4), ((1, 1),)), ((3, 1), ((6, 6),)), ((1, 3), ((6, 6),)), ((1, 3), ((1, 6), (6, 6))), ((3, 5), ((1, 6), (6, 6))), ((4, 6), ((1, 6), (6, 6))), ((1, 3), ((1, 1), (1, 6))), ((6, 4), ((1, 6),)), ((6, 4), ((1, 6), (6, 6))), ((5, 5), ((1, 6), (6, 6))), ((5, 1), ()), ((1, 5), ((1, 1),)), ((4, 1), ((6, 6),)), ((1, 2), ((6, 6),)), ((1, 2), ((1, 6), (6, 6))), ((4, 5), ((1, 6), (6, 6))), ((1, 4), ((1, 1), (1, 6))), ((6, 3), ((1, 6),)), ((6, 3), ((1, 6), (6, 6))), ((6, 1), ((6, 1),)), ((1, 6), ((1, 1), (1, 6))), ((2, 5), ((1, 1),)), ((5, 1), ((6, 6),)), ((1, 1), ((1, 1), (6, 6))), ((1, 1), ((1, 1), (1, 6), (6, 6))), ((1, 5), ((1, 1), (1, 6))), ((5, 3), ((1, 6),)), ((5, 3), ((1, 6), (6, 6))), ((5, 1), ((6, 1),)), ((2, 6), ((1, 1), (1, 6))), ((2, 6), ((1, 1),)), ((3, 5), ((1, 1),)), ((6, 1), ((6, 1), (6, 6))), ((1, 2), ((1, 1), (6, 6))), ((1, 2), ((1, 1), (1, 6), (6, 6))), ((2, 5), ((1, 1), (1, 6))), ((4, 3), ((1, 6),)), ((4, 3), ((1, 6), (6, 6))), ((4, 1), ((6, 1),)), ((3, 6), ((1, 1), (1, 6))), ((3, 6), ((1, 1),)), ((4, 5), ((1, 1),)), ((5, 1), ((6, 1), (6, 6))), ((1, 3), ((1, 1), (6, 6))), ((1, 3), ((1, 1), (1, 6), (6, 6))), ((3, 5), ((1, 1), (1, 6))), ((3, 3), ((1, 6),)), ((3, 3), ((1, 6), (6, 6))), ((3, 1), ((6, 1),)), ((4, 6), ((1, 1), (1, 6))), ((4, 6), ((1, 1),)), ((5, 5), ((1, 1),)), ((4, 1), ((6, 1), (6, 6))), ((1, 4), ((1, 1), (6, 6))), ((1, 4), ((1, 1), (1, 6), (6, 6))), ((4, 5), ((1, 1), (1, 6))), ((3, 2), ((1, 6),)), ((3, 2), ((1, 6), (6, 6))), ((3, 2), ((6, 1),)), ((5, 6), ((1, 1), (1, 6))), ((5, 6), ((1, 1),)), ((6, 5), ((1, 1),)), ((3, 1), ((6, 1), (6, 6))), ((1, 5), ((1, 1), (6, 6))), ((1, 5), ((1, 1), (1, 6), (6, 6))), ((5, 5), ((1, 1), (1, 6))), ((3, 1), ((1, 6),)), ((3, 1), ((1, 6), (6, 6))), ((3, 3), ((6, 1),)), ((6, 6), ((1, 1), (1, 6), (6, 6))), ((6, 6), ((1, 1), (6, 6))), ((6, 4), ((1, 1),)), ((3, 2), ((6, 1), (6, 6))), ((1, 6), ((1, 1), (1, 6), (6, 6))), ((2, 5), ((1, 1), (6, 6))), ((2, 5), ((1, 1), (1, 6), (6, 6))), ((6, 5), ((1, 1), (1, 6))), ((4, 1), ((1, 6),)), ((4, 1), ((1, 6), (6, 6))), ((4, 3), ((6, 1),)), ((6, 5), ((1, 1), (1, 6), (6, 6))), ((5, 6), ((1, 1), (1, 6), (6, 6))), ((6, 5), ((1, 1), (6, 6))), ((5, 6), ((1, 1), (6, 6))), ((6, 3), ((1, 1),)), ((3, 3), ((6, 1), (6, 6))), ((2, 6), ((1, 1), (1, 6), (6, 6))), ((2, 6), ((1, 1), (6, 6)))]",19,0,19
157,"((3, 5), ((1, 1), (1, 6), (6, 6)))","((2, 5), ((1, 1), (1, 6), (6, 6)))",East,"[((4, 5), ((1, 1), (1, 6), (6, 6))) via East]","[((3, 5), ((1, 1), (1, 6), (6, 6))), ((6, 4), ((1, 1), (1, 6))), ((5, 1), ((1, 6),)), ((5, 1), ((1, 6), (6, 6))), ((5, 3), ((6, 1),)), ((6, 4), ((1, 1), (1, 6), (6, 6))), ((5, 5), ((1, 1), (1, 6), (6, 6))), ((4, 6), ((1, 1), (1, 6), (6, 6))), ((6, 4), ((1, 1), (6, 6))), ((5, 5), ((1, 1), (6, 6))), ((4, 6), ((1, 1), (6, 6))), ((5, 3), ((1, 1),)), ((4, 3), ((6, 1), (6, 6))), ((3, 6), ((1, 1), (1, 6), (6, 6))), ((3, 6), ((1, 1), (6, 6))), ((4, 5), ((1, 1), (6, 6)))]","[((6, 4), ((1, 1), (1, 6))), ((5, 1), ((1, 6),)), ((5, 1), ((1, 6), (6, 6))), ((5, 3), ((6, 1),)), ((6, 4), ((1, 1), (1, 6), (6, 6))), ((5, 5), ((1, 1), (1, 6), (6, 6))), ((4, 6), ((1, 1), (1, 6), (6, 6))), ((6, 4), ((1, 1), (6, 6))), ((5, 5), ((1, 1), (6, 6))), ((4, 6), ((1, 1), (6, 6))), ((5, 3), ((1, 1),)), ((4, 3), ((6, 1), (6, 6))), ((3, 6), ((1, 1), (1, 6), (6, 6))), ((3, 6), ((1, 1), (6, 6))), ((4, 5), ((1, 1), (6, 6))), ((4, 5), ((1, 1), (1, 6), (6, 6)))]","[((4, 5), ()), ((4, 6), ()), ((5, 5), ()), ((3, 5), ()), ((5, 6), ()), ((3, 6), ()), ((6, 5), ()), ((2, 5), ()), ((6, 6), ((6, 6),)), ((2, 6), ()), ((6, 4), ()), ((1, 5), ()), ((6, 5), ((6, 6),)), ((5, 6), ((6, 6),)), ((1, 6), ((1, 6),)), ((6, 3), ()), ((1, 4), ()), ((6, 4), ((6, 6),)), ((5, 5), ((6, 6),)), ((4, 6), ((6, 6),)), ((1, 5), ((1, 6),)), ((2, 6), ((1, 6),)), ((5, 3), ()), ((1, 3), ()), ((6, 3), ((6, 6),)), ((4, 5), ((6, 6),)), ((3, 6), ((6, 6),)), ((1, 4), ((1, 6),)), ((2, 5), ((1, 6),)), ((3, 6), ((1, 6),)), ((4, 3), ()), ((1, 2), ()), ((5, 3), ((6, 6),)), ((3, 5), ((6, 6),)), ((2, 6), ((6, 6),)), ((1, 3), ((1, 6),)), ((3, 5), ((1, 6),)), ((4, 6), ((1, 6),)), ((3, 3), ()), ((1, 1), ((1, 1),)), ((4, 3), ((6, 6),)), ((2, 5), ((6, 6),)), ((1, 6), ((1, 6), (6, 6))), ((1, 2), ((1, 6),)), ((4, 5), ((1, 6),)), ((5, 6), ((1, 6),)), ((3, 2), ()), ((1, 2), ((1, 1),)), ((3, 3), ((6, 6),)), ((1, 5), ((6, 6),)), ((1, 5), ((1, 6), (6, 6))), ((2, 6), ((1, 6), (6, 6))), ((1, 1), ((1, 1), (1, 6))), ((5, 5), ((1, 6),)), ((6, 6), ((1, 6), (6, 6))), ((3, 1), ()), ((1, 3), ((1, 1),)), ((3, 2), ((6, 6),)), ((1, 4), ((6, 6),)), ((1, 4), ((1, 6), (6, 6))), ((2, 5), ((1, 6), (6, 6))), ((3, 6), ((1, 6), (6, 6))), ((1, 2), ((1, 1), (1, 6))), ((6, 5), ((1, 6),)), ((6, 5), ((1, 6), (6, 6))), ((5, 6), ((1, 6), (6, 6))), ((4, 1), ()), ((1, 4), ((1, 1),)), ((3, 1), ((6, 6),)), ((1, 3), ((6, 6),)), ((1, 3), ((1, 6), (6, 6))), ((3, 5), ((1, 6), (6, 6))), ((4, 6), ((1, 6), (6, 6))), ((1, 3), ((1, 1), (1, 6))), ((6, 4), ((1, 6),)), ((6, 4), ((1, 6), (6, 6))), ((5, 5), ((1, 6), (6, 6))), ((5, 1), ()), ((1, 5), ((1, 1),)), ((4, 1), ((6, 6),)), ((1, 2), ((6, 6),)), ((1, 2), ((1, 6), (6, 6))), ((4, 5), ((1, 6), (6, 6))), ((1, 4), ((1, 1), (1, 6))), ((6, 3), ((1, 6),)), ((6, 3), ((1, 6), (6, 6))), ((6, 1), ((6, 1),)), ((1, 6), ((1, 1), (1, 6))), ((2, 5), ((1, 1),)), ((5, 1), ((6, 6),)), ((1, 1), ((1, 1), (6, 6))), ((1, 1), ((1, 1), (1, 6), (6, 6))), ((1, 5), ((1, 1), (1, 6))), ((5, 3), ((1, 6),)), ((5, 3), ((1, 6), (6, 6))), ((5, 1), ((6, 1),)), ((2, 6), ((1, 1), (1, 6))), ((2, 6), ((1, 1),)), ((3, 5), ((1, 1),)), ((6, 1), ((6, 1), (6, 6))), ((1, 2), ((1, 1), (6, 6))), ((1, 2), ((1, 1), (1, 6), (6, 6))), ((2, 5), ((1, 1), (1, 6))), ((4, 3), ((1, 6),)), ((4, 3), ((1, 6), (6, 6))), ((4, 1), ((6, 1),)), ((3, 6), ((1, 1), (1, 6))), ((3, 6), ((1, 1),)), ((4, 5), ((1, 1),)), ((5, 1), ((6, 1), (6, 6))), ((1, 3), ((1, 1), (6, 6))), ((1, 3), ((1, 1), (1, 6), (6, 6))), ((3, 5), ((1, 1), (1, 6))), ((3, 3), ((1, 6),)), ((3, 3), ((1, 6), (6, 6))), ((3, 1), ((6, 1),)), ((4, 6), ((1, 1), (1, 6))), ((4, 6), ((1, 1),)), ((5, 5), ((1, 1),)), ((4, 1), ((6, 1), (6, 6))), ((1, 4), ((1, 1), (6, 6))), ((1, 4), ((1, 1), (1, 6), (6, 6))), ((4, 5), ((1, 1), (1, 6))), ((3, 2), ((1, 6),)), ((3, 2), ((1, 6), (6, 6))), ((3, 2), ((6, 1),)), ((5, 6), ((1, 1), (1, 6))), ((5, 6), ((1, 1),)), ((6, 5), ((1, 1),)), ((3, 1), ((6, 1), (6, 6))), ((1, 5), ((1, 1), (6, 6))), ((1, 5), ((1, 1), (1, 6), (6, 6))), ((5, 5), ((1, 1), (1, 6))), ((3, 1), ((1, 6),)), ((3, 1), ((1, 6), (6, 6))), ((3, 3), ((6, 1),)), ((6, 6), ((1, 1), (1, 6), (6, 6))), ((6, 6), ((1, 1), (6, 6))), ((6, 4), ((1, 1),)), ((3, 2), ((6, 1), (6, 6))), ((1, 6), ((1, 1), (1, 6), (6, 6))), ((2, 5), ((1, 1), (6, 6))), ((2, 5), ((1, 1), (1, 6), (6, 6))), ((6, 5), ((1, 1), (1, 6))), ((4, 1), ((1, 6),)), ((4, 1), ((1, 6), (6, 6))), ((4, 3), ((6, 1),)), ((6, 5), ((1, 1), (1, 6), (6, 6))), ((5, 6), ((1, 1), (1, 6), (6, 6))), ((6, 5), ((1, 1), (6, 6))), ((5, 6), ((1, 1), (6, 6))), ((6, 3), ((1, 1),)), ((3, 3), ((6, 1), (6, 6))), ((2, 6), ((1, 1), (1, 6), (6, 6))), ((2, 6), ((1, 1), (6, 6))), ((3, 5), ((1, 1), (6, 6)))]",19,0,19
158,"((6, 4), ((1, 1), (1, 6)))","((6, 5), ((1, 1), (1, 6)))",South,"[((6, 3), ((1, 1), (1, 6))) via South]","[((6, 4), ((1, 1), (1, 6))), ((5, 1), ((1, 6),)), ((5, 1), ((1, 6), (6, 6))), ((5, 3), ((6, 1),)), ((6, 4), ((1, 1), (1, 6), (6, 6))), ((5, 5), ((1, 1), (1, 6), (6, 6))), ((4, 6), ((1, 1), (1, 6), (6, 6))), ((6, 4), ((1, 1), (6, 6))), ((5, 5), ((1, 1), (6, 6))), ((4, 6), ((1, 1), (6, 6))), ((5, 3), ((1, 1),)), ((4, 3), ((6, 1), (6, 6))), ((3, 6), ((1, 1), (1, 6), (6, 6))), ((3, 6), ((1, 1), (6, 6))), ((4, 5), ((1, 1), (6, 6))), ((4, 5), ((1, 1), (1, 6), (6, 6)))]","[((5, 1), ((1, 6),)), ((5, 1), ((1, 6), (6, 6))), ((5, 3), ((6, 1),)), ((6, 4), ((1, 1), (1, 6), (6, 6))), ((5, 5), ((1, 1), (1, 6), (6, 6))), ((4, 6), ((1, 1), (1, 6), (6, 6))), ((6, 4), ((1, 1), (6, 6))), ((5, 5), ((1, 1), (6, 6))), ((4, 6), ((1, 1), (6, 6))), ((5, 3), ((1, 1),)), ((4, 3), ((6, 1), (6, 6))), ((3, 6), ((1, 1), (1, 6), (6, 6))), ((3, 6), ((1, 1), (6, 6))), ((4, 5), ((1, 1), (6, 6))), ((4, 5), ((1, 1), (1, 6), (6, 6))), ((6, 3), ((1, 1), (1, 6)))]","[((4, 5), ()), ((4, 6), ()), ((5, 5), ()), ((3, 5), ()), ((5, 6), ()), ((3, 6), ()), ((6, 5), ()), ((2, 5), ()), ((6, 6), ((6, 6),)), ((2, 6), ()), ((6, 4), ()), ((1, 5), ()), ((6, 5), ((6, 6),)), ((5, 6), ((6, 6),)), ((1, 6), ((1, 6),)), ((6, 3), ()), ((1, 4), ()), ((6, 4), ((6, 6),)), ((5, 5), ((6, 6),)), ((4, 6), ((6, 6),)), ((1, 5), ((1, 6),)), ((2, 6), ((1, 6),)), ((5, 3), ()), ((1, 3), ()), ((6, 3), ((6, 6),)), ((4, 5), ((6, 6),)), ((3, 6), ((6, 6),)), ((1, 4), ((1, 6),)), ((2, 5), ((1, 6),)), ((3, 6), ((1, 6),)), ((4, 3), ()), ((1, 2), ()), ((5, 3), ((6, 6),)), ((3, 5), ((6, 6),)), ((2, 6), ((6, 6),)), ((1, 3), ((1, 6),)), ((3, 5), ((1, 6),)), ((4, 6), ((1, 6),)), ((3, 3), ()), ((1, 1), ((1, 1),)), ((4, 3), ((6, 6),)), ((2, 5), ((6, 6),)), ((1, 6), ((1, 6), (6, 6))), ((1, 2), ((1, 6),)), ((4, 5), ((1, 6),)), ((5, 6), ((1, 6),)), ((3, 2), ()), ((1, 2), ((1, 1),)), ((3, 3), ((6, 6),)), ((1, 5), ((6, 6),)), ((1, 5), ((1, 6), (6, 6))), ((2, 6), ((1, 6), (6, 6))), ((1, 1), ((1, 1), (1, 6))), ((5, 5), ((1, 6),)), ((6, 6), ((1, 6), (6, 6))), ((3, 1), ()), ((1, 3), ((1, 1),)), ((3, 2), ((6, 6),)), ((1, 4), ((6, 6),)), ((1, 4), ((1, 6), (6, 6))), ((2, 5), ((1, 6), (6, 6))), ((3, 6), ((1, 6), (6, 6))), ((1, 2), ((1, 1), (1, 6))), ((6, 5), ((1, 6),)), ((6, 5), ((1, 6), (6, 6))), ((5, 6), ((1, 6), (6, 6))), ((4, 1), ()), ((1, 4), ((1, 1),)), ((3, 1), ((6, 6),)), ((1, 3), ((6, 6),)), ((1, 3), ((1, 6), (6, 6))), ((3, 5), ((1, 6), (6, 6))), ((4, 6), ((1, 6), (6, 6))), ((1, 3), ((1, 1), (1, 6))), ((6, 4), ((1, 6),)), ((6, 4), ((1, 6), (6, 6))), ((5, 5), ((1, 6), (6, 6))), ((5, 1), ()), ((1, 5), ((1, 1),)), ((4, 1), ((6, 6),)), ((1, 2), ((6, 6),)), ((1, 2), ((1, 6), (6, 6))), ((4, 5), ((1, 6), (6, 6))), ((1, 4), ((1, 1), (1, 6))), ((6, 3), ((1, 6),)), ((6, 3), ((1, 6), (6, 6))), ((6, 1), ((6, 1),)), ((1, 6), ((1, 1), (1, 6))), ((2, 5), ((1, 1),)), ((5, 1), ((6, 6),)), ((1, 1), ((1, 1), (6, 6))), ((1, 1), ((1, 1), (1, 6), (6, 6))), ((1, 5), ((1, 1), (1, 6))), ((5, 3), ((1, 6),)), ((5, 3), ((1, 6), (6, 6))), ((5, 1), ((6, 1),)), ((2, 6), ((1, 1), (1, 6))), ((2, 6), ((1, 1),)), ((3, 5), ((1, 1),)), ((6, 1), ((6, 1), (6, 6))), ((1, 2), ((1, 1), (6, 6))), ((1, 2), ((1, 1), (1, 6), (6, 6))), ((2, 5), ((1, 1), (1, 6))), ((4, 3), ((1, 6),)), ((4, 3), ((1, 6), (6, 6))), ((4, 1), ((6, 1),)), ((3, 6), ((1, 1), (1, 6))), ((3, 6), ((1, 1),)), ((4, 5), ((1, 1),)), ((5, 1), ((6, 1), (6, 6))), ((1, 3), ((1, 1), (6, 6))), ((1, 3), ((1, 1), (1, 6), (6, 6))), ((3, 5), ((1, 1), (1, 6))), ((3, 3), ((1, 6),)), ((3, 3), ((1, 6), (6, 6))), ((3, 1), ((6, 1),)), ((4, 6), ((1, 1), (1, 6))), ((4, 6), ((1, 1),)), ((5, 5), ((1, 1),)), ((4, 1), ((6, 1), (6, 6))), ((1, 4), ((1, 1), (6, 6))), ((1, 4), ((1, 1), (1, 6), (6, 6))), ((4, 5), ((1, 1), (1, 6))), ((3, 2), ((1, 6),)), ((3, 2), ((1, 6), (6, 6))), ((3, 2), ((6, 1),)), ((5, 6), ((1, 1), (1, 6))), ((5, 6), ((1, 1),)), ((6, 5), ((1, 1),)), ((3, 1), ((6, 1), (6, 6))), ((1, 5), ((1, 1), (6, 6))), ((1, 5), ((1, 1), (1, 6), (6, 6))), ((5, 5), ((1, 1), (1, 6))), ((3, 1), ((1, 6),)), ((3, 1), ((1, 6), (6, 6))), ((3, 3), ((6, 1),)), ((6, 6), ((1, 1), (1, 6), (6, 6))), ((6, 6), ((1, 1), (6, 6))), ((6, 4), ((1, 1),)), ((3, 2), ((6, 1), (6, 6))), ((1, 6), ((1, 1), (1, 6), (6, 6))), ((2, 5), ((1, 1), (6, 6))), ((2, 5), ((1, 1), (1, 6), (6, 6))), ((6, 5), ((1, 1), (1, 6))), ((4, 1), ((1, 6),)), ((4, 1), ((1, 6), (6, 6))), ((4, 3), ((6, 1),)), ((6, 5), ((1, 1), (1, 6), (6, 6))), ((5, 6), ((1, 1), (1, 6), (6, 6))), ((6, 5), ((1, 1), (6, 6))), ((5, 6), ((1, 1), (6, 6))), ((6, 3), ((1, 1),)), ((3, 3), ((6, 1), (6, 6))), ((2, 6), ((1, 1), (1, 6), (6, 6))), ((2, 6), ((1, 1), (6, 6))), ((3, 5), ((1, 1), (6, 6))), ((3, 5), ((1, 1), (1, 6), (6, 6)))]",19,0,19
159,"((5, 1), ((1, 6),))","((4, 1), ((1, 6),))",East,"[((6, 1), ((1, 6), (6, 1))) via East]","[((5, 1), ((1, 6),)), ((5, 1), ((1, 6), (6, 6))), ((5, 3), ((6, 1),)), ((6, 4), ((1, 1), (1, 6), (6, 6))), ((5, 5), ((1, 1), (1, 6), (6, 6))), ((4, 6), ((1, 1), (1, 6), (6, 6))), ((6, 4), ((1, 1), (6, 6))), ((5, 5), ((1, 1), (6, 6))), ((4, 6), ((1, 1), (6, 6))), ((5, 3), ((1, 1),)), ((4, 3), ((6, 1), (6, 6))), ((3, 6), ((1, 1), (1, 6), (6, 6))), ((3, 6), ((1, 1), (6, 6))), ((4, 5), ((1, 1), (6, 6))), ((4, 5), ((1, 1), (1, 6), (6, 6))), ((6, 3), ((1, 1), (1, 6)))]","[((5, 1), ((1, 6), (6, 6))), ((5, 3), ((6, 1),)), ((6, 4), ((1, 1), (1, 6), (6, 6))), ((5, 5), ((1, 1), (1, 6), (6, 6))), ((4, 6), ((1, 1), (1, 6), (6, 6))), ((6, 4), ((1, 1), (6, 6))), ((5, 5), ((1, 1), (6, 6))), ((4, 6), ((1, 1), (6, 6))), ((5, 3), ((1, 1),)), ((4, 3), ((6, 1), (6, 6))), ((3, 6), ((1, 1), (1, 6), (6, 6))), ((3, 6), ((1, 1), (6, 6))), ((4, 5), ((1, 1), (6, 6))), ((4, 5), ((1, 1), (1, 6), (6, 6))), ((6, 3), ((1, 1), (1, 6))), ((6, 1), ((1, 6), (6, 1)))]","[((4, 5), ()), ((4, 6), ()), ((5, 5), ()), ((3, 5), ()), ((5, 6), ()), ((3, 6), ()), ((6, 5), ()), ((2, 5), ()), ((6, 6), ((6, 6),)), ((2, 6), ()), ((6, 4), ()), ((1, 5), ()), ((6, 5), ((6, 6),)), ((5, 6), ((6, 6),)), ((1, 6), ((1, 6),)), ((6, 3), ()), ((1, 4), ()), ((6, 4), ((6, 6),)), ((5, 5), ((6, 6),)), ((4, 6), ((6, 6),)), ((1, 5), ((1, 6),)), ((2, 6), ((1, 6),)), ((5, 3), ()), ((1, 3), ()), ((6, 3), ((6, 6),)), ((4, 5), ((6, 6),)), ((3, 6), ((6, 6),)), ((1, 4), ((1, 6),)), ((2, 5), ((1, 6),)), ((3, 6), ((1, 6),)), ((4, 3), ()), ((1, 2), ()), ((5, 3), ((6, 6),)), ((3, 5), ((6, 6),)), ((2, 6), ((6, 6),)), ((1, 3), ((1, 6),)), ((3, 5), ((1, 6),)), ((4, 6), ((1, 6),)), ((3, 3), ()), ((1, 1), ((1, 1),)), ((4, 3), ((6, 6),)), ((2, 5), ((6, 6),)), ((1, 6), ((1, 6), (6, 6))), ((1, 2), ((1, 6),)), ((4, 5), ((1, 6),)), ((5, 6), ((1, 6),)), ((3, 2), ()), ((1, 2), ((1, 1),)), ((3, 3), ((6, 6),)), ((1, 5), ((6, 6),)), ((1, 5), ((1, 6), (6, 6))), ((2, 6), ((1, 6), (6, 6))), ((1, 1), ((1, 1), (1, 6))), ((5, 5), ((1, 6),)), ((6, 6), ((1, 6), (6, 6))), ((3, 1), ()), ((1, 3), ((1, 1),)), ((3, 2), ((6, 6),)), ((1, 4), ((6, 6),)), ((1, 4), ((1, 6), (6, 6))), ((2, 5), ((1, 6), (6, 6))), ((3, 6), ((1, 6), (6, 6))), ((1, 2), ((1, 1), (1, 6))), ((6, 5), ((1, 6),)), ((6, 5), ((1, 6), (6, 6))), ((5, 6), ((1, 6), (6, 6))), ((4, 1), ()), ((1, 4), ((1, 1),)), ((3, 1), ((6, 6),)), ((1, 3), ((6, 6),)), ((1, 3), ((1, 6), (6, 6))), ((3, 5), ((1, 6), (6, 6))), ((4, 6), ((1, 6), (6, 6))), ((1, 3), ((1, 1), (1, 6))), ((6, 4), ((1, 6),)), ((6, 4), ((1, 6), (6, 6))), ((5, 5), ((1, 6), (6, 6))), ((5, 1), ()), ((1, 5), ((1, 1),)), ((4, 1), ((6, 6),)), ((1, 2), ((6, 6),)), ((1, 2), ((1, 6), (6, 6))), ((4, 5), ((1, 6), (6, 6))), ((1, 4), ((1, 1), (1, 6))), ((6, 3), ((1, 6),)), ((6, 3), ((1, 6), (6, 6))), ((6, 1), ((6, 1),)), ((1, 6), ((1, 1), (1, 6))), ((2, 5), ((1, 1),)), ((5, 1), ((6, 6),)), ((1, 1), ((1, 1), (6, 6))), ((1, 1), ((1, 1), (1, 6), (6, 6))), ((1, 5), ((1, 1), (1, 6))), ((5, 3), ((1, 6),)), ((5, 3), ((1, 6), (6, 6))), ((5, 1), ((6, 1),)), ((2, 6), ((1, 1), (1, 6))), ((2, 6), ((1, 1),)), ((3, 5), ((1, 1),)), ((6, 1), ((6, 1), (6, 6))), ((1, 2), ((1, 1), (6, 6))), ((1, 2), ((1, 1), (1, 6), (6, 6))), ((2, 5), ((1, 1), (1, 6))), ((4, 3), ((1, 6),)), ((4, 3), ((1, 6), (6, 6))), ((4, 1), ((6, 1),)), ((3, 6), ((1, 1), (1, 6))), ((3, 6), ((1, 1),)), ((4, 5), ((1, 1),)), ((5, 1), ((6, 1), (6, 6))), ((1, 3), ((1, 1), (6, 6))), ((1, 3), ((1, 1), (1, 6), (6, 6))), ((3, 5), ((1, 1), (1, 6))), ((3, 3), ((1, 6),)), ((3, 3), ((1, 6), (6, 6))), ((3, 1), ((6, 1),)), ((4, 6), ((1, 1), (1, 6))), ((4, 6), ((1, 1),)), ((5, 5), ((1, 1),)), ((4, 1), ((6, 1), (6, 6))), ((1, 4), ((1, 1), (6, 6))), ((1, 4), ((1, 1), (1, 6), (6, 6))), ((4, 5), ((1, 1), (1, 6))), ((3, 2), ((1, 6),)), ((3, 2), ((1, 6), (6, 6))), ((3, 2), ((6, 1),)), ((5, 6), ((1, 1), (1, 6))), ((5, 6), ((1, 1),)), ((6, 5), ((1, 1),)), ((3, 1), ((6, 1), (6, 6))), ((1, 5), ((1, 1), (6, 6))), ((1, 5), ((1, 1), (1, 6), (6, 6))), ((5, 5), ((1, 1), (1, 6))), ((3, 1), ((1, 6),)), ((3, 1), ((1, 6), (6, 6))), ((3, 3), ((6, 1),)), ((6, 6), ((1, 1), (1, 6), (6, 6))), ((6, 6), ((1, 1), (6, 6))), ((6, 4), ((1, 1),)), ((3, 2), ((6, 1), (6, 6))), ((1, 6), ((1, 1), (1, 6), (6, 6))), ((2, 5), ((1, 1), (6, 6))), ((2, 5), ((1, 1), (1, 6), (6, 6))), ((6, 5), ((1, 1), (1, 6))), ((4, 1), ((1, 6),)), ((4, 1), ((1, 6), (6, 6))), ((4, 3), ((6, 1),)), ((6, 5), ((1, 1), (1, 6), (6, 6))), ((5, 6), ((1, 1), (1, 6), (6, 6))), ((6, 5), ((1, 1), (6, 6))), ((5, 6), ((1, 1), (6, 6))), ((6, 3), ((1, 1),)), ((3, 3), ((6, 1), (6, 6))), ((2, 6), ((1, 1), (1, 6), (6, 6))), ((2, 6), ((1, 1), (6, 6))), ((3, 5), ((1, 1), (6, 6))), ((3, 5), ((1, 1), (1, 6), (6, 6))), ((6, 4), ((1, 1), (1, 6)))]",19,0,19
160,"((5, 1), ((1, 6), (6, 6)))","((4, 1), ((1, 6), (6, 6)))",East,"[((6, 1), ((1, 6), (6, 1), (6, 6))) via East]","[((5, 1), ((1, 6), (6, 6))), ((5, 3), ((6, 1),)), ((6, 4), ((1, 1), (1, 6), (6, 6))), ((5, 5), ((1, 1), (1, 6), (6, 6))), ((4, 6), ((1, 1), (1, 6), (6, 6))), ((6, 4), ((1, 1), (6, 6))), ((5, 5), ((1, 1), (6, 6))), ((4, 6), ((1, 1), (6, 6))), ((5, 3), ((1, 1),)), ((4, 3), ((6, 1), (6, 6))), ((3, 6), ((1, 1), (1, 6), (6, 6))), ((3, 6), ((1, 1), (6, 6))), ((4, 5), ((1, 1), (6, 6))), ((4, 5), ((1, 1), (1, 6), (6, 6))), ((6, 3), ((1, 1), (1, 6))), ((6, 1), ((1, 6), (6, 1)))]","[((5, 3), ((6, 1),)), ((6, 4), ((1, 1), (1, 6), (6, 6))), ((5, 5), ((1, 1), (1, 6), (6, 6))), ((4, 6), ((1, 1), (1, 6), (6, 6))), ((6, 4), ((1, 1), (6, 6))), ((5, 5), ((1, 1), (6, 6))), ((4, 6), ((1, 1), (6, 6))), ((5, 3), ((1, 1),)), ((4, 3), ((6, 1), (6, 6))), ((3, 6), ((1, 1), (1, 6), (6, 6))), ((3, 6), ((1, 1), (6, 6))), ((4, 5), ((1, 1), (6, 6))), ((4, 5), ((1, 1), (1, 6), (6, 6))), ((6, 3), ((1, 1), (1, 6))), ((6, 1), ((1, 6), (6, 1))), ((6, 1), ((1, 6), (6, 1), (6, 6)))]","[((4, 5), ()), ((4, 6), ()), ((5, 5), ()), ((3, 5), ()), ((5, 6), ()), ((3, 6), ()), ((6, 5), ()), ((2, 5), ()), ((6, 6), ((6, 6),)), ((2, 6), ()), ((6, 4), ()), ((1, 5), ()), ((6, 5), ((6, 6),)), ((5, 6), ((6, 6),)), ((1, 6), ((1, 6),)), ((6, 3), ()), ((1, 4), ()), ((6, 4), ((6, 6),)), ((5, 5), ((6, 6),)), ((4, 6), ((6, 6),)), ((1, 5), ((1, 6),)), ((2, 6), ((1, 6),)), ((5, 3), ()), ((1, 3), ()), ((6, 3), ((6, 6),)), ((4, 5), ((6, 6),)), ((3, 6), ((6, 6),)), ((1, 4), ((1, 6),)), ((2, 5), ((1, 6),)), ((3, 6), ((1, 6),)), ((4, 3), ()), ((1, 2), ()), ((5, 3), ((6, 6),)), ((3, 5), ((6, 6),)), ((2, 6), ((6, 6),)), ((1, 3), ((1, 6),)), ((3, 5), ((1, 6),)), ((4, 6), ((1, 6),)), ((3, 3), ()), ((1, 1), ((1, 1),)), ((4, 3), ((6, 6),)), ((2, 5), ((6, 6),)), ((1, 6), ((1, 6), (6, 6))), ((1, 2), ((1, 6),)), ((4, 5), ((1, 6),)), ((5, 6), ((1, 6),)), ((3, 2), ()), ((1, 2), ((1, 1),)), ((3, 3), ((6, 6),)), ((1, 5), ((6, 6),)), ((1, 5), ((1, 6), (6, 6))), ((2, 6), ((1, 6), (6, 6))), ((1, 1), ((1, 1), (1, 6))), ((5, 5), ((1, 6),)), ((6, 6), ((1, 6), (6, 6))), ((3, 1), ()), ((1, 3), ((1, 1),)), ((3, 2), ((6, 6),)), ((1, 4), ((6, 6),)), ((1, 4), ((1, 6), (6, 6))), ((2, 5), ((1, 6), (6, 6))), ((3, 6), ((1, 6), (6, 6))), ((1, 2), ((1, 1), (1, 6))), ((6, 5), ((1, 6),)), ((6, 5), ((1, 6), (6, 6))), ((5, 6), ((1, 6), (6, 6))), ((4, 1), ()), ((1, 4), ((1, 1),)), ((3, 1), ((6, 6),)), ((1, 3), ((6, 6),)), ((1, 3), ((1, 6), (6, 6))), ((3, 5), ((1, 6), (6, 6))), ((4, 6), ((1, 6), (6, 6))), ((1, 3), ((1, 1), (1, 6))), ((6, 4), ((1, 6),)), ((6, 4), ((1, 6), (6, 6))), ((5, 5), ((1, 6), (6, 6))), ((5, 1), ()), ((1, 5), ((1, 1),)), ((4, 1), ((6, 6),)), ((1, 2), ((6, 6),)), ((1, 2), ((1, 6), (6, 6))), ((4, 5), ((1, 6), (6, 6))), ((1, 4), ((1, 1), (1, 6))), ((6, 3), ((1, 6),)), ((6, 3), ((1, 6), (6, 6))), ((6, 1), ((6, 1),)), ((1, 6), ((1, 1), (1, 6))), ((2, 5), ((1, 1),)), ((5, 1), ((6, 6),)), ((1, 1), ((1, 1), (6, 6))), ((1, 1), ((1, 1), (1, 6), (6, 6))), ((1, 5), ((1, 1), (1, 6))), ((5, 3), ((1, 6),)), ((5, 3), ((1, 6), (6, 6))), ((5, 1), ((6, 1),)), ((2, 6), ((1, 1), (1, 6))), ((2, 6), ((1, 1),)), ((3, 5), ((1, 1),)), ((6, 1), ((6, 1), (6, 6))), ((1, 2), ((1, 1), (6, 6))), ((1, 2), ((1, 1), (1, 6), (6, 6))), ((2, 5), ((1, 1), (1, 6))), ((4, 3), ((1, 6),)), ((4, 3), ((1, 6), (6, 6))), ((4, 1), ((6, 1),)), ((3, 6), ((1, 1), (1, 6))), ((3, 6), ((1, 1),)), ((4, 5), ((1, 1),)), ((5, 1), ((6, 1), (6, 6))), ((1, 3), ((1, 1), (6, 6))), ((1, 3), ((1, 1), (1, 6), (6, 6))), ((3, 5), ((1, 1), (1, 6))), ((3, 3), ((1, 6),)), ((3, 3), ((1, 6), (6, 6))), ((3, 1), ((6, 1),)), ((4, 6), ((1, 1), (1, 6))), ((4, 6), ((1, 1),)), ((5, 5), ((1, 1),)), ((4, 1), ((6, 1), (6, 6))), ((1, 4), ((1, 1), (6, 6))), ((1, 4), ((1, 1), (1, 6), (6, 6))), ((4, 5), ((1, 1), (1, 6))), ((3, 2), ((1, 6),)), ((3, 2), ((1, 6), (6, 6))), ((3, 2), ((6, 1),)), ((5, 6), ((1, 1), (1, 6))), ((5, 6), ((1, 1),)), ((6, 5), ((1, 1),)), ((3, 1), ((6, 1), (6, 6))), ((1, 5), ((1, 1), (6, 6))), ((1, 5), ((1, 1), (1, 6), (6, 6))), ((5, 5), ((1, 1), (1, 6))), ((3, 1), ((1, 6),)), ((3, 1), ((1, 6), (6, 6))), ((3, 3), ((6, 1),)), ((6, 6), ((1, 1), (1, 6), (6, 6))), ((6, 6), ((1, 1), (6, 6))), ((6, 4), ((1, 1),)), ((3, 2), ((6, 1), (6, 6))), ((1, 6), ((1, 1), (1, 6), (6, 6))), ((2, 5), ((1, 1), (6, 6))), ((2, 5), ((1, 1), (1, 6), (6, 6))), ((6, 5), ((1, 1), (1, 6))), ((4, 1), ((1, 6),)), ((4, 1), ((1, 6), (6, 6))), ((4, 3), ((6, 1),)), ((6, 5), ((1, 1), (1, 6), (6, 6))), ((5, 6), ((1, 1), (1, 6), (6, 6))), ((6, 5), ((1, 1), (6, 6))), ((5, 6), ((1, 1), (6, 6))), ((6, 3), ((1, 1),)), ((3, 3), ((6, 1), (6, 6))), ((2, 6), ((1, 1), (1, 6), (6, 6))), ((2, 6), ((1, 1), (6, 6))), ((3, 5), ((1, 1), (6, 6))), ((3, 5), ((1, 1), (1, 6), (6, 6))), ((6, 4), ((1, 1), (1, 6))), ((5, 1), ((1, 6),))]",19,0,19
161,"((5, 3), ((6, 1),))","((4, 3), ((6, 1),))",East,"[((6, 3), ((6, 1),)) via East]","[((5, 3), ((6, 1),)), ((6, 4), ((1, 1), (1, 6), (6, 6))), ((5, 5), ((1, 1), (1, 6), (6, 6))), ((4, 6), ((1, 1), (1, 6), (6, 6))), ((6, 4), ((1, 1), (6, 6))), ((5, 5), ((1, 1), (6, 6))), ((4, 6), ((1, 1), (6, 6))), ((5, 3), ((1, 1),)), ((4, 3), ((6, 1), (6, 6))), ((3, 6), ((1, 1), (1, 6), (6, 6))), ((3, 6), ((1, 1), (6, 6))), ((4, 5), ((1, 1), (6, 6))), ((4, 5), ((1, 1), (1, 6), (6, 6))), ((6, 3), ((1, 1), (1, 6))), ((6, 1), ((1, 6), (6, 1))), ((6, 1), ((1, 6), (6, 1), (6, 6)))]","[((6, 4), ((1, 1), (1, 6), (6, 6))), ((5, 5), ((1, 1), (1, 6), (6, 6))), ((4, 6), ((1, 1), (1, 6), (6, 6))), ((6, 4), ((1, 1), (6, 6))), ((5, 5), ((1, 1), (6, 6))), ((4, 6), ((1, 1), (6, 6))), ((5, 3), ((1, 1),)), ((4, 3), ((6, 1), (6, 6))), ((3, 6), ((1, 1), (1, 6), (6, 6))), ((3, 6), ((1, 1), (6, 6))), ((4, 5), ((1, 1), (6, 6))), ((4, 5), ((1, 1), (1, 6), (6, 6))), ((6, 3), ((1, 1), (1, 6))), ((6, 1), ((1, 6), (6, 1))), ((6, 1), ((1, 6), (6, 1), (6, 6))), ((6, 3), ((6, 1),))]","[((4, 5), ()), ((4, 6), ()), ((5, 5), ()), ((3, 5), ()), ((5, 6), ()), ((3, 6), ()), ((6, 5), ()), ((2, 5), ()), ((6, 6), ((6, 6),)), ((2, 6), ()), ((6, 4), ()), ((1, 5), ()), ((6, 5), ((6, 6),)), ((5, 6), ((6, 6),)), ((1, 6), ((1, 6),)), ((6, 3), ()), ((1, 4), ()), ((6, 4), ((6, 6),)), ((5, 5), ((6, 6),)), ((4, 6), ((6, 6),)), ((1, 5), ((1, 6),)), ((2, 6), ((1, 6),)), ((5, 3), ()), ((1, 3), ()), ((6, 3), ((6, 6),)), ((4, 5), ((6, 6),)), ((3, 6), ((6, 6),)), ((1, 4), ((1, 6),)), ((2, 5), ((1, 6),)), ((3, 6), ((1, 6),)), ((4, 3), ()), ((1, 2), ()), ((5, 3), ((6, 6),)), ((3, 5), ((6, 6),)), ((2, 6), ((6, 6),)), ((1, 3), ((1, 6),)), ((3, 5), ((1, 6),)), ((4, 6), ((1, 6),)), ((3, 3), ()), ((1, 1), ((1, 1),)), ((4, 3), ((6, 6),)), ((2, 5), ((6, 6),)), ((1, 6), ((1, 6), (6, 6))), ((1, 2), ((1, 6),)), ((4, 5), ((1, 6),)), ((5, 6), ((1, 6),)), ((3, 2), ()), ((1, 2), ((1, 1),)), ((3, 3), ((6, 6),)), ((1, 5), ((6, 6),)), ((1, 5), ((1, 6), (6, 6))), ((2, 6), ((1, 6), (6, 6))), ((1, 1), ((1, 1), (1, 6))), ((5, 5), ((1, 6),)), ((6, 6), ((1, 6), (6, 6))), ((3, 1), ()), ((1, 3), ((1, 1),)), ((3, 2), ((6, 6),)), ((1, 4), ((6, 6),)), ((1, 4), ((1, 6), (6, 6))), ((2, 5), ((1, 6), (6, 6))), ((3, 6), ((1, 6), (6, 6))), ((1, 2), ((1, 1), (1, 6))), ((6, 5), ((1, 6),)), ((6, 5), ((1, 6), (6, 6))), ((5, 6), ((1, 6), (6, 6))), ((4, 1), ()), ((1, 4), ((1, 1),)), ((3, 1), ((6, 6),)), ((1, 3), ((6, 6),)), ((1, 3), ((1, 6), (6, 6))), ((3, 5), ((1, 6), (6, 6))), ((4, 6), ((1, 6), (6, 6))), ((1, 3), ((1, 1), (1, 6))), ((6, 4), ((1, 6),)), ((6, 4), ((1, 6), (6, 6))), ((5, 5), ((1, 6), (6, 6))), ((5, 1), ()), ((1, 5), ((1, 1),)), ((4, 1), ((6, 6),)), ((1, 2), ((6, 6),)), ((1, 2), ((1, 6), (6, 6))), ((4, 5), ((1, 6), (6, 6))), ((1, 4), ((1, 1), (1, 6))), ((6, 3), ((1, 6),)), ((6, 3), ((1, 6), (6, 6))), ((6, 1), ((6, 1),)), ((1, 6), ((1, 1), (1, 6))), ((2, 5), ((1, 1),)), ((5, 1), ((6, 6),)), ((1, 1), ((1, 1), (6, 6))), ((1, 1), ((1, 1), (1, 6), (6, 6))), ((1, 5), ((1, 1), (1, 6))), ((5, 3), ((1, 6),)), ((5, 3), ((1, 6), (6, 6))), ((5, 1), ((6, 1),)), ((2, 6), ((1, 1), (1, 6))), ((2, 6), ((1, 1),)), ((3, 5), ((1, 1),)), ((6, 1), ((6, 1), (6, 6))), ((1, 2), ((1, 1), (6, 6))), ((1, 2), ((1, 1), (1, 6), (6, 6))), ((2, 5), ((1, 1), (1, 6))), ((4, 3), ((1, 6),)), ((4, 3), ((1, 6), (6, 6))), ((4, 1), ((6, 1),)), ((3, 6), ((1, 1), (1, 6))), ((3, 6), ((1, 1),)), ((4, 5), ((1, 1),)), ((5, 1), ((6, 1), (6, 6))), ((1, 3), ((1, 1), (6, 6))), ((1, 3), ((1, 1), (1, 6), (6, 6))), ((3, 5), ((1, 1), (1, 6))), ((3, 3), ((1, 6),)), ((3, 3), ((1, 6), (6, 6))), ((3, 1), ((6, 1),)), ((4, 6), ((1, 1), (1, 6))), ((4, 6), ((1, 1),)), ((5, 5), ((1, 1),)), ((4, 1), ((6, 1), (6, 6))), ((1, 4), ((1, 1), (6, 6))), ((1, 4), ((1, 1), (1, 6), (6, 6))), ((4, 5), ((1, 1), (1, 6))), ((3, 2), ((1, 6),)), ((3, 2), ((1, 6), (6, 6))), ((3, 2), ((6, 1),)), ((5, 6), ((1, 1), (1, 6))), ((5, 6), ((1, 1),)), ((6, 5), ((1, 1),)), ((3, 1), ((6, 1), (6, 6))), ((1, 5), ((1, 1), (6, 6))), ((1, 5), ((1, 1), (1, 6), (6, 6))), ((5, 5), ((1, 1), (1, 6))), ((3, 1), ((1, 6),)), ((3, 1), ((1, 6), (6, 6))), ((3, 3), ((6, 1),)), ((6, 6), ((1, 1), (1, 6), (6, 6))), ((6, 6), ((1, 1), (6, 6))), ((6, 4), ((1, 1),)), ((3, 2), ((6, 1), (6, 6))), ((1, 6), ((1, 1), (1, 6), (6, 6))), ((2, 5), ((1, 1), (6, 6))), ((2, 5), ((1, 1), (1, 6), (6, 6))), ((6, 5), ((1, 1), (1, 6))), ((4, 1), ((1, 6),)), ((4, 1), ((1, 6), (6, 6))), ((4, 3), ((6, 1),)), ((6, 5), ((1, 1), (1, 6), (6, 6))), ((5, 6), ((1, 1), (1, 6), (6, 6))), ((6, 5), ((1, 1), (6, 6))), ((5, 6), ((1, 1), (6, 6))), ((6, 3), ((1, 1),)), ((3, 3), ((6, 1), (6, 6))), ((2, 6), ((1, 1), (1, 6), (6, 6))), ((2, 6), ((1, 1), (6, 6))), ((3, 5), ((1, 1), (6, 6))), ((3, 5), ((1, 1), (1, 6), (6, 6))), ((6, 4), ((1, 1), (1, 6))), ((5, 1), ((1, 6),)), ((5, 1), ((1, 6), (6, 6)))]",19,0,19
162,"((6, 4), ((1, 1), (1, 6), (6, 6)))","((6, 5), ((1, 1), (1, 6), (6, 6)))",South,"[((6, 3), ((1, 1), (1, 6), (6, 6))) via South]","[((6, 4), ((1, 1), (1, 6), (6, 6))), ((5, 5), ((1, 1), (1, 6), (6, 6))), ((4, 6), ((1, 1), (1, 6), (6, 6))), ((6, 4), ((1, 1), (6, 6))), ((5, 5), ((1, 1), (6, 6))), ((4, 6), ((1, 1), (6, 6))), ((5, 3), ((1, 1),)), ((4, 3), ((6, 1), (6, 6))), ((3, 6), ((1, 1), (1, 6), (6, 6))), ((3, 6), ((1, 1), (6, 6))), ((4, 5), ((1, 1), (6, 6))), ((4, 5), ((1, 1), (1, 6), (6, 6))), ((6, 3), ((1, 1), (1, 6))), ((6, 1), ((1, 6), (6, 1))), ((6, 1), ((1, 6), (6, 1), (6, 6))), ((6, 3), ((6, 1),))]","[((5, 5), ((1, 1), (1, 6), (6, 6))), ((4, 6), ((1, 1), (1, 6), (6, 6))), ((6, 4), ((1, 1), (6, 6))), ((5, 5), ((1, 1), (6, 6))), ((4, 6), ((1, 1), (6, 6))), ((5, 3), ((1, 1),)), ((4, 3), ((6, 1), (6, 6))), ((3, 6), ((1, 1), (1, 6), (6, 6))), ((3, 6), ((1, 1), (6, 6))), ((4, 5), ((1, 1), (6, 6))), ((4, 5), ((1, 1), (1, 6), (6, 6))), ((6, 3), ((1, 1), (1, 6))), ((6, 1), ((1, 6), (6, 1))), ((6, 1), ((1, 6), (6, 1), (6, 6))), ((6, 3), ((6, 1),)), ((6, 3), ((1, 1), (1, 6), (6, 6)))]","[((4, 5), ()), ((4, 6), ()), ((5, 5), ()), ((3, 5), ()), ((5, 6), ()), ((3, 6), ()), ((6, 5), ()), ((2, 5), ()), ((6, 6), ((6, 6),)), ((2, 6), ()), ((6, 4), ()), ((1, 5), ()), ((6, 5), ((6, 6),)), ((5, 6), ((6, 6),)), ((1, 6), ((1, 6),)), ((6, 3), ()), ((1, 4), ()), ((6, 4), ((6, 6),)), ((5, 5), ((6, 6),)), ((4, 6), ((6, 6),)), ((1, 5), ((1, 6),)), ((2, 6), ((1, 6),)), ((5, 3), ()), ((1, 3), ()), ((6, 3), ((6, 6),)), ((4, 5), ((6, 6),)), ((3, 6), ((6, 6),)), ((1, 4), ((1, 6),)), ((2, 5), ((1, 6),)), ((3, 6), ((1, 6),)), ((4, 3), ()), ((1, 2), ()), ((5, 3), ((6, 6),)), ((3, 5), ((6, 6),)), ((2, 6), ((6, 6),)), ((1, 3), ((1, 6),)), ((3, 5), ((1, 6),)), ((4, 6), ((1, 6),)), ((3, 3), ()), ((1, 1), ((1, 1),)), ((4, 3), ((6, 6),)), ((2, 5), ((6, 6),)), ((1, 6), ((1, 6), (6, 6))), ((1, 2), ((1, 6),)), ((4, 5), ((1, 6),)), ((5, 6), ((1, 6),)), ((3, 2), ()), ((1, 2), ((1, 1),)), ((3, 3), ((6, 6),)), ((1, 5), ((6, 6),)), ((1, 5), ((1, 6), (6, 6))), ((2, 6), ((1, 6), (6, 6))), ((1, 1), ((1, 1), (1, 6))), ((5, 5), ((1, 6),)), ((6, 6), ((1, 6), (6, 6))), ((3, 1), ()), ((1, 3), ((1, 1),)), ((3, 2), ((6, 6),)), ((1, 4), ((6, 6),)), ((1, 4), ((1, 6), (6, 6))), ((2, 5), ((1, 6), (6, 6))), ((3, 6), ((1, 6), (6, 6))), ((1, 2), ((1, 1), (1, 6))), ((6, 5), ((1, 6),)), ((6, 5), ((1, 6), (6, 6))), ((5, 6), ((1, 6), (6, 6))), ((4, 1), ()), ((1, 4), ((1, 1),)), ((3, 1), ((6, 6),)), ((1, 3), ((6, 6),)), ((1, 3), ((1, 6), (6, 6))), ((3, 5), ((1, 6), (6, 6))), ((4, 6), ((1, 6), (6, 6))), ((1, 3), ((1, 1), (1, 6))), ((6, 4), ((1, 6),)), ((6, 4), ((1, 6), (6, 6))), ((5, 5), ((1, 6), (6, 6))), ((5, 1), ()), ((1, 5), ((1, 1),)), ((4, 1), ((6, 6),)), ((1, 2), ((6, 6),)), ((1, 2), ((1, 6), (6, 6))), ((4, 5), ((1, 6), (6, 6))), ((1, 4), ((1, 1), (1, 6))), ((6, 3), ((1, 6),)), ((6, 3), ((1, 6), (6, 6))), ((6, 1), ((6, 1),)), ((1, 6), ((1, 1), (1, 6))), ((2, 5), ((1, 1),)), ((5, 1), ((6, 6),)), ((1, 1), ((1, 1), (6, 6))), ((1, 1), ((1, 1), (1, 6), (6, 6))), ((1, 5), ((1, 1), (1, 6))), ((5, 3), ((1, 6),)), ((5, 3), ((1, 6), (6, 6))), ((5, 1), ((6, 1),)), ((2, 6), ((1, 1), (1, 6))), ((2, 6), ((1, 1),)), ((3, 5), ((1, 1),)), ((6, 1), ((6, 1), (6, 6))), ((1, 2), ((1, 1), (6, 6))), ((1, 2), ((1, 1), (1, 6), (6, 6))), ((2, 5), ((1, 1), (1, 6))), ((4, 3), ((1, 6),)), ((4, 3), ((1, 6), (6, 6))), ((4, 1), ((6, 1),)), ((3, 6), ((1, 1), (1, 6))), ((3, 6), ((1, 1),)), ((4, 5), ((1, 1),)), ((5, 1), ((6, 1), (6, 6))), ((1, 3), ((1, 1), (6, 6))), ((1, 3), ((1, 1), (1, 6), (6, 6))), ((3, 5), ((1, 1), (1, 6))), ((3, 3), ((1, 6),)), ((3, 3), ((1, 6), (6, 6))), ((3, 1), ((6, 1),)), ((4, 6), ((1, 1), (1, 6))), ((4, 6), ((1, 1),)), ((5, 5), ((1, 1),)), ((4, 1), ((6, 1), (6, 6))), ((1, 4), ((1, 1), (6, 6))), ((1, 4), ((1, 1), (1, 6), (6, 6))), ((4, 5), ((1, 1), (1, 6))), ((3, 2), ((1, 6),)), ((3, 2), ((1, 6), (6, 6))), ((3, 2), ((6, 1),)), ((5, 6), ((1, 1), (1, 6))), ((5, 6), ((1, 1),)), ((6, 5), ((1, 1),)), ((3, 1), ((6, 1), (6, 6))), ((1, 5), ((1, 1), (6, 6))), ((1, 5), ((1, 1), (1, 6), (6, 6))), ((5, 5), ((1, 1), (1, 6))), ((3, 1), ((1, 6),)), ((3, 1), ((1, 6), (6, 6))), ((3, 3), ((6, 1),)), ((6, 6), ((1, 1), (1, 6), (6, 6))), ((6, 6), ((1, 1), (6, 6))), ((6, 4), ((1, 1),)), ((3, 2), ((6, 1), (6, 6))), ((1, 6), ((1, 1), (1, 6), (6, 6))), ((2, 5), ((1, 1), (6, 6))), ((2, 5), ((1, 1), (1, 6), (6, 6))), ((6, 5), ((1, 1), (1, 6))), ((4, 1), ((1, 6),)), ((4, 1), ((1, 6), (6, 6))), ((4, 3), ((6, 1),)), ((6, 5), ((1, 1), (1, 6), (6, 6))), ((5, 6), ((1, 1), (1, 6), (6, 6))), ((6, 5), ((1, 1), (6, 6))), ((5, 6), ((1, 1), (6, 6))), ((6, 3), ((1, 1),)), ((3, 3), ((6, 1), (6, 6))), ((2, 6), ((1, 1), (1, 6), (6, 6))), ((2, 6), ((1, 1), (6, 6))), ((3, 5), ((1, 1), (6, 6))), ((3, 5), ((1, 1), (1, 6), (6, 6))), ((6, 4), ((1, 1), (1, 6))), ((5, 1), ((1, 6),)), ((5, 1), ((1, 6), (6, 6))), ((5, 3), ((6, 1),))]",19,0,19
163,"((5, 5), ((1, 1), (1, 6), (6, 6)))","((6, 5), ((1, 1), (1, 6), (6, 6)))",West,[],"[((5, 5), ((1, 1), (1, 6), (6, 6))), ((4, 6), ((1, 1), (1, 6), (6, 6))), ((6, 4), ((1, 1), (6, 6))), ((5, 5), ((1, 1), (6, 6))), ((4, 6), ((1, 1), (6, 6))), ((5, 3), ((1, 1),)), ((4, 3), ((6, 1), (6, 6))), ((3, 6), ((1, 1), (1, 6), (6, 6))), ((3, 6), ((1, 1), (6, 6))), ((4, 5), ((1, 1), (6, 6))), ((4, 5), ((1, 1), (1, 6), (6, 6))), ((6, 3), ((1, 1), (1, 6))), ((6, 1), ((1, 6), (6, 1))), ((6, 1), ((1, 6), (6, 1), (6, 6))), ((6, 3), ((6, 1),)), ((6, 3), ((1, 1), (1, 6), (6, 6)))]","[((4, 6), ((1, 1), (1, 6), (6, 6))), ((6, 4), ((1, 1), (6, 6))), ((5, 5), ((1, 1), (6, 6))), ((4, 6), ((1, 1), (6, 6))), ((5, 3), ((1, 1),)), ((4, 3), ((6, 1), (6, 6))), ((3, 6), ((1, 1), (1, 6), (6, 6))), ((3, 6), ((1, 1), (6, 6))), ((4, 5), ((1, 1), (6, 6))), ((4, 5), ((1, 1), (1, 6), (6, 6))), ((6, 3), ((1, 1), (1, 6))), ((6, 1), ((1, 6), (6, 1))), ((6, 1), ((1, 6), (6, 1), (6, 6))), ((6, 3), ((6, 1),)), ((6, 3), ((1, 1), (1, 6), (6, 6)))]","[((4, 5), ()), ((4, 6), ()), ((5, 5), ()), ((3, 5), ()), ((5, 6), ()), ((3, 6), ()), ((6, 5), ()), ((2, 5), ()), ((6, 6), ((6, 6),)), ((2, 6), ()), ((6, 4), ()), ((1, 5), ()), ((6, 5), ((6, 6),)), ((5, 6), ((6, 6),)), ((1, 6), ((1, 6),)), ((6, 3), ()), ((1, 4), ()), ((6, 4), ((6, 6),)), ((5, 5), ((6, 6),)), ((4, 6), ((6, 6),)), ((1, 5), ((1, 6),)), ((2, 6), ((1, 6),)), ((5, 3), ()), ((1, 3), ()), ((6, 3), ((6, 6),)), ((4, 5), ((6, 6),)), ((3, 6), ((6, 6),)), ((1, 4), ((1, 6),)), ((2, 5), ((1, 6),)), ((3, 6), ((1, 6),)), ((4, 3), ()), ((1, 2), ()), ((5, 3), ((6, 6),)), ((3, 5), ((6, 6),)), ((2, 6), ((6, 6),)), ((1, 3), ((1, 6),)), ((3, 5), ((1, 6),)), ((4, 6), ((1, 6),)), ((3, 3), ()), ((1, 1), ((1, 1),)), ((4, 3), ((6, 6),)), ((2, 5), ((6, 6),)), ((1, 6), ((1, 6), (6, 6))), ((1, 2), ((1, 6),)), ((4, 5), ((1, 6),)), ((5, 6), ((1, 6),)), ((3, 2), ()), ((1, 2), ((1, 1),)), ((3, 3), ((6, 6),)), ((1, 5), ((6, 6),)), ((1, 5), ((1, 6), (6, 6))), ((2, 6), ((1, 6), (6, 6))), ((1, 1), ((1, 1), (1, 6))), ((5, 5), ((1, 6),)), ((6, 6), ((1, 6), (6, 6))), ((3, 1), ()), ((1, 3), ((1, 1),)), ((3, 2), ((6, 6),)), ((1, 4), ((6, 6),)), ((1, 4), ((1, 6), (6, 6))), ((2, 5), ((1, 6), (6, 6))), ((3, 6), ((1, 6), (6, 6))), ((1, 2), ((1, 1), (1, 6))), ((6, 5), ((1, 6),)), ((6, 5), ((1, 6), (6, 6))), ((5, 6), ((1, 6), (6, 6))), ((4, 1), ()), ((1, 4), ((1, 1),)), ((3, 1), ((6, 6),)), ((1, 3), ((6, 6),)), ((1, 3), ((1, 6), (6, 6))), ((3, 5), ((1, 6), (6, 6))), ((4, 6), ((1, 6), (6, 6))), ((1, 3), ((1, 1), (1, 6))), ((6, 4), ((1, 6),)), ((6, 4), ((1, 6), (6, 6))), ((5, 5), ((1, 6), (6, 6))), ((5, 1), ()), ((1, 5), ((1, 1),)), ((4, 1), ((6, 6),)), ((1, 2), ((6, 6),)), ((1, 2), ((1, 6), (6, 6))), ((4, 5), ((1, 6), (6, 6))), ((1, 4), ((1, 1), (1, 6))), ((6, 3), ((1, 6),)), ((6, 3), ((1, 6), (6, 6))), ((6, 1), ((6, 1),)), ((1, 6), ((1, 1), (1, 6))), ((2, 5), ((1, 1),)), ((5, 1), ((6, 6),)), ((1, 1), ((1, 1), (6, 6))), ((1, 1), ((1, 1), (1, 6), (6, 6))), ((1, 5), ((1, 1), (1, 6))), ((5, 3), ((1, 6),)), ((5, 3), ((1, 6), (6, 6))), ((5, 1), ((6, 1),)), ((2, 6), ((1, 1), (1, 6))), ((2, 6), ((1, 1),)), ((3, 5), ((1, 1),)), ((6, 1), ((6, 1), (6, 6))), ((1, 2), ((1, 1), (6, 6))), ((1, 2), ((1, 1), (1, 6), (6, 6))), ((2, 5), ((1, 1), (1, 6))), ((4, 3), ((1, 6),)), ((4, 3), ((1, 6), (6, 6))), ((4, 1), ((6, 1),)), ((3, 6), ((1, 1), (1, 6))), ((3, 6), ((1, 1),)), ((4, 5), ((1, 1),)), ((5, 1), ((6, 1), (6, 6))), ((1, 3), ((1, 1), (6, 6))), ((1, 3), ((1, 1), (1, 6), (6, 6))), ((3, 5), ((1, 1), (1, 6))), ((3, 3), ((1, 6),)), ((3, 3), ((1, 6), (6, 6))), ((3, 1), ((6, 1),)), ((4, 6), ((1, 1), (1, 6))), ((4, 6), ((1, 1),)), ((5, 5), ((1, 1),)), ((4, 1), ((6, 1), (6, 6))), ((1, 4), ((1, 1), (6, 6))), ((1, 4), ((1, 1), (1, 6), (6, 6))), ((4, 5), ((1, 1), (1, 6))), ((3, 2), ((1, 6),)), ((3, 2), ((1, 6), (6, 6))), ((3, 2), ((6, 1),)), ((5, 6), ((1, 1), (1, 6))), ((5, 6), ((1, 1),)), ((6, 5), ((1, 1),)), ((3, 1), ((6, 1), (6, 6))), ((1, 5), ((1, 1), (6, 6))), ((1, 5), ((1, 1), (1, 6), (6, 6))), ((5, 5), ((1, 1), (1, 6))), ((3, 1), ((1, 6),)), ((3, 1), ((1, 6), (6, 6))), ((3, 3), ((6, 1),)), ((6, 6), ((1, 1), (1, 6), (6, 6))), ((6, 6), ((1, 1), (6, 6))), ((6, 4), ((1, 1),)), ((3, 2), ((6, 1), (6, 6))), ((1, 6), ((1, 1), (1, 6), (6, 6))), ((2, 5), ((1, 1), (6, 6))), ((2, 5), ((1, 1), (1, 6), (6, 6))), ((6, 5), ((1, 1), (1, 6))), ((4, 1), ((1, 6),)), ((4, 1), ((1, 6), (6, 6))), ((4, 3), ((6, 1),)), ((6, 5), ((1, 1), (1, 6), (6, 6))), ((5, 6), ((1, 1), (1, 6), (6, 6))), ((6, 5), ((1, 1), (6, 6))), ((5, 6), ((1, 1), (6, 6))), ((6, 3), ((1, 1),)), ((3, 3), ((6, 1), (6, 6))), ((2, 6), ((1, 1), (1, 6), (6, 6))), ((2, 6), ((1, 1), (6, 6))), ((3, 5), ((1, 1), (6, 6))), ((3, 5), ((1, 1), (1, 6), (6, 6))), ((6, 4), ((1, 1), (1, 6))), ((5, 1), ((1, 6),)), ((5, 1), ((1, 6), (6, 6))), ((5, 3), ((6, 1),)), ((6, 4), ((1, 1), (1, 6), (6, 6)))]",19,0,19
164,"((4, 6), ((1, 1), (1, 6), (6, 6)))","((5, 6), ((1, 1), (1, 6), (6, 6)))",West,[],"[((4, 6), ((1, 1), (1, 6), (6, 6))), ((6, 4), ((1, 1), (6, 6))), ((5, 5), ((1, 1), (6, 6))), ((4, 6), ((1, 1), (6, 6))), ((5, 3), ((1, 1),)), ((4, 3), ((6, 1), (6, 6))), ((3, 6), ((1, 1), (1, 6), (6, 6))), ((3, 6), ((1, 1), (6, 6))), ((4, 5), ((1, 1), (6, 6))), ((4, 5), ((1, 1), (1, 6), (6, 6))), ((6, 3), ((1, 1), (1, 6))), ((6, 1), ((1, 6), (6, 1))), ((6, 1), ((1, 6), (6, 1), (6, 6))), ((6, 3), ((6, 1),)), ((6, 3), ((1, 1), (1, 6), (6, 6)))]","[((6, 4), ((1, 1), (6, 6))), ((5, 5), ((1, 1), (6, 6))), ((4, 6), ((1, 1), (6, 6))), ((5, 3), ((1, 1),)), ((4, 3), ((6, 1), (6, 6))), ((3, 6), ((1, 1), (1, 6), (6, 6))), ((3, 6), ((1, 1), (6, 6))), ((4, 5), ((1, 1), (6, 6))), ((4, 5), ((1, 1), (1, 6), (6, 6))), ((6, 3), ((1, 1), (1, 6))), ((6, 1), ((1, 6), (6, 1))), ((6, 1), ((1, 6), (6, 1), (6, 6))), ((6, 3), ((6, 1),)), ((6, 3), ((1, 1), (1, 6), (6, 6)))]","[((4, 5), ()), ((4, 6), ()), ((5, 5), ()), ((3, 5), ()), ((5, 6), ()), ((3, 6), ()), ((6, 5), ()), ((2, 5), ()), ((6, 6), ((6, 6),)), ((2, 6), ()), ((6, 4), ()), ((1, 5), ()), ((6, 5), ((6, 6),)), ((5, 6), ((6, 6),)), ((1, 6), ((1, 6),)), ((6, 3), ()), ((1, 4), ()), ((6, 4), ((6, 6),)), ((5, 5), ((6, 6),)), ((4, 6), ((6, 6),)), ((1, 5), ((1, 6),)), ((2, 6), ((1, 6),)), ((5, 3), ()), ((1, 3), ()), ((6, 3), ((6, 6),)), ((4, 5), ((6, 6),)), ((3, 6), ((6, 6),)), ((1, 4), ((1, 6),)), ((2, 5), ((1, 6),)), ((3, 6), ((1, 6),)), ((4, 3), ()), ((1, 2), ()), ((5, 3), ((6, 6),)), ((3, 5), ((6, 6),)), ((2, 6), ((6, 6),)), ((1, 3), ((1, 6),)), ((3, 5), ((1, 6),)), ((4, 6), ((1, 6),)), ((3, 3), ()), ((1, 1), ((1, 1),)), ((4, 3), ((6, 6),)), ((2, 5), ((6, 6),)), ((1, 6), ((1, 6), (6, 6))), ((1, 2), ((1, 6),)), ((4, 5), ((1, 6),)), ((5, 6), ((1, 6),)), ((3, 2), ()), ((1, 2), ((1, 1),)), ((3, 3), ((6, 6),)), ((1, 5), ((6, 6),)), ((1, 5), ((1, 6), (6, 6))), ((2, 6), ((1, 6), (6, 6))), ((1, 1), ((1, 1), (1, 6))), ((5, 5), ((1, 6),)), ((6, 6), ((1, 6), (6, 6))), ((3, 1), ()), ((1, 3), ((1, 1),)), ((3, 2), ((6, 6),)), ((1, 4), ((6, 6),)), ((1, 4), ((1, 6), (6, 6))), ((2, 5), ((1, 6), (6, 6))), ((3, 6), ((1, 6), (6, 6))), ((1, 2), ((1, 1), (1, 6))), ((6, 5), ((1, 6),)), ((6, 5), ((1, 6), (6, 6))), ((5, 6), ((1, 6), (6, 6))), ((4, 1), ()), ((1, 4), ((1, 1),)), ((3, 1), ((6, 6),)), ((1, 3), ((6, 6),)), ((1, 3), ((1, 6), (6, 6))), ((3, 5), ((1, 6), (6, 6))), ((4, 6), ((1, 6), (6, 6))), ((1, 3), ((1, 1), (1, 6))), ((6, 4), ((1, 6),)), ((6, 4), ((1, 6), (6, 6))), ((5, 5), ((1, 6), (6, 6))), ((5, 1), ()), ((1, 5), ((1, 1),)), ((4, 1), ((6, 6),)), ((1, 2), ((6, 6),)), ((1, 2), ((1, 6), (6, 6))), ((4, 5), ((1, 6), (6, 6))), ((1, 4), ((1, 1), (1, 6))), ((6, 3), ((1, 6),)), ((6, 3), ((1, 6), (6, 6))), ((6, 1), ((6, 1),)), ((1, 6), ((1, 1), (1, 6))), ((2, 5), ((1, 1),)), ((5, 1), ((6, 6),)), ((1, 1), ((1, 1), (6, 6))), ((1, 1), ((1, 1), (1, 6), (6, 6))), ((1, 5), ((1, 1), (1, 6))), ((5, 3), ((1, 6),)), ((5, 3), ((1, 6), (6, 6))), ((5, 1), ((6, 1),)), ((2, 6), ((1, 1), (1, 6))), ((2, 6), ((1, 1),)), ((3, 5), ((1, 1),)), ((6, 1), ((6, 1), (6, 6))), ((1, 2), ((1, 1), (6, 6))), ((1, 2), ((1, 1), (1, 6), (6, 6))), ((2, 5), ((1, 1), (1, 6))), ((4, 3), ((1, 6),)), ((4, 3), ((1, 6), (6, 6))), ((4, 1), ((6, 1),)), ((3, 6), ((1, 1), (1, 6))), ((3, 6), ((1, 1),)), ((4, 5), ((1, 1),)), ((5, 1), ((6, 1), (6, 6))), ((1, 3), ((1, 1), (6, 6))), ((1, 3), ((1, 1), (1, 6), (6, 6))), ((3, 5), ((1, 1), (1, 6))), ((3, 3), ((1, 6),)), ((3, 3), ((1, 6), (6, 6))), ((3, 1), ((6, 1),)), ((4, 6), ((1, 1), (1, 6))), ((4, 6), ((1, 1),)), ((5, 5), ((1, 1),)), ((4, 1), ((6, 1), (6, 6))), ((1, 4), ((1, 1), (6, 6))), ((1, 4), ((1, 1), (1, 6), (6, 6))), ((4, 5), ((1, 1), (1, 6))), ((3, 2), ((1, 6),)), ((3, 2), ((1, 6), (6, 6))), ((3, 2), ((6, 1),)), ((5, 6), ((1, 1), (1, 6))), ((5, 6), ((1, 1),)), ((6, 5), ((1, 1),)), ((3, 1), ((6, 1), (6, 6))), ((1, 5), ((1, 1), (6, 6))), ((1, 5), ((1, 1), (1, 6), (6, 6))), ((5, 5), ((1, 1), (1, 6))), ((3, 1), ((1, 6),)), ((3, 1), ((1, 6), (6, 6))), ((3, 3), ((6, 1),)), ((6, 6), ((1, 1), (1, 6), (6, 6))), ((6, 6), ((1, 1), (6, 6))), ((6, 4), ((1, 1),)), ((3, 2), ((6, 1), (6, 6))), ((1, 6), ((1, 1), (1, 6), (6, 6))), ((2, 5), ((1, 1), (6, 6))), ((2, 5), ((1, 1), (1, 6), (6, 6))), ((6, 5), ((1, 1), (1, 6))), ((4, 1), ((1, 6),)), ((4, 1), ((1, 6), (6, 6))), ((4, 3), ((6, 1),)), ((6, 5), ((1, 1), (1, 6), (6, 6))), ((5, 6), ((1, 1), (1, 6), (6, 6))), ((6, 5), ((1, 1), (6, 6))), ((5, 6), ((1, 1), (6, 6))), ((6, 3), ((1, 1),)), ((3, 3), ((6, 1), (6, 6))), ((2, 6), ((1, 1), (1, 6), (6, 6))), ((2, 6), ((1, 1), (6, 6))), ((3, 5), ((1, 1), (6, 6))), ((3, 5), ((1, 1), (1, 6), (6, 6))), ((6, 4), ((1, 1), (1, 6))), ((5, 1), ((1, 6),)), ((5, 1), ((1, 6), (6, 6))), ((5, 3), ((6, 1),)), ((6, 4), ((1, 1), (1, 6), (6, 6))), ((5, 5), ((1, 1), (1, 6), (6, 6)))]",19,0,19
165,"((6, 4), ((1, 1), (6, 6)))","((6, 5), ((1, 1), (6, 6)))",South,"[((6, 3), ((1, 1), (6, 6))) via South]","[((6, 4), ((1, 1), (6, 6))), ((5, 5), ((1, 1), (6, 6))), ((4, 6), ((1, 1), (6, 6))), ((5, 3), ((1, 1),)), ((4, 3), ((6, 1), (6, 6))), ((3, 6), ((1, 1), (1, 6), (6, 6))), ((3, 6), ((1, 1), (6, 6))), ((4, 5), ((1, 1), (6, 6))), ((4, 5), ((1, 1), (1, 6), (6, 6))), ((6, 3), ((1, 1), (1, 6))), ((6, 1), ((1, 6), (6, 1))), ((6, 1), ((1, 6), (6, 1), (6, 6))), ((6, 3), ((6, 1),)), ((6, 3), ((1, 1), (1, 6), (6, 6)))]","[((5, 5), ((1, 1), (6, 6))), ((4, 6), ((1, 1), (6, 6))), ((5, 3), ((1, 1),)), ((4, 3), ((6, 1), (6, 6))), ((3, 6), ((1, 1), (1, 6), (6, 6))), ((3, 6), ((1, 1), (6, 6))), ((4, 5), ((1, 1), (6, 6))), ((4, 5), ((1, 1), (1, 6), (6, 6))), ((6, 3), ((1, 1), (1, 6))), ((6, 1), ((1, 6), (6, 1))), ((6, 1), ((1, 6), (6, 1), (6, 6))), ((6, 3), ((6, 1),)), ((6, 3), ((1, 1), (1, 6), (6, 6))), ((6, 3), ((1, 1), (6, 6)))]","[((4, 5), ()), ((4, 6), ()), ((5, 5), ()), ((3, 5), ()), ((5, 6), ()), ((3, 6), ()), ((6, 5), ()), ((2, 5), ()), ((6, 6), ((6, 6),)), ((2, 6), ()), ((6, 4), ()), ((1, 5), ()), ((6, 5), ((6, 6),)), ((5, 6), ((6, 6),)), ((1, 6), ((1, 6),)), ((6, 3), ()), ((1, 4), ()), ((6, 4), ((6, 6),)), ((5, 5), ((6, 6),)), ((4, 6), ((6, 6),)), ((1, 5), ((1, 6),)), ((2, 6), ((1, 6),)), ((5, 3), ()), ((1, 3), ()), ((6, 3), ((6, 6),)), ((4, 5), ((6, 6),)), ((3, 6), ((6, 6),)), ((1, 4), ((1, 6),)), ((2, 5), ((1, 6),)), ((3, 6), ((1, 6),)), ((4, 3), ()), ((1, 2), ()), ((5, 3), ((6, 6),)), ((3, 5), ((6, 6),)), ((2, 6), ((6, 6),)), ((1, 3), ((1, 6),)), ((3, 5), ((1, 6),)), ((4, 6), ((1, 6),)), ((3, 3), ()), ((1, 1), ((1, 1),)), ((4, 3), ((6, 6),)), ((2, 5), ((6, 6),)), ((1, 6), ((1, 6), (6, 6))), ((1, 2), ((1, 6),)), ((4, 5), ((1, 6),)), ((5, 6), ((1, 6),)), ((3, 2), ()), ((1, 2), ((1, 1),)), ((3, 3), ((6, 6),)), ((1, 5), ((6, 6),)), ((1, 5), ((1, 6), (6, 6))), ((2, 6), ((1, 6), (6, 6))), ((1, 1), ((1, 1), (1, 6))), ((5, 5), ((1, 6),)), ((6, 6), ((1, 6), (6, 6))), ((3, 1), ()), ((1, 3), ((1, 1),)), ((3, 2), ((6, 6),)), ((1, 4), ((6, 6),)), ((1, 4), ((1, 6), (6, 6))), ((2, 5), ((1, 6), (6, 6))), ((3, 6), ((1, 6), (6, 6))), ((1, 2), ((1, 1), (1, 6))), ((6, 5), ((1, 6),)), ((6, 5), ((1, 6), (6, 6))), ((5, 6), ((1, 6), (6, 6))), ((4, 1), ()), ((1, 4), ((1, 1),)), ((3, 1), ((6, 6),)), ((1, 3), ((6, 6),)), ((1, 3), ((1, 6), (6, 6))), ((3, 5), ((1, 6), (6, 6))), ((4, 6), ((1, 6), (6, 6))), ((1, 3), ((1, 1), (1, 6))), ((6, 4), ((1, 6),)), ((6, 4), ((1, 6), (6, 6))), ((5, 5), ((1, 6), (6, 6))), ((5, 1), ()), ((1, 5), ((1, 1),)), ((4, 1), ((6, 6),)), ((1, 2), ((6, 6),)), ((1, 2), ((1, 6), (6, 6))), ((4, 5), ((1, 6), (6, 6))), ((1, 4), ((1, 1), (1, 6))), ((6, 3), ((1, 6),)), ((6, 3), ((1, 6), (6, 6))), ((6, 1), ((6, 1),)), ((1, 6), ((1, 1), (1, 6))), ((2, 5), ((1, 1),)), ((5, 1), ((6, 6),)), ((1, 1), ((1, 1), (6, 6))), ((1, 1), ((1, 1), (1, 6), (6, 6))), ((1, 5), ((1, 1), (1, 6))), ((5, 3), ((1, 6),)), ((5, 3), ((1, 6), (6, 6))), ((5, 1), ((6, 1),)), ((2, 6), ((1, 1), (1, 6))), ((2, 6), ((1, 1),)), ((3, 5), ((1, 1),)), ((6, 1), ((6, 1), (6, 6))), ((1, 2), ((1, 1), (6, 6))), ((1, 2), ((1, 1), (1, 6), (6, 6))), ((2, 5), ((1, 1), (1, 6))), ((4, 3), ((1, 6),)), ((4, 3), ((1, 6), (6, 6))), ((4, 1), ((6, 1),)), ((3, 6), ((1, 1), (1, 6))), ((3, 6), ((1, 1),)), ((4, 5), ((1, 1),)), ((5, 1), ((6, 1), (6, 6))), ((1, 3), ((1, 1), (6, 6))), ((1, 3), ((1, 1), (1, 6), (6, 6))), ((3, 5), ((1, 1), (1, 6))), ((3, 3), ((1, 6),)), ((3, 3), ((1, 6), (6, 6))), ((3, 1), ((6, 1),)), ((4, 6), ((1, 1), (1, 6))), ((4, 6), ((1, 1),)), ((5, 5), ((1, 1),)), ((4, 1), ((6, 1), (6, 6))), ((1, 4), ((1, 1), (6, 6))), ((1, 4), ((1, 1), (1, 6), (6, 6))), ((4, 5), ((1, 1), (1, 6))), ((3, 2), ((1, 6),)), ((3, 2), ((1, 6), (6, 6))), ((3, 2), ((6, 1),)), ((5, 6), ((1, 1), (1, 6))), ((5, 6), ((1, 1),)), ((6, 5), ((1, 1),)), ((3, 1), ((6, 1), (6, 6))), ((1, 5), ((1, 1), (6, 6))), ((1, 5), ((1, 1), (1, 6), (6, 6))), ((5, 5), ((1, 1), (1, 6))), ((3, 1), ((1, 6),)), ((3, 1), ((1, 6), (6, 6))), ((3, 3), ((6, 1),)), ((6, 6), ((1, 1), (1, 6), (6, 6))), ((6, 6), ((1, 1), (6, 6))), ((6, 4), ((1, 1),)), ((3, 2), ((6, 1), (6, 6))), ((1, 6), ((1, 1), (1, 6), (6, 6))), ((2, 5), ((1, 1), (6, 6))), ((2, 5), ((1, 1), (1, 6), (6, 6))), ((6, 5), ((1, 1), (1, 6))), ((4, 1), ((1, 6),)), ((4, 1), ((1, 6), (6, 6))), ((4, 3), ((6, 1),)), ((6, 5), ((1, 1), (1, 6), (6, 6))), ((5, 6), ((1, 1), (1, 6), (6, 6))), ((6, 5), ((1, 1), (6, 6))), ((5, 6), ((1, 1), (6, 6))), ((6, 3), ((1, 1),)), ((3, 3), ((6, 1), (6, 6))), ((2, 6), ((1, 1), (1, 6), (6, 6))), ((2, 6), ((1, 1), (6, 6))), ((3, 5), ((1, 1), (6, 6))), ((3, 5), ((1, 1), (1, 6), (6, 6))), ((6, 4), ((1, 1), (1, 6))), ((5, 1), ((1, 6),)), ((5, 1), ((1, 6), (6, 6))), ((5, 3), ((6, 1),)), ((6, 4), ((1, 1), (1, 6), (6, 6))), ((5, 5), ((1, 1), (1, 6), (6, 6))), ((4, 6), ((1, 1), (1, 6), (6, 6)))]",19,0,19
166,"((5, 5), ((1, 1), (6, 6)))","((6, 5), ((1, 1), (6, 6)))",West,[],"[((5, 5), ((1, 1), (6, 6))), ((4, 6), ((1, 1), (6, 6))), ((5, 3), ((1, 1),)), ((4, 3), ((6, 1), (6, 6))), ((3, 6), ((1, 1), (1, 6), (6, 6))), ((3, 6), ((1, 1), (6, 6))), ((4, 5), ((1, 1), (6, 6))), ((4, 5), ((1, 1), (1, 6), (6, 6))), ((6, 3), ((1, 1), (1, 6))), ((6, 1), ((1, 6), (6, 1))), ((6, 1), ((1, 6), (6, 1), (6, 6))), ((6, 3), ((6, 1),)), ((6, 3), ((1, 1), (1, 6), (6, 6))), ((6, 3), ((1, 1), (6, 6)))]","[((4, 6), ((1, 1), (6, 6))), ((5, 3), ((1, 1),)), ((4, 3), ((6, 1), (6, 6))), ((3, 6), ((1, 1), (1, 6), (6, 6))), ((3, 6), ((1, 1), (6, 6))), ((4, 5), ((1, 1), (6, 6))), ((4, 5), ((1, 1), (1, 6), (6, 6))), ((6, 3), ((1, 1), (1, 6))), ((6, 1), ((1, 6), (6, 1))), ((6, 1), ((1, 6), (6, 1), (6, 6))), ((6, 3), ((6, 1),)), ((6, 3), ((1, 1), (1, 6), (6, 6))), ((6, 3), ((1, 1), (6, 6)))]","[((4, 5), ()), ((4, 6), ()), ((5, 5), ()), ((3, 5), ()), ((5, 6), ()), ((3, 6), ()), ((6, 5), ()), ((2, 5), ()), ((6, 6), ((6, 6),)), ((2, 6), ()), ((6, 4), ()), ((1, 5), ()), ((6, 5), ((6, 6),)), ((5, 6), ((6, 6),)), ((1, 6), ((1, 6),)), ((6, 3), ()), ((1, 4), ()), ((6, 4), ((6, 6),)), ((5, 5), ((6, 6),)), ((4, 6), ((6, 6),)), ((1, 5), ((1, 6),)), ((2, 6), ((1, 6),)), ((5, 3), ()), ((1, 3), ()), ((6, 3), ((6, 6),)), ((4, 5), ((6, 6),)), ((3, 6), ((6, 6),)), ((1, 4), ((1, 6),)), ((2, 5), ((1, 6),)), ((3, 6), ((1, 6),)), ((4, 3), ()), ((1, 2), ()), ((5, 3), ((6, 6),)), ((3, 5), ((6, 6),)), ((2, 6), ((6, 6),)), ((1, 3), ((1, 6),)), ((3, 5), ((1, 6),)), ((4, 6), ((1, 6),)), ((3, 3), ()), ((1, 1), ((1, 1),)), ((4, 3), ((6, 6),)), ((2, 5), ((6, 6),)), ((1, 6), ((1, 6), (6, 6))), ((1, 2), ((1, 6),)), ((4, 5), ((1, 6),)), ((5, 6), ((1, 6),)), ((3, 2), ()), ((1, 2), ((1, 1),)), ((3, 3), ((6, 6),)), ((1, 5), ((6, 6),)), ((1, 5), ((1, 6), (6, 6))), ((2, 6), ((1, 6), (6, 6))), ((1, 1), ((1, 1), (1, 6))), ((5, 5), ((1, 6),)), ((6, 6), ((1, 6), (6, 6))), ((3, 1), ()), ((1, 3), ((1, 1),)), ((3, 2), ((6, 6),)), ((1, 4), ((6, 6),)), ((1, 4), ((1, 6), (6, 6))), ((2, 5), ((1, 6), (6, 6))), ((3, 6), ((1, 6), (6, 6))), ((1, 2), ((1, 1), (1, 6))), ((6, 5), ((1, 6),)), ((6, 5), ((1, 6), (6, 6))), ((5, 6), ((1, 6), (6, 6))), ((4, 1), ()), ((1, 4), ((1, 1),)), ((3, 1), ((6, 6),)), ((1, 3), ((6, 6),)), ((1, 3), ((1, 6), (6, 6))), ((3, 5), ((1, 6), (6, 6))), ((4, 6), ((1, 6), (6, 6))), ((1, 3), ((1, 1), (1, 6))), ((6, 4), ((1, 6),)), ((6, 4), ((1, 6), (6, 6))), ((5, 5), ((1, 6), (6, 6))), ((5, 1), ()), ((1, 5), ((1, 1),)), ((4, 1), ((6, 6),)), ((1, 2), ((6, 6),)), ((1, 2), ((1, 6), (6, 6))), ((4, 5), ((1, 6), (6, 6))), ((1, 4), ((1, 1), (1, 6))), ((6, 3), ((1, 6),)), ((6, 3), ((1, 6), (6, 6))), ((6, 1), ((6, 1),)), ((1, 6), ((1, 1), (1, 6))), ((2, 5), ((1, 1),)), ((5, 1), ((6, 6),)), ((1, 1), ((1, 1), (6, 6))), ((1, 1), ((1, 1), (1, 6), (6, 6))), ((1, 5), ((1, 1), (1, 6))), ((5, 3), ((1, 6),)), ((5, 3), ((1, 6), (6, 6))), ((5, 1), ((6, 1),)), ((2, 6), ((1, 1), (1, 6))), ((2, 6), ((1, 1),)), ((3, 5), ((1, 1),)), ((6, 1), ((6, 1), (6, 6))), ((1, 2), ((1, 1), (6, 6))), ((1, 2), ((1, 1), (1, 6), (6, 6))), ((2, 5), ((1, 1), (1, 6))), ((4, 3), ((1, 6),)), ((4, 3), ((1, 6), (6, 6))), ((4, 1), ((6, 1),)), ((3, 6), ((1, 1), (1, 6))), ((3, 6), ((1, 1),)), ((4, 5), ((1, 1),)), ((5, 1), ((6, 1), (6, 6))), ((1, 3), ((1, 1), (6, 6))), ((1, 3), ((1, 1), (1, 6), (6, 6))), ((3, 5), ((1, 1), (1, 6))), ((3, 3), ((1, 6),)), ((3, 3), ((1, 6), (6, 6))), ((3, 1), ((6, 1),)), ((4, 6), ((1, 1), (1, 6))), ((4, 6), ((1, 1),)), ((5, 5), ((1, 1),)), ((4, 1), ((6, 1), (6, 6))), ((1, 4), ((1, 1), (6, 6))), ((1, 4), ((1, 1), (1, 6), (6, 6))), ((4, 5), ((1, 1), (1, 6))), ((3, 2), ((1, 6),)), ((3, 2), ((1, 6), (6, 6))), ((3, 2), ((6, 1),)), ((5, 6), ((1, 1), (1, 6))), ((5, 6), ((1, 1),)), ((6, 5), ((1, 1),)), ((3, 1), ((6, 1), (6, 6))), ((1, 5), ((1, 1), (6, 6))), ((1, 5), ((1, 1), (1, 6), (6, 6))), ((5, 5), ((1, 1), (1, 6))), ((3, 1), ((1, 6),)), ((3, 1), ((1, 6), (6, 6))), ((3, 3), ((6, 1),)), ((6, 6), ((1, 1), (1, 6), (6, 6))), ((6, 6), ((1, 1), (6, 6))), ((6, 4), ((1, 1),)), ((3, 2), ((6, 1), (6, 6))), ((1, 6), ((1, 1), (1, 6), (6, 6))), ((2, 5), ((1, 1), (6, 6))), ((2, 5), ((1, 1), (1, 6), (6, 6))), ((6, 5), ((1, 1), (1, 6))), ((4, 1), ((1, 6),)), ((4, 1), ((1, 6), (6, 6))), ((4, 3), ((6, 1),)), ((6, 5), ((1, 1), (1, 6), (6, 6))), ((5, 6), ((1, 1), (1, 6), (6, 6))), ((6, 5), ((1, 1), (6, 6))), ((5, 6), ((1, 1), (6, 6))), ((6, 3), ((1, 1),)), ((3, 3), ((6, 1), (6, 6))), ((2, 6), ((1, 1), (1, 6), (6, 6))), ((2, 6), ((1, 1), (6, 6))), ((3, 5), ((1, 1), (6, 6))), ((3, 5), ((1, 1), (1, 6), (6, 6))), ((6, 4), ((1, 1), (1, 6))), ((5, 1), ((1, 6),)), ((5, 1), ((1, 6), (6, 6))), ((5, 3), ((6, 1),)), ((6, 4), ((1, 1), (1, 6), (6, 6))), ((5, 5), ((1, 1), (1, 6), (6, 6))), ((4, 6), ((1, 1), (1, 6), (6, 6))), ((6, 4), ((1, 1), (6, 6)))]",19,0,19
167,"((4, 6), ((1, 1), (6, 6)))","((5, 6), ((1, 1), (6, 6)))",West,[],"[((4, 6), ((1, 1), (6, 6))), ((5, 3), ((1, 1),)), ((4, 3), ((6, 1), (6, 6))), ((3, 6), ((1, 1), (1, 6), (6, 6))), ((3, 6), ((1, 1), (6, 6))), ((4, 5), ((1, 1), (6, 6))), ((4, 5), ((1, 1), (1, 6), (6, 6))), ((6, 3), ((1, 1), (1, 6))), ((6, 1), ((1, 6), (6, 1))), ((6, 1), ((1, 6), (6, 1), (6, 6))), ((6, 3), ((6, 1),)), ((6, 3), ((1, 1), (1, 6), (6, 6))), ((6, 3), ((1, 1), (6, 6)))]","[((5, 3), ((1, 1),)), ((4, 3), ((6, 1), (6, 6))), ((3, 6), ((1, 1), (1, 6), (6, 6))), ((3, 6), ((1, 1), (6, 6))), ((4, 5), ((1, 1), (6, 6))), ((4, 5), ((1, 1), (1, 6), (6, 6))), ((6, 3), ((1, 1), (1, 6))), ((6, 1), ((1, 6), (6, 1))), ((6, 1), ((1, 6), (6, 1), (6, 6))), ((6, 3), ((6, 1),)), ((6, 3), ((1, 1), (1, 6), (6, 6))), ((6, 3), ((1, 1), (6, 6)))]","[((4, 5), ()), ((4, 6), ()), ((5, 5), ()), ((3, 5), ()), ((5, 6), ()), ((3, 6), ()), ((6, 5), ()), ((2, 5), ()), ((6, 6), ((6, 6),)), ((2, 6), ()), ((6, 4), ()), ((1, 5), ()), ((6, 5), ((6, 6),)), ((5, 6), ((6, 6),)), ((1, 6), ((1, 6),)), ((6, 3), ()), ((1, 4), ()), ((6, 4), ((6, 6),)), ((5, 5), ((6, 6),)), ((4, 6), ((6, 6),)), ((1, 5), ((1, 6),)), ((2, 6), ((1, 6),)), ((5, 3), ()), ((1, 3), ()), ((6, 3), ((6, 6),)), ((4, 5), ((6, 6),)), ((3, 6), ((6, 6),)), ((1, 4), ((1, 6),)), ((2, 5), ((1, 6),)), ((3, 6), ((1, 6),)), ((4, 3), ()), ((1, 2), ()), ((5, 3), ((6, 6),)), ((3, 5), ((6, 6),)), ((2, 6), ((6, 6),)), ((1, 3), ((1, 6),)), ((3, 5), ((1, 6),)), ((4, 6), ((1, 6),)), ((3, 3), ()), ((1, 1), ((1, 1),)), ((4, 3), ((6, 6),)), ((2, 5), ((6, 6),)), ((1, 6), ((1, 6), (6, 6))), ((1, 2), ((1, 6),)), ((4, 5), ((1, 6),)), ((5, 6), ((1, 6),)), ((3, 2), ()), ((1, 2), ((1, 1),)), ((3, 3), ((6, 6),)), ((1, 5), ((6, 6),)), ((1, 5), ((1, 6), (6, 6))), ((2, 6), ((1, 6), (6, 6))), ((1, 1), ((1, 1), (1, 6))), ((5, 5), ((1, 6),)), ((6, 6), ((1, 6), (6, 6))), ((3, 1), ()), ((1, 3), ((1, 1),)), ((3, 2), ((6, 6),)), ((1, 4), ((6, 6),)), ((1, 4), ((1, 6), (6, 6))), ((2, 5), ((1, 6), (6, 6))), ((3, 6), ((1, 6), (6, 6))), ((1, 2), ((1, 1), (1, 6))), ((6, 5), ((1, 6),)), ((6, 5), ((1, 6), (6, 6))), ((5, 6), ((1, 6), (6, 6))), ((4, 1), ()), ((1, 4), ((1, 1),)), ((3, 1), ((6, 6),)), ((1, 3), ((6, 6),)), ((1, 3), ((1, 6), (6, 6))), ((3, 5), ((1, 6), (6, 6))), ((4, 6), ((1, 6), (6, 6))), ((1, 3), ((1, 1), (1, 6))), ((6, 4), ((1, 6),)), ((6, 4), ((1, 6), (6, 6))), ((5, 5), ((1, 6), (6, 6))), ((5, 1), ()), ((1, 5), ((1, 1),)), ((4, 1), ((6, 6),)), ((1, 2), ((6, 6),)), ((1, 2), ((1, 6), (6, 6))), ((4, 5), ((1, 6), (6, 6))), ((1, 4), ((1, 1), (1, 6))), ((6, 3), ((1, 6),)), ((6, 3), ((1, 6), (6, 6))), ((6, 1), ((6, 1),)), ((1, 6), ((1, 1), (1, 6))), ((2, 5), ((1, 1),)), ((5, 1), ((6, 6),)), ((1, 1), ((1, 1), (6, 6))), ((1, 1), ((1, 1), (1, 6), (6, 6))), ((1, 5), ((1, 1), (1, 6))), ((5, 3), ((1, 6),)), ((5, 3), ((1, 6), (6, 6))), ((5, 1), ((6, 1),)), ((2, 6), ((1, 1), (1, 6))), ((2, 6), ((1, 1),)), ((3, 5), ((1, 1),)), ((6, 1), ((6, 1), (6, 6))), ((1, 2), ((1, 1), (6, 6))), ((1, 2), ((1, 1), (1, 6), (6, 6))), ((2, 5), ((1, 1), (1, 6))), ((4, 3), ((1, 6),)), ((4, 3), ((1, 6), (6, 6))), ((4, 1), ((6, 1),)), ((3, 6), ((1, 1), (1, 6))), ((3, 6), ((1, 1),)), ((4, 5), ((1, 1),)), ((5, 1), ((6, 1), (6, 6))), ((1, 3), ((1, 1), (6, 6))), ((1, 3), ((1, 1), (1, 6), (6, 6))), ((3, 5), ((1, 1), (1, 6))), ((3, 3), ((1, 6),)), ((3, 3), ((1, 6), (6, 6))), ((3, 1), ((6, 1),)), ((4, 6), ((1, 1), (1, 6))), ((4, 6), ((1, 1),)), ((5, 5), ((1, 1),)), ((4, 1), ((6, 1), (6, 6))), ((1, 4), ((1, 1), (6, 6))), ((1, 4), ((1, 1), (1, 6), (6, 6))), ((4, 5), ((1, 1), (1, 6))), ((3, 2), ((1, 6),)), ((3, 2), ((1, 6), (6, 6))), ((3, 2), ((6, 1),)), ((5, 6), ((1, 1), (1, 6))), ((5, 6), ((1, 1),)), ((6, 5), ((1, 1),)), ((3, 1), ((6, 1), (6, 6))), ((1, 5), ((1, 1), (6, 6))), ((1, 5), ((1, 1), (1, 6), (6, 6))), ((5, 5), ((1, 1), (1, 6))), ((3, 1), ((1, 6),)), ((3, 1), ((1, 6), (6, 6))), ((3, 3), ((6, 1),)), ((6, 6), ((1, 1), (1, 6), (6, 6))), ((6, 6), ((1, 1), (6, 6))), ((6, 4), ((1, 1),)), ((3, 2), ((6, 1), (6, 6))), ((1, 6), ((1, 1), (1, 6), (6, 6))), ((2, 5), ((1, 1), (6, 6))), ((2, 5), ((1, 1), (1, 6), (6, 6))), ((6, 5), ((1, 1), (1, 6))), ((4, 1), ((1, 6),)), ((4, 1), ((1, 6), (6, 6))), ((4, 3), ((6, 1),)), ((6, 5), ((1, 1), (1, 6), (6, 6))), ((5, 6), ((1, 1), (1, 6), (6, 6))), ((6, 5), ((1, 1), (6, 6))), ((5, 6), ((1, 1), (6, 6))), ((6, 3), ((1, 1),)), ((3, 3), ((6, 1), (6, 6))), ((2, 6), ((1, 1), (1, 6), (6, 6))), ((2, 6), ((1, 1), (6, 6))), ((3, 5), ((1, 1), (6, 6))), ((3, 5), ((1, 1), (1, 6), (6, 6))), ((6, 4), ((1, 1), (1, 6))), ((5, 1), ((1, 6),)), ((5, 1), ((1, 6), (6, 6))), ((5, 3), ((6, 1),)), ((6, 4), ((1, 1), (1, 6), (6, 6))), ((5, 5), ((1, 1), (1, 6), (6, 6))), ((4, 6), ((1, 1), (1, 6), (6, 6))), ((6, 4), ((1, 1), (6, 6))), ((5, 5), ((1, 1), (6, 6)))]",19,0,19
168,"((5, 3), ((1, 1),))","((6, 3), ((1, 1),))",West,"[((4, 3), ((1, 1),)) via West]","[((5, 3), ((1, 1),)), ((4, 3), ((6, 1), (6, 6))), ((3, 6), ((1, 1), (1, 6), (6, 6))), ((3, 6), ((1, 1), (6, 6))), ((4, 5), ((1, 1), (6, 6))), ((4, 5), ((1, 1), (1, 6), (6, 6))), ((6, 3), ((1, 1), (1, 6))), ((6, 1), ((1, 6), (6, 1))), ((6, 1), ((1, 6), (6, 1), (6, 6))), ((6, 3), ((6, 1),)), ((6, 3), ((1, 1), (1, 6), (6, 6))), ((6, 3), ((1, 1), (6, 6)))]","[((4, 3), ((6, 1), (6, 6))), ((3, 6), ((1, 1), (1, 6), (6, 6))), ((3, 6), ((1, 1), (6, 6))), ((4, 5), ((1, 1), (6, 6))), ((4, 5), ((1, 1), (1, 6), (6, 6))), ((6, 3), ((1, 1), (1, 6))), ((6, 1), ((1, 6), (6, 1))), ((6, 1), ((1, 6), (6, 1), (6, 6))), ((6, 3), ((6, 1),)), ((6, 3), ((1, 1), (1, 6), (6, 6))), ((6, 3), ((1, 1), (6, 6))), ((4, 3), ((1, 1),))]","[((4, 5), ()), ((4, 6), ()), ((5, 5), ()), ((3, 5), ()), ((5, 6), ()), ((3, 6), ()), ((6, 5), ()), ((2, 5), ()), ((6, 6), ((6, 6),)), ((2, 6), ()), ((6, 4), ()), ((1, 5), ()), ((6, 5), ((6, 6),)), ((5, 6), ((6, 6),)), ((1, 6), ((1, 6),)), ((6, 3), ()), ((1, 4), ()), ((6, 4), ((6, 6),)), ((5, 5), ((6, 6),)), ((4, 6), ((6, 6),)), ((1, 5), ((1, 6),)), ((2, 6), ((1, 6),)), ((5, 3), ()), ((1, 3), ()), ((6, 3), ((6, 6),)), ((4, 5), ((6, 6),)), ((3, 6), ((6, 6),)), ((1, 4), ((1, 6),)), ((2, 5), ((1, 6),)), ((3, 6), ((1, 6),)), ((4, 3), ()), ((1, 2), ()), ((5, 3), ((6, 6),)), ((3, 5), ((6, 6),)), ((2, 6), ((6, 6),)), ((1, 3), ((1, 6),)), ((3, 5), ((1, 6),)), ((4, 6), ((1, 6),)), ((3, 3), ()), ((1, 1), ((1, 1),)), ((4, 3), ((6, 6),)), ((2, 5), ((6, 6),)), ((1, 6), ((1, 6), (6, 6))), ((1, 2), ((1, 6),)), ((4, 5), ((1, 6),)), ((5, 6), ((1, 6),)), ((3, 2), ()), ((1, 2), ((1, 1),)), ((3, 3), ((6, 6),)), ((1, 5), ((6, 6),)), ((1, 5), ((1, 6), (6, 6))), ((2, 6), ((1, 6), (6, 6))), ((1, 1), ((1, 1), (1, 6))), ((5, 5), ((1, 6),)), ((6, 6), ((1, 6), (6, 6))), ((3, 1), ()), ((1, 3), ((1, 1),)), ((3, 2), ((6, 6),)), ((1, 4), ((6, 6),)), ((1, 4), ((1, 6), (6, 6))), ((2, 5), ((1, 6), (6, 6))), ((3, 6), ((1, 6), (6, 6))), ((1, 2), ((1, 1), (1, 6))), ((6, 5), ((1, 6),)), ((6, 5), ((1, 6), (6, 6))), ((5, 6), ((1, 6), (6, 6))), ((4, 1), ()), ((1, 4), ((1, 1),)), ((3, 1), ((6, 6),)), ((1, 3), ((6, 6),)), ((1, 3), ((1, 6), (6, 6))), ((3, 5), ((1, 6), (6, 6))), ((4, 6), ((1, 6), (6, 6))), ((1, 3), ((1, 1), (1, 6))), ((6, 4), ((1, 6),)), ((6, 4), ((1, 6), (6, 6))), ((5, 5), ((1, 6), (6, 6))), ((5, 1), ()), ((1, 5), ((1, 1),)), ((4, 1), ((6, 6),)), ((1, 2), ((6, 6),)), ((1, 2), ((1, 6), (6, 6))), ((4, 5), ((1, 6), (6, 6))), ((1, 4), ((1, 1), (1, 6))), ((6, 3), ((1, 6),)), ((6, 3), ((1, 6), (6, 6))), ((6, 1), ((6, 1),)), ((1, 6), ((1, 1), (1, 6))), ((2, 5), ((1, 1),)), ((5, 1), ((6, 6),)), ((1, 1), ((1, 1), (6, 6))), ((1, 1), ((1, 1), (1, 6), (6, 6))), ((1, 5), ((1, 1), (1, 6))), ((5, 3), ((1, 6),)), ((5, 3), ((1, 6), (6, 6))), ((5, 1), ((6, 1),)), ((2, 6), ((1, 1), (1, 6))), ((2, 6), ((1, 1),)), ((3, 5), ((1, 1),)), ((6, 1), ((6, 1), (6, 6))), ((1, 2), ((1, 1), (6, 6))), ((1, 2), ((1, 1), (1, 6), (6, 6))), ((2, 5), ((1, 1), (1, 6))), ((4, 3), ((1, 6),)), ((4, 3), ((1, 6), (6, 6))), ((4, 1), ((6, 1),)), ((3, 6), ((1, 1), (1, 6))), ((3, 6), ((1, 1),)), ((4, 5), ((1, 1),)), ((5, 1), ((6, 1), (6, 6))), ((1, 3), ((1, 1), (6, 6))), ((1, 3), ((1, 1), (1, 6), (6, 6))), ((3, 5), ((1, 1), (1, 6))), ((3, 3), ((1, 6),)), ((3, 3), ((1, 6), (6, 6))), ((3, 1), ((6, 1),)), ((4, 6), ((1, 1), (1, 6))), ((4, 6), ((1, 1),)), ((5, 5), ((1, 1),)), ((4, 1), ((6, 1), (6, 6))), ((1, 4), ((1, 1), (6, 6))), ((1, 4), ((1, 1), (1, 6), (6, 6))), ((4, 5), ((1, 1), (1, 6))), ((3, 2), ((1, 6),)), ((3, 2), ((1, 6), (6, 6))), ((3, 2), ((6, 1),)), ((5, 6), ((1, 1), (1, 6))), ((5, 6), ((1, 1),)), ((6, 5), ((1, 1),)), ((3, 1), ((6, 1), (6, 6))), ((1, 5), ((1, 1), (6, 6))), ((1, 5), ((1, 1), (1, 6), (6, 6))), ((5, 5), ((1, 1), (1, 6))), ((3, 1), ((1, 6),)), ((3, 1), ((1, 6), (6, 6))), ((3, 3), ((6, 1),)), ((6, 6), ((1, 1), (1, 6), (6, 6))), ((6, 6), ((1, 1), (6, 6))), ((6, 4), ((1, 1),)), ((3, 2), ((6, 1), (6, 6))), ((1, 6), ((1, 1), (1, 6), (6, 6))), ((2, 5), ((1, 1), (6, 6))), ((2, 5), ((1, 1), (1, 6), (6, 6))), ((6, 5), ((1, 1), (1, 6))), ((4, 1), ((1, 6),)), ((4, 1), ((1, 6), (6, 6))), ((4, 3), ((6, 1),)), ((6, 5), ((1, 1), (1, 6), (6, 6))), ((5, 6), ((1, 1), (1, 6), (6, 6))), ((6, 5), ((1, 1), (6, 6))), ((5, 6), ((1, 1), (6, 6))), ((6, 3), ((1, 1),)), ((3, 3), ((6, 1), (6, 6))), ((2, 6), ((1, 1), (1, 6), (6, 6))), ((2, 6), ((1, 1), (6, 6))), ((3, 5), ((1, 1), (6, 6))), ((3, 5), ((1, 1), (1, 6), (6, 6))), ((6, 4), ((1, 1), (1, 6))), ((5, 1), ((1, 6),)), ((5, 1), ((1, 6), (6, 6))), ((5, 3), ((6, 1),)), ((6, 4), ((1, 1), (1, 6), (6, 6))), ((5, 5), ((1, 1), (1, 6), (6, 6))), ((4, 6), ((1, 1), (1, 6), (6, 6))), ((6, 4), ((1, 1), (6, 6))), ((5, 5), ((1, 1), (6, 6))), ((4, 6), ((1, 1), (6, 6)))]",19,0,19
169,"((4, 3), ((6, 1), (6, 6)))","((3, 3), ((6, 1), (6, 6)))",East,"[((5, 3), ((6, 1), (6, 6))) via East]","[((4, 3), ((6, 1), (6, 6))), ((3, 6), ((1, 1), (1, 6), (6, 6))), ((3, 6), ((1, 1), (6, 6))), ((4, 5), ((1, 1), (6, 6))), ((4, 5), ((1, 1), (1, 6), (6, 6))), ((6, 3), ((1, 1), (1, 6))), ((6, 1), ((1, 6), (6, 1))), ((6, 1), ((1, 6), (6, 1), (6, 6))), ((6, 3), ((6, 1),)), ((6, 3), ((1, 1), (1, 6), (6, 6))), ((6, 3), ((1, 1), (6, 6))), ((4, 3), ((1, 1),))]","[((3, 6), ((1, 1), (1, 6), (6, 6))), ((3, 6), ((1, 1), (6, 6))), ((4, 5), ((1, 1), (6, 6))), ((4, 5), ((1, 1), (1, 6), (6, 6))), ((6, 3), ((1, 1), (1, 6))), ((6, 1), ((1, 6), (6, 1))), ((6, 1), ((1, 6), (6, 1), (6, 6))), ((6, 3), ((6, 1),)), ((6, 3), ((1, 1), (1, 6), (6, 6))), ((6, 3), ((1, 1), (6, 6))), ((4, 3), ((1, 1),)), ((5, 3), ((6, 1), (6, 6)))]","[((4, 5), ()), ((4, 6), ()), ((5, 5), ()), ((3, 5), ()), ((5, 6), ()), ((3, 6), ()), ((6, 5), ()), ((2, 5), ()), ((6, 6), ((6, 6),)), ((2, 6), ()), ((6, 4), ()), ((1, 5), ()), ((6, 5), ((6, 6),)), ((5, 6), ((6, 6),)), ((1, 6), ((1, 6),)), ((6, 3), ()), ((1, 4), ()), ((6, 4), ((6, 6),)), ((5, 5), ((6, 6),)), ((4, 6), ((6, 6),)), ((1, 5), ((1, 6),)), ((2, 6), ((1, 6),)), ((5, 3), ()), ((1, 3), ()), ((6, 3), ((6, 6),)), ((4, 5), ((6, 6),)), ((3, 6), ((6, 6),)), ((1, 4), ((1, 6),)), ((2, 5), ((1, 6),)), ((3, 6), ((1, 6),)), ((4, 3), ()), ((1, 2), ()), ((5, 3), ((6, 6),)), ((3, 5), ((6, 6),)), ((2, 6), ((6, 6),)), ((1, 3), ((1, 6),)), ((3, 5), ((1, 6),)), ((4, 6), ((1, 6),)), ((3, 3), ()), ((1, 1), ((1, 1),)), ((4, 3), ((6, 6),)), ((2, 5), ((6, 6),)), ((1, 6), ((1, 6), (6, 6))), ((1, 2), ((1, 6),)), ((4, 5), ((1, 6),)), ((5, 6), ((1, 6),)), ((3, 2), ()), ((1, 2), ((1, 1),)), ((3, 3), ((6, 6),)), ((1, 5), ((6, 6),)), ((1, 5), ((1, 6), (6, 6))), ((2, 6), ((1, 6), (6, 6))), ((1, 1), ((1, 1), (1, 6))), ((5, 5), ((1, 6),)), ((6, 6), ((1, 6), (6, 6))), ((3, 1), ()), ((1, 3), ((1, 1),)), ((3, 2), ((6, 6),)), ((1, 4), ((6, 6),)), ((1, 4), ((1, 6), (6, 6))), ((2, 5), ((1, 6), (6, 6))), ((3, 6), ((1, 6), (6, 6))), ((1, 2), ((1, 1), (1, 6))), ((6, 5), ((1, 6),)), ((6, 5), ((1, 6), (6, 6))), ((5, 6), ((1, 6), (6, 6))), ((4, 1), ()), ((1, 4), ((1, 1),)), ((3, 1), ((6, 6),)), ((1, 3), ((6, 6),)), ((1, 3), ((1, 6), (6, 6))), ((3, 5), ((1, 6), (6, 6))), ((4, 6), ((1, 6), (6, 6))), ((1, 3), ((1, 1), (1, 6))), ((6, 4), ((1, 6),)), ((6, 4), ((1, 6), (6, 6))), ((5, 5), ((1, 6), (6, 6))), ((5, 1), ()), ((1, 5), ((1, 1),)), ((4, 1), ((6, 6),)), ((1, 2), ((6, 6),)), ((1, 2), ((1, 6), (6, 6))), ((4, 5), ((1, 6), (6, 6))), ((1, 4), ((1, 1), (1, 6))), ((6, 3), ((1, 6),)), ((6, 3), ((1, 6), (6, 6))), ((6, 1), ((6, 1),)), ((1, 6), ((1, 1), (1, 6))), ((2, 5), ((1, 1),)), ((5, 1), ((6, 6),)), ((1, 1), ((1, 1), (6, 6))), ((1, 1), ((1, 1), (1, 6), (6, 6))), ((1, 5), ((1, 1), (1, 6))), ((5, 3), ((1, 6),)), ((5, 3), ((1, 6), (6, 6))), ((5, 1), ((6, 1),)), ((2, 6), ((1, 1), (1, 6))), ((2, 6), ((1, 1),)), ((3, 5), ((1, 1),)), ((6, 1), ((6, 1), (6, 6))), ((1, 2), ((1, 1), (6, 6))), ((1, 2), ((1, 1), (1, 6), (6, 6))), ((2, 5), ((1, 1), (1, 6))), ((4, 3), ((1, 6),)), ((4, 3), ((1, 6), (6, 6))), ((4, 1), ((6, 1),)), ((3, 6), ((1, 1), (1, 6))), ((3, 6), ((1, 1),)), ((4, 5), ((1, 1),)), ((5, 1), ((6, 1), (6, 6))), ((1, 3), ((1, 1), (6, 6))), ((1, 3), ((1, 1), (1, 6), (6, 6))), ((3, 5), ((1, 1), (1, 6))), ((3, 3), ((1, 6),)), ((3, 3), ((1, 6), (6, 6))), ((3, 1), ((6, 1),)), ((4, 6), ((1, 1), (1, 6))), ((4, 6), ((1, 1),)), ((5, 5), ((1, 1),)), ((4, 1), ((6, 1), (6, 6))), ((1, 4), ((1, 1), (6, 6))), ((1, 4), ((1, 1), (1, 6), (6, 6))), ((4, 5), ((1, 1), (1, 6))), ((3, 2), ((1, 6),)), ((3, 2), ((1, 6), (6, 6))), ((3, 2), ((6, 1),)), ((5, 6), ((1, 1), (1, 6))), ((5, 6), ((1, 1),)), ((6, 5), ((1, 1),)), ((3, 1), ((6, 1), (6, 6))), ((1, 5), ((1, 1), (6, 6))), ((1, 5), ((1, 1), (1, 6), (6, 6))), ((5, 5), ((1, 1), (1, 6))), ((3, 1), ((1, 6),)), ((3, 1), ((1, 6), (6, 6))), ((3, 3), ((6, 1),)), ((6, 6), ((1, 1), (1, 6), (6, 6))), ((6, 6), ((1, 1), (6, 6))), ((6, 4), ((1, 1),)), ((3, 2), ((6, 1), (6, 6))), ((1, 6), ((1, 1), (1, 6), (6, 6))), ((2, 5), ((1, 1), (6, 6))), ((2, 5), ((1, 1), (1, 6), (6, 6))), ((6, 5), ((1, 1), (1, 6))), ((4, 1), ((1, 6),)), ((4, 1), ((1, 6), (6, 6))), ((4, 3), ((6, 1),)), ((6, 5), ((1, 1), (1, 6), (6, 6))), ((5, 6), ((1, 1), (1, 6), (6, 6))), ((6, 5), ((1, 1), (6, 6))), ((5, 6), ((1, 1), (6, 6))), ((6, 3), ((1, 1),)), ((3, 3), ((6, 1), (6, 6))), ((2, 6), ((1, 1), (1, 6), (6, 6))), ((2, 6), ((1, 1), (6, 6))), ((3, 5), ((1, 1), (6, 6))), ((3, 5), ((1, 1), (1, 6), (6, 6))), ((6, 4), ((1, 1), (1, 6))), ((5, 1), ((1, 6),)), ((5, 1), ((1, 6), (6, 6))), ((5, 3), ((6, 1),)), ((6, 4), ((1, 1), (1, 6), (6, 6))), ((5, 5), ((1, 1), (1, 6), (6, 6))), ((4, 6), ((1, 1), (1, 6), (6, 6))), ((6, 4), ((1, 1), (6, 6))), ((5, 5), ((1, 1), (6, 6))), ((4, 6), ((1, 1), (6, 6))), ((5, 3), ((1, 1),))]",20,0,20
170,"((3, 6), ((1, 1), (1, 6), (6, 6)))","((2, 6), ((1, 1), (1, 6), (6, 6)))",East,[],"[((3, 6), ((1, 1), (1, 6), (6, 6))), ((3, 6), ((1, 1), (6, 6))), ((4, 5), ((1, 1), (6, 6))), ((4, 5), ((1, 1), (1, 6), (6, 6))), ((6, 3), ((1, 1), (1, 6))), ((6, 1), ((1, 6), (6, 1))), ((6, 1), ((1, 6), (6, 1), (6, 6))), ((6, 3), ((6, 1),)), ((6, 3), ((1, 1), (1, 6), (6, 6))), ((6, 3), ((1, 1), (6, 6))), ((4, 3), ((1, 1),)), ((5, 3), ((6, 1), (6, 6)))]","[((3, 6), ((1, 1), (6, 6))), ((4, 5), ((1, 1), (6, 6))), ((4, 5), ((1, 1), (1, 6), (6, 6))), ((6, 3), ((1, 1), (1, 6))), ((6, 1), ((1, 6), (6, 1))), ((6, 1), ((1, 6), (6, 1), (6, 6))), ((6, 3), ((6, 1),)), ((6, 3), ((1, 1), (1, 6), (6, 6))), ((6, 3), ((1, 1), (6, 6))), ((4, 3), ((1, 1),)), ((5, 3), ((6, 1), (6, 6)))]","[((4, 5), ()), ((4, 6), ()), ((5, 5), ()), ((3, 5), ()), ((5, 6), ()), ((3, 6), ()), ((6, 5), ()), ((2, 5), ()), ((6, 6), ((6, 6),)), ((2, 6), ()), ((6, 4), ()), ((1, 5), ()), ((6, 5), ((6, 6),)), ((5, 6), ((6, 6),)), ((1, 6), ((1, 6),)), ((6, 3), ()), ((1, 4), ()), ((6, 4), ((6, 6),)), ((5, 5), ((6, 6),)), ((4, 6), ((6, 6),)), ((1, 5), ((1, 6),)), ((2, 6), ((1, 6),)), ((5, 3), ()), ((1, 3), ()), ((6, 3), ((6, 6),)), ((4, 5), ((6, 6),)), ((3, 6), ((6, 6),)), ((1, 4), ((1, 6),)), ((2, 5), ((1, 6),)), ((3, 6), ((1, 6),)), ((4, 3), ()), ((1, 2), ()), ((5, 3), ((6, 6),)), ((3, 5), ((6, 6),)), ((2, 6), ((6, 6),)), ((1, 3), ((1, 6),)), ((3, 5), ((1, 6),)), ((4, 6), ((1, 6),)), ((3, 3), ()), ((1, 1), ((1, 1),)), ((4, 3), ((6, 6),)), ((2, 5), ((6, 6),)), ((1, 6), ((1, 6), (6, 6))), ((1, 2), ((1, 6),)), ((4, 5), ((1, 6),)), ((5, 6), ((1, 6),)), ((3, 2), ()), ((1, 2), ((1, 1),)), ((3, 3), ((6, 6),)), ((1, 5), ((6, 6),)), ((1, 5), ((1, 6), (6, 6))), ((2, 6), ((1, 6), (6, 6))), ((1, 1), ((1, 1), (1, 6))), ((5, 5), ((1, 6),)), ((6, 6), ((1, 6), (6, 6))), ((3, 1), ()), ((1, 3), ((1, 1),)), ((3, 2), ((6, 6),)), ((1, 4), ((6, 6),)), ((1, 4), ((1, 6), (6, 6))), ((2, 5), ((1, 6), (6, 6))), ((3, 6), ((1, 6), (6, 6))), ((1, 2), ((1, 1), (1, 6))), ((6, 5), ((1, 6),)), ((6, 5), ((1, 6), (6, 6))), ((5, 6), ((1, 6), (6, 6))), ((4, 1), ()), ((1, 4), ((1, 1),)), ((3, 1), ((6, 6),)), ((1, 3), ((6, 6),)), ((1, 3), ((1, 6), (6, 6))), ((3, 5), ((1, 6), (6, 6))), ((4, 6), ((1, 6), (6, 6))), ((1, 3), ((1, 1), (1, 6))), ((6, 4), ((1, 6),)), ((6, 4), ((1, 6), (6, 6))), ((5, 5), ((1, 6), (6, 6))), ((5, 1), ()), ((1, 5), ((1, 1),)), ((4, 1), ((6, 6),)), ((1, 2), ((6, 6),)), ((1, 2), ((1, 6), (6, 6))), ((4, 5), ((1, 6), (6, 6))), ((1, 4), ((1, 1), (1, 6))), ((6, 3), ((1, 6),)), ((6, 3), ((1, 6), (6, 6))), ((6, 1), ((6, 1),)), ((1, 6), ((1, 1), (1, 6))), ((2, 5), ((1, 1),)), ((5, 1), ((6, 6),)), ((1, 1), ((1, 1), (6, 6))), ((1, 1), ((1, 1), (1, 6), (6, 6))), ((1, 5), ((1, 1), (1, 6))), ((5, 3), ((1, 6),)), ((5, 3), ((1, 6), (6, 6))), ((5, 1), ((6, 1),)), ((2, 6), ((1, 1), (1, 6))), ((2, 6), ((1, 1),)), ((3, 5), ((1, 1),)), ((6, 1), ((6, 1), (6, 6))), ((1, 2), ((1, 1), (6, 6))), ((1, 2), ((1, 1), (1, 6), (6, 6))), ((2, 5), ((1, 1), (1, 6))), ((4, 3), ((1, 6),)), ((4, 3), ((1, 6), (6, 6))), ((4, 1), ((6, 1),)), ((3, 6), ((1, 1), (1, 6))), ((3, 6), ((1, 1),)), ((4, 5), ((1, 1),)), ((5, 1), ((6, 1), (6, 6))), ((1, 3), ((1, 1), (6, 6))), ((1, 3), ((1, 1), (1, 6), (6, 6))), ((3, 5), ((1, 1), (1, 6))), ((3, 3), ((1, 6),)), ((3, 3), ((1, 6), (6, 6))), ((3, 1), ((6, 1),)), ((4, 6), ((1, 1), (1, 6))), ((4, 6), ((1, 1),)), ((5, 5), ((1, 1),)), ((4, 1), ((6, 1), (6, 6))), ((1, 4), ((1, 1), (6, 6))), ((1, 4), ((1, 1), (1, 6), (6, 6))), ((4, 5), ((1, 1), (1, 6))), ((3, 2), ((1, 6),)), ((3, 2), ((1, 6), (6, 6))), ((3, 2), ((6, 1),)), ((5, 6), ((1, 1), (1, 6))), ((5, 6), ((1, 1),)), ((6, 5), ((1, 1),)), ((3, 1), ((6, 1), (6, 6))), ((1, 5), ((1, 1), (6, 6))), ((1, 5), ((1, 1), (1, 6), (6, 6))), ((5, 5), ((1, 1), (1, 6))), ((3, 1), ((1, 6),)), ((3, 1), ((1, 6), (6, 6))), ((3, 3), ((6, 1),)), ((6, 6), ((1, 1), (1, 6), (6, 6))), ((6, 6), ((1, 1), (6, 6))), ((6, 4), ((1, 1),)), ((3, 2), ((6, 1), (6, 6))), ((1, 6), ((1, 1), (1, 6), (6, 6))), ((2, 5), ((1, 1), (6, 6))), ((2, 5), ((1, 1), (1, 6), (6, 6))), ((6, 5), ((1, 1), (1, 6))), ((4, 1), ((1, 6),)), ((4, 1), ((1, 6), (6, 6))), ((4, 3), ((6, 1),)), ((6, 5), ((1, 1), (1, 6), (6, 6))), ((5, 6), ((1, 1), (1, 6), (6, 6))), ((6, 5), ((1, 1), (6, 6))), ((5, 6), ((1, 1), (6, 6))), ((6, 3), ((1, 1),)), ((3, 3), ((6, 1), (6, 6))), ((2, 6), ((1, 1), (1, 6), (6, 6))), ((2, 6), ((1, 1), (6, 6))), ((3, 5), ((1, 1), (6, 6))), ((3, 5), ((1, 1), (1, 6), (6, 6))), ((6, 4), ((1, 1), (1, 6))), ((5, 1), ((1, 6),)), ((5, 1), ((1, 6), (6, 6))), ((5, 3), ((6, 1),)), ((6, 4), ((1, 1), (1, 6), (6, 6))), ((5, 5), ((1, 1), (1, 6), (6, 6))), ((4, 6), ((1, 1), (1, 6), (6, 6))), ((6, 4), ((1, 1), (6, 6))), ((5, 5), ((1, 1), (6, 6))), ((4, 6), ((1, 1), (6, 6))), ((5, 3), ((1, 1),)), ((4, 3), ((6, 1), (6, 6)))]",20,0,20
171,"((3, 6), ((1, 1), (6, 6)))","((2, 6), ((1, 1), (6, 6)))",East,[],"[((3, 6), ((1, 1), (6, 6))), ((4, 5), ((1, 1), (6, 6))), ((4, 5), ((1, 1), (1, 6), (6, 6))), ((6, 3), ((1, 1), (1, 6))), ((6, 1), ((1, 6), (6, 1))), ((6, 1), ((1, 6), (6, 1), (6, 6))), ((6, 3), ((6, 1),)), ((6, 3), ((1, 1), (1, 6), (6, 6))), ((6, 3), ((1, 1), (6, 6))), ((4, 3), ((1, 1),)), ((5, 3), ((6, 1), (6, 6)))]","[((4, 5), ((1, 1), (6, 6))), ((4, 5), ((1, 1), (1, 6), (6, 6))), ((6, 3), ((1, 1), (1, 6))), ((6, 1), ((1, 6), (6, 1))), ((6, 1), ((1, 6), (6, 1), (6, 6))), ((6, 3), ((6, 1),)), ((6, 3), ((1, 1), (1, 6), (6, 6))), ((6, 3), ((1, 1), (6, 6))), ((4, 3), ((1, 1),)), ((5, 3), ((6, 1), (6, 6)))]","[((4, 5), ()), ((4, 6), ()), ((5, 5), ()), ((3, 5), ()), ((5, 6), ()), ((3, 6), ()), ((6, 5), ()), ((2, 5), ()), ((6, 6), ((6, 6),)), ((2, 6), ()), ((6, 4), ()), ((1, 5), ()), ((6, 5), ((6, 6),)), ((5, 6), ((6, 6),)), ((1, 6), ((1, 6),)), ((6, 3), ()), ((1, 4), ()), ((6, 4), ((6, 6),)), ((5, 5), ((6, 6),)), ((4, 6), ((6, 6),)), ((1, 5), ((1, 6),)), ((2, 6), ((1, 6),)), ((5, 3), ()), ((1, 3), ()), ((6, 3), ((6, 6),)), ((4, 5), ((6, 6),)), ((3, 6), ((6, 6),)), ((1, 4), ((1, 6),)), ((2, 5), ((1, 6),)), ((3, 6), ((1, 6),)), ((4, 3), ()), ((1, 2), ()), ((5, 3), ((6, 6),)), ((3, 5), ((6, 6),)), ((2, 6), ((6, 6),)), ((1, 3), ((1, 6),)), ((3, 5), ((1, 6),)), ((4, 6), ((1, 6),)), ((3, 3), ()), ((1, 1), ((1, 1),)), ((4, 3), ((6, 6),)), ((2, 5), ((6, 6),)), ((1, 6), ((1, 6), (6, 6))), ((1, 2), ((1, 6),)), ((4, 5), ((1, 6),)), ((5, 6), ((1, 6),)), ((3, 2), ()), ((1, 2), ((1, 1),)), ((3, 3), ((6, 6),)), ((1, 5), ((6, 6),)), ((1, 5), ((1, 6), (6, 6))), ((2, 6), ((1, 6), (6, 6))), ((1, 1), ((1, 1), (1, 6))), ((5, 5), ((1, 6),)), ((6, 6), ((1, 6), (6, 6))), ((3, 1), ()), ((1, 3), ((1, 1),)), ((3, 2), ((6, 6),)), ((1, 4), ((6, 6),)), ((1, 4), ((1, 6), (6, 6))), ((2, 5), ((1, 6), (6, 6))), ((3, 6), ((1, 6), (6, 6))), ((1, 2), ((1, 1), (1, 6))), ((6, 5), ((1, 6),)), ((6, 5), ((1, 6), (6, 6))), ((5, 6), ((1, 6), (6, 6))), ((4, 1), ()), ((1, 4), ((1, 1),)), ((3, 1), ((6, 6),)), ((1, 3), ((6, 6),)), ((1, 3), ((1, 6), (6, 6))), ((3, 5), ((1, 6), (6, 6))), ((4, 6), ((1, 6), (6, 6))), ((1, 3), ((1, 1), (1, 6))), ((6, 4), ((1, 6),)), ((6, 4), ((1, 6), (6, 6))), ((5, 5), ((1, 6), (6, 6))), ((5, 1), ()), ((1, 5), ((1, 1),)), ((4, 1), ((6, 6),)), ((1, 2), ((6, 6),)), ((1, 2), ((1, 6), (6, 6))), ((4, 5), ((1, 6), (6, 6))), ((1, 4), ((1, 1), (1, 6))), ((6, 3), ((1, 6),)), ((6, 3), ((1, 6), (6, 6))), ((6, 1), ((6, 1),)), ((1, 6), ((1, 1), (1, 6))), ((2, 5), ((1, 1),)), ((5, 1), ((6, 6),)), ((1, 1), ((1, 1), (6, 6))), ((1, 1), ((1, 1), (1, 6), (6, 6))), ((1, 5), ((1, 1), (1, 6))), ((5, 3), ((1, 6),)), ((5, 3), ((1, 6), (6, 6))), ((5, 1), ((6, 1),)), ((2, 6), ((1, 1), (1, 6))), ((2, 6), ((1, 1),)), ((3, 5), ((1, 1),)), ((6, 1), ((6, 1), (6, 6))), ((1, 2), ((1, 1), (6, 6))), ((1, 2), ((1, 1), (1, 6), (6, 6))), ((2, 5), ((1, 1), (1, 6))), ((4, 3), ((1, 6),)), ((4, 3), ((1, 6), (6, 6))), ((4, 1), ((6, 1),)), ((3, 6), ((1, 1), (1, 6))), ((3, 6), ((1, 1),)), ((4, 5), ((1, 1),)), ((5, 1), ((6, 1), (6, 6))), ((1, 3), ((1, 1), (6, 6))), ((1, 3), ((1, 1), (1, 6), (6, 6))), ((3, 5), ((1, 1), (1, 6))), ((3, 3), ((1, 6),)), ((3, 3), ((1, 6), (6, 6))), ((3, 1), ((6, 1),)), ((4, 6), ((1, 1), (1, 6))), ((4, 6), ((1, 1),)), ((5, 5), ((1, 1),)), ((4, 1), ((6, 1), (6, 6))), ((1, 4), ((1, 1), (6, 6))), ((1, 4), ((1, 1), (1, 6), (6, 6))), ((4, 5), ((1, 1), (1, 6))), ((3, 2), ((1, 6),)), ((3, 2), ((1, 6), (6, 6))), ((3, 2), ((6, 1),)), ((5, 6), ((1, 1), (1, 6))), ((5, 6), ((1, 1),)), ((6, 5), ((1, 1),)), ((3, 1), ((6, 1), (6, 6))), ((1, 5), ((1, 1), (6, 6))), ((1, 5), ((1, 1), (1, 6), (6, 6))), ((5, 5), ((1, 1), (1, 6))), ((3, 1), ((1, 6),)), ((3, 1), ((1, 6), (6, 6))), ((3, 3), ((6, 1),)), ((6, 6), ((1, 1), (1, 6), (6, 6))), ((6, 6), ((1, 1), (6, 6))), ((6, 4), ((1, 1),)), ((3, 2), ((6, 1), (6, 6))), ((1, 6), ((1, 1), (1, 6), (6, 6))), ((2, 5), ((1, 1), (6, 6))), ((2, 5), ((1, 1), (1, 6), (6, 6))), ((6, 5), ((1, 1), (1, 6))), ((4, 1), ((1, 6),)), ((4, 1), ((1, 6), (6, 6))), ((4, 3), ((6, 1),)), ((6, 5), ((1, 1), (1, 6), (6, 6))), ((5, 6), ((1, 1), (1, 6), (6, 6))), ((6, 5), ((1, 1), (6, 6))), ((5, 6), ((1, 1), (6, 6))), ((6, 3), ((1, 1),)), ((3, 3), ((6, 1), (6, 6))), ((2, 6), ((1, 1), (1, 6), (6, 6))), ((2, 6), ((1, 1), (6, 6))), ((3, 5), ((1, 1), (6, 6))), ((3, 5), ((1, 1), (1, 6), (6, 6))), ((6, 4), ((1, 1), (1, 6))), ((5, 1), ((1, 6),)), ((5, 1), ((1, 6), (6, 6))), ((5, 3), ((6, 1),)), ((6, 4), ((1, 1), (1, 6), (6, 6))), ((5, 5), ((1, 1), (1, 6), (6, 6))), ((4, 6), ((1, 1), (1, 6), (6, 6))), ((6, 4), ((1, 1), (6, 6))), ((5, 5), ((1, 1), (6, 6))), ((4, 6), ((1, 1), (6, 6))), ((5, 3), ((1, 1),)), ((4, 3), ((6, 1), (6, 6))), ((3, 6), ((1, 1), (1, 6), (6, 6)))]",20,0,20
172,"((4, 5), ((1, 1), (6, 6)))","((3, 5), ((1, 1), (6, 6)))",East,[],"[((4, 5), ((1, 1), (6, 6))), ((4, 5), ((1, 1), (1, 6), (6, 6))), ((6, 3), ((1, 1), (1, 6))), ((6, 1), ((1, 6), (6, 1))), ((6, 1), ((1, 6), (6, 1), (6, 6))), ((6, 3), ((6, 1),)), ((6, 3), ((1, 1), (1, 6), (6, 6))), ((6, 3), ((1, 1), (6, 6))), ((4, 3), ((1, 1),)), ((5, 3), ((6, 1), (6, 6)))]","[((4, 5), ((1, 1), (1, 6), (6, 6))), ((6, 3), ((1, 1), (1, 6))), ((6, 1), ((1, 6), (6, 1))), ((6, 1), ((1, 6), (6, 1), (6, 6))), ((6, 3), ((6, 1),)), ((6, 3), ((1, 1), (1, 6), (6, 6))), ((6, 3), ((1, 1), (6, 6))), ((4, 3), ((1, 1),)), ((5, 3), ((6, 1), (6, 6)))]","[((4, 5), ()), ((4, 6), ()), ((5, 5), ()), ((3, 5), ()), ((5, 6), ()), ((3, 6), ()), ((6, 5), ()), ((2, 5), ()), ((6, 6), ((6, 6),)), ((2, 6), ()), ((6, 4), ()), ((1, 5), ()), ((6, 5), ((6, 6),)), ((5, 6), ((6, 6),)), ((1, 6), ((1, 6),)), ((6, 3), ()), ((1, 4), ()), ((6, 4), ((6, 6),)), ((5, 5), ((6, 6),)), ((4, 6), ((6, 6),)), ((1, 5), ((1, 6),)), ((2, 6), ((1, 6),)), ((5, 3), ()), ((1, 3), ()), ((6, 3), ((6, 6),)), ((4, 5), ((6, 6),)), ((3, 6), ((6, 6),)), ((1, 4), ((1, 6),)), ((2, 5), ((1, 6),)), ((3, 6), ((1, 6),)), ((4, 3), ()), ((1, 2), ()), ((5, 3), ((6, 6),)), ((3, 5), ((6, 6),)), ((2, 6), ((6, 6),)), ((1, 3), ((1, 6),)), ((3, 5), ((1, 6),)), ((4, 6), ((1, 6),)), ((3, 3), ()), ((1, 1), ((1, 1),)), ((4, 3), ((6, 6),)), ((2, 5), ((6, 6),)), ((1, 6), ((1, 6), (6, 6))), ((1, 2), ((1, 6),)), ((4, 5), ((1, 6),)), ((5, 6), ((1, 6),)), ((3, 2), ()), ((1, 2), ((1, 1),)), ((3, 3), ((6, 6),)), ((1, 5), ((6, 6),)), ((1, 5), ((1, 6), (6, 6))), ((2, 6), ((1, 6), (6, 6))), ((1, 1), ((1, 1), (1, 6))), ((5, 5), ((1, 6),)), ((6, 6), ((1, 6), (6, 6))), ((3, 1), ()), ((1, 3), ((1, 1),)), ((3, 2), ((6, 6),)), ((1, 4), ((6, 6),)), ((1, 4), ((1, 6), (6, 6))), ((2, 5), ((1, 6), (6, 6))), ((3, 6), ((1, 6), (6, 6))), ((1, 2), ((1, 1), (1, 6))), ((6, 5), ((1, 6),)), ((6, 5), ((1, 6), (6, 6))), ((5, 6), ((1, 6), (6, 6))), ((4, 1), ()), ((1, 4), ((1, 1),)), ((3, 1), ((6, 6),)), ((1, 3), ((6, 6),)), ((1, 3), ((1, 6), (6, 6))), ((3, 5), ((1, 6), (6, 6))), ((4, 6), ((1, 6), (6, 6))), ((1, 3), ((1, 1), (1, 6))), ((6, 4), ((1, 6),)), ((6, 4), ((1, 6), (6, 6))), ((5, 5), ((1, 6), (6, 6))), ((5, 1), ()), ((1, 5), ((1, 1),)), ((4, 1), ((6, 6),)), ((1, 2), ((6, 6),)), ((1, 2), ((1, 6), (6, 6))), ((4, 5), ((1, 6), (6, 6))), ((1, 4), ((1, 1), (1, 6))), ((6, 3), ((1, 6),)), ((6, 3), ((1, 6), (6, 6))), ((6, 1), ((6, 1),)), ((1, 6), ((1, 1), (1, 6))), ((2, 5), ((1, 1),)), ((5, 1), ((6, 6),)), ((1, 1), ((1, 1), (6, 6))), ((1, 1), ((1, 1), (1, 6), (6, 6))), ((1, 5), ((1, 1), (1, 6))), ((5, 3), ((1, 6),)), ((5, 3), ((1, 6), (6, 6))), ((5, 1), ((6, 1),)), ((2, 6), ((1, 1), (1, 6))), ((2, 6), ((1, 1),)), ((3, 5), ((1, 1),)), ((6, 1), ((6, 1), (6, 6))), ((1, 2), ((1, 1), (6, 6))), ((1, 2), ((1, 1), (1, 6), (6, 6))), ((2, 5), ((1, 1), (1, 6))), ((4, 3), ((1, 6),)), ((4, 3), ((1, 6), (6, 6))), ((4, 1), ((6, 1),)), ((3, 6), ((1, 1), (1, 6))), ((3, 6), ((1, 1),)), ((4, 5), ((1, 1),)), ((5, 1), ((6, 1), (6, 6))), ((1, 3), ((1, 1), (6, 6))), ((1, 3), ((1, 1), (1, 6), (6, 6))), ((3, 5), ((1, 1), (1, 6))), ((3, 3), ((1, 6),)), ((3, 3), ((1, 6), (6, 6))), ((3, 1), ((6, 1),)), ((4, 6), ((1, 1), (1, 6))), ((4, 6), ((1, 1),)), ((5, 5), ((1, 1),)), ((4, 1), ((6, 1), (6, 6))), ((1, 4), ((1, 1), (6, 6))), ((1, 4), ((1, 1), (1, 6), (6, 6))), ((4, 5), ((1, 1), (1, 6))), ((3, 2), ((1, 6),)), ((3, 2), ((1, 6), (6, 6))), ((3, 2), ((6, 1),)), ((5, 6), ((1, 1), (1, 6))), ((5, 6), ((1, 1),)), ((6, 5), ((1, 1),)), ((3, 1), ((6, 1), (6, 6))), ((1, 5), ((1, 1), (6, 6))), ((1, 5), ((1, 1), (1, 6), (6, 6))), ((5, 5), ((1, 1), (1, 6))), ((3, 1), ((1, 6),)), ((3, 1), ((1, 6), (6, 6))), ((3, 3), ((6, 1),)), ((6, 6), ((1, 1), (1, 6), (6, 6))), ((6, 6), ((1, 1), (6, 6))), ((6, 4), ((1, 1),)), ((3, 2), ((6, 1), (6, 6))), ((1, 6), ((1, 1), (1, 6), (6, 6))), ((2, 5), ((1, 1), (6, 6))), ((2, 5), ((1, 1), (1, 6), (6, 6))), ((6, 5), ((1, 1), (1, 6))), ((4, 1), ((1, 6),)), ((4, 1), ((1, 6), (6, 6))), ((4, 3), ((6, 1),)), ((6, 5), ((1, 1), (1, 6), (6, 6))), ((5, 6), ((1, 1), (1, 6), (6, 6))), ((6, 5), ((1, 1), (6, 6))), ((5, 6), ((1, 1), (6, 6))), ((6, 3), ((1, 1),)), ((3, 3), ((6, 1), (6, 6))), ((2, 6), ((1, 1), (1, 6), (6, 6))), ((2, 6), ((1, 1), (6, 6))), ((3, 5), ((1, 1), (6, 6))), ((3, 5), ((1, 1), (1, 6), (6, 6))), ((6, 4), ((1, 1), (1, 6))), ((5, 1), ((1, 6),)), ((5, 1), ((1, 6), (6, 6))), ((5, 3), ((6, 1),)), ((6, 4), ((1, 1), (1, 6), (6, 6))), ((5, 5), ((1, 1), (1, 6), (6, 6))), ((4, 6), ((1, 1), (1, 6), (6, 6))), ((6, 4), ((1, 1), (6, 6))), ((5, 5), ((1, 1), (6, 6))), ((4, 6), ((1, 1), (6, 6))), ((5, 3), ((1, 1),)), ((4, 3), ((6, 1), (6, 6))), ((3, 6), ((1, 1), (1, 6), (6, 6))), ((3, 6), ((1, 1), (6, 6)))]",20,0,20
173,"((4, 5), ((1, 1), (1, 6), (6, 6)))","((3, 5), ((1, 1), (1, 6), (6, 6)))",East,[],"[((4, 5), ((1, 1), (1, 6), (6, 6))), ((6, 3), ((1, 1), (1, 6))), ((6, 1), ((1, 6), (6, 1))), ((6, 1), ((1, 6), (6, 1), (6, 6))), ((6, 3), ((6, 1),)), ((6, 3), ((1, 1), (1, 6), (6, 6))), ((6, 3), ((1, 1), (6, 6))), ((4, 3), ((1, 1),)), ((5, 3), ((6, 1), (6, 6)))]","[((6, 3), ((1, 1), (1, 6))), ((6, 1), ((1, 6), (6, 1))), ((6, 1), ((1, 6), (6, 1), (6, 6))), ((6, 3), ((6, 1),)), ((6, 3), ((1, 1), (1, 6), (6, 6))), ((6, 3), ((1, 1), (6, 6))), ((4, 3), ((1, 1),)), ((5, 3), ((6, 1), (6, 6)))]","[((4, 5), ()), ((4, 6), ()), ((5, 5), ()), ((3, 5), ()), ((5, 6), ()), ((3, 6), ()), ((6, 5), ()), ((2, 5), ()), ((6, 6), ((6, 6),)), ((2, 6), ()), ((6, 4), ()), ((1, 5), ()), ((6, 5), ((6, 6),)), ((5, 6), ((6, 6),)), ((1, 6), ((1, 6),)), ((6, 3), ()), ((1, 4), ()), ((6, 4), ((6, 6),)), ((5, 5), ((6, 6),)), ((4, 6), ((6, 6),)), ((1, 5), ((1, 6),)), ((2, 6), ((1, 6),)), ((5, 3), ()), ((1, 3), ()), ((6, 3), ((6, 6),)), ((4, 5), ((6, 6),)), ((3, 6), ((6, 6),)), ((1, 4), ((1, 6),)), ((2, 5), ((1, 6),)), ((3, 6), ((1, 6),)), ((4, 3), ()), ((1, 2), ()), ((5, 3), ((6, 6),)), ((3, 5), ((6, 6),)), ((2, 6), ((6, 6),)), ((1, 3), ((1, 6),)), ((3, 5), ((1, 6),)), ((4, 6), ((1, 6),)), ((3, 3), ()), ((1, 1), ((1, 1),)), ((4, 3), ((6, 6),)), ((2, 5), ((6, 6),)), ((1, 6), ((1, 6), (6, 6))), ((1, 2), ((1, 6),)), ((4, 5), ((1, 6),)), ((5, 6), ((1, 6),)), ((3, 2), ()), ((1, 2), ((1, 1),)), ((3, 3), ((6, 6),)), ((1, 5), ((6, 6),)), ((1, 5), ((1, 6), (6, 6))), ((2, 6), ((1, 6), (6, 6))), ((1, 1), ((1, 1), (1, 6))), ((5, 5), ((1, 6),)), ((6, 6), ((1, 6), (6, 6))), ((3, 1), ()), ((1, 3), ((1, 1),)), ((3, 2), ((6, 6),)), ((1, 4), ((6, 6),)), ((1, 4), ((1, 6), (6, 6))), ((2, 5), ((1, 6), (6, 6))), ((3, 6), ((1, 6), (6, 6))), ((1, 2), ((1, 1), (1, 6))), ((6, 5), ((1, 6),)), ((6, 5), ((1, 6), (6, 6))), ((5, 6), ((1, 6), (6, 6))), ((4, 1), ()), ((1, 4), ((1, 1),)), ((3, 1), ((6, 6),)), ((1, 3), ((6, 6),)), ((1, 3), ((1, 6), (6, 6))), ((3, 5), ((1, 6), (6, 6))), ((4, 6), ((1, 6), (6, 6))), ((1, 3), ((1, 1), (1, 6))), ((6, 4), ((1, 6),)), ((6, 4), ((1, 6), (6, 6))), ((5, 5), ((1, 6), (6, 6))), ((5, 1), ()), ((1, 5), ((1, 1),)), ((4, 1), ((6, 6),)), ((1, 2), ((6, 6),)), ((1, 2), ((1, 6), (6, 6))), ((4, 5), ((1, 6), (6, 6))), ((1, 4), ((1, 1), (1, 6))), ((6, 3), ((1, 6),)), ((6, 3), ((1, 6), (6, 6))), ((6, 1), ((6, 1),)), ((1, 6), ((1, 1), (1, 6))), ((2, 5), ((1, 1),)), ((5, 1), ((6, 6),)), ((1, 1), ((1, 1), (6, 6))), ((1, 1), ((1, 1), (1, 6), (6, 6))), ((1, 5), ((1, 1), (1, 6))), ((5, 3), ((1, 6),)), ((5, 3), ((1, 6), (6, 6))), ((5, 1), ((6, 1),)), ((2, 6), ((1, 1), (1, 6))), ((2, 6), ((1, 1),)), ((3, 5), ((1, 1),)), ((6, 1), ((6, 1), (6, 6))), ((1, 2), ((1, 1), (6, 6))), ((1, 2), ((1, 1), (1, 6), (6, 6))), ((2, 5), ((1, 1), (1, 6))), ((4, 3), ((1, 6),)), ((4, 3), ((1, 6), (6, 6))), ((4, 1), ((6, 1),)), ((3, 6), ((1, 1), (1, 6))), ((3, 6), ((1, 1),)), ((4, 5), ((1, 1),)), ((5, 1), ((6, 1), (6, 6))), ((1, 3), ((1, 1), (6, 6))), ((1, 3), ((1, 1), (1, 6), (6, 6))), ((3, 5), ((1, 1), (1, 6))), ((3, 3), ((1, 6),)), ((3, 3), ((1, 6), (6, 6))), ((3, 1), ((6, 1),)), ((4, 6), ((1, 1), (1, 6))), ((4, 6), ((1, 1),)), ((5, 5), ((1, 1),)), ((4, 1), ((6, 1), (6, 6))), ((1, 4), ((1, 1), (6, 6))), ((1, 4), ((1, 1), (1, 6), (6, 6))), ((4, 5), ((1, 1), (1, 6))), ((3, 2), ((1, 6),)), ((3, 2), ((1, 6), (6, 6))), ((3, 2), ((6, 1),)), ((5, 6), ((1, 1), (1, 6))), ((5, 6), ((1, 1),)), ((6, 5), ((1, 1),)), ((3, 1), ((6, 1), (6, 6))), ((1, 5), ((1, 1), (6, 6))), ((1, 5), ((1, 1), (1, 6), (6, 6))), ((5, 5), ((1, 1), (1, 6))), ((3, 1), ((1, 6),)), ((3, 1), ((1, 6), (6, 6))), ((3, 3), ((6, 1),)), ((6, 6), ((1, 1), (1, 6), (6, 6))), ((6, 6), ((1, 1), (6, 6))), ((6, 4), ((1, 1),)), ((3, 2), ((6, 1), (6, 6))), ((1, 6), ((1, 1), (1, 6), (6, 6))), ((2, 5), ((1, 1), (6, 6))), ((2, 5), ((1, 1), (1, 6), (6, 6))), ((6, 5), ((1, 1), (1, 6))), ((4, 1), ((1, 6),)), ((4, 1), ((1, 6), (6, 6))), ((4, 3), ((6, 1),)), ((6, 5), ((1, 1), (1, 6), (6, 6))), ((5, 6), ((1, 1), (1, 6), (6, 6))), ((6, 5), ((1, 1), (6, 6))), ((5, 6), ((1, 1), (6, 6))), ((6, 3), ((1, 1),)), ((3, 3), ((6, 1), (6, 6))), ((2, 6), ((1, 1), (1, 6), (6, 6))), ((2, 6), ((1, 1), (6, 6))), ((3, 5), ((1, 1), (6, 6))), ((3, 5), ((1, 1), (1, 6), (6, 6))), ((6, 4), ((1, 1), (1, 6))), ((5, 1), ((1, 6),)), ((5, 1), ((1, 6), (6, 6))), ((5, 3), ((6, 1),)), ((6, 4), ((1, 1), (1, 6), (6, 6))), ((5, 5), ((1, 1), (1, 6), (6, 6))), ((4, 6), ((1, 1), (1, 6), (6, 6))), ((6, 4), ((1, 1), (6, 6))), ((5, 5), ((1, 1), (6, 6))), ((4, 6), ((1, 1), (6, 6))), ((5, 3), ((1, 1),)), ((4, 3), ((6, 1), (6, 6))), ((3, 6), ((1, 1), (1, 6), (6, 6))), ((3, 6), ((1, 1), (6, 6))), ((4, 5), ((1, 1), (6, 6)))]",20,0,20
174,"((6, 3), ((1, 1), (1, 6)))","((6, 4), ((1, 1), (1, 6)))",South,"[((5, 3), ((1, 1), (1, 6))) via West]","[((6, 3), ((1, 1), (1, 6))), ((6, 1), ((1, 6), (6, 1))), ((6, 1), ((1, 6), (6, 1), (6, 6))), ((6, 3), ((6, 1),)), ((6, 3), ((1, 1), (1, 6), (6, 6))), ((6, 3), ((1, 1), (6, 6))), ((4, 3), ((1, 1),)), ((5, 3), ((6, 1), (6, 6)))]","[((6, 1), ((1, 6), (6, 1))), ((6, 1), ((1, 6), (6, 1), (6, 6))), ((6, 3), ((6, 1),)), ((6, 3), ((1, 1), (1, 6), (6, 6))), ((6, 3), ((1, 1), (6, 6))), ((4, 3), ((1, 1),)), ((5, 3), ((6, 1), (6, 6))), ((5, 3), ((1, 1), (1, 6)))]","[((4, 5), ()), ((4, 6), ()), ((5, 5), ()), ((3, 5), ()), ((5, 6), ()), ((3, 6), ()), ((6, 5), ()), ((2, 5), ()), ((6, 6), ((6, 6),)), ((2, 6), ()), ((6, 4), ()), ((1, 5), ()), ((6, 5), ((6, 6),)), ((5, 6), ((6, 6),)), ((1, 6), ((1, 6),)), ((6, 3), ()), ((1, 4), ()), ((6, 4), ((6, 6),)), ((5, 5), ((6, 6),)), ((4, 6), ((6, 6),)), ((1, 5), ((1, 6),)), ((2, 6), ((1, 6),)), ((5, 3), ()), ((1, 3), ()), ((6, 3), ((6, 6),)), ((4, 5), ((6, 6),)), ((3, 6), ((6, 6),)), ((1, 4), ((1, 6),)), ((2, 5), ((1, 6),)), ((3, 6), ((1, 6),)), ((4, 3), ()), ((1, 2), ()), ((5, 3), ((6, 6),)), ((3, 5), ((6, 6),)), ((2, 6), ((6, 6),)), ((1, 3), ((1, 6),)), ((3, 5), ((1, 6),)), ((4, 6), ((1, 6),)), ((3, 3), ()), ((1, 1), ((1, 1),)), ((4, 3), ((6, 6),)), ((2, 5), ((6, 6),)), ((1, 6), ((1, 6), (6, 6))), ((1, 2), ((1, 6),)), ((4, 5), ((1, 6),)), ((5, 6), ((1, 6),)), ((3, 2), ()), ((1, 2), ((1, 1),)), ((3, 3), ((6, 6),)), ((1, 5), ((6, 6),)), ((1, 5), ((1, 6), (6, 6))), ((2, 6), ((1, 6), (6, 6))), ((1, 1), ((1, 1), (1, 6))), ((5, 5), ((1, 6),)), ((6, 6), ((1, 6), (6, 6))), ((3, 1), ()), ((1, 3), ((1, 1),)), ((3, 2), ((6, 6),)), ((1, 4), ((6, 6),)), ((1, 4), ((1, 6), (6, 6))), ((2, 5), ((1, 6), (6, 6))), ((3, 6), ((1, 6), (6, 6))), ((1, 2), ((1, 1), (1, 6))), ((6, 5), ((1, 6),)), ((6, 5), ((1, 6), (6, 6))), ((5, 6), ((1, 6), (6, 6))), ((4, 1), ()), ((1, 4), ((1, 1),)), ((3, 1), ((6, 6),)), ((1, 3), ((6, 6),)), ((1, 3), ((1, 6), (6, 6))), ((3, 5), ((1, 6), (6, 6))), ((4, 6), ((1, 6), (6, 6))), ((1, 3), ((1, 1), (1, 6))), ((6, 4), ((1, 6),)), ((6, 4), ((1, 6), (6, 6))), ((5, 5), ((1, 6), (6, 6))), ((5, 1), ()), ((1, 5), ((1, 1),)), ((4, 1), ((6, 6),)), ((1, 2), ((6, 6),)), ((1, 2), ((1, 6), (6, 6))), ((4, 5), ((1, 6), (6, 6))), ((1, 4), ((1, 1), (1, 6))), ((6, 3), ((1, 6),)), ((6, 3), ((1, 6), (6, 6))), ((6, 1), ((6, 1),)), ((1, 6), ((1, 1), (1, 6))), ((2, 5), ((1, 1),)), ((5, 1), ((6, 6),)), ((1, 1), ((1, 1), (6, 6))), ((1, 1), ((1, 1), (1, 6), (6, 6))), ((1, 5), ((1, 1), (1, 6))), ((5, 3), ((1, 6),)), ((5, 3), ((1, 6), (6, 6))), ((5, 1), ((6, 1),)), ((2, 6), ((1, 1), (1, 6))), ((2, 6), ((1, 1),)), ((3, 5), ((1, 1),)), ((6, 1), ((6, 1), (6, 6))), ((1, 2), ((1, 1), (6, 6))), ((1, 2), ((1, 1), (1, 6), (6, 6))), ((2, 5), ((1, 1), (1, 6))), ((4, 3), ((1, 6),)), ((4, 3), ((1, 6), (6, 6))), ((4, 1), ((6, 1),)), ((3, 6), ((1, 1), (1, 6))), ((3, 6), ((1, 1),)), ((4, 5), ((1, 1),)), ((5, 1), ((6, 1), (6, 6))), ((1, 3), ((1, 1), (6, 6))), ((1, 3), ((1, 1), (1, 6), (6, 6))), ((3, 5), ((1, 1), (1, 6))), ((3, 3), ((1, 6),)), ((3, 3), ((1, 6), (6, 6))), ((3, 1), ((6, 1),)), ((4, 6), ((1, 1), (1, 6))), ((4, 6), ((1, 1),)), ((5, 5), ((1, 1),)), ((4, 1), ((6, 1), (6, 6))), ((1, 4), ((1, 1), (6, 6))), ((1, 4), ((1, 1), (1, 6), (6, 6))), ((4, 5), ((1, 1), (1, 6))), ((3, 2), ((1, 6),)), ((3, 2), ((1, 6), (6, 6))), ((3, 2), ((6, 1),)), ((5, 6), ((1, 1), (1, 6))), ((5, 6), ((1, 1),)), ((6, 5), ((1, 1),)), ((3, 1), ((6, 1), (6, 6))), ((1, 5), ((1, 1), (6, 6))), ((1, 5), ((1, 1), (1, 6), (6, 6))), ((5, 5), ((1, 1), (1, 6))), ((3, 1), ((1, 6),)), ((3, 1), ((1, 6), (6, 6))), ((3, 3), ((6, 1),)), ((6, 6), ((1, 1), (1, 6), (6, 6))), ((6, 6), ((1, 1), (6, 6))), ((6, 4), ((1, 1),)), ((3, 2), ((6, 1), (6, 6))), ((1, 6), ((1, 1), (1, 6), (6, 6))), ((2, 5), ((1, 1), (6, 6))), ((2, 5), ((1, 1), (1, 6), (6, 6))), ((6, 5), ((1, 1), (1, 6))), ((4, 1), ((1, 6),)), ((4, 1), ((1, 6), (6, 6))), ((4, 3), ((6, 1),)), ((6, 5), ((1, 1), (1, 6), (6, 6))), ((5, 6), ((1, 1), (1, 6), (6, 6))), ((6, 5), ((1, 1), (6, 6))), ((5, 6), ((1, 1), (6, 6))), ((6, 3), ((1, 1),)), ((3, 3), ((6, 1), (6, 6))), ((2, 6), ((1, 1), (1, 6), (6, 6))), ((2, 6), ((1, 1), (6, 6))), ((3, 5), ((1, 1), (6, 6))), ((3, 5), ((1, 1), (1, 6), (6, 6))), ((6, 4), ((1, 1), (1, 6))), ((5, 1), ((1, 6),)), ((5, 1), ((1, 6), (6, 6))), ((5, 3), ((6, 1),)), ((6, 4), ((1, 1), (1, 6), (6, 6))), ((5, 5), ((1, 1), (1, 6), (6, 6))), ((4, 6), ((1, 1), (1, 6), (6, 6))), ((6, 4), ((1, 1), (6, 6))), ((5, 5), ((1, 1), (6, 6))), ((4, 6), ((1, 1), (6, 6))), ((5, 3), ((1, 1),)), ((4, 3), ((6, 1), (6, 6))), ((3, 6), ((1, 1), (1, 6), (6, 6))), ((3, 6), ((1, 1), (6, 6))), ((4, 5), ((1, 1), (6, 6))), ((4, 5), ((1, 1), (1, 6), (6, 6)))]",20,0,20
175,"((6, 1), ((1, 6), (6, 1)))","((5, 1), ((1, 6),))",East,"[((5, 1), ((1, 6), (6, 1))) via West]","[((6, 1), ((1, 6), (6, 1))), ((6, 1), ((1, 6), (6, 1), (6, 6))), ((6, 3), ((6, 1),)), ((6, 3), ((1, 1), (1, 6), (6, 6))), ((6, 3), ((1, 1), (6, 6))), ((4, 3), ((1, 1),)), ((5, 3), ((6, 1), (6, 6))), ((5, 3), ((1, 1), (1, 6)))]","[((6, 1), ((1, 6), (6, 1), (6, 6))), ((6, 3), ((6, 1),)), ((6, 3), ((1, 1), (1, 6), (6, 6))), ((6, 3), ((1, 1), (6, 6))), ((4, 3), ((1, 1),)), ((5, 3), ((6, 1), (6, 6))), ((5, 3), ((1, 1), (1, 6))), ((5, 1), ((1, 6), (6, 1)))]","[((4, 5), ()), ((4, 6), ()), ((5, 5), ()), ((3, 5), ()), ((5, 6), ()), ((3, 6), ()), ((6, 5), ()), ((2, 5), ()), ((6, 6), ((6, 6),)), ((2, 6), ()), ((6, 4), ()), ((1, 5), ()), ((6, 5), ((6, 6),)), ((5, 6), ((6, 6),)), ((1, 6), ((1, 6),)), ((6, 3), ()), ((1, 4), ()), ((6, 4), ((6, 6),)), ((5, 5), ((6, 6),)), ((4, 6), ((6, 6),)), ((1, 5), ((1, 6),)), ((2, 6), ((1, 6),)), ((5, 3), ()), ((1, 3), ()), ((6, 3), ((6, 6),)), ((4, 5), ((6, 6),)), ((3, 6), ((6, 6),)), ((1, 4), ((1, 6),)), ((2, 5), ((1, 6),)), ((3, 6), ((1, 6),)), ((4, 3), ()), ((1, 2), ()), ((5, 3), ((6, 6),)), ((3, 5), ((6, 6),)), ((2, 6), ((6, 6),)), ((1, 3), ((1, 6),)), ((3, 5), ((1, 6),)), ((4, 6), ((1, 6),)), ((3, 3), ()), ((1, 1), ((1, 1),)), ((4, 3), ((6, 6),)), ((2, 5), ((6, 6),)), ((1, 6), ((1, 6), (6, 6))), ((1, 2), ((1, 6),)), ((4, 5), ((1, 6),)), ((5, 6), ((1, 6),)), ((3, 2), ()), ((1, 2), ((1, 1),)), ((3, 3), ((6, 6),)), ((1, 5), ((6, 6),)), ((1, 5), ((1, 6), (6, 6))), ((2, 6), ((1, 6), (6, 6))), ((1, 1), ((1, 1), (1, 6))), ((5, 5), ((1, 6),)), ((6, 6), ((1, 6), (6, 6))), ((3, 1), ()), ((1, 3), ((1, 1),)), ((3, 2), ((6, 6),)), ((1, 4), ((6, 6),)), ((1, 4), ((1, 6), (6, 6))), ((2, 5), ((1, 6), (6, 6))), ((3, 6), ((1, 6), (6, 6))), ((1, 2), ((1, 1), (1, 6))), ((6, 5), ((1, 6),)), ((6, 5), ((1, 6), (6, 6))), ((5, 6), ((1, 6), (6, 6))), ((4, 1), ()), ((1, 4), ((1, 1),)), ((3, 1), ((6, 6),)), ((1, 3), ((6, 6),)), ((1, 3), ((1, 6), (6, 6))), ((3, 5), ((1, 6), (6, 6))), ((4, 6), ((1, 6), (6, 6))), ((1, 3), ((1, 1), (1, 6))), ((6, 4), ((1, 6),)), ((6, 4), ((1, 6), (6, 6))), ((5, 5), ((1, 6), (6, 6))), ((5, 1), ()), ((1, 5), ((1, 1),)), ((4, 1), ((6, 6),)), ((1, 2), ((6, 6),)), ((1, 2), ((1, 6), (6, 6))), ((4, 5), ((1, 6), (6, 6))), ((1, 4), ((1, 1), (1, 6))), ((6, 3), ((1, 6),)), ((6, 3), ((1, 6), (6, 6))), ((6, 1), ((6, 1),)), ((1, 6), ((1, 1), (1, 6))), ((2, 5), ((1, 1),)), ((5, 1), ((6, 6),)), ((1, 1), ((1, 1), (6, 6))), ((1, 1), ((1, 1), (1, 6), (6, 6))), ((1, 5), ((1, 1), (1, 6))), ((5, 3), ((1, 6),)), ((5, 3), ((1, 6), (6, 6))), ((5, 1), ((6, 1),)), ((2, 6), ((1, 1), (1, 6))), ((2, 6), ((1, 1),)), ((3, 5), ((1, 1),)), ((6, 1), ((6, 1), (6, 6))), ((1, 2), ((1, 1), (6, 6))), ((1, 2), ((1, 1), (1, 6), (6, 6))), ((2, 5), ((1, 1), (1, 6))), ((4, 3), ((1, 6),)), ((4, 3), ((1, 6), (6, 6))), ((4, 1), ((6, 1),)), ((3, 6), ((1, 1), (1, 6))), ((3, 6), ((1, 1),)), ((4, 5), ((1, 1),)), ((5, 1), ((6, 1), (6, 6))), ((1, 3), ((1, 1), (6, 6))), ((1, 3), ((1, 1), (1, 6), (6, 6))), ((3, 5), ((1, 1), (1, 6))), ((3, 3), ((1, 6),)), ((3, 3), ((1, 6), (6, 6))), ((3, 1), ((6, 1),)), ((4, 6), ((1, 1), (1, 6))), ((4, 6), ((1, 1),)), ((5, 5), ((1, 1),)), ((4, 1), ((6, 1), (6, 6))), ((1, 4), ((1, 1), (6, 6))), ((1, 4), ((1, 1), (1, 6), (6, 6))), ((4, 5), ((1, 1), (1, 6))), ((3, 2), ((1, 6),)), ((3, 2), ((1, 6), (6, 6))), ((3, 2), ((6, 1),)), ((5, 6), ((1, 1), (1, 6))), ((5, 6), ((1, 1),)), ((6, 5), ((1, 1),)), ((3, 1), ((6, 1), (6, 6))), ((1, 5), ((1, 1), (6, 6))), ((1, 5), ((1, 1), (1, 6), (6, 6))), ((5, 5), ((1, 1), (1, 6))), ((3, 1), ((1, 6),)), ((3, 1), ((1, 6), (6, 6))), ((3, 3), ((6, 1),)), ((6, 6), ((1, 1), (1, 6), (6, 6))), ((6, 6), ((1, 1), (6, 6))), ((6, 4), ((1, 1),)), ((3, 2), ((6, 1), (6, 6))), ((1, 6), ((1, 1), (1, 6), (6, 6))), ((2, 5), ((1, 1), (6, 6))), ((2, 5), ((1, 1), (1, 6), (6, 6))), ((6, 5), ((1, 1), (1, 6))), ((4, 1), ((1, 6),)), ((4, 1), ((1, 6), (6, 6))), ((4, 3), ((6, 1),)), ((6, 5), ((1, 1), (1, 6), (6, 6))), ((5, 6), ((1, 1), (1, 6), (6, 6))), ((6, 5), ((1, 1), (6, 6))), ((5, 6), ((1, 1), (6, 6))), ((6, 3), ((1, 1),)), ((3, 3), ((6, 1), (6, 6))), ((2, 6), ((1, 1), (1, 6), (6, 6))), ((2, 6), ((1, 1), (6, 6))), ((3, 5), ((1, 1), (6, 6))), ((3, 5), ((1, 1), (1, 6), (6, 6))), ((6, 4), ((1, 1), (1, 6))), ((5, 1), ((1, 6),)), ((5, 1), ((1, 6), (6, 6))), ((5, 3), ((6, 1),)), ((6, 4), ((1, 1), (1, 6), (6, 6))), ((5, 5), ((1, 1), (1, 6), (6, 6))), ((4, 6), ((1, 1), (1, 6), (6, 6))), ((6, 4), ((1, 1), (6, 6))), ((5, 5), ((1, 1), (6, 6))), ((4, 6), ((1, 1), (6, 6))), ((5, 3), ((1, 1),)), ((4, 3), ((6, 1), (6, 6))), ((3, 6), ((1, 1), (1, 6), (6, 6))), ((3, 6), ((1, 1), (6, 6))), ((4, 5), ((1, 1), (6, 6))), ((4, 5), ((1, 1), (1, 6), (6, 6))), ((6, 3), ((1, 1), (1, 6)))]",20,0,20
176,"((6, 1), ((1, 6), (6, 1), (6, 6)))","((5, 1), ((1, 6), (6, 6)))",East,"[((5, 1), ((1, 6), (6, 1), (6, 6))) via West]","[((6, 1), ((1, 6), (6, 1), (6, 6))), ((6, 3), ((6, 1),)), ((6, 3), ((1, 1), (1, 6), (6, 6))), ((6, 3), ((1, 1), (6, 6))), ((4, 3), ((1, 1),)), ((5, 3), ((6, 1), (6, 6))), ((5, 3), ((1, 1), (1, 6))), ((5, 1), ((1, 6), (6, 1)))]","[((6, 3), ((6, 1),)), ((6, 3), ((1, 1), (1, 6), (6, 6))), ((6, 3), ((1, 1), (6, 6))), ((4, 3), ((1, 1),)), ((5, 3), ((6, 1), (6, 6))), ((5, 3), ((1, 1), (1, 6))), ((5, 1), ((1, 6), (6, 1))), ((5, 1), ((1, 6), (6, 1), (6, 6)))]","[((4, 5), ()), ((4, 6), ()), ((5, 5), ()), ((3, 5), ()), ((5, 6), ()), ((3, 6), ()), ((6, 5), ()), ((2, 5), ()), ((6, 6), ((6, 6),)), ((2, 6), ()), ((6, 4), ()), ((1, 5), ()), ((6, 5), ((6, 6),)), ((5, 6), ((6, 6),)), ((1, 6), ((1, 6),)), ((6, 3), ()), ((1, 4), ()), ((6, 4), ((6, 6),)), ((5, 5), ((6, 6),)), ((4, 6), ((6, 6),)), ((1, 5), ((1, 6),)), ((2, 6), ((1, 6),)), ((5, 3), ()), ((1, 3), ()), ((6, 3), ((6, 6),)), ((4, 5), ((6, 6),)), ((3, 6), ((6, 6),)), ((1, 4), ((1, 6),)), ((2, 5), ((1, 6),)), ((3, 6), ((1, 6),)), ((4, 3), ()), ((1, 2), ()), ((5, 3), ((6, 6),)), ((3, 5), ((6, 6),)), ((2, 6), ((6, 6),)), ((1, 3), ((1, 6),)), ((3, 5), ((1, 6),)), ((4, 6), ((1, 6),)), ((3, 3), ()), ((1, 1), ((1, 1),)), ((4, 3), ((6, 6),)), ((2, 5), ((6, 6),)), ((1, 6), ((1, 6), (6, 6))), ((1, 2), ((1, 6),)), ((4, 5), ((1, 6),)), ((5, 6), ((1, 6),)), ((3, 2), ()), ((1, 2), ((1, 1),)), ((3, 3), ((6, 6),)), ((1, 5), ((6, 6),)), ((1, 5), ((1, 6), (6, 6))), ((2, 6), ((1, 6), (6, 6))), ((1, 1), ((1, 1), (1, 6))), ((5, 5), ((1, 6),)), ((6, 6), ((1, 6), (6, 6))), ((3, 1), ()), ((1, 3), ((1, 1),)), ((3, 2), ((6, 6),)), ((1, 4), ((6, 6),)), ((1, 4), ((1, 6), (6, 6))), ((2, 5), ((1, 6), (6, 6))), ((3, 6), ((1, 6), (6, 6))), ((1, 2), ((1, 1), (1, 6))), ((6, 5), ((1, 6),)), ((6, 5), ((1, 6), (6, 6))), ((5, 6), ((1, 6), (6, 6))), ((4, 1), ()), ((1, 4), ((1, 1),)), ((3, 1), ((6, 6),)), ((1, 3), ((6, 6),)), ((1, 3), ((1, 6), (6, 6))), ((3, 5), ((1, 6), (6, 6))), ((4, 6), ((1, 6), (6, 6))), ((1, 3), ((1, 1), (1, 6))), ((6, 4), ((1, 6),)), ((6, 4), ((1, 6), (6, 6))), ((5, 5), ((1, 6), (6, 6))), ((5, 1), ()), ((1, 5), ((1, 1),)), ((4, 1), ((6, 6),)), ((1, 2), ((6, 6),)), ((1, 2), ((1, 6), (6, 6))), ((4, 5), ((1, 6), (6, 6))), ((1, 4), ((1, 1), (1, 6))), ((6, 3), ((1, 6),)), ((6, 3), ((1, 6), (6, 6))), ((6, 1), ((6, 1),)), ((1, 6), ((1, 1), (1, 6))), ((2, 5), ((1, 1),)), ((5, 1), ((6, 6),)), ((1, 1), ((1, 1), (6, 6))), ((1, 1), ((1, 1), (1, 6), (6, 6))), ((1, 5), ((1, 1), (1, 6))), ((5, 3), ((1, 6),)), ((5, 3), ((1, 6), (6, 6))), ((5, 1), ((6, 1),)), ((2, 6), ((1, 1), (1, 6))), ((2, 6), ((1, 1),)), ((3, 5), ((1, 1),)), ((6, 1), ((6, 1), (6, 6))), ((1, 2), ((1, 1), (6, 6))), ((1, 2), ((1, 1), (1, 6), (6, 6))), ((2, 5), ((1, 1), (1, 6))), ((4, 3), ((1, 6),)), ((4, 3), ((1, 6), (6, 6))), ((4, 1), ((6, 1),)), ((3, 6), ((1, 1), (1, 6))), ((3, 6), ((1, 1),)), ((4, 5), ((1, 1),)), ((5, 1), ((6, 1), (6, 6))), ((1, 3), ((1, 1), (6, 6))), ((1, 3), ((1, 1), (1, 6), (6, 6))), ((3, 5), ((1, 1), (1, 6))), ((3, 3), ((1, 6),)), ((3, 3), ((1, 6), (6, 6))), ((3, 1), ((6, 1),)), ((4, 6), ((1, 1), (1, 6))), ((4, 6), ((1, 1),)), ((5, 5), ((1, 1),)), ((4, 1), ((6, 1), (6, 6))), ((1, 4), ((1, 1), (6, 6))), ((1, 4), ((1, 1), (1, 6), (6, 6))), ((4, 5), ((1, 1), (1, 6))), ((3, 2), ((1, 6),)), ((3, 2), ((1, 6), (6, 6))), ((3, 2), ((6, 1),)), ((5, 6), ((1, 1), (1, 6))), ((5, 6), ((1, 1),)), ((6, 5), ((1, 1),)), ((3, 1), ((6, 1), (6, 6))), ((1, 5), ((1, 1), (6, 6))), ((1, 5), ((1, 1), (1, 6), (6, 6))), ((5, 5), ((1, 1), (1, 6))), ((3, 1), ((1, 6),)), ((3, 1), ((1, 6), (6, 6))), ((3, 3), ((6, 1),)), ((6, 6), ((1, 1), (1, 6), (6, 6))), ((6, 6), ((1, 1), (6, 6))), ((6, 4), ((1, 1),)), ((3, 2), ((6, 1), (6, 6))), ((1, 6), ((1, 1), (1, 6), (6, 6))), ((2, 5), ((1, 1), (6, 6))), ((2, 5), ((1, 1), (1, 6), (6, 6))), ((6, 5), ((1, 1), (1, 6))), ((4, 1), ((1, 6),)), ((4, 1), ((1, 6), (6, 6))), ((4, 3), ((6, 1),)), ((6, 5), ((1, 1), (1, 6), (6, 6))), ((5, 6), ((1, 1), (1, 6), (6, 6))), ((6, 5), ((1, 1), (6, 6))), ((5, 6), ((1, 1), (6, 6))), ((6, 3), ((1, 1),)), ((3, 3), ((6, 1), (6, 6))), ((2, 6), ((1, 1), (1, 6), (6, 6))), ((2, 6), ((1, 1), (6, 6))), ((3, 5), ((1, 1), (6, 6))), ((3, 5), ((1, 1), (1, 6), (6, 6))), ((6, 4), ((1, 1), (1, 6))), ((5, 1), ((1, 6),)), ((5, 1), ((1, 6), (6, 6))), ((5, 3), ((6, 1),)), ((6, 4), ((1, 1), (1, 6), (6, 6))), ((5, 5), ((1, 1), (1, 6), (6, 6))), ((4, 6), ((1, 1), (1, 6), (6, 6))), ((6, 4), ((1, 1), (6, 6))), ((5, 5), ((1, 1), (6, 6))), ((4, 6), ((1, 1), (6, 6))), ((5, 3), ((1, 1),)), ((4, 3), ((6, 1), (6, 6))), ((3, 6), ((1, 1), (1, 6), (6, 6))), ((3, 6), ((1, 1), (6, 6))), ((4, 5), ((1, 1), (6, 6))), ((4, 5), ((1, 1), (1, 6), (6, 6))), ((6, 3), ((1, 1), (1, 6))), ((6, 1), ((1, 6), (6, 1)))]",20,0,20
177,"((6, 3), ((6, 1),))","((5, 3), ((6, 1),))",East,"[((6, 4), ((6, 1),)) via North]","[((6, 3), ((6, 1),)), ((6, 3), ((1, 1), (1, 6), (6, 6))), ((6, 3), ((1, 1), (6, 6))), ((4, 3), ((1, 1),)), ((5, 3), ((6, 1), (6, 6))), ((5, 3), ((1, 1), (1, 6))), ((5, 1), ((1, 6), (6, 1))), ((5, 1), ((1, 6), (6, 1), (6, 6)))]","[((6, 3), ((1, 1), (1, 6), (6, 6))), ((6, 3), ((1, 1), (6, 6))), ((4, 3), ((1, 1),)), ((5, 3), ((6, 1), (6, 6))), ((5, 3), ((1, 1), (1, 6))), ((5, 1), ((1, 6), (6, 1))), ((5, 1), ((1, 6), (6, 1), (6, 6))), ((6, 4), ((6, 1),))]","[((4, 5), ()), ((4, 6), ()), ((5, 5), ()), ((3, 5), ()), ((5, 6), ()), ((3, 6), ()), ((6, 5), ()), ((2, 5), ()), ((6, 6), ((6, 6),)), ((2, 6), ()), ((6, 4), ()), ((1, 5), ()), ((6, 5), ((6, 6),)), ((5, 6), ((6, 6),)), ((1, 6), ((1, 6),)), ((6, 3), ()), ((1, 4), ()), ((6, 4), ((6, 6),)), ((5, 5), ((6, 6),)), ((4, 6), ((6, 6),)), ((1, 5), ((1, 6),)), ((2, 6), ((1, 6),)), ((5, 3), ()), ((1, 3), ()), ((6, 3), ((6, 6),)), ((4, 5), ((6, 6),)), ((3, 6), ((6, 6),)), ((1, 4), ((1, 6),)), ((2, 5), ((1, 6),)), ((3, 6), ((1, 6),)), ((4, 3), ()), ((1, 2), ()), ((5, 3), ((6, 6),)), ((3, 5), ((6, 6),)), ((2, 6), ((6, 6),)), ((1, 3), ((1, 6),)), ((3, 5), ((1, 6),)), ((4, 6), ((1, 6),)), ((3, 3), ()), ((1, 1), ((1, 1),)), ((4, 3), ((6, 6),)), ((2, 5), ((6, 6),)), ((1, 6), ((1, 6), (6, 6))), ((1, 2), ((1, 6),)), ((4, 5), ((1, 6),)), ((5, 6), ((1, 6),)), ((3, 2), ()), ((1, 2), ((1, 1),)), ((3, 3), ((6, 6),)), ((1, 5), ((6, 6),)), ((1, 5), ((1, 6), (6, 6))), ((2, 6), ((1, 6), (6, 6))), ((1, 1), ((1, 1), (1, 6))), ((5, 5), ((1, 6),)), ((6, 6), ((1, 6), (6, 6))), ((3, 1), ()), ((1, 3), ((1, 1),)), ((3, 2), ((6, 6),)), ((1, 4), ((6, 6),)), ((1, 4), ((1, 6), (6, 6))), ((2, 5), ((1, 6), (6, 6))), ((3, 6), ((1, 6), (6, 6))), ((1, 2), ((1, 1), (1, 6))), ((6, 5), ((1, 6),)), ((6, 5), ((1, 6), (6, 6))), ((5, 6), ((1, 6), (6, 6))), ((4, 1), ()), ((1, 4), ((1, 1),)), ((3, 1), ((6, 6),)), ((1, 3), ((6, 6),)), ((1, 3), ((1, 6), (6, 6))), ((3, 5), ((1, 6), (6, 6))), ((4, 6), ((1, 6), (6, 6))), ((1, 3), ((1, 1), (1, 6))), ((6, 4), ((1, 6),)), ((6, 4), ((1, 6), (6, 6))), ((5, 5), ((1, 6), (6, 6))), ((5, 1), ()), ((1, 5), ((1, 1),)), ((4, 1), ((6, 6),)), ((1, 2), ((6, 6),)), ((1, 2), ((1, 6), (6, 6))), ((4, 5), ((1, 6), (6, 6))), ((1, 4), ((1, 1), (1, 6))), ((6, 3), ((1, 6),)), ((6, 3), ((1, 6), (6, 6))), ((6, 1), ((6, 1),)), ((1, 6), ((1, 1), (1, 6))), ((2, 5), ((1, 1),)), ((5, 1), ((6, 6),)), ((1, 1), ((1, 1), (6, 6))), ((1, 1), ((1, 1), (1, 6), (6, 6))), ((1, 5), ((1, 1), (1, 6))), ((5, 3), ((1, 6),)), ((5, 3), ((1, 6), (6, 6))), ((5, 1), ((6, 1),)), ((2, 6), ((1, 1), (1, 6))), ((2, 6), ((1, 1),)), ((3, 5), ((1, 1),)), ((6, 1), ((6, 1), (6, 6))), ((1, 2), ((1, 1), (6, 6))), ((1, 2), ((1, 1), (1, 6), (6, 6))), ((2, 5), ((1, 1), (1, 6))), ((4, 3), ((1, 6),)), ((4, 3), ((1, 6), (6, 6))), ((4, 1), ((6, 1),)), ((3, 6), ((1, 1), (1, 6))), ((3, 6), ((1, 1),)), ((4, 5), ((1, 1),)), ((5, 1), ((6, 1), (6, 6))), ((1, 3), ((1, 1), (6, 6))), ((1, 3), ((1, 1), (1, 6), (6, 6))), ((3, 5), ((1, 1), (1, 6))), ((3, 3), ((1, 6),)), ((3, 3), ((1, 6), (6, 6))), ((3, 1), ((6, 1),)), ((4, 6), ((1, 1), (1, 6))), ((4, 6), ((1, 1),)), ((5, 5), ((1, 1),)), ((4, 1), ((6, 1), (6, 6))), ((1, 4), ((1, 1), (6, 6))), ((1, 4), ((1, 1), (1, 6), (6, 6))), ((4, 5), ((1, 1), (1, 6))), ((3, 2), ((1, 6),)), ((3, 2), ((1, 6), (6, 6))), ((3, 2), ((6, 1),)), ((5, 6), ((1, 1), (1, 6))), ((5, 6), ((1, 1),)), ((6, 5), ((1, 1),)), ((3, 1), ((6, 1), (6, 6))), ((1, 5), ((1, 1), (6, 6))), ((1, 5), ((1, 1), (1, 6), (6, 6))), ((5, 5), ((1, 1), (1, 6))), ((3, 1), ((1, 6),)), ((3, 1), ((1, 6), (6, 6))), ((3, 3), ((6, 1),)), ((6, 6), ((1, 1), (1, 6), (6, 6))), ((6, 6), ((1, 1), (6, 6))), ((6, 4), ((1, 1),)), ((3, 2), ((6, 1), (6, 6))), ((1, 6), ((1, 1), (1, 6), (6, 6))), ((2, 5), ((1, 1), (6, 6))), ((2, 5), ((1, 1), (1, 6), (6, 6))), ((6, 5), ((1, 1), (1, 6))), ((4, 1), ((1, 6),)), ((4, 1), ((1, 6), (6, 6))), ((4, 3), ((6, 1),)), ((6, 5), ((1, 1), (1, 6), (6, 6))), ((5, 6), ((1, 1), (1, 6), (6, 6))), ((6, 5), ((1, 1), (6, 6))), ((5, 6), ((1, 1), (6, 6))), ((6, 3), ((1, 1),)), ((3, 3), ((6, 1), (6, 6))), ((2, 6), ((1, 1), (1, 6), (6, 6))), ((2, 6), ((1, 1), (6, 6))), ((3, 5), ((1, 1), (6, 6))), ((3, 5), ((1, 1), (1, 6), (6, 6))), ((6, 4), ((1, 1), (1, 6))), ((5, 1), ((1, 6),)), ((5, 1), ((1, 6), (6, 6))), ((5, 3), ((6, 1),)), ((6, 4), ((1, 1), (1, 6), (6, 6))), ((5, 5), ((1, 1), (1, 6), (6, 6))), ((4, 6), ((1, 1), (1, 6), (6, 6))), ((6, 4), ((1, 1), (6, 6))), ((5, 5), ((1, 1), (6, 6))), ((4, 6), ((1, 1), (6, 6))), ((5, 3), ((1, 1),)), ((4, 3), ((6, 1), (6, 6))), ((3, 6), ((1, 1), (1, 6), (6, 6))), ((3, 6), ((1, 1), (6, 6))), ((4, 5), ((1, 1), (6, 6))), ((4, 5), ((1, 1), (1, 6), (6, 6))), ((6, 3), ((1, 1), (1, 6))), ((6, 1), ((1, 6), (6, 1))), ((6, 1), ((1, 6), (6, 1), (6, 6)))]",20,0,20
178,"((6, 3), ((1, 1), (1, 6), (6, 6)))","((6, 4), ((1, 1), (1, 6), (6, 6)))",South,"[((5, 3), ((1, 1), (1, 6), (6, 6))) via West]","[((6, 3), ((1, 1), (1, 6), (6, 6))), ((6, 3), ((1, 1), (6, 6))), ((4, 3), ((1, 1),)), ((5, 3), ((6, 1), (6, 6))), ((5, 3), ((1, 1), (1, 6))), ((5, 1), ((1, 6), (6, 1))), ((5, 1), ((1, 6), (6, 1), (6, 6))), ((6, 4), ((6, 1),))]","[((6, 3), ((1, 1), (6, 6))), ((4, 3), ((1, 1),)), ((5, 3), ((6, 1), (6, 6))), ((5, 3), ((1, 1), (1, 6))), ((5, 1), ((1, 6), (6, 1))), ((5, 1), ((1, 6), (6, 1), (6, 6))), ((6, 4), ((6, 1),)), ((5, 3), ((1, 1), (1, 6), (6, 6)))]","[((4, 5), ()), ((4, 6), ()), ((5, 5), ()), ((3, 5), ()), ((5, 6), ()), ((3, 6), ()), ((6, 5), ()), ((2, 5), ()), ((6, 6), ((6, 6),)), ((2, 6), ()), ((6, 4), ()), ((1, 5), ()), ((6, 5), ((6, 6),)), ((5, 6), ((6, 6),)), ((1, 6), ((1, 6),)), ((6, 3), ()), ((1, 4), ()), ((6, 4), ((6, 6),)), ((5, 5), ((6, 6),)), ((4, 6), ((6, 6),)), ((1, 5), ((1, 6),)), ((2, 6), ((1, 6),)), ((5, 3), ()), ((1, 3), ()), ((6, 3), ((6, 6),)), ((4, 5), ((6, 6),)), ((3, 6), ((6, 6),)), ((1, 4), ((1, 6),)), ((2, 5), ((1, 6),)), ((3, 6), ((1, 6),)), ((4, 3), ()), ((1, 2), ()), ((5, 3), ((6, 6),)), ((3, 5), ((6, 6),)), ((2, 6), ((6, 6),)), ((1, 3), ((1, 6),)), ((3, 5), ((1, 6),)), ((4, 6), ((1, 6),)), ((3, 3), ()), ((1, 1), ((1, 1),)), ((4, 3), ((6, 6),)), ((2, 5), ((6, 6),)), ((1, 6), ((1, 6), (6, 6))), ((1, 2), ((1, 6),)), ((4, 5), ((1, 6),)), ((5, 6), ((1, 6),)), ((3, 2), ()), ((1, 2), ((1, 1),)), ((3, 3), ((6, 6),)), ((1, 5), ((6, 6),)), ((1, 5), ((1, 6), (6, 6))), ((2, 6), ((1, 6), (6, 6))), ((1, 1), ((1, 1), (1, 6))), ((5, 5), ((1, 6),)), ((6, 6), ((1, 6), (6, 6))), ((3, 1), ()), ((1, 3), ((1, 1),)), ((3, 2), ((6, 6),)), ((1, 4), ((6, 6),)), ((1, 4), ((1, 6), (6, 6))), ((2, 5), ((1, 6), (6, 6))), ((3, 6), ((1, 6), (6, 6))), ((1, 2), ((1, 1), (1, 6))), ((6, 5), ((1, 6),)), ((6, 5), ((1, 6), (6, 6))), ((5, 6), ((1, 6), (6, 6))), ((4, 1), ()), ((1, 4), ((1, 1),)), ((3, 1), ((6, 6),)), ((1, 3), ((6, 6),)), ((1, 3), ((1, 6), (6, 6))), ((3, 5), ((1, 6), (6, 6))), ((4, 6), ((1, 6), (6, 6))), ((1, 3), ((1, 1), (1, 6))), ((6, 4), ((1, 6),)), ((6, 4), ((1, 6), (6, 6))), ((5, 5), ((1, 6), (6, 6))), ((5, 1), ()), ((1, 5), ((1, 1),)), ((4, 1), ((6, 6),)), ((1, 2), ((6, 6),)), ((1, 2), ((1, 6), (6, 6))), ((4, 5), ((1, 6), (6, 6))), ((1, 4), ((1, 1), (1, 6))), ((6, 3), ((1, 6),)), ((6, 3), ((1, 6), (6, 6))), ((6, 1), ((6, 1),)), ((1, 6), ((1, 1), (1, 6))), ((2, 5), ((1, 1),)), ((5, 1), ((6, 6),)), ((1, 1), ((1, 1), (6, 6))), ((1, 1), ((1, 1), (1, 6), (6, 6))), ((1, 5), ((1, 1), (1, 6))), ((5, 3), ((1, 6),)), ((5, 3), ((1, 6), (6, 6))), ((5, 1), ((6, 1),)), ((2, 6), ((1, 1), (1, 6))), ((2, 6), ((1, 1),)), ((3, 5), ((1, 1),)), ((6, 1), ((6, 1), (6, 6))), ((1, 2), ((1, 1), (6, 6))), ((1, 2), ((1, 1), (1, 6), (6, 6))), ((2, 5), ((1, 1), (1, 6))), ((4, 3), ((1, 6),)), ((4, 3), ((1, 6), (6, 6))), ((4, 1), ((6, 1),)), ((3, 6), ((1, 1), (1, 6))), ((3, 6), ((1, 1),)), ((4, 5), ((1, 1),)), ((5, 1), ((6, 1), (6, 6))), ((1, 3), ((1, 1), (6, 6))), ((1, 3), ((1, 1), (1, 6), (6, 6))), ((3, 5), ((1, 1), (1, 6))), ((3, 3), ((1, 6),)), ((3, 3), ((1, 6), (6, 6))), ((3, 1), ((6, 1),)), ((4, 6), ((1, 1), (1, 6))), ((4, 6), ((1, 1),)), ((5, 5), ((1, 1),)), ((4, 1), ((6, 1), (6, 6))), ((1, 4), ((1, 1), (6, 6))), ((1, 4), ((1, 1), (1, 6), (6, 6))), ((4, 5), ((1, 1), (1, 6))), ((3, 2), ((1, 6),)), ((3, 2), ((1, 6), (6, 6))), ((3, 2), ((6, 1),)), ((5, 6), ((1, 1), (1, 6))), ((5, 6), ((1, 1),)), ((6, 5), ((1, 1),)), ((3, 1), ((6, 1), (6, 6))), ((1, 5), ((1, 1), (6, 6))), ((1, 5), ((1, 1), (1, 6), (6, 6))), ((5, 5), ((1, 1), (1, 6))), ((3, 1), ((1, 6),)), ((3, 1), ((1, 6), (6, 6))), ((3, 3), ((6, 1),)), ((6, 6), ((1, 1), (1, 6), (6, 6))), ((6, 6), ((1, 1), (6, 6))), ((6, 4), ((1, 1),)), ((3, 2), ((6, 1), (6, 6))), ((1, 6), ((1, 1), (1, 6), (6, 6))), ((2, 5), ((1, 1), (6, 6))), ((2, 5), ((1, 1), (1, 6), (6, 6))), ((6, 5), ((1, 1), (1, 6))), ((4, 1), ((1, 6),)), ((4, 1), ((1, 6), (6, 6))), ((4, 3), ((6, 1),)), ((6, 5), ((1, 1), (1, 6), (6, 6))), ((5, 6), ((1, 1), (1, 6), (6, 6))), ((6, 5), ((1, 1), (6, 6))), ((5, 6), ((1, 1), (6, 6))), ((6, 3), ((1, 1),)), ((3, 3), ((6, 1), (6, 6))), ((2, 6), ((1, 1), (1, 6), (6, 6))), ((2, 6), ((1, 1), (6, 6))), ((3, 5), ((1, 1), (6, 6))), ((3, 5), ((1, 1), (1, 6), (6, 6))), ((6, 4), ((1, 1), (1, 6))), ((5, 1), ((1, 6),)), ((5, 1), ((1, 6), (6, 6))), ((5, 3), ((6, 1),)), ((6, 4), ((1, 1), (1, 6), (6, 6))), ((5, 5), ((1, 1), (1, 6), (6, 6))), ((4, 6), ((1, 1), (1, 6), (6, 6))), ((6, 4), ((1, 1), (6, 6))), ((5, 5), ((1, 1), (6, 6))), ((4, 6), ((1, 1), (6, 6))), ((5, 3), ((1, 1),)), ((4, 3), ((6, 1), (6, 6))), ((3, 6), ((1, 1), (1, 6), (6, 6))), ((3, 6), ((1, 1), (6, 6))), ((4, 5), ((1, 1), (6, 6))), ((4, 5), ((1, 1), (1, 6), (6, 6))), ((6, 3), ((1, 1), (1, 6))), ((6, 1), ((1, 6), (6, 1))), ((6, 1), ((1, 6), (6, 1), (6, 6))), ((6, 3), ((6, 1),))]",20,0,20
179,"((6, 3), ((1, 1), (6, 6)))","((6, 4), ((1, 1), (6, 6)))",South,"[((5, 3), ((1, 1), (6, 6))) via West]","[((6, 3), ((1, 1), (6, 6))), ((4, 3), ((1, 1),)), ((5, 3), ((6, 1), (6, 6))), ((5, 3), ((1, 1), (1, 6))), ((5, 1), ((1, 6), (6, 1))), ((5, 1), ((1, 6), (6, 1), (6, 6))), ((6, 4), ((6, 1),)), ((5, 3), ((1, 1), (1, 6), (6, 6)))]","[((4, 3), ((1, 1),)), ((5, 3), ((6, 1), (6, 6))), ((5, 3), ((1, 1), (1, 6))), ((5, 1), ((1, 6), (6, 1))), ((5, 1), ((1, 6), (6, 1), (6, 6))), ((6, 4), ((6, 1),)), ((5, 3), ((1, 1), (1, 6), (6, 6))), ((5, 3), ((1, 1), (6, 6)))]","[((4, 5), ()), ((4, 6), ()), ((5, 5), ()), ((3, 5), ()), ((5, 6), ()), ((3, 6), ()), ((6, 5), ()), ((2, 5), ()), ((6, 6), ((6, 6),)), ((2, 6), ()), ((6, 4), ()), ((1, 5), ()), ((6, 5), ((6, 6),)), ((5, 6), ((6, 6),)), ((1, 6), ((1, 6),)), ((6, 3), ()), ((1, 4), ()), ((6, 4), ((6, 6),)), ((5, 5), ((6, 6),)), ((4, 6), ((6, 6),)), ((1, 5), ((1, 6),)), ((2, 6), ((1, 6),)), ((5, 3), ()), ((1, 3), ()), ((6, 3), ((6, 6),)), ((4, 5), ((6, 6),)), ((3, 6), ((6, 6),)), ((1, 4), ((1, 6),)), ((2, 5), ((1, 6),)), ((3, 6), ((1, 6),)), ((4, 3), ()), ((1, 2), ()), ((5, 3), ((6, 6),)), ((3, 5), ((6, 6),)), ((2, 6), ((6, 6),)), ((1, 3), ((1, 6),)), ((3, 5), ((1, 6),)), ((4, 6), ((1, 6),)), ((3, 3), ()), ((1, 1), ((1, 1),)), ((4, 3), ((6, 6),)), ((2, 5), ((6, 6),)), ((1, 6), ((1, 6), (6, 6))), ((1, 2), ((1, 6),)), ((4, 5), ((1, 6),)), ((5, 6), ((1, 6),)), ((3, 2), ()), ((1, 2), ((1, 1),)), ((3, 3), ((6, 6),)), ((1, 5), ((6, 6),)), ((1, 5), ((1, 6), (6, 6))), ((2, 6), ((1, 6), (6, 6))), ((1, 1), ((1, 1), (1, 6))), ((5, 5), ((1, 6),)), ((6, 6), ((1, 6), (6, 6))), ((3, 1), ()), ((1, 3), ((1, 1),)), ((3, 2), ((6, 6),)), ((1, 4), ((6, 6),)), ((1, 4), ((1, 6), (6, 6))), ((2, 5), ((1, 6), (6, 6))), ((3, 6), ((1, 6), (6, 6))), ((1, 2), ((1, 1), (1, 6))), ((6, 5), ((1, 6),)), ((6, 5), ((1, 6), (6, 6))), ((5, 6), ((1, 6), (6, 6))), ((4, 1), ()), ((1, 4), ((1, 1),)), ((3, 1), ((6, 6),)), ((1, 3), ((6, 6),)), ((1, 3), ((1, 6), (6, 6))), ((3, 5), ((1, 6), (6, 6))), ((4, 6), ((1, 6), (6, 6))), ((1, 3), ((1, 1), (1, 6))), ((6, 4), ((1, 6),)), ((6, 4), ((1, 6), (6, 6))), ((5, 5), ((1, 6), (6, 6))), ((5, 1), ()), ((1, 5), ((1, 1),)), ((4, 1), ((6, 6),)), ((1, 2), ((6, 6),)), ((1, 2), ((1, 6), (6, 6))), ((4, 5), ((1, 6), (6, 6))), ((1, 4), ((1, 1), (1, 6))), ((6, 3), ((1, 6),)), ((6, 3), ((1, 6), (6, 6))), ((6, 1), ((6, 1),)), ((1, 6), ((1, 1), (1, 6))), ((2, 5), ((1, 1),)), ((5, 1), ((6, 6),)), ((1, 1), ((1, 1), (6, 6))), ((1, 1), ((1, 1), (1, 6), (6, 6))), ((1, 5), ((1, 1), (1, 6))), ((5, 3), ((1, 6),)), ((5, 3), ((1, 6), (6, 6))), ((5, 1), ((6, 1),)), ((2, 6), ((1, 1), (1, 6))), ((2, 6), ((1, 1),)), ((3, 5), ((1, 1),)), ((6, 1), ((6, 1), (6, 6))), ((1, 2), ((1, 1), (6, 6))), ((1, 2), ((1, 1), (1, 6), (6, 6))), ((2, 5), ((1, 1), (1, 6))), ((4, 3), ((1, 6),)), ((4, 3), ((1, 6), (6, 6))), ((4, 1), ((6, 1),)), ((3, 6), ((1, 1), (1, 6))), ((3, 6), ((1, 1),)), ((4, 5), ((1, 1),)), ((5, 1), ((6, 1), (6, 6))), ((1, 3), ((1, 1), (6, 6))), ((1, 3), ((1, 1), (1, 6), (6, 6))), ((3, 5), ((1, 1), (1, 6))), ((3, 3), ((1, 6),)), ((3, 3), ((1, 6), (6, 6))), ((3, 1), ((6, 1),)), ((4, 6), ((1, 1), (1, 6))), ((4, 6), ((1, 1),)), ((5, 5), ((1, 1),)), ((4, 1), ((6, 1), (6, 6))), ((1, 4), ((1, 1), (6, 6))), ((1, 4), ((1, 1), (1, 6), (6, 6))), ((4, 5), ((1, 1), (1, 6))), ((3, 2), ((1, 6),)), ((3, 2), ((1, 6), (6, 6))), ((3, 2), ((6, 1),)), ((5, 6), ((1, 1), (1, 6))), ((5, 6), ((1, 1),)), ((6, 5), ((1, 1),)), ((3, 1), ((6, 1), (6, 6))), ((1, 5), ((1, 1), (6, 6))), ((1, 5), ((1, 1), (1, 6), (6, 6))), ((5, 5), ((1, 1), (1, 6))), ((3, 1), ((1, 6),)), ((3, 1), ((1, 6), (6, 6))), ((3, 3), ((6, 1),)), ((6, 6), ((1, 1), (1, 6), (6, 6))), ((6, 6), ((1, 1), (6, 6))), ((6, 4), ((1, 1),)), ((3, 2), ((6, 1), (6, 6))), ((1, 6), ((1, 1), (1, 6), (6, 6))), ((2, 5), ((1, 1), (6, 6))), ((2, 5), ((1, 1), (1, 6), (6, 6))), ((6, 5), ((1, 1), (1, 6))), ((4, 1), ((1, 6),)), ((4, 1), ((1, 6), (6, 6))), ((4, 3), ((6, 1),)), ((6, 5), ((1, 1), (1, 6), (6, 6))), ((5, 6), ((1, 1), (1, 6), (6, 6))), ((6, 5), ((1, 1), (6, 6))), ((5, 6), ((1, 1), (6, 6))), ((6, 3), ((1, 1),)), ((3, 3), ((6, 1), (6, 6))), ((2, 6), ((1, 1), (1, 6), (6, 6))), ((2, 6), ((1, 1), (6, 6))), ((3, 5), ((1, 1), (6, 6))), ((3, 5), ((1, 1), (1, 6), (6, 6))), ((6, 4), ((1, 1), (1, 6))), ((5, 1), ((1, 6),)), ((5, 1), ((1, 6), (6, 6))), ((5, 3), ((6, 1),)), ((6, 4), ((1, 1), (1, 6), (6, 6))), ((5, 5), ((1, 1), (1, 6), (6, 6))), ((4, 6), ((1, 1), (1, 6), (6, 6))), ((6, 4), ((1, 1), (6, 6))), ((5, 5), ((1, 1), (6, 6))), ((4, 6), ((1, 1), (6, 6))), ((5, 3), ((1, 1),)), ((4, 3), ((6, 1), (6, 6))), ((3, 6), ((1, 1), (1, 6), (6, 6))), ((3, 6), ((1, 1), (6, 6))), ((4, 5), ((1, 1), (6, 6))), ((4, 5), ((1, 1), (1, 6), (6, 6))), ((6, 3), ((1, 1), (1, 6))), ((6, 1), ((1, 6), (6, 1))), ((6, 1), ((1, 6), (6, 1), (6, 6))), ((6, 3), ((6, 1),)), ((6, 3), ((1, 1), (1, 6), (6, 6)))]",20,0,20
180,"((4, 3), ((1, 1),))","((5, 3), ((1, 1),))",West,"[((3, 3), ((1, 1),)) via West]","[((4, 3), ((1, 1),)), ((5, 3), ((6, 1), (6, 6))), ((5, 3), ((1, 1), (1, 6))), ((5, 1), ((1, 6), (6, 1))), ((5, 1), ((1, 6), (6, 1), (6, 6))), ((6, 4), ((6, 1),)), ((5, 3), ((1, 1), (1, 6), (6, 6))), ((5, 3), ((1, 1), (6, 6)))]","[((5, 3), ((6, 1), (6, 6))), ((5, 3), ((1, 1), (1, 6))), ((5, 1), ((1, 6), (6, 1))), ((5, 1), ((1, 6), (6, 1), (6, 6))), ((6, 4), ((6, 1),)), ((5, 3), ((1, 1), (1, 6), (6, 6))), ((5, 3), ((1, 1), (6, 6))), ((3, 3), ((1, 1),))]","[((4, 5), ()), ((4, 6), ()), ((5, 5), ()), ((3, 5), ()), ((5, 6), ()), ((3, 6), ()), ((6, 5), ()), ((2, 5), ()), ((6, 6), ((6, 6),)), ((2, 6), ()), ((6, 4), ()), ((1, 5), ()), ((6, 5), ((6, 6),)), ((5, 6), ((6, 6),)), ((1, 6), ((1, 6),)), ((6, 3), ()), ((1, 4), ()), ((6, 4), ((6, 6),)), ((5, 5), ((6, 6),)), ((4, 6), ((6, 6),)), ((1, 5), ((1, 6),)), ((2, 6), ((1, 6),)), ((5, 3), ()), ((1, 3), ()), ((6, 3), ((6, 6),)), ((4, 5), ((6, 6),)), ((3, 6), ((6, 6),)), ((1, 4), ((1, 6),)), ((2, 5), ((1, 6),)), ((3, 6), ((1, 6),)), ((4, 3), ()), ((1, 2), ()), ((5, 3), ((6, 6),)), ((3, 5), ((6, 6),)), ((2, 6), ((6, 6),)), ((1, 3), ((1, 6),)), ((3, 5), ((1, 6),)), ((4, 6), ((1, 6),)), ((3, 3), ()), ((1, 1), ((1, 1),)), ((4, 3), ((6, 6),)), ((2, 5), ((6, 6),)), ((1, 6), ((1, 6), (6, 6))), ((1, 2), ((1, 6),)), ((4, 5), ((1, 6),)), ((5, 6), ((1, 6),)), ((3, 2), ()), ((1, 2), ((1, 1),)), ((3, 3), ((6, 6),)), ((1, 5), ((6, 6),)), ((1, 5), ((1, 6), (6, 6))), ((2, 6), ((1, 6), (6, 6))), ((1, 1), ((1, 1), (1, 6))), ((5, 5), ((1, 6),)), ((6, 6), ((1, 6), (6, 6))), ((3, 1), ()), ((1, 3), ((1, 1),)), ((3, 2), ((6, 6),)), ((1, 4), ((6, 6),)), ((1, 4), ((1, 6), (6, 6))), ((2, 5), ((1, 6), (6, 6))), ((3, 6), ((1, 6), (6, 6))), ((1, 2), ((1, 1), (1, 6))), ((6, 5), ((1, 6),)), ((6, 5), ((1, 6), (6, 6))), ((5, 6), ((1, 6), (6, 6))), ((4, 1), ()), ((1, 4), ((1, 1),)), ((3, 1), ((6, 6),)), ((1, 3), ((6, 6),)), ((1, 3), ((1, 6), (6, 6))), ((3, 5), ((1, 6), (6, 6))), ((4, 6), ((1, 6), (6, 6))), ((1, 3), ((1, 1), (1, 6))), ((6, 4), ((1, 6),)), ((6, 4), ((1, 6), (6, 6))), ((5, 5), ((1, 6), (6, 6))), ((5, 1), ()), ((1, 5), ((1, 1),)), ((4, 1), ((6, 6),)), ((1, 2), ((6, 6),)), ((1, 2), ((1, 6), (6, 6))), ((4, 5), ((1, 6), (6, 6))), ((1, 4), ((1, 1), (1, 6))), ((6, 3), ((1, 6),)), ((6, 3), ((1, 6), (6, 6))), ((6, 1), ((6, 1),)), ((1, 6), ((1, 1), (1, 6))), ((2, 5), ((1, 1),)), ((5, 1), ((6, 6),)), ((1, 1), ((1, 1), (6, 6))), ((1, 1), ((1, 1), (1, 6), (6, 6))), ((1, 5), ((1, 1), (1, 6))), ((5, 3), ((1, 6),)), ((5, 3), ((1, 6), (6, 6))), ((5, 1), ((6, 1),)), ((2, 6), ((1, 1), (1, 6))), ((2, 6), ((1, 1),)), ((3, 5), ((1, 1),)), ((6, 1), ((6, 1), (6, 6))), ((1, 2), ((1, 1), (6, 6))), ((1, 2), ((1, 1), (1, 6), (6, 6))), ((2, 5), ((1, 1), (1, 6))), ((4, 3), ((1, 6),)), ((4, 3), ((1, 6), (6, 6))), ((4, 1), ((6, 1),)), ((3, 6), ((1, 1), (1, 6))), ((3, 6), ((1, 1),)), ((4, 5), ((1, 1),)), ((5, 1), ((6, 1), (6, 6))), ((1, 3), ((1, 1), (6, 6))), ((1, 3), ((1, 1), (1, 6), (6, 6))), ((3, 5), ((1, 1), (1, 6))), ((3, 3), ((1, 6),)), ((3, 3), ((1, 6), (6, 6))), ((3, 1), ((6, 1),)), ((4, 6), ((1, 1), (1, 6))), ((4, 6), ((1, 1),)), ((5, 5), ((1, 1),)), ((4, 1), ((6, 1), (6, 6))), ((1, 4), ((1, 1), (6, 6))), ((1, 4), ((1, 1), (1, 6), (6, 6))), ((4, 5), ((1, 1), (1, 6))), ((3, 2), ((1, 6),)), ((3, 2), ((1, 6), (6, 6))), ((3, 2), ((6, 1),)), ((5, 6), ((1, 1), (1, 6))), ((5, 6), ((1, 1),)), ((6, 5), ((1, 1),)), ((3, 1), ((6, 1), (6, 6))), ((1, 5), ((1, 1), (6, 6))), ((1, 5), ((1, 1), (1, 6), (6, 6))), ((5, 5), ((1, 1), (1, 6))), ((3, 1), ((1, 6),)), ((3, 1), ((1, 6), (6, 6))), ((3, 3), ((6, 1),)), ((6, 6), ((1, 1), (1, 6), (6, 6))), ((6, 6), ((1, 1), (6, 6))), ((6, 4), ((1, 1),)), ((3, 2), ((6, 1), (6, 6))), ((1, 6), ((1, 1), (1, 6), (6, 6))), ((2, 5), ((1, 1), (6, 6))), ((2, 5), ((1, 1), (1, 6), (6, 6))), ((6, 5), ((1, 1), (1, 6))), ((4, 1), ((1, 6),)), ((4, 1), ((1, 6), (6, 6))), ((4, 3), ((6, 1),)), ((6, 5), ((1, 1), (1, 6), (6, 6))), ((5, 6), ((1, 1), (1, 6), (6, 6))), ((6, 5), ((1, 1), (6, 6))), ((5, 6), ((1, 1), (6, 6))), ((6, 3), ((1, 1),)), ((3, 3), ((6, 1), (6, 6))), ((2, 6), ((1, 1), (1, 6), (6, 6))), ((2, 6), ((1, 1), (6, 6))), ((3, 5), ((1, 1), (6, 6))), ((3, 5), ((1, 1), (1, 6), (6, 6))), ((6, 4), ((1, 1), (1, 6))), ((5, 1), ((1, 6),)), ((5, 1), ((1, 6), (6, 6))), ((5, 3), ((6, 1),)), ((6, 4), ((1, 1), (1, 6), (6, 6))), ((5, 5), ((1, 1), (1, 6), (6, 6))), ((4, 6), ((1, 1), (1, 6), (6, 6))), ((6, 4), ((1, 1), (6, 6))), ((5, 5), ((1, 1), (6, 6))), ((4, 6), ((1, 1), (6, 6))), ((5, 3), ((1, 1),)), ((4, 3), ((6, 1), (6, 6))), ((3, 6), ((1, 1), (1, 6), (6, 6))), ((3, 6), ((1, 1), (6, 6))), ((4, 5), ((1, 1), (6, 6))), ((4, 5), ((1, 1), (1, 6), (6, 6))), ((6, 3), ((1, 1), (1, 6))), ((6, 1), ((1, 6), (6, 1))), ((6, 1), ((1, 6), (6, 1), (6, 6))), ((6, 3), ((6, 1),)), ((6, 3), ((1, 1), (1, 6), (6, 6))), ((6, 3), ((1, 1), (6, 6)))]",20,0,20
181,"((5, 3), ((6, 1), (6, 6)))","((4, 3), ((6, 1), (6, 6)))",East,"[((6, 3), ((6, 1), (6, 6))) via East]","[((5, 3), ((6, 1), (6, 6))), ((5, 3), ((1, 1), (1, 6))), ((5, 1), ((1, 6), (6, 1))), ((5, 1), ((1, 6), (6, 1), (6, 6))), ((6, 4), ((6, 1),)), ((5, 3), ((1, 1), (1, 6), (6, 6))), ((5, 3), ((1, 1), (6, 6))), ((3, 3), ((1, 1),))]","[((5, 3), ((1, 1), (1, 6))), ((5, 1), ((1, 6), (6, 1))), ((5, 1), ((1, 6), (6, 1), (6, 6))), ((6, 4), ((6, 1),)), ((5, 3), ((1, 1), (1, 6), (6, 6))), ((5, 3), ((1, 1), (6, 6))), ((3, 3), ((1, 1),)), ((6, 3), ((6, 1), (6, 6)))]","[((4, 5), ()), ((4, 6), ()), ((5, 5), ()), ((3, 5), ()), ((5, 6), ()), ((3, 6), ()), ((6, 5), ()), ((2, 5), ()), ((6, 6), ((6, 6),)), ((2, 6), ()), ((6, 4), ()), ((1, 5), ()), ((6, 5), ((6, 6),)), ((5, 6), ((6, 6),)), ((1, 6), ((1, 6),)), ((6, 3), ()), ((1, 4), ()), ((6, 4), ((6, 6),)), ((5, 5), ((6, 6),)), ((4, 6), ((6, 6),)), ((1, 5), ((1, 6),)), ((2, 6), ((1, 6),)), ((5, 3), ()), ((1, 3), ()), ((6, 3), ((6, 6),)), ((4, 5), ((6, 6),)), ((3, 6), ((6, 6),)), ((1, 4), ((1, 6),)), ((2, 5), ((1, 6),)), ((3, 6), ((1, 6),)), ((4, 3), ()), ((1, 2), ()), ((5, 3), ((6, 6),)), ((3, 5), ((6, 6),)), ((2, 6), ((6, 6),)), ((1, 3), ((1, 6),)), ((3, 5), ((1, 6),)), ((4, 6), ((1, 6),)), ((3, 3), ()), ((1, 1), ((1, 1),)), ((4, 3), ((6, 6),)), ((2, 5), ((6, 6),)), ((1, 6), ((1, 6), (6, 6))), ((1, 2), ((1, 6),)), ((4, 5), ((1, 6),)), ((5, 6), ((1, 6),)), ((3, 2), ()), ((1, 2), ((1, 1),)), ((3, 3), ((6, 6),)), ((1, 5), ((6, 6),)), ((1, 5), ((1, 6), (6, 6))), ((2, 6), ((1, 6), (6, 6))), ((1, 1), ((1, 1), (1, 6))), ((5, 5), ((1, 6),)), ((6, 6), ((1, 6), (6, 6))), ((3, 1), ()), ((1, 3), ((1, 1),)), ((3, 2), ((6, 6),)), ((1, 4), ((6, 6),)), ((1, 4), ((1, 6), (6, 6))), ((2, 5), ((1, 6), (6, 6))), ((3, 6), ((1, 6), (6, 6))), ((1, 2), ((1, 1), (1, 6))), ((6, 5), ((1, 6),)), ((6, 5), ((1, 6), (6, 6))), ((5, 6), ((1, 6), (6, 6))), ((4, 1), ()), ((1, 4), ((1, 1),)), ((3, 1), ((6, 6),)), ((1, 3), ((6, 6),)), ((1, 3), ((1, 6), (6, 6))), ((3, 5), ((1, 6), (6, 6))), ((4, 6), ((1, 6), (6, 6))), ((1, 3), ((1, 1), (1, 6))), ((6, 4), ((1, 6),)), ((6, 4), ((1, 6), (6, 6))), ((5, 5), ((1, 6), (6, 6))), ((5, 1), ()), ((1, 5), ((1, 1),)), ((4, 1), ((6, 6),)), ((1, 2), ((6, 6),)), ((1, 2), ((1, 6), (6, 6))), ((4, 5), ((1, 6), (6, 6))), ((1, 4), ((1, 1), (1, 6))), ((6, 3), ((1, 6),)), ((6, 3), ((1, 6), (6, 6))), ((6, 1), ((6, 1),)), ((1, 6), ((1, 1), (1, 6))), ((2, 5), ((1, 1),)), ((5, 1), ((6, 6),)), ((1, 1), ((1, 1), (6, 6))), ((1, 1), ((1, 1), (1, 6), (6, 6))), ((1, 5), ((1, 1), (1, 6))), ((5, 3), ((1, 6),)), ((5, 3), ((1, 6), (6, 6))), ((5, 1), ((6, 1),)), ((2, 6), ((1, 1), (1, 6))), ((2, 6), ((1, 1),)), ((3, 5), ((1, 1),)), ((6, 1), ((6, 1), (6, 6))), ((1, 2), ((1, 1), (6, 6))), ((1, 2), ((1, 1), (1, 6), (6, 6))), ((2, 5), ((1, 1), (1, 6))), ((4, 3), ((1, 6),)), ((4, 3), ((1, 6), (6, 6))), ((4, 1), ((6, 1),)), ((3, 6), ((1, 1), (1, 6))), ((3, 6), ((1, 1),)), ((4, 5), ((1, 1),)), ((5, 1), ((6, 1), (6, 6))), ((1, 3), ((1, 1), (6, 6))), ((1, 3), ((1, 1), (1, 6), (6, 6))), ((3, 5), ((1, 1), (1, 6))), ((3, 3), ((1, 6),)), ((3, 3), ((1, 6), (6, 6))), ((3, 1), ((6, 1),)), ((4, 6), ((1, 1), (1, 6))), ((4, 6), ((1, 1),)), ((5, 5), ((1, 1),)), ((4, 1), ((6, 1), (6, 6))), ((1, 4), ((1, 1), (6, 6))), ((1, 4), ((1, 1), (1, 6), (6, 6))), ((4, 5), ((1, 1), (1, 6))), ((3, 2), ((1, 6),)), ((3, 2), ((1, 6), (6, 6))), ((3, 2), ((6, 1),)), ((5, 6), ((1, 1), (1, 6))), ((5, 6), ((1, 1),)), ((6, 5), ((1, 1),)), ((3, 1), ((6, 1), (6, 6))), ((1, 5), ((1, 1), (6, 6))), ((1, 5), ((1, 1), (1, 6), (6, 6))), ((5, 5), ((1, 1), (1, 6))), ((3, 1), ((1, 6),)), ((3, 1), ((1, 6), (6, 6))), ((3, 3), ((6, 1),)), ((6, 6), ((1, 1), (1, 6), (6, 6))), ((6, 6), ((1, 1), (6, 6))), ((6, 4), ((1, 1),)), ((3, 2), ((6, 1), (6, 6))), ((1, 6), ((1, 1), (1, 6), (6, 6))), ((2, 5), ((1, 1), (6, 6))), ((2, 5), ((1, 1), (1, 6), (6, 6))), ((6, 5), ((1, 1), (1, 6))), ((4, 1), ((1, 6),)), ((4, 1), ((1, 6), (6, 6))), ((4, 3), ((6, 1),)), ((6, 5), ((1, 1), (1, 6), (6, 6))), ((5, 6), ((1, 1), (1, 6), (6, 6))), ((6, 5), ((1, 1), (6, 6))), ((5, 6), ((1, 1), (6, 6))), ((6, 3), ((1, 1),)), ((3, 3), ((6, 1), (6, 6))), ((2, 6), ((1, 1), (1, 6), (6, 6))), ((2, 6), ((1, 1), (6, 6))), ((3, 5), ((1, 1), (6, 6))), ((3, 5), ((1, 1), (1, 6), (6, 6))), ((6, 4), ((1, 1), (1, 6))), ((5, 1), ((1, 6),)), ((5, 1), ((1, 6), (6, 6))), ((5, 3), ((6, 1),)), ((6, 4), ((1, 1), (1, 6), (6, 6))), ((5, 5), ((1, 1), (1, 6), (6, 6))), ((4, 6), ((1, 1), (1, 6), (6, 6))), ((6, 4), ((1, 1), (6, 6))), ((5, 5), ((1, 1), (6, 6))), ((4, 6), ((1, 1), (6, 6))), ((5, 3), ((1, 1),)), ((4, 3), ((6, 1), (6, 6))), ((3, 6), ((1, 1), (1, 6), (6, 6))), ((3, 6), ((1, 1), (6, 6))), ((4, 5), ((1, 1), (6, 6))), ((4, 5), ((1, 1), (1, 6), (6, 6))), ((6, 3), ((1, 1), (1, 6))), ((6, 1), ((1, 6), (6, 1))), ((6, 1), ((1, 6), (6, 1), (6, 6))), ((6, 3), ((6, 1),)), ((6, 3), ((1, 1), (1, 6), (6, 6))), ((6, 3), ((1, 1), (6, 6))), ((4, 3), ((1, 1),))]",21,0,21
182,"((5, 3), ((1, 1), (1, 6)))","((6, 3), ((1, 1), (1, 6)))",West,"[((4, 3), ((1, 1), (1, 6))) via West]","[((5, 3), ((1, 1), (1, 6))), ((5, 1), ((1, 6), (6, 1))), ((5, 1), ((1, 6), (6, 1), (6, 6))), ((6, 4), ((6, 1),)), ((5, 3), ((1, 1), (1, 6), (6, 6))), ((5, 3), ((1, 1), (6, 6))), ((3, 3), ((1, 1),)), ((6, 3), ((6, 1), (6, 6)))]","[((5, 1), ((1, 6), (6, 1))), ((5, 1), ((1, 6), (6, 1), (6, 6))), ((6, 4), ((6, 1),)), ((5, 3), ((1, 1), (1, 6), (6, 6))), ((5, 3), ((1, 1), (6, 6))), ((3, 3), ((1, 1),)), ((6, 3), ((6, 1), (6, 6))), ((4, 3), ((1, 1), (1, 6)))]","[((4, 5), ()), ((4, 6), ()), ((5, 5), ()), ((3, 5), ()), ((5, 6), ()), ((3, 6), ()), ((6, 5), ()), ((2, 5), ()), ((6, 6), ((6, 6),)), ((2, 6), ()), ((6, 4), ()), ((1, 5), ()), ((6, 5), ((6, 6),)), ((5, 6), ((6, 6),)), ((1, 6), ((1, 6),)), ((6, 3), ()), ((1, 4), ()), ((6, 4), ((6, 6),)), ((5, 5), ((6, 6),)), ((4, 6), ((6, 6),)), ((1, 5), ((1, 6),)), ((2, 6), ((1, 6),)), ((5, 3), ()), ((1, 3), ()), ((6, 3), ((6, 6),)), ((4, 5), ((6, 6),)), ((3, 6), ((6, 6),)), ((1, 4), ((1, 6),)), ((2, 5), ((1, 6),)), ((3, 6), ((1, 6),)), ((4, 3), ()), ((1, 2), ()), ((5, 3), ((6, 6),)), ((3, 5), ((6, 6),)), ((2, 6), ((6, 6),)), ((1, 3), ((1, 6),)), ((3, 5), ((1, 6),)), ((4, 6), ((1, 6),)), ((3, 3), ()), ((1, 1), ((1, 1),)), ((4, 3), ((6, 6),)), ((2, 5), ((6, 6),)), ((1, 6), ((1, 6), (6, 6))), ((1, 2), ((1, 6),)), ((4, 5), ((1, 6),)), ((5, 6), ((1, 6),)), ((3, 2), ()), ((1, 2), ((1, 1),)), ((3, 3), ((6, 6),)), ((1, 5), ((6, 6),)), ((1, 5), ((1, 6), (6, 6))), ((2, 6), ((1, 6), (6, 6))), ((1, 1), ((1, 1), (1, 6))), ((5, 5), ((1, 6),)), ((6, 6), ((1, 6), (6, 6))), ((3, 1), ()), ((1, 3), ((1, 1),)), ((3, 2), ((6, 6),)), ((1, 4), ((6, 6),)), ((1, 4), ((1, 6), (6, 6))), ((2, 5), ((1, 6), (6, 6))), ((3, 6), ((1, 6), (6, 6))), ((1, 2), ((1, 1), (1, 6))), ((6, 5), ((1, 6),)), ((6, 5), ((1, 6), (6, 6))), ((5, 6), ((1, 6), (6, 6))), ((4, 1), ()), ((1, 4), ((1, 1),)), ((3, 1), ((6, 6),)), ((1, 3), ((6, 6),)), ((1, 3), ((1, 6), (6, 6))), ((3, 5), ((1, 6), (6, 6))), ((4, 6), ((1, 6), (6, 6))), ((1, 3), ((1, 1), (1, 6))), ((6, 4), ((1, 6),)), ((6, 4), ((1, 6), (6, 6))), ((5, 5), ((1, 6), (6, 6))), ((5, 1), ()), ((1, 5), ((1, 1),)), ((4, 1), ((6, 6),)), ((1, 2), ((6, 6),)), ((1, 2), ((1, 6), (6, 6))), ((4, 5), ((1, 6), (6, 6))), ((1, 4), ((1, 1), (1, 6))), ((6, 3), ((1, 6),)), ((6, 3), ((1, 6), (6, 6))), ((6, 1), ((6, 1),)), ((1, 6), ((1, 1), (1, 6))), ((2, 5), ((1, 1),)), ((5, 1), ((6, 6),)), ((1, 1), ((1, 1), (6, 6))), ((1, 1), ((1, 1), (1, 6), (6, 6))), ((1, 5), ((1, 1), (1, 6))), ((5, 3), ((1, 6),)), ((5, 3), ((1, 6), (6, 6))), ((5, 1), ((6, 1),)), ((2, 6), ((1, 1), (1, 6))), ((2, 6), ((1, 1),)), ((3, 5), ((1, 1),)), ((6, 1), ((6, 1), (6, 6))), ((1, 2), ((1, 1), (6, 6))), ((1, 2), ((1, 1), (1, 6), (6, 6))), ((2, 5), ((1, 1), (1, 6))), ((4, 3), ((1, 6),)), ((4, 3), ((1, 6), (6, 6))), ((4, 1), ((6, 1),)), ((3, 6), ((1, 1), (1, 6))), ((3, 6), ((1, 1),)), ((4, 5), ((1, 1),)), ((5, 1), ((6, 1), (6, 6))), ((1, 3), ((1, 1), (6, 6))), ((1, 3), ((1, 1), (1, 6), (6, 6))), ((3, 5), ((1, 1), (1, 6))), ((3, 3), ((1, 6),)), ((3, 3), ((1, 6), (6, 6))), ((3, 1), ((6, 1),)), ((4, 6), ((1, 1), (1, 6))), ((4, 6), ((1, 1),)), ((5, 5), ((1, 1),)), ((4, 1), ((6, 1), (6, 6))), ((1, 4), ((1, 1), (6, 6))), ((1, 4), ((1, 1), (1, 6), (6, 6))), ((4, 5), ((1, 1), (1, 6))), ((3, 2), ((1, 6),)), ((3, 2), ((1, 6), (6, 6))), ((3, 2), ((6, 1),)), ((5, 6), ((1, 1), (1, 6))), ((5, 6), ((1, 1),)), ((6, 5), ((1, 1),)), ((3, 1), ((6, 1), (6, 6))), ((1, 5), ((1, 1), (6, 6))), ((1, 5), ((1, 1), (1, 6), (6, 6))), ((5, 5), ((1, 1), (1, 6))), ((3, 1), ((1, 6),)), ((3, 1), ((1, 6), (6, 6))), ((3, 3), ((6, 1),)), ((6, 6), ((1, 1), (1, 6), (6, 6))), ((6, 6), ((1, 1), (6, 6))), ((6, 4), ((1, 1),)), ((3, 2), ((6, 1), (6, 6))), ((1, 6), ((1, 1), (1, 6), (6, 6))), ((2, 5), ((1, 1), (6, 6))), ((2, 5), ((1, 1), (1, 6), (6, 6))), ((6, 5), ((1, 1), (1, 6))), ((4, 1), ((1, 6),)), ((4, 1), ((1, 6), (6, 6))), ((4, 3), ((6, 1),)), ((6, 5), ((1, 1), (1, 6), (6, 6))), ((5, 6), ((1, 1), (1, 6), (6, 6))), ((6, 5), ((1, 1), (6, 6))), ((5, 6), ((1, 1), (6, 6))), ((6, 3), ((1, 1),)), ((3, 3), ((6, 1), (6, 6))), ((2, 6), ((1, 1), (1, 6), (6, 6))), ((2, 6), ((1, 1), (6, 6))), ((3, 5), ((1, 1), (6, 6))), ((3, 5), ((1, 1), (1, 6), (6, 6))), ((6, 4), ((1, 1), (1, 6))), ((5, 1), ((1, 6),)), ((5, 1), ((1, 6), (6, 6))), ((5, 3), ((6, 1),)), ((6, 4), ((1, 1), (1, 6), (6, 6))), ((5, 5), ((1, 1), (1, 6), (6, 6))), ((4, 6), ((1, 1), (1, 6), (6, 6))), ((6, 4), ((1, 1), (6, 6))), ((5, 5), ((1, 1), (6, 6))), ((4, 6), ((1, 1), (6, 6))), ((5, 3), ((1, 1),)), ((4, 3), ((6, 1), (6, 6))), ((3, 6), ((1, 1), (1, 6), (6, 6))), ((3, 6), ((1, 1), (6, 6))), ((4, 5), ((1, 1), (6, 6))), ((4, 5), ((1, 1), (1, 6), (6, 6))), ((6, 3), ((1, 1), (1, 6))), ((6, 1), ((1, 6), (6, 1))), ((6, 1), ((1, 6), (6, 1), (6, 6))), ((6, 3), ((6, 1),)), ((6, 3), ((1, 1), (1, 6), (6, 6))), ((6, 3), ((1, 1), (6, 6))), ((4, 3), ((1, 1),)), ((5, 3), ((6, 1), (6, 6)))]",21,0,21
183,"((5, 1), ((1, 6), (6, 1)))","((6, 1), ((1, 6), (6, 1)))",West,"[((4, 1), ((1, 6), (6, 1))) via West]","[((5, 1), ((1, 6), (6, 1))), ((5, 1), ((1, 6), (6, 1), (6, 6))), ((6, 4), ((6, 1),)), ((5, 3), ((1, 1), (1, 6), (6, 6))), ((5, 3), ((1, 1), (6, 6))), ((3, 3), ((1, 1),)), ((6, 3), ((6, 1), (6, 6))), ((4, 3), ((1, 1), (1, 6)))]","[((5, 1), ((1, 6), (6, 1), (6, 6))), ((6, 4), ((6, 1),)), ((5, 3), ((1, 1), (1, 6), (6, 6))), ((5, 3), ((1, 1), (6, 6))), ((3, 3), ((1, 1),)), ((6, 3), ((6, 1), (6, 6))), ((4, 3), ((1, 1), (1, 6))), ((4, 1), ((1, 6), (6, 1)))]","[((4, 5), ()), ((4, 6), ()), ((5, 5), ()), ((3, 5), ()), ((5, 6), ()), ((3, 6), ()), ((6, 5), ()), ((2, 5), ()), ((6, 6), ((6, 6),)), ((2, 6), ()), ((6, 4), ()), ((1, 5), ()), ((6, 5), ((6, 6),)), ((5, 6), ((6, 6),)), ((1, 6), ((1, 6),)), ((6, 3), ()), ((1, 4), ()), ((6, 4), ((6, 6),)), ((5, 5), ((6, 6),)), ((4, 6), ((6, 6),)), ((1, 5), ((1, 6),)), ((2, 6), ((1, 6),)), ((5, 3), ()), ((1, 3), ()), ((6, 3), ((6, 6),)), ((4, 5), ((6, 6),)), ((3, 6), ((6, 6),)), ((1, 4), ((1, 6),)), ((2, 5), ((1, 6),)), ((3, 6), ((1, 6),)), ((4, 3), ()), ((1, 2), ()), ((5, 3), ((6, 6),)), ((3, 5), ((6, 6),)), ((2, 6), ((6, 6),)), ((1, 3), ((1, 6),)), ((3, 5), ((1, 6),)), ((4, 6), ((1, 6),)), ((3, 3), ()), ((1, 1), ((1, 1),)), ((4, 3), ((6, 6),)), ((2, 5), ((6, 6),)), ((1, 6), ((1, 6), (6, 6))), ((1, 2), ((1, 6),)), ((4, 5), ((1, 6),)), ((5, 6), ((1, 6),)), ((3, 2), ()), ((1, 2), ((1, 1),)), ((3, 3), ((6, 6),)), ((1, 5), ((6, 6),)), ((1, 5), ((1, 6), (6, 6))), ((2, 6), ((1, 6), (6, 6))), ((1, 1), ((1, 1), (1, 6))), ((5, 5), ((1, 6),)), ((6, 6), ((1, 6), (6, 6))), ((3, 1), ()), ((1, 3), ((1, 1),)), ((3, 2), ((6, 6),)), ((1, 4), ((6, 6),)), ((1, 4), ((1, 6), (6, 6))), ((2, 5), ((1, 6), (6, 6))), ((3, 6), ((1, 6), (6, 6))), ((1, 2), ((1, 1), (1, 6))), ((6, 5), ((1, 6),)), ((6, 5), ((1, 6), (6, 6))), ((5, 6), ((1, 6), (6, 6))), ((4, 1), ()), ((1, 4), ((1, 1),)), ((3, 1), ((6, 6),)), ((1, 3), ((6, 6),)), ((1, 3), ((1, 6), (6, 6))), ((3, 5), ((1, 6), (6, 6))), ((4, 6), ((1, 6), (6, 6))), ((1, 3), ((1, 1), (1, 6))), ((6, 4), ((1, 6),)), ((6, 4), ((1, 6), (6, 6))), ((5, 5), ((1, 6), (6, 6))), ((5, 1), ()), ((1, 5), ((1, 1),)), ((4, 1), ((6, 6),)), ((1, 2), ((6, 6),)), ((1, 2), ((1, 6), (6, 6))), ((4, 5), ((1, 6), (6, 6))), ((1, 4), ((1, 1), (1, 6))), ((6, 3), ((1, 6),)), ((6, 3), ((1, 6), (6, 6))), ((6, 1), ((6, 1),)), ((1, 6), ((1, 1), (1, 6))), ((2, 5), ((1, 1),)), ((5, 1), ((6, 6),)), ((1, 1), ((1, 1), (6, 6))), ((1, 1), ((1, 1), (1, 6), (6, 6))), ((1, 5), ((1, 1), (1, 6))), ((5, 3), ((1, 6),)), ((5, 3), ((1, 6), (6, 6))), ((5, 1), ((6, 1),)), ((2, 6), ((1, 1), (1, 6))), ((2, 6), ((1, 1),)), ((3, 5), ((1, 1),)), ((6, 1), ((6, 1), (6, 6))), ((1, 2), ((1, 1), (6, 6))), ((1, 2), ((1, 1), (1, 6), (6, 6))), ((2, 5), ((1, 1), (1, 6))), ((4, 3), ((1, 6),)), ((4, 3), ((1, 6), (6, 6))), ((4, 1), ((6, 1),)), ((3, 6), ((1, 1), (1, 6))), ((3, 6), ((1, 1),)), ((4, 5), ((1, 1),)), ((5, 1), ((6, 1), (6, 6))), ((1, 3), ((1, 1), (6, 6))), ((1, 3), ((1, 1), (1, 6), (6, 6))), ((3, 5), ((1, 1), (1, 6))), ((3, 3), ((1, 6),)), ((3, 3), ((1, 6), (6, 6))), ((3, 1), ((6, 1),)), ((4, 6), ((1, 1), (1, 6))), ((4, 6), ((1, 1),)), ((5, 5), ((1, 1),)), ((4, 1), ((6, 1), (6, 6))), ((1, 4), ((1, 1), (6, 6))), ((1, 4), ((1, 1), (1, 6), (6, 6))), ((4, 5), ((1, 1), (1, 6))), ((3, 2), ((1, 6),)), ((3, 2), ((1, 6), (6, 6))), ((3, 2), ((6, 1),)), ((5, 6), ((1, 1), (1, 6))), ((5, 6), ((1, 1),)), ((6, 5), ((1, 1),)), ((3, 1), ((6, 1), (6, 6))), ((1, 5), ((1, 1), (6, 6))), ((1, 5), ((1, 1), (1, 6), (6, 6))), ((5, 5), ((1, 1), (1, 6))), ((3, 1), ((1, 6),)), ((3, 1), ((1, 6), (6, 6))), ((3, 3), ((6, 1),)), ((6, 6), ((1, 1), (1, 6), (6, 6))), ((6, 6), ((1, 1), (6, 6))), ((6, 4), ((1, 1),)), ((3, 2), ((6, 1), (6, 6))), ((1, 6), ((1, 1), (1, 6), (6, 6))), ((2, 5), ((1, 1), (6, 6))), ((2, 5), ((1, 1), (1, 6), (6, 6))), ((6, 5), ((1, 1), (1, 6))), ((4, 1), ((1, 6),)), ((4, 1), ((1, 6), (6, 6))), ((4, 3), ((6, 1),)), ((6, 5), ((1, 1), (1, 6), (6, 6))), ((5, 6), ((1, 1), (1, 6), (6, 6))), ((6, 5), ((1, 1), (6, 6))), ((5, 6), ((1, 1), (6, 6))), ((6, 3), ((1, 1),)), ((3, 3), ((6, 1), (6, 6))), ((2, 6), ((1, 1), (1, 6), (6, 6))), ((2, 6), ((1, 1), (6, 6))), ((3, 5), ((1, 1), (6, 6))), ((3, 5), ((1, 1), (1, 6), (6, 6))), ((6, 4), ((1, 1), (1, 6))), ((5, 1), ((1, 6),)), ((5, 1), ((1, 6), (6, 6))), ((5, 3), ((6, 1),)), ((6, 4), ((1, 1), (1, 6), (6, 6))), ((5, 5), ((1, 1), (1, 6), (6, 6))), ((4, 6), ((1, 1), (1, 6), (6, 6))), ((6, 4), ((1, 1), (6, 6))), ((5, 5), ((1, 1), (6, 6))), ((4, 6), ((1, 1), (6, 6))), ((5, 3), ((1, 1),)), ((4, 3), ((6, 1), (6, 6))), ((3, 6), ((1, 1), (1, 6), (6, 6))), ((3, 6), ((1, 1), (6, 6))), ((4, 5), ((1, 1), (6, 6))), ((4, 5), ((1, 1), (1, 6), (6, 6))), ((6, 3), ((1, 1), (1, 6))), ((6, 1), ((1, 6), (6, 1))), ((6, 1), ((1, 6), (6, 1), (6, 6))), ((6, 3), ((6, 1),)), ((6, 3), ((1, 1), (1, 6), (6, 6))), ((6, 3), ((1, 1), (6, 6))), ((4, 3), ((1, 1),)), ((5, 3), ((6, 1), (6, 6))), ((5, 3), ((1, 1), (1, 6)))]",21,0,21
184,"((5, 1), ((1, 6), (6, 1), (6, 6)))","((6, 1), ((1, 6), (6, 1), (6, 6)))",West,"[((4, 1), ((1, 6), (6, 1), (6, 6))) via West]","[((5, 1), ((1, 6), (6, 1), (6, 6))), ((6, 4), ((6, 1),)), ((5, 3), ((1, 1), (1, 6), (6, 6))), ((5, 3), ((1, 1), (6, 6))), ((3, 3), ((1, 1),)), ((6, 3), ((6, 1), (6, 6))), ((4, 3), ((1, 1), (1, 6))), ((4, 1), ((1, 6), (6, 1)))]","[((6, 4), ((6, 1),)), ((5, 3), ((1, 1), (1, 6), (6, 6))), ((5, 3), ((1, 1), (6, 6))), ((3, 3), ((1, 1),)), ((6, 3), ((6, 1), (6, 6))), ((4, 3), ((1, 1), (1, 6))), ((4, 1), ((1, 6), (6, 1))), ((4, 1), ((1, 6), (6, 1), (6, 6)))]","[((4, 5), ()), ((4, 6), ()), ((5, 5), ()), ((3, 5), ()), ((5, 6), ()), ((3, 6), ()), ((6, 5), ()), ((2, 5), ()), ((6, 6), ((6, 6),)), ((2, 6), ()), ((6, 4), ()), ((1, 5), ()), ((6, 5), ((6, 6),)), ((5, 6), ((6, 6),)), ((1, 6), ((1, 6),)), ((6, 3), ()), ((1, 4), ()), ((6, 4), ((6, 6),)), ((5, 5), ((6, 6),)), ((4, 6), ((6, 6),)), ((1, 5), ((1, 6),)), ((2, 6), ((1, 6),)), ((5, 3), ()), ((1, 3), ()), ((6, 3), ((6, 6),)), ((4, 5), ((6, 6),)), ((3, 6), ((6, 6),)), ((1, 4), ((1, 6),)), ((2, 5), ((1, 6),)), ((3, 6), ((1, 6),)), ((4, 3), ()), ((1, 2), ()), ((5, 3), ((6, 6),)), ((3, 5), ((6, 6),)), ((2, 6), ((6, 6),)), ((1, 3), ((1, 6),)), ((3, 5), ((1, 6),)), ((4, 6), ((1, 6),)), ((3, 3), ()), ((1, 1), ((1, 1),)), ((4, 3), ((6, 6),)), ((2, 5), ((6, 6),)), ((1, 6), ((1, 6), (6, 6))), ((1, 2), ((1, 6),)), ((4, 5), ((1, 6),)), ((5, 6), ((1, 6),)), ((3, 2), ()), ((1, 2), ((1, 1),)), ((3, 3), ((6, 6),)), ((1, 5), ((6, 6),)), ((1, 5), ((1, 6), (6, 6))), ((2, 6), ((1, 6), (6, 6))), ((1, 1), ((1, 1), (1, 6))), ((5, 5), ((1, 6),)), ((6, 6), ((1, 6), (6, 6))), ((3, 1), ()), ((1, 3), ((1, 1),)), ((3, 2), ((6, 6),)), ((1, 4), ((6, 6),)), ((1, 4), ((1, 6), (6, 6))), ((2, 5), ((1, 6), (6, 6))), ((3, 6), ((1, 6), (6, 6))), ((1, 2), ((1, 1), (1, 6))), ((6, 5), ((1, 6),)), ((6, 5), ((1, 6), (6, 6))), ((5, 6), ((1, 6), (6, 6))), ((4, 1), ()), ((1, 4), ((1, 1),)), ((3, 1), ((6, 6),)), ((1, 3), ((6, 6),)), ((1, 3), ((1, 6), (6, 6))), ((3, 5), ((1, 6), (6, 6))), ((4, 6), ((1, 6), (6, 6))), ((1, 3), ((1, 1), (1, 6))), ((6, 4), ((1, 6),)), ((6, 4), ((1, 6), (6, 6))), ((5, 5), ((1, 6), (6, 6))), ((5, 1), ()), ((1, 5), ((1, 1),)), ((4, 1), ((6, 6),)), ((1, 2), ((6, 6),)), ((1, 2), ((1, 6), (6, 6))), ((4, 5), ((1, 6), (6, 6))), ((1, 4), ((1, 1), (1, 6))), ((6, 3), ((1, 6),)), ((6, 3), ((1, 6), (6, 6))), ((6, 1), ((6, 1),)), ((1, 6), ((1, 1), (1, 6))), ((2, 5), ((1, 1),)), ((5, 1), ((6, 6),)), ((1, 1), ((1, 1), (6, 6))), ((1, 1), ((1, 1), (1, 6), (6, 6))), ((1, 5), ((1, 1), (1, 6))), ((5, 3), ((1, 6),)), ((5, 3), ((1, 6), (6, 6))), ((5, 1), ((6, 1),)), ((2, 6), ((1, 1), (1, 6))), ((2, 6), ((1, 1),)), ((3, 5), ((1, 1),)), ((6, 1), ((6, 1), (6, 6))), ((1, 2), ((1, 1), (6, 6))), ((1, 2), ((1, 1), (1, 6), (6, 6))), ((2, 5), ((1, 1), (1, 6))), ((4, 3), ((1, 6),)), ((4, 3), ((1, 6), (6, 6))), ((4, 1), ((6, 1),)), ((3, 6), ((1, 1), (1, 6))), ((3, 6), ((1, 1),)), ((4, 5), ((1, 1),)), ((5, 1), ((6, 1), (6, 6))), ((1, 3), ((1, 1), (6, 6))), ((1, 3), ((1, 1), (1, 6), (6, 6))), ((3, 5), ((1, 1), (1, 6))), ((3, 3), ((1, 6),)), ((3, 3), ((1, 6), (6, 6))), ((3, 1), ((6, 1),)), ((4, 6), ((1, 1), (1, 6))), ((4, 6), ((1, 1),)), ((5, 5), ((1, 1),)), ((4, 1), ((6, 1), (6, 6))), ((1, 4), ((1, 1), (6, 6))), ((1, 4), ((1, 1), (1, 6), (6, 6))), ((4, 5), ((1, 1), (1, 6))), ((3, 2), ((1, 6),)), ((3, 2), ((1, 6), (6, 6))), ((3, 2), ((6, 1),)), ((5, 6), ((1, 1), (1, 6))), ((5, 6), ((1, 1),)), ((6, 5), ((1, 1),)), ((3, 1), ((6, 1), (6, 6))), ((1, 5), ((1, 1), (6, 6))), ((1, 5), ((1, 1), (1, 6), (6, 6))), ((5, 5), ((1, 1), (1, 6))), ((3, 1), ((1, 6),)), ((3, 1), ((1, 6), (6, 6))), ((3, 3), ((6, 1),)), ((6, 6), ((1, 1), (1, 6), (6, 6))), ((6, 6), ((1, 1), (6, 6))), ((6, 4), ((1, 1),)), ((3, 2), ((6, 1), (6, 6))), ((1, 6), ((1, 1), (1, 6), (6, 6))), ((2, 5), ((1, 1), (6, 6))), ((2, 5), ((1, 1), (1, 6), (6, 6))), ((6, 5), ((1, 1), (1, 6))), ((4, 1), ((1, 6),)), ((4, 1), ((1, 6), (6, 6))), ((4, 3), ((6, 1),)), ((6, 5), ((1, 1), (1, 6), (6, 6))), ((5, 6), ((1, 1), (1, 6), (6, 6))), ((6, 5), ((1, 1), (6, 6))), ((5, 6), ((1, 1), (6, 6))), ((6, 3), ((1, 1),)), ((3, 3), ((6, 1), (6, 6))), ((2, 6), ((1, 1), (1, 6), (6, 6))), ((2, 6), ((1, 1), (6, 6))), ((3, 5), ((1, 1), (6, 6))), ((3, 5), ((1, 1), (1, 6), (6, 6))), ((6, 4), ((1, 1), (1, 6))), ((5, 1), ((1, 6),)), ((5, 1), ((1, 6), (6, 6))), ((5, 3), ((6, 1),)), ((6, 4), ((1, 1), (1, 6), (6, 6))), ((5, 5), ((1, 1), (1, 6), (6, 6))), ((4, 6), ((1, 1), (1, 6), (6, 6))), ((6, 4), ((1, 1), (6, 6))), ((5, 5), ((1, 1), (6, 6))), ((4, 6), ((1, 1), (6, 6))), ((5, 3), ((1, 1),)), ((4, 3), ((6, 1), (6, 6))), ((3, 6), ((1, 1), (1, 6), (6, 6))), ((3, 6), ((1, 1), (6, 6))), ((4, 5), ((1, 1), (6, 6))), ((4, 5), ((1, 1), (1, 6), (6, 6))), ((6, 3), ((1, 1), (1, 6))), ((6, 1), ((1, 6), (6, 1))), ((6, 1), ((1, 6), (6, 1), (6, 6))), ((6, 3), ((6, 1),)), ((6, 3), ((1, 1), (1, 6), (6, 6))), ((6, 3), ((1, 1), (6, 6))), ((4, 3), ((1, 1),)), ((5, 3), ((6, 1), (6, 6))), ((5, 3), ((1, 1), (1, 6))), ((5, 1), ((1, 6), (6, 1)))]",21,0,21
185,"((6, 4), ((6, 1),))","((6, 3), ((6, 1),))",North,"[((6, 5), ((6, 1),)) via North]","[((6, 4), ((6, 1),)), ((5, 3), ((1, 1), (1, 6), (6, 6))), ((5, 3), ((1, 1), (6, 6))), ((3, 3), ((1, 1),)), ((6, 3), ((6, 1), (6, 6))), ((4, 3), ((1, 1), (1, 6))), ((4, 1), ((1, 6), (6, 1))), ((4, 1), ((1, 6), (6, 1), (6, 6)))]","[((5, 3), ((1, 1), (1, 6), (6, 6))), ((5, 3), ((1, 1), (6, 6))), ((3, 3), ((1, 1),)), ((6, 3), ((6, 1), (6, 6))), ((4, 3), ((1, 1), (1, 6))), ((4, 1), ((1, 6), (6, 1))), ((4, 1), ((1, 6), (6, 1), (6, 6))), ((6, 5), ((6, 1),))]","[((4, 5), ()), ((4, 6), ()), ((5, 5), ()), ((3, 5), ()), ((5, 6), ()), ((3, 6), ()), ((6, 5), ()), ((2, 5), ()), ((6, 6), ((6, 6),)), ((2, 6), ()), ((6, 4), ()), ((1, 5), ()), ((6, 5), ((6, 6),)), ((5, 6), ((6, 6),)), ((1, 6), ((1, 6),)), ((6, 3), ()), ((1, 4), ()), ((6, 4), ((6, 6),)), ((5, 5), ((6, 6),)), ((4, 6), ((6, 6),)), ((1, 5), ((1, 6),)), ((2, 6), ((1, 6),)), ((5, 3), ()), ((1, 3), ()), ((6, 3), ((6, 6),)), ((4, 5), ((6, 6),)), ((3, 6), ((6, 6),)), ((1, 4), ((1, 6),)), ((2, 5), ((1, 6),)), ((3, 6), ((1, 6),)), ((4, 3), ()), ((1, 2), ()), ((5, 3), ((6, 6),)), ((3, 5), ((6, 6),)), ((2, 6), ((6, 6),)), ((1, 3), ((1, 6),)), ((3, 5), ((1, 6),)), ((4, 6), ((1, 6),)), ((3, 3), ()), ((1, 1), ((1, 1),)), ((4, 3), ((6, 6),)), ((2, 5), ((6, 6),)), ((1, 6), ((1, 6), (6, 6))), ((1, 2), ((1, 6),)), ((4, 5), ((1, 6),)), ((5, 6), ((1, 6),)), ((3, 2), ()), ((1, 2), ((1, 1),)), ((3, 3), ((6, 6),)), ((1, 5), ((6, 6),)), ((1, 5), ((1, 6), (6, 6))), ((2, 6), ((1, 6), (6, 6))), ((1, 1), ((1, 1), (1, 6))), ((5, 5), ((1, 6),)), ((6, 6), ((1, 6), (6, 6))), ((3, 1), ()), ((1, 3), ((1, 1),)), ((3, 2), ((6, 6),)), ((1, 4), ((6, 6),)), ((1, 4), ((1, 6), (6, 6))), ((2, 5), ((1, 6), (6, 6))), ((3, 6), ((1, 6), (6, 6))), ((1, 2), ((1, 1), (1, 6))), ((6, 5), ((1, 6),)), ((6, 5), ((1, 6), (6, 6))), ((5, 6), ((1, 6), (6, 6))), ((4, 1), ()), ((1, 4), ((1, 1),)), ((3, 1), ((6, 6),)), ((1, 3), ((6, 6),)), ((1, 3), ((1, 6), (6, 6))), ((3, 5), ((1, 6), (6, 6))), ((4, 6), ((1, 6), (6, 6))), ((1, 3), ((1, 1), (1, 6))), ((6, 4), ((1, 6),)), ((6, 4), ((1, 6), (6, 6))), ((5, 5), ((1, 6), (6, 6))), ((5, 1), ()), ((1, 5), ((1, 1),)), ((4, 1), ((6, 6),)), ((1, 2), ((6, 6),)), ((1, 2), ((1, 6), (6, 6))), ((4, 5), ((1, 6), (6, 6))), ((1, 4), ((1, 1), (1, 6))), ((6, 3), ((1, 6),)), ((6, 3), ((1, 6), (6, 6))), ((6, 1), ((6, 1),)), ((1, 6), ((1, 1), (1, 6))), ((2, 5), ((1, 1),)), ((5, 1), ((6, 6),)), ((1, 1), ((1, 1), (6, 6))), ((1, 1), ((1, 1), (1, 6), (6, 6))), ((1, 5), ((1, 1), (1, 6))), ((5, 3), ((1, 6),)), ((5, 3), ((1, 6), (6, 6))), ((5, 1), ((6, 1),)), ((2, 6), ((1, 1), (1, 6))), ((2, 6), ((1, 1),)), ((3, 5), ((1, 1),)), ((6, 1), ((6, 1), (6, 6))), ((1, 2), ((1, 1), (6, 6))), ((1, 2), ((1, 1), (1, 6), (6, 6))), ((2, 5), ((1, 1), (1, 6))), ((4, 3), ((1, 6),)), ((4, 3), ((1, 6), (6, 6))), ((4, 1), ((6, 1),)), ((3, 6), ((1, 1), (1, 6))), ((3, 6), ((1, 1),)), ((4, 5), ((1, 1),)), ((5, 1), ((6, 1), (6, 6))), ((1, 3), ((1, 1), (6, 6))), ((1, 3), ((1, 1), (1, 6), (6, 6))), ((3, 5), ((1, 1), (1, 6))), ((3, 3), ((1, 6),)), ((3, 3), ((1, 6), (6, 6))), ((3, 1), ((6, 1),)), ((4, 6), ((1, 1), (1, 6))), ((4, 6), ((1, 1),)), ((5, 5), ((1, 1),)), ((4, 1), ((6, 1), (6, 6))), ((1, 4), ((1, 1), (6, 6))), ((1, 4), ((1, 1), (1, 6), (6, 6))), ((4, 5), ((1, 1), (1, 6))), ((3, 2), ((1, 6),)), ((3, 2), ((1, 6), (6, 6))), ((3, 2), ((6, 1),)), ((5, 6), ((1, 1), (1, 6))), ((5, 6), ((1, 1),)), ((6, 5), ((1, 1),)), ((3, 1), ((6, 1), (6, 6))), ((1, 5), ((1, 1), (6, 6))), ((1, 5), ((1, 1), (1, 6), (6, 6))), ((5, 5), ((1, 1), (1, 6))), ((3, 1), ((1, 6),)), ((3, 1), ((1, 6), (6, 6))), ((3, 3), ((6, 1),)), ((6, 6), ((1, 1), (1, 6), (6, 6))), ((6, 6), ((1, 1), (6, 6))), ((6, 4), ((1, 1),)), ((3, 2), ((6, 1), (6, 6))), ((1, 6), ((1, 1), (1, 6), (6, 6))), ((2, 5), ((1, 1), (6, 6))), ((2, 5), ((1, 1), (1, 6), (6, 6))), ((6, 5), ((1, 1), (1, 6))), ((4, 1), ((1, 6),)), ((4, 1), ((1, 6), (6, 6))), ((4, 3), ((6, 1),)), ((6, 5), ((1, 1), (1, 6), (6, 6))), ((5, 6), ((1, 1), (1, 6), (6, 6))), ((6, 5), ((1, 1), (6, 6))), ((5, 6), ((1, 1), (6, 6))), ((6, 3), ((1, 1),)), ((3, 3), ((6, 1), (6, 6))), ((2, 6), ((1, 1), (1, 6), (6, 6))), ((2, 6), ((1, 1), (6, 6))), ((3, 5), ((1, 1), (6, 6))), ((3, 5), ((1, 1), (1, 6), (6, 6))), ((6, 4), ((1, 1), (1, 6))), ((5, 1), ((1, 6),)), ((5, 1), ((1, 6), (6, 6))), ((5, 3), ((6, 1),)), ((6, 4), ((1, 1), (1, 6), (6, 6))), ((5, 5), ((1, 1), (1, 6), (6, 6))), ((4, 6), ((1, 1), (1, 6), (6, 6))), ((6, 4), ((1, 1), (6, 6))), ((5, 5), ((1, 1), (6, 6))), ((4, 6), ((1, 1), (6, 6))), ((5, 3), ((1, 1),)), ((4, 3), ((6, 1), (6, 6))), ((3, 6), ((1, 1), (1, 6), (6, 6))), ((3, 6), ((1, 1), (6, 6))), ((4, 5), ((1, 1), (6, 6))), ((4, 5), ((1, 1), (1, 6), (6, 6))), ((6, 3), ((1, 1), (1, 6))), ((6, 1), ((1, 6), (6, 1))), ((6, 1), ((1, 6), (6, 1), (6, 6))), ((6, 3), ((6, 1),)), ((6, 3), ((1, 1), (1, 6), (6, 6))), ((6, 3), ((1, 1), (6, 6))), ((4, 3), ((1, 1),)), ((5, 3), ((6, 1), (6, 6))), ((5, 3), ((1, 1), (1, 6))), ((5, 1), ((1, 6), (6, 1))), ((5, 1), ((1, 6), (6, 1), (6, 6)))]",21,0,21
186,"((5, 3), ((1, 1), (1, 6), (6, 6)))","((6, 3), ((1, 1), (1, 6), (6, 6)))",West,"[((4, 3), ((1, 1), (1, 6), (6, 6))) via West]","[((5, 3), ((1, 1), (1, 6), (6, 6))), ((5, 3), ((1, 1), (6, 6))), ((3, 3), ((1, 1),)), ((6, 3), ((6, 1), (6, 6))), ((4, 3), ((1, 1), (1, 6))), ((4, 1), ((1, 6), (6, 1))), ((4, 1), ((1, 6), (6, 1), (6, 6))), ((6, 5), ((6, 1),))]","[((5, 3), ((1, 1), (6, 6))), ((3, 3), ((1, 1),)), ((6, 3), ((6, 1), (6, 6))), ((4, 3), ((1, 1), (1, 6))), ((4, 1), ((1, 6), (6, 1))), ((4, 1), ((1, 6), (6, 1), (6, 6))), ((6, 5), ((6, 1),)), ((4, 3), ((1, 1), (1, 6), (6, 6)))]","[((4, 5), ()), ((4, 6), ()), ((5, 5), ()), ((3, 5), ()), ((5, 6), ()), ((3, 6), ()), ((6, 5), ()), ((2, 5), ()), ((6, 6), ((6, 6),)), ((2, 6), ()), ((6, 4), ()), ((1, 5), ()), ((6, 5), ((6, 6),)), ((5, 6), ((6, 6),)), ((1, 6), ((1, 6),)), ((6, 3), ()), ((1, 4), ()), ((6, 4), ((6, 6),)), ((5, 5), ((6, 6),)), ((4, 6), ((6, 6),)), ((1, 5), ((1, 6),)), ((2, 6), ((1, 6),)), ((5, 3), ()), ((1, 3), ()), ((6, 3), ((6, 6),)), ((4, 5), ((6, 6),)), ((3, 6), ((6, 6),)), ((1, 4), ((1, 6),)), ((2, 5), ((1, 6),)), ((3, 6), ((1, 6),)), ((4, 3), ()), ((1, 2), ()), ((5, 3), ((6, 6),)), ((3, 5), ((6, 6),)), ((2, 6), ((6, 6),)), ((1, 3), ((1, 6),)), ((3, 5), ((1, 6),)), ((4, 6), ((1, 6),)), ((3, 3), ()), ((1, 1), ((1, 1),)), ((4, 3), ((6, 6),)), ((2, 5), ((6, 6),)), ((1, 6), ((1, 6), (6, 6))), ((1, 2), ((1, 6),)), ((4, 5), ((1, 6),)), ((5, 6), ((1, 6),)), ((3, 2), ()), ((1, 2), ((1, 1),)), ((3, 3), ((6, 6),)), ((1, 5), ((6, 6),)), ((1, 5), ((1, 6), (6, 6))), ((2, 6), ((1, 6), (6, 6))), ((1, 1), ((1, 1), (1, 6))), ((5, 5), ((1, 6),)), ((6, 6), ((1, 6), (6, 6))), ((3, 1), ()), ((1, 3), ((1, 1),)), ((3, 2), ((6, 6),)), ((1, 4), ((6, 6),)), ((1, 4), ((1, 6), (6, 6))), ((2, 5), ((1, 6), (6, 6))), ((3, 6), ((1, 6), (6, 6))), ((1, 2), ((1, 1), (1, 6))), ((6, 5), ((1, 6),)), ((6, 5), ((1, 6), (6, 6))), ((5, 6), ((1, 6), (6, 6))), ((4, 1), ()), ((1, 4), ((1, 1),)), ((3, 1), ((6, 6),)), ((1, 3), ((6, 6),)), ((1, 3), ((1, 6), (6, 6))), ((3, 5), ((1, 6), (6, 6))), ((4, 6), ((1, 6), (6, 6))), ((1, 3), ((1, 1), (1, 6))), ((6, 4), ((1, 6),)), ((6, 4), ((1, 6), (6, 6))), ((5, 5), ((1, 6), (6, 6))), ((5, 1), ()), ((1, 5), ((1, 1),)), ((4, 1), ((6, 6),)), ((1, 2), ((6, 6),)), ((1, 2), ((1, 6), (6, 6))), ((4, 5), ((1, 6), (6, 6))), ((1, 4), ((1, 1), (1, 6))), ((6, 3), ((1, 6),)), ((6, 3), ((1, 6), (6, 6))), ((6, 1), ((6, 1),)), ((1, 6), ((1, 1), (1, 6))), ((2, 5), ((1, 1),)), ((5, 1), ((6, 6),)), ((1, 1), ((1, 1), (6, 6))), ((1, 1), ((1, 1), (1, 6), (6, 6))), ((1, 5), ((1, 1), (1, 6))), ((5, 3), ((1, 6),)), ((5, 3), ((1, 6), (6, 6))), ((5, 1), ((6, 1),)), ((2, 6), ((1, 1), (1, 6))), ((2, 6), ((1, 1),)), ((3, 5), ((1, 1),)), ((6, 1), ((6, 1), (6, 6))), ((1, 2), ((1, 1), (6, 6))), ((1, 2), ((1, 1), (1, 6), (6, 6))), ((2, 5), ((1, 1), (1, 6))), ((4, 3), ((1, 6),)), ((4, 3), ((1, 6), (6, 6))), ((4, 1), ((6, 1),)), ((3, 6), ((1, 1), (1, 6))), ((3, 6), ((1, 1),)), ((4, 5), ((1, 1),)), ((5, 1), ((6, 1), (6, 6))), ((1, 3), ((1, 1), (6, 6))), ((1, 3), ((1, 1), (1, 6), (6, 6))), ((3, 5), ((1, 1), (1, 6))), ((3, 3), ((1, 6),)), ((3, 3), ((1, 6), (6, 6))), ((3, 1), ((6, 1),)), ((4, 6), ((1, 1), (1, 6))), ((4, 6), ((1, 1),)), ((5, 5), ((1, 1),)), ((4, 1), ((6, 1), (6, 6))), ((1, 4), ((1, 1), (6, 6))), ((1, 4), ((1, 1), (1, 6), (6, 6))), ((4, 5), ((1, 1), (1, 6))), ((3, 2), ((1, 6),)), ((3, 2), ((1, 6), (6, 6))), ((3, 2), ((6, 1),)), ((5, 6), ((1, 1), (1, 6))), ((5, 6), ((1, 1),)), ((6, 5), ((1, 1),)), ((3, 1), ((6, 1), (6, 6))), ((1, 5), ((1, 1), (6, 6))), ((1, 5), ((1, 1), (1, 6), (6, 6))), ((5, 5), ((1, 1), (1, 6))), ((3, 1), ((1, 6),)), ((3, 1), ((1, 6), (6, 6))), ((3, 3), ((6, 1),)), ((6, 6), ((1, 1), (1, 6), (6, 6))), ((6, 6), ((1, 1), (6, 6))), ((6, 4), ((1, 1),)), ((3, 2), ((6, 1), (6, 6))), ((1, 6), ((1, 1), (1, 6), (6, 6))), ((2, 5), ((1, 1), (6, 6))), ((2, 5), ((1, 1), (1, 6), (6, 6))), ((6, 5), ((1, 1), (1, 6))), ((4, 1), ((1, 6),)), ((4, 1), ((1, 6), (6, 6))), ((4, 3), ((6, 1),)), ((6, 5), ((1, 1), (1, 6), (6, 6))), ((5, 6), ((1, 1), (1, 6), (6, 6))), ((6, 5), ((1, 1), (6, 6))), ((5, 6), ((1, 1), (6, 6))), ((6, 3), ((1, 1),)), ((3, 3), ((6, 1), (6, 6))), ((2, 6), ((1, 1), (1, 6), (6, 6))), ((2, 6), ((1, 1), (6, 6))), ((3, 5), ((1, 1), (6, 6))), ((3, 5), ((1, 1), (1, 6), (6, 6))), ((6, 4), ((1, 1), (1, 6))), ((5, 1), ((1, 6),)), ((5, 1), ((1, 6), (6, 6))), ((5, 3), ((6, 1),)), ((6, 4), ((1, 1), (1, 6), (6, 6))), ((5, 5), ((1, 1), (1, 6), (6, 6))), ((4, 6), ((1, 1), (1, 6), (6, 6))), ((6, 4), ((1, 1), (6, 6))), ((5, 5), ((1, 1), (6, 6))), ((4, 6), ((1, 1), (6, 6))), ((5, 3), ((1, 1),)), ((4, 3), ((6, 1), (6, 6))), ((3, 6), ((1, 1), (1, 6), (6, 6))), ((3, 6), ((1, 1), (6, 6))), ((4, 5), ((1, 1), (6, 6))), ((4, 5), ((1, 1), (1, 6), (6, 6))), ((6, 3), ((1, 1), (1, 6))), ((6, 1), ((1, 6), (6, 1))), ((6, 1), ((1, 6), (6, 1), (6, 6))), ((6, 3), ((6, 1),)), ((6, 3), ((1, 1), (1, 6), (6, 6))), ((6, 3), ((1, 1), (6, 6))), ((4, 3), ((1, 1),)), ((5, 3), ((6, 1), (6, 6))), ((5, 3), ((1, 1), (1, 6))), ((5, 1), ((1, 6), (6, 1))), ((5, 1), ((1, 6), (6, 1), (6, 6))), ((6, 4), ((6, 1),))]",21,0,21
187,"((5, 3), ((1, 1), (6, 6)))","((6, 3), ((1, 1), (6, 6)))",West,"[((4, 3), ((1, 1), (6, 6))) via West]","[((5, 3), ((1, 1), (6, 6))), ((3, 3), ((1, 1),)), ((6, 3), ((6, 1), (6, 6))), ((4, 3), ((1, 1), (1, 6))), ((4, 1), ((1, 6), (6, 1))), ((4, 1), ((1, 6), (6, 1), (6, 6))), ((6, 5), ((6, 1),)), ((4, 3), ((1, 1), (1, 6), (6, 6)))]","[((3, 3), ((1, 1),)), ((6, 3), ((6, 1), (6, 6))), ((4, 3), ((1, 1), (1, 6))), ((4, 1), ((1, 6), (6, 1))), ((4, 1), ((1, 6), (6, 1), (6, 6))), ((6, 5), ((6, 1),)), ((4, 3), ((1, 1), (1, 6), (6, 6))), ((4, 3), ((1, 1), (6, 6)))]","[((4, 5), ()), ((4, 6), ()), ((5, 5), ()), ((3, 5), ()), ((5, 6), ()), ((3, 6), ()), ((6, 5), ()), ((2, 5), ()), ((6, 6), ((6, 6),)), ((2, 6), ()), ((6, 4), ()), ((1, 5), ()), ((6, 5), ((6, 6),)), ((5, 6), ((6, 6),)), ((1, 6), ((1, 6),)), ((6, 3), ()), ((1, 4), ()), ((6, 4), ((6, 6),)), ((5, 5), ((6, 6),)), ((4, 6), ((6, 6),)), ((1, 5), ((1, 6),)), ((2, 6), ((1, 6),)), ((5, 3), ()), ((1, 3), ()), ((6, 3), ((6, 6),)), ((4, 5), ((6, 6),)), ((3, 6), ((6, 6),)), ((1, 4), ((1, 6),)), ((2, 5), ((1, 6),)), ((3, 6), ((1, 6),)), ((4, 3), ()), ((1, 2), ()), ((5, 3), ((6, 6),)), ((3, 5), ((6, 6),)), ((2, 6), ((6, 6),)), ((1, 3), ((1, 6),)), ((3, 5), ((1, 6),)), ((4, 6), ((1, 6),)), ((3, 3), ()), ((1, 1), ((1, 1),)), ((4, 3), ((6, 6),)), ((2, 5), ((6, 6),)), ((1, 6), ((1, 6), (6, 6))), ((1, 2), ((1, 6),)), ((4, 5), ((1, 6),)), ((5, 6), ((1, 6),)), ((3, 2), ()), ((1, 2), ((1, 1),)), ((3, 3), ((6, 6),)), ((1, 5), ((6, 6),)), ((1, 5), ((1, 6), (6, 6))), ((2, 6), ((1, 6), (6, 6))), ((1, 1), ((1, 1), (1, 6))), ((5, 5), ((1, 6),)), ((6, 6), ((1, 6), (6, 6))), ((3, 1), ()), ((1, 3), ((1, 1),)), ((3, 2), ((6, 6),)), ((1, 4), ((6, 6),)), ((1, 4), ((1, 6), (6, 6))), ((2, 5), ((1, 6), (6, 6))), ((3, 6), ((1, 6), (6, 6))), ((1, 2), ((1, 1), (1, 6))), ((6, 5), ((1, 6),)), ((6, 5), ((1, 6), (6, 6))), ((5, 6), ((1, 6), (6, 6))), ((4, 1), ()), ((1, 4), ((1, 1),)), ((3, 1), ((6, 6),)), ((1, 3), ((6, 6),)), ((1, 3), ((1, 6), (6, 6))), ((3, 5), ((1, 6), (6, 6))), ((4, 6), ((1, 6), (6, 6))), ((1, 3), ((1, 1), (1, 6))), ((6, 4), ((1, 6),)), ((6, 4), ((1, 6), (6, 6))), ((5, 5), ((1, 6), (6, 6))), ((5, 1), ()), ((1, 5), ((1, 1),)), ((4, 1), ((6, 6),)), ((1, 2), ((6, 6),)), ((1, 2), ((1, 6), (6, 6))), ((4, 5), ((1, 6), (6, 6))), ((1, 4), ((1, 1), (1, 6))), ((6, 3), ((1, 6),)), ((6, 3), ((1, 6), (6, 6))), ((6, 1), ((6, 1),)), ((1, 6), ((1, 1), (1, 6))), ((2, 5), ((1, 1),)), ((5, 1), ((6, 6),)), ((1, 1), ((1, 1), (6, 6))), ((1, 1), ((1, 1), (1, 6), (6, 6))), ((1, 5), ((1, 1), (1, 6))), ((5, 3), ((1, 6),)), ((5, 3), ((1, 6), (6, 6))), ((5, 1), ((6, 1),)), ((2, 6), ((1, 1), (1, 6))), ((2, 6), ((1, 1),)), ((3, 5), ((1, 1),)), ((6, 1), ((6, 1), (6, 6))), ((1, 2), ((1, 1), (6, 6))), ((1, 2), ((1, 1), (1, 6), (6, 6))), ((2, 5), ((1, 1), (1, 6))), ((4, 3), ((1, 6),)), ((4, 3), ((1, 6), (6, 6))), ((4, 1), ((6, 1),)), ((3, 6), ((1, 1), (1, 6))), ((3, 6), ((1, 1),)), ((4, 5), ((1, 1),)), ((5, 1), ((6, 1), (6, 6))), ((1, 3), ((1, 1), (6, 6))), ((1, 3), ((1, 1), (1, 6), (6, 6))), ((3, 5), ((1, 1), (1, 6))), ((3, 3), ((1, 6),)), ((3, 3), ((1, 6), (6, 6))), ((3, 1), ((6, 1),)), ((4, 6), ((1, 1), (1, 6))), ((4, 6), ((1, 1),)), ((5, 5), ((1, 1),)), ((4, 1), ((6, 1), (6, 6))), ((1, 4), ((1, 1), (6, 6))), ((1, 4), ((1, 1), (1, 6), (6, 6))), ((4, 5), ((1, 1), (1, 6))), ((3, 2), ((1, 6),)), ((3, 2), ((1, 6), (6, 6))), ((3, 2), ((6, 1),)), ((5, 6), ((1, 1), (1, 6))), ((5, 6), ((1, 1),)), ((6, 5), ((1, 1),)), ((3, 1), ((6, 1), (6, 6))), ((1, 5), ((1, 1), (6, 6))), ((1, 5), ((1, 1), (1, 6), (6, 6))), ((5, 5), ((1, 1), (1, 6))), ((3, 1), ((1, 6),)), ((3, 1), ((1, 6), (6, 6))), ((3, 3), ((6, 1),)), ((6, 6), ((1, 1), (1, 6), (6, 6))), ((6, 6), ((1, 1), (6, 6))), ((6, 4), ((1, 1),)), ((3, 2), ((6, 1), (6, 6))), ((1, 6), ((1, 1), (1, 6), (6, 6))), ((2, 5), ((1, 1), (6, 6))), ((2, 5), ((1, 1), (1, 6), (6, 6))), ((6, 5), ((1, 1), (1, 6))), ((4, 1), ((1, 6),)), ((4, 1), ((1, 6), (6, 6))), ((4, 3), ((6, 1),)), ((6, 5), ((1, 1), (1, 6), (6, 6))), ((5, 6), ((1, 1), (1, 6), (6, 6))), ((6, 5), ((1, 1), (6, 6))), ((5, 6), ((1, 1), (6, 6))), ((6, 3), ((1, 1),)), ((3, 3), ((6, 1), (6, 6))), ((2, 6), ((1, 1), (1, 6), (6, 6))), ((2, 6), ((1, 1), (6, 6))), ((3, 5), ((1, 1), (6, 6))), ((3, 5), ((1, 1), (1, 6), (6, 6))), ((6, 4), ((1, 1), (1, 6))), ((5, 1), ((1, 6),)), ((5, 1), ((1, 6), (6, 6))), ((5, 3), ((6, 1),)), ((6, 4), ((1, 1), (1, 6), (6, 6))), ((5, 5), ((1, 1), (1, 6), (6, 6))), ((4, 6), ((1, 1), (1, 6), (6, 6))), ((6, 4), ((1, 1), (6, 6))), ((5, 5), ((1, 1), (6, 6))), ((4, 6), ((1, 1), (6, 6))), ((5, 3), ((1, 1),)), ((4, 3), ((6, 1), (6, 6))), ((3, 6), ((1, 1), (1, 6), (6, 6))), ((3, 6), ((1, 1), (6, 6))), ((4, 5), ((1, 1), (6, 6))), ((4, 5), ((1, 1), (1, 6), (6, 6))), ((6, 3), ((1, 1), (1, 6))), ((6, 1), ((1, 6), (6, 1))), ((6, 1), ((1, 6), (6, 1), (6, 6))), ((6, 3), ((6, 1),)), ((6, 3), ((1, 1), (1, 6), (6, 6))), ((6, 3), ((1, 1), (6, 6))), ((4, 3), ((1, 1),)), ((5, 3), ((6, 1), (6, 6))), ((5, 3), ((1, 1), (1, 6))), ((5, 1), ((1, 6), (6, 1))), ((5, 1), ((1, 6), (6, 1), (6, 6))), ((6, 4), ((6, 1),)), ((5, 3), ((1, 1), (1, 6), (6, 6)))]",21,0,21
188,"((3, 3), ((1, 1),))","((4, 3), ((1, 1),))",West,"[((3, 2), ((1, 1),)) via South]","[((3, 3), ((1, 1),)), ((6, 3), ((6, 1), (6, 6))), ((4, 3), ((1, 1), (1, 6))), ((4, 1), ((1, 6), (6, 1))), ((4, 1), ((1, 6), (6, 1), (6, 6))), ((6, 5), ((6, 1),)), ((4, 3), ((1, 1), (1, 6), (6, 6))), ((4, 3), ((1, 1), (6, 6)))]","[((6, 3), ((6, 1), (6, 6))), ((4, 3), ((1, 1), (1, 6))), ((4, 1), ((1, 6), (6, 1))), ((4, 1), ((1, 6), (6, 1), (6, 6))), ((6, 5), ((6, 1),)), ((4, 3), ((1, 1), (1, 6), (6, 6))), ((4, 3), ((1, 1), (6, 6))), ((3, 2), ((1, 1),))]","[((4, 5), ()), ((4, 6), ()), ((5, 5), ()), ((3, 5), ()), ((5, 6), ()), ((3, 6), ()), ((6, 5), ()), ((2, 5), ()), ((6, 6), ((6, 6),)), ((2, 6), ()), ((6, 4), ()), ((1, 5), ()), ((6, 5), ((6, 6),)), ((5, 6), ((6, 6),)), ((1, 6), ((1, 6),)), ((6, 3), ()), ((1, 4), ()), ((6, 4), ((6, 6),)), ((5, 5), ((6, 6),)), ((4, 6), ((6, 6),)), ((1, 5), ((1, 6),)), ((2, 6), ((1, 6),)), ((5, 3), ()), ((1, 3), ()), ((6, 3), ((6, 6),)), ((4, 5), ((6, 6),)), ((3, 6), ((6, 6),)), ((1, 4), ((1, 6),)), ((2, 5), ((1, 6),)), ((3, 6), ((1, 6),)), ((4, 3), ()), ((1, 2), ()), ((5, 3), ((6, 6),)), ((3, 5), ((6, 6),)), ((2, 6), ((6, 6),)), ((1, 3), ((1, 6),)), ((3, 5), ((1, 6),)), ((4, 6), ((1, 6),)), ((3, 3), ()), ((1, 1), ((1, 1),)), ((4, 3), ((6, 6),)), ((2, 5), ((6, 6),)), ((1, 6), ((1, 6), (6, 6))), ((1, 2), ((1, 6),)), ((4, 5), ((1, 6),)), ((5, 6), ((1, 6),)), ((3, 2), ()), ((1, 2), ((1, 1),)), ((3, 3), ((6, 6),)), ((1, 5), ((6, 6),)), ((1, 5), ((1, 6), (6, 6))), ((2, 6), ((1, 6), (6, 6))), ((1, 1), ((1, 1), (1, 6))), ((5, 5), ((1, 6),)), ((6, 6), ((1, 6), (6, 6))), ((3, 1), ()), ((1, 3), ((1, 1),)), ((3, 2), ((6, 6),)), ((1, 4), ((6, 6),)), ((1, 4), ((1, 6), (6, 6))), ((2, 5), ((1, 6), (6, 6))), ((3, 6), ((1, 6), (6, 6))), ((1, 2), ((1, 1), (1, 6))), ((6, 5), ((1, 6),)), ((6, 5), ((1, 6), (6, 6))), ((5, 6), ((1, 6), (6, 6))), ((4, 1), ()), ((1, 4), ((1, 1),)), ((3, 1), ((6, 6),)), ((1, 3), ((6, 6),)), ((1, 3), ((1, 6), (6, 6))), ((3, 5), ((1, 6), (6, 6))), ((4, 6), ((1, 6), (6, 6))), ((1, 3), ((1, 1), (1, 6))), ((6, 4), ((1, 6),)), ((6, 4), ((1, 6), (6, 6))), ((5, 5), ((1, 6), (6, 6))), ((5, 1), ()), ((1, 5), ((1, 1),)), ((4, 1), ((6, 6),)), ((1, 2), ((6, 6),)), ((1, 2), ((1, 6), (6, 6))), ((4, 5), ((1, 6), (6, 6))), ((1, 4), ((1, 1), (1, 6))), ((6, 3), ((1, 6),)), ((6, 3), ((1, 6), (6, 6))), ((6, 1), ((6, 1),)), ((1, 6), ((1, 1), (1, 6))), ((2, 5), ((1, 1),)), ((5, 1), ((6, 6),)), ((1, 1), ((1, 1), (6, 6))), ((1, 1), ((1, 1), (1, 6), (6, 6))), ((1, 5), ((1, 1), (1, 6))), ((5, 3), ((1, 6),)), ((5, 3), ((1, 6), (6, 6))), ((5, 1), ((6, 1),)), ((2, 6), ((1, 1), (1, 6))), ((2, 6), ((1, 1),)), ((3, 5), ((1, 1),)), ((6, 1), ((6, 1), (6, 6))), ((1, 2), ((1, 1), (6, 6))), ((1, 2), ((1, 1), (1, 6), (6, 6))), ((2, 5), ((1, 1), (1, 6))), ((4, 3), ((1, 6),)), ((4, 3), ((1, 6), (6, 6))), ((4, 1), ((6, 1),)), ((3, 6), ((1, 1), (1, 6))), ((3, 6), ((1, 1),)), ((4, 5), ((1, 1),)), ((5, 1), ((6, 1), (6, 6))), ((1, 3), ((1, 1), (6, 6))), ((1, 3), ((1, 1), (1, 6), (6, 6))), ((3, 5), ((1, 1), (1, 6))), ((3, 3), ((1, 6),)), ((3, 3), ((1, 6), (6, 6))), ((3, 1), ((6, 1),)), ((4, 6), ((1, 1), (1, 6))), ((4, 6), ((1, 1),)), ((5, 5), ((1, 1),)), ((4, 1), ((6, 1), (6, 6))), ((1, 4), ((1, 1), (6, 6))), ((1, 4), ((1, 1), (1, 6), (6, 6))), ((4, 5), ((1, 1), (1, 6))), ((3, 2), ((1, 6),)), ((3, 2), ((1, 6), (6, 6))), ((3, 2), ((6, 1),)), ((5, 6), ((1, 1), (1, 6))), ((5, 6), ((1, 1),)), ((6, 5), ((1, 1),)), ((3, 1), ((6, 1), (6, 6))), ((1, 5), ((1, 1), (6, 6))), ((1, 5), ((1, 1), (1, 6), (6, 6))), ((5, 5), ((1, 1), (1, 6))), ((3, 1), ((1, 6),)), ((3, 1), ((1, 6), (6, 6))), ((3, 3), ((6, 1),)), ((6, 6), ((1, 1), (1, 6), (6, 6))), ((6, 6), ((1, 1), (6, 6))), ((6, 4), ((1, 1),)), ((3, 2), ((6, 1), (6, 6))), ((1, 6), ((1, 1), (1, 6), (6, 6))), ((2, 5), ((1, 1), (6, 6))), ((2, 5), ((1, 1), (1, 6), (6, 6))), ((6, 5), ((1, 1), (1, 6))), ((4, 1), ((1, 6),)), ((4, 1), ((1, 6), (6, 6))), ((4, 3), ((6, 1),)), ((6, 5), ((1, 1), (1, 6), (6, 6))), ((5, 6), ((1, 1), (1, 6), (6, 6))), ((6, 5), ((1, 1), (6, 6))), ((5, 6), ((1, 1), (6, 6))), ((6, 3), ((1, 1),)), ((3, 3), ((6, 1), (6, 6))), ((2, 6), ((1, 1), (1, 6), (6, 6))), ((2, 6), ((1, 1), (6, 6))), ((3, 5), ((1, 1), (6, 6))), ((3, 5), ((1, 1), (1, 6), (6, 6))), ((6, 4), ((1, 1), (1, 6))), ((5, 1), ((1, 6),)), ((5, 1), ((1, 6), (6, 6))), ((5, 3), ((6, 1),)), ((6, 4), ((1, 1), (1, 6), (6, 6))), ((5, 5), ((1, 1), (1, 6), (6, 6))), ((4, 6), ((1, 1), (1, 6), (6, 6))), ((6, 4), ((1, 1), (6, 6))), ((5, 5), ((1, 1), (6, 6))), ((4, 6), ((1, 1), (6, 6))), ((5, 3), ((1, 1),)), ((4, 3), ((6, 1), (6, 6))), ((3, 6), ((1, 1), (1, 6), (6, 6))), ((3, 6), ((1, 1), (6, 6))), ((4, 5), ((1, 1), (6, 6))), ((4, 5), ((1, 1), (1, 6), (6, 6))), ((6, 3), ((1, 1), (1, 6))), ((6, 1), ((1, 6), (6, 1))), ((6, 1), ((1, 6), (6, 1), (6, 6))), ((6, 3), ((6, 1),)), ((6, 3), ((1, 1), (1, 6), (6, 6))), ((6, 3), ((1, 1), (6, 6))), ((4, 3), ((1, 1),)), ((5, 3), ((6, 1), (6, 6))), ((5, 3), ((1, 1), (1, 6))), ((5, 1), ((1, 6), (6, 1))), ((5, 1), ((1, 6), (6, 1), (6, 6))), ((6, 4), ((6, 1),)), ((5, 3), ((1, 1), (1, 6), (6, 6))), ((5, 3), ((1, 1), (6, 6)))]",21,0,21
189,"((6, 3), ((6, 1), (6, 6)))","((5, 3), ((6, 1), (6, 6)))",East,"[((6, 4), ((6, 1), (6, 6))) via North]","[((6, 3), ((6, 1), (6, 6))), ((4, 3), ((1, 1), (1, 6))), ((4, 1), ((1, 6), (6, 1))), ((4, 1), ((1, 6), (6, 1), (6, 6))), ((6, 5), ((6, 1),)), ((4, 3), ((1, 1), (1, 6), (6, 6))), ((4, 3), ((1, 1), (6, 6))), ((3, 2), ((1, 1),))]","[((4, 3), ((1, 1), (1, 6))), ((4, 1), ((1, 6), (6, 1))), ((4, 1), ((1, 6), (6, 1), (6, 6))), ((6, 5), ((6, 1),)), ((4, 3), ((1, 1), (1, 6), (6, 6))), ((4, 3), ((1, 1), (6, 6))), ((3, 2), ((1, 1),)), ((6, 4), ((6, 1), (6, 6)))]","[((4, 5), ()), ((4, 6), ()), ((5, 5), ()), ((3, 5), ()), ((5, 6), ()), ((3, 6), ()), ((6, 5), ()), ((2, 5), ()), ((6, 6), ((6, 6),)), ((2, 6), ()), ((6, 4), ()), ((1, 5), ()), ((6, 5), ((6, 6),)), ((5, 6), ((6, 6),)), ((1, 6), ((1, 6),)), ((6, 3), ()), ((1, 4), ()), ((6, 4), ((6, 6),)), ((5, 5), ((6, 6),)), ((4, 6), ((6, 6),)), ((1, 5), ((1, 6),)), ((2, 6), ((1, 6),)), ((5, 3), ()), ((1, 3), ()), ((6, 3), ((6, 6),)), ((4, 5), ((6, 6),)), ((3, 6), ((6, 6),)), ((1, 4), ((1, 6),)), ((2, 5), ((1, 6),)), ((3, 6), ((1, 6),)), ((4, 3), ()), ((1, 2), ()), ((5, 3), ((6, 6),)), ((3, 5), ((6, 6),)), ((2, 6), ((6, 6),)), ((1, 3), ((1, 6),)), ((3, 5), ((1, 6),)), ((4, 6), ((1, 6),)), ((3, 3), ()), ((1, 1), ((1, 1),)), ((4, 3), ((6, 6),)), ((2, 5), ((6, 6),)), ((1, 6), ((1, 6), (6, 6))), ((1, 2), ((1, 6),)), ((4, 5), ((1, 6),)), ((5, 6), ((1, 6),)), ((3, 2), ()), ((1, 2), ((1, 1),)), ((3, 3), ((6, 6),)), ((1, 5), ((6, 6),)), ((1, 5), ((1, 6), (6, 6))), ((2, 6), ((1, 6), (6, 6))), ((1, 1), ((1, 1), (1, 6))), ((5, 5), ((1, 6),)), ((6, 6), ((1, 6), (6, 6))), ((3, 1), ()), ((1, 3), ((1, 1),)), ((3, 2), ((6, 6),)), ((1, 4), ((6, 6),)), ((1, 4), ((1, 6), (6, 6))), ((2, 5), ((1, 6), (6, 6))), ((3, 6), ((1, 6), (6, 6))), ((1, 2), ((1, 1), (1, 6))), ((6, 5), ((1, 6),)), ((6, 5), ((1, 6), (6, 6))), ((5, 6), ((1, 6), (6, 6))), ((4, 1), ()), ((1, 4), ((1, 1),)), ((3, 1), ((6, 6),)), ((1, 3), ((6, 6),)), ((1, 3), ((1, 6), (6, 6))), ((3, 5), ((1, 6), (6, 6))), ((4, 6), ((1, 6), (6, 6))), ((1, 3), ((1, 1), (1, 6))), ((6, 4), ((1, 6),)), ((6, 4), ((1, 6), (6, 6))), ((5, 5), ((1, 6), (6, 6))), ((5, 1), ()), ((1, 5), ((1, 1),)), ((4, 1), ((6, 6),)), ((1, 2), ((6, 6),)), ((1, 2), ((1, 6), (6, 6))), ((4, 5), ((1, 6), (6, 6))), ((1, 4), ((1, 1), (1, 6))), ((6, 3), ((1, 6),)), ((6, 3), ((1, 6), (6, 6))), ((6, 1), ((6, 1),)), ((1, 6), ((1, 1), (1, 6))), ((2, 5), ((1, 1),)), ((5, 1), ((6, 6),)), ((1, 1), ((1, 1), (6, 6))), ((1, 1), ((1, 1), (1, 6), (6, 6))), ((1, 5), ((1, 1), (1, 6))), ((5, 3), ((1, 6),)), ((5, 3), ((1, 6), (6, 6))), ((5, 1), ((6, 1),)), ((2, 6), ((1, 1), (1, 6))), ((2, 6), ((1, 1),)), ((3, 5), ((1, 1),)), ((6, 1), ((6, 1), (6, 6))), ((1, 2), ((1, 1), (6, 6))), ((1, 2), ((1, 1), (1, 6), (6, 6))), ((2, 5), ((1, 1), (1, 6))), ((4, 3), ((1, 6),)), ((4, 3), ((1, 6), (6, 6))), ((4, 1), ((6, 1),)), ((3, 6), ((1, 1), (1, 6))), ((3, 6), ((1, 1),)), ((4, 5), ((1, 1),)), ((5, 1), ((6, 1), (6, 6))), ((1, 3), ((1, 1), (6, 6))), ((1, 3), ((1, 1), (1, 6), (6, 6))), ((3, 5), ((1, 1), (1, 6))), ((3, 3), ((1, 6),)), ((3, 3), ((1, 6), (6, 6))), ((3, 1), ((6, 1),)), ((4, 6), ((1, 1), (1, 6))), ((4, 6), ((1, 1),)), ((5, 5), ((1, 1),)), ((4, 1), ((6, 1), (6, 6))), ((1, 4), ((1, 1), (6, 6))), ((1, 4), ((1, 1), (1, 6), (6, 6))), ((4, 5), ((1, 1), (1, 6))), ((3, 2), ((1, 6),)), ((3, 2), ((1, 6), (6, 6))), ((3, 2), ((6, 1),)), ((5, 6), ((1, 1), (1, 6))), ((5, 6), ((1, 1),)), ((6, 5), ((1, 1),)), ((3, 1), ((6, 1), (6, 6))), ((1, 5), ((1, 1), (6, 6))), ((1, 5), ((1, 1), (1, 6), (6, 6))), ((5, 5), ((1, 1), (1, 6))), ((3, 1), ((1, 6),)), ((3, 1), ((1, 6), (6, 6))), ((3, 3), ((6, 1),)), ((6, 6), ((1, 1), (1, 6), (6, 6))), ((6, 6), ((1, 1), (6, 6))), ((6, 4), ((1, 1),)), ((3, 2), ((6, 1), (6, 6))), ((1, 6), ((1, 1), (1, 6), (6, 6))), ((2, 5), ((1, 1), (6, 6))), ((2, 5), ((1, 1), (1, 6), (6, 6))), ((6, 5), ((1, 1), (1, 6))), ((4, 1), ((1, 6),)), ((4, 1), ((1, 6), (6, 6))), ((4, 3), ((6, 1),)), ((6, 5), ((1, 1), (1, 6), (6, 6))), ((5, 6), ((1, 1), (1, 6), (6, 6))), ((6, 5), ((1, 1), (6, 6))), ((5, 6), ((1, 1), (6, 6))), ((6, 3), ((1, 1),)), ((3, 3), ((6, 1), (6, 6))), ((2, 6), ((1, 1), (1, 6), (6, 6))), ((2, 6), ((1, 1), (6, 6))), ((3, 5), ((1, 1), (6, 6))), ((3, 5), ((1, 1), (1, 6), (6, 6))), ((6, 4), ((1, 1), (1, 6))), ((5, 1), ((1, 6),)), ((5, 1), ((1, 6), (6, 6))), ((5, 3), ((6, 1),)), ((6, 4), ((1, 1), (1, 6), (6, 6))), ((5, 5), ((1, 1), (1, 6), (6, 6))), ((4, 6), ((1, 1), (1, 6), (6, 6))), ((6, 4), ((1, 1), (6, 6))), ((5, 5), ((1, 1), (6, 6))), ((4, 6), ((1, 1), (6, 6))), ((5, 3), ((1, 1),)), ((4, 3), ((6, 1), (6, 6))), ((3, 6), ((1, 1), (1, 6), (6, 6))), ((3, 6), ((1, 1), (6, 6))), ((4, 5), ((1, 1), (6, 6))), ((4, 5), ((1, 1), (1, 6), (6, 6))), ((6, 3), ((1, 1), (1, 6))), ((6, 1), ((1, 6), (6, 1))), ((6, 1), ((1, 6), (6, 1), (6, 6))), ((6, 3), ((6, 1),)), ((6, 3), ((1, 1), (1, 6), (6, 6))), ((6, 3), ((1, 1), (6, 6))), ((4, 3), ((1, 1),)), ((5, 3), ((6, 1), (6, 6))), ((5, 3), ((1, 1), (1, 6))), ((5, 1), ((1, 6), (6, 1))), ((5, 1), ((1, 6), (6, 1), (6, 6))), ((6, 4), ((6, 1),)), ((5, 3), ((1, 1), (1, 6), (6, 6))), ((5, 3), ((1, 1), (6, 6))), ((3, 3), ((1, 1),))]",22,0,22
190,"((4, 3), ((1, 1), (1, 6)))","((5, 3), ((1, 1), (1, 6)))",West,"[((3, 3), ((1, 1), (1, 6))) via West]","[((4, 3), ((1, 1), (1, 6))), ((4, 1), ((1, 6), (6, 1))), ((4, 1), ((1, 6), (6, 1), (6, 6))), ((6, 5), ((6, 1),)), ((4, 3), ((1, 1), (1, 6), (6, 6))), ((4, 3), ((1, 1), (6, 6))), ((3, 2), ((1, 1),)), ((6, 4), ((6, 1), (6, 6)))]","[((4, 1), ((1, 6), (6, 1))), ((4, 1), ((1, 6), (6, 1), (6, 6))), ((6, 5), ((6, 1),)), ((4, 3), ((1, 1), (1, 6), (6, 6))), ((4, 3), ((1, 1), (6, 6))), ((3, 2), ((1, 1),)), ((6, 4), ((6, 1), (6, 6))), ((3, 3), ((1, 1), (1, 6)))]","[((4, 5), ()), ((4, 6), ()), ((5, 5), ()), ((3, 5), ()), ((5, 6), ()), ((3, 6), ()), ((6, 5), ()), ((2, 5), ()), ((6, 6), ((6, 6),)), ((2, 6), ()), ((6, 4), ()), ((1, 5), ()), ((6, 5), ((6, 6),)), ((5, 6), ((6, 6),)), ((1, 6), ((1, 6),)), ((6, 3), ()), ((1, 4), ()), ((6, 4), ((6, 6),)), ((5, 5), ((6, 6),)), ((4, 6), ((6, 6),)), ((1, 5), ((1, 6),)), ((2, 6), ((1, 6),)), ((5, 3), ()), ((1, 3), ()), ((6, 3), ((6, 6),)), ((4, 5), ((6, 6),)), ((3, 6), ((6, 6),)), ((1, 4), ((1, 6),)), ((2, 5), ((1, 6),)), ((3, 6), ((1, 6),)), ((4, 3), ()), ((1, 2), ()), ((5, 3), ((6, 6),)), ((3, 5), ((6, 6),)), ((2, 6), ((6, 6),)), ((1, 3), ((1, 6),)), ((3, 5), ((1, 6),)), ((4, 6), ((1, 6),)), ((3, 3), ()), ((1, 1), ((1, 1),)), ((4, 3), ((6, 6),)), ((2, 5), ((6, 6),)), ((1, 6), ((1, 6), (6, 6))), ((1, 2), ((1, 6),)), ((4, 5), ((1, 6),)), ((5, 6), ((1, 6),)), ((3, 2), ()), ((1, 2), ((1, 1),)), ((3, 3), ((6, 6),)), ((1, 5), ((6, 6),)), ((1, 5), ((1, 6), (6, 6))), ((2, 6), ((1, 6), (6, 6))), ((1, 1), ((1, 1), (1, 6))), ((5, 5), ((1, 6),)), ((6, 6), ((1, 6), (6, 6))), ((3, 1), ()), ((1, 3), ((1, 1),)), ((3, 2), ((6, 6),)), ((1, 4), ((6, 6),)), ((1, 4), ((1, 6), (6, 6))), ((2, 5), ((1, 6), (6, 6))), ((3, 6), ((1, 6), (6, 6))), ((1, 2), ((1, 1), (1, 6))), ((6, 5), ((1, 6),)), ((6, 5), ((1, 6), (6, 6))), ((5, 6), ((1, 6), (6, 6))), ((4, 1), ()), ((1, 4), ((1, 1),)), ((3, 1), ((6, 6),)), ((1, 3), ((6, 6),)), ((1, 3), ((1, 6), (6, 6))), ((3, 5), ((1, 6), (6, 6))), ((4, 6), ((1, 6), (6, 6))), ((1, 3), ((1, 1), (1, 6))), ((6, 4), ((1, 6),)), ((6, 4), ((1, 6), (6, 6))), ((5, 5), ((1, 6), (6, 6))), ((5, 1), ()), ((1, 5), ((1, 1),)), ((4, 1), ((6, 6),)), ((1, 2), ((6, 6),)), ((1, 2), ((1, 6), (6, 6))), ((4, 5), ((1, 6), (6, 6))), ((1, 4), ((1, 1), (1, 6))), ((6, 3), ((1, 6),)), ((6, 3), ((1, 6), (6, 6))), ((6, 1), ((6, 1),)), ((1, 6), ((1, 1), (1, 6))), ((2, 5), ((1, 1),)), ((5, 1), ((6, 6),)), ((1, 1), ((1, 1), (6, 6))), ((1, 1), ((1, 1), (1, 6), (6, 6))), ((1, 5), ((1, 1), (1, 6))), ((5, 3), ((1, 6),)), ((5, 3), ((1, 6), (6, 6))), ((5, 1), ((6, 1),)), ((2, 6), ((1, 1), (1, 6))), ((2, 6), ((1, 1),)), ((3, 5), ((1, 1),)), ((6, 1), ((6, 1), (6, 6))), ((1, 2), ((1, 1), (6, 6))), ((1, 2), ((1, 1), (1, 6), (6, 6))), ((2, 5), ((1, 1), (1, 6))), ((4, 3), ((1, 6),)), ((4, 3), ((1, 6), (6, 6))), ((4, 1), ((6, 1),)), ((3, 6), ((1, 1), (1, 6))), ((3, 6), ((1, 1),)), ((4, 5), ((1, 1),)), ((5, 1), ((6, 1), (6, 6))), ((1, 3), ((1, 1), (6, 6))), ((1, 3), ((1, 1), (1, 6), (6, 6))), ((3, 5), ((1, 1), (1, 6))), ((3, 3), ((1, 6),)), ((3, 3), ((1, 6), (6, 6))), ((3, 1), ((6, 1),)), ((4, 6), ((1, 1), (1, 6))), ((4, 6), ((1, 1),)), ((5, 5), ((1, 1),)), ((4, 1), ((6, 1), (6, 6))), ((1, 4), ((1, 1), (6, 6))), ((1, 4), ((1, 1), (1, 6), (6, 6))), ((4, 5), ((1, 1), (1, 6))), ((3, 2), ((1, 6),)), ((3, 2), ((1, 6), (6, 6))), ((3, 2), ((6, 1),)), ((5, 6), ((1, 1), (1, 6))), ((5, 6), ((1, 1),)), ((6, 5), ((1, 1),)), ((3, 1), ((6, 1), (6, 6))), ((1, 5), ((1, 1), (6, 6))), ((1, 5), ((1, 1), (1, 6), (6, 6))), ((5, 5), ((1, 1), (1, 6))), ((3, 1), ((1, 6),)), ((3, 1), ((1, 6), (6, 6))), ((3, 3), ((6, 1),)), ((6, 6), ((1, 1), (1, 6), (6, 6))), ((6, 6), ((1, 1), (6, 6))), ((6, 4), ((1, 1),)), ((3, 2), ((6, 1), (6, 6))), ((1, 6), ((1, 1), (1, 6), (6, 6))), ((2, 5), ((1, 1), (6, 6))), ((2, 5), ((1, 1), (1, 6), (6, 6))), ((6, 5), ((1, 1), (1, 6))), ((4, 1), ((1, 6),)), ((4, 1), ((1, 6), (6, 6))), ((4, 3), ((6, 1),)), ((6, 5), ((1, 1), (1, 6), (6, 6))), ((5, 6), ((1, 1), (1, 6), (6, 6))), ((6, 5), ((1, 1), (6, 6))), ((5, 6), ((1, 1), (6, 6))), ((6, 3), ((1, 1),)), ((3, 3), ((6, 1), (6, 6))), ((2, 6), ((1, 1), (1, 6), (6, 6))), ((2, 6), ((1, 1), (6, 6))), ((3, 5), ((1, 1), (6, 6))), ((3, 5), ((1, 1), (1, 6), (6, 6))), ((6, 4), ((1, 1), (1, 6))), ((5, 1), ((1, 6),)), ((5, 1), ((1, 6), (6, 6))), ((5, 3), ((6, 1),)), ((6, 4), ((1, 1), (1, 6), (6, 6))), ((5, 5), ((1, 1), (1, 6), (6, 6))), ((4, 6), ((1, 1), (1, 6), (6, 6))), ((6, 4), ((1, 1), (6, 6))), ((5, 5), ((1, 1), (6, 6))), ((4, 6), ((1, 1), (6, 6))), ((5, 3), ((1, 1),)), ((4, 3), ((6, 1), (6, 6))), ((3, 6), ((1, 1), (1, 6), (6, 6))), ((3, 6), ((1, 1), (6, 6))), ((4, 5), ((1, 1), (6, 6))), ((4, 5), ((1, 1), (1, 6), (6, 6))), ((6, 3), ((1, 1), (1, 6))), ((6, 1), ((1, 6), (6, 1))), ((6, 1), ((1, 6), (6, 1), (6, 6))), ((6, 3), ((6, 1),)), ((6, 3), ((1, 1), (1, 6), (6, 6))), ((6, 3), ((1, 1), (6, 6))), ((4, 3), ((1, 1),)), ((5, 3), ((6, 1), (6, 6))), ((5, 3), ((1, 1), (1, 6))), ((5, 1), ((1, 6), (6, 1))), ((5, 1), ((1, 6), (6, 1), (6, 6))), ((6, 4), ((6, 1),)), ((5, 3), ((1, 1), (1, 6), (6, 6))), ((5, 3), ((1, 1), (6, 6))), ((3, 3), ((1, 1),)), ((6, 3), ((6, 1), (6, 6)))]",22,0,22
191,"((4, 1), ((1, 6), (6, 1)))","((5, 1), ((1, 6), (6, 1)))",West,"[((3, 1), ((1, 6), (6, 1))) via West]","[((4, 1), ((1, 6), (6, 1))), ((4, 1), ((1, 6), (6, 1), (6, 6))), ((6, 5), ((6, 1),)), ((4, 3), ((1, 1), (1, 6), (6, 6))), ((4, 3), ((1, 1), (6, 6))), ((3, 2), ((1, 1),)), ((6, 4), ((6, 1), (6, 6))), ((3, 3), ((1, 1), (1, 6)))]","[((4, 1), ((1, 6), (6, 1), (6, 6))), ((6, 5), ((6, 1),)), ((4, 3), ((1, 1), (1, 6), (6, 6))), ((4, 3), ((1, 1), (6, 6))), ((3, 2), ((1, 1),)), ((6, 4), ((6, 1), (6, 6))), ((3, 3), ((1, 1), (1, 6))), ((3, 1), ((1, 6), (6, 1)))]","[((4, 5), ()), ((4, 6), ()), ((5, 5), ()), ((3, 5), ()), ((5, 6), ()), ((3, 6), ()), ((6, 5), ()), ((2, 5), ()), ((6, 6), ((6, 6),)), ((2, 6), ()), ((6, 4), ()), ((1, 5), ()), ((6, 5), ((6, 6),)), ((5, 6), ((6, 6),)), ((1, 6), ((1, 6),)), ((6, 3), ()), ((1, 4), ()), ((6, 4), ((6, 6),)), ((5, 5), ((6, 6),)), ((4, 6), ((6, 6),)), ((1, 5), ((1, 6),)), ((2, 6), ((1, 6),)), ((5, 3), ()), ((1, 3), ()), ((6, 3), ((6, 6),)), ((4, 5), ((6, 6),)), ((3, 6), ((6, 6),)), ((1, 4), ((1, 6),)), ((2, 5), ((1, 6),)), ((3, 6), ((1, 6),)), ((4, 3), ()), ((1, 2), ()), ((5, 3), ((6, 6),)), ((3, 5), ((6, 6),)), ((2, 6), ((6, 6),)), ((1, 3), ((1, 6),)), ((3, 5), ((1, 6),)), ((4, 6), ((1, 6),)), ((3, 3), ()), ((1, 1), ((1, 1),)), ((4, 3), ((6, 6),)), ((2, 5), ((6, 6),)), ((1, 6), ((1, 6), (6, 6))), ((1, 2), ((1, 6),)), ((4, 5), ((1, 6),)), ((5, 6), ((1, 6),)), ((3, 2), ()), ((1, 2), ((1, 1),)), ((3, 3), ((6, 6),)), ((1, 5), ((6, 6),)), ((1, 5), ((1, 6), (6, 6))), ((2, 6), ((1, 6), (6, 6))), ((1, 1), ((1, 1), (1, 6))), ((5, 5), ((1, 6),)), ((6, 6), ((1, 6), (6, 6))), ((3, 1), ()), ((1, 3), ((1, 1),)), ((3, 2), ((6, 6),)), ((1, 4), ((6, 6),)), ((1, 4), ((1, 6), (6, 6))), ((2, 5), ((1, 6), (6, 6))), ((3, 6), ((1, 6), (6, 6))), ((1, 2), ((1, 1), (1, 6))), ((6, 5), ((1, 6),)), ((6, 5), ((1, 6), (6, 6))), ((5, 6), ((1, 6), (6, 6))), ((4, 1), ()), ((1, 4), ((1, 1),)), ((3, 1), ((6, 6),)), ((1, 3), ((6, 6),)), ((1, 3), ((1, 6), (6, 6))), ((3, 5), ((1, 6), (6, 6))), ((4, 6), ((1, 6), (6, 6))), ((1, 3), ((1, 1), (1, 6))), ((6, 4), ((1, 6),)), ((6, 4), ((1, 6), (6, 6))), ((5, 5), ((1, 6), (6, 6))), ((5, 1), ()), ((1, 5), ((1, 1),)), ((4, 1), ((6, 6),)), ((1, 2), ((6, 6),)), ((1, 2), ((1, 6), (6, 6))), ((4, 5), ((1, 6), (6, 6))), ((1, 4), ((1, 1), (1, 6))), ((6, 3), ((1, 6),)), ((6, 3), ((1, 6), (6, 6))), ((6, 1), ((6, 1),)), ((1, 6), ((1, 1), (1, 6))), ((2, 5), ((1, 1),)), ((5, 1), ((6, 6),)), ((1, 1), ((1, 1), (6, 6))), ((1, 1), ((1, 1), (1, 6), (6, 6))), ((1, 5), ((1, 1), (1, 6))), ((5, 3), ((1, 6),)), ((5, 3), ((1, 6), (6, 6))), ((5, 1), ((6, 1),)), ((2, 6), ((1, 1), (1, 6))), ((2, 6), ((1, 1),)), ((3, 5), ((1, 1),)), ((6, 1), ((6, 1), (6, 6))), ((1, 2), ((1, 1), (6, 6))), ((1, 2), ((1, 1), (1, 6), (6, 6))), ((2, 5), ((1, 1), (1, 6))), ((4, 3), ((1, 6),)), ((4, 3), ((1, 6), (6, 6))), ((4, 1), ((6, 1),)), ((3, 6), ((1, 1), (1, 6))), ((3, 6), ((1, 1),)), ((4, 5), ((1, 1),)), ((5, 1), ((6, 1), (6, 6))), ((1, 3), ((1, 1), (6, 6))), ((1, 3), ((1, 1), (1, 6), (6, 6))), ((3, 5), ((1, 1), (1, 6))), ((3, 3), ((1, 6),)), ((3, 3), ((1, 6), (6, 6))), ((3, 1), ((6, 1),)), ((4, 6), ((1, 1), (1, 6))), ((4, 6), ((1, 1),)), ((5, 5), ((1, 1),)), ((4, 1), ((6, 1), (6, 6))), ((1, 4), ((1, 1), (6, 6))), ((1, 4), ((1, 1), (1, 6), (6, 6))), ((4, 5), ((1, 1), (1, 6))), ((3, 2), ((1, 6),)), ((3, 2), ((1, 6), (6, 6))), ((3, 2), ((6, 1),)), ((5, 6), ((1, 1), (1, 6))), ((5, 6), ((1, 1),)), ((6, 5), ((1, 1),)), ((3, 1), ((6, 1), (6, 6))), ((1, 5), ((1, 1), (6, 6))), ((1, 5), ((1, 1), (1, 6), (6, 6))), ((5, 5), ((1, 1), (1, 6))), ((3, 1), ((1, 6),)), ((3, 1), ((1, 6), (6, 6))), ((3, 3), ((6, 1),)), ((6, 6), ((1, 1), (1, 6), (6, 6))), ((6, 6), ((1, 1), (6, 6))), ((6, 4), ((1, 1),)), ((3, 2), ((6, 1), (6, 6))), ((1, 6), ((1, 1), (1, 6), (6, 6))), ((2, 5), ((1, 1), (6, 6))), ((2, 5), ((1, 1), (1, 6), (6, 6))), ((6, 5), ((1, 1), (1, 6))), ((4, 1), ((1, 6),)), ((4, 1), ((1, 6), (6, 6))), ((4, 3), ((6, 1),)), ((6, 5), ((1, 1), (1, 6), (6, 6))), ((5, 6), ((1, 1), (1, 6), (6, 6))), ((6, 5), ((1, 1), (6, 6))), ((5, 6), ((1, 1), (6, 6))), ((6, 3), ((1, 1),)), ((3, 3), ((6, 1), (6, 6))), ((2, 6), ((1, 1), (1, 6), (6, 6))), ((2, 6), ((1, 1), (6, 6))), ((3, 5), ((1, 1), (6, 6))), ((3, 5), ((1, 1), (1, 6), (6, 6))), ((6, 4), ((1, 1), (1, 6))), ((5, 1), ((1, 6),)), ((5, 1), ((1, 6), (6, 6))), ((5, 3), ((6, 1),)), ((6, 4), ((1, 1), (1, 6), (6, 6))), ((5, 5), ((1, 1), (1, 6), (6, 6))), ((4, 6), ((1, 1), (1, 6), (6, 6))), ((6, 4), ((1, 1), (6, 6))), ((5, 5), ((1, 1), (6, 6))), ((4, 6), ((1, 1), (6, 6))), ((5, 3), ((1, 1),)), ((4, 3), ((6, 1), (6, 6))), ((3, 6), ((1, 1), (1, 6), (6, 6))), ((3, 6), ((1, 1), (6, 6))), ((4, 5), ((1, 1), (6, 6))), ((4, 5), ((1, 1), (1, 6), (6, 6))), ((6, 3), ((1, 1), (1, 6))), ((6, 1), ((1, 6), (6, 1))), ((6, 1), ((1, 6), (6, 1), (6, 6))), ((6, 3), ((6, 1),)), ((6, 3), ((1, 1), (1, 6), (6, 6))), ((6, 3), ((1, 1), (6, 6))), ((4, 3), ((1, 1),)), ((5, 3), ((6, 1), (6, 6))), ((5, 3), ((1, 1), (1, 6))), ((5, 1), ((1, 6), (6, 1))), ((5, 1), ((1, 6), (6, 1), (6, 6))), ((6, 4), ((6, 1),)), ((5, 3), ((1, 1), (1, 6), (6, 6))), ((5, 3), ((1, 1), (6, 6))), ((3, 3), ((1, 1),)), ((6, 3), ((6, 1), (6, 6))), ((4, 3), ((1, 1), (1, 6)))]",22,0,22
192,"((4, 1), ((1, 6), (6, 1), (6, 6)))","((5, 1), ((1, 6), (6, 1), (6, 6)))",West,"[((3, 1), ((1, 6), (6, 1), (6, 6))) via West]","[((4, 1), ((1, 6), (6, 1), (6, 6))), ((6, 5), ((6, 1),)), ((4, 3), ((1, 1), (1, 6), (6, 6))), ((4, 3), ((1, 1), (6, 6))), ((3, 2), ((1, 1),)), ((6, 4), ((6, 1), (6, 6))), ((3, 3), ((1, 1), (1, 6))), ((3, 1), ((1, 6), (6, 1)))]","[((6, 5), ((6, 1),)), ((4, 3), ((1, 1), (1, 6), (6, 6))), ((4, 3), ((1, 1), (6, 6))), ((3, 2), ((1, 1),)), ((6, 4), ((6, 1), (6, 6))), ((3, 3), ((1, 1), (1, 6))), ((3, 1), ((1, 6), (6, 1))), ((3, 1), ((1, 6), (6, 1), (6, 6)))]","[((4, 5), ()), ((4, 6), ()), ((5, 5), ()), ((3, 5), ()), ((5, 6), ()), ((3, 6), ()), ((6, 5), ()), ((2, 5), ()), ((6, 6), ((6, 6),)), ((2, 6), ()), ((6, 4), ()), ((1, 5), ()), ((6, 5), ((6, 6),)), ((5, 6), ((6, 6),)), ((1, 6), ((1, 6),)), ((6, 3), ()), ((1, 4), ()), ((6, 4), ((6, 6),)), ((5, 5), ((6, 6),)), ((4, 6), ((6, 6),)), ((1, 5), ((1, 6),)), ((2, 6), ((1, 6),)), ((5, 3), ()), ((1, 3), ()), ((6, 3), ((6, 6),)), ((4, 5), ((6, 6),)), ((3, 6), ((6, 6),)), ((1, 4), ((1, 6),)), ((2, 5), ((1, 6),)), ((3, 6), ((1, 6),)), ((4, 3), ()), ((1, 2), ()), ((5, 3), ((6, 6),)), ((3, 5), ((6, 6),)), ((2, 6), ((6, 6),)), ((1, 3), ((1, 6),)), ((3, 5), ((1, 6),)), ((4, 6), ((1, 6),)), ((3, 3), ()), ((1, 1), ((1, 1),)), ((4, 3), ((6, 6),)), ((2, 5), ((6, 6),)), ((1, 6), ((1, 6), (6, 6))), ((1, 2), ((1, 6),)), ((4, 5), ((1, 6),)), ((5, 6), ((1, 6),)), ((3, 2), ()), ((1, 2), ((1, 1),)), ((3, 3), ((6, 6),)), ((1, 5), ((6, 6),)), ((1, 5), ((1, 6), (6, 6))), ((2, 6), ((1, 6), (6, 6))), ((1, 1), ((1, 1), (1, 6))), ((5, 5), ((1, 6),)), ((6, 6), ((1, 6), (6, 6))), ((3, 1), ()), ((1, 3), ((1, 1),)), ((3, 2), ((6, 6),)), ((1, 4), ((6, 6),)), ((1, 4), ((1, 6), (6, 6))), ((2, 5), ((1, 6), (6, 6))), ((3, 6), ((1, 6), (6, 6))), ((1, 2), ((1, 1), (1, 6))), ((6, 5), ((1, 6),)), ((6, 5), ((1, 6), (6, 6))), ((5, 6), ((1, 6), (6, 6))), ((4, 1), ()), ((1, 4), ((1, 1),)), ((3, 1), ((6, 6),)), ((1, 3), ((6, 6),)), ((1, 3), ((1, 6), (6, 6))), ((3, 5), ((1, 6), (6, 6))), ((4, 6), ((1, 6), (6, 6))), ((1, 3), ((1, 1), (1, 6))), ((6, 4), ((1, 6),)), ((6, 4), ((1, 6), (6, 6))), ((5, 5), ((1, 6), (6, 6))), ((5, 1), ()), ((1, 5), ((1, 1),)), ((4, 1), ((6, 6),)), ((1, 2), ((6, 6),)), ((1, 2), ((1, 6), (6, 6))), ((4, 5), ((1, 6), (6, 6))), ((1, 4), ((1, 1), (1, 6))), ((6, 3), ((1, 6),)), ((6, 3), ((1, 6), (6, 6))), ((6, 1), ((6, 1),)), ((1, 6), ((1, 1), (1, 6))), ((2, 5), ((1, 1),)), ((5, 1), ((6, 6),)), ((1, 1), ((1, 1), (6, 6))), ((1, 1), ((1, 1), (1, 6), (6, 6))), ((1, 5), ((1, 1), (1, 6))), ((5, 3), ((1, 6),)), ((5, 3), ((1, 6), (6, 6))), ((5, 1), ((6, 1),)), ((2, 6), ((1, 1), (1, 6))), ((2, 6), ((1, 1),)), ((3, 5), ((1, 1),)), ((6, 1), ((6, 1), (6, 6))), ((1, 2), ((1, 1), (6, 6))), ((1, 2), ((1, 1), (1, 6), (6, 6))), ((2, 5), ((1, 1), (1, 6))), ((4, 3), ((1, 6),)), ((4, 3), ((1, 6), (6, 6))), ((4, 1), ((6, 1),)), ((3, 6), ((1, 1), (1, 6))), ((3, 6), ((1, 1),)), ((4, 5), ((1, 1),)), ((5, 1), ((6, 1), (6, 6))), ((1, 3), ((1, 1), (6, 6))), ((1, 3), ((1, 1), (1, 6), (6, 6))), ((3, 5), ((1, 1), (1, 6))), ((3, 3), ((1, 6),)), ((3, 3), ((1, 6), (6, 6))), ((3, 1), ((6, 1),)), ((4, 6), ((1, 1), (1, 6))), ((4, 6), ((1, 1),)), ((5, 5), ((1, 1),)), ((4, 1), ((6, 1), (6, 6))), ((1, 4), ((1, 1), (6, 6))), ((1, 4), ((1, 1), (1, 6), (6, 6))), ((4, 5), ((1, 1), (1, 6))), ((3, 2), ((1, 6),)), ((3, 2), ((1, 6), (6, 6))), ((3, 2), ((6, 1),)), ((5, 6), ((1, 1), (1, 6))), ((5, 6), ((1, 1),)), ((6, 5), ((1, 1),)), ((3, 1), ((6, 1), (6, 6))), ((1, 5), ((1, 1), (6, 6))), ((1, 5), ((1, 1), (1, 6), (6, 6))), ((5, 5), ((1, 1), (1, 6))), ((3, 1), ((1, 6),)), ((3, 1), ((1, 6), (6, 6))), ((3, 3), ((6, 1),)), ((6, 6), ((1, 1), (1, 6), (6, 6))), ((6, 6), ((1, 1), (6, 6))), ((6, 4), ((1, 1),)), ((3, 2), ((6, 1), (6, 6))), ((1, 6), ((1, 1), (1, 6), (6, 6))), ((2, 5), ((1, 1), (6, 6))), ((2, 5), ((1, 1), (1, 6), (6, 6))), ((6, 5), ((1, 1), (1, 6))), ((4, 1), ((1, 6),)), ((4, 1), ((1, 6), (6, 6))), ((4, 3), ((6, 1),)), ((6, 5), ((1, 1), (1, 6), (6, 6))), ((5, 6), ((1, 1), (1, 6), (6, 6))), ((6, 5), ((1, 1), (6, 6))), ((5, 6), ((1, 1), (6, 6))), ((6, 3), ((1, 1),)), ((3, 3), ((6, 1), (6, 6))), ((2, 6), ((1, 1), (1, 6), (6, 6))), ((2, 6), ((1, 1), (6, 6))), ((3, 5), ((1, 1), (6, 6))), ((3, 5), ((1, 1), (1, 6), (6, 6))), ((6, 4), ((1, 1), (1, 6))), ((5, 1), ((1, 6),)), ((5, 1), ((1, 6), (6, 6))), ((5, 3), ((6, 1),)), ((6, 4), ((1, 1), (1, 6), (6, 6))), ((5, 5), ((1, 1), (1, 6), (6, 6))), ((4, 6), ((1, 1), (1, 6), (6, 6))), ((6, 4), ((1, 1), (6, 6))), ((5, 5), ((1, 1), (6, 6))), ((4, 6), ((1, 1), (6, 6))), ((5, 3), ((1, 1),)), ((4, 3), ((6, 1), (6, 6))), ((3, 6), ((1, 1), (1, 6), (6, 6))), ((3, 6), ((1, 1), (6, 6))), ((4, 5), ((1, 1), (6, 6))), ((4, 5), ((1, 1), (1, 6), (6, 6))), ((6, 3), ((1, 1), (1, 6))), ((6, 1), ((1, 6), (6, 1))), ((6, 1), ((1, 6), (6, 1), (6, 6))), ((6, 3), ((6, 1),)), ((6, 3), ((1, 1), (1, 6), (6, 6))), ((6, 3), ((1, 1), (6, 6))), ((4, 3), ((1, 1),)), ((5, 3), ((6, 1), (6, 6))), ((5, 3), ((1, 1), (1, 6))), ((5, 1), ((1, 6), (6, 1))), ((5, 1), ((1, 6), (6, 1), (6, 6))), ((6, 4), ((6, 1),)), ((5, 3), ((1, 1), (1, 6), (6, 6))), ((5, 3), ((1, 1), (6, 6))), ((3, 3), ((1, 1),)), ((6, 3), ((6, 1), (6, 6))), ((4, 3), ((1, 1), (1, 6))), ((4, 1), ((1, 6), (6, 1)))]",22,0,22
193,"((6, 5), ((6, 1),))","((6, 4), ((6, 1),))",North,"[((6, 6), ((6, 1), (6, 6))) via North, ((5, 5), ((6, 1),)) via West]","[((6, 5), ((6, 1),)), ((4, 3), ((1, 1), (1, 6), (6, 6))), ((4, 3), ((1, 1), (6, 6))), ((3, 2), ((1, 1),)), ((6, 4), ((6, 1), (6, 6))), ((3, 3), ((1, 1), (1, 6))), ((3, 1), ((1, 6), (6, 1))), ((3, 1), ((1, 6), (6, 1), (6, 6)))]","[((4, 3), ((1, 1), (1, 6), (6, 6))), ((4, 3), ((1, 1), (6, 6))), ((3, 2), ((1, 1),)), ((6, 4), ((6, 1), (6, 6))), ((3, 3), ((1, 1), (1, 6))), ((3, 1), ((1, 6), (6, 1))), ((3, 1), ((1, 6), (6, 1), (6, 6))), ((6, 6), ((6, 1), (6, 6))), ((5, 5), ((6, 1),))]","[((4, 5), ()), ((4, 6), ()), ((5, 5), ()), ((3, 5), ()), ((5, 6), ()), ((3, 6), ()), ((6, 5), ()), ((2, 5), ()), ((6, 6), ((6, 6),)), ((2, 6), ()), ((6, 4), ()), ((1, 5), ()), ((6, 5), ((6, 6),)), ((5, 6), ((6, 6),)), ((1, 6), ((1, 6),)), ((6, 3), ()), ((1, 4), ()), ((6, 4), ((6, 6),)), ((5, 5), ((6, 6),)), ((4, 6), ((6, 6),)), ((1, 5), ((1, 6),)), ((2, 6), ((1, 6),)), ((5, 3), ()), ((1, 3), ()), ((6, 3), ((6, 6),)), ((4, 5), ((6, 6),)), ((3, 6), ((6, 6),)), ((1, 4), ((1, 6),)), ((2, 5), ((1, 6),)), ((3, 6), ((1, 6),)), ((4, 3), ()), ((1, 2), ()), ((5, 3), ((6, 6),)), ((3, 5), ((6, 6),)), ((2, 6), ((6, 6),)), ((1, 3), ((1, 6),)), ((3, 5), ((1, 6),)), ((4, 6), ((1, 6),)), ((3, 3), ()), ((1, 1), ((1, 1),)), ((4, 3), ((6, 6),)), ((2, 5), ((6, 6),)), ((1, 6), ((1, 6), (6, 6))), ((1, 2), ((1, 6),)), ((4, 5), ((1, 6),)), ((5, 6), ((1, 6),)), ((3, 2), ()), ((1, 2), ((1, 1),)), ((3, 3), ((6, 6),)), ((1, 5), ((6, 6),)), ((1, 5), ((1, 6), (6, 6))), ((2, 6), ((1, 6), (6, 6))), ((1, 1), ((1, 1), (1, 6))), ((5, 5), ((1, 6),)), ((6, 6), ((1, 6), (6, 6))), ((3, 1), ()), ((1, 3), ((1, 1),)), ((3, 2), ((6, 6),)), ((1, 4), ((6, 6),)), ((1, 4), ((1, 6), (6, 6))), ((2, 5), ((1, 6), (6, 6))), ((3, 6), ((1, 6), (6, 6))), ((1, 2), ((1, 1), (1, 6))), ((6, 5), ((1, 6),)), ((6, 5), ((1, 6), (6, 6))), ((5, 6), ((1, 6), (6, 6))), ((4, 1), ()), ((1, 4), ((1, 1),)), ((3, 1), ((6, 6),)), ((1, 3), ((6, 6),)), ((1, 3), ((1, 6), (6, 6))), ((3, 5), ((1, 6), (6, 6))), ((4, 6), ((1, 6), (6, 6))), ((1, 3), ((1, 1), (1, 6))), ((6, 4), ((1, 6),)), ((6, 4), ((1, 6), (6, 6))), ((5, 5), ((1, 6), (6, 6))), ((5, 1), ()), ((1, 5), ((1, 1),)), ((4, 1), ((6, 6),)), ((1, 2), ((6, 6),)), ((1, 2), ((1, 6), (6, 6))), ((4, 5), ((1, 6), (6, 6))), ((1, 4), ((1, 1), (1, 6))), ((6, 3), ((1, 6),)), ((6, 3), ((1, 6), (6, 6))), ((6, 1), ((6, 1),)), ((1, 6), ((1, 1), (1, 6))), ((2, 5), ((1, 1),)), ((5, 1), ((6, 6),)), ((1, 1), ((1, 1), (6, 6))), ((1, 1), ((1, 1), (1, 6), (6, 6))), ((1, 5), ((1, 1), (1, 6))), ((5, 3), ((1, 6),)), ((5, 3), ((1, 6), (6, 6))), ((5, 1), ((6, 1),)), ((2, 6), ((1, 1), (1, 6))), ((2, 6), ((1, 1),)), ((3, 5), ((1, 1),)), ((6, 1), ((6, 1), (6, 6))), ((1, 2), ((1, 1), (6, 6))), ((1, 2), ((1, 1), (1, 6), (6, 6))), ((2, 5), ((1, 1), (1, 6))), ((4, 3), ((1, 6),)), ((4, 3), ((1, 6), (6, 6))), ((4, 1), ((6, 1),)), ((3, 6), ((1, 1), (1, 6))), ((3, 6), ((1, 1),)), ((4, 5), ((1, 1),)), ((5, 1), ((6, 1), (6, 6))), ((1, 3), ((1, 1), (6, 6))), ((1, 3), ((1, 1), (1, 6), (6, 6))), ((3, 5), ((1, 1), (1, 6))), ((3, 3), ((1, 6),)), ((3, 3), ((1, 6), (6, 6))), ((3, 1), ((6, 1),)), ((4, 6), ((1, 1), (1, 6))), ((4, 6), ((1, 1),)), ((5, 5), ((1, 1),)), ((4, 1), ((6, 1), (6, 6))), ((1, 4), ((1, 1), (6, 6))), ((1, 4), ((1, 1), (1, 6), (6, 6))), ((4, 5), ((1, 1), (1, 6))), ((3, 2), ((1, 6),)), ((3, 2), ((1, 6), (6, 6))), ((3, 2), ((6, 1),)), ((5, 6), ((1, 1), (1, 6))), ((5, 6), ((1, 1),)), ((6, 5), ((1, 1),)), ((3, 1), ((6, 1), (6, 6))), ((1, 5), ((1, 1), (6, 6))), ((1, 5), ((1, 1), (1, 6), (6, 6))), ((5, 5), ((1, 1), (1, 6))), ((3, 1), ((1, 6),)), ((3, 1), ((1, 6), (6, 6))), ((3, 3), ((6, 1),)), ((6, 6), ((1, 1), (1, 6), (6, 6))), ((6, 6), ((1, 1), (6, 6))), ((6, 4), ((1, 1),)), ((3, 2), ((6, 1), (6, 6))), ((1, 6), ((1, 1), (1, 6), (6, 6))), ((2, 5), ((1, 1), (6, 6))), ((2, 5), ((1, 1), (1, 6), (6, 6))), ((6, 5), ((1, 1), (1, 6))), ((4, 1), ((1, 6),)), ((4, 1), ((1, 6), (6, 6))), ((4, 3), ((6, 1),)), ((6, 5), ((1, 1), (1, 6), (6, 6))), ((5, 6), ((1, 1), (1, 6), (6, 6))), ((6, 5), ((1, 1), (6, 6))), ((5, 6), ((1, 1), (6, 6))), ((6, 3), ((1, 1),)), ((3, 3), ((6, 1), (6, 6))), ((2, 6), ((1, 1), (1, 6), (6, 6))), ((2, 6), ((1, 1), (6, 6))), ((3, 5), ((1, 1), (6, 6))), ((3, 5), ((1, 1), (1, 6), (6, 6))), ((6, 4), ((1, 1), (1, 6))), ((5, 1), ((1, 6),)), ((5, 1), ((1, 6), (6, 6))), ((5, 3), ((6, 1),)), ((6, 4), ((1, 1), (1, 6), (6, 6))), ((5, 5), ((1, 1), (1, 6), (6, 6))), ((4, 6), ((1, 1), (1, 6), (6, 6))), ((6, 4), ((1, 1), (6, 6))), ((5, 5), ((1, 1), (6, 6))), ((4, 6), ((1, 1), (6, 6))), ((5, 3), ((1, 1),)), ((4, 3), ((6, 1), (6, 6))), ((3, 6), ((1, 1), (1, 6), (6, 6))), ((3, 6), ((1, 1), (6, 6))), ((4, 5), ((1, 1), (6, 6))), ((4, 5), ((1, 1), (1, 6), (6, 6))), ((6, 3), ((1, 1), (1, 6))), ((6, 1), ((1, 6), (6, 1))), ((6, 1), ((1, 6), (6, 1), (6, 6))), ((6, 3), ((6, 1),)), ((6, 3), ((1, 1), (1, 6), (6, 6))), ((6, 3), ((1, 1), (6, 6))), ((4, 3), ((1, 1),)), ((5, 3), ((6, 1), (6, 6))), ((5, 3), ((1, 1), (1, 6))), ((5, 1), ((1, 6), (6, 1))), ((5, 1), ((1, 6), (6, 1), (6, 6))), ((6, 4), ((6, 1),)), ((5, 3), ((1, 1), (1, 6), (6, 6))), ((5, 3), ((1, 1), (6, 6))), ((3, 3), ((1, 1),)), ((6, 3), ((6, 1), (6, 6))), ((4, 3), ((1, 1), (1, 6))), ((4, 1), ((1, 6), (6, 1))), ((4, 1), ((1, 6), (6, 1), (6, 6)))]",22,0,22
194,"((4, 3), ((1, 1), (1, 6), (6, 6)))","((5, 3), ((1, 1), (1, 6), (6, 6)))",West,"[((3, 3), ((1, 1), (1, 6), (6, 6))) via West]","[((4, 3), ((1, 1), (1, 6), (6, 6))), ((4, 3), ((1, 1), (6, 6))), ((3, 2), ((1, 1),)), ((6, 4), ((6, 1), (6, 6))), ((3, 3), ((1, 1), (1, 6))), ((3, 1), ((1, 6), (6, 1))), ((3, 1), ((1, 6), (6, 1), (6, 6))), ((6, 6), ((6, 1), (6, 6))), ((5, 5), ((6, 1),))]","[((4, 3), ((1, 1), (6, 6))), ((3, 2), ((1, 1),)), ((6, 4), ((6, 1), (6, 6))), ((3, 3), ((1, 1), (1, 6))), ((3, 1), ((1, 6), (6, 1))), ((3, 1), ((1, 6), (6, 1), (6, 6))), ((6, 6), ((6, 1), (6, 6))), ((5, 5), ((6, 1),)), ((3, 3), ((1, 1), (1, 6), (6, 6)))]","[((4, 5), ()), ((4, 6), ()), ((5, 5), ()), ((3, 5), ()), ((5, 6), ()), ((3, 6), ()), ((6, 5), ()), ((2, 5), ()), ((6, 6), ((6, 6),)), ((2, 6), ()), ((6, 4), ()), ((1, 5), ()), ((6, 5), ((6, 6),)), ((5, 6), ((6, 6),)), ((1, 6), ((1, 6),)), ((6, 3), ()), ((1, 4), ()), ((6, 4), ((6, 6),)), ((5, 5), ((6, 6),)), ((4, 6), ((6, 6),)), ((1, 5), ((1, 6),)), ((2, 6), ((1, 6),)), ((5, 3), ()), ((1, 3), ()), ((6, 3), ((6, 6),)), ((4, 5), ((6, 6),)), ((3, 6), ((6, 6),)), ((1, 4), ((1, 6),)), ((2, 5), ((1, 6),)), ((3, 6), ((1, 6),)), ((4, 3), ()), ((1, 2), ()), ((5, 3), ((6, 6),)), ((3, 5), ((6, 6),)), ((2, 6), ((6, 6),)), ((1, 3), ((1, 6),)), ((3, 5), ((1, 6),)), ((4, 6), ((1, 6),)), ((3, 3), ()), ((1, 1), ((1, 1),)), ((4, 3), ((6, 6),)), ((2, 5), ((6, 6),)), ((1, 6), ((1, 6), (6, 6))), ((1, 2), ((1, 6),)), ((4, 5), ((1, 6),)), ((5, 6), ((1, 6),)), ((3, 2), ()), ((1, 2), ((1, 1),)), ((3, 3), ((6, 6),)), ((1, 5), ((6, 6),)), ((1, 5), ((1, 6), (6, 6))), ((2, 6), ((1, 6), (6, 6))), ((1, 1), ((1, 1), (1, 6))), ((5, 5), ((1, 6),)), ((6, 6), ((1, 6), (6, 6))), ((3, 1), ()), ((1, 3), ((1, 1),)), ((3, 2), ((6, 6),)), ((1, 4), ((6, 6),)), ((1, 4), ((1, 6), (6, 6))), ((2, 5), ((1, 6), (6, 6))), ((3, 6), ((1, 6), (6, 6))), ((1, 2), ((1, 1), (1, 6))), ((6, 5), ((1, 6),)), ((6, 5), ((1, 6), (6, 6))), ((5, 6), ((1, 6), (6, 6))), ((4, 1), ()), ((1, 4), ((1, 1),)), ((3, 1), ((6, 6),)), ((1, 3), ((6, 6),)), ((1, 3), ((1, 6), (6, 6))), ((3, 5), ((1, 6), (6, 6))), ((4, 6), ((1, 6), (6, 6))), ((1, 3), ((1, 1), (1, 6))), ((6, 4), ((1, 6),)), ((6, 4), ((1, 6), (6, 6))), ((5, 5), ((1, 6), (6, 6))), ((5, 1), ()), ((1, 5), ((1, 1),)), ((4, 1), ((6, 6),)), ((1, 2), ((6, 6),)), ((1, 2), ((1, 6), (6, 6))), ((4, 5), ((1, 6), (6, 6))), ((1, 4), ((1, 1), (1, 6))), ((6, 3), ((1, 6),)), ((6, 3), ((1, 6), (6, 6))), ((6, 1), ((6, 1),)), ((1, 6), ((1, 1), (1, 6))), ((2, 5), ((1, 1),)), ((5, 1), ((6, 6),)), ((1, 1), ((1, 1), (6, 6))), ((1, 1), ((1, 1), (1, 6), (6, 6))), ((1, 5), ((1, 1), (1, 6))), ((5, 3), ((1, 6),)), ((5, 3), ((1, 6), (6, 6))), ((5, 1), ((6, 1),)), ((2, 6), ((1, 1), (1, 6))), ((2, 6), ((1, 1),)), ((3, 5), ((1, 1),)), ((6, 1), ((6, 1), (6, 6))), ((1, 2), ((1, 1), (6, 6))), ((1, 2), ((1, 1), (1, 6), (6, 6))), ((2, 5), ((1, 1), (1, 6))), ((4, 3), ((1, 6),)), ((4, 3), ((1, 6), (6, 6))), ((4, 1), ((6, 1),)), ((3, 6), ((1, 1), (1, 6))), ((3, 6), ((1, 1),)), ((4, 5), ((1, 1),)), ((5, 1), ((6, 1), (6, 6))), ((1, 3), ((1, 1), (6, 6))), ((1, 3), ((1, 1), (1, 6), (6, 6))), ((3, 5), ((1, 1), (1, 6))), ((3, 3), ((1, 6),)), ((3, 3), ((1, 6), (6, 6))), ((3, 1), ((6, 1),)), ((4, 6), ((1, 1), (1, 6))), ((4, 6), ((1, 1),)), ((5, 5), ((1, 1),)), ((4, 1), ((6, 1), (6, 6))), ((1, 4), ((1, 1), (6, 6))), ((1, 4), ((1, 1), (1, 6), (6, 6))), ((4, 5), ((1, 1), (1, 6))), ((3, 2), ((1, 6),)), ((3, 2), ((1, 6), (6, 6))), ((3, 2), ((6, 1),)), ((5, 6), ((1, 1), (1, 6))), ((5, 6), ((1, 1),)), ((6, 5), ((1, 1),)), ((3, 1), ((6, 1), (6, 6))), ((1, 5), ((1, 1), (6, 6))), ((1, 5), ((1, 1), (1, 6), (6, 6))), ((5, 5), ((1, 1), (1, 6))), ((3, 1), ((1, 6),)), ((3, 1), ((1, 6), (6, 6))), ((3, 3), ((6, 1),)), ((6, 6), ((1, 1), (1, 6), (6, 6))), ((6, 6), ((1, 1), (6, 6))), ((6, 4), ((1, 1),)), ((3, 2), ((6, 1), (6, 6))), ((1, 6), ((1, 1), (1, 6), (6, 6))), ((2, 5), ((1, 1), (6, 6))), ((2, 5), ((1, 1), (1, 6), (6, 6))), ((6, 5), ((1, 1), (1, 6))), ((4, 1), ((1, 6),)), ((4, 1), ((1, 6), (6, 6))), ((4, 3), ((6, 1),)), ((6, 5), ((1, 1), (1, 6), (6, 6))), ((5, 6), ((1, 1), (1, 6), (6, 6))), ((6, 5), ((1, 1), (6, 6))), ((5, 6), ((1, 1), (6, 6))), ((6, 3), ((1, 1),)), ((3, 3), ((6, 1), (6, 6))), ((2, 6), ((1, 1), (1, 6), (6, 6))), ((2, 6), ((1, 1), (6, 6))), ((3, 5), ((1, 1), (6, 6))), ((3, 5), ((1, 1), (1, 6), (6, 6))), ((6, 4), ((1, 1), (1, 6))), ((5, 1), ((1, 6),)), ((5, 1), ((1, 6), (6, 6))), ((5, 3), ((6, 1),)), ((6, 4), ((1, 1), (1, 6), (6, 6))), ((5, 5), ((1, 1), (1, 6), (6, 6))), ((4, 6), ((1, 1), (1, 6), (6, 6))), ((6, 4), ((1, 1), (6, 6))), ((5, 5), ((1, 1), (6, 6))), ((4, 6), ((1, 1), (6, 6))), ((5, 3), ((1, 1),)), ((4, 3), ((6, 1), (6, 6))), ((3, 6), ((1, 1), (1, 6), (6, 6))), ((3, 6), ((1, 1), (6, 6))), ((4, 5), ((1, 1), (6, 6))), ((4, 5), ((1, 1), (1, 6), (6, 6))), ((6, 3), ((1, 1), (1, 6))), ((6, 1), ((1, 6), (6, 1))), ((6, 1), ((1, 6), (6, 1), (6, 6))), ((6, 3), ((6, 1),)), ((6, 3), ((1, 1), (1, 6), (6, 6))), ((6, 3), ((1, 1), (6, 6))), ((4, 3), ((1, 1),)), ((5, 3), ((6, 1), (6, 6))), ((5, 3), ((1, 1), (1, 6))), ((5, 1), ((1, 6), (6, 1))), ((5, 1), ((1, 6), (6, 1), (6, 6))), ((6, 4), ((6, 1),)), ((5, 3), ((1, 1), (1, 6), (6, 6))), ((5, 3), ((1, 1), (6, 6))), ((3, 3), ((1, 1),)), ((6, 3), ((6, 1), (6, 6))), ((4, 3), ((1, 1), (1, 6))), ((4, 1), ((1, 6), (6, 1))), ((4, 1), ((1, 6), (6, 1), (6, 6))), ((6, 5), ((6, 1),))]",22,0,22
195,"((4, 3), ((1, 1), (6, 6)))","((5, 3), ((1, 1), (6, 6)))",West,"[((3, 3), ((1, 1), (6, 6))) via West]","[((4, 3), ((1, 1), (6, 6))), ((3, 2), ((1, 1),)), ((6, 4), ((6, 1), (6, 6))), ((3, 3), ((1, 1), (1, 6))), ((3, 1), ((1, 6), (6, 1))), ((3, 1), ((1, 6), (6, 1), (6, 6))), ((6, 6), ((6, 1), (6, 6))), ((5, 5), ((6, 1),)), ((3, 3), ((1, 1), (1, 6), (6, 6)))]","[((3, 2), ((1, 1),)), ((6, 4), ((6, 1), (6, 6))), ((3, 3), ((1, 1), (1, 6))), ((3, 1), ((1, 6), (6, 1))), ((3, 1), ((1, 6), (6, 1), (6, 6))), ((6, 6), ((6, 1), (6, 6))), ((5, 5), ((6, 1),)), ((3, 3), ((1, 1), (1, 6), (6, 6))), ((3, 3), ((1, 1), (6, 6)))]","[((4, 5), ()), ((4, 6), ()), ((5, 5), ()), ((3, 5), ()), ((5, 6), ()), ((3, 6), ()), ((6, 5), ()), ((2, 5), ()), ((6, 6), ((6, 6),)), ((2, 6), ()), ((6, 4), ()), ((1, 5), ()), ((6, 5), ((6, 6),)), ((5, 6), ((6, 6),)), ((1, 6), ((1, 6),)), ((6, 3), ()), ((1, 4), ()), ((6, 4), ((6, 6),)), ((5, 5), ((6, 6),)), ((4, 6), ((6, 6),)), ((1, 5), ((1, 6),)), ((2, 6), ((1, 6),)), ((5, 3), ()), ((1, 3), ()), ((6, 3), ((6, 6),)), ((4, 5), ((6, 6),)), ((3, 6), ((6, 6),)), ((1, 4), ((1, 6),)), ((2, 5), ((1, 6),)), ((3, 6), ((1, 6),)), ((4, 3), ()), ((1, 2), ()), ((5, 3), ((6, 6),)), ((3, 5), ((6, 6),)), ((2, 6), ((6, 6),)), ((1, 3), ((1, 6),)), ((3, 5), ((1, 6),)), ((4, 6), ((1, 6),)), ((3, 3), ()), ((1, 1), ((1, 1),)), ((4, 3), ((6, 6),)), ((2, 5), ((6, 6),)), ((1, 6), ((1, 6), (6, 6))), ((1, 2), ((1, 6),)), ((4, 5), ((1, 6),)), ((5, 6), ((1, 6),)), ((3, 2), ()), ((1, 2), ((1, 1),)), ((3, 3), ((6, 6),)), ((1, 5), ((6, 6),)), ((1, 5), ((1, 6), (6, 6))), ((2, 6), ((1, 6), (6, 6))), ((1, 1), ((1, 1), (1, 6))), ((5, 5), ((1, 6),)), ((6, 6), ((1, 6), (6, 6))), ((3, 1), ()), ((1, 3), ((1, 1),)), ((3, 2), ((6, 6),)), ((1, 4), ((6, 6),)), ((1, 4), ((1, 6), (6, 6))), ((2, 5), ((1, 6), (6, 6))), ((3, 6), ((1, 6), (6, 6))), ((1, 2), ((1, 1), (1, 6))), ((6, 5), ((1, 6),)), ((6, 5), ((1, 6), (6, 6))), ((5, 6), ((1, 6), (6, 6))), ((4, 1), ()), ((1, 4), ((1, 1),)), ((3, 1), ((6, 6),)), ((1, 3), ((6, 6),)), ((1, 3), ((1, 6), (6, 6))), ((3, 5), ((1, 6), (6, 6))), ((4, 6), ((1, 6), (6, 6))), ((1, 3), ((1, 1), (1, 6))), ((6, 4), ((1, 6),)), ((6, 4), ((1, 6), (6, 6))), ((5, 5), ((1, 6), (6, 6))), ((5, 1), ()), ((1, 5), ((1, 1),)), ((4, 1), ((6, 6),)), ((1, 2), ((6, 6),)), ((1, 2), ((1, 6), (6, 6))), ((4, 5), ((1, 6), (6, 6))), ((1, 4), ((1, 1), (1, 6))), ((6, 3), ((1, 6),)), ((6, 3), ((1, 6), (6, 6))), ((6, 1), ((6, 1),)), ((1, 6), ((1, 1), (1, 6))), ((2, 5), ((1, 1),)), ((5, 1), ((6, 6),)), ((1, 1), ((1, 1), (6, 6))), ((1, 1), ((1, 1), (1, 6), (6, 6))), ((1, 5), ((1, 1), (1, 6))), ((5, 3), ((1, 6),)), ((5, 3), ((1, 6), (6, 6))), ((5, 1), ((6, 1),)), ((2, 6), ((1, 1), (1, 6))), ((2, 6), ((1, 1),)), ((3, 5), ((1, 1),)), ((6, 1), ((6, 1), (6, 6))), ((1, 2), ((1, 1), (6, 6))), ((1, 2), ((1, 1), (1, 6), (6, 6))), ((2, 5), ((1, 1), (1, 6))), ((4, 3), ((1, 6),)), ((4, 3), ((1, 6), (6, 6))), ((4, 1), ((6, 1),)), ((3, 6), ((1, 1), (1, 6))), ((3, 6), ((1, 1),)), ((4, 5), ((1, 1),)), ((5, 1), ((6, 1), (6, 6))), ((1, 3), ((1, 1), (6, 6))), ((1, 3), ((1, 1), (1, 6), (6, 6))), ((3, 5), ((1, 1), (1, 6))), ((3, 3), ((1, 6),)), ((3, 3), ((1, 6), (6, 6))), ((3, 1), ((6, 1),)), ((4, 6), ((1, 1), (1, 6))), ((4, 6), ((1, 1),)), ((5, 5), ((1, 1),)), ((4, 1), ((6, 1), (6, 6))), ((1, 4), ((1, 1), (6, 6))), ((1, 4), ((1, 1), (1, 6), (6, 6))), ((4, 5), ((1, 1), (1, 6))), ((3, 2), ((1, 6),)), ((3, 2), ((1, 6), (6, 6))), ((3, 2), ((6, 1),)), ((5, 6), ((1, 1), (1, 6))), ((5, 6), ((1, 1),)), ((6, 5), ((1, 1),)), ((3, 1), ((6, 1), (6, 6))), ((1, 5), ((1, 1), (6, 6))), ((1, 5), ((1, 1), (1, 6), (6, 6))), ((5, 5), ((1, 1), (1, 6))), ((3, 1), ((1, 6),)), ((3, 1), ((1, 6), (6, 6))), ((3, 3), ((6, 1),)), ((6, 6), ((1, 1), (1, 6), (6, 6))), ((6, 6), ((1, 1), (6, 6))), ((6, 4), ((1, 1),)), ((3, 2), ((6, 1), (6, 6))), ((1, 6), ((1, 1), (1, 6), (6, 6))), ((2, 5), ((1, 1), (6, 6))), ((2, 5), ((1, 1), (1, 6), (6, 6))), ((6, 5), ((1, 1), (1, 6))), ((4, 1), ((1, 6),)), ((4, 1), ((1, 6), (6, 6))), ((4, 3), ((6, 1),)), ((6, 5), ((1, 1), (1, 6), (6, 6))), ((5, 6), ((1, 1), (1, 6), (6, 6))), ((6, 5), ((1, 1), (6, 6))), ((5, 6), ((1, 1), (6, 6))), ((6, 3), ((1, 1),)), ((3, 3), ((6, 1), (6, 6))), ((2, 6), ((1, 1), (1, 6), (6, 6))), ((2, 6), ((1, 1), (6, 6))), ((3, 5), ((1, 1), (6, 6))), ((3, 5), ((1, 1), (1, 6), (6, 6))), ((6, 4), ((1, 1), (1, 6))), ((5, 1), ((1, 6),)), ((5, 1), ((1, 6), (6, 6))), ((5, 3), ((6, 1),)), ((6, 4), ((1, 1), (1, 6), (6, 6))), ((5, 5), ((1, 1), (1, 6), (6, 6))), ((4, 6), ((1, 1), (1, 6), (6, 6))), ((6, 4), ((1, 1), (6, 6))), ((5, 5), ((1, 1), (6, 6))), ((4, 6), ((1, 1), (6, 6))), ((5, 3), ((1, 1),)), ((4, 3), ((6, 1), (6, 6))), ((3, 6), ((1, 1), (1, 6), (6, 6))), ((3, 6), ((1, 1), (6, 6))), ((4, 5), ((1, 1), (6, 6))), ((4, 5), ((1, 1), (1, 6), (6, 6))), ((6, 3), ((1, 1), (1, 6))), ((6, 1), ((1, 6), (6, 1))), ((6, 1), ((1, 6), (6, 1), (6, 6))), ((6, 3), ((6, 1),)), ((6, 3), ((1, 1), (1, 6), (6, 6))), ((6, 3), ((1, 1), (6, 6))), ((4, 3), ((1, 1),)), ((5, 3), ((6, 1), (6, 6))), ((5, 3), ((1, 1), (1, 6))), ((5, 1), ((1, 6), (6, 1))), ((5, 1), ((1, 6), (6, 1), (6, 6))), ((6, 4), ((6, 1),)), ((5, 3), ((1, 1), (1, 6), (6, 6))), ((5, 3), ((1, 1), (6, 6))), ((3, 3), ((1, 1),)), ((6, 3), ((6, 1), (6, 6))), ((4, 3), ((1, 1), (1, 6))), ((4, 1), ((1, 6), (6, 1))), ((4, 1), ((1, 6), (6, 1), (6, 6))), ((6, 5), ((6, 1),)), ((4, 3), ((1, 1), (1, 6), (6, 6)))]",22,0,22
196,"((3, 2), ((1, 1),))","((3, 3), ((1, 1),))",South,"[((3, 1), ((1, 1),)) via South]","[((3, 2), ((1, 1),)), ((6, 4), ((6, 1), (6, 6))), ((3, 3), ((1, 1), (1, 6))), ((3, 1), ((1, 6), (6, 1))), ((3, 1), ((1, 6), (6, 1), (6, 6))), ((6, 6), ((6, 1), (6, 6))), ((5, 5), ((6, 1),)), ((3, 3), ((1, 1), (1, 6), (6, 6))), ((3, 3), ((1, 1), (6, 6)))]","[((6, 4), ((6, 1), (6, 6))), ((3, 3), ((1, 1), (1, 6))), ((3, 1), ((1, 6), (6, 1))), ((3, 1), ((1, 6), (6, 1), (6, 6))), ((6, 6), ((6, 1), (6, 6))), ((5, 5), ((6, 1),)), ((3, 3), ((1, 1), (1, 6), (6, 6))), ((3, 3), ((1, 1), (6, 6))), ((3, 1), ((1, 1),))]","[((4, 5), ()), ((4, 6), ()), ((5, 5), ()), ((3, 5), ()), ((5, 6), ()), ((3, 6), ()), ((6, 5), ()), ((2, 5), ()), ((6, 6), ((6, 6),)), ((2, 6), ()), ((6, 4), ()), ((1, 5), ()), ((6, 5), ((6, 6),)), ((5, 6), ((6, 6),)), ((1, 6), ((1, 6),)), ((6, 3), ()), ((1, 4), ()), ((6, 4), ((6, 6),)), ((5, 5), ((6, 6),)), ((4, 6), ((6, 6),)), ((1, 5), ((1, 6),)), ((2, 6), ((1, 6),)), ((5, 3), ()), ((1, 3), ()), ((6, 3), ((6, 6),)), ((4, 5), ((6, 6),)), ((3, 6), ((6, 6),)), ((1, 4), ((1, 6),)), ((2, 5), ((1, 6),)), ((3, 6), ((1, 6),)), ((4, 3), ()), ((1, 2), ()), ((5, 3), ((6, 6),)), ((3, 5), ((6, 6),)), ((2, 6), ((6, 6),)), ((1, 3), ((1, 6),)), ((3, 5), ((1, 6),)), ((4, 6), ((1, 6),)), ((3, 3), ()), ((1, 1), ((1, 1),)), ((4, 3), ((6, 6),)), ((2, 5), ((6, 6),)), ((1, 6), ((1, 6), (6, 6))), ((1, 2), ((1, 6),)), ((4, 5), ((1, 6),)), ((5, 6), ((1, 6),)), ((3, 2), ()), ((1, 2), ((1, 1),)), ((3, 3), ((6, 6),)), ((1, 5), ((6, 6),)), ((1, 5), ((1, 6), (6, 6))), ((2, 6), ((1, 6), (6, 6))), ((1, 1), ((1, 1), (1, 6))), ((5, 5), ((1, 6),)), ((6, 6), ((1, 6), (6, 6))), ((3, 1), ()), ((1, 3), ((1, 1),)), ((3, 2), ((6, 6),)), ((1, 4), ((6, 6),)), ((1, 4), ((1, 6), (6, 6))), ((2, 5), ((1, 6), (6, 6))), ((3, 6), ((1, 6), (6, 6))), ((1, 2), ((1, 1), (1, 6))), ((6, 5), ((1, 6),)), ((6, 5), ((1, 6), (6, 6))), ((5, 6), ((1, 6), (6, 6))), ((4, 1), ()), ((1, 4), ((1, 1),)), ((3, 1), ((6, 6),)), ((1, 3), ((6, 6),)), ((1, 3), ((1, 6), (6, 6))), ((3, 5), ((1, 6), (6, 6))), ((4, 6), ((1, 6), (6, 6))), ((1, 3), ((1, 1), (1, 6))), ((6, 4), ((1, 6),)), ((6, 4), ((1, 6), (6, 6))), ((5, 5), ((1, 6), (6, 6))), ((5, 1), ()), ((1, 5), ((1, 1),)), ((4, 1), ((6, 6),)), ((1, 2), ((6, 6),)), ((1, 2), ((1, 6), (6, 6))), ((4, 5), ((1, 6), (6, 6))), ((1, 4), ((1, 1), (1, 6))), ((6, 3), ((1, 6),)), ((6, 3), ((1, 6), (6, 6))), ((6, 1), ((6, 1),)), ((1, 6), ((1, 1), (1, 6))), ((2, 5), ((1, 1),)), ((5, 1), ((6, 6),)), ((1, 1), ((1, 1), (6, 6))), ((1, 1), ((1, 1), (1, 6), (6, 6))), ((1, 5), ((1, 1), (1, 6))), ((5, 3), ((1, 6),)), ((5, 3), ((1, 6), (6, 6))), ((5, 1), ((6, 1),)), ((2, 6), ((1, 1), (1, 6))), ((2, 6), ((1, 1),)), ((3, 5), ((1, 1),)), ((6, 1), ((6, 1), (6, 6))), ((1, 2), ((1, 1), (6, 6))), ((1, 2), ((1, 1), (1, 6), (6, 6))), ((2, 5), ((1, 1), (1, 6))), ((4, 3), ((1, 6),)), ((4, 3), ((1, 6), (6, 6))), ((4, 1), ((6, 1),)), ((3, 6), ((1, 1), (1, 6))), ((3, 6), ((1, 1),)), ((4, 5), ((1, 1),)), ((5, 1), ((6, 1), (6, 6))), ((1, 3), ((1, 1), (6, 6))), ((1, 3), ((1, 1), (1, 6), (6, 6))), ((3, 5), ((1, 1), (1, 6))), ((3, 3), ((1, 6),)), ((3, 3), ((1, 6), (6, 6))), ((3, 1), ((6, 1),)), ((4, 6), ((1, 1), (1, 6))), ((4, 6), ((1, 1),)), ((5, 5), ((1, 1),)), ((4, 1), ((6, 1), (6, 6))), ((1, 4), ((1, 1), (6, 6))), ((1, 4), ((1, 1), (1, 6), (6, 6))), ((4, 5), ((1, 1), (1, 6))), ((3, 2), ((1, 6),)), ((3, 2), ((1, 6), (6, 6))), ((3, 2), ((6, 1),)), ((5, 6), ((1, 1), (1, 6))), ((5, 6), ((1, 1),)), ((6, 5), ((1, 1),)), ((3, 1), ((6, 1), (6, 6))), ((1, 5), ((1, 1), (6, 6))), ((1, 5), ((1, 1), (1, 6), (6, 6))), ((5, 5), ((1, 1), (1, 6))), ((3, 1), ((1, 6),)), ((3, 1), ((1, 6), (6, 6))), ((3, 3), ((6, 1),)), ((6, 6), ((1, 1), (1, 6), (6, 6))), ((6, 6), ((1, 1), (6, 6))), ((6, 4), ((1, 1),)), ((3, 2), ((6, 1), (6, 6))), ((1, 6), ((1, 1), (1, 6), (6, 6))), ((2, 5), ((1, 1), (6, 6))), ((2, 5), ((1, 1), (1, 6), (6, 6))), ((6, 5), ((1, 1), (1, 6))), ((4, 1), ((1, 6),)), ((4, 1), ((1, 6), (6, 6))), ((4, 3), ((6, 1),)), ((6, 5), ((1, 1), (1, 6), (6, 6))), ((5, 6), ((1, 1), (1, 6), (6, 6))), ((6, 5), ((1, 1), (6, 6))), ((5, 6), ((1, 1), (6, 6))), ((6, 3), ((1, 1),)), ((3, 3), ((6, 1), (6, 6))), ((2, 6), ((1, 1), (1, 6), (6, 6))), ((2, 6), ((1, 1), (6, 6))), ((3, 5), ((1, 1), (6, 6))), ((3, 5), ((1, 1), (1, 6), (6, 6))), ((6, 4), ((1, 1), (1, 6))), ((5, 1), ((1, 6),)), ((5, 1), ((1, 6), (6, 6))), ((5, 3), ((6, 1),)), ((6, 4), ((1, 1), (1, 6), (6, 6))), ((5, 5), ((1, 1), (1, 6), (6, 6))), ((4, 6), ((1, 1), (1, 6), (6, 6))), ((6, 4), ((1, 1), (6, 6))), ((5, 5), ((1, 1), (6, 6))), ((4, 6), ((1, 1), (6, 6))), ((5, 3), ((1, 1),)), ((4, 3), ((6, 1), (6, 6))), ((3, 6), ((1, 1), (1, 6), (6, 6))), ((3, 6), ((1, 1), (6, 6))), ((4, 5), ((1, 1), (6, 6))), ((4, 5), ((1, 1), (1, 6), (6, 6))), ((6, 3), ((1, 1), (1, 6))), ((6, 1), ((1, 6), (6, 1))), ((6, 1), ((1, 6), (6, 1), (6, 6))), ((6, 3), ((6, 1),)), ((6, 3), ((1, 1), (1, 6), (6, 6))), ((6, 3), ((1, 1), (6, 6))), ((4, 3), ((1, 1),)), ((5, 3), ((6, 1), (6, 6))), ((5, 3), ((1, 1), (1, 6))), ((5, 1), ((1, 6), (6, 1))), ((5, 1), ((1, 6), (6, 1), (6, 6))), ((6, 4), ((6, 1),)), ((5, 3), ((1, 1), (1, 6), (6, 6))), ((5, 3), ((1, 1), (6, 6))), ((3, 3), ((1, 1),)), ((6, 3), ((6, 1), (6, 6))), ((4, 3), ((1, 1), (1, 6))), ((4, 1), ((1, 6), (6, 1))), ((4, 1), ((1, 6), (6, 1), (6, 6))), ((6, 5), ((6, 1),)), ((4, 3), ((1, 1), (1, 6), (6, 6))), ((4, 3), ((1, 1), (6, 6)))]",22,0,22
197,"((6, 4), ((6, 1), (6, 6)))","((6, 3), ((6, 1), (6, 6)))",North,"[((6, 5), ((6, 1), (6, 6))) via North]","[((6, 4), ((6, 1), (6, 6))), ((3, 3), ((1, 1), (1, 6))), ((3, 1), ((1, 6), (6, 1))), ((3, 1), ((1, 6), (6, 1), (6, 6))), ((6, 6), ((6, 1), (6, 6))), ((5, 5), ((6, 1),)), ((3, 3), ((1, 1), (1, 6), (6, 6))), ((3, 3), ((1, 1), (6, 6))), ((3, 1), ((1, 1),))]","[((3, 3), ((1, 1), (1, 6))), ((3, 1), ((1, 6), (6, 1))), ((3, 1), ((1, 6), (6, 1), (6, 6))), ((6, 6), ((6, 1), (6, 6))), ((5, 5), ((6, 1),)), ((3, 3), ((1, 1), (1, 6), (6, 6))), ((3, 3), ((1, 1), (6, 6))), ((3, 1), ((1, 1),)), ((6, 5), ((6, 1), (6, 6)))]","[((4, 5), ()), ((4, 6), ()), ((5, 5), ()), ((3, 5), ()), ((5, 6), ()), ((3, 6), ()), ((6, 5), ()), ((2, 5), ()), ((6, 6), ((6, 6),)), ((2, 6), ()), ((6, 4), ()), ((1, 5), ()), ((6, 5), ((6, 6),)), ((5, 6), ((6, 6),)), ((1, 6), ((1, 6),)), ((6, 3), ()), ((1, 4), ()), ((6, 4), ((6, 6),)), ((5, 5), ((6, 6),)), ((4, 6), ((6, 6),)), ((1, 5), ((1, 6),)), ((2, 6), ((1, 6),)), ((5, 3), ()), ((1, 3), ()), ((6, 3), ((6, 6),)), ((4, 5), ((6, 6),)), ((3, 6), ((6, 6),)), ((1, 4), ((1, 6),)), ((2, 5), ((1, 6),)), ((3, 6), ((1, 6),)), ((4, 3), ()), ((1, 2), ()), ((5, 3), ((6, 6),)), ((3, 5), ((6, 6),)), ((2, 6), ((6, 6),)), ((1, 3), ((1, 6),)), ((3, 5), ((1, 6),)), ((4, 6), ((1, 6),)), ((3, 3), ()), ((1, 1), ((1, 1),)), ((4, 3), ((6, 6),)), ((2, 5), ((6, 6),)), ((1, 6), ((1, 6), (6, 6))), ((1, 2), ((1, 6),)), ((4, 5), ((1, 6),)), ((5, 6), ((1, 6),)), ((3, 2), ()), ((1, 2), ((1, 1),)), ((3, 3), ((6, 6),)), ((1, 5), ((6, 6),)), ((1, 5), ((1, 6), (6, 6))), ((2, 6), ((1, 6), (6, 6))), ((1, 1), ((1, 1), (1, 6))), ((5, 5), ((1, 6),)), ((6, 6), ((1, 6), (6, 6))), ((3, 1), ()), ((1, 3), ((1, 1),)), ((3, 2), ((6, 6),)), ((1, 4), ((6, 6),)), ((1, 4), ((1, 6), (6, 6))), ((2, 5), ((1, 6), (6, 6))), ((3, 6), ((1, 6), (6, 6))), ((1, 2), ((1, 1), (1, 6))), ((6, 5), ((1, 6),)), ((6, 5), ((1, 6), (6, 6))), ((5, 6), ((1, 6), (6, 6))), ((4, 1), ()), ((1, 4), ((1, 1),)), ((3, 1), ((6, 6),)), ((1, 3), ((6, 6),)), ((1, 3), ((1, 6), (6, 6))), ((3, 5), ((1, 6), (6, 6))), ((4, 6), ((1, 6), (6, 6))), ((1, 3), ((1, 1), (1, 6))), ((6, 4), ((1, 6),)), ((6, 4), ((1, 6), (6, 6))), ((5, 5), ((1, 6), (6, 6))), ((5, 1), ()), ((1, 5), ((1, 1),)), ((4, 1), ((6, 6),)), ((1, 2), ((6, 6),)), ((1, 2), ((1, 6), (6, 6))), ((4, 5), ((1, 6), (6, 6))), ((1, 4), ((1, 1), (1, 6))), ((6, 3), ((1, 6),)), ((6, 3), ((1, 6), (6, 6))), ((6, 1), ((6, 1),)), ((1, 6), ((1, 1), (1, 6))), ((2, 5), ((1, 1),)), ((5, 1), ((6, 6),)), ((1, 1), ((1, 1), (6, 6))), ((1, 1), ((1, 1), (1, 6), (6, 6))), ((1, 5), ((1, 1), (1, 6))), ((5, 3), ((1, 6),)), ((5, 3), ((1, 6), (6, 6))), ((5, 1), ((6, 1),)), ((2, 6), ((1, 1), (1, 6))), ((2, 6), ((1, 1),)), ((3, 5), ((1, 1),)), ((6, 1), ((6, 1), (6, 6))), ((1, 2), ((1, 1), (6, 6))), ((1, 2), ((1, 1), (1, 6), (6, 6))), ((2, 5), ((1, 1), (1, 6))), ((4, 3), ((1, 6),)), ((4, 3), ((1, 6), (6, 6))), ((4, 1), ((6, 1),)), ((3, 6), ((1, 1), (1, 6))), ((3, 6), ((1, 1),)), ((4, 5), ((1, 1),)), ((5, 1), ((6, 1), (6, 6))), ((1, 3), ((1, 1), (6, 6))), ((1, 3), ((1, 1), (1, 6), (6, 6))), ((3, 5), ((1, 1), (1, 6))), ((3, 3), ((1, 6),)), ((3, 3), ((1, 6), (6, 6))), ((3, 1), ((6, 1),)), ((4, 6), ((1, 1), (1, 6))), ((4, 6), ((1, 1),)), ((5, 5), ((1, 1),)), ((4, 1), ((6, 1), (6, 6))), ((1, 4), ((1, 1), (6, 6))), ((1, 4), ((1, 1), (1, 6), (6, 6))), ((4, 5), ((1, 1), (1, 6))), ((3, 2), ((1, 6),)), ((3, 2), ((1, 6), (6, 6))), ((3, 2), ((6, 1),)), ((5, 6), ((1, 1), (1, 6))), ((5, 6), ((1, 1),)), ((6, 5), ((1, 1),)), ((3, 1), ((6, 1), (6, 6))), ((1, 5), ((1, 1), (6, 6))), ((1, 5), ((1, 1), (1, 6), (6, 6))), ((5, 5), ((1, 1), (1, 6))), ((3, 1), ((1, 6),)), ((3, 1), ((1, 6), (6, 6))), ((3, 3), ((6, 1),)), ((6, 6), ((1, 1), (1, 6), (6, 6))), ((6, 6), ((1, 1), (6, 6))), ((6, 4), ((1, 1),)), ((3, 2), ((6, 1), (6, 6))), ((1, 6), ((1, 1), (1, 6), (6, 6))), ((2, 5), ((1, 1), (6, 6))), ((2, 5), ((1, 1), (1, 6), (6, 6))), ((6, 5), ((1, 1), (1, 6))), ((4, 1), ((1, 6),)), ((4, 1), ((1, 6), (6, 6))), ((4, 3), ((6, 1),)), ((6, 5), ((1, 1), (1, 6), (6, 6))), ((5, 6), ((1, 1), (1, 6), (6, 6))), ((6, 5), ((1, 1), (6, 6))), ((5, 6), ((1, 1), (6, 6))), ((6, 3), ((1, 1),)), ((3, 3), ((6, 1), (6, 6))), ((2, 6), ((1, 1), (1, 6), (6, 6))), ((2, 6), ((1, 1), (6, 6))), ((3, 5), ((1, 1), (6, 6))), ((3, 5), ((1, 1), (1, 6), (6, 6))), ((6, 4), ((1, 1), (1, 6))), ((5, 1), ((1, 6),)), ((5, 1), ((1, 6), (6, 6))), ((5, 3), ((6, 1),)), ((6, 4), ((1, 1), (1, 6), (6, 6))), ((5, 5), ((1, 1), (1, 6), (6, 6))), ((4, 6), ((1, 1), (1, 6), (6, 6))), ((6, 4), ((1, 1), (6, 6))), ((5, 5), ((1, 1), (6, 6))), ((4, 6), ((1, 1), (6, 6))), ((5, 3), ((1, 1),)), ((4, 3), ((6, 1), (6, 6))), ((3, 6), ((1, 1), (1, 6), (6, 6))), ((3, 6), ((1, 1), (6, 6))), ((4, 5), ((1, 1), (6, 6))), ((4, 5), ((1, 1), (1, 6), (6, 6))), ((6, 3), ((1, 1), (1, 6))), ((6, 1), ((1, 6), (6, 1))), ((6, 1), ((1, 6), (6, 1), (6, 6))), ((6, 3), ((6, 1),)), ((6, 3), ((1, 1), (1, 6), (6, 6))), ((6, 3), ((1, 1), (6, 6))), ((4, 3), ((1, 1),)), ((5, 3), ((6, 1), (6, 6))), ((5, 3), ((1, 1), (1, 6))), ((5, 1), ((1, 6), (6, 1))), ((5, 1), ((1, 6), (6, 1), (6, 6))), ((6, 4), ((6, 1),)), ((5, 3), ((1, 1), (1, 6), (6, 6))), ((5, 3), ((1, 1), (6, 6))), ((3, 3), ((1, 1),)), ((6, 3), ((6, 1), (6, 6))), ((4, 3), ((1, 1), (1, 6))), ((4, 1), ((1, 6), (6, 1))), ((4, 1), ((1, 6), (6, 1), (6, 6))), ((6, 5), ((6, 1),)), ((4, 3), ((1, 1), (1, 6), (6, 6))), ((4, 3), ((1, 1), (6, 6))), ((3, 2), ((1, 1),))]",23,0,23
198,"((3, 3), ((1, 1), (1, 6)))","((4, 3), ((1, 1), (1, 6)))",West,"[((3, 2), ((1, 1), (1, 6))) via South]","[((3, 3), ((1, 1), (1, 6))), ((3, 1), ((1, 6), (6, 1))), ((3, 1), ((1, 6), (6, 1), (6, 6))), ((6, 6), ((6, 1), (6, 6))), ((5, 5), ((6, 1),)), ((3, 3), ((1, 1), (1, 6), (6, 6))), ((3, 3), ((1, 1), (6, 6))), ((3, 1), ((1, 1),)), ((6, 5), ((6, 1), (6, 6)))]","[((3, 1), ((1, 6), (6, 1))), ((3, 1), ((1, 6), (6, 1), (6, 6))), ((6, 6), ((6, 1), (6, 6))), ((5, 5), ((6, 1),)), ((3, 3), ((1, 1), (1, 6), (6, 6))), ((3, 3), ((1, 1), (6, 6))), ((3, 1), ((1, 1),)), ((6, 5), ((6, 1), (6, 6))), ((3, 2), ((1, 1), (1, 6)))]","[((4, 5), ()), ((4, 6), ()), ((5, 5), ()), ((3, 5), ()), ((5, 6), ()), ((3, 6), ()), ((6, 5), ()), ((2, 5), ()), ((6, 6), ((6, 6),)), ((2, 6), ()), ((6, 4), ()), ((1, 5), ()), ((6, 5), ((6, 6),)), ((5, 6), ((6, 6),)), ((1, 6), ((1, 6),)), ((6, 3), ()), ((1, 4), ()), ((6, 4), ((6, 6),)), ((5, 5), ((6, 6),)), ((4, 6), ((6, 6),)), ((1, 5), ((1, 6),)), ((2, 6), ((1, 6),)), ((5, 3), ()), ((1, 3), ()), ((6, 3), ((6, 6),)), ((4, 5), ((6, 6),)), ((3, 6), ((6, 6),)), ((1, 4), ((1, 6),)), ((2, 5), ((1, 6),)), ((3, 6), ((1, 6),)), ((4, 3), ()), ((1, 2), ()), ((5, 3), ((6, 6),)), ((3, 5), ((6, 6),)), ((2, 6), ((6, 6),)), ((1, 3), ((1, 6),)), ((3, 5), ((1, 6),)), ((4, 6), ((1, 6),)), ((3, 3), ()), ((1, 1), ((1, 1),)), ((4, 3), ((6, 6),)), ((2, 5), ((6, 6),)), ((1, 6), ((1, 6), (6, 6))), ((1, 2), ((1, 6),)), ((4, 5), ((1, 6),)), ((5, 6), ((1, 6),)), ((3, 2), ()), ((1, 2), ((1, 1),)), ((3, 3), ((6, 6),)), ((1, 5), ((6, 6),)), ((1, 5), ((1, 6), (6, 6))), ((2, 6), ((1, 6), (6, 6))), ((1, 1), ((1, 1), (1, 6))), ((5, 5), ((1, 6),)), ((6, 6), ((1, 6), (6, 6))), ((3, 1), ()), ((1, 3), ((1, 1),)), ((3, 2), ((6, 6),)), ((1, 4), ((6, 6),)), ((1, 4), ((1, 6), (6, 6))), ((2, 5), ((1, 6), (6, 6))), ((3, 6), ((1, 6), (6, 6))), ((1, 2), ((1, 1), (1, 6))), ((6, 5), ((1, 6),)), ((6, 5), ((1, 6), (6, 6))), ((5, 6), ((1, 6), (6, 6))), ((4, 1), ()), ((1, 4), ((1, 1),)), ((3, 1), ((6, 6),)), ((1, 3), ((6, 6),)), ((1, 3), ((1, 6), (6, 6))), ((3, 5), ((1, 6), (6, 6))), ((4, 6), ((1, 6), (6, 6))), ((1, 3), ((1, 1), (1, 6))), ((6, 4), ((1, 6),)), ((6, 4), ((1, 6), (6, 6))), ((5, 5), ((1, 6), (6, 6))), ((5, 1), ()), ((1, 5), ((1, 1),)), ((4, 1), ((6, 6),)), ((1, 2), ((6, 6),)), ((1, 2), ((1, 6), (6, 6))), ((4, 5), ((1, 6), (6, 6))), ((1, 4), ((1, 1), (1, 6))), ((6, 3), ((1, 6),)), ((6, 3), ((1, 6), (6, 6))), ((6, 1), ((6, 1),)), ((1, 6), ((1, 1), (1, 6))), ((2, 5), ((1, 1),)), ((5, 1), ((6, 6),)), ((1, 1), ((1, 1), (6, 6))), ((1, 1), ((1, 1), (1, 6), (6, 6))), ((1, 5), ((1, 1), (1, 6))), ((5, 3), ((1, 6),)), ((5, 3), ((1, 6), (6, 6))), ((5, 1), ((6, 1),)), ((2, 6), ((1, 1), (1, 6))), ((2, 6), ((1, 1),)), ((3, 5), ((1, 1),)), ((6, 1), ((6, 1), (6, 6))), ((1, 2), ((1, 1), (6, 6))), ((1, 2), ((1, 1), (1, 6), (6, 6))), ((2, 5), ((1, 1), (1, 6))), ((4, 3), ((1, 6),)), ((4, 3), ((1, 6), (6, 6))), ((4, 1), ((6, 1),)), ((3, 6), ((1, 1), (1, 6))), ((3, 6), ((1, 1),)), ((4, 5), ((1, 1),)), ((5, 1), ((6, 1), (6, 6))), ((1, 3), ((1, 1), (6, 6))), ((1, 3), ((1, 1), (1, 6), (6, 6))), ((3, 5), ((1, 1), (1, 6))), ((3, 3), ((1, 6),)), ((3, 3), ((1, 6), (6, 6))), ((3, 1), ((6, 1),)), ((4, 6), ((1, 1), (1, 6))), ((4, 6), ((1, 1),)), ((5, 5), ((1, 1),)), ((4, 1), ((6, 1), (6, 6))), ((1, 4), ((1, 1), (6, 6))), ((1, 4), ((1, 1), (1, 6), (6, 6))), ((4, 5), ((1, 1), (1, 6))), ((3, 2), ((1, 6),)), ((3, 2), ((1, 6), (6, 6))), ((3, 2), ((6, 1),)), ((5, 6), ((1, 1), (1, 6))), ((5, 6), ((1, 1),)), ((6, 5), ((1, 1),)), ((3, 1), ((6, 1), (6, 6))), ((1, 5), ((1, 1), (6, 6))), ((1, 5), ((1, 1), (1, 6), (6, 6))), ((5, 5), ((1, 1), (1, 6))), ((3, 1), ((1, 6),)), ((3, 1), ((1, 6), (6, 6))), ((3, 3), ((6, 1),)), ((6, 6), ((1, 1), (1, 6), (6, 6))), ((6, 6), ((1, 1), (6, 6))), ((6, 4), ((1, 1),)), ((3, 2), ((6, 1), (6, 6))), ((1, 6), ((1, 1), (1, 6), (6, 6))), ((2, 5), ((1, 1), (6, 6))), ((2, 5), ((1, 1), (1, 6), (6, 6))), ((6, 5), ((1, 1), (1, 6))), ((4, 1), ((1, 6),)), ((4, 1), ((1, 6), (6, 6))), ((4, 3), ((6, 1),)), ((6, 5), ((1, 1), (1, 6), (6, 6))), ((5, 6), ((1, 1), (1, 6), (6, 6))), ((6, 5), ((1, 1), (6, 6))), ((5, 6), ((1, 1), (6, 6))), ((6, 3), ((1, 1),)), ((3, 3), ((6, 1), (6, 6))), ((2, 6), ((1, 1), (1, 6), (6, 6))), ((2, 6), ((1, 1), (6, 6))), ((3, 5), ((1, 1), (6, 6))), ((3, 5), ((1, 1), (1, 6), (6, 6))), ((6, 4), ((1, 1), (1, 6))), ((5, 1), ((1, 6),)), ((5, 1), ((1, 6), (6, 6))), ((5, 3), ((6, 1),)), ((6, 4), ((1, 1), (1, 6), (6, 6))), ((5, 5), ((1, 1), (1, 6), (6, 6))), ((4, 6), ((1, 1), (1, 6), (6, 6))), ((6, 4), ((1, 1), (6, 6))), ((5, 5), ((1, 1), (6, 6))), ((4, 6), ((1, 1), (6, 6))), ((5, 3), ((1, 1),)), ((4, 3), ((6, 1), (6, 6))), ((3, 6), ((1, 1), (1, 6), (6, 6))), ((3, 6), ((1, 1), (6, 6))), ((4, 5), ((1, 1), (6, 6))), ((4, 5), ((1, 1), (1, 6), (6, 6))), ((6, 3), ((1, 1), (1, 6))), ((6, 1), ((1, 6), (6, 1))), ((6, 1), ((1, 6), (6, 1), (6, 6))), ((6, 3), ((6, 1),)), ((6, 3), ((1, 1), (1, 6), (6, 6))), ((6, 3), ((1, 1), (6, 6))), ((4, 3), ((1, 1),)), ((5, 3), ((6, 1), (6, 6))), ((5, 3), ((1, 1), (1, 6))), ((5, 1), ((1, 6), (6, 1))), ((5, 1), ((1, 6), (6, 1), (6, 6))), ((6, 4), ((6, 1),)), ((5, 3), ((1, 1), (1, 6), (6, 6))), ((5, 3), ((1, 1), (6, 6))), ((3, 3), ((1, 1),)), ((6, 3), ((6, 1), (6, 6))), ((4, 3), ((1, 1), (1, 6))), ((4, 1), ((1, 6), (6, 1))), ((4, 1), ((1, 6), (6, 1), (6, 6))), ((6, 5), ((6, 1),)), ((4, 3), ((1, 1), (1, 6), (6, 6))), ((4, 3), ((1, 1), (6, 6))), ((3, 2), ((1, 1),)), ((6, 4), ((6, 1), (6, 6)))]",23,0,23
199,"((3, 1), ((1, 6), (6, 1)))","((4, 1), ((1, 6), (6, 1)))",West,"[((3, 2), ((1, 6), (6, 1))) via North]","[((3, 1), ((1, 6), (6, 1))), ((3, 1), ((1, 6), (6, 1), (6, 6))), ((6, 6), ((6, 1), (6, 6))), ((5, 5), ((6, 1),)), ((3, 3), ((1, 1), (1, 6), (6, 6))), ((3, 3), ((1, 1), (6, 6))), ((3, 1), ((1, 1),)), ((6, 5), ((6, 1), (6, 6))), ((3, 2), ((1, 1), (1, 6)))]","[((3, 1), ((1, 6), (6, 1), (6, 6))), ((6, 6), ((6, 1), (6, 6))), ((5, 5), ((6, 1),)), ((3, 3), ((1, 1), (1, 6), (6, 6))), ((3, 3), ((1, 1), (6, 6))), ((3, 1), ((1, 1),)), ((6, 5), ((6, 1), (6, 6))), ((3, 2), ((1, 1), (1, 6))), ((3, 2), ((1, 6), (6, 1)))]","[((4, 5), ()), ((4, 6), ()), ((5, 5), ()), ((3, 5), ()), ((5, 6), ()), ((3, 6), ()), ((6, 5), ()), ((2, 5), ()), ((6, 6), ((6, 6),)), ((2, 6), ()), ((6, 4), ()), ((1, 5), ()), ((6, 5), ((6, 6),)), ((5, 6), ((6, 6),)), ((1, 6), ((1, 6),)), ((6, 3), ()), ((1, 4), ()), ((6, 4), ((6, 6),)), ((5, 5), ((6, 6),)), ((4, 6), ((6, 6),)), ((1, 5), ((1, 6),)), ((2, 6), ((1, 6),)), ((5, 3), ()), ((1, 3), ()), ((6, 3), ((6, 6),)), ((4, 5), ((6, 6),)), ((3, 6), ((6, 6),)), ((1, 4), ((1, 6),)), ((2, 5), ((1, 6),)), ((3, 6), ((1, 6),)), ((4, 3), ()), ((1, 2), ()), ((5, 3), ((6, 6),)), ((3, 5), ((6, 6),)), ((2, 6), ((6, 6),)), ((1, 3), ((1, 6),)), ((3, 5), ((1, 6),)), ((4, 6), ((1, 6),)), ((3, 3), ()), ((1, 1), ((1, 1),)), ((4, 3), ((6, 6),)), ((2, 5), ((6, 6),)), ((1, 6), ((1, 6), (6, 6))), ((1, 2), ((1, 6),)), ((4, 5), ((1, 6),)), ((5, 6), ((1, 6),)), ((3, 2), ()), ((1, 2), ((1, 1),)), ((3, 3), ((6, 6),)), ((1, 5), ((6, 6),)), ((1, 5), ((1, 6), (6, 6))), ((2, 6), ((1, 6), (6, 6))), ((1, 1), ((1, 1), (1, 6))), ((5, 5), ((1, 6),)), ((6, 6), ((1, 6), (6, 6))), ((3, 1), ()), ((1, 3), ((1, 1),)), ((3, 2), ((6, 6),)), ((1, 4), ((6, 6),)), ((1, 4), ((1, 6), (6, 6))), ((2, 5), ((1, 6), (6, 6))), ((3, 6), ((1, 6), (6, 6))), ((1, 2), ((1, 1), (1, 6))), ((6, 5), ((1, 6),)), ((6, 5), ((1, 6), (6, 6))), ((5, 6), ((1, 6), (6, 6))), ((4, 1), ()), ((1, 4), ((1, 1),)), ((3, 1), ((6, 6),)), ((1, 3), ((6, 6),)), ((1, 3), ((1, 6), (6, 6))), ((3, 5), ((1, 6), (6, 6))), ((4, 6), ((1, 6), (6, 6))), ((1, 3), ((1, 1), (1, 6))), ((6, 4), ((1, 6),)), ((6, 4), ((1, 6), (6, 6))), ((5, 5), ((1, 6), (6, 6))), ((5, 1), ()), ((1, 5), ((1, 1),)), ((4, 1), ((6, 6),)), ((1, 2), ((6, 6),)), ((1, 2), ((1, 6), (6, 6))), ((4, 5), ((1, 6), (6, 6))), ((1, 4), ((1, 1), (1, 6))), ((6, 3), ((1, 6),)), ((6, 3), ((1, 6), (6, 6))), ((6, 1), ((6, 1),)), ((1, 6), ((1, 1), (1, 6))), ((2, 5), ((1, 1),)), ((5, 1), ((6, 6),)), ((1, 1), ((1, 1), (6, 6))), ((1, 1), ((1, 1), (1, 6), (6, 6))), ((1, 5), ((1, 1), (1, 6))), ((5, 3), ((1, 6),)), ((5, 3), ((1, 6), (6, 6))), ((5, 1), ((6, 1),)), ((2, 6), ((1, 1), (1, 6))), ((2, 6), ((1, 1),)), ((3, 5), ((1, 1),)), ((6, 1), ((6, 1), (6, 6))), ((1, 2), ((1, 1), (6, 6))), ((1, 2), ((1, 1), (1, 6), (6, 6))), ((2, 5), ((1, 1), (1, 6))), ((4, 3), ((1, 6),)), ((4, 3), ((1, 6), (6, 6))), ((4, 1), ((6, 1),)), ((3, 6), ((1, 1), (1, 6))), ((3, 6), ((1, 1),)), ((4, 5), ((1, 1),)), ((5, 1), ((6, 1), (6, 6))), ((1, 3), ((1, 1), (6, 6))), ((1, 3), ((1, 1), (1, 6), (6, 6))), ((3, 5), ((1, 1), (1, 6))), ((3, 3), ((1, 6),)), ((3, 3), ((1, 6), (6, 6))), ((3, 1), ((6, 1),)), ((4, 6), ((1, 1), (1, 6))), ((4, 6), ((1, 1),)), ((5, 5), ((1, 1),)), ((4, 1), ((6, 1), (6, 6))), ((1, 4), ((1, 1), (6, 6))), ((1, 4), ((1, 1), (1, 6), (6, 6))), ((4, 5), ((1, 1), (1, 6))), ((3, 2), ((1, 6),)), ((3, 2), ((1, 6), (6, 6))), ((3, 2), ((6, 1),)), ((5, 6), ((1, 1), (1, 6))), ((5, 6), ((1, 1),)), ((6, 5), ((1, 1),)), ((3, 1), ((6, 1), (6, 6))), ((1, 5), ((1, 1), (6, 6))), ((1, 5), ((1, 1), (1, 6), (6, 6))), ((5, 5), ((1, 1), (1, 6))), ((3, 1), ((1, 6),)), ((3, 1), ((1, 6), (6, 6))), ((3, 3), ((6, 1),)), ((6, 6), ((1, 1), (1, 6), (6, 6))), ((6, 6), ((1, 1), (6, 6))), ((6, 4), ((1, 1),)), ((3, 2), ((6, 1), (6, 6))), ((1, 6), ((1, 1), (1, 6), (6, 6))), ((2, 5), ((1, 1), (6, 6))), ((2, 5), ((1, 1), (1, 6), (6, 6))), ((6, 5), ((1, 1), (1, 6))), ((4, 1), ((1, 6),)), ((4, 1), ((1, 6), (6, 6))), ((4, 3), ((6, 1),)), ((6, 5), ((1, 1), (1, 6), (6, 6))), ((5, 6), ((1, 1), (1, 6), (6, 6))), ((6, 5), ((1, 1), (6, 6))), ((5, 6), ((1, 1), (6, 6))), ((6, 3), ((1, 1),)), ((3, 3), ((6, 1), (6, 6))), ((2, 6), ((1, 1), (1, 6), (6, 6))), ((2, 6), ((1, 1), (6, 6))), ((3, 5), ((1, 1), (6, 6))), ((3, 5), ((1, 1), (1, 6), (6, 6))), ((6, 4), ((1, 1), (1, 6))), ((5, 1), ((1, 6),)), ((5, 1), ((1, 6), (6, 6))), ((5, 3), ((6, 1),)), ((6, 4), ((1, 1), (1, 6), (6, 6))), ((5, 5), ((1, 1), (1, 6), (6, 6))), ((4, 6), ((1, 1), (1, 6), (6, 6))), ((6, 4), ((1, 1), (6, 6))), ((5, 5), ((1, 1), (6, 6))), ((4, 6), ((1, 1), (6, 6))), ((5, 3), ((1, 1),)), ((4, 3), ((6, 1), (6, 6))), ((3, 6), ((1, 1), (1, 6), (6, 6))), ((3, 6), ((1, 1), (6, 6))), ((4, 5), ((1, 1), (6, 6))), ((4, 5), ((1, 1), (1, 6), (6, 6))), ((6, 3), ((1, 1), (1, 6))), ((6, 1), ((1, 6), (6, 1))), ((6, 1), ((1, 6), (6, 1), (6, 6))), ((6, 3), ((6, 1),)), ((6, 3), ((1, 1), (1, 6), (6, 6))), ((6, 3), ((1, 1), (6, 6))), ((4, 3), ((1, 1),)), ((5, 3), ((6, 1), (6, 6))), ((5, 3), ((1, 1), (1, 6))), ((5, 1), ((1, 6), (6, 1))), ((5, 1), ((1, 6), (6, 1), (6, 6))), ((6, 4), ((6, 1),)), ((5, 3), ((1, 1), (1, 6), (6, 6))), ((5, 3), ((1, 1), (6, 6))), ((3, 3), ((1, 1),)), ((6, 3), ((6, 1), (6, 6))), ((4, 3), ((1, 1), (1, 6))), ((4, 1), ((1, 6), (6, 1))), ((4, 1), ((1, 6), (6, 1), (6, 6))), ((6, 5), ((6, 1),)), ((4, 3), ((1, 1), (1, 6), (6, 6))), ((4, 3), ((1, 1), (6, 6))), ((3, 2), ((1, 1),)), ((6, 4), ((6, 1), (6, 6))), ((3, 3), ((1, 1), (1, 6)))]",23,0,23
200,"((3, 1), ((1, 6), (6, 1), (6, 6)))","((4, 1), ((1, 6), (6, 1), (6, 6)))",West,"[((3, 2), ((1, 6), (6, 1), (6, 6))) via North]","[((3, 1), ((1, 6), (6, 1), (6, 6))), ((6, 6), ((6, 1), (6, 6))), ((5, 5), ((6, 1),)), ((3, 3), ((1, 1), (1, 6), (6, 6))), ((3, 3), ((1, 1), (6, 6))), ((3, 1), ((1, 1),)), ((6, 5), ((6, 1), (6, 6))), ((3, 2), ((1, 1), (1, 6))), ((3, 2), ((1, 6), (6, 1)))]","[((6, 6), ((6, 1), (6, 6))), ((5, 5), ((6, 1),)), ((3, 3), ((1, 1), (1, 6), (6, 6))), ((3, 3), ((1, 1), (6, 6))), ((3, 1), ((1, 1),)), ((6, 5), ((6, 1), (6, 6))), ((3, 2), ((1, 1), (1, 6))), ((3, 2), ((1, 6), (6, 1))), ((3, 2), ((1, 6), (6, 1), (6, 6)))]","[((4, 5), ()), ((4, 6), ()), ((5, 5), ()), ((3, 5), ()), ((5, 6), ()), ((3, 6), ()), ((6, 5), ()), ((2, 5), ()), ((6, 6), ((6, 6),)), ((2, 6), ()), ((6, 4), ()), ((1, 5), ()), ((6, 5), ((6, 6),)), ((5, 6), ((6, 6),)), ((1, 6), ((1, 6),)), ((6, 3), ()), ((1, 4), ()), ((6, 4), ((6, 6),)), ((5, 5), ((6, 6),)), ((4, 6), ((6, 6),)), ((1, 5), ((1, 6),)), ((2, 6), ((1, 6),)), ((5, 3), ()), ((1, 3), ()), ((6, 3), ((6, 6),)), ((4, 5), ((6, 6),)), ((3, 6), ((6, 6),)), ((1, 4), ((1, 6),)), ((2, 5), ((1, 6),)), ((3, 6), ((1, 6),)), ((4, 3), ()), ((1, 2), ()), ((5, 3), ((6, 6),)), ((3, 5), ((6, 6),)), ((2, 6), ((6, 6),)), ((1, 3), ((1, 6),)), ((3, 5), ((1, 6),)), ((4, 6), ((1, 6),)), ((3, 3), ()), ((1, 1), ((1, 1),)), ((4, 3), ((6, 6),)), ((2, 5), ((6, 6),)), ((1, 6), ((1, 6), (6, 6))), ((1, 2), ((1, 6),)), ((4, 5), ((1, 6),)), ((5, 6), ((1, 6),)), ((3, 2), ()), ((1, 2), ((1, 1),)), ((3, 3), ((6, 6),)), ((1, 5), ((6, 6),)), ((1, 5), ((1, 6), (6, 6))), ((2, 6), ((1, 6), (6, 6))), ((1, 1), ((1, 1), (1, 6))), ((5, 5), ((1, 6),)), ((6, 6), ((1, 6), (6, 6))), ((3, 1), ()), ((1, 3), ((1, 1),)), ((3, 2), ((6, 6),)), ((1, 4), ((6, 6),)), ((1, 4), ((1, 6), (6, 6))), ((2, 5), ((1, 6), (6, 6))), ((3, 6), ((1, 6), (6, 6))), ((1, 2), ((1, 1), (1, 6))), ((6, 5), ((1, 6),)), ((6, 5), ((1, 6), (6, 6))), ((5, 6), ((1, 6), (6, 6))), ((4, 1), ()), ((1, 4), ((1, 1),)), ((3, 1), ((6, 6),)), ((1, 3), ((6, 6),)), ((1, 3), ((1, 6), (6, 6))), ((3, 5), ((1, 6), (6, 6))), ((4, 6), ((1, 6), (6, 6))), ((1, 3), ((1, 1), (1, 6))), ((6, 4), ((1, 6),)), ((6, 4), ((1, 6), (6, 6))), ((5, 5), ((1, 6), (6, 6))), ((5, 1), ()), ((1, 5), ((1, 1),)), ((4, 1), ((6, 6),)), ((1, 2), ((6, 6),)), ((1, 2), ((1, 6), (6, 6))), ((4, 5), ((1, 6), (6, 6))), ((1, 4), ((1, 1), (1, 6))), ((6, 3), ((1, 6),)), ((6, 3), ((1, 6), (6, 6))), ((6, 1), ((6, 1),)), ((1, 6), ((1, 1), (1, 6))), ((2, 5), ((1, 1),)), ((5, 1), ((6, 6),)), ((1, 1), ((1, 1), (6, 6))), ((1, 1), ((1, 1), (1, 6), (6, 6))), ((1, 5), ((1, 1), (1, 6))), ((5, 3), ((1, 6),)), ((5, 3), ((1, 6), (6, 6))), ((5, 1), ((6, 1),)), ((2, 6), ((1, 1), (1, 6))), ((2, 6), ((1, 1),)), ((3, 5), ((1, 1),)), ((6, 1), ((6, 1), (6, 6))), ((1, 2), ((1, 1), (6, 6))), ((1, 2), ((1, 1), (1, 6), (6, 6))), ((2, 5), ((1, 1), (1, 6))), ((4, 3), ((1, 6),)), ((4, 3), ((1, 6), (6, 6))), ((4, 1), ((6, 1),)), ((3, 6), ((1, 1), (1, 6))), ((3, 6), ((1, 1),)), ((4, 5), ((1, 1),)), ((5, 1), ((6, 1), (6, 6))), ((1, 3), ((1, 1), (6, 6))), ((1, 3), ((1, 1), (1, 6), (6, 6))), ((3, 5), ((1, 1), (1, 6))), ((3, 3), ((1, 6),)), ((3, 3), ((1, 6), (6, 6))), ((3, 1), ((6, 1),)), ((4, 6), ((1, 1), (1, 6))), ((4, 6), ((1, 1),)), ((5, 5), ((1, 1),)), ((4, 1), ((6, 1), (6, 6))), ((1, 4), ((1, 1), (6, 6))), ((1, 4), ((1, 1), (1, 6), (6, 6))), ((4, 5), ((1, 1), (1, 6))), ((3, 2), ((1, 6),)), ((3, 2), ((1, 6), (6, 6))), ((3, 2), ((6, 1),)), ((5, 6), ((1, 1), (1, 6))), ((5, 6), ((1, 1),)), ((6, 5), ((1, 1),)), ((3, 1), ((6, 1), (6, 6))), ((1, 5), ((1, 1), (6, 6))), ((1, 5), ((1, 1), (1, 6), (6, 6))), ((5, 5), ((1, 1), (1, 6))), ((3, 1), ((1, 6),)), ((3, 1), ((1, 6), (6, 6))), ((3, 3), ((6, 1),)), ((6, 6), ((1, 1), (1, 6), (6, 6))), ((6, 6), ((1, 1), (6, 6))), ((6, 4), ((1, 1),)), ((3, 2), ((6, 1), (6, 6))), ((1, 6), ((1, 1), (1, 6), (6, 6))), ((2, 5), ((1, 1), (6, 6))), ((2, 5), ((1, 1), (1, 6), (6, 6))), ((6, 5), ((1, 1), (1, 6))), ((4, 1), ((1, 6),)), ((4, 1), ((1, 6), (6, 6))), ((4, 3), ((6, 1),)), ((6, 5), ((1, 1), (1, 6), (6, 6))), ((5, 6), ((1, 1), (1, 6), (6, 6))), ((6, 5), ((1, 1), (6, 6))), ((5, 6), ((1, 1), (6, 6))), ((6, 3), ((1, 1),)), ((3, 3), ((6, 1), (6, 6))), ((2, 6), ((1, 1), (1, 6), (6, 6))), ((2, 6), ((1, 1), (6, 6))), ((3, 5), ((1, 1), (6, 6))), ((3, 5), ((1, 1), (1, 6), (6, 6))), ((6, 4), ((1, 1), (1, 6))), ((5, 1), ((1, 6),)), ((5, 1), ((1, 6), (6, 6))), ((5, 3), ((6, 1),)), ((6, 4), ((1, 1), (1, 6), (6, 6))), ((5, 5), ((1, 1), (1, 6), (6, 6))), ((4, 6), ((1, 1), (1, 6), (6, 6))), ((6, 4), ((1, 1), (6, 6))), ((5, 5), ((1, 1), (6, 6))), ((4, 6), ((1, 1), (6, 6))), ((5, 3), ((1, 1),)), ((4, 3), ((6, 1), (6, 6))), ((3, 6), ((1, 1), (1, 6), (6, 6))), ((3, 6), ((1, 1), (6, 6))), ((4, 5), ((1, 1), (6, 6))), ((4, 5), ((1, 1), (1, 6), (6, 6))), ((6, 3), ((1, 1), (1, 6))), ((6, 1), ((1, 6), (6, 1))), ((6, 1), ((1, 6), (6, 1), (6, 6))), ((6, 3), ((6, 1),)), ((6, 3), ((1, 1), (1, 6), (6, 6))), ((6, 3), ((1, 1), (6, 6))), ((4, 3), ((1, 1),)), ((5, 3), ((6, 1), (6, 6))), ((5, 3), ((1, 1), (1, 6))), ((5, 1), ((1, 6), (6, 1))), ((5, 1), ((1, 6), (6, 1), (6, 6))), ((6, 4), ((6, 1),)), ((5, 3), ((1, 1), (1, 6), (6, 6))), ((5, 3), ((1, 1), (6, 6))), ((3, 3), ((1, 1),)), ((6, 3), ((6, 1), (6, 6))), ((4, 3), ((1, 1), (1, 6))), ((4, 1), ((1, 6), (6, 1))), ((4, 1), ((1, 6), (6, 1), (6, 6))), ((6, 5), ((6, 1),)), ((4, 3), ((1, 1), (1, 6), (6, 6))), ((4, 3), ((1, 1), (6, 6))), ((3, 2), ((1, 1),)), ((6, 4), ((6, 1), (6, 6))), ((3, 3), ((1, 1), (1, 6))), ((3, 1), ((1, 6), (6, 1)))]",23,0,23
201,"((6, 6), ((6, 1), (6, 6)))","((6, 5), ((6, 1),))",North,"[((5, 6), ((6, 1), (6, 6))) via West]","[((6, 6), ((6, 1), (6, 6))), ((5, 5), ((6, 1),)), ((3, 3), ((1, 1), (1, 6), (6, 6))), ((3, 3), ((1, 1), (6, 6))), ((3, 1), ((1, 1),)), ((6, 5), ((6, 1), (6, 6))), ((3, 2), ((1, 1), (1, 6))), ((3, 2), ((1, 6), (6, 1))), ((3, 2), ((1, 6), (6, 1), (6, 6)))]","[((5, 5), ((6, 1),)), ((3, 3), ((1, 1), (1, 6), (6, 6))), ((3, 3), ((1, 1), (6, 6))), ((3, 1), ((1, 1),)), ((6, 5), ((6, 1), (6, 6))), ((3, 2), ((1, 1), (1, 6))), ((3, 2), ((1, 6), (6, 1))), ((3, 2), ((1, 6), (6, 1), (6, 6))), ((5, 6), ((6, 1), (6, 6)))]","[((4, 5), ()), ((4, 6), ()), ((5, 5), ()), ((3, 5), ()), ((5, 6), ()), ((3, 6), ()), ((6, 5), ()), ((2, 5), ()), ((6, 6), ((6, 6),)), ((2, 6), ()), ((6, 4), ()), ((1, 5), ()), ((6, 5), ((6, 6),)), ((5, 6), ((6, 6),)), ((1, 6), ((1, 6),)), ((6, 3), ()), ((1, 4), ()), ((6, 4), ((6, 6),)), ((5, 5), ((6, 6),)), ((4, 6), ((6, 6),)), ((1, 5), ((1, 6),)), ((2, 6), ((1, 6),)), ((5, 3), ()), ((1, 3), ()), ((6, 3), ((6, 6),)), ((4, 5), ((6, 6),)), ((3, 6), ((6, 6),)), ((1, 4), ((1, 6),)), ((2, 5), ((1, 6),)), ((3, 6), ((1, 6),)), ((4, 3), ()), ((1, 2), ()), ((5, 3), ((6, 6),)), ((3, 5), ((6, 6),)), ((2, 6), ((6, 6),)), ((1, 3), ((1, 6),)), ((3, 5), ((1, 6),)), ((4, 6), ((1, 6),)), ((3, 3), ()), ((1, 1), ((1, 1),)), ((4, 3), ((6, 6),)), ((2, 5), ((6, 6),)), ((1, 6), ((1, 6), (6, 6))), ((1, 2), ((1, 6),)), ((4, 5), ((1, 6),)), ((5, 6), ((1, 6),)), ((3, 2), ()), ((1, 2), ((1, 1),)), ((3, 3), ((6, 6),)), ((1, 5), ((6, 6),)), ((1, 5), ((1, 6), (6, 6))), ((2, 6), ((1, 6), (6, 6))), ((1, 1), ((1, 1), (1, 6))), ((5, 5), ((1, 6),)), ((6, 6), ((1, 6), (6, 6))), ((3, 1), ()), ((1, 3), ((1, 1),)), ((3, 2), ((6, 6),)), ((1, 4), ((6, 6),)), ((1, 4), ((1, 6), (6, 6))), ((2, 5), ((1, 6), (6, 6))), ((3, 6), ((1, 6), (6, 6))), ((1, 2), ((1, 1), (1, 6))), ((6, 5), ((1, 6),)), ((6, 5), ((1, 6), (6, 6))), ((5, 6), ((1, 6), (6, 6))), ((4, 1), ()), ((1, 4), ((1, 1),)), ((3, 1), ((6, 6),)), ((1, 3), ((6, 6),)), ((1, 3), ((1, 6), (6, 6))), ((3, 5), ((1, 6), (6, 6))), ((4, 6), ((1, 6), (6, 6))), ((1, 3), ((1, 1), (1, 6))), ((6, 4), ((1, 6),)), ((6, 4), ((1, 6), (6, 6))), ((5, 5), ((1, 6), (6, 6))), ((5, 1), ()), ((1, 5), ((1, 1),)), ((4, 1), ((6, 6),)), ((1, 2), ((6, 6),)), ((1, 2), ((1, 6), (6, 6))), ((4, 5), ((1, 6), (6, 6))), ((1, 4), ((1, 1), (1, 6))), ((6, 3), ((1, 6),)), ((6, 3), ((1, 6), (6, 6))), ((6, 1), ((6, 1),)), ((1, 6), ((1, 1), (1, 6))), ((2, 5), ((1, 1),)), ((5, 1), ((6, 6),)), ((1, 1), ((1, 1), (6, 6))), ((1, 1), ((1, 1), (1, 6), (6, 6))), ((1, 5), ((1, 1), (1, 6))), ((5, 3), ((1, 6),)), ((5, 3), ((1, 6), (6, 6))), ((5, 1), ((6, 1),)), ((2, 6), ((1, 1), (1, 6))), ((2, 6), ((1, 1),)), ((3, 5), ((1, 1),)), ((6, 1), ((6, 1), (6, 6))), ((1, 2), ((1, 1), (6, 6))), ((1, 2), ((1, 1), (1, 6), (6, 6))), ((2, 5), ((1, 1), (1, 6))), ((4, 3), ((1, 6),)), ((4, 3), ((1, 6), (6, 6))), ((4, 1), ((6, 1),)), ((3, 6), ((1, 1), (1, 6))), ((3, 6), ((1, 1),)), ((4, 5), ((1, 1),)), ((5, 1), ((6, 1), (6, 6))), ((1, 3), ((1, 1), (6, 6))), ((1, 3), ((1, 1), (1, 6), (6, 6))), ((3, 5), ((1, 1), (1, 6))), ((3, 3), ((1, 6),)), ((3, 3), ((1, 6), (6, 6))), ((3, 1), ((6, 1),)), ((4, 6), ((1, 1), (1, 6))), ((4, 6), ((1, 1),)), ((5, 5), ((1, 1),)), ((4, 1), ((6, 1), (6, 6))), ((1, 4), ((1, 1), (6, 6))), ((1, 4), ((1, 1), (1, 6), (6, 6))), ((4, 5), ((1, 1), (1, 6))), ((3, 2), ((1, 6),)), ((3, 2), ((1, 6), (6, 6))), ((3, 2), ((6, 1),)), ((5, 6), ((1, 1), (1, 6))), ((5, 6), ((1, 1),)), ((6, 5), ((1, 1),)), ((3, 1), ((6, 1), (6, 6))), ((1, 5), ((1, 1), (6, 6))), ((1, 5), ((1, 1), (1, 6), (6, 6))), ((5, 5), ((1, 1), (1, 6))), ((3, 1), ((1, 6),)), ((3, 1), ((1, 6), (6, 6))), ((3, 3), ((6, 1),)), ((6, 6), ((1, 1), (1, 6), (6, 6))), ((6, 6), ((1, 1), (6, 6))), ((6, 4), ((1, 1),)), ((3, 2), ((6, 1), (6, 6))), ((1, 6), ((1, 1), (1, 6), (6, 6))), ((2, 5), ((1, 1), (6, 6))), ((2, 5), ((1, 1), (1, 6), (6, 6))), ((6, 5), ((1, 1), (1, 6))), ((4, 1), ((1, 6),)), ((4, 1), ((1, 6), (6, 6))), ((4, 3), ((6, 1),)), ((6, 5), ((1, 1), (1, 6), (6, 6))), ((5, 6), ((1, 1), (1, 6), (6, 6))), ((6, 5), ((1, 1), (6, 6))), ((5, 6), ((1, 1), (6, 6))), ((6, 3), ((1, 1),)), ((3, 3), ((6, 1), (6, 6))), ((2, 6), ((1, 1), (1, 6), (6, 6))), ((2, 6), ((1, 1), (6, 6))), ((3, 5), ((1, 1), (6, 6))), ((3, 5), ((1, 1), (1, 6), (6, 6))), ((6, 4), ((1, 1), (1, 6))), ((5, 1), ((1, 6),)), ((5, 1), ((1, 6), (6, 6))), ((5, 3), ((6, 1),)), ((6, 4), ((1, 1), (1, 6), (6, 6))), ((5, 5), ((1, 1), (1, 6), (6, 6))), ((4, 6), ((1, 1), (1, 6), (6, 6))), ((6, 4), ((1, 1), (6, 6))), ((5, 5), ((1, 1), (6, 6))), ((4, 6), ((1, 1), (6, 6))), ((5, 3), ((1, 1),)), ((4, 3), ((6, 1), (6, 6))), ((3, 6), ((1, 1), (1, 6), (6, 6))), ((3, 6), ((1, 1), (6, 6))), ((4, 5), ((1, 1), (6, 6))), ((4, 5), ((1, 1), (1, 6), (6, 6))), ((6, 3), ((1, 1), (1, 6))), ((6, 1), ((1, 6), (6, 1))), ((6, 1), ((1, 6), (6, 1), (6, 6))), ((6, 3), ((6, 1),)), ((6, 3), ((1, 1), (1, 6), (6, 6))), ((6, 3), ((1, 1), (6, 6))), ((4, 3), ((1, 1),)), ((5, 3), ((6, 1), (6, 6))), ((5, 3), ((1, 1), (1, 6))), ((5, 1), ((1, 6), (6, 1))), ((5, 1), ((1, 6), (6, 1), (6, 6))), ((6, 4), ((6, 1),)), ((5, 3), ((1, 1), (1, 6), (6, 6))), ((5, 3), ((1, 1), (6, 6))), ((3, 3), ((1, 1),)), ((6, 3), ((6, 1), (6, 6))), ((4, 3), ((1, 1), (1, 6))), ((4, 1), ((1, 6), (6, 1))), ((4, 1), ((1, 6), (6, 1), (6, 6))), ((6, 5), ((6, 1),)), ((4, 3), ((1, 1), (1, 6), (6, 6))), ((4, 3), ((1, 1), (6, 6))), ((3, 2), ((1, 1),)), ((6, 4), ((6, 1), (6, 6))), ((3, 3), ((1, 1), (1, 6))), ((3, 1), ((1, 6), (6, 1))), ((3, 1), ((1, 6), (6, 1), (6, 6)))]",23,0,23
202,"((5, 5), ((6, 1),))","((6, 5), ((6, 1),))",West,"[((5, 6), ((6, 1),)) via North, ((4, 5), ((6, 1),)) via West]","[((5, 5), ((6, 1),)), ((3, 3), ((1, 1), (1, 6), (6, 6))), ((3, 3), ((1, 1), (6, 6))), ((3, 1), ((1, 1),)), ((6, 5), ((6, 1), (6, 6))), ((3, 2), ((1, 1), (1, 6))), ((3, 2), ((1, 6), (6, 1))), ((3, 2), ((1, 6), (6, 1), (6, 6))), ((5, 6), ((6, 1), (6, 6)))]","[((3, 3), ((1, 1), (1, 6), (6, 6))), ((3, 3), ((1, 1), (6, 6))), ((3, 1), ((1, 1),)), ((6, 5), ((6, 1), (6, 6))), ((3, 2), ((1, 1), (1, 6))), ((3, 2), ((1, 6), (6, 1))), ((3, 2), ((1, 6), (6, 1), (6, 6))), ((5, 6), ((6, 1), (6, 6))), ((5, 6), ((6, 1),)), ((4, 5), ((6, 1),))]","[((4, 5), ()), ((4, 6), ()), ((5, 5), ()), ((3, 5), ()), ((5, 6), ()), ((3, 6), ()), ((6, 5), ()), ((2, 5), ()), ((6, 6), ((6, 6),)), ((2, 6), ()), ((6, 4), ()), ((1, 5), ()), ((6, 5), ((6, 6),)), ((5, 6), ((6, 6),)), ((1, 6), ((1, 6),)), ((6, 3), ()), ((1, 4), ()), ((6, 4), ((6, 6),)), ((5, 5), ((6, 6),)), ((4, 6), ((6, 6),)), ((1, 5), ((1, 6),)), ((2, 6), ((1, 6),)), ((5, 3), ()), ((1, 3), ()), ((6, 3), ((6, 6),)), ((4, 5), ((6, 6),)), ((3, 6), ((6, 6),)), ((1, 4), ((1, 6),)), ((2, 5), ((1, 6),)), ((3, 6), ((1, 6),)), ((4, 3), ()), ((1, 2), ()), ((5, 3), ((6, 6),)), ((3, 5), ((6, 6),)), ((2, 6), ((6, 6),)), ((1, 3), ((1, 6),)), ((3, 5), ((1, 6),)), ((4, 6), ((1, 6),)), ((3, 3), ()), ((1, 1), ((1, 1),)), ((4, 3), ((6, 6),)), ((2, 5), ((6, 6),)), ((1, 6), ((1, 6), (6, 6))), ((1, 2), ((1, 6),)), ((4, 5), ((1, 6),)), ((5, 6), ((1, 6),)), ((3, 2), ()), ((1, 2), ((1, 1),)), ((3, 3), ((6, 6),)), ((1, 5), ((6, 6),)), ((1, 5), ((1, 6), (6, 6))), ((2, 6), ((1, 6), (6, 6))), ((1, 1), ((1, 1), (1, 6))), ((5, 5), ((1, 6),)), ((6, 6), ((1, 6), (6, 6))), ((3, 1), ()), ((1, 3), ((1, 1),)), ((3, 2), ((6, 6),)), ((1, 4), ((6, 6),)), ((1, 4), ((1, 6), (6, 6))), ((2, 5), ((1, 6), (6, 6))), ((3, 6), ((1, 6), (6, 6))), ((1, 2), ((1, 1), (1, 6))), ((6, 5), ((1, 6),)), ((6, 5), ((1, 6), (6, 6))), ((5, 6), ((1, 6), (6, 6))), ((4, 1), ()), ((1, 4), ((1, 1),)), ((3, 1), ((6, 6),)), ((1, 3), ((6, 6),)), ((1, 3), ((1, 6), (6, 6))), ((3, 5), ((1, 6), (6, 6))), ((4, 6), ((1, 6), (6, 6))), ((1, 3), ((1, 1), (1, 6))), ((6, 4), ((1, 6),)), ((6, 4), ((1, 6), (6, 6))), ((5, 5), ((1, 6), (6, 6))), ((5, 1), ()), ((1, 5), ((1, 1),)), ((4, 1), ((6, 6),)), ((1, 2), ((6, 6),)), ((1, 2), ((1, 6), (6, 6))), ((4, 5), ((1, 6), (6, 6))), ((1, 4), ((1, 1), (1, 6))), ((6, 3), ((1, 6),)), ((6, 3), ((1, 6), (6, 6))), ((6, 1), ((6, 1),)), ((1, 6), ((1, 1), (1, 6))), ((2, 5), ((1, 1),)), ((5, 1), ((6, 6),)), ((1, 1), ((1, 1), (6, 6))), ((1, 1), ((1, 1), (1, 6), (6, 6))), ((1, 5), ((1, 1), (1, 6))), ((5, 3), ((1, 6),)), ((5, 3), ((1, 6), (6, 6))), ((5, 1), ((6, 1),)), ((2, 6), ((1, 1), (1, 6))), ((2, 6), ((1, 1),)), ((3, 5), ((1, 1),)), ((6, 1), ((6, 1), (6, 6))), ((1, 2), ((1, 1), (6, 6))), ((1, 2), ((1, 1), (1, 6), (6, 6))), ((2, 5), ((1, 1), (1, 6))), ((4, 3), ((1, 6),)), ((4, 3), ((1, 6), (6, 6))), ((4, 1), ((6, 1),)), ((3, 6), ((1, 1), (1, 6))), ((3, 6), ((1, 1),)), ((4, 5), ((1, 1),)), ((5, 1), ((6, 1), (6, 6))), ((1, 3), ((1, 1), (6, 6))), ((1, 3), ((1, 1), (1, 6), (6, 6))), ((3, 5), ((1, 1), (1, 6))), ((3, 3), ((1, 6),)), ((3, 3), ((1, 6), (6, 6))), ((3, 1), ((6, 1),)), ((4, 6), ((1, 1), (1, 6))), ((4, 6), ((1, 1),)), ((5, 5), ((1, 1),)), ((4, 1), ((6, 1), (6, 6))), ((1, 4), ((1, 1), (6, 6))), ((1, 4), ((1, 1), (1, 6), (6, 6))), ((4, 5), ((1, 1), (1, 6))), ((3, 2), ((1, 6),)), ((3, 2), ((1, 6), (6, 6))), ((3, 2), ((6, 1),)), ((5, 6), ((1, 1), (1, 6))), ((5, 6), ((1, 1),)), ((6, 5), ((1, 1),)), ((3, 1), ((6, 1), (6, 6))), ((1, 5), ((1, 1), (6, 6))), ((1, 5), ((1, 1), (1, 6), (6, 6))), ((5, 5), ((1, 1), (1, 6))), ((3, 1), ((1, 6),)), ((3, 1), ((1, 6), (6, 6))), ((3, 3), ((6, 1),)), ((6, 6), ((1, 1), (1, 6), (6, 6))), ((6, 6), ((1, 1), (6, 6))), ((6, 4), ((1, 1),)), ((3, 2), ((6, 1), (6, 6))), ((1, 6), ((1, 1), (1, 6), (6, 6))), ((2, 5), ((1, 1), (6, 6))), ((2, 5), ((1, 1), (1, 6), (6, 6))), ((6, 5), ((1, 1), (1, 6))), ((4, 1), ((1, 6),)), ((4, 1), ((1, 6), (6, 6))), ((4, 3), ((6, 1),)), ((6, 5), ((1, 1), (1, 6), (6, 6))), ((5, 6), ((1, 1), (1, 6), (6, 6))), ((6, 5), ((1, 1), (6, 6))), ((5, 6), ((1, 1), (6, 6))), ((6, 3), ((1, 1),)), ((3, 3), ((6, 1), (6, 6))), ((2, 6), ((1, 1), (1, 6), (6, 6))), ((2, 6), ((1, 1), (6, 6))), ((3, 5), ((1, 1), (6, 6))), ((3, 5), ((1, 1), (1, 6), (6, 6))), ((6, 4), ((1, 1), (1, 6))), ((5, 1), ((1, 6),)), ((5, 1), ((1, 6), (6, 6))), ((5, 3), ((6, 1),)), ((6, 4), ((1, 1), (1, 6), (6, 6))), ((5, 5), ((1, 1), (1, 6), (6, 6))), ((4, 6), ((1, 1), (1, 6), (6, 6))), ((6, 4), ((1, 1), (6, 6))), ((5, 5), ((1, 1), (6, 6))), ((4, 6), ((1, 1), (6, 6))), ((5, 3), ((1, 1),)), ((4, 3), ((6, 1), (6, 6))), ((3, 6), ((1, 1), (1, 6), (6, 6))), ((3, 6), ((1, 1), (6, 6))), ((4, 5), ((1, 1), (6, 6))), ((4, 5), ((1, 1), (1, 6), (6, 6))), ((6, 3), ((1, 1), (1, 6))), ((6, 1), ((1, 6), (6, 1))), ((6, 1), ((1, 6), (6, 1), (6, 6))), ((6, 3), ((6, 1),)), ((6, 3), ((1, 1), (1, 6), (6, 6))), ((6, 3), ((1, 1), (6, 6))), ((4, 3), ((1, 1),)), ((5, 3), ((6, 1), (6, 6))), ((5, 3), ((1, 1), (1, 6))), ((5, 1), ((1, 6), (6, 1))), ((5, 1), ((1, 6), (6, 1), (6, 6))), ((6, 4), ((6, 1),)), ((5, 3), ((1, 1), (1, 6), (6, 6))), ((5, 3), ((1, 1), (6, 6))), ((3, 3), ((1, 1),)), ((6, 3), ((6, 1), (6, 6))), ((4, 3), ((1, 1), (1, 6))), ((4, 1), ((1, 6), (6, 1))), ((4, 1), ((1, 6), (6, 1), (6, 6))), ((6, 5), ((6, 1),)), ((4, 3), ((1, 1), (1, 6), (6, 6))), ((4, 3), ((1, 1), (6, 6))), ((3, 2), ((1, 1),)), ((6, 4), ((6, 1), (6, 6))), ((3, 3), ((1, 1), (1, 6))), ((3, 1), ((1, 6), (6, 1))), ((3, 1), ((1, 6), (6, 1), (6, 6))), ((6, 6), ((6, 1), (6, 6)))]",23,0,23
203,"((3, 3), ((1, 1), (1, 6), (6, 6)))","((4, 3), ((1, 1), (1, 6), (6, 6)))",West,"[((3, 2), ((1, 1), (1, 6), (6, 6))) via South]","[((3, 3), ((1, 1), (1, 6), (6, 6))), ((3, 3), ((1, 1), (6, 6))), ((3, 1), ((1, 1),)), ((6, 5), ((6, 1), (6, 6))), ((3, 2), ((1, 1), (1, 6))), ((3, 2), ((1, 6), (6, 1))), ((3, 2), ((1, 6), (6, 1), (6, 6))), ((5, 6), ((6, 1), (6, 6))), ((5, 6), ((6, 1),)), ((4, 5), ((6, 1),))]","[((3, 3), ((1, 1), (6, 6))), ((3, 1), ((1, 1),)), ((6, 5), ((6, 1), (6, 6))), ((3, 2), ((1, 1), (1, 6))), ((3, 2), ((1, 6), (6, 1))), ((3, 2), ((1, 6), (6, 1), (6, 6))), ((5, 6), ((6, 1), (6, 6))), ((5, 6), ((6, 1),)), ((4, 5), ((6, 1),)), ((3, 2), ((1, 1), (1, 6), (6, 6)))]","[((4, 5), ()), ((4, 6), ()), ((5, 5), ()), ((3, 5), ()), ((5, 6), ()), ((3, 6), ()), ((6, 5), ()), ((2, 5), ()), ((6, 6), ((6, 6),)), ((2, 6), ()), ((6, 4), ()), ((1, 5), ()), ((6, 5), ((6, 6),)), ((5, 6), ((6, 6),)), ((1, 6), ((1, 6),)), ((6, 3), ()), ((1, 4), ()), ((6, 4), ((6, 6),)), ((5, 5), ((6, 6),)), ((4, 6), ((6, 6),)), ((1, 5), ((1, 6),)), ((2, 6), ((1, 6),)), ((5, 3), ()), ((1, 3), ()), ((6, 3), ((6, 6),)), ((4, 5), ((6, 6),)), ((3, 6), ((6, 6),)), ((1, 4), ((1, 6),)), ((2, 5), ((1, 6),)), ((3, 6), ((1, 6),)), ((4, 3), ()), ((1, 2), ()), ((5, 3), ((6, 6),)), ((3, 5), ((6, 6),)), ((2, 6), ((6, 6),)), ((1, 3), ((1, 6),)), ((3, 5), ((1, 6),)), ((4, 6), ((1, 6),)), ((3, 3), ()), ((1, 1), ((1, 1),)), ((4, 3), ((6, 6),)), ((2, 5), ((6, 6),)), ((1, 6), ((1, 6), (6, 6))), ((1, 2), ((1, 6),)), ((4, 5), ((1, 6),)), ((5, 6), ((1, 6),)), ((3, 2), ()), ((1, 2), ((1, 1),)), ((3, 3), ((6, 6),)), ((1, 5), ((6, 6),)), ((1, 5), ((1, 6), (6, 6))), ((2, 6), ((1, 6), (6, 6))), ((1, 1), ((1, 1), (1, 6))), ((5, 5), ((1, 6),)), ((6, 6), ((1, 6), (6, 6))), ((3, 1), ()), ((1, 3), ((1, 1),)), ((3, 2), ((6, 6),)), ((1, 4), ((6, 6),)), ((1, 4), ((1, 6), (6, 6))), ((2, 5), ((1, 6), (6, 6))), ((3, 6), ((1, 6), (6, 6))), ((1, 2), ((1, 1), (1, 6))), ((6, 5), ((1, 6),)), ((6, 5), ((1, 6), (6, 6))), ((5, 6), ((1, 6), (6, 6))), ((4, 1), ()), ((1, 4), ((1, 1),)), ((3, 1), ((6, 6),)), ((1, 3), ((6, 6),)), ((1, 3), ((1, 6), (6, 6))), ((3, 5), ((1, 6), (6, 6))), ((4, 6), ((1, 6), (6, 6))), ((1, 3), ((1, 1), (1, 6))), ((6, 4), ((1, 6),)), ((6, 4), ((1, 6), (6, 6))), ((5, 5), ((1, 6), (6, 6))), ((5, 1), ()), ((1, 5), ((1, 1),)), ((4, 1), ((6, 6),)), ((1, 2), ((6, 6),)), ((1, 2), ((1, 6), (6, 6))), ((4, 5), ((1, 6), (6, 6))), ((1, 4), ((1, 1), (1, 6))), ((6, 3), ((1, 6),)), ((6, 3), ((1, 6), (6, 6))), ((6, 1), ((6, 1),)), ((1, 6), ((1, 1), (1, 6))), ((2, 5), ((1, 1),)), ((5, 1), ((6, 6),)), ((1, 1), ((1, 1), (6, 6))), ((1, 1), ((1, 1), (1, 6), (6, 6))), ((1, 5), ((1, 1), (1, 6))), ((5, 3), ((1, 6),)), ((5, 3), ((1, 6), (6, 6))), ((5, 1), ((6, 1),)), ((2, 6), ((1, 1), (1, 6))), ((2, 6), ((1, 1),)), ((3, 5), ((1, 1),)), ((6, 1), ((6, 1), (6, 6))), ((1, 2), ((1, 1), (6, 6))), ((1, 2), ((1, 1), (1, 6), (6, 6))), ((2, 5), ((1, 1), (1, 6))), ((4, 3), ((1, 6),)), ((4, 3), ((1, 6), (6, 6))), ((4, 1), ((6, 1),)), ((3, 6), ((1, 1), (1, 6))), ((3, 6), ((1, 1),)), ((4, 5), ((1, 1),)), ((5, 1), ((6, 1), (6, 6))), ((1, 3), ((1, 1), (6, 6))), ((1, 3), ((1, 1), (1, 6), (6, 6))), ((3, 5), ((1, 1), (1, 6))), ((3, 3), ((1, 6),)), ((3, 3), ((1, 6), (6, 6))), ((3, 1), ((6, 1),)), ((4, 6), ((1, 1), (1, 6))), ((4, 6), ((1, 1),)), ((5, 5), ((1, 1),)), ((4, 1), ((6, 1), (6, 6))), ((1, 4), ((1, 1), (6, 6))), ((1, 4), ((1, 1), (1, 6), (6, 6))), ((4, 5), ((1, 1), (1, 6))), ((3, 2), ((1, 6),)), ((3, 2), ((1, 6), (6, 6))), ((3, 2), ((6, 1),)), ((5, 6), ((1, 1), (1, 6))), ((5, 6), ((1, 1),)), ((6, 5), ((1, 1),)), ((3, 1), ((6, 1), (6, 6))), ((1, 5), ((1, 1), (6, 6))), ((1, 5), ((1, 1), (1, 6), (6, 6))), ((5, 5), ((1, 1), (1, 6))), ((3, 1), ((1, 6),)), ((3, 1), ((1, 6), (6, 6))), ((3, 3), ((6, 1),)), ((6, 6), ((1, 1), (1, 6), (6, 6))), ((6, 6), ((1, 1), (6, 6))), ((6, 4), ((1, 1),)), ((3, 2), ((6, 1), (6, 6))), ((1, 6), ((1, 1), (1, 6), (6, 6))), ((2, 5), ((1, 1), (6, 6))), ((2, 5), ((1, 1), (1, 6), (6, 6))), ((6, 5), ((1, 1), (1, 6))), ((4, 1), ((1, 6),)), ((4, 1), ((1, 6), (6, 6))), ((4, 3), ((6, 1),)), ((6, 5), ((1, 1), (1, 6), (6, 6))), ((5, 6), ((1, 1), (1, 6), (6, 6))), ((6, 5), ((1, 1), (6, 6))), ((5, 6), ((1, 1), (6, 6))), ((6, 3), ((1, 1),)), ((3, 3), ((6, 1), (6, 6))), ((2, 6), ((1, 1), (1, 6), (6, 6))), ((2, 6), ((1, 1), (6, 6))), ((3, 5), ((1, 1), (6, 6))), ((3, 5), ((1, 1), (1, 6), (6, 6))), ((6, 4), ((1, 1), (1, 6))), ((5, 1), ((1, 6),)), ((5, 1), ((1, 6), (6, 6))), ((5, 3), ((6, 1),)), ((6, 4), ((1, 1), (1, 6), (6, 6))), ((5, 5), ((1, 1), (1, 6), (6, 6))), ((4, 6), ((1, 1), (1, 6), (6, 6))), ((6, 4), ((1, 1), (6, 6))), ((5, 5), ((1, 1), (6, 6))), ((4, 6), ((1, 1), (6, 6))), ((5, 3), ((1, 1),)), ((4, 3), ((6, 1), (6, 6))), ((3, 6), ((1, 1), (1, 6), (6, 6))), ((3, 6), ((1, 1), (6, 6))), ((4, 5), ((1, 1), (6, 6))), ((4, 5), ((1, 1), (1, 6), (6, 6))), ((6, 3), ((1, 1), (1, 6))), ((6, 1), ((1, 6), (6, 1))), ((6, 1), ((1, 6), (6, 1), (6, 6))), ((6, 3), ((6, 1),)), ((6, 3), ((1, 1), (1, 6), (6, 6))), ((6, 3), ((1, 1), (6, 6))), ((4, 3), ((1, 1),)), ((5, 3), ((6, 1), (6, 6))), ((5, 3), ((1, 1), (1, 6))), ((5, 1), ((1, 6), (6, 1))), ((5, 1), ((1, 6), (6, 1), (6, 6))), ((6, 4), ((6, 1),)), ((5, 3), ((1, 1), (1, 6), (6, 6))), ((5, 3), ((1, 1), (6, 6))), ((3, 3), ((1, 1),)), ((6, 3), ((6, 1), (6, 6))), ((4, 3), ((1, 1), (1, 6))), ((4, 1), ((1, 6), (6, 1))), ((4, 1), ((1, 6), (6, 1), (6, 6))), ((6, 5), ((6, 1),)), ((4, 3), ((1, 1), (1, 6), (6, 6))), ((4, 3), ((1, 1), (6, 6))), ((3, 2), ((1, 1),)), ((6, 4), ((6, 1), (6, 6))), ((3, 3), ((1, 1), (1, 6))), ((3, 1), ((1, 6), (6, 1))), ((3, 1), ((1, 6), (6, 1), (6, 6))), ((6, 6), ((6, 1), (6, 6))), ((5, 5), ((6, 1),))]",23,0,23
204,"((3, 3), ((1, 1), (6, 6)))","((4, 3), ((1, 1), (6, 6)))",West,"[((3, 2), ((1, 1), (6, 6))) via South]","[((3, 3), ((1, 1), (6, 6))), ((3, 1), ((1, 1),)), ((6, 5), ((6, 1), (6, 6))), ((3, 2), ((1, 1), (1, 6))), ((3, 2), ((1, 6), (6, 1))), ((3, 2), ((1, 6), (6, 1), (6, 6))), ((5, 6), ((6, 1), (6, 6))), ((5, 6), ((6, 1),)), ((4, 5), ((6, 1),)), ((3, 2), ((1, 1), (1, 6), (6, 6)))]","[((3, 1), ((1, 1),)), ((6, 5), ((6, 1), (6, 6))), ((3, 2), ((1, 1), (1, 6))), ((3, 2), ((1, 6), (6, 1))), ((3, 2), ((1, 6), (6, 1), (6, 6))), ((5, 6), ((6, 1), (6, 6))), ((5, 6), ((6, 1),)), ((4, 5), ((6, 1),)), ((3, 2), ((1, 1), (1, 6), (6, 6))), ((3, 2), ((1, 1), (6, 6)))]","[((4, 5), ()), ((4, 6), ()), ((5, 5), ()), ((3, 5), ()), ((5, 6), ()), ((3, 6), ()), ((6, 5), ()), ((2, 5), ()), ((6, 6), ((6, 6),)), ((2, 6), ()), ((6, 4), ()), ((1, 5), ()), ((6, 5), ((6, 6),)), ((5, 6), ((6, 6),)), ((1, 6), ((1, 6),)), ((6, 3), ()), ((1, 4), ()), ((6, 4), ((6, 6),)), ((5, 5), ((6, 6),)), ((4, 6), ((6, 6),)), ((1, 5), ((1, 6),)), ((2, 6), ((1, 6),)), ((5, 3), ()), ((1, 3), ()), ((6, 3), ((6, 6),)), ((4, 5), ((6, 6),)), ((3, 6), ((6, 6),)), ((1, 4), ((1, 6),)), ((2, 5), ((1, 6),)), ((3, 6), ((1, 6),)), ((4, 3), ()), ((1, 2), ()), ((5, 3), ((6, 6),)), ((3, 5), ((6, 6),)), ((2, 6), ((6, 6),)), ((1, 3), ((1, 6),)), ((3, 5), ((1, 6),)), ((4, 6), ((1, 6),)), ((3, 3), ()), ((1, 1), ((1, 1),)), ((4, 3), ((6, 6),)), ((2, 5), ((6, 6),)), ((1, 6), ((1, 6), (6, 6))), ((1, 2), ((1, 6),)), ((4, 5), ((1, 6),)), ((5, 6), ((1, 6),)), ((3, 2), ()), ((1, 2), ((1, 1),)), ((3, 3), ((6, 6),)), ((1, 5), ((6, 6),)), ((1, 5), ((1, 6), (6, 6))), ((2, 6), ((1, 6), (6, 6))), ((1, 1), ((1, 1), (1, 6))), ((5, 5), ((1, 6),)), ((6, 6), ((1, 6), (6, 6))), ((3, 1), ()), ((1, 3), ((1, 1),)), ((3, 2), ((6, 6),)), ((1, 4), ((6, 6),)), ((1, 4), ((1, 6), (6, 6))), ((2, 5), ((1, 6), (6, 6))), ((3, 6), ((1, 6), (6, 6))), ((1, 2), ((1, 1), (1, 6))), ((6, 5), ((1, 6),)), ((6, 5), ((1, 6), (6, 6))), ((5, 6), ((1, 6), (6, 6))), ((4, 1), ()), ((1, 4), ((1, 1),)), ((3, 1), ((6, 6),)), ((1, 3), ((6, 6),)), ((1, 3), ((1, 6), (6, 6))), ((3, 5), ((1, 6), (6, 6))), ((4, 6), ((1, 6), (6, 6))), ((1, 3), ((1, 1), (1, 6))), ((6, 4), ((1, 6),)), ((6, 4), ((1, 6), (6, 6))), ((5, 5), ((1, 6), (6, 6))), ((5, 1), ()), ((1, 5), ((1, 1),)), ((4, 1), ((6, 6),)), ((1, 2), ((6, 6),)), ((1, 2), ((1, 6), (6, 6))), ((4, 5), ((1, 6), (6, 6))), ((1, 4), ((1, 1), (1, 6))), ((6, 3), ((1, 6),)), ((6, 3), ((1, 6), (6, 6))), ((6, 1), ((6, 1),)), ((1, 6), ((1, 1), (1, 6))), ((2, 5), ((1, 1),)), ((5, 1), ((6, 6),)), ((1, 1), ((1, 1), (6, 6))), ((1, 1), ((1, 1), (1, 6), (6, 6))), ((1, 5), ((1, 1), (1, 6))), ((5, 3), ((1, 6),)), ((5, 3), ((1, 6), (6, 6))), ((5, 1), ((6, 1),)), ((2, 6), ((1, 1), (1, 6))), ((2, 6), ((1, 1),)), ((3, 5), ((1, 1),)), ((6, 1), ((6, 1), (6, 6))), ((1, 2), ((1, 1), (6, 6))), ((1, 2), ((1, 1), (1, 6), (6, 6))), ((2, 5), ((1, 1), (1, 6))), ((4, 3), ((1, 6),)), ((4, 3), ((1, 6), (6, 6))), ((4, 1), ((6, 1),)), ((3, 6), ((1, 1), (1, 6))), ((3, 6), ((1, 1),)), ((4, 5), ((1, 1),)), ((5, 1), ((6, 1), (6, 6))), ((1, 3), ((1, 1), (6, 6))), ((1, 3), ((1, 1), (1, 6), (6, 6))), ((3, 5), ((1, 1), (1, 6))), ((3, 3), ((1, 6),)), ((3, 3), ((1, 6), (6, 6))), ((3, 1), ((6, 1),)), ((4, 6), ((1, 1), (1, 6))), ((4, 6), ((1, 1),)), ((5, 5), ((1, 1),)), ((4, 1), ((6, 1), (6, 6))), ((1, 4), ((1, 1), (6, 6))), ((1, 4), ((1, 1), (1, 6), (6, 6))), ((4, 5), ((1, 1), (1, 6))), ((3, 2), ((1, 6),)), ((3, 2), ((1, 6), (6, 6))), ((3, 2), ((6, 1),)), ((5, 6), ((1, 1), (1, 6))), ((5, 6), ((1, 1),)), ((6, 5), ((1, 1),)), ((3, 1), ((6, 1), (6, 6))), ((1, 5), ((1, 1), (6, 6))), ((1, 5), ((1, 1), (1, 6), (6, 6))), ((5, 5), ((1, 1), (1, 6))), ((3, 1), ((1, 6),)), ((3, 1), ((1, 6), (6, 6))), ((3, 3), ((6, 1),)), ((6, 6), ((1, 1), (1, 6), (6, 6))), ((6, 6), ((1, 1), (6, 6))), ((6, 4), ((1, 1),)), ((3, 2), ((6, 1), (6, 6))), ((1, 6), ((1, 1), (1, 6), (6, 6))), ((2, 5), ((1, 1), (6, 6))), ((2, 5), ((1, 1), (1, 6), (6, 6))), ((6, 5), ((1, 1), (1, 6))), ((4, 1), ((1, 6),)), ((4, 1), ((1, 6), (6, 6))), ((4, 3), ((6, 1),)), ((6, 5), ((1, 1), (1, 6), (6, 6))), ((5, 6), ((1, 1), (1, 6), (6, 6))), ((6, 5), ((1, 1), (6, 6))), ((5, 6), ((1, 1), (6, 6))), ((6, 3), ((1, 1),)), ((3, 3), ((6, 1), (6, 6))), ((2, 6), ((1, 1), (1, 6), (6, 6))), ((2, 6), ((1, 1), (6, 6))), ((3, 5), ((1, 1), (6, 6))), ((3, 5), ((1, 1), (1, 6), (6, 6))), ((6, 4), ((1, 1), (1, 6))), ((5, 1), ((1, 6),)), ((5, 1), ((1, 6), (6, 6))), ((5, 3), ((6, 1),)), ((6, 4), ((1, 1), (1, 6), (6, 6))), ((5, 5), ((1, 1), (1, 6), (6, 6))), ((4, 6), ((1, 1), (1, 6), (6, 6))), ((6, 4), ((1, 1), (6, 6))), ((5, 5), ((1, 1), (6, 6))), ((4, 6), ((1, 1), (6, 6))), ((5, 3), ((1, 1),)), ((4, 3), ((6, 1), (6, 6))), ((3, 6), ((1, 1), (1, 6), (6, 6))), ((3, 6), ((1, 1), (6, 6))), ((4, 5), ((1, 1), (6, 6))), ((4, 5), ((1, 1), (1, 6), (6, 6))), ((6, 3), ((1, 1), (1, 6))), ((6, 1), ((1, 6), (6, 1))), ((6, 1), ((1, 6), (6, 1), (6, 6))), ((6, 3), ((6, 1),)), ((6, 3), ((1, 1), (1, 6), (6, 6))), ((6, 3), ((1, 1), (6, 6))), ((4, 3), ((1, 1),)), ((5, 3), ((6, 1), (6, 6))), ((5, 3), ((1, 1), (1, 6))), ((5, 1), ((1, 6), (6, 1))), ((5, 1), ((1, 6), (6, 1), (6, 6))), ((6, 4), ((6, 1),)), ((5, 3), ((1, 1), (1, 6), (6, 6))), ((5, 3), ((1, 1), (6, 6))), ((3, 3), ((1, 1),)), ((6, 3), ((6, 1), (6, 6))), ((4, 3), ((1, 1), (1, 6))), ((4, 1), ((1, 6), (6, 1))), ((4, 1), ((1, 6), (6, 1), (6, 6))), ((6, 5), ((6, 1),)), ((4, 3), ((1, 1), (1, 6), (6, 6))), ((4, 3), ((1, 1), (6, 6))), ((3, 2), ((1, 1),)), ((6, 4), ((6, 1), (6, 6))), ((3, 3), ((1, 1), (1, 6))), ((3, 1), ((1, 6), (6, 1))), ((3, 1), ((1, 6), (6, 1), (6, 6))), ((6, 6), ((6, 1), (6, 6))), ((5, 5), ((6, 1),)), ((3, 3), ((1, 1), (1, 6), (6, 6)))]",23,0,23
205,"((3, 1), ((1, 1),))","((3, 2), ((1, 1),))",South,"[((4, 1), ((1, 1),)) via East]","[((3, 1), ((1, 1),)), ((6, 5), ((6, 1), (6, 6))), ((3, 2), ((1, 1), (1, 6))), ((3, 2), ((1, 6), (6, 1))), ((3, 2), ((1, 6), (6, 1), (6, 6))), ((5, 6), ((6, 1), (6, 6))), ((5, 6), ((6, 1),)), ((4, 5), ((6, 1),)), ((3, 2), ((1, 1), (1, 6), (6, 6))), ((3, 2), ((1, 1), (6, 6)))]","[((6, 5), ((6, 1), (6, 6))), ((3, 2), ((1, 1), (1, 6))), ((3, 2), ((1, 6), (6, 1))), ((3, 2), ((1, 6), (6, 1), (6, 6))), ((5, 6), ((6, 1), (6, 6))), ((5, 6), ((6, 1),)), ((4, 5), ((6, 1),)), ((3, 2), ((1, 1), (1, 6), (6, 6))), ((3, 2), ((1, 1), (6, 6))), ((4, 1), ((1, 1),))]","[((4, 5), ()), ((4, 6), ()), ((5, 5), ()), ((3, 5), ()), ((5, 6), ()), ((3, 6), ()), ((6, 5), ()), ((2, 5), ()), ((6, 6), ((6, 6),)), ((2, 6), ()), ((6, 4), ()), ((1, 5), ()), ((6, 5), ((6, 6),)), ((5, 6), ((6, 6),)), ((1, 6), ((1, 6),)), ((6, 3), ()), ((1, 4), ()), ((6, 4), ((6, 6),)), ((5, 5), ((6, 6),)), ((4, 6), ((6, 6),)), ((1, 5), ((1, 6),)), ((2, 6), ((1, 6),)), ((5, 3), ()), ((1, 3), ()), ((6, 3), ((6, 6),)), ((4, 5), ((6, 6),)), ((3, 6), ((6, 6),)), ((1, 4), ((1, 6),)), ((2, 5), ((1, 6),)), ((3, 6), ((1, 6),)), ((4, 3), ()), ((1, 2), ()), ((5, 3), ((6, 6),)), ((3, 5), ((6, 6),)), ((2, 6), ((6, 6),)), ((1, 3), ((1, 6),)), ((3, 5), ((1, 6),)), ((4, 6), ((1, 6),)), ((3, 3), ()), ((1, 1), ((1, 1),)), ((4, 3), ((6, 6),)), ((2, 5), ((6, 6),)), ((1, 6), ((1, 6), (6, 6))), ((1, 2), ((1, 6),)), ((4, 5), ((1, 6),)), ((5, 6), ((1, 6),)), ((3, 2), ()), ((1, 2), ((1, 1),)), ((3, 3), ((6, 6),)), ((1, 5), ((6, 6),)), ((1, 5), ((1, 6), (6, 6))), ((2, 6), ((1, 6), (6, 6))), ((1, 1), ((1, 1), (1, 6))), ((5, 5), ((1, 6),)), ((6, 6), ((1, 6), (6, 6))), ((3, 1), ()), ((1, 3), ((1, 1),)), ((3, 2), ((6, 6),)), ((1, 4), ((6, 6),)), ((1, 4), ((1, 6), (6, 6))), ((2, 5), ((1, 6), (6, 6))), ((3, 6), ((1, 6), (6, 6))), ((1, 2), ((1, 1), (1, 6))), ((6, 5), ((1, 6),)), ((6, 5), ((1, 6), (6, 6))), ((5, 6), ((1, 6), (6, 6))), ((4, 1), ()), ((1, 4), ((1, 1),)), ((3, 1), ((6, 6),)), ((1, 3), ((6, 6),)), ((1, 3), ((1, 6), (6, 6))), ((3, 5), ((1, 6), (6, 6))), ((4, 6), ((1, 6), (6, 6))), ((1, 3), ((1, 1), (1, 6))), ((6, 4), ((1, 6),)), ((6, 4), ((1, 6), (6, 6))), ((5, 5), ((1, 6), (6, 6))), ((5, 1), ()), ((1, 5), ((1, 1),)), ((4, 1), ((6, 6),)), ((1, 2), ((6, 6),)), ((1, 2), ((1, 6), (6, 6))), ((4, 5), ((1, 6), (6, 6))), ((1, 4), ((1, 1), (1, 6))), ((6, 3), ((1, 6),)), ((6, 3), ((1, 6), (6, 6))), ((6, 1), ((6, 1),)), ((1, 6), ((1, 1), (1, 6))), ((2, 5), ((1, 1),)), ((5, 1), ((6, 6),)), ((1, 1), ((1, 1), (6, 6))), ((1, 1), ((1, 1), (1, 6), (6, 6))), ((1, 5), ((1, 1), (1, 6))), ((5, 3), ((1, 6),)), ((5, 3), ((1, 6), (6, 6))), ((5, 1), ((6, 1),)), ((2, 6), ((1, 1), (1, 6))), ((2, 6), ((1, 1),)), ((3, 5), ((1, 1),)), ((6, 1), ((6, 1), (6, 6))), ((1, 2), ((1, 1), (6, 6))), ((1, 2), ((1, 1), (1, 6), (6, 6))), ((2, 5), ((1, 1), (1, 6))), ((4, 3), ((1, 6),)), ((4, 3), ((1, 6), (6, 6))), ((4, 1), ((6, 1),)), ((3, 6), ((1, 1), (1, 6))), ((3, 6), ((1, 1),)), ((4, 5), ((1, 1),)), ((5, 1), ((6, 1), (6, 6))), ((1, 3), ((1, 1), (6, 6))), ((1, 3), ((1, 1), (1, 6), (6, 6))), ((3, 5), ((1, 1), (1, 6))), ((3, 3), ((1, 6),)), ((3, 3), ((1, 6), (6, 6))), ((3, 1), ((6, 1),)), ((4, 6), ((1, 1), (1, 6))), ((4, 6), ((1, 1),)), ((5, 5), ((1, 1),)), ((4, 1), ((6, 1), (6, 6))), ((1, 4), ((1, 1), (6, 6))), ((1, 4), ((1, 1), (1, 6), (6, 6))), ((4, 5), ((1, 1), (1, 6))), ((3, 2), ((1, 6),)), ((3, 2), ((1, 6), (6, 6))), ((3, 2), ((6, 1),)), ((5, 6), ((1, 1), (1, 6))), ((5, 6), ((1, 1),)), ((6, 5), ((1, 1),)), ((3, 1), ((6, 1), (6, 6))), ((1, 5), ((1, 1), (6, 6))), ((1, 5), ((1, 1), (1, 6), (6, 6))), ((5, 5), ((1, 1), (1, 6))), ((3, 1), ((1, 6),)), ((3, 1), ((1, 6), (6, 6))), ((3, 3), ((6, 1),)), ((6, 6), ((1, 1), (1, 6), (6, 6))), ((6, 6), ((1, 1), (6, 6))), ((6, 4), ((1, 1),)), ((3, 2), ((6, 1), (6, 6))), ((1, 6), ((1, 1), (1, 6), (6, 6))), ((2, 5), ((1, 1), (6, 6))), ((2, 5), ((1, 1), (1, 6), (6, 6))), ((6, 5), ((1, 1), (1, 6))), ((4, 1), ((1, 6),)), ((4, 1), ((1, 6), (6, 6))), ((4, 3), ((6, 1),)), ((6, 5), ((1, 1), (1, 6), (6, 6))), ((5, 6), ((1, 1), (1, 6), (6, 6))), ((6, 5), ((1, 1), (6, 6))), ((5, 6), ((1, 1), (6, 6))), ((6, 3), ((1, 1),)), ((3, 3), ((6, 1), (6, 6))), ((2, 6), ((1, 1), (1, 6), (6, 6))), ((2, 6), ((1, 1), (6, 6))), ((3, 5), ((1, 1), (6, 6))), ((3, 5), ((1, 1), (1, 6), (6, 6))), ((6, 4), ((1, 1), (1, 6))), ((5, 1), ((1, 6),)), ((5, 1), ((1, 6), (6, 6))), ((5, 3), ((6, 1),)), ((6, 4), ((1, 1), (1, 6), (6, 6))), ((5, 5), ((1, 1), (1, 6), (6, 6))), ((4, 6), ((1, 1), (1, 6), (6, 6))), ((6, 4), ((1, 1), (6, 6))), ((5, 5), ((1, 1), (6, 6))), ((4, 6), ((1, 1), (6, 6))), ((5, 3), ((1, 1),)), ((4, 3), ((6, 1), (6, 6))), ((3, 6), ((1, 1), (1, 6), (6, 6))), ((3, 6), ((1, 1), (6, 6))), ((4, 5), ((1, 1), (6, 6))), ((4, 5), ((1, 1), (1, 6), (6, 6))), ((6, 3), ((1, 1), (1, 6))), ((6, 1), ((1, 6), (6, 1))), ((6, 1), ((1, 6), (6, 1), (6, 6))), ((6, 3), ((6, 1),)), ((6, 3), ((1, 1), (1, 6), (6, 6))), ((6, 3), ((1, 1), (6, 6))), ((4, 3), ((1, 1),)), ((5, 3), ((6, 1), (6, 6))), ((5, 3), ((1, 1), (1, 6))), ((5, 1), ((1, 6), (6, 1))), ((5, 1), ((1, 6), (6, 1), (6, 6))), ((6, 4), ((6, 1),)), ((5, 3), ((1, 1), (1, 6), (6, 6))), ((5, 3), ((1, 1), (6, 6))), ((3, 3), ((1, 1),)), ((6, 3), ((6, 1), (6, 6))), ((4, 3), ((1, 1), (1, 6))), ((4, 1), ((1, 6), (6, 1))), ((4, 1), ((1, 6), (6, 1), (6, 6))), ((6, 5), ((6, 1),)), ((4, 3), ((1, 1), (1, 6), (6, 6))), ((4, 3), ((1, 1), (6, 6))), ((3, 2), ((1, 1),)), ((6, 4), ((6, 1), (6, 6))), ((3, 3), ((1, 1), (1, 6))), ((3, 1), ((1, 6), (6, 1))), ((3, 1), ((1, 6), (6, 1), (6, 6))), ((6, 6), ((6, 1), (6, 6))), ((5, 5), ((6, 1),)), ((3, 3), ((1, 1), (1, 6), (6, 6))), ((3, 3), ((1, 1), (6, 6)))]",23,0,23
206,"((6, 5), ((6, 1), (6, 6)))","((6, 4), ((6, 1), (6, 6)))",North,"[((5, 5), ((6, 1), (6, 6))) via West]","[((6, 5), ((6, 1), (6, 6))), ((3, 2), ((1, 1), (1, 6))), ((3, 2), ((1, 6), (6, 1))), ((3, 2), ((1, 6), (6, 1), (6, 6))), ((5, 6), ((6, 1), (6, 6))), ((5, 6), ((6, 1),)), ((4, 5), ((6, 1),)), ((3, 2), ((1, 1), (1, 6), (6, 6))), ((3, 2), ((1, 1), (6, 6))), ((4, 1), ((1, 1),))]","[((3, 2), ((1, 1), (1, 6))), ((3, 2), ((1, 6), (6, 1))), ((3, 2), ((1, 6), (6, 1), (6, 6))), ((5, 6), ((6, 1), (6, 6))), ((5, 6), ((6, 1),)), ((4, 5), ((6, 1),)), ((3, 2), ((1, 1), (1, 6), (6, 6))), ((3, 2), ((1, 1), (6, 6))), ((4, 1), ((1, 1),)), ((5, 5), ((6, 1), (6, 6)))]","[((4, 5), ()), ((4, 6), ()), ((5, 5), ()), ((3, 5), ()), ((5, 6), ()), ((3, 6), ()), ((6, 5), ()), ((2, 5), ()), ((6, 6), ((6, 6),)), ((2, 6), ()), ((6, 4), ()), ((1, 5), ()), ((6, 5), ((6, 6),)), ((5, 6), ((6, 6),)), ((1, 6), ((1, 6),)), ((6, 3), ()), ((1, 4), ()), ((6, 4), ((6, 6),)), ((5, 5), ((6, 6),)), ((4, 6), ((6, 6),)), ((1, 5), ((1, 6),)), ((2, 6), ((1, 6),)), ((5, 3), ()), ((1, 3), ()), ((6, 3), ((6, 6),)), ((4, 5), ((6, 6),)), ((3, 6), ((6, 6),)), ((1, 4), ((1, 6),)), ((2, 5), ((1, 6),)), ((3, 6), ((1, 6),)), ((4, 3), ()), ((1, 2), ()), ((5, 3), ((6, 6),)), ((3, 5), ((6, 6),)), ((2, 6), ((6, 6),)), ((1, 3), ((1, 6),)), ((3, 5), ((1, 6),)), ((4, 6), ((1, 6),)), ((3, 3), ()), ((1, 1), ((1, 1),)), ((4, 3), ((6, 6),)), ((2, 5), ((6, 6),)), ((1, 6), ((1, 6), (6, 6))), ((1, 2), ((1, 6),)), ((4, 5), ((1, 6),)), ((5, 6), ((1, 6),)), ((3, 2), ()), ((1, 2), ((1, 1),)), ((3, 3), ((6, 6),)), ((1, 5), ((6, 6),)), ((1, 5), ((1, 6), (6, 6))), ((2, 6), ((1, 6), (6, 6))), ((1, 1), ((1, 1), (1, 6))), ((5, 5), ((1, 6),)), ((6, 6), ((1, 6), (6, 6))), ((3, 1), ()), ((1, 3), ((1, 1),)), ((3, 2), ((6, 6),)), ((1, 4), ((6, 6),)), ((1, 4), ((1, 6), (6, 6))), ((2, 5), ((1, 6), (6, 6))), ((3, 6), ((1, 6), (6, 6))), ((1, 2), ((1, 1), (1, 6))), ((6, 5), ((1, 6),)), ((6, 5), ((1, 6), (6, 6))), ((5, 6), ((1, 6), (6, 6))), ((4, 1), ()), ((1, 4), ((1, 1),)), ((3, 1), ((6, 6),)), ((1, 3), ((6, 6),)), ((1, 3), ((1, 6), (6, 6))), ((3, 5), ((1, 6), (6, 6))), ((4, 6), ((1, 6), (6, 6))), ((1, 3), ((1, 1), (1, 6))), ((6, 4), ((1, 6),)), ((6, 4), ((1, 6), (6, 6))), ((5, 5), ((1, 6), (6, 6))), ((5, 1), ()), ((1, 5), ((1, 1),)), ((4, 1), ((6, 6),)), ((1, 2), ((6, 6),)), ((1, 2), ((1, 6), (6, 6))), ((4, 5), ((1, 6), (6, 6))), ((1, 4), ((1, 1), (1, 6))), ((6, 3), ((1, 6),)), ((6, 3), ((1, 6), (6, 6))), ((6, 1), ((6, 1),)), ((1, 6), ((1, 1), (1, 6))), ((2, 5), ((1, 1),)), ((5, 1), ((6, 6),)), ((1, 1), ((1, 1), (6, 6))), ((1, 1), ((1, 1), (1, 6), (6, 6))), ((1, 5), ((1, 1), (1, 6))), ((5, 3), ((1, 6),)), ((5, 3), ((1, 6), (6, 6))), ((5, 1), ((6, 1),)), ((2, 6), ((1, 1), (1, 6))), ((2, 6), ((1, 1),)), ((3, 5), ((1, 1),)), ((6, 1), ((6, 1), (6, 6))), ((1, 2), ((1, 1), (6, 6))), ((1, 2), ((1, 1), (1, 6), (6, 6))), ((2, 5), ((1, 1), (1, 6))), ((4, 3), ((1, 6),)), ((4, 3), ((1, 6), (6, 6))), ((4, 1), ((6, 1),)), ((3, 6), ((1, 1), (1, 6))), ((3, 6), ((1, 1),)), ((4, 5), ((1, 1),)), ((5, 1), ((6, 1), (6, 6))), ((1, 3), ((1, 1), (6, 6))), ((1, 3), ((1, 1), (1, 6), (6, 6))), ((3, 5), ((1, 1), (1, 6))), ((3, 3), ((1, 6),)), ((3, 3), ((1, 6), (6, 6))), ((3, 1), ((6, 1),)), ((4, 6), ((1, 1), (1, 6))), ((4, 6), ((1, 1),)), ((5, 5), ((1, 1),)), ((4, 1), ((6, 1), (6, 6))), ((1, 4), ((1, 1), (6, 6))), ((1, 4), ((1, 1), (1, 6), (6, 6))), ((4, 5), ((1, 1), (1, 6))), ((3, 2), ((1, 6),)), ((3, 2), ((1, 6), (6, 6))), ((3, 2), ((6, 1),)), ((5, 6), ((1, 1), (1, 6))), ((5, 6), ((1, 1),)), ((6, 5), ((1, 1),)), ((3, 1), ((6, 1), (6, 6))), ((1, 5), ((1, 1), (6, 6))), ((1, 5), ((1, 1), (1, 6), (6, 6))), ((5, 5), ((1, 1), (1, 6))), ((3, 1), ((1, 6),)), ((3, 1), ((1, 6), (6, 6))), ((3, 3), ((6, 1),)), ((6, 6), ((1, 1), (1, 6), (6, 6))), ((6, 6), ((1, 1), (6, 6))), ((6, 4), ((1, 1),)), ((3, 2), ((6, 1), (6, 6))), ((1, 6), ((1, 1), (1, 6), (6, 6))), ((2, 5), ((1, 1), (6, 6))), ((2, 5), ((1, 1), (1, 6), (6, 6))), ((6, 5), ((1, 1), (1, 6))), ((4, 1), ((1, 6),)), ((4, 1), ((1, 6), (6, 6))), ((4, 3), ((6, 1),)), ((6, 5), ((1, 1), (1, 6), (6, 6))), ((5, 6), ((1, 1), (1, 6), (6, 6))), ((6, 5), ((1, 1), (6, 6))), ((5, 6), ((1, 1), (6, 6))), ((6, 3), ((1, 1),)), ((3, 3), ((6, 1), (6, 6))), ((2, 6), ((1, 1), (1, 6), (6, 6))), ((2, 6), ((1, 1), (6, 6))), ((3, 5), ((1, 1), (6, 6))), ((3, 5), ((1, 1), (1, 6), (6, 6))), ((6, 4), ((1, 1), (1, 6))), ((5, 1), ((1, 6),)), ((5, 1), ((1, 6), (6, 6))), ((5, 3), ((6, 1),)), ((6, 4), ((1, 1), (1, 6), (6, 6))), ((5, 5), ((1, 1), (1, 6), (6, 6))), ((4, 6), ((1, 1), (1, 6), (6, 6))), ((6, 4), ((1, 1), (6, 6))), ((5, 5), ((1, 1), (6, 6))), ((4, 6), ((1, 1), (6, 6))), ((5, 3), ((1, 1),)), ((4, 3), ((6, 1), (6, 6))), ((3, 6), ((1, 1), (1, 6), (6, 6))), ((3, 6), ((1, 1), (6, 6))), ((4, 5), ((1, 1), (6, 6))), ((4, 5), ((1, 1), (1, 6), (6, 6))), ((6, 3), ((1, 1), (1, 6))), ((6, 1), ((1, 6), (6, 1))), ((6, 1), ((1, 6), (6, 1), (6, 6))), ((6, 3), ((6, 1),)), ((6, 3), ((1, 1), (1, 6), (6, 6))), ((6, 3), ((1, 1), (6, 6))), ((4, 3), ((1, 1),)), ((5, 3), ((6, 1), (6, 6))), ((5, 3), ((1, 1), (1, 6))), ((5, 1), ((1, 6), (6, 1))), ((5, 1), ((1, 6), (6, 1), (6, 6))), ((6, 4), ((6, 1),)), ((5, 3), ((1, 1), (1, 6), (6, 6))), ((5, 3), ((1, 1), (6, 6))), ((3, 3), ((1, 1),)), ((6, 3), ((6, 1), (6, 6))), ((4, 3), ((1, 1), (1, 6))), ((4, 1), ((1, 6), (6, 1))), ((4, 1), ((1, 6), (6, 1), (6, 6))), ((6, 5), ((6, 1),)), ((4, 3), ((1, 1), (1, 6), (6, 6))), ((4, 3), ((1, 1), (6, 6))), ((3, 2), ((1, 1),)), ((6, 4), ((6, 1), (6, 6))), ((3, 3), ((1, 1), (1, 6))), ((3, 1), ((1, 6), (6, 1))), ((3, 1), ((1, 6), (6, 1), (6, 6))), ((6, 6), ((6, 1), (6, 6))), ((5, 5), ((6, 1),)), ((3, 3), ((1, 1), (1, 6), (6, 6))), ((3, 3), ((1, 1), (6, 6))), ((3, 1), ((1, 1),))]",24,0,24
207,"((3, 2), ((1, 1), (1, 6)))","((3, 3), ((1, 1), (1, 6)))",South,"[((3, 1), ((1, 1), (1, 6))) via South]","[((3, 2), ((1, 1), (1, 6))), ((3, 2), ((1, 6), (6, 1))), ((3, 2), ((1, 6), (6, 1), (6, 6))), ((5, 6), ((6, 1), (6, 6))), ((5, 6), ((6, 1),)), ((4, 5), ((6, 1),)), ((3, 2), ((1, 1), (1, 6), (6, 6))), ((3, 2), ((1, 1), (6, 6))), ((4, 1), ((1, 1),)), ((5, 5), ((6, 1), (6, 6)))]","[((3, 2), ((1, 6), (6, 1))), ((3, 2), ((1, 6), (6, 1), (6, 6))), ((5, 6), ((6, 1), (6, 6))), ((5, 6), ((6, 1),)), ((4, 5), ((6, 1),)), ((3, 2), ((1, 1), (1, 6), (6, 6))), ((3, 2), ((1, 1), (6, 6))), ((4, 1), ((1, 1),)), ((5, 5), ((6, 1), (6, 6))), ((3, 1), ((1, 1), (1, 6)))]","[((4, 5), ()), ((4, 6), ()), ((5, 5), ()), ((3, 5), ()), ((5, 6), ()), ((3, 6), ()), ((6, 5), ()), ((2, 5), ()), ((6, 6), ((6, 6),)), ((2, 6), ()), ((6, 4), ()), ((1, 5), ()), ((6, 5), ((6, 6),)), ((5, 6), ((6, 6),)), ((1, 6), ((1, 6),)), ((6, 3), ()), ((1, 4), ()), ((6, 4), ((6, 6),)), ((5, 5), ((6, 6),)), ((4, 6), ((6, 6),)), ((1, 5), ((1, 6),)), ((2, 6), ((1, 6),)), ((5, 3), ()), ((1, 3), ()), ((6, 3), ((6, 6),)), ((4, 5), ((6, 6),)), ((3, 6), ((6, 6),)), ((1, 4), ((1, 6),)), ((2, 5), ((1, 6),)), ((3, 6), ((1, 6),)), ((4, 3), ()), ((1, 2), ()), ((5, 3), ((6, 6),)), ((3, 5), ((6, 6),)), ((2, 6), ((6, 6),)), ((1, 3), ((1, 6),)), ((3, 5), ((1, 6),)), ((4, 6), ((1, 6),)), ((3, 3), ()), ((1, 1), ((1, 1),)), ((4, 3), ((6, 6),)), ((2, 5), ((6, 6),)), ((1, 6), ((1, 6), (6, 6))), ((1, 2), ((1, 6),)), ((4, 5), ((1, 6),)), ((5, 6), ((1, 6),)), ((3, 2), ()), ((1, 2), ((1, 1),)), ((3, 3), ((6, 6),)), ((1, 5), ((6, 6),)), ((1, 5), ((1, 6), (6, 6))), ((2, 6), ((1, 6), (6, 6))), ((1, 1), ((1, 1), (1, 6))), ((5, 5), ((1, 6),)), ((6, 6), ((1, 6), (6, 6))), ((3, 1), ()), ((1, 3), ((1, 1),)), ((3, 2), ((6, 6),)), ((1, 4), ((6, 6),)), ((1, 4), ((1, 6), (6, 6))), ((2, 5), ((1, 6), (6, 6))), ((3, 6), ((1, 6), (6, 6))), ((1, 2), ((1, 1), (1, 6))), ((6, 5), ((1, 6),)), ((6, 5), ((1, 6), (6, 6))), ((5, 6), ((1, 6), (6, 6))), ((4, 1), ()), ((1, 4), ((1, 1),)), ((3, 1), ((6, 6),)), ((1, 3), ((6, 6),)), ((1, 3), ((1, 6), (6, 6))), ((3, 5), ((1, 6), (6, 6))), ((4, 6), ((1, 6), (6, 6))), ((1, 3), ((1, 1), (1, 6))), ((6, 4), ((1, 6),)), ((6, 4), ((1, 6), (6, 6))), ((5, 5), ((1, 6), (6, 6))), ((5, 1), ()), ((1, 5), ((1, 1),)), ((4, 1), ((6, 6),)), ((1, 2), ((6, 6),)), ((1, 2), ((1, 6), (6, 6))), ((4, 5), ((1, 6), (6, 6))), ((1, 4), ((1, 1), (1, 6))), ((6, 3), ((1, 6),)), ((6, 3), ((1, 6), (6, 6))), ((6, 1), ((6, 1),)), ((1, 6), ((1, 1), (1, 6))), ((2, 5), ((1, 1),)), ((5, 1), ((6, 6),)), ((1, 1), ((1, 1), (6, 6))), ((1, 1), ((1, 1), (1, 6), (6, 6))), ((1, 5), ((1, 1), (1, 6))), ((5, 3), ((1, 6),)), ((5, 3), ((1, 6), (6, 6))), ((5, 1), ((6, 1),)), ((2, 6), ((1, 1), (1, 6))), ((2, 6), ((1, 1),)), ((3, 5), ((1, 1),)), ((6, 1), ((6, 1), (6, 6))), ((1, 2), ((1, 1), (6, 6))), ((1, 2), ((1, 1), (1, 6), (6, 6))), ((2, 5), ((1, 1), (1, 6))), ((4, 3), ((1, 6),)), ((4, 3), ((1, 6), (6, 6))), ((4, 1), ((6, 1),)), ((3, 6), ((1, 1), (1, 6))), ((3, 6), ((1, 1),)), ((4, 5), ((1, 1),)), ((5, 1), ((6, 1), (6, 6))), ((1, 3), ((1, 1), (6, 6))), ((1, 3), ((1, 1), (1, 6), (6, 6))), ((3, 5), ((1, 1), (1, 6))), ((3, 3), ((1, 6),)), ((3, 3), ((1, 6), (6, 6))), ((3, 1), ((6, 1),)), ((4, 6), ((1, 1), (1, 6))), ((4, 6), ((1, 1),)), ((5, 5), ((1, 1),)), ((4, 1), ((6, 1), (6, 6))), ((1, 4), ((1, 1), (6, 6))), ((1, 4), ((1, 1), (1, 6), (6, 6))), ((4, 5), ((1, 1), (1, 6))), ((3, 2), ((1, 6),)), ((3, 2), ((1, 6), (6, 6))), ((3, 2), ((6, 1),)), ((5, 6), ((1, 1), (1, 6))), ((5, 6), ((1, 1),)), ((6, 5), ((1, 1),)), ((3, 1), ((6, 1), (6, 6))), ((1, 5), ((1, 1), (6, 6))), ((1, 5), ((1, 1), (1, 6), (6, 6))), ((5, 5), ((1, 1), (1, 6))), ((3, 1), ((1, 6),)), ((3, 1), ((1, 6), (6, 6))), ((3, 3), ((6, 1),)), ((6, 6), ((1, 1), (1, 6), (6, 6))), ((6, 6), ((1, 1), (6, 6))), ((6, 4), ((1, 1),)), ((3, 2), ((6, 1), (6, 6))), ((1, 6), ((1, 1), (1, 6), (6, 6))), ((2, 5), ((1, 1), (6, 6))), ((2, 5), ((1, 1), (1, 6), (6, 6))), ((6, 5), ((1, 1), (1, 6))), ((4, 1), ((1, 6),)), ((4, 1), ((1, 6), (6, 6))), ((4, 3), ((6, 1),)), ((6, 5), ((1, 1), (1, 6), (6, 6))), ((5, 6), ((1, 1), (1, 6), (6, 6))), ((6, 5), ((1, 1), (6, 6))), ((5, 6), ((1, 1), (6, 6))), ((6, 3), ((1, 1),)), ((3, 3), ((6, 1), (6, 6))), ((2, 6), ((1, 1), (1, 6), (6, 6))), ((2, 6), ((1, 1), (6, 6))), ((3, 5), ((1, 1), (6, 6))), ((3, 5), ((1, 1), (1, 6), (6, 6))), ((6, 4), ((1, 1), (1, 6))), ((5, 1), ((1, 6),)), ((5, 1), ((1, 6), (6, 6))), ((5, 3), ((6, 1),)), ((6, 4), ((1, 1), (1, 6), (6, 6))), ((5, 5), ((1, 1), (1, 6), (6, 6))), ((4, 6), ((1, 1), (1, 6), (6, 6))), ((6, 4), ((1, 1), (6, 6))), ((5, 5), ((1, 1), (6, 6))), ((4, 6), ((1, 1), (6, 6))), ((5, 3), ((1, 1),)), ((4, 3), ((6, 1), (6, 6))), ((3, 6), ((1, 1), (1, 6), (6, 6))), ((3, 6), ((1, 1), (6, 6))), ((4, 5), ((1, 1), (6, 6))), ((4, 5), ((1, 1), (1, 6), (6, 6))), ((6, 3), ((1, 1), (1, 6))), ((6, 1), ((1, 6), (6, 1))), ((6, 1), ((1, 6), (6, 1), (6, 6))), ((6, 3), ((6, 1),)), ((6, 3), ((1, 1), (1, 6), (6, 6))), ((6, 3), ((1, 1), (6, 6))), ((4, 3), ((1, 1),)), ((5, 3), ((6, 1), (6, 6))), ((5, 3), ((1, 1), (1, 6))), ((5, 1), ((1, 6), (6, 1))), ((5, 1), ((1, 6), (6, 1), (6, 6))), ((6, 4), ((6, 1),)), ((5, 3), ((1, 1), (1, 6), (6, 6))), ((5, 3), ((1, 1), (6, 6))), ((3, 3), ((1, 1),)), ((6, 3), ((6, 1), (6, 6))), ((4, 3), ((1, 1), (1, 6))), ((4, 1), ((1, 6), (6, 1))), ((4, 1), ((1, 6), (6, 1), (6, 6))), ((6, 5), ((6, 1),)), ((4, 3), ((1, 1), (1, 6), (6, 6))), ((4, 3), ((1, 1), (6, 6))), ((3, 2), ((1, 1),)), ((6, 4), ((6, 1), (6, 6))), ((3, 3), ((1, 1), (1, 6))), ((3, 1), ((1, 6), (6, 1))), ((3, 1), ((1, 6), (6, 1), (6, 6))), ((6, 6), ((6, 1), (6, 6))), ((5, 5), ((6, 1),)), ((3, 3), ((1, 1), (1, 6), (6, 6))), ((3, 3), ((1, 1), (6, 6))), ((3, 1), ((1, 1),)), ((6, 5), ((6, 1), (6, 6)))]",24,0,24
208,"((3, 2), ((1, 6), (6, 1)))","((3, 1), ((1, 6), (6, 1)))",North,"[((3, 3), ((1, 6), (6, 1))) via North]","[((3, 2), ((1, 6), (6, 1))), ((3, 2), ((1, 6), (6, 1), (6, 6))), ((5, 6), ((6, 1), (6, 6))), ((5, 6), ((6, 1),)), ((4, 5), ((6, 1),)), ((3, 2), ((1, 1), (1, 6), (6, 6))), ((3, 2), ((1, 1), (6, 6))), ((4, 1), ((1, 1),)), ((5, 5), ((6, 1), (6, 6))), ((3, 1), ((1, 1), (1, 6)))]","[((3, 2), ((1, 6), (6, 1), (6, 6))), ((5, 6), ((6, 1), (6, 6))), ((5, 6), ((6, 1),)), ((4, 5), ((6, 1),)), ((3, 2), ((1, 1), (1, 6), (6, 6))), ((3, 2), ((1, 1), (6, 6))), ((4, 1), ((1, 1),)), ((5, 5), ((6, 1), (6, 6))), ((3, 1), ((1, 1), (1, 6))), ((3, 3), ((1, 6), (6, 1)))]","[((4, 5), ()), ((4, 6), ()), ((5, 5), ()), ((3, 5), ()), ((5, 6), ()), ((3, 6), ()), ((6, 5), ()), ((2, 5), ()), ((6, 6), ((6, 6),)), ((2, 6), ()), ((6, 4), ()), ((1, 5), ()), ((6, 5), ((6, 6),)), ((5, 6), ((6, 6),)), ((1, 6), ((1, 6),)), ((6, 3), ()), ((1, 4), ()), ((6, 4), ((6, 6),)), ((5, 5), ((6, 6),)), ((4, 6), ((6, 6),)), ((1, 5), ((1, 6),)), ((2, 6), ((1, 6),)), ((5, 3), ()), ((1, 3), ()), ((6, 3), ((6, 6),)), ((4, 5), ((6, 6),)), ((3, 6), ((6, 6),)), ((1, 4), ((1, 6),)), ((2, 5), ((1, 6),)), ((3, 6), ((1, 6),)), ((4, 3), ()), ((1, 2), ()), ((5, 3), ((6, 6),)), ((3, 5), ((6, 6),)), ((2, 6), ((6, 6),)), ((1, 3), ((1, 6),)), ((3, 5), ((1, 6),)), ((4, 6), ((1, 6),)), ((3, 3), ()), ((1, 1), ((1, 1),)), ((4, 3), ((6, 6),)), ((2, 5), ((6, 6),)), ((1, 6), ((1, 6), (6, 6))), ((1, 2), ((1, 6),)), ((4, 5), ((1, 6),)), ((5, 6), ((1, 6),)), ((3, 2), ()), ((1, 2), ((1, 1),)), ((3, 3), ((6, 6),)), ((1, 5), ((6, 6),)), ((1, 5), ((1, 6), (6, 6))), ((2, 6), ((1, 6), (6, 6))), ((1, 1), ((1, 1), (1, 6))), ((5, 5), ((1, 6),)), ((6, 6), ((1, 6), (6, 6))), ((3, 1), ()), ((1, 3), ((1, 1),)), ((3, 2), ((6, 6),)), ((1, 4), ((6, 6),)), ((1, 4), ((1, 6), (6, 6))), ((2, 5), ((1, 6), (6, 6))), ((3, 6), ((1, 6), (6, 6))), ((1, 2), ((1, 1), (1, 6))), ((6, 5), ((1, 6),)), ((6, 5), ((1, 6), (6, 6))), ((5, 6), ((1, 6), (6, 6))), ((4, 1), ()), ((1, 4), ((1, 1),)), ((3, 1), ((6, 6),)), ((1, 3), ((6, 6),)), ((1, 3), ((1, 6), (6, 6))), ((3, 5), ((1, 6), (6, 6))), ((4, 6), ((1, 6), (6, 6))), ((1, 3), ((1, 1), (1, 6))), ((6, 4), ((1, 6),)), ((6, 4), ((1, 6), (6, 6))), ((5, 5), ((1, 6), (6, 6))), ((5, 1), ()), ((1, 5), ((1, 1),)), ((4, 1), ((6, 6),)), ((1, 2), ((6, 6),)), ((1, 2), ((1, 6), (6, 6))), ((4, 5), ((1, 6), (6, 6))), ((1, 4), ((1, 1), (1, 6))), ((6, 3), ((1, 6),)), ((6, 3), ((1, 6), (6, 6))), ((6, 1), ((6, 1),)), ((1, 6), ((1, 1), (1, 6))), ((2, 5), ((1, 1),)), ((5, 1), ((6, 6),)), ((1, 1), ((1, 1), (6, 6))), ((1, 1), ((1, 1), (1, 6), (6, 6))), ((1, 5), ((1, 1), (1, 6))), ((5, 3), ((1, 6),)), ((5, 3), ((1, 6), (6, 6))), ((5, 1), ((6, 1),)), ((2, 6), ((1, 1), (1, 6))), ((2, 6), ((1, 1),)), ((3, 5), ((1, 1),)), ((6, 1), ((6, 1), (6, 6))), ((1, 2), ((1, 1), (6, 6))), ((1, 2), ((1, 1), (1, 6), (6, 6))), ((2, 5), ((1, 1), (1, 6))), ((4, 3), ((1, 6),)), ((4, 3), ((1, 6), (6, 6))), ((4, 1), ((6, 1),)), ((3, 6), ((1, 1), (1, 6))), ((3, 6), ((1, 1),)), ((4, 5), ((1, 1),)), ((5, 1), ((6, 1), (6, 6))), ((1, 3), ((1, 1), (6, 6))), ((1, 3), ((1, 1), (1, 6), (6, 6))), ((3, 5), ((1, 1), (1, 6))), ((3, 3), ((1, 6),)), ((3, 3), ((1, 6), (6, 6))), ((3, 1), ((6, 1),)), ((4, 6), ((1, 1), (1, 6))), ((4, 6), ((1, 1),)), ((5, 5), ((1, 1),)), ((4, 1), ((6, 1), (6, 6))), ((1, 4), ((1, 1), (6, 6))), ((1, 4), ((1, 1), (1, 6), (6, 6))), ((4, 5), ((1, 1), (1, 6))), ((3, 2), ((1, 6),)), ((3, 2), ((1, 6), (6, 6))), ((3, 2), ((6, 1),)), ((5, 6), ((1, 1), (1, 6))), ((5, 6), ((1, 1),)), ((6, 5), ((1, 1),)), ((3, 1), ((6, 1), (6, 6))), ((1, 5), ((1, 1), (6, 6))), ((1, 5), ((1, 1), (1, 6), (6, 6))), ((5, 5), ((1, 1), (1, 6))), ((3, 1), ((1, 6),)), ((3, 1), ((1, 6), (6, 6))), ((3, 3), ((6, 1),)), ((6, 6), ((1, 1), (1, 6), (6, 6))), ((6, 6), ((1, 1), (6, 6))), ((6, 4), ((1, 1),)), ((3, 2), ((6, 1), (6, 6))), ((1, 6), ((1, 1), (1, 6), (6, 6))), ((2, 5), ((1, 1), (6, 6))), ((2, 5), ((1, 1), (1, 6), (6, 6))), ((6, 5), ((1, 1), (1, 6))), ((4, 1), ((1, 6),)), ((4, 1), ((1, 6), (6, 6))), ((4, 3), ((6, 1),)), ((6, 5), ((1, 1), (1, 6), (6, 6))), ((5, 6), ((1, 1), (1, 6), (6, 6))), ((6, 5), ((1, 1), (6, 6))), ((5, 6), ((1, 1), (6, 6))), ((6, 3), ((1, 1),)), ((3, 3), ((6, 1), (6, 6))), ((2, 6), ((1, 1), (1, 6), (6, 6))), ((2, 6), ((1, 1), (6, 6))), ((3, 5), ((1, 1), (6, 6))), ((3, 5), ((1, 1), (1, 6), (6, 6))), ((6, 4), ((1, 1), (1, 6))), ((5, 1), ((1, 6),)), ((5, 1), ((1, 6), (6, 6))), ((5, 3), ((6, 1),)), ((6, 4), ((1, 1), (1, 6), (6, 6))), ((5, 5), ((1, 1), (1, 6), (6, 6))), ((4, 6), ((1, 1), (1, 6), (6, 6))), ((6, 4), ((1, 1), (6, 6))), ((5, 5), ((1, 1), (6, 6))), ((4, 6), ((1, 1), (6, 6))), ((5, 3), ((1, 1),)), ((4, 3), ((6, 1), (6, 6))), ((3, 6), ((1, 1), (1, 6), (6, 6))), ((3, 6), ((1, 1), (6, 6))), ((4, 5), ((1, 1), (6, 6))), ((4, 5), ((1, 1), (1, 6), (6, 6))), ((6, 3), ((1, 1), (1, 6))), ((6, 1), ((1, 6), (6, 1))), ((6, 1), ((1, 6), (6, 1), (6, 6))), ((6, 3), ((6, 1),)), ((6, 3), ((1, 1), (1, 6), (6, 6))), ((6, 3), ((1, 1), (6, 6))), ((4, 3), ((1, 1),)), ((5, 3), ((6, 1), (6, 6))), ((5, 3), ((1, 1), (1, 6))), ((5, 1), ((1, 6), (6, 1))), ((5, 1), ((1, 6), (6, 1), (6, 6))), ((6, 4), ((6, 1),)), ((5, 3), ((1, 1), (1, 6), (6, 6))), ((5, 3), ((1, 1), (6, 6))), ((3, 3), ((1, 1),)), ((6, 3), ((6, 1), (6, 6))), ((4, 3), ((1, 1), (1, 6))), ((4, 1), ((1, 6), (6, 1))), ((4, 1), ((1, 6), (6, 1), (6, 6))), ((6, 5), ((6, 1),)), ((4, 3), ((1, 1), (1, 6), (6, 6))), ((4, 3), ((1, 1), (6, 6))), ((3, 2), ((1, 1),)), ((6, 4), ((6, 1), (6, 6))), ((3, 3), ((1, 1), (1, 6))), ((3, 1), ((1, 6), (6, 1))), ((3, 1), ((1, 6), (6, 1), (6, 6))), ((6, 6), ((6, 1), (6, 6))), ((5, 5), ((6, 1),)), ((3, 3), ((1, 1), (1, 6), (6, 6))), ((3, 3), ((1, 1), (6, 6))), ((3, 1), ((1, 1),)), ((6, 5), ((6, 1), (6, 6))), ((3, 2), ((1, 1), (1, 6)))]",24,0,24
209,"((3, 2), ((1, 6), (6, 1), (6, 6)))","((3, 1), ((1, 6), (6, 1), (6, 6)))",North,"[((3, 3), ((1, 6), (6, 1), (6, 6))) via North]","[((3, 2), ((1, 6), (6, 1), (6, 6))), ((5, 6), ((6, 1), (6, 6))), ((5, 6), ((6, 1),)), ((4, 5), ((6, 1),)), ((3, 2), ((1, 1), (1, 6), (6, 6))), ((3, 2), ((1, 1), (6, 6))), ((4, 1), ((1, 1),)), ((5, 5), ((6, 1), (6, 6))), ((3, 1), ((1, 1), (1, 6))), ((3, 3), ((1, 6), (6, 1)))]","[((5, 6), ((6, 1), (6, 6))), ((5, 6), ((6, 1),)), ((4, 5), ((6, 1),)), ((3, 2), ((1, 1), (1, 6), (6, 6))), ((3, 2), ((1, 1), (6, 6))), ((4, 1), ((1, 1),)), ((5, 5), ((6, 1), (6, 6))), ((3, 1), ((1, 1), (1, 6))), ((3, 3), ((1, 6), (6, 1))), ((3, 3), ((1, 6), (6, 1), (6, 6)))]","[((4, 5), ()), ((4, 6), ()), ((5, 5), ()), ((3, 5), ()), ((5, 6), ()), ((3, 6), ()), ((6, 5), ()), ((2, 5), ()), ((6, 6), ((6, 6),)), ((2, 6), ()), ((6, 4), ()), ((1, 5), ()), ((6, 5), ((6, 6),)), ((5, 6), ((6, 6),)), ((1, 6), ((1, 6),)), ((6, 3), ()), ((1, 4), ()), ((6, 4), ((6, 6),)), ((5, 5), ((6, 6),)), ((4, 6), ((6, 6),)), ((1, 5), ((1, 6),)), ((2, 6), ((1, 6),)), ((5, 3), ()), ((1, 3), ()), ((6, 3), ((6, 6),)), ((4, 5), ((6, 6),)), ((3, 6), ((6, 6),)), ((1, 4), ((1, 6),)), ((2, 5), ((1, 6),)), ((3, 6), ((1, 6),)), ((4, 3), ()), ((1, 2), ()), ((5, 3), ((6, 6),)), ((3, 5), ((6, 6),)), ((2, 6), ((6, 6),)), ((1, 3), ((1, 6),)), ((3, 5), ((1, 6),)), ((4, 6), ((1, 6),)), ((3, 3), ()), ((1, 1), ((1, 1),)), ((4, 3), ((6, 6),)), ((2, 5), ((6, 6),)), ((1, 6), ((1, 6), (6, 6))), ((1, 2), ((1, 6),)), ((4, 5), ((1, 6),)), ((5, 6), ((1, 6),)), ((3, 2), ()), ((1, 2), ((1, 1),)), ((3, 3), ((6, 6),)), ((1, 5), ((6, 6),)), ((1, 5), ((1, 6), (6, 6))), ((2, 6), ((1, 6), (6, 6))), ((1, 1), ((1, 1), (1, 6))), ((5, 5), ((1, 6),)), ((6, 6), ((1, 6), (6, 6))), ((3, 1), ()), ((1, 3), ((1, 1),)), ((3, 2), ((6, 6),)), ((1, 4), ((6, 6),)), ((1, 4), ((1, 6), (6, 6))), ((2, 5), ((1, 6), (6, 6))), ((3, 6), ((1, 6), (6, 6))), ((1, 2), ((1, 1), (1, 6))), ((6, 5), ((1, 6),)), ((6, 5), ((1, 6), (6, 6))), ((5, 6), ((1, 6), (6, 6))), ((4, 1), ()), ((1, 4), ((1, 1),)), ((3, 1), ((6, 6),)), ((1, 3), ((6, 6),)), ((1, 3), ((1, 6), (6, 6))), ((3, 5), ((1, 6), (6, 6))), ((4, 6), ((1, 6), (6, 6))), ((1, 3), ((1, 1), (1, 6))), ((6, 4), ((1, 6),)), ((6, 4), ((1, 6), (6, 6))), ((5, 5), ((1, 6), (6, 6))), ((5, 1), ()), ((1, 5), ((1, 1),)), ((4, 1), ((6, 6),)), ((1, 2), ((6, 6),)), ((1, 2), ((1, 6), (6, 6))), ((4, 5), ((1, 6), (6, 6))), ((1, 4), ((1, 1), (1, 6))), ((6, 3), ((1, 6),)), ((6, 3), ((1, 6), (6, 6))), ((6, 1), ((6, 1),)), ((1, 6), ((1, 1), (1, 6))), ((2, 5), ((1, 1),)), ((5, 1), ((6, 6),)), ((1, 1), ((1, 1), (6, 6))), ((1, 1), ((1, 1), (1, 6), (6, 6))), ((1, 5), ((1, 1), (1, 6))), ((5, 3), ((1, 6),)), ((5, 3), ((1, 6), (6, 6))), ((5, 1), ((6, 1),)), ((2, 6), ((1, 1), (1, 6))), ((2, 6), ((1, 1),)), ((3, 5), ((1, 1),)), ((6, 1), ((6, 1), (6, 6))), ((1, 2), ((1, 1), (6, 6))), ((1, 2), ((1, 1), (1, 6), (6, 6))), ((2, 5), ((1, 1), (1, 6))), ((4, 3), ((1, 6),)), ((4, 3), ((1, 6), (6, 6))), ((4, 1), ((6, 1),)), ((3, 6), ((1, 1), (1, 6))), ((3, 6), ((1, 1),)), ((4, 5), ((1, 1),)), ((5, 1), ((6, 1), (6, 6))), ((1, 3), ((1, 1), (6, 6))), ((1, 3), ((1, 1), (1, 6), (6, 6))), ((3, 5), ((1, 1), (1, 6))), ((3, 3), ((1, 6),)), ((3, 3), ((1, 6), (6, 6))), ((3, 1), ((6, 1),)), ((4, 6), ((1, 1), (1, 6))), ((4, 6), ((1, 1),)), ((5, 5), ((1, 1),)), ((4, 1), ((6, 1), (6, 6))), ((1, 4), ((1, 1), (6, 6))), ((1, 4), ((1, 1), (1, 6), (6, 6))), ((4, 5), ((1, 1), (1, 6))), ((3, 2), ((1, 6),)), ((3, 2), ((1, 6), (6, 6))), ((3, 2), ((6, 1),)), ((5, 6), ((1, 1), (1, 6))), ((5, 6), ((1, 1),)), ((6, 5), ((1, 1),)), ((3, 1), ((6, 1), (6, 6))), ((1, 5), ((1, 1), (6, 6))), ((1, 5), ((1, 1), (1, 6), (6, 6))), ((5, 5), ((1, 1), (1, 6))), ((3, 1), ((1, 6),)), ((3, 1), ((1, 6), (6, 6))), ((3, 3), ((6, 1),)), ((6, 6), ((1, 1), (1, 6), (6, 6))), ((6, 6), ((1, 1), (6, 6))), ((6, 4), ((1, 1),)), ((3, 2), ((6, 1), (6, 6))), ((1, 6), ((1, 1), (1, 6), (6, 6))), ((2, 5), ((1, 1), (6, 6))), ((2, 5), ((1, 1), (1, 6), (6, 6))), ((6, 5), ((1, 1), (1, 6))), ((4, 1), ((1, 6),)), ((4, 1), ((1, 6), (6, 6))), ((4, 3), ((6, 1),)), ((6, 5), ((1, 1), (1, 6), (6, 6))), ((5, 6), ((1, 1), (1, 6), (6, 6))), ((6, 5), ((1, 1), (6, 6))), ((5, 6), ((1, 1), (6, 6))), ((6, 3), ((1, 1),)), ((3, 3), ((6, 1), (6, 6))), ((2, 6), ((1, 1), (1, 6), (6, 6))), ((2, 6), ((1, 1), (6, 6))), ((3, 5), ((1, 1), (6, 6))), ((3, 5), ((1, 1), (1, 6), (6, 6))), ((6, 4), ((1, 1), (1, 6))), ((5, 1), ((1, 6),)), ((5, 1), ((1, 6), (6, 6))), ((5, 3), ((6, 1),)), ((6, 4), ((1, 1), (1, 6), (6, 6))), ((5, 5), ((1, 1), (1, 6), (6, 6))), ((4, 6), ((1, 1), (1, 6), (6, 6))), ((6, 4), ((1, 1), (6, 6))), ((5, 5), ((1, 1), (6, 6))), ((4, 6), ((1, 1), (6, 6))), ((5, 3), ((1, 1),)), ((4, 3), ((6, 1), (6, 6))), ((3, 6), ((1, 1), (1, 6), (6, 6))), ((3, 6), ((1, 1), (6, 6))), ((4, 5), ((1, 1), (6, 6))), ((4, 5), ((1, 1), (1, 6), (6, 6))), ((6, 3), ((1, 1), (1, 6))), ((6, 1), ((1, 6), (6, 1))), ((6, 1), ((1, 6), (6, 1), (6, 6))), ((6, 3), ((6, 1),)), ((6, 3), ((1, 1), (1, 6), (6, 6))), ((6, 3), ((1, 1), (6, 6))), ((4, 3), ((1, 1),)), ((5, 3), ((6, 1), (6, 6))), ((5, 3), ((1, 1), (1, 6))), ((5, 1), ((1, 6), (6, 1))), ((5, 1), ((1, 6), (6, 1), (6, 6))), ((6, 4), ((6, 1),)), ((5, 3), ((1, 1), (1, 6), (6, 6))), ((5, 3), ((1, 1), (6, 6))), ((3, 3), ((1, 1),)), ((6, 3), ((6, 1), (6, 6))), ((4, 3), ((1, 1), (1, 6))), ((4, 1), ((1, 6), (6, 1))), ((4, 1), ((1, 6), (6, 1), (6, 6))), ((6, 5), ((6, 1),)), ((4, 3), ((1, 1), (1, 6), (6, 6))), ((4, 3), ((1, 1), (6, 6))), ((3, 2), ((1, 1),)), ((6, 4), ((6, 1), (6, 6))), ((3, 3), ((1, 1), (1, 6))), ((3, 1), ((1, 6), (6, 1))), ((3, 1), ((1, 6), (6, 1), (6, 6))), ((6, 6), ((6, 1), (6, 6))), ((5, 5), ((6, 1),)), ((3, 3), ((1, 1), (1, 6), (6, 6))), ((3, 3), ((1, 1), (6, 6))), ((3, 1), ((1, 1),)), ((6, 5), ((6, 1), (6, 6))), ((3, 2), ((1, 1), (1, 6))), ((3, 2), ((1, 6), (6, 1)))]",24,0,24
210,"((5, 6), ((6, 1), (6, 6)))","((6, 6), ((6, 1), (6, 6)))",West,"[((4, 6), ((6, 1), (6, 6))) via West]","[((5, 6), ((6, 1), (6, 6))), ((5, 6), ((6, 1),)), ((4, 5), ((6, 1),)), ((3, 2), ((1, 1), (1, 6), (6, 6))), ((3, 2), ((1, 1), (6, 6))), ((4, 1), ((1, 1),)), ((5, 5), ((6, 1), (6, 6))), ((3, 1), ((1, 1), (1, 6))), ((3, 3), ((1, 6), (6, 1))), ((3, 3), ((1, 6), (6, 1), (6, 6)))]","[((5, 6), ((6, 1),)), ((4, 5), ((6, 1),)), ((3, 2), ((1, 1), (1, 6), (6, 6))), ((3, 2), ((1, 1), (6, 6))), ((4, 1), ((1, 1),)), ((5, 5), ((6, 1), (6, 6))), ((3, 1), ((1, 1), (1, 6))), ((3, 3), ((1, 6), (6, 1))), ((3, 3), ((1, 6), (6, 1), (6, 6))), ((4, 6), ((6, 1), (6, 6)))]","[((4, 5), ()), ((4, 6), ()), ((5, 5), ()), ((3, 5), ()), ((5, 6), ()), ((3, 6), ()), ((6, 5), ()), ((2, 5), ()), ((6, 6), ((6, 6),)), ((2, 6), ()), ((6, 4), ()), ((1, 5), ()), ((6, 5), ((6, 6),)), ((5, 6), ((6, 6),)), ((1, 6), ((1, 6),)), ((6, 3), ()), ((1, 4), ()), ((6, 4), ((6, 6),)), ((5, 5), ((6, 6),)), ((4, 6), ((6, 6),)), ((1, 5), ((1, 6),)), ((2, 6), ((1, 6),)), ((5, 3), ()), ((1, 3), ()), ((6, 3), ((6, 6),)), ((4, 5), ((6, 6),)), ((3, 6), ((6, 6),)), ((1, 4), ((1, 6),)), ((2, 5), ((1, 6),)), ((3, 6), ((1, 6),)), ((4, 3), ()), ((1, 2), ()), ((5, 3), ((6, 6),)), ((3, 5), ((6, 6),)), ((2, 6), ((6, 6),)), ((1, 3), ((1, 6),)), ((3, 5), ((1, 6),)), ((4, 6), ((1, 6),)), ((3, 3), ()), ((1, 1), ((1, 1),)), ((4, 3), ((6, 6),)), ((2, 5), ((6, 6),)), ((1, 6), ((1, 6), (6, 6))), ((1, 2), ((1, 6),)), ((4, 5), ((1, 6),)), ((5, 6), ((1, 6),)), ((3, 2), ()), ((1, 2), ((1, 1),)), ((3, 3), ((6, 6),)), ((1, 5), ((6, 6),)), ((1, 5), ((1, 6), (6, 6))), ((2, 6), ((1, 6), (6, 6))), ((1, 1), ((1, 1), (1, 6))), ((5, 5), ((1, 6),)), ((6, 6), ((1, 6), (6, 6))), ((3, 1), ()), ((1, 3), ((1, 1),)), ((3, 2), ((6, 6),)), ((1, 4), ((6, 6),)), ((1, 4), ((1, 6), (6, 6))), ((2, 5), ((1, 6), (6, 6))), ((3, 6), ((1, 6), (6, 6))), ((1, 2), ((1, 1), (1, 6))), ((6, 5), ((1, 6),)), ((6, 5), ((1, 6), (6, 6))), ((5, 6), ((1, 6), (6, 6))), ((4, 1), ()), ((1, 4), ((1, 1),)), ((3, 1), ((6, 6),)), ((1, 3), ((6, 6),)), ((1, 3), ((1, 6), (6, 6))), ((3, 5), ((1, 6), (6, 6))), ((4, 6), ((1, 6), (6, 6))), ((1, 3), ((1, 1), (1, 6))), ((6, 4), ((1, 6),)), ((6, 4), ((1, 6), (6, 6))), ((5, 5), ((1, 6), (6, 6))), ((5, 1), ()), ((1, 5), ((1, 1),)), ((4, 1), ((6, 6),)), ((1, 2), ((6, 6),)), ((1, 2), ((1, 6), (6, 6))), ((4, 5), ((1, 6), (6, 6))), ((1, 4), ((1, 1), (1, 6))), ((6, 3), ((1, 6),)), ((6, 3), ((1, 6), (6, 6))), ((6, 1), ((6, 1),)), ((1, 6), ((1, 1), (1, 6))), ((2, 5), ((1, 1),)), ((5, 1), ((6, 6),)), ((1, 1), ((1, 1), (6, 6))), ((1, 1), ((1, 1), (1, 6), (6, 6))), ((1, 5), ((1, 1), (1, 6))), ((5, 3), ((1, 6),)), ((5, 3), ((1, 6), (6, 6))), ((5, 1), ((6, 1),)), ((2, 6), ((1, 1), (1, 6))), ((2, 6), ((1, 1),)), ((3, 5), ((1, 1),)), ((6, 1), ((6, 1), (6, 6))), ((1, 2), ((1, 1), (6, 6))), ((1, 2), ((1, 1), (1, 6), (6, 6))), ((2, 5), ((1, 1), (1, 6))), ((4, 3), ((1, 6),)), ((4, 3), ((1, 6), (6, 6))), ((4, 1), ((6, 1),)), ((3, 6), ((1, 1), (1, 6))), ((3, 6), ((1, 1),)), ((4, 5), ((1, 1),)), ((5, 1), ((6, 1), (6, 6))), ((1, 3), ((1, 1), (6, 6))), ((1, 3), ((1, 1), (1, 6), (6, 6))), ((3, 5), ((1, 1), (1, 6))), ((3, 3), ((1, 6),)), ((3, 3), ((1, 6), (6, 6))), ((3, 1), ((6, 1),)), ((4, 6), ((1, 1), (1, 6))), ((4, 6), ((1, 1),)), ((5, 5), ((1, 1),)), ((4, 1), ((6, 1), (6, 6))), ((1, 4), ((1, 1), (6, 6))), ((1, 4), ((1, 1), (1, 6), (6, 6))), ((4, 5), ((1, 1), (1, 6))), ((3, 2), ((1, 6),)), ((3, 2), ((1, 6), (6, 6))), ((3, 2), ((6, 1),)), ((5, 6), ((1, 1), (1, 6))), ((5, 6), ((1, 1),)), ((6, 5), ((1, 1),)), ((3, 1), ((6, 1), (6, 6))), ((1, 5), ((1, 1), (6, 6))), ((1, 5), ((1, 1), (1, 6), (6, 6))), ((5, 5), ((1, 1), (1, 6))), ((3, 1), ((1, 6),)), ((3, 1), ((1, 6), (6, 6))), ((3, 3), ((6, 1),)), ((6, 6), ((1, 1), (1, 6), (6, 6))), ((6, 6), ((1, 1), (6, 6))), ((6, 4), ((1, 1),)), ((3, 2), ((6, 1), (6, 6))), ((1, 6), ((1, 1), (1, 6), (6, 6))), ((2, 5), ((1, 1), (6, 6))), ((2, 5), ((1, 1), (1, 6), (6, 6))), ((6, 5), ((1, 1), (1, 6))), ((4, 1), ((1, 6),)), ((4, 1), ((1, 6), (6, 6))), ((4, 3), ((6, 1),)), ((6, 5), ((1, 1), (1, 6), (6, 6))), ((5, 6), ((1, 1), (1, 6), (6, 6))), ((6, 5), ((1, 1), (6, 6))), ((5, 6), ((1, 1), (6, 6))), ((6, 3), ((1, 1),)), ((3, 3), ((6, 1), (6, 6))), ((2, 6), ((1, 1), (1, 6), (6, 6))), ((2, 6), ((1, 1), (6, 6))), ((3, 5), ((1, 1), (6, 6))), ((3, 5), ((1, 1), (1, 6), (6, 6))), ((6, 4), ((1, 1), (1, 6))), ((5, 1), ((1, 6),)), ((5, 1), ((1, 6), (6, 6))), ((5, 3), ((6, 1),)), ((6, 4), ((1, 1), (1, 6), (6, 6))), ((5, 5), ((1, 1), (1, 6), (6, 6))), ((4, 6), ((1, 1), (1, 6), (6, 6))), ((6, 4), ((1, 1), (6, 6))), ((5, 5), ((1, 1), (6, 6))), ((4, 6), ((1, 1), (6, 6))), ((5, 3), ((1, 1),)), ((4, 3), ((6, 1), (6, 6))), ((3, 6), ((1, 1), (1, 6), (6, 6))), ((3, 6), ((1, 1), (6, 6))), ((4, 5), ((1, 1), (6, 6))), ((4, 5), ((1, 1), (1, 6), (6, 6))), ((6, 3), ((1, 1), (1, 6))), ((6, 1), ((1, 6), (6, 1))), ((6, 1), ((1, 6), (6, 1), (6, 6))), ((6, 3), ((6, 1),)), ((6, 3), ((1, 1), (1, 6), (6, 6))), ((6, 3), ((1, 1), (6, 6))), ((4, 3), ((1, 1),)), ((5, 3), ((6, 1), (6, 6))), ((5, 3), ((1, 1), (1, 6))), ((5, 1), ((1, 6), (6, 1))), ((5, 1), ((1, 6), (6, 1), (6, 6))), ((6, 4), ((6, 1),)), ((5, 3), ((1, 1), (1, 6), (6, 6))), ((5, 3), ((1, 1), (6, 6))), ((3, 3), ((1, 1),)), ((6, 3), ((6, 1), (6, 6))), ((4, 3), ((1, 1), (1, 6))), ((4, 1), ((1, 6), (6, 1))), ((4, 1), ((1, 6), (6, 1), (6, 6))), ((6, 5), ((6, 1),)), ((4, 3), ((1, 1), (1, 6), (6, 6))), ((4, 3), ((1, 1), (6, 6))), ((3, 2), ((1, 1),)), ((6, 4), ((6, 1), (6, 6))), ((3, 3), ((1, 1), (1, 6))), ((3, 1), ((1, 6), (6, 1))), ((3, 1), ((1, 6), (6, 1), (6, 6))), ((6, 6), ((6, 1), (6, 6))), ((5, 5), ((6, 1),)), ((3, 3), ((1, 1), (1, 6), (6, 6))), ((3, 3), ((1, 1), (6, 6))), ((3, 1), ((1, 1),)), ((6, 5), ((6, 1), (6, 6))), ((3, 2), ((1, 1), (1, 6))), ((3, 2), ((1, 6), (6, 1))), ((3, 2), ((1, 6), (6, 1), (6, 6)))]",24,0,24
211,"((5, 6), ((6, 1),))","((5, 5), ((6, 1),))",North,"[((4, 6), ((6, 1),)) via West]","[((5, 6), ((6, 1),)), ((4, 5), ((6, 1),)), ((3, 2), ((1, 1), (1, 6), (6, 6))), ((3, 2), ((1, 1), (6, 6))), ((4, 1), ((1, 1),)), ((5, 5), ((6, 1), (6, 6))), ((3, 1), ((1, 1), (1, 6))), ((3, 3), ((1, 6), (6, 1))), ((3, 3), ((1, 6), (6, 1), (6, 6))), ((4, 6), ((6, 1), (6, 6)))]","[((4, 5), ((6, 1),)), ((3, 2), ((1, 1), (1, 6), (6, 6))), ((3, 2), ((1, 1), (6, 6))), ((4, 1), ((1, 1),)), ((5, 5), ((6, 1), (6, 6))), ((3, 1), ((1, 1), (1, 6))), ((3, 3), ((1, 6), (6, 1))), ((3, 3), ((1, 6), (6, 1), (6, 6))), ((4, 6), ((6, 1), (6, 6))), ((4, 6), ((6, 1),))]","[((4, 5), ()), ((4, 6), ()), ((5, 5), ()), ((3, 5), ()), ((5, 6), ()), ((3, 6), ()), ((6, 5), ()), ((2, 5), ()), ((6, 6), ((6, 6),)), ((2, 6), ()), ((6, 4), ()), ((1, 5), ()), ((6, 5), ((6, 6),)), ((5, 6), ((6, 6),)), ((1, 6), ((1, 6),)), ((6, 3), ()), ((1, 4), ()), ((6, 4), ((6, 6),)), ((5, 5), ((6, 6),)), ((4, 6), ((6, 6),)), ((1, 5), ((1, 6),)), ((2, 6), ((1, 6),)), ((5, 3), ()), ((1, 3), ()), ((6, 3), ((6, 6),)), ((4, 5), ((6, 6),)), ((3, 6), ((6, 6),)), ((1, 4), ((1, 6),)), ((2, 5), ((1, 6),)), ((3, 6), ((1, 6),)), ((4, 3), ()), ((1, 2), ()), ((5, 3), ((6, 6),)), ((3, 5), ((6, 6),)), ((2, 6), ((6, 6),)), ((1, 3), ((1, 6),)), ((3, 5), ((1, 6),)), ((4, 6), ((1, 6),)), ((3, 3), ()), ((1, 1), ((1, 1),)), ((4, 3), ((6, 6),)), ((2, 5), ((6, 6),)), ((1, 6), ((1, 6), (6, 6))), ((1, 2), ((1, 6),)), ((4, 5), ((1, 6),)), ((5, 6), ((1, 6),)), ((3, 2), ()), ((1, 2), ((1, 1),)), ((3, 3), ((6, 6),)), ((1, 5), ((6, 6),)), ((1, 5), ((1, 6), (6, 6))), ((2, 6), ((1, 6), (6, 6))), ((1, 1), ((1, 1), (1, 6))), ((5, 5), ((1, 6),)), ((6, 6), ((1, 6), (6, 6))), ((3, 1), ()), ((1, 3), ((1, 1),)), ((3, 2), ((6, 6),)), ((1, 4), ((6, 6),)), ((1, 4), ((1, 6), (6, 6))), ((2, 5), ((1, 6), (6, 6))), ((3, 6), ((1, 6), (6, 6))), ((1, 2), ((1, 1), (1, 6))), ((6, 5), ((1, 6),)), ((6, 5), ((1, 6), (6, 6))), ((5, 6), ((1, 6), (6, 6))), ((4, 1), ()), ((1, 4), ((1, 1),)), ((3, 1), ((6, 6),)), ((1, 3), ((6, 6),)), ((1, 3), ((1, 6), (6, 6))), ((3, 5), ((1, 6), (6, 6))), ((4, 6), ((1, 6), (6, 6))), ((1, 3), ((1, 1), (1, 6))), ((6, 4), ((1, 6),)), ((6, 4), ((1, 6), (6, 6))), ((5, 5), ((1, 6), (6, 6))), ((5, 1), ()), ((1, 5), ((1, 1),)), ((4, 1), ((6, 6),)), ((1, 2), ((6, 6),)), ((1, 2), ((1, 6), (6, 6))), ((4, 5), ((1, 6), (6, 6))), ((1, 4), ((1, 1), (1, 6))), ((6, 3), ((1, 6),)), ((6, 3), ((1, 6), (6, 6))), ((6, 1), ((6, 1),)), ((1, 6), ((1, 1), (1, 6))), ((2, 5), ((1, 1),)), ((5, 1), ((6, 6),)), ((1, 1), ((1, 1), (6, 6))), ((1, 1), ((1, 1), (1, 6), (6, 6))), ((1, 5), ((1, 1), (1, 6))), ((5, 3), ((1, 6),)), ((5, 3), ((1, 6), (6, 6))), ((5, 1), ((6, 1),)), ((2, 6), ((1, 1), (1, 6))), ((2, 6), ((1, 1),)), ((3, 5), ((1, 1),)), ((6, 1), ((6, 1), (6, 6))), ((1, 2), ((1, 1), (6, 6))), ((1, 2), ((1, 1), (1, 6), (6, 6))), ((2, 5), ((1, 1), (1, 6))), ((4, 3), ((1, 6),)), ((4, 3), ((1, 6), (6, 6))), ((4, 1), ((6, 1),)), ((3, 6), ((1, 1), (1, 6))), ((3, 6), ((1, 1),)), ((4, 5), ((1, 1),)), ((5, 1), ((6, 1), (6, 6))), ((1, 3), ((1, 1), (6, 6))), ((1, 3), ((1, 1), (1, 6), (6, 6))), ((3, 5), ((1, 1), (1, 6))), ((3, 3), ((1, 6),)), ((3, 3), ((1, 6), (6, 6))), ((3, 1), ((6, 1),)), ((4, 6), ((1, 1), (1, 6))), ((4, 6), ((1, 1),)), ((5, 5), ((1, 1),)), ((4, 1), ((6, 1), (6, 6))), ((1, 4), ((1, 1), (6, 6))), ((1, 4), ((1, 1), (1, 6), (6, 6))), ((4, 5), ((1, 1), (1, 6))), ((3, 2), ((1, 6),)), ((3, 2), ((1, 6), (6, 6))), ((3, 2), ((6, 1),)), ((5, 6), ((1, 1), (1, 6))), ((5, 6), ((1, 1),)), ((6, 5), ((1, 1),)), ((3, 1), ((6, 1), (6, 6))), ((1, 5), ((1, 1), (6, 6))), ((1, 5), ((1, 1), (1, 6), (6, 6))), ((5, 5), ((1, 1), (1, 6))), ((3, 1), ((1, 6),)), ((3, 1), ((1, 6), (6, 6))), ((3, 3), ((6, 1),)), ((6, 6), ((1, 1), (1, 6), (6, 6))), ((6, 6), ((1, 1), (6, 6))), ((6, 4), ((1, 1),)), ((3, 2), ((6, 1), (6, 6))), ((1, 6), ((1, 1), (1, 6), (6, 6))), ((2, 5), ((1, 1), (6, 6))), ((2, 5), ((1, 1), (1, 6), (6, 6))), ((6, 5), ((1, 1), (1, 6))), ((4, 1), ((1, 6),)), ((4, 1), ((1, 6), (6, 6))), ((4, 3), ((6, 1),)), ((6, 5), ((1, 1), (1, 6), (6, 6))), ((5, 6), ((1, 1), (1, 6), (6, 6))), ((6, 5), ((1, 1), (6, 6))), ((5, 6), ((1, 1), (6, 6))), ((6, 3), ((1, 1),)), ((3, 3), ((6, 1), (6, 6))), ((2, 6), ((1, 1), (1, 6), (6, 6))), ((2, 6), ((1, 1), (6, 6))), ((3, 5), ((1, 1), (6, 6))), ((3, 5), ((1, 1), (1, 6), (6, 6))), ((6, 4), ((1, 1), (1, 6))), ((5, 1), ((1, 6),)), ((5, 1), ((1, 6), (6, 6))), ((5, 3), ((6, 1),)), ((6, 4), ((1, 1), (1, 6), (6, 6))), ((5, 5), ((1, 1), (1, 6), (6, 6))), ((4, 6), ((1, 1), (1, 6), (6, 6))), ((6, 4), ((1, 1), (6, 6))), ((5, 5), ((1, 1), (6, 6))), ((4, 6), ((1, 1), (6, 6))), ((5, 3), ((1, 1),)), ((4, 3), ((6, 1), (6, 6))), ((3, 6), ((1, 1), (1, 6), (6, 6))), ((3, 6), ((1, 1), (6, 6))), ((4, 5), ((1, 1), (6, 6))), ((4, 5), ((1, 1), (1, 6), (6, 6))), ((6, 3), ((1, 1), (1, 6))), ((6, 1), ((1, 6), (6, 1))), ((6, 1), ((1, 6), (6, 1), (6, 6))), ((6, 3), ((6, 1),)), ((6, 3), ((1, 1), (1, 6), (6, 6))), ((6, 3), ((1, 1), (6, 6))), ((4, 3), ((1, 1),)), ((5, 3), ((6, 1), (6, 6))), ((5, 3), ((1, 1), (1, 6))), ((5, 1), ((1, 6), (6, 1))), ((5, 1), ((1, 6), (6, 1), (6, 6))), ((6, 4), ((6, 1),)), ((5, 3), ((1, 1), (1, 6), (6, 6))), ((5, 3), ((1, 1), (6, 6))), ((3, 3), ((1, 1),)), ((6, 3), ((6, 1), (6, 6))), ((4, 3), ((1, 1), (1, 6))), ((4, 1), ((1, 6), (6, 1))), ((4, 1), ((1, 6), (6, 1), (6, 6))), ((6, 5), ((6, 1),)), ((4, 3), ((1, 1), (1, 6), (6, 6))), ((4, 3), ((1, 1), (6, 6))), ((3, 2), ((1, 1),)), ((6, 4), ((6, 1), (6, 6))), ((3, 3), ((1, 1), (1, 6))), ((3, 1), ((1, 6), (6, 1))), ((3, 1), ((1, 6), (6, 1), (6, 6))), ((6, 6), ((6, 1), (6, 6))), ((5, 5), ((6, 1),)), ((3, 3), ((1, 1), (1, 6), (6, 6))), ((3, 3), ((1, 1), (6, 6))), ((3, 1), ((1, 1),)), ((6, 5), ((6, 1), (6, 6))), ((3, 2), ((1, 1), (1, 6))), ((3, 2), ((1, 6), (6, 1))), ((3, 2), ((1, 6), (6, 1), (6, 6))), ((5, 6), ((6, 1), (6, 6)))]",24,0,24
212,"((4, 5), ((6, 1),))","((5, 5), ((6, 1),))",West,"[((3, 5), ((6, 1),)) via West]","[((4, 5), ((6, 1),)), ((3, 2), ((1, 1), (1, 6), (6, 6))), ((3, 2), ((1, 1), (6, 6))), ((4, 1), ((1, 1),)), ((5, 5), ((6, 1), (6, 6))), ((3, 1), ((1, 1), (1, 6))), ((3, 3), ((1, 6), (6, 1))), ((3, 3), ((1, 6), (6, 1), (6, 6))), ((4, 6), ((6, 1), (6, 6))), ((4, 6), ((6, 1),))]","[((3, 2), ((1, 1), (1, 6), (6, 6))), ((3, 2), ((1, 1), (6, 6))), ((4, 1), ((1, 1),)), ((5, 5), ((6, 1), (6, 6))), ((3, 1), ((1, 1), (1, 6))), ((3, 3), ((1, 6), (6, 1))), ((3, 3), ((1, 6), (6, 1), (6, 6))), ((4, 6), ((6, 1), (6, 6))), ((4, 6), ((6, 1),)), ((3, 5), ((6, 1),))]","[((4, 5), ()), ((4, 6), ()), ((5, 5), ()), ((3, 5), ()), ((5, 6), ()), ((3, 6), ()), ((6, 5), ()), ((2, 5), ()), ((6, 6), ((6, 6),)), ((2, 6), ()), ((6, 4), ()), ((1, 5), ()), ((6, 5), ((6, 6),)), ((5, 6), ((6, 6),)), ((1, 6), ((1, 6),)), ((6, 3), ()), ((1, 4), ()), ((6, 4), ((6, 6),)), ((5, 5), ((6, 6),)), ((4, 6), ((6, 6),)), ((1, 5), ((1, 6),)), ((2, 6), ((1, 6),)), ((5, 3), ()), ((1, 3), ()), ((6, 3), ((6, 6),)), ((4, 5), ((6, 6),)), ((3, 6), ((6, 6),)), ((1, 4), ((1, 6),)), ((2, 5), ((1, 6),)), ((3, 6), ((1, 6),)), ((4, 3), ()), ((1, 2), ()), ((5, 3), ((6, 6),)), ((3, 5), ((6, 6),)), ((2, 6), ((6, 6),)), ((1, 3), ((1, 6),)), ((3, 5), ((1, 6),)), ((4, 6), ((1, 6),)), ((3, 3), ()), ((1, 1), ((1, 1),)), ((4, 3), ((6, 6),)), ((2, 5), ((6, 6),)), ((1, 6), ((1, 6), (6, 6))), ((1, 2), ((1, 6),)), ((4, 5), ((1, 6),)), ((5, 6), ((1, 6),)), ((3, 2), ()), ((1, 2), ((1, 1),)), ((3, 3), ((6, 6),)), ((1, 5), ((6, 6),)), ((1, 5), ((1, 6), (6, 6))), ((2, 6), ((1, 6), (6, 6))), ((1, 1), ((1, 1), (1, 6))), ((5, 5), ((1, 6),)), ((6, 6), ((1, 6), (6, 6))), ((3, 1), ()), ((1, 3), ((1, 1),)), ((3, 2), ((6, 6),)), ((1, 4), ((6, 6),)), ((1, 4), ((1, 6), (6, 6))), ((2, 5), ((1, 6), (6, 6))), ((3, 6), ((1, 6), (6, 6))), ((1, 2), ((1, 1), (1, 6))), ((6, 5), ((1, 6),)), ((6, 5), ((1, 6), (6, 6))), ((5, 6), ((1, 6), (6, 6))), ((4, 1), ()), ((1, 4), ((1, 1),)), ((3, 1), ((6, 6),)), ((1, 3), ((6, 6),)), ((1, 3), ((1, 6), (6, 6))), ((3, 5), ((1, 6), (6, 6))), ((4, 6), ((1, 6), (6, 6))), ((1, 3), ((1, 1), (1, 6))), ((6, 4), ((1, 6),)), ((6, 4), ((1, 6), (6, 6))), ((5, 5), ((1, 6), (6, 6))), ((5, 1), ()), ((1, 5), ((1, 1),)), ((4, 1), ((6, 6),)), ((1, 2), ((6, 6),)), ((1, 2), ((1, 6), (6, 6))), ((4, 5), ((1, 6), (6, 6))), ((1, 4), ((1, 1), (1, 6))), ((6, 3), ((1, 6),)), ((6, 3), ((1, 6), (6, 6))), ((6, 1), ((6, 1),)), ((1, 6), ((1, 1), (1, 6))), ((2, 5), ((1, 1),)), ((5, 1), ((6, 6),)), ((1, 1), ((1, 1), (6, 6))), ((1, 1), ((1, 1), (1, 6), (6, 6))), ((1, 5), ((1, 1), (1, 6))), ((5, 3), ((1, 6),)), ((5, 3), ((1, 6), (6, 6))), ((5, 1), ((6, 1),)), ((2, 6), ((1, 1), (1, 6))), ((2, 6), ((1, 1),)), ((3, 5), ((1, 1),)), ((6, 1), ((6, 1), (6, 6))), ((1, 2), ((1, 1), (6, 6))), ((1, 2), ((1, 1), (1, 6), (6, 6))), ((2, 5), ((1, 1), (1, 6))), ((4, 3), ((1, 6),)), ((4, 3), ((1, 6), (6, 6))), ((4, 1), ((6, 1),)), ((3, 6), ((1, 1), (1, 6))), ((3, 6), ((1, 1),)), ((4, 5), ((1, 1),)), ((5, 1), ((6, 1), (6, 6))), ((1, 3), ((1, 1), (6, 6))), ((1, 3), ((1, 1), (1, 6), (6, 6))), ((3, 5), ((1, 1), (1, 6))), ((3, 3), ((1, 6),)), ((3, 3), ((1, 6), (6, 6))), ((3, 1), ((6, 1),)), ((4, 6), ((1, 1), (1, 6))), ((4, 6), ((1, 1),)), ((5, 5), ((1, 1),)), ((4, 1), ((6, 1), (6, 6))), ((1, 4), ((1, 1), (6, 6))), ((1, 4), ((1, 1), (1, 6), (6, 6))), ((4, 5), ((1, 1), (1, 6))), ((3, 2), ((1, 6),)), ((3, 2), ((1, 6), (6, 6))), ((3, 2), ((6, 1),)), ((5, 6), ((1, 1), (1, 6))), ((5, 6), ((1, 1),)), ((6, 5), ((1, 1),)), ((3, 1), ((6, 1), (6, 6))), ((1, 5), ((1, 1), (6, 6))), ((1, 5), ((1, 1), (1, 6), (6, 6))), ((5, 5), ((1, 1), (1, 6))), ((3, 1), ((1, 6),)), ((3, 1), ((1, 6), (6, 6))), ((3, 3), ((6, 1),)), ((6, 6), ((1, 1), (1, 6), (6, 6))), ((6, 6), ((1, 1), (6, 6))), ((6, 4), ((1, 1),)), ((3, 2), ((6, 1), (6, 6))), ((1, 6), ((1, 1), (1, 6), (6, 6))), ((2, 5), ((1, 1), (6, 6))), ((2, 5), ((1, 1), (1, 6), (6, 6))), ((6, 5), ((1, 1), (1, 6))), ((4, 1), ((1, 6),)), ((4, 1), ((1, 6), (6, 6))), ((4, 3), ((6, 1),)), ((6, 5), ((1, 1), (1, 6), (6, 6))), ((5, 6), ((1, 1), (1, 6), (6, 6))), ((6, 5), ((1, 1), (6, 6))), ((5, 6), ((1, 1), (6, 6))), ((6, 3), ((1, 1),)), ((3, 3), ((6, 1), (6, 6))), ((2, 6), ((1, 1), (1, 6), (6, 6))), ((2, 6), ((1, 1), (6, 6))), ((3, 5), ((1, 1), (6, 6))), ((3, 5), ((1, 1), (1, 6), (6, 6))), ((6, 4), ((1, 1), (1, 6))), ((5, 1), ((1, 6),)), ((5, 1), ((1, 6), (6, 6))), ((5, 3), ((6, 1),)), ((6, 4), ((1, 1), (1, 6), (6, 6))), ((5, 5), ((1, 1), (1, 6), (6, 6))), ((4, 6), ((1, 1), (1, 6), (6, 6))), ((6, 4), ((1, 1), (6, 6))), ((5, 5), ((1, 1), (6, 6))), ((4, 6), ((1, 1), (6, 6))), ((5, 3), ((1, 1),)), ((4, 3), ((6, 1), (6, 6))), ((3, 6), ((1, 1), (1, 6), (6, 6))), ((3, 6), ((1, 1), (6, 6))), ((4, 5), ((1, 1), (6, 6))), ((4, 5), ((1, 1), (1, 6), (6, 6))), ((6, 3), ((1, 1), (1, 6))), ((6, 1), ((1, 6), (6, 1))), ((6, 1), ((1, 6), (6, 1), (6, 6))), ((6, 3), ((6, 1),)), ((6, 3), ((1, 1), (1, 6), (6, 6))), ((6, 3), ((1, 1), (6, 6))), ((4, 3), ((1, 1),)), ((5, 3), ((6, 1), (6, 6))), ((5, 3), ((1, 1), (1, 6))), ((5, 1), ((1, 6), (6, 1))), ((5, 1), ((1, 6), (6, 1), (6, 6))), ((6, 4), ((6, 1),)), ((5, 3), ((1, 1), (1, 6), (6, 6))), ((5, 3), ((1, 1), (6, 6))), ((3, 3), ((1, 1),)), ((6, 3), ((6, 1), (6, 6))), ((4, 3), ((1, 1), (1, 6))), ((4, 1), ((1, 6), (6, 1))), ((4, 1), ((1, 6), (6, 1), (6, 6))), ((6, 5), ((6, 1),)), ((4, 3), ((1, 1), (1, 6), (6, 6))), ((4, 3), ((1, 1), (6, 6))), ((3, 2), ((1, 1),)), ((6, 4), ((6, 1), (6, 6))), ((3, 3), ((1, 1), (1, 6))), ((3, 1), ((1, 6), (6, 1))), ((3, 1), ((1, 6), (6, 1), (6, 6))), ((6, 6), ((6, 1), (6, 6))), ((5, 5), ((6, 1),)), ((3, 3), ((1, 1), (1, 6), (6, 6))), ((3, 3), ((1, 1), (6, 6))), ((3, 1), ((1, 1),)), ((6, 5), ((6, 1), (6, 6))), ((3, 2), ((1, 1), (1, 6))), ((3, 2), ((1, 6), (6, 1))), ((3, 2), ((1, 6), (6, 1), (6, 6))), ((5, 6), ((6, 1), (6, 6))), ((5, 6), ((6, 1),))]",24,0,24
213,"((3, 2), ((1, 1), (1, 6), (6, 6)))","((3, 3), ((1, 1), (1, 6), (6, 6)))",South,"[((3, 1), ((1, 1), (1, 6), (6, 6))) via South]","[((3, 2), ((1, 1), (1, 6), (6, 6))), ((3, 2), ((1, 1), (6, 6))), ((4, 1), ((1, 1),)), ((5, 5), ((6, 1), (6, 6))), ((3, 1), ((1, 1), (1, 6))), ((3, 3), ((1, 6), (6, 1))), ((3, 3), ((1, 6), (6, 1), (6, 6))), ((4, 6), ((6, 1), (6, 6))), ((4, 6), ((6, 1),)), ((3, 5), ((6, 1),))]","[((3, 2), ((1, 1), (6, 6))), ((4, 1), ((1, 1),)), ((5, 5), ((6, 1), (6, 6))), ((3, 1), ((1, 1), (1, 6))), ((3, 3), ((1, 6), (6, 1))), ((3, 3), ((1, 6), (6, 1), (6, 6))), ((4, 6), ((6, 1), (6, 6))), ((4, 6), ((6, 1),)), ((3, 5), ((6, 1),)), ((3, 1), ((1, 1), (1, 6), (6, 6)))]","[((4, 5), ()), ((4, 6), ()), ((5, 5), ()), ((3, 5), ()), ((5, 6), ()), ((3, 6), ()), ((6, 5), ()), ((2, 5), ()), ((6, 6), ((6, 6),)), ((2, 6), ()), ((6, 4), ()), ((1, 5), ()), ((6, 5), ((6, 6),)), ((5, 6), ((6, 6),)), ((1, 6), ((1, 6),)), ((6, 3), ()), ((1, 4), ()), ((6, 4), ((6, 6),)), ((5, 5), ((6, 6),)), ((4, 6), ((6, 6),)), ((1, 5), ((1, 6),)), ((2, 6), ((1, 6),)), ((5, 3), ()), ((1, 3), ()), ((6, 3), ((6, 6),)), ((4, 5), ((6, 6),)), ((3, 6), ((6, 6),)), ((1, 4), ((1, 6),)), ((2, 5), ((1, 6),)), ((3, 6), ((1, 6),)), ((4, 3), ()), ((1, 2), ()), ((5, 3), ((6, 6),)), ((3, 5), ((6, 6),)), ((2, 6), ((6, 6),)), ((1, 3), ((1, 6),)), ((3, 5), ((1, 6),)), ((4, 6), ((1, 6),)), ((3, 3), ()), ((1, 1), ((1, 1),)), ((4, 3), ((6, 6),)), ((2, 5), ((6, 6),)), ((1, 6), ((1, 6), (6, 6))), ((1, 2), ((1, 6),)), ((4, 5), ((1, 6),)), ((5, 6), ((1, 6),)), ((3, 2), ()), ((1, 2), ((1, 1),)), ((3, 3), ((6, 6),)), ((1, 5), ((6, 6),)), ((1, 5), ((1, 6), (6, 6))), ((2, 6), ((1, 6), (6, 6))), ((1, 1), ((1, 1), (1, 6))), ((5, 5), ((1, 6),)), ((6, 6), ((1, 6), (6, 6))), ((3, 1), ()), ((1, 3), ((1, 1),)), ((3, 2), ((6, 6),)), ((1, 4), ((6, 6),)), ((1, 4), ((1, 6), (6, 6))), ((2, 5), ((1, 6), (6, 6))), ((3, 6), ((1, 6), (6, 6))), ((1, 2), ((1, 1), (1, 6))), ((6, 5), ((1, 6),)), ((6, 5), ((1, 6), (6, 6))), ((5, 6), ((1, 6), (6, 6))), ((4, 1), ()), ((1, 4), ((1, 1),)), ((3, 1), ((6, 6),)), ((1, 3), ((6, 6),)), ((1, 3), ((1, 6), (6, 6))), ((3, 5), ((1, 6), (6, 6))), ((4, 6), ((1, 6), (6, 6))), ((1, 3), ((1, 1), (1, 6))), ((6, 4), ((1, 6),)), ((6, 4), ((1, 6), (6, 6))), ((5, 5), ((1, 6), (6, 6))), ((5, 1), ()), ((1, 5), ((1, 1),)), ((4, 1), ((6, 6),)), ((1, 2), ((6, 6),)), ((1, 2), ((1, 6), (6, 6))), ((4, 5), ((1, 6), (6, 6))), ((1, 4), ((1, 1), (1, 6))), ((6, 3), ((1, 6),)), ((6, 3), ((1, 6), (6, 6))), ((6, 1), ((6, 1),)), ((1, 6), ((1, 1), (1, 6))), ((2, 5), ((1, 1),)), ((5, 1), ((6, 6),)), ((1, 1), ((1, 1), (6, 6))), ((1, 1), ((1, 1), (1, 6), (6, 6))), ((1, 5), ((1, 1), (1, 6))), ((5, 3), ((1, 6),)), ((5, 3), ((1, 6), (6, 6))), ((5, 1), ((6, 1),)), ((2, 6), ((1, 1), (1, 6))), ((2, 6), ((1, 1),)), ((3, 5), ((1, 1),)), ((6, 1), ((6, 1), (6, 6))), ((1, 2), ((1, 1), (6, 6))), ((1, 2), ((1, 1), (1, 6), (6, 6))), ((2, 5), ((1, 1), (1, 6))), ((4, 3), ((1, 6),)), ((4, 3), ((1, 6), (6, 6))), ((4, 1), ((6, 1),)), ((3, 6), ((1, 1), (1, 6))), ((3, 6), ((1, 1),)), ((4, 5), ((1, 1),)), ((5, 1), ((6, 1), (6, 6))), ((1, 3), ((1, 1), (6, 6))), ((1, 3), ((1, 1), (1, 6), (6, 6))), ((3, 5), ((1, 1), (1, 6))), ((3, 3), ((1, 6),)), ((3, 3), ((1, 6), (6, 6))), ((3, 1), ((6, 1),)), ((4, 6), ((1, 1), (1, 6))), ((4, 6), ((1, 1),)), ((5, 5), ((1, 1),)), ((4, 1), ((6, 1), (6, 6))), ((1, 4), ((1, 1), (6, 6))), ((1, 4), ((1, 1), (1, 6), (6, 6))), ((4, 5), ((1, 1), (1, 6))), ((3, 2), ((1, 6),)), ((3, 2), ((1, 6), (6, 6))), ((3, 2), ((6, 1),)), ((5, 6), ((1, 1), (1, 6))), ((5, 6), ((1, 1),)), ((6, 5), ((1, 1),)), ((3, 1), ((6, 1), (6, 6))), ((1, 5), ((1, 1), (6, 6))), ((1, 5), ((1, 1), (1, 6), (6, 6))), ((5, 5), ((1, 1), (1, 6))), ((3, 1), ((1, 6),)), ((3, 1), ((1, 6), (6, 6))), ((3, 3), ((6, 1),)), ((6, 6), ((1, 1), (1, 6), (6, 6))), ((6, 6), ((1, 1), (6, 6))), ((6, 4), ((1, 1),)), ((3, 2), ((6, 1), (6, 6))), ((1, 6), ((1, 1), (1, 6), (6, 6))), ((2, 5), ((1, 1), (6, 6))), ((2, 5), ((1, 1), (1, 6), (6, 6))), ((6, 5), ((1, 1), (1, 6))), ((4, 1), ((1, 6),)), ((4, 1), ((1, 6), (6, 6))), ((4, 3), ((6, 1),)), ((6, 5), ((1, 1), (1, 6), (6, 6))), ((5, 6), ((1, 1), (1, 6), (6, 6))), ((6, 5), ((1, 1), (6, 6))), ((5, 6), ((1, 1), (6, 6))), ((6, 3), ((1, 1),)), ((3, 3), ((6, 1), (6, 6))), ((2, 6), ((1, 1), (1, 6), (6, 6))), ((2, 6), ((1, 1), (6, 6))), ((3, 5), ((1, 1), (6, 6))), ((3, 5), ((1, 1), (1, 6), (6, 6))), ((6, 4), ((1, 1), (1, 6))), ((5, 1), ((1, 6),)), ((5, 1), ((1, 6), (6, 6))), ((5, 3), ((6, 1),)), ((6, 4), ((1, 1), (1, 6), (6, 6))), ((5, 5), ((1, 1), (1, 6), (6, 6))), ((4, 6), ((1, 1), (1, 6), (6, 6))), ((6, 4), ((1, 1), (6, 6))), ((5, 5), ((1, 1), (6, 6))), ((4, 6), ((1, 1), (6, 6))), ((5, 3), ((1, 1),)), ((4, 3), ((6, 1), (6, 6))), ((3, 6), ((1, 1), (1, 6), (6, 6))), ((3, 6), ((1, 1), (6, 6))), ((4, 5), ((1, 1), (6, 6))), ((4, 5), ((1, 1), (1, 6), (6, 6))), ((6, 3), ((1, 1), (1, 6))), ((6, 1), ((1, 6), (6, 1))), ((6, 1), ((1, 6), (6, 1), (6, 6))), ((6, 3), ((6, 1),)), ((6, 3), ((1, 1), (1, 6), (6, 6))), ((6, 3), ((1, 1), (6, 6))), ((4, 3), ((1, 1),)), ((5, 3), ((6, 1), (6, 6))), ((5, 3), ((1, 1), (1, 6))), ((5, 1), ((1, 6), (6, 1))), ((5, 1), ((1, 6), (6, 1), (6, 6))), ((6, 4), ((6, 1),)), ((5, 3), ((1, 1), (1, 6), (6, 6))), ((5, 3), ((1, 1), (6, 6))), ((3, 3), ((1, 1),)), ((6, 3), ((6, 1), (6, 6))), ((4, 3), ((1, 1), (1, 6))), ((4, 1), ((1, 6), (6, 1))), ((4, 1), ((1, 6), (6, 1), (6, 6))), ((6, 5), ((6, 1),)), ((4, 3), ((1, 1), (1, 6), (6, 6))), ((4, 3), ((1, 1), (6, 6))), ((3, 2), ((1, 1),)), ((6, 4), ((6, 1), (6, 6))), ((3, 3), ((1, 1), (1, 6))), ((3, 1), ((1, 6), (6, 1))), ((3, 1), ((1, 6), (6, 1), (6, 6))), ((6, 6), ((6, 1), (6, 6))), ((5, 5), ((6, 1),)), ((3, 3), ((1, 1), (1, 6), (6, 6))), ((3, 3), ((1, 1), (6, 6))), ((3, 1), ((1, 1),)), ((6, 5), ((6, 1), (6, 6))), ((3, 2), ((1, 1), (1, 6))), ((3, 2), ((1, 6), (6, 1))), ((3, 2), ((1, 6), (6, 1), (6, 6))), ((5, 6), ((6, 1), (6, 6))), ((5, 6), ((6, 1),)), ((4, 5), ((6, 1),))]",24,0,24
214,"((3, 2), ((1, 1), (6, 6)))","((3, 3), ((1, 1), (6, 6)))",South,"[((3, 1), ((1, 1), (6, 6))) via South]","[((3, 2), ((1, 1), (6, 6))), ((4, 1), ((1, 1),)), ((5, 5), ((6, 1), (6, 6))), ((3, 1), ((1, 1), (1, 6))), ((3, 3), ((1, 6), (6, 1))), ((3, 3), ((1, 6), (6, 1), (6, 6))), ((4, 6), ((6, 1), (6, 6))), ((4, 6), ((6, 1),)), ((3, 5), ((6, 1),)), ((3, 1), ((1, 1), (1, 6), (6, 6)))]","[((4, 1), ((1, 1),)), ((5, 5), ((6, 1), (6, 6))), ((3, 1), ((1, 1), (1, 6))), ((3, 3), ((1, 6), (6, 1))), ((3, 3), ((1, 6), (6, 1), (6, 6))), ((4, 6), ((6, 1), (6, 6))), ((4, 6), ((6, 1),)), ((3, 5), ((6, 1),)), ((3, 1), ((1, 1), (1, 6), (6, 6))), ((3, 1), ((1, 1), (6, 6)))]","[((4, 5), ()), ((4, 6), ()), ((5, 5), ()), ((3, 5), ()), ((5, 6), ()), ((3, 6), ()), ((6, 5), ()), ((2, 5), ()), ((6, 6), ((6, 6),)), ((2, 6), ()), ((6, 4), ()), ((1, 5), ()), ((6, 5), ((6, 6),)), ((5, 6), ((6, 6),)), ((1, 6), ((1, 6),)), ((6, 3), ()), ((1, 4), ()), ((6, 4), ((6, 6),)), ((5, 5), ((6, 6),)), ((4, 6), ((6, 6),)), ((1, 5), ((1, 6),)), ((2, 6), ((1, 6),)), ((5, 3), ()), ((1, 3), ()), ((6, 3), ((6, 6),)), ((4, 5), ((6, 6),)), ((3, 6), ((6, 6),)), ((1, 4), ((1, 6),)), ((2, 5), ((1, 6),)), ((3, 6), ((1, 6),)), ((4, 3), ()), ((1, 2), ()), ((5, 3), ((6, 6),)), ((3, 5), ((6, 6),)), ((2, 6), ((6, 6),)), ((1, 3), ((1, 6),)), ((3, 5), ((1, 6),)), ((4, 6), ((1, 6),)), ((3, 3), ()), ((1, 1), ((1, 1),)), ((4, 3), ((6, 6),)), ((2, 5), ((6, 6),)), ((1, 6), ((1, 6), (6, 6))), ((1, 2), ((1, 6),)), ((4, 5), ((1, 6),)), ((5, 6), ((1, 6),)), ((3, 2), ()), ((1, 2), ((1, 1),)), ((3, 3), ((6, 6),)), ((1, 5), ((6, 6),)), ((1, 5), ((1, 6), (6, 6))), ((2, 6), ((1, 6), (6, 6))), ((1, 1), ((1, 1), (1, 6))), ((5, 5), ((1, 6),)), ((6, 6), ((1, 6), (6, 6))), ((3, 1), ()), ((1, 3), ((1, 1),)), ((3, 2), ((6, 6),)), ((1, 4), ((6, 6),)), ((1, 4), ((1, 6), (6, 6))), ((2, 5), ((1, 6), (6, 6))), ((3, 6), ((1, 6), (6, 6))), ((1, 2), ((1, 1), (1, 6))), ((6, 5), ((1, 6),)), ((6, 5), ((1, 6), (6, 6))), ((5, 6), ((1, 6), (6, 6))), ((4, 1), ()), ((1, 4), ((1, 1),)), ((3, 1), ((6, 6),)), ((1, 3), ((6, 6),)), ((1, 3), ((1, 6), (6, 6))), ((3, 5), ((1, 6), (6, 6))), ((4, 6), ((1, 6), (6, 6))), ((1, 3), ((1, 1), (1, 6))), ((6, 4), ((1, 6),)), ((6, 4), ((1, 6), (6, 6))), ((5, 5), ((1, 6), (6, 6))), ((5, 1), ()), ((1, 5), ((1, 1),)), ((4, 1), ((6, 6),)), ((1, 2), ((6, 6),)), ((1, 2), ((1, 6), (6, 6))), ((4, 5), ((1, 6), (6, 6))), ((1, 4), ((1, 1), (1, 6))), ((6, 3), ((1, 6),)), ((6, 3), ((1, 6), (6, 6))), ((6, 1), ((6, 1),)), ((1, 6), ((1, 1), (1, 6))), ((2, 5), ((1, 1),)), ((5, 1), ((6, 6),)), ((1, 1), ((1, 1), (6, 6))), ((1, 1), ((1, 1), (1, 6), (6, 6))), ((1, 5), ((1, 1), (1, 6))), ((5, 3), ((1, 6),)), ((5, 3), ((1, 6), (6, 6))), ((5, 1), ((6, 1),)), ((2, 6), ((1, 1), (1, 6))), ((2, 6), ((1, 1),)), ((3, 5), ((1, 1),)), ((6, 1), ((6, 1), (6, 6))), ((1, 2), ((1, 1), (6, 6))), ((1, 2), ((1, 1), (1, 6), (6, 6))), ((2, 5), ((1, 1), (1, 6))), ((4, 3), ((1, 6),)), ((4, 3), ((1, 6), (6, 6))), ((4, 1), ((6, 1),)), ((3, 6), ((1, 1), (1, 6))), ((3, 6), ((1, 1),)), ((4, 5), ((1, 1),)), ((5, 1), ((6, 1), (6, 6))), ((1, 3), ((1, 1), (6, 6))), ((1, 3), ((1, 1), (1, 6), (6, 6))), ((3, 5), ((1, 1), (1, 6))), ((3, 3), ((1, 6),)), ((3, 3), ((1, 6), (6, 6))), ((3, 1), ((6, 1),)), ((4, 6), ((1, 1), (1, 6))), ((4, 6), ((1, 1),)), ((5, 5), ((1, 1),)), ((4, 1), ((6, 1), (6, 6))), ((1, 4), ((1, 1), (6, 6))), ((1, 4), ((1, 1), (1, 6), (6, 6))), ((4, 5), ((1, 1), (1, 6))), ((3, 2), ((1, 6),)), ((3, 2), ((1, 6), (6, 6))), ((3, 2), ((6, 1),)), ((5, 6), ((1, 1), (1, 6))), ((5, 6), ((1, 1),)), ((6, 5), ((1, 1),)), ((3, 1), ((6, 1), (6, 6))), ((1, 5), ((1, 1), (6, 6))), ((1, 5), ((1, 1), (1, 6), (6, 6))), ((5, 5), ((1, 1), (1, 6))), ((3, 1), ((1, 6),)), ((3, 1), ((1, 6), (6, 6))), ((3, 3), ((6, 1),)), ((6, 6), ((1, 1), (1, 6), (6, 6))), ((6, 6), ((1, 1), (6, 6))), ((6, 4), ((1, 1),)), ((3, 2), ((6, 1), (6, 6))), ((1, 6), ((1, 1), (1, 6), (6, 6))), ((2, 5), ((1, 1), (6, 6))), ((2, 5), ((1, 1), (1, 6), (6, 6))), ((6, 5), ((1, 1), (1, 6))), ((4, 1), ((1, 6),)), ((4, 1), ((1, 6), (6, 6))), ((4, 3), ((6, 1),)), ((6, 5), ((1, 1), (1, 6), (6, 6))), ((5, 6), ((1, 1), (1, 6), (6, 6))), ((6, 5), ((1, 1), (6, 6))), ((5, 6), ((1, 1), (6, 6))), ((6, 3), ((1, 1),)), ((3, 3), ((6, 1), (6, 6))), ((2, 6), ((1, 1), (1, 6), (6, 6))), ((2, 6), ((1, 1), (6, 6))), ((3, 5), ((1, 1), (6, 6))), ((3, 5), ((1, 1), (1, 6), (6, 6))), ((6, 4), ((1, 1), (1, 6))), ((5, 1), ((1, 6),)), ((5, 1), ((1, 6), (6, 6))), ((5, 3), ((6, 1),)), ((6, 4), ((1, 1), (1, 6), (6, 6))), ((5, 5), ((1, 1), (1, 6), (6, 6))), ((4, 6), ((1, 1), (1, 6), (6, 6))), ((6, 4), ((1, 1), (6, 6))), ((5, 5), ((1, 1), (6, 6))), ((4, 6), ((1, 1), (6, 6))), ((5, 3), ((1, 1),)), ((4, 3), ((6, 1), (6, 6))), ((3, 6), ((1, 1), (1, 6), (6, 6))), ((3, 6), ((1, 1), (6, 6))), ((4, 5), ((1, 1), (6, 6))), ((4, 5), ((1, 1), (1, 6), (6, 6))), ((6, 3), ((1, 1), (1, 6))), ((6, 1), ((1, 6), (6, 1))), ((6, 1), ((1, 6), (6, 1), (6, 6))), ((6, 3), ((6, 1),)), ((6, 3), ((1, 1), (1, 6), (6, 6))), ((6, 3), ((1, 1), (6, 6))), ((4, 3), ((1, 1),)), ((5, 3), ((6, 1), (6, 6))), ((5, 3), ((1, 1), (1, 6))), ((5, 1), ((1, 6), (6, 1))), ((5, 1), ((1, 6), (6, 1), (6, 6))), ((6, 4), ((6, 1),)), ((5, 3), ((1, 1), (1, 6), (6, 6))), ((5, 3), ((1, 1), (6, 6))), ((3, 3), ((1, 1),)), ((6, 3), ((6, 1), (6, 6))), ((4, 3), ((1, 1), (1, 6))), ((4, 1), ((1, 6), (6, 1))), ((4, 1), ((1, 6), (6, 1), (6, 6))), ((6, 5), ((6, 1),)), ((4, 3), ((1, 1), (1, 6), (6, 6))), ((4, 3), ((1, 1), (6, 6))), ((3, 2), ((1, 1),)), ((6, 4), ((6, 1), (6, 6))), ((3, 3), ((1, 1), (1, 6))), ((3, 1), ((1, 6), (6, 1))), ((3, 1), ((1, 6), (6, 1), (6, 6))), ((6, 6), ((6, 1), (6, 6))), ((5, 5), ((6, 1),)), ((3, 3), ((1, 1), (1, 6), (6, 6))), ((3, 3), ((1, 1), (6, 6))), ((3, 1), ((1, 1),)), ((6, 5), ((6, 1), (6, 6))), ((3, 2), ((1, 1), (1, 6))), ((3, 2), ((1, 6), (6, 1))), ((3, 2), ((1, 6), (6, 1), (6, 6))), ((5, 6), ((6, 1), (6, 6))), ((5, 6), ((6, 1),)), ((4, 5), ((6, 1),)), ((3, 2), ((1, 1), (1, 6), (6, 6)))]",24,0,24
215,"((4, 1), ((1, 1),))","((3, 1), ((1, 1),))",East,"[((5, 1), ((1, 1),)) via East]","[((4, 1), ((1, 1),)), ((5, 5), ((6, 1), (6, 6))), ((3, 1), ((1, 1), (1, 6))), ((3, 3), ((1, 6), (6, 1))), ((3, 3), ((1, 6), (6, 1), (6, 6))), ((4, 6), ((6, 1), (6, 6))), ((4, 6), ((6, 1),)), ((3, 5), ((6, 1),)), ((3, 1), ((1, 1), (1, 6), (6, 6))), ((3, 1), ((1, 1), (6, 6)))]","[((5, 5), ((6, 1), (6, 6))), ((3, 1), ((1, 1), (1, 6))), ((3, 3), ((1, 6), (6, 1))), ((3, 3), ((1, 6), (6, 1), (6, 6))), ((4, 6), ((6, 1), (6, 6))), ((4, 6), ((6, 1),)), ((3, 5), ((6, 1),)), ((3, 1), ((1, 1), (1, 6), (6, 6))), ((3, 1), ((1, 1), (6, 6))), ((5, 1), ((1, 1),))]","[((4, 5), ()), ((4, 6), ()), ((5, 5), ()), ((3, 5), ()), ((5, 6), ()), ((3, 6), ()), ((6, 5), ()), ((2, 5), ()), ((6, 6), ((6, 6),)), ((2, 6), ()), ((6, 4), ()), ((1, 5), ()), ((6, 5), ((6, 6),)), ((5, 6), ((6, 6),)), ((1, 6), ((1, 6),)), ((6, 3), ()), ((1, 4), ()), ((6, 4), ((6, 6),)), ((5, 5), ((6, 6),)), ((4, 6), ((6, 6),)), ((1, 5), ((1, 6),)), ((2, 6), ((1, 6),)), ((5, 3), ()), ((1, 3), ()), ((6, 3), ((6, 6),)), ((4, 5), ((6, 6),)), ((3, 6), ((6, 6),)), ((1, 4), ((1, 6),)), ((2, 5), ((1, 6),)), ((3, 6), ((1, 6),)), ((4, 3), ()), ((1, 2), ()), ((5, 3), ((6, 6),)), ((3, 5), ((6, 6),)), ((2, 6), ((6, 6),)), ((1, 3), ((1, 6),)), ((3, 5), ((1, 6),)), ((4, 6), ((1, 6),)), ((3, 3), ()), ((1, 1), ((1, 1),)), ((4, 3), ((6, 6),)), ((2, 5), ((6, 6),)), ((1, 6), ((1, 6), (6, 6))), ((1, 2), ((1, 6),)), ((4, 5), ((1, 6),)), ((5, 6), ((1, 6),)), ((3, 2), ()), ((1, 2), ((1, 1),)), ((3, 3), ((6, 6),)), ((1, 5), ((6, 6),)), ((1, 5), ((1, 6), (6, 6))), ((2, 6), ((1, 6), (6, 6))), ((1, 1), ((1, 1), (1, 6))), ((5, 5), ((1, 6),)), ((6, 6), ((1, 6), (6, 6))), ((3, 1), ()), ((1, 3), ((1, 1),)), ((3, 2), ((6, 6),)), ((1, 4), ((6, 6),)), ((1, 4), ((1, 6), (6, 6))), ((2, 5), ((1, 6), (6, 6))), ((3, 6), ((1, 6), (6, 6))), ((1, 2), ((1, 1), (1, 6))), ((6, 5), ((1, 6),)), ((6, 5), ((1, 6), (6, 6))), ((5, 6), ((1, 6), (6, 6))), ((4, 1), ()), ((1, 4), ((1, 1),)), ((3, 1), ((6, 6),)), ((1, 3), ((6, 6),)), ((1, 3), ((1, 6), (6, 6))), ((3, 5), ((1, 6), (6, 6))), ((4, 6), ((1, 6), (6, 6))), ((1, 3), ((1, 1), (1, 6))), ((6, 4), ((1, 6),)), ((6, 4), ((1, 6), (6, 6))), ((5, 5), ((1, 6), (6, 6))), ((5, 1), ()), ((1, 5), ((1, 1),)), ((4, 1), ((6, 6),)), ((1, 2), ((6, 6),)), ((1, 2), ((1, 6), (6, 6))), ((4, 5), ((1, 6), (6, 6))), ((1, 4), ((1, 1), (1, 6))), ((6, 3), ((1, 6),)), ((6, 3), ((1, 6), (6, 6))), ((6, 1), ((6, 1),)), ((1, 6), ((1, 1), (1, 6))), ((2, 5), ((1, 1),)), ((5, 1), ((6, 6),)), ((1, 1), ((1, 1), (6, 6))), ((1, 1), ((1, 1), (1, 6), (6, 6))), ((1, 5), ((1, 1), (1, 6))), ((5, 3), ((1, 6),)), ((5, 3), ((1, 6), (6, 6))), ((5, 1), ((6, 1),)), ((2, 6), ((1, 1), (1, 6))), ((2, 6), ((1, 1),)), ((3, 5), ((1, 1),)), ((6, 1), ((6, 1), (6, 6))), ((1, 2), ((1, 1), (6, 6))), ((1, 2), ((1, 1), (1, 6), (6, 6))), ((2, 5), ((1, 1), (1, 6))), ((4, 3), ((1, 6),)), ((4, 3), ((1, 6), (6, 6))), ((4, 1), ((6, 1),)), ((3, 6), ((1, 1), (1, 6))), ((3, 6), ((1, 1),)), ((4, 5), ((1, 1),)), ((5, 1), ((6, 1), (6, 6))), ((1, 3), ((1, 1), (6, 6))), ((1, 3), ((1, 1), (1, 6), (6, 6))), ((3, 5), ((1, 1), (1, 6))), ((3, 3), ((1, 6),)), ((3, 3), ((1, 6), (6, 6))), ((3, 1), ((6, 1),)), ((4, 6), ((1, 1), (1, 6))), ((4, 6), ((1, 1),)), ((5, 5), ((1, 1),)), ((4, 1), ((6, 1), (6, 6))), ((1, 4), ((1, 1), (6, 6))), ((1, 4), ((1, 1), (1, 6), (6, 6))), ((4, 5), ((1, 1), (1, 6))), ((3, 2), ((1, 6),)), ((3, 2), ((1, 6), (6, 6))), ((3, 2), ((6, 1),)), ((5, 6), ((1, 1), (1, 6))), ((5, 6), ((1, 1),)), ((6, 5), ((1, 1),)), ((3, 1), ((6, 1), (6, 6))), ((1, 5), ((1, 1), (6, 6))), ((1, 5), ((1, 1), (1, 6), (6, 6))), ((5, 5), ((1, 1), (1, 6))), ((3, 1), ((1, 6),)), ((3, 1), ((1, 6), (6, 6))), ((3, 3), ((6, 1),)), ((6, 6), ((1, 1), (1, 6), (6, 6))), ((6, 6), ((1, 1), (6, 6))), ((6, 4), ((1, 1),)), ((3, 2), ((6, 1), (6, 6))), ((1, 6), ((1, 1), (1, 6), (6, 6))), ((2, 5), ((1, 1), (6, 6))), ((2, 5), ((1, 1), (1, 6), (6, 6))), ((6, 5), ((1, 1), (1, 6))), ((4, 1), ((1, 6),)), ((4, 1), ((1, 6), (6, 6))), ((4, 3), ((6, 1),)), ((6, 5), ((1, 1), (1, 6), (6, 6))), ((5, 6), ((1, 1), (1, 6), (6, 6))), ((6, 5), ((1, 1), (6, 6))), ((5, 6), ((1, 1), (6, 6))), ((6, 3), ((1, 1),)), ((3, 3), ((6, 1), (6, 6))), ((2, 6), ((1, 1), (1, 6), (6, 6))), ((2, 6), ((1, 1), (6, 6))), ((3, 5), ((1, 1), (6, 6))), ((3, 5), ((1, 1), (1, 6), (6, 6))), ((6, 4), ((1, 1), (1, 6))), ((5, 1), ((1, 6),)), ((5, 1), ((1, 6), (6, 6))), ((5, 3), ((6, 1),)), ((6, 4), ((1, 1), (1, 6), (6, 6))), ((5, 5), ((1, 1), (1, 6), (6, 6))), ((4, 6), ((1, 1), (1, 6), (6, 6))), ((6, 4), ((1, 1), (6, 6))), ((5, 5), ((1, 1), (6, 6))), ((4, 6), ((1, 1), (6, 6))), ((5, 3), ((1, 1),)), ((4, 3), ((6, 1), (6, 6))), ((3, 6), ((1, 1), (1, 6), (6, 6))), ((3, 6), ((1, 1), (6, 6))), ((4, 5), ((1, 1), (6, 6))), ((4, 5), ((1, 1), (1, 6), (6, 6))), ((6, 3), ((1, 1), (1, 6))), ((6, 1), ((1, 6), (6, 1))), ((6, 1), ((1, 6), (6, 1), (6, 6))), ((6, 3), ((6, 1),)), ((6, 3), ((1, 1), (1, 6), (6, 6))), ((6, 3), ((1, 1), (6, 6))), ((4, 3), ((1, 1),)), ((5, 3), ((6, 1), (6, 6))), ((5, 3), ((1, 1), (1, 6))), ((5, 1), ((1, 6), (6, 1))), ((5, 1), ((1, 6), (6, 1), (6, 6))), ((6, 4), ((6, 1),)), ((5, 3), ((1, 1), (1, 6), (6, 6))), ((5, 3), ((1, 1), (6, 6))), ((3, 3), ((1, 1),)), ((6, 3), ((6, 1), (6, 6))), ((4, 3), ((1, 1), (1, 6))), ((4, 1), ((1, 6), (6, 1))), ((4, 1), ((1, 6), (6, 1), (6, 6))), ((6, 5), ((6, 1),)), ((4, 3), ((1, 1), (1, 6), (6, 6))), ((4, 3), ((1, 1), (6, 6))), ((3, 2), ((1, 1),)), ((6, 4), ((6, 1), (6, 6))), ((3, 3), ((1, 1), (1, 6))), ((3, 1), ((1, 6), (6, 1))), ((3, 1), ((1, 6), (6, 1), (6, 6))), ((6, 6), ((6, 1), (6, 6))), ((5, 5), ((6, 1),)), ((3, 3), ((1, 1), (1, 6), (6, 6))), ((3, 3), ((1, 1), (6, 6))), ((3, 1), ((1, 1),)), ((6, 5), ((6, 1), (6, 6))), ((3, 2), ((1, 1), (1, 6))), ((3, 2), ((1, 6), (6, 1))), ((3, 2), ((1, 6), (6, 1), (6, 6))), ((5, 6), ((6, 1), (6, 6))), ((5, 6), ((6, 1),)), ((4, 5), ((6, 1),)), ((3, 2), ((1, 1), (1, 6), (6, 6))), ((3, 2), ((1, 1), (6, 6)))]",24,0,24
216,"((5, 5), ((6, 1), (6, 6)))","((6, 5), ((6, 1), (6, 6)))",West,"[((4, 5), ((6, 1), (6, 6))) via West]","[((5, 5), ((6, 1), (6, 6))), ((3, 1), ((1, 1), (1, 6))), ((3, 3), ((1, 6), (6, 1))), ((3, 3), ((1, 6), (6, 1), (6, 6))), ((4, 6), ((6, 1), (6, 6))), ((4, 6), ((6, 1),)), ((3, 5), ((6, 1),)), ((3, 1), ((1, 1), (1, 6), (6, 6))), ((3, 1), ((1, 1), (6, 6))), ((5, 1), ((1, 1),))]","[((3, 1), ((1, 1), (1, 6))), ((3, 3), ((1, 6), (6, 1))), ((3, 3), ((1, 6), (6, 1), (6, 6))), ((4, 6), ((6, 1), (6, 6))), ((4, 6), ((6, 1),)), ((3, 5), ((6, 1),)), ((3, 1), ((1, 1), (1, 6), (6, 6))), ((3, 1), ((1, 1), (6, 6))), ((5, 1), ((1, 1),)), ((4, 5), ((6, 1), (6, 6)))]","[((4, 5), ()), ((4, 6), ()), ((5, 5), ()), ((3, 5), ()), ((5, 6), ()), ((3, 6), ()), ((6, 5), ()), ((2, 5), ()), ((6, 6), ((6, 6),)), ((2, 6), ()), ((6, 4), ()), ((1, 5), ()), ((6, 5), ((6, 6),)), ((5, 6), ((6, 6),)), ((1, 6), ((1, 6),)), ((6, 3), ()), ((1, 4), ()), ((6, 4), ((6, 6),)), ((5, 5), ((6, 6),)), ((4, 6), ((6, 6),)), ((1, 5), ((1, 6),)), ((2, 6), ((1, 6),)), ((5, 3), ()), ((1, 3), ()), ((6, 3), ((6, 6),)), ((4, 5), ((6, 6),)), ((3, 6), ((6, 6),)), ((1, 4), ((1, 6),)), ((2, 5), ((1, 6),)), ((3, 6), ((1, 6),)), ((4, 3), ()), ((1, 2), ()), ((5, 3), ((6, 6),)), ((3, 5), ((6, 6),)), ((2, 6), ((6, 6),)), ((1, 3), ((1, 6),)), ((3, 5), ((1, 6),)), ((4, 6), ((1, 6),)), ((3, 3), ()), ((1, 1), ((1, 1),)), ((4, 3), ((6, 6),)), ((2, 5), ((6, 6),)), ((1, 6), ((1, 6), (6, 6))), ((1, 2), ((1, 6),)), ((4, 5), ((1, 6),)), ((5, 6), ((1, 6),)), ((3, 2), ()), ((1, 2), ((1, 1),)), ((3, 3), ((6, 6),)), ((1, 5), ((6, 6),)), ((1, 5), ((1, 6), (6, 6))), ((2, 6), ((1, 6), (6, 6))), ((1, 1), ((1, 1), (1, 6))), ((5, 5), ((1, 6),)), ((6, 6), ((1, 6), (6, 6))), ((3, 1), ()), ((1, 3), ((1, 1),)), ((3, 2), ((6, 6),)), ((1, 4), ((6, 6),)), ((1, 4), ((1, 6), (6, 6))), ((2, 5), ((1, 6), (6, 6))), ((3, 6), ((1, 6), (6, 6))), ((1, 2), ((1, 1), (1, 6))), ((6, 5), ((1, 6),)), ((6, 5), ((1, 6), (6, 6))), ((5, 6), ((1, 6), (6, 6))), ((4, 1), ()), ((1, 4), ((1, 1),)), ((3, 1), ((6, 6),)), ((1, 3), ((6, 6),)), ((1, 3), ((1, 6), (6, 6))), ((3, 5), ((1, 6), (6, 6))), ((4, 6), ((1, 6), (6, 6))), ((1, 3), ((1, 1), (1, 6))), ((6, 4), ((1, 6),)), ((6, 4), ((1, 6), (6, 6))), ((5, 5), ((1, 6), (6, 6))), ((5, 1), ()), ((1, 5), ((1, 1),)), ((4, 1), ((6, 6),)), ((1, 2), ((6, 6),)), ((1, 2), ((1, 6), (6, 6))), ((4, 5), ((1, 6), (6, 6))), ((1, 4), ((1, 1), (1, 6))), ((6, 3), ((1, 6),)), ((6, 3), ((1, 6), (6, 6))), ((6, 1), ((6, 1),)), ((1, 6), ((1, 1), (1, 6))), ((2, 5), ((1, 1),)), ((5, 1), ((6, 6),)), ((1, 1), ((1, 1), (6, 6))), ((1, 1), ((1, 1), (1, 6), (6, 6))), ((1, 5), ((1, 1), (1, 6))), ((5, 3), ((1, 6),)), ((5, 3), ((1, 6), (6, 6))), ((5, 1), ((6, 1),)), ((2, 6), ((1, 1), (1, 6))), ((2, 6), ((1, 1),)), ((3, 5), ((1, 1),)), ((6, 1), ((6, 1), (6, 6))), ((1, 2), ((1, 1), (6, 6))), ((1, 2), ((1, 1), (1, 6), (6, 6))), ((2, 5), ((1, 1), (1, 6))), ((4, 3), ((1, 6),)), ((4, 3), ((1, 6), (6, 6))), ((4, 1), ((6, 1),)), ((3, 6), ((1, 1), (1, 6))), ((3, 6), ((1, 1),)), ((4, 5), ((1, 1),)), ((5, 1), ((6, 1), (6, 6))), ((1, 3), ((1, 1), (6, 6))), ((1, 3), ((1, 1), (1, 6), (6, 6))), ((3, 5), ((1, 1), (1, 6))), ((3, 3), ((1, 6),)), ((3, 3), ((1, 6), (6, 6))), ((3, 1), ((6, 1),)), ((4, 6), ((1, 1), (1, 6))), ((4, 6), ((1, 1),)), ((5, 5), ((1, 1),)), ((4, 1), ((6, 1), (6, 6))), ((1, 4), ((1, 1), (6, 6))), ((1, 4), ((1, 1), (1, 6), (6, 6))), ((4, 5), ((1, 1), (1, 6))), ((3, 2), ((1, 6),)), ((3, 2), ((1, 6), (6, 6))), ((3, 2), ((6, 1),)), ((5, 6), ((1, 1), (1, 6))), ((5, 6), ((1, 1),)), ((6, 5), ((1, 1),)), ((3, 1), ((6, 1), (6, 6))), ((1, 5), ((1, 1), (6, 6))), ((1, 5), ((1, 1), (1, 6), (6, 6))), ((5, 5), ((1, 1), (1, 6))), ((3, 1), ((1, 6),)), ((3, 1), ((1, 6), (6, 6))), ((3, 3), ((6, 1),)), ((6, 6), ((1, 1), (1, 6), (6, 6))), ((6, 6), ((1, 1), (6, 6))), ((6, 4), ((1, 1),)), ((3, 2), ((6, 1), (6, 6))), ((1, 6), ((1, 1), (1, 6), (6, 6))), ((2, 5), ((1, 1), (6, 6))), ((2, 5), ((1, 1), (1, 6), (6, 6))), ((6, 5), ((1, 1), (1, 6))), ((4, 1), ((1, 6),)), ((4, 1), ((1, 6), (6, 6))), ((4, 3), ((6, 1),)), ((6, 5), ((1, 1), (1, 6), (6, 6))), ((5, 6), ((1, 1), (1, 6), (6, 6))), ((6, 5), ((1, 1), (6, 6))), ((5, 6), ((1, 1), (6, 6))), ((6, 3), ((1, 1),)), ((3, 3), ((6, 1), (6, 6))), ((2, 6), ((1, 1), (1, 6), (6, 6))), ((2, 6), ((1, 1), (6, 6))), ((3, 5), ((1, 1), (6, 6))), ((3, 5), ((1, 1), (1, 6), (6, 6))), ((6, 4), ((1, 1), (1, 6))), ((5, 1), ((1, 6),)), ((5, 1), ((1, 6), (6, 6))), ((5, 3), ((6, 1),)), ((6, 4), ((1, 1), (1, 6), (6, 6))), ((5, 5), ((1, 1), (1, 6), (6, 6))), ((4, 6), ((1, 1), (1, 6), (6, 6))), ((6, 4), ((1, 1), (6, 6))), ((5, 5), ((1, 1), (6, 6))), ((4, 6), ((1, 1), (6, 6))), ((5, 3), ((1, 1),)), ((4, 3), ((6, 1), (6, 6))), ((3, 6), ((1, 1), (1, 6), (6, 6))), ((3, 6), ((1, 1), (6, 6))), ((4, 5), ((1, 1), (6, 6))), ((4, 5), ((1, 1), (1, 6), (6, 6))), ((6, 3), ((1, 1), (1, 6))), ((6, 1), ((1, 6), (6, 1))), ((6, 1), ((1, 6), (6, 1), (6, 6))), ((6, 3), ((6, 1),)), ((6, 3), ((1, 1), (1, 6), (6, 6))), ((6, 3), ((1, 1), (6, 6))), ((4, 3), ((1, 1),)), ((5, 3), ((6, 1), (6, 6))), ((5, 3), ((1, 1), (1, 6))), ((5, 1), ((1, 6), (6, 1))), ((5, 1), ((1, 6), (6, 1), (6, 6))), ((6, 4), ((6, 1),)), ((5, 3), ((1, 1), (1, 6), (6, 6))), ((5, 3), ((1, 1), (6, 6))), ((3, 3), ((1, 1),)), ((6, 3), ((6, 1), (6, 6))), ((4, 3), ((1, 1), (1, 6))), ((4, 1), ((1, 6), (6, 1))), ((4, 1), ((1, 6), (6, 1), (6, 6))), ((6, 5), ((6, 1),)), ((4, 3), ((1, 1), (1, 6), (6, 6))), ((4, 3), ((1, 1), (6, 6))), ((3, 2), ((1, 1),)), ((6, 4), ((6, 1), (6, 6))), ((3, 3), ((1, 1), (1, 6))), ((3, 1), ((1, 6), (6, 1))), ((3, 1), ((1, 6), (6, 1), (6, 6))), ((6, 6), ((6, 1), (6, 6))), ((5, 5), ((6, 1),)), ((3, 3), ((1, 1), (1, 6), (6, 6))), ((3, 3), ((1, 1), (6, 6))), ((3, 1), ((1, 1),)), ((6, 5), ((6, 1), (6, 6))), ((3, 2), ((1, 1), (1, 6))), ((3, 2), ((1, 6), (6, 1))), ((3, 2), ((1, 6), (6, 1), (6, 6))), ((5, 6), ((6, 1), (6, 6))), ((5, 6), ((6, 1),)), ((4, 5), ((6, 1),)), ((3, 2), ((1, 1), (1, 6), (6, 6))), ((3, 2), ((1, 1), (6, 6))), ((4, 1), ((1, 1),))]",25,0,25
217,"((3, 1), ((1, 1), (1, 6)))","((3, 2), ((1, 1), (1, 6)))",South,"[((4, 1), ((1, 1), (1, 6))) via East]","[((3, 1), ((1, 1), (1, 6))), ((3, 3), ((1, 6), (6, 1))), ((3, 3), ((1, 6), (6, 1), (6, 6))), ((4, 6), ((6, 1), (6, 6))), ((4, 6), ((6, 1),)), ((3, 5), ((6, 1),)), ((3, 1), ((1, 1), (1, 6), (6, 6))), ((3, 1), ((1, 1), (6, 6))), ((5, 1), ((1, 1),)), ((4, 5), ((6, 1), (6, 6)))]","[((3, 3), ((1, 6), (6, 1))), ((3, 3), ((1, 6), (6, 1), (6, 6))), ((4, 6), ((6, 1), (6, 6))), ((4, 6), ((6, 1),)), ((3, 5), ((6, 1),)), ((3, 1), ((1, 1), (1, 6), (6, 6))), ((3, 1), ((1, 1), (6, 6))), ((5, 1), ((1, 1),)), ((4, 5), ((6, 1), (6, 6))), ((4, 1), ((1, 1), (1, 6)))]","[((4, 5), ()), ((4, 6), ()), ((5, 5), ()), ((3, 5), ()), ((5, 6), ()), ((3, 6), ()), ((6, 5), ()), ((2, 5), ()), ((6, 6), ((6, 6),)), ((2, 6), ()), ((6, 4), ()), ((1, 5), ()), ((6, 5), ((6, 6),)), ((5, 6), ((6, 6),)), ((1, 6), ((1, 6),)), ((6, 3), ()), ((1, 4), ()), ((6, 4), ((6, 6),)), ((5, 5), ((6, 6),)), ((4, 6), ((6, 6),)), ((1, 5), ((1, 6),)), ((2, 6), ((1, 6),)), ((5, 3), ()), ((1, 3), ()), ((6, 3), ((6, 6),)), ((4, 5), ((6, 6),)), ((3, 6), ((6, 6),)), ((1, 4), ((1, 6),)), ((2, 5), ((1, 6),)), ((3, 6), ((1, 6),)), ((4, 3), ()), ((1, 2), ()), ((5, 3), ((6, 6),)), ((3, 5), ((6, 6),)), ((2, 6), ((6, 6),)), ((1, 3), ((1, 6),)), ((3, 5), ((1, 6),)), ((4, 6), ((1, 6),)), ((3, 3), ()), ((1, 1), ((1, 1),)), ((4, 3), ((6, 6),)), ((2, 5), ((6, 6),)), ((1, 6), ((1, 6), (6, 6))), ((1, 2), ((1, 6),)), ((4, 5), ((1, 6),)), ((5, 6), ((1, 6),)), ((3, 2), ()), ((1, 2), ((1, 1),)), ((3, 3), ((6, 6),)), ((1, 5), ((6, 6),)), ((1, 5), ((1, 6), (6, 6))), ((2, 6), ((1, 6), (6, 6))), ((1, 1), ((1, 1), (1, 6))), ((5, 5), ((1, 6),)), ((6, 6), ((1, 6), (6, 6))), ((3, 1), ()), ((1, 3), ((1, 1),)), ((3, 2), ((6, 6),)), ((1, 4), ((6, 6),)), ((1, 4), ((1, 6), (6, 6))), ((2, 5), ((1, 6), (6, 6))), ((3, 6), ((1, 6), (6, 6))), ((1, 2), ((1, 1), (1, 6))), ((6, 5), ((1, 6),)), ((6, 5), ((1, 6), (6, 6))), ((5, 6), ((1, 6), (6, 6))), ((4, 1), ()), ((1, 4), ((1, 1),)), ((3, 1), ((6, 6),)), ((1, 3), ((6, 6),)), ((1, 3), ((1, 6), (6, 6))), ((3, 5), ((1, 6), (6, 6))), ((4, 6), ((1, 6), (6, 6))), ((1, 3), ((1, 1), (1, 6))), ((6, 4), ((1, 6),)), ((6, 4), ((1, 6), (6, 6))), ((5, 5), ((1, 6), (6, 6))), ((5, 1), ()), ((1, 5), ((1, 1),)), ((4, 1), ((6, 6),)), ((1, 2), ((6, 6),)), ((1, 2), ((1, 6), (6, 6))), ((4, 5), ((1, 6), (6, 6))), ((1, 4), ((1, 1), (1, 6))), ((6, 3), ((1, 6),)), ((6, 3), ((1, 6), (6, 6))), ((6, 1), ((6, 1),)), ((1, 6), ((1, 1), (1, 6))), ((2, 5), ((1, 1),)), ((5, 1), ((6, 6),)), ((1, 1), ((1, 1), (6, 6))), ((1, 1), ((1, 1), (1, 6), (6, 6))), ((1, 5), ((1, 1), (1, 6))), ((5, 3), ((1, 6),)), ((5, 3), ((1, 6), (6, 6))), ((5, 1), ((6, 1),)), ((2, 6), ((1, 1), (1, 6))), ((2, 6), ((1, 1),)), ((3, 5), ((1, 1),)), ((6, 1), ((6, 1), (6, 6))), ((1, 2), ((1, 1), (6, 6))), ((1, 2), ((1, 1), (1, 6), (6, 6))), ((2, 5), ((1, 1), (1, 6))), ((4, 3), ((1, 6),)), ((4, 3), ((1, 6), (6, 6))), ((4, 1), ((6, 1),)), ((3, 6), ((1, 1), (1, 6))), ((3, 6), ((1, 1),)), ((4, 5), ((1, 1),)), ((5, 1), ((6, 1), (6, 6))), ((1, 3), ((1, 1), (6, 6))), ((1, 3), ((1, 1), (1, 6), (6, 6))), ((3, 5), ((1, 1), (1, 6))), ((3, 3), ((1, 6),)), ((3, 3), ((1, 6), (6, 6))), ((3, 1), ((6, 1),)), ((4, 6), ((1, 1), (1, 6))), ((4, 6), ((1, 1),)), ((5, 5), ((1, 1),)), ((4, 1), ((6, 1), (6, 6))), ((1, 4), ((1, 1), (6, 6))), ((1, 4), ((1, 1), (1, 6), (6, 6))), ((4, 5), ((1, 1), (1, 6))), ((3, 2), ((1, 6),)), ((3, 2), ((1, 6), (6, 6))), ((3, 2), ((6, 1),)), ((5, 6), ((1, 1), (1, 6))), ((5, 6), ((1, 1),)), ((6, 5), ((1, 1),)), ((3, 1), ((6, 1), (6, 6))), ((1, 5), ((1, 1), (6, 6))), ((1, 5), ((1, 1), (1, 6), (6, 6))), ((5, 5), ((1, 1), (1, 6))), ((3, 1), ((1, 6),)), ((3, 1), ((1, 6), (6, 6))), ((3, 3), ((6, 1),)), ((6, 6), ((1, 1), (1, 6), (6, 6))), ((6, 6), ((1, 1), (6, 6))), ((6, 4), ((1, 1),)), ((3, 2), ((6, 1), (6, 6))), ((1, 6), ((1, 1), (1, 6), (6, 6))), ((2, 5), ((1, 1), (6, 6))), ((2, 5), ((1, 1), (1, 6), (6, 6))), ((6, 5), ((1, 1), (1, 6))), ((4, 1), ((1, 6),)), ((4, 1), ((1, 6), (6, 6))), ((4, 3), ((6, 1),)), ((6, 5), ((1, 1), (1, 6), (6, 6))), ((5, 6), ((1, 1), (1, 6), (6, 6))), ((6, 5), ((1, 1), (6, 6))), ((5, 6), ((1, 1), (6, 6))), ((6, 3), ((1, 1),)), ((3, 3), ((6, 1), (6, 6))), ((2, 6), ((1, 1), (1, 6), (6, 6))), ((2, 6), ((1, 1), (6, 6))), ((3, 5), ((1, 1), (6, 6))), ((3, 5), ((1, 1), (1, 6), (6, 6))), ((6, 4), ((1, 1), (1, 6))), ((5, 1), ((1, 6),)), ((5, 1), ((1, 6), (6, 6))), ((5, 3), ((6, 1),)), ((6, 4), ((1, 1), (1, 6), (6, 6))), ((5, 5), ((1, 1), (1, 6), (6, 6))), ((4, 6), ((1, 1), (1, 6), (6, 6))), ((6, 4), ((1, 1), (6, 6))), ((5, 5), ((1, 1), (6, 6))), ((4, 6), ((1, 1), (6, 6))), ((5, 3), ((1, 1),)), ((4, 3), ((6, 1), (6, 6))), ((3, 6), ((1, 1), (1, 6), (6, 6))), ((3, 6), ((1, 1), (6, 6))), ((4, 5), ((1, 1), (6, 6))), ((4, 5), ((1, 1), (1, 6), (6, 6))), ((6, 3), ((1, 1), (1, 6))), ((6, 1), ((1, 6), (6, 1))), ((6, 1), ((1, 6), (6, 1), (6, 6))), ((6, 3), ((6, 1),)), ((6, 3), ((1, 1), (1, 6), (6, 6))), ((6, 3), ((1, 1), (6, 6))), ((4, 3), ((1, 1),)), ((5, 3), ((6, 1), (6, 6))), ((5, 3), ((1, 1), (1, 6))), ((5, 1), ((1, 6), (6, 1))), ((5, 1), ((1, 6), (6, 1), (6, 6))), ((6, 4), ((6, 1),)), ((5, 3), ((1, 1), (1, 6), (6, 6))), ((5, 3), ((1, 1), (6, 6))), ((3, 3), ((1, 1),)), ((6, 3), ((6, 1), (6, 6))), ((4, 3), ((1, 1), (1, 6))), ((4, 1), ((1, 6), (6, 1))), ((4, 1), ((1, 6), (6, 1), (6, 6))), ((6, 5), ((6, 1),)), ((4, 3), ((1, 1), (1, 6), (6, 6))), ((4, 3), ((1, 1), (6, 6))), ((3, 2), ((1, 1),)), ((6, 4), ((6, 1), (6, 6))), ((3, 3), ((1, 1), (1, 6))), ((3, 1), ((1, 6), (6, 1))), ((3, 1), ((1, 6), (6, 1), (6, 6))), ((6, 6), ((6, 1), (6, 6))), ((5, 5), ((6, 1),)), ((3, 3), ((1, 1), (1, 6), (6, 6))), ((3, 3), ((1, 1), (6, 6))), ((3, 1), ((1, 1),)), ((6, 5), ((6, 1), (6, 6))), ((3, 2), ((1, 1), (1, 6))), ((3, 2), ((1, 6), (6, 1))), ((3, 2), ((1, 6), (6, 1), (6, 6))), ((5, 6), ((6, 1), (6, 6))), ((5, 6), ((6, 1),)), ((4, 5), ((6, 1),)), ((3, 2), ((1, 1), (1, 6), (6, 6))), ((3, 2), ((1, 1), (6, 6))), ((4, 1), ((1, 1),)), ((5, 5), ((6, 1), (6, 6)))]",25,0,25
218,"((3, 3), ((1, 6), (6, 1)))","((3, 2), ((1, 6), (6, 1)))",North,"[((4, 3), ((1, 6), (6, 1))) via East]","[((3, 3), ((1, 6), (6, 1))), ((3, 3), ((1, 6), (6, 1), (6, 6))), ((4, 6), ((6, 1), (6, 6))), ((4, 6), ((6, 1),)), ((3, 5), ((6, 1),)), ((3, 1), ((1, 1), (1, 6), (6, 6))), ((3, 1), ((1, 1), (6, 6))), ((5, 1), ((1, 1),)), ((4, 5), ((6, 1), (6, 6))), ((4, 1), ((1, 1), (1, 6)))]","[((3, 3), ((1, 6), (6, 1), (6, 6))), ((4, 6), ((6, 1), (6, 6))), ((4, 6), ((6, 1),)), ((3, 5), ((6, 1),)), ((3, 1), ((1, 1), (1, 6), (6, 6))), ((3, 1), ((1, 1), (6, 6))), ((5, 1), ((1, 1),)), ((4, 5), ((6, 1), (6, 6))), ((4, 1), ((1, 1), (1, 6))), ((4, 3), ((1, 6), (6, 1)))]","[((4, 5), ()), ((4, 6), ()), ((5, 5), ()), ((3, 5), ()), ((5, 6), ()), ((3, 6), ()), ((6, 5), ()), ((2, 5), ()), ((6, 6), ((6, 6),)), ((2, 6), ()), ((6, 4), ()), ((1, 5), ()), ((6, 5), ((6, 6),)), ((5, 6), ((6, 6),)), ((1, 6), ((1, 6),)), ((6, 3), ()), ((1, 4), ()), ((6, 4), ((6, 6),)), ((5, 5), ((6, 6),)), ((4, 6), ((6, 6),)), ((1, 5), ((1, 6),)), ((2, 6), ((1, 6),)), ((5, 3), ()), ((1, 3), ()), ((6, 3), ((6, 6),)), ((4, 5), ((6, 6),)), ((3, 6), ((6, 6),)), ((1, 4), ((1, 6),)), ((2, 5), ((1, 6),)), ((3, 6), ((1, 6),)), ((4, 3), ()), ((1, 2), ()), ((5, 3), ((6, 6),)), ((3, 5), ((6, 6),)), ((2, 6), ((6, 6),)), ((1, 3), ((1, 6),)), ((3, 5), ((1, 6),)), ((4, 6), ((1, 6),)), ((3, 3), ()), ((1, 1), ((1, 1),)), ((4, 3), ((6, 6),)), ((2, 5), ((6, 6),)), ((1, 6), ((1, 6), (6, 6))), ((1, 2), ((1, 6),)), ((4, 5), ((1, 6),)), ((5, 6), ((1, 6),)), ((3, 2), ()), ((1, 2), ((1, 1),)), ((3, 3), ((6, 6),)), ((1, 5), ((6, 6),)), ((1, 5), ((1, 6), (6, 6))), ((2, 6), ((1, 6), (6, 6))), ((1, 1), ((1, 1), (1, 6))), ((5, 5), ((1, 6),)), ((6, 6), ((1, 6), (6, 6))), ((3, 1), ()), ((1, 3), ((1, 1),)), ((3, 2), ((6, 6),)), ((1, 4), ((6, 6),)), ((1, 4), ((1, 6), (6, 6))), ((2, 5), ((1, 6), (6, 6))), ((3, 6), ((1, 6), (6, 6))), ((1, 2), ((1, 1), (1, 6))), ((6, 5), ((1, 6),)), ((6, 5), ((1, 6), (6, 6))), ((5, 6), ((1, 6), (6, 6))), ((4, 1), ()), ((1, 4), ((1, 1),)), ((3, 1), ((6, 6),)), ((1, 3), ((6, 6),)), ((1, 3), ((1, 6), (6, 6))), ((3, 5), ((1, 6), (6, 6))), ((4, 6), ((1, 6), (6, 6))), ((1, 3), ((1, 1), (1, 6))), ((6, 4), ((1, 6),)), ((6, 4), ((1, 6), (6, 6))), ((5, 5), ((1, 6), (6, 6))), ((5, 1), ()), ((1, 5), ((1, 1),)), ((4, 1), ((6, 6),)), ((1, 2), ((6, 6),)), ((1, 2), ((1, 6), (6, 6))), ((4, 5), ((1, 6), (6, 6))), ((1, 4), ((1, 1), (1, 6))), ((6, 3), ((1, 6),)), ((6, 3), ((1, 6), (6, 6))), ((6, 1), ((6, 1),)), ((1, 6), ((1, 1), (1, 6))), ((2, 5), ((1, 1),)), ((5, 1), ((6, 6),)), ((1, 1), ((1, 1), (6, 6))), ((1, 1), ((1, 1), (1, 6), (6, 6))), ((1, 5), ((1, 1), (1, 6))), ((5, 3), ((1, 6),)), ((5, 3), ((1, 6), (6, 6))), ((5, 1), ((6, 1),)), ((2, 6), ((1, 1), (1, 6))), ((2, 6), ((1, 1),)), ((3, 5), ((1, 1),)), ((6, 1), ((6, 1), (6, 6))), ((1, 2), ((1, 1), (6, 6))), ((1, 2), ((1, 1), (1, 6), (6, 6))), ((2, 5), ((1, 1), (1, 6))), ((4, 3), ((1, 6),)), ((4, 3), ((1, 6), (6, 6))), ((4, 1), ((6, 1),)), ((3, 6), ((1, 1), (1, 6))), ((3, 6), ((1, 1),)), ((4, 5), ((1, 1),)), ((5, 1), ((6, 1), (6, 6))), ((1, 3), ((1, 1), (6, 6))), ((1, 3), ((1, 1), (1, 6), (6, 6))), ((3, 5), ((1, 1), (1, 6))), ((3, 3), ((1, 6),)), ((3, 3), ((1, 6), (6, 6))), ((3, 1), ((6, 1),)), ((4, 6), ((1, 1), (1, 6))), ((4, 6), ((1, 1),)), ((5, 5), ((1, 1),)), ((4, 1), ((6, 1), (6, 6))), ((1, 4), ((1, 1), (6, 6))), ((1, 4), ((1, 1), (1, 6), (6, 6))), ((4, 5), ((1, 1), (1, 6))), ((3, 2), ((1, 6),)), ((3, 2), ((1, 6), (6, 6))), ((3, 2), ((6, 1),)), ((5, 6), ((1, 1), (1, 6))), ((5, 6), ((1, 1),)), ((6, 5), ((1, 1),)), ((3, 1), ((6, 1), (6, 6))), ((1, 5), ((1, 1), (6, 6))), ((1, 5), ((1, 1), (1, 6), (6, 6))), ((5, 5), ((1, 1), (1, 6))), ((3, 1), ((1, 6),)), ((3, 1), ((1, 6), (6, 6))), ((3, 3), ((6, 1),)), ((6, 6), ((1, 1), (1, 6), (6, 6))), ((6, 6), ((1, 1), (6, 6))), ((6, 4), ((1, 1),)), ((3, 2), ((6, 1), (6, 6))), ((1, 6), ((1, 1), (1, 6), (6, 6))), ((2, 5), ((1, 1), (6, 6))), ((2, 5), ((1, 1), (1, 6), (6, 6))), ((6, 5), ((1, 1), (1, 6))), ((4, 1), ((1, 6),)), ((4, 1), ((1, 6), (6, 6))), ((4, 3), ((6, 1),)), ((6, 5), ((1, 1), (1, 6), (6, 6))), ((5, 6), ((1, 1), (1, 6), (6, 6))), ((6, 5), ((1, 1), (6, 6))), ((5, 6), ((1, 1), (6, 6))), ((6, 3), ((1, 1),)), ((3, 3), ((6, 1), (6, 6))), ((2, 6), ((1, 1), (1, 6), (6, 6))), ((2, 6), ((1, 1), (6, 6))), ((3, 5), ((1, 1), (6, 6))), ((3, 5), ((1, 1), (1, 6), (6, 6))), ((6, 4), ((1, 1), (1, 6))), ((5, 1), ((1, 6),)), ((5, 1), ((1, 6), (6, 6))), ((5, 3), ((6, 1),)), ((6, 4), ((1, 1), (1, 6), (6, 6))), ((5, 5), ((1, 1), (1, 6), (6, 6))), ((4, 6), ((1, 1), (1, 6), (6, 6))), ((6, 4), ((1, 1), (6, 6))), ((5, 5), ((1, 1), (6, 6))), ((4, 6), ((1, 1), (6, 6))), ((5, 3), ((1, 1),)), ((4, 3), ((6, 1), (6, 6))), ((3, 6), ((1, 1), (1, 6), (6, 6))), ((3, 6), ((1, 1), (6, 6))), ((4, 5), ((1, 1), (6, 6))), ((4, 5), ((1, 1), (1, 6), (6, 6))), ((6, 3), ((1, 1), (1, 6))), ((6, 1), ((1, 6), (6, 1))), ((6, 1), ((1, 6), (6, 1), (6, 6))), ((6, 3), ((6, 1),)), ((6, 3), ((1, 1), (1, 6), (6, 6))), ((6, 3), ((1, 1), (6, 6))), ((4, 3), ((1, 1),)), ((5, 3), ((6, 1), (6, 6))), ((5, 3), ((1, 1), (1, 6))), ((5, 1), ((1, 6), (6, 1))), ((5, 1), ((1, 6), (6, 1), (6, 6))), ((6, 4), ((6, 1),)), ((5, 3), ((1, 1), (1, 6), (6, 6))), ((5, 3), ((1, 1), (6, 6))), ((3, 3), ((1, 1),)), ((6, 3), ((6, 1), (6, 6))), ((4, 3), ((1, 1), (1, 6))), ((4, 1), ((1, 6), (6, 1))), ((4, 1), ((1, 6), (6, 1), (6, 6))), ((6, 5), ((6, 1),)), ((4, 3), ((1, 1), (1, 6), (6, 6))), ((4, 3), ((1, 1), (6, 6))), ((3, 2), ((1, 1),)), ((6, 4), ((6, 1), (6, 6))), ((3, 3), ((1, 1), (1, 6))), ((3, 1), ((1, 6), (6, 1))), ((3, 1), ((1, 6), (6, 1), (6, 6))), ((6, 6), ((6, 1), (6, 6))), ((5, 5), ((6, 1),)), ((3, 3), ((1, 1), (1, 6), (6, 6))), ((3, 3), ((1, 1), (6, 6))), ((3, 1), ((1, 1),)), ((6, 5), ((6, 1), (6, 6))), ((3, 2), ((1, 1), (1, 6))), ((3, 2), ((1, 6), (6, 1))), ((3, 2), ((1, 6), (6, 1), (6, 6))), ((5, 6), ((6, 1), (6, 6))), ((5, 6), ((6, 1),)), ((4, 5), ((6, 1),)), ((3, 2), ((1, 1), (1, 6), (6, 6))), ((3, 2), ((1, 1), (6, 6))), ((4, 1), ((1, 1),)), ((5, 5), ((6, 1), (6, 6))), ((3, 1), ((1, 1), (1, 6)))]",25,0,25
219,"((3, 3), ((1, 6), (6, 1), (6, 6)))","((3, 2), ((1, 6), (6, 1), (6, 6)))",North,"[((4, 3), ((1, 6), (6, 1), (6, 6))) via East]","[((3, 3), ((1, 6), (6, 1), (6, 6))), ((4, 6), ((6, 1), (6, 6))), ((4, 6), ((6, 1),)), ((3, 5), ((6, 1),)), ((3, 1), ((1, 1), (1, 6), (6, 6))), ((3, 1), ((1, 1), (6, 6))), ((5, 1), ((1, 1),)), ((4, 5), ((6, 1), (6, 6))), ((4, 1), ((1, 1), (1, 6))), ((4, 3), ((1, 6), (6, 1)))]","[((4, 6), ((6, 1), (6, 6))), ((4, 6), ((6, 1),)), ((3, 5), ((6, 1),)), ((3, 1), ((1, 1), (1, 6), (6, 6))), ((3, 1), ((1, 1), (6, 6))), ((5, 1), ((1, 1),)), ((4, 5), ((6, 1), (6, 6))), ((4, 1), ((1, 1), (1, 6))), ((4, 3), ((1, 6), (6, 1))), ((4, 3), ((1, 6), (6, 1), (6, 6)))]","[((4, 5), ()), ((4, 6), ()), ((5, 5), ()), ((3, 5), ()), ((5, 6), ()), ((3, 6), ()), ((6, 5), ()), ((2, 5), ()), ((6, 6), ((6, 6),)), ((2, 6), ()), ((6, 4), ()), ((1, 5), ()), ((6, 5), ((6, 6),)), ((5, 6), ((6, 6),)), ((1, 6), ((1, 6),)), ((6, 3), ()), ((1, 4), ()), ((6, 4), ((6, 6),)), ((5, 5), ((6, 6),)), ((4, 6), ((6, 6),)), ((1, 5), ((1, 6),)), ((2, 6), ((1, 6),)), ((5, 3), ()), ((1, 3), ()), ((6, 3), ((6, 6),)), ((4, 5), ((6, 6),)), ((3, 6), ((6, 6),)), ((1, 4), ((1, 6),)), ((2, 5), ((1, 6),)), ((3, 6), ((1, 6),)), ((4, 3), ()), ((1, 2), ()), ((5, 3), ((6, 6),)), ((3, 5), ((6, 6),)), ((2, 6), ((6, 6),)), ((1, 3), ((1, 6),)), ((3, 5), ((1, 6),)), ((4, 6), ((1, 6),)), ((3, 3), ()), ((1, 1), ((1, 1),)), ((4, 3), ((6, 6),)), ((2, 5), ((6, 6),)), ((1, 6), ((1, 6), (6, 6))), ((1, 2), ((1, 6),)), ((4, 5), ((1, 6),)), ((5, 6), ((1, 6),)), ((3, 2), ()), ((1, 2), ((1, 1),)), ((3, 3), ((6, 6),)), ((1, 5), ((6, 6),)), ((1, 5), ((1, 6), (6, 6))), ((2, 6), ((1, 6), (6, 6))), ((1, 1), ((1, 1), (1, 6))), ((5, 5), ((1, 6),)), ((6, 6), ((1, 6), (6, 6))), ((3, 1), ()), ((1, 3), ((1, 1),)), ((3, 2), ((6, 6),)), ((1, 4), ((6, 6),)), ((1, 4), ((1, 6), (6, 6))), ((2, 5), ((1, 6), (6, 6))), ((3, 6), ((1, 6), (6, 6))), ((1, 2), ((1, 1), (1, 6))), ((6, 5), ((1, 6),)), ((6, 5), ((1, 6), (6, 6))), ((5, 6), ((1, 6), (6, 6))), ((4, 1), ()), ((1, 4), ((1, 1),)), ((3, 1), ((6, 6),)), ((1, 3), ((6, 6),)), ((1, 3), ((1, 6), (6, 6))), ((3, 5), ((1, 6), (6, 6))), ((4, 6), ((1, 6), (6, 6))), ((1, 3), ((1, 1), (1, 6))), ((6, 4), ((1, 6),)), ((6, 4), ((1, 6), (6, 6))), ((5, 5), ((1, 6), (6, 6))), ((5, 1), ()), ((1, 5), ((1, 1),)), ((4, 1), ((6, 6),)), ((1, 2), ((6, 6),)), ((1, 2), ((1, 6), (6, 6))), ((4, 5), ((1, 6), (6, 6))), ((1, 4), ((1, 1), (1, 6))), ((6, 3), ((1, 6),)), ((6, 3), ((1, 6), (6, 6))), ((6, 1), ((6, 1),)), ((1, 6), ((1, 1), (1, 6))), ((2, 5), ((1, 1),)), ((5, 1), ((6, 6),)), ((1, 1), ((1, 1), (6, 6))), ((1, 1), ((1, 1), (1, 6), (6, 6))), ((1, 5), ((1, 1), (1, 6))), ((5, 3), ((1, 6),)), ((5, 3), ((1, 6), (6, 6))), ((5, 1), ((6, 1),)), ((2, 6), ((1, 1), (1, 6))), ((2, 6), ((1, 1),)), ((3, 5), ((1, 1),)), ((6, 1), ((6, 1), (6, 6))), ((1, 2), ((1, 1), (6, 6))), ((1, 2), ((1, 1), (1, 6), (6, 6))), ((2, 5), ((1, 1), (1, 6))), ((4, 3), ((1, 6),)), ((4, 3), ((1, 6), (6, 6))), ((4, 1), ((6, 1),)), ((3, 6), ((1, 1), (1, 6))), ((3, 6), ((1, 1),)), ((4, 5), ((1, 1),)), ((5, 1), ((6, 1), (6, 6))), ((1, 3), ((1, 1), (6, 6))), ((1, 3), ((1, 1), (1, 6), (6, 6))), ((3, 5), ((1, 1), (1, 6))), ((3, 3), ((1, 6),)), ((3, 3), ((1, 6), (6, 6))), ((3, 1), ((6, 1),)), ((4, 6), ((1, 1), (1, 6))), ((4, 6), ((1, 1),)), ((5, 5), ((1, 1),)), ((4, 1), ((6, 1), (6, 6))), ((1, 4), ((1, 1), (6, 6))), ((1, 4), ((1, 1), (1, 6), (6, 6))), ((4, 5), ((1, 1), (1, 6))), ((3, 2), ((1, 6),)), ((3, 2), ((1, 6), (6, 6))), ((3, 2), ((6, 1),)), ((5, 6), ((1, 1), (1, 6))), ((5, 6), ((1, 1),)), ((6, 5), ((1, 1),)), ((3, 1), ((6, 1), (6, 6))), ((1, 5), ((1, 1), (6, 6))), ((1, 5), ((1, 1), (1, 6), (6, 6))), ((5, 5), ((1, 1), (1, 6))), ((3, 1), ((1, 6),)), ((3, 1), ((1, 6), (6, 6))), ((3, 3), ((6, 1),)), ((6, 6), ((1, 1), (1, 6), (6, 6))), ((6, 6), ((1, 1), (6, 6))), ((6, 4), ((1, 1),)), ((3, 2), ((6, 1), (6, 6))), ((1, 6), ((1, 1), (1, 6), (6, 6))), ((2, 5), ((1, 1), (6, 6))), ((2, 5), ((1, 1), (1, 6), (6, 6))), ((6, 5), ((1, 1), (1, 6))), ((4, 1), ((1, 6),)), ((4, 1), ((1, 6), (6, 6))), ((4, 3), ((6, 1),)), ((6, 5), ((1, 1), (1, 6), (6, 6))), ((5, 6), ((1, 1), (1, 6), (6, 6))), ((6, 5), ((1, 1), (6, 6))), ((5, 6), ((1, 1), (6, 6))), ((6, 3), ((1, 1),)), ((3, 3), ((6, 1), (6, 6))), ((2, 6), ((1, 1), (1, 6), (6, 6))), ((2, 6), ((1, 1), (6, 6))), ((3, 5), ((1, 1), (6, 6))), ((3, 5), ((1, 1), (1, 6), (6, 6))), ((6, 4), ((1, 1), (1, 6))), ((5, 1), ((1, 6),)), ((5, 1), ((1, 6), (6, 6))), ((5, 3), ((6, 1),)), ((6, 4), ((1, 1), (1, 6), (6, 6))), ((5, 5), ((1, 1), (1, 6), (6, 6))), ((4, 6), ((1, 1), (1, 6), (6, 6))), ((6, 4), ((1, 1), (6, 6))), ((5, 5), ((1, 1), (6, 6))), ((4, 6), ((1, 1), (6, 6))), ((5, 3), ((1, 1),)), ((4, 3), ((6, 1), (6, 6))), ((3, 6), ((1, 1), (1, 6), (6, 6))), ((3, 6), ((1, 1), (6, 6))), ((4, 5), ((1, 1), (6, 6))), ((4, 5), ((1, 1), (1, 6), (6, 6))), ((6, 3), ((1, 1), (1, 6))), ((6, 1), ((1, 6), (6, 1))), ((6, 1), ((1, 6), (6, 1), (6, 6))), ((6, 3), ((6, 1),)), ((6, 3), ((1, 1), (1, 6), (6, 6))), ((6, 3), ((1, 1), (6, 6))), ((4, 3), ((1, 1),)), ((5, 3), ((6, 1), (6, 6))), ((5, 3), ((1, 1), (1, 6))), ((5, 1), ((1, 6), (6, 1))), ((5, 1), ((1, 6), (6, 1), (6, 6))), ((6, 4), ((6, 1),)), ((5, 3), ((1, 1), (1, 6), (6, 6))), ((5, 3), ((1, 1), (6, 6))), ((3, 3), ((1, 1),)), ((6, 3), ((6, 1), (6, 6))), ((4, 3), ((1, 1), (1, 6))), ((4, 1), ((1, 6), (6, 1))), ((4, 1), ((1, 6), (6, 1), (6, 6))), ((6, 5), ((6, 1),)), ((4, 3), ((1, 1), (1, 6), (6, 6))), ((4, 3), ((1, 1), (6, 6))), ((3, 2), ((1, 1),)), ((6, 4), ((6, 1), (6, 6))), ((3, 3), ((1, 1), (1, 6))), ((3, 1), ((1, 6), (6, 1))), ((3, 1), ((1, 6), (6, 1), (6, 6))), ((6, 6), ((6, 1), (6, 6))), ((5, 5), ((6, 1),)), ((3, 3), ((1, 1), (1, 6), (6, 6))), ((3, 3), ((1, 1), (6, 6))), ((3, 1), ((1, 1),)), ((6, 5), ((6, 1), (6, 6))), ((3, 2), ((1, 1), (1, 6))), ((3, 2), ((1, 6), (6, 1))), ((3, 2), ((1, 6), (6, 1), (6, 6))), ((5, 6), ((6, 1), (6, 6))), ((5, 6), ((6, 1),)), ((4, 5), ((6, 1),)), ((3, 2), ((1, 1), (1, 6), (6, 6))), ((3, 2), ((1, 1), (6, 6))), ((4, 1), ((1, 1),)), ((5, 5), ((6, 1), (6, 6))), ((3, 1), ((1, 1), (1, 6))), ((3, 3), ((1, 6), (6, 1)))]",25,0,25
220,"((4, 6), ((6, 1), (6, 6)))","((5, 6), ((6, 1), (6, 6)))",West,"[((3, 6), ((6, 1), (6, 6))) via West]","[((4, 6), ((6, 1), (6, 6))), ((4, 6), ((6, 1),)), ((3, 5), ((6, 1),)), ((3, 1), ((1, 1), (1, 6), (6, 6))), ((3, 1), ((1, 1), (6, 6))), ((5, 1), ((1, 1),)), ((4, 5), ((6, 1), (6, 6))), ((4, 1), ((1, 1), (1, 6))), ((4, 3), ((1, 6), (6, 1))), ((4, 3), ((1, 6), (6, 1), (6, 6)))]","[((4, 6), ((6, 1),)), ((3, 5), ((6, 1),)), ((3, 1), ((1, 1), (1, 6), (6, 6))), ((3, 1), ((1, 1), (6, 6))), ((5, 1), ((1, 1),)), ((4, 5), ((6, 1), (6, 6))), ((4, 1), ((1, 1), (1, 6))), ((4, 3), ((1, 6), (6, 1))), ((4, 3), ((1, 6), (6, 1), (6, 6))), ((3, 6), ((6, 1), (6, 6)))]","[((4, 5), ()), ((4, 6), ()), ((5, 5), ()), ((3, 5), ()), ((5, 6), ()), ((3, 6), ()), ((6, 5), ()), ((2, 5), ()), ((6, 6), ((6, 6),)), ((2, 6), ()), ((6, 4), ()), ((1, 5), ()), ((6, 5), ((6, 6),)), ((5, 6), ((6, 6),)), ((1, 6), ((1, 6),)), ((6, 3), ()), ((1, 4), ()), ((6, 4), ((6, 6),)), ((5, 5), ((6, 6),)), ((4, 6), ((6, 6),)), ((1, 5), ((1, 6),)), ((2, 6), ((1, 6),)), ((5, 3), ()), ((1, 3), ()), ((6, 3), ((6, 6),)), ((4, 5), ((6, 6),)), ((3, 6), ((6, 6),)), ((1, 4), ((1, 6),)), ((2, 5), ((1, 6),)), ((3, 6), ((1, 6),)), ((4, 3), ()), ((1, 2), ()), ((5, 3), ((6, 6),)), ((3, 5), ((6, 6),)), ((2, 6), ((6, 6),)), ((1, 3), ((1, 6),)), ((3, 5), ((1, 6),)), ((4, 6), ((1, 6),)), ((3, 3), ()), ((1, 1), ((1, 1),)), ((4, 3), ((6, 6),)), ((2, 5), ((6, 6),)), ((1, 6), ((1, 6), (6, 6))), ((1, 2), ((1, 6),)), ((4, 5), ((1, 6),)), ((5, 6), ((1, 6),)), ((3, 2), ()), ((1, 2), ((1, 1),)), ((3, 3), ((6, 6),)), ((1, 5), ((6, 6),)), ((1, 5), ((1, 6), (6, 6))), ((2, 6), ((1, 6), (6, 6))), ((1, 1), ((1, 1), (1, 6))), ((5, 5), ((1, 6),)), ((6, 6), ((1, 6), (6, 6))), ((3, 1), ()), ((1, 3), ((1, 1),)), ((3, 2), ((6, 6),)), ((1, 4), ((6, 6),)), ((1, 4), ((1, 6), (6, 6))), ((2, 5), ((1, 6), (6, 6))), ((3, 6), ((1, 6), (6, 6))), ((1, 2), ((1, 1), (1, 6))), ((6, 5), ((1, 6),)), ((6, 5), ((1, 6), (6, 6))), ((5, 6), ((1, 6), (6, 6))), ((4, 1), ()), ((1, 4), ((1, 1),)), ((3, 1), ((6, 6),)), ((1, 3), ((6, 6),)), ((1, 3), ((1, 6), (6, 6))), ((3, 5), ((1, 6), (6, 6))), ((4, 6), ((1, 6), (6, 6))), ((1, 3), ((1, 1), (1, 6))), ((6, 4), ((1, 6),)), ((6, 4), ((1, 6), (6, 6))), ((5, 5), ((1, 6), (6, 6))), ((5, 1), ()), ((1, 5), ((1, 1),)), ((4, 1), ((6, 6),)), ((1, 2), ((6, 6),)), ((1, 2), ((1, 6), (6, 6))), ((4, 5), ((1, 6), (6, 6))), ((1, 4), ((1, 1), (1, 6))), ((6, 3), ((1, 6),)), ((6, 3), ((1, 6), (6, 6))), ((6, 1), ((6, 1),)), ((1, 6), ((1, 1), (1, 6))), ((2, 5), ((1, 1),)), ((5, 1), ((6, 6),)), ((1, 1), ((1, 1), (6, 6))), ((1, 1), ((1, 1), (1, 6), (6, 6))), ((1, 5), ((1, 1), (1, 6))), ((5, 3), ((1, 6),)), ((5, 3), ((1, 6), (6, 6))), ((5, 1), ((6, 1),)), ((2, 6), ((1, 1), (1, 6))), ((2, 6), ((1, 1),)), ((3, 5), ((1, 1),)), ((6, 1), ((6, 1), (6, 6))), ((1, 2), ((1, 1), (6, 6))), ((1, 2), ((1, 1), (1, 6), (6, 6))), ((2, 5), ((1, 1), (1, 6))), ((4, 3), ((1, 6),)), ((4, 3), ((1, 6), (6, 6))), ((4, 1), ((6, 1),)), ((3, 6), ((1, 1), (1, 6))), ((3, 6), ((1, 1),)), ((4, 5), ((1, 1),)), ((5, 1), ((6, 1), (6, 6))), ((1, 3), ((1, 1), (6, 6))), ((1, 3), ((1, 1), (1, 6), (6, 6))), ((3, 5), ((1, 1), (1, 6))), ((3, 3), ((1, 6),)), ((3, 3), ((1, 6), (6, 6))), ((3, 1), ((6, 1),)), ((4, 6), ((1, 1), (1, 6))), ((4, 6), ((1, 1),)), ((5, 5), ((1, 1),)), ((4, 1), ((6, 1), (6, 6))), ((1, 4), ((1, 1), (6, 6))), ((1, 4), ((1, 1), (1, 6), (6, 6))), ((4, 5), ((1, 1), (1, 6))), ((3, 2), ((1, 6),)), ((3, 2), ((1, 6), (6, 6))), ((3, 2), ((6, 1),)), ((5, 6), ((1, 1), (1, 6))), ((5, 6), ((1, 1),)), ((6, 5), ((1, 1),)), ((3, 1), ((6, 1), (6, 6))), ((1, 5), ((1, 1), (6, 6))), ((1, 5), ((1, 1), (1, 6), (6, 6))), ((5, 5), ((1, 1), (1, 6))), ((3, 1), ((1, 6),)), ((3, 1), ((1, 6), (6, 6))), ((3, 3), ((6, 1),)), ((6, 6), ((1, 1), (1, 6), (6, 6))), ((6, 6), ((1, 1), (6, 6))), ((6, 4), ((1, 1),)), ((3, 2), ((6, 1), (6, 6))), ((1, 6), ((1, 1), (1, 6), (6, 6))), ((2, 5), ((1, 1), (6, 6))), ((2, 5), ((1, 1), (1, 6), (6, 6))), ((6, 5), ((1, 1), (1, 6))), ((4, 1), ((1, 6),)), ((4, 1), ((1, 6), (6, 6))), ((4, 3), ((6, 1),)), ((6, 5), ((1, 1), (1, 6), (6, 6))), ((5, 6), ((1, 1), (1, 6), (6, 6))), ((6, 5), ((1, 1), (6, 6))), ((5, 6), ((1, 1), (6, 6))), ((6, 3), ((1, 1),)), ((3, 3), ((6, 1), (6, 6))), ((2, 6), ((1, 1), (1, 6), (6, 6))), ((2, 6), ((1, 1), (6, 6))), ((3, 5), ((1, 1), (6, 6))), ((3, 5), ((1, 1), (1, 6), (6, 6))), ((6, 4), ((1, 1), (1, 6))), ((5, 1), ((1, 6),)), ((5, 1), ((1, 6), (6, 6))), ((5, 3), ((6, 1),)), ((6, 4), ((1, 1), (1, 6), (6, 6))), ((5, 5), ((1, 1), (1, 6), (6, 6))), ((4, 6), ((1, 1), (1, 6), (6, 6))), ((6, 4), ((1, 1), (6, 6))), ((5, 5), ((1, 1), (6, 6))), ((4, 6), ((1, 1), (6, 6))), ((5, 3), ((1, 1),)), ((4, 3), ((6, 1), (6, 6))), ((3, 6), ((1, 1), (1, 6), (6, 6))), ((3, 6), ((1, 1), (6, 6))), ((4, 5), ((1, 1), (6, 6))), ((4, 5), ((1, 1), (1, 6), (6, 6))), ((6, 3), ((1, 1), (1, 6))), ((6, 1), ((1, 6), (6, 1))), ((6, 1), ((1, 6), (6, 1), (6, 6))), ((6, 3), ((6, 1),)), ((6, 3), ((1, 1), (1, 6), (6, 6))), ((6, 3), ((1, 1), (6, 6))), ((4, 3), ((1, 1),)), ((5, 3), ((6, 1), (6, 6))), ((5, 3), ((1, 1), (1, 6))), ((5, 1), ((1, 6), (6, 1))), ((5, 1), ((1, 6), (6, 1), (6, 6))), ((6, 4), ((6, 1),)), ((5, 3), ((1, 1), (1, 6), (6, 6))), ((5, 3), ((1, 1), (6, 6))), ((3, 3), ((1, 1),)), ((6, 3), ((6, 1), (6, 6))), ((4, 3), ((1, 1), (1, 6))), ((4, 1), ((1, 6), (6, 1))), ((4, 1), ((1, 6), (6, 1), (6, 6))), ((6, 5), ((6, 1),)), ((4, 3), ((1, 1), (1, 6), (6, 6))), ((4, 3), ((1, 1), (6, 6))), ((3, 2), ((1, 1),)), ((6, 4), ((6, 1), (6, 6))), ((3, 3), ((1, 1), (1, 6))), ((3, 1), ((1, 6), (6, 1))), ((3, 1), ((1, 6), (6, 1), (6, 6))), ((6, 6), ((6, 1), (6, 6))), ((5, 5), ((6, 1),)), ((3, 3), ((1, 1), (1, 6), (6, 6))), ((3, 3), ((1, 1), (6, 6))), ((3, 1), ((1, 1),)), ((6, 5), ((6, 1), (6, 6))), ((3, 2), ((1, 1), (1, 6))), ((3, 2), ((1, 6), (6, 1))), ((3, 2), ((1, 6), (6, 1), (6, 6))), ((5, 6), ((6, 1), (6, 6))), ((5, 6), ((6, 1),)), ((4, 5), ((6, 1),)), ((3, 2), ((1, 1), (1, 6), (6, 6))), ((3, 2), ((1, 1), (6, 6))), ((4, 1), ((1, 1),)), ((5, 5), ((6, 1), (6, 6))), ((3, 1), ((1, 1), (1, 6))), ((3, 3), ((1, 6), (6, 1))), ((3, 3), ((1, 6), (6, 1), (6, 6)))]",25,0,25
221,"((4, 6), ((6, 1),))","((5, 6), ((6, 1),))",West,"[((3, 6), ((6, 1),)) via West]","[((4, 6), ((6, 1),)), ((3, 5), ((6, 1),)), ((3, 1), ((1, 1), (1, 6), (6, 6))), ((3, 1), ((1, 1), (6, 6))), ((5, 1), ((1, 1),)), ((4, 5), ((6, 1), (6, 6))), ((4, 1), ((1, 1), (1, 6))), ((4, 3), ((1, 6), (6, 1))), ((4, 3), ((1, 6), (6, 1), (6, 6))), ((3, 6), ((6, 1), (6, 6)))]","[((3, 5), ((6, 1),)), ((3, 1), ((1, 1), (1, 6), (6, 6))), ((3, 1), ((1, 1), (6, 6))), ((5, 1), ((1, 1),)), ((4, 5), ((6, 1), (6, 6))), ((4, 1), ((1, 1), (1, 6))), ((4, 3), ((1, 6), (6, 1))), ((4, 3), ((1, 6), (6, 1), (6, 6))), ((3, 6), ((6, 1), (6, 6))), ((3, 6), ((6, 1),))]","[((4, 5), ()), ((4, 6), ()), ((5, 5), ()), ((3, 5), ()), ((5, 6), ()), ((3, 6), ()), ((6, 5), ()), ((2, 5), ()), ((6, 6), ((6, 6),)), ((2, 6), ()), ((6, 4), ()), ((1, 5), ()), ((6, 5), ((6, 6),)), ((5, 6), ((6, 6),)), ((1, 6), ((1, 6),)), ((6, 3), ()), ((1, 4), ()), ((6, 4), ((6, 6),)), ((5, 5), ((6, 6),)), ((4, 6), ((6, 6),)), ((1, 5), ((1, 6),)), ((2, 6), ((1, 6),)), ((5, 3), ()), ((1, 3), ()), ((6, 3), ((6, 6),)), ((4, 5), ((6, 6),)), ((3, 6), ((6, 6),)), ((1, 4), ((1, 6),)), ((2, 5), ((1, 6),)), ((3, 6), ((1, 6),)), ((4, 3), ()), ((1, 2), ()), ((5, 3), ((6, 6),)), ((3, 5), ((6, 6),)), ((2, 6), ((6, 6),)), ((1, 3), ((1, 6),)), ((3, 5), ((1, 6),)), ((4, 6), ((1, 6),)), ((3, 3), ()), ((1, 1), ((1, 1),)), ((4, 3), ((6, 6),)), ((2, 5), ((6, 6),)), ((1, 6), ((1, 6), (6, 6))), ((1, 2), ((1, 6),)), ((4, 5), ((1, 6),)), ((5, 6), ((1, 6),)), ((3, 2), ()), ((1, 2), ((1, 1),)), ((3, 3), ((6, 6),)), ((1, 5), ((6, 6),)), ((1, 5), ((1, 6), (6, 6))), ((2, 6), ((1, 6), (6, 6))), ((1, 1), ((1, 1), (1, 6))), ((5, 5), ((1, 6),)), ((6, 6), ((1, 6), (6, 6))), ((3, 1), ()), ((1, 3), ((1, 1),)), ((3, 2), ((6, 6),)), ((1, 4), ((6, 6),)), ((1, 4), ((1, 6), (6, 6))), ((2, 5), ((1, 6), (6, 6))), ((3, 6), ((1, 6), (6, 6))), ((1, 2), ((1, 1), (1, 6))), ((6, 5), ((1, 6),)), ((6, 5), ((1, 6), (6, 6))), ((5, 6), ((1, 6), (6, 6))), ((4, 1), ()), ((1, 4), ((1, 1),)), ((3, 1), ((6, 6),)), ((1, 3), ((6, 6),)), ((1, 3), ((1, 6), (6, 6))), ((3, 5), ((1, 6), (6, 6))), ((4, 6), ((1, 6), (6, 6))), ((1, 3), ((1, 1), (1, 6))), ((6, 4), ((1, 6),)), ((6, 4), ((1, 6), (6, 6))), ((5, 5), ((1, 6), (6, 6))), ((5, 1), ()), ((1, 5), ((1, 1),)), ((4, 1), ((6, 6),)), ((1, 2), ((6, 6),)), ((1, 2), ((1, 6), (6, 6))), ((4, 5), ((1, 6), (6, 6))), ((1, 4), ((1, 1), (1, 6))), ((6, 3), ((1, 6),)), ((6, 3), ((1, 6), (6, 6))), ((6, 1), ((6, 1),)), ((1, 6), ((1, 1), (1, 6))), ((2, 5), ((1, 1),)), ((5, 1), ((6, 6),)), ((1, 1), ((1, 1), (6, 6))), ((1, 1), ((1, 1), (1, 6), (6, 6))), ((1, 5), ((1, 1), (1, 6))), ((5, 3), ((1, 6),)), ((5, 3), ((1, 6), (6, 6))), ((5, 1), ((6, 1),)), ((2, 6), ((1, 1), (1, 6))), ((2, 6), ((1, 1),)), ((3, 5), ((1, 1),)), ((6, 1), ((6, 1), (6, 6))), ((1, 2), ((1, 1), (6, 6))), ((1, 2), ((1, 1), (1, 6), (6, 6))), ((2, 5), ((1, 1), (1, 6))), ((4, 3), ((1, 6),)), ((4, 3), ((1, 6), (6, 6))), ((4, 1), ((6, 1),)), ((3, 6), ((1, 1), (1, 6))), ((3, 6), ((1, 1),)), ((4, 5), ((1, 1),)), ((5, 1), ((6, 1), (6, 6))), ((1, 3), ((1, 1), (6, 6))), ((1, 3), ((1, 1), (1, 6), (6, 6))), ((3, 5), ((1, 1), (1, 6))), ((3, 3), ((1, 6),)), ((3, 3), ((1, 6), (6, 6))), ((3, 1), ((6, 1),)), ((4, 6), ((1, 1), (1, 6))), ((4, 6), ((1, 1),)), ((5, 5), ((1, 1),)), ((4, 1), ((6, 1), (6, 6))), ((1, 4), ((1, 1), (6, 6))), ((1, 4), ((1, 1), (1, 6), (6, 6))), ((4, 5), ((1, 1), (1, 6))), ((3, 2), ((1, 6),)), ((3, 2), ((1, 6), (6, 6))), ((3, 2), ((6, 1),)), ((5, 6), ((1, 1), (1, 6))), ((5, 6), ((1, 1),)), ((6, 5), ((1, 1),)), ((3, 1), ((6, 1), (6, 6))), ((1, 5), ((1, 1), (6, 6))), ((1, 5), ((1, 1), (1, 6), (6, 6))), ((5, 5), ((1, 1), (1, 6))), ((3, 1), ((1, 6),)), ((3, 1), ((1, 6), (6, 6))), ((3, 3), ((6, 1),)), ((6, 6), ((1, 1), (1, 6), (6, 6))), ((6, 6), ((1, 1), (6, 6))), ((6, 4), ((1, 1),)), ((3, 2), ((6, 1), (6, 6))), ((1, 6), ((1, 1), (1, 6), (6, 6))), ((2, 5), ((1, 1), (6, 6))), ((2, 5), ((1, 1), (1, 6), (6, 6))), ((6, 5), ((1, 1), (1, 6))), ((4, 1), ((1, 6),)), ((4, 1), ((1, 6), (6, 6))), ((4, 3), ((6, 1),)), ((6, 5), ((1, 1), (1, 6), (6, 6))), ((5, 6), ((1, 1), (1, 6), (6, 6))), ((6, 5), ((1, 1), (6, 6))), ((5, 6), ((1, 1), (6, 6))), ((6, 3), ((1, 1),)), ((3, 3), ((6, 1), (6, 6))), ((2, 6), ((1, 1), (1, 6), (6, 6))), ((2, 6), ((1, 1), (6, 6))), ((3, 5), ((1, 1), (6, 6))), ((3, 5), ((1, 1), (1, 6), (6, 6))), ((6, 4), ((1, 1), (1, 6))), ((5, 1), ((1, 6),)), ((5, 1), ((1, 6), (6, 6))), ((5, 3), ((6, 1),)), ((6, 4), ((1, 1), (1, 6), (6, 6))), ((5, 5), ((1, 1), (1, 6), (6, 6))), ((4, 6), ((1, 1), (1, 6), (6, 6))), ((6, 4), ((1, 1), (6, 6))), ((5, 5), ((1, 1), (6, 6))), ((4, 6), ((1, 1), (6, 6))), ((5, 3), ((1, 1),)), ((4, 3), ((6, 1), (6, 6))), ((3, 6), ((1, 1), (1, 6), (6, 6))), ((3, 6), ((1, 1), (6, 6))), ((4, 5), ((1, 1), (6, 6))), ((4, 5), ((1, 1), (1, 6), (6, 6))), ((6, 3), ((1, 1), (1, 6))), ((6, 1), ((1, 6), (6, 1))), ((6, 1), ((1, 6), (6, 1), (6, 6))), ((6, 3), ((6, 1),)), ((6, 3), ((1, 1), (1, 6), (6, 6))), ((6, 3), ((1, 1), (6, 6))), ((4, 3), ((1, 1),)), ((5, 3), ((6, 1), (6, 6))), ((5, 3), ((1, 1), (1, 6))), ((5, 1), ((1, 6), (6, 1))), ((5, 1), ((1, 6), (6, 1), (6, 6))), ((6, 4), ((6, 1),)), ((5, 3), ((1, 1), (1, 6), (6, 6))), ((5, 3), ((1, 1), (6, 6))), ((3, 3), ((1, 1),)), ((6, 3), ((6, 1), (6, 6))), ((4, 3), ((1, 1), (1, 6))), ((4, 1), ((1, 6), (6, 1))), ((4, 1), ((1, 6), (6, 1), (6, 6))), ((6, 5), ((6, 1),)), ((4, 3), ((1, 1), (1, 6), (6, 6))), ((4, 3), ((1, 1), (6, 6))), ((3, 2), ((1, 1),)), ((6, 4), ((6, 1), (6, 6))), ((3, 3), ((1, 1), (1, 6))), ((3, 1), ((1, 6), (6, 1))), ((3, 1), ((1, 6), (6, 1), (6, 6))), ((6, 6), ((6, 1), (6, 6))), ((5, 5), ((6, 1),)), ((3, 3), ((1, 1), (1, 6), (6, 6))), ((3, 3), ((1, 1), (6, 6))), ((3, 1), ((1, 1),)), ((6, 5), ((6, 1), (6, 6))), ((3, 2), ((1, 1), (1, 6))), ((3, 2), ((1, 6), (6, 1))), ((3, 2), ((1, 6), (6, 1), (6, 6))), ((5, 6), ((6, 1), (6, 6))), ((5, 6), ((6, 1),)), ((4, 5), ((6, 1),)), ((3, 2), ((1, 1), (1, 6), (6, 6))), ((3, 2), ((1, 1), (6, 6))), ((4, 1), ((1, 1),)), ((5, 5), ((6, 1), (6, 6))), ((3, 1), ((1, 1), (1, 6))), ((3, 3), ((1, 6), (6, 1))), ((3, 3), ((1, 6), (6, 1), (6, 6))), ((4, 6), ((6, 1), (6, 6)))]",25,0,25
222,"((3, 5), ((6, 1),))","((4, 5), ((6, 1),))",West,"[((2, 5), ((6, 1),)) via West]","[((3, 5), ((6, 1),)), ((3, 1), ((1, 1), (1, 6), (6, 6))), ((3, 1), ((1, 1), (6, 6))), ((5, 1), ((1, 1),)), ((4, 5), ((6, 1), (6, 6))), ((4, 1), ((1, 1), (1, 6))), ((4, 3), ((1, 6), (6, 1))), ((4, 3), ((1, 6), (6, 1), (6, 6))), ((3, 6), ((6, 1), (6, 6))), ((3, 6), ((6, 1),))]","[((3, 1), ((1, 1), (1, 6), (6, 6))), ((3, 1), ((1, 1), (6, 6))), ((5, 1), ((1, 1),)), ((4, 5), ((6, 1), (6, 6))), ((4, 1), ((1, 1), (1, 6))), ((4, 3), ((1, 6), (6, 1))), ((4, 3), ((1, 6), (6, 1), (6, 6))), ((3, 6), ((6, 1), (6, 6))), ((3, 6), ((6, 1),)), ((2, 5), ((6, 1),))]","[((4, 5), ()), ((4, 6), ()), ((5, 5), ()), ((3, 5), ()), ((5, 6), ()), ((3, 6), ()), ((6, 5), ()), ((2, 5), ()), ((6, 6), ((6, 6),)), ((2, 6), ()), ((6, 4), ()), ((1, 5), ()), ((6, 5), ((6, 6),)), ((5, 6), ((6, 6),)), ((1, 6), ((1, 6),)), ((6, 3), ()), ((1, 4), ()), ((6, 4), ((6, 6),)), ((5, 5), ((6, 6),)), ((4, 6), ((6, 6),)), ((1, 5), ((1, 6),)), ((2, 6), ((1, 6),)), ((5, 3), ()), ((1, 3), ()), ((6, 3), ((6, 6),)), ((4, 5), ((6, 6),)), ((3, 6), ((6, 6),)), ((1, 4), ((1, 6),)), ((2, 5), ((1, 6),)), ((3, 6), ((1, 6),)), ((4, 3), ()), ((1, 2), ()), ((5, 3), ((6, 6),)), ((3, 5), ((6, 6),)), ((2, 6), ((6, 6),)), ((1, 3), ((1, 6),)), ((3, 5), ((1, 6),)), ((4, 6), ((1, 6),)), ((3, 3), ()), ((1, 1), ((1, 1),)), ((4, 3), ((6, 6),)), ((2, 5), ((6, 6),)), ((1, 6), ((1, 6), (6, 6))), ((1, 2), ((1, 6),)), ((4, 5), ((1, 6),)), ((5, 6), ((1, 6),)), ((3, 2), ()), ((1, 2), ((1, 1),)), ((3, 3), ((6, 6),)), ((1, 5), ((6, 6),)), ((1, 5), ((1, 6), (6, 6))), ((2, 6), ((1, 6), (6, 6))), ((1, 1), ((1, 1), (1, 6))), ((5, 5), ((1, 6),)), ((6, 6), ((1, 6), (6, 6))), ((3, 1), ()), ((1, 3), ((1, 1),)), ((3, 2), ((6, 6),)), ((1, 4), ((6, 6),)), ((1, 4), ((1, 6), (6, 6))), ((2, 5), ((1, 6), (6, 6))), ((3, 6), ((1, 6), (6, 6))), ((1, 2), ((1, 1), (1, 6))), ((6, 5), ((1, 6),)), ((6, 5), ((1, 6), (6, 6))), ((5, 6), ((1, 6), (6, 6))), ((4, 1), ()), ((1, 4), ((1, 1),)), ((3, 1), ((6, 6),)), ((1, 3), ((6, 6),)), ((1, 3), ((1, 6), (6, 6))), ((3, 5), ((1, 6), (6, 6))), ((4, 6), ((1, 6), (6, 6))), ((1, 3), ((1, 1), (1, 6))), ((6, 4), ((1, 6),)), ((6, 4), ((1, 6), (6, 6))), ((5, 5), ((1, 6), (6, 6))), ((5, 1), ()), ((1, 5), ((1, 1),)), ((4, 1), ((6, 6),)), ((1, 2), ((6, 6),)), ((1, 2), ((1, 6), (6, 6))), ((4, 5), ((1, 6), (6, 6))), ((1, 4), ((1, 1), (1, 6))), ((6, 3), ((1, 6),)), ((6, 3), ((1, 6), (6, 6))), ((6, 1), ((6, 1),)), ((1, 6), ((1, 1), (1, 6))), ((2, 5), ((1, 1),)), ((5, 1), ((6, 6),)), ((1, 1), ((1, 1), (6, 6))), ((1, 1), ((1, 1), (1, 6), (6, 6))), ((1, 5), ((1, 1), (1, 6))), ((5, 3), ((1, 6),)), ((5, 3), ((1, 6), (6, 6))), ((5, 1), ((6, 1),)), ((2, 6), ((1, 1), (1, 6))), ((2, 6), ((1, 1),)), ((3, 5), ((1, 1),)), ((6, 1), ((6, 1), (6, 6))), ((1, 2), ((1, 1), (6, 6))), ((1, 2), ((1, 1), (1, 6), (6, 6))), ((2, 5), ((1, 1), (1, 6))), ((4, 3), ((1, 6),)), ((4, 3), ((1, 6), (6, 6))), ((4, 1), ((6, 1),)), ((3, 6), ((1, 1), (1, 6))), ((3, 6), ((1, 1),)), ((4, 5), ((1, 1),)), ((5, 1), ((6, 1), (6, 6))), ((1, 3), ((1, 1), (6, 6))), ((1, 3), ((1, 1), (1, 6), (6, 6))), ((3, 5), ((1, 1), (1, 6))), ((3, 3), ((1, 6),)), ((3, 3), ((1, 6), (6, 6))), ((3, 1), ((6, 1),)), ((4, 6), ((1, 1), (1, 6))), ((4, 6), ((1, 1),)), ((5, 5), ((1, 1),)), ((4, 1), ((6, 1), (6, 6))), ((1, 4), ((1, 1), (6, 6))), ((1, 4), ((1, 1), (1, 6), (6, 6))), ((4, 5), ((1, 1), (1, 6))), ((3, 2), ((1, 6),)), ((3, 2), ((1, 6), (6, 6))), ((3, 2), ((6, 1),)), ((5, 6), ((1, 1), (1, 6))), ((5, 6), ((1, 1),)), ((6, 5), ((1, 1),)), ((3, 1), ((6, 1), (6, 6))), ((1, 5), ((1, 1), (6, 6))), ((1, 5), ((1, 1), (1, 6), (6, 6))), ((5, 5), ((1, 1), (1, 6))), ((3, 1), ((1, 6),)), ((3, 1), ((1, 6), (6, 6))), ((3, 3), ((6, 1),)), ((6, 6), ((1, 1), (1, 6), (6, 6))), ((6, 6), ((1, 1), (6, 6))), ((6, 4), ((1, 1),)), ((3, 2), ((6, 1), (6, 6))), ((1, 6), ((1, 1), (1, 6), (6, 6))), ((2, 5), ((1, 1), (6, 6))), ((2, 5), ((1, 1), (1, 6), (6, 6))), ((6, 5), ((1, 1), (1, 6))), ((4, 1), ((1, 6),)), ((4, 1), ((1, 6), (6, 6))), ((4, 3), ((6, 1),)), ((6, 5), ((1, 1), (1, 6), (6, 6))), ((5, 6), ((1, 1), (1, 6), (6, 6))), ((6, 5), ((1, 1), (6, 6))), ((5, 6), ((1, 1), (6, 6))), ((6, 3), ((1, 1),)), ((3, 3), ((6, 1), (6, 6))), ((2, 6), ((1, 1), (1, 6), (6, 6))), ((2, 6), ((1, 1), (6, 6))), ((3, 5), ((1, 1), (6, 6))), ((3, 5), ((1, 1), (1, 6), (6, 6))), ((6, 4), ((1, 1), (1, 6))), ((5, 1), ((1, 6),)), ((5, 1), ((1, 6), (6, 6))), ((5, 3), ((6, 1),)), ((6, 4), ((1, 1), (1, 6), (6, 6))), ((5, 5), ((1, 1), (1, 6), (6, 6))), ((4, 6), ((1, 1), (1, 6), (6, 6))), ((6, 4), ((1, 1), (6, 6))), ((5, 5), ((1, 1), (6, 6))), ((4, 6), ((1, 1), (6, 6))), ((5, 3), ((1, 1),)), ((4, 3), ((6, 1), (6, 6))), ((3, 6), ((1, 1), (1, 6), (6, 6))), ((3, 6), ((1, 1), (6, 6))), ((4, 5), ((1, 1), (6, 6))), ((4, 5), ((1, 1), (1, 6), (6, 6))), ((6, 3), ((1, 1), (1, 6))), ((6, 1), ((1, 6), (6, 1))), ((6, 1), ((1, 6), (6, 1), (6, 6))), ((6, 3), ((6, 1),)), ((6, 3), ((1, 1), (1, 6), (6, 6))), ((6, 3), ((1, 1), (6, 6))), ((4, 3), ((1, 1),)), ((5, 3), ((6, 1), (6, 6))), ((5, 3), ((1, 1), (1, 6))), ((5, 1), ((1, 6), (6, 1))), ((5, 1), ((1, 6), (6, 1), (6, 6))), ((6, 4), ((6, 1),)), ((5, 3), ((1, 1), (1, 6), (6, 6))), ((5, 3), ((1, 1), (6, 6))), ((3, 3), ((1, 1),)), ((6, 3), ((6, 1), (6, 6))), ((4, 3), ((1, 1), (1, 6))), ((4, 1), ((1, 6), (6, 1))), ((4, 1), ((1, 6), (6, 1), (6, 6))), ((6, 5), ((6, 1),)), ((4, 3), ((1, 1), (1, 6), (6, 6))), ((4, 3), ((1, 1), (6, 6))), ((3, 2), ((1, 1),)), ((6, 4), ((6, 1), (6, 6))), ((3, 3), ((1, 1), (1, 6))), ((3, 1), ((1, 6), (6, 1))), ((3, 1), ((1, 6), (6, 1), (6, 6))), ((6, 6), ((6, 1), (6, 6))), ((5, 5), ((6, 1),)), ((3, 3), ((1, 1), (1, 6), (6, 6))), ((3, 3), ((1, 1), (6, 6))), ((3, 1), ((1, 1),)), ((6, 5), ((6, 1), (6, 6))), ((3, 2), ((1, 1), (1, 6))), ((3, 2), ((1, 6), (6, 1))), ((3, 2), ((1, 6), (6, 1), (6, 6))), ((5, 6), ((6, 1), (6, 6))), ((5, 6), ((6, 1),)), ((4, 5), ((6, 1),)), ((3, 2), ((1, 1), (1, 6), (6, 6))), ((3, 2), ((1, 1), (6, 6))), ((4, 1), ((1, 1),)), ((5, 5), ((6, 1), (6, 6))), ((3, 1), ((1, 1), (1, 6))), ((3, 3), ((1, 6), (6, 1))), ((3, 3), ((1, 6), (6, 1), (6, 6))), ((4, 6), ((6, 1), (6, 6))), ((4, 6), ((6, 1),))]",25,0,25
223,"((3, 1), ((1, 1), (1, 6), (6, 6)))","((3, 2), ((1, 1), (1, 6), (6, 6)))",South,"[((4, 1), ((1, 1), (1, 6), (6, 6))) via East]","[((3, 1), ((1, 1), (1, 6), (6, 6))), ((3, 1), ((1, 1), (6, 6))), ((5, 1), ((1, 1),)), ((4, 5), ((6, 1), (6, 6))), ((4, 1), ((1, 1), (1, 6))), ((4, 3), ((1, 6), (6, 1))), ((4, 3), ((1, 6), (6, 1), (6, 6))), ((3, 6), ((6, 1), (6, 6))), ((3, 6), ((6, 1),)), ((2, 5), ((6, 1),))]","[((3, 1), ((1, 1), (6, 6))), ((5, 1), ((1, 1),)), ((4, 5), ((6, 1), (6, 6))), ((4, 1), ((1, 1), (1, 6))), ((4, 3), ((1, 6), (6, 1))), ((4, 3), ((1, 6), (6, 1), (6, 6))), ((3, 6), ((6, 1), (6, 6))), ((3, 6), ((6, 1),)), ((2, 5), ((6, 1),)), ((4, 1), ((1, 1), (1, 6), (6, 6)))]","[((4, 5), ()), ((4, 6), ()), ((5, 5), ()), ((3, 5), ()), ((5, 6), ()), ((3, 6), ()), ((6, 5), ()), ((2, 5), ()), ((6, 6), ((6, 6),)), ((2, 6), ()), ((6, 4), ()), ((1, 5), ()), ((6, 5), ((6, 6),)), ((5, 6), ((6, 6),)), ((1, 6), ((1, 6),)), ((6, 3), ()), ((1, 4), ()), ((6, 4), ((6, 6),)), ((5, 5), ((6, 6),)), ((4, 6), ((6, 6),)), ((1, 5), ((1, 6),)), ((2, 6), ((1, 6),)), ((5, 3), ()), ((1, 3), ()), ((6, 3), ((6, 6),)), ((4, 5), ((6, 6),)), ((3, 6), ((6, 6),)), ((1, 4), ((1, 6),)), ((2, 5), ((1, 6),)), ((3, 6), ((1, 6),)), ((4, 3), ()), ((1, 2), ()), ((5, 3), ((6, 6),)), ((3, 5), ((6, 6),)), ((2, 6), ((6, 6),)), ((1, 3), ((1, 6),)), ((3, 5), ((1, 6),)), ((4, 6), ((1, 6),)), ((3, 3), ()), ((1, 1), ((1, 1),)), ((4, 3), ((6, 6),)), ((2, 5), ((6, 6),)), ((1, 6), ((1, 6), (6, 6))), ((1, 2), ((1, 6),)), ((4, 5), ((1, 6),)), ((5, 6), ((1, 6),)), ((3, 2), ()), ((1, 2), ((1, 1),)), ((3, 3), ((6, 6),)), ((1, 5), ((6, 6),)), ((1, 5), ((1, 6), (6, 6))), ((2, 6), ((1, 6), (6, 6))), ((1, 1), ((1, 1), (1, 6))), ((5, 5), ((1, 6),)), ((6, 6), ((1, 6), (6, 6))), ((3, 1), ()), ((1, 3), ((1, 1),)), ((3, 2), ((6, 6),)), ((1, 4), ((6, 6),)), ((1, 4), ((1, 6), (6, 6))), ((2, 5), ((1, 6), (6, 6))), ((3, 6), ((1, 6), (6, 6))), ((1, 2), ((1, 1), (1, 6))), ((6, 5), ((1, 6),)), ((6, 5), ((1, 6), (6, 6))), ((5, 6), ((1, 6), (6, 6))), ((4, 1), ()), ((1, 4), ((1, 1),)), ((3, 1), ((6, 6),)), ((1, 3), ((6, 6),)), ((1, 3), ((1, 6), (6, 6))), ((3, 5), ((1, 6), (6, 6))), ((4, 6), ((1, 6), (6, 6))), ((1, 3), ((1, 1), (1, 6))), ((6, 4), ((1, 6),)), ((6, 4), ((1, 6), (6, 6))), ((5, 5), ((1, 6), (6, 6))), ((5, 1), ()), ((1, 5), ((1, 1),)), ((4, 1), ((6, 6),)), ((1, 2), ((6, 6),)), ((1, 2), ((1, 6), (6, 6))), ((4, 5), ((1, 6), (6, 6))), ((1, 4), ((1, 1), (1, 6))), ((6, 3), ((1, 6),)), ((6, 3), ((1, 6), (6, 6))), ((6, 1), ((6, 1),)), ((1, 6), ((1, 1), (1, 6))), ((2, 5), ((1, 1),)), ((5, 1), ((6, 6),)), ((1, 1), ((1, 1), (6, 6))), ((1, 1), ((1, 1), (1, 6), (6, 6))), ((1, 5), ((1, 1), (1, 6))), ((5, 3), ((1, 6),)), ((5, 3), ((1, 6), (6, 6))), ((5, 1), ((6, 1),)), ((2, 6), ((1, 1), (1, 6))), ((2, 6), ((1, 1),)), ((3, 5), ((1, 1),)), ((6, 1), ((6, 1), (6, 6))), ((1, 2), ((1, 1), (6, 6))), ((1, 2), ((1, 1), (1, 6), (6, 6))), ((2, 5), ((1, 1), (1, 6))), ((4, 3), ((1, 6),)), ((4, 3), ((1, 6), (6, 6))), ((4, 1), ((6, 1),)), ((3, 6), ((1, 1), (1, 6))), ((3, 6), ((1, 1),)), ((4, 5), ((1, 1),)), ((5, 1), ((6, 1), (6, 6))), ((1, 3), ((1, 1), (6, 6))), ((1, 3), ((1, 1), (1, 6), (6, 6))), ((3, 5), ((1, 1), (1, 6))), ((3, 3), ((1, 6),)), ((3, 3), ((1, 6), (6, 6))), ((3, 1), ((6, 1),)), ((4, 6), ((1, 1), (1, 6))), ((4, 6), ((1, 1),)), ((5, 5), ((1, 1),)), ((4, 1), ((6, 1), (6, 6))), ((1, 4), ((1, 1), (6, 6))), ((1, 4), ((1, 1), (1, 6), (6, 6))), ((4, 5), ((1, 1), (1, 6))), ((3, 2), ((1, 6),)), ((3, 2), ((1, 6), (6, 6))), ((3, 2), ((6, 1),)), ((5, 6), ((1, 1), (1, 6))), ((5, 6), ((1, 1),)), ((6, 5), ((1, 1),)), ((3, 1), ((6, 1), (6, 6))), ((1, 5), ((1, 1), (6, 6))), ((1, 5), ((1, 1), (1, 6), (6, 6))), ((5, 5), ((1, 1), (1, 6))), ((3, 1), ((1, 6),)), ((3, 1), ((1, 6), (6, 6))), ((3, 3), ((6, 1),)), ((6, 6), ((1, 1), (1, 6), (6, 6))), ((6, 6), ((1, 1), (6, 6))), ((6, 4), ((1, 1),)), ((3, 2), ((6, 1), (6, 6))), ((1, 6), ((1, 1), (1, 6), (6, 6))), ((2, 5), ((1, 1), (6, 6))), ((2, 5), ((1, 1), (1, 6), (6, 6))), ((6, 5), ((1, 1), (1, 6))), ((4, 1), ((1, 6),)), ((4, 1), ((1, 6), (6, 6))), ((4, 3), ((6, 1),)), ((6, 5), ((1, 1), (1, 6), (6, 6))), ((5, 6), ((1, 1), (1, 6), (6, 6))), ((6, 5), ((1, 1), (6, 6))), ((5, 6), ((1, 1), (6, 6))), ((6, 3), ((1, 1),)), ((3, 3), ((6, 1), (6, 6))), ((2, 6), ((1, 1), (1, 6), (6, 6))), ((2, 6), ((1, 1), (6, 6))), ((3, 5), ((1, 1), (6, 6))), ((3, 5), ((1, 1), (1, 6), (6, 6))), ((6, 4), ((1, 1), (1, 6))), ((5, 1), ((1, 6),)), ((5, 1), ((1, 6), (6, 6))), ((5, 3), ((6, 1),)), ((6, 4), ((1, 1), (1, 6), (6, 6))), ((5, 5), ((1, 1), (1, 6), (6, 6))), ((4, 6), ((1, 1), (1, 6), (6, 6))), ((6, 4), ((1, 1), (6, 6))), ((5, 5), ((1, 1), (6, 6))), ((4, 6), ((1, 1), (6, 6))), ((5, 3), ((1, 1),)), ((4, 3), ((6, 1), (6, 6))), ((3, 6), ((1, 1), (1, 6), (6, 6))), ((3, 6), ((1, 1), (6, 6))), ((4, 5), ((1, 1), (6, 6))), ((4, 5), ((1, 1), (1, 6), (6, 6))), ((6, 3), ((1, 1), (1, 6))), ((6, 1), ((1, 6), (6, 1))), ((6, 1), ((1, 6), (6, 1), (6, 6))), ((6, 3), ((6, 1),)), ((6, 3), ((1, 1), (1, 6), (6, 6))), ((6, 3), ((1, 1), (6, 6))), ((4, 3), ((1, 1),)), ((5, 3), ((6, 1), (6, 6))), ((5, 3), ((1, 1), (1, 6))), ((5, 1), ((1, 6), (6, 1))), ((5, 1), ((1, 6), (6, 1), (6, 6))), ((6, 4), ((6, 1),)), ((5, 3), ((1, 1), (1, 6), (6, 6))), ((5, 3), ((1, 1), (6, 6))), ((3, 3), ((1, 1),)), ((6, 3), ((6, 1), (6, 6))), ((4, 3), ((1, 1), (1, 6))), ((4, 1), ((1, 6), (6, 1))), ((4, 1), ((1, 6), (6, 1), (6, 6))), ((6, 5), ((6, 1),)), ((4, 3), ((1, 1), (1, 6), (6, 6))), ((4, 3), ((1, 1), (6, 6))), ((3, 2), ((1, 1),)), ((6, 4), ((6, 1), (6, 6))), ((3, 3), ((1, 1), (1, 6))), ((3, 1), ((1, 6), (6, 1))), ((3, 1), ((1, 6), (6, 1), (6, 6))), ((6, 6), ((6, 1), (6, 6))), ((5, 5), ((6, 1),)), ((3, 3), ((1, 1), (1, 6), (6, 6))), ((3, 3), ((1, 1), (6, 6))), ((3, 1), ((1, 1),)), ((6, 5), ((6, 1), (6, 6))), ((3, 2), ((1, 1), (1, 6))), ((3, 2), ((1, 6), (6, 1))), ((3, 2), ((1, 6), (6, 1), (6, 6))), ((5, 6), ((6, 1), (6, 6))), ((5, 6), ((6, 1),)), ((4, 5), ((6, 1),)), ((3, 2), ((1, 1), (1, 6), (6, 6))), ((3, 2), ((1, 1), (6, 6))), ((4, 1), ((1, 1),)), ((5, 5), ((6, 1), (6, 6))), ((3, 1), ((1, 1), (1, 6))), ((3, 3), ((1, 6), (6, 1))), ((3, 3), ((1, 6), (6, 1), (6, 6))), ((4, 6), ((6, 1), (6, 6))), ((4, 6), ((6, 1),)), ((3, 5), ((6, 1),))]",25,0,25
224,"((3, 1), ((1, 1), (6, 6)))","((3, 2), ((1, 1), (6, 6)))",South,"[((4, 1), ((1, 1), (6, 6))) via East]","[((3, 1), ((1, 1), (6, 6))), ((5, 1), ((1, 1),)), ((4, 5), ((6, 1), (6, 6))), ((4, 1), ((1, 1), (1, 6))), ((4, 3), ((1, 6), (6, 1))), ((4, 3), ((1, 6), (6, 1), (6, 6))), ((3, 6), ((6, 1), (6, 6))), ((3, 6), ((6, 1),)), ((2, 5), ((6, 1),)), ((4, 1), ((1, 1), (1, 6), (6, 6)))]","[((5, 1), ((1, 1),)), ((4, 5), ((6, 1), (6, 6))), ((4, 1), ((1, 1), (1, 6))), ((4, 3), ((1, 6), (6, 1))), ((4, 3), ((1, 6), (6, 1), (6, 6))), ((3, 6), ((6, 1), (6, 6))), ((3, 6), ((6, 1),)), ((2, 5), ((6, 1),)), ((4, 1), ((1, 1), (1, 6), (6, 6))), ((4, 1), ((1, 1), (6, 6)))]","[((4, 5), ()), ((4, 6), ()), ((5, 5), ()), ((3, 5), ()), ((5, 6), ()), ((3, 6), ()), ((6, 5), ()), ((2, 5), ()), ((6, 6), ((6, 6),)), ((2, 6), ()), ((6, 4), ()), ((1, 5), ()), ((6, 5), ((6, 6),)), ((5, 6), ((6, 6),)), ((1, 6), ((1, 6),)), ((6, 3), ()), ((1, 4), ()), ((6, 4), ((6, 6),)), ((5, 5), ((6, 6),)), ((4, 6), ((6, 6),)), ((1, 5), ((1, 6),)), ((2, 6), ((1, 6),)), ((5, 3), ()), ((1, 3), ()), ((6, 3), ((6, 6),)), ((4, 5), ((6, 6),)), ((3, 6), ((6, 6),)), ((1, 4), ((1, 6),)), ((2, 5), ((1, 6),)), ((3, 6), ((1, 6),)), ((4, 3), ()), ((1, 2), ()), ((5, 3), ((6, 6),)), ((3, 5), ((6, 6),)), ((2, 6), ((6, 6),)), ((1, 3), ((1, 6),)), ((3, 5), ((1, 6),)), ((4, 6), ((1, 6),)), ((3, 3), ()), ((1, 1), ((1, 1),)), ((4, 3), ((6, 6),)), ((2, 5), ((6, 6),)), ((1, 6), ((1, 6), (6, 6))), ((1, 2), ((1, 6),)), ((4, 5), ((1, 6),)), ((5, 6), ((1, 6),)), ((3, 2), ()), ((1, 2), ((1, 1),)), ((3, 3), ((6, 6),)), ((1, 5), ((6, 6),)), ((1, 5), ((1, 6), (6, 6))), ((2, 6), ((1, 6), (6, 6))), ((1, 1), ((1, 1), (1, 6))), ((5, 5), ((1, 6),)), ((6, 6), ((1, 6), (6, 6))), ((3, 1), ()), ((1, 3), ((1, 1),)), ((3, 2), ((6, 6),)), ((1, 4), ((6, 6),)), ((1, 4), ((1, 6), (6, 6))), ((2, 5), ((1, 6), (6, 6))), ((3, 6), ((1, 6), (6, 6))), ((1, 2), ((1, 1), (1, 6))), ((6, 5), ((1, 6),)), ((6, 5), ((1, 6), (6, 6))), ((5, 6), ((1, 6), (6, 6))), ((4, 1), ()), ((1, 4), ((1, 1),)), ((3, 1), ((6, 6),)), ((1, 3), ((6, 6),)), ((1, 3), ((1, 6), (6, 6))), ((3, 5), ((1, 6), (6, 6))), ((4, 6), ((1, 6), (6, 6))), ((1, 3), ((1, 1), (1, 6))), ((6, 4), ((1, 6),)), ((6, 4), ((1, 6), (6, 6))), ((5, 5), ((1, 6), (6, 6))), ((5, 1), ()), ((1, 5), ((1, 1),)), ((4, 1), ((6, 6),)), ((1, 2), ((6, 6),)), ((1, 2), ((1, 6), (6, 6))), ((4, 5), ((1, 6), (6, 6))), ((1, 4), ((1, 1), (1, 6))), ((6, 3), ((1, 6),)), ((6, 3), ((1, 6), (6, 6))), ((6, 1), ((6, 1),)), ((1, 6), ((1, 1), (1, 6))), ((2, 5), ((1, 1),)), ((5, 1), ((6, 6),)), ((1, 1), ((1, 1), (6, 6))), ((1, 1), ((1, 1), (1, 6), (6, 6))), ((1, 5), ((1, 1), (1, 6))), ((5, 3), ((1, 6),)), ((5, 3), ((1, 6), (6, 6))), ((5, 1), ((6, 1),)), ((2, 6), ((1, 1), (1, 6))), ((2, 6), ((1, 1),)), ((3, 5), ((1, 1),)), ((6, 1), ((6, 1), (6, 6))), ((1, 2), ((1, 1), (6, 6))), ((1, 2), ((1, 1), (1, 6), (6, 6))), ((2, 5), ((1, 1), (1, 6))), ((4, 3), ((1, 6),)), ((4, 3), ((1, 6), (6, 6))), ((4, 1), ((6, 1),)), ((3, 6), ((1, 1), (1, 6))), ((3, 6), ((1, 1),)), ((4, 5), ((1, 1),)), ((5, 1), ((6, 1), (6, 6))), ((1, 3), ((1, 1), (6, 6))), ((1, 3), ((1, 1), (1, 6), (6, 6))), ((3, 5), ((1, 1), (1, 6))), ((3, 3), ((1, 6),)), ((3, 3), ((1, 6), (6, 6))), ((3, 1), ((6, 1),)), ((4, 6), ((1, 1), (1, 6))), ((4, 6), ((1, 1),)), ((5, 5), ((1, 1),)), ((4, 1), ((6, 1), (6, 6))), ((1, 4), ((1, 1), (6, 6))), ((1, 4), ((1, 1), (1, 6), (6, 6))), ((4, 5), ((1, 1), (1, 6))), ((3, 2), ((1, 6),)), ((3, 2), ((1, 6), (6, 6))), ((3, 2), ((6, 1),)), ((5, 6), ((1, 1), (1, 6))), ((5, 6), ((1, 1),)), ((6, 5), ((1, 1),)), ((3, 1), ((6, 1), (6, 6))), ((1, 5), ((1, 1), (6, 6))), ((1, 5), ((1, 1), (1, 6), (6, 6))), ((5, 5), ((1, 1), (1, 6))), ((3, 1), ((1, 6),)), ((3, 1), ((1, 6), (6, 6))), ((3, 3), ((6, 1),)), ((6, 6), ((1, 1), (1, 6), (6, 6))), ((6, 6), ((1, 1), (6, 6))), ((6, 4), ((1, 1),)), ((3, 2), ((6, 1), (6, 6))), ((1, 6), ((1, 1), (1, 6), (6, 6))), ((2, 5), ((1, 1), (6, 6))), ((2, 5), ((1, 1), (1, 6), (6, 6))), ((6, 5), ((1, 1), (1, 6))), ((4, 1), ((1, 6),)), ((4, 1), ((1, 6), (6, 6))), ((4, 3), ((6, 1),)), ((6, 5), ((1, 1), (1, 6), (6, 6))), ((5, 6), ((1, 1), (1, 6), (6, 6))), ((6, 5), ((1, 1), (6, 6))), ((5, 6), ((1, 1), (6, 6))), ((6, 3), ((1, 1),)), ((3, 3), ((6, 1), (6, 6))), ((2, 6), ((1, 1), (1, 6), (6, 6))), ((2, 6), ((1, 1), (6, 6))), ((3, 5), ((1, 1), (6, 6))), ((3, 5), ((1, 1), (1, 6), (6, 6))), ((6, 4), ((1, 1), (1, 6))), ((5, 1), ((1, 6),)), ((5, 1), ((1, 6), (6, 6))), ((5, 3), ((6, 1),)), ((6, 4), ((1, 1), (1, 6), (6, 6))), ((5, 5), ((1, 1), (1, 6), (6, 6))), ((4, 6), ((1, 1), (1, 6), (6, 6))), ((6, 4), ((1, 1), (6, 6))), ((5, 5), ((1, 1), (6, 6))), ((4, 6), ((1, 1), (6, 6))), ((5, 3), ((1, 1),)), ((4, 3), ((6, 1), (6, 6))), ((3, 6), ((1, 1), (1, 6), (6, 6))), ((3, 6), ((1, 1), (6, 6))), ((4, 5), ((1, 1), (6, 6))), ((4, 5), ((1, 1), (1, 6), (6, 6))), ((6, 3), ((1, 1), (1, 6))), ((6, 1), ((1, 6), (6, 1))), ((6, 1), ((1, 6), (6, 1), (6, 6))), ((6, 3), ((6, 1),)), ((6, 3), ((1, 1), (1, 6), (6, 6))), ((6, 3), ((1, 1), (6, 6))), ((4, 3), ((1, 1),)), ((5, 3), ((6, 1), (6, 6))), ((5, 3), ((1, 1), (1, 6))), ((5, 1), ((1, 6), (6, 1))), ((5, 1), ((1, 6), (6, 1), (6, 6))), ((6, 4), ((6, 1),)), ((5, 3), ((1, 1), (1, 6), (6, 6))), ((5, 3), ((1, 1), (6, 6))), ((3, 3), ((1, 1),)), ((6, 3), ((6, 1), (6, 6))), ((4, 3), ((1, 1), (1, 6))), ((4, 1), ((1, 6), (6, 1))), ((4, 1), ((1, 6), (6, 1), (6, 6))), ((6, 5), ((6, 1),)), ((4, 3), ((1, 1), (1, 6), (6, 6))), ((4, 3), ((1, 1), (6, 6))), ((3, 2), ((1, 1),)), ((6, 4), ((6, 1), (6, 6))), ((3, 3), ((1, 1), (1, 6))), ((3, 1), ((1, 6), (6, 1))), ((3, 1), ((1, 6), (6, 1), (6, 6))), ((6, 6), ((6, 1), (6, 6))), ((5, 5), ((6, 1),)), ((3, 3), ((1, 1), (1, 6), (6, 6))), ((3, 3), ((1, 1), (6, 6))), ((3, 1), ((1, 1),)), ((6, 5), ((6, 1), (6, 6))), ((3, 2), ((1, 1), (1, 6))), ((3, 2), ((1, 6), (6, 1))), ((3, 2), ((1, 6), (6, 1), (6, 6))), ((5, 6), ((6, 1), (6, 6))), ((5, 6), ((6, 1),)), ((4, 5), ((6, 1),)), ((3, 2), ((1, 1), (1, 6), (6, 6))), ((3, 2), ((1, 1), (6, 6))), ((4, 1), ((1, 1),)), ((5, 5), ((6, 1), (6, 6))), ((3, 1), ((1, 1), (1, 6))), ((3, 3), ((1, 6), (6, 1))), ((3, 3), ((1, 6), (6, 1), (6, 6))), ((4, 6), ((6, 1), (6, 6))), ((4, 6), ((6, 1),)), ((3, 5), ((6, 1),)), ((3, 1), ((1, 1), (1, 6), (6, 6)))]",25,0,25
225,"((5, 1), ((1, 1),))","((4, 1), ((1, 1),))",East,"[((6, 1), ((1, 1), (6, 1))) via East]","[((5, 1), ((1, 1),)), ((4, 5), ((6, 1), (6, 6))), ((4, 1), ((1, 1), (1, 6))), ((4, 3), ((1, 6), (6, 1))), ((4, 3), ((1, 6), (6, 1), (6, 6))), ((3, 6), ((6, 1), (6, 6))), ((3, 6), ((6, 1),)), ((2, 5), ((6, 1),)), ((4, 1), ((1, 1), (1, 6), (6, 6))), ((4, 1), ((1, 1), (6, 6)))]","[((4, 5), ((6, 1), (6, 6))), ((4, 1), ((1, 1), (1, 6))), ((4, 3), ((1, 6), (6, 1))), ((4, 3), ((1, 6), (6, 1), (6, 6))), ((3, 6), ((6, 1), (6, 6))), ((3, 6), ((6, 1),)), ((2, 5), ((6, 1),)), ((4, 1), ((1, 1), (1, 6), (6, 6))), ((4, 1), ((1, 1), (6, 6))), ((6, 1), ((1, 1), (6, 1)))]","[((4, 5), ()), ((4, 6), ()), ((5, 5), ()), ((3, 5), ()), ((5, 6), ()), ((3, 6), ()), ((6, 5), ()), ((2, 5), ()), ((6, 6), ((6, 6),)), ((2, 6), ()), ((6, 4), ()), ((1, 5), ()), ((6, 5), ((6, 6),)), ((5, 6), ((6, 6),)), ((1, 6), ((1, 6),)), ((6, 3), ()), ((1, 4), ()), ((6, 4), ((6, 6),)), ((5, 5), ((6, 6),)), ((4, 6), ((6, 6),)), ((1, 5), ((1, 6),)), ((2, 6), ((1, 6),)), ((5, 3), ()), ((1, 3), ()), ((6, 3), ((6, 6),)), ((4, 5), ((6, 6),)), ((3, 6), ((6, 6),)), ((1, 4), ((1, 6),)), ((2, 5), ((1, 6),)), ((3, 6), ((1, 6),)), ((4, 3), ()), ((1, 2), ()), ((5, 3), ((6, 6),)), ((3, 5), ((6, 6),)), ((2, 6), ((6, 6),)), ((1, 3), ((1, 6),)), ((3, 5), ((1, 6),)), ((4, 6), ((1, 6),)), ((3, 3), ()), ((1, 1), ((1, 1),)), ((4, 3), ((6, 6),)), ((2, 5), ((6, 6),)), ((1, 6), ((1, 6), (6, 6))), ((1, 2), ((1, 6),)), ((4, 5), ((1, 6),)), ((5, 6), ((1, 6),)), ((3, 2), ()), ((1, 2), ((1, 1),)), ((3, 3), ((6, 6),)), ((1, 5), ((6, 6),)), ((1, 5), ((1, 6), (6, 6))), ((2, 6), ((1, 6), (6, 6))), ((1, 1), ((1, 1), (1, 6))), ((5, 5), ((1, 6),)), ((6, 6), ((1, 6), (6, 6))), ((3, 1), ()), ((1, 3), ((1, 1),)), ((3, 2), ((6, 6),)), ((1, 4), ((6, 6),)), ((1, 4), ((1, 6), (6, 6))), ((2, 5), ((1, 6), (6, 6))), ((3, 6), ((1, 6), (6, 6))), ((1, 2), ((1, 1), (1, 6))), ((6, 5), ((1, 6),)), ((6, 5), ((1, 6), (6, 6))), ((5, 6), ((1, 6), (6, 6))), ((4, 1), ()), ((1, 4), ((1, 1),)), ((3, 1), ((6, 6),)), ((1, 3), ((6, 6),)), ((1, 3), ((1, 6), (6, 6))), ((3, 5), ((1, 6), (6, 6))), ((4, 6), ((1, 6), (6, 6))), ((1, 3), ((1, 1), (1, 6))), ((6, 4), ((1, 6),)), ((6, 4), ((1, 6), (6, 6))), ((5, 5), ((1, 6), (6, 6))), ((5, 1), ()), ((1, 5), ((1, 1),)), ((4, 1), ((6, 6),)), ((1, 2), ((6, 6),)), ((1, 2), ((1, 6), (6, 6))), ((4, 5), ((1, 6), (6, 6))), ((1, 4), ((1, 1), (1, 6))), ((6, 3), ((1, 6),)), ((6, 3), ((1, 6), (6, 6))), ((6, 1), ((6, 1),)), ((1, 6), ((1, 1), (1, 6))), ((2, 5), ((1, 1),)), ((5, 1), ((6, 6),)), ((1, 1), ((1, 1), (6, 6))), ((1, 1), ((1, 1), (1, 6), (6, 6))), ((1, 5), ((1, 1), (1, 6))), ((5, 3), ((1, 6),)), ((5, 3), ((1, 6), (6, 6))), ((5, 1), ((6, 1),)), ((2, 6), ((1, 1), (1, 6))), ((2, 6), ((1, 1),)), ((3, 5), ((1, 1),)), ((6, 1), ((6, 1), (6, 6))), ((1, 2), ((1, 1), (6, 6))), ((1, 2), ((1, 1), (1, 6), (6, 6))), ((2, 5), ((1, 1), (1, 6))), ((4, 3), ((1, 6),)), ((4, 3), ((1, 6), (6, 6))), ((4, 1), ((6, 1),)), ((3, 6), ((1, 1), (1, 6))), ((3, 6), ((1, 1),)), ((4, 5), ((1, 1),)), ((5, 1), ((6, 1), (6, 6))), ((1, 3), ((1, 1), (6, 6))), ((1, 3), ((1, 1), (1, 6), (6, 6))), ((3, 5), ((1, 1), (1, 6))), ((3, 3), ((1, 6),)), ((3, 3), ((1, 6), (6, 6))), ((3, 1), ((6, 1),)), ((4, 6), ((1, 1), (1, 6))), ((4, 6), ((1, 1),)), ((5, 5), ((1, 1),)), ((4, 1), ((6, 1), (6, 6))), ((1, 4), ((1, 1), (6, 6))), ((1, 4), ((1, 1), (1, 6), (6, 6))), ((4, 5), ((1, 1), (1, 6))), ((3, 2), ((1, 6),)), ((3, 2), ((1, 6), (6, 6))), ((3, 2), ((6, 1),)), ((5, 6), ((1, 1), (1, 6))), ((5, 6), ((1, 1),)), ((6, 5), ((1, 1),)), ((3, 1), ((6, 1), (6, 6))), ((1, 5), ((1, 1), (6, 6))), ((1, 5), ((1, 1), (1, 6), (6, 6))), ((5, 5), ((1, 1), (1, 6))), ((3, 1), ((1, 6),)), ((3, 1), ((1, 6), (6, 6))), ((3, 3), ((6, 1),)), ((6, 6), ((1, 1), (1, 6), (6, 6))), ((6, 6), ((1, 1), (6, 6))), ((6, 4), ((1, 1),)), ((3, 2), ((6, 1), (6, 6))), ((1, 6), ((1, 1), (1, 6), (6, 6))), ((2, 5), ((1, 1), (6, 6))), ((2, 5), ((1, 1), (1, 6), (6, 6))), ((6, 5), ((1, 1), (1, 6))), ((4, 1), ((1, 6),)), ((4, 1), ((1, 6), (6, 6))), ((4, 3), ((6, 1),)), ((6, 5), ((1, 1), (1, 6), (6, 6))), ((5, 6), ((1, 1), (1, 6), (6, 6))), ((6, 5), ((1, 1), (6, 6))), ((5, 6), ((1, 1), (6, 6))), ((6, 3), ((1, 1),)), ((3, 3), ((6, 1), (6, 6))), ((2, 6), ((1, 1), (1, 6), (6, 6))), ((2, 6), ((1, 1), (6, 6))), ((3, 5), ((1, 1), (6, 6))), ((3, 5), ((1, 1), (1, 6), (6, 6))), ((6, 4), ((1, 1), (1, 6))), ((5, 1), ((1, 6),)), ((5, 1), ((1, 6), (6, 6))), ((5, 3), ((6, 1),)), ((6, 4), ((1, 1), (1, 6), (6, 6))), ((5, 5), ((1, 1), (1, 6), (6, 6))), ((4, 6), ((1, 1), (1, 6), (6, 6))), ((6, 4), ((1, 1), (6, 6))), ((5, 5), ((1, 1), (6, 6))), ((4, 6), ((1, 1), (6, 6))), ((5, 3), ((1, 1),)), ((4, 3), ((6, 1), (6, 6))), ((3, 6), ((1, 1), (1, 6), (6, 6))), ((3, 6), ((1, 1), (6, 6))), ((4, 5), ((1, 1), (6, 6))), ((4, 5), ((1, 1), (1, 6), (6, 6))), ((6, 3), ((1, 1), (1, 6))), ((6, 1), ((1, 6), (6, 1))), ((6, 1), ((1, 6), (6, 1), (6, 6))), ((6, 3), ((6, 1),)), ((6, 3), ((1, 1), (1, 6), (6, 6))), ((6, 3), ((1, 1), (6, 6))), ((4, 3), ((1, 1),)), ((5, 3), ((6, 1), (6, 6))), ((5, 3), ((1, 1), (1, 6))), ((5, 1), ((1, 6), (6, 1))), ((5, 1), ((1, 6), (6, 1), (6, 6))), ((6, 4), ((6, 1),)), ((5, 3), ((1, 1), (1, 6), (6, 6))), ((5, 3), ((1, 1), (6, 6))), ((3, 3), ((1, 1),)), ((6, 3), ((6, 1), (6, 6))), ((4, 3), ((1, 1), (1, 6))), ((4, 1), ((1, 6), (6, 1))), ((4, 1), ((1, 6), (6, 1), (6, 6))), ((6, 5), ((6, 1),)), ((4, 3), ((1, 1), (1, 6), (6, 6))), ((4, 3), ((1, 1), (6, 6))), ((3, 2), ((1, 1),)), ((6, 4), ((6, 1), (6, 6))), ((3, 3), ((1, 1), (1, 6))), ((3, 1), ((1, 6), (6, 1))), ((3, 1), ((1, 6), (6, 1), (6, 6))), ((6, 6), ((6, 1), (6, 6))), ((5, 5), ((6, 1),)), ((3, 3), ((1, 1), (1, 6), (6, 6))), ((3, 3), ((1, 1), (6, 6))), ((3, 1), ((1, 1),)), ((6, 5), ((6, 1), (6, 6))), ((3, 2), ((1, 1), (1, 6))), ((3, 2), ((1, 6), (6, 1))), ((3, 2), ((1, 6), (6, 1), (6, 6))), ((5, 6), ((6, 1), (6, 6))), ((5, 6), ((6, 1),)), ((4, 5), ((6, 1),)), ((3, 2), ((1, 1), (1, 6), (6, 6))), ((3, 2), ((1, 1), (6, 6))), ((4, 1), ((1, 1),)), ((5, 5), ((6, 1), (6, 6))), ((3, 1), ((1, 1), (1, 6))), ((3, 3), ((1, 6), (6, 1))), ((3, 3), ((1, 6), (6, 1), (6, 6))), ((4, 6), ((6, 1), (6, 6))), ((4, 6), ((6, 1),)), ((3, 5), ((6, 1),)), ((3, 1), ((1, 1), (1, 6), (6, 6))), ((3, 1), ((1, 1), (6, 6)))]",25,0,25
226,"((4, 5), ((6, 1), (6, 6)))","((5, 5), ((6, 1), (6, 6)))",West,"[((3, 5), ((6, 1), (6, 6))) via West]","[((4, 5), ((6, 1), (6, 6))), ((4, 1), ((1, 1), (1, 6))), ((4, 3), ((1, 6), (6, 1))), ((4, 3), ((1, 6), (6, 1), (6, 6))), ((3, 6), ((6, 1), (6, 6))), ((3, 6), ((6, 1),)), ((2, 5), ((6, 1),)), ((4, 1), ((1, 1), (1, 6), (6, 6))), ((4, 1), ((1, 1), (6, 6))), ((6, 1), ((1, 1), (6, 1)))]","[((4, 1), ((1, 1), (1, 6))), ((4, 3), ((1, 6), (6, 1))), ((4, 3), ((1, 6), (6, 1), (6, 6))), ((3, 6), ((6, 1), (6, 6))), ((3, 6), ((6, 1),)), ((2, 5), ((6, 1),)), ((4, 1), ((1, 1), (1, 6), (6, 6))), ((4, 1), ((1, 1), (6, 6))), ((6, 1), ((1, 1), (6, 1))), ((3, 5), ((6, 1), (6, 6)))]","[((4, 5), ()), ((4, 6), ()), ((5, 5), ()), ((3, 5), ()), ((5, 6), ()), ((3, 6), ()), ((6, 5), ()), ((2, 5), ()), ((6, 6), ((6, 6),)), ((2, 6), ()), ((6, 4), ()), ((1, 5), ()), ((6, 5), ((6, 6),)), ((5, 6), ((6, 6),)), ((1, 6), ((1, 6),)), ((6, 3), ()), ((1, 4), ()), ((6, 4), ((6, 6),)), ((5, 5), ((6, 6),)), ((4, 6), ((6, 6),)), ((1, 5), ((1, 6),)), ((2, 6), ((1, 6),)), ((5, 3), ()), ((1, 3), ()), ((6, 3), ((6, 6),)), ((4, 5), ((6, 6),)), ((3, 6), ((6, 6),)), ((1, 4), ((1, 6),)), ((2, 5), ((1, 6),)), ((3, 6), ((1, 6),)), ((4, 3), ()), ((1, 2), ()), ((5, 3), ((6, 6),)), ((3, 5), ((6, 6),)), ((2, 6), ((6, 6),)), ((1, 3), ((1, 6),)), ((3, 5), ((1, 6),)), ((4, 6), ((1, 6),)), ((3, 3), ()), ((1, 1), ((1, 1),)), ((4, 3), ((6, 6),)), ((2, 5), ((6, 6),)), ((1, 6), ((1, 6), (6, 6))), ((1, 2), ((1, 6),)), ((4, 5), ((1, 6),)), ((5, 6), ((1, 6),)), ((3, 2), ()), ((1, 2), ((1, 1),)), ((3, 3), ((6, 6),)), ((1, 5), ((6, 6),)), ((1, 5), ((1, 6), (6, 6))), ((2, 6), ((1, 6), (6, 6))), ((1, 1), ((1, 1), (1, 6))), ((5, 5), ((1, 6),)), ((6, 6), ((1, 6), (6, 6))), ((3, 1), ()), ((1, 3), ((1, 1),)), ((3, 2), ((6, 6),)), ((1, 4), ((6, 6),)), ((1, 4), ((1, 6), (6, 6))), ((2, 5), ((1, 6), (6, 6))), ((3, 6), ((1, 6), (6, 6))), ((1, 2), ((1, 1), (1, 6))), ((6, 5), ((1, 6),)), ((6, 5), ((1, 6), (6, 6))), ((5, 6), ((1, 6), (6, 6))), ((4, 1), ()), ((1, 4), ((1, 1),)), ((3, 1), ((6, 6),)), ((1, 3), ((6, 6),)), ((1, 3), ((1, 6), (6, 6))), ((3, 5), ((1, 6), (6, 6))), ((4, 6), ((1, 6), (6, 6))), ((1, 3), ((1, 1), (1, 6))), ((6, 4), ((1, 6),)), ((6, 4), ((1, 6), (6, 6))), ((5, 5), ((1, 6), (6, 6))), ((5, 1), ()), ((1, 5), ((1, 1),)), ((4, 1), ((6, 6),)), ((1, 2), ((6, 6),)), ((1, 2), ((1, 6), (6, 6))), ((4, 5), ((1, 6), (6, 6))), ((1, 4), ((1, 1), (1, 6))), ((6, 3), ((1, 6),)), ((6, 3), ((1, 6), (6, 6))), ((6, 1), ((6, 1),)), ((1, 6), ((1, 1), (1, 6))), ((2, 5), ((1, 1),)), ((5, 1), ((6, 6),)), ((1, 1), ((1, 1), (6, 6))), ((1, 1), ((1, 1), (1, 6), (6, 6))), ((1, 5), ((1, 1), (1, 6))), ((5, 3), ((1, 6),)), ((5, 3), ((1, 6), (6, 6))), ((5, 1), ((6, 1),)), ((2, 6), ((1, 1), (1, 6))), ((2, 6), ((1, 1),)), ((3, 5), ((1, 1),)), ((6, 1), ((6, 1), (6, 6))), ((1, 2), ((1, 1), (6, 6))), ((1, 2), ((1, 1), (1, 6), (6, 6))), ((2, 5), ((1, 1), (1, 6))), ((4, 3), ((1, 6),)), ((4, 3), ((1, 6), (6, 6))), ((4, 1), ((6, 1),)), ((3, 6), ((1, 1), (1, 6))), ((3, 6), ((1, 1),)), ((4, 5), ((1, 1),)), ((5, 1), ((6, 1), (6, 6))), ((1, 3), ((1, 1), (6, 6))), ((1, 3), ((1, 1), (1, 6), (6, 6))), ((3, 5), ((1, 1), (1, 6))), ((3, 3), ((1, 6),)), ((3, 3), ((1, 6), (6, 6))), ((3, 1), ((6, 1),)), ((4, 6), ((1, 1), (1, 6))), ((4, 6), ((1, 1),)), ((5, 5), ((1, 1),)), ((4, 1), ((6, 1), (6, 6))), ((1, 4), ((1, 1), (6, 6))), ((1, 4), ((1, 1), (1, 6), (6, 6))), ((4, 5), ((1, 1), (1, 6))), ((3, 2), ((1, 6),)), ((3, 2), ((1, 6), (6, 6))), ((3, 2), ((6, 1),)), ((5, 6), ((1, 1), (1, 6))), ((5, 6), ((1, 1),)), ((6, 5), ((1, 1),)), ((3, 1), ((6, 1), (6, 6))), ((1, 5), ((1, 1), (6, 6))), ((1, 5), ((1, 1), (1, 6), (6, 6))), ((5, 5), ((1, 1), (1, 6))), ((3, 1), ((1, 6),)), ((3, 1), ((1, 6), (6, 6))), ((3, 3), ((6, 1),)), ((6, 6), ((1, 1), (1, 6), (6, 6))), ((6, 6), ((1, 1), (6, 6))), ((6, 4), ((1, 1),)), ((3, 2), ((6, 1), (6, 6))), ((1, 6), ((1, 1), (1, 6), (6, 6))), ((2, 5), ((1, 1), (6, 6))), ((2, 5), ((1, 1), (1, 6), (6, 6))), ((6, 5), ((1, 1), (1, 6))), ((4, 1), ((1, 6),)), ((4, 1), ((1, 6), (6, 6))), ((4, 3), ((6, 1),)), ((6, 5), ((1, 1), (1, 6), (6, 6))), ((5, 6), ((1, 1), (1, 6), (6, 6))), ((6, 5), ((1, 1), (6, 6))), ((5, 6), ((1, 1), (6, 6))), ((6, 3), ((1, 1),)), ((3, 3), ((6, 1), (6, 6))), ((2, 6), ((1, 1), (1, 6), (6, 6))), ((2, 6), ((1, 1), (6, 6))), ((3, 5), ((1, 1), (6, 6))), ((3, 5), ((1, 1), (1, 6), (6, 6))), ((6, 4), ((1, 1), (1, 6))), ((5, 1), ((1, 6),)), ((5, 1), ((1, 6), (6, 6))), ((5, 3), ((6, 1),)), ((6, 4), ((1, 1), (1, 6), (6, 6))), ((5, 5), ((1, 1), (1, 6), (6, 6))), ((4, 6), ((1, 1), (1, 6), (6, 6))), ((6, 4), ((1, 1), (6, 6))), ((5, 5), ((1, 1), (6, 6))), ((4, 6), ((1, 1), (6, 6))), ((5, 3), ((1, 1),)), ((4, 3), ((6, 1), (6, 6))), ((3, 6), ((1, 1), (1, 6), (6, 6))), ((3, 6), ((1, 1), (6, 6))), ((4, 5), ((1, 1), (6, 6))), ((4, 5), ((1, 1), (1, 6), (6, 6))), ((6, 3), ((1, 1), (1, 6))), ((6, 1), ((1, 6), (6, 1))), ((6, 1), ((1, 6), (6, 1), (6, 6))), ((6, 3), ((6, 1),)), ((6, 3), ((1, 1), (1, 6), (6, 6))), ((6, 3), ((1, 1), (6, 6))), ((4, 3), ((1, 1),)), ((5, 3), ((6, 1), (6, 6))), ((5, 3), ((1, 1), (1, 6))), ((5, 1), ((1, 6), (6, 1))), ((5, 1), ((1, 6), (6, 1), (6, 6))), ((6, 4), ((6, 1),)), ((5, 3), ((1, 1), (1, 6), (6, 6))), ((5, 3), ((1, 1), (6, 6))), ((3, 3), ((1, 1),)), ((6, 3), ((6, 1), (6, 6))), ((4, 3), ((1, 1), (1, 6))), ((4, 1), ((1, 6), (6, 1))), ((4, 1), ((1, 6), (6, 1), (6, 6))), ((6, 5), ((6, 1),)), ((4, 3), ((1, 1), (1, 6), (6, 6))), ((4, 3), ((1, 1), (6, 6))), ((3, 2), ((1, 1),)), ((6, 4), ((6, 1), (6, 6))), ((3, 3), ((1, 1), (1, 6))), ((3, 1), ((1, 6), (6, 1))), ((3, 1), ((1, 6), (6, 1), (6, 6))), ((6, 6), ((6, 1), (6, 6))), ((5, 5), ((6, 1),)), ((3, 3), ((1, 1), (1, 6), (6, 6))), ((3, 3), ((1, 1), (6, 6))), ((3, 1), ((1, 1),)), ((6, 5), ((6, 1), (6, 6))), ((3, 2), ((1, 1), (1, 6))), ((3, 2), ((1, 6), (6, 1))), ((3, 2), ((1, 6), (6, 1), (6, 6))), ((5, 6), ((6, 1), (6, 6))), ((5, 6), ((6, 1),)), ((4, 5), ((6, 1),)), ((3, 2), ((1, 1), (1, 6), (6, 6))), ((3, 2), ((1, 1), (6, 6))), ((4, 1), ((1, 1),)), ((5, 5), ((6, 1), (6, 6))), ((3, 1), ((1, 1), (1, 6))), ((3, 3), ((1, 6), (6, 1))), ((3, 3), ((1, 6), (6, 1), (6, 6))), ((4, 6), ((6, 1), (6, 6))), ((4, 6), ((6, 1),)), ((3, 5), ((6, 1),)), ((3, 1), ((1, 1), (1, 6), (6, 6))), ((3, 1), ((1, 1), (6, 6))), ((5, 1), ((1, 1),))]",26,0,26
227,"((4, 1), ((1, 1), (1, 6)))","((3, 1), ((1, 1), (1, 6)))",East,"[((5, 1), ((1, 1), (1, 6))) via East]","[((4, 1), ((1, 1), (1, 6))), ((4, 3), ((1, 6), (6, 1))), ((4, 3), ((1, 6), (6, 1), (6, 6))), ((3, 6), ((6, 1), (6, 6))), ((3, 6), ((6, 1),)), ((2, 5), ((6, 1),)), ((4, 1), ((1, 1), (1, 6), (6, 6))), ((4, 1), ((1, 1), (6, 6))), ((6, 1), ((1, 1), (6, 1))), ((3, 5), ((6, 1), (6, 6)))]","[((4, 3), ((1, 6), (6, 1))), ((4, 3), ((1, 6), (6, 1), (6, 6))), ((3, 6), ((6, 1), (6, 6))), ((3, 6), ((6, 1),)), ((2, 5), ((6, 1),)), ((4, 1), ((1, 1), (1, 6), (6, 6))), ((4, 1), ((1, 1), (6, 6))), ((6, 1), ((1, 1), (6, 1))), ((3, 5), ((6, 1), (6, 6))), ((5, 1), ((1, 1), (1, 6)))]","[((4, 5), ()), ((4, 6), ()), ((5, 5), ()), ((3, 5), ()), ((5, 6), ()), ((3, 6), ()), ((6, 5), ()), ((2, 5), ()), ((6, 6), ((6, 6),)), ((2, 6), ()), ((6, 4), ()), ((1, 5), ()), ((6, 5), ((6, 6),)), ((5, 6), ((6, 6),)), ((1, 6), ((1, 6),)), ((6, 3), ()), ((1, 4), ()), ((6, 4), ((6, 6),)), ((5, 5), ((6, 6),)), ((4, 6), ((6, 6),)), ((1, 5), ((1, 6),)), ((2, 6), ((1, 6),)), ((5, 3), ()), ((1, 3), ()), ((6, 3), ((6, 6),)), ((4, 5), ((6, 6),)), ((3, 6), ((6, 6),)), ((1, 4), ((1, 6),)), ((2, 5), ((1, 6),)), ((3, 6), ((1, 6),)), ((4, 3), ()), ((1, 2), ()), ((5, 3), ((6, 6),)), ((3, 5), ((6, 6),)), ((2, 6), ((6, 6),)), ((1, 3), ((1, 6),)), ((3, 5), ((1, 6),)), ((4, 6), ((1, 6),)), ((3, 3), ()), ((1, 1), ((1, 1),)), ((4, 3), ((6, 6),)), ((2, 5), ((6, 6),)), ((1, 6), ((1, 6), (6, 6))), ((1, 2), ((1, 6),)), ((4, 5), ((1, 6),)), ((5, 6), ((1, 6),)), ((3, 2), ()), ((1, 2), ((1, 1),)), ((3, 3), ((6, 6),)), ((1, 5), ((6, 6),)), ((1, 5), ((1, 6), (6, 6))), ((2, 6), ((1, 6), (6, 6))), ((1, 1), ((1, 1), (1, 6))), ((5, 5), ((1, 6),)), ((6, 6), ((1, 6), (6, 6))), ((3, 1), ()), ((1, 3), ((1, 1),)), ((3, 2), ((6, 6),)), ((1, 4), ((6, 6),)), ((1, 4), ((1, 6), (6, 6))), ((2, 5), ((1, 6), (6, 6))), ((3, 6), ((1, 6), (6, 6))), ((1, 2), ((1, 1), (1, 6))), ((6, 5), ((1, 6),)), ((6, 5), ((1, 6), (6, 6))), ((5, 6), ((1, 6), (6, 6))), ((4, 1), ()), ((1, 4), ((1, 1),)), ((3, 1), ((6, 6),)), ((1, 3), ((6, 6),)), ((1, 3), ((1, 6), (6, 6))), ((3, 5), ((1, 6), (6, 6))), ((4, 6), ((1, 6), (6, 6))), ((1, 3), ((1, 1), (1, 6))), ((6, 4), ((1, 6),)), ((6, 4), ((1, 6), (6, 6))), ((5, 5), ((1, 6), (6, 6))), ((5, 1), ()), ((1, 5), ((1, 1),)), ((4, 1), ((6, 6),)), ((1, 2), ((6, 6),)), ((1, 2), ((1, 6), (6, 6))), ((4, 5), ((1, 6), (6, 6))), ((1, 4), ((1, 1), (1, 6))), ((6, 3), ((1, 6),)), ((6, 3), ((1, 6), (6, 6))), ((6, 1), ((6, 1),)), ((1, 6), ((1, 1), (1, 6))), ((2, 5), ((1, 1),)), ((5, 1), ((6, 6),)), ((1, 1), ((1, 1), (6, 6))), ((1, 1), ((1, 1), (1, 6), (6, 6))), ((1, 5), ((1, 1), (1, 6))), ((5, 3), ((1, 6),)), ((5, 3), ((1, 6), (6, 6))), ((5, 1), ((6, 1),)), ((2, 6), ((1, 1), (1, 6))), ((2, 6), ((1, 1),)), ((3, 5), ((1, 1),)), ((6, 1), ((6, 1), (6, 6))), ((1, 2), ((1, 1), (6, 6))), ((1, 2), ((1, 1), (1, 6), (6, 6))), ((2, 5), ((1, 1), (1, 6))), ((4, 3), ((1, 6),)), ((4, 3), ((1, 6), (6, 6))), ((4, 1), ((6, 1),)), ((3, 6), ((1, 1), (1, 6))), ((3, 6), ((1, 1),)), ((4, 5), ((1, 1),)), ((5, 1), ((6, 1), (6, 6))), ((1, 3), ((1, 1), (6, 6))), ((1, 3), ((1, 1), (1, 6), (6, 6))), ((3, 5), ((1, 1), (1, 6))), ((3, 3), ((1, 6),)), ((3, 3), ((1, 6), (6, 6))), ((3, 1), ((6, 1),)), ((4, 6), ((1, 1), (1, 6))), ((4, 6), ((1, 1),)), ((5, 5), ((1, 1),)), ((4, 1), ((6, 1), (6, 6))), ((1, 4), ((1, 1), (6, 6))), ((1, 4), ((1, 1), (1, 6), (6, 6))), ((4, 5), ((1, 1), (1, 6))), ((3, 2), ((1, 6),)), ((3, 2), ((1, 6), (6, 6))), ((3, 2), ((6, 1),)), ((5, 6), ((1, 1), (1, 6))), ((5, 6), ((1, 1),)), ((6, 5), ((1, 1),)), ((3, 1), ((6, 1), (6, 6))), ((1, 5), ((1, 1), (6, 6))), ((1, 5), ((1, 1), (1, 6), (6, 6))), ((5, 5), ((1, 1), (1, 6))), ((3, 1), ((1, 6),)), ((3, 1), ((1, 6), (6, 6))), ((3, 3), ((6, 1),)), ((6, 6), ((1, 1), (1, 6), (6, 6))), ((6, 6), ((1, 1), (6, 6))), ((6, 4), ((1, 1),)), ((3, 2), ((6, 1), (6, 6))), ((1, 6), ((1, 1), (1, 6), (6, 6))), ((2, 5), ((1, 1), (6, 6))), ((2, 5), ((1, 1), (1, 6), (6, 6))), ((6, 5), ((1, 1), (1, 6))), ((4, 1), ((1, 6),)), ((4, 1), ((1, 6), (6, 6))), ((4, 3), ((6, 1),)), ((6, 5), ((1, 1), (1, 6), (6, 6))), ((5, 6), ((1, 1), (1, 6), (6, 6))), ((6, 5), ((1, 1), (6, 6))), ((5, 6), ((1, 1), (6, 6))), ((6, 3), ((1, 1),)), ((3, 3), ((6, 1), (6, 6))), ((2, 6), ((1, 1), (1, 6), (6, 6))), ((2, 6), ((1, 1), (6, 6))), ((3, 5), ((1, 1), (6, 6))), ((3, 5), ((1, 1), (1, 6), (6, 6))), ((6, 4), ((1, 1), (1, 6))), ((5, 1), ((1, 6),)), ((5, 1), ((1, 6), (6, 6))), ((5, 3), ((6, 1),)), ((6, 4), ((1, 1), (1, 6), (6, 6))), ((5, 5), ((1, 1), (1, 6), (6, 6))), ((4, 6), ((1, 1), (1, 6), (6, 6))), ((6, 4), ((1, 1), (6, 6))), ((5, 5), ((1, 1), (6, 6))), ((4, 6), ((1, 1), (6, 6))), ((5, 3), ((1, 1),)), ((4, 3), ((6, 1), (6, 6))), ((3, 6), ((1, 1), (1, 6), (6, 6))), ((3, 6), ((1, 1), (6, 6))), ((4, 5), ((1, 1), (6, 6))), ((4, 5), ((1, 1), (1, 6), (6, 6))), ((6, 3), ((1, 1), (1, 6))), ((6, 1), ((1, 6), (6, 1))), ((6, 1), ((1, 6), (6, 1), (6, 6))), ((6, 3), ((6, 1),)), ((6, 3), ((1, 1), (1, 6), (6, 6))), ((6, 3), ((1, 1), (6, 6))), ((4, 3), ((1, 1),)), ((5, 3), ((6, 1), (6, 6))), ((5, 3), ((1, 1), (1, 6))), ((5, 1), ((1, 6), (6, 1))), ((5, 1), ((1, 6), (6, 1), (6, 6))), ((6, 4), ((6, 1),)), ((5, 3), ((1, 1), (1, 6), (6, 6))), ((5, 3), ((1, 1), (6, 6))), ((3, 3), ((1, 1),)), ((6, 3), ((6, 1), (6, 6))), ((4, 3), ((1, 1), (1, 6))), ((4, 1), ((1, 6), (6, 1))), ((4, 1), ((1, 6), (6, 1), (6, 6))), ((6, 5), ((6, 1),)), ((4, 3), ((1, 1), (1, 6), (6, 6))), ((4, 3), ((1, 1), (6, 6))), ((3, 2), ((1, 1),)), ((6, 4), ((6, 1), (6, 6))), ((3, 3), ((1, 1), (1, 6))), ((3, 1), ((1, 6), (6, 1))), ((3, 1), ((1, 6), (6, 1), (6, 6))), ((6, 6), ((6, 1), (6, 6))), ((5, 5), ((6, 1),)), ((3, 3), ((1, 1), (1, 6), (6, 6))), ((3, 3), ((1, 1), (6, 6))), ((3, 1), ((1, 1),)), ((6, 5), ((6, 1), (6, 6))), ((3, 2), ((1, 1), (1, 6))), ((3, 2), ((1, 6), (6, 1))), ((3, 2), ((1, 6), (6, 1), (6, 6))), ((5, 6), ((6, 1), (6, 6))), ((5, 6), ((6, 1),)), ((4, 5), ((6, 1),)), ((3, 2), ((1, 1), (1, 6), (6, 6))), ((3, 2), ((1, 1), (6, 6))), ((4, 1), ((1, 1),)), ((5, 5), ((6, 1), (6, 6))), ((3, 1), ((1, 1), (1, 6))), ((3, 3), ((1, 6), (6, 1))), ((3, 3), ((1, 6), (6, 1), (6, 6))), ((4, 6), ((6, 1), (6, 6))), ((4, 6), ((6, 1),)), ((3, 5), ((6, 1),)), ((3, 1), ((1, 1), (1, 6), (6, 6))), ((3, 1), ((1, 1), (6, 6))), ((5, 1), ((1, 1),)), ((4, 5), ((6, 1), (6, 6)))]",26,0,26
228,"((4, 3), ((1, 6), (6, 1)))","((3, 3), ((1, 6), (6, 1)))",East,"[((5, 3), ((1, 6), (6, 1))) via East]","[((4, 3), ((1, 6), (6, 1))), ((4, 3), ((1, 6), (6, 1), (6, 6))), ((3, 6), ((6, 1), (6, 6))), ((3, 6), ((6, 1),)), ((2, 5), ((6, 1),)), ((4, 1), ((1, 1), (1, 6), (6, 6))), ((4, 1), ((1, 1), (6, 6))), ((6, 1), ((1, 1), (6, 1))), ((3, 5), ((6, 1), (6, 6))), ((5, 1), ((1, 1), (1, 6)))]","[((4, 3), ((1, 6), (6, 1), (6, 6))), ((3, 6), ((6, 1), (6, 6))), ((3, 6), ((6, 1),)), ((2, 5), ((6, 1),)), ((4, 1), ((1, 1), (1, 6), (6, 6))), ((4, 1), ((1, 1), (6, 6))), ((6, 1), ((1, 1), (6, 1))), ((3, 5), ((6, 1), (6, 6))), ((5, 1), ((1, 1), (1, 6))), ((5, 3), ((1, 6), (6, 1)))]","[((4, 5), ()), ((4, 6), ()), ((5, 5), ()), ((3, 5), ()), ((5, 6), ()), ((3, 6), ()), ((6, 5), ()), ((2, 5), ()), ((6, 6), ((6, 6),)), ((2, 6), ()), ((6, 4), ()), ((1, 5), ()), ((6, 5), ((6, 6),)), ((5, 6), ((6, 6),)), ((1, 6), ((1, 6),)), ((6, 3), ()), ((1, 4), ()), ((6, 4), ((6, 6),)), ((5, 5), ((6, 6),)), ((4, 6), ((6, 6),)), ((1, 5), ((1, 6),)), ((2, 6), ((1, 6),)), ((5, 3), ()), ((1, 3), ()), ((6, 3), ((6, 6),)), ((4, 5), ((6, 6),)), ((3, 6), ((6, 6),)), ((1, 4), ((1, 6),)), ((2, 5), ((1, 6),)), ((3, 6), ((1, 6),)), ((4, 3), ()), ((1, 2), ()), ((5, 3), ((6, 6),)), ((3, 5), ((6, 6),)), ((2, 6), ((6, 6),)), ((1, 3), ((1, 6),)), ((3, 5), ((1, 6),)), ((4, 6), ((1, 6),)), ((3, 3), ()), ((1, 1), ((1, 1),)), ((4, 3), ((6, 6),)), ((2, 5), ((6, 6),)), ((1, 6), ((1, 6), (6, 6))), ((1, 2), ((1, 6),)), ((4, 5), ((1, 6),)), ((5, 6), ((1, 6),)), ((3, 2), ()), ((1, 2), ((1, 1),)), ((3, 3), ((6, 6),)), ((1, 5), ((6, 6),)), ((1, 5), ((1, 6), (6, 6))), ((2, 6), ((1, 6), (6, 6))), ((1, 1), ((1, 1), (1, 6))), ((5, 5), ((1, 6),)), ((6, 6), ((1, 6), (6, 6))), ((3, 1), ()), ((1, 3), ((1, 1),)), ((3, 2), ((6, 6),)), ((1, 4), ((6, 6),)), ((1, 4), ((1, 6), (6, 6))), ((2, 5), ((1, 6), (6, 6))), ((3, 6), ((1, 6), (6, 6))), ((1, 2), ((1, 1), (1, 6))), ((6, 5), ((1, 6),)), ((6, 5), ((1, 6), (6, 6))), ((5, 6), ((1, 6), (6, 6))), ((4, 1), ()), ((1, 4), ((1, 1),)), ((3, 1), ((6, 6),)), ((1, 3), ((6, 6),)), ((1, 3), ((1, 6), (6, 6))), ((3, 5), ((1, 6), (6, 6))), ((4, 6), ((1, 6), (6, 6))), ((1, 3), ((1, 1), (1, 6))), ((6, 4), ((1, 6),)), ((6, 4), ((1, 6), (6, 6))), ((5, 5), ((1, 6), (6, 6))), ((5, 1), ()), ((1, 5), ((1, 1),)), ((4, 1), ((6, 6),)), ((1, 2), ((6, 6),)), ((1, 2), ((1, 6), (6, 6))), ((4, 5), ((1, 6), (6, 6))), ((1, 4), ((1, 1), (1, 6))), ((6, 3), ((1, 6),)), ((6, 3), ((1, 6), (6, 6))), ((6, 1), ((6, 1),)), ((1, 6), ((1, 1), (1, 6))), ((2, 5), ((1, 1),)), ((5, 1), ((6, 6),)), ((1, 1), ((1, 1), (6, 6))), ((1, 1), ((1, 1), (1, 6), (6, 6))), ((1, 5), ((1, 1), (1, 6))), ((5, 3), ((1, 6),)), ((5, 3), ((1, 6), (6, 6))), ((5, 1), ((6, 1),)), ((2, 6), ((1, 1), (1, 6))), ((2, 6), ((1, 1),)), ((3, 5), ((1, 1),)), ((6, 1), ((6, 1), (6, 6))), ((1, 2), ((1, 1), (6, 6))), ((1, 2), ((1, 1), (1, 6), (6, 6))), ((2, 5), ((1, 1), (1, 6))), ((4, 3), ((1, 6),)), ((4, 3), ((1, 6), (6, 6))), ((4, 1), ((6, 1),)), ((3, 6), ((1, 1), (1, 6))), ((3, 6), ((1, 1),)), ((4, 5), ((1, 1),)), ((5, 1), ((6, 1), (6, 6))), ((1, 3), ((1, 1), (6, 6))), ((1, 3), ((1, 1), (1, 6), (6, 6))), ((3, 5), ((1, 1), (1, 6))), ((3, 3), ((1, 6),)), ((3, 3), ((1, 6), (6, 6))), ((3, 1), ((6, 1),)), ((4, 6), ((1, 1), (1, 6))), ((4, 6), ((1, 1),)), ((5, 5), ((1, 1),)), ((4, 1), ((6, 1), (6, 6))), ((1, 4), ((1, 1), (6, 6))), ((1, 4), ((1, 1), (1, 6), (6, 6))), ((4, 5), ((1, 1), (1, 6))), ((3, 2), ((1, 6),)), ((3, 2), ((1, 6), (6, 6))), ((3, 2), ((6, 1),)), ((5, 6), ((1, 1), (1, 6))), ((5, 6), ((1, 1),)), ((6, 5), ((1, 1),)), ((3, 1), ((6, 1), (6, 6))), ((1, 5), ((1, 1), (6, 6))), ((1, 5), ((1, 1), (1, 6), (6, 6))), ((5, 5), ((1, 1), (1, 6))), ((3, 1), ((1, 6),)), ((3, 1), ((1, 6), (6, 6))), ((3, 3), ((6, 1),)), ((6, 6), ((1, 1), (1, 6), (6, 6))), ((6, 6), ((1, 1), (6, 6))), ((6, 4), ((1, 1),)), ((3, 2), ((6, 1), (6, 6))), ((1, 6), ((1, 1), (1, 6), (6, 6))), ((2, 5), ((1, 1), (6, 6))), ((2, 5), ((1, 1), (1, 6), (6, 6))), ((6, 5), ((1, 1), (1, 6))), ((4, 1), ((1, 6),)), ((4, 1), ((1, 6), (6, 6))), ((4, 3), ((6, 1),)), ((6, 5), ((1, 1), (1, 6), (6, 6))), ((5, 6), ((1, 1), (1, 6), (6, 6))), ((6, 5), ((1, 1), (6, 6))), ((5, 6), ((1, 1), (6, 6))), ((6, 3), ((1, 1),)), ((3, 3), ((6, 1), (6, 6))), ((2, 6), ((1, 1), (1, 6), (6, 6))), ((2, 6), ((1, 1), (6, 6))), ((3, 5), ((1, 1), (6, 6))), ((3, 5), ((1, 1), (1, 6), (6, 6))), ((6, 4), ((1, 1), (1, 6))), ((5, 1), ((1, 6),)), ((5, 1), ((1, 6), (6, 6))), ((5, 3), ((6, 1),)), ((6, 4), ((1, 1), (1, 6), (6, 6))), ((5, 5), ((1, 1), (1, 6), (6, 6))), ((4, 6), ((1, 1), (1, 6), (6, 6))), ((6, 4), ((1, 1), (6, 6))), ((5, 5), ((1, 1), (6, 6))), ((4, 6), ((1, 1), (6, 6))), ((5, 3), ((1, 1),)), ((4, 3), ((6, 1), (6, 6))), ((3, 6), ((1, 1), (1, 6), (6, 6))), ((3, 6), ((1, 1), (6, 6))), ((4, 5), ((1, 1), (6, 6))), ((4, 5), ((1, 1), (1, 6), (6, 6))), ((6, 3), ((1, 1), (1, 6))), ((6, 1), ((1, 6), (6, 1))), ((6, 1), ((1, 6), (6, 1), (6, 6))), ((6, 3), ((6, 1),)), ((6, 3), ((1, 1), (1, 6), (6, 6))), ((6, 3), ((1, 1), (6, 6))), ((4, 3), ((1, 1),)), ((5, 3), ((6, 1), (6, 6))), ((5, 3), ((1, 1), (1, 6))), ((5, 1), ((1, 6), (6, 1))), ((5, 1), ((1, 6), (6, 1), (6, 6))), ((6, 4), ((6, 1),)), ((5, 3), ((1, 1), (1, 6), (6, 6))), ((5, 3), ((1, 1), (6, 6))), ((3, 3), ((1, 1),)), ((6, 3), ((6, 1), (6, 6))), ((4, 3), ((1, 1), (1, 6))), ((4, 1), ((1, 6), (6, 1))), ((4, 1), ((1, 6), (6, 1), (6, 6))), ((6, 5), ((6, 1),)), ((4, 3), ((1, 1), (1, 6), (6, 6))), ((4, 3), ((1, 1), (6, 6))), ((3, 2), ((1, 1),)), ((6, 4), ((6, 1), (6, 6))), ((3, 3), ((1, 1), (1, 6))), ((3, 1), ((1, 6), (6, 1))), ((3, 1), ((1, 6), (6, 1), (6, 6))), ((6, 6), ((6, 1), (6, 6))), ((5, 5), ((6, 1),)), ((3, 3), ((1, 1), (1, 6), (6, 6))), ((3, 3), ((1, 1), (6, 6))), ((3, 1), ((1, 1),)), ((6, 5), ((6, 1), (6, 6))), ((3, 2), ((1, 1), (1, 6))), ((3, 2), ((1, 6), (6, 1))), ((3, 2), ((1, 6), (6, 1), (6, 6))), ((5, 6), ((6, 1), (6, 6))), ((5, 6), ((6, 1),)), ((4, 5), ((6, 1),)), ((3, 2), ((1, 1), (1, 6), (6, 6))), ((3, 2), ((1, 1), (6, 6))), ((4, 1), ((1, 1),)), ((5, 5), ((6, 1), (6, 6))), ((3, 1), ((1, 1), (1, 6))), ((3, 3), ((1, 6), (6, 1))), ((3, 3), ((1, 6), (6, 1), (6, 6))), ((4, 6), ((6, 1), (6, 6))), ((4, 6), ((6, 1),)), ((3, 5), ((6, 1),)), ((3, 1), ((1, 1), (1, 6), (6, 6))), ((3, 1), ((1, 1), (6, 6))), ((5, 1), ((1, 1),)), ((4, 5), ((6, 1), (6, 6))), ((4, 1), ((1, 1), (1, 6)))]",26,0,26
229,"((4, 3), ((1, 6), (6, 1), (6, 6)))","((3, 3), ((1, 6), (6, 1), (6, 6)))",East,"[((5, 3), ((1, 6), (6, 1), (6, 6))) via East]","[((4, 3), ((1, 6), (6, 1), (6, 6))), ((3, 6), ((6, 1), (6, 6))), ((3, 6), ((6, 1),)), ((2, 5), ((6, 1),)), ((4, 1), ((1, 1), (1, 6), (6, 6))), ((4, 1), ((1, 1), (6, 6))), ((6, 1), ((1, 1), (6, 1))), ((3, 5), ((6, 1), (6, 6))), ((5, 1), ((1, 1), (1, 6))), ((5, 3), ((1, 6), (6, 1)))]","[((3, 6), ((6, 1), (6, 6))), ((3, 6), ((6, 1),)), ((2, 5), ((6, 1),)), ((4, 1), ((1, 1), (1, 6), (6, 6))), ((4, 1), ((1, 1), (6, 6))), ((6, 1), ((1, 1), (6, 1))), ((3, 5), ((6, 1), (6, 6))), ((5, 1), ((1, 1), (1, 6))), ((5, 3), ((1, 6), (6, 1))), ((5, 3), ((1, 6), (6, 1), (6, 6)))]","[((4, 5), ()), ((4, 6), ()), ((5, 5), ()), ((3, 5), ()), ((5, 6), ()), ((3, 6), ()), ((6, 5), ()), ((2, 5), ()), ((6, 6), ((6, 6),)), ((2, 6), ()), ((6, 4), ()), ((1, 5), ()), ((6, 5), ((6, 6),)), ((5, 6), ((6, 6),)), ((1, 6), ((1, 6),)), ((6, 3), ()), ((1, 4), ()), ((6, 4), ((6, 6),)), ((5, 5), ((6, 6),)), ((4, 6), ((6, 6),)), ((1, 5), ((1, 6),)), ((2, 6), ((1, 6),)), ((5, 3), ()), ((1, 3), ()), ((6, 3), ((6, 6),)), ((4, 5), ((6, 6),)), ((3, 6), ((6, 6),)), ((1, 4), ((1, 6),)), ((2, 5), ((1, 6),)), ((3, 6), ((1, 6),)), ((4, 3), ()), ((1, 2), ()), ((5, 3), ((6, 6),)), ((3, 5), ((6, 6),)), ((2, 6), ((6, 6),)), ((1, 3), ((1, 6),)), ((3, 5), ((1, 6),)), ((4, 6), ((1, 6),)), ((3, 3), ()), ((1, 1), ((1, 1),)), ((4, 3), ((6, 6),)), ((2, 5), ((6, 6),)), ((1, 6), ((1, 6), (6, 6))), ((1, 2), ((1, 6),)), ((4, 5), ((1, 6),)), ((5, 6), ((1, 6),)), ((3, 2), ()), ((1, 2), ((1, 1),)), ((3, 3), ((6, 6),)), ((1, 5), ((6, 6),)), ((1, 5), ((1, 6), (6, 6))), ((2, 6), ((1, 6), (6, 6))), ((1, 1), ((1, 1), (1, 6))), ((5, 5), ((1, 6),)), ((6, 6), ((1, 6), (6, 6))), ((3, 1), ()), ((1, 3), ((1, 1),)), ((3, 2), ((6, 6),)), ((1, 4), ((6, 6),)), ((1, 4), ((1, 6), (6, 6))), ((2, 5), ((1, 6), (6, 6))), ((3, 6), ((1, 6), (6, 6))), ((1, 2), ((1, 1), (1, 6))), ((6, 5), ((1, 6),)), ((6, 5), ((1, 6), (6, 6))), ((5, 6), ((1, 6), (6, 6))), ((4, 1), ()), ((1, 4), ((1, 1),)), ((3, 1), ((6, 6),)), ((1, 3), ((6, 6),)), ((1, 3), ((1, 6), (6, 6))), ((3, 5), ((1, 6), (6, 6))), ((4, 6), ((1, 6), (6, 6))), ((1, 3), ((1, 1), (1, 6))), ((6, 4), ((1, 6),)), ((6, 4), ((1, 6), (6, 6))), ((5, 5), ((1, 6), (6, 6))), ((5, 1), ()), ((1, 5), ((1, 1),)), ((4, 1), ((6, 6),)), ((1, 2), ((6, 6),)), ((1, 2), ((1, 6), (6, 6))), ((4, 5), ((1, 6), (6, 6))), ((1, 4), ((1, 1), (1, 6))), ((6, 3), ((1, 6),)), ((6, 3), ((1, 6), (6, 6))), ((6, 1), ((6, 1),)), ((1, 6), ((1, 1), (1, 6))), ((2, 5), ((1, 1),)), ((5, 1), ((6, 6),)), ((1, 1), ((1, 1), (6, 6))), ((1, 1), ((1, 1), (1, 6), (6, 6))), ((1, 5), ((1, 1), (1, 6))), ((5, 3), ((1, 6),)), ((5, 3), ((1, 6), (6, 6))), ((5, 1), ((6, 1),)), ((2, 6), ((1, 1), (1, 6))), ((2, 6), ((1, 1),)), ((3, 5), ((1, 1),)), ((6, 1), ((6, 1), (6, 6))), ((1, 2), ((1, 1), (6, 6))), ((1, 2), ((1, 1), (1, 6), (6, 6))), ((2, 5), ((1, 1), (1, 6))), ((4, 3), ((1, 6),)), ((4, 3), ((1, 6), (6, 6))), ((4, 1), ((6, 1),)), ((3, 6), ((1, 1), (1, 6))), ((3, 6), ((1, 1),)), ((4, 5), ((1, 1),)), ((5, 1), ((6, 1), (6, 6))), ((1, 3), ((1, 1), (6, 6))), ((1, 3), ((1, 1), (1, 6), (6, 6))), ((3, 5), ((1, 1), (1, 6))), ((3, 3), ((1, 6),)), ((3, 3), ((1, 6), (6, 6))), ((3, 1), ((6, 1),)), ((4, 6), ((1, 1), (1, 6))), ((4, 6), ((1, 1),)), ((5, 5), ((1, 1),)), ((4, 1), ((6, 1), (6, 6))), ((1, 4), ((1, 1), (6, 6))), ((1, 4), ((1, 1), (1, 6), (6, 6))), ((4, 5), ((1, 1), (1, 6))), ((3, 2), ((1, 6),)), ((3, 2), ((1, 6), (6, 6))), ((3, 2), ((6, 1),)), ((5, 6), ((1, 1), (1, 6))), ((5, 6), ((1, 1),)), ((6, 5), ((1, 1),)), ((3, 1), ((6, 1), (6, 6))), ((1, 5), ((1, 1), (6, 6))), ((1, 5), ((1, 1), (1, 6), (6, 6))), ((5, 5), ((1, 1), (1, 6))), ((3, 1), ((1, 6),)), ((3, 1), ((1, 6), (6, 6))), ((3, 3), ((6, 1),)), ((6, 6), ((1, 1), (1, 6), (6, 6))), ((6, 6), ((1, 1), (6, 6))), ((6, 4), ((1, 1),)), ((3, 2), ((6, 1), (6, 6))), ((1, 6), ((1, 1), (1, 6), (6, 6))), ((2, 5), ((1, 1), (6, 6))), ((2, 5), ((1, 1), (1, 6), (6, 6))), ((6, 5), ((1, 1), (1, 6))), ((4, 1), ((1, 6),)), ((4, 1), ((1, 6), (6, 6))), ((4, 3), ((6, 1),)), ((6, 5), ((1, 1), (1, 6), (6, 6))), ((5, 6), ((1, 1), (1, 6), (6, 6))), ((6, 5), ((1, 1), (6, 6))), ((5, 6), ((1, 1), (6, 6))), ((6, 3), ((1, 1),)), ((3, 3), ((6, 1), (6, 6))), ((2, 6), ((1, 1), (1, 6), (6, 6))), ((2, 6), ((1, 1), (6, 6))), ((3, 5), ((1, 1), (6, 6))), ((3, 5), ((1, 1), (1, 6), (6, 6))), ((6, 4), ((1, 1), (1, 6))), ((5, 1), ((1, 6),)), ((5, 1), ((1, 6), (6, 6))), ((5, 3), ((6, 1),)), ((6, 4), ((1, 1), (1, 6), (6, 6))), ((5, 5), ((1, 1), (1, 6), (6, 6))), ((4, 6), ((1, 1), (1, 6), (6, 6))), ((6, 4), ((1, 1), (6, 6))), ((5, 5), ((1, 1), (6, 6))), ((4, 6), ((1, 1), (6, 6))), ((5, 3), ((1, 1),)), ((4, 3), ((6, 1), (6, 6))), ((3, 6), ((1, 1), (1, 6), (6, 6))), ((3, 6), ((1, 1), (6, 6))), ((4, 5), ((1, 1), (6, 6))), ((4, 5), ((1, 1), (1, 6), (6, 6))), ((6, 3), ((1, 1), (1, 6))), ((6, 1), ((1, 6), (6, 1))), ((6, 1), ((1, 6), (6, 1), (6, 6))), ((6, 3), ((6, 1),)), ((6, 3), ((1, 1), (1, 6), (6, 6))), ((6, 3), ((1, 1), (6, 6))), ((4, 3), ((1, 1),)), ((5, 3), ((6, 1), (6, 6))), ((5, 3), ((1, 1), (1, 6))), ((5, 1), ((1, 6), (6, 1))), ((5, 1), ((1, 6), (6, 1), (6, 6))), ((6, 4), ((6, 1),)), ((5, 3), ((1, 1), (1, 6), (6, 6))), ((5, 3), ((1, 1), (6, 6))), ((3, 3), ((1, 1),)), ((6, 3), ((6, 1), (6, 6))), ((4, 3), ((1, 1), (1, 6))), ((4, 1), ((1, 6), (6, 1))), ((4, 1), ((1, 6), (6, 1), (6, 6))), ((6, 5), ((6, 1),)), ((4, 3), ((1, 1), (1, 6), (6, 6))), ((4, 3), ((1, 1), (6, 6))), ((3, 2), ((1, 1),)), ((6, 4), ((6, 1), (6, 6))), ((3, 3), ((1, 1), (1, 6))), ((3, 1), ((1, 6), (6, 1))), ((3, 1), ((1, 6), (6, 1), (6, 6))), ((6, 6), ((6, 1), (6, 6))), ((5, 5), ((6, 1),)), ((3, 3), ((1, 1), (1, 6), (6, 6))), ((3, 3), ((1, 1), (6, 6))), ((3, 1), ((1, 1),)), ((6, 5), ((6, 1), (6, 6))), ((3, 2), ((1, 1), (1, 6))), ((3, 2), ((1, 6), (6, 1))), ((3, 2), ((1, 6), (6, 1), (6, 6))), ((5, 6), ((6, 1), (6, 6))), ((5, 6), ((6, 1),)), ((4, 5), ((6, 1),)), ((3, 2), ((1, 1), (1, 6), (6, 6))), ((3, 2), ((1, 1), (6, 6))), ((4, 1), ((1, 1),)), ((5, 5), ((6, 1), (6, 6))), ((3, 1), ((1, 1), (1, 6))), ((3, 3), ((1, 6), (6, 1))), ((3, 3), ((1, 6), (6, 1), (6, 6))), ((4, 6), ((6, 1), (6, 6))), ((4, 6), ((6, 1),)), ((3, 5), ((6, 1),)), ((3, 1), ((1, 1), (1, 6), (6, 6))), ((3, 1), ((1, 1), (6, 6))), ((5, 1), ((1, 1),)), ((4, 5), ((6, 1), (6, 6))), ((4, 1), ((1, 1), (1, 6))), ((4, 3), ((1, 6), (6, 1)))]",26,0,26
230,"((3, 6), ((6, 1), (6, 6)))","((4, 6), ((6, 1), (6, 6)))",West,"[((2, 6), ((6, 1), (6, 6))) via West]","[((3, 6), ((6, 1), (6, 6))), ((3, 6), ((6, 1),)), ((2, 5), ((6, 1),)), ((4, 1), ((1, 1), (1, 6), (6, 6))), ((4, 1), ((1, 1), (6, 6))), ((6, 1), ((1, 1), (6, 1))), ((3, 5), ((6, 1), (6, 6))), ((5, 1), ((1, 1), (1, 6))), ((5, 3), ((1, 6), (6, 1))), ((5, 3), ((1, 6), (6, 1), (6, 6)))]","[((3, 6), ((6, 1),)), ((2, 5), ((6, 1),)), ((4, 1), ((1, 1), (1, 6), (6, 6))), ((4, 1), ((1, 1), (6, 6))), ((6, 1), ((1, 1), (6, 1))), ((3, 5), ((6, 1), (6, 6))), ((5, 1), ((1, 1), (1, 6))), ((5, 3), ((1, 6), (6, 1))), ((5, 3), ((1, 6), (6, 1), (6, 6))), ((2, 6), ((6, 1), (6, 6)))]","[((4, 5), ()), ((4, 6), ()), ((5, 5), ()), ((3, 5), ()), ((5, 6), ()), ((3, 6), ()), ((6, 5), ()), ((2, 5), ()), ((6, 6), ((6, 6),)), ((2, 6), ()), ((6, 4), ()), ((1, 5), ()), ((6, 5), ((6, 6),)), ((5, 6), ((6, 6),)), ((1, 6), ((1, 6),)), ((6, 3), ()), ((1, 4), ()), ((6, 4), ((6, 6),)), ((5, 5), ((6, 6),)), ((4, 6), ((6, 6),)), ((1, 5), ((1, 6),)), ((2, 6), ((1, 6),)), ((5, 3), ()), ((1, 3), ()), ((6, 3), ((6, 6),)), ((4, 5), ((6, 6),)), ((3, 6), ((6, 6),)), ((1, 4), ((1, 6),)), ((2, 5), ((1, 6),)), ((3, 6), ((1, 6),)), ((4, 3), ()), ((1, 2), ()), ((5, 3), ((6, 6),)), ((3, 5), ((6, 6),)), ((2, 6), ((6, 6),)), ((1, 3), ((1, 6),)), ((3, 5), ((1, 6),)), ((4, 6), ((1, 6),)), ((3, 3), ()), ((1, 1), ((1, 1),)), ((4, 3), ((6, 6),)), ((2, 5), ((6, 6),)), ((1, 6), ((1, 6), (6, 6))), ((1, 2), ((1, 6),)), ((4, 5), ((1, 6),)), ((5, 6), ((1, 6),)), ((3, 2), ()), ((1, 2), ((1, 1),)), ((3, 3), ((6, 6),)), ((1, 5), ((6, 6),)), ((1, 5), ((1, 6), (6, 6))), ((2, 6), ((1, 6), (6, 6))), ((1, 1), ((1, 1), (1, 6))), ((5, 5), ((1, 6),)), ((6, 6), ((1, 6), (6, 6))), ((3, 1), ()), ((1, 3), ((1, 1),)), ((3, 2), ((6, 6),)), ((1, 4), ((6, 6),)), ((1, 4), ((1, 6), (6, 6))), ((2, 5), ((1, 6), (6, 6))), ((3, 6), ((1, 6), (6, 6))), ((1, 2), ((1, 1), (1, 6))), ((6, 5), ((1, 6),)), ((6, 5), ((1, 6), (6, 6))), ((5, 6), ((1, 6), (6, 6))), ((4, 1), ()), ((1, 4), ((1, 1),)), ((3, 1), ((6, 6),)), ((1, 3), ((6, 6),)), ((1, 3), ((1, 6), (6, 6))), ((3, 5), ((1, 6), (6, 6))), ((4, 6), ((1, 6), (6, 6))), ((1, 3), ((1, 1), (1, 6))), ((6, 4), ((1, 6),)), ((6, 4), ((1, 6), (6, 6))), ((5, 5), ((1, 6), (6, 6))), ((5, 1), ()), ((1, 5), ((1, 1),)), ((4, 1), ((6, 6),)), ((1, 2), ((6, 6),)), ((1, 2), ((1, 6), (6, 6))), ((4, 5), ((1, 6), (6, 6))), ((1, 4), ((1, 1), (1, 6))), ((6, 3), ((1, 6),)), ((6, 3), ((1, 6), (6, 6))), ((6, 1), ((6, 1),)), ((1, 6), ((1, 1), (1, 6))), ((2, 5), ((1, 1),)), ((5, 1), ((6, 6),)), ((1, 1), ((1, 1), (6, 6))), ((1, 1), ((1, 1), (1, 6), (6, 6))), ((1, 5), ((1, 1), (1, 6))), ((5, 3), ((1, 6),)), ((5, 3), ((1, 6), (6, 6))), ((5, 1), ((6, 1),)), ((2, 6), ((1, 1), (1, 6))), ((2, 6), ((1, 1),)), ((3, 5), ((1, 1),)), ((6, 1), ((6, 1), (6, 6))), ((1, 2), ((1, 1), (6, 6))), ((1, 2), ((1, 1), (1, 6), (6, 6))), ((2, 5), ((1, 1), (1, 6))), ((4, 3), ((1, 6),)), ((4, 3), ((1, 6), (6, 6))), ((4, 1), ((6, 1),)), ((3, 6), ((1, 1), (1, 6))), ((3, 6), ((1, 1),)), ((4, 5), ((1, 1),)), ((5, 1), ((6, 1), (6, 6))), ((1, 3), ((1, 1), (6, 6))), ((1, 3), ((1, 1), (1, 6), (6, 6))), ((3, 5), ((1, 1), (1, 6))), ((3, 3), ((1, 6),)), ((3, 3), ((1, 6), (6, 6))), ((3, 1), ((6, 1),)), ((4, 6), ((1, 1), (1, 6))), ((4, 6), ((1, 1),)), ((5, 5), ((1, 1),)), ((4, 1), ((6, 1), (6, 6))), ((1, 4), ((1, 1), (6, 6))), ((1, 4), ((1, 1), (1, 6), (6, 6))), ((4, 5), ((1, 1), (1, 6))), ((3, 2), ((1, 6),)), ((3, 2), ((1, 6), (6, 6))), ((3, 2), ((6, 1),)), ((5, 6), ((1, 1), (1, 6))), ((5, 6), ((1, 1),)), ((6, 5), ((1, 1),)), ((3, 1), ((6, 1), (6, 6))), ((1, 5), ((1, 1), (6, 6))), ((1, 5), ((1, 1), (1, 6), (6, 6))), ((5, 5), ((1, 1), (1, 6))), ((3, 1), ((1, 6),)), ((3, 1), ((1, 6), (6, 6))), ((3, 3), ((6, 1),)), ((6, 6), ((1, 1), (1, 6), (6, 6))), ((6, 6), ((1, 1), (6, 6))), ((6, 4), ((1, 1),)), ((3, 2), ((6, 1), (6, 6))), ((1, 6), ((1, 1), (1, 6), (6, 6))), ((2, 5), ((1, 1), (6, 6))), ((2, 5), ((1, 1), (1, 6), (6, 6))), ((6, 5), ((1, 1), (1, 6))), ((4, 1), ((1, 6),)), ((4, 1), ((1, 6), (6, 6))), ((4, 3), ((6, 1),)), ((6, 5), ((1, 1), (1, 6), (6, 6))), ((5, 6), ((1, 1), (1, 6), (6, 6))), ((6, 5), ((1, 1), (6, 6))), ((5, 6), ((1, 1), (6, 6))), ((6, 3), ((1, 1),)), ((3, 3), ((6, 1), (6, 6))), ((2, 6), ((1, 1), (1, 6), (6, 6))), ((2, 6), ((1, 1), (6, 6))), ((3, 5), ((1, 1), (6, 6))), ((3, 5), ((1, 1), (1, 6), (6, 6))), ((6, 4), ((1, 1), (1, 6))), ((5, 1), ((1, 6),)), ((5, 1), ((1, 6), (6, 6))), ((5, 3), ((6, 1),)), ((6, 4), ((1, 1), (1, 6), (6, 6))), ((5, 5), ((1, 1), (1, 6), (6, 6))), ((4, 6), ((1, 1), (1, 6), (6, 6))), ((6, 4), ((1, 1), (6, 6))), ((5, 5), ((1, 1), (6, 6))), ((4, 6), ((1, 1), (6, 6))), ((5, 3), ((1, 1),)), ((4, 3), ((6, 1), (6, 6))), ((3, 6), ((1, 1), (1, 6), (6, 6))), ((3, 6), ((1, 1), (6, 6))), ((4, 5), ((1, 1), (6, 6))), ((4, 5), ((1, 1), (1, 6), (6, 6))), ((6, 3), ((1, 1), (1, 6))), ((6, 1), ((1, 6), (6, 1))), ((6, 1), ((1, 6), (6, 1), (6, 6))), ((6, 3), ((6, 1),)), ((6, 3), ((1, 1), (1, 6), (6, 6))), ((6, 3), ((1, 1), (6, 6))), ((4, 3), ((1, 1),)), ((5, 3), ((6, 1), (6, 6))), ((5, 3), ((1, 1), (1, 6))), ((5, 1), ((1, 6), (6, 1))), ((5, 1), ((1, 6), (6, 1), (6, 6))), ((6, 4), ((6, 1),)), ((5, 3), ((1, 1), (1, 6), (6, 6))), ((5, 3), ((1, 1), (6, 6))), ((3, 3), ((1, 1),)), ((6, 3), ((6, 1), (6, 6))), ((4, 3), ((1, 1), (1, 6))), ((4, 1), ((1, 6), (6, 1))), ((4, 1), ((1, 6), (6, 1), (6, 6))), ((6, 5), ((6, 1),)), ((4, 3), ((1, 1), (1, 6), (6, 6))), ((4, 3), ((1, 1), (6, 6))), ((3, 2), ((1, 1),)), ((6, 4), ((6, 1), (6, 6))), ((3, 3), ((1, 1), (1, 6))), ((3, 1), ((1, 6), (6, 1))), ((3, 1), ((1, 6), (6, 1), (6, 6))), ((6, 6), ((6, 1), (6, 6))), ((5, 5), ((6, 1),)), ((3, 3), ((1, 1), (1, 6), (6, 6))), ((3, 3), ((1, 1), (6, 6))), ((3, 1), ((1, 1),)), ((6, 5), ((6, 1), (6, 6))), ((3, 2), ((1, 1), (1, 6))), ((3, 2), ((1, 6), (6, 1))), ((3, 2), ((1, 6), (6, 1), (6, 6))), ((5, 6), ((6, 1), (6, 6))), ((5, 6), ((6, 1),)), ((4, 5), ((6, 1),)), ((3, 2), ((1, 1), (1, 6), (6, 6))), ((3, 2), ((1, 1), (6, 6))), ((4, 1), ((1, 1),)), ((5, 5), ((6, 1), (6, 6))), ((3, 1), ((1, 1), (1, 6))), ((3, 3), ((1, 6), (6, 1))), ((3, 3), ((1, 6), (6, 1), (6, 6))), ((4, 6), ((6, 1), (6, 6))), ((4, 6), ((6, 1),)), ((3, 5), ((6, 1),)), ((3, 1), ((1, 1), (1, 6), (6, 6))), ((3, 1), ((1, 1), (6, 6))), ((5, 1), ((1, 1),)), ((4, 5), ((6, 1), (6, 6))), ((4, 1), ((1, 1), (1, 6))), ((4, 3), ((1, 6), (6, 1))), ((4, 3), ((1, 6), (6, 1), (6, 6)))]",26,0,26
231,"((3, 6), ((6, 1),))","((4, 6), ((6, 1),))",West,"[((2, 6), ((6, 1),)) via West]","[((3, 6), ((6, 1),)), ((2, 5), ((6, 1),)), ((4, 1), ((1, 1), (1, 6), (6, 6))), ((4, 1), ((1, 1), (6, 6))), ((6, 1), ((1, 1), (6, 1))), ((3, 5), ((6, 1), (6, 6))), ((5, 1), ((1, 1), (1, 6))), ((5, 3), ((1, 6), (6, 1))), ((5, 3), ((1, 6), (6, 1), (6, 6))), ((2, 6), ((6, 1), (6, 6)))]","[((2, 5), ((6, 1),)), ((4, 1), ((1, 1), (1, 6), (6, 6))), ((4, 1), ((1, 1), (6, 6))), ((6, 1), ((1, 1), (6, 1))), ((3, 5), ((6, 1), (6, 6))), ((5, 1), ((1, 1), (1, 6))), ((5, 3), ((1, 6), (6, 1))), ((5, 3), ((1, 6), (6, 1), (6, 6))), ((2, 6), ((6, 1), (6, 6))), ((2, 6), ((6, 1),))]","[((4, 5), ()), ((4, 6), ()), ((5, 5), ()), ((3, 5), ()), ((5, 6), ()), ((3, 6), ()), ((6, 5), ()), ((2, 5), ()), ((6, 6), ((6, 6),)), ((2, 6), ()), ((6, 4), ()), ((1, 5), ()), ((6, 5), ((6, 6),)), ((5, 6), ((6, 6),)), ((1, 6), ((1, 6),)), ((6, 3), ()), ((1, 4), ()), ((6, 4), ((6, 6),)), ((5, 5), ((6, 6),)), ((4, 6), ((6, 6),)), ((1, 5), ((1, 6),)), ((2, 6), ((1, 6),)), ((5, 3), ()), ((1, 3), ()), ((6, 3), ((6, 6),)), ((4, 5), ((6, 6),)), ((3, 6), ((6, 6),)), ((1, 4), ((1, 6),)), ((2, 5), ((1, 6),)), ((3, 6), ((1, 6),)), ((4, 3), ()), ((1, 2), ()), ((5, 3), ((6, 6),)), ((3, 5), ((6, 6),)), ((2, 6), ((6, 6),)), ((1, 3), ((1, 6),)), ((3, 5), ((1, 6),)), ((4, 6), ((1, 6),)), ((3, 3), ()), ((1, 1), ((1, 1),)), ((4, 3), ((6, 6),)), ((2, 5), ((6, 6),)), ((1, 6), ((1, 6), (6, 6))), ((1, 2), ((1, 6),)), ((4, 5), ((1, 6),)), ((5, 6), ((1, 6),)), ((3, 2), ()), ((1, 2), ((1, 1),)), ((3, 3), ((6, 6),)), ((1, 5), ((6, 6),)), ((1, 5), ((1, 6), (6, 6))), ((2, 6), ((1, 6), (6, 6))), ((1, 1), ((1, 1), (1, 6))), ((5, 5), ((1, 6),)), ((6, 6), ((1, 6), (6, 6))), ((3, 1), ()), ((1, 3), ((1, 1),)), ((3, 2), ((6, 6),)), ((1, 4), ((6, 6),)), ((1, 4), ((1, 6), (6, 6))), ((2, 5), ((1, 6), (6, 6))), ((3, 6), ((1, 6), (6, 6))), ((1, 2), ((1, 1), (1, 6))), ((6, 5), ((1, 6),)), ((6, 5), ((1, 6), (6, 6))), ((5, 6), ((1, 6), (6, 6))), ((4, 1), ()), ((1, 4), ((1, 1),)), ((3, 1), ((6, 6),)), ((1, 3), ((6, 6),)), ((1, 3), ((1, 6), (6, 6))), ((3, 5), ((1, 6), (6, 6))), ((4, 6), ((1, 6), (6, 6))), ((1, 3), ((1, 1), (1, 6))), ((6, 4), ((1, 6),)), ((6, 4), ((1, 6), (6, 6))), ((5, 5), ((1, 6), (6, 6))), ((5, 1), ()), ((1, 5), ((1, 1),)), ((4, 1), ((6, 6),)), ((1, 2), ((6, 6),)), ((1, 2), ((1, 6), (6, 6))), ((4, 5), ((1, 6), (6, 6))), ((1, 4), ((1, 1), (1, 6))), ((6, 3), ((1, 6),)), ((6, 3), ((1, 6), (6, 6))), ((6, 1), ((6, 1),)), ((1, 6), ((1, 1), (1, 6))), ((2, 5), ((1, 1),)), ((5, 1), ((6, 6),)), ((1, 1), ((1, 1), (6, 6))), ((1, 1), ((1, 1), (1, 6), (6, 6))), ((1, 5), ((1, 1), (1, 6))), ((5, 3), ((1, 6),)), ((5, 3), ((1, 6), (6, 6))), ((5, 1), ((6, 1),)), ((2, 6), ((1, 1), (1, 6))), ((2, 6), ((1, 1),)), ((3, 5), ((1, 1),)), ((6, 1), ((6, 1), (6, 6))), ((1, 2), ((1, 1), (6, 6))), ((1, 2), ((1, 1), (1, 6), (6, 6))), ((2, 5), ((1, 1), (1, 6))), ((4, 3), ((1, 6),)), ((4, 3), ((1, 6), (6, 6))), ((4, 1), ((6, 1),)), ((3, 6), ((1, 1), (1, 6))), ((3, 6), ((1, 1),)), ((4, 5), ((1, 1),)), ((5, 1), ((6, 1), (6, 6))), ((1, 3), ((1, 1), (6, 6))), ((1, 3), ((1, 1), (1, 6), (6, 6))), ((3, 5), ((1, 1), (1, 6))), ((3, 3), ((1, 6),)), ((3, 3), ((1, 6), (6, 6))), ((3, 1), ((6, 1),)), ((4, 6), ((1, 1), (1, 6))), ((4, 6), ((1, 1),)), ((5, 5), ((1, 1),)), ((4, 1), ((6, 1), (6, 6))), ((1, 4), ((1, 1), (6, 6))), ((1, 4), ((1, 1), (1, 6), (6, 6))), ((4, 5), ((1, 1), (1, 6))), ((3, 2), ((1, 6),)), ((3, 2), ((1, 6), (6, 6))), ((3, 2), ((6, 1),)), ((5, 6), ((1, 1), (1, 6))), ((5, 6), ((1, 1),)), ((6, 5), ((1, 1),)), ((3, 1), ((6, 1), (6, 6))), ((1, 5), ((1, 1), (6, 6))), ((1, 5), ((1, 1), (1, 6), (6, 6))), ((5, 5), ((1, 1), (1, 6))), ((3, 1), ((1, 6),)), ((3, 1), ((1, 6), (6, 6))), ((3, 3), ((6, 1),)), ((6, 6), ((1, 1), (1, 6), (6, 6))), ((6, 6), ((1, 1), (6, 6))), ((6, 4), ((1, 1),)), ((3, 2), ((6, 1), (6, 6))), ((1, 6), ((1, 1), (1, 6), (6, 6))), ((2, 5), ((1, 1), (6, 6))), ((2, 5), ((1, 1), (1, 6), (6, 6))), ((6, 5), ((1, 1), (1, 6))), ((4, 1), ((1, 6),)), ((4, 1), ((1, 6), (6, 6))), ((4, 3), ((6, 1),)), ((6, 5), ((1, 1), (1, 6), (6, 6))), ((5, 6), ((1, 1), (1, 6), (6, 6))), ((6, 5), ((1, 1), (6, 6))), ((5, 6), ((1, 1), (6, 6))), ((6, 3), ((1, 1),)), ((3, 3), ((6, 1), (6, 6))), ((2, 6), ((1, 1), (1, 6), (6, 6))), ((2, 6), ((1, 1), (6, 6))), ((3, 5), ((1, 1), (6, 6))), ((3, 5), ((1, 1), (1, 6), (6, 6))), ((6, 4), ((1, 1), (1, 6))), ((5, 1), ((1, 6),)), ((5, 1), ((1, 6), (6, 6))), ((5, 3), ((6, 1),)), ((6, 4), ((1, 1), (1, 6), (6, 6))), ((5, 5), ((1, 1), (1, 6), (6, 6))), ((4, 6), ((1, 1), (1, 6), (6, 6))), ((6, 4), ((1, 1), (6, 6))), ((5, 5), ((1, 1), (6, 6))), ((4, 6), ((1, 1), (6, 6))), ((5, 3), ((1, 1),)), ((4, 3), ((6, 1), (6, 6))), ((3, 6), ((1, 1), (1, 6), (6, 6))), ((3, 6), ((1, 1), (6, 6))), ((4, 5), ((1, 1), (6, 6))), ((4, 5), ((1, 1), (1, 6), (6, 6))), ((6, 3), ((1, 1), (1, 6))), ((6, 1), ((1, 6), (6, 1))), ((6, 1), ((1, 6), (6, 1), (6, 6))), ((6, 3), ((6, 1),)), ((6, 3), ((1, 1), (1, 6), (6, 6))), ((6, 3), ((1, 1), (6, 6))), ((4, 3), ((1, 1),)), ((5, 3), ((6, 1), (6, 6))), ((5, 3), ((1, 1), (1, 6))), ((5, 1), ((1, 6), (6, 1))), ((5, 1), ((1, 6), (6, 1), (6, 6))), ((6, 4), ((6, 1),)), ((5, 3), ((1, 1), (1, 6), (6, 6))), ((5, 3), ((1, 1), (6, 6))), ((3, 3), ((1, 1),)), ((6, 3), ((6, 1), (6, 6))), ((4, 3), ((1, 1), (1, 6))), ((4, 1), ((1, 6), (6, 1))), ((4, 1), ((1, 6), (6, 1), (6, 6))), ((6, 5), ((6, 1),)), ((4, 3), ((1, 1), (1, 6), (6, 6))), ((4, 3), ((1, 1), (6, 6))), ((3, 2), ((1, 1),)), ((6, 4), ((6, 1), (6, 6))), ((3, 3), ((1, 1), (1, 6))), ((3, 1), ((1, 6), (6, 1))), ((3, 1), ((1, 6), (6, 1), (6, 6))), ((6, 6), ((6, 1), (6, 6))), ((5, 5), ((6, 1),)), ((3, 3), ((1, 1), (1, 6), (6, 6))), ((3, 3), ((1, 1), (6, 6))), ((3, 1), ((1, 1),)), ((6, 5), ((6, 1), (6, 6))), ((3, 2), ((1, 1), (1, 6))), ((3, 2), ((1, 6), (6, 1))), ((3, 2), ((1, 6), (6, 1), (6, 6))), ((5, 6), ((6, 1), (6, 6))), ((5, 6), ((6, 1),)), ((4, 5), ((6, 1),)), ((3, 2), ((1, 1), (1, 6), (6, 6))), ((3, 2), ((1, 1), (6, 6))), ((4, 1), ((1, 1),)), ((5, 5), ((6, 1), (6, 6))), ((3, 1), ((1, 1), (1, 6))), ((3, 3), ((1, 6), (6, 1))), ((3, 3), ((1, 6), (6, 1), (6, 6))), ((4, 6), ((6, 1), (6, 6))), ((4, 6), ((6, 1),)), ((3, 5), ((6, 1),)), ((3, 1), ((1, 1), (1, 6), (6, 6))), ((3, 1), ((1, 1), (6, 6))), ((5, 1), ((1, 1),)), ((4, 5), ((6, 1), (6, 6))), ((4, 1), ((1, 1), (1, 6))), ((4, 3), ((1, 6), (6, 1))), ((4, 3), ((1, 6), (6, 1), (6, 6))), ((3, 6), ((6, 1), (6, 6)))]",26,0,26
232,"((2, 5), ((6, 1),))","((3, 5), ((6, 1),))",West,"[((1, 5), ((6, 1),)) via West]","[((2, 5), ((6, 1),)), ((4, 1), ((1, 1), (1, 6), (6, 6))), ((4, 1), ((1, 1), (6, 6))), ((6, 1), ((1, 1), (6, 1))), ((3, 5), ((6, 1), (6, 6))), ((5, 1), ((1, 1), (1, 6))), ((5, 3), ((1, 6), (6, 1))), ((5, 3), ((1, 6), (6, 1), (6, 6))), ((2, 6), ((6, 1), (6, 6))), ((2, 6), ((6, 1),))]","[((4, 1), ((1, 1), (1, 6), (6, 6))), ((4, 1), ((1, 1), (6, 6))), ((6, 1), ((1, 1), (6, 1))), ((3, 5), ((6, 1), (6, 6))), ((5, 1), ((1, 1), (1, 6))), ((5, 3), ((1, 6), (6, 1))), ((5, 3), ((1, 6), (6, 1), (6, 6))), ((2, 6), ((6, 1), (6, 6))), ((2, 6), ((6, 1),)), ((1, 5), ((6, 1),))]","[((4, 5), ()), ((4, 6), ()), ((5, 5), ()), ((3, 5), ()), ((5, 6), ()), ((3, 6), ()), ((6, 5), ()), ((2, 5), ()), ((6, 6), ((6, 6),)), ((2, 6), ()), ((6, 4), ()), ((1, 5), ()), ((6, 5), ((6, 6),)), ((5, 6), ((6, 6),)), ((1, 6), ((1, 6),)), ((6, 3), ()), ((1, 4), ()), ((6, 4), ((6, 6),)), ((5, 5), ((6, 6),)), ((4, 6), ((6, 6),)), ((1, 5), ((1, 6),)), ((2, 6), ((1, 6),)), ((5, 3), ()), ((1, 3), ()), ((6, 3), ((6, 6),)), ((4, 5), ((6, 6),)), ((3, 6), ((6, 6),)), ((1, 4), ((1, 6),)), ((2, 5), ((1, 6),)), ((3, 6), ((1, 6),)), ((4, 3), ()), ((1, 2), ()), ((5, 3), ((6, 6),)), ((3, 5), ((6, 6),)), ((2, 6), ((6, 6),)), ((1, 3), ((1, 6),)), ((3, 5), ((1, 6),)), ((4, 6), ((1, 6),)), ((3, 3), ()), ((1, 1), ((1, 1),)), ((4, 3), ((6, 6),)), ((2, 5), ((6, 6),)), ((1, 6), ((1, 6), (6, 6))), ((1, 2), ((1, 6),)), ((4, 5), ((1, 6),)), ((5, 6), ((1, 6),)), ((3, 2), ()), ((1, 2), ((1, 1),)), ((3, 3), ((6, 6),)), ((1, 5), ((6, 6),)), ((1, 5), ((1, 6), (6, 6))), ((2, 6), ((1, 6), (6, 6))), ((1, 1), ((1, 1), (1, 6))), ((5, 5), ((1, 6),)), ((6, 6), ((1, 6), (6, 6))), ((3, 1), ()), ((1, 3), ((1, 1),)), ((3, 2), ((6, 6),)), ((1, 4), ((6, 6),)), ((1, 4), ((1, 6), (6, 6))), ((2, 5), ((1, 6), (6, 6))), ((3, 6), ((1, 6), (6, 6))), ((1, 2), ((1, 1), (1, 6))), ((6, 5), ((1, 6),)), ((6, 5), ((1, 6), (6, 6))), ((5, 6), ((1, 6), (6, 6))), ((4, 1), ()), ((1, 4), ((1, 1),)), ((3, 1), ((6, 6),)), ((1, 3), ((6, 6),)), ((1, 3), ((1, 6), (6, 6))), ((3, 5), ((1, 6), (6, 6))), ((4, 6), ((1, 6), (6, 6))), ((1, 3), ((1, 1), (1, 6))), ((6, 4), ((1, 6),)), ((6, 4), ((1, 6), (6, 6))), ((5, 5), ((1, 6), (6, 6))), ((5, 1), ()), ((1, 5), ((1, 1),)), ((4, 1), ((6, 6),)), ((1, 2), ((6, 6),)), ((1, 2), ((1, 6), (6, 6))), ((4, 5), ((1, 6), (6, 6))), ((1, 4), ((1, 1), (1, 6))), ((6, 3), ((1, 6),)), ((6, 3), ((1, 6), (6, 6))), ((6, 1), ((6, 1),)), ((1, 6), ((1, 1), (1, 6))), ((2, 5), ((1, 1),)), ((5, 1), ((6, 6),)), ((1, 1), ((1, 1), (6, 6))), ((1, 1), ((1, 1), (1, 6), (6, 6))), ((1, 5), ((1, 1), (1, 6))), ((5, 3), ((1, 6),)), ((5, 3), ((1, 6), (6, 6))), ((5, 1), ((6, 1),)), ((2, 6), ((1, 1), (1, 6))), ((2, 6), ((1, 1),)), ((3, 5), ((1, 1),)), ((6, 1), ((6, 1), (6, 6))), ((1, 2), ((1, 1), (6, 6))), ((1, 2), ((1, 1), (1, 6), (6, 6))), ((2, 5), ((1, 1), (1, 6))), ((4, 3), ((1, 6),)), ((4, 3), ((1, 6), (6, 6))), ((4, 1), ((6, 1),)), ((3, 6), ((1, 1), (1, 6))), ((3, 6), ((1, 1),)), ((4, 5), ((1, 1),)), ((5, 1), ((6, 1), (6, 6))), ((1, 3), ((1, 1), (6, 6))), ((1, 3), ((1, 1), (1, 6), (6, 6))), ((3, 5), ((1, 1), (1, 6))), ((3, 3), ((1, 6),)), ((3, 3), ((1, 6), (6, 6))), ((3, 1), ((6, 1),)), ((4, 6), ((1, 1), (1, 6))), ((4, 6), ((1, 1),)), ((5, 5), ((1, 1),)), ((4, 1), ((6, 1), (6, 6))), ((1, 4), ((1, 1), (6, 6))), ((1, 4), ((1, 1), (1, 6), (6, 6))), ((4, 5), ((1, 1), (1, 6))), ((3, 2), ((1, 6),)), ((3, 2), ((1, 6), (6, 6))), ((3, 2), ((6, 1),)), ((5, 6), ((1, 1), (1, 6))), ((5, 6), ((1, 1),)), ((6, 5), ((1, 1),)), ((3, 1), ((6, 1), (6, 6))), ((1, 5), ((1, 1), (6, 6))), ((1, 5), ((1, 1), (1, 6), (6, 6))), ((5, 5), ((1, 1), (1, 6))), ((3, 1), ((1, 6),)), ((3, 1), ((1, 6), (6, 6))), ((3, 3), ((6, 1),)), ((6, 6), ((1, 1), (1, 6), (6, 6))), ((6, 6), ((1, 1), (6, 6))), ((6, 4), ((1, 1),)), ((3, 2), ((6, 1), (6, 6))), ((1, 6), ((1, 1), (1, 6), (6, 6))), ((2, 5), ((1, 1), (6, 6))), ((2, 5), ((1, 1), (1, 6), (6, 6))), ((6, 5), ((1, 1), (1, 6))), ((4, 1), ((1, 6),)), ((4, 1), ((1, 6), (6, 6))), ((4, 3), ((6, 1),)), ((6, 5), ((1, 1), (1, 6), (6, 6))), ((5, 6), ((1, 1), (1, 6), (6, 6))), ((6, 5), ((1, 1), (6, 6))), ((5, 6), ((1, 1), (6, 6))), ((6, 3), ((1, 1),)), ((3, 3), ((6, 1), (6, 6))), ((2, 6), ((1, 1), (1, 6), (6, 6))), ((2, 6), ((1, 1), (6, 6))), ((3, 5), ((1, 1), (6, 6))), ((3, 5), ((1, 1), (1, 6), (6, 6))), ((6, 4), ((1, 1), (1, 6))), ((5, 1), ((1, 6),)), ((5, 1), ((1, 6), (6, 6))), ((5, 3), ((6, 1),)), ((6, 4), ((1, 1), (1, 6), (6, 6))), ((5, 5), ((1, 1), (1, 6), (6, 6))), ((4, 6), ((1, 1), (1, 6), (6, 6))), ((6, 4), ((1, 1), (6, 6))), ((5, 5), ((1, 1), (6, 6))), ((4, 6), ((1, 1), (6, 6))), ((5, 3), ((1, 1),)), ((4, 3), ((6, 1), (6, 6))), ((3, 6), ((1, 1), (1, 6), (6, 6))), ((3, 6), ((1, 1), (6, 6))), ((4, 5), ((1, 1), (6, 6))), ((4, 5), ((1, 1), (1, 6), (6, 6))), ((6, 3), ((1, 1), (1, 6))), ((6, 1), ((1, 6), (6, 1))), ((6, 1), ((1, 6), (6, 1), (6, 6))), ((6, 3), ((6, 1),)), ((6, 3), ((1, 1), (1, 6), (6, 6))), ((6, 3), ((1, 1), (6, 6))), ((4, 3), ((1, 1),)), ((5, 3), ((6, 1), (6, 6))), ((5, 3), ((1, 1), (1, 6))), ((5, 1), ((1, 6), (6, 1))), ((5, 1), ((1, 6), (6, 1), (6, 6))), ((6, 4), ((6, 1),)), ((5, 3), ((1, 1), (1, 6), (6, 6))), ((5, 3), ((1, 1), (6, 6))), ((3, 3), ((1, 1),)), ((6, 3), ((6, 1), (6, 6))), ((4, 3), ((1, 1), (1, 6))), ((4, 1), ((1, 6), (6, 1))), ((4, 1), ((1, 6), (6, 1), (6, 6))), ((6, 5), ((6, 1),)), ((4, 3), ((1, 1), (1, 6), (6, 6))), ((4, 3), ((1, 1), (6, 6))), ((3, 2), ((1, 1),)), ((6, 4), ((6, 1), (6, 6))), ((3, 3), ((1, 1), (1, 6))), ((3, 1), ((1, 6), (6, 1))), ((3, 1), ((1, 6), (6, 1), (6, 6))), ((6, 6), ((6, 1), (6, 6))), ((5, 5), ((6, 1),)), ((3, 3), ((1, 1), (1, 6), (6, 6))), ((3, 3), ((1, 1), (6, 6))), ((3, 1), ((1, 1),)), ((6, 5), ((6, 1), (6, 6))), ((3, 2), ((1, 1), (1, 6))), ((3, 2), ((1, 6), (6, 1))), ((3, 2), ((1, 6), (6, 1), (6, 6))), ((5, 6), ((6, 1), (6, 6))), ((5, 6), ((6, 1),)), ((4, 5), ((6, 1),)), ((3, 2), ((1, 1), (1, 6), (6, 6))), ((3, 2), ((1, 1), (6, 6))), ((4, 1), ((1, 1),)), ((5, 5), ((6, 1), (6, 6))), ((3, 1), ((1, 1), (1, 6))), ((3, 3), ((1, 6), (6, 1))), ((3, 3), ((1, 6), (6, 1), (6, 6))), ((4, 6), ((6, 1), (6, 6))), ((4, 6), ((6, 1),)), ((3, 5), ((6, 1),)), ((3, 1), ((1, 1), (1, 6), (6, 6))), ((3, 1), ((1, 1), (6, 6))), ((5, 1), ((1, 1),)), ((4, 5), ((6, 1), (6, 6))), ((4, 1), ((1, 1), (1, 6))), ((4, 3), ((1, 6), (6, 1))), ((4, 3), ((1, 6), (6, 1), (6, 6))), ((3, 6), ((6, 1), (6, 6))), ((3, 6), ((6, 1),))]",26,0,26
233,"((4, 1), ((1, 1), (1, 6), (6, 6)))","((3, 1), ((1, 1), (1, 6), (6, 6)))",East,"[((5, 1), ((1, 1), (1, 6), (6, 6))) via East]","[((4, 1), ((1, 1), (1, 6), (6, 6))), ((4, 1), ((1, 1), (6, 6))), ((6, 1), ((1, 1), (6, 1))), ((3, 5), ((6, 1), (6, 6))), ((5, 1), ((1, 1), (1, 6))), ((5, 3), ((1, 6), (6, 1))), ((5, 3), ((1, 6), (6, 1), (6, 6))), ((2, 6), ((6, 1), (6, 6))), ((2, 6), ((6, 1),)), ((1, 5), ((6, 1),))]","[((4, 1), ((1, 1), (6, 6))), ((6, 1), ((1, 1), (6, 1))), ((3, 5), ((6, 1), (6, 6))), ((5, 1), ((1, 1), (1, 6))), ((5, 3), ((1, 6), (6, 1))), ((5, 3), ((1, 6), (6, 1), (6, 6))), ((2, 6), ((6, 1), (6, 6))), ((2, 6), ((6, 1),)), ((1, 5), ((6, 1),)), ((5, 1), ((1, 1), (1, 6), (6, 6)))]","[((4, 5), ()), ((4, 6), ()), ((5, 5), ()), ((3, 5), ()), ((5, 6), ()), ((3, 6), ()), ((6, 5), ()), ((2, 5), ()), ((6, 6), ((6, 6),)), ((2, 6), ()), ((6, 4), ()), ((1, 5), ()), ((6, 5), ((6, 6),)), ((5, 6), ((6, 6),)), ((1, 6), ((1, 6),)), ((6, 3), ()), ((1, 4), ()), ((6, 4), ((6, 6),)), ((5, 5), ((6, 6),)), ((4, 6), ((6, 6),)), ((1, 5), ((1, 6),)), ((2, 6), ((1, 6),)), ((5, 3), ()), ((1, 3), ()), ((6, 3), ((6, 6),)), ((4, 5), ((6, 6),)), ((3, 6), ((6, 6),)), ((1, 4), ((1, 6),)), ((2, 5), ((1, 6),)), ((3, 6), ((1, 6),)), ((4, 3), ()), ((1, 2), ()), ((5, 3), ((6, 6),)), ((3, 5), ((6, 6),)), ((2, 6), ((6, 6),)), ((1, 3), ((1, 6),)), ((3, 5), ((1, 6),)), ((4, 6), ((1, 6),)), ((3, 3), ()), ((1, 1), ((1, 1),)), ((4, 3), ((6, 6),)), ((2, 5), ((6, 6),)), ((1, 6), ((1, 6), (6, 6))), ((1, 2), ((1, 6),)), ((4, 5), ((1, 6),)), ((5, 6), ((1, 6),)), ((3, 2), ()), ((1, 2), ((1, 1),)), ((3, 3), ((6, 6),)), ((1, 5), ((6, 6),)), ((1, 5), ((1, 6), (6, 6))), ((2, 6), ((1, 6), (6, 6))), ((1, 1), ((1, 1), (1, 6))), ((5, 5), ((1, 6),)), ((6, 6), ((1, 6), (6, 6))), ((3, 1), ()), ((1, 3), ((1, 1),)), ((3, 2), ((6, 6),)), ((1, 4), ((6, 6),)), ((1, 4), ((1, 6), (6, 6))), ((2, 5), ((1, 6), (6, 6))), ((3, 6), ((1, 6), (6, 6))), ((1, 2), ((1, 1), (1, 6))), ((6, 5), ((1, 6),)), ((6, 5), ((1, 6), (6, 6))), ((5, 6), ((1, 6), (6, 6))), ((4, 1), ()), ((1, 4), ((1, 1),)), ((3, 1), ((6, 6),)), ((1, 3), ((6, 6),)), ((1, 3), ((1, 6), (6, 6))), ((3, 5), ((1, 6), (6, 6))), ((4, 6), ((1, 6), (6, 6))), ((1, 3), ((1, 1), (1, 6))), ((6, 4), ((1, 6),)), ((6, 4), ((1, 6), (6, 6))), ((5, 5), ((1, 6), (6, 6))), ((5, 1), ()), ((1, 5), ((1, 1),)), ((4, 1), ((6, 6),)), ((1, 2), ((6, 6),)), ((1, 2), ((1, 6), (6, 6))), ((4, 5), ((1, 6), (6, 6))), ((1, 4), ((1, 1), (1, 6))), ((6, 3), ((1, 6),)), ((6, 3), ((1, 6), (6, 6))), ((6, 1), ((6, 1),)), ((1, 6), ((1, 1), (1, 6))), ((2, 5), ((1, 1),)), ((5, 1), ((6, 6),)), ((1, 1), ((1, 1), (6, 6))), ((1, 1), ((1, 1), (1, 6), (6, 6))), ((1, 5), ((1, 1), (1, 6))), ((5, 3), ((1, 6),)), ((5, 3), ((1, 6), (6, 6))), ((5, 1), ((6, 1),)), ((2, 6), ((1, 1), (1, 6))), ((2, 6), ((1, 1),)), ((3, 5), ((1, 1),)), ((6, 1), ((6, 1), (6, 6))), ((1, 2), ((1, 1), (6, 6))), ((1, 2), ((1, 1), (1, 6), (6, 6))), ((2, 5), ((1, 1), (1, 6))), ((4, 3), ((1, 6),)), ((4, 3), ((1, 6), (6, 6))), ((4, 1), ((6, 1),)), ((3, 6), ((1, 1), (1, 6))), ((3, 6), ((1, 1),)), ((4, 5), ((1, 1),)), ((5, 1), ((6, 1), (6, 6))), ((1, 3), ((1, 1), (6, 6))), ((1, 3), ((1, 1), (1, 6), (6, 6))), ((3, 5), ((1, 1), (1, 6))), ((3, 3), ((1, 6),)), ((3, 3), ((1, 6), (6, 6))), ((3, 1), ((6, 1),)), ((4, 6), ((1, 1), (1, 6))), ((4, 6), ((1, 1),)), ((5, 5), ((1, 1),)), ((4, 1), ((6, 1), (6, 6))), ((1, 4), ((1, 1), (6, 6))), ((1, 4), ((1, 1), (1, 6), (6, 6))), ((4, 5), ((1, 1), (1, 6))), ((3, 2), ((1, 6),)), ((3, 2), ((1, 6), (6, 6))), ((3, 2), ((6, 1),)), ((5, 6), ((1, 1), (1, 6))), ((5, 6), ((1, 1),)), ((6, 5), ((1, 1),)), ((3, 1), ((6, 1), (6, 6))), ((1, 5), ((1, 1), (6, 6))), ((1, 5), ((1, 1), (1, 6), (6, 6))), ((5, 5), ((1, 1), (1, 6))), ((3, 1), ((1, 6),)), ((3, 1), ((1, 6), (6, 6))), ((3, 3), ((6, 1),)), ((6, 6), ((1, 1), (1, 6), (6, 6))), ((6, 6), ((1, 1), (6, 6))), ((6, 4), ((1, 1),)), ((3, 2), ((6, 1), (6, 6))), ((1, 6), ((1, 1), (1, 6), (6, 6))), ((2, 5), ((1, 1), (6, 6))), ((2, 5), ((1, 1), (1, 6), (6, 6))), ((6, 5), ((1, 1), (1, 6))), ((4, 1), ((1, 6),)), ((4, 1), ((1, 6), (6, 6))), ((4, 3), ((6, 1),)), ((6, 5), ((1, 1), (1, 6), (6, 6))), ((5, 6), ((1, 1), (1, 6), (6, 6))), ((6, 5), ((1, 1), (6, 6))), ((5, 6), ((1, 1), (6, 6))), ((6, 3), ((1, 1),)), ((3, 3), ((6, 1), (6, 6))), ((2, 6), ((1, 1), (1, 6), (6, 6))), ((2, 6), ((1, 1), (6, 6))), ((3, 5), ((1, 1), (6, 6))), ((3, 5), ((1, 1), (1, 6), (6, 6))), ((6, 4), ((1, 1), (1, 6))), ((5, 1), ((1, 6),)), ((5, 1), ((1, 6), (6, 6))), ((5, 3), ((6, 1),)), ((6, 4), ((1, 1), (1, 6), (6, 6))), ((5, 5), ((1, 1), (1, 6), (6, 6))), ((4, 6), ((1, 1), (1, 6), (6, 6))), ((6, 4), ((1, 1), (6, 6))), ((5, 5), ((1, 1), (6, 6))), ((4, 6), ((1, 1), (6, 6))), ((5, 3), ((1, 1),)), ((4, 3), ((6, 1), (6, 6))), ((3, 6), ((1, 1), (1, 6), (6, 6))), ((3, 6), ((1, 1), (6, 6))), ((4, 5), ((1, 1), (6, 6))), ((4, 5), ((1, 1), (1, 6), (6, 6))), ((6, 3), ((1, 1), (1, 6))), ((6, 1), ((1, 6), (6, 1))), ((6, 1), ((1, 6), (6, 1), (6, 6))), ((6, 3), ((6, 1),)), ((6, 3), ((1, 1), (1, 6), (6, 6))), ((6, 3), ((1, 1), (6, 6))), ((4, 3), ((1, 1),)), ((5, 3), ((6, 1), (6, 6))), ((5, 3), ((1, 1), (1, 6))), ((5, 1), ((1, 6), (6, 1))), ((5, 1), ((1, 6), (6, 1), (6, 6))), ((6, 4), ((6, 1),)), ((5, 3), ((1, 1), (1, 6), (6, 6))), ((5, 3), ((1, 1), (6, 6))), ((3, 3), ((1, 1),)), ((6, 3), ((6, 1), (6, 6))), ((4, 3), ((1, 1), (1, 6))), ((4, 1), ((1, 6), (6, 1))), ((4, 1), ((1, 6), (6, 1), (6, 6))), ((6, 5), ((6, 1),)), ((4, 3), ((1, 1), (1, 6), (6, 6))), ((4, 3), ((1, 1), (6, 6))), ((3, 2), ((1, 1),)), ((6, 4), ((6, 1), (6, 6))), ((3, 3), ((1, 1), (1, 6))), ((3, 1), ((1, 6), (6, 1))), ((3, 1), ((1, 6), (6, 1), (6, 6))), ((6, 6), ((6, 1), (6, 6))), ((5, 5), ((6, 1),)), ((3, 3), ((1, 1), (1, 6), (6, 6))), ((3, 3), ((1, 1), (6, 6))), ((3, 1), ((1, 1),)), ((6, 5), ((6, 1), (6, 6))), ((3, 2), ((1, 1), (1, 6))), ((3, 2), ((1, 6), (6, 1))), ((3, 2), ((1, 6), (6, 1), (6, 6))), ((5, 6), ((6, 1), (6, 6))), ((5, 6), ((6, 1),)), ((4, 5), ((6, 1),)), ((3, 2), ((1, 1), (1, 6), (6, 6))), ((3, 2), ((1, 1), (6, 6))), ((4, 1), ((1, 1),)), ((5, 5), ((6, 1), (6, 6))), ((3, 1), ((1, 1), (1, 6))), ((3, 3), ((1, 6), (6, 1))), ((3, 3), ((1, 6), (6, 1), (6, 6))), ((4, 6), ((6, 1), (6, 6))), ((4, 6), ((6, 1),)), ((3, 5), ((6, 1),)), ((3, 1), ((1, 1), (1, 6), (6, 6))), ((3, 1), ((1, 1), (6, 6))), ((5, 1), ((1, 1),)), ((4, 5), ((6, 1), (6, 6))), ((4, 1), ((1, 1), (1, 6))), ((4, 3), ((1, 6), (6, 1))), ((4, 3), ((1, 6), (6, 1), (6, 6))), ((3, 6), ((6, 1), (6, 6))), ((3, 6), ((6, 1),)), ((2, 5), ((6, 1),))]",26,0,26
234,"((4, 1), ((1, 1), (6, 6)))","((3, 1), ((1, 1), (6, 6)))",East,"[((5, 1), ((1, 1), (6, 6))) via East]","[((4, 1), ((1, 1), (6, 6))), ((6, 1), ((1, 1), (6, 1))), ((3, 5), ((6, 1), (6, 6))), ((5, 1), ((1, 1), (1, 6))), ((5, 3), ((1, 6), (6, 1))), ((5, 3), ((1, 6), (6, 1), (6, 6))), ((2, 6), ((6, 1), (6, 6))), ((2, 6), ((6, 1),)), ((1, 5), ((6, 1),)), ((5, 1), ((1, 1), (1, 6), (6, 6)))]","[((6, 1), ((1, 1), (6, 1))), ((3, 5), ((6, 1), (6, 6))), ((5, 1), ((1, 1), (1, 6))), ((5, 3), ((1, 6), (6, 1))), ((5, 3), ((1, 6), (6, 1), (6, 6))), ((2, 6), ((6, 1), (6, 6))), ((2, 6), ((6, 1),)), ((1, 5), ((6, 1),)), ((5, 1), ((1, 1), (1, 6), (6, 6))), ((5, 1), ((1, 1), (6, 6)))]","[((4, 5), ()), ((4, 6), ()), ((5, 5), ()), ((3, 5), ()), ((5, 6), ()), ((3, 6), ()), ((6, 5), ()), ((2, 5), ()), ((6, 6), ((6, 6),)), ((2, 6), ()), ((6, 4), ()), ((1, 5), ()), ((6, 5), ((6, 6),)), ((5, 6), ((6, 6),)), ((1, 6), ((1, 6),)), ((6, 3), ()), ((1, 4), ()), ((6, 4), ((6, 6),)), ((5, 5), ((6, 6),)), ((4, 6), ((6, 6),)), ((1, 5), ((1, 6),)), ((2, 6), ((1, 6),)), ((5, 3), ()), ((1, 3), ()), ((6, 3), ((6, 6),)), ((4, 5), ((6, 6),)), ((3, 6), ((6, 6),)), ((1, 4), ((1, 6),)), ((2, 5), ((1, 6),)), ((3, 6), ((1, 6),)), ((4, 3), ()), ((1, 2), ()), ((5, 3), ((6, 6),)), ((3, 5), ((6, 6),)), ((2, 6), ((6, 6),)), ((1, 3), ((1, 6),)), ((3, 5), ((1, 6),)), ((4, 6), ((1, 6),)), ((3, 3), ()), ((1, 1), ((1, 1),)), ((4, 3), ((6, 6),)), ((2, 5), ((6, 6),)), ((1, 6), ((1, 6), (6, 6))), ((1, 2), ((1, 6),)), ((4, 5), ((1, 6),)), ((5, 6), ((1, 6),)), ((3, 2), ()), ((1, 2), ((1, 1),)), ((3, 3), ((6, 6),)), ((1, 5), ((6, 6),)), ((1, 5), ((1, 6), (6, 6))), ((2, 6), ((1, 6), (6, 6))), ((1, 1), ((1, 1), (1, 6))), ((5, 5), ((1, 6),)), ((6, 6), ((1, 6), (6, 6))), ((3, 1), ()), ((1, 3), ((1, 1),)), ((3, 2), ((6, 6),)), ((1, 4), ((6, 6),)), ((1, 4), ((1, 6), (6, 6))), ((2, 5), ((1, 6), (6, 6))), ((3, 6), ((1, 6), (6, 6))), ((1, 2), ((1, 1), (1, 6))), ((6, 5), ((1, 6),)), ((6, 5), ((1, 6), (6, 6))), ((5, 6), ((1, 6), (6, 6))), ((4, 1), ()), ((1, 4), ((1, 1),)), ((3, 1), ((6, 6),)), ((1, 3), ((6, 6),)), ((1, 3), ((1, 6), (6, 6))), ((3, 5), ((1, 6), (6, 6))), ((4, 6), ((1, 6), (6, 6))), ((1, 3), ((1, 1), (1, 6))), ((6, 4), ((1, 6),)), ((6, 4), ((1, 6), (6, 6))), ((5, 5), ((1, 6), (6, 6))), ((5, 1), ()), ((1, 5), ((1, 1),)), ((4, 1), ((6, 6),)), ((1, 2), ((6, 6),)), ((1, 2), ((1, 6), (6, 6))), ((4, 5), ((1, 6), (6, 6))), ((1, 4), ((1, 1), (1, 6))), ((6, 3), ((1, 6),)), ((6, 3), ((1, 6), (6, 6))), ((6, 1), ((6, 1),)), ((1, 6), ((1, 1), (1, 6))), ((2, 5), ((1, 1),)), ((5, 1), ((6, 6),)), ((1, 1), ((1, 1), (6, 6))), ((1, 1), ((1, 1), (1, 6), (6, 6))), ((1, 5), ((1, 1), (1, 6))), ((5, 3), ((1, 6),)), ((5, 3), ((1, 6), (6, 6))), ((5, 1), ((6, 1),)), ((2, 6), ((1, 1), (1, 6))), ((2, 6), ((1, 1),)), ((3, 5), ((1, 1),)), ((6, 1), ((6, 1), (6, 6))), ((1, 2), ((1, 1), (6, 6))), ((1, 2), ((1, 1), (1, 6), (6, 6))), ((2, 5), ((1, 1), (1, 6))), ((4, 3), ((1, 6),)), ((4, 3), ((1, 6), (6, 6))), ((4, 1), ((6, 1),)), ((3, 6), ((1, 1), (1, 6))), ((3, 6), ((1, 1),)), ((4, 5), ((1, 1),)), ((5, 1), ((6, 1), (6, 6))), ((1, 3), ((1, 1), (6, 6))), ((1, 3), ((1, 1), (1, 6), (6, 6))), ((3, 5), ((1, 1), (1, 6))), ((3, 3), ((1, 6),)), ((3, 3), ((1, 6), (6, 6))), ((3, 1), ((6, 1),)), ((4, 6), ((1, 1), (1, 6))), ((4, 6), ((1, 1),)), ((5, 5), ((1, 1),)), ((4, 1), ((6, 1), (6, 6))), ((1, 4), ((1, 1), (6, 6))), ((1, 4), ((1, 1), (1, 6), (6, 6))), ((4, 5), ((1, 1), (1, 6))), ((3, 2), ((1, 6),)), ((3, 2), ((1, 6), (6, 6))), ((3, 2), ((6, 1),)), ((5, 6), ((1, 1), (1, 6))), ((5, 6), ((1, 1),)), ((6, 5), ((1, 1),)), ((3, 1), ((6, 1), (6, 6))), ((1, 5), ((1, 1), (6, 6))), ((1, 5), ((1, 1), (1, 6), (6, 6))), ((5, 5), ((1, 1), (1, 6))), ((3, 1), ((1, 6),)), ((3, 1), ((1, 6), (6, 6))), ((3, 3), ((6, 1),)), ((6, 6), ((1, 1), (1, 6), (6, 6))), ((6, 6), ((1, 1), (6, 6))), ((6, 4), ((1, 1),)), ((3, 2), ((6, 1), (6, 6))), ((1, 6), ((1, 1), (1, 6), (6, 6))), ((2, 5), ((1, 1), (6, 6))), ((2, 5), ((1, 1), (1, 6), (6, 6))), ((6, 5), ((1, 1), (1, 6))), ((4, 1), ((1, 6),)), ((4, 1), ((1, 6), (6, 6))), ((4, 3), ((6, 1),)), ((6, 5), ((1, 1), (1, 6), (6, 6))), ((5, 6), ((1, 1), (1, 6), (6, 6))), ((6, 5), ((1, 1), (6, 6))), ((5, 6), ((1, 1), (6, 6))), ((6, 3), ((1, 1),)), ((3, 3), ((6, 1), (6, 6))), ((2, 6), ((1, 1), (1, 6), (6, 6))), ((2, 6), ((1, 1), (6, 6))), ((3, 5), ((1, 1), (6, 6))), ((3, 5), ((1, 1), (1, 6), (6, 6))), ((6, 4), ((1, 1), (1, 6))), ((5, 1), ((1, 6),)), ((5, 1), ((1, 6), (6, 6))), ((5, 3), ((6, 1),)), ((6, 4), ((1, 1), (1, 6), (6, 6))), ((5, 5), ((1, 1), (1, 6), (6, 6))), ((4, 6), ((1, 1), (1, 6), (6, 6))), ((6, 4), ((1, 1), (6, 6))), ((5, 5), ((1, 1), (6, 6))), ((4, 6), ((1, 1), (6, 6))), ((5, 3), ((1, 1),)), ((4, 3), ((6, 1), (6, 6))), ((3, 6), ((1, 1), (1, 6), (6, 6))), ((3, 6), ((1, 1), (6, 6))), ((4, 5), ((1, 1), (6, 6))), ((4, 5), ((1, 1), (1, 6), (6, 6))), ((6, 3), ((1, 1), (1, 6))), ((6, 1), ((1, 6), (6, 1))), ((6, 1), ((1, 6), (6, 1), (6, 6))), ((6, 3), ((6, 1),)), ((6, 3), ((1, 1), (1, 6), (6, 6))), ((6, 3), ((1, 1), (6, 6))), ((4, 3), ((1, 1),)), ((5, 3), ((6, 1), (6, 6))), ((5, 3), ((1, 1), (1, 6))), ((5, 1), ((1, 6), (6, 1))), ((5, 1), ((1, 6), (6, 1), (6, 6))), ((6, 4), ((6, 1),)), ((5, 3), ((1, 1), (1, 6), (6, 6))), ((5, 3), ((1, 1), (6, 6))), ((3, 3), ((1, 1),)), ((6, 3), ((6, 1), (6, 6))), ((4, 3), ((1, 1), (1, 6))), ((4, 1), ((1, 6), (6, 1))), ((4, 1), ((1, 6), (6, 1), (6, 6))), ((6, 5), ((6, 1),)), ((4, 3), ((1, 1), (1, 6), (6, 6))), ((4, 3), ((1, 1), (6, 6))), ((3, 2), ((1, 1),)), ((6, 4), ((6, 1), (6, 6))), ((3, 3), ((1, 1), (1, 6))), ((3, 1), ((1, 6), (6, 1))), ((3, 1), ((1, 6), (6, 1), (6, 6))), ((6, 6), ((6, 1), (6, 6))), ((5, 5), ((6, 1),)), ((3, 3), ((1, 1), (1, 6), (6, 6))), ((3, 3), ((1, 1), (6, 6))), ((3, 1), ((1, 1),)), ((6, 5), ((6, 1), (6, 6))), ((3, 2), ((1, 1), (1, 6))), ((3, 2), ((1, 6), (6, 1))), ((3, 2), ((1, 6), (6, 1), (6, 6))), ((5, 6), ((6, 1), (6, 6))), ((5, 6), ((6, 1),)), ((4, 5), ((6, 1),)), ((3, 2), ((1, 1), (1, 6), (6, 6))), ((3, 2), ((1, 1), (6, 6))), ((4, 1), ((1, 1),)), ((5, 5), ((6, 1), (6, 6))), ((3, 1), ((1, 1), (1, 6))), ((3, 3), ((1, 6), (6, 1))), ((3, 3), ((1, 6), (6, 1), (6, 6))), ((4, 6), ((6, 1), (6, 6))), ((4, 6), ((6, 1),)), ((3, 5), ((6, 1),)), ((3, 1), ((1, 1), (1, 6), (6, 6))), ((3, 1), ((1, 1), (6, 6))), ((5, 1), ((1, 1),)), ((4, 5), ((6, 1), (6, 6))), ((4, 1), ((1, 1), (1, 6))), ((4, 3), ((1, 6), (6, 1))), ((4, 3), ((1, 6), (6, 1), (6, 6))), ((3, 6), ((6, 1), (6, 6))), ((3, 6), ((6, 1),)), ((2, 5), ((6, 1),)), ((4, 1), ((1, 1), (1, 6), (6, 6)))]",26,0,26
235,"((6, 1), ((1, 1), (6, 1)))","((5, 1), ((1, 1),))",East,"[((5, 1), ((1, 1), (6, 1))) via West]","[((6, 1), ((1, 1), (6, 1))), ((3, 5), ((6, 1), (6, 6))), ((5, 1), ((1, 1), (1, 6))), ((5, 3), ((1, 6), (6, 1))), ((5, 3), ((1, 6), (6, 1), (6, 6))), ((2, 6), ((6, 1), (6, 6))), ((2, 6), ((6, 1),)), ((1, 5), ((6, 1),)), ((5, 1), ((1, 1), (1, 6), (6, 6))), ((5, 1), ((1, 1), (6, 6)))]","[((3, 5), ((6, 1), (6, 6))), ((5, 1), ((1, 1), (1, 6))), ((5, 3), ((1, 6), (6, 1))), ((5, 3), ((1, 6), (6, 1), (6, 6))), ((2, 6), ((6, 1), (6, 6))), ((2, 6), ((6, 1),)), ((1, 5), ((6, 1),)), ((5, 1), ((1, 1), (1, 6), (6, 6))), ((5, 1), ((1, 1), (6, 6))), ((5, 1), ((1, 1), (6, 1)))]","[((4, 5), ()), ((4, 6), ()), ((5, 5), ()), ((3, 5), ()), ((5, 6), ()), ((3, 6), ()), ((6, 5), ()), ((2, 5), ()), ((6, 6), ((6, 6),)), ((2, 6), ()), ((6, 4), ()), ((1, 5), ()), ((6, 5), ((6, 6),)), ((5, 6), ((6, 6),)), ((1, 6), ((1, 6),)), ((6, 3), ()), ((1, 4), ()), ((6, 4), ((6, 6),)), ((5, 5), ((6, 6),)), ((4, 6), ((6, 6),)), ((1, 5), ((1, 6),)), ((2, 6), ((1, 6),)), ((5, 3), ()), ((1, 3), ()), ((6, 3), ((6, 6),)), ((4, 5), ((6, 6),)), ((3, 6), ((6, 6),)), ((1, 4), ((1, 6),)), ((2, 5), ((1, 6),)), ((3, 6), ((1, 6),)), ((4, 3), ()), ((1, 2), ()), ((5, 3), ((6, 6),)), ((3, 5), ((6, 6),)), ((2, 6), ((6, 6),)), ((1, 3), ((1, 6),)), ((3, 5), ((1, 6),)), ((4, 6), ((1, 6),)), ((3, 3), ()), ((1, 1), ((1, 1),)), ((4, 3), ((6, 6),)), ((2, 5), ((6, 6),)), ((1, 6), ((1, 6), (6, 6))), ((1, 2), ((1, 6),)), ((4, 5), ((1, 6),)), ((5, 6), ((1, 6),)), ((3, 2), ()), ((1, 2), ((1, 1),)), ((3, 3), ((6, 6),)), ((1, 5), ((6, 6),)), ((1, 5), ((1, 6), (6, 6))), ((2, 6), ((1, 6), (6, 6))), ((1, 1), ((1, 1), (1, 6))), ((5, 5), ((1, 6),)), ((6, 6), ((1, 6), (6, 6))), ((3, 1), ()), ((1, 3), ((1, 1),)), ((3, 2), ((6, 6),)), ((1, 4), ((6, 6),)), ((1, 4), ((1, 6), (6, 6))), ((2, 5), ((1, 6), (6, 6))), ((3, 6), ((1, 6), (6, 6))), ((1, 2), ((1, 1), (1, 6))), ((6, 5), ((1, 6),)), ((6, 5), ((1, 6), (6, 6))), ((5, 6), ((1, 6), (6, 6))), ((4, 1), ()), ((1, 4), ((1, 1),)), ((3, 1), ((6, 6),)), ((1, 3), ((6, 6),)), ((1, 3), ((1, 6), (6, 6))), ((3, 5), ((1, 6), (6, 6))), ((4, 6), ((1, 6), (6, 6))), ((1, 3), ((1, 1), (1, 6))), ((6, 4), ((1, 6),)), ((6, 4), ((1, 6), (6, 6))), ((5, 5), ((1, 6), (6, 6))), ((5, 1), ()), ((1, 5), ((1, 1),)), ((4, 1), ((6, 6),)), ((1, 2), ((6, 6),)), ((1, 2), ((1, 6), (6, 6))), ((4, 5), ((1, 6), (6, 6))), ((1, 4), ((1, 1), (1, 6))), ((6, 3), ((1, 6),)), ((6, 3), ((1, 6), (6, 6))), ((6, 1), ((6, 1),)), ((1, 6), ((1, 1), (1, 6))), ((2, 5), ((1, 1),)), ((5, 1), ((6, 6),)), ((1, 1), ((1, 1), (6, 6))), ((1, 1), ((1, 1), (1, 6), (6, 6))), ((1, 5), ((1, 1), (1, 6))), ((5, 3), ((1, 6),)), ((5, 3), ((1, 6), (6, 6))), ((5, 1), ((6, 1),)), ((2, 6), ((1, 1), (1, 6))), ((2, 6), ((1, 1),)), ((3, 5), ((1, 1),)), ((6, 1), ((6, 1), (6, 6))), ((1, 2), ((1, 1), (6, 6))), ((1, 2), ((1, 1), (1, 6), (6, 6))), ((2, 5), ((1, 1), (1, 6))), ((4, 3), ((1, 6),)), ((4, 3), ((1, 6), (6, 6))), ((4, 1), ((6, 1),)), ((3, 6), ((1, 1), (1, 6))), ((3, 6), ((1, 1),)), ((4, 5), ((1, 1),)), ((5, 1), ((6, 1), (6, 6))), ((1, 3), ((1, 1), (6, 6))), ((1, 3), ((1, 1), (1, 6), (6, 6))), ((3, 5), ((1, 1), (1, 6))), ((3, 3), ((1, 6),)), ((3, 3), ((1, 6), (6, 6))), ((3, 1), ((6, 1),)), ((4, 6), ((1, 1), (1, 6))), ((4, 6), ((1, 1),)), ((5, 5), ((1, 1),)), ((4, 1), ((6, 1), (6, 6))), ((1, 4), ((1, 1), (6, 6))), ((1, 4), ((1, 1), (1, 6), (6, 6))), ((4, 5), ((1, 1), (1, 6))), ((3, 2), ((1, 6),)), ((3, 2), ((1, 6), (6, 6))), ((3, 2), ((6, 1),)), ((5, 6), ((1, 1), (1, 6))), ((5, 6), ((1, 1),)), ((6, 5), ((1, 1),)), ((3, 1), ((6, 1), (6, 6))), ((1, 5), ((1, 1), (6, 6))), ((1, 5), ((1, 1), (1, 6), (6, 6))), ((5, 5), ((1, 1), (1, 6))), ((3, 1), ((1, 6),)), ((3, 1), ((1, 6), (6, 6))), ((3, 3), ((6, 1),)), ((6, 6), ((1, 1), (1, 6), (6, 6))), ((6, 6), ((1, 1), (6, 6))), ((6, 4), ((1, 1),)), ((3, 2), ((6, 1), (6, 6))), ((1, 6), ((1, 1), (1, 6), (6, 6))), ((2, 5), ((1, 1), (6, 6))), ((2, 5), ((1, 1), (1, 6), (6, 6))), ((6, 5), ((1, 1), (1, 6))), ((4, 1), ((1, 6),)), ((4, 1), ((1, 6), (6, 6))), ((4, 3), ((6, 1),)), ((6, 5), ((1, 1), (1, 6), (6, 6))), ((5, 6), ((1, 1), (1, 6), (6, 6))), ((6, 5), ((1, 1), (6, 6))), ((5, 6), ((1, 1), (6, 6))), ((6, 3), ((1, 1),)), ((3, 3), ((6, 1), (6, 6))), ((2, 6), ((1, 1), (1, 6), (6, 6))), ((2, 6), ((1, 1), (6, 6))), ((3, 5), ((1, 1), (6, 6))), ((3, 5), ((1, 1), (1, 6), (6, 6))), ((6, 4), ((1, 1), (1, 6))), ((5, 1), ((1, 6),)), ((5, 1), ((1, 6), (6, 6))), ((5, 3), ((6, 1),)), ((6, 4), ((1, 1), (1, 6), (6, 6))), ((5, 5), ((1, 1), (1, 6), (6, 6))), ((4, 6), ((1, 1), (1, 6), (6, 6))), ((6, 4), ((1, 1), (6, 6))), ((5, 5), ((1, 1), (6, 6))), ((4, 6), ((1, 1), (6, 6))), ((5, 3), ((1, 1),)), ((4, 3), ((6, 1), (6, 6))), ((3, 6), ((1, 1), (1, 6), (6, 6))), ((3, 6), ((1, 1), (6, 6))), ((4, 5), ((1, 1), (6, 6))), ((4, 5), ((1, 1), (1, 6), (6, 6))), ((6, 3), ((1, 1), (1, 6))), ((6, 1), ((1, 6), (6, 1))), ((6, 1), ((1, 6), (6, 1), (6, 6))), ((6, 3), ((6, 1),)), ((6, 3), ((1, 1), (1, 6), (6, 6))), ((6, 3), ((1, 1), (6, 6))), ((4, 3), ((1, 1),)), ((5, 3), ((6, 1), (6, 6))), ((5, 3), ((1, 1), (1, 6))), ((5, 1), ((1, 6), (6, 1))), ((5, 1), ((1, 6), (6, 1), (6, 6))), ((6, 4), ((6, 1),)), ((5, 3), ((1, 1), (1, 6), (6, 6))), ((5, 3), ((1, 1), (6, 6))), ((3, 3), ((1, 1),)), ((6, 3), ((6, 1), (6, 6))), ((4, 3), ((1, 1), (1, 6))), ((4, 1), ((1, 6), (6, 1))), ((4, 1), ((1, 6), (6, 1), (6, 6))), ((6, 5), ((6, 1),)), ((4, 3), ((1, 1), (1, 6), (6, 6))), ((4, 3), ((1, 1), (6, 6))), ((3, 2), ((1, 1),)), ((6, 4), ((6, 1), (6, 6))), ((3, 3), ((1, 1), (1, 6))), ((3, 1), ((1, 6), (6, 1))), ((3, 1), ((1, 6), (6, 1), (6, 6))), ((6, 6), ((6, 1), (6, 6))), ((5, 5), ((6, 1),)), ((3, 3), ((1, 1), (1, 6), (6, 6))), ((3, 3), ((1, 1), (6, 6))), ((3, 1), ((1, 1),)), ((6, 5), ((6, 1), (6, 6))), ((3, 2), ((1, 1), (1, 6))), ((3, 2), ((1, 6), (6, 1))), ((3, 2), ((1, 6), (6, 1), (6, 6))), ((5, 6), ((6, 1), (6, 6))), ((5, 6), ((6, 1),)), ((4, 5), ((6, 1),)), ((3, 2), ((1, 1), (1, 6), (6, 6))), ((3, 2), ((1, 1), (6, 6))), ((4, 1), ((1, 1),)), ((5, 5), ((6, 1), (6, 6))), ((3, 1), ((1, 1), (1, 6))), ((3, 3), ((1, 6), (6, 1))), ((3, 3), ((1, 6), (6, 1), (6, 6))), ((4, 6), ((6, 1), (6, 6))), ((4, 6), ((6, 1),)), ((3, 5), ((6, 1),)), ((3, 1), ((1, 1), (1, 6), (6, 6))), ((3, 1), ((1, 1), (6, 6))), ((5, 1), ((1, 1),)), ((4, 5), ((6, 1), (6, 6))), ((4, 1), ((1, 1), (1, 6))), ((4, 3), ((1, 6), (6, 1))), ((4, 3), ((1, 6), (6, 1), (6, 6))), ((3, 6), ((6, 1), (6, 6))), ((3, 6), ((6, 1),)), ((2, 5), ((6, 1),)), ((4, 1), ((1, 1), (1, 6), (6, 6))), ((4, 1), ((1, 1), (6, 6)))]",26,0,26
236,"((3, 5), ((6, 1), (6, 6)))","((4, 5), ((6, 1), (6, 6)))",West,"[((2, 5), ((6, 1), (6, 6))) via West]","[((3, 5), ((6, 1), (6, 6))), ((5, 1), ((1, 1), (1, 6))), ((5, 3), ((1, 6), (6, 1))), ((5, 3), ((1, 6), (6, 1), (6, 6))), ((2, 6), ((6, 1), (6, 6))), ((2, 6), ((6, 1),)), ((1, 5), ((6, 1),)), ((5, 1), ((1, 1), (1, 6), (6, 6))), ((5, 1), ((1, 1), (6, 6))), ((5, 1), ((1, 1), (6, 1)))]","[((5, 1), ((1, 1), (1, 6))), ((5, 3), ((1, 6), (6, 1))), ((5, 3), ((1, 6), (6, 1), (6, 6))), ((2, 6), ((6, 1), (6, 6))), ((2, 6), ((6, 1),)), ((1, 5), ((6, 1),)), ((5, 1), ((1, 1), (1, 6), (6, 6))), ((5, 1), ((1, 1), (6, 6))), ((5, 1), ((1, 1), (6, 1))), ((2, 5), ((6, 1), (6, 6)))]","[((4, 5), ()), ((4, 6), ()), ((5, 5), ()), ((3, 5), ()), ((5, 6), ()), ((3, 6), ()), ((6, 5), ()), ((2, 5), ()), ((6, 6), ((6, 6),)), ((2, 6), ()), ((6, 4), ()), ((1, 5), ()), ((6, 5), ((6, 6),)), ((5, 6), ((6, 6),)), ((1, 6), ((1, 6),)), ((6, 3), ()), ((1, 4), ()), ((6, 4), ((6, 6),)), ((5, 5), ((6, 6),)), ((4, 6), ((6, 6),)), ((1, 5), ((1, 6),)), ((2, 6), ((1, 6),)), ((5, 3), ()), ((1, 3), ()), ((6, 3), ((6, 6),)), ((4, 5), ((6, 6),)), ((3, 6), ((6, 6),)), ((1, 4), ((1, 6),)), ((2, 5), ((1, 6),)), ((3, 6), ((1, 6),)), ((4, 3), ()), ((1, 2), ()), ((5, 3), ((6, 6),)), ((3, 5), ((6, 6),)), ((2, 6), ((6, 6),)), ((1, 3), ((1, 6),)), ((3, 5), ((1, 6),)), ((4, 6), ((1, 6),)), ((3, 3), ()), ((1, 1), ((1, 1),)), ((4, 3), ((6, 6),)), ((2, 5), ((6, 6),)), ((1, 6), ((1, 6), (6, 6))), ((1, 2), ((1, 6),)), ((4, 5), ((1, 6),)), ((5, 6), ((1, 6),)), ((3, 2), ()), ((1, 2), ((1, 1),)), ((3, 3), ((6, 6),)), ((1, 5), ((6, 6),)), ((1, 5), ((1, 6), (6, 6))), ((2, 6), ((1, 6), (6, 6))), ((1, 1), ((1, 1), (1, 6))), ((5, 5), ((1, 6),)), ((6, 6), ((1, 6), (6, 6))), ((3, 1), ()), ((1, 3), ((1, 1),)), ((3, 2), ((6, 6),)), ((1, 4), ((6, 6),)), ((1, 4), ((1, 6), (6, 6))), ((2, 5), ((1, 6), (6, 6))), ((3, 6), ((1, 6), (6, 6))), ((1, 2), ((1, 1), (1, 6))), ((6, 5), ((1, 6),)), ((6, 5), ((1, 6), (6, 6))), ((5, 6), ((1, 6), (6, 6))), ((4, 1), ()), ((1, 4), ((1, 1),)), ((3, 1), ((6, 6),)), ((1, 3), ((6, 6),)), ((1, 3), ((1, 6), (6, 6))), ((3, 5), ((1, 6), (6, 6))), ((4, 6), ((1, 6), (6, 6))), ((1, 3), ((1, 1), (1, 6))), ((6, 4), ((1, 6),)), ((6, 4), ((1, 6), (6, 6))), ((5, 5), ((1, 6), (6, 6))), ((5, 1), ()), ((1, 5), ((1, 1),)), ((4, 1), ((6, 6),)), ((1, 2), ((6, 6),)), ((1, 2), ((1, 6), (6, 6))), ((4, 5), ((1, 6), (6, 6))), ((1, 4), ((1, 1), (1, 6))), ((6, 3), ((1, 6),)), ((6, 3), ((1, 6), (6, 6))), ((6, 1), ((6, 1),)), ((1, 6), ((1, 1), (1, 6))), ((2, 5), ((1, 1),)), ((5, 1), ((6, 6),)), ((1, 1), ((1, 1), (6, 6))), ((1, 1), ((1, 1), (1, 6), (6, 6))), ((1, 5), ((1, 1), (1, 6))), ((5, 3), ((1, 6),)), ((5, 3), ((1, 6), (6, 6))), ((5, 1), ((6, 1),)), ((2, 6), ((1, 1), (1, 6))), ((2, 6), ((1, 1),)), ((3, 5), ((1, 1),)), ((6, 1), ((6, 1), (6, 6))), ((1, 2), ((1, 1), (6, 6))), ((1, 2), ((1, 1), (1, 6), (6, 6))), ((2, 5), ((1, 1), (1, 6))), ((4, 3), ((1, 6),)), ((4, 3), ((1, 6), (6, 6))), ((4, 1), ((6, 1),)), ((3, 6), ((1, 1), (1, 6))), ((3, 6), ((1, 1),)), ((4, 5), ((1, 1),)), ((5, 1), ((6, 1), (6, 6))), ((1, 3), ((1, 1), (6, 6))), ((1, 3), ((1, 1), (1, 6), (6, 6))), ((3, 5), ((1, 1), (1, 6))), ((3, 3), ((1, 6),)), ((3, 3), ((1, 6), (6, 6))), ((3, 1), ((6, 1),)), ((4, 6), ((1, 1), (1, 6))), ((4, 6), ((1, 1),)), ((5, 5), ((1, 1),)), ((4, 1), ((6, 1), (6, 6))), ((1, 4), ((1, 1), (6, 6))), ((1, 4), ((1, 1), (1, 6), (6, 6))), ((4, 5), ((1, 1), (1, 6))), ((3, 2), ((1, 6),)), ((3, 2), ((1, 6), (6, 6))), ((3, 2), ((6, 1),)), ((5, 6), ((1, 1), (1, 6))), ((5, 6), ((1, 1),)), ((6, 5), ((1, 1),)), ((3, 1), ((6, 1), (6, 6))), ((1, 5), ((1, 1), (6, 6))), ((1, 5), ((1, 1), (1, 6), (6, 6))), ((5, 5), ((1, 1), (1, 6))), ((3, 1), ((1, 6),)), ((3, 1), ((1, 6), (6, 6))), ((3, 3), ((6, 1),)), ((6, 6), ((1, 1), (1, 6), (6, 6))), ((6, 6), ((1, 1), (6, 6))), ((6, 4), ((1, 1),)), ((3, 2), ((6, 1), (6, 6))), ((1, 6), ((1, 1), (1, 6), (6, 6))), ((2, 5), ((1, 1), (6, 6))), ((2, 5), ((1, 1), (1, 6), (6, 6))), ((6, 5), ((1, 1), (1, 6))), ((4, 1), ((1, 6),)), ((4, 1), ((1, 6), (6, 6))), ((4, 3), ((6, 1),)), ((6, 5), ((1, 1), (1, 6), (6, 6))), ((5, 6), ((1, 1), (1, 6), (6, 6))), ((6, 5), ((1, 1), (6, 6))), ((5, 6), ((1, 1), (6, 6))), ((6, 3), ((1, 1),)), ((3, 3), ((6, 1), (6, 6))), ((2, 6), ((1, 1), (1, 6), (6, 6))), ((2, 6), ((1, 1), (6, 6))), ((3, 5), ((1, 1), (6, 6))), ((3, 5), ((1, 1), (1, 6), (6, 6))), ((6, 4), ((1, 1), (1, 6))), ((5, 1), ((1, 6),)), ((5, 1), ((1, 6), (6, 6))), ((5, 3), ((6, 1),)), ((6, 4), ((1, 1), (1, 6), (6, 6))), ((5, 5), ((1, 1), (1, 6), (6, 6))), ((4, 6), ((1, 1), (1, 6), (6, 6))), ((6, 4), ((1, 1), (6, 6))), ((5, 5), ((1, 1), (6, 6))), ((4, 6), ((1, 1), (6, 6))), ((5, 3), ((1, 1),)), ((4, 3), ((6, 1), (6, 6))), ((3, 6), ((1, 1), (1, 6), (6, 6))), ((3, 6), ((1, 1), (6, 6))), ((4, 5), ((1, 1), (6, 6))), ((4, 5), ((1, 1), (1, 6), (6, 6))), ((6, 3), ((1, 1), (1, 6))), ((6, 1), ((1, 6), (6, 1))), ((6, 1), ((1, 6), (6, 1), (6, 6))), ((6, 3), ((6, 1),)), ((6, 3), ((1, 1), (1, 6), (6, 6))), ((6, 3), ((1, 1), (6, 6))), ((4, 3), ((1, 1),)), ((5, 3), ((6, 1), (6, 6))), ((5, 3), ((1, 1), (1, 6))), ((5, 1), ((1, 6), (6, 1))), ((5, 1), ((1, 6), (6, 1), (6, 6))), ((6, 4), ((6, 1),)), ((5, 3), ((1, 1), (1, 6), (6, 6))), ((5, 3), ((1, 1), (6, 6))), ((3, 3), ((1, 1),)), ((6, 3), ((6, 1), (6, 6))), ((4, 3), ((1, 1), (1, 6))), ((4, 1), ((1, 6), (6, 1))), ((4, 1), ((1, 6), (6, 1), (6, 6))), ((6, 5), ((6, 1),)), ((4, 3), ((1, 1), (1, 6), (6, 6))), ((4, 3), ((1, 1), (6, 6))), ((3, 2), ((1, 1),)), ((6, 4), ((6, 1), (6, 6))), ((3, 3), ((1, 1), (1, 6))), ((3, 1), ((1, 6), (6, 1))), ((3, 1), ((1, 6), (6, 1), (6, 6))), ((6, 6), ((6, 1), (6, 6))), ((5, 5), ((6, 1),)), ((3, 3), ((1, 1), (1, 6), (6, 6))), ((3, 3), ((1, 1), (6, 6))), ((3, 1), ((1, 1),)), ((6, 5), ((6, 1), (6, 6))), ((3, 2), ((1, 1), (1, 6))), ((3, 2), ((1, 6), (6, 1))), ((3, 2), ((1, 6), (6, 1), (6, 6))), ((5, 6), ((6, 1), (6, 6))), ((5, 6), ((6, 1),)), ((4, 5), ((6, 1),)), ((3, 2), ((1, 1), (1, 6), (6, 6))), ((3, 2), ((1, 1), (6, 6))), ((4, 1), ((1, 1),)), ((5, 5), ((6, 1), (6, 6))), ((3, 1), ((1, 1), (1, 6))), ((3, 3), ((1, 6), (6, 1))), ((3, 3), ((1, 6), (6, 1), (6, 6))), ((4, 6), ((6, 1), (6, 6))), ((4, 6), ((6, 1),)), ((3, 5), ((6, 1),)), ((3, 1), ((1, 1), (1, 6), (6, 6))), ((3, 1), ((1, 1), (6, 6))), ((5, 1), ((1, 1),)), ((4, 5), ((6, 1), (6, 6))), ((4, 1), ((1, 1), (1, 6))), ((4, 3), ((1, 6), (6, 1))), ((4, 3), ((1, 6), (6, 1), (6, 6))), ((3, 6), ((6, 1), (6, 6))), ((3, 6), ((6, 1),)), ((2, 5), ((6, 1),)), ((4, 1), ((1, 1), (1, 6), (6, 6))), ((4, 1), ((1, 1), (6, 6))), ((6, 1), ((1, 1), (6, 1)))]",27,0,27
237,"((5, 1), ((1, 1), (1, 6)))","((4, 1), ((1, 1), (1, 6)))",East,"[((6, 1), ((1, 1), (1, 6), (6, 1))) via East]","[((5, 1), ((1, 1), (1, 6))), ((5, 3), ((1, 6), (6, 1))), ((5, 3), ((1, 6), (6, 1), (6, 6))), ((2, 6), ((6, 1), (6, 6))), ((2, 6), ((6, 1),)), ((1, 5), ((6, 1),)), ((5, 1), ((1, 1), (1, 6), (6, 6))), ((5, 1), ((1, 1), (6, 6))), ((5, 1), ((1, 1), (6, 1))), ((2, 5), ((6, 1), (6, 6)))]","[((5, 3), ((1, 6), (6, 1))), ((5, 3), ((1, 6), (6, 1), (6, 6))), ((2, 6), ((6, 1), (6, 6))), ((2, 6), ((6, 1),)), ((1, 5), ((6, 1),)), ((5, 1), ((1, 1), (1, 6), (6, 6))), ((5, 1), ((1, 1), (6, 6))), ((5, 1), ((1, 1), (6, 1))), ((2, 5), ((6, 1), (6, 6))), ((6, 1), ((1, 1), (1, 6), (6, 1)))]","[((4, 5), ()), ((4, 6), ()), ((5, 5), ()), ((3, 5), ()), ((5, 6), ()), ((3, 6), ()), ((6, 5), ()), ((2, 5), ()), ((6, 6), ((6, 6),)), ((2, 6), ()), ((6, 4), ()), ((1, 5), ()), ((6, 5), ((6, 6),)), ((5, 6), ((6, 6),)), ((1, 6), ((1, 6),)), ((6, 3), ()), ((1, 4), ()), ((6, 4), ((6, 6),)), ((5, 5), ((6, 6),)), ((4, 6), ((6, 6),)), ((1, 5), ((1, 6),)), ((2, 6), ((1, 6),)), ((5, 3), ()), ((1, 3), ()), ((6, 3), ((6, 6),)), ((4, 5), ((6, 6),)), ((3, 6), ((6, 6),)), ((1, 4), ((1, 6),)), ((2, 5), ((1, 6),)), ((3, 6), ((1, 6),)), ((4, 3), ()), ((1, 2), ()), ((5, 3), ((6, 6),)), ((3, 5), ((6, 6),)), ((2, 6), ((6, 6),)), ((1, 3), ((1, 6),)), ((3, 5), ((1, 6),)), ((4, 6), ((1, 6),)), ((3, 3), ()), ((1, 1), ((1, 1),)), ((4, 3), ((6, 6),)), ((2, 5), ((6, 6),)), ((1, 6), ((1, 6), (6, 6))), ((1, 2), ((1, 6),)), ((4, 5), ((1, 6),)), ((5, 6), ((1, 6),)), ((3, 2), ()), ((1, 2), ((1, 1),)), ((3, 3), ((6, 6),)), ((1, 5), ((6, 6),)), ((1, 5), ((1, 6), (6, 6))), ((2, 6), ((1, 6), (6, 6))), ((1, 1), ((1, 1), (1, 6))), ((5, 5), ((1, 6),)), ((6, 6), ((1, 6), (6, 6))), ((3, 1), ()), ((1, 3), ((1, 1),)), ((3, 2), ((6, 6),)), ((1, 4), ((6, 6),)), ((1, 4), ((1, 6), (6, 6))), ((2, 5), ((1, 6), (6, 6))), ((3, 6), ((1, 6), (6, 6))), ((1, 2), ((1, 1), (1, 6))), ((6, 5), ((1, 6),)), ((6, 5), ((1, 6), (6, 6))), ((5, 6), ((1, 6), (6, 6))), ((4, 1), ()), ((1, 4), ((1, 1),)), ((3, 1), ((6, 6),)), ((1, 3), ((6, 6),)), ((1, 3), ((1, 6), (6, 6))), ((3, 5), ((1, 6), (6, 6))), ((4, 6), ((1, 6), (6, 6))), ((1, 3), ((1, 1), (1, 6))), ((6, 4), ((1, 6),)), ((6, 4), ((1, 6), (6, 6))), ((5, 5), ((1, 6), (6, 6))), ((5, 1), ()), ((1, 5), ((1, 1),)), ((4, 1), ((6, 6),)), ((1, 2), ((6, 6),)), ((1, 2), ((1, 6), (6, 6))), ((4, 5), ((1, 6), (6, 6))), ((1, 4), ((1, 1), (1, 6))), ((6, 3), ((1, 6),)), ((6, 3), ((1, 6), (6, 6))), ((6, 1), ((6, 1),)), ((1, 6), ((1, 1), (1, 6))), ((2, 5), ((1, 1),)), ((5, 1), ((6, 6),)), ((1, 1), ((1, 1), (6, 6))), ((1, 1), ((1, 1), (1, 6), (6, 6))), ((1, 5), ((1, 1), (1, 6))), ((5, 3), ((1, 6),)), ((5, 3), ((1, 6), (6, 6))), ((5, 1), ((6, 1),)), ((2, 6), ((1, 1), (1, 6))), ((2, 6), ((1, 1),)), ((3, 5), ((1, 1),)), ((6, 1), ((6, 1), (6, 6))), ((1, 2), ((1, 1), (6, 6))), ((1, 2), ((1, 1), (1, 6), (6, 6))), ((2, 5), ((1, 1), (1, 6))), ((4, 3), ((1, 6),)), ((4, 3), ((1, 6), (6, 6))), ((4, 1), ((6, 1),)), ((3, 6), ((1, 1), (1, 6))), ((3, 6), ((1, 1),)), ((4, 5), ((1, 1),)), ((5, 1), ((6, 1), (6, 6))), ((1, 3), ((1, 1), (6, 6))), ((1, 3), ((1, 1), (1, 6), (6, 6))), ((3, 5), ((1, 1), (1, 6))), ((3, 3), ((1, 6),)), ((3, 3), ((1, 6), (6, 6))), ((3, 1), ((6, 1),)), ((4, 6), ((1, 1), (1, 6))), ((4, 6), ((1, 1),)), ((5, 5), ((1, 1),)), ((4, 1), ((6, 1), (6, 6))), ((1, 4), ((1, 1), (6, 6))), ((1, 4), ((1, 1), (1, 6), (6, 6))), ((4, 5), ((1, 1), (1, 6))), ((3, 2), ((1, 6),)), ((3, 2), ((1, 6), (6, 6))), ((3, 2), ((6, 1),)), ((5, 6), ((1, 1), (1, 6))), ((5, 6), ((1, 1),)), ((6, 5), ((1, 1),)), ((3, 1), ((6, 1), (6, 6))), ((1, 5), ((1, 1), (6, 6))), ((1, 5), ((1, 1), (1, 6), (6, 6))), ((5, 5), ((1, 1), (1, 6))), ((3, 1), ((1, 6),)), ((3, 1), ((1, 6), (6, 6))), ((3, 3), ((6, 1),)), ((6, 6), ((1, 1), (1, 6), (6, 6))), ((6, 6), ((1, 1), (6, 6))), ((6, 4), ((1, 1),)), ((3, 2), ((6, 1), (6, 6))), ((1, 6), ((1, 1), (1, 6), (6, 6))), ((2, 5), ((1, 1), (6, 6))), ((2, 5), ((1, 1), (1, 6), (6, 6))), ((6, 5), ((1, 1), (1, 6))), ((4, 1), ((1, 6),)), ((4, 1), ((1, 6), (6, 6))), ((4, 3), ((6, 1),)), ((6, 5), ((1, 1), (1, 6), (6, 6))), ((5, 6), ((1, 1), (1, 6), (6, 6))), ((6, 5), ((1, 1), (6, 6))), ((5, 6), ((1, 1), (6, 6))), ((6, 3), ((1, 1),)), ((3, 3), ((6, 1), (6, 6))), ((2, 6), ((1, 1), (1, 6), (6, 6))), ((2, 6), ((1, 1), (6, 6))), ((3, 5), ((1, 1), (6, 6))), ((3, 5), ((1, 1), (1, 6), (6, 6))), ((6, 4), ((1, 1), (1, 6))), ((5, 1), ((1, 6),)), ((5, 1), ((1, 6), (6, 6))), ((5, 3), ((6, 1),)), ((6, 4), ((1, 1), (1, 6), (6, 6))), ((5, 5), ((1, 1), (1, 6), (6, 6))), ((4, 6), ((1, 1), (1, 6), (6, 6))), ((6, 4), ((1, 1), (6, 6))), ((5, 5), ((1, 1), (6, 6))), ((4, 6), ((1, 1), (6, 6))), ((5, 3), ((1, 1),)), ((4, 3), ((6, 1), (6, 6))), ((3, 6), ((1, 1), (1, 6), (6, 6))), ((3, 6), ((1, 1), (6, 6))), ((4, 5), ((1, 1), (6, 6))), ((4, 5), ((1, 1), (1, 6), (6, 6))), ((6, 3), ((1, 1), (1, 6))), ((6, 1), ((1, 6), (6, 1))), ((6, 1), ((1, 6), (6, 1), (6, 6))), ((6, 3), ((6, 1),)), ((6, 3), ((1, 1), (1, 6), (6, 6))), ((6, 3), ((1, 1), (6, 6))), ((4, 3), ((1, 1),)), ((5, 3), ((6, 1), (6, 6))), ((5, 3), ((1, 1), (1, 6))), ((5, 1), ((1, 6), (6, 1))), ((5, 1), ((1, 6), (6, 1), (6, 6))), ((6, 4), ((6, 1),)), ((5, 3), ((1, 1), (1, 6), (6, 6))), ((5, 3), ((1, 1), (6, 6))), ((3, 3), ((1, 1),)), ((6, 3), ((6, 1), (6, 6))), ((4, 3), ((1, 1), (1, 6))), ((4, 1), ((1, 6), (6, 1))), ((4, 1), ((1, 6), (6, 1), (6, 6))), ((6, 5), ((6, 1),)), ((4, 3), ((1, 1), (1, 6), (6, 6))), ((4, 3), ((1, 1), (6, 6))), ((3, 2), ((1, 1),)), ((6, 4), ((6, 1), (6, 6))), ((3, 3), ((1, 1), (1, 6))), ((3, 1), ((1, 6), (6, 1))), ((3, 1), ((1, 6), (6, 1), (6, 6))), ((6, 6), ((6, 1), (6, 6))), ((5, 5), ((6, 1),)), ((3, 3), ((1, 1), (1, 6), (6, 6))), ((3, 3), ((1, 1), (6, 6))), ((3, 1), ((1, 1),)), ((6, 5), ((6, 1), (6, 6))), ((3, 2), ((1, 1), (1, 6))), ((3, 2), ((1, 6), (6, 1))), ((3, 2), ((1, 6), (6, 1), (6, 6))), ((5, 6), ((6, 1), (6, 6))), ((5, 6), ((6, 1),)), ((4, 5), ((6, 1),)), ((3, 2), ((1, 1), (1, 6), (6, 6))), ((3, 2), ((1, 1), (6, 6))), ((4, 1), ((1, 1),)), ((5, 5), ((6, 1), (6, 6))), ((3, 1), ((1, 1), (1, 6))), ((3, 3), ((1, 6), (6, 1))), ((3, 3), ((1, 6), (6, 1), (6, 6))), ((4, 6), ((6, 1), (6, 6))), ((4, 6), ((6, 1),)), ((3, 5), ((6, 1),)), ((3, 1), ((1, 1), (1, 6), (6, 6))), ((3, 1), ((1, 1), (6, 6))), ((5, 1), ((1, 1),)), ((4, 5), ((6, 1), (6, 6))), ((4, 1), ((1, 1), (1, 6))), ((4, 3), ((1, 6), (6, 1))), ((4, 3), ((1, 6), (6, 1), (6, 6))), ((3, 6), ((6, 1), (6, 6))), ((3, 6), ((6, 1),)), ((2, 5), ((6, 1),)), ((4, 1), ((1, 1), (1, 6), (6, 6))), ((4, 1), ((1, 1), (6, 6))), ((6, 1), ((1, 1), (6, 1))), ((3, 5), ((6, 1), (6, 6)))]",27,0,27
238,"((5, 3), ((1, 6), (6, 1)))","((4, 3), ((1, 6), (6, 1)))",East,"[((6, 3), ((1, 6), (6, 1))) via East]","[((5, 3), ((1, 6), (6, 1))), ((5, 3), ((1, 6), (6, 1), (6, 6))), ((2, 6), ((6, 1), (6, 6))), ((2, 6), ((6, 1),)), ((1, 5), ((6, 1),)), ((5, 1), ((1, 1), (1, 6), (6, 6))), ((5, 1), ((1, 1), (6, 6))), ((5, 1), ((1, 1), (6, 1))), ((2, 5), ((6, 1), (6, 6))), ((6, 1), ((1, 1), (1, 6), (6, 1)))]","[((5, 3), ((1, 6), (6, 1), (6, 6))), ((2, 6), ((6, 1), (6, 6))), ((2, 6), ((6, 1),)), ((1, 5), ((6, 1),)), ((5, 1), ((1, 1), (1, 6), (6, 6))), ((5, 1), ((1, 1), (6, 6))), ((5, 1), ((1, 1), (6, 1))), ((2, 5), ((6, 1), (6, 6))), ((6, 1), ((1, 1), (1, 6), (6, 1))), ((6, 3), ((1, 6), (6, 1)))]","[((4, 5), ()), ((4, 6), ()), ((5, 5), ()), ((3, 5), ()), ((5, 6), ()), ((3, 6), ()), ((6, 5), ()), ((2, 5), ()), ((6, 6), ((6, 6),)), ((2, 6), ()), ((6, 4), ()), ((1, 5), ()), ((6, 5), ((6, 6),)), ((5, 6), ((6, 6),)), ((1, 6), ((1, 6),)), ((6, 3), ()), ((1, 4), ()), ((6, 4), ((6, 6),)), ((5, 5), ((6, 6),)), ((4, 6), ((6, 6),)), ((1, 5), ((1, 6),)), ((2, 6), ((1, 6),)), ((5, 3), ()), ((1, 3), ()), ((6, 3), ((6, 6),)), ((4, 5), ((6, 6),)), ((3, 6), ((6, 6),)), ((1, 4), ((1, 6),)), ((2, 5), ((1, 6),)), ((3, 6), ((1, 6),)), ((4, 3), ()), ((1, 2), ()), ((5, 3), ((6, 6),)), ((3, 5), ((6, 6),)), ((2, 6), ((6, 6),)), ((1, 3), ((1, 6),)), ((3, 5), ((1, 6),)), ((4, 6), ((1, 6),)), ((3, 3), ()), ((1, 1), ((1, 1),)), ((4, 3), ((6, 6),)), ((2, 5), ((6, 6),)), ((1, 6), ((1, 6), (6, 6))), ((1, 2), ((1, 6),)), ((4, 5), ((1, 6),)), ((5, 6), ((1, 6),)), ((3, 2), ()), ((1, 2), ((1, 1),)), ((3, 3), ((6, 6),)), ((1, 5), ((6, 6),)), ((1, 5), ((1, 6), (6, 6))), ((2, 6), ((1, 6), (6, 6))), ((1, 1), ((1, 1), (1, 6))), ((5, 5), ((1, 6),)), ((6, 6), ((1, 6), (6, 6))), ((3, 1), ()), ((1, 3), ((1, 1),)), ((3, 2), ((6, 6),)), ((1, 4), ((6, 6),)), ((1, 4), ((1, 6), (6, 6))), ((2, 5), ((1, 6), (6, 6))), ((3, 6), ((1, 6), (6, 6))), ((1, 2), ((1, 1), (1, 6))), ((6, 5), ((1, 6),)), ((6, 5), ((1, 6), (6, 6))), ((5, 6), ((1, 6), (6, 6))), ((4, 1), ()), ((1, 4), ((1, 1),)), ((3, 1), ((6, 6),)), ((1, 3), ((6, 6),)), ((1, 3), ((1, 6), (6, 6))), ((3, 5), ((1, 6), (6, 6))), ((4, 6), ((1, 6), (6, 6))), ((1, 3), ((1, 1), (1, 6))), ((6, 4), ((1, 6),)), ((6, 4), ((1, 6), (6, 6))), ((5, 5), ((1, 6), (6, 6))), ((5, 1), ()), ((1, 5), ((1, 1),)), ((4, 1), ((6, 6),)), ((1, 2), ((6, 6),)), ((1, 2), ((1, 6), (6, 6))), ((4, 5), ((1, 6), (6, 6))), ((1, 4), ((1, 1), (1, 6))), ((6, 3), ((1, 6),)), ((6, 3), ((1, 6), (6, 6))), ((6, 1), ((6, 1),)), ((1, 6), ((1, 1), (1, 6))), ((2, 5), ((1, 1),)), ((5, 1), ((6, 6),)), ((1, 1), ((1, 1), (6, 6))), ((1, 1), ((1, 1), (1, 6), (6, 6))), ((1, 5), ((1, 1), (1, 6))), ((5, 3), ((1, 6),)), ((5, 3), ((1, 6), (6, 6))), ((5, 1), ((6, 1),)), ((2, 6), ((1, 1), (1, 6))), ((2, 6), ((1, 1),)), ((3, 5), ((1, 1),)), ((6, 1), ((6, 1), (6, 6))), ((1, 2), ((1, 1), (6, 6))), ((1, 2), ((1, 1), (1, 6), (6, 6))), ((2, 5), ((1, 1), (1, 6))), ((4, 3), ((1, 6),)), ((4, 3), ((1, 6), (6, 6))), ((4, 1), ((6, 1),)), ((3, 6), ((1, 1), (1, 6))), ((3, 6), ((1, 1),)), ((4, 5), ((1, 1),)), ((5, 1), ((6, 1), (6, 6))), ((1, 3), ((1, 1), (6, 6))), ((1, 3), ((1, 1), (1, 6), (6, 6))), ((3, 5), ((1, 1), (1, 6))), ((3, 3), ((1, 6),)), ((3, 3), ((1, 6), (6, 6))), ((3, 1), ((6, 1),)), ((4, 6), ((1, 1), (1, 6))), ((4, 6), ((1, 1),)), ((5, 5), ((1, 1),)), ((4, 1), ((6, 1), (6, 6))), ((1, 4), ((1, 1), (6, 6))), ((1, 4), ((1, 1), (1, 6), (6, 6))), ((4, 5), ((1, 1), (1, 6))), ((3, 2), ((1, 6),)), ((3, 2), ((1, 6), (6, 6))), ((3, 2), ((6, 1),)), ((5, 6), ((1, 1), (1, 6))), ((5, 6), ((1, 1),)), ((6, 5), ((1, 1),)), ((3, 1), ((6, 1), (6, 6))), ((1, 5), ((1, 1), (6, 6))), ((1, 5), ((1, 1), (1, 6), (6, 6))), ((5, 5), ((1, 1), (1, 6))), ((3, 1), ((1, 6),)), ((3, 1), ((1, 6), (6, 6))), ((3, 3), ((6, 1),)), ((6, 6), ((1, 1), (1, 6), (6, 6))), ((6, 6), ((1, 1), (6, 6))), ((6, 4), ((1, 1),)), ((3, 2), ((6, 1), (6, 6))), ((1, 6), ((1, 1), (1, 6), (6, 6))), ((2, 5), ((1, 1), (6, 6))), ((2, 5), ((1, 1), (1, 6), (6, 6))), ((6, 5), ((1, 1), (1, 6))), ((4, 1), ((1, 6),)), ((4, 1), ((1, 6), (6, 6))), ((4, 3), ((6, 1),)), ((6, 5), ((1, 1), (1, 6), (6, 6))), ((5, 6), ((1, 1), (1, 6), (6, 6))), ((6, 5), ((1, 1), (6, 6))), ((5, 6), ((1, 1), (6, 6))), ((6, 3), ((1, 1),)), ((3, 3), ((6, 1), (6, 6))), ((2, 6), ((1, 1), (1, 6), (6, 6))), ((2, 6), ((1, 1), (6, 6))), ((3, 5), ((1, 1), (6, 6))), ((3, 5), ((1, 1), (1, 6), (6, 6))), ((6, 4), ((1, 1), (1, 6))), ((5, 1), ((1, 6),)), ((5, 1), ((1, 6), (6, 6))), ((5, 3), ((6, 1),)), ((6, 4), ((1, 1), (1, 6), (6, 6))), ((5, 5), ((1, 1), (1, 6), (6, 6))), ((4, 6), ((1, 1), (1, 6), (6, 6))), ((6, 4), ((1, 1), (6, 6))), ((5, 5), ((1, 1), (6, 6))), ((4, 6), ((1, 1), (6, 6))), ((5, 3), ((1, 1),)), ((4, 3), ((6, 1), (6, 6))), ((3, 6), ((1, 1), (1, 6), (6, 6))), ((3, 6), ((1, 1), (6, 6))), ((4, 5), ((1, 1), (6, 6))), ((4, 5), ((1, 1), (1, 6), (6, 6))), ((6, 3), ((1, 1), (1, 6))), ((6, 1), ((1, 6), (6, 1))), ((6, 1), ((1, 6), (6, 1), (6, 6))), ((6, 3), ((6, 1),)), ((6, 3), ((1, 1), (1, 6), (6, 6))), ((6, 3), ((1, 1), (6, 6))), ((4, 3), ((1, 1),)), ((5, 3), ((6, 1), (6, 6))), ((5, 3), ((1, 1), (1, 6))), ((5, 1), ((1, 6), (6, 1))), ((5, 1), ((1, 6), (6, 1), (6, 6))), ((6, 4), ((6, 1),)), ((5, 3), ((1, 1), (1, 6), (6, 6))), ((5, 3), ((1, 1), (6, 6))), ((3, 3), ((1, 1),)), ((6, 3), ((6, 1), (6, 6))), ((4, 3), ((1, 1), (1, 6))), ((4, 1), ((1, 6), (6, 1))), ((4, 1), ((1, 6), (6, 1), (6, 6))), ((6, 5), ((6, 1),)), ((4, 3), ((1, 1), (1, 6), (6, 6))), ((4, 3), ((1, 1), (6, 6))), ((3, 2), ((1, 1),)), ((6, 4), ((6, 1), (6, 6))), ((3, 3), ((1, 1), (1, 6))), ((3, 1), ((1, 6), (6, 1))), ((3, 1), ((1, 6), (6, 1), (6, 6))), ((6, 6), ((6, 1), (6, 6))), ((5, 5), ((6, 1),)), ((3, 3), ((1, 1), (1, 6), (6, 6))), ((3, 3), ((1, 1), (6, 6))), ((3, 1), ((1, 1),)), ((6, 5), ((6, 1), (6, 6))), ((3, 2), ((1, 1), (1, 6))), ((3, 2), ((1, 6), (6, 1))), ((3, 2), ((1, 6), (6, 1), (6, 6))), ((5, 6), ((6, 1), (6, 6))), ((5, 6), ((6, 1),)), ((4, 5), ((6, 1),)), ((3, 2), ((1, 1), (1, 6), (6, 6))), ((3, 2), ((1, 1), (6, 6))), ((4, 1), ((1, 1),)), ((5, 5), ((6, 1), (6, 6))), ((3, 1), ((1, 1), (1, 6))), ((3, 3), ((1, 6), (6, 1))), ((3, 3), ((1, 6), (6, 1), (6, 6))), ((4, 6), ((6, 1), (6, 6))), ((4, 6), ((6, 1),)), ((3, 5), ((6, 1),)), ((3, 1), ((1, 1), (1, 6), (6, 6))), ((3, 1), ((1, 1), (6, 6))), ((5, 1), ((1, 1),)), ((4, 5), ((6, 1), (6, 6))), ((4, 1), ((1, 1), (1, 6))), ((4, 3), ((1, 6), (6, 1))), ((4, 3), ((1, 6), (6, 1), (6, 6))), ((3, 6), ((6, 1), (6, 6))), ((3, 6), ((6, 1),)), ((2, 5), ((6, 1),)), ((4, 1), ((1, 1), (1, 6), (6, 6))), ((4, 1), ((1, 1), (6, 6))), ((6, 1), ((1, 1), (6, 1))), ((3, 5), ((6, 1), (6, 6))), ((5, 1), ((1, 1), (1, 6)))]",27,0,27
239,"((5, 3), ((1, 6), (6, 1), (6, 6)))","((4, 3), ((1, 6), (6, 1), (6, 6)))",East,"[((6, 3), ((1, 6), (6, 1), (6, 6))) via East]","[((5, 3), ((1, 6), (6, 1), (6, 6))), ((2, 6), ((6, 1), (6, 6))), ((2, 6), ((6, 1),)), ((1, 5), ((6, 1),)), ((5, 1), ((1, 1), (1, 6), (6, 6))), ((5, 1), ((1, 1), (6, 6))), ((5, 1), ((1, 1), (6, 1))), ((2, 5), ((6, 1), (6, 6))), ((6, 1), ((1, 1), (1, 6), (6, 1))), ((6, 3), ((1, 6), (6, 1)))]","[((2, 6), ((6, 1), (6, 6))), ((2, 6), ((6, 1),)), ((1, 5), ((6, 1),)), ((5, 1), ((1, 1), (1, 6), (6, 6))), ((5, 1), ((1, 1), (6, 6))), ((5, 1), ((1, 1), (6, 1))), ((2, 5), ((6, 1), (6, 6))), ((6, 1), ((1, 1), (1, 6), (6, 1))), ((6, 3), ((1, 6), (6, 1))), ((6, 3), ((1, 6), (6, 1), (6, 6)))]","[((4, 5), ()), ((4, 6), ()), ((5, 5), ()), ((3, 5), ()), ((5, 6), ()), ((3, 6), ()), ((6, 5), ()), ((2, 5), ()), ((6, 6), ((6, 6),)), ((2, 6), ()), ((6, 4), ()), ((1, 5), ()), ((6, 5), ((6, 6),)), ((5, 6), ((6, 6),)), ((1, 6), ((1, 6),)), ((6, 3), ()), ((1, 4), ()), ((6, 4), ((6, 6),)), ((5, 5), ((6, 6),)), ((4, 6), ((6, 6),)), ((1, 5), ((1, 6),)), ((2, 6), ((1, 6),)), ((5, 3), ()), ((1, 3), ()), ((6, 3), ((6, 6),)), ((4, 5), ((6, 6),)), ((3, 6), ((6, 6),)), ((1, 4), ((1, 6),)), ((2, 5), ((1, 6),)), ((3, 6), ((1, 6),)), ((4, 3), ()), ((1, 2), ()), ((5, 3), ((6, 6),)), ((3, 5), ((6, 6),)), ((2, 6), ((6, 6),)), ((1, 3), ((1, 6),)), ((3, 5), ((1, 6),)), ((4, 6), ((1, 6),)), ((3, 3), ()), ((1, 1), ((1, 1),)), ((4, 3), ((6, 6),)), ((2, 5), ((6, 6),)), ((1, 6), ((1, 6), (6, 6))), ((1, 2), ((1, 6),)), ((4, 5), ((1, 6),)), ((5, 6), ((1, 6),)), ((3, 2), ()), ((1, 2), ((1, 1),)), ((3, 3), ((6, 6),)), ((1, 5), ((6, 6),)), ((1, 5), ((1, 6), (6, 6))), ((2, 6), ((1, 6), (6, 6))), ((1, 1), ((1, 1), (1, 6))), ((5, 5), ((1, 6),)), ((6, 6), ((1, 6), (6, 6))), ((3, 1), ()), ((1, 3), ((1, 1),)), ((3, 2), ((6, 6),)), ((1, 4), ((6, 6),)), ((1, 4), ((1, 6), (6, 6))), ((2, 5), ((1, 6), (6, 6))), ((3, 6), ((1, 6), (6, 6))), ((1, 2), ((1, 1), (1, 6))), ((6, 5), ((1, 6),)), ((6, 5), ((1, 6), (6, 6))), ((5, 6), ((1, 6), (6, 6))), ((4, 1), ()), ((1, 4), ((1, 1),)), ((3, 1), ((6, 6),)), ((1, 3), ((6, 6),)), ((1, 3), ((1, 6), (6, 6))), ((3, 5), ((1, 6), (6, 6))), ((4, 6), ((1, 6), (6, 6))), ((1, 3), ((1, 1), (1, 6))), ((6, 4), ((1, 6),)), ((6, 4), ((1, 6), (6, 6))), ((5, 5), ((1, 6), (6, 6))), ((5, 1), ()), ((1, 5), ((1, 1),)), ((4, 1), ((6, 6),)), ((1, 2), ((6, 6),)), ((1, 2), ((1, 6), (6, 6))), ((4, 5), ((1, 6), (6, 6))), ((1, 4), ((1, 1), (1, 6))), ((6, 3), ((1, 6),)), ((6, 3), ((1, 6), (6, 6))), ((6, 1), ((6, 1),)), ((1, 6), ((1, 1), (1, 6))), ((2, 5), ((1, 1),)), ((5, 1), ((6, 6),)), ((1, 1), ((1, 1), (6, 6))), ((1, 1), ((1, 1), (1, 6), (6, 6))), ((1, 5), ((1, 1), (1, 6))), ((5, 3), ((1, 6),)), ((5, 3), ((1, 6), (6, 6))), ((5, 1), ((6, 1),)), ((2, 6), ((1, 1), (1, 6))), ((2, 6), ((1, 1),)), ((3, 5), ((1, 1),)), ((6, 1), ((6, 1), (6, 6))), ((1, 2), ((1, 1), (6, 6))), ((1, 2), ((1, 1), (1, 6), (6, 6))), ((2, 5), ((1, 1), (1, 6))), ((4, 3), ((1, 6),)), ((4, 3), ((1, 6), (6, 6))), ((4, 1), ((6, 1),)), ((3, 6), ((1, 1), (1, 6))), ((3, 6), ((1, 1),)), ((4, 5), ((1, 1),)), ((5, 1), ((6, 1), (6, 6))), ((1, 3), ((1, 1), (6, 6))), ((1, 3), ((1, 1), (1, 6), (6, 6))), ((3, 5), ((1, 1), (1, 6))), ((3, 3), ((1, 6),)), ((3, 3), ((1, 6), (6, 6))), ((3, 1), ((6, 1),)), ((4, 6), ((1, 1), (1, 6))), ((4, 6), ((1, 1),)), ((5, 5), ((1, 1),)), ((4, 1), ((6, 1), (6, 6))), ((1, 4), ((1, 1), (6, 6))), ((1, 4), ((1, 1), (1, 6), (6, 6))), ((4, 5), ((1, 1), (1, 6))), ((3, 2), ((1, 6),)), ((3, 2), ((1, 6), (6, 6))), ((3, 2), ((6, 1),)), ((5, 6), ((1, 1), (1, 6))), ((5, 6), ((1, 1),)), ((6, 5), ((1, 1),)), ((3, 1), ((6, 1), (6, 6))), ((1, 5), ((1, 1), (6, 6))), ((1, 5), ((1, 1), (1, 6), (6, 6))), ((5, 5), ((1, 1), (1, 6))), ((3, 1), ((1, 6),)), ((3, 1), ((1, 6), (6, 6))), ((3, 3), ((6, 1),)), ((6, 6), ((1, 1), (1, 6), (6, 6))), ((6, 6), ((1, 1), (6, 6))), ((6, 4), ((1, 1),)), ((3, 2), ((6, 1), (6, 6))), ((1, 6), ((1, 1), (1, 6), (6, 6))), ((2, 5), ((1, 1), (6, 6))), ((2, 5), ((1, 1), (1, 6), (6, 6))), ((6, 5), ((1, 1), (1, 6))), ((4, 1), ((1, 6),)), ((4, 1), ((1, 6), (6, 6))), ((4, 3), ((6, 1),)), ((6, 5), ((1, 1), (1, 6), (6, 6))), ((5, 6), ((1, 1), (1, 6), (6, 6))), ((6, 5), ((1, 1), (6, 6))), ((5, 6), ((1, 1), (6, 6))), ((6, 3), ((1, 1),)), ((3, 3), ((6, 1), (6, 6))), ((2, 6), ((1, 1), (1, 6), (6, 6))), ((2, 6), ((1, 1), (6, 6))), ((3, 5), ((1, 1), (6, 6))), ((3, 5), ((1, 1), (1, 6), (6, 6))), ((6, 4), ((1, 1), (1, 6))), ((5, 1), ((1, 6),)), ((5, 1), ((1, 6), (6, 6))), ((5, 3), ((6, 1),)), ((6, 4), ((1, 1), (1, 6), (6, 6))), ((5, 5), ((1, 1), (1, 6), (6, 6))), ((4, 6), ((1, 1), (1, 6), (6, 6))), ((6, 4), ((1, 1), (6, 6))), ((5, 5), ((1, 1), (6, 6))), ((4, 6), ((1, 1), (6, 6))), ((5, 3), ((1, 1),)), ((4, 3), ((6, 1), (6, 6))), ((3, 6), ((1, 1), (1, 6), (6, 6))), ((3, 6), ((1, 1), (6, 6))), ((4, 5), ((1, 1), (6, 6))), ((4, 5), ((1, 1), (1, 6), (6, 6))), ((6, 3), ((1, 1), (1, 6))), ((6, 1), ((1, 6), (6, 1))), ((6, 1), ((1, 6), (6, 1), (6, 6))), ((6, 3), ((6, 1),)), ((6, 3), ((1, 1), (1, 6), (6, 6))), ((6, 3), ((1, 1), (6, 6))), ((4, 3), ((1, 1),)), ((5, 3), ((6, 1), (6, 6))), ((5, 3), ((1, 1), (1, 6))), ((5, 1), ((1, 6), (6, 1))), ((5, 1), ((1, 6), (6, 1), (6, 6))), ((6, 4), ((6, 1),)), ((5, 3), ((1, 1), (1, 6), (6, 6))), ((5, 3), ((1, 1), (6, 6))), ((3, 3), ((1, 1),)), ((6, 3), ((6, 1), (6, 6))), ((4, 3), ((1, 1), (1, 6))), ((4, 1), ((1, 6), (6, 1))), ((4, 1), ((1, 6), (6, 1), (6, 6))), ((6, 5), ((6, 1),)), ((4, 3), ((1, 1), (1, 6), (6, 6))), ((4, 3), ((1, 1), (6, 6))), ((3, 2), ((1, 1),)), ((6, 4), ((6, 1), (6, 6))), ((3, 3), ((1, 1), (1, 6))), ((3, 1), ((1, 6), (6, 1))), ((3, 1), ((1, 6), (6, 1), (6, 6))), ((6, 6), ((6, 1), (6, 6))), ((5, 5), ((6, 1),)), ((3, 3), ((1, 1), (1, 6), (6, 6))), ((3, 3), ((1, 1), (6, 6))), ((3, 1), ((1, 1),)), ((6, 5), ((6, 1), (6, 6))), ((3, 2), ((1, 1), (1, 6))), ((3, 2), ((1, 6), (6, 1))), ((3, 2), ((1, 6), (6, 1), (6, 6))), ((5, 6), ((6, 1), (6, 6))), ((5, 6), ((6, 1),)), ((4, 5), ((6, 1),)), ((3, 2), ((1, 1), (1, 6), (6, 6))), ((3, 2), ((1, 1), (6, 6))), ((4, 1), ((1, 1),)), ((5, 5), ((6, 1), (6, 6))), ((3, 1), ((1, 1), (1, 6))), ((3, 3), ((1, 6), (6, 1))), ((3, 3), ((1, 6), (6, 1), (6, 6))), ((4, 6), ((6, 1), (6, 6))), ((4, 6), ((6, 1),)), ((3, 5), ((6, 1),)), ((3, 1), ((1, 1), (1, 6), (6, 6))), ((3, 1), ((1, 1), (6, 6))), ((5, 1), ((1, 1),)), ((4, 5), ((6, 1), (6, 6))), ((4, 1), ((1, 1), (1, 6))), ((4, 3), ((1, 6), (6, 1))), ((4, 3), ((1, 6), (6, 1), (6, 6))), ((3, 6), ((6, 1), (6, 6))), ((3, 6), ((6, 1),)), ((2, 5), ((6, 1),)), ((4, 1), ((1, 1), (1, 6), (6, 6))), ((4, 1), ((1, 1), (6, 6))), ((6, 1), ((1, 1), (6, 1))), ((3, 5), ((6, 1), (6, 6))), ((5, 1), ((1, 1), (1, 6))), ((5, 3), ((1, 6), (6, 1)))]",27,0,27
240,"((2, 6), ((6, 1), (6, 6)))","((3, 6), ((6, 1), (6, 6)))",West,"[((1, 6), ((1, 6), (6, 1), (6, 6))) via West]","[((2, 6), ((6, 1), (6, 6))), ((2, 6), ((6, 1),)), ((1, 5), ((6, 1),)), ((5, 1), ((1, 1), (1, 6), (6, 6))), ((5, 1), ((1, 1), (6, 6))), ((5, 1), ((1, 1), (6, 1))), ((2, 5), ((6, 1), (6, 6))), ((6, 1), ((1, 1), (1, 6), (6, 1))), ((6, 3), ((1, 6), (6, 1))), ((6, 3), ((1, 6), (6, 1), (6, 6)))]","[((2, 6), ((6, 1),)), ((1, 5), ((6, 1),)), ((5, 1), ((1, 1), (1, 6), (6, 6))), ((5, 1), ((1, 1), (6, 6))), ((5, 1), ((1, 1), (6, 1))), ((2, 5), ((6, 1), (6, 6))), ((6, 1), ((1, 1), (1, 6), (6, 1))), ((6, 3), ((1, 6), (6, 1))), ((6, 3), ((1, 6), (6, 1), (6, 6))), ((1, 6), ((1, 6), (6, 1), (6, 6)))]","[((4, 5), ()), ((4, 6), ()), ((5, 5), ()), ((3, 5), ()), ((5, 6), ()), ((3, 6), ()), ((6, 5), ()), ((2, 5), ()), ((6, 6), ((6, 6),)), ((2, 6), ()), ((6, 4), ()), ((1, 5), ()), ((6, 5), ((6, 6),)), ((5, 6), ((6, 6),)), ((1, 6), ((1, 6),)), ((6, 3), ()), ((1, 4), ()), ((6, 4), ((6, 6),)), ((5, 5), ((6, 6),)), ((4, 6), ((6, 6),)), ((1, 5), ((1, 6),)), ((2, 6), ((1, 6),)), ((5, 3), ()), ((1, 3), ()), ((6, 3), ((6, 6),)), ((4, 5), ((6, 6),)), ((3, 6), ((6, 6),)), ((1, 4), ((1, 6),)), ((2, 5), ((1, 6),)), ((3, 6), ((1, 6),)), ((4, 3), ()), ((1, 2), ()), ((5, 3), ((6, 6),)), ((3, 5), ((6, 6),)), ((2, 6), ((6, 6),)), ((1, 3), ((1, 6),)), ((3, 5), ((1, 6),)), ((4, 6), ((1, 6),)), ((3, 3), ()), ((1, 1), ((1, 1),)), ((4, 3), ((6, 6),)), ((2, 5), ((6, 6),)), ((1, 6), ((1, 6), (6, 6))), ((1, 2), ((1, 6),)), ((4, 5), ((1, 6),)), ((5, 6), ((1, 6),)), ((3, 2), ()), ((1, 2), ((1, 1),)), ((3, 3), ((6, 6),)), ((1, 5), ((6, 6),)), ((1, 5), ((1, 6), (6, 6))), ((2, 6), ((1, 6), (6, 6))), ((1, 1), ((1, 1), (1, 6))), ((5, 5), ((1, 6),)), ((6, 6), ((1, 6), (6, 6))), ((3, 1), ()), ((1, 3), ((1, 1),)), ((3, 2), ((6, 6),)), ((1, 4), ((6, 6),)), ((1, 4), ((1, 6), (6, 6))), ((2, 5), ((1, 6), (6, 6))), ((3, 6), ((1, 6), (6, 6))), ((1, 2), ((1, 1), (1, 6))), ((6, 5), ((1, 6),)), ((6, 5), ((1, 6), (6, 6))), ((5, 6), ((1, 6), (6, 6))), ((4, 1), ()), ((1, 4), ((1, 1),)), ((3, 1), ((6, 6),)), ((1, 3), ((6, 6),)), ((1, 3), ((1, 6), (6, 6))), ((3, 5), ((1, 6), (6, 6))), ((4, 6), ((1, 6), (6, 6))), ((1, 3), ((1, 1), (1, 6))), ((6, 4), ((1, 6),)), ((6, 4), ((1, 6), (6, 6))), ((5, 5), ((1, 6), (6, 6))), ((5, 1), ()), ((1, 5), ((1, 1),)), ((4, 1), ((6, 6),)), ((1, 2), ((6, 6),)), ((1, 2), ((1, 6), (6, 6))), ((4, 5), ((1, 6), (6, 6))), ((1, 4), ((1, 1), (1, 6))), ((6, 3), ((1, 6),)), ((6, 3), ((1, 6), (6, 6))), ((6, 1), ((6, 1),)), ((1, 6), ((1, 1), (1, 6))), ((2, 5), ((1, 1),)), ((5, 1), ((6, 6),)), ((1, 1), ((1, 1), (6, 6))), ((1, 1), ((1, 1), (1, 6), (6, 6))), ((1, 5), ((1, 1), (1, 6))), ((5, 3), ((1, 6),)), ((5, 3), ((1, 6), (6, 6))), ((5, 1), ((6, 1),)), ((2, 6), ((1, 1), (1, 6))), ((2, 6), ((1, 1),)), ((3, 5), ((1, 1),)), ((6, 1), ((6, 1), (6, 6))), ((1, 2), ((1, 1), (6, 6))), ((1, 2), ((1, 1), (1, 6), (6, 6))), ((2, 5), ((1, 1), (1, 6))), ((4, 3), ((1, 6),)), ((4, 3), ((1, 6), (6, 6))), ((4, 1), ((6, 1),)), ((3, 6), ((1, 1), (1, 6))), ((3, 6), ((1, 1),)), ((4, 5), ((1, 1),)), ((5, 1), ((6, 1), (6, 6))), ((1, 3), ((1, 1), (6, 6))), ((1, 3), ((1, 1), (1, 6), (6, 6))), ((3, 5), ((1, 1), (1, 6))), ((3, 3), ((1, 6),)), ((3, 3), ((1, 6), (6, 6))), ((3, 1), ((6, 1),)), ((4, 6), ((1, 1), (1, 6))), ((4, 6), ((1, 1),)), ((5, 5), ((1, 1),)), ((4, 1), ((6, 1), (6, 6))), ((1, 4), ((1, 1), (6, 6))), ((1, 4), ((1, 1), (1, 6), (6, 6))), ((4, 5), ((1, 1), (1, 6))), ((3, 2), ((1, 6),)), ((3, 2), ((1, 6), (6, 6))), ((3, 2), ((6, 1),)), ((5, 6), ((1, 1), (1, 6))), ((5, 6), ((1, 1),)), ((6, 5), ((1, 1),)), ((3, 1), ((6, 1), (6, 6))), ((1, 5), ((1, 1), (6, 6))), ((1, 5), ((1, 1), (1, 6), (6, 6))), ((5, 5), ((1, 1), (1, 6))), ((3, 1), ((1, 6),)), ((3, 1), ((1, 6), (6, 6))), ((3, 3), ((6, 1),)), ((6, 6), ((1, 1), (1, 6), (6, 6))), ((6, 6), ((1, 1), (6, 6))), ((6, 4), ((1, 1),)), ((3, 2), ((6, 1), (6, 6))), ((1, 6), ((1, 1), (1, 6), (6, 6))), ((2, 5), ((1, 1), (6, 6))), ((2, 5), ((1, 1), (1, 6), (6, 6))), ((6, 5), ((1, 1), (1, 6))), ((4, 1), ((1, 6),)), ((4, 1), ((1, 6), (6, 6))), ((4, 3), ((6, 1),)), ((6, 5), ((1, 1), (1, 6), (6, 6))), ((5, 6), ((1, 1), (1, 6), (6, 6))), ((6, 5), ((1, 1), (6, 6))), ((5, 6), ((1, 1), (6, 6))), ((6, 3), ((1, 1),)), ((3, 3), ((6, 1), (6, 6))), ((2, 6), ((1, 1), (1, 6), (6, 6))), ((2, 6), ((1, 1), (6, 6))), ((3, 5), ((1, 1), (6, 6))), ((3, 5), ((1, 1), (1, 6), (6, 6))), ((6, 4), ((1, 1), (1, 6))), ((5, 1), ((1, 6),)), ((5, 1), ((1, 6), (6, 6))), ((5, 3), ((6, 1),)), ((6, 4), ((1, 1), (1, 6), (6, 6))), ((5, 5), ((1, 1), (1, 6), (6, 6))), ((4, 6), ((1, 1), (1, 6), (6, 6))), ((6, 4), ((1, 1), (6, 6))), ((5, 5), ((1, 1), (6, 6))), ((4, 6), ((1, 1), (6, 6))), ((5, 3), ((1, 1),)), ((4, 3), ((6, 1), (6, 6))), ((3, 6), ((1, 1), (1, 6), (6, 6))), ((3, 6), ((1, 1), (6, 6))), ((4, 5), ((1, 1), (6, 6))), ((4, 5), ((1, 1), (1, 6), (6, 6))), ((6, 3), ((1, 1), (1, 6))), ((6, 1), ((1, 6), (6, 1))), ((6, 1), ((1, 6), (6, 1), (6, 6))), ((6, 3), ((6, 1),)), ((6, 3), ((1, 1), (1, 6), (6, 6))), ((6, 3), ((1, 1), (6, 6))), ((4, 3), ((1, 1),)), ((5, 3), ((6, 1), (6, 6))), ((5, 3), ((1, 1), (1, 6))), ((5, 1), ((1, 6), (6, 1))), ((5, 1), ((1, 6), (6, 1), (6, 6))), ((6, 4), ((6, 1),)), ((5, 3), ((1, 1), (1, 6), (6, 6))), ((5, 3), ((1, 1), (6, 6))), ((3, 3), ((1, 1),)), ((6, 3), ((6, 1), (6, 6))), ((4, 3), ((1, 1), (1, 6))), ((4, 1), ((1, 6), (6, 1))), ((4, 1), ((1, 6), (6, 1), (6, 6))), ((6, 5), ((6, 1),)), ((4, 3), ((1, 1), (1, 6), (6, 6))), ((4, 3), ((1, 1), (6, 6))), ((3, 2), ((1, 1),)), ((6, 4), ((6, 1), (6, 6))), ((3, 3), ((1, 1), (1, 6))), ((3, 1), ((1, 6), (6, 1))), ((3, 1), ((1, 6), (6, 1), (6, 6))), ((6, 6), ((6, 1), (6, 6))), ((5, 5), ((6, 1),)), ((3, 3), ((1, 1), (1, 6), (6, 6))), ((3, 3), ((1, 1), (6, 6))), ((3, 1), ((1, 1),)), ((6, 5), ((6, 1), (6, 6))), ((3, 2), ((1, 1), (1, 6))), ((3, 2), ((1, 6), (6, 1))), ((3, 2), ((1, 6), (6, 1), (6, 6))), ((5, 6), ((6, 1), (6, 6))), ((5, 6), ((6, 1),)), ((4, 5), ((6, 1),)), ((3, 2), ((1, 1), (1, 6), (6, 6))), ((3, 2), ((1, 1), (6, 6))), ((4, 1), ((1, 1),)), ((5, 5), ((6, 1), (6, 6))), ((3, 1), ((1, 1), (1, 6))), ((3, 3), ((1, 6), (6, 1))), ((3, 3), ((1, 6), (6, 1), (6, 6))), ((4, 6), ((6, 1), (6, 6))), ((4, 6), ((6, 1),)), ((3, 5), ((6, 1),)), ((3, 1), ((1, 1), (1, 6), (6, 6))), ((3, 1), ((1, 1), (6, 6))), ((5, 1), ((1, 1),)), ((4, 5), ((6, 1), (6, 6))), ((4, 1), ((1, 1), (1, 6))), ((4, 3), ((1, 6), (6, 1))), ((4, 3), ((1, 6), (6, 1), (6, 6))), ((3, 6), ((6, 1), (6, 6))), ((3, 6), ((6, 1),)), ((2, 5), ((6, 1),)), ((4, 1), ((1, 1), (1, 6), (6, 6))), ((4, 1), ((1, 1), (6, 6))), ((6, 1), ((1, 1), (6, 1))), ((3, 5), ((6, 1), (6, 6))), ((5, 1), ((1, 1), (1, 6))), ((5, 3), ((1, 6), (6, 1))), ((5, 3), ((1, 6), (6, 1), (6, 6)))]",27,0,27
241,"((2, 6), ((6, 1),))","((3, 6), ((6, 1),))",West,"[((1, 6), ((1, 6), (6, 1))) via West]","[((2, 6), ((6, 1),)), ((1, 5), ((6, 1),)), ((5, 1), ((1, 1), (1, 6), (6, 6))), ((5, 1), ((1, 1), (6, 6))), ((5, 1), ((1, 1), (6, 1))), ((2, 5), ((6, 1), (6, 6))), ((6, 1), ((1, 1), (1, 6), (6, 1))), ((6, 3), ((1, 6), (6, 1))), ((6, 3), ((1, 6), (6, 1), (6, 6))), ((1, 6), ((1, 6), (6, 1), (6, 6)))]","[((1, 5), ((6, 1),)), ((5, 1), ((1, 1), (1, 6), (6, 6))), ((5, 1), ((1, 1), (6, 6))), ((5, 1), ((1, 1), (6, 1))), ((2, 5), ((6, 1), (6, 6))), ((6, 1), ((1, 1), (1, 6), (6, 1))), ((6, 3), ((1, 6), (6, 1))), ((6, 3), ((1, 6), (6, 1), (6, 6))), ((1, 6), ((1, 6), (6, 1), (6, 6))), ((1, 6), ((1, 6), (6, 1)))]","[((4, 5), ()), ((4, 6), ()), ((5, 5), ()), ((3, 5), ()), ((5, 6), ()), ((3, 6), ()), ((6, 5), ()), ((2, 5), ()), ((6, 6), ((6, 6),)), ((2, 6), ()), ((6, 4), ()), ((1, 5), ()), ((6, 5), ((6, 6),)), ((5, 6), ((6, 6),)), ((1, 6), ((1, 6),)), ((6, 3), ()), ((1, 4), ()), ((6, 4), ((6, 6),)), ((5, 5), ((6, 6),)), ((4, 6), ((6, 6),)), ((1, 5), ((1, 6),)), ((2, 6), ((1, 6),)), ((5, 3), ()), ((1, 3), ()), ((6, 3), ((6, 6),)), ((4, 5), ((6, 6),)), ((3, 6), ((6, 6),)), ((1, 4), ((1, 6),)), ((2, 5), ((1, 6),)), ((3, 6), ((1, 6),)), ((4, 3), ()), ((1, 2), ()), ((5, 3), ((6, 6),)), ((3, 5), ((6, 6),)), ((2, 6), ((6, 6),)), ((1, 3), ((1, 6),)), ((3, 5), ((1, 6),)), ((4, 6), ((1, 6),)), ((3, 3), ()), ((1, 1), ((1, 1),)), ((4, 3), ((6, 6),)), ((2, 5), ((6, 6),)), ((1, 6), ((1, 6), (6, 6))), ((1, 2), ((1, 6),)), ((4, 5), ((1, 6),)), ((5, 6), ((1, 6),)), ((3, 2), ()), ((1, 2), ((1, 1),)), ((3, 3), ((6, 6),)), ((1, 5), ((6, 6),)), ((1, 5), ((1, 6), (6, 6))), ((2, 6), ((1, 6), (6, 6))), ((1, 1), ((1, 1), (1, 6))), ((5, 5), ((1, 6),)), ((6, 6), ((1, 6), (6, 6))), ((3, 1), ()), ((1, 3), ((1, 1),)), ((3, 2), ((6, 6),)), ((1, 4), ((6, 6),)), ((1, 4), ((1, 6), (6, 6))), ((2, 5), ((1, 6), (6, 6))), ((3, 6), ((1, 6), (6, 6))), ((1, 2), ((1, 1), (1, 6))), ((6, 5), ((1, 6),)), ((6, 5), ((1, 6), (6, 6))), ((5, 6), ((1, 6), (6, 6))), ((4, 1), ()), ((1, 4), ((1, 1),)), ((3, 1), ((6, 6),)), ((1, 3), ((6, 6),)), ((1, 3), ((1, 6), (6, 6))), ((3, 5), ((1, 6), (6, 6))), ((4, 6), ((1, 6), (6, 6))), ((1, 3), ((1, 1), (1, 6))), ((6, 4), ((1, 6),)), ((6, 4), ((1, 6), (6, 6))), ((5, 5), ((1, 6), (6, 6))), ((5, 1), ()), ((1, 5), ((1, 1),)), ((4, 1), ((6, 6),)), ((1, 2), ((6, 6),)), ((1, 2), ((1, 6), (6, 6))), ((4, 5), ((1, 6), (6, 6))), ((1, 4), ((1, 1), (1, 6))), ((6, 3), ((1, 6),)), ((6, 3), ((1, 6), (6, 6))), ((6, 1), ((6, 1),)), ((1, 6), ((1, 1), (1, 6))), ((2, 5), ((1, 1),)), ((5, 1), ((6, 6),)), ((1, 1), ((1, 1), (6, 6))), ((1, 1), ((1, 1), (1, 6), (6, 6))), ((1, 5), ((1, 1), (1, 6))), ((5, 3), ((1, 6),)), ((5, 3), ((1, 6), (6, 6))), ((5, 1), ((6, 1),)), ((2, 6), ((1, 1), (1, 6))), ((2, 6), ((1, 1),)), ((3, 5), ((1, 1),)), ((6, 1), ((6, 1), (6, 6))), ((1, 2), ((1, 1), (6, 6))), ((1, 2), ((1, 1), (1, 6), (6, 6))), ((2, 5), ((1, 1), (1, 6))), ((4, 3), ((1, 6),)), ((4, 3), ((1, 6), (6, 6))), ((4, 1), ((6, 1),)), ((3, 6), ((1, 1), (1, 6))), ((3, 6), ((1, 1),)), ((4, 5), ((1, 1),)), ((5, 1), ((6, 1), (6, 6))), ((1, 3), ((1, 1), (6, 6))), ((1, 3), ((1, 1), (1, 6), (6, 6))), ((3, 5), ((1, 1), (1, 6))), ((3, 3), ((1, 6),)), ((3, 3), ((1, 6), (6, 6))), ((3, 1), ((6, 1),)), ((4, 6), ((1, 1), (1, 6))), ((4, 6), ((1, 1),)), ((5, 5), ((1, 1),)), ((4, 1), ((6, 1), (6, 6))), ((1, 4), ((1, 1), (6, 6))), ((1, 4), ((1, 1), (1, 6), (6, 6))), ((4, 5), ((1, 1), (1, 6))), ((3, 2), ((1, 6),)), ((3, 2), ((1, 6), (6, 6))), ((3, 2), ((6, 1),)), ((5, 6), ((1, 1), (1, 6))), ((5, 6), ((1, 1),)), ((6, 5), ((1, 1),)), ((3, 1), ((6, 1), (6, 6))), ((1, 5), ((1, 1), (6, 6))), ((1, 5), ((1, 1), (1, 6), (6, 6))), ((5, 5), ((1, 1), (1, 6))), ((3, 1), ((1, 6),)), ((3, 1), ((1, 6), (6, 6))), ((3, 3), ((6, 1),)), ((6, 6), ((1, 1), (1, 6), (6, 6))), ((6, 6), ((1, 1), (6, 6))), ((6, 4), ((1, 1),)), ((3, 2), ((6, 1), (6, 6))), ((1, 6), ((1, 1), (1, 6), (6, 6))), ((2, 5), ((1, 1), (6, 6))), ((2, 5), ((1, 1), (1, 6), (6, 6))), ((6, 5), ((1, 1), (1, 6))), ((4, 1), ((1, 6),)), ((4, 1), ((1, 6), (6, 6))), ((4, 3), ((6, 1),)), ((6, 5), ((1, 1), (1, 6), (6, 6))), ((5, 6), ((1, 1), (1, 6), (6, 6))), ((6, 5), ((1, 1), (6, 6))), ((5, 6), ((1, 1), (6, 6))), ((6, 3), ((1, 1),)), ((3, 3), ((6, 1), (6, 6))), ((2, 6), ((1, 1), (1, 6), (6, 6))), ((2, 6), ((1, 1), (6, 6))), ((3, 5), ((1, 1), (6, 6))), ((3, 5), ((1, 1), (1, 6), (6, 6))), ((6, 4), ((1, 1), (1, 6))), ((5, 1), ((1, 6),)), ((5, 1), ((1, 6), (6, 6))), ((5, 3), ((6, 1),)), ((6, 4), ((1, 1), (1, 6), (6, 6))), ((5, 5), ((1, 1), (1, 6), (6, 6))), ((4, 6), ((1, 1), (1, 6), (6, 6))), ((6, 4), ((1, 1), (6, 6))), ((5, 5), ((1, 1), (6, 6))), ((4, 6), ((1, 1), (6, 6))), ((5, 3), ((1, 1),)), ((4, 3), ((6, 1), (6, 6))), ((3, 6), ((1, 1), (1, 6), (6, 6))), ((3, 6), ((1, 1), (6, 6))), ((4, 5), ((1, 1), (6, 6))), ((4, 5), ((1, 1), (1, 6), (6, 6))), ((6, 3), ((1, 1), (1, 6))), ((6, 1), ((1, 6), (6, 1))), ((6, 1), ((1, 6), (6, 1), (6, 6))), ((6, 3), ((6, 1),)), ((6, 3), ((1, 1), (1, 6), (6, 6))), ((6, 3), ((1, 1), (6, 6))), ((4, 3), ((1, 1),)), ((5, 3), ((6, 1), (6, 6))), ((5, 3), ((1, 1), (1, 6))), ((5, 1), ((1, 6), (6, 1))), ((5, 1), ((1, 6), (6, 1), (6, 6))), ((6, 4), ((6, 1),)), ((5, 3), ((1, 1), (1, 6), (6, 6))), ((5, 3), ((1, 1), (6, 6))), ((3, 3), ((1, 1),)), ((6, 3), ((6, 1), (6, 6))), ((4, 3), ((1, 1), (1, 6))), ((4, 1), ((1, 6), (6, 1))), ((4, 1), ((1, 6), (6, 1), (6, 6))), ((6, 5), ((6, 1),)), ((4, 3), ((1, 1), (1, 6), (6, 6))), ((4, 3), ((1, 1), (6, 6))), ((3, 2), ((1, 1),)), ((6, 4), ((6, 1), (6, 6))), ((3, 3), ((1, 1), (1, 6))), ((3, 1), ((1, 6), (6, 1))), ((3, 1), ((1, 6), (6, 1), (6, 6))), ((6, 6), ((6, 1), (6, 6))), ((5, 5), ((6, 1),)), ((3, 3), ((1, 1), (1, 6), (6, 6))), ((3, 3), ((1, 1), (6, 6))), ((3, 1), ((1, 1),)), ((6, 5), ((6, 1), (6, 6))), ((3, 2), ((1, 1), (1, 6))), ((3, 2), ((1, 6), (6, 1))), ((3, 2), ((1, 6), (6, 1), (6, 6))), ((5, 6), ((6, 1), (6, 6))), ((5, 6), ((6, 1),)), ((4, 5), ((6, 1),)), ((3, 2), ((1, 1), (1, 6), (6, 6))), ((3, 2), ((1, 1), (6, 6))), ((4, 1), ((1, 1),)), ((5, 5), ((6, 1), (6, 6))), ((3, 1), ((1, 1), (1, 6))), ((3, 3), ((1, 6), (6, 1))), ((3, 3), ((1, 6), (6, 1), (6, 6))), ((4, 6), ((6, 1), (6, 6))), ((4, 6), ((6, 1),)), ((3, 5), ((6, 1),)), ((3, 1), ((1, 1), (1, 6), (6, 6))), ((3, 1), ((1, 1), (6, 6))), ((5, 1), ((1, 1),)), ((4, 5), ((6, 1), (6, 6))), ((4, 1), ((1, 1), (1, 6))), ((4, 3), ((1, 6), (6, 1))), ((4, 3), ((1, 6), (6, 1), (6, 6))), ((3, 6), ((6, 1), (6, 6))), ((3, 6), ((6, 1),)), ((2, 5), ((6, 1),)), ((4, 1), ((1, 1), (1, 6), (6, 6))), ((4, 1), ((1, 1), (6, 6))), ((6, 1), ((1, 1), (6, 1))), ((3, 5), ((6, 1), (6, 6))), ((5, 1), ((1, 1), (1, 6))), ((5, 3), ((1, 6), (6, 1))), ((5, 3), ((1, 6), (6, 1), (6, 6))), ((2, 6), ((6, 1), (6, 6)))]",27,0,27
242,"((1, 5), ((6, 1),))","((2, 5), ((6, 1),))",West,"[((1, 4), ((6, 1),)) via South]","[((1, 5), ((6, 1),)), ((5, 1), ((1, 1), (1, 6), (6, 6))), ((5, 1), ((1, 1), (6, 6))), ((5, 1), ((1, 1), (6, 1))), ((2, 5), ((6, 1), (6, 6))), ((6, 1), ((1, 1), (1, 6), (6, 1))), ((6, 3), ((1, 6), (6, 1))), ((6, 3), ((1, 6), (6, 1), (6, 6))), ((1, 6), ((1, 6), (6, 1), (6, 6))), ((1, 6), ((1, 6), (6, 1)))]","[((5, 1), ((1, 1), (1, 6), (6, 6))), ((5, 1), ((1, 1), (6, 6))), ((5, 1), ((1, 1), (6, 1))), ((2, 5), ((6, 1), (6, 6))), ((6, 1), ((1, 1), (1, 6), (6, 1))), ((6, 3), ((1, 6), (6, 1))), ((6, 3), ((1, 6), (6, 1), (6, 6))), ((1, 6), ((1, 6), (6, 1), (6, 6))), ((1, 6), ((1, 6), (6, 1))), ((1, 4), ((6, 1),))]","[((4, 5), ()), ((4, 6), ()), ((5, 5), ()), ((3, 5), ()), ((5, 6), ()), ((3, 6), ()), ((6, 5), ()), ((2, 5), ()), ((6, 6), ((6, 6),)), ((2, 6), ()), ((6, 4), ()), ((1, 5), ()), ((6, 5), ((6, 6),)), ((5, 6), ((6, 6),)), ((1, 6), ((1, 6),)), ((6, 3), ()), ((1, 4), ()), ((6, 4), ((6, 6),)), ((5, 5), ((6, 6),)), ((4, 6), ((6, 6),)), ((1, 5), ((1, 6),)), ((2, 6), ((1, 6),)), ((5, 3), ()), ((1, 3), ()), ((6, 3), ((6, 6),)), ((4, 5), ((6, 6),)), ((3, 6), ((6, 6),)), ((1, 4), ((1, 6),)), ((2, 5), ((1, 6),)), ((3, 6), ((1, 6),)), ((4, 3), ()), ((1, 2), ()), ((5, 3), ((6, 6),)), ((3, 5), ((6, 6),)), ((2, 6), ((6, 6),)), ((1, 3), ((1, 6),)), ((3, 5), ((1, 6),)), ((4, 6), ((1, 6),)), ((3, 3), ()), ((1, 1), ((1, 1),)), ((4, 3), ((6, 6),)), ((2, 5), ((6, 6),)), ((1, 6), ((1, 6), (6, 6))), ((1, 2), ((1, 6),)), ((4, 5), ((1, 6),)), ((5, 6), ((1, 6),)), ((3, 2), ()), ((1, 2), ((1, 1),)), ((3, 3), ((6, 6),)), ((1, 5), ((6, 6),)), ((1, 5), ((1, 6), (6, 6))), ((2, 6), ((1, 6), (6, 6))), ((1, 1), ((1, 1), (1, 6))), ((5, 5), ((1, 6),)), ((6, 6), ((1, 6), (6, 6))), ((3, 1), ()), ((1, 3), ((1, 1),)), ((3, 2), ((6, 6),)), ((1, 4), ((6, 6),)), ((1, 4), ((1, 6), (6, 6))), ((2, 5), ((1, 6), (6, 6))), ((3, 6), ((1, 6), (6, 6))), ((1, 2), ((1, 1), (1, 6))), ((6, 5), ((1, 6),)), ((6, 5), ((1, 6), (6, 6))), ((5, 6), ((1, 6), (6, 6))), ((4, 1), ()), ((1, 4), ((1, 1),)), ((3, 1), ((6, 6),)), ((1, 3), ((6, 6),)), ((1, 3), ((1, 6), (6, 6))), ((3, 5), ((1, 6), (6, 6))), ((4, 6), ((1, 6), (6, 6))), ((1, 3), ((1, 1), (1, 6))), ((6, 4), ((1, 6),)), ((6, 4), ((1, 6), (6, 6))), ((5, 5), ((1, 6), (6, 6))), ((5, 1), ()), ((1, 5), ((1, 1),)), ((4, 1), ((6, 6),)), ((1, 2), ((6, 6),)), ((1, 2), ((1, 6), (6, 6))), ((4, 5), ((1, 6), (6, 6))), ((1, 4), ((1, 1), (1, 6))), ((6, 3), ((1, 6),)), ((6, 3), ((1, 6), (6, 6))), ((6, 1), ((6, 1),)), ((1, 6), ((1, 1), (1, 6))), ((2, 5), ((1, 1),)), ((5, 1), ((6, 6),)), ((1, 1), ((1, 1), (6, 6))), ((1, 1), ((1, 1), (1, 6), (6, 6))), ((1, 5), ((1, 1), (1, 6))), ((5, 3), ((1, 6),)), ((5, 3), ((1, 6), (6, 6))), ((5, 1), ((6, 1),)), ((2, 6), ((1, 1), (1, 6))), ((2, 6), ((1, 1),)), ((3, 5), ((1, 1),)), ((6, 1), ((6, 1), (6, 6))), ((1, 2), ((1, 1), (6, 6))), ((1, 2), ((1, 1), (1, 6), (6, 6))), ((2, 5), ((1, 1), (1, 6))), ((4, 3), ((1, 6),)), ((4, 3), ((1, 6), (6, 6))), ((4, 1), ((6, 1),)), ((3, 6), ((1, 1), (1, 6))), ((3, 6), ((1, 1),)), ((4, 5), ((1, 1),)), ((5, 1), ((6, 1), (6, 6))), ((1, 3), ((1, 1), (6, 6))), ((1, 3), ((1, 1), (1, 6), (6, 6))), ((3, 5), ((1, 1), (1, 6))), ((3, 3), ((1, 6),)), ((3, 3), ((1, 6), (6, 6))), ((3, 1), ((6, 1),)), ((4, 6), ((1, 1), (1, 6))), ((4, 6), ((1, 1),)), ((5, 5), ((1, 1),)), ((4, 1), ((6, 1), (6, 6))), ((1, 4), ((1, 1), (6, 6))), ((1, 4), ((1, 1), (1, 6), (6, 6))), ((4, 5), ((1, 1), (1, 6))), ((3, 2), ((1, 6),)), ((3, 2), ((1, 6), (6, 6))), ((3, 2), ((6, 1),)), ((5, 6), ((1, 1), (1, 6))), ((5, 6), ((1, 1),)), ((6, 5), ((1, 1),)), ((3, 1), ((6, 1), (6, 6))), ((1, 5), ((1, 1), (6, 6))), ((1, 5), ((1, 1), (1, 6), (6, 6))), ((5, 5), ((1, 1), (1, 6))), ((3, 1), ((1, 6),)), ((3, 1), ((1, 6), (6, 6))), ((3, 3), ((6, 1),)), ((6, 6), ((1, 1), (1, 6), (6, 6))), ((6, 6), ((1, 1), (6, 6))), ((6, 4), ((1, 1),)), ((3, 2), ((6, 1), (6, 6))), ((1, 6), ((1, 1), (1, 6), (6, 6))), ((2, 5), ((1, 1), (6, 6))), ((2, 5), ((1, 1), (1, 6), (6, 6))), ((6, 5), ((1, 1), (1, 6))), ((4, 1), ((1, 6),)), ((4, 1), ((1, 6), (6, 6))), ((4, 3), ((6, 1),)), ((6, 5), ((1, 1), (1, 6), (6, 6))), ((5, 6), ((1, 1), (1, 6), (6, 6))), ((6, 5), ((1, 1), (6, 6))), ((5, 6), ((1, 1), (6, 6))), ((6, 3), ((1, 1),)), ((3, 3), ((6, 1), (6, 6))), ((2, 6), ((1, 1), (1, 6), (6, 6))), ((2, 6), ((1, 1), (6, 6))), ((3, 5), ((1, 1), (6, 6))), ((3, 5), ((1, 1), (1, 6), (6, 6))), ((6, 4), ((1, 1), (1, 6))), ((5, 1), ((1, 6),)), ((5, 1), ((1, 6), (6, 6))), ((5, 3), ((6, 1),)), ((6, 4), ((1, 1), (1, 6), (6, 6))), ((5, 5), ((1, 1), (1, 6), (6, 6))), ((4, 6), ((1, 1), (1, 6), (6, 6))), ((6, 4), ((1, 1), (6, 6))), ((5, 5), ((1, 1), (6, 6))), ((4, 6), ((1, 1), (6, 6))), ((5, 3), ((1, 1),)), ((4, 3), ((6, 1), (6, 6))), ((3, 6), ((1, 1), (1, 6), (6, 6))), ((3, 6), ((1, 1), (6, 6))), ((4, 5), ((1, 1), (6, 6))), ((4, 5), ((1, 1), (1, 6), (6, 6))), ((6, 3), ((1, 1), (1, 6))), ((6, 1), ((1, 6), (6, 1))), ((6, 1), ((1, 6), (6, 1), (6, 6))), ((6, 3), ((6, 1),)), ((6, 3), ((1, 1), (1, 6), (6, 6))), ((6, 3), ((1, 1), (6, 6))), ((4, 3), ((1, 1),)), ((5, 3), ((6, 1), (6, 6))), ((5, 3), ((1, 1), (1, 6))), ((5, 1), ((1, 6), (6, 1))), ((5, 1), ((1, 6), (6, 1), (6, 6))), ((6, 4), ((6, 1),)), ((5, 3), ((1, 1), (1, 6), (6, 6))), ((5, 3), ((1, 1), (6, 6))), ((3, 3), ((1, 1),)), ((6, 3), ((6, 1), (6, 6))), ((4, 3), ((1, 1), (1, 6))), ((4, 1), ((1, 6), (6, 1))), ((4, 1), ((1, 6), (6, 1), (6, 6))), ((6, 5), ((6, 1),)), ((4, 3), ((1, 1), (1, 6), (6, 6))), ((4, 3), ((1, 1), (6, 6))), ((3, 2), ((1, 1),)), ((6, 4), ((6, 1), (6, 6))), ((3, 3), ((1, 1), (1, 6))), ((3, 1), ((1, 6), (6, 1))), ((3, 1), ((1, 6), (6, 1), (6, 6))), ((6, 6), ((6, 1), (6, 6))), ((5, 5), ((6, 1),)), ((3, 3), ((1, 1), (1, 6), (6, 6))), ((3, 3), ((1, 1), (6, 6))), ((3, 1), ((1, 1),)), ((6, 5), ((6, 1), (6, 6))), ((3, 2), ((1, 1), (1, 6))), ((3, 2), ((1, 6), (6, 1))), ((3, 2), ((1, 6), (6, 1), (6, 6))), ((5, 6), ((6, 1), (6, 6))), ((5, 6), ((6, 1),)), ((4, 5), ((6, 1),)), ((3, 2), ((1, 1), (1, 6), (6, 6))), ((3, 2), ((1, 1), (6, 6))), ((4, 1), ((1, 1),)), ((5, 5), ((6, 1), (6, 6))), ((3, 1), ((1, 1), (1, 6))), ((3, 3), ((1, 6), (6, 1))), ((3, 3), ((1, 6), (6, 1), (6, 6))), ((4, 6), ((6, 1), (6, 6))), ((4, 6), ((6, 1),)), ((3, 5), ((6, 1),)), ((3, 1), ((1, 1), (1, 6), (6, 6))), ((3, 1), ((1, 1), (6, 6))), ((5, 1), ((1, 1),)), ((4, 5), ((6, 1), (6, 6))), ((4, 1), ((1, 1), (1, 6))), ((4, 3), ((1, 6), (6, 1))), ((4, 3), ((1, 6), (6, 1), (6, 6))), ((3, 6), ((6, 1), (6, 6))), ((3, 6), ((6, 1),)), ((2, 5), ((6, 1),)), ((4, 1), ((1, 1), (1, 6), (6, 6))), ((4, 1), ((1, 1), (6, 6))), ((6, 1), ((1, 1), (6, 1))), ((3, 5), ((6, 1), (6, 6))), ((5, 1), ((1, 1), (1, 6))), ((5, 3), ((1, 6), (6, 1))), ((5, 3), ((1, 6), (6, 1), (6, 6))), ((2, 6), ((6, 1), (6, 6))), ((2, 6), ((6, 1),))]",27,0,27
243,"((5, 1), ((1, 1), (1, 6), (6, 6)))","((4, 1), ((1, 1), (1, 6), (6, 6)))",East,"[((6, 1), ((1, 1), (1, 6), (6, 1), (6, 6))) via East]","[((5, 1), ((1, 1), (1, 6), (6, 6))), ((5, 1), ((1, 1), (6, 6))), ((5, 1), ((1, 1), (6, 1))), ((2, 5), ((6, 1), (6, 6))), ((6, 1), ((1, 1), (1, 6), (6, 1))), ((6, 3), ((1, 6), (6, 1))), ((6, 3), ((1, 6), (6, 1), (6, 6))), ((1, 6), ((1, 6), (6, 1), (6, 6))), ((1, 6), ((1, 6), (6, 1))), ((1, 4), ((6, 1),))]","[((5, 1), ((1, 1), (6, 6))), ((5, 1), ((1, 1), (6, 1))), ((2, 5), ((6, 1), (6, 6))), ((6, 1), ((1, 1), (1, 6), (6, 1))), ((6, 3), ((1, 6), (6, 1))), ((6, 3), ((1, 6), (6, 1), (6, 6))), ((1, 6), ((1, 6), (6, 1), (6, 6))), ((1, 6), ((1, 6), (6, 1))), ((1, 4), ((6, 1),)), ((6, 1), ((1, 1), (1, 6), (6, 1), (6, 6)))]","[((4, 5), ()), ((4, 6), ()), ((5, 5), ()), ((3, 5), ()), ((5, 6), ()), ((3, 6), ()), ((6, 5), ()), ((2, 5), ()), ((6, 6), ((6, 6),)), ((2, 6), ()), ((6, 4), ()), ((1, 5), ()), ((6, 5), ((6, 6),)), ((5, 6), ((6, 6),)), ((1, 6), ((1, 6),)), ((6, 3), ()), ((1, 4), ()), ((6, 4), ((6, 6),)), ((5, 5), ((6, 6),)), ((4, 6), ((6, 6),)), ((1, 5), ((1, 6),)), ((2, 6), ((1, 6),)), ((5, 3), ()), ((1, 3), ()), ((6, 3), ((6, 6),)), ((4, 5), ((6, 6),)), ((3, 6), ((6, 6),)), ((1, 4), ((1, 6),)), ((2, 5), ((1, 6),)), ((3, 6), ((1, 6),)), ((4, 3), ()), ((1, 2), ()), ((5, 3), ((6, 6),)), ((3, 5), ((6, 6),)), ((2, 6), ((6, 6),)), ((1, 3), ((1, 6),)), ((3, 5), ((1, 6),)), ((4, 6), ((1, 6),)), ((3, 3), ()), ((1, 1), ((1, 1),)), ((4, 3), ((6, 6),)), ((2, 5), ((6, 6),)), ((1, 6), ((1, 6), (6, 6))), ((1, 2), ((1, 6),)), ((4, 5), ((1, 6),)), ((5, 6), ((1, 6),)), ((3, 2), ()), ((1, 2), ((1, 1),)), ((3, 3), ((6, 6),)), ((1, 5), ((6, 6),)), ((1, 5), ((1, 6), (6, 6))), ((2, 6), ((1, 6), (6, 6))), ((1, 1), ((1, 1), (1, 6))), ((5, 5), ((1, 6),)), ((6, 6), ((1, 6), (6, 6))), ((3, 1), ()), ((1, 3), ((1, 1),)), ((3, 2), ((6, 6),)), ((1, 4), ((6, 6),)), ((1, 4), ((1, 6), (6, 6))), ((2, 5), ((1, 6), (6, 6))), ((3, 6), ((1, 6), (6, 6))), ((1, 2), ((1, 1), (1, 6))), ((6, 5), ((1, 6),)), ((6, 5), ((1, 6), (6, 6))), ((5, 6), ((1, 6), (6, 6))), ((4, 1), ()), ((1, 4), ((1, 1),)), ((3, 1), ((6, 6),)), ((1, 3), ((6, 6),)), ((1, 3), ((1, 6), (6, 6))), ((3, 5), ((1, 6), (6, 6))), ((4, 6), ((1, 6), (6, 6))), ((1, 3), ((1, 1), (1, 6))), ((6, 4), ((1, 6),)), ((6, 4), ((1, 6), (6, 6))), ((5, 5), ((1, 6), (6, 6))), ((5, 1), ()), ((1, 5), ((1, 1),)), ((4, 1), ((6, 6),)), ((1, 2), ((6, 6),)), ((1, 2), ((1, 6), (6, 6))), ((4, 5), ((1, 6), (6, 6))), ((1, 4), ((1, 1), (1, 6))), ((6, 3), ((1, 6),)), ((6, 3), ((1, 6), (6, 6))), ((6, 1), ((6, 1),)), ((1, 6), ((1, 1), (1, 6))), ((2, 5), ((1, 1),)), ((5, 1), ((6, 6),)), ((1, 1), ((1, 1), (6, 6))), ((1, 1), ((1, 1), (1, 6), (6, 6))), ((1, 5), ((1, 1), (1, 6))), ((5, 3), ((1, 6),)), ((5, 3), ((1, 6), (6, 6))), ((5, 1), ((6, 1),)), ((2, 6), ((1, 1), (1, 6))), ((2, 6), ((1, 1),)), ((3, 5), ((1, 1),)), ((6, 1), ((6, 1), (6, 6))), ((1, 2), ((1, 1), (6, 6))), ((1, 2), ((1, 1), (1, 6), (6, 6))), ((2, 5), ((1, 1), (1, 6))), ((4, 3), ((1, 6),)), ((4, 3), ((1, 6), (6, 6))), ((4, 1), ((6, 1),)), ((3, 6), ((1, 1), (1, 6))), ((3, 6), ((1, 1),)), ((4, 5), ((1, 1),)), ((5, 1), ((6, 1), (6, 6))), ((1, 3), ((1, 1), (6, 6))), ((1, 3), ((1, 1), (1, 6), (6, 6))), ((3, 5), ((1, 1), (1, 6))), ((3, 3), ((1, 6),)), ((3, 3), ((1, 6), (6, 6))), ((3, 1), ((6, 1),)), ((4, 6), ((1, 1), (1, 6))), ((4, 6), ((1, 1),)), ((5, 5), ((1, 1),)), ((4, 1), ((6, 1), (6, 6))), ((1, 4), ((1, 1), (6, 6))), ((1, 4), ((1, 1), (1, 6), (6, 6))), ((4, 5), ((1, 1), (1, 6))), ((3, 2), ((1, 6),)), ((3, 2), ((1, 6), (6, 6))), ((3, 2), ((6, 1),)), ((5, 6), ((1, 1), (1, 6))), ((5, 6), ((1, 1),)), ((6, 5), ((1, 1),)), ((3, 1), ((6, 1), (6, 6))), ((1, 5), ((1, 1), (6, 6))), ((1, 5), ((1, 1), (1, 6), (6, 6))), ((5, 5), ((1, 1), (1, 6))), ((3, 1), ((1, 6),)), ((3, 1), ((1, 6), (6, 6))), ((3, 3), ((6, 1),)), ((6, 6), ((1, 1), (1, 6), (6, 6))), ((6, 6), ((1, 1), (6, 6))), ((6, 4), ((1, 1),)), ((3, 2), ((6, 1), (6, 6))), ((1, 6), ((1, 1), (1, 6), (6, 6))), ((2, 5), ((1, 1), (6, 6))), ((2, 5), ((1, 1), (1, 6), (6, 6))), ((6, 5), ((1, 1), (1, 6))), ((4, 1), ((1, 6),)), ((4, 1), ((1, 6), (6, 6))), ((4, 3), ((6, 1),)), ((6, 5), ((1, 1), (1, 6), (6, 6))), ((5, 6), ((1, 1), (1, 6), (6, 6))), ((6, 5), ((1, 1), (6, 6))), ((5, 6), ((1, 1), (6, 6))), ((6, 3), ((1, 1),)), ((3, 3), ((6, 1), (6, 6))), ((2, 6), ((1, 1), (1, 6), (6, 6))), ((2, 6), ((1, 1), (6, 6))), ((3, 5), ((1, 1), (6, 6))), ((3, 5), ((1, 1), (1, 6), (6, 6))), ((6, 4), ((1, 1), (1, 6))), ((5, 1), ((1, 6),)), ((5, 1), ((1, 6), (6, 6))), ((5, 3), ((6, 1),)), ((6, 4), ((1, 1), (1, 6), (6, 6))), ((5, 5), ((1, 1), (1, 6), (6, 6))), ((4, 6), ((1, 1), (1, 6), (6, 6))), ((6, 4), ((1, 1), (6, 6))), ((5, 5), ((1, 1), (6, 6))), ((4, 6), ((1, 1), (6, 6))), ((5, 3), ((1, 1),)), ((4, 3), ((6, 1), (6, 6))), ((3, 6), ((1, 1), (1, 6), (6, 6))), ((3, 6), ((1, 1), (6, 6))), ((4, 5), ((1, 1), (6, 6))), ((4, 5), ((1, 1), (1, 6), (6, 6))), ((6, 3), ((1, 1), (1, 6))), ((6, 1), ((1, 6), (6, 1))), ((6, 1), ((1, 6), (6, 1), (6, 6))), ((6, 3), ((6, 1),)), ((6, 3), ((1, 1), (1, 6), (6, 6))), ((6, 3), ((1, 1), (6, 6))), ((4, 3), ((1, 1),)), ((5, 3), ((6, 1), (6, 6))), ((5, 3), ((1, 1), (1, 6))), ((5, 1), ((1, 6), (6, 1))), ((5, 1), ((1, 6), (6, 1), (6, 6))), ((6, 4), ((6, 1),)), ((5, 3), ((1, 1), (1, 6), (6, 6))), ((5, 3), ((1, 1), (6, 6))), ((3, 3), ((1, 1),)), ((6, 3), ((6, 1), (6, 6))), ((4, 3), ((1, 1), (1, 6))), ((4, 1), ((1, 6), (6, 1))), ((4, 1), ((1, 6), (6, 1), (6, 6))), ((6, 5), ((6, 1),)), ((4, 3), ((1, 1), (1, 6), (6, 6))), ((4, 3), ((1, 1), (6, 6))), ((3, 2), ((1, 1),)), ((6, 4), ((6, 1), (6, 6))), ((3, 3), ((1, 1), (1, 6))), ((3, 1), ((1, 6), (6, 1))), ((3, 1), ((1, 6), (6, 1), (6, 6))), ((6, 6), ((6, 1), (6, 6))), ((5, 5), ((6, 1),)), ((3, 3), ((1, 1), (1, 6), (6, 6))), ((3, 3), ((1, 1), (6, 6))), ((3, 1), ((1, 1),)), ((6, 5), ((6, 1), (6, 6))), ((3, 2), ((1, 1), (1, 6))), ((3, 2), ((1, 6), (6, 1))), ((3, 2), ((1, 6), (6, 1), (6, 6))), ((5, 6), ((6, 1), (6, 6))), ((5, 6), ((6, 1),)), ((4, 5), ((6, 1),)), ((3, 2), ((1, 1), (1, 6), (6, 6))), ((3, 2), ((1, 1), (6, 6))), ((4, 1), ((1, 1),)), ((5, 5), ((6, 1), (6, 6))), ((3, 1), ((1, 1), (1, 6))), ((3, 3), ((1, 6), (6, 1))), ((3, 3), ((1, 6), (6, 1), (6, 6))), ((4, 6), ((6, 1), (6, 6))), ((4, 6), ((6, 1),)), ((3, 5), ((6, 1),)), ((3, 1), ((1, 1), (1, 6), (6, 6))), ((3, 1), ((1, 1), (6, 6))), ((5, 1), ((1, 1),)), ((4, 5), ((6, 1), (6, 6))), ((4, 1), ((1, 1), (1, 6))), ((4, 3), ((1, 6), (6, 1))), ((4, 3), ((1, 6), (6, 1), (6, 6))), ((3, 6), ((6, 1), (6, 6))), ((3, 6), ((6, 1),)), ((2, 5), ((6, 1),)), ((4, 1), ((1, 1), (1, 6), (6, 6))), ((4, 1), ((1, 1), (6, 6))), ((6, 1), ((1, 1), (6, 1))), ((3, 5), ((6, 1), (6, 6))), ((5, 1), ((1, 1), (1, 6))), ((5, 3), ((1, 6), (6, 1))), ((5, 3), ((1, 6), (6, 1), (6, 6))), ((2, 6), ((6, 1), (6, 6))), ((2, 6), ((6, 1),)), ((1, 5), ((6, 1),))]",27,0,27
244,"((5, 1), ((1, 1), (6, 6)))","((4, 1), ((1, 1), (6, 6)))",East,"[((6, 1), ((1, 1), (6, 1), (6, 6))) via East]","[((5, 1), ((1, 1), (6, 6))), ((5, 1), ((1, 1), (6, 1))), ((2, 5), ((6, 1), (6, 6))), ((6, 1), ((1, 1), (1, 6), (6, 1))), ((6, 3), ((1, 6), (6, 1))), ((6, 3), ((1, 6), (6, 1), (6, 6))), ((1, 6), ((1, 6), (6, 1), (6, 6))), ((1, 6), ((1, 6), (6, 1))), ((1, 4), ((6, 1),)), ((6, 1), ((1, 1), (1, 6), (6, 1), (6, 6)))]","[((5, 1), ((1, 1), (6, 1))), ((2, 5), ((6, 1), (6, 6))), ((6, 1), ((1, 1), (1, 6), (6, 1))), ((6, 3), ((1, 6), (6, 1))), ((6, 3), ((1, 6), (6, 1), (6, 6))), ((1, 6), ((1, 6), (6, 1), (6, 6))), ((1, 6), ((1, 6), (6, 1))), ((1, 4), ((6, 1),)), ((6, 1), ((1, 1), (1, 6), (6, 1), (6, 6))), ((6, 1), ((1, 1), (6, 1), (6, 6)))]","[((4, 5), ()), ((4, 6), ()), ((5, 5), ()), ((3, 5), ()), ((5, 6), ()), ((3, 6), ()), ((6, 5), ()), ((2, 5), ()), ((6, 6), ((6, 6),)), ((2, 6), ()), ((6, 4), ()), ((1, 5), ()), ((6, 5), ((6, 6),)), ((5, 6), ((6, 6),)), ((1, 6), ((1, 6),)), ((6, 3), ()), ((1, 4), ()), ((6, 4), ((6, 6),)), ((5, 5), ((6, 6),)), ((4, 6), ((6, 6),)), ((1, 5), ((1, 6),)), ((2, 6), ((1, 6),)), ((5, 3), ()), ((1, 3), ()), ((6, 3), ((6, 6),)), ((4, 5), ((6, 6),)), ((3, 6), ((6, 6),)), ((1, 4), ((1, 6),)), ((2, 5), ((1, 6),)), ((3, 6), ((1, 6),)), ((4, 3), ()), ((1, 2), ()), ((5, 3), ((6, 6),)), ((3, 5), ((6, 6),)), ((2, 6), ((6, 6),)), ((1, 3), ((1, 6),)), ((3, 5), ((1, 6),)), ((4, 6), ((1, 6),)), ((3, 3), ()), ((1, 1), ((1, 1),)), ((4, 3), ((6, 6),)), ((2, 5), ((6, 6),)), ((1, 6), ((1, 6), (6, 6))), ((1, 2), ((1, 6),)), ((4, 5), ((1, 6),)), ((5, 6), ((1, 6),)), ((3, 2), ()), ((1, 2), ((1, 1),)), ((3, 3), ((6, 6),)), ((1, 5), ((6, 6),)), ((1, 5), ((1, 6), (6, 6))), ((2, 6), ((1, 6), (6, 6))), ((1, 1), ((1, 1), (1, 6))), ((5, 5), ((1, 6),)), ((6, 6), ((1, 6), (6, 6))), ((3, 1), ()), ((1, 3), ((1, 1),)), ((3, 2), ((6, 6),)), ((1, 4), ((6, 6),)), ((1, 4), ((1, 6), (6, 6))), ((2, 5), ((1, 6), (6, 6))), ((3, 6), ((1, 6), (6, 6))), ((1, 2), ((1, 1), (1, 6))), ((6, 5), ((1, 6),)), ((6, 5), ((1, 6), (6, 6))), ((5, 6), ((1, 6), (6, 6))), ((4, 1), ()), ((1, 4), ((1, 1),)), ((3, 1), ((6, 6),)), ((1, 3), ((6, 6),)), ((1, 3), ((1, 6), (6, 6))), ((3, 5), ((1, 6), (6, 6))), ((4, 6), ((1, 6), (6, 6))), ((1, 3), ((1, 1), (1, 6))), ((6, 4), ((1, 6),)), ((6, 4), ((1, 6), (6, 6))), ((5, 5), ((1, 6), (6, 6))), ((5, 1), ()), ((1, 5), ((1, 1),)), ((4, 1), ((6, 6),)), ((1, 2), ((6, 6),)), ((1, 2), ((1, 6), (6, 6))), ((4, 5), ((1, 6), (6, 6))), ((1, 4), ((1, 1), (1, 6))), ((6, 3), ((1, 6),)), ((6, 3), ((1, 6), (6, 6))), ((6, 1), ((6, 1),)), ((1, 6), ((1, 1), (1, 6))), ((2, 5), ((1, 1),)), ((5, 1), ((6, 6),)), ((1, 1), ((1, 1), (6, 6))), ((1, 1), ((1, 1), (1, 6), (6, 6))), ((1, 5), ((1, 1), (1, 6))), ((5, 3), ((1, 6),)), ((5, 3), ((1, 6), (6, 6))), ((5, 1), ((6, 1),)), ((2, 6), ((1, 1), (1, 6))), ((2, 6), ((1, 1),)), ((3, 5), ((1, 1),)), ((6, 1), ((6, 1), (6, 6))), ((1, 2), ((1, 1), (6, 6))), ((1, 2), ((1, 1), (1, 6), (6, 6))), ((2, 5), ((1, 1), (1, 6))), ((4, 3), ((1, 6),)), ((4, 3), ((1, 6), (6, 6))), ((4, 1), ((6, 1),)), ((3, 6), ((1, 1), (1, 6))), ((3, 6), ((1, 1),)), ((4, 5), ((1, 1),)), ((5, 1), ((6, 1), (6, 6))), ((1, 3), ((1, 1), (6, 6))), ((1, 3), ((1, 1), (1, 6), (6, 6))), ((3, 5), ((1, 1), (1, 6))), ((3, 3), ((1, 6),)), ((3, 3), ((1, 6), (6, 6))), ((3, 1), ((6, 1),)), ((4, 6), ((1, 1), (1, 6))), ((4, 6), ((1, 1),)), ((5, 5), ((1, 1),)), ((4, 1), ((6, 1), (6, 6))), ((1, 4), ((1, 1), (6, 6))), ((1, 4), ((1, 1), (1, 6), (6, 6))), ((4, 5), ((1, 1), (1, 6))), ((3, 2), ((1, 6),)), ((3, 2), ((1, 6), (6, 6))), ((3, 2), ((6, 1),)), ((5, 6), ((1, 1), (1, 6))), ((5, 6), ((1, 1),)), ((6, 5), ((1, 1),)), ((3, 1), ((6, 1), (6, 6))), ((1, 5), ((1, 1), (6, 6))), ((1, 5), ((1, 1), (1, 6), (6, 6))), ((5, 5), ((1, 1), (1, 6))), ((3, 1), ((1, 6),)), ((3, 1), ((1, 6), (6, 6))), ((3, 3), ((6, 1),)), ((6, 6), ((1, 1), (1, 6), (6, 6))), ((6, 6), ((1, 1), (6, 6))), ((6, 4), ((1, 1),)), ((3, 2), ((6, 1), (6, 6))), ((1, 6), ((1, 1), (1, 6), (6, 6))), ((2, 5), ((1, 1), (6, 6))), ((2, 5), ((1, 1), (1, 6), (6, 6))), ((6, 5), ((1, 1), (1, 6))), ((4, 1), ((1, 6),)), ((4, 1), ((1, 6), (6, 6))), ((4, 3), ((6, 1),)), ((6, 5), ((1, 1), (1, 6), (6, 6))), ((5, 6), ((1, 1), (1, 6), (6, 6))), ((6, 5), ((1, 1), (6, 6))), ((5, 6), ((1, 1), (6, 6))), ((6, 3), ((1, 1),)), ((3, 3), ((6, 1), (6, 6))), ((2, 6), ((1, 1), (1, 6), (6, 6))), ((2, 6), ((1, 1), (6, 6))), ((3, 5), ((1, 1), (6, 6))), ((3, 5), ((1, 1), (1, 6), (6, 6))), ((6, 4), ((1, 1), (1, 6))), ((5, 1), ((1, 6),)), ((5, 1), ((1, 6), (6, 6))), ((5, 3), ((6, 1),)), ((6, 4), ((1, 1), (1, 6), (6, 6))), ((5, 5), ((1, 1), (1, 6), (6, 6))), ((4, 6), ((1, 1), (1, 6), (6, 6))), ((6, 4), ((1, 1), (6, 6))), ((5, 5), ((1, 1), (6, 6))), ((4, 6), ((1, 1), (6, 6))), ((5, 3), ((1, 1),)), ((4, 3), ((6, 1), (6, 6))), ((3, 6), ((1, 1), (1, 6), (6, 6))), ((3, 6), ((1, 1), (6, 6))), ((4, 5), ((1, 1), (6, 6))), ((4, 5), ((1, 1), (1, 6), (6, 6))), ((6, 3), ((1, 1), (1, 6))), ((6, 1), ((1, 6), (6, 1))), ((6, 1), ((1, 6), (6, 1), (6, 6))), ((6, 3), ((6, 1),)), ((6, 3), ((1, 1), (1, 6), (6, 6))), ((6, 3), ((1, 1), (6, 6))), ((4, 3), ((1, 1),)), ((5, 3), ((6, 1), (6, 6))), ((5, 3), ((1, 1), (1, 6))), ((5, 1), ((1, 6), (6, 1))), ((5, 1), ((1, 6), (6, 1), (6, 6))), ((6, 4), ((6, 1),)), ((5, 3), ((1, 1), (1, 6), (6, 6))), ((5, 3), ((1, 1), (6, 6))), ((3, 3), ((1, 1),)), ((6, 3), ((6, 1), (6, 6))), ((4, 3), ((1, 1), (1, 6))), ((4, 1), ((1, 6), (6, 1))), ((4, 1), ((1, 6), (6, 1), (6, 6))), ((6, 5), ((6, 1),)), ((4, 3), ((1, 1), (1, 6), (6, 6))), ((4, 3), ((1, 1), (6, 6))), ((3, 2), ((1, 1),)), ((6, 4), ((6, 1), (6, 6))), ((3, 3), ((1, 1), (1, 6))), ((3, 1), ((1, 6), (6, 1))), ((3, 1), ((1, 6), (6, 1), (6, 6))), ((6, 6), ((6, 1), (6, 6))), ((5, 5), ((6, 1),)), ((3, 3), ((1, 1), (1, 6), (6, 6))), ((3, 3), ((1, 1), (6, 6))), ((3, 1), ((1, 1),)), ((6, 5), ((6, 1), (6, 6))), ((3, 2), ((1, 1), (1, 6))), ((3, 2), ((1, 6), (6, 1))), ((3, 2), ((1, 6), (6, 1), (6, 6))), ((5, 6), ((6, 1), (6, 6))), ((5, 6), ((6, 1),)), ((4, 5), ((6, 1),)), ((3, 2), ((1, 1), (1, 6), (6, 6))), ((3, 2), ((1, 1), (6, 6))), ((4, 1), ((1, 1),)), ((5, 5), ((6, 1), (6, 6))), ((3, 1), ((1, 1), (1, 6))), ((3, 3), ((1, 6), (6, 1))), ((3, 3), ((1, 6), (6, 1), (6, 6))), ((4, 6), ((6, 1), (6, 6))), ((4, 6), ((6, 1),)), ((3, 5), ((6, 1),)), ((3, 1), ((1, 1), (1, 6), (6, 6))), ((3, 1), ((1, 1), (6, 6))), ((5, 1), ((1, 1),)), ((4, 5), ((6, 1), (6, 6))), ((4, 1), ((1, 1), (1, 6))), ((4, 3), ((1, 6), (6, 1))), ((4, 3), ((1, 6), (6, 1), (6, 6))), ((3, 6), ((6, 1), (6, 6))), ((3, 6), ((6, 1),)), ((2, 5), ((6, 1),)), ((4, 1), ((1, 1), (1, 6), (6, 6))), ((4, 1), ((1, 1), (6, 6))), ((6, 1), ((1, 1), (6, 1))), ((3, 5), ((6, 1), (6, 6))), ((5, 1), ((1, 1), (1, 6))), ((5, 3), ((1, 6), (6, 1))), ((5, 3), ((1, 6), (6, 1), (6, 6))), ((2, 6), ((6, 1), (6, 6))), ((2, 6), ((6, 1),)), ((1, 5), ((6, 1),)), ((5, 1), ((1, 1), (1, 6), (6, 6)))]",27,0,27
245,"((5, 1), ((1, 1), (6, 1)))","((6, 1), ((1, 1), (6, 1)))",West,"[((4, 1), ((1, 1), (6, 1))) via West]","[((5, 1), ((1, 1), (6, 1))), ((2, 5), ((6, 1), (6, 6))), ((6, 1), ((1, 1), (1, 6), (6, 1))), ((6, 3), ((1, 6), (6, 1))), ((6, 3), ((1, 6), (6, 1), (6, 6))), ((1, 6), ((1, 6), (6, 1), (6, 6))), ((1, 6), ((1, 6), (6, 1))), ((1, 4), ((6, 1),)), ((6, 1), ((1, 1), (1, 6), (6, 1), (6, 6))), ((6, 1), ((1, 1), (6, 1), (6, 6)))]","[((2, 5), ((6, 1), (6, 6))), ((6, 1), ((1, 1), (1, 6), (6, 1))), ((6, 3), ((1, 6), (6, 1))), ((6, 3), ((1, 6), (6, 1), (6, 6))), ((1, 6), ((1, 6), (6, 1), (6, 6))), ((1, 6), ((1, 6), (6, 1))), ((1, 4), ((6, 1),)), ((6, 1), ((1, 1), (1, 6), (6, 1), (6, 6))), ((6, 1), ((1, 1), (6, 1), (6, 6))), ((4, 1), ((1, 1), (6, 1)))]","[((4, 5), ()), ((4, 6), ()), ((5, 5), ()), ((3, 5), ()), ((5, 6), ()), ((3, 6), ()), ((6, 5), ()), ((2, 5), ()), ((6, 6), ((6, 6),)), ((2, 6), ()), ((6, 4), ()), ((1, 5), ()), ((6, 5), ((6, 6),)), ((5, 6), ((6, 6),)), ((1, 6), ((1, 6),)), ((6, 3), ()), ((1, 4), ()), ((6, 4), ((6, 6),)), ((5, 5), ((6, 6),)), ((4, 6), ((6, 6),)), ((1, 5), ((1, 6),)), ((2, 6), ((1, 6),)), ((5, 3), ()), ((1, 3), ()), ((6, 3), ((6, 6),)), ((4, 5), ((6, 6),)), ((3, 6), ((6, 6),)), ((1, 4), ((1, 6),)), ((2, 5), ((1, 6),)), ((3, 6), ((1, 6),)), ((4, 3), ()), ((1, 2), ()), ((5, 3), ((6, 6),)), ((3, 5), ((6, 6),)), ((2, 6), ((6, 6),)), ((1, 3), ((1, 6),)), ((3, 5), ((1, 6),)), ((4, 6), ((1, 6),)), ((3, 3), ()), ((1, 1), ((1, 1),)), ((4, 3), ((6, 6),)), ((2, 5), ((6, 6),)), ((1, 6), ((1, 6), (6, 6))), ((1, 2), ((1, 6),)), ((4, 5), ((1, 6),)), ((5, 6), ((1, 6),)), ((3, 2), ()), ((1, 2), ((1, 1),)), ((3, 3), ((6, 6),)), ((1, 5), ((6, 6),)), ((1, 5), ((1, 6), (6, 6))), ((2, 6), ((1, 6), (6, 6))), ((1, 1), ((1, 1), (1, 6))), ((5, 5), ((1, 6),)), ((6, 6), ((1, 6), (6, 6))), ((3, 1), ()), ((1, 3), ((1, 1),)), ((3, 2), ((6, 6),)), ((1, 4), ((6, 6),)), ((1, 4), ((1, 6), (6, 6))), ((2, 5), ((1, 6), (6, 6))), ((3, 6), ((1, 6), (6, 6))), ((1, 2), ((1, 1), (1, 6))), ((6, 5), ((1, 6),)), ((6, 5), ((1, 6), (6, 6))), ((5, 6), ((1, 6), (6, 6))), ((4, 1), ()), ((1, 4), ((1, 1),)), ((3, 1), ((6, 6),)), ((1, 3), ((6, 6),)), ((1, 3), ((1, 6), (6, 6))), ((3, 5), ((1, 6), (6, 6))), ((4, 6), ((1, 6), (6, 6))), ((1, 3), ((1, 1), (1, 6))), ((6, 4), ((1, 6),)), ((6, 4), ((1, 6), (6, 6))), ((5, 5), ((1, 6), (6, 6))), ((5, 1), ()), ((1, 5), ((1, 1),)), ((4, 1), ((6, 6),)), ((1, 2), ((6, 6),)), ((1, 2), ((1, 6), (6, 6))), ((4, 5), ((1, 6), (6, 6))), ((1, 4), ((1, 1), (1, 6))), ((6, 3), ((1, 6),)), ((6, 3), ((1, 6), (6, 6))), ((6, 1), ((6, 1),)), ((1, 6), ((1, 1), (1, 6))), ((2, 5), ((1, 1),)), ((5, 1), ((6, 6),)), ((1, 1), ((1, 1), (6, 6))), ((1, 1), ((1, 1), (1, 6), (6, 6))), ((1, 5), ((1, 1), (1, 6))), ((5, 3), ((1, 6),)), ((5, 3), ((1, 6), (6, 6))), ((5, 1), ((6, 1),)), ((2, 6), ((1, 1), (1, 6))), ((2, 6), ((1, 1),)), ((3, 5), ((1, 1),)), ((6, 1), ((6, 1), (6, 6))), ((1, 2), ((1, 1), (6, 6))), ((1, 2), ((1, 1), (1, 6), (6, 6))), ((2, 5), ((1, 1), (1, 6))), ((4, 3), ((1, 6),)), ((4, 3), ((1, 6), (6, 6))), ((4, 1), ((6, 1),)), ((3, 6), ((1, 1), (1, 6))), ((3, 6), ((1, 1),)), ((4, 5), ((1, 1),)), ((5, 1), ((6, 1), (6, 6))), ((1, 3), ((1, 1), (6, 6))), ((1, 3), ((1, 1), (1, 6), (6, 6))), ((3, 5), ((1, 1), (1, 6))), ((3, 3), ((1, 6),)), ((3, 3), ((1, 6), (6, 6))), ((3, 1), ((6, 1),)), ((4, 6), ((1, 1), (1, 6))), ((4, 6), ((1, 1),)), ((5, 5), ((1, 1),)), ((4, 1), ((6, 1), (6, 6))), ((1, 4), ((1, 1), (6, 6))), ((1, 4), ((1, 1), (1, 6), (6, 6))), ((4, 5), ((1, 1), (1, 6))), ((3, 2), ((1, 6),)), ((3, 2), ((1, 6), (6, 6))), ((3, 2), ((6, 1),)), ((5, 6), ((1, 1), (1, 6))), ((5, 6), ((1, 1),)), ((6, 5), ((1, 1),)), ((3, 1), ((6, 1), (6, 6))), ((1, 5), ((1, 1), (6, 6))), ((1, 5), ((1, 1), (1, 6), (6, 6))), ((5, 5), ((1, 1), (1, 6))), ((3, 1), ((1, 6),)), ((3, 1), ((1, 6), (6, 6))), ((3, 3), ((6, 1),)), ((6, 6), ((1, 1), (1, 6), (6, 6))), ((6, 6), ((1, 1), (6, 6))), ((6, 4), ((1, 1),)), ((3, 2), ((6, 1), (6, 6))), ((1, 6), ((1, 1), (1, 6), (6, 6))), ((2, 5), ((1, 1), (6, 6))), ((2, 5), ((1, 1), (1, 6), (6, 6))), ((6, 5), ((1, 1), (1, 6))), ((4, 1), ((1, 6),)), ((4, 1), ((1, 6), (6, 6))), ((4, 3), ((6, 1),)), ((6, 5), ((1, 1), (1, 6), (6, 6))), ((5, 6), ((1, 1), (1, 6), (6, 6))), ((6, 5), ((1, 1), (6, 6))), ((5, 6), ((1, 1), (6, 6))), ((6, 3), ((1, 1),)), ((3, 3), ((6, 1), (6, 6))), ((2, 6), ((1, 1), (1, 6), (6, 6))), ((2, 6), ((1, 1), (6, 6))), ((3, 5), ((1, 1), (6, 6))), ((3, 5), ((1, 1), (1, 6), (6, 6))), ((6, 4), ((1, 1), (1, 6))), ((5, 1), ((1, 6),)), ((5, 1), ((1, 6), (6, 6))), ((5, 3), ((6, 1),)), ((6, 4), ((1, 1), (1, 6), (6, 6))), ((5, 5), ((1, 1), (1, 6), (6, 6))), ((4, 6), ((1, 1), (1, 6), (6, 6))), ((6, 4), ((1, 1), (6, 6))), ((5, 5), ((1, 1), (6, 6))), ((4, 6), ((1, 1), (6, 6))), ((5, 3), ((1, 1),)), ((4, 3), ((6, 1), (6, 6))), ((3, 6), ((1, 1), (1, 6), (6, 6))), ((3, 6), ((1, 1), (6, 6))), ((4, 5), ((1, 1), (6, 6))), ((4, 5), ((1, 1), (1, 6), (6, 6))), ((6, 3), ((1, 1), (1, 6))), ((6, 1), ((1, 6), (6, 1))), ((6, 1), ((1, 6), (6, 1), (6, 6))), ((6, 3), ((6, 1),)), ((6, 3), ((1, 1), (1, 6), (6, 6))), ((6, 3), ((1, 1), (6, 6))), ((4, 3), ((1, 1),)), ((5, 3), ((6, 1), (6, 6))), ((5, 3), ((1, 1), (1, 6))), ((5, 1), ((1, 6), (6, 1))), ((5, 1), ((1, 6), (6, 1), (6, 6))), ((6, 4), ((6, 1),)), ((5, 3), ((1, 1), (1, 6), (6, 6))), ((5, 3), ((1, 1), (6, 6))), ((3, 3), ((1, 1),)), ((6, 3), ((6, 1), (6, 6))), ((4, 3), ((1, 1), (1, 6))), ((4, 1), ((1, 6), (6, 1))), ((4, 1), ((1, 6), (6, 1), (6, 6))), ((6, 5), ((6, 1),)), ((4, 3), ((1, 1), (1, 6), (6, 6))), ((4, 3), ((1, 1), (6, 6))), ((3, 2), ((1, 1),)), ((6, 4), ((6, 1), (6, 6))), ((3, 3), ((1, 1), (1, 6))), ((3, 1), ((1, 6), (6, 1))), ((3, 1), ((1, 6), (6, 1), (6, 6))), ((6, 6), ((6, 1), (6, 6))), ((5, 5), ((6, 1),)), ((3, 3), ((1, 1), (1, 6), (6, 6))), ((3, 3), ((1, 1), (6, 6))), ((3, 1), ((1, 1),)), ((6, 5), ((6, 1), (6, 6))), ((3, 2), ((1, 1), (1, 6))), ((3, 2), ((1, 6), (6, 1))), ((3, 2), ((1, 6), (6, 1), (6, 6))), ((5, 6), ((6, 1), (6, 6))), ((5, 6), ((6, 1),)), ((4, 5), ((6, 1),)), ((3, 2), ((1, 1), (1, 6), (6, 6))), ((3, 2), ((1, 1), (6, 6))), ((4, 1), ((1, 1),)), ((5, 5), ((6, 1), (6, 6))), ((3, 1), ((1, 1), (1, 6))), ((3, 3), ((1, 6), (6, 1))), ((3, 3), ((1, 6), (6, 1), (6, 6))), ((4, 6), ((6, 1), (6, 6))), ((4, 6), ((6, 1),)), ((3, 5), ((6, 1),)), ((3, 1), ((1, 1), (1, 6), (6, 6))), ((3, 1), ((1, 1), (6, 6))), ((5, 1), ((1, 1),)), ((4, 5), ((6, 1), (6, 6))), ((4, 1), ((1, 1), (1, 6))), ((4, 3), ((1, 6), (6, 1))), ((4, 3), ((1, 6), (6, 1), (6, 6))), ((3, 6), ((6, 1), (6, 6))), ((3, 6), ((6, 1),)), ((2, 5), ((6, 1),)), ((4, 1), ((1, 1), (1, 6), (6, 6))), ((4, 1), ((1, 1), (6, 6))), ((6, 1), ((1, 1), (6, 1))), ((3, 5), ((6, 1), (6, 6))), ((5, 1), ((1, 1), (1, 6))), ((5, 3), ((1, 6), (6, 1))), ((5, 3), ((1, 6), (6, 1), (6, 6))), ((2, 6), ((6, 1), (6, 6))), ((2, 6), ((6, 1),)), ((1, 5), ((6, 1),)), ((5, 1), ((1, 1), (1, 6), (6, 6))), ((5, 1), ((1, 1), (6, 6)))]",27,0,27
246,"((2, 5), ((6, 1), (6, 6)))","((3, 5), ((6, 1), (6, 6)))",West,"[((1, 5), ((6, 1), (6, 6))) via West]","[((2, 5), ((6, 1), (6, 6))), ((6, 1), ((1, 1), (1, 6), (6, 1))), ((6, 3), ((1, 6), (6, 1))), ((6, 3), ((1, 6), (6, 1), (6, 6))), ((1, 6), ((1, 6), (6, 1), (6, 6))), ((1, 6), ((1, 6), (6, 1))), ((1, 4), ((6, 1),)), ((6, 1), ((1, 1), (1, 6), (6, 1), (6, 6))), ((6, 1), ((1, 1), (6, 1), (6, 6))), ((4, 1), ((1, 1), (6, 1)))]","[((6, 1), ((1, 1), (1, 6), (6, 1))), ((6, 3), ((1, 6), (6, 1))), ((6, 3), ((1, 6), (6, 1), (6, 6))), ((1, 6), ((1, 6), (6, 1), (6, 6))), ((1, 6), ((1, 6), (6, 1))), ((1, 4), ((6, 1),)), ((6, 1), ((1, 1), (1, 6), (6, 1), (6, 6))), ((6, 1), ((1, 1), (6, 1), (6, 6))), ((4, 1), ((1, 1), (6, 1))), ((1, 5), ((6, 1), (6, 6)))]","[((4, 5), ()), ((4, 6), ()), ((5, 5), ()), ((3, 5), ()), ((5, 6), ()), ((3, 6), ()), ((6, 5), ()), ((2, 5), ()), ((6, 6), ((6, 6),)), ((2, 6), ()), ((6, 4), ()), ((1, 5), ()), ((6, 5), ((6, 6),)), ((5, 6), ((6, 6),)), ((1, 6), ((1, 6),)), ((6, 3), ()), ((1, 4), ()), ((6, 4), ((6, 6),)), ((5, 5), ((6, 6),)), ((4, 6), ((6, 6),)), ((1, 5), ((1, 6),)), ((2, 6), ((1, 6),)), ((5, 3), ()), ((1, 3), ()), ((6, 3), ((6, 6),)), ((4, 5), ((6, 6),)), ((3, 6), ((6, 6),)), ((1, 4), ((1, 6),)), ((2, 5), ((1, 6),)), ((3, 6), ((1, 6),)), ((4, 3), ()), ((1, 2), ()), ((5, 3), ((6, 6),)), ((3, 5), ((6, 6),)), ((2, 6), ((6, 6),)), ((1, 3), ((1, 6),)), ((3, 5), ((1, 6),)), ((4, 6), ((1, 6),)), ((3, 3), ()), ((1, 1), ((1, 1),)), ((4, 3), ((6, 6),)), ((2, 5), ((6, 6),)), ((1, 6), ((1, 6), (6, 6))), ((1, 2), ((1, 6),)), ((4, 5), ((1, 6),)), ((5, 6), ((1, 6),)), ((3, 2), ()), ((1, 2), ((1, 1),)), ((3, 3), ((6, 6),)), ((1, 5), ((6, 6),)), ((1, 5), ((1, 6), (6, 6))), ((2, 6), ((1, 6), (6, 6))), ((1, 1), ((1, 1), (1, 6))), ((5, 5), ((1, 6),)), ((6, 6), ((1, 6), (6, 6))), ((3, 1), ()), ((1, 3), ((1, 1),)), ((3, 2), ((6, 6),)), ((1, 4), ((6, 6),)), ((1, 4), ((1, 6), (6, 6))), ((2, 5), ((1, 6), (6, 6))), ((3, 6), ((1, 6), (6, 6))), ((1, 2), ((1, 1), (1, 6))), ((6, 5), ((1, 6),)), ((6, 5), ((1, 6), (6, 6))), ((5, 6), ((1, 6), (6, 6))), ((4, 1), ()), ((1, 4), ((1, 1),)), ((3, 1), ((6, 6),)), ((1, 3), ((6, 6),)), ((1, 3), ((1, 6), (6, 6))), ((3, 5), ((1, 6), (6, 6))), ((4, 6), ((1, 6), (6, 6))), ((1, 3), ((1, 1), (1, 6))), ((6, 4), ((1, 6),)), ((6, 4), ((1, 6), (6, 6))), ((5, 5), ((1, 6), (6, 6))), ((5, 1), ()), ((1, 5), ((1, 1),)), ((4, 1), ((6, 6),)), ((1, 2), ((6, 6),)), ((1, 2), ((1, 6), (6, 6))), ((4, 5), ((1, 6), (6, 6))), ((1, 4), ((1, 1), (1, 6))), ((6, 3), ((1, 6),)), ((6, 3), ((1, 6), (6, 6))), ((6, 1), ((6, 1),)), ((1, 6), ((1, 1), (1, 6))), ((2, 5), ((1, 1),)), ((5, 1), ((6, 6),)), ((1, 1), ((1, 1), (6, 6))), ((1, 1), ((1, 1), (1, 6), (6, 6))), ((1, 5), ((1, 1), (1, 6))), ((5, 3), ((1, 6),)), ((5, 3), ((1, 6), (6, 6))), ((5, 1), ((6, 1),)), ((2, 6), ((1, 1), (1, 6))), ((2, 6), ((1, 1),)), ((3, 5), ((1, 1),)), ((6, 1), ((6, 1), (6, 6))), ((1, 2), ((1, 1), (6, 6))), ((1, 2), ((1, 1), (1, 6), (6, 6))), ((2, 5), ((1, 1), (1, 6))), ((4, 3), ((1, 6),)), ((4, 3), ((1, 6), (6, 6))), ((4, 1), ((6, 1),)), ((3, 6), ((1, 1), (1, 6))), ((3, 6), ((1, 1),)), ((4, 5), ((1, 1),)), ((5, 1), ((6, 1), (6, 6))), ((1, 3), ((1, 1), (6, 6))), ((1, 3), ((1, 1), (1, 6), (6, 6))), ((3, 5), ((1, 1), (1, 6))), ((3, 3), ((1, 6),)), ((3, 3), ((1, 6), (6, 6))), ((3, 1), ((6, 1),)), ((4, 6), ((1, 1), (1, 6))), ((4, 6), ((1, 1),)), ((5, 5), ((1, 1),)), ((4, 1), ((6, 1), (6, 6))), ((1, 4), ((1, 1), (6, 6))), ((1, 4), ((1, 1), (1, 6), (6, 6))), ((4, 5), ((1, 1), (1, 6))), ((3, 2), ((1, 6),)), ((3, 2), ((1, 6), (6, 6))), ((3, 2), ((6, 1),)), ((5, 6), ((1, 1), (1, 6))), ((5, 6), ((1, 1),)), ((6, 5), ((1, 1),)), ((3, 1), ((6, 1), (6, 6))), ((1, 5), ((1, 1), (6, 6))), ((1, 5), ((1, 1), (1, 6), (6, 6))), ((5, 5), ((1, 1), (1, 6))), ((3, 1), ((1, 6),)), ((3, 1), ((1, 6), (6, 6))), ((3, 3), ((6, 1),)), ((6, 6), ((1, 1), (1, 6), (6, 6))), ((6, 6), ((1, 1), (6, 6))), ((6, 4), ((1, 1),)), ((3, 2), ((6, 1), (6, 6))), ((1, 6), ((1, 1), (1, 6), (6, 6))), ((2, 5), ((1, 1), (6, 6))), ((2, 5), ((1, 1), (1, 6), (6, 6))), ((6, 5), ((1, 1), (1, 6))), ((4, 1), ((1, 6),)), ((4, 1), ((1, 6), (6, 6))), ((4, 3), ((6, 1),)), ((6, 5), ((1, 1), (1, 6), (6, 6))), ((5, 6), ((1, 1), (1, 6), (6, 6))), ((6, 5), ((1, 1), (6, 6))), ((5, 6), ((1, 1), (6, 6))), ((6, 3), ((1, 1),)), ((3, 3), ((6, 1), (6, 6))), ((2, 6), ((1, 1), (1, 6), (6, 6))), ((2, 6), ((1, 1), (6, 6))), ((3, 5), ((1, 1), (6, 6))), ((3, 5), ((1, 1), (1, 6), (6, 6))), ((6, 4), ((1, 1), (1, 6))), ((5, 1), ((1, 6),)), ((5, 1), ((1, 6), (6, 6))), ((5, 3), ((6, 1),)), ((6, 4), ((1, 1), (1, 6), (6, 6))), ((5, 5), ((1, 1), (1, 6), (6, 6))), ((4, 6), ((1, 1), (1, 6), (6, 6))), ((6, 4), ((1, 1), (6, 6))), ((5, 5), ((1, 1), (6, 6))), ((4, 6), ((1, 1), (6, 6))), ((5, 3), ((1, 1),)), ((4, 3), ((6, 1), (6, 6))), ((3, 6), ((1, 1), (1, 6), (6, 6))), ((3, 6), ((1, 1), (6, 6))), ((4, 5), ((1, 1), (6, 6))), ((4, 5), ((1, 1), (1, 6), (6, 6))), ((6, 3), ((1, 1), (1, 6))), ((6, 1), ((1, 6), (6, 1))), ((6, 1), ((1, 6), (6, 1), (6, 6))), ((6, 3), ((6, 1),)), ((6, 3), ((1, 1), (1, 6), (6, 6))), ((6, 3), ((1, 1), (6, 6))), ((4, 3), ((1, 1),)), ((5, 3), ((6, 1), (6, 6))), ((5, 3), ((1, 1), (1, 6))), ((5, 1), ((1, 6), (6, 1))), ((5, 1), ((1, 6), (6, 1), (6, 6))), ((6, 4), ((6, 1),)), ((5, 3), ((1, 1), (1, 6), (6, 6))), ((5, 3), ((1, 1), (6, 6))), ((3, 3), ((1, 1),)), ((6, 3), ((6, 1), (6, 6))), ((4, 3), ((1, 1), (1, 6))), ((4, 1), ((1, 6), (6, 1))), ((4, 1), ((1, 6), (6, 1), (6, 6))), ((6, 5), ((6, 1),)), ((4, 3), ((1, 1), (1, 6), (6, 6))), ((4, 3), ((1, 1), (6, 6))), ((3, 2), ((1, 1),)), ((6, 4), ((6, 1), (6, 6))), ((3, 3), ((1, 1), (1, 6))), ((3, 1), ((1, 6), (6, 1))), ((3, 1), ((1, 6), (6, 1), (6, 6))), ((6, 6), ((6, 1), (6, 6))), ((5, 5), ((6, 1),)), ((3, 3), ((1, 1), (1, 6), (6, 6))), ((3, 3), ((1, 1), (6, 6))), ((3, 1), ((1, 1),)), ((6, 5), ((6, 1), (6, 6))), ((3, 2), ((1, 1), (1, 6))), ((3, 2), ((1, 6), (6, 1))), ((3, 2), ((1, 6), (6, 1), (6, 6))), ((5, 6), ((6, 1), (6, 6))), ((5, 6), ((6, 1),)), ((4, 5), ((6, 1),)), ((3, 2), ((1, 1), (1, 6), (6, 6))), ((3, 2), ((1, 1), (6, 6))), ((4, 1), ((1, 1),)), ((5, 5), ((6, 1), (6, 6))), ((3, 1), ((1, 1), (1, 6))), ((3, 3), ((1, 6), (6, 1))), ((3, 3), ((1, 6), (6, 1), (6, 6))), ((4, 6), ((6, 1), (6, 6))), ((4, 6), ((6, 1),)), ((3, 5), ((6, 1),)), ((3, 1), ((1, 1), (1, 6), (6, 6))), ((3, 1), ((1, 1), (6, 6))), ((5, 1), ((1, 1),)), ((4, 5), ((6, 1), (6, 6))), ((4, 1), ((1, 1), (1, 6))), ((4, 3), ((1, 6), (6, 1))), ((4, 3), ((1, 6), (6, 1), (6, 6))), ((3, 6), ((6, 1), (6, 6))), ((3, 6), ((6, 1),)), ((2, 5), ((6, 1),)), ((4, 1), ((1, 1), (1, 6), (6, 6))), ((4, 1), ((1, 1), (6, 6))), ((6, 1), ((1, 1), (6, 1))), ((3, 5), ((6, 1), (6, 6))), ((5, 1), ((1, 1), (1, 6))), ((5, 3), ((1, 6), (6, 1))), ((5, 3), ((1, 6), (6, 1), (6, 6))), ((2, 6), ((6, 1), (6, 6))), ((2, 6), ((6, 1),)), ((1, 5), ((6, 1),)), ((5, 1), ((1, 1), (1, 6), (6, 6))), ((5, 1), ((1, 1), (6, 6))), ((5, 1), ((1, 1), (6, 1)))]",28,0,28
247,"((6, 1), ((1, 1), (1, 6), (6, 1)))","((5, 1), ((1, 1), (1, 6)))",East,"[((5, 1), ((1, 1), (1, 6), (6, 1))) via West]","[((6, 1), ((1, 1), (1, 6), (6, 1))), ((6, 3), ((1, 6), (6, 1))), ((6, 3), ((1, 6), (6, 1), (6, 6))), ((1, 6), ((1, 6), (6, 1), (6, 6))), ((1, 6), ((1, 6), (6, 1))), ((1, 4), ((6, 1),)), ((6, 1), ((1, 1), (1, 6), (6, 1), (6, 6))), ((6, 1), ((1, 1), (6, 1), (6, 6))), ((4, 1), ((1, 1), (6, 1))), ((1, 5), ((6, 1), (6, 6)))]","[((6, 3), ((1, 6), (6, 1))), ((6, 3), ((1, 6), (6, 1), (6, 6))), ((1, 6), ((1, 6), (6, 1), (6, 6))), ((1, 6), ((1, 6), (6, 1))), ((1, 4), ((6, 1),)), ((6, 1), ((1, 1), (1, 6), (6, 1), (6, 6))), ((6, 1), ((1, 1), (6, 1), (6, 6))), ((4, 1), ((1, 1), (6, 1))), ((1, 5), ((6, 1), (6, 6))), ((5, 1), ((1, 1), (1, 6), (6, 1)))]","[((4, 5), ()), ((4, 6), ()), ((5, 5), ()), ((3, 5), ()), ((5, 6), ()), ((3, 6), ()), ((6, 5), ()), ((2, 5), ()), ((6, 6), ((6, 6),)), ((2, 6), ()), ((6, 4), ()), ((1, 5), ()), ((6, 5), ((6, 6),)), ((5, 6), ((6, 6),)), ((1, 6), ((1, 6),)), ((6, 3), ()), ((1, 4), ()), ((6, 4), ((6, 6),)), ((5, 5), ((6, 6),)), ((4, 6), ((6, 6),)), ((1, 5), ((1, 6),)), ((2, 6), ((1, 6),)), ((5, 3), ()), ((1, 3), ()), ((6, 3), ((6, 6),)), ((4, 5), ((6, 6),)), ((3, 6), ((6, 6),)), ((1, 4), ((1, 6),)), ((2, 5), ((1, 6),)), ((3, 6), ((1, 6),)), ((4, 3), ()), ((1, 2), ()), ((5, 3), ((6, 6),)), ((3, 5), ((6, 6),)), ((2, 6), ((6, 6),)), ((1, 3), ((1, 6),)), ((3, 5), ((1, 6),)), ((4, 6), ((1, 6),)), ((3, 3), ()), ((1, 1), ((1, 1),)), ((4, 3), ((6, 6),)), ((2, 5), ((6, 6),)), ((1, 6), ((1, 6), (6, 6))), ((1, 2), ((1, 6),)), ((4, 5), ((1, 6),)), ((5, 6), ((1, 6),)), ((3, 2), ()), ((1, 2), ((1, 1),)), ((3, 3), ((6, 6),)), ((1, 5), ((6, 6),)), ((1, 5), ((1, 6), (6, 6))), ((2, 6), ((1, 6), (6, 6))), ((1, 1), ((1, 1), (1, 6))), ((5, 5), ((1, 6),)), ((6, 6), ((1, 6), (6, 6))), ((3, 1), ()), ((1, 3), ((1, 1),)), ((3, 2), ((6, 6),)), ((1, 4), ((6, 6),)), ((1, 4), ((1, 6), (6, 6))), ((2, 5), ((1, 6), (6, 6))), ((3, 6), ((1, 6), (6, 6))), ((1, 2), ((1, 1), (1, 6))), ((6, 5), ((1, 6),)), ((6, 5), ((1, 6), (6, 6))), ((5, 6), ((1, 6), (6, 6))), ((4, 1), ()), ((1, 4), ((1, 1),)), ((3, 1), ((6, 6),)), ((1, 3), ((6, 6),)), ((1, 3), ((1, 6), (6, 6))), ((3, 5), ((1, 6), (6, 6))), ((4, 6), ((1, 6), (6, 6))), ((1, 3), ((1, 1), (1, 6))), ((6, 4), ((1, 6),)), ((6, 4), ((1, 6), (6, 6))), ((5, 5), ((1, 6), (6, 6))), ((5, 1), ()), ((1, 5), ((1, 1),)), ((4, 1), ((6, 6),)), ((1, 2), ((6, 6),)), ((1, 2), ((1, 6), (6, 6))), ((4, 5), ((1, 6), (6, 6))), ((1, 4), ((1, 1), (1, 6))), ((6, 3), ((1, 6),)), ((6, 3), ((1, 6), (6, 6))), ((6, 1), ((6, 1),)), ((1, 6), ((1, 1), (1, 6))), ((2, 5), ((1, 1),)), ((5, 1), ((6, 6),)), ((1, 1), ((1, 1), (6, 6))), ((1, 1), ((1, 1), (1, 6), (6, 6))), ((1, 5), ((1, 1), (1, 6))), ((5, 3), ((1, 6),)), ((5, 3), ((1, 6), (6, 6))), ((5, 1), ((6, 1),)), ((2, 6), ((1, 1), (1, 6))), ((2, 6), ((1, 1),)), ((3, 5), ((1, 1),)), ((6, 1), ((6, 1), (6, 6))), ((1, 2), ((1, 1), (6, 6))), ((1, 2), ((1, 1), (1, 6), (6, 6))), ((2, 5), ((1, 1), (1, 6))), ((4, 3), ((1, 6),)), ((4, 3), ((1, 6), (6, 6))), ((4, 1), ((6, 1),)), ((3, 6), ((1, 1), (1, 6))), ((3, 6), ((1, 1),)), ((4, 5), ((1, 1),)), ((5, 1), ((6, 1), (6, 6))), ((1, 3), ((1, 1), (6, 6))), ((1, 3), ((1, 1), (1, 6), (6, 6))), ((3, 5), ((1, 1), (1, 6))), ((3, 3), ((1, 6),)), ((3, 3), ((1, 6), (6, 6))), ((3, 1), ((6, 1),)), ((4, 6), ((1, 1), (1, 6))), ((4, 6), ((1, 1),)), ((5, 5), ((1, 1),)), ((4, 1), ((6, 1), (6, 6))), ((1, 4), ((1, 1), (6, 6))), ((1, 4), ((1, 1), (1, 6), (6, 6))), ((4, 5), ((1, 1), (1, 6))), ((3, 2), ((1, 6),)), ((3, 2), ((1, 6), (6, 6))), ((3, 2), ((6, 1),)), ((5, 6), ((1, 1), (1, 6))), ((5, 6), ((1, 1),)), ((6, 5), ((1, 1),)), ((3, 1), ((6, 1), (6, 6))), ((1, 5), ((1, 1), (6, 6))), ((1, 5), ((1, 1), (1, 6), (6, 6))), ((5, 5), ((1, 1), (1, 6))), ((3, 1), ((1, 6),)), ((3, 1), ((1, 6), (6, 6))), ((3, 3), ((6, 1),)), ((6, 6), ((1, 1), (1, 6), (6, 6))), ((6, 6), ((1, 1), (6, 6))), ((6, 4), ((1, 1),)), ((3, 2), ((6, 1), (6, 6))), ((1, 6), ((1, 1), (1, 6), (6, 6))), ((2, 5), ((1, 1), (6, 6))), ((2, 5), ((1, 1), (1, 6), (6, 6))), ((6, 5), ((1, 1), (1, 6))), ((4, 1), ((1, 6),)), ((4, 1), ((1, 6), (6, 6))), ((4, 3), ((6, 1),)), ((6, 5), ((1, 1), (1, 6), (6, 6))), ((5, 6), ((1, 1), (1, 6), (6, 6))), ((6, 5), ((1, 1), (6, 6))), ((5, 6), ((1, 1), (6, 6))), ((6, 3), ((1, 1),)), ((3, 3), ((6, 1), (6, 6))), ((2, 6), ((1, 1), (1, 6), (6, 6))), ((2, 6), ((1, 1), (6, 6))), ((3, 5), ((1, 1), (6, 6))), ((3, 5), ((1, 1), (1, 6), (6, 6))), ((6, 4), ((1, 1), (1, 6))), ((5, 1), ((1, 6),)), ((5, 1), ((1, 6), (6, 6))), ((5, 3), ((6, 1),)), ((6, 4), ((1, 1), (1, 6), (6, 6))), ((5, 5), ((1, 1), (1, 6), (6, 6))), ((4, 6), ((1, 1), (1, 6), (6, 6))), ((6, 4), ((1, 1), (6, 6))), ((5, 5), ((1, 1), (6, 6))), ((4, 6), ((1, 1), (6, 6))), ((5, 3), ((1, 1),)), ((4, 3), ((6, 1), (6, 6))), ((3, 6), ((1, 1), (1, 6), (6, 6))), ((3, 6), ((1, 1), (6, 6))), ((4, 5), ((1, 1), (6, 6))), ((4, 5), ((1, 1), (1, 6), (6, 6))), ((6, 3), ((1, 1), (1, 6))), ((6, 1), ((1, 6), (6, 1))), ((6, 1), ((1, 6), (6, 1), (6, 6))), ((6, 3), ((6, 1),)), ((6, 3), ((1, 1), (1, 6), (6, 6))), ((6, 3), ((1, 1), (6, 6))), ((4, 3), ((1, 1),)), ((5, 3), ((6, 1), (6, 6))), ((5, 3), ((1, 1), (1, 6))), ((5, 1), ((1, 6), (6, 1))), ((5, 1), ((1, 6), (6, 1), (6, 6))), ((6, 4), ((6, 1),)), ((5, 3), ((1, 1), (1, 6), (6, 6))), ((5, 3), ((1, 1), (6, 6))), ((3, 3), ((1, 1),)), ((6, 3), ((6, 1), (6, 6))), ((4, 3), ((1, 1), (1, 6))), ((4, 1), ((1, 6), (6, 1))), ((4, 1), ((1, 6), (6, 1), (6, 6))), ((6, 5), ((6, 1),)), ((4, 3), ((1, 1), (1, 6), (6, 6))), ((4, 3), ((1, 1), (6, 6))), ((3, 2), ((1, 1),)), ((6, 4), ((6, 1), (6, 6))), ((3, 3), ((1, 1), (1, 6))), ((3, 1), ((1, 6), (6, 1))), ((3, 1), ((1, 6), (6, 1), (6, 6))), ((6, 6), ((6, 1), (6, 6))), ((5, 5), ((6, 1),)), ((3, 3), ((1, 1), (1, 6), (6, 6))), ((3, 3), ((1, 1), (6, 6))), ((3, 1), ((1, 1),)), ((6, 5), ((6, 1), (6, 6))), ((3, 2), ((1, 1), (1, 6))), ((3, 2), ((1, 6), (6, 1))), ((3, 2), ((1, 6), (6, 1), (6, 6))), ((5, 6), ((6, 1), (6, 6))), ((5, 6), ((6, 1),)), ((4, 5), ((6, 1),)), ((3, 2), ((1, 1), (1, 6), (6, 6))), ((3, 2), ((1, 1), (6, 6))), ((4, 1), ((1, 1),)), ((5, 5), ((6, 1), (6, 6))), ((3, 1), ((1, 1), (1, 6))), ((3, 3), ((1, 6), (6, 1))), ((3, 3), ((1, 6), (6, 1), (6, 6))), ((4, 6), ((6, 1), (6, 6))), ((4, 6), ((6, 1),)), ((3, 5), ((6, 1),)), ((3, 1), ((1, 1), (1, 6), (6, 6))), ((3, 1), ((1, 1), (6, 6))), ((5, 1), ((1, 1),)), ((4, 5), ((6, 1), (6, 6))), ((4, 1), ((1, 1), (1, 6))), ((4, 3), ((1, 6), (6, 1))), ((4, 3), ((1, 6), (6, 1), (6, 6))), ((3, 6), ((6, 1), (6, 6))), ((3, 6), ((6, 1),)), ((2, 5), ((6, 1),)), ((4, 1), ((1, 1), (1, 6), (6, 6))), ((4, 1), ((1, 1), (6, 6))), ((6, 1), ((1, 1), (6, 1))), ((3, 5), ((6, 1), (6, 6))), ((5, 1), ((1, 1), (1, 6))), ((5, 3), ((1, 6), (6, 1))), ((5, 3), ((1, 6), (6, 1), (6, 6))), ((2, 6), ((6, 1), (6, 6))), ((2, 6), ((6, 1),)), ((1, 5), ((6, 1),)), ((5, 1), ((1, 1), (1, 6), (6, 6))), ((5, 1), ((1, 1), (6, 6))), ((5, 1), ((1, 1), (6, 1))), ((2, 5), ((6, 1), (6, 6)))]",28,0,28
248,"((6, 3), ((1, 6), (6, 1)))","((5, 3), ((1, 6), (6, 1)))",East,"[((6, 4), ((1, 6), (6, 1))) via North]","[((6, 3), ((1, 6), (6, 1))), ((6, 3), ((1, 6), (6, 1), (6, 6))), ((1, 6), ((1, 6), (6, 1), (6, 6))), ((1, 6), ((1, 6), (6, 1))), ((1, 4), ((6, 1),)), ((6, 1), ((1, 1), (1, 6), (6, 1), (6, 6))), ((6, 1), ((1, 1), (6, 1), (6, 6))), ((4, 1), ((1, 1), (6, 1))), ((1, 5), ((6, 1), (6, 6))), ((5, 1), ((1, 1), (1, 6), (6, 1)))]","[((6, 3), ((1, 6), (6, 1), (6, 6))), ((1, 6), ((1, 6), (6, 1), (6, 6))), ((1, 6), ((1, 6), (6, 1))), ((1, 4), ((6, 1),)), ((6, 1), ((1, 1), (1, 6), (6, 1), (6, 6))), ((6, 1), ((1, 1), (6, 1), (6, 6))), ((4, 1), ((1, 1), (6, 1))), ((1, 5), ((6, 1), (6, 6))), ((5, 1), ((1, 1), (1, 6), (6, 1))), ((6, 4), ((1, 6), (6, 1)))]","[((4, 5), ()), ((4, 6), ()), ((5, 5), ()), ((3, 5), ()), ((5, 6), ()), ((3, 6), ()), ((6, 5), ()), ((2, 5), ()), ((6, 6), ((6, 6),)), ((2, 6), ()), ((6, 4), ()), ((1, 5), ()), ((6, 5), ((6, 6),)), ((5, 6), ((6, 6),)), ((1, 6), ((1, 6),)), ((6, 3), ()), ((1, 4), ()), ((6, 4), ((6, 6),)), ((5, 5), ((6, 6),)), ((4, 6), ((6, 6),)), ((1, 5), ((1, 6),)), ((2, 6), ((1, 6),)), ((5, 3), ()), ((1, 3), ()), ((6, 3), ((6, 6),)), ((4, 5), ((6, 6),)), ((3, 6), ((6, 6),)), ((1, 4), ((1, 6),)), ((2, 5), ((1, 6),)), ((3, 6), ((1, 6),)), ((4, 3), ()), ((1, 2), ()), ((5, 3), ((6, 6),)), ((3, 5), ((6, 6),)), ((2, 6), ((6, 6),)), ((1, 3), ((1, 6),)), ((3, 5), ((1, 6),)), ((4, 6), ((1, 6),)), ((3, 3), ()), ((1, 1), ((1, 1),)), ((4, 3), ((6, 6),)), ((2, 5), ((6, 6),)), ((1, 6), ((1, 6), (6, 6))), ((1, 2), ((1, 6),)), ((4, 5), ((1, 6),)), ((5, 6), ((1, 6),)), ((3, 2), ()), ((1, 2), ((1, 1),)), ((3, 3), ((6, 6),)), ((1, 5), ((6, 6),)), ((1, 5), ((1, 6), (6, 6))), ((2, 6), ((1, 6), (6, 6))), ((1, 1), ((1, 1), (1, 6))), ((5, 5), ((1, 6),)), ((6, 6), ((1, 6), (6, 6))), ((3, 1), ()), ((1, 3), ((1, 1),)), ((3, 2), ((6, 6),)), ((1, 4), ((6, 6),)), ((1, 4), ((1, 6), (6, 6))), ((2, 5), ((1, 6), (6, 6))), ((3, 6), ((1, 6), (6, 6))), ((1, 2), ((1, 1), (1, 6))), ((6, 5), ((1, 6),)), ((6, 5), ((1, 6), (6, 6))), ((5, 6), ((1, 6), (6, 6))), ((4, 1), ()), ((1, 4), ((1, 1),)), ((3, 1), ((6, 6),)), ((1, 3), ((6, 6),)), ((1, 3), ((1, 6), (6, 6))), ((3, 5), ((1, 6), (6, 6))), ((4, 6), ((1, 6), (6, 6))), ((1, 3), ((1, 1), (1, 6))), ((6, 4), ((1, 6),)), ((6, 4), ((1, 6), (6, 6))), ((5, 5), ((1, 6), (6, 6))), ((5, 1), ()), ((1, 5), ((1, 1),)), ((4, 1), ((6, 6),)), ((1, 2), ((6, 6),)), ((1, 2), ((1, 6), (6, 6))), ((4, 5), ((1, 6), (6, 6))), ((1, 4), ((1, 1), (1, 6))), ((6, 3), ((1, 6),)), ((6, 3), ((1, 6), (6, 6))), ((6, 1), ((6, 1),)), ((1, 6), ((1, 1), (1, 6))), ((2, 5), ((1, 1),)), ((5, 1), ((6, 6),)), ((1, 1), ((1, 1), (6, 6))), ((1, 1), ((1, 1), (1, 6), (6, 6))), ((1, 5), ((1, 1), (1, 6))), ((5, 3), ((1, 6),)), ((5, 3), ((1, 6), (6, 6))), ((5, 1), ((6, 1),)), ((2, 6), ((1, 1), (1, 6))), ((2, 6), ((1, 1),)), ((3, 5), ((1, 1),)), ((6, 1), ((6, 1), (6, 6))), ((1, 2), ((1, 1), (6, 6))), ((1, 2), ((1, 1), (1, 6), (6, 6))), ((2, 5), ((1, 1), (1, 6))), ((4, 3), ((1, 6),)), ((4, 3), ((1, 6), (6, 6))), ((4, 1), ((6, 1),)), ((3, 6), ((1, 1), (1, 6))), ((3, 6), ((1, 1),)), ((4, 5), ((1, 1),)), ((5, 1), ((6, 1), (6, 6))), ((1, 3), ((1, 1), (6, 6))), ((1, 3), ((1, 1), (1, 6), (6, 6))), ((3, 5), ((1, 1), (1, 6))), ((3, 3), ((1, 6),)), ((3, 3), ((1, 6), (6, 6))), ((3, 1), ((6, 1),)), ((4, 6), ((1, 1), (1, 6))), ((4, 6), ((1, 1),)), ((5, 5), ((1, 1),)), ((4, 1), ((6, 1), (6, 6))), ((1, 4), ((1, 1), (6, 6))), ((1, 4), ((1, 1), (1, 6), (6, 6))), ((4, 5), ((1, 1), (1, 6))), ((3, 2), ((1, 6),)), ((3, 2), ((1, 6), (6, 6))), ((3, 2), ((6, 1),)), ((5, 6), ((1, 1), (1, 6))), ((5, 6), ((1, 1),)), ((6, 5), ((1, 1),)), ((3, 1), ((6, 1), (6, 6))), ((1, 5), ((1, 1), (6, 6))), ((1, 5), ((1, 1), (1, 6), (6, 6))), ((5, 5), ((1, 1), (1, 6))), ((3, 1), ((1, 6),)), ((3, 1), ((1, 6), (6, 6))), ((3, 3), ((6, 1),)), ((6, 6), ((1, 1), (1, 6), (6, 6))), ((6, 6), ((1, 1), (6, 6))), ((6, 4), ((1, 1),)), ((3, 2), ((6, 1), (6, 6))), ((1, 6), ((1, 1), (1, 6), (6, 6))), ((2, 5), ((1, 1), (6, 6))), ((2, 5), ((1, 1), (1, 6), (6, 6))), ((6, 5), ((1, 1), (1, 6))), ((4, 1), ((1, 6),)), ((4, 1), ((1, 6), (6, 6))), ((4, 3), ((6, 1),)), ((6, 5), ((1, 1), (1, 6), (6, 6))), ((5, 6), ((1, 1), (1, 6), (6, 6))), ((6, 5), ((1, 1), (6, 6))), ((5, 6), ((1, 1), (6, 6))), ((6, 3), ((1, 1),)), ((3, 3), ((6, 1), (6, 6))), ((2, 6), ((1, 1), (1, 6), (6, 6))), ((2, 6), ((1, 1), (6, 6))), ((3, 5), ((1, 1), (6, 6))), ((3, 5), ((1, 1), (1, 6), (6, 6))), ((6, 4), ((1, 1), (1, 6))), ((5, 1), ((1, 6),)), ((5, 1), ((1, 6), (6, 6))), ((5, 3), ((6, 1),)), ((6, 4), ((1, 1), (1, 6), (6, 6))), ((5, 5), ((1, 1), (1, 6), (6, 6))), ((4, 6), ((1, 1), (1, 6), (6, 6))), ((6, 4), ((1, 1), (6, 6))), ((5, 5), ((1, 1), (6, 6))), ((4, 6), ((1, 1), (6, 6))), ((5, 3), ((1, 1),)), ((4, 3), ((6, 1), (6, 6))), ((3, 6), ((1, 1), (1, 6), (6, 6))), ((3, 6), ((1, 1), (6, 6))), ((4, 5), ((1, 1), (6, 6))), ((4, 5), ((1, 1), (1, 6), (6, 6))), ((6, 3), ((1, 1), (1, 6))), ((6, 1), ((1, 6), (6, 1))), ((6, 1), ((1, 6), (6, 1), (6, 6))), ((6, 3), ((6, 1),)), ((6, 3), ((1, 1), (1, 6), (6, 6))), ((6, 3), ((1, 1), (6, 6))), ((4, 3), ((1, 1),)), ((5, 3), ((6, 1), (6, 6))), ((5, 3), ((1, 1), (1, 6))), ((5, 1), ((1, 6), (6, 1))), ((5, 1), ((1, 6), (6, 1), (6, 6))), ((6, 4), ((6, 1),)), ((5, 3), ((1, 1), (1, 6), (6, 6))), ((5, 3), ((1, 1), (6, 6))), ((3, 3), ((1, 1),)), ((6, 3), ((6, 1), (6, 6))), ((4, 3), ((1, 1), (1, 6))), ((4, 1), ((1, 6), (6, 1))), ((4, 1), ((1, 6), (6, 1), (6, 6))), ((6, 5), ((6, 1),)), ((4, 3), ((1, 1), (1, 6), (6, 6))), ((4, 3), ((1, 1), (6, 6))), ((3, 2), ((1, 1),)), ((6, 4), ((6, 1), (6, 6))), ((3, 3), ((1, 1), (1, 6))), ((3, 1), ((1, 6), (6, 1))), ((3, 1), ((1, 6), (6, 1), (6, 6))), ((6, 6), ((6, 1), (6, 6))), ((5, 5), ((6, 1),)), ((3, 3), ((1, 1), (1, 6), (6, 6))), ((3, 3), ((1, 1), (6, 6))), ((3, 1), ((1, 1),)), ((6, 5), ((6, 1), (6, 6))), ((3, 2), ((1, 1), (1, 6))), ((3, 2), ((1, 6), (6, 1))), ((3, 2), ((1, 6), (6, 1), (6, 6))), ((5, 6), ((6, 1), (6, 6))), ((5, 6), ((6, 1),)), ((4, 5), ((6, 1),)), ((3, 2), ((1, 1), (1, 6), (6, 6))), ((3, 2), ((1, 1), (6, 6))), ((4, 1), ((1, 1),)), ((5, 5), ((6, 1), (6, 6))), ((3, 1), ((1, 1), (1, 6))), ((3, 3), ((1, 6), (6, 1))), ((3, 3), ((1, 6), (6, 1), (6, 6))), ((4, 6), ((6, 1), (6, 6))), ((4, 6), ((6, 1),)), ((3, 5), ((6, 1),)), ((3, 1), ((1, 1), (1, 6), (6, 6))), ((3, 1), ((1, 1), (6, 6))), ((5, 1), ((1, 1),)), ((4, 5), ((6, 1), (6, 6))), ((4, 1), ((1, 1), (1, 6))), ((4, 3), ((1, 6), (6, 1))), ((4, 3), ((1, 6), (6, 1), (6, 6))), ((3, 6), ((6, 1), (6, 6))), ((3, 6), ((6, 1),)), ((2, 5), ((6, 1),)), ((4, 1), ((1, 1), (1, 6), (6, 6))), ((4, 1), ((1, 1), (6, 6))), ((6, 1), ((1, 1), (6, 1))), ((3, 5), ((6, 1), (6, 6))), ((5, 1), ((1, 1), (1, 6))), ((5, 3), ((1, 6), (6, 1))), ((5, 3), ((1, 6), (6, 1), (6, 6))), ((2, 6), ((6, 1), (6, 6))), ((2, 6), ((6, 1),)), ((1, 5), ((6, 1),)), ((5, 1), ((1, 1), (1, 6), (6, 6))), ((5, 1), ((1, 1), (6, 6))), ((5, 1), ((1, 1), (6, 1))), ((2, 5), ((6, 1), (6, 6))), ((6, 1), ((1, 1), (1, 6), (6, 1)))]",28,0,28
249,"((6, 3), ((1, 6), (6, 1), (6, 6)))","((5, 3), ((1, 6), (6, 1), (6, 6)))",East,"[((6, 4), ((1, 6), (6, 1), (6, 6))) via North]","[((6, 3), ((1, 6), (6, 1), (6, 6))), ((1, 6), ((1, 6), (6, 1), (6, 6))), ((1, 6), ((1, 6), (6, 1))), ((1, 4), ((6, 1),)), ((6, 1), ((1, 1), (1, 6), (6, 1), (6, 6))), ((6, 1), ((1, 1), (6, 1), (6, 6))), ((4, 1), ((1, 1), (6, 1))), ((1, 5), ((6, 1), (6, 6))), ((5, 1), ((1, 1), (1, 6), (6, 1))), ((6, 4), ((1, 6), (6, 1)))]","[((1, 6), ((1, 6), (6, 1), (6, 6))), ((1, 6), ((1, 6), (6, 1))), ((1, 4), ((6, 1),)), ((6, 1), ((1, 1), (1, 6), (6, 1), (6, 6))), ((6, 1), ((1, 1), (6, 1), (6, 6))), ((4, 1), ((1, 1), (6, 1))), ((1, 5), ((6, 1), (6, 6))), ((5, 1), ((1, 1), (1, 6), (6, 1))), ((6, 4), ((1, 6), (6, 1))), ((6, 4), ((1, 6), (6, 1), (6, 6)))]","[((4, 5), ()), ((4, 6), ()), ((5, 5), ()), ((3, 5), ()), ((5, 6), ()), ((3, 6), ()), ((6, 5), ()), ((2, 5), ()), ((6, 6), ((6, 6),)), ((2, 6), ()), ((6, 4), ()), ((1, 5), ()), ((6, 5), ((6, 6),)), ((5, 6), ((6, 6),)), ((1, 6), ((1, 6),)), ((6, 3), ()), ((1, 4), ()), ((6, 4), ((6, 6),)), ((5, 5), ((6, 6),)), ((4, 6), ((6, 6),)), ((1, 5), ((1, 6),)), ((2, 6), ((1, 6),)), ((5, 3), ()), ((1, 3), ()), ((6, 3), ((6, 6),)), ((4, 5), ((6, 6),)), ((3, 6), ((6, 6),)), ((1, 4), ((1, 6),)), ((2, 5), ((1, 6),)), ((3, 6), ((1, 6),)), ((4, 3), ()), ((1, 2), ()), ((5, 3), ((6, 6),)), ((3, 5), ((6, 6),)), ((2, 6), ((6, 6),)), ((1, 3), ((1, 6),)), ((3, 5), ((1, 6),)), ((4, 6), ((1, 6),)), ((3, 3), ()), ((1, 1), ((1, 1),)), ((4, 3), ((6, 6),)), ((2, 5), ((6, 6),)), ((1, 6), ((1, 6), (6, 6))), ((1, 2), ((1, 6),)), ((4, 5), ((1, 6),)), ((5, 6), ((1, 6),)), ((3, 2), ()), ((1, 2), ((1, 1),)), ((3, 3), ((6, 6),)), ((1, 5), ((6, 6),)), ((1, 5), ((1, 6), (6, 6))), ((2, 6), ((1, 6), (6, 6))), ((1, 1), ((1, 1), (1, 6))), ((5, 5), ((1, 6),)), ((6, 6), ((1, 6), (6, 6))), ((3, 1), ()), ((1, 3), ((1, 1),)), ((3, 2), ((6, 6),)), ((1, 4), ((6, 6),)), ((1, 4), ((1, 6), (6, 6))), ((2, 5), ((1, 6), (6, 6))), ((3, 6), ((1, 6), (6, 6))), ((1, 2), ((1, 1), (1, 6))), ((6, 5), ((1, 6),)), ((6, 5), ((1, 6), (6, 6))), ((5, 6), ((1, 6), (6, 6))), ((4, 1), ()), ((1, 4), ((1, 1),)), ((3, 1), ((6, 6),)), ((1, 3), ((6, 6),)), ((1, 3), ((1, 6), (6, 6))), ((3, 5), ((1, 6), (6, 6))), ((4, 6), ((1, 6), (6, 6))), ((1, 3), ((1, 1), (1, 6))), ((6, 4), ((1, 6),)), ((6, 4), ((1, 6), (6, 6))), ((5, 5), ((1, 6), (6, 6))), ((5, 1), ()), ((1, 5), ((1, 1),)), ((4, 1), ((6, 6),)), ((1, 2), ((6, 6),)), ((1, 2), ((1, 6), (6, 6))), ((4, 5), ((1, 6), (6, 6))), ((1, 4), ((1, 1), (1, 6))), ((6, 3), ((1, 6),)), ((6, 3), ((1, 6), (6, 6))), ((6, 1), ((6, 1),)), ((1, 6), ((1, 1), (1, 6))), ((2, 5), ((1, 1),)), ((5, 1), ((6, 6),)), ((1, 1), ((1, 1), (6, 6))), ((1, 1), ((1, 1), (1, 6), (6, 6))), ((1, 5), ((1, 1), (1, 6))), ((5, 3), ((1, 6),)), ((5, 3), ((1, 6), (6, 6))), ((5, 1), ((6, 1),)), ((2, 6), ((1, 1), (1, 6))), ((2, 6), ((1, 1),)), ((3, 5), ((1, 1),)), ((6, 1), ((6, 1), (6, 6))), ((1, 2), ((1, 1), (6, 6))), ((1, 2), ((1, 1), (1, 6), (6, 6))), ((2, 5), ((1, 1), (1, 6))), ((4, 3), ((1, 6),)), ((4, 3), ((1, 6), (6, 6))), ((4, 1), ((6, 1),)), ((3, 6), ((1, 1), (1, 6))), ((3, 6), ((1, 1),)), ((4, 5), ((1, 1),)), ((5, 1), ((6, 1), (6, 6))), ((1, 3), ((1, 1), (6, 6))), ((1, 3), ((1, 1), (1, 6), (6, 6))), ((3, 5), ((1, 1), (1, 6))), ((3, 3), ((1, 6),)), ((3, 3), ((1, 6), (6, 6))), ((3, 1), ((6, 1),)), ((4, 6), ((1, 1), (1, 6))), ((4, 6), ((1, 1),)), ((5, 5), ((1, 1),)), ((4, 1), ((6, 1), (6, 6))), ((1, 4), ((1, 1), (6, 6))), ((1, 4), ((1, 1), (1, 6), (6, 6))), ((4, 5), ((1, 1), (1, 6))), ((3, 2), ((1, 6),)), ((3, 2), ((1, 6), (6, 6))), ((3, 2), ((6, 1),)), ((5, 6), ((1, 1), (1, 6))), ((5, 6), ((1, 1),)), ((6, 5), ((1, 1),)), ((3, 1), ((6, 1), (6, 6))), ((1, 5), ((1, 1), (6, 6))), ((1, 5), ((1, 1), (1, 6), (6, 6))), ((5, 5), ((1, 1), (1, 6))), ((3, 1), ((1, 6),)), ((3, 1), ((1, 6), (6, 6))), ((3, 3), ((6, 1),)), ((6, 6), ((1, 1), (1, 6), (6, 6))), ((6, 6), ((1, 1), (6, 6))), ((6, 4), ((1, 1),)), ((3, 2), ((6, 1), (6, 6))), ((1, 6), ((1, 1), (1, 6), (6, 6))), ((2, 5), ((1, 1), (6, 6))), ((2, 5), ((1, 1), (1, 6), (6, 6))), ((6, 5), ((1, 1), (1, 6))), ((4, 1), ((1, 6),)), ((4, 1), ((1, 6), (6, 6))), ((4, 3), ((6, 1),)), ((6, 5), ((1, 1), (1, 6), (6, 6))), ((5, 6), ((1, 1), (1, 6), (6, 6))), ((6, 5), ((1, 1), (6, 6))), ((5, 6), ((1, 1), (6, 6))), ((6, 3), ((1, 1),)), ((3, 3), ((6, 1), (6, 6))), ((2, 6), ((1, 1), (1, 6), (6, 6))), ((2, 6), ((1, 1), (6, 6))), ((3, 5), ((1, 1), (6, 6))), ((3, 5), ((1, 1), (1, 6), (6, 6))), ((6, 4), ((1, 1), (1, 6))), ((5, 1), ((1, 6),)), ((5, 1), ((1, 6), (6, 6))), ((5, 3), ((6, 1),)), ((6, 4), ((1, 1), (1, 6), (6, 6))), ((5, 5), ((1, 1), (1, 6), (6, 6))), ((4, 6), ((1, 1), (1, 6), (6, 6))), ((6, 4), ((1, 1), (6, 6))), ((5, 5), ((1, 1), (6, 6))), ((4, 6), ((1, 1), (6, 6))), ((5, 3), ((1, 1),)), ((4, 3), ((6, 1), (6, 6))), ((3, 6), ((1, 1), (1, 6), (6, 6))), ((3, 6), ((1, 1), (6, 6))), ((4, 5), ((1, 1), (6, 6))), ((4, 5), ((1, 1), (1, 6), (6, 6))), ((6, 3), ((1, 1), (1, 6))), ((6, 1), ((1, 6), (6, 1))), ((6, 1), ((1, 6), (6, 1), (6, 6))), ((6, 3), ((6, 1),)), ((6, 3), ((1, 1), (1, 6), (6, 6))), ((6, 3), ((1, 1), (6, 6))), ((4, 3), ((1, 1),)), ((5, 3), ((6, 1), (6, 6))), ((5, 3), ((1, 1), (1, 6))), ((5, 1), ((1, 6), (6, 1))), ((5, 1), ((1, 6), (6, 1), (6, 6))), ((6, 4), ((6, 1),)), ((5, 3), ((1, 1), (1, 6), (6, 6))), ((5, 3), ((1, 1), (6, 6))), ((3, 3), ((1, 1),)), ((6, 3), ((6, 1), (6, 6))), ((4, 3), ((1, 1), (1, 6))), ((4, 1), ((1, 6), (6, 1))), ((4, 1), ((1, 6), (6, 1), (6, 6))), ((6, 5), ((6, 1),)), ((4, 3), ((1, 1), (1, 6), (6, 6))), ((4, 3), ((1, 1), (6, 6))), ((3, 2), ((1, 1),)), ((6, 4), ((6, 1), (6, 6))), ((3, 3), ((1, 1), (1, 6))), ((3, 1), ((1, 6), (6, 1))), ((3, 1), ((1, 6), (6, 1), (6, 6))), ((6, 6), ((6, 1), (6, 6))), ((5, 5), ((6, 1),)), ((3, 3), ((1, 1), (1, 6), (6, 6))), ((3, 3), ((1, 1), (6, 6))), ((3, 1), ((1, 1),)), ((6, 5), ((6, 1), (6, 6))), ((3, 2), ((1, 1), (1, 6))), ((3, 2), ((1, 6), (6, 1))), ((3, 2), ((1, 6), (6, 1), (6, 6))), ((5, 6), ((6, 1), (6, 6))), ((5, 6), ((6, 1),)), ((4, 5), ((6, 1),)), ((3, 2), ((1, 1), (1, 6), (6, 6))), ((3, 2), ((1, 1), (6, 6))), ((4, 1), ((1, 1),)), ((5, 5), ((6, 1), (6, 6))), ((3, 1), ((1, 1), (1, 6))), ((3, 3), ((1, 6), (6, 1))), ((3, 3), ((1, 6), (6, 1), (6, 6))), ((4, 6), ((6, 1), (6, 6))), ((4, 6), ((6, 1),)), ((3, 5), ((6, 1),)), ((3, 1), ((1, 1), (1, 6), (6, 6))), ((3, 1), ((1, 1), (6, 6))), ((5, 1), ((1, 1),)), ((4, 5), ((6, 1), (6, 6))), ((4, 1), ((1, 1), (1, 6))), ((4, 3), ((1, 6), (6, 1))), ((4, 3), ((1, 6), (6, 1), (6, 6))), ((3, 6), ((6, 1), (6, 6))), ((3, 6), ((6, 1),)), ((2, 5), ((6, 1),)), ((4, 1), ((1, 1), (1, 6), (6, 6))), ((4, 1), ((1, 1), (6, 6))), ((6, 1), ((1, 1), (6, 1))), ((3, 5), ((6, 1), (6, 6))), ((5, 1), ((1, 1), (1, 6))), ((5, 3), ((1, 6), (6, 1))), ((5, 3), ((1, 6), (6, 1), (6, 6))), ((2, 6), ((6, 1), (6, 6))), ((2, 6), ((6, 1),)), ((1, 5), ((6, 1),)), ((5, 1), ((1, 1), (1, 6), (6, 6))), ((5, 1), ((1, 1), (6, 6))), ((5, 1), ((1, 1), (6, 1))), ((2, 5), ((6, 1), (6, 6))), ((6, 1), ((1, 1), (1, 6), (6, 1))), ((6, 3), ((1, 6), (6, 1)))]",28,0,28
250,"((1, 6), ((1, 6), (6, 1), (6, 6)))","((2, 6), ((6, 1), (6, 6)))",West,"[((1, 5), ((1, 6), (6, 1), (6, 6))) via South, ((2, 6), ((1, 6), (6, 1), (6, 6))) via East]","[((1, 6), ((1, 6), (6, 1), (6, 6))), ((1, 6), ((1, 6), (6, 1))), ((1, 4), ((6, 1),)), ((6, 1), ((1, 1), (1, 6), (6, 1), (6, 6))), ((6, 1), ((1, 1), (6, 1), (6, 6))), ((4, 1), ((1, 1), (6, 1))), ((1, 5), ((6, 1), (6, 6))), ((5, 1), ((1, 1), (1, 6), (6, 1))), ((6, 4), ((1, 6), (6, 1))), ((6, 4), ((1, 6), (6, 1), (6, 6)))]","[((1, 6), ((1, 6), (6, 1))), ((1, 4), ((6, 1),)), ((6, 1), ((1, 1), (1, 6), (6, 1), (6, 6))), ((6, 1), ((1, 1), (6, 1), (6, 6))), ((4, 1), ((1, 1), (6, 1))), ((1, 5), ((6, 1), (6, 6))), ((5, 1), ((1, 1), (1, 6), (6, 1))), ((6, 4), ((1, 6), (6, 1))), ((6, 4), ((1, 6), (6, 1), (6, 6))), ((1, 5), ((1, 6), (6, 1), (6, 6))), ((2, 6), ((1, 6), (6, 1), (6, 6)))]","[((4, 5), ()), ((4, 6), ()), ((5, 5), ()), ((3, 5), ()), ((5, 6), ()), ((3, 6), ()), ((6, 5), ()), ((2, 5), ()), ((6, 6), ((6, 6),)), ((2, 6), ()), ((6, 4), ()), ((1, 5), ()), ((6, 5), ((6, 6),)), ((5, 6), ((6, 6),)), ((1, 6), ((1, 6),)), ((6, 3), ()), ((1, 4), ()), ((6, 4), ((6, 6),)), ((5, 5), ((6, 6),)), ((4, 6), ((6, 6),)), ((1, 5), ((1, 6),)), ((2, 6), ((1, 6),)), ((5, 3), ()), ((1, 3), ()), ((6, 3), ((6, 6),)), ((4, 5), ((6, 6),)), ((3, 6), ((6, 6),)), ((1, 4), ((1, 6),)), ((2, 5), ((1, 6),)), ((3, 6), ((1, 6),)), ((4, 3), ()), ((1, 2), ()), ((5, 3), ((6, 6),)), ((3, 5), ((6, 6),)), ((2, 6), ((6, 6),)), ((1, 3), ((1, 6),)), ((3, 5), ((1, 6),)), ((4, 6), ((1, 6),)), ((3, 3), ()), ((1, 1), ((1, 1),)), ((4, 3), ((6, 6),)), ((2, 5), ((6, 6),)), ((1, 6), ((1, 6), (6, 6))), ((1, 2), ((1, 6),)), ((4, 5), ((1, 6),)), ((5, 6), ((1, 6),)), ((3, 2), ()), ((1, 2), ((1, 1),)), ((3, 3), ((6, 6),)), ((1, 5), ((6, 6),)), ((1, 5), ((1, 6), (6, 6))), ((2, 6), ((1, 6), (6, 6))), ((1, 1), ((1, 1), (1, 6))), ((5, 5), ((1, 6),)), ((6, 6), ((1, 6), (6, 6))), ((3, 1), ()), ((1, 3), ((1, 1),)), ((3, 2), ((6, 6),)), ((1, 4), ((6, 6),)), ((1, 4), ((1, 6), (6, 6))), ((2, 5), ((1, 6), (6, 6))), ((3, 6), ((1, 6), (6, 6))), ((1, 2), ((1, 1), (1, 6))), ((6, 5), ((1, 6),)), ((6, 5), ((1, 6), (6, 6))), ((5, 6), ((1, 6), (6, 6))), ((4, 1), ()), ((1, 4), ((1, 1),)), ((3, 1), ((6, 6),)), ((1, 3), ((6, 6),)), ((1, 3), ((1, 6), (6, 6))), ((3, 5), ((1, 6), (6, 6))), ((4, 6), ((1, 6), (6, 6))), ((1, 3), ((1, 1), (1, 6))), ((6, 4), ((1, 6),)), ((6, 4), ((1, 6), (6, 6))), ((5, 5), ((1, 6), (6, 6))), ((5, 1), ()), ((1, 5), ((1, 1),)), ((4, 1), ((6, 6),)), ((1, 2), ((6, 6),)), ((1, 2), ((1, 6), (6, 6))), ((4, 5), ((1, 6), (6, 6))), ((1, 4), ((1, 1), (1, 6))), ((6, 3), ((1, 6),)), ((6, 3), ((1, 6), (6, 6))), ((6, 1), ((6, 1),)), ((1, 6), ((1, 1), (1, 6))), ((2, 5), ((1, 1),)), ((5, 1), ((6, 6),)), ((1, 1), ((1, 1), (6, 6))), ((1, 1), ((1, 1), (1, 6), (6, 6))), ((1, 5), ((1, 1), (1, 6))), ((5, 3), ((1, 6),)), ((5, 3), ((1, 6), (6, 6))), ((5, 1), ((6, 1),)), ((2, 6), ((1, 1), (1, 6))), ((2, 6), ((1, 1),)), ((3, 5), ((1, 1),)), ((6, 1), ((6, 1), (6, 6))), ((1, 2), ((1, 1), (6, 6))), ((1, 2), ((1, 1), (1, 6), (6, 6))), ((2, 5), ((1, 1), (1, 6))), ((4, 3), ((1, 6),)), ((4, 3), ((1, 6), (6, 6))), ((4, 1), ((6, 1),)), ((3, 6), ((1, 1), (1, 6))), ((3, 6), ((1, 1),)), ((4, 5), ((1, 1),)), ((5, 1), ((6, 1), (6, 6))), ((1, 3), ((1, 1), (6, 6))), ((1, 3), ((1, 1), (1, 6), (6, 6))), ((3, 5), ((1, 1), (1, 6))), ((3, 3), ((1, 6),)), ((3, 3), ((1, 6), (6, 6))), ((3, 1), ((6, 1),)), ((4, 6), ((1, 1), (1, 6))), ((4, 6), ((1, 1),)), ((5, 5), ((1, 1),)), ((4, 1), ((6, 1), (6, 6))), ((1, 4), ((1, 1), (6, 6))), ((1, 4), ((1, 1), (1, 6), (6, 6))), ((4, 5), ((1, 1), (1, 6))), ((3, 2), ((1, 6),)), ((3, 2), ((1, 6), (6, 6))), ((3, 2), ((6, 1),)), ((5, 6), ((1, 1), (1, 6))), ((5, 6), ((1, 1),)), ((6, 5), ((1, 1),)), ((3, 1), ((6, 1), (6, 6))), ((1, 5), ((1, 1), (6, 6))), ((1, 5), ((1, 1), (1, 6), (6, 6))), ((5, 5), ((1, 1), (1, 6))), ((3, 1), ((1, 6),)), ((3, 1), ((1, 6), (6, 6))), ((3, 3), ((6, 1),)), ((6, 6), ((1, 1), (1, 6), (6, 6))), ((6, 6), ((1, 1), (6, 6))), ((6, 4), ((1, 1),)), ((3, 2), ((6, 1), (6, 6))), ((1, 6), ((1, 1), (1, 6), (6, 6))), ((2, 5), ((1, 1), (6, 6))), ((2, 5), ((1, 1), (1, 6), (6, 6))), ((6, 5), ((1, 1), (1, 6))), ((4, 1), ((1, 6),)), ((4, 1), ((1, 6), (6, 6))), ((4, 3), ((6, 1),)), ((6, 5), ((1, 1), (1, 6), (6, 6))), ((5, 6), ((1, 1), (1, 6), (6, 6))), ((6, 5), ((1, 1), (6, 6))), ((5, 6), ((1, 1), (6, 6))), ((6, 3), ((1, 1),)), ((3, 3), ((6, 1), (6, 6))), ((2, 6), ((1, 1), (1, 6), (6, 6))), ((2, 6), ((1, 1), (6, 6))), ((3, 5), ((1, 1), (6, 6))), ((3, 5), ((1, 1), (1, 6), (6, 6))), ((6, 4), ((1, 1), (1, 6))), ((5, 1), ((1, 6),)), ((5, 1), ((1, 6), (6, 6))), ((5, 3), ((6, 1),)), ((6, 4), ((1, 1), (1, 6), (6, 6))), ((5, 5), ((1, 1), (1, 6), (6, 6))), ((4, 6), ((1, 1), (1, 6), (6, 6))), ((6, 4), ((1, 1), (6, 6))), ((5, 5), ((1, 1), (6, 6))), ((4, 6), ((1, 1), (6, 6))), ((5, 3), ((1, 1),)), ((4, 3), ((6, 1), (6, 6))), ((3, 6), ((1, 1), (1, 6), (6, 6))), ((3, 6), ((1, 1), (6, 6))), ((4, 5), ((1, 1), (6, 6))), ((4, 5), ((1, 1), (1, 6), (6, 6))), ((6, 3), ((1, 1), (1, 6))), ((6, 1), ((1, 6), (6, 1))), ((6, 1), ((1, 6), (6, 1), (6, 6))), ((6, 3), ((6, 1),)), ((6, 3), ((1, 1), (1, 6), (6, 6))), ((6, 3), ((1, 1), (6, 6))), ((4, 3), ((1, 1),)), ((5, 3), ((6, 1), (6, 6))), ((5, 3), ((1, 1), (1, 6))), ((5, 1), ((1, 6), (6, 1))), ((5, 1), ((1, 6), (6, 1), (6, 6))), ((6, 4), ((6, 1),)), ((5, 3), ((1, 1), (1, 6), (6, 6))), ((5, 3), ((1, 1), (6, 6))), ((3, 3), ((1, 1),)), ((6, 3), ((6, 1), (6, 6))), ((4, 3), ((1, 1), (1, 6))), ((4, 1), ((1, 6), (6, 1))), ((4, 1), ((1, 6), (6, 1), (6, 6))), ((6, 5), ((6, 1),)), ((4, 3), ((1, 1), (1, 6), (6, 6))), ((4, 3), ((1, 1), (6, 6))), ((3, 2), ((1, 1),)), ((6, 4), ((6, 1), (6, 6))), ((3, 3), ((1, 1), (1, 6))), ((3, 1), ((1, 6), (6, 1))), ((3, 1), ((1, 6), (6, 1), (6, 6))), ((6, 6), ((6, 1), (6, 6))), ((5, 5), ((6, 1),)), ((3, 3), ((1, 1), (1, 6), (6, 6))), ((3, 3), ((1, 1), (6, 6))), ((3, 1), ((1, 1),)), ((6, 5), ((6, 1), (6, 6))), ((3, 2), ((1, 1), (1, 6))), ((3, 2), ((1, 6), (6, 1))), ((3, 2), ((1, 6), (6, 1), (6, 6))), ((5, 6), ((6, 1), (6, 6))), ((5, 6), ((6, 1),)), ((4, 5), ((6, 1),)), ((3, 2), ((1, 1), (1, 6), (6, 6))), ((3, 2), ((1, 1), (6, 6))), ((4, 1), ((1, 1),)), ((5, 5), ((6, 1), (6, 6))), ((3, 1), ((1, 1), (1, 6))), ((3, 3), ((1, 6), (6, 1))), ((3, 3), ((1, 6), (6, 1), (6, 6))), ((4, 6), ((6, 1), (6, 6))), ((4, 6), ((6, 1),)), ((3, 5), ((6, 1),)), ((3, 1), ((1, 1), (1, 6), (6, 6))), ((3, 1), ((1, 1), (6, 6))), ((5, 1), ((1, 1),)), ((4, 5), ((6, 1), (6, 6))), ((4, 1), ((1, 1), (1, 6))), ((4, 3), ((1, 6), (6, 1))), ((4, 3), ((1, 6), (6, 1), (6, 6))), ((3, 6), ((6, 1), (6, 6))), ((3, 6), ((6, 1),)), ((2, 5), ((6, 1),)), ((4, 1), ((1, 1), (1, 6), (6, 6))), ((4, 1), ((1, 1), (6, 6))), ((6, 1), ((1, 1), (6, 1))), ((3, 5), ((6, 1), (6, 6))), ((5, 1), ((1, 1), (1, 6))), ((5, 3), ((1, 6), (6, 1))), ((5, 3), ((1, 6), (6, 1), (6, 6))), ((2, 6), ((6, 1), (6, 6))), ((2, 6), ((6, 1),)), ((1, 5), ((6, 1),)), ((5, 1), ((1, 1), (1, 6), (6, 6))), ((5, 1), ((1, 1), (6, 6))), ((5, 1), ((1, 1), (6, 1))), ((2, 5), ((6, 1), (6, 6))), ((6, 1), ((1, 1), (1, 6), (6, 1))), ((6, 3), ((1, 6), (6, 1))), ((6, 3), ((1, 6), (6, 1), (6, 6)))]",28,0,28
251,"((1, 6), ((1, 6), (6, 1)))","((2, 6), ((6, 1),))",West,"[((1, 5), ((1, 6), (6, 1))) via South, ((2, 6), ((1, 6), (6, 1))) via East]","[((1, 6), ((1, 6), (6, 1))), ((1, 4), ((6, 1),)), ((6, 1), ((1, 1), (1, 6), (6, 1), (6, 6))), ((6, 1), ((1, 1), (6, 1), (6, 6))), ((4, 1), ((1, 1), (6, 1))), ((1, 5), ((6, 1), (6, 6))), ((5, 1), ((1, 1), (1, 6), (6, 1))), ((6, 4), ((1, 6), (6, 1))), ((6, 4), ((1, 6), (6, 1), (6, 6))), ((1, 5), ((1, 6), (6, 1), (6, 6))), ((2, 6), ((1, 6), (6, 1), (6, 6)))]","[((1, 4), ((6, 1),)), ((6, 1), ((1, 1), (1, 6), (6, 1), (6, 6))), ((6, 1), ((1, 1), (6, 1), (6, 6))), ((4, 1), ((1, 1), (6, 1))), ((1, 5), ((6, 1), (6, 6))), ((5, 1), ((1, 1), (1, 6), (6, 1))), ((6, 4), ((1, 6), (6, 1))), ((6, 4), ((1, 6), (6, 1), (6, 6))), ((1, 5), ((1, 6), (6, 1), (6, 6))), ((2, 6), ((1, 6), (6, 1), (6, 6))), ((1, 5), ((1, 6), (6, 1))), ((2, 6), ((1, 6), (6, 1)))]","[((4, 5), ()), ((4, 6), ()), ((5, 5), ()), ((3, 5), ()), ((5, 6), ()), ((3, 6), ()), ((6, 5), ()), ((2, 5), ()), ((6, 6), ((6, 6),)), ((2, 6), ()), ((6, 4), ()), ((1, 5), ()), ((6, 5), ((6, 6),)), ((5, 6), ((6, 6),)), ((1, 6), ((1, 6),)), ((6, 3), ()), ((1, 4), ()), ((6, 4), ((6, 6),)), ((5, 5), ((6, 6),)), ((4, 6), ((6, 6),)), ((1, 5), ((1, 6),)), ((2, 6), ((1, 6),)), ((5, 3), ()), ((1, 3), ()), ((6, 3), ((6, 6),)), ((4, 5), ((6, 6),)), ((3, 6), ((6, 6),)), ((1, 4), ((1, 6),)), ((2, 5), ((1, 6),)), ((3, 6), ((1, 6),)), ((4, 3), ()), ((1, 2), ()), ((5, 3), ((6, 6),)), ((3, 5), ((6, 6),)), ((2, 6), ((6, 6),)), ((1, 3), ((1, 6),)), ((3, 5), ((1, 6),)), ((4, 6), ((1, 6),)), ((3, 3), ()), ((1, 1), ((1, 1),)), ((4, 3), ((6, 6),)), ((2, 5), ((6, 6),)), ((1, 6), ((1, 6), (6, 6))), ((1, 2), ((1, 6),)), ((4, 5), ((1, 6),)), ((5, 6), ((1, 6),)), ((3, 2), ()), ((1, 2), ((1, 1),)), ((3, 3), ((6, 6),)), ((1, 5), ((6, 6),)), ((1, 5), ((1, 6), (6, 6))), ((2, 6), ((1, 6), (6, 6))), ((1, 1), ((1, 1), (1, 6))), ((5, 5), ((1, 6),)), ((6, 6), ((1, 6), (6, 6))), ((3, 1), ()), ((1, 3), ((1, 1),)), ((3, 2), ((6, 6),)), ((1, 4), ((6, 6),)), ((1, 4), ((1, 6), (6, 6))), ((2, 5), ((1, 6), (6, 6))), ((3, 6), ((1, 6), (6, 6))), ((1, 2), ((1, 1), (1, 6))), ((6, 5), ((1, 6),)), ((6, 5), ((1, 6), (6, 6))), ((5, 6), ((1, 6), (6, 6))), ((4, 1), ()), ((1, 4), ((1, 1),)), ((3, 1), ((6, 6),)), ((1, 3), ((6, 6),)), ((1, 3), ((1, 6), (6, 6))), ((3, 5), ((1, 6), (6, 6))), ((4, 6), ((1, 6), (6, 6))), ((1, 3), ((1, 1), (1, 6))), ((6, 4), ((1, 6),)), ((6, 4), ((1, 6), (6, 6))), ((5, 5), ((1, 6), (6, 6))), ((5, 1), ()), ((1, 5), ((1, 1),)), ((4, 1), ((6, 6),)), ((1, 2), ((6, 6),)), ((1, 2), ((1, 6), (6, 6))), ((4, 5), ((1, 6), (6, 6))), ((1, 4), ((1, 1), (1, 6))), ((6, 3), ((1, 6),)), ((6, 3), ((1, 6), (6, 6))), ((6, 1), ((6, 1),)), ((1, 6), ((1, 1), (1, 6))), ((2, 5), ((1, 1),)), ((5, 1), ((6, 6),)), ((1, 1), ((1, 1), (6, 6))), ((1, 1), ((1, 1), (1, 6), (6, 6))), ((1, 5), ((1, 1), (1, 6))), ((5, 3), ((1, 6),)), ((5, 3), ((1, 6), (6, 6))), ((5, 1), ((6, 1),)), ((2, 6), ((1, 1), (1, 6))), ((2, 6), ((1, 1),)), ((3, 5), ((1, 1),)), ((6, 1), ((6, 1), (6, 6))), ((1, 2), ((1, 1), (6, 6))), ((1, 2), ((1, 1), (1, 6), (6, 6))), ((2, 5), ((1, 1), (1, 6))), ((4, 3), ((1, 6),)), ((4, 3), ((1, 6), (6, 6))), ((4, 1), ((6, 1),)), ((3, 6), ((1, 1), (1, 6))), ((3, 6), ((1, 1),)), ((4, 5), ((1, 1),)), ((5, 1), ((6, 1), (6, 6))), ((1, 3), ((1, 1), (6, 6))), ((1, 3), ((1, 1), (1, 6), (6, 6))), ((3, 5), ((1, 1), (1, 6))), ((3, 3), ((1, 6),)), ((3, 3), ((1, 6), (6, 6))), ((3, 1), ((6, 1),)), ((4, 6), ((1, 1), (1, 6))), ((4, 6), ((1, 1),)), ((5, 5), ((1, 1),)), ((4, 1), ((6, 1), (6, 6))), ((1, 4), ((1, 1), (6, 6))), ((1, 4), ((1, 1), (1, 6), (6, 6))), ((4, 5), ((1, 1), (1, 6))), ((3, 2), ((1, 6),)), ((3, 2), ((1, 6), (6, 6))), ((3, 2), ((6, 1),)), ((5, 6), ((1, 1), (1, 6))), ((5, 6), ((1, 1),)), ((6, 5), ((1, 1),)), ((3, 1), ((6, 1), (6, 6))), ((1, 5), ((1, 1), (6, 6))), ((1, 5), ((1, 1), (1, 6), (6, 6))), ((5, 5), ((1, 1), (1, 6))), ((3, 1), ((1, 6),)), ((3, 1), ((1, 6), (6, 6))), ((3, 3), ((6, 1),)), ((6, 6), ((1, 1), (1, 6), (6, 6))), ((6, 6), ((1, 1), (6, 6))), ((6, 4), ((1, 1),)), ((3, 2), ((6, 1), (6, 6))), ((1, 6), ((1, 1), (1, 6), (6, 6))), ((2, 5), ((1, 1), (6, 6))), ((2, 5), ((1, 1), (1, 6), (6, 6))), ((6, 5), ((1, 1), (1, 6))), ((4, 1), ((1, 6),)), ((4, 1), ((1, 6), (6, 6))), ((4, 3), ((6, 1),)), ((6, 5), ((1, 1), (1, 6), (6, 6))), ((5, 6), ((1, 1), (1, 6), (6, 6))), ((6, 5), ((1, 1), (6, 6))), ((5, 6), ((1, 1), (6, 6))), ((6, 3), ((1, 1),)), ((3, 3), ((6, 1), (6, 6))), ((2, 6), ((1, 1), (1, 6), (6, 6))), ((2, 6), ((1, 1), (6, 6))), ((3, 5), ((1, 1), (6, 6))), ((3, 5), ((1, 1), (1, 6), (6, 6))), ((6, 4), ((1, 1), (1, 6))), ((5, 1), ((1, 6),)), ((5, 1), ((1, 6), (6, 6))), ((5, 3), ((6, 1),)), ((6, 4), ((1, 1), (1, 6), (6, 6))), ((5, 5), ((1, 1), (1, 6), (6, 6))), ((4, 6), ((1, 1), (1, 6), (6, 6))), ((6, 4), ((1, 1), (6, 6))), ((5, 5), ((1, 1), (6, 6))), ((4, 6), ((1, 1), (6, 6))), ((5, 3), ((1, 1),)), ((4, 3), ((6, 1), (6, 6))), ((3, 6), ((1, 1), (1, 6), (6, 6))), ((3, 6), ((1, 1), (6, 6))), ((4, 5), ((1, 1), (6, 6))), ((4, 5), ((1, 1), (1, 6), (6, 6))), ((6, 3), ((1, 1), (1, 6))), ((6, 1), ((1, 6), (6, 1))), ((6, 1), ((1, 6), (6, 1), (6, 6))), ((6, 3), ((6, 1),)), ((6, 3), ((1, 1), (1, 6), (6, 6))), ((6, 3), ((1, 1), (6, 6))), ((4, 3), ((1, 1),)), ((5, 3), ((6, 1), (6, 6))), ((5, 3), ((1, 1), (1, 6))), ((5, 1), ((1, 6), (6, 1))), ((5, 1), ((1, 6), (6, 1), (6, 6))), ((6, 4), ((6, 1),)), ((5, 3), ((1, 1), (1, 6), (6, 6))), ((5, 3), ((1, 1), (6, 6))), ((3, 3), ((1, 1),)), ((6, 3), ((6, 1), (6, 6))), ((4, 3), ((1, 1), (1, 6))), ((4, 1), ((1, 6), (6, 1))), ((4, 1), ((1, 6), (6, 1), (6, 6))), ((6, 5), ((6, 1),)), ((4, 3), ((1, 1), (1, 6), (6, 6))), ((4, 3), ((1, 1), (6, 6))), ((3, 2), ((1, 1),)), ((6, 4), ((6, 1), (6, 6))), ((3, 3), ((1, 1), (1, 6))), ((3, 1), ((1, 6), (6, 1))), ((3, 1), ((1, 6), (6, 1), (6, 6))), ((6, 6), ((6, 1), (6, 6))), ((5, 5), ((6, 1),)), ((3, 3), ((1, 1), (1, 6), (6, 6))), ((3, 3), ((1, 1), (6, 6))), ((3, 1), ((1, 1),)), ((6, 5), ((6, 1), (6, 6))), ((3, 2), ((1, 1), (1, 6))), ((3, 2), ((1, 6), (6, 1))), ((3, 2), ((1, 6), (6, 1), (6, 6))), ((5, 6), ((6, 1), (6, 6))), ((5, 6), ((6, 1),)), ((4, 5), ((6, 1),)), ((3, 2), ((1, 1), (1, 6), (6, 6))), ((3, 2), ((1, 1), (6, 6))), ((4, 1), ((1, 1),)), ((5, 5), ((6, 1), (6, 6))), ((3, 1), ((1, 1), (1, 6))), ((3, 3), ((1, 6), (6, 1))), ((3, 3), ((1, 6), (6, 1), (6, 6))), ((4, 6), ((6, 1), (6, 6))), ((4, 6), ((6, 1),)), ((3, 5), ((6, 1),)), ((3, 1), ((1, 1), (1, 6), (6, 6))), ((3, 1), ((1, 1), (6, 6))), ((5, 1), ((1, 1),)), ((4, 5), ((6, 1), (6, 6))), ((4, 1), ((1, 1), (1, 6))), ((4, 3), ((1, 6), (6, 1))), ((4, 3), ((1, 6), (6, 1), (6, 6))), ((3, 6), ((6, 1), (6, 6))), ((3, 6), ((6, 1),)), ((2, 5), ((6, 1),)), ((4, 1), ((1, 1), (1, 6), (6, 6))), ((4, 1), ((1, 1), (6, 6))), ((6, 1), ((1, 1), (6, 1))), ((3, 5), ((6, 1), (6, 6))), ((5, 1), ((1, 1), (1, 6))), ((5, 3), ((1, 6), (6, 1))), ((5, 3), ((1, 6), (6, 1), (6, 6))), ((2, 6), ((6, 1), (6, 6))), ((2, 6), ((6, 1),)), ((1, 5), ((6, 1),)), ((5, 1), ((1, 1), (1, 6), (6, 6))), ((5, 1), ((1, 1), (6, 6))), ((5, 1), ((1, 1), (6, 1))), ((2, 5), ((6, 1), (6, 6))), ((6, 1), ((1, 1), (1, 6), (6, 1))), ((6, 3), ((1, 6), (6, 1))), ((6, 3), ((1, 6), (6, 1), (6, 6))), ((1, 6), ((1, 6), (6, 1), (6, 6)))]",28,0,28
252,"((1, 4), ((6, 1),))","((1, 5), ((6, 1),))",South,"[((1, 3), ((6, 1),)) via South]","[((1, 4), ((6, 1),)), ((6, 1), ((1, 1), (1, 6), (6, 1), (6, 6))), ((6, 1), ((1, 1), (6, 1), (6, 6))), ((4, 1), ((1, 1), (6, 1))), ((1, 5), ((6, 1), (6, 6))), ((5, 1), ((1, 1), (1, 6), (6, 1))), ((6, 4), ((1, 6), (6, 1))), ((6, 4), ((1, 6), (6, 1), (6, 6))), ((1, 5), ((1, 6), (6, 1), (6, 6))), ((2, 6), ((1, 6), (6, 1), (6, 6))), ((1, 5), ((1, 6), (6, 1))), ((2, 6), ((1, 6), (6, 1)))]","[((6, 1), ((1, 1), (1, 6), (6, 1), (6, 6))), ((6, 1), ((1, 1), (6, 1), (6, 6))), ((4, 1), ((1, 1), (6, 1))), ((1, 5), ((6, 1), (6, 6))), ((5, 1), ((1, 1), (1, 6), (6, 1))), ((6, 4), ((1, 6), (6, 1))), ((6, 4), ((1, 6), (6, 1), (6, 6))), ((1, 5), ((1, 6), (6, 1), (6, 6))), ((2, 6), ((1, 6), (6, 1), (6, 6))), ((1, 5), ((1, 6), (6, 1))), ((2, 6), ((1, 6), (6, 1))), ((1, 3), ((6, 1),))]","[((4, 5), ()), ((4, 6), ()), ((5, 5), ()), ((3, 5), ()), ((5, 6), ()), ((3, 6), ()), ((6, 5), ()), ((2, 5), ()), ((6, 6), ((6, 6),)), ((2, 6), ()), ((6, 4), ()), ((1, 5), ()), ((6, 5), ((6, 6),)), ((5, 6), ((6, 6),)), ((1, 6), ((1, 6),)), ((6, 3), ()), ((1, 4), ()), ((6, 4), ((6, 6),)), ((5, 5), ((6, 6),)), ((4, 6), ((6, 6),)), ((1, 5), ((1, 6),)), ((2, 6), ((1, 6),)), ((5, 3), ()), ((1, 3), ()), ((6, 3), ((6, 6),)), ((4, 5), ((6, 6),)), ((3, 6), ((6, 6),)), ((1, 4), ((1, 6),)), ((2, 5), ((1, 6),)), ((3, 6), ((1, 6),)), ((4, 3), ()), ((1, 2), ()), ((5, 3), ((6, 6),)), ((3, 5), ((6, 6),)), ((2, 6), ((6, 6),)), ((1, 3), ((1, 6),)), ((3, 5), ((1, 6),)), ((4, 6), ((1, 6),)), ((3, 3), ()), ((1, 1), ((1, 1),)), ((4, 3), ((6, 6),)), ((2, 5), ((6, 6),)), ((1, 6), ((1, 6), (6, 6))), ((1, 2), ((1, 6),)), ((4, 5), ((1, 6),)), ((5, 6), ((1, 6),)), ((3, 2), ()), ((1, 2), ((1, 1),)), ((3, 3), ((6, 6),)), ((1, 5), ((6, 6),)), ((1, 5), ((1, 6), (6, 6))), ((2, 6), ((1, 6), (6, 6))), ((1, 1), ((1, 1), (1, 6))), ((5, 5), ((1, 6),)), ((6, 6), ((1, 6), (6, 6))), ((3, 1), ()), ((1, 3), ((1, 1),)), ((3, 2), ((6, 6),)), ((1, 4), ((6, 6),)), ((1, 4), ((1, 6), (6, 6))), ((2, 5), ((1, 6), (6, 6))), ((3, 6), ((1, 6), (6, 6))), ((1, 2), ((1, 1), (1, 6))), ((6, 5), ((1, 6),)), ((6, 5), ((1, 6), (6, 6))), ((5, 6), ((1, 6), (6, 6))), ((4, 1), ()), ((1, 4), ((1, 1),)), ((3, 1), ((6, 6),)), ((1, 3), ((6, 6),)), ((1, 3), ((1, 6), (6, 6))), ((3, 5), ((1, 6), (6, 6))), ((4, 6), ((1, 6), (6, 6))), ((1, 3), ((1, 1), (1, 6))), ((6, 4), ((1, 6),)), ((6, 4), ((1, 6), (6, 6))), ((5, 5), ((1, 6), (6, 6))), ((5, 1), ()), ((1, 5), ((1, 1),)), ((4, 1), ((6, 6),)), ((1, 2), ((6, 6),)), ((1, 2), ((1, 6), (6, 6))), ((4, 5), ((1, 6), (6, 6))), ((1, 4), ((1, 1), (1, 6))), ((6, 3), ((1, 6),)), ((6, 3), ((1, 6), (6, 6))), ((6, 1), ((6, 1),)), ((1, 6), ((1, 1), (1, 6))), ((2, 5), ((1, 1),)), ((5, 1), ((6, 6),)), ((1, 1), ((1, 1), (6, 6))), ((1, 1), ((1, 1), (1, 6), (6, 6))), ((1, 5), ((1, 1), (1, 6))), ((5, 3), ((1, 6),)), ((5, 3), ((1, 6), (6, 6))), ((5, 1), ((6, 1),)), ((2, 6), ((1, 1), (1, 6))), ((2, 6), ((1, 1),)), ((3, 5), ((1, 1),)), ((6, 1), ((6, 1), (6, 6))), ((1, 2), ((1, 1), (6, 6))), ((1, 2), ((1, 1), (1, 6), (6, 6))), ((2, 5), ((1, 1), (1, 6))), ((4, 3), ((1, 6),)), ((4, 3), ((1, 6), (6, 6))), ((4, 1), ((6, 1),)), ((3, 6), ((1, 1), (1, 6))), ((3, 6), ((1, 1),)), ((4, 5), ((1, 1),)), ((5, 1), ((6, 1), (6, 6))), ((1, 3), ((1, 1), (6, 6))), ((1, 3), ((1, 1), (1, 6), (6, 6))), ((3, 5), ((1, 1), (1, 6))), ((3, 3), ((1, 6),)), ((3, 3), ((1, 6), (6, 6))), ((3, 1), ((6, 1),)), ((4, 6), ((1, 1), (1, 6))), ((4, 6), ((1, 1),)), ((5, 5), ((1, 1),)), ((4, 1), ((6, 1), (6, 6))), ((1, 4), ((1, 1), (6, 6))), ((1, 4), ((1, 1), (1, 6), (6, 6))), ((4, 5), ((1, 1), (1, 6))), ((3, 2), ((1, 6),)), ((3, 2), ((1, 6), (6, 6))), ((3, 2), ((6, 1),)), ((5, 6), ((1, 1), (1, 6))), ((5, 6), ((1, 1),)), ((6, 5), ((1, 1),)), ((3, 1), ((6, 1), (6, 6))), ((1, 5), ((1, 1), (6, 6))), ((1, 5), ((1, 1), (1, 6), (6, 6))), ((5, 5), ((1, 1), (1, 6))), ((3, 1), ((1, 6),)), ((3, 1), ((1, 6), (6, 6))), ((3, 3), ((6, 1),)), ((6, 6), ((1, 1), (1, 6), (6, 6))), ((6, 6), ((1, 1), (6, 6))), ((6, 4), ((1, 1),)), ((3, 2), ((6, 1), (6, 6))), ((1, 6), ((1, 1), (1, 6), (6, 6))), ((2, 5), ((1, 1), (6, 6))), ((2, 5), ((1, 1), (1, 6), (6, 6))), ((6, 5), ((1, 1), (1, 6))), ((4, 1), ((1, 6),)), ((4, 1), ((1, 6), (6, 6))), ((4, 3), ((6, 1),)), ((6, 5), ((1, 1), (1, 6), (6, 6))), ((5, 6), ((1, 1), (1, 6), (6, 6))), ((6, 5), ((1, 1), (6, 6))), ((5, 6), ((1, 1), (6, 6))), ((6, 3), ((1, 1),)), ((3, 3), ((6, 1), (6, 6))), ((2, 6), ((1, 1), (1, 6), (6, 6))), ((2, 6), ((1, 1), (6, 6))), ((3, 5), ((1, 1), (6, 6))), ((3, 5), ((1, 1), (1, 6), (6, 6))), ((6, 4), ((1, 1), (1, 6))), ((5, 1), ((1, 6),)), ((5, 1), ((1, 6), (6, 6))), ((5, 3), ((6, 1),)), ((6, 4), ((1, 1), (1, 6), (6, 6))), ((5, 5), ((1, 1), (1, 6), (6, 6))), ((4, 6), ((1, 1), (1, 6), (6, 6))), ((6, 4), ((1, 1), (6, 6))), ((5, 5), ((1, 1), (6, 6))), ((4, 6), ((1, 1), (6, 6))), ((5, 3), ((1, 1),)), ((4, 3), ((6, 1), (6, 6))), ((3, 6), ((1, 1), (1, 6), (6, 6))), ((3, 6), ((1, 1), (6, 6))), ((4, 5), ((1, 1), (6, 6))), ((4, 5), ((1, 1), (1, 6), (6, 6))), ((6, 3), ((1, 1), (1, 6))), ((6, 1), ((1, 6), (6, 1))), ((6, 1), ((1, 6), (6, 1), (6, 6))), ((6, 3), ((6, 1),)), ((6, 3), ((1, 1), (1, 6), (6, 6))), ((6, 3), ((1, 1), (6, 6))), ((4, 3), ((1, 1),)), ((5, 3), ((6, 1), (6, 6))), ((5, 3), ((1, 1), (1, 6))), ((5, 1), ((1, 6), (6, 1))), ((5, 1), ((1, 6), (6, 1), (6, 6))), ((6, 4), ((6, 1),)), ((5, 3), ((1, 1), (1, 6), (6, 6))), ((5, 3), ((1, 1), (6, 6))), ((3, 3), ((1, 1),)), ((6, 3), ((6, 1), (6, 6))), ((4, 3), ((1, 1), (1, 6))), ((4, 1), ((1, 6), (6, 1))), ((4, 1), ((1, 6), (6, 1), (6, 6))), ((6, 5), ((6, 1),)), ((4, 3), ((1, 1), (1, 6), (6, 6))), ((4, 3), ((1, 1), (6, 6))), ((3, 2), ((1, 1),)), ((6, 4), ((6, 1), (6, 6))), ((3, 3), ((1, 1), (1, 6))), ((3, 1), ((1, 6), (6, 1))), ((3, 1), ((1, 6), (6, 1), (6, 6))), ((6, 6), ((6, 1), (6, 6))), ((5, 5), ((6, 1),)), ((3, 3), ((1, 1), (1, 6), (6, 6))), ((3, 3), ((1, 1), (6, 6))), ((3, 1), ((1, 1),)), ((6, 5), ((6, 1), (6, 6))), ((3, 2), ((1, 1), (1, 6))), ((3, 2), ((1, 6), (6, 1))), ((3, 2), ((1, 6), (6, 1), (6, 6))), ((5, 6), ((6, 1), (6, 6))), ((5, 6), ((6, 1),)), ((4, 5), ((6, 1),)), ((3, 2), ((1, 1), (1, 6), (6, 6))), ((3, 2), ((1, 1), (6, 6))), ((4, 1), ((1, 1),)), ((5, 5), ((6, 1), (6, 6))), ((3, 1), ((1, 1), (1, 6))), ((3, 3), ((1, 6), (6, 1))), ((3, 3), ((1, 6), (6, 1), (6, 6))), ((4, 6), ((6, 1), (6, 6))), ((4, 6), ((6, 1),)), ((3, 5), ((6, 1),)), ((3, 1), ((1, 1), (1, 6), (6, 6))), ((3, 1), ((1, 1), (6, 6))), ((5, 1), ((1, 1),)), ((4, 5), ((6, 1), (6, 6))), ((4, 1), ((1, 1), (1, 6))), ((4, 3), ((1, 6), (6, 1))), ((4, 3), ((1, 6), (6, 1), (6, 6))), ((3, 6), ((6, 1), (6, 6))), ((3, 6), ((6, 1),)), ((2, 5), ((6, 1),)), ((4, 1), ((1, 1), (1, 6), (6, 6))), ((4, 1), ((1, 1), (6, 6))), ((6, 1), ((1, 1), (6, 1))), ((3, 5), ((6, 1), (6, 6))), ((5, 1), ((1, 1), (1, 6))), ((5, 3), ((1, 6), (6, 1))), ((5, 3), ((1, 6), (6, 1), (6, 6))), ((2, 6), ((6, 1), (6, 6))), ((2, 6), ((6, 1),)), ((1, 5), ((6, 1),)), ((5, 1), ((1, 1), (1, 6), (6, 6))), ((5, 1), ((1, 1), (6, 6))), ((5, 1), ((1, 1), (6, 1))), ((2, 5), ((6, 1), (6, 6))), ((6, 1), ((1, 1), (1, 6), (6, 1))), ((6, 3), ((1, 6), (6, 1))), ((6, 3), ((1, 6), (6, 1), (6, 6))), ((1, 6), ((1, 6), (6, 1), (6, 6))), ((1, 6), ((1, 6), (6, 1)))]",28,0,28
253,"((6, 1), ((1, 1), (1, 6), (6, 1), (6, 6)))","((5, 1), ((1, 1), (1, 6), (6, 6)))",East,[],"[((6, 1), ((1, 1), (1, 6), (6, 1), (6, 6))), ((6, 1), ((1, 1), (6, 1), (6, 6))), ((4, 1), ((1, 1), (6, 1))), ((1, 5), ((6, 1), (6, 6))), ((5, 1), ((1, 1), (1, 6), (6, 1))), ((6, 4), ((1, 6), (6, 1))), ((6, 4), ((1, 6), (6, 1), (6, 6))), ((1, 5), ((1, 6), (6, 1), (6, 6))), ((2, 6), ((1, 6), (6, 1), (6, 6))), ((1, 5), ((1, 6), (6, 1))), ((2, 6), ((1, 6), (6, 1))), ((1, 3), ((6, 1),))]","[((6, 1), ((1, 1), (6, 1), (6, 6))), ((4, 1), ((1, 1), (6, 1))), ((1, 5), ((6, 1), (6, 6))), ((5, 1), ((1, 1), (1, 6), (6, 1))), ((6, 4), ((1, 6), (6, 1))), ((6, 4), ((1, 6), (6, 1), (6, 6))), ((1, 5), ((1, 6), (6, 1), (6, 6))), ((2, 6), ((1, 6), (6, 1), (6, 6))), ((1, 5), ((1, 6), (6, 1))), ((2, 6), ((1, 6), (6, 1))), ((1, 3), ((6, 1),))]","[((4, 5), ()), ((4, 6), ()), ((5, 5), ()), ((3, 5), ()), ((5, 6), ()), ((3, 6), ()), ((6, 5), ()), ((2, 5), ()), ((6, 6), ((6, 6),)), ((2, 6), ()), ((6, 4), ()), ((1, 5), ()), ((6, 5), ((6, 6),)), ((5, 6), ((6, 6),)), ((1, 6), ((1, 6),)), ((6, 3), ()), ((1, 4), ()), ((6, 4), ((6, 6),)), ((5, 5), ((6, 6),)), ((4, 6), ((6, 6),)), ((1, 5), ((1, 6),)), ((2, 6), ((1, 6),)), ((5, 3), ()), ((1, 3), ()), ((6, 3), ((6, 6),)), ((4, 5), ((6, 6),)), ((3, 6), ((6, 6),)), ((1, 4), ((1, 6),)), ((2, 5), ((1, 6),)), ((3, 6), ((1, 6),)), ((4, 3), ()), ((1, 2), ()), ((5, 3), ((6, 6),)), ((3, 5), ((6, 6),)), ((2, 6), ((6, 6),)), ((1, 3), ((1, 6),)), ((3, 5), ((1, 6),)), ((4, 6), ((1, 6),)), ((3, 3), ()), ((1, 1), ((1, 1),)), ((4, 3), ((6, 6),)), ((2, 5), ((6, 6),)), ((1, 6), ((1, 6), (6, 6))), ((1, 2), ((1, 6),)), ((4, 5), ((1, 6),)), ((5, 6), ((1, 6),)), ((3, 2), ()), ((1, 2), ((1, 1),)), ((3, 3), ((6, 6),)), ((1, 5), ((6, 6),)), ((1, 5), ((1, 6), (6, 6))), ((2, 6), ((1, 6), (6, 6))), ((1, 1), ((1, 1), (1, 6))), ((5, 5), ((1, 6),)), ((6, 6), ((1, 6), (6, 6))), ((3, 1), ()), ((1, 3), ((1, 1),)), ((3, 2), ((6, 6),)), ((1, 4), ((6, 6),)), ((1, 4), ((1, 6), (6, 6))), ((2, 5), ((1, 6), (6, 6))), ((3, 6), ((1, 6), (6, 6))), ((1, 2), ((1, 1), (1, 6))), ((6, 5), ((1, 6),)), ((6, 5), ((1, 6), (6, 6))), ((5, 6), ((1, 6), (6, 6))), ((4, 1), ()), ((1, 4), ((1, 1),)), ((3, 1), ((6, 6),)), ((1, 3), ((6, 6),)), ((1, 3), ((1, 6), (6, 6))), ((3, 5), ((1, 6), (6, 6))), ((4, 6), ((1, 6), (6, 6))), ((1, 3), ((1, 1), (1, 6))), ((6, 4), ((1, 6),)), ((6, 4), ((1, 6), (6, 6))), ((5, 5), ((1, 6), (6, 6))), ((5, 1), ()), ((1, 5), ((1, 1),)), ((4, 1), ((6, 6),)), ((1, 2), ((6, 6),)), ((1, 2), ((1, 6), (6, 6))), ((4, 5), ((1, 6), (6, 6))), ((1, 4), ((1, 1), (1, 6))), ((6, 3), ((1, 6),)), ((6, 3), ((1, 6), (6, 6))), ((6, 1), ((6, 1),)), ((1, 6), ((1, 1), (1, 6))), ((2, 5), ((1, 1),)), ((5, 1), ((6, 6),)), ((1, 1), ((1, 1), (6, 6))), ((1, 1), ((1, 1), (1, 6), (6, 6))), ((1, 5), ((1, 1), (1, 6))), ((5, 3), ((1, 6),)), ((5, 3), ((1, 6), (6, 6))), ((5, 1), ((6, 1),)), ((2, 6), ((1, 1), (1, 6))), ((2, 6), ((1, 1),)), ((3, 5), ((1, 1),)), ((6, 1), ((6, 1), (6, 6))), ((1, 2), ((1, 1), (6, 6))), ((1, 2), ((1, 1), (1, 6), (6, 6))), ((2, 5), ((1, 1), (1, 6))), ((4, 3), ((1, 6),)), ((4, 3), ((1, 6), (6, 6))), ((4, 1), ((6, 1),)), ((3, 6), ((1, 1), (1, 6))), ((3, 6), ((1, 1),)), ((4, 5), ((1, 1),)), ((5, 1), ((6, 1), (6, 6))), ((1, 3), ((1, 1), (6, 6))), ((1, 3), ((1, 1), (1, 6), (6, 6))), ((3, 5), ((1, 1), (1, 6))), ((3, 3), ((1, 6),)), ((3, 3), ((1, 6), (6, 6))), ((3, 1), ((6, 1),)), ((4, 6), ((1, 1), (1, 6))), ((4, 6), ((1, 1),)), ((5, 5), ((1, 1),)), ((4, 1), ((6, 1), (6, 6))), ((1, 4), ((1, 1), (6, 6))), ((1, 4), ((1, 1), (1, 6), (6, 6))), ((4, 5), ((1, 1), (1, 6))), ((3, 2), ((1, 6),)), ((3, 2), ((1, 6), (6, 6))), ((3, 2), ((6, 1),)), ((5, 6), ((1, 1), (1, 6))), ((5, 6), ((1, 1),)), ((6, 5), ((1, 1),)), ((3, 1), ((6, 1), (6, 6))), ((1, 5), ((1, 1), (6, 6))), ((1, 5), ((1, 1), (1, 6), (6, 6))), ((5, 5), ((1, 1), (1, 6))), ((3, 1), ((1, 6),)), ((3, 1), ((1, 6), (6, 6))), ((3, 3), ((6, 1),)), ((6, 6), ((1, 1), (1, 6), (6, 6))), ((6, 6), ((1, 1), (6, 6))), ((6, 4), ((1, 1),)), ((3, 2), ((6, 1), (6, 6))), ((1, 6), ((1, 1), (1, 6), (6, 6))), ((2, 5), ((1, 1), (6, 6))), ((2, 5), ((1, 1), (1, 6), (6, 6))), ((6, 5), ((1, 1), (1, 6))), ((4, 1), ((1, 6),)), ((4, 1), ((1, 6), (6, 6))), ((4, 3), ((6, 1),)), ((6, 5), ((1, 1), (1, 6), (6, 6))), ((5, 6), ((1, 1), (1, 6), (6, 6))), ((6, 5), ((1, 1), (6, 6))), ((5, 6), ((1, 1), (6, 6))), ((6, 3), ((1, 1),)), ((3, 3), ((6, 1), (6, 6))), ((2, 6), ((1, 1), (1, 6), (6, 6))), ((2, 6), ((1, 1), (6, 6))), ((3, 5), ((1, 1), (6, 6))), ((3, 5), ((1, 1), (1, 6), (6, 6))), ((6, 4), ((1, 1), (1, 6))), ((5, 1), ((1, 6),)), ((5, 1), ((1, 6), (6, 6))), ((5, 3), ((6, 1),)), ((6, 4), ((1, 1), (1, 6), (6, 6))), ((5, 5), ((1, 1), (1, 6), (6, 6))), ((4, 6), ((1, 1), (1, 6), (6, 6))), ((6, 4), ((1, 1), (6, 6))), ((5, 5), ((1, 1), (6, 6))), ((4, 6), ((1, 1), (6, 6))), ((5, 3), ((1, 1),)), ((4, 3), ((6, 1), (6, 6))), ((3, 6), ((1, 1), (1, 6), (6, 6))), ((3, 6), ((1, 1), (6, 6))), ((4, 5), ((1, 1), (6, 6))), ((4, 5), ((1, 1), (1, 6), (6, 6))), ((6, 3), ((1, 1), (1, 6))), ((6, 1), ((1, 6), (6, 1))), ((6, 1), ((1, 6), (6, 1), (6, 6))), ((6, 3), ((6, 1),)), ((6, 3), ((1, 1), (1, 6), (6, 6))), ((6, 3), ((1, 1), (6, 6))), ((4, 3), ((1, 1),)), ((5, 3), ((6, 1), (6, 6))), ((5, 3), ((1, 1), (1, 6))), ((5, 1), ((1, 6), (6, 1))), ((5, 1), ((1, 6), (6, 1), (6, 6))), ((6, 4), ((6, 1),)), ((5, 3), ((1, 1), (1, 6), (6, 6))), ((5, 3), ((1, 1), (6, 6))), ((3, 3), ((1, 1),)), ((6, 3), ((6, 1), (6, 6))), ((4, 3), ((1, 1), (1, 6))), ((4, 1), ((1, 6), (6, 1))), ((4, 1), ((1, 6), (6, 1), (6, 6))), ((6, 5), ((6, 1),)), ((4, 3), ((1, 1), (1, 6), (6, 6))), ((4, 3), ((1, 1), (6, 6))), ((3, 2), ((1, 1),)), ((6, 4), ((6, 1), (6, 6))), ((3, 3), ((1, 1), (1, 6))), ((3, 1), ((1, 6), (6, 1))), ((3, 1), ((1, 6), (6, 1), (6, 6))), ((6, 6), ((6, 1), (6, 6))), ((5, 5), ((6, 1),)), ((3, 3), ((1, 1), (1, 6), (6, 6))), ((3, 3), ((1, 1), (6, 6))), ((3, 1), ((1, 1),)), ((6, 5), ((6, 1), (6, 6))), ((3, 2), ((1, 1), (1, 6))), ((3, 2), ((1, 6), (6, 1))), ((3, 2), ((1, 6), (6, 1), (6, 6))), ((5, 6), ((6, 1), (6, 6))), ((5, 6), ((6, 1),)), ((4, 5), ((6, 1),)), ((3, 2), ((1, 1), (1, 6), (6, 6))), ((3, 2), ((1, 1), (6, 6))), ((4, 1), ((1, 1),)), ((5, 5), ((6, 1), (6, 6))), ((3, 1), ((1, 1), (1, 6))), ((3, 3), ((1, 6), (6, 1))), ((3, 3), ((1, 6), (6, 1), (6, 6))), ((4, 6), ((6, 1), (6, 6))), ((4, 6), ((6, 1),)), ((3, 5), ((6, 1),)), ((3, 1), ((1, 1), (1, 6), (6, 6))), ((3, 1), ((1, 1), (6, 6))), ((5, 1), ((1, 1),)), ((4, 5), ((6, 1), (6, 6))), ((4, 1), ((1, 1), (1, 6))), ((4, 3), ((1, 6), (6, 1))), ((4, 3), ((1, 6), (6, 1), (6, 6))), ((3, 6), ((6, 1), (6, 6))), ((3, 6), ((6, 1),)), ((2, 5), ((6, 1),)), ((4, 1), ((1, 1), (1, 6), (6, 6))), ((4, 1), ((1, 1), (6, 6))), ((6, 1), ((1, 1), (6, 1))), ((3, 5), ((6, 1), (6, 6))), ((5, 1), ((1, 1), (1, 6))), ((5, 3), ((1, 6), (6, 1))), ((5, 3), ((1, 6), (6, 1), (6, 6))), ((2, 6), ((6, 1), (6, 6))), ((2, 6), ((6, 1),)), ((1, 5), ((6, 1),)), ((5, 1), ((1, 1), (1, 6), (6, 6))), ((5, 1), ((1, 1), (6, 6))), ((5, 1), ((1, 1), (6, 1))), ((2, 5), ((6, 1), (6, 6))), ((6, 1), ((1, 1), (1, 6), (6, 1))), ((6, 3), ((1, 6), (6, 1))), ((6, 3), ((1, 6), (6, 1), (6, 6))), ((1, 6), ((1, 6), (6, 1), (6, 6))), ((1, 6), ((1, 6), (6, 1))), ((1, 4), ((6, 1),))]",28,0,28
