iteration,expanded_state,parent,action,generated_successors,frontier_before,frontier_after,explored,g,h,f
1,"(15, 1)",,,"[(16, 1) via East, (14, 1) via West]","[(15, 1)]","[(16, 1), (14, 1)]",[],0,0,0
2,"(16, 1)",,,"[(17, 1) via East, (15, 1) via West]","[(16, 1)]","[(17, 1), (15, 1)]",[],0,0,0
3,"(17, 1)",,,"[(18, 1) via East, (16, 1) via West]","[(17, 1)]","[(18, 1), (16, 1)]",[],0,0,0
4,"(18, 1)",,,"[(19, 1) via East, (17, 1) via West]","[(18, 1)]","[(19, 1), (17, 1)]",[],0,0,0
5,"(19, 1)",,,"[(19, 2) via North, (18, 1) via West]","[(19, 1)]","[(19, 2), (18, 1)]",[],0,0,0
6,"(19, 2)",,,"[(19, 3) via North, (19, 1) via South]","[(19, 2)]","[(19, 3), (19, 1)]",[],0,0,0
7,"(19, 3)",,,"[(19, 2) via South, (20, 3) via East, (18, 3) via West]","[(19, 3)]","[(19, 2), (20, 3), (18, 3)]",[],0,0,0
8,"(19, 2)","(19, 3)",South,"[(19, 1) via South]","[(19, 2), (20, 3), (18, 3)]","[(20, 3), (18, 3), (19, 1)]","[(19, 3)]",1,0,1
9,"(20, 3)",,,"[(21, 3) via East, (19, 3) via West]","[(20, 3)]","[(21, 3), (19, 3)]",[],0,0,0
10,"(21, 3)",,,"[(21, 4) via North, (20, 3) via West]","[(21, 3)]","[(21, 4), (20, 3)]",[],0,0,0
11,"(21, 4)",,,"[(21, 5) via North, (21, 3) via South]","[(21, 4)]","[(21, 5), (21, 3)]",[],0,0,0
12,"(21, 5)",,,"[(21, 6) via North, (21, 4) via South]","[(21, 5)]","[(21, 6), (21, 4)]",[],0,0,0
13,"(21, 6)",,,"[(21, 7) via North, (21, 5) via South]","[(21, 6)]","[(21, 7), (21, 5)]",[],0,0,0
14,"(21, 7)",,,"[(21, 8) via North, (21, 6) via South, (22, 7) via East, (20, 7) via West]","[(21, 7)]","[(21, 8), (21, 6), (22, 7), (20, 7)]",[],0,0,0
15,"(21, 8)",,,"[(21, 9) via North, (21, 7) via South]","[(21, 8)]","[(21, 9), (21, 7)]",[],0,0,0
16,"(21, 9)",,,"[(21, 10) via North, (21, 8) via South]","[(21, 9)]","[(21, 10), (21, 8)]",[],0,0,0
17,"(21, 10)",,,"[(21, 11) via North, (21, 9) via South, (22, 10) via East]","[(21, 10)]","[(21, 11), (21, 9), (22, 10)]",[],0,0,0
18,"(21, 11)",,,"[(21, 10) via South, (20, 11) via West]","[(21, 11)]","[(21, 10), (20, 11)]",[],0,0,0
19,"(21, 10)","(21, 11)",South,"[(21, 9) via South, (22, 10) via East]","[(21, 10), (20, 11)]","[(20, 11), (21, 9), (22, 10)]","[(21, 11)]",1,0,1
20,"(20, 11)",,,"[(21, 11) via East, (19, 11) via West]","[(20, 11)]","[(21, 11), (19, 11)]",[],0,0,0
21,"(21, 11)","(20, 11)",East,"[(21, 10) via South]","[(21, 11), (19, 11)]","[(19, 11), (21, 10)]","[(20, 11)]",1,0,1
22,"(19, 11)",,,"[(19, 12) via North, (20, 11) via East, (18, 11) via West]","[(19, 11)]","[(19, 12), (20, 11), (18, 11)]",[],0,0,0
23,"(19, 12)",,,"[(19, 13) via North, (19, 11) via South]","[(19, 12)]","[(19, 13), (19, 11)]",[],0,0,0
24,"(19, 13)",,,"[(19, 12) via South, (20, 13) via East, (18, 13) via West]","[(19, 13)]","[(19, 12), (20, 13), (18, 13)]",[],0,0,0
25,"(19, 12)","(19, 13)",South,"[(19, 11) via South]","[(19, 12), (20, 13), (18, 13)]","[(20, 13), (18, 13), (19, 11)]","[(19, 13)]",1,0,1
26,"(20, 13)",,,"[(21, 13) via East, (19, 13) via West]","[(20, 13)]","[(21, 13), (19, 13)]",[],0,0,0
27,"(21, 13)",,,"[(22, 13) via East, (20, 13) via West]","[(21, 13)]","[(22, 13), (20, 13)]",[],0,0,0
28,"(22, 13)",,,"[(23, 13) via East, (21, 13) via West]","[(22, 13)]","[(23, 13), (21, 13)]",[],0,0,0
29,"(23, 13)",,,"[(23, 12) via South, (22, 13) via West]","[(23, 13)]","[(23, 12), (22, 13)]",[],0,0,0
30,"(23, 12)",,,"[(23, 13) via North, (23, 11) via South]","[(23, 12)]","[(23, 13), (23, 11)]",[],0,0,0
31,"(23, 13)","(23, 12)",North,"[(22, 13) via West]","[(23, 13), (23, 11)]","[(23, 11), (22, 13)]","[(23, 12)]",1,0,1
32,"(23, 11)",,,"[(23, 12) via North, (23, 10) via South]","[(23, 11)]","[(23, 12), (23, 10)]",[],0,0,0
33,"(23, 12)","(23, 11)",North,"[(23, 13) via North]","[(23, 12), (23, 10)]","[(23, 10), (23, 13)]","[(23, 11)]",1,0,1
34,"(23, 10)",,,"[(23, 11) via North, (23, 9) via South, (22, 10) via West]","[(23, 10)]","[(23, 11), (23, 9), (22, 10)]",[],0,0,0
35,"(23, 11)","(23, 10)",North,"[(23, 12) via North]","[(23, 11), (23, 9), (22, 10)]","[(23, 9), (22, 10), (23, 12)]","[(23, 10)]",1,0,1
36,"(23, 9)",,,"[(23, 10) via North, (24, 9) via East]","[(23, 9)]","[(23, 10), (24, 9)]",[],0,0,0
37,"(23, 10)","(23, 9)",North,"[(23, 11) via North, (22, 10) via West]","[(23, 10), (24, 9)]","[(24, 9), (23, 11), (22, 10)]","[(23, 9)]",1,0,1
38,"(24, 9)",,,"[(25, 9) via East, (23, 9) via West]","[(24, 9)]","[(25, 9), (23, 9)]",[],0,0,0
39,"(25, 9)",,,"[(25, 8) via South, (24, 9) via West]","[(25, 9)]","[(25, 8), (24, 9)]",[],0,0,0
40,"(25, 8)",,,"[(25, 9) via North, (25, 7) via South]","[(25, 8)]","[(25, 9), (25, 7)]",[],0,0,0
41,"(25, 9)","(25, 8)",North,"[(24, 9) via West]","[(25, 9), (25, 7)]","[(25, 7), (24, 9)]","[(25, 8)]",1,0,1
42,"(25, 7)",,,"[(25, 8) via North, (25, 6) via South, (24, 7) via West]","[(25, 7)]","[(25, 8), (25, 6), (24, 7)]",[],0,0,0
43,"(25, 8)","(25, 7)",North,"[(25, 9) via North]","[(25, 8), (25, 6), (24, 7)]","[(25, 6), (24, 7), (25, 9)]","[(25, 7)]",1,0,1
44,"(25, 6)",,,"[(25, 7) via North, (25, 5) via South]","[(25, 6)]","[(25, 7), (25, 5)]",[],0,0,0
45,"(25, 7)","(25, 6)",North,"[(25, 8) via North, (24, 7) via West]","[(25, 7), (25, 5)]","[(25, 5), (25, 8), (24, 7)]","[(25, 6)]",1,0,1
46,"(25, 5)",,,"[(25, 6) via North, (24, 5) via West]","[(25, 5)]","[(25, 6), (24, 5)]",[],0,0,0
47,"(25, 6)","(25, 5)",North,"[(25, 7) via North]","[(25, 6), (24, 5)]","[(24, 5), (25, 7)]","[(25, 5)]",1,0,1
48,"(24, 5)",,,"[(25, 5) via East, (23, 5) via West]","[(24, 5)]","[(25, 5), (23, 5)]",[],0,0,0
49,"(25, 5)","(24, 5)",East,"[(25, 6) via North]","[(25, 5), (23, 5)]","[(23, 5), (25, 6)]","[(24, 5)]",1,0,1
50,"(23, 5)",,,"[(23, 4) via South, (24, 5) via East]","[(23, 5)]","[(23, 4), (24, 5)]",[],0,0,0
51,"(23, 4)",,,"[(23, 5) via North, (23, 3) via South]","[(23, 4)]","[(23, 5), (23, 3)]",[],0,0,0
52,"(23, 5)","(23, 4)",North,"[(24, 5) via East]","[(23, 5), (23, 3)]","[(23, 3), (24, 5)]","[(23, 4)]",1,0,1
53,"(23, 3)",,,"[(23, 4) via North, (23, 2) via South, (24, 3) via East]","[(23, 3)]","[(23, 4), (23, 2), (24, 3)]",[],0,0,0
54,"(23, 4)","(23, 3)",North,"[(23, 5) via North]","[(23, 4), (23, 2), (24, 3)]","[(23, 2), (24, 3), (23, 5)]","[(23, 3)]",1,0,1
55,"(23, 2)",,,"[(23, 3) via North, (23, 1) via South]","[(23, 2)]","[(23, 3), (23, 1)]",[],0,0,0
56,"(23, 3)","(23, 2)",North,"[(23, 4) via North, (24, 3) via East]","[(23, 3), (23, 1)]","[(23, 1), (23, 4), (24, 3)]","[(23, 2)]",1,0,1
57,"(23, 1)",,,"[(23, 2) via North, (22, 1) via West]","[(23, 1)]","[(23, 2), (22, 1)]",[],0,0,0
58,"(23, 2)","(23, 1)",North,"[(23, 3) via North]","[(23, 2), (22, 1)]","[(22, 1), (23, 3)]","[(23, 1)]",1,0,1
59,"(22, 1)",,,"[(23, 1) via East, (21, 1) via West]","[(22, 1)]","[(23, 1), (21, 1)]",[],0,0,0
60,"(23, 1)","(22, 1)",East,"[(23, 2) via North]","[(23, 1), (21, 1)]","[(21, 1), (23, 2)]","[(22, 1)]",1,0,1
61,"(21, 1)",,,"[(22, 1) via East]","[(21, 1)]","[(22, 1)]",[],0,0,0
62,"(22, 1)","(21, 1)",East,"[(23, 1) via East]","[(22, 1)]","[(23, 1)]","[(21, 1)]",1,0,1
63,"(23, 1)","(22, 1)",East,"[(23, 2) via North]","[(23, 1)]","[(23, 2)]","[(21, 1), (22, 1)]",2,0,2
64,"(23, 2)","(23, 1)",North,"[(23, 3) via North]","[(23, 2)]","[(23, 3)]","[(21, 1), (22, 1), (23, 1)]",3,0,3
65,"(23, 3)","(23, 2)",North,"[(23, 4) via North, (24, 3) via East]","[(23, 3)]","[(23, 4), (24, 3)]","[(21, 1), (22, 1), (23, 1), (23, 2)]",4,0,4
66,"(23, 4)","(23, 3)",North,"[(23, 5) via North]","[(23, 4), (24, 3)]","[(24, 3), (23, 5)]","[(21, 1), (22, 1), (23, 1), (23, 2), (23, 3)]",5,0,5
67,"(24, 3)",,,"[(25, 3) via East, (23, 3) via West]","[(24, 3)]","[(25, 3), (23, 3)]",[],0,0,0
68,"(25, 3)",,,"[(25, 2) via South, (26, 3) via East, (24, 3) via West]","[(25, 3)]","[(25, 2), (26, 3), (24, 3)]",[],0,0,0
69,"(25, 2)",,,"[(25, 3) via North, (25, 1) via South]","[(25, 2)]","[(25, 3), (25, 1)]",[],0,0,0
70,"(25, 3)","(25, 2)",North,"[(26, 3) via East, (24, 3) via West]","[(25, 3), (25, 1)]","[(25, 1), (26, 3), (24, 3)]","[(25, 2)]",1,0,1
71,"(25, 1)",,,"[(25, 2) via North, (26, 1) via East]","[(25, 1)]","[(25, 2), (26, 1)]",[],0,0,0
72,"(25, 2)","(25, 1)",North,"[(25, 3) via North]","[(25, 2), (26, 1)]","[(26, 1), (25, 3)]","[(25, 1)]",1,0,1
73,"(26, 1)",,,"[(27, 1) via East, (25, 1) via West]","[(26, 1)]","[(27, 1), (25, 1)]",[],0,0,0
74,"(27, 1)",,,"[(28, 1) via East, (26, 1) via West]","[(27, 1)]","[(28, 1), (26, 1)]",[],0,0,0
75,"(28, 1)",,,"[(29, 1) via East, (27, 1) via West]","[(28, 1)]","[(29, 1), (27, 1)]",[],0,0,0
76,"(29, 1)",,,"[(29, 2) via North, (28, 1) via West]","[(29, 1)]","[(29, 2), (28, 1)]",[],0,0,0
77,"(29, 2)",,,"[(29, 3) via North, (29, 1) via South]","[(29, 2)]","[(29, 3), (29, 1)]",[],0,0,0
78,"(29, 3)",,,"[(29, 4) via North, (29, 2) via South]","[(29, 3)]","[(29, 4), (29, 2)]",[],0,0,0
79,"(29, 4)",,,"[(29, 3) via South, (28, 4) via West]","[(29, 4)]","[(29, 3), (28, 4)]",[],0,0,0
80,"(29, 3)","(29, 4)",South,"[(29, 2) via South]","[(29, 3), (28, 4)]","[(28, 4), (29, 2)]","[(29, 4)]",1,0,1
81,"(28, 4)",,,"[(29, 4) via East, (27, 4) via West]","[(28, 4)]","[(29, 4), (27, 4)]",[],0,0,0
82,"(29, 4)","(28, 4)",East,"[(29, 3) via South]","[(29, 4), (27, 4)]","[(27, 4), (29, 3)]","[(28, 4)]",1,0,1
83,"(27, 4)",,,"[(27, 5) via North, (27, 3) via South, (28, 4) via East]","[(27, 4)]","[(27, 5), (27, 3), (28, 4)]",[],0,0,0
84,"(27, 5)",,,"[(27, 6) via North, (27, 4) via South]","[(27, 5)]","[(27, 6), (27, 4)]",[],0,0,0
85,"(27, 6)",,,"[(27, 5) via South, (28, 6) via East]","[(27, 6)]","[(27, 5), (28, 6)]",[],0,0,0
86,"(27, 5)","(27, 6)",South,"[(27, 4) via South]","[(27, 5), (28, 6)]","[(28, 6), (27, 4)]","[(27, 6)]",1,0,1
87,"(28, 6)",,,"[(29, 6) via East, (27, 6) via West]","[(28, 6)]","[(29, 6), (27, 6)]",[],0,0,0
88,"(29, 6)",,,"[(29, 7) via North, (28, 6) via West]","[(29, 6)]","[(29, 7), (28, 6)]",[],0,0,0
89,"(29, 7)",,,"[(29, 8) via North, (29, 6) via South]","[(29, 7)]","[(29, 8), (29, 6)]",[],0,0,0
90,"(29, 8)",,,"[(29, 7) via South, (28, 8) via West]","[(29, 8)]","[(29, 7), (28, 8)]",[],0,0,0
91,"(29, 7)","(29, 8)",South,"[(29, 6) via South]","[(29, 7), (28, 8)]","[(28, 8), (29, 6)]","[(29, 8)]",1,0,1
92,"(28, 8)",,,"[(29, 8) via East, (27, 8) via West]","[(28, 8)]","[(29, 8), (27, 8)]",[],0,0,0
93,"(29, 8)","(28, 8)",East,"[(29, 7) via South]","[(29, 8), (27, 8)]","[(27, 8), (29, 7)]","[(28, 8)]",1,0,1
94,"(27, 8)",,,"[(27, 9) via North, (28, 8) via East]","[(27, 8)]","[(27, 9), (28, 8)]",[],0,0,0
95,"(27, 9)",,,"[(27, 10) via North, (27, 8) via South]","[(27, 9)]","[(27, 10), (27, 8)]",[],0,0,0
96,"(27, 10)",,,"[(27, 11) via North, (27, 9) via South, (28, 10) via East]","[(27, 10)]","[(27, 11), (27, 9), (28, 10)]",[],0,0,0
97,"(27, 11)",,,"[(27, 12) via North, (27, 10) via South, (28, 11) via East, (26, 11) via West]","[(27, 11)]","[(27, 12), (27, 10), (28, 11), (26, 11)]",[],0,0,0
98,"(27, 12)",,,"[(27, 13) via North, (27, 11) via South, (28, 12) via East, (26, 12) via West]","[(27, 12)]","[(27, 13), (27, 11), (28, 12), (26, 12)]",[],0,0,0
99,"(27, 13)",,,"[(27, 12) via South, (28, 13) via East, (26, 13) via West]","[(27, 13)]","[(27, 12), (28, 13), (26, 13)]",[],0,0,0
100,"(27, 12)","(27, 13)",South,"[(27, 11) via South, (28, 12) via East, (26, 12) via West]","[(27, 12), (28, 13), (26, 13)]","[(28, 13), (26, 13), (27, 11), (28, 12), (26, 12)]","[(27, 13)]",1,0,1
101,"(28, 13)",,,"[(28, 12) via South, (29, 13) via East, (27, 13) via West]","[(28, 13)]","[(28, 12), (29, 13), (27, 13)]",[],0,0,0
102,"(28, 12)",,,"[(28, 13) via North, (28, 11) via South, (29, 12) via East, (27, 12) via West]","[(28, 12)]","[(28, 13), (28, 11), (29, 12), (27, 12)]",[],0,0,0
103,"(28, 13)","(28, 12)",North,"[(29, 13) via East, (27, 13) via West]","[(28, 13), (28, 11), (29, 12), (27, 12)]","[(28, 11), (29, 12), (27, 12), (29, 13), (27, 13)]","[(28, 12)]",1,0,1
104,"(28, 11)",,,"[(28, 12) via North, (28, 10) via South, (29, 11) via East, (27, 11) via West]","[(28, 11)]","[(28, 12), (28, 10), (29, 11), (27, 11)]",[],0,0,0
105,"(28, 12)","(28, 11)",North,"[(28, 13) via North, (29, 12) via East, (27, 12) via West]","[(28, 12), (28, 10), (29, 11), (27, 11)]","[(28, 10), (29, 11), (27, 11), (28, 13), (29, 12), (27, 12)]","[(28, 11)]",1,0,1
106,"(28, 10)",,,"[(28, 11) via North, (29, 10) via East, (27, 10) via West]","[(28, 10)]","[(28, 11), (29, 10), (27, 10)]",[],0,0,0
107,"(28, 11)","(28, 10)",North,"[(28, 12) via North, (29, 11) via East, (27, 11) via West]","[(28, 11), (29, 10), (27, 10)]","[(29, 10), (27, 10), (28, 12), (29, 11), (27, 11)]","[(28, 10)]",1,0,1
108,"(29, 10)",,,"[(29, 11) via North, (28, 10) via West]","[(29, 10)]","[(29, 11), (28, 10)]",[],0,0,0
109,"(29, 11)",,,"[(29, 12) via North, (29, 10) via South, (28, 11) via West]","[(29, 11)]","[(29, 12), (29, 10), (28, 11)]",[],0,0,0
110,"(29, 12)",,,"[(29, 13) via North, (29, 11) via South, (28, 12) via West]","[(29, 12)]","[(29, 13), (29, 11), (28, 12)]",[],0,0,0
111,"(29, 13)",,,"[(29, 12) via South, (28, 13) via West]","[(29, 13)]","[(29, 12), (28, 13)]",[],0,0,0
112,"(29, 12)","(29, 13)",South,"[(29, 11) via South, (28, 12) via West]","[(29, 12), (28, 13)]","[(28, 13), (29, 11), (28, 12)]","[(29, 13)]",1,0,1
113,"(28, 13)","(29, 13)",West,"[(27, 13) via West]","[(28, 13), (29, 11), (28, 12)]","[(29, 11), (28, 12), (27, 13)]","[(29, 13), (29, 12)]",1,0,1
114,"(29, 11)","(29, 12)",South,"[(29, 10) via South, (28, 11) via West]","[(29, 11), (28, 12), (27, 13)]","[(28, 12), (27, 13), (29, 10), (28, 11)]","[(29, 13), (29, 12), (28, 13)]",2,0,2
115,"(28, 12)","(29, 12)",West,"[(27, 12) via West]","[(28, 12), (27, 13), (29, 10), (28, 11)]","[(27, 13), (29, 10), (28, 11), (27, 12)]","[(29, 13), (29, 12), (28, 13), (29, 11)]",2,0,2
116,"(27, 13)","(28, 13)",West,"[(26, 13) via West]","[(27, 13), (29, 10), (28, 11), (27, 12)]","[(29, 10), (28, 11), (27, 12), (26, 13)]","[(29, 13), (29, 12), (28, 13), (29, 11), (28, 12)]",2,0,2
117,"(29, 10)","(29, 11)",South,"[(28, 10) via West]","[(29, 10), (28, 11), (27, 12), (26, 13)]","[(28, 11), (27, 12), (26, 13), (28, 10)]","[(29, 13), (29, 12), (28, 13), (29, 11), (28, 12), (27, 13)]",3,0,3
118,"(28, 11)","(29, 11)",West,"[(27, 11) via West]","[(28, 11), (27, 12), (26, 13), (28, 10)]","[(27, 12), (26, 13), (28, 10), (27, 11)]","[(29, 13), (29, 12), (28, 13), (29, 11), (28, 12), (27, 13), (29, 10)]",3,0,3
119,"(27, 12)","(28, 12)",West,"[(26, 12) via West]","[(27, 12), (26, 13), (28, 10), (27, 11)]","[(26, 13), (28, 10), (27, 11), (26, 12)]","[(29, 13), (29, 12), (28, 13), (29, 11), (28, 12), (27, 13), (29, 10), (28, 11)]",3,0,3
120,"(26, 13)",,,"[(26, 12) via South, (27, 13) via East, (25, 13) via West]","[(26, 13)]","[(26, 12), (27, 13), (25, 13)]",[],0,0,0
121,"(26, 12)",,,"[(26, 13) via North, (26, 11) via South, (27, 12) via East, (25, 12) via West]","[(26, 12)]","[(26, 13), (26, 11), (27, 12), (25, 12)]",[],0,0,0
122,"(26, 13)","(26, 12)",North,"[(27, 13) via East, (25, 13) via West]","[(26, 13), (26, 11), (27, 12), (25, 12)]","[(26, 11), (27, 12), (25, 12), (27, 13), (25, 13)]","[(26, 12)]",1,0,1
123,"(26, 11)",,,"[(26, 12) via North, (27, 11) via East, (25, 11) via West]","[(26, 11)]","[(26, 12), (27, 11), (25, 11)]",[],0,0,0
124,"(26, 12)","(26, 11)",North,"[(26, 13) via North, (27, 12) via East, (25, 12) via West]","[(26, 12), (27, 11), (25, 11)]","[(27, 11), (25, 11), (26, 13), (27, 12), (25, 12)]","[(26, 11)]",1,0,1
125,"(27, 11)","(26, 11)",East,"[(27, 10) via South, (28, 11) via East]","[(27, 11), (25, 11), (26, 13), (27, 12), (25, 12)]","[(25, 11), (26, 13), (27, 12), (25, 12), (27, 10), (28, 11)]","[(26, 11), (26, 12)]",1,0,1
126,"(25, 11)",,,"[(25, 12) via North, (26, 11) via East]","[(25, 11)]","[(25, 12), (26, 11)]",[],0,0,0
127,"(25, 12)",,,"[(25, 13) via North, (25, 11) via South, (26, 12) via East]","[(25, 12)]","[(25, 13), (25, 11), (26, 12)]",[],0,0,0
128,"(25, 13)",,,"[(25, 12) via South, (26, 13) via East]","[(25, 13)]","[(25, 12), (26, 13)]",[],0,0,0
129,"(25, 12)","(25, 13)",South,"[(25, 11) via South, (26, 12) via East]","[(25, 12), (26, 13)]","[(26, 13), (25, 11), (26, 12)]","[(25, 13)]",1,0,1
130,"(26, 13)","(25, 13)",East,"[(27, 13) via East]","[(26, 13), (25, 11), (26, 12)]","[(25, 11), (26, 12), (27, 13)]","[(25, 13), (25, 12)]",1,0,1
131,"(25, 11)","(25, 12)",South,"[(26, 11) via East]","[(25, 11), (26, 12), (27, 13)]","[(26, 12), (27, 13), (26, 11)]","[(25, 13), (25, 12), (26, 13)]",2,0,2
132,"(26, 12)","(25, 12)",East,"[(27, 12) via East]","[(26, 12), (27, 13), (26, 11)]","[(27, 13), (26, 11), (27, 12)]","[(25, 13), (25, 12), (26, 13), (25, 11)]",2,0,2
133,"(27, 13)","(26, 13)",East,"[(28, 13) via East]","[(27, 13), (26, 11), (27, 12)]","[(26, 11), (27, 12), (28, 13)]","[(25, 13), (25, 12), (26, 13), (25, 11), (26, 12)]",2,0,2
134,"(26, 11)","(25, 11)",East,"[(27, 11) via East]","[(26, 11), (27, 12), (28, 13)]","[(27, 12), (28, 13), (27, 11)]","[(25, 13), (25, 12), (26, 13), (25, 11), (26, 12), (27, 13)]",3,0,3
135,"(27, 12)","(26, 12)",East,"[(28, 12) via East]","[(27, 12), (28, 13), (27, 11)]","[(28, 13), (27, 11), (28, 12)]","[(25, 13), (25, 12), (26, 13), (25, 11), (26, 12), (27, 13), (26, 11)]",3,0,3
136,"(28, 13)","(27, 13)",East,"[(29, 13) via East]","[(28, 13), (27, 11), (28, 12)]","[(27, 11), (28, 12), (29, 13)]","[(25, 13), (25, 12), (26, 13), (25, 11), (26, 12), (27, 13), (26, 11), (27, 12)]",3,0,3
137,"(27, 11)","(26, 11)",East,"[(27, 10) via South, (28, 11) via East]","[(27, 11), (28, 12), (29, 13)]","[(28, 12), (29, 13), (27, 10), (28, 11)]","[(25, 13), (25, 12), (26, 13), (25, 11), (26, 12), (27, 13), (26, 11), (27, 12), (28, 13)]",4,0,4
138,"(28, 12)","(27, 12)",East,"[(29, 12) via East]","[(28, 12), (29, 13), (27, 10), (28, 11)]","[(29, 13), (27, 10), (28, 11), (29, 12)]","[(25, 13), (25, 12), (26, 13), (25, 11), (26, 12), (27, 13), (26, 11), (27, 12), (28, 13), (27, 11)]",4,0,4
139,"(29, 13)","(28, 13)",East,[],"[(29, 13), (27, 10), (28, 11), (29, 12)]","[(27, 10), (28, 11), (29, 12)]","[(25, 13), (25, 12), (26, 13), (25, 11), (26, 12), (27, 13), (26, 11), (27, 12), (28, 13), (27, 11), (28, 12)]",4,0,4
140,"(27, 10)","(27, 11)",South,"[(27, 9) via South, (28, 10) via East]","[(27, 10), (28, 11), (29, 12)]","[(28, 11), (29, 12), (27, 9), (28, 10)]","[(25, 13), (25, 12), (26, 13), (25, 11), (26, 12), (27, 13), (26, 11), (27, 12), (28, 13), (27, 11), (28, 12), (29, 13)]",5,0,5
141,"(28, 11)","(27, 11)",East,"[(29, 11) via East]","[(28, 11), (29, 12), (27, 9), (28, 10)]","[(29, 12), (27, 9), (28, 10), (29, 11)]","[(25, 13), (25, 12), (26, 13), (25, 11), (26, 12), (27, 13), (26, 11), (27, 12), (28, 13), (27, 11), (28, 12), (29, 13), (27, 10)]",5,0,5
142,"(29, 12)","(28, 12)",East,[],"[(29, 12), (27, 9), (28, 10), (29, 11)]","[(27, 9), (28, 10), (29, 11)]","[(25, 13), (25, 12), (26, 13), (25, 11), (26, 12), (27, 13), (26, 11), (27, 12), (28, 13), (27, 11), (28, 12), (29, 13), (27, 10), (28, 11)]",5,0,5
143,"(27, 9)","(27, 10)",South,"[(27, 8) via South]","[(27, 9), (28, 10), (29, 11)]","[(28, 10), (29, 11), (27, 8)]","[(25, 13), (25, 12), (26, 13), (25, 11), (26, 12), (27, 13), (26, 11), (27, 12), (28, 13), (27, 11), (28, 12), (29, 13), (27, 10), (28, 11), (29, 12)]",6,0,6
144,"(28, 10)","(27, 10)",East,"[(29, 10) via East]","[(28, 10), (29, 11), (27, 8)]","[(29, 11), (27, 8), (29, 10)]","[(25, 13), (25, 12), (26, 13), (25, 11), (26, 12), (27, 13), (26, 11), (27, 12), (28, 13), (27, 11), (28, 12), (29, 13), (27, 10), (28, 11), (29, 12), (27, 9)]",6,0,6
145,"(29, 11)","(28, 11)",East,[],"[(29, 11), (27, 8), (29, 10)]","[(27, 8), (29, 10)]","[(25, 13), (25, 12), (26, 13), (25, 11), (26, 12), (27, 13), (26, 11), (27, 12), (28, 13), (27, 11), (28, 12), (29, 13), (27, 10), (28, 11), (29, 12), (27, 9), (28, 10)]",6,0,6
146,"(27, 8)","(27, 9)",South,"[(28, 8) via East]","[(27, 8), (29, 10)]","[(29, 10), (28, 8)]","[(25, 13), (25, 12), (26, 13), (25, 11), (26, 12), (27, 13), (26, 11), (27, 12), (28, 13), (27, 11), (28, 12), (29, 13), (27, 10), (28, 11), (29, 12), (27, 9), (28, 10), (29, 11)]",7,0,7
147,"(29, 10)","(28, 10)",East,[],"[(29, 10), (28, 8)]","[(28, 8)]","[(25, 13), (25, 12), (26, 13), (25, 11), (26, 12), (27, 13), (26, 11), (27, 12), (28, 13), (27, 11), (28, 12), (29, 13), (27, 10), (28, 11), (29, 12), (27, 9), (28, 10), (29, 11), (27, 8)]",7,0,7
148,"(28, 8)","(27, 8)",East,"[(29, 8) via East]","[(28, 8)]","[(29, 8)]","[(25, 13), (25, 12), (26, 13), (25, 11), (26, 12), (27, 13), (26, 11), (27, 12), (28, 13), (27, 11), (28, 12), (29, 13), (27, 10), (28, 11), (29, 12), (27, 9), (28, 10), (29, 11), (27, 8), (29, 10)]",8,0,8
149,"(29, 8)","(28, 8)",East,"[(29, 7) via South]","[(29, 8)]","[(29, 7)]","[(25, 13), (25, 12), (26, 13), (25, 11), (26, 12), (27, 13), (26, 11), (27, 12), (28, 13), (27, 11), (28, 12), (29, 13), (27, 10), (28, 11), (29, 12), (27, 9), (28, 10), (29, 11), (27, 8), (29, 10), (28, 8)]",9,0,9
150,"(29, 7)","(29, 8)",South,"[(29, 6) via South]","[(29, 7)]","[(29, 6)]","[(25, 13), (25, 12), (26, 13), (25, 11), (26, 12), (27, 13), (26, 11), (27, 12), (28, 13), (27, 11), (28, 12), (29, 13), (27, 10), (28, 11), (29, 12), (27, 9), (28, 10), (29, 11), (27, 8), (29, 10), (28, 8), (29, 8)]",10,0,10
151,"(29, 6)","(29, 7)",South,"[(28, 6) via West]","[(29, 6)]","[(28, 6)]","[(25, 13), (25, 12), (26, 13), (25, 11), (26, 12), (27, 13), (26, 11), (27, 12), (28, 13), (27, 11), (28, 12), (29, 13), (27, 10), (28, 11), (29, 12), (27, 9), (28, 10), (29, 11), (27, 8), (29, 10), (28, 8), (29, 8), (29, 7)]",11,0,11
152,"(28, 6)","(29, 6)",West,"[(27, 6) via West]","[(28, 6)]","[(27, 6)]","[(25, 13), (25, 12), (26, 13), (25, 11), (26, 12), (27, 13), (26, 11), (27, 12), (28, 13), (27, 11), (28, 12), (29, 13), (27, 10), (28, 11), (29, 12), (27, 9), (28, 10), (29, 11), (27, 8), (29, 10), (28, 8), (29, 8), (29, 7), (29, 6)]",12,0,12
153,"(27, 6)","(28, 6)",West,"[(27, 5) via South]","[(27, 6)]","[(27, 5)]","[(25, 13), (25, 12), (26, 13), (25, 11), (26, 12), (27, 13), (26, 11), (27, 12), (28, 13), (27, 11), (28, 12), (29, 13), (27, 10), (28, 11), (29, 12), (27, 9), (28, 10), (29, 11), (27, 8), (29, 10), (28, 8), (29, 8), (29, 7), (29, 6), (28, 6)]",13,0,13
154,"(27, 5)","(27, 6)",South,"[(27, 4) via South]","[(27, 5)]","[(27, 4)]","[(25, 13), (25, 12), (26, 13), (25, 11), (26, 12), (27, 13), (26, 11), (27, 12), (28, 13), (27, 11), (28, 12), (29, 13), (27, 10), (28, 11), (29, 12), (27, 9), (28, 10), (29, 11), (27, 8), (29, 10), (28, 8), (29, 8), (29, 7), (29, 6), (28, 6), (27, 6)]",14,0,14
155,"(27, 4)","(27, 5)",South,"[(27, 3) via South, (28, 4) via East]","[(27, 4)]","[(27, 3), (28, 4)]","[(25, 13), (25, 12), (26, 13), (25, 11), (26, 12), (27, 13), (26, 11), (27, 12), (28, 13), (27, 11), (28, 12), (29, 13), (27, 10), (28, 11), (29, 12), (27, 9), (28, 10), (29, 11), (27, 8), (29, 10), (28, 8), (29, 8), (29, 7), (29, 6), (28, 6), (27, 6), (27, 5)]",15,0,15
156,"(27, 3)",,,"[(27, 4) via North, (26, 3) via West]","[(27, 3)]","[(27, 4), (26, 3)]",[],0,0,0
157,"(27, 4)","(27, 3)",North,"[(27, 5) via North, (28, 4) via East]","[(27, 4), (26, 3)]","[(26, 3), (27, 5), (28, 4)]","[(27, 3)]",1,0,1
158,"(26, 3)",,,"[(27, 3) via East, (25, 3) via West]","[(26, 3)]","[(27, 3), (25, 3)]",[],0,0,0
159,"(27, 3)","(26, 3)",East,"[(27, 4) via North]","[(27, 3), (25, 3)]","[(25, 3), (27, 4)]","[(26, 3)]",1,0,1
160,"(25, 3)","(26, 3)",West,"[(25, 2) via South, (24, 3) via West]","[(25, 3), (27, 4)]","[(27, 4), (25, 2), (24, 3)]","[(26, 3), (27, 3)]",1,0,1
161,"(27, 4)","(27, 3)",North,"[(27, 5) via North, (28, 4) via East]","[(27, 4), (25, 2), (24, 3)]","[(25, 2), (24, 3), (27, 5), (28, 4)]","[(26, 3), (27, 3), (25, 3)]",2,0,2
162,"(25, 2)","(25, 3)",South,"[(25, 1) via South]","[(25, 2), (24, 3), (27, 5), (28, 4)]","[(24, 3), (27, 5), (28, 4), (25, 1)]","[(26, 3), (27, 3), (25, 3), (27, 4)]",2,0,2
163,"(24, 3)","(25, 3)",West,"[(23, 3) via West]","[(24, 3), (27, 5), (28, 4), (25, 1)]","[(27, 5), (28, 4), (25, 1), (23, 3)]","[(26, 3), (27, 3), (25, 3), (27, 4), (25, 2)]",2,0,2
164,"(27, 5)","(27, 4)",North,"[(27, 6) via North]","[(27, 5), (28, 4), (25, 1), (23, 3)]","[(28, 4), (25, 1), (23, 3), (27, 6)]","[(26, 3), (27, 3), (25, 3), (27, 4), (25, 2), (24, 3)]",3,0,3
165,"(28, 4)","(27, 4)",East,"[(29, 4) via East]","[(28, 4), (25, 1), (23, 3), (27, 6)]","[(25, 1), (23, 3), (27, 6), (29, 4)]","[(26, 3), (27, 3), (25, 3), (27, 4), (25, 2), (24, 3), (27, 5)]",3,0,3
166,"(25, 1)","(25, 2)",South,"[(26, 1) via East]","[(25, 1), (23, 3), (27, 6), (29, 4)]","[(23, 3), (27, 6), (29, 4), (26, 1)]","[(26, 3), (27, 3), (25, 3), (27, 4), (25, 2), (24, 3), (27, 5), (28, 4)]",3,0,3
167,"(23, 3)","(24, 3)",West,"[(23, 4) via North, (23, 2) via South]","[(23, 3), (27, 6), (29, 4), (26, 1)]","[(27, 6), (29, 4), (26, 1), (23, 4), (23, 2)]","[(26, 3), (27, 3), (25, 3), (27, 4), (25, 2), (24, 3), (27, 5), (28, 4), (25, 1)]",3,0,3
168,"(27, 6)","(27, 5)",North,"[(28, 6) via East]","[(27, 6), (29, 4), (26, 1), (23, 4), (23, 2)]","[(29, 4), (26, 1), (23, 4), (23, 2), (28, 6)]","[(26, 3), (27, 3), (25, 3), (27, 4), (25, 2), (24, 3), (27, 5), (28, 4), (25, 1), (23, 3)]",4,0,4
169,"(29, 4)","(28, 4)",East,"[(29, 3) via South]","[(29, 4), (26, 1), (23, 4), (23, 2), (28, 6)]","[(26, 1), (23, 4), (23, 2), (28, 6), (29, 3)]","[(26, 3), (27, 3), (25, 3), (27, 4), (25, 2), (24, 3), (27, 5), (28, 4), (25, 1), (23, 3), (27, 6)]",4,0,4
170,"(26, 1)","(25, 1)",East,"[(27, 1) via East]","[(26, 1), (23, 4), (23, 2), (28, 6), (29, 3)]","[(23, 4), (23, 2), (28, 6), (29, 3), (27, 1)]","[(26, 3), (27, 3), (25, 3), (27, 4), (25, 2), (24, 3), (27, 5), (28, 4), (25, 1), (23, 3), (27, 6), (29, 4)]",4,0,4
171,"(23, 4)","(23, 3)",North,"[(23, 5) via North]","[(23, 4), (23, 2), (28, 6), (29, 3), (27, 1)]","[(23, 2), (28, 6), (29, 3), (27, 1), (23, 5)]","[(26, 3), (27, 3), (25, 3), (27, 4), (25, 2), (24, 3), (27, 5), (28, 4), (25, 1), (23, 3), (27, 6), (29, 4), (26, 1)]",4,0,4
172,"(23, 2)","(23, 3)",South,"[(23, 1) via South]","[(23, 2), (28, 6), (29, 3), (27, 1), (23, 5)]","[(28, 6), (29, 3), (27, 1), (23, 5), (23, 1)]","[(26, 3), (27, 3), (25, 3), (27, 4), (25, 2), (24, 3), (27, 5), (28, 4), (25, 1), (23, 3), (27, 6), (29, 4), (26, 1), (23, 4)]",4,0,4
173,"(28, 6)","(27, 6)",East,"[(29, 6) via East]","[(28, 6), (29, 3), (27, 1), (23, 5), (23, 1)]","[(29, 3), (27, 1), (23, 5), (23, 1), (29, 6)]","[(26, 3), (27, 3), (25, 3), (27, 4), (25, 2), (24, 3), (27, 5), (28, 4), (25, 1), (23, 3), (27, 6), (29, 4), (26, 1), (23, 4), (23, 2)]",5,0,5
174,"(29, 3)","(29, 4)",South,"[(29, 2) via South]","[(29, 3), (27, 1), (23, 5), (23, 1), (29, 6)]","[(27, 1), (23, 5), (23, 1), (29, 6), (29, 2)]","[(26, 3), (27, 3), (25, 3), (27, 4), (25, 2), (24, 3), (27, 5), (28, 4), (25, 1), (23, 3), (27, 6), (29, 4), (26, 1), (23, 4), (23, 2), (28, 6)]",5,0,5
175,"(27, 1)","(26, 1)",East,"[(28, 1) via East]","[(27, 1), (23, 5), (23, 1), (29, 6), (29, 2)]","[(23, 5), (23, 1), (29, 6), (29, 2), (28, 1)]","[(26, 3), (27, 3), (25, 3), (27, 4), (25, 2), (24, 3), (27, 5), (28, 4), (25, 1), (23, 3), (27, 6), (29, 4), (26, 1), (23, 4), (23, 2), (28, 6), (29, 3)]",5,0,5
176,"(23, 5)","(23, 4)",North,"[(24, 5) via East]","[(23, 5), (23, 1), (29, 6), (29, 2), (28, 1)]","[(23, 1), (29, 6), (29, 2), (28, 1), (24, 5)]","[(26, 3), (27, 3), (25, 3), (27, 4), (25, 2), (24, 3), (27, 5), (28, 4), (25, 1), (23, 3), (27, 6), (29, 4), (26, 1), (23, 4), (23, 2), (28, 6), (29, 3), (27, 1)]",5,0,5
177,"(23, 1)","(23, 2)",South,"[(22, 1) via West]","[(23, 1), (29, 6), (29, 2), (28, 1), (24, 5)]","[(29, 6), (29, 2), (28, 1), (24, 5), (22, 1)]","[(26, 3), (27, 3), (25, 3), (27, 4), (25, 2), (24, 3), (27, 5), (28, 4), (25, 1), (23, 3), (27, 6), (29, 4), (26, 1), (23, 4), (23, 2), (28, 6), (29, 3), (27, 1), (23, 5)]",5,0,5
178,"(29, 6)","(28, 6)",East,"[(29, 7) via North]","[(29, 6), (29, 2), (28, 1), (24, 5), (22, 1)]","[(29, 2), (28, 1), (24, 5), (22, 1), (29, 7)]","[(26, 3), (27, 3), (25, 3), (27, 4), (25, 2), (24, 3), (27, 5), (28, 4), (25, 1), (23, 3), (27, 6), (29, 4), (26, 1), (23, 4), (23, 2), (28, 6), (29, 3), (27, 1), (23, 5), (23, 1)]",6,0,6
179,"(29, 2)","(29, 3)",South,"[(29, 1) via South]","[(29, 2), (28, 1), (24, 5), (22, 1), (29, 7)]","[(28, 1), (24, 5), (22, 1), (29, 7), (29, 1)]","[(26, 3), (27, 3), (25, 3), (27, 4), (25, 2), (24, 3), (27, 5), (28, 4), (25, 1), (23, 3), (27, 6), (29, 4), (26, 1), (23, 4), (23, 2), (28, 6), (29, 3), (27, 1), (23, 5), (23, 1), (29, 6)]",6,0,6
180,"(28, 1)","(27, 1)",East,[],"[(28, 1), (24, 5), (22, 1), (29, 7), (29, 1)]","[(24, 5), (22, 1), (29, 7), (29, 1)]","[(26, 3), (27, 3), (25, 3), (27, 4), (25, 2), (24, 3), (27, 5), (28, 4), (25, 1), (23, 3), (27, 6), (29, 4), (26, 1), (23, 4), (23, 2), (28, 6), (29, 3), (27, 1), (23, 5), (23, 1), (29, 6), (29, 2)]",6,0,6
181,"(24, 5)","(23, 5)",East,"[(25, 5) via East]","[(24, 5), (22, 1), (29, 7), (29, 1)]","[(22, 1), (29, 7), (29, 1), (25, 5)]","[(26, 3), (27, 3), (25, 3), (27, 4), (25, 2), (24, 3), (27, 5), (28, 4), (25, 1), (23, 3), (27, 6), (29, 4), (26, 1), (23, 4), (23, 2), (28, 6), (29, 3), (27, 1), (23, 5), (23, 1), (29, 6), (29, 2), (28, 1)]",6,0,6
182,"(22, 1)","(23, 1)",West,"[(21, 1) via West]","[(22, 1), (29, 7), (29, 1), (25, 5)]","[(29, 7), (29, 1), (25, 5), (21, 1)]","[(26, 3), (27, 3), (25, 3), (27, 4), (25, 2), (24, 3), (27, 5), (28, 4), (25, 1), (23, 3), (27, 6), (29, 4), (26, 1), (23, 4), (23, 2), (28, 6), (29, 3), (27, 1), (23, 5), (23, 1), (29, 6), (29, 2), (28, 1), (24, 5)]",6,0,6
183,"(29, 7)","(29, 6)",North,"[(29, 8) via North]","[(29, 7), (29, 1), (25, 5), (21, 1)]","[(29, 1), (25, 5), (21, 1), (29, 8)]","[(26, 3), (27, 3), (25, 3), (27, 4), (25, 2), (24, 3), (27, 5), (28, 4), (25, 1), (23, 3), (27, 6), (29, 4), (26, 1), (23, 4), (23, 2), (28, 6), (29, 3), (27, 1), (23, 5), (23, 1), (29, 6), (29, 2), (28, 1), (24, 5), (22, 1)]",7,0,7
184,"(29, 1)","(29, 2)",South,[],"[(29, 1), (25, 5), (21, 1), (29, 8)]","[(25, 5), (21, 1), (29, 8)]","[(26, 3), (27, 3), (25, 3), (27, 4), (25, 2), (24, 3), (27, 5), (28, 4), (25, 1), (23, 3), (27, 6), (29, 4), (26, 1), (23, 4), (23, 2), (28, 6), (29, 3), (27, 1), (23, 5), (23, 1), (29, 6), (29, 2), (28, 1), (24, 5), (22, 1), (29, 7)]",7,0,7
185,"(25, 5)","(24, 5)",East,"[(25, 6) via North]","[(25, 5), (21, 1), (29, 8)]","[(21, 1), (29, 8), (25, 6)]","[(26, 3), (27, 3), (25, 3), (27, 4), (25, 2), (24, 3), (27, 5), (28, 4), (25, 1), (23, 3), (27, 6), (29, 4), (26, 1), (23, 4), (23, 2), (28, 6), (29, 3), (27, 1), (23, 5), (23, 1), (29, 6), (29, 2), (28, 1), (24, 5), (22, 1), (29, 7), (29, 1)]",7,0,7
186,"(21, 1)","(22, 1)",West,[],"[(21, 1), (29, 8), (25, 6)]","[(29, 8), (25, 6)]","[(26, 3), (27, 3), (25, 3), (27, 4), (25, 2), (24, 3), (27, 5), (28, 4), (25, 1), (23, 3), (27, 6), (29, 4), (26, 1), (23, 4), (23, 2), (28, 6), (29, 3), (27, 1), (23, 5), (23, 1), (29, 6), (29, 2), (28, 1), (24, 5), (22, 1), (29, 7), (29, 1), (25, 5)]",7,0,7
187,"(29, 8)","(29, 7)",North,"[(28, 8) via West]","[(29, 8), (25, 6)]","[(25, 6), (28, 8)]","[(26, 3), (27, 3), (25, 3), (27, 4), (25, 2), (24, 3), (27, 5), (28, 4), (25, 1), (23, 3), (27, 6), (29, 4), (26, 1), (23, 4), (23, 2), (28, 6), (29, 3), (27, 1), (23, 5), (23, 1), (29, 6), (29, 2), (28, 1), (24, 5), (22, 1), (29, 7), (29, 1), (25, 5), (21, 1)]",8,0,8
188,"(25, 6)","(25, 5)",North,"[(25, 7) via North]","[(25, 6), (28, 8)]","[(28, 8), (25, 7)]","[(26, 3), (27, 3), (25, 3), (27, 4), (25, 2), (24, 3), (27, 5), (28, 4), (25, 1), (23, 3), (27, 6), (29, 4), (26, 1), (23, 4), (23, 2), (28, 6), (29, 3), (27, 1), (23, 5), (23, 1), (29, 6), (29, 2), (28, 1), (24, 5), (22, 1), (29, 7), (29, 1), (25, 5), (21, 1), (29, 8)]",8,0,8
189,"(28, 8)","(29, 8)",West,"[(27, 8) via West]","[(28, 8), (25, 7)]","[(25, 7), (27, 8)]","[(26, 3), (27, 3), (25, 3), (27, 4), (25, 2), (24, 3), (27, 5), (28, 4), (25, 1), (23, 3), (27, 6), (29, 4), (26, 1), (23, 4), (23, 2), (28, 6), (29, 3), (27, 1), (23, 5), (23, 1), (29, 6), (29, 2), (28, 1), (24, 5), (22, 1), (29, 7), (29, 1), (25, 5), (21, 1), (29, 8), (25, 6)]",9,0,9
190,"(25, 7)","(25, 6)",North,"[(25, 8) via North, (24, 7) via West]","[(25, 7), (27, 8)]","[(27, 8), (25, 8), (24, 7)]","[(26, 3), (27, 3), (25, 3), (27, 4), (25, 2), (24, 3), (27, 5), (28, 4), (25, 1), (23, 3), (27, 6), (29, 4), (26, 1), (23, 4), (23, 2), (28, 6), (29, 3), (27, 1), (23, 5), (23, 1), (29, 6), (29, 2), (28, 1), (24, 5), (22, 1), (29, 7), (29, 1), (25, 5), (21, 1), (29, 8), (25, 6), (28, 8)]",9,0,9
191,"(27, 8)","(28, 8)",West,"[(27, 9) via North]","[(27, 8), (25, 8), (24, 7)]","[(25, 8), (24, 7), (27, 9)]","[(26, 3), (27, 3), (25, 3), (27, 4), (25, 2), (24, 3), (27, 5), (28, 4), (25, 1), (23, 3), (27, 6), (29, 4), (26, 1), (23, 4), (23, 2), (28, 6), (29, 3), (27, 1), (23, 5), (23, 1), (29, 6), (29, 2), (28, 1), (24, 5), (22, 1), (29, 7), (29, 1), (25, 5), (21, 1), (29, 8), (25, 6), (28, 8), (25, 7)]",10,0,10
192,"(25, 8)","(25, 7)",North,"[(25, 9) via North]","[(25, 8), (24, 7), (27, 9)]","[(24, 7), (27, 9), (25, 9)]","[(26, 3), (27, 3), (25, 3), (27, 4), (25, 2), (24, 3), (27, 5), (28, 4), (25, 1), (23, 3), (27, 6), (29, 4), (26, 1), (23, 4), (23, 2), (28, 6), (29, 3), (27, 1), (23, 5), (23, 1), (29, 6), (29, 2), (28, 1), (24, 5), (22, 1), (29, 7), (29, 1), (25, 5), (21, 1), (29, 8), (25, 6), (28, 8), (25, 7), (27, 8)]",10,0,10
193,"(24, 7)",,,"[(25, 7) via East, (23, 7) via West]","[(24, 7)]","[(25, 7), (23, 7)]",[],0,0,0
194,"(25, 7)","(24, 7)",East,"[(25, 8) via North, (25, 6) via South]","[(25, 7), (23, 7)]","[(23, 7), (25, 8), (25, 6)]","[(24, 7)]",1,0,1
195,"(23, 7)",,,"[(24, 7) via East, (22, 7) via West]","[(23, 7)]","[(24, 7), (22, 7)]",[],0,0,0
196,"(24, 7)","(23, 7)",East,"[(25, 7) via East]","[(24, 7), (22, 7)]","[(22, 7), (25, 7)]","[(23, 7)]",1,0,1
197,"(22, 7)",,,"[(23, 7) via East, (21, 7) via West]","[(22, 7)]","[(23, 7), (21, 7)]",[],0,0,0
198,"(23, 7)","(22, 7)",East,"[(24, 7) via East]","[(23, 7), (21, 7)]","[(21, 7), (24, 7)]","[(22, 7)]",1,0,1
199,"(21, 7)","(22, 7)",West,"[(21, 8) via North, (21, 6) via South, (20, 7) via West]","[(21, 7), (24, 7)]","[(24, 7), (21, 8), (21, 6), (20, 7)]","[(22, 7), (23, 7)]",1,0,1
200,"(24, 7)","(23, 7)",East,"[(25, 7) via East]","[(24, 7), (21, 8), (21, 6), (20, 7)]","[(21, 8), (21, 6), (20, 7), (25, 7)]","[(22, 7), (23, 7), (21, 7)]",2,0,2
201,"(21, 8)","(21, 7)",North,"[(21, 9) via North]","[(21, 8), (21, 6), (20, 7), (25, 7)]","[(21, 6), (20, 7), (25, 7), (21, 9)]","[(22, 7), (23, 7), (21, 7), (24, 7)]",2,0,2
202,"(21, 6)","(21, 7)",South,"[(21, 5) via South]","[(21, 6), (20, 7), (25, 7), (21, 9)]","[(20, 7), (25, 7), (21, 9), (21, 5)]","[(22, 7), (23, 7), (21, 7), (24, 7), (21, 8)]",2,0,2
203,"(20, 7)",,,"[(21, 7) via East, (19, 7) via West]","[(20, 7)]","[(21, 7), (19, 7)]",[],0,0,0
204,"(21, 7)","(20, 7)",East,"[(21, 8) via North, (21, 6) via South, (22, 7) via East]","[(21, 7), (19, 7)]","[(19, 7), (21, 8), (21, 6), (22, 7)]","[(20, 7)]",1,0,1
205,"(19, 7)",,,"[(19, 8) via North, (19, 6) via South, (20, 7) via East]","[(19, 7)]","[(19, 8), (19, 6), (20, 7)]",[],0,0,0
206,"(19, 8)",,,"[(19, 9) via North, (19, 7) via South]","[(19, 8)]","[(19, 9), (19, 7)]",[],0,0,0
207,"(19, 9)",,,"[(19, 8) via South, (18, 9) via West]","[(19, 9)]","[(19, 8), (18, 9)]",[],0,0,0
208,"(19, 8)","(19, 9)",South,"[(19, 7) via South]","[(19, 8), (18, 9)]","[(18, 9), (19, 7)]","[(19, 9)]",1,0,1
209,"(18, 9)",,,"[(19, 9) via East]","[(18, 9)]","[(19, 9)]",[],0,0,0
210,"(19, 9)","(18, 9)",East,"[(19, 8) via South]","[(19, 9)]","[(19, 8)]","[(18, 9)]",1,0,1
211,"(19, 8)","(19, 9)",South,"[(19, 7) via South]","[(19, 8)]","[(19, 7)]","[(18, 9), (19, 9)]",2,0,2
212,"(19, 7)","(19, 8)",South,"[(19, 6) via South, (20, 7) via East]","[(19, 7)]","[(19, 6), (20, 7)]","[(18, 9), (19, 9), (19, 8)]",3,0,3
213,"(19, 6)",,,"[(19, 7) via North, (19, 5) via South]","[(19, 6)]","[(19, 7), (19, 5)]",[],0,0,0
214,"(19, 7)","(19, 6)",North,"[(19, 8) via North, (20, 7) via East]","[(19, 7), (19, 5)]","[(19, 5), (19, 8), (20, 7)]","[(19, 6)]",1,0,1
215,"(19, 5)",,,"[(19, 6) via North, (18, 5) via West]","[(19, 5)]","[(19, 6), (18, 5)]",[],0,0,0
216,"(19, 6)","(19, 5)",North,"[(19, 7) via North]","[(19, 6), (18, 5)]","[(18, 5), (19, 7)]","[(19, 5)]",1,0,1
217,"(18, 5)",,,"[(19, 5) via East, (17, 5) via West]","[(18, 5)]","[(19, 5), (17, 5)]",[],0,0,0
218,"(19, 5)","(18, 5)",East,"[(19, 6) via North]","[(19, 5), (17, 5)]","[(17, 5), (19, 6)]","[(18, 5)]",1,0,1
219,"(17, 5)",,,"[(18, 5) via East, (16, 5) via West]","[(17, 5)]","[(18, 5), (16, 5)]",[],0,0,0
220,"(18, 5)","(17, 5)",East,"[(19, 5) via East]","[(18, 5), (16, 5)]","[(16, 5), (19, 5)]","[(17, 5)]",1,0,1
221,"(16, 5)",,,"[(16, 4) via South, (17, 5) via East]","[(16, 5)]","[(16, 4), (17, 5)]",[],0,0,0
222,"(16, 4)",,,"[(16, 5) via North, (16, 3) via South]","[(16, 4)]","[(16, 5), (16, 3)]",[],0,0,0
223,"(16, 5)","(16, 4)",North,"[(17, 5) via East]","[(16, 5), (16, 3)]","[(16, 3), (17, 5)]","[(16, 4)]",1,0,1
224,"(16, 3)",,,"[(16, 4) via North, (17, 3) via East]","[(16, 3)]","[(16, 4), (17, 3)]",[],0,0,0
225,"(16, 4)","(16, 3)",North,"[(16, 5) via North]","[(16, 4), (17, 3)]","[(17, 3), (16, 5)]","[(16, 3)]",1,0,1
226,"(17, 3)",,,"[(18, 3) via East, (16, 3) via West]","[(17, 3)]","[(18, 3), (16, 3)]",[],0,0,0
227,"(18, 3)",,,"[(19, 3) via East, (17, 3) via West]","[(18, 3)]","[(19, 3), (17, 3)]",[],0,0,0
228,"(19, 3)","(18, 3)",East,"[(19, 2) via South, (20, 3) via East]","[(19, 3), (17, 3)]","[(17, 3), (19, 2), (20, 3)]","[(18, 3)]",1,0,1
229,"(17, 3)","(18, 3)",West,"[(16, 3) via West]","[(17, 3), (19, 2), (20, 3)]","[(19, 2), (20, 3), (16, 3)]","[(18, 3), (19, 3)]",1,0,1
230,"(19, 2)","(19, 3)",South,"[(19, 1) via South]","[(19, 2), (20, 3), (16, 3)]","[(20, 3), (16, 3), (19, 1)]","[(18, 3), (19, 3), (17, 3)]",2,0,2
231,"(20, 3)","(19, 3)",East,"[(21, 3) via East]","[(20, 3), (16, 3), (19, 1)]","[(16, 3), (19, 1), (21, 3)]","[(18, 3), (19, 3), (17, 3), (19, 2)]",2,0,2
232,"(16, 3)","(17, 3)",West,"[(16, 4) via North]","[(16, 3), (19, 1), (21, 3)]","[(19, 1), (21, 3), (16, 4)]","[(18, 3), (19, 3), (17, 3), (19, 2), (20, 3)]",2,0,2
233,"(19, 1)","(19, 2)",South,"[(18, 1) via West]","[(19, 1), (21, 3), (16, 4)]","[(21, 3), (16, 4), (18, 1)]","[(18, 3), (19, 3), (17, 3), (19, 2), (20, 3), (16, 3)]",3,0,3
234,"(21, 3)","(20, 3)",East,"[(21, 4) via North]","[(21, 3), (16, 4), (18, 1)]","[(16, 4), (18, 1), (21, 4)]","[(18, 3), (19, 3), (17, 3), (19, 2), (20, 3), (16, 3), (19, 1)]",3,0,3
235,"(16, 4)","(16, 3)",North,"[(16, 5) via North]","[(16, 4), (18, 1), (21, 4)]","[(18, 1), (21, 4), (16, 5)]","[(18, 3), (19, 3), (17, 3), (19, 2), (20, 3), (16, 3), (19, 1), (21, 3)]",3,0,3
236,"(18, 1)","(19, 1)",West,"[(17, 1) via West]","[(18, 1), (21, 4), (16, 5)]","[(21, 4), (16, 5), (17, 1)]","[(18, 3), (19, 3), (17, 3), (19, 2), (20, 3), (16, 3), (19, 1), (21, 3), (16, 4)]",4,0,4
237,"(21, 4)","(21, 3)",North,"[(21, 5) via North]","[(21, 4), (16, 5), (17, 1)]","[(16, 5), (17, 1), (21, 5)]","[(18, 3), (19, 3), (17, 3), (19, 2), (20, 3), (16, 3), (19, 1), (21, 3), (16, 4), (18, 1)]",4,0,4
238,"(16, 5)","(16, 4)",North,"[(17, 5) via East]","[(16, 5), (17, 1), (21, 5)]","[(17, 1), (21, 5), (17, 5)]","[(18, 3), (19, 3), (17, 3), (19, 2), (20, 3), (16, 3), (19, 1), (21, 3), (16, 4), (18, 1), (21, 4)]",4,0,4
239,"(17, 1)","(18, 1)",West,"[(16, 1) via West]","[(17, 1), (21, 5), (17, 5)]","[(21, 5), (17, 5), (16, 1)]","[(18, 3), (19, 3), (17, 3), (19, 2), (20, 3), (16, 3), (19, 1), (21, 3), (16, 4), (18, 1), (21, 4), (16, 5)]",5,0,5
240,"(21, 5)","(21, 4)",North,"[(21, 6) via North]","[(21, 5), (17, 5), (16, 1)]","[(17, 5), (16, 1), (21, 6)]","[(18, 3), (19, 3), (17, 3), (19, 2), (20, 3), (16, 3), (19, 1), (21, 3), (16, 4), (18, 1), (21, 4), (16, 5), (17, 1)]",5,0,5
241,"(17, 5)","(16, 5)",East,"[(18, 5) via East]","[(17, 5), (16, 1), (21, 6)]","[(16, 1), (21, 6), (18, 5)]","[(18, 3), (19, 3), (17, 3), (19, 2), (20, 3), (16, 3), (19, 1), (21, 3), (16, 4), (18, 1), (21, 4), (16, 5), (17, 1), (21, 5)]",5,0,5
242,"(16, 1)","(17, 1)",West,"[(15, 1) via West]","[(16, 1), (21, 6), (18, 5)]","[(21, 6), (18, 5), (15, 1)]","[(18, 3), (19, 3), (17, 3), (19, 2), (20, 3), (16, 3), (19, 1), (21, 3), (16, 4), (18, 1), (21, 4), (16, 5), (17, 1), (21, 5), (17, 5)]",6,0,6
243,"(21, 6)","(21, 5)",North,"[(21, 7) via North]","[(21, 6), (18, 5), (15, 1)]","[(18, 5), (15, 1), (21, 7)]","[(18, 3), (19, 3), (17, 3), (19, 2), (20, 3), (16, 3), (19, 1), (21, 3), (16, 4), (18, 1), (21, 4), (16, 5), (17, 1), (21, 5), (17, 5), (16, 1)]",6,0,6
244,"(18, 5)","(17, 5)",East,"[(19, 5) via East]","[(18, 5), (15, 1), (21, 7)]","[(15, 1), (21, 7), (19, 5)]","[(18, 3), (19, 3), (17, 3), (19, 2), (20, 3), (16, 3), (19, 1), (21, 3), (16, 4), (18, 1), (21, 4), (16, 5), (17, 1), (21, 5), (17, 5), (16, 1), (21, 6)]",6,0,6
245,"(15, 1)","(16, 1)",West,"[(14, 1) via West]","[(15, 1), (21, 7), (19, 5)]","[(21, 7), (19, 5), (14, 1)]","[(18, 3), (19, 3), (17, 3), (19, 2), (20, 3), (16, 3), (19, 1), (21, 3), (16, 4), (18, 1), (21, 4), (16, 5), (17, 1), (21, 5), (17, 5), (16, 1), (21, 6), (18, 5)]",7,0,7
246,"(21, 7)","(21, 6)",North,"[(21, 8) via North, (22, 7) via East, (20, 7) via West]","[(21, 7), (19, 5), (14, 1)]","[(19, 5), (14, 1), (21, 8), (22, 7), (20, 7)]","[(18, 3), (19, 3), (17, 3), (19, 2), (20, 3), (16, 3), (19, 1), (21, 3), (16, 4), (18, 1), (21, 4), (16, 5), (17, 1), (21, 5), (17, 5), (16, 1), (21, 6), (18, 5), (15, 1)]",7,0,7
247,"(19, 5)","(18, 5)",East,"[(19, 6) via North]","[(19, 5), (14, 1), (21, 8), (22, 7), (20, 7)]","[(14, 1), (21, 8), (22, 7), (20, 7), (19, 6)]","[(18, 3), (19, 3), (17, 3), (19, 2), (20, 3), (16, 3), (19, 1), (21, 3), (16, 4), (18, 1), (21, 4), (16, 5), (17, 1), (21, 5), (17, 5), (16, 1), (21, 6), (18, 5), (15, 1), (21, 7)]",7,0,7
248,"(14, 1)",,,"[(15, 1) via East, (13, 1) via West]","[(14, 1)]","[(15, 1), (13, 1)]",[],0,0,0
249,"(15, 1)","(14, 1)",East,"[(16, 1) via East]","[(15, 1), (13, 1)]","[(13, 1), (16, 1)]","[(14, 1)]",1,0,1
250,"(13, 1)",,,"[(14, 1) via East, (12, 1) via West]","[(13, 1)]","[(14, 1), (12, 1)]",[],0,0,0
251,"(14, 1)","(13, 1)",East,"[(15, 1) via East]","[(14, 1), (12, 1)]","[(12, 1), (15, 1)]","[(13, 1)]",1,0,1
252,"(12, 1)",,,"[(13, 1) via East, (11, 1) via West]","[(12, 1)]","[(13, 1), (11, 1)]",[],0,0,0
253,"(13, 1)","(12, 1)",East,"[(14, 1) via East]","[(13, 1), (11, 1)]","[(11, 1), (14, 1)]","[(12, 1)]",1,0,1
254,"(11, 1)",,,"[(11, 2) via North, (12, 1) via East, (10, 1) via West]","[(11, 1)]","[(11, 2), (12, 1), (10, 1)]",[],0,0,0
255,"(11, 2)",,,"[(11, 3) via North, (11, 1) via South]","[(11, 2)]","[(11, 3), (11, 1)]",[],0,0,0
256,"(11, 3)",,,"[(11, 2) via South, (12, 3) via East, (10, 3) via West]","[(11, 3)]","[(11, 2), (12, 3), (10, 3)]",[],0,0,0
257,"(11, 2)","(11, 3)",South,"[(11, 1) via South]","[(11, 2), (12, 3), (10, 3)]","[(12, 3), (10, 3), (11, 1)]","[(11, 3)]",1,0,1
258,"(12, 3)",,,"[(13, 3) via East, (11, 3) via West]","[(12, 3)]","[(13, 3), (11, 3)]",[],0,0,0
259,"(13, 3)",,,"[(14, 3) via East, (12, 3) via West]","[(13, 3)]","[(14, 3), (12, 3)]",[],0,0,0
260,"(14, 3)",,,"[(14, 4) via North, (13, 3) via West]","[(14, 3)]","[(14, 4), (13, 3)]",[],0,0,0
261,"(14, 4)",,,"[(14, 5) via North, (14, 3) via South]","[(14, 4)]","[(14, 5), (14, 3)]",[],0,0,0
262,"(14, 5)",,,"[(14, 4) via South, (13, 5) via West]","[(14, 5)]","[(14, 4), (13, 5)]",[],0,0,0
263,"(14, 4)","(14, 5)",South,"[(14, 3) via South]","[(14, 4), (13, 5)]","[(13, 5), (14, 3)]","[(14, 5)]",1,0,1
264,"(13, 5)",,,"[(14, 5) via East, (12, 5) via West]","[(13, 5)]","[(14, 5), (12, 5)]",[],0,0,0
265,"(14, 5)","(13, 5)",East,"[(14, 4) via South]","[(14, 5), (12, 5)]","[(12, 5), (14, 4)]","[(13, 5)]",1,0,1
266,"(12, 5)",,,"[(13, 5) via East, (11, 5) via West]","[(12, 5)]","[(13, 5), (11, 5)]",[],0,0,0
267,"(13, 5)","(12, 5)",East,"[(14, 5) via East]","[(13, 5), (11, 5)]","[(11, 5), (14, 5)]","[(12, 5)]",1,0,1
268,"(11, 5)",,,"[(11, 6) via North, (12, 5) via East]","[(11, 5)]","[(11, 6), (12, 5)]",[],0,0,0
269,"(11, 6)",,,"[(11, 7) via North, (11, 5) via South]","[(11, 6)]","[(11, 7), (11, 5)]",[],0,0,0
270,"(11, 7)",,,"[(11, 8) via North, (11, 6) via South, (10, 7) via West]","[(11, 7)]","[(11, 8), (11, 6), (10, 7)]",[],0,0,0
271,"(11, 8)",,,"[(11, 9) via North, (11, 7) via South]","[(11, 8)]","[(11, 9), (11, 7)]",[],0,0,0
272,"(11, 9)",,,"[(11, 8) via South, (12, 9) via East]","[(11, 9)]","[(11, 8), (12, 9)]",[],0,0,0
273,"(11, 8)","(11, 9)",South,"[(11, 7) via South]","[(11, 8), (12, 9)]","[(12, 9), (11, 7)]","[(11, 9)]",1,0,1
274,"(12, 9)",,,"[(13, 9) via East, (11, 9) via West]","[(12, 9)]","[(13, 9), (11, 9)]",[],0,0,0
275,"(13, 9)",,,"[(14, 9) via East, (12, 9) via West]","[(13, 9)]","[(14, 9), (12, 9)]",[],0,0,0
276,"(14, 9)",,,"[(14, 10) via North, (15, 9) via East, (13, 9) via West]","[(14, 9)]","[(14, 10), (15, 9), (13, 9)]",[],0,0,0
277,"(14, 10)",,,"[(14, 11) via North, (14, 9) via South]","[(14, 10)]","[(14, 11), (14, 9)]",[],0,0,0
278,"(14, 11)",,,"[(14, 10) via South, (13, 11) via West]","[(14, 11)]","[(14, 10), (13, 11)]",[],0,0,0
279,"(14, 10)","(14, 11)",South,"[(14, 9) via South]","[(14, 10), (13, 11)]","[(13, 11), (14, 9)]","[(14, 11)]",1,0,1
280,"(13, 11)",,,"[(14, 11) via East, (12, 11) via West]","[(13, 11)]","[(14, 11), (12, 11)]",[],0,0,0
281,"(14, 11)","(13, 11)",East,"[(14, 10) via South]","[(14, 11), (12, 11)]","[(12, 11), (14, 10)]","[(13, 11)]",1,0,1
282,"(12, 11)",,,"[(13, 11) via East, (11, 11) via West]","[(12, 11)]","[(13, 11), (11, 11)]",[],0,0,0
283,"(13, 11)","(12, 11)",East,"[(14, 11) via East]","[(13, 11), (11, 11)]","[(11, 11), (14, 11)]","[(12, 11)]",1,0,1
284,"(11, 11)",,,"[(11, 12) via North, (12, 11) via East, (10, 11) via West]","[(11, 11)]","[(11, 12), (12, 11), (10, 11)]",[],0,0,0
285,"(11, 12)",,,"[(11, 13) via North, (11, 11) via South]","[(11, 12)]","[(11, 13), (11, 11)]",[],0,0,0
286,"(11, 13)",,,"[(11, 12) via South, (12, 13) via East, (10, 13) via West]","[(11, 13)]","[(11, 12), (12, 13), (10, 13)]",[],0,0,0
287,"(11, 12)","(11, 13)",South,"[(11, 11) via South]","[(11, 12), (12, 13), (10, 13)]","[(12, 13), (10, 13), (11, 11)]","[(11, 13)]",1,0,1
288,"(12, 13)",,,"[(13, 13) via East, (11, 13) via West]","[(12, 13)]","[(13, 13), (11, 13)]",[],0,0,0
289,"(13, 13)",,,"[(14, 13) via East, (12, 13) via West]","[(13, 13)]","[(14, 13), (12, 13)]",[],0,0,0
290,"(14, 13)",,,"[(15, 13) via East, (13, 13) via West]","[(14, 13)]","[(15, 13), (13, 13)]",[],0,0,0
291,"(15, 13)",,,"[(16, 13) via East, (14, 13) via West]","[(15, 13)]","[(16, 13), (14, 13)]",[],0,0,0
292,"(16, 13)",,,"[(17, 13) via East, (15, 13) via West]","[(16, 13)]","[(17, 13), (15, 13)]",[],0,0,0
293,"(17, 13)",,,"[(18, 13) via East, (16, 13) via West]","[(17, 13)]","[(18, 13), (16, 13)]",[],0,0,0
294,"(18, 13)",,,"[(19, 13) via East, (17, 13) via West]","[(18, 13)]","[(19, 13), (17, 13)]",[],0,0,0
295,"(19, 13)","(18, 13)",East,"[(19, 12) via South, (20, 13) via East]","[(19, 13), (17, 13)]","[(17, 13), (19, 12), (20, 13)]","[(18, 13)]",1,0,1
296,"(17, 13)","(18, 13)",West,"[(16, 13) via West]","[(17, 13), (19, 12), (20, 13)]","[(19, 12), (20, 13), (16, 13)]","[(18, 13), (19, 13)]",1,0,1
297,"(19, 12)","(19, 13)",South,"[(19, 11) via South]","[(19, 12), (20, 13), (16, 13)]","[(20, 13), (16, 13), (19, 11)]","[(18, 13), (19, 13), (17, 13)]",2,0,2
298,"(20, 13)","(19, 13)",East,"[(21, 13) via East]","[(20, 13), (16, 13), (19, 11)]","[(16, 13), (19, 11), (21, 13)]","[(18, 13), (19, 13), (17, 13), (19, 12)]",2,0,2
299,"(16, 13)","(17, 13)",West,"[(15, 13) via West]","[(16, 13), (19, 11), (21, 13)]","[(19, 11), (21, 13), (15, 13)]","[(18, 13), (19, 13), (17, 13), (19, 12), (20, 13)]",2,0,2
300,"(19, 11)","(19, 12)",South,"[(20, 11) via East, (18, 11) via West]","[(19, 11), (21, 13), (15, 13)]","[(21, 13), (15, 13), (20, 11), (18, 11)]","[(18, 13), (19, 13), (17, 13), (19, 12), (20, 13), (16, 13)]",3,0,3
301,"(21, 13)","(20, 13)",East,"[(22, 13) via East]","[(21, 13), (15, 13), (20, 11), (18, 11)]","[(15, 13), (20, 11), (18, 11), (22, 13)]","[(18, 13), (19, 13), (17, 13), (19, 12), (20, 13), (16, 13), (19, 11)]",3,0,3
302,"(15, 13)","(16, 13)",West,"[(14, 13) via West]","[(15, 13), (20, 11), (18, 11), (22, 13)]","[(20, 11), (18, 11), (22, 13), (14, 13)]","[(18, 13), (19, 13), (17, 13), (19, 12), (20, 13), (16, 13), (19, 11), (21, 13)]",3,0,3
303,"(20, 11)","(19, 11)",East,"[(21, 11) via East]","[(20, 11), (18, 11), (22, 13), (14, 13)]","[(18, 11), (22, 13), (14, 13), (21, 11)]","[(18, 13), (19, 13), (17, 13), (19, 12), (20, 13), (16, 13), (19, 11), (21, 13), (15, 13)]",4,0,4
304,"(18, 11)",,,"[(19, 11) via East, (17, 11) via West]","[(18, 11)]","[(19, 11), (17, 11)]",[],0,0,0
305,"(19, 11)","(18, 11)",East,"[(19, 12) via North, (20, 11) via East]","[(19, 11), (17, 11)]","[(17, 11), (19, 12), (20, 11)]","[(18, 11)]",1,0,1
306,"(17, 11)",,,"[(18, 11) via East, (16, 11) via West]","[(17, 11)]","[(18, 11), (16, 11)]",[],0,0,0
307,"(18, 11)","(17, 11)",East,"[(19, 11) via East]","[(18, 11), (16, 11)]","[(16, 11), (19, 11)]","[(17, 11)]",1,0,1
308,"(16, 11)",,,"[(16, 10) via South, (17, 11) via East]","[(16, 11)]","[(16, 10), (17, 11)]",[],0,0,0
309,"(16, 10)",,,"[(16, 11) via North, (16, 9) via South]","[(16, 10)]","[(16, 11), (16, 9)]",[],0,0,0
310,"(16, 11)","(16, 10)",North,"[(17, 11) via East]","[(16, 11), (16, 9)]","[(16, 9), (17, 11)]","[(16, 10)]",1,0,1
311,"(16, 9)",,,"[(16, 10) via North, (15, 9) via West]","[(16, 9)]","[(16, 10), (15, 9)]",[],0,0,0
312,"(16, 10)","(16, 9)",North,"[(16, 11) via North]","[(16, 10), (15, 9)]","[(15, 9), (16, 11)]","[(16, 9)]",1,0,1
313,"(15, 9)",,,"[(15, 8) via South, (16, 9) via East, (14, 9) via West]","[(15, 9)]","[(15, 8), (16, 9), (14, 9)]",[],0,0,0
314,"(15, 8)","(15, 9)",South,"[(15, 7) via South]","[(15, 8), (16, 9), (14, 9)]","[(16, 9), (14, 9), (15, 7)]","[(15, 9)]",1,0,1
315,"(16, 9)","(15, 9)",East,"[(16, 10) via North]","[(16, 9), (14, 9), (15, 7)]","[(14, 9), (15, 7), (16, 10)]","[(15, 9), (15, 8)]",1,0,1
316,"(14, 9)","(15, 9)",West,"[(14, 10) via North, (13, 9) via West]","[(14, 9), (15, 7), (16, 10)]","[(15, 7), (16, 10), (14, 10), (13, 9)]","[(15, 9), (15, 8), (16, 9)]",1,0,1
317,"(15, 7)","(15, 8)",South,"[(16, 7) via East, (14, 7) via West]","[(15, 7), (16, 10), (14, 10), (13, 9)]","[(16, 10), (14, 10), (13, 9), (16, 7), (14, 7)]","[(15, 9), (15, 8), (16, 9), (14, 9)]",2,0,2
318,"(16, 10)","(16, 9)",North,"[(16, 11) via North]","[(16, 10), (14, 10), (13, 9), (16, 7), (14, 7)]","[(14, 10), (13, 9), (16, 7), (14, 7), (16, 11)]","[(15, 9), (15, 8), (16, 9), (14, 9), (15, 7)]",2,0,2
319,"(14, 10)","(14, 9)",North,"[(14, 11) via North]","[(14, 10), (13, 9), (16, 7), (14, 7), (16, 11)]","[(13, 9), (16, 7), (14, 7), (16, 11), (14, 11)]","[(15, 9), (15, 8), (16, 9), (14, 9), (15, 7), (16, 10)]",2,0,2
320,"(13, 9)","(14, 9)",West,"[(12, 9) via West]","[(13, 9), (16, 7), (14, 7), (16, 11), (14, 11)]","[(16, 7), (14, 7), (16, 11), (14, 11), (12, 9)]","[(15, 9), (15, 8), (16, 9), (14, 9), (15, 7), (16, 10), (14, 10)]",2,0,2
321,"(16, 7)","(15, 7)",East,"[(17, 7) via East]","[(16, 7), (14, 7), (16, 11), (14, 11), (12, 9)]","[(14, 7), (16, 11), (14, 11), (12, 9), (17, 7)]","[(15, 9), (15, 8), (16, 9), (14, 9), (15, 7), (16, 10), (14, 10), (13, 9)]",3,0,3
322,"(14, 7)","(15, 7)",West,"[(13, 7) via West]","[(14, 7), (16, 11), (14, 11), (12, 9), (17, 7)]","[(16, 11), (14, 11), (12, 9), (17, 7), (13, 7)]","[(15, 9), (15, 8), (16, 9), (14, 9), (15, 7), (16, 10), (14, 10), (13, 9), (16, 7)]",3,0,3
323,"(16, 11)","(16, 10)",North,"[(17, 11) via East]","[(16, 11), (14, 11), (12, 9), (17, 7), (13, 7)]","[(14, 11), (12, 9), (17, 7), (13, 7), (17, 11)]","[(15, 9), (15, 8), (16, 9), (14, 9), (15, 7), (16, 10), (14, 10), (13, 9), (16, 7), (14, 7)]",3,0,3
324,"(14, 11)","(14, 10)",North,"[(13, 11) via West]","[(14, 11), (12, 9), (17, 7), (13, 7), (17, 11)]","[(12, 9), (17, 7), (13, 7), (17, 11), (13, 11)]","[(15, 9), (15, 8), (16, 9), (14, 9), (15, 7), (16, 10), (14, 10), (13, 9), (16, 7), (14, 7), (16, 11)]",3,0,3
325,"(12, 9)","(13, 9)",West,"[(11, 9) via West]","[(12, 9), (17, 7), (13, 7), (17, 11), (13, 11)]","[(17, 7), (13, 7), (17, 11), (13, 11), (11, 9)]","[(15, 9), (15, 8), (16, 9), (14, 9), (15, 7), (16, 10), (14, 10), (13, 9), (16, 7), (14, 7), (16, 11), (14, 11)]",3,0,3
326,"(17, 7)","(16, 7)",East,[],"[(17, 7), (13, 7), (17, 11), (13, 11), (11, 9)]","[(13, 7), (17, 11), (13, 11), (11, 9)]","[(15, 9), (15, 8), (16, 9), (14, 9), (15, 7), (16, 10), (14, 10), (13, 9), (16, 7), (14, 7), (16, 11), (14, 11), (12, 9)]",4,0,4
327,"(13, 7)","(14, 7)",West,[],"[(13, 7), (17, 11), (13, 11), (11, 9)]","[(17, 11), (13, 11), (11, 9)]","[(15, 9), (15, 8), (16, 9), (14, 9), (15, 7), (16, 10), (14, 10), (13, 9), (16, 7), (14, 7), (16, 11), (14, 11), (12, 9), (17, 7)]",4,0,4
328,"(17, 11)","(16, 11)",East,"[(18, 11) via East]","[(17, 11), (13, 11), (11, 9)]","[(13, 11), (11, 9), (18, 11)]","[(15, 9), (15, 8), (16, 9), (14, 9), (15, 7), (16, 10), (14, 10), (13, 9), (16, 7), (14, 7), (16, 11), (14, 11), (12, 9), (17, 7), (13, 7)]",4,0,4
329,"(13, 11)","(14, 11)",West,"[(12, 11) via West]","[(13, 11), (11, 9), (18, 11)]","[(11, 9), (18, 11), (12, 11)]","[(15, 9), (15, 8), (16, 9), (14, 9), (15, 7), (16, 10), (14, 10), (13, 9), (16, 7), (14, 7), (16, 11), (14, 11), (12, 9), (17, 7), (13, 7), (17, 11)]",4,0,4
330,"(11, 9)","(12, 9)",West,"[(11, 8) via South]","[(11, 9), (18, 11), (12, 11)]","[(18, 11), (12, 11), (11, 8)]","[(15, 9), (15, 8), (16, 9), (14, 9), (15, 7), (16, 10), (14, 10), (13, 9), (16, 7), (14, 7), (16, 11), (14, 11), (12, 9), (17, 7), (13, 7), (17, 11), (13, 11)]",4,0,4
331,"(18, 11)","(17, 11)",East,"[(19, 11) via East]","[(18, 11), (12, 11), (11, 8)]","[(12, 11), (11, 8), (19, 11)]","[(15, 9), (15, 8), (16, 9), (14, 9), (15, 7), (16, 10), (14, 10), (13, 9), (16, 7), (14, 7), (16, 11), (14, 11), (12, 9), (17, 7), (13, 7), (17, 11), (13, 11), (11, 9)]",5,0,5
332,"(12, 11)","(13, 11)",West,"[(11, 11) via West]","[(12, 11), (11, 8), (19, 11)]","[(11, 8), (19, 11), (11, 11)]","[(15, 9), (15, 8), (16, 9), (14, 9), (15, 7), (16, 10), (14, 10), (13, 9), (16, 7), (14, 7), (16, 11), (14, 11), (12, 9), (17, 7), (13, 7), (17, 11), (13, 11), (11, 9), (18, 11)]",5,0,5
333,"(11, 8)","(11, 9)",South,"[(11, 7) via South]","[(11, 8), (19, 11), (11, 11)]","[(19, 11), (11, 11), (11, 7)]","[(15, 9), (15, 8), (16, 9), (14, 9), (15, 7), (16, 10), (14, 10), (13, 9), (16, 7), (14, 7), (16, 11), (14, 11), (12, 9), (17, 7), (13, 7), (17, 11), (13, 11), (11, 9), (18, 11), (12, 11)]",5,0,5
334,"(19, 11)","(18, 11)",East,"[(19, 12) via North, (20, 11) via East]","[(19, 11), (11, 11), (11, 7)]","[(11, 11), (11, 7), (19, 12), (20, 11)]","[(15, 9), (15, 8), (16, 9), (14, 9), (15, 7), (16, 10), (14, 10), (13, 9), (16, 7), (14, 7), (16, 11), (14, 11), (12, 9), (17, 7), (13, 7), (17, 11), (13, 11), (11, 9), (18, 11), (12, 11), (11, 8)]",6,0,6
335,"(11, 11)","(12, 11)",West,"[(11, 12) via North, (10, 11) via West]","[(11, 11), (11, 7), (19, 12), (20, 11)]","[(11, 7), (19, 12), (20, 11), (11, 12), (10, 11)]","[(15, 9), (15, 8), (16, 9), (14, 9), (15, 7), (16, 10), (14, 10), (13, 9), (16, 7), (14, 7), (16, 11), (14, 11), (12, 9), (17, 7), (13, 7), (17, 11), (13, 11), (11, 9), (18, 11), (12, 11), (11, 8), (19, 11)]",6,0,6
336,"(11, 7)","(11, 8)",South,"[(11, 6) via South, (10, 7) via West]","[(11, 7), (19, 12), (20, 11), (11, 12), (10, 11)]","[(19, 12), (20, 11), (11, 12), (10, 11), (11, 6), (10, 7)]","[(15, 9), (15, 8), (16, 9), (14, 9), (15, 7), (16, 10), (14, 10), (13, 9), (16, 7), (14, 7), (16, 11), (14, 11), (12, 9), (17, 7), (13, 7), (17, 11), (13, 11), (11, 9), (18, 11), (12, 11), (11, 8), (19, 11), (11, 11)]",6,0,6
337,"(19, 12)","(19, 11)",North,"[(19, 13) via North]","[(19, 12), (20, 11), (11, 12), (10, 11), (11, 6), (10, 7)]","[(20, 11), (11, 12), (10, 11), (11, 6), (10, 7), (19, 13)]","[(15, 9), (15, 8), (16, 9), (14, 9), (15, 7), (16, 10), (14, 10), (13, 9), (16, 7), (14, 7), (16, 11), (14, 11), (12, 9), (17, 7), (13, 7), (17, 11), (13, 11), (11, 9), (18, 11), (12, 11), (11, 8), (19, 11), (11, 11), (11, 7)]",7,0,7
338,"(20, 11)","(19, 11)",East,"[(21, 11) via East]","[(20, 11), (11, 12), (10, 11), (11, 6), (10, 7), (19, 13)]","[(11, 12), (10, 11), (11, 6), (10, 7), (19, 13), (21, 11)]","[(15, 9), (15, 8), (16, 9), (14, 9), (15, 7), (16, 10), (14, 10), (13, 9), (16, 7), (14, 7), (16, 11), (14, 11), (12, 9), (17, 7), (13, 7), (17, 11), (13, 11), (11, 9), (18, 11), (12, 11), (11, 8), (19, 11), (11, 11), (11, 7), (19, 12)]",7,0,7
339,"(11, 12)","(11, 11)",North,"[(11, 13) via North]","[(11, 12), (10, 11), (11, 6), (10, 7), (19, 13), (21, 11)]","[(10, 11), (11, 6), (10, 7), (19, 13), (21, 11), (11, 13)]","[(15, 9), (15, 8), (16, 9), (14, 9), (15, 7), (16, 10), (14, 10), (13, 9), (16, 7), (14, 7), (16, 11), (14, 11), (12, 9), (17, 7), (13, 7), (17, 11), (13, 11), (11, 9), (18, 11), (12, 11), (11, 8), (19, 11), (11, 11), (11, 7), (19, 12), (20, 11)]",7,0,7
340,"(10, 11)",,,"[(11, 11) via East, (9, 11) via West]","[(10, 11)]","[(11, 11), (9, 11)]",[],0,0,0
341,"(11, 11)","(10, 11)",East,"[(11, 12) via North, (12, 11) via East]","[(11, 11), (9, 11)]","[(9, 11), (11, 12), (12, 11)]","[(10, 11)]",1,0,1
342,"(9, 11)",,,"[(9, 10) via South, (10, 11) via East]","[(9, 11)]","[(9, 10), (10, 11)]",[],0,0,0
343,"(9, 10)",,,"[(9, 11) via North, (9, 9) via South]","[(9, 10)]","[(9, 11), (9, 9)]",[],0,0,0
344,"(9, 11)","(9, 10)",North,"[(10, 11) via East]","[(9, 11), (9, 9)]","[(9, 9), (10, 11)]","[(9, 10)]",1,0,1
345,"(9, 9)",,,"[(9, 10) via North, (9, 8) via South]","[(9, 9)]","[(9, 10), (9, 8)]",[],0,0,0
346,"(9, 10)","(9, 9)",North,"[(9, 11) via North]","[(9, 10), (9, 8)]","[(9, 8), (9, 11)]","[(9, 9)]",1,0,1
347,"(9, 8)",,,"[(9, 9) via North, (9, 7) via South]","[(9, 8)]","[(9, 9), (9, 7)]",[],0,0,0
348,"(9, 9)","(9, 8)",North,"[(9, 10) via North]","[(9, 9), (9, 7)]","[(9, 7), (9, 10)]","[(9, 8)]",1,0,1
349,"(9, 7)",,,"[(9, 8) via North, (10, 7) via East, (8, 7) via West]","[(9, 7)]","[(9, 8), (10, 7), (8, 7)]",[],0,0,0
350,"(9, 8)","(9, 7)",North,"[(9, 9) via North]","[(9, 8), (10, 7), (8, 7)]","[(10, 7), (8, 7), (9, 9)]","[(9, 7)]",1,0,1
351,"(10, 7)",,,"[(11, 7) via East, (9, 7) via West]","[(10, 7)]","[(11, 7), (9, 7)]",[],0,0,0
352,"(11, 7)","(10, 7)",East,"[(11, 8) via North, (11, 6) via South]","[(11, 7), (9, 7)]","[(9, 7), (11, 8), (11, 6)]","[(10, 7)]",1,0,1
353,"(9, 7)","(10, 7)",West,"[(9, 8) via North, (8, 7) via West]","[(9, 7), (11, 8), (11, 6)]","[(11, 8), (11, 6), (9, 8), (8, 7)]","[(10, 7), (11, 7)]",1,0,1
354,"(11, 8)","(11, 7)",North,"[(11, 9) via North]","[(11, 8), (11, 6), (9, 8), (8, 7)]","[(11, 6), (9, 8), (8, 7), (11, 9)]","[(10, 7), (11, 7), (9, 7)]",2,0,2
355,"(11, 6)","(11, 7)",South,"[(11, 5) via South]","[(11, 6), (9, 8), (8, 7), (11, 9)]","[(9, 8), (8, 7), (11, 9), (11, 5)]","[(10, 7), (11, 7), (9, 7), (11, 8)]",2,0,2
356,"(9, 8)","(9, 7)",North,"[(9, 9) via North]","[(9, 8), (8, 7), (11, 9), (11, 5)]","[(8, 7), (11, 9), (11, 5), (9, 9)]","[(10, 7), (11, 7), (9, 7), (11, 8), (11, 6)]",2,0,2
357,"(8, 7)",,,"[(9, 7) via East, (7, 7) via West]","[(8, 7)]","[(9, 7), (7, 7)]",[],0,0,0
358,"(9, 7)","(8, 7)",East,"[(9, 8) via North, (10, 7) via East]","[(9, 7), (7, 7)]","[(7, 7), (9, 8), (10, 7)]","[(8, 7)]",1,0,1
359,"(7, 7)",,,"[(8, 7) via East, (6, 7) via West]","[(7, 7)]","[(8, 7), (6, 7)]",[],0,0,0
360,"(8, 7)","(7, 7)",East,"[(9, 7) via East]","[(8, 7), (6, 7)]","[(6, 7), (9, 7)]","[(7, 7)]",1,0,1
361,"(6, 7)",,,"[(7, 7) via East, (5, 7) via West]","[(6, 7)]","[(7, 7), (5, 7)]",[],0,0,0
362,"(7, 7)","(6, 7)",East,"[(8, 7) via East]","[(7, 7), (5, 7)]","[(5, 7), (8, 7)]","[(6, 7)]",1,0,1
363,"(5, 7)",,,"[(5, 8) via North, (5, 6) via South, (6, 7) via East]","[(5, 7)]","[(5, 8), (5, 6), (6, 7)]",[],0,0,0
364,"(5, 8)",,,"[(5, 9) via North, (5, 7) via South]","[(5, 8)]","[(5, 9), (5, 7)]",[],0,0,0
365,"(5, 9)",,,"[(5, 8) via South]","[(5, 9)]","[(5, 8)]",[],0,0,0
366,"(5, 8)","(5, 9)",South,"[(5, 7) via South]","[(5, 8)]","[(5, 7)]","[(5, 9)]",1,0,1
367,"(5, 7)","(5, 8)",South,"[(5, 6) via South, (6, 7) via East]","[(5, 7)]","[(5, 6), (6, 7)]","[(5, 9), (5, 8)]",2,0,2
368,"(5, 6)",,,"[(5, 7) via North, (5, 5) via South]","[(5, 6)]","[(5, 7), (5, 5)]",[],0,0,0
369,"(5, 7)","(5, 6)",North,"[(5, 8) via North, (6, 7) via East]","[(5, 7), (5, 5)]","[(5, 5), (5, 8), (6, 7)]","[(5, 6)]",1,0,1
370,"(5, 5)",,,"[(5, 6) via North, (6, 5) via East]","[(5, 5)]","[(5, 6), (6, 5)]",[],0,0,0
371,"(5, 6)","(5, 5)",North,"[(5, 7) via North]","[(5, 6), (6, 5)]","[(6, 5), (5, 7)]","[(5, 5)]",1,0,1
372,"(6, 5)",,,"[(7, 5) via East, (5, 5) via West]","[(6, 5)]","[(7, 5), (5, 5)]",[],0,0,0
373,"(7, 5)",,,"[(7, 4) via South, (6, 5) via West]","[(7, 5)]","[(7, 4), (6, 5)]",[],0,0,0
374,"(7, 4)",,,"[(7, 5) via North, (7, 3) via South]","[(7, 4)]","[(7, 5), (7, 3)]",[],0,0,0
375,"(7, 5)","(7, 4)",North,"[(6, 5) via West]","[(7, 5), (7, 3)]","[(7, 3), (6, 5)]","[(7, 4)]",1,0,1
376,"(7, 3)",,,"[(7, 4) via North, (7, 2) via South, (6, 3) via West]","[(7, 3)]","[(7, 4), (7, 2), (6, 3)]",[],0,0,0
377,"(7, 4)","(7, 3)",North,"[(7, 5) via North]","[(7, 4), (7, 2), (6, 3)]","[(7, 2), (6, 3), (7, 5)]","[(7, 3)]",1,0,1
378,"(7, 2)",,,"[(7, 3) via North, (7, 1) via South]","[(7, 2)]","[(7, 3), (7, 1)]",[],0,0,0
379,"(7, 3)","(7, 2)",North,"[(7, 4) via North, (6, 3) via West]","[(7, 3), (7, 1)]","[(7, 1), (7, 4), (6, 3)]","[(7, 2)]",1,0,1
380,"(7, 1)",,,"[(7, 2) via North, (8, 1) via East]","[(7, 1)]","[(7, 2), (8, 1)]",[],0,0,0
381,"(7, 2)","(7, 1)",North,"[(7, 3) via North]","[(7, 2), (8, 1)]","[(8, 1), (7, 3)]","[(7, 1)]",1,0,1
382,"(8, 1)",,,"[(9, 1) via East, (7, 1) via West]","[(8, 1)]","[(9, 1), (7, 1)]",[],0,0,0
383,"(9, 1)",,,"[(10, 1) via East, (8, 1) via West]","[(9, 1)]","[(10, 1), (8, 1)]",[],0,0,0
384,"(10, 1)",,,"[(11, 1) via East, (9, 1) via West]","[(10, 1)]","[(11, 1), (9, 1)]",[],0,0,0
385,"(11, 1)","(10, 1)",East,"[(11, 2) via North, (12, 1) via East]","[(11, 1), (9, 1)]","[(9, 1), (11, 2), (12, 1)]","[(10, 1)]",1,0,1
386,"(9, 1)","(10, 1)",West,"[(8, 1) via West]","[(9, 1), (11, 2), (12, 1)]","[(11, 2), (12, 1), (8, 1)]","[(10, 1), (11, 1)]",1,0,1
387,"(11, 2)","(11, 1)",North,"[(11, 3) via North]","[(11, 2), (12, 1), (8, 1)]","[(12, 1), (8, 1), (11, 3)]","[(10, 1), (11, 1), (9, 1)]",2,0,2
388,"(12, 1)","(11, 1)",East,"[(13, 1) via East]","[(12, 1), (8, 1), (11, 3)]","[(8, 1), (11, 3), (13, 1)]","[(10, 1), (11, 1), (9, 1), (11, 2)]",2,0,2
389,"(8, 1)","(9, 1)",West,"[(7, 1) via West]","[(8, 1), (11, 3), (13, 1)]","[(11, 3), (13, 1), (7, 1)]","[(10, 1), (11, 1), (9, 1), (11, 2), (12, 1)]",2,0,2
390,"(11, 3)","(11, 2)",North,"[(12, 3) via East, (10, 3) via West]","[(11, 3), (13, 1), (7, 1)]","[(13, 1), (7, 1), (12, 3), (10, 3)]","[(10, 1), (11, 1), (9, 1), (11, 2), (12, 1), (8, 1)]",3,0,3
391,"(13, 1)","(12, 1)",East,"[(14, 1) via East]","[(13, 1), (7, 1), (12, 3), (10, 3)]","[(7, 1), (12, 3), (10, 3), (14, 1)]","[(10, 1), (11, 1), (9, 1), (11, 2), (12, 1), (8, 1), (11, 3)]",3,0,3
392,"(7, 1)","(8, 1)",West,"[(7, 2) via North]","[(7, 1), (12, 3), (10, 3), (14, 1)]","[(12, 3), (10, 3), (14, 1), (7, 2)]","[(10, 1), (11, 1), (9, 1), (11, 2), (12, 1), (8, 1), (11, 3), (13, 1)]",3,0,3
393,"(12, 3)","(11, 3)",East,"[(13, 3) via East]","[(12, 3), (10, 3), (14, 1), (7, 2)]","[(10, 3), (14, 1), (7, 2), (13, 3)]","[(10, 1), (11, 1), (9, 1), (11, 2), (12, 1), (8, 1), (11, 3), (13, 1), (7, 1)]",4,0,4
394,"(10, 3)",,,"[(11, 3) via East, (9, 3) via West]","[(10, 3)]","[(11, 3), (9, 3)]",[],0,0,0
395,"(11, 3)","(10, 3)",East,"[(11, 2) via South, (12, 3) via East]","[(11, 3), (9, 3)]","[(9, 3), (11, 2), (12, 3)]","[(10, 3)]",1,0,1
396,"(9, 3)",,,"[(9, 4) via North, (10, 3) via East]","[(9, 3)]","[(9, 4), (10, 3)]",[],0,0,0
397,"(9, 4)",,,"[(9, 5) via North, (9, 3) via South]","[(9, 4)]","[(9, 5), (9, 3)]",[],0,0,0
398,"(9, 5)",,,"[(9, 4) via South]","[(9, 5)]","[(9, 4)]",[],0,0,0
399,"(9, 4)","(9, 5)",South,"[(9, 3) via South]","[(9, 4)]","[(9, 3)]","[(9, 5)]",1,0,1
400,"(9, 3)","(9, 4)",South,"[(10, 3) via East]","[(9, 3)]","[(10, 3)]","[(9, 5), (9, 4)]",2,0,2
401,"(10, 3)","(9, 3)",East,"[(11, 3) via East]","[(10, 3)]","[(11, 3)]","[(9, 5), (9, 4), (9, 3)]",3,0,3
402,"(11, 3)","(10, 3)",East,"[(11, 2) via South, (12, 3) via East]","[(11, 3)]","[(11, 2), (12, 3)]","[(9, 5), (9, 4), (9, 3), (10, 3)]",4,0,4
403,"(11, 2)","(11, 3)",South,"[(11, 1) via South]","[(11, 2), (12, 3)]","[(12, 3), (11, 1)]","[(9, 5), (9, 4), (9, 3), (10, 3), (11, 3)]",5,0,5
404,"(12, 3)","(11, 3)",East,"[(13, 3) via East]","[(12, 3), (11, 1)]","[(11, 1), (13, 3)]","[(9, 5), (9, 4), (9, 3), (10, 3), (11, 3), (11, 2)]",5,0,5
405,"(11, 1)","(11, 2)",South,"[(12, 1) via East, (10, 1) via West]","[(11, 1), (13, 3)]","[(13, 3), (12, 1), (10, 1)]","[(9, 5), (9, 4), (9, 3), (10, 3), (11, 3), (11, 2), (12, 3)]",6,0,6
406,"(13, 3)","(12, 3)",East,"[(14, 3) via East]","[(13, 3), (12, 1), (10, 1)]","[(12, 1), (10, 1), (14, 3)]","[(9, 5), (9, 4), (9, 3), (10, 3), (11, 3), (11, 2), (12, 3), (11, 1)]",6,0,6
407,"(12, 1)","(11, 1)",East,"[(13, 1) via East]","[(12, 1), (10, 1), (14, 3)]","[(10, 1), (14, 3), (13, 1)]","[(9, 5), (9, 4), (9, 3), (10, 3), (11, 3), (11, 2), (12, 3), (11, 1), (13, 3)]",7,0,7
408,"(10, 1)","(11, 1)",West,"[(9, 1) via West]","[(10, 1), (14, 3), (13, 1)]","[(14, 3), (13, 1), (9, 1)]","[(9, 5), (9, 4), (9, 3), (10, 3), (11, 3), (11, 2), (12, 3), (11, 1), (13, 3), (12, 1)]",7,0,7
409,"(14, 3)","(13, 3)",East,"[(14, 4) via North]","[(14, 3), (13, 1), (9, 1)]","[(13, 1), (9, 1), (14, 4)]","[(9, 5), (9, 4), (9, 3), (10, 3), (11, 3), (11, 2), (12, 3), (11, 1), (13, 3), (12, 1), (10, 1)]",7,0,7
410,"(13, 1)","(12, 1)",East,"[(14, 1) via East]","[(13, 1), (9, 1), (14, 4)]","[(9, 1), (14, 4), (14, 1)]","[(9, 5), (9, 4), (9, 3), (10, 3), (11, 3), (11, 2), (12, 3), (11, 1), (13, 3), (12, 1), (10, 1), (14, 3)]",8,0,8
411,"(9, 1)","(10, 1)",West,"[(8, 1) via West]","[(9, 1), (14, 4), (14, 1)]","[(14, 4), (14, 1), (8, 1)]","[(9, 5), (9, 4), (9, 3), (10, 3), (11, 3), (11, 2), (12, 3), (11, 1), (13, 3), (12, 1), (10, 1), (14, 3), (13, 1)]",8,0,8
412,"(14, 4)","(14, 3)",North,"[(14, 5) via North]","[(14, 4), (14, 1), (8, 1)]","[(14, 1), (8, 1), (14, 5)]","[(9, 5), (9, 4), (9, 3), (10, 3), (11, 3), (11, 2), (12, 3), (11, 1), (13, 3), (12, 1), (10, 1), (14, 3), (13, 1), (9, 1)]",8,0,8
413,"(14, 1)","(13, 1)",East,"[(15, 1) via East]","[(14, 1), (8, 1), (14, 5)]","[(8, 1), (14, 5), (15, 1)]","[(9, 5), (9, 4), (9, 3), (10, 3), (11, 3), (11, 2), (12, 3), (11, 1), (13, 3), (12, 1), (10, 1), (14, 3), (13, 1), (9, 1), (14, 4)]",9,0,9
414,"(8, 1)","(9, 1)",West,"[(7, 1) via West]","[(8, 1), (14, 5), (15, 1)]","[(14, 5), (15, 1), (7, 1)]","[(9, 5), (9, 4), (9, 3), (10, 3), (11, 3), (11, 2), (12, 3), (11, 1), (13, 3), (12, 1), (10, 1), (14, 3), (13, 1), (9, 1), (14, 4), (14, 1)]",9,0,9
415,"(14, 5)","(14, 4)",North,"[(13, 5) via West]","[(14, 5), (15, 1), (7, 1)]","[(15, 1), (7, 1), (13, 5)]","[(9, 5), (9, 4), (9, 3), (10, 3), (11, 3), (11, 2), (12, 3), (11, 1), (13, 3), (12, 1), (10, 1), (14, 3), (13, 1), (9, 1), (14, 4), (14, 1), (8, 1)]",9,0,9
416,"(15, 1)","(14, 1)",East,"[(16, 1) via East]","[(15, 1), (7, 1), (13, 5)]","[(7, 1), (13, 5), (16, 1)]","[(9, 5), (9, 4), (9, 3), (10, 3), (11, 3), (11, 2), (12, 3), (11, 1), (13, 3), (12, 1), (10, 1), (14, 3), (13, 1), (9, 1), (14, 4), (14, 1), (8, 1), (14, 5)]",10,0,10
417,"(7, 1)","(8, 1)",West,"[(7, 2) via North]","[(7, 1), (13, 5), (16, 1)]","[(13, 5), (16, 1), (7, 2)]","[(9, 5), (9, 4), (9, 3), (10, 3), (11, 3), (11, 2), (12, 3), (11, 1), (13, 3), (12, 1), (10, 1), (14, 3), (13, 1), (9, 1), (14, 4), (14, 1), (8, 1), (14, 5), (15, 1)]",10,0,10
418,"(13, 5)","(14, 5)",West,"[(12, 5) via West]","[(13, 5), (16, 1), (7, 2)]","[(16, 1), (7, 2), (12, 5)]","[(9, 5), (9, 4), (9, 3), (10, 3), (11, 3), (11, 2), (12, 3), (11, 1), (13, 3), (12, 1), (10, 1), (14, 3), (13, 1), (9, 1), (14, 4), (14, 1), (8, 1), (14, 5), (15, 1), (7, 1)]",10,0,10
419,"(16, 1)","(15, 1)",East,"[(17, 1) via East]","[(16, 1), (7, 2), (12, 5)]","[(7, 2), (12, 5), (17, 1)]","[(9, 5), (9, 4), (9, 3), (10, 3), (11, 3), (11, 2), (12, 3), (11, 1), (13, 3), (12, 1), (10, 1), (14, 3), (13, 1), (9, 1), (14, 4), (14, 1), (8, 1), (14, 5), (15, 1), (7, 1), (13, 5)]",11,0,11
420,"(7, 2)","(7, 1)",North,"[(7, 3) via North]","[(7, 2), (12, 5), (17, 1)]","[(12, 5), (17, 1), (7, 3)]","[(9, 5), (9, 4), (9, 3), (10, 3), (11, 3), (11, 2), (12, 3), (11, 1), (13, 3), (12, 1), (10, 1), (14, 3), (13, 1), (9, 1), (14, 4), (14, 1), (8, 1), (14, 5), (15, 1), (7, 1), (13, 5), (16, 1)]",11,0,11
421,"(12, 5)","(13, 5)",West,"[(11, 5) via West]","[(12, 5), (17, 1), (7, 3)]","[(17, 1), (7, 3), (11, 5)]","[(9, 5), (9, 4), (9, 3), (10, 3), (11, 3), (11, 2), (12, 3), (11, 1), (13, 3), (12, 1), (10, 1), (14, 3), (13, 1), (9, 1), (14, 4), (14, 1), (8, 1), (14, 5), (15, 1), (7, 1), (13, 5), (16, 1), (7, 2)]",11,0,11
422,"(17, 1)","(16, 1)",East,"[(18, 1) via East]","[(17, 1), (7, 3), (11, 5)]","[(7, 3), (11, 5), (18, 1)]","[(9, 5), (9, 4), (9, 3), (10, 3), (11, 3), (11, 2), (12, 3), (11, 1), (13, 3), (12, 1), (10, 1), (14, 3), (13, 1), (9, 1), (14, 4), (14, 1), (8, 1), (14, 5), (15, 1), (7, 1), (13, 5), (16, 1), (7, 2), (12, 5)]",12,0,12
423,"(7, 3)","(7, 2)",North,"[(7, 4) via North, (6, 3) via West]","[(7, 3), (11, 5), (18, 1)]","[(11, 5), (18, 1), (7, 4), (6, 3)]","[(9, 5), (9, 4), (9, 3), (10, 3), (11, 3), (11, 2), (12, 3), (11, 1), (13, 3), (12, 1), (10, 1), (14, 3), (13, 1), (9, 1), (14, 4), (14, 1), (8, 1), (14, 5), (15, 1), (7, 1), (13, 5), (16, 1), (7, 2), (12, 5), (17, 1)]",12,0,12
424,"(11, 5)","(12, 5)",West,"[(11, 6) via North]","[(11, 5), (18, 1), (7, 4), (6, 3)]","[(18, 1), (7, 4), (6, 3), (11, 6)]","[(9, 5), (9, 4), (9, 3), (10, 3), (11, 3), (11, 2), (12, 3), (11, 1), (13, 3), (12, 1), (10, 1), (14, 3), (13, 1), (9, 1), (14, 4), (14, 1), (8, 1), (14, 5), (15, 1), (7, 1), (13, 5), (16, 1), (7, 2), (12, 5), (17, 1), (7, 3)]",12,0,12
425,"(18, 1)","(17, 1)",East,"[(19, 1) via East]","[(18, 1), (7, 4), (6, 3), (11, 6)]","[(7, 4), (6, 3), (11, 6), (19, 1)]","[(9, 5), (9, 4), (9, 3), (10, 3), (11, 3), (11, 2), (12, 3), (11, 1), (13, 3), (12, 1), (10, 1), (14, 3), (13, 1), (9, 1), (14, 4), (14, 1), (8, 1), (14, 5), (15, 1), (7, 1), (13, 5), (16, 1), (7, 2), (12, 5), (17, 1), (7, 3), (11, 5)]",13,0,13
426,"(7, 4)","(7, 3)",North,"[(7, 5) via North]","[(7, 4), (6, 3), (11, 6), (19, 1)]","[(6, 3), (11, 6), (19, 1), (7, 5)]","[(9, 5), (9, 4), (9, 3), (10, 3), (11, 3), (11, 2), (12, 3), (11, 1), (13, 3), (12, 1), (10, 1), (14, 3), (13, 1), (9, 1), (14, 4), (14, 1), (8, 1), (14, 5), (15, 1), (7, 1), (13, 5), (16, 1), (7, 2), (12, 5), (17, 1), (7, 3), (11, 5), (18, 1)]",13,0,13
427,"(6, 3)",,,"[(7, 3) via East, (5, 3) via West]","[(6, 3)]","[(7, 3), (5, 3)]",[],0,0,0
428,"(7, 3)","(6, 3)",East,"[(7, 4) via North, (7, 2) via South]","[(7, 3), (5, 3)]","[(5, 3), (7, 4), (7, 2)]","[(6, 3)]",1,0,1
429,"(5, 3)",,,"[(5, 2) via South, (6, 3) via East, (4, 3) via West]","[(5, 3)]","[(5, 2), (6, 3), (4, 3)]",[],0,0,0
430,"(5, 2)",,,"[(5, 3) via North, (5, 1) via South, (4, 2) via West]","[(5, 2)]","[(5, 3), (5, 1), (4, 2)]",[],0,0,0
431,"(5, 3)","(5, 2)",North,"[(6, 3) via East, (4, 3) via West]","[(5, 3), (5, 1), (4, 2)]","[(5, 1), (4, 2), (6, 3), (4, 3)]","[(5, 2)]",1,0,1
432,"(5, 1)",,,"[(5, 2) via North, (4, 1) via West]","[(5, 1)]","[(5, 2), (4, 1)]",[],0,0,0
433,"(5, 2)","(5, 1)",North,"[(5, 3) via North, (4, 2) via West]","[(5, 2), (4, 1)]","[(4, 1), (5, 3), (4, 2)]","[(5, 1)]",1,0,1
434,"(4, 1)",,,"[(4, 2) via North, (5, 1) via East, (3, 1) via West]","[(4, 1)]","[(4, 2), (5, 1), (3, 1)]",[],0,0,0
435,"(4, 2)",,,"[(4, 3) via North, (4, 1) via South, (5, 2) via East, (3, 2) via West]","[(4, 2)]","[(4, 3), (4, 1), (5, 2), (3, 2)]",[],0,0,0
436,"(4, 3)",,,"[(4, 2) via South, (5, 3) via East, (3, 3) via West]","[(4, 3)]","[(4, 2), (5, 3), (3, 3)]",[],0,0,0
437,"(4, 2)","(4, 3)",South,"[(4, 1) via South, (5, 2) via East, (3, 2) via West]","[(4, 2), (5, 3), (3, 3)]","[(5, 3), (3, 3), (4, 1), (5, 2), (3, 2)]","[(4, 3)]",1,0,1
438,"(5, 3)","(4, 3)",East,"[(6, 3) via East]","[(5, 3), (3, 3), (4, 1), (5, 2), (3, 2)]","[(3, 3), (4, 1), (5, 2), (3, 2), (6, 3)]","[(4, 3), (4, 2)]",1,0,1
439,"(3, 3)",,,"[(3, 4) via North, (3, 2) via South, (4, 3) via East, (2, 3) via West]","[(3, 3)]","[(3, 4), (3, 2), (4, 3), (2, 3)]",[],0,0,0
440,"(3, 4)",,,"[(3, 5) via North, (3, 3) via South, (2, 4) via West]","[(3, 4)]","[(3, 5), (3, 3), (2, 4)]",[],0,0,0
441,"(3, 5)",,,"[(3, 6) via North, (3, 4) via South]","[(3, 5)]","[(3, 6), (3, 4)]",[],0,0,0
442,"(3, 6)",,,"[(3, 5) via South, (2, 6) via West]","[(3, 6)]","[(3, 5), (2, 6)]",[],0,0,0
443,"(3, 5)","(3, 6)",South,"[(3, 4) via South]","[(3, 5), (2, 6)]","[(2, 6), (3, 4)]","[(3, 6)]",1,0,1
444,"(2, 6)",,,"[(3, 6) via East, (1, 6) via West]","[(2, 6)]","[(3, 6), (1, 6)]",[],0,0,0
445,"(3, 6)","(2, 6)",East,"[(3, 5) via South]","[(3, 6), (1, 6)]","[(1, 6), (3, 5)]","[(2, 6)]",1,0,1
446,"(1, 6)",,,"[(1, 7) via North, (2, 6) via East]","[(1, 6)]","[(1, 7), (2, 6)]",[],0,0,0
447,"(1, 7)",,,"[(1, 8) via North, (1, 6) via South]","[(1, 7)]","[(1, 8), (1, 6)]",[],0,0,0
448,"(1, 8)",,,"[(1, 7) via South, (2, 8) via East]","[(1, 8)]","[(1, 7), (2, 8)]",[],0,0,0
449,"(1, 7)","(1, 8)",South,"[(1, 6) via South]","[(1, 7), (2, 8)]","[(2, 8), (1, 6)]","[(1, 8)]",1,0,1
450,"(2, 8)",,,"[(3, 8) via East, (1, 8) via West]","[(2, 8)]","[(3, 8), (1, 8)]",[],0,0,0
451,"(3, 8)",,,"[(3, 9) via North, (2, 8) via West]","[(3, 8)]","[(3, 9), (2, 8)]",[],0,0,0
452,"(3, 9)",,,"[(3, 10) via North, (3, 8) via South]","[(3, 9)]","[(3, 10), (3, 8)]",[],0,0,0
453,"(3, 10)",,,"[(3, 11) via North, (3, 9) via South, (2, 10) via West]","[(3, 10)]","[(3, 11), (3, 9), (2, 10)]",[],0,0,0
454,"(3, 11)",,,"[(3, 10) via South, (4, 11) via East]","[(3, 11)]","[(3, 10), (4, 11)]",[],0,0,0
455,"(3, 10)","(3, 11)",South,"[(3, 9) via South, (2, 10) via West]","[(3, 10), (4, 11)]","[(4, 11), (3, 9), (2, 10)]","[(3, 11)]",1,0,1
456,"(4, 11)",,,"[(5, 11) via East, (3, 11) via West]","[(4, 11)]","[(5, 11), (3, 11)]",[],0,0,0
457,"(5, 11)",,,"[(5, 12) via North, (4, 11) via West]","[(5, 11)]","[(5, 12), (4, 11)]",[],0,0,0
458,"(5, 12)",,,"[(5, 13) via North, (5, 11) via South]","[(5, 12)]","[(5, 13), (5, 11)]",[],0,0,0
459,"(5, 13)",,,"[(5, 12) via South, (4, 13) via West]","[(5, 13)]","[(5, 12), (4, 13)]",[],0,0,0
460,"(5, 12)","(5, 13)",South,"[(5, 11) via South]","[(5, 12), (4, 13)]","[(4, 13), (5, 11)]","[(5, 13)]",1,0,1
461,"(4, 13)",,,"[(5, 13) via East, (3, 13) via West]","[(4, 13)]","[(5, 13), (3, 13)]",[],0,0,0
462,"(5, 13)","(4, 13)",East,"[(5, 12) via South]","[(5, 13), (3, 13)]","[(3, 13), (5, 12)]","[(4, 13)]",1,0,1
463,"(3, 13)",,,"[(4, 13) via East, (2, 13) via West]","[(3, 13)]","[(4, 13), (2, 13)]",[],0,0,0
464,"(4, 13)","(3, 13)",East,"[(5, 13) via East]","[(4, 13), (2, 13)]","[(2, 13), (5, 13)]","[(3, 13)]",1,0,1
465,"(2, 13)",,,"[(3, 13) via East, (1, 13) via West]","[(2, 13)]","[(3, 13), (1, 13)]",[],0,0,0
466,"(3, 13)","(2, 13)",East,"[(4, 13) via East]","[(3, 13), (1, 13)]","[(1, 13), (4, 13)]","[(2, 13)]",1,0,1
467,"(1, 13)",,,"[(1, 12) via South, (2, 13) via East]","[(1, 13)]","[(1, 12), (2, 13)]",[],0,0,0
468,"(1, 12)",,,"[(1, 13) via North, (1, 11) via South]","[(1, 12)]","[(1, 13), (1, 11)]",[],0,0,0
469,"(1, 13)","(1, 12)",North,"[(2, 13) via East]","[(1, 13), (1, 11)]","[(1, 11), (2, 13)]","[(1, 12)]",1,0,1
470,"(1, 11)",,,"[(1, 12) via North, (1, 10) via South]","[(1, 11)]","[(1, 12), (1, 10)]",[],0,0,0
471,"(1, 12)","(1, 11)",North,"[(1, 13) via North]","[(1, 12), (1, 10)]","[(1, 10), (1, 13)]","[(1, 11)]",1,0,1
472,"(1, 10)",,,"[(1, 11) via North, (2, 10) via East]","[(1, 10)]","[(1, 11), (2, 10)]",[],0,0,0
473,"(1, 11)","(1, 10)",North,"[(1, 12) via North]","[(1, 11), (2, 10)]","[(2, 10), (1, 12)]","[(1, 10)]",1,0,1
474,"(2, 10)",,,"[(3, 10) via East, (1, 10) via West]","[(2, 10)]","[(3, 10), (1, 10)]",[],0,0,0
475,"(3, 10)","(2, 10)",East,"[(3, 11) via North, (3, 9) via South]","[(3, 10), (1, 10)]","[(1, 10), (3, 11), (3, 9)]","[(2, 10)]",1,0,1
476,"(1, 10)","(2, 10)",West,"[(1, 11) via North]","[(1, 10), (3, 11), (3, 9)]","[(3, 11), (3, 9), (1, 11)]","[(2, 10), (3, 10)]",1,0,1
477,"(3, 11)","(3, 10)",North,"[(4, 11) via East]","[(3, 11), (3, 9), (1, 11)]","[(3, 9), (1, 11), (4, 11)]","[(2, 10), (3, 10), (1, 10)]",2,0,2
478,"(3, 9)","(3, 10)",South,"[(3, 8) via South]","[(3, 9), (1, 11), (4, 11)]","[(1, 11), (4, 11), (3, 8)]","[(2, 10), (3, 10), (1, 10), (3, 11)]",2,0,2
479,"(1, 11)","(1, 10)",North,"[(1, 12) via North]","[(1, 11), (4, 11), (3, 8)]","[(4, 11), (3, 8), (1, 12)]","[(2, 10), (3, 10), (1, 10), (3, 11), (3, 9)]",2,0,2
480,"(4, 11)","(3, 11)",East,"[(5, 11) via East]","[(4, 11), (3, 8), (1, 12)]","[(3, 8), (1, 12), (5, 11)]","[(2, 10), (3, 10), (1, 10), (3, 11), (3, 9), (1, 11)]",3,0,3
481,"(3, 8)","(3, 9)",South,"[(2, 8) via West]","[(3, 8), (1, 12), (5, 11)]","[(1, 12), (5, 11), (2, 8)]","[(2, 10), (3, 10), (1, 10), (3, 11), (3, 9), (1, 11), (4, 11)]",3,0,3
482,"(1, 12)","(1, 11)",North,"[(1, 13) via North]","[(1, 12), (5, 11), (2, 8)]","[(5, 11), (2, 8), (1, 13)]","[(2, 10), (3, 10), (1, 10), (3, 11), (3, 9), (1, 11), (4, 11), (3, 8)]",3,0,3
483,"(5, 11)","(4, 11)",East,"[(5, 12) via North]","[(5, 11), (2, 8), (1, 13)]","[(2, 8), (1, 13), (5, 12)]","[(2, 10), (3, 10), (1, 10), (3, 11), (3, 9), (1, 11), (4, 11), (3, 8), (1, 12)]",4,0,4
484,"(2, 8)","(3, 8)",West,"[(1, 8) via West]","[(2, 8), (1, 13), (5, 12)]","[(1, 13), (5, 12), (1, 8)]","[(2, 10), (3, 10), (1, 10), (3, 11), (3, 9), (1, 11), (4, 11), (3, 8), (1, 12), (5, 11)]",4,0,4
485,"(1, 13)","(1, 12)",North,"[(2, 13) via East]","[(1, 13), (5, 12), (1, 8)]","[(5, 12), (1, 8), (2, 13)]","[(2, 10), (3, 10), (1, 10), (3, 11), (3, 9), (1, 11), (4, 11), (3, 8), (1, 12), (5, 11), (2, 8)]",4,0,4
486,"(5, 12)","(5, 11)",North,"[(5, 13) via North]","[(5, 12), (1, 8), (2, 13)]","[(1, 8), (2, 13), (5, 13)]","[(2, 10), (3, 10), (1, 10), (3, 11), (3, 9), (1, 11), (4, 11), (3, 8), (1, 12), (5, 11), (2, 8), (1, 13)]",5,0,5
487,"(1, 8)","(2, 8)",West,"[(1, 7) via South]","[(1, 8), (2, 13), (5, 13)]","[(2, 13), (5, 13), (1, 7)]","[(2, 10), (3, 10), (1, 10), (3, 11), (3, 9), (1, 11), (4, 11), (3, 8), (1, 12), (5, 11), (2, 8), (1, 13), (5, 12)]",5,0,5
488,"(2, 13)","(1, 13)",East,"[(3, 13) via East]","[(2, 13), (5, 13), (1, 7)]","[(5, 13), (1, 7), (3, 13)]","[(2, 10), (3, 10), (1, 10), (3, 11), (3, 9), (1, 11), (4, 11), (3, 8), (1, 12), (5, 11), (2, 8), (1, 13), (5, 12), (1, 8)]",5,0,5
489,"(5, 13)","(5, 12)",North,"[(4, 13) via West]","[(5, 13), (1, 7), (3, 13)]","[(1, 7), (3, 13), (4, 13)]","[(2, 10), (3, 10), (1, 10), (3, 11), (3, 9), (1, 11), (4, 11), (3, 8), (1, 12), (5, 11), (2, 8), (1, 13), (5, 12), (1, 8), (2, 13)]",6,0,6
490,"(1, 7)","(1, 8)",South,"[(1, 6) via South]","[(1, 7), (3, 13), (4, 13)]","[(3, 13), (4, 13), (1, 6)]","[(2, 10), (3, 10), (1, 10), (3, 11), (3, 9), (1, 11), (4, 11), (3, 8), (1, 12), (5, 11), (2, 8), (1, 13), (5, 12), (1, 8), (2, 13), (5, 13)]",6,0,6
491,"(3, 13)","(2, 13)",East,[],"[(3, 13), (4, 13), (1, 6)]","[(4, 13), (1, 6)]","[(2, 10), (3, 10), (1, 10), (3, 11), (3, 9), (1, 11), (4, 11), (3, 8), (1, 12), (5, 11), (2, 8), (1, 13), (5, 12), (1, 8), (2, 13), (5, 13), (1, 7)]",6,0,6
492,"(4, 13)","(5, 13)",West,[],"[(4, 13), (1, 6)]","[(1, 6)]","[(2, 10), (3, 10), (1, 10), (3, 11), (3, 9), (1, 11), (4, 11), (3, 8), (1, 12), (5, 11), (2, 8), (1, 13), (5, 12), (1, 8), (2, 13), (5, 13), (1, 7), (3, 13)]",7,0,7
493,"(1, 6)","(1, 7)",South,"[(2, 6) via East]","[(1, 6)]","[(2, 6)]","[(2, 10), (3, 10), (1, 10), (3, 11), (3, 9), (1, 11), (4, 11), (3, 8), (1, 12), (5, 11), (2, 8), (1, 13), (5, 12), (1, 8), (2, 13), (5, 13), (1, 7), (3, 13), (4, 13)]",7,0,7
494,"(2, 6)","(1, 6)",East,"[(3, 6) via East]","[(2, 6)]","[(3, 6)]","[(2, 10), (3, 10), (1, 10), (3, 11), (3, 9), (1, 11), (4, 11), (3, 8), (1, 12), (5, 11), (2, 8), (1, 13), (5, 12), (1, 8), (2, 13), (5, 13), (1, 7), (3, 13), (4, 13), (1, 6)]",8,0,8
495,"(3, 6)","(2, 6)",East,"[(3, 5) via South]","[(3, 6)]","[(3, 5)]","[(2, 10), (3, 10), (1, 10), (3, 11), (3, 9), (1, 11), (4, 11), (3, 8), (1, 12), (5, 11), (2, 8), (1, 13), (5, 12), (1, 8), (2, 13), (5, 13), (1, 7), (3, 13), (4, 13), (1, 6), (2, 6)]",9,0,9
496,"(3, 5)","(3, 6)",South,"[(3, 4) via South]","[(3, 5)]","[(3, 4)]","[(2, 10), (3, 10), (1, 10), (3, 11), (3, 9), (1, 11), (4, 11), (3, 8), (1, 12), (5, 11), (2, 8), (1, 13), (5, 12), (1, 8), (2, 13), (5, 13), (1, 7), (3, 13), (4, 13), (1, 6), (2, 6), (3, 6)]",10,0,10
497,"(3, 4)","(3, 5)",South,"[(3, 3) via South, (2, 4) via West]","[(3, 4)]","[(3, 3), (2, 4)]","[(2, 10), (3, 10), (1, 10), (3, 11), (3, 9), (1, 11), (4, 11), (3, 8), (1, 12), (5, 11), (2, 8), (1, 13), (5, 12), (1, 8), (2, 13), (5, 13), (1, 7), (3, 13), (4, 13), (1, 6), (2, 6), (3, 6), (3, 5)]",11,0,11
498,"(3, 3)","(3, 4)",South,"[(3, 2) via South, (4, 3) via East, (2, 3) via West]","[(3, 3), (2, 4)]","[(2, 4), (3, 2), (4, 3), (2, 3)]","[(2, 10), (3, 10), (1, 10), (3, 11), (3, 9), (1, 11), (4, 11), (3, 8), (1, 12), (5, 11), (2, 8), (1, 13), (5, 12), (1, 8), (2, 13), (5, 13), (1, 7), (3, 13), (4, 13), (1, 6), (2, 6), (3, 6), (3, 5), (3, 4)]",12,0,12
499,"(2, 4)",,,"[(2, 3) via South, (3, 4) via East, (1, 4) via West]","[(2, 4)]","[(2, 3), (3, 4), (1, 4)]",[],0,0,0
500,"(2, 3)",,,"[(2, 4) via North, (2, 2) via South, (3, 3) via East, (1, 3) via West]","[(2, 3)]","[(2, 4), (2, 2), (3, 3), (1, 3)]",[],0,0,0
501,"(2, 4)","(2, 3)",North,"[(3, 4) via East, (1, 4) via West]","[(2, 4), (2, 2), (3, 3), (1, 3)]","[(2, 2), (3, 3), (1, 3), (3, 4), (1, 4)]","[(2, 3)]",1,0,1
502,"(2, 2)",,,"[(2, 3) via North, (2, 1) via South, (3, 2) via East, (1, 2) via West]","[(2, 2)]","[(2, 3), (2, 1), (3, 2), (1, 2)]",[],0,0,0
503,"(2, 3)","(2, 2)",North,"[(2, 4) via North, (3, 3) via East, (1, 3) via West]","[(2, 3), (2, 1), (3, 2), (1, 2)]","[(2, 1), (3, 2), (1, 2), (2, 4), (3, 3), (1, 3)]","[(2, 2)]",1,0,1
504,"(2, 1)",,,"[(2, 2) via North, (3, 1) via East, (1, 1) via West]","[(2, 1)]","[(2, 2), (3, 1), (1, 1)]",[],0,0,0
505,"(2, 2)","(2, 1)",North,"[(2, 3) via North, (3, 2) via East, (1, 2) via West]","[(2, 2), (3, 1), (1, 1)]","[(3, 1), (1, 1), (2, 3), (3, 2), (1, 2)]","[(2, 1)]",1,0,1
506,"(3, 1)",,,"[(3, 2) via North, (4, 1) via East, (2, 1) via West]","[(3, 1)]","[(3, 2), (4, 1), (2, 1)]",[],0,0,0
507,"(3, 2)",,,"[(3, 3) via North, (3, 1) via South, (4, 2) via East, (2, 2) via West]","[(3, 2)]","[(3, 3), (3, 1), (4, 2), (2, 2)]",[],0,0,0
508,"(3, 3)","(3, 2)",North,"[(3, 4) via North, (4, 3) via East, (2, 3) via West]","[(3, 3), (3, 1), (4, 2), (2, 2)]","[(3, 1), (4, 2), (2, 2), (3, 4), (4, 3), (2, 3)]","[(3, 2)]",1,0,1
509,"(3, 1)","(3, 2)",South,"[(4, 1) via East, (2, 1) via West]","[(3, 1), (4, 2), (2, 2), (3, 4), (4, 3), (2, 3)]","[(4, 2), (2, 2), (3, 4), (4, 3), (2, 3), (4, 1), (2, 1)]","[(3, 2), (3, 3)]",1,0,1
510,"(4, 2)","(3, 2)",East,"[(5, 2) via East]","[(4, 2), (2, 2), (3, 4), (4, 3), (2, 3), (4, 1), (2, 1)]","[(2, 2), (3, 4), (4, 3), (2, 3), (4, 1), (2, 1), (5, 2)]","[(3, 2), (3, 3), (3, 1)]",1,0,1
511,"(2, 2)","(3, 2)",West,"[(1, 2) via West]","[(2, 2), (3, 4), (4, 3), (2, 3), (4, 1), (2, 1), (5, 2)]","[(3, 4), (4, 3), (2, 3), (4, 1), (2, 1), (5, 2), (1, 2)]","[(3, 2), (3, 3), (3, 1), (4, 2)]",1,0,1
512,"(3, 4)","(3, 3)",North,"[(3, 5) via North, (2, 4) via West]","[(3, 4), (4, 3), (2, 3), (4, 1), (2, 1), (5, 2), (1, 2)]","[(4, 3), (2, 3), (4, 1), (2, 1), (5, 2), (1, 2), (3, 5), (2, 4)]","[(3, 2), (3, 3), (3, 1), (4, 2), (2, 2)]",2,0,2
513,"(4, 3)","(3, 3)",East,"[(5, 3) via East]","[(4, 3), (2, 3), (4, 1), (2, 1), (5, 2), (1, 2), (3, 5), (2, 4)]","[(2, 3), (4, 1), (2, 1), (5, 2), (1, 2), (3, 5), (2, 4), (5, 3)]","[(3, 2), (3, 3), (3, 1), (4, 2), (2, 2), (3, 4)]",2,0,2
514,"(2, 3)","(3, 3)",West,"[(1, 3) via West]","[(2, 3), (4, 1), (2, 1), (5, 2), (1, 2), (3, 5), (2, 4), (5, 3)]","[(4, 1), (2, 1), (5, 2), (1, 2), (3, 5), (2, 4), (5, 3), (1, 3)]","[(3, 2), (3, 3), (3, 1), (4, 2), (2, 2), (3, 4), (4, 3)]",2,0,2
515,"(4, 1)","(3, 1)",East,"[(5, 1) via East]","[(4, 1), (2, 1), (5, 2), (1, 2), (3, 5), (2, 4), (5, 3), (1, 3)]","[(2, 1), (5, 2), (1, 2), (3, 5), (2, 4), (5, 3), (1, 3), (5, 1)]","[(3, 2), (3, 3), (3, 1), (4, 2), (2, 2), (3, 4), (4, 3), (2, 3)]",2,0,2
516,"(2, 1)","(3, 1)",West,"[(1, 1) via West]","[(2, 1), (5, 2), (1, 2), (3, 5), (2, 4), (5, 3), (1, 3), (5, 1)]","[(5, 2), (1, 2), (3, 5), (2, 4), (5, 3), (1, 3), (5, 1), (1, 1)]","[(3, 2), (3, 3), (3, 1), (4, 2), (2, 2), (3, 4), (4, 3), (2, 3), (4, 1)]",2,0,2
517,"(5, 2)","(4, 2)",East,[],"[(5, 2), (1, 2), (3, 5), (2, 4), (5, 3), (1, 3), (5, 1), (1, 1)]","[(1, 2), (3, 5), (2, 4), (5, 3), (1, 3), (5, 1), (1, 1)]","[(3, 2), (3, 3), (3, 1), (4, 2), (2, 2), (3, 4), (4, 3), (2, 3), (4, 1), (2, 1)]",2,0,2
518,"(1, 2)",,,"[(1, 3) via North, (1, 1) via South, (2, 2) via East]","[(1, 2)]","[(1, 3), (1, 1), (2, 2)]",[],0,0,0
519,"(1, 3)",,,"[(1, 4) via North, (1, 2) via South, (2, 3) via East]","[(1, 3)]","[(1, 4), (1, 2), (2, 3)]",[],0,0,0
520,"(1, 4)",,,"[(1, 3) via South, (2, 4) via East]","[(1, 4)]","[(1, 3), (2, 4)]",[],0,0,0
521,"(1, 3)","(1, 4)",South,"[(1, 2) via South, (2, 3) via East]","[(1, 3), (2, 4)]","[(2, 4), (1, 2), (2, 3)]","[(1, 4)]",1,0,1
522,"(2, 4)","(1, 4)",East,"[(3, 4) via East]","[(2, 4), (1, 2), (2, 3)]","[(1, 2), (2, 3), (3, 4)]","[(1, 4), (1, 3)]",1,0,1
523,"(1, 2)","(1, 3)",South,"[(1, 1) via South, (2, 2) via East]","[(1, 2), (2, 3), (3, 4)]","[(2, 3), (3, 4), (1, 1), (2, 2)]","[(1, 4), (1, 3), (2, 4)]",2,0,2
524,"(2, 3)","(1, 3)",East,"[(3, 3) via East]","[(2, 3), (3, 4), (1, 1), (2, 2)]","[(3, 4), (1, 1), (2, 2), (3, 3)]","[(1, 4), (1, 3), (2, 4), (1, 2)]",2,0,2
525,"(3, 4)","(2, 4)",East,"[(3, 5) via North]","[(3, 4), (1, 1), (2, 2), (3, 3)]","[(1, 1), (2, 2), (3, 3), (3, 5)]","[(1, 4), (1, 3), (2, 4), (1, 2), (2, 3)]",2,0,2
526,"(1, 1)",,,"[(1, 2) via North, (2, 1) via East]","[(1, 1)]","[(1, 2), (2, 1)]",[],0,0,0
527,"(1, 2)","(1, 1)",North,"[(1, 3) via North, (2, 2) via East]","[(1, 2), (2, 1)]","[(2, 1), (1, 3), (2, 2)]","[(1, 1)]",1,0,1
528,"(2, 1)","(1, 1)",East,"[(3, 1) via East]","[(2, 1), (1, 3), (2, 2)]","[(1, 3), (2, 2), (3, 1)]","[(1, 1), (1, 2)]",1,0,1
529,"(1, 3)","(1, 2)",North,"[(1, 4) via North, (2, 3) via East]","[(1, 3), (2, 2), (3, 1)]","[(2, 2), (3, 1), (1, 4), (2, 3)]","[(1, 1), (1, 2), (2, 1)]",2,0,2
530,"(2, 2)","(1, 2)",East,"[(3, 2) via East]","[(2, 2), (3, 1), (1, 4), (2, 3)]","[(3, 1), (1, 4), (2, 3), (3, 2)]","[(1, 1), (1, 2), (2, 1), (1, 3)]",2,0,2
531,"(3, 1)","(2, 1)",East,"[(4, 1) via East]","[(3, 1), (1, 4), (2, 3), (3, 2)]","[(1, 4), (2, 3), (3, 2), (4, 1)]","[(1, 1), (1, 2), (2, 1), (1, 3), (2, 2)]",2,0,2
532,"(1, 4)","(1, 3)",North,"[(2, 4) via East]","[(1, 4), (2, 3), (3, 2), (4, 1)]","[(2, 3), (3, 2), (4, 1), (2, 4)]","[(1, 1), (1, 2), (2, 1), (1, 3), (2, 2), (3, 1)]",3,0,3
533,"(2, 3)","(1, 3)",East,"[(3, 3) via East]","[(2, 3), (3, 2), (4, 1), (2, 4)]","[(3, 2), (4, 1), (2, 4), (3, 3)]","[(1, 1), (1, 2), (2, 1), (1, 3), (2, 2), (3, 1), (1, 4)]",3,0,3
534,"(3, 2)","(2, 2)",East,"[(4, 2) via East]","[(3, 2), (4, 1), (2, 4), (3, 3)]","[(4, 1), (2, 4), (3, 3), (4, 2)]","[(1, 1), (1, 2), (2, 1), (1, 3), (2, 2), (3, 1), (1, 4), (2, 3)]",3,0,3
535,"(4, 1)","(3, 1)",East,"[(5, 1) via East]","[(4, 1), (2, 4), (3, 3), (4, 2)]","[(2, 4), (3, 3), (4, 2), (5, 1)]","[(1, 1), (1, 2), (2, 1), (1, 3), (2, 2), (3, 1), (1, 4), (2, 3), (3, 2)]",3,0,3
536,"(2, 4)","(1, 4)",East,"[(3, 4) via East]","[(2, 4), (3, 3), (4, 2), (5, 1)]","[(3, 3), (4, 2), (5, 1), (3, 4)]","[(1, 1), (1, 2), (2, 1), (1, 3), (2, 2), (3, 1), (1, 4), (2, 3), (3, 2), (4, 1)]",4,0,4
537,"(3, 3)","(2, 3)",East,"[(4, 3) via East]","[(3, 3), (4, 2), (5, 1), (3, 4)]","[(4, 2), (5, 1), (3, 4), (4, 3)]","[(1, 1), (1, 2), (2, 1), (1, 3), (2, 2), (3, 1), (1, 4), (2, 3), (3, 2), (4, 1), (2, 4)]",4,0,4
538,"(4, 2)","(3, 2)",East,"[(5, 2) via East]","[(4, 2), (5, 1), (3, 4), (4, 3)]","[(5, 1), (3, 4), (4, 3), (5, 2)]","[(1, 1), (1, 2), (2, 1), (1, 3), (2, 2), (3, 1), (1, 4), (2, 3), (3, 2), (4, 1), (2, 4), (3, 3)]",4,0,4
539,"(5, 1)","(4, 1)",East,[],"[(5, 1), (3, 4), (4, 3), (5, 2)]","[(3, 4), (4, 3), (5, 2)]","[(1, 1), (1, 2), (2, 1), (1, 3), (2, 2), (3, 1), (1, 4), (2, 3), (3, 2), (4, 1), (2, 4), (3, 3), (4, 2)]",4,0,4
540,"(3, 4)","(2, 4)",East,"[(3, 5) via North]","[(3, 4), (4, 3), (5, 2)]","[(4, 3), (5, 2), (3, 5)]","[(1, 1), (1, 2), (2, 1), (1, 3), (2, 2), (3, 1), (1, 4), (2, 3), (3, 2), (4, 1), (2, 4), (3, 3), (4, 2), (5, 1)]",5,0,5
541,"(4, 3)","(3, 3)",East,"[(5, 3) via East]","[(4, 3), (5, 2), (3, 5)]","[(5, 2), (3, 5), (5, 3)]","[(1, 1), (1, 2), (2, 1), (1, 3), (2, 2), (3, 1), (1, 4), (2, 3), (3, 2), (4, 1), (2, 4), (3, 3), (4, 2), (5, 1), (3, 4)]",5,0,5
542,"(5, 2)","(4, 2)",East,[],"[(5, 2), (3, 5), (5, 3)]","[(3, 5), (5, 3)]","[(1, 1), (1, 2), (2, 1), (1, 3), (2, 2), (3, 1), (1, 4), (2, 3), (3, 2), (4, 1), (2, 4), (3, 3), (4, 2), (5, 1), (3, 4), (4, 3)]",5,0,5
543,"(3, 5)","(3, 4)",North,"[(3, 6) via North]","[(3, 5), (5, 3)]","[(5, 3), (3, 6)]","[(1, 1), (1, 2), (2, 1), (1, 3), (2, 2), (3, 1), (1, 4), (2, 3), (3, 2), (4, 1), (2, 4), (3, 3), (4, 2), (5, 1), (3, 4), (4, 3), (5, 2)]",6,0,6
544,"(5, 3)","(4, 3)",East,"[(6, 3) via East]","[(5, 3), (3, 6)]","[(3, 6), (6, 3)]","[(1, 1), (1, 2), (2, 1), (1, 3), (2, 2), (3, 1), (1, 4), (2, 3), (3, 2), (4, 1), (2, 4), (3, 3), (4, 2), (5, 1), (3, 4), (4, 3), (5, 2), (3, 5)]",6,0,6
545,"(3, 6)","(3, 5)",North,"[(2, 6) via West]","[(3, 6), (6, 3)]","[(6, 3), (2, 6)]","[(1, 1), (1, 2), (2, 1), (1, 3), (2, 2), (3, 1), (1, 4), (2, 3), (3, 2), (4, 1), (2, 4), (3, 3), (4, 2), (5, 1), (3, 4), (4, 3), (5, 2), (3, 5), (5, 3)]",7,0,7
546,"(6, 3)","(5, 3)",East,"[(7, 3) via East]","[(6, 3), (2, 6)]","[(2, 6), (7, 3)]","[(1, 1), (1, 2), (2, 1), (1, 3), (2, 2), (3, 1), (1, 4), (2, 3), (3, 2), (4, 1), (2, 4), (3, 3), (4, 2), (5, 1), (3, 4), (4, 3), (5, 2), (3, 5), (5, 3), (3, 6)]",7,0,7
547,"(2, 6)","(3, 6)",West,"[(1, 6) via West]","[(2, 6), (7, 3)]","[(7, 3), (1, 6)]","[(1, 1), (1, 2), (2, 1), (1, 3), (2, 2), (3, 1), (1, 4), (2, 3), (3, 2), (4, 1), (2, 4), (3, 3), (4, 2), (5, 1), (3, 4), (4, 3), (5, 2), (3, 5), (5, 3), (3, 6), (6, 3)]",8,0,8
548,"(7, 3)","(6, 3)",East,"[(7, 4) via North, (7, 2) via South]","[(7, 3), (1, 6)]","[(1, 6), (7, 4), (7, 2)]","[(1, 1), (1, 2), (2, 1), (1, 3), (2, 2), (3, 1), (1, 4), (2, 3), (3, 2), (4, 1), (2, 4), (3, 3), (4, 2), (5, 1), (3, 4), (4, 3), (5, 2), (3, 5), (5, 3), (3, 6), (6, 3), (2, 6)]",8,0,8
549,"(1, 6)","(2, 6)",West,"[(1, 7) via North]","[(1, 6), (7, 4), (7, 2)]","[(7, 4), (7, 2), (1, 7)]","[(1, 1), (1, 2), (2, 1), (1, 3), (2, 2), (3, 1), (1, 4), (2, 3), (3, 2), (4, 1), (2, 4), (3, 3), (4, 2), (5, 1), (3, 4), (4, 3), (5, 2), (3, 5), (5, 3), (3, 6), (6, 3), (2, 6), (7, 3)]",9,0,9
550,"(7, 4)","(7, 3)",North,"[(7, 5) via North]","[(7, 4), (7, 2), (1, 7)]","[(7, 2), (1, 7), (7, 5)]","[(1, 1), (1, 2), (2, 1), (1, 3), (2, 2), (3, 1), (1, 4), (2, 3), (3, 2), (4, 1), (2, 4), (3, 3), (4, 2), (5, 1), (3, 4), (4, 3), (5, 2), (3, 5), (5, 3), (3, 6), (6, 3), (2, 6), (7, 3), (1, 6)]",9,0,9
551,"(7, 2)","(7, 3)",South,"[(7, 1) via South]","[(7, 2), (1, 7), (7, 5)]","[(1, 7), (7, 5), (7, 1)]","[(1, 1), (1, 2), (2, 1), (1, 3), (2, 2), (3, 1), (1, 4), (2, 3), (3, 2), (4, 1), (2, 4), (3, 3), (4, 2), (5, 1), (3, 4), (4, 3), (5, 2), (3, 5), (5, 3), (3, 6), (6, 3), (2, 6), (7, 3), (1, 6), (7, 4)]",9,0,9
552,"(1, 7)","(1, 6)",North,"[(1, 8) via North]","[(1, 7), (7, 5), (7, 1)]","[(7, 5), (7, 1), (1, 8)]","[(1, 1), (1, 2), (2, 1), (1, 3), (2, 2), (3, 1), (1, 4), (2, 3), (3, 2), (4, 1), (2, 4), (3, 3), (4, 2), (5, 1), (3, 4), (4, 3), (5, 2), (3, 5), (5, 3), (3, 6), (6, 3), (2, 6), (7, 3), (1, 6), (7, 4), (7, 2)]",10,0,10
553,"(7, 5)","(7, 4)",North,"[(6, 5) via West]","[(7, 5), (7, 1), (1, 8)]","[(7, 1), (1, 8), (6, 5)]","[(1, 1), (1, 2), (2, 1), (1, 3), (2, 2), (3, 1), (1, 4), (2, 3), (3, 2), (4, 1), (2, 4), (3, 3), (4, 2), (5, 1), (3, 4), (4, 3), (5, 2), (3, 5), (5, 3), (3, 6), (6, 3), (2, 6), (7, 3), (1, 6), (7, 4), (7, 2), (1, 7)]",10,0,10
554,"(7, 1)","(7, 2)",South,"[(8, 1) via East]","[(7, 1), (1, 8), (6, 5)]","[(1, 8), (6, 5), (8, 1)]","[(1, 1), (1, 2), (2, 1), (1, 3), (2, 2), (3, 1), (1, 4), (2, 3), (3, 2), (4, 1), (2, 4), (3, 3), (4, 2), (5, 1), (3, 4), (4, 3), (5, 2), (3, 5), (5, 3), (3, 6), (6, 3), (2, 6), (7, 3), (1, 6), (7, 4), (7, 2), (1, 7), (7, 5)]",10,0,10
555,"(1, 8)","(1, 7)",North,"[(2, 8) via East]","[(1, 8), (6, 5), (8, 1)]","[(6, 5), (8, 1), (2, 8)]","[(1, 1), (1, 2), (2, 1), (1, 3), (2, 2), (3, 1), (1, 4), (2, 3), (3, 2), (4, 1), (2, 4), (3, 3), (4, 2), (5, 1), (3, 4), (4, 3), (5, 2), (3, 5), (5, 3), (3, 6), (6, 3), (2, 6), (7, 3), (1, 6), (7, 4), (7, 2), (1, 7), (7, 5), (7, 1)]",11,0,11
556,"(6, 5)","(7, 5)",West,"[(5, 5) via West]","[(6, 5), (8, 1), (2, 8)]","[(8, 1), (2, 8), (5, 5)]","[(1, 1), (1, 2), (2, 1), (1, 3), (2, 2), (3, 1), (1, 4), (2, 3), (3, 2), (4, 1), (2, 4), (3, 3), (4, 2), (5, 1), (3, 4), (4, 3), (5, 2), (3, 5), (5, 3), (3, 6), (6, 3), (2, 6), (7, 3), (1, 6), (7, 4), (7, 2), (1, 7), (7, 5), (7, 1), (1, 8)]",11,0,11
557,"(8, 1)","(7, 1)",East,"[(9, 1) via East]","[(8, 1), (2, 8), (5, 5)]","[(2, 8), (5, 5), (9, 1)]","[(1, 1), (1, 2), (2, 1), (1, 3), (2, 2), (3, 1), (1, 4), (2, 3), (3, 2), (4, 1), (2, 4), (3, 3), (4, 2), (5, 1), (3, 4), (4, 3), (5, 2), (3, 5), (5, 3), (3, 6), (6, 3), (2, 6), (7, 3), (1, 6), (7, 4), (7, 2), (1, 7), (7, 5), (7, 1), (1, 8), (6, 5)]",11,0,11
558,"(2, 8)","(1, 8)",East,"[(3, 8) via East]","[(2, 8), (5, 5), (9, 1)]","[(5, 5), (9, 1), (3, 8)]","[(1, 1), (1, 2), (2, 1), (1, 3), (2, 2), (3, 1), (1, 4), (2, 3), (3, 2), (4, 1), (2, 4), (3, 3), (4, 2), (5, 1), (3, 4), (4, 3), (5, 2), (3, 5), (5, 3), (3, 6), (6, 3), (2, 6), (7, 3), (1, 6), (7, 4), (7, 2), (1, 7), (7, 5), (7, 1), (1, 8), (6, 5), (8, 1)]",12,0,12
559,"(5, 5)","(6, 5)",West,"[(5, 6) via North]","[(5, 5), (9, 1), (3, 8)]","[(9, 1), (3, 8), (5, 6)]","[(1, 1), (1, 2), (2, 1), (1, 3), (2, 2), (3, 1), (1, 4), (2, 3), (3, 2), (4, 1), (2, 4), (3, 3), (4, 2), (5, 1), (3, 4), (4, 3), (5, 2), (3, 5), (5, 3), (3, 6), (6, 3), (2, 6), (7, 3), (1, 6), (7, 4), (7, 2), (1, 7), (7, 5), (7, 1), (1, 8), (6, 5), (8, 1), (2, 8)]",12,0,12
560,"(9, 1)","(8, 1)",East,"[(10, 1) via East]","[(9, 1), (3, 8), (5, 6)]","[(3, 8), (5, 6), (10, 1)]","[(1, 1), (1, 2), (2, 1), (1, 3), (2, 2), (3, 1), (1, 4), (2, 3), (3, 2), (4, 1), (2, 4), (3, 3), (4, 2), (5, 1), (3, 4), (4, 3), (5, 2), (3, 5), (5, 3), (3, 6), (6, 3), (2, 6), (7, 3), (1, 6), (7, 4), (7, 2), (1, 7), (7, 5), (7, 1), (1, 8), (6, 5), (8, 1), (2, 8), (5, 5)]",12,0,12
561,"(3, 8)","(2, 8)",East,"[(3, 9) via North]","[(3, 8), (5, 6), (10, 1)]","[(5, 6), (10, 1), (3, 9)]","[(1, 1), (1, 2), (2, 1), (1, 3), (2, 2), (3, 1), (1, 4), (2, 3), (3, 2), (4, 1), (2, 4), (3, 3), (4, 2), (5, 1), (3, 4), (4, 3), (5, 2), (3, 5), (5, 3), (3, 6), (6, 3), (2, 6), (7, 3), (1, 6), (7, 4), (7, 2), (1, 7), (7, 5), (7, 1), (1, 8), (6, 5), (8, 1), (2, 8), (5, 5), (9, 1)]",13,0,13
562,"(5, 6)","(5, 5)",North,"[(5, 7) via North]","[(5, 6), (10, 1), (3, 9)]","[(10, 1), (3, 9), (5, 7)]","[(1, 1), (1, 2), (2, 1), (1, 3), (2, 2), (3, 1), (1, 4), (2, 3), (3, 2), (4, 1), (2, 4), (3, 3), (4, 2), (5, 1), (3, 4), (4, 3), (5, 2), (3, 5), (5, 3), (3, 6), (6, 3), (2, 6), (7, 3), (1, 6), (7, 4), (7, 2), (1, 7), (7, 5), (7, 1), (1, 8), (6, 5), (8, 1), (2, 8), (5, 5), (9, 1), (3, 8)]",13,0,13
563,"(10, 1)","(9, 1)",East,"[(11, 1) via East]","[(10, 1), (3, 9), (5, 7)]","[(3, 9), (5, 7), (11, 1)]","[(1, 1), (1, 2), (2, 1), (1, 3), (2, 2), (3, 1), (1, 4), (2, 3), (3, 2), (4, 1), (2, 4), (3, 3), (4, 2), (5, 1), (3, 4), (4, 3), (5, 2), (3, 5), (5, 3), (3, 6), (6, 3), (2, 6), (7, 3), (1, 6), (7, 4), (7, 2), (1, 7), (7, 5), (7, 1), (1, 8), (6, 5), (8, 1), (2, 8), (5, 5), (9, 1), (3, 8), (5, 6)]",13,0,13
564,"(3, 9)","(3, 8)",North,"[(3, 10) via North]","[(3, 9), (5, 7), (11, 1)]","[(5, 7), (11, 1), (3, 10)]","[(1, 1), (1, 2), (2, 1), (1, 3), (2, 2), (3, 1), (1, 4), (2, 3), (3, 2), (4, 1), (2, 4), (3, 3), (4, 2), (5, 1), (3, 4), (4, 3), (5, 2), (3, 5), (5, 3), (3, 6), (6, 3), (2, 6), (7, 3), (1, 6), (7, 4), (7, 2), (1, 7), (7, 5), (7, 1), (1, 8), (6, 5), (8, 1), (2, 8), (5, 5), (9, 1), (3, 8), (5, 6), (10, 1)]",14,0,14
565,"(5, 7)","(5, 6)",North,"[(5, 8) via North, (6, 7) via East]","[(5, 7), (11, 1), (3, 10)]","[(11, 1), (3, 10), (5, 8), (6, 7)]","[(1, 1), (1, 2), (2, 1), (1, 3), (2, 2), (3, 1), (1, 4), (2, 3), (3, 2), (4, 1), (2, 4), (3, 3), (4, 2), (5, 1), (3, 4), (4, 3), (5, 2), (3, 5), (5, 3), (3, 6), (6, 3), (2, 6), (7, 3), (1, 6), (7, 4), (7, 2), (1, 7), (7, 5), (7, 1), (1, 8), (6, 5), (8, 1), (2, 8), (5, 5), (9, 1), (3, 8), (5, 6), (10, 1), (3, 9)]",14,0,14
566,"(11, 1)","(10, 1)",East,"[(11, 2) via North, (12, 1) via East]","[(11, 1), (3, 10), (5, 8), (6, 7)]","[(3, 10), (5, 8), (6, 7), (11, 2), (12, 1)]","[(1, 1), (1, 2), (2, 1), (1, 3), (2, 2), (3, 1), (1, 4), (2, 3), (3, 2), (4, 1), (2, 4), (3, 3), (4, 2), (5, 1), (3, 4), (4, 3), (5, 2), (3, 5), (5, 3), (3, 6), (6, 3), (2, 6), (7, 3), (1, 6), (7, 4), (7, 2), (1, 7), (7, 5), (7, 1), (1, 8), (6, 5), (8, 1), (2, 8), (5, 5), (9, 1), (3, 8), (5, 6), (10, 1), (3, 9), (5, 7)]",14,0,14
567,"(3, 10)","(3, 9)",North,"[(3, 11) via North, (2, 10) via West]","[(3, 10), (5, 8), (6, 7), (11, 2), (12, 1)]","[(5, 8), (6, 7), (11, 2), (12, 1), (3, 11), (2, 10)]","[(1, 1), (1, 2), (2, 1), (1, 3), (2, 2), (3, 1), (1, 4), (2, 3), (3, 2), (4, 1), (2, 4), (3, 3), (4, 2), (5, 1), (3, 4), (4, 3), (5, 2), (3, 5), (5, 3), (3, 6), (6, 3), (2, 6), (7, 3), (1, 6), (7, 4), (7, 2), (1, 7), (7, 5), (7, 1), (1, 8), (6, 5), (8, 1), (2, 8), (5, 5), (9, 1), (3, 8), (5, 6), (10, 1), (3, 9), (5, 7), (11, 1)]",15,0,15
568,"(5, 8)","(5, 7)",North,"[(5, 9) via North]","[(5, 8), (6, 7), (11, 2), (12, 1), (3, 11), (2, 10)]","[(6, 7), (11, 2), (12, 1), (3, 11), (2, 10), (5, 9)]","[(1, 1), (1, 2), (2, 1), (1, 3), (2, 2), (3, 1), (1, 4), (2, 3), (3, 2), (4, 1), (2, 4), (3, 3), (4, 2), (5, 1), (3, 4), (4, 3), (5, 2), (3, 5), (5, 3), (3, 6), (6, 3), (2, 6), (7, 3), (1, 6), (7, 4), (7, 2), (1, 7), (7, 5), (7, 1), (1, 8), (6, 5), (8, 1), (2, 8), (5, 5), (9, 1), (3, 8), (5, 6), (10, 1), (3, 9), (5, 7), (11, 1), (3, 10)]",15,0,15
569,"(6, 7)","(5, 7)",East,"[(7, 7) via East]","[(6, 7), (11, 2), (12, 1), (3, 11), (2, 10), (5, 9)]","[(11, 2), (12, 1), (3, 11), (2, 10), (5, 9), (7, 7)]","[(1, 1), (1, 2), (2, 1), (1, 3), (2, 2), (3, 1), (1, 4), (2, 3), (3, 2), (4, 1), (2, 4), (3, 3), (4, 2), (5, 1), (3, 4), (4, 3), (5, 2), (3, 5), (5, 3), (3, 6), (6, 3), (2, 6), (7, 3), (1, 6), (7, 4), (7, 2), (1, 7), (7, 5), (7, 1), (1, 8), (6, 5), (8, 1), (2, 8), (5, 5), (9, 1), (3, 8), (5, 6), (10, 1), (3, 9), (5, 7), (11, 1), (3, 10), (5, 8)]",15,0,15
570,"(11, 2)","(11, 1)",North,"[(11, 3) via North]","[(11, 2), (12, 1), (3, 11), (2, 10), (5, 9), (7, 7)]","[(12, 1), (3, 11), (2, 10), (5, 9), (7, 7), (11, 3)]","[(1, 1), (1, 2), (2, 1), (1, 3), (2, 2), (3, 1), (1, 4), (2, 3), (3, 2), (4, 1), (2, 4), (3, 3), (4, 2), (5, 1), (3, 4), (4, 3), (5, 2), (3, 5), (5, 3), (3, 6), (6, 3), (2, 6), (7, 3), (1, 6), (7, 4), (7, 2), (1, 7), (7, 5), (7, 1), (1, 8), (6, 5), (8, 1), (2, 8), (5, 5), (9, 1), (3, 8), (5, 6), (10, 1), (3, 9), (5, 7), (11, 1), (3, 10), (5, 8), (6, 7)]",15,0,15
571,"(12, 1)","(11, 1)",East,"[(13, 1) via East]","[(12, 1), (3, 11), (2, 10), (5, 9), (7, 7), (11, 3)]","[(3, 11), (2, 10), (5, 9), (7, 7), (11, 3), (13, 1)]","[(1, 1), (1, 2), (2, 1), (1, 3), (2, 2), (3, 1), (1, 4), (2, 3), (3, 2), (4, 1), (2, 4), (3, 3), (4, 2), (5, 1), (3, 4), (4, 3), (5, 2), (3, 5), (5, 3), (3, 6), (6, 3), (2, 6), (7, 3), (1, 6), (7, 4), (7, 2), (1, 7), (7, 5), (7, 1), (1, 8), (6, 5), (8, 1), (2, 8), (5, 5), (9, 1), (3, 8), (5, 6), (10, 1), (3, 9), (5, 7), (11, 1), (3, 10), (5, 8), (6, 7), (11, 2)]",15,0,15
572,"(3, 11)","(3, 10)",North,"[(4, 11) via East]","[(3, 11), (2, 10), (5, 9), (7, 7), (11, 3), (13, 1)]","[(2, 10), (5, 9), (7, 7), (11, 3), (13, 1), (4, 11)]","[(1, 1), (1, 2), (2, 1), (1, 3), (2, 2), (3, 1), (1, 4), (2, 3), (3, 2), (4, 1), (2, 4), (3, 3), (4, 2), (5, 1), (3, 4), (4, 3), (5, 2), (3, 5), (5, 3), (3, 6), (6, 3), (2, 6), (7, 3), (1, 6), (7, 4), (7, 2), (1, 7), (7, 5), (7, 1), (1, 8), (6, 5), (8, 1), (2, 8), (5, 5), (9, 1), (3, 8), (5, 6), (10, 1), (3, 9), (5, 7), (11, 1), (3, 10), (5, 8), (6, 7), (11, 2), (12, 1)]",16,0,16
573,"(2, 10)","(3, 10)",West,"[(1, 10) via West]","[(2, 10), (5, 9), (7, 7), (11, 3), (13, 1), (4, 11)]","[(5, 9), (7, 7), (11, 3), (13, 1), (4, 11), (1, 10)]","[(1, 1), (1, 2), (2, 1), (1, 3), (2, 2), (3, 1), (1, 4), (2, 3), (3, 2), (4, 1), (2, 4), (3, 3), (4, 2), (5, 1), (3, 4), (4, 3), (5, 2), (3, 5), (5, 3), (3, 6), (6, 3), (2, 6), (7, 3), (1, 6), (7, 4), (7, 2), (1, 7), (7, 5), (7, 1), (1, 8), (6, 5), (8, 1), (2, 8), (5, 5), (9, 1), (3, 8), (5, 6), (10, 1), (3, 9), (5, 7), (11, 1), (3, 10), (5, 8), (6, 7), (11, 2), (12, 1), (3, 11)]",16,0,16
574,"(5, 9)","(5, 8)",North,[],"[(5, 9), (7, 7), (11, 3), (13, 1), (4, 11), (1, 10)]","[(7, 7), (11, 3), (13, 1), (4, 11), (1, 10)]","[(1, 1), (1, 2), (2, 1), (1, 3), (2, 2), (3, 1), (1, 4), (2, 3), (3, 2), (4, 1), (2, 4), (3, 3), (4, 2), (5, 1), (3, 4), (4, 3), (5, 2), (3, 5), (5, 3), (3, 6), (6, 3), (2, 6), (7, 3), (1, 6), (7, 4), (7, 2), (1, 7), (7, 5), (7, 1), (1, 8), (6, 5), (8, 1), (2, 8), (5, 5), (9, 1), (3, 8), (5, 6), (10, 1), (3, 9), (5, 7), (11, 1), (3, 10), (5, 8), (6, 7), (11, 2), (12, 1), (3, 11), (2, 10)]",16,0,16
575,"(7, 7)","(6, 7)",East,"[(8, 7) via East]","[(7, 7), (11, 3), (13, 1), (4, 11), (1, 10)]","[(11, 3), (13, 1), (4, 11), (1, 10), (8, 7)]","[(1, 1), (1, 2), (2, 1), (1, 3), (2, 2), (3, 1), (1, 4), (2, 3), (3, 2), (4, 1), (2, 4), (3, 3), (4, 2), (5, 1), (3, 4), (4, 3), (5, 2), (3, 5), (5, 3), (3, 6), (6, 3), (2, 6), (7, 3), (1, 6), (7, 4), (7, 2), (1, 7), (7, 5), (7, 1), (1, 8), (6, 5), (8, 1), (2, 8), (5, 5), (9, 1), (3, 8), (5, 6), (10, 1), (3, 9), (5, 7), (11, 1), (3, 10), (5, 8), (6, 7), (11, 2), (12, 1), (3, 11), (2, 10), (5, 9)]",16,0,16
576,"(11, 3)","(11, 2)",North,"[(12, 3) via East, (10, 3) via West]","[(11, 3), (13, 1), (4, 11), (1, 10), (8, 7)]","[(13, 1), (4, 11), (1, 10), (8, 7), (12, 3), (10, 3)]","[(1, 1), (1, 2), (2, 1), (1, 3), (2, 2), (3, 1), (1, 4), (2, 3), (3, 2), (4, 1), (2, 4), (3, 3), (4, 2), (5, 1), (3, 4), (4, 3), (5, 2), (3, 5), (5, 3), (3, 6), (6, 3), (2, 6), (7, 3), (1, 6), (7, 4), (7, 2), (1, 7), (7, 5), (7, 1), (1, 8), (6, 5), (8, 1), (2, 8), (5, 5), (9, 1), (3, 8), (5, 6), (10, 1), (3, 9), (5, 7), (11, 1), (3, 10), (5, 8), (6, 7), (11, 2), (12, 1), (3, 11), (2, 10), (5, 9), (7, 7)]",16,0,16
577,"(13, 1)","(12, 1)",East,"[(14, 1) via East]","[(13, 1), (4, 11), (1, 10), (8, 7), (12, 3), (10, 3)]","[(4, 11), (1, 10), (8, 7), (12, 3), (10, 3), (14, 1)]","[(1, 1), (1, 2), (2, 1), (1, 3), (2, 2), (3, 1), (1, 4), (2, 3), (3, 2), (4, 1), (2, 4), (3, 3), (4, 2), (5, 1), (3, 4), (4, 3), (5, 2), (3, 5), (5, 3), (3, 6), (6, 3), (2, 6), (7, 3), (1, 6), (7, 4), (7, 2), (1, 7), (7, 5), (7, 1), (1, 8), (6, 5), (8, 1), (2, 8), (5, 5), (9, 1), (3, 8), (5, 6), (10, 1), (3, 9), (5, 7), (11, 1), (3, 10), (5, 8), (6, 7), (11, 2), (12, 1), (3, 11), (2, 10), (5, 9), (7, 7), (11, 3)]",16,0,16
578,"(4, 11)","(3, 11)",East,"[(5, 11) via East]","[(4, 11), (1, 10), (8, 7), (12, 3), (10, 3), (14, 1)]","[(1, 10), (8, 7), (12, 3), (10, 3), (14, 1), (5, 11)]","[(1, 1), (1, 2), (2, 1), (1, 3), (2, 2), (3, 1), (1, 4), (2, 3), (3, 2), (4, 1), (2, 4), (3, 3), (4, 2), (5, 1), (3, 4), (4, 3), (5, 2), (3, 5), (5, 3), (3, 6), (6, 3), (2, 6), (7, 3), (1, 6), (7, 4), (7, 2), (1, 7), (7, 5), (7, 1), (1, 8), (6, 5), (8, 1), (2, 8), (5, 5), (9, 1), (3, 8), (5, 6), (10, 1), (3, 9), (5, 7), (11, 1), (3, 10), (5, 8), (6, 7), (11, 2), (12, 1), (3, 11), (2, 10), (5, 9), (7, 7), (11, 3), (13, 1)]",17,0,17
579,"(1, 10)","(2, 10)",West,"[(1, 11) via North]","[(1, 10), (8, 7), (12, 3), (10, 3), (14, 1), (5, 11)]","[(8, 7), (12, 3), (10, 3), (14, 1), (5, 11), (1, 11)]","[(1, 1), (1, 2), (2, 1), (1, 3), (2, 2), (3, 1), (1, 4), (2, 3), (3, 2), (4, 1), (2, 4), (3, 3), (4, 2), (5, 1), (3, 4), (4, 3), (5, 2), (3, 5), (5, 3), (3, 6), (6, 3), (2, 6), (7, 3), (1, 6), (7, 4), (7, 2), (1, 7), (7, 5), (7, 1), (1, 8), (6, 5), (8, 1), (2, 8), (5, 5), (9, 1), (3, 8), (5, 6), (10, 1), (3, 9), (5, 7), (11, 1), (3, 10), (5, 8), (6, 7), (11, 2), (12, 1), (3, 11), (2, 10), (5, 9), (7, 7), (11, 3), (13, 1), (4, 11)]",17,0,17
580,"(8, 7)","(7, 7)",East,"[(9, 7) via East]","[(8, 7), (12, 3), (10, 3), (14, 1), (5, 11), (1, 11)]","[(12, 3), (10, 3), (14, 1), (5, 11), (1, 11), (9, 7)]","[(1, 1), (1, 2), (2, 1), (1, 3), (2, 2), (3, 1), (1, 4), (2, 3), (3, 2), (4, 1), (2, 4), (3, 3), (4, 2), (5, 1), (3, 4), (4, 3), (5, 2), (3, 5), (5, 3), (3, 6), (6, 3), (2, 6), (7, 3), (1, 6), (7, 4), (7, 2), (1, 7), (7, 5), (7, 1), (1, 8), (6, 5), (8, 1), (2, 8), (5, 5), (9, 1), (3, 8), (5, 6), (10, 1), (3, 9), (5, 7), (11, 1), (3, 10), (5, 8), (6, 7), (11, 2), (12, 1), (3, 11), (2, 10), (5, 9), (7, 7), (11, 3), (13, 1), (4, 11), (1, 10)]",17,0,17
581,"(12, 3)","(11, 3)",East,"[(13, 3) via East]","[(12, 3), (10, 3), (14, 1), (5, 11), (1, 11), (9, 7)]","[(10, 3), (14, 1), (5, 11), (1, 11), (9, 7), (13, 3)]","[(1, 1), (1, 2), (2, 1), (1, 3), (2, 2), (3, 1), (1, 4), (2, 3), (3, 2), (4, 1), (2, 4), (3, 3), (4, 2), (5, 1), (3, 4), (4, 3), (5, 2), (3, 5), (5, 3), (3, 6), (6, 3), (2, 6), (7, 3), (1, 6), (7, 4), (7, 2), (1, 7), (7, 5), (7, 1), (1, 8), (6, 5), (8, 1), (2, 8), (5, 5), (9, 1), (3, 8), (5, 6), (10, 1), (3, 9), (5, 7), (11, 1), (3, 10), (5, 8), (6, 7), (11, 2), (12, 1), (3, 11), (2, 10), (5, 9), (7, 7), (11, 3), (13, 1), (4, 11), (1, 10), (8, 7)]",17,0,17
582,"(10, 3)","(11, 3)",West,"[(9, 3) via West]","[(10, 3), (14, 1), (5, 11), (1, 11), (9, 7), (13, 3)]","[(14, 1), (5, 11), (1, 11), (9, 7), (13, 3), (9, 3)]","[(1, 1), (1, 2), (2, 1), (1, 3), (2, 2), (3, 1), (1, 4), (2, 3), (3, 2), (4, 1), (2, 4), (3, 3), (4, 2), (5, 1), (3, 4), (4, 3), (5, 2), (3, 5), (5, 3), (3, 6), (6, 3), (2, 6), (7, 3), (1, 6), (7, 4), (7, 2), (1, 7), (7, 5), (7, 1), (1, 8), (6, 5), (8, 1), (2, 8), (5, 5), (9, 1), (3, 8), (5, 6), (10, 1), (3, 9), (5, 7), (11, 1), (3, 10), (5, 8), (6, 7), (11, 2), (12, 1), (3, 11), (2, 10), (5, 9), (7, 7), (11, 3), (13, 1), (4, 11), (1, 10), (8, 7), (12, 3)]",17,0,17
583,"(14, 1)","(13, 1)",East,"[(15, 1) via East]","[(14, 1), (5, 11), (1, 11), (9, 7), (13, 3), (9, 3)]","[(5, 11), (1, 11), (9, 7), (13, 3), (9, 3), (15, 1)]","[(1, 1), (1, 2), (2, 1), (1, 3), (2, 2), (3, 1), (1, 4), (2, 3), (3, 2), (4, 1), (2, 4), (3, 3), (4, 2), (5, 1), (3, 4), (4, 3), (5, 2), (3, 5), (5, 3), (3, 6), (6, 3), (2, 6), (7, 3), (1, 6), (7, 4), (7, 2), (1, 7), (7, 5), (7, 1), (1, 8), (6, 5), (8, 1), (2, 8), (5, 5), (9, 1), (3, 8), (5, 6), (10, 1), (3, 9), (5, 7), (11, 1), (3, 10), (5, 8), (6, 7), (11, 2), (12, 1), (3, 11), (2, 10), (5, 9), (7, 7), (11, 3), (13, 1), (4, 11), (1, 10), (8, 7), (12, 3), (10, 3)]",17,0,17
584,"(5, 11)","(4, 11)",East,"[(5, 12) via North]","[(5, 11), (1, 11), (9, 7), (13, 3), (9, 3), (15, 1)]","[(1, 11), (9, 7), (13, 3), (9, 3), (15, 1), (5, 12)]","[(1, 1), (1, 2), (2, 1), (1, 3), (2, 2), (3, 1), (1, 4), (2, 3), (3, 2), (4, 1), (2, 4), (3, 3), (4, 2), (5, 1), (3, 4), (4, 3), (5, 2), (3, 5), (5, 3), (3, 6), (6, 3), (2, 6), (7, 3), (1, 6), (7, 4), (7, 2), (1, 7), (7, 5), (7, 1), (1, 8), (6, 5), (8, 1), (2, 8), (5, 5), (9, 1), (3, 8), (5, 6), (10, 1), (3, 9), (5, 7), (11, 1), (3, 10), (5, 8), (6, 7), (11, 2), (12, 1), (3, 11), (2, 10), (5, 9), (7, 7), (11, 3), (13, 1), (4, 11), (1, 10), (8, 7), (12, 3), (10, 3), (14, 1)]",18,0,18
585,"(1, 11)","(1, 10)",North,"[(1, 12) via North]","[(1, 11), (9, 7), (13, 3), (9, 3), (15, 1), (5, 12)]","[(9, 7), (13, 3), (9, 3), (15, 1), (5, 12), (1, 12)]","[(1, 1), (1, 2), (2, 1), (1, 3), (2, 2), (3, 1), (1, 4), (2, 3), (3, 2), (4, 1), (2, 4), (3, 3), (4, 2), (5, 1), (3, 4), (4, 3), (5, 2), (3, 5), (5, 3), (3, 6), (6, 3), (2, 6), (7, 3), (1, 6), (7, 4), (7, 2), (1, 7), (7, 5), (7, 1), (1, 8), (6, 5), (8, 1), (2, 8), (5, 5), (9, 1), (3, 8), (5, 6), (10, 1), (3, 9), (5, 7), (11, 1), (3, 10), (5, 8), (6, 7), (11, 2), (12, 1), (3, 11), (2, 10), (5, 9), (7, 7), (11, 3), (13, 1), (4, 11), (1, 10), (8, 7), (12, 3), (10, 3), (14, 1), (5, 11)]",18,0,18
586,"(9, 7)","(8, 7)",East,"[(9, 8) via North, (10, 7) via East]","[(9, 7), (13, 3), (9, 3), (15, 1), (5, 12), (1, 12)]","[(13, 3), (9, 3), (15, 1), (5, 12), (1, 12), (9, 8), (10, 7)]","[(1, 1), (1, 2), (2, 1), (1, 3), (2, 2), (3, 1), (1, 4), (2, 3), (3, 2), (4, 1), (2, 4), (3, 3), (4, 2), (5, 1), (3, 4), (4, 3), (5, 2), (3, 5), (5, 3), (3, 6), (6, 3), (2, 6), (7, 3), (1, 6), (7, 4), (7, 2), (1, 7), (7, 5), (7, 1), (1, 8), (6, 5), (8, 1), (2, 8), (5, 5), (9, 1), (3, 8), (5, 6), (10, 1), (3, 9), (5, 7), (11, 1), (3, 10), (5, 8), (6, 7), (11, 2), (12, 1), (3, 11), (2, 10), (5, 9), (7, 7), (11, 3), (13, 1), (4, 11), (1, 10), (8, 7), (12, 3), (10, 3), (14, 1), (5, 11), (1, 11)]",18,0,18
587,"(13, 3)","(12, 3)",East,"[(14, 3) via East]","[(13, 3), (9, 3), (15, 1), (5, 12), (1, 12), (9, 8), (10, 7)]","[(9, 3), (15, 1), (5, 12), (1, 12), (9, 8), (10, 7), (14, 3)]","[(1, 1), (1, 2), (2, 1), (1, 3), (2, 2), (3, 1), (1, 4), (2, 3), (3, 2), (4, 1), (2, 4), (3, 3), (4, 2), (5, 1), (3, 4), (4, 3), (5, 2), (3, 5), (5, 3), (3, 6), (6, 3), (2, 6), (7, 3), (1, 6), (7, 4), (7, 2), (1, 7), (7, 5), (7, 1), (1, 8), (6, 5), (8, 1), (2, 8), (5, 5), (9, 1), (3, 8), (5, 6), (10, 1), (3, 9), (5, 7), (11, 1), (3, 10), (5, 8), (6, 7), (11, 2), (12, 1), (3, 11), (2, 10), (5, 9), (7, 7), (11, 3), (13, 1), (4, 11), (1, 10), (8, 7), (12, 3), (10, 3), (14, 1), (5, 11), (1, 11), (9, 7)]",18,0,18
588,"(9, 3)","(10, 3)",West,"[(9, 4) via North]","[(9, 3), (15, 1), (5, 12), (1, 12), (9, 8), (10, 7), (14, 3)]","[(15, 1), (5, 12), (1, 12), (9, 8), (10, 7), (14, 3), (9, 4)]","[(1, 1), (1, 2), (2, 1), (1, 3), (2, 2), (3, 1), (1, 4), (2, 3), (3, 2), (4, 1), (2, 4), (3, 3), (4, 2), (5, 1), (3, 4), (4, 3), (5, 2), (3, 5), (5, 3), (3, 6), (6, 3), (2, 6), (7, 3), (1, 6), (7, 4), (7, 2), (1, 7), (7, 5), (7, 1), (1, 8), (6, 5), (8, 1), (2, 8), (5, 5), (9, 1), (3, 8), (5, 6), (10, 1), (3, 9), (5, 7), (11, 1), (3, 10), (5, 8), (6, 7), (11, 2), (12, 1), (3, 11), (2, 10), (5, 9), (7, 7), (11, 3), (13, 1), (4, 11), (1, 10), (8, 7), (12, 3), (10, 3), (14, 1), (5, 11), (1, 11), (9, 7), (13, 3)]",18,0,18
589,"(15, 1)","(14, 1)",East,"[(16, 1) via East]","[(15, 1), (5, 12), (1, 12), (9, 8), (10, 7), (14, 3), (9, 4)]","[(5, 12), (1, 12), (9, 8), (10, 7), (14, 3), (9, 4), (16, 1)]","[(1, 1), (1, 2), (2, 1), (1, 3), (2, 2), (3, 1), (1, 4), (2, 3), (3, 2), (4, 1), (2, 4), (3, 3), (4, 2), (5, 1), (3, 4), (4, 3), (5, 2), (3, 5), (5, 3), (3, 6), (6, 3), (2, 6), (7, 3), (1, 6), (7, 4), (7, 2), (1, 7), (7, 5), (7, 1), (1, 8), (6, 5), (8, 1), (2, 8), (5, 5), (9, 1), (3, 8), (5, 6), (10, 1), (3, 9), (5, 7), (11, 1), (3, 10), (5, 8), (6, 7), (11, 2), (12, 1), (3, 11), (2, 10), (5, 9), (7, 7), (11, 3), (13, 1), (4, 11), (1, 10), (8, 7), (12, 3), (10, 3), (14, 1), (5, 11), (1, 11), (9, 7), (13, 3), (9, 3)]",18,0,18
590,"(5, 12)","(5, 11)",North,"[(5, 13) via North]","[(5, 12), (1, 12), (9, 8), (10, 7), (14, 3), (9, 4), (16, 1)]","[(1, 12), (9, 8), (10, 7), (14, 3), (9, 4), (16, 1), (5, 13)]","[(1, 1), (1, 2), (2, 1), (1, 3), (2, 2), (3, 1), (1, 4), (2, 3), (3, 2), (4, 1), (2, 4), (3, 3), (4, 2), (5, 1), (3, 4), (4, 3), (5, 2), (3, 5), (5, 3), (3, 6), (6, 3), (2, 6), (7, 3), (1, 6), (7, 4), (7, 2), (1, 7), (7, 5), (7, 1), (1, 8), (6, 5), (8, 1), (2, 8), (5, 5), (9, 1), (3, 8), (5, 6), (10, 1), (3, 9), (5, 7), (11, 1), (3, 10), (5, 8), (6, 7), (11, 2), (12, 1), (3, 11), (2, 10), (5, 9), (7, 7), (11, 3), (13, 1), (4, 11), (1, 10), (8, 7), (12, 3), (10, 3), (14, 1), (5, 11), (1, 11), (9, 7), (13, 3), (9, 3), (15, 1)]",19,0,19
591,"(1, 12)","(1, 11)",North,"[(1, 13) via North]","[(1, 12), (9, 8), (10, 7), (14, 3), (9, 4), (16, 1), (5, 13)]","[(9, 8), (10, 7), (14, 3), (9, 4), (16, 1), (5, 13), (1, 13)]","[(1, 1), (1, 2), (2, 1), (1, 3), (2, 2), (3, 1), (1, 4), (2, 3), (3, 2), (4, 1), (2, 4), (3, 3), (4, 2), (5, 1), (3, 4), (4, 3), (5, 2), (3, 5), (5, 3), (3, 6), (6, 3), (2, 6), (7, 3), (1, 6), (7, 4), (7, 2), (1, 7), (7, 5), (7, 1), (1, 8), (6, 5), (8, 1), (2, 8), (5, 5), (9, 1), (3, 8), (5, 6), (10, 1), (3, 9), (5, 7), (11, 1), (3, 10), (5, 8), (6, 7), (11, 2), (12, 1), (3, 11), (2, 10), (5, 9), (7, 7), (11, 3), (13, 1), (4, 11), (1, 10), (8, 7), (12, 3), (10, 3), (14, 1), (5, 11), (1, 11), (9, 7), (13, 3), (9, 3), (15, 1), (5, 12)]",19,0,19
592,"(9, 8)","(9, 7)",North,"[(9, 9) via North]","[(9, 8), (10, 7), (14, 3), (9, 4), (16, 1), (5, 13), (1, 13)]","[(10, 7), (14, 3), (9, 4), (16, 1), (5, 13), (1, 13), (9, 9)]","[(1, 1), (1, 2), (2, 1), (1, 3), (2, 2), (3, 1), (1, 4), (2, 3), (3, 2), (4, 1), (2, 4), (3, 3), (4, 2), (5, 1), (3, 4), (4, 3), (5, 2), (3, 5), (5, 3), (3, 6), (6, 3), (2, 6), (7, 3), (1, 6), (7, 4), (7, 2), (1, 7), (7, 5), (7, 1), (1, 8), (6, 5), (8, 1), (2, 8), (5, 5), (9, 1), (3, 8), (5, 6), (10, 1), (3, 9), (5, 7), (11, 1), (3, 10), (5, 8), (6, 7), (11, 2), (12, 1), (3, 11), (2, 10), (5, 9), (7, 7), (11, 3), (13, 1), (4, 11), (1, 10), (8, 7), (12, 3), (10, 3), (14, 1), (5, 11), (1, 11), (9, 7), (13, 3), (9, 3), (15, 1), (5, 12), (1, 12)]",19,0,19
593,"(10, 7)","(9, 7)",East,"[(11, 7) via East]","[(10, 7), (14, 3), (9, 4), (16, 1), (5, 13), (1, 13), (9, 9)]","[(14, 3), (9, 4), (16, 1), (5, 13), (1, 13), (9, 9), (11, 7)]","[(1, 1), (1, 2), (2, 1), (1, 3), (2, 2), (3, 1), (1, 4), (2, 3), (3, 2), (4, 1), (2, 4), (3, 3), (4, 2), (5, 1), (3, 4), (4, 3), (5, 2), (3, 5), (5, 3), (3, 6), (6, 3), (2, 6), (7, 3), (1, 6), (7, 4), (7, 2), (1, 7), (7, 5), (7, 1), (1, 8), (6, 5), (8, 1), (2, 8), (5, 5), (9, 1), (3, 8), (5, 6), (10, 1), (3, 9), (5, 7), (11, 1), (3, 10), (5, 8), (6, 7), (11, 2), (12, 1), (3, 11), (2, 10), (5, 9), (7, 7), (11, 3), (13, 1), (4, 11), (1, 10), (8, 7), (12, 3), (10, 3), (14, 1), (5, 11), (1, 11), (9, 7), (13, 3), (9, 3), (15, 1), (5, 12), (1, 12), (9, 8)]",19,0,19
594,"(14, 3)","(13, 3)",East,"[(14, 4) via North]","[(14, 3), (9, 4), (16, 1), (5, 13), (1, 13), (9, 9), (11, 7)]","[(9, 4), (16, 1), (5, 13), (1, 13), (9, 9), (11, 7), (14, 4)]","[(1, 1), (1, 2), (2, 1), (1, 3), (2, 2), (3, 1), (1, 4), (2, 3), (3, 2), (4, 1), (2, 4), (3, 3), (4, 2), (5, 1), (3, 4), (4, 3), (5, 2), (3, 5), (5, 3), (3, 6), (6, 3), (2, 6), (7, 3), (1, 6), (7, 4), (7, 2), (1, 7), (7, 5), (7, 1), (1, 8), (6, 5), (8, 1), (2, 8), (5, 5), (9, 1), (3, 8), (5, 6), (10, 1), (3, 9), (5, 7), (11, 1), (3, 10), (5, 8), (6, 7), (11, 2), (12, 1), (3, 11), (2, 10), (5, 9), (7, 7), (11, 3), (13, 1), (4, 11), (1, 10), (8, 7), (12, 3), (10, 3), (14, 1), (5, 11), (1, 11), (9, 7), (13, 3), (9, 3), (15, 1), (5, 12), (1, 12), (9, 8), (10, 7)]",19,0,19
595,"(9, 4)","(9, 3)",North,"[(9, 5) via North]","[(9, 4), (16, 1), (5, 13), (1, 13), (9, 9), (11, 7), (14, 4)]","[(16, 1), (5, 13), (1, 13), (9, 9), (11, 7), (14, 4), (9, 5)]","[(1, 1), (1, 2), (2, 1), (1, 3), (2, 2), (3, 1), (1, 4), (2, 3), (3, 2), (4, 1), (2, 4), (3, 3), (4, 2), (5, 1), (3, 4), (4, 3), (5, 2), (3, 5), (5, 3), (3, 6), (6, 3), (2, 6), (7, 3), (1, 6), (7, 4), (7, 2), (1, 7), (7, 5), (7, 1), (1, 8), (6, 5), (8, 1), (2, 8), (5, 5), (9, 1), (3, 8), (5, 6), (10, 1), (3, 9), (5, 7), (11, 1), (3, 10), (5, 8), (6, 7), (11, 2), (12, 1), (3, 11), (2, 10), (5, 9), (7, 7), (11, 3), (13, 1), (4, 11), (1, 10), (8, 7), (12, 3), (10, 3), (14, 1), (5, 11), (1, 11), (9, 7), (13, 3), (9, 3), (15, 1), (5, 12), (1, 12), (9, 8), (10, 7), (14, 3)]",19,0,19
596,"(16, 1)","(15, 1)",East,"[(17, 1) via East]","[(16, 1), (5, 13), (1, 13), (9, 9), (11, 7), (14, 4), (9, 5)]","[(5, 13), (1, 13), (9, 9), (11, 7), (14, 4), (9, 5), (17, 1)]","[(1, 1), (1, 2), (2, 1), (1, 3), (2, 2), (3, 1), (1, 4), (2, 3), (3, 2), (4, 1), (2, 4), (3, 3), (4, 2), (5, 1), (3, 4), (4, 3), (5, 2), (3, 5), (5, 3), (3, 6), (6, 3), (2, 6), (7, 3), (1, 6), (7, 4), (7, 2), (1, 7), (7, 5), (7, 1), (1, 8), (6, 5), (8, 1), (2, 8), (5, 5), (9, 1), (3, 8), (5, 6), (10, 1), (3, 9), (5, 7), (11, 1), (3, 10), (5, 8), (6, 7), (11, 2), (12, 1), (3, 11), (2, 10), (5, 9), (7, 7), (11, 3), (13, 1), (4, 11), (1, 10), (8, 7), (12, 3), (10, 3), (14, 1), (5, 11), (1, 11), (9, 7), (13, 3), (9, 3), (15, 1), (5, 12), (1, 12), (9, 8), (10, 7), (14, 3), (9, 4)]",19,0,19
597,"(5, 13)","(5, 12)",North,"[(4, 13) via West]","[(5, 13), (1, 13), (9, 9), (11, 7), (14, 4), (9, 5), (17, 1)]","[(1, 13), (9, 9), (11, 7), (14, 4), (9, 5), (17, 1), (4, 13)]","[(1, 1), (1, 2), (2, 1), (1, 3), (2, 2), (3, 1), (1, 4), (2, 3), (3, 2), (4, 1), (2, 4), (3, 3), (4, 2), (5, 1), (3, 4), (4, 3), (5, 2), (3, 5), (5, 3), (3, 6), (6, 3), (2, 6), (7, 3), (1, 6), (7, 4), (7, 2), (1, 7), (7, 5), (7, 1), (1, 8), (6, 5), (8, 1), (2, 8), (5, 5), (9, 1), (3, 8), (5, 6), (10, 1), (3, 9), (5, 7), (11, 1), (3, 10), (5, 8), (6, 7), (11, 2), (12, 1), (3, 11), (2, 10), (5, 9), (7, 7), (11, 3), (13, 1), (4, 11), (1, 10), (8, 7), (12, 3), (10, 3), (14, 1), (5, 11), (1, 11), (9, 7), (13, 3), (9, 3), (15, 1), (5, 12), (1, 12), (9, 8), (10, 7), (14, 3), (9, 4), (16, 1)]",20,0,20
598,"(1, 13)","(1, 12)",North,"[(2, 13) via East]","[(1, 13), (9, 9), (11, 7), (14, 4), (9, 5), (17, 1), (4, 13)]","[(9, 9), (11, 7), (14, 4), (9, 5), (17, 1), (4, 13), (2, 13)]","[(1, 1), (1, 2), (2, 1), (1, 3), (2, 2), (3, 1), (1, 4), (2, 3), (3, 2), (4, 1), (2, 4), (3, 3), (4, 2), (5, 1), (3, 4), (4, 3), (5, 2), (3, 5), (5, 3), (3, 6), (6, 3), (2, 6), (7, 3), (1, 6), (7, 4), (7, 2), (1, 7), (7, 5), (7, 1), (1, 8), (6, 5), (8, 1), (2, 8), (5, 5), (9, 1), (3, 8), (5, 6), (10, 1), (3, 9), (5, 7), (11, 1), (3, 10), (5, 8), (6, 7), (11, 2), (12, 1), (3, 11), (2, 10), (5, 9), (7, 7), (11, 3), (13, 1), (4, 11), (1, 10), (8, 7), (12, 3), (10, 3), (14, 1), (5, 11), (1, 11), (9, 7), (13, 3), (9, 3), (15, 1), (5, 12), (1, 12), (9, 8), (10, 7), (14, 3), (9, 4), (16, 1), (5, 13)]",20,0,20
599,"(9, 9)","(9, 8)",North,"[(9, 10) via North]","[(9, 9), (11, 7), (14, 4), (9, 5), (17, 1), (4, 13), (2, 13)]","[(11, 7), (14, 4), (9, 5), (17, 1), (4, 13), (2, 13), (9, 10)]","[(1, 1), (1, 2), (2, 1), (1, 3), (2, 2), (3, 1), (1, 4), (2, 3), (3, 2), (4, 1), (2, 4), (3, 3), (4, 2), (5, 1), (3, 4), (4, 3), (5, 2), (3, 5), (5, 3), (3, 6), (6, 3), (2, 6), (7, 3), (1, 6), (7, 4), (7, 2), (1, 7), (7, 5), (7, 1), (1, 8), (6, 5), (8, 1), (2, 8), (5, 5), (9, 1), (3, 8), (5, 6), (10, 1), (3, 9), (5, 7), (11, 1), (3, 10), (5, 8), (6, 7), (11, 2), (12, 1), (3, 11), (2, 10), (5, 9), (7, 7), (11, 3), (13, 1), (4, 11), (1, 10), (8, 7), (12, 3), (10, 3), (14, 1), (5, 11), (1, 11), (9, 7), (13, 3), (9, 3), (15, 1), (5, 12), (1, 12), (9, 8), (10, 7), (14, 3), (9, 4), (16, 1), (5, 13), (1, 13)]",20,0,20
600,"(11, 7)","(10, 7)",East,"[(11, 8) via North, (11, 6) via South]","[(11, 7), (14, 4), (9, 5), (17, 1), (4, 13), (2, 13), (9, 10)]","[(14, 4), (9, 5), (17, 1), (4, 13), (2, 13), (9, 10), (11, 8), (11, 6)]","[(1, 1), (1, 2), (2, 1), (1, 3), (2, 2), (3, 1), (1, 4), (2, 3), (3, 2), (4, 1), (2, 4), (3, 3), (4, 2), (5, 1), (3, 4), (4, 3), (5, 2), (3, 5), (5, 3), (3, 6), (6, 3), (2, 6), (7, 3), (1, 6), (7, 4), (7, 2), (1, 7), (7, 5), (7, 1), (1, 8), (6, 5), (8, 1), (2, 8), (5, 5), (9, 1), (3, 8), (5, 6), (10, 1), (3, 9), (5, 7), (11, 1), (3, 10), (5, 8), (6, 7), (11, 2), (12, 1), (3, 11), (2, 10), (5, 9), (7, 7), (11, 3), (13, 1), (4, 11), (1, 10), (8, 7), (12, 3), (10, 3), (14, 1), (5, 11), (1, 11), (9, 7), (13, 3), (9, 3), (15, 1), (5, 12), (1, 12), (9, 8), (10, 7), (14, 3), (9, 4), (16, 1), (5, 13), (1, 13), (9, 9)]",20,0,20
601,"(14, 4)","(14, 3)",North,"[(14, 5) via North]","[(14, 4), (9, 5), (17, 1), (4, 13), (2, 13), (9, 10), (11, 8), (11, 6)]","[(9, 5), (17, 1), (4, 13), (2, 13), (9, 10), (11, 8), (11, 6), (14, 5)]","[(1, 1), (1, 2), (2, 1), (1, 3), (2, 2), (3, 1), (1, 4), (2, 3), (3, 2), (4, 1), (2, 4), (3, 3), (4, 2), (5, 1), (3, 4), (4, 3), (5, 2), (3, 5), (5, 3), (3, 6), (6, 3), (2, 6), (7, 3), (1, 6), (7, 4), (7, 2), (1, 7), (7, 5), (7, 1), (1, 8), (6, 5), (8, 1), (2, 8), (5, 5), (9, 1), (3, 8), (5, 6), (10, 1), (3, 9), (5, 7), (11, 1), (3, 10), (5, 8), (6, 7), (11, 2), (12, 1), (3, 11), (2, 10), (5, 9), (7, 7), (11, 3), (13, 1), (4, 11), (1, 10), (8, 7), (12, 3), (10, 3), (14, 1), (5, 11), (1, 11), (9, 7), (13, 3), (9, 3), (15, 1), (5, 12), (1, 12), (9, 8), (10, 7), (14, 3), (9, 4), (16, 1), (5, 13), (1, 13), (9, 9), (11, 7)]",20,0,20
602,"(9, 5)","(9, 4)",North,[],"[(9, 5), (17, 1), (4, 13), (2, 13), (9, 10), (11, 8), (11, 6), (14, 5)]","[(17, 1), (4, 13), (2, 13), (9, 10), (11, 8), (11, 6), (14, 5)]","[(1, 1), (1, 2), (2, 1), (1, 3), (2, 2), (3, 1), (1, 4), (2, 3), (3, 2), (4, 1), (2, 4), (3, 3), (4, 2), (5, 1), (3, 4), (4, 3), (5, 2), (3, 5), (5, 3), (3, 6), (6, 3), (2, 6), (7, 3), (1, 6), (7, 4), (7, 2), (1, 7), (7, 5), (7, 1), (1, 8), (6, 5), (8, 1), (2, 8), (5, 5), (9, 1), (3, 8), (5, 6), (10, 1), (3, 9), (5, 7), (11, 1), (3, 10), (5, 8), (6, 7), (11, 2), (12, 1), (3, 11), (2, 10), (5, 9), (7, 7), (11, 3), (13, 1), (4, 11), (1, 10), (8, 7), (12, 3), (10, 3), (14, 1), (5, 11), (1, 11), (9, 7), (13, 3), (9, 3), (15, 1), (5, 12), (1, 12), (9, 8), (10, 7), (14, 3), (9, 4), (16, 1), (5, 13), (1, 13), (9, 9), (11, 7), (14, 4)]",20,0,20
603,"(17, 1)","(16, 1)",East,"[(18, 1) via East]","[(17, 1), (4, 13), (2, 13), (9, 10), (11, 8), (11, 6), (14, 5)]","[(4, 13), (2, 13), (9, 10), (11, 8), (11, 6), (14, 5), (18, 1)]","[(1, 1), (1, 2), (2, 1), (1, 3), (2, 2), (3, 1), (1, 4), (2, 3), (3, 2), (4, 1), (2, 4), (3, 3), (4, 2), (5, 1), (3, 4), (4, 3), (5, 2), (3, 5), (5, 3), (3, 6), (6, 3), (2, 6), (7, 3), (1, 6), (7, 4), (7, 2), (1, 7), (7, 5), (7, 1), (1, 8), (6, 5), (8, 1), (2, 8), (5, 5), (9, 1), (3, 8), (5, 6), (10, 1), (3, 9), (5, 7), (11, 1), (3, 10), (5, 8), (6, 7), (11, 2), (12, 1), (3, 11), (2, 10), (5, 9), (7, 7), (11, 3), (13, 1), (4, 11), (1, 10), (8, 7), (12, 3), (10, 3), (14, 1), (5, 11), (1, 11), (9, 7), (13, 3), (9, 3), (15, 1), (5, 12), (1, 12), (9, 8), (10, 7), (14, 3), (9, 4), (16, 1), (5, 13), (1, 13), (9, 9), (11, 7), (14, 4), (9, 5)]",20,0,20
604,"(4, 13)","(5, 13)",West,"[(3, 13) via West]","[(4, 13), (2, 13), (9, 10), (11, 8), (11, 6), (14, 5), (18, 1)]","[(2, 13), (9, 10), (11, 8), (11, 6), (14, 5), (18, 1), (3, 13)]","[(1, 1), (1, 2), (2, 1), (1, 3), (2, 2), (3, 1), (1, 4), (2, 3), (3, 2), (4, 1), (2, 4), (3, 3), (4, 2), (5, 1), (3, 4), (4, 3), (5, 2), (3, 5), (5, 3), (3, 6), (6, 3), (2, 6), (7, 3), (1, 6), (7, 4), (7, 2), (1, 7), (7, 5), (7, 1), (1, 8), (6, 5), (8, 1), (2, 8), (5, 5), (9, 1), (3, 8), (5, 6), (10, 1), (3, 9), (5, 7), (11, 1), (3, 10), (5, 8), (6, 7), (11, 2), (12, 1), (3, 11), (2, 10), (5, 9), (7, 7), (11, 3), (13, 1), (4, 11), (1, 10), (8, 7), (12, 3), (10, 3), (14, 1), (5, 11), (1, 11), (9, 7), (13, 3), (9, 3), (15, 1), (5, 12), (1, 12), (9, 8), (10, 7), (14, 3), (9, 4), (16, 1), (5, 13), (1, 13), (9, 9), (11, 7), (14, 4), (9, 5), (17, 1)]",21,0,21
605,"(2, 13)","(1, 13)",East,[],"[(2, 13), (9, 10), (11, 8), (11, 6), (14, 5), (18, 1), (3, 13)]","[(9, 10), (11, 8), (11, 6), (14, 5), (18, 1), (3, 13)]","[(1, 1), (1, 2), (2, 1), (1, 3), (2, 2), (3, 1), (1, 4), (2, 3), (3, 2), (4, 1), (2, 4), (3, 3), (4, 2), (5, 1), (3, 4), (4, 3), (5, 2), (3, 5), (5, 3), (3, 6), (6, 3), (2, 6), (7, 3), (1, 6), (7, 4), (7, 2), (1, 7), (7, 5), (7, 1), (1, 8), (6, 5), (8, 1), (2, 8), (5, 5), (9, 1), (3, 8), (5, 6), (10, 1), (3, 9), (5, 7), (11, 1), (3, 10), (5, 8), (6, 7), (11, 2), (12, 1), (3, 11), (2, 10), (5, 9), (7, 7), (11, 3), (13, 1), (4, 11), (1, 10), (8, 7), (12, 3), (10, 3), (14, 1), (5, 11), (1, 11), (9, 7), (13, 3), (9, 3), (15, 1), (5, 12), (1, 12), (9, 8), (10, 7), (14, 3), (9, 4), (16, 1), (5, 13), (1, 13), (9, 9), (11, 7), (14, 4), (9, 5), (17, 1), (4, 13)]",21,0,21
606,"(9, 10)","(9, 9)",North,"[(9, 11) via North]","[(9, 10), (11, 8), (11, 6), (14, 5), (18, 1), (3, 13)]","[(11, 8), (11, 6), (14, 5), (18, 1), (3, 13), (9, 11)]","[(1, 1), (1, 2), (2, 1), (1, 3), (2, 2), (3, 1), (1, 4), (2, 3), (3, 2), (4, 1), (2, 4), (3, 3), (4, 2), (5, 1), (3, 4), (4, 3), (5, 2), (3, 5), (5, 3), (3, 6), (6, 3), (2, 6), (7, 3), (1, 6), (7, 4), (7, 2), (1, 7), (7, 5), (7, 1), (1, 8), (6, 5), (8, 1), (2, 8), (5, 5), (9, 1), (3, 8), (5, 6), (10, 1), (3, 9), (5, 7), (11, 1), (3, 10), (5, 8), (6, 7), (11, 2), (12, 1), (3, 11), (2, 10), (5, 9), (7, 7), (11, 3), (13, 1), (4, 11), (1, 10), (8, 7), (12, 3), (10, 3), (14, 1), (5, 11), (1, 11), (9, 7), (13, 3), (9, 3), (15, 1), (5, 12), (1, 12), (9, 8), (10, 7), (14, 3), (9, 4), (16, 1), (5, 13), (1, 13), (9, 9), (11, 7), (14, 4), (9, 5), (17, 1), (4, 13), (2, 13)]",21,0,21
607,"(11, 8)","(11, 7)",North,"[(11, 9) via North]","[(11, 8), (11, 6), (14, 5), (18, 1), (3, 13), (9, 11)]","[(11, 6), (14, 5), (18, 1), (3, 13), (9, 11), (11, 9)]","[(1, 1), (1, 2), (2, 1), (1, 3), (2, 2), (3, 1), (1, 4), (2, 3), (3, 2), (4, 1), (2, 4), (3, 3), (4, 2), (5, 1), (3, 4), (4, 3), (5, 2), (3, 5), (5, 3), (3, 6), (6, 3), (2, 6), (7, 3), (1, 6), (7, 4), (7, 2), (1, 7), (7, 5), (7, 1), (1, 8), (6, 5), (8, 1), (2, 8), (5, 5), (9, 1), (3, 8), (5, 6), (10, 1), (3, 9), (5, 7), (11, 1), (3, 10), (5, 8), (6, 7), (11, 2), (12, 1), (3, 11), (2, 10), (5, 9), (7, 7), (11, 3), (13, 1), (4, 11), (1, 10), (8, 7), (12, 3), (10, 3), (14, 1), (5, 11), (1, 11), (9, 7), (13, 3), (9, 3), (15, 1), (5, 12), (1, 12), (9, 8), (10, 7), (14, 3), (9, 4), (16, 1), (5, 13), (1, 13), (9, 9), (11, 7), (14, 4), (9, 5), (17, 1), (4, 13), (2, 13), (9, 10)]",21,0,21
608,"(11, 6)","(11, 7)",South,"[(11, 5) via South]","[(11, 6), (14, 5), (18, 1), (3, 13), (9, 11), (11, 9)]","[(14, 5), (18, 1), (3, 13), (9, 11), (11, 9), (11, 5)]","[(1, 1), (1, 2), (2, 1), (1, 3), (2, 2), (3, 1), (1, 4), (2, 3), (3, 2), (4, 1), (2, 4), (3, 3), (4, 2), (5, 1), (3, 4), (4, 3), (5, 2), (3, 5), (5, 3), (3, 6), (6, 3), (2, 6), (7, 3), (1, 6), (7, 4), (7, 2), (1, 7), (7, 5), (7, 1), (1, 8), (6, 5), (8, 1), (2, 8), (5, 5), (9, 1), (3, 8), (5, 6), (10, 1), (3, 9), (5, 7), (11, 1), (3, 10), (5, 8), (6, 7), (11, 2), (12, 1), (3, 11), (2, 10), (5, 9), (7, 7), (11, 3), (13, 1), (4, 11), (1, 10), (8, 7), (12, 3), (10, 3), (14, 1), (5, 11), (1, 11), (9, 7), (13, 3), (9, 3), (15, 1), (5, 12), (1, 12), (9, 8), (10, 7), (14, 3), (9, 4), (16, 1), (5, 13), (1, 13), (9, 9), (11, 7), (14, 4), (9, 5), (17, 1), (4, 13), (2, 13), (9, 10), (11, 8)]",21,0,21
609,"(14, 5)","(14, 4)",North,"[(13, 5) via West]","[(14, 5), (18, 1), (3, 13), (9, 11), (11, 9), (11, 5)]","[(18, 1), (3, 13), (9, 11), (11, 9), (11, 5), (13, 5)]","[(1, 1), (1, 2), (2, 1), (1, 3), (2, 2), (3, 1), (1, 4), (2, 3), (3, 2), (4, 1), (2, 4), (3, 3), (4, 2), (5, 1), (3, 4), (4, 3), (5, 2), (3, 5), (5, 3), (3, 6), (6, 3), (2, 6), (7, 3), (1, 6), (7, 4), (7, 2), (1, 7), (7, 5), (7, 1), (1, 8), (6, 5), (8, 1), (2, 8), (5, 5), (9, 1), (3, 8), (5, 6), (10, 1), (3, 9), (5, 7), (11, 1), (3, 10), (5, 8), (6, 7), (11, 2), (12, 1), (3, 11), (2, 10), (5, 9), (7, 7), (11, 3), (13, 1), (4, 11), (1, 10), (8, 7), (12, 3), (10, 3), (14, 1), (5, 11), (1, 11), (9, 7), (13, 3), (9, 3), (15, 1), (5, 12), (1, 12), (9, 8), (10, 7), (14, 3), (9, 4), (16, 1), (5, 13), (1, 13), (9, 9), (11, 7), (14, 4), (9, 5), (17, 1), (4, 13), (2, 13), (9, 10), (11, 8), (11, 6)]",21,0,21
610,"(18, 1)","(17, 1)",East,"[(19, 1) via East]","[(18, 1), (3, 13), (9, 11), (11, 9), (11, 5), (13, 5)]","[(3, 13), (9, 11), (11, 9), (11, 5), (13, 5), (19, 1)]","[(1, 1), (1, 2), (2, 1), (1, 3), (2, 2), (3, 1), (1, 4), (2, 3), (3, 2), (4, 1), (2, 4), (3, 3), (4, 2), (5, 1), (3, 4), (4, 3), (5, 2), (3, 5), (5, 3), (3, 6), (6, 3), (2, 6), (7, 3), (1, 6), (7, 4), (7, 2), (1, 7), (7, 5), (7, 1), (1, 8), (6, 5), (8, 1), (2, 8), (5, 5), (9, 1), (3, 8), (5, 6), (10, 1), (3, 9), (5, 7), (11, 1), (3, 10), (5, 8), (6, 7), (11, 2), (12, 1), (3, 11), (2, 10), (5, 9), (7, 7), (11, 3), (13, 1), (4, 11), (1, 10), (8, 7), (12, 3), (10, 3), (14, 1), (5, 11), (1, 11), (9, 7), (13, 3), (9, 3), (15, 1), (5, 12), (1, 12), (9, 8), (10, 7), (14, 3), (9, 4), (16, 1), (5, 13), (1, 13), (9, 9), (11, 7), (14, 4), (9, 5), (17, 1), (4, 13), (2, 13), (9, 10), (11, 8), (11, 6), (14, 5)]",21,0,21
611,"(3, 13)","(4, 13)",West,[],"[(3, 13), (9, 11), (11, 9), (11, 5), (13, 5), (19, 1)]","[(9, 11), (11, 9), (11, 5), (13, 5), (19, 1)]","[(1, 1), (1, 2), (2, 1), (1, 3), (2, 2), (3, 1), (1, 4), (2, 3), (3, 2), (4, 1), (2, 4), (3, 3), (4, 2), (5, 1), (3, 4), (4, 3), (5, 2), (3, 5), (5, 3), (3, 6), (6, 3), (2, 6), (7, 3), (1, 6), (7, 4), (7, 2), (1, 7), (7, 5), (7, 1), (1, 8), (6, 5), (8, 1), (2, 8), (5, 5), (9, 1), (3, 8), (5, 6), (10, 1), (3, 9), (5, 7), (11, 1), (3, 10), (5, 8), (6, 7), (11, 2), (12, 1), (3, 11), (2, 10), (5, 9), (7, 7), (11, 3), (13, 1), (4, 11), (1, 10), (8, 7), (12, 3), (10, 3), (14, 1), (5, 11), (1, 11), (9, 7), (13, 3), (9, 3), (15, 1), (5, 12), (1, 12), (9, 8), (10, 7), (14, 3), (9, 4), (16, 1), (5, 13), (1, 13), (9, 9), (11, 7), (14, 4), (9, 5), (17, 1), (4, 13), (2, 13), (9, 10), (11, 8), (11, 6), (14, 5), (18, 1)]",22,0,22
612,"(9, 11)","(9, 10)",North,"[(10, 11) via East]","[(9, 11), (11, 9), (11, 5), (13, 5), (19, 1)]","[(11, 9), (11, 5), (13, 5), (19, 1), (10, 11)]","[(1, 1), (1, 2), (2, 1), (1, 3), (2, 2), (3, 1), (1, 4), (2, 3), (3, 2), (4, 1), (2, 4), (3, 3), (4, 2), (5, 1), (3, 4), (4, 3), (5, 2), (3, 5), (5, 3), (3, 6), (6, 3), (2, 6), (7, 3), (1, 6), (7, 4), (7, 2), (1, 7), (7, 5), (7, 1), (1, 8), (6, 5), (8, 1), (2, 8), (5, 5), (9, 1), (3, 8), (5, 6), (10, 1), (3, 9), (5, 7), (11, 1), (3, 10), (5, 8), (6, 7), (11, 2), (12, 1), (3, 11), (2, 10), (5, 9), (7, 7), (11, 3), (13, 1), (4, 11), (1, 10), (8, 7), (12, 3), (10, 3), (14, 1), (5, 11), (1, 11), (9, 7), (13, 3), (9, 3), (15, 1), (5, 12), (1, 12), (9, 8), (10, 7), (14, 3), (9, 4), (16, 1), (5, 13), (1, 13), (9, 9), (11, 7), (14, 4), (9, 5), (17, 1), (4, 13), (2, 13), (9, 10), (11, 8), (11, 6), (14, 5), (18, 1), (3, 13)]",22,0,22
613,"(11, 9)","(11, 8)",North,"[(12, 9) via East]","[(11, 9), (11, 5), (13, 5), (19, 1), (10, 11)]","[(11, 5), (13, 5), (19, 1), (10, 11), (12, 9)]","[(1, 1), (1, 2), (2, 1), (1, 3), (2, 2), (3, 1), (1, 4), (2, 3), (3, 2), (4, 1), (2, 4), (3, 3), (4, 2), (5, 1), (3, 4), (4, 3), (5, 2), (3, 5), (5, 3), (3, 6), (6, 3), (2, 6), (7, 3), (1, 6), (7, 4), (7, 2), (1, 7), (7, 5), (7, 1), (1, 8), (6, 5), (8, 1), (2, 8), (5, 5), (9, 1), (3, 8), (5, 6), (10, 1), (3, 9), (5, 7), (11, 1), (3, 10), (5, 8), (6, 7), (11, 2), (12, 1), (3, 11), (2, 10), (5, 9), (7, 7), (11, 3), (13, 1), (4, 11), (1, 10), (8, 7), (12, 3), (10, 3), (14, 1), (5, 11), (1, 11), (9, 7), (13, 3), (9, 3), (15, 1), (5, 12), (1, 12), (9, 8), (10, 7), (14, 3), (9, 4), (16, 1), (5, 13), (1, 13), (9, 9), (11, 7), (14, 4), (9, 5), (17, 1), (4, 13), (2, 13), (9, 10), (11, 8), (11, 6), (14, 5), (18, 1), (3, 13), (9, 11)]",22,0,22
614,"(11, 5)","(11, 6)",South,"[(12, 5) via East]","[(11, 5), (13, 5), (19, 1), (10, 11), (12, 9)]","[(13, 5), (19, 1), (10, 11), (12, 9), (12, 5)]","[(1, 1), (1, 2), (2, 1), (1, 3), (2, 2), (3, 1), (1, 4), (2, 3), (3, 2), (4, 1), (2, 4), (3, 3), (4, 2), (5, 1), (3, 4), (4, 3), (5, 2), (3, 5), (5, 3), (3, 6), (6, 3), (2, 6), (7, 3), (1, 6), (7, 4), (7, 2), (1, 7), (7, 5), (7, 1), (1, 8), (6, 5), (8, 1), (2, 8), (5, 5), (9, 1), (3, 8), (5, 6), (10, 1), (3, 9), (5, 7), (11, 1), (3, 10), (5, 8), (6, 7), (11, 2), (12, 1), (3, 11), (2, 10), (5, 9), (7, 7), (11, 3), (13, 1), (4, 11), (1, 10), (8, 7), (12, 3), (10, 3), (14, 1), (5, 11), (1, 11), (9, 7), (13, 3), (9, 3), (15, 1), (5, 12), (1, 12), (9, 8), (10, 7), (14, 3), (9, 4), (16, 1), (5, 13), (1, 13), (9, 9), (11, 7), (14, 4), (9, 5), (17, 1), (4, 13), (2, 13), (9, 10), (11, 8), (11, 6), (14, 5), (18, 1), (3, 13), (9, 11), (11, 9)]",22,0,22
615,"(13, 5)","(14, 5)",West,[],"[(13, 5), (19, 1), (10, 11), (12, 9), (12, 5)]","[(19, 1), (10, 11), (12, 9), (12, 5)]","[(1, 1), (1, 2), (2, 1), (1, 3), (2, 2), (3, 1), (1, 4), (2, 3), (3, 2), (4, 1), (2, 4), (3, 3), (4, 2), (5, 1), (3, 4), (4, 3), (5, 2), (3, 5), (5, 3), (3, 6), (6, 3), (2, 6), (7, 3), (1, 6), (7, 4), (7, 2), (1, 7), (7, 5), (7, 1), (1, 8), (6, 5), (8, 1), (2, 8), (5, 5), (9, 1), (3, 8), (5, 6), (10, 1), (3, 9), (5, 7), (11, 1), (3, 10), (5, 8), (6, 7), (11, 2), (12, 1), (3, 11), (2, 10), (5, 9), (7, 7), (11, 3), (13, 1), (4, 11), (1, 10), (8, 7), (12, 3), (10, 3), (14, 1), (5, 11), (1, 11), (9, 7), (13, 3), (9, 3), (15, 1), (5, 12), (1, 12), (9, 8), (10, 7), (14, 3), (9, 4), (16, 1), (5, 13), (1, 13), (9, 9), (11, 7), (14, 4), (9, 5), (17, 1), (4, 13), (2, 13), (9, 10), (11, 8), (11, 6), (14, 5), (18, 1), (3, 13), (9, 11), (11, 9), (11, 5)]",22,0,22
616,"(19, 1)","(18, 1)",East,"[(19, 2) via North]","[(19, 1), (10, 11), (12, 9), (12, 5)]","[(10, 11), (12, 9), (12, 5), (19, 2)]","[(1, 1), (1, 2), (2, 1), (1, 3), (2, 2), (3, 1), (1, 4), (2, 3), (3, 2), (4, 1), (2, 4), (3, 3), (4, 2), (5, 1), (3, 4), (4, 3), (5, 2), (3, 5), (5, 3), (3, 6), (6, 3), (2, 6), (7, 3), (1, 6), (7, 4), (7, 2), (1, 7), (7, 5), (7, 1), (1, 8), (6, 5), (8, 1), (2, 8), (5, 5), (9, 1), (3, 8), (5, 6), (10, 1), (3, 9), (5, 7), (11, 1), (3, 10), (5, 8), (6, 7), (11, 2), (12, 1), (3, 11), (2, 10), (5, 9), (7, 7), (11, 3), (13, 1), (4, 11), (1, 10), (8, 7), (12, 3), (10, 3), (14, 1), (5, 11), (1, 11), (9, 7), (13, 3), (9, 3), (15, 1), (5, 12), (1, 12), (9, 8), (10, 7), (14, 3), (9, 4), (16, 1), (5, 13), (1, 13), (9, 9), (11, 7), (14, 4), (9, 5), (17, 1), (4, 13), (2, 13), (9, 10), (11, 8), (11, 6), (14, 5), (18, 1), (3, 13), (9, 11), (11, 9), (11, 5), (13, 5)]",22,0,22
617,"(10, 11)","(9, 11)",East,"[(11, 11) via East]","[(10, 11), (12, 9), (12, 5), (19, 2)]","[(12, 9), (12, 5), (19, 2), (11, 11)]","[(1, 1), (1, 2), (2, 1), (1, 3), (2, 2), (3, 1), (1, 4), (2, 3), (3, 2), (4, 1), (2, 4), (3, 3), (4, 2), (5, 1), (3, 4), (4, 3), (5, 2), (3, 5), (5, 3), (3, 6), (6, 3), (2, 6), (7, 3), (1, 6), (7, 4), (7, 2), (1, 7), (7, 5), (7, 1), (1, 8), (6, 5), (8, 1), (2, 8), (5, 5), (9, 1), (3, 8), (5, 6), (10, 1), (3, 9), (5, 7), (11, 1), (3, 10), (5, 8), (6, 7), (11, 2), (12, 1), (3, 11), (2, 10), (5, 9), (7, 7), (11, 3), (13, 1), (4, 11), (1, 10), (8, 7), (12, 3), (10, 3), (14, 1), (5, 11), (1, 11), (9, 7), (13, 3), (9, 3), (15, 1), (5, 12), (1, 12), (9, 8), (10, 7), (14, 3), (9, 4), (16, 1), (5, 13), (1, 13), (9, 9), (11, 7), (14, 4), (9, 5), (17, 1), (4, 13), (2, 13), (9, 10), (11, 8), (11, 6), (14, 5), (18, 1), (3, 13), (9, 11), (11, 9), (11, 5), (13, 5), (19, 1)]",23,0,23
618,"(12, 9)","(11, 9)",East,"[(13, 9) via East]","[(12, 9), (12, 5), (19, 2), (11, 11)]","[(12, 5), (19, 2), (11, 11), (13, 9)]","[(1, 1), (1, 2), (2, 1), (1, 3), (2, 2), (3, 1), (1, 4), (2, 3), (3, 2), (4, 1), (2, 4), (3, 3), (4, 2), (5, 1), (3, 4), (4, 3), (5, 2), (3, 5), (5, 3), (3, 6), (6, 3), (2, 6), (7, 3), (1, 6), (7, 4), (7, 2), (1, 7), (7, 5), (7, 1), (1, 8), (6, 5), (8, 1), (2, 8), (5, 5), (9, 1), (3, 8), (5, 6), (10, 1), (3, 9), (5, 7), (11, 1), (3, 10), (5, 8), (6, 7), (11, 2), (12, 1), (3, 11), (2, 10), (5, 9), (7, 7), (11, 3), (13, 1), (4, 11), (1, 10), (8, 7), (12, 3), (10, 3), (14, 1), (5, 11), (1, 11), (9, 7), (13, 3), (9, 3), (15, 1), (5, 12), (1, 12), (9, 8), (10, 7), (14, 3), (9, 4), (16, 1), (5, 13), (1, 13), (9, 9), (11, 7), (14, 4), (9, 5), (17, 1), (4, 13), (2, 13), (9, 10), (11, 8), (11, 6), (14, 5), (18, 1), (3, 13), (9, 11), (11, 9), (11, 5), (13, 5), (19, 1), (10, 11)]",23,0,23
619,"(12, 5)","(11, 5)",East,[],"[(12, 5), (19, 2), (11, 11), (13, 9)]","[(19, 2), (11, 11), (13, 9)]","[(1, 1), (1, 2), (2, 1), (1, 3), (2, 2), (3, 1), (1, 4), (2, 3), (3, 2), (4, 1), (2, 4), (3, 3), (4, 2), (5, 1), (3, 4), (4, 3), (5, 2), (3, 5), (5, 3), (3, 6), (6, 3), (2, 6), (7, 3), (1, 6), (7, 4), (7, 2), (1, 7), (7, 5), (7, 1), (1, 8), (6, 5), (8, 1), (2, 8), (5, 5), (9, 1), (3, 8), (5, 6), (10, 1), (3, 9), (5, 7), (11, 1), (3, 10), (5, 8), (6, 7), (11, 2), (12, 1), (3, 11), (2, 10), (5, 9), (7, 7), (11, 3), (13, 1), (4, 11), (1, 10), (8, 7), (12, 3), (10, 3), (14, 1), (5, 11), (1, 11), (9, 7), (13, 3), (9, 3), (15, 1), (5, 12), (1, 12), (9, 8), (10, 7), (14, 3), (9, 4), (16, 1), (5, 13), (1, 13), (9, 9), (11, 7), (14, 4), (9, 5), (17, 1), (4, 13), (2, 13), (9, 10), (11, 8), (11, 6), (14, 5), (18, 1), (3, 13), (9, 11), (11, 9), (11, 5), (13, 5), (19, 1), (10, 11), (12, 9)]",23,0,23
620,"(19, 2)","(19, 1)",North,"[(19, 3) via North]","[(19, 2), (11, 11), (13, 9)]","[(11, 11), (13, 9), (19, 3)]","[(1, 1), (1, 2), (2, 1), (1, 3), (2, 2), (3, 1), (1, 4), (2, 3), (3, 2), (4, 1), (2, 4), (3, 3), (4, 2), (5, 1), (3, 4), (4, 3), (5, 2), (3, 5), (5, 3), (3, 6), (6, 3), (2, 6), (7, 3), (1, 6), (7, 4), (7, 2), (1, 7), (7, 5), (7, 1), (1, 8), (6, 5), (8, 1), (2, 8), (5, 5), (9, 1), (3, 8), (5, 6), (10, 1), (3, 9), (5, 7), (11, 1), (3, 10), (5, 8), (6, 7), (11, 2), (12, 1), (3, 11), (2, 10), (5, 9), (7, 7), (11, 3), (13, 1), (4, 11), (1, 10), (8, 7), (12, 3), (10, 3), (14, 1), (5, 11), (1, 11), (9, 7), (13, 3), (9, 3), (15, 1), (5, 12), (1, 12), (9, 8), (10, 7), (14, 3), (9, 4), (16, 1), (5, 13), (1, 13), (9, 9), (11, 7), (14, 4), (9, 5), (17, 1), (4, 13), (2, 13), (9, 10), (11, 8), (11, 6), (14, 5), (18, 1), (3, 13), (9, 11), (11, 9), (11, 5), (13, 5), (19, 1), (10, 11), (12, 9), (12, 5)]",23,0,23
621,"(11, 11)","(10, 11)",East,"[(11, 12) via North, (12, 11) via East]","[(11, 11), (13, 9), (19, 3)]","[(13, 9), (19, 3), (11, 12), (12, 11)]","[(1, 1), (1, 2), (2, 1), (1, 3), (2, 2), (3, 1), (1, 4), (2, 3), (3, 2), (4, 1), (2, 4), (3, 3), (4, 2), (5, 1), (3, 4), (4, 3), (5, 2), (3, 5), (5, 3), (3, 6), (6, 3), (2, 6), (7, 3), (1, 6), (7, 4), (7, 2), (1, 7), (7, 5), (7, 1), (1, 8), (6, 5), (8, 1), (2, 8), (5, 5), (9, 1), (3, 8), (5, 6), (10, 1), (3, 9), (5, 7), (11, 1), (3, 10), (5, 8), (6, 7), (11, 2), (12, 1), (3, 11), (2, 10), (5, 9), (7, 7), (11, 3), (13, 1), (4, 11), (1, 10), (8, 7), (12, 3), (10, 3), (14, 1), (5, 11), (1, 11), (9, 7), (13, 3), (9, 3), (15, 1), (5, 12), (1, 12), (9, 8), (10, 7), (14, 3), (9, 4), (16, 1), (5, 13), (1, 13), (9, 9), (11, 7), (14, 4), (9, 5), (17, 1), (4, 13), (2, 13), (9, 10), (11, 8), (11, 6), (14, 5), (18, 1), (3, 13), (9, 11), (11, 9), (11, 5), (13, 5), (19, 1), (10, 11), (12, 9), (12, 5), (19, 2)]",24,0,24
622,"(13, 9)","(12, 9)",East,"[(14, 9) via East]","[(13, 9), (19, 3), (11, 12), (12, 11)]","[(19, 3), (11, 12), (12, 11), (14, 9)]","[(1, 1), (1, 2), (2, 1), (1, 3), (2, 2), (3, 1), (1, 4), (2, 3), (3, 2), (4, 1), (2, 4), (3, 3), (4, 2), (5, 1), (3, 4), (4, 3), (5, 2), (3, 5), (5, 3), (3, 6), (6, 3), (2, 6), (7, 3), (1, 6), (7, 4), (7, 2), (1, 7), (7, 5), (7, 1), (1, 8), (6, 5), (8, 1), (2, 8), (5, 5), (9, 1), (3, 8), (5, 6), (10, 1), (3, 9), (5, 7), (11, 1), (3, 10), (5, 8), (6, 7), (11, 2), (12, 1), (3, 11), (2, 10), (5, 9), (7, 7), (11, 3), (13, 1), (4, 11), (1, 10), (8, 7), (12, 3), (10, 3), (14, 1), (5, 11), (1, 11), (9, 7), (13, 3), (9, 3), (15, 1), (5, 12), (1, 12), (9, 8), (10, 7), (14, 3), (9, 4), (16, 1), (5, 13), (1, 13), (9, 9), (11, 7), (14, 4), (9, 5), (17, 1), (4, 13), (2, 13), (9, 10), (11, 8), (11, 6), (14, 5), (18, 1), (3, 13), (9, 11), (11, 9), (11, 5), (13, 5), (19, 1), (10, 11), (12, 9), (12, 5), (19, 2), (11, 11)]",24,0,24
623,"(19, 3)","(19, 2)",North,"[(20, 3) via East, (18, 3) via West]","[(19, 3), (11, 12), (12, 11), (14, 9)]","[(11, 12), (12, 11), (14, 9), (20, 3), (18, 3)]","[(1, 1), (1, 2), (2, 1), (1, 3), (2, 2), (3, 1), (1, 4), (2, 3), (3, 2), (4, 1), (2, 4), (3, 3), (4, 2), (5, 1), (3, 4), (4, 3), (5, 2), (3, 5), (5, 3), (3, 6), (6, 3), (2, 6), (7, 3), (1, 6), (7, 4), (7, 2), (1, 7), (7, 5), (7, 1), (1, 8), (6, 5), (8, 1), (2, 8), (5, 5), (9, 1), (3, 8), (5, 6), (10, 1), (3, 9), (5, 7), (11, 1), (3, 10), (5, 8), (6, 7), (11, 2), (12, 1), (3, 11), (2, 10), (5, 9), (7, 7), (11, 3), (13, 1), (4, 11), (1, 10), (8, 7), (12, 3), (10, 3), (14, 1), (5, 11), (1, 11), (9, 7), (13, 3), (9, 3), (15, 1), (5, 12), (1, 12), (9, 8), (10, 7), (14, 3), (9, 4), (16, 1), (5, 13), (1, 13), (9, 9), (11, 7), (14, 4), (9, 5), (17, 1), (4, 13), (2, 13), (9, 10), (11, 8), (11, 6), (14, 5), (18, 1), (3, 13), (9, 11), (11, 9), (11, 5), (13, 5), (19, 1), (10, 11), (12, 9), (12, 5), (19, 2), (11, 11), (13, 9)]",24,0,24
624,"(11, 12)","(11, 11)",North,"[(11, 13) via North]","[(11, 12), (12, 11), (14, 9), (20, 3), (18, 3)]","[(12, 11), (14, 9), (20, 3), (18, 3), (11, 13)]","[(1, 1), (1, 2), (2, 1), (1, 3), (2, 2), (3, 1), (1, 4), (2, 3), (3, 2), (4, 1), (2, 4), (3, 3), (4, 2), (5, 1), (3, 4), (4, 3), (5, 2), (3, 5), (5, 3), (3, 6), (6, 3), (2, 6), (7, 3), (1, 6), (7, 4), (7, 2), (1, 7), (7, 5), (7, 1), (1, 8), (6, 5), (8, 1), (2, 8), (5, 5), (9, 1), (3, 8), (5, 6), (10, 1), (3, 9), (5, 7), (11, 1), (3, 10), (5, 8), (6, 7), (11, 2), (12, 1), (3, 11), (2, 10), (5, 9), (7, 7), (11, 3), (13, 1), (4, 11), (1, 10), (8, 7), (12, 3), (10, 3), (14, 1), (5, 11), (1, 11), (9, 7), (13, 3), (9, 3), (15, 1), (5, 12), (1, 12), (9, 8), (10, 7), (14, 3), (9, 4), (16, 1), (5, 13), (1, 13), (9, 9), (11, 7), (14, 4), (9, 5), (17, 1), (4, 13), (2, 13), (9, 10), (11, 8), (11, 6), (14, 5), (18, 1), (3, 13), (9, 11), (11, 9), (11, 5), (13, 5), (19, 1), (10, 11), (12, 9), (12, 5), (19, 2), (11, 11), (13, 9), (19, 3)]",25,0,25
625,"(12, 11)","(11, 11)",East,"[(13, 11) via East]","[(12, 11), (14, 9), (20, 3), (18, 3), (11, 13)]","[(14, 9), (20, 3), (18, 3), (11, 13), (13, 11)]","[(1, 1), (1, 2), (2, 1), (1, 3), (2, 2), (3, 1), (1, 4), (2, 3), (3, 2), (4, 1), (2, 4), (3, 3), (4, 2), (5, 1), (3, 4), (4, 3), (5, 2), (3, 5), (5, 3), (3, 6), (6, 3), (2, 6), (7, 3), (1, 6), (7, 4), (7, 2), (1, 7), (7, 5), (7, 1), (1, 8), (6, 5), (8, 1), (2, 8), (5, 5), (9, 1), (3, 8), (5, 6), (10, 1), (3, 9), (5, 7), (11, 1), (3, 10), (5, 8), (6, 7), (11, 2), (12, 1), (3, 11), (2, 10), (5, 9), (7, 7), (11, 3), (13, 1), (4, 11), (1, 10), (8, 7), (12, 3), (10, 3), (14, 1), (5, 11), (1, 11), (9, 7), (13, 3), (9, 3), (15, 1), (5, 12), (1, 12), (9, 8), (10, 7), (14, 3), (9, 4), (16, 1), (5, 13), (1, 13), (9, 9), (11, 7), (14, 4), (9, 5), (17, 1), (4, 13), (2, 13), (9, 10), (11, 8), (11, 6), (14, 5), (18, 1), (3, 13), (9, 11), (11, 9), (11, 5), (13, 5), (19, 1), (10, 11), (12, 9), (12, 5), (19, 2), (11, 11), (13, 9), (19, 3), (11, 12)]",25,0,25
626,"(14, 9)","(13, 9)",East,"[(14, 10) via North, (15, 9) via East]","[(14, 9), (20, 3), (18, 3), (11, 13), (13, 11)]","[(20, 3), (18, 3), (11, 13), (13, 11), (14, 10), (15, 9)]","[(1, 1), (1, 2), (2, 1), (1, 3), (2, 2), (3, 1), (1, 4), (2, 3), (3, 2), (4, 1), (2, 4), (3, 3), (4, 2), (5, 1), (3, 4), (4, 3), (5, 2), (3, 5), (5, 3), (3, 6), (6, 3), (2, 6), (7, 3), (1, 6), (7, 4), (7, 2), (1, 7), (7, 5), (7, 1), (1, 8), (6, 5), (8, 1), (2, 8), (5, 5), (9, 1), (3, 8), (5, 6), (10, 1), (3, 9), (5, 7), (11, 1), (3, 10), (5, 8), (6, 7), (11, 2), (12, 1), (3, 11), (2, 10), (5, 9), (7, 7), (11, 3), (13, 1), (4, 11), (1, 10), (8, 7), (12, 3), (10, 3), (14, 1), (5, 11), (1, 11), (9, 7), (13, 3), (9, 3), (15, 1), (5, 12), (1, 12), (9, 8), (10, 7), (14, 3), (9, 4), (16, 1), (5, 13), (1, 13), (9, 9), (11, 7), (14, 4), (9, 5), (17, 1), (4, 13), (2, 13), (9, 10), (11, 8), (11, 6), (14, 5), (18, 1), (3, 13), (9, 11), (11, 9), (11, 5), (13, 5), (19, 1), (10, 11), (12, 9), (12, 5), (19, 2), (11, 11), (13, 9), (19, 3), (11, 12), (12, 11)]",25,0,25
627,"(20, 3)","(19, 3)",East,"[(21, 3) via East]","[(20, 3), (18, 3), (11, 13), (13, 11), (14, 10), (15, 9)]","[(18, 3), (11, 13), (13, 11), (14, 10), (15, 9), (21, 3)]","[(1, 1), (1, 2), (2, 1), (1, 3), (2, 2), (3, 1), (1, 4), (2, 3), (3, 2), (4, 1), (2, 4), (3, 3), (4, 2), (5, 1), (3, 4), (4, 3), (5, 2), (3, 5), (5, 3), (3, 6), (6, 3), (2, 6), (7, 3), (1, 6), (7, 4), (7, 2), (1, 7), (7, 5), (7, 1), (1, 8), (6, 5), (8, 1), (2, 8), (5, 5), (9, 1), (3, 8), (5, 6), (10, 1), (3, 9), (5, 7), (11, 1), (3, 10), (5, 8), (6, 7), (11, 2), (12, 1), (3, 11), (2, 10), (5, 9), (7, 7), (11, 3), (13, 1), (4, 11), (1, 10), (8, 7), (12, 3), (10, 3), (14, 1), (5, 11), (1, 11), (9, 7), (13, 3), (9, 3), (15, 1), (5, 12), (1, 12), (9, 8), (10, 7), (14, 3), (9, 4), (16, 1), (5, 13), (1, 13), (9, 9), (11, 7), (14, 4), (9, 5), (17, 1), (4, 13), (2, 13), (9, 10), (11, 8), (11, 6), (14, 5), (18, 1), (3, 13), (9, 11), (11, 9), (11, 5), (13, 5), (19, 1), (10, 11), (12, 9), (12, 5), (19, 2), (11, 11), (13, 9), (19, 3), (11, 12), (12, 11), (14, 9)]",25,0,25
628,"(18, 3)","(19, 3)",West,"[(17, 3) via West]","[(18, 3), (11, 13), (13, 11), (14, 10), (15, 9), (21, 3)]","[(11, 13), (13, 11), (14, 10), (15, 9), (21, 3), (17, 3)]","[(1, 1), (1, 2), (2, 1), (1, 3), (2, 2), (3, 1), (1, 4), (2, 3), (3, 2), (4, 1), (2, 4), (3, 3), (4, 2), (5, 1), (3, 4), (4, 3), (5, 2), (3, 5), (5, 3), (3, 6), (6, 3), (2, 6), (7, 3), (1, 6), (7, 4), (7, 2), (1, 7), (7, 5), (7, 1), (1, 8), (6, 5), (8, 1), (2, 8), (5, 5), (9, 1), (3, 8), (5, 6), (10, 1), (3, 9), (5, 7), (11, 1), (3, 10), (5, 8), (6, 7), (11, 2), (12, 1), (3, 11), (2, 10), (5, 9), (7, 7), (11, 3), (13, 1), (4, 11), (1, 10), (8, 7), (12, 3), (10, 3), (14, 1), (5, 11), (1, 11), (9, 7), (13, 3), (9, 3), (15, 1), (5, 12), (1, 12), (9, 8), (10, 7), (14, 3), (9, 4), (16, 1), (5, 13), (1, 13), (9, 9), (11, 7), (14, 4), (9, 5), (17, 1), (4, 13), (2, 13), (9, 10), (11, 8), (11, 6), (14, 5), (18, 1), (3, 13), (9, 11), (11, 9), (11, 5), (13, 5), (19, 1), (10, 11), (12, 9), (12, 5), (19, 2), (11, 11), (13, 9), (19, 3), (11, 12), (12, 11), (14, 9), (20, 3)]",25,0,25
629,"(11, 13)","(11, 12)",North,"[(12, 13) via East, (10, 13) via West]","[(11, 13), (13, 11), (14, 10), (15, 9), (21, 3), (17, 3)]","[(13, 11), (14, 10), (15, 9), (21, 3), (17, 3), (12, 13), (10, 13)]","[(1, 1), (1, 2), (2, 1), (1, 3), (2, 2), (3, 1), (1, 4), (2, 3), (3, 2), (4, 1), (2, 4), (3, 3), (4, 2), (5, 1), (3, 4), (4, 3), (5, 2), (3, 5), (5, 3), (3, 6), (6, 3), (2, 6), (7, 3), (1, 6), (7, 4), (7, 2), (1, 7), (7, 5), (7, 1), (1, 8), (6, 5), (8, 1), (2, 8), (5, 5), (9, 1), (3, 8), (5, 6), (10, 1), (3, 9), (5, 7), (11, 1), (3, 10), (5, 8), (6, 7), (11, 2), (12, 1), (3, 11), (2, 10), (5, 9), (7, 7), (11, 3), (13, 1), (4, 11), (1, 10), (8, 7), (12, 3), (10, 3), (14, 1), (5, 11), (1, 11), (9, 7), (13, 3), (9, 3), (15, 1), (5, 12), (1, 12), (9, 8), (10, 7), (14, 3), (9, 4), (16, 1), (5, 13), (1, 13), (9, 9), (11, 7), (14, 4), (9, 5), (17, 1), (4, 13), (2, 13), (9, 10), (11, 8), (11, 6), (14, 5), (18, 1), (3, 13), (9, 11), (11, 9), (11, 5), (13, 5), (19, 1), (10, 11), (12, 9), (12, 5), (19, 2), (11, 11), (13, 9), (19, 3), (11, 12), (12, 11), (14, 9), (20, 3), (18, 3)]",26,0,26
630,"(13, 11)","(12, 11)",East,"[(14, 11) via East]","[(13, 11), (14, 10), (15, 9), (21, 3), (17, 3), (12, 13), (10, 13)]","[(14, 10), (15, 9), (21, 3), (17, 3), (12, 13), (10, 13), (14, 11)]","[(1, 1), (1, 2), (2, 1), (1, 3), (2, 2), (3, 1), (1, 4), (2, 3), (3, 2), (4, 1), (2, 4), (3, 3), (4, 2), (5, 1), (3, 4), (4, 3), (5, 2), (3, 5), (5, 3), (3, 6), (6, 3), (2, 6), (7, 3), (1, 6), (7, 4), (7, 2), (1, 7), (7, 5), (7, 1), (1, 8), (6, 5), (8, 1), (2, 8), (5, 5), (9, 1), (3, 8), (5, 6), (10, 1), (3, 9), (5, 7), (11, 1), (3, 10), (5, 8), (6, 7), (11, 2), (12, 1), (3, 11), (2, 10), (5, 9), (7, 7), (11, 3), (13, 1), (4, 11), (1, 10), (8, 7), (12, 3), (10, 3), (14, 1), (5, 11), (1, 11), (9, 7), (13, 3), (9, 3), (15, 1), (5, 12), (1, 12), (9, 8), (10, 7), (14, 3), (9, 4), (16, 1), (5, 13), (1, 13), (9, 9), (11, 7), (14, 4), (9, 5), (17, 1), (4, 13), (2, 13), (9, 10), (11, 8), (11, 6), (14, 5), (18, 1), (3, 13), (9, 11), (11, 9), (11, 5), (13, 5), (19, 1), (10, 11), (12, 9), (12, 5), (19, 2), (11, 11), (13, 9), (19, 3), (11, 12), (12, 11), (14, 9), (20, 3), (18, 3), (11, 13)]",26,0,26
631,"(14, 10)","(14, 9)",North,[],"[(14, 10), (15, 9), (21, 3), (17, 3), (12, 13), (10, 13), (14, 11)]","[(15, 9), (21, 3), (17, 3), (12, 13), (10, 13), (14, 11)]","[(1, 1), (1, 2), (2, 1), (1, 3), (2, 2), (3, 1), (1, 4), (2, 3), (3, 2), (4, 1), (2, 4), (3, 3), (4, 2), (5, 1), (3, 4), (4, 3), (5, 2), (3, 5), (5, 3), (3, 6), (6, 3), (2, 6), (7, 3), (1, 6), (7, 4), (7, 2), (1, 7), (7, 5), (7, 1), (1, 8), (6, 5), (8, 1), (2, 8), (5, 5), (9, 1), (3, 8), (5, 6), (10, 1), (3, 9), (5, 7), (11, 1), (3, 10), (5, 8), (6, 7), (11, 2), (12, 1), (3, 11), (2, 10), (5, 9), (7, 7), (11, 3), (13, 1), (4, 11), (1, 10), (8, 7), (12, 3), (10, 3), (14, 1), (5, 11), (1, 11), (9, 7), (13, 3), (9, 3), (15, 1), (5, 12), (1, 12), (9, 8), (10, 7), (14, 3), (9, 4), (16, 1), (5, 13), (1, 13), (9, 9), (11, 7), (14, 4), (9, 5), (17, 1), (4, 13), (2, 13), (9, 10), (11, 8), (11, 6), (14, 5), (18, 1), (3, 13), (9, 11), (11, 9), (11, 5), (13, 5), (19, 1), (10, 11), (12, 9), (12, 5), (19, 2), (11, 11), (13, 9), (19, 3), (11, 12), (12, 11), (14, 9), (20, 3), (18, 3), (11, 13), (13, 11)]",26,0,26
632,"(15, 9)","(14, 9)",East,"[(15, 8) via South, (16, 9) via East]","[(15, 9), (21, 3), (17, 3), (12, 13), (10, 13), (14, 11)]","[(21, 3), (17, 3), (12, 13), (10, 13), (14, 11), (15, 8), (16, 9)]","[(1, 1), (1, 2), (2, 1), (1, 3), (2, 2), (3, 1), (1, 4), (2, 3), (3, 2), (4, 1), (2, 4), (3, 3), (4, 2), (5, 1), (3, 4), (4, 3), (5, 2), (3, 5), (5, 3), (3, 6), (6, 3), (2, 6), (7, 3), (1, 6), (7, 4), (7, 2), (1, 7), (7, 5), (7, 1), (1, 8), (6, 5), (8, 1), (2, 8), (5, 5), (9, 1), (3, 8), (5, 6), (10, 1), (3, 9), (5, 7), (11, 1), (3, 10), (5, 8), (6, 7), (11, 2), (12, 1), (3, 11), (2, 10), (5, 9), (7, 7), (11, 3), (13, 1), (4, 11), (1, 10), (8, 7), (12, 3), (10, 3), (14, 1), (5, 11), (1, 11), (9, 7), (13, 3), (9, 3), (15, 1), (5, 12), (1, 12), (9, 8), (10, 7), (14, 3), (9, 4), (16, 1), (5, 13), (1, 13), (9, 9), (11, 7), (14, 4), (9, 5), (17, 1), (4, 13), (2, 13), (9, 10), (11, 8), (11, 6), (14, 5), (18, 1), (3, 13), (9, 11), (11, 9), (11, 5), (13, 5), (19, 1), (10, 11), (12, 9), (12, 5), (19, 2), (11, 11), (13, 9), (19, 3), (11, 12), (12, 11), (14, 9), (20, 3), (18, 3), (11, 13), (13, 11), (14, 10)]",26,0,26
633,"(21, 3)","(20, 3)",East,"[(21, 4) via North]","[(21, 3), (17, 3), (12, 13), (10, 13), (14, 11), (15, 8), (16, 9)]","[(17, 3), (12, 13), (10, 13), (14, 11), (15, 8), (16, 9), (21, 4)]","[(1, 1), (1, 2), (2, 1), (1, 3), (2, 2), (3, 1), (1, 4), (2, 3), (3, 2), (4, 1), (2, 4), (3, 3), (4, 2), (5, 1), (3, 4), (4, 3), (5, 2), (3, 5), (5, 3), (3, 6), (6, 3), (2, 6), (7, 3), (1, 6), (7, 4), (7, 2), (1, 7), (7, 5), (7, 1), (1, 8), (6, 5), (8, 1), (2, 8), (5, 5), (9, 1), (3, 8), (5, 6), (10, 1), (3, 9), (5, 7), (11, 1), (3, 10), (5, 8), (6, 7), (11, 2), (12, 1), (3, 11), (2, 10), (5, 9), (7, 7), (11, 3), (13, 1), (4, 11), (1, 10), (8, 7), (12, 3), (10, 3), (14, 1), (5, 11), (1, 11), (9, 7), (13, 3), (9, 3), (15, 1), (5, 12), (1, 12), (9, 8), (10, 7), (14, 3), (9, 4), (16, 1), (5, 13), (1, 13), (9, 9), (11, 7), (14, 4), (9, 5), (17, 1), (4, 13), (2, 13), (9, 10), (11, 8), (11, 6), (14, 5), (18, 1), (3, 13), (9, 11), (11, 9), (11, 5), (13, 5), (19, 1), (10, 11), (12, 9), (12, 5), (19, 2), (11, 11), (13, 9), (19, 3), (11, 12), (12, 11), (14, 9), (20, 3), (18, 3), (11, 13), (13, 11), (14, 10), (15, 9)]",26,0,26
634,"(17, 3)","(18, 3)",West,"[(16, 3) via West]","[(17, 3), (12, 13), (10, 13), (14, 11), (15, 8), (16, 9), (21, 4)]","[(12, 13), (10, 13), (14, 11), (15, 8), (16, 9), (21, 4), (16, 3)]","[(1, 1), (1, 2), (2, 1), (1, 3), (2, 2), (3, 1), (1, 4), (2, 3), (3, 2), (4, 1), (2, 4), (3, 3), (4, 2), (5, 1), (3, 4), (4, 3), (5, 2), (3, 5), (5, 3), (3, 6), (6, 3), (2, 6), (7, 3), (1, 6), (7, 4), (7, 2), (1, 7), (7, 5), (7, 1), (1, 8), (6, 5), (8, 1), (2, 8), (5, 5), (9, 1), (3, 8), (5, 6), (10, 1), (3, 9), (5, 7), (11, 1), (3, 10), (5, 8), (6, 7), (11, 2), (12, 1), (3, 11), (2, 10), (5, 9), (7, 7), (11, 3), (13, 1), (4, 11), (1, 10), (8, 7), (12, 3), (10, 3), (14, 1), (5, 11), (1, 11), (9, 7), (13, 3), (9, 3), (15, 1), (5, 12), (1, 12), (9, 8), (10, 7), (14, 3), (9, 4), (16, 1), (5, 13), (1, 13), (9, 9), (11, 7), (14, 4), (9, 5), (17, 1), (4, 13), (2, 13), (9, 10), (11, 8), (11, 6), (14, 5), (18, 1), (3, 13), (9, 11), (11, 9), (11, 5), (13, 5), (19, 1), (10, 11), (12, 9), (12, 5), (19, 2), (11, 11), (13, 9), (19, 3), (11, 12), (12, 11), (14, 9), (20, 3), (18, 3), (11, 13), (13, 11), (14, 10), (15, 9), (21, 3)]",26,0,26
635,"(12, 13)","(11, 13)",East,"[(13, 13) via East]","[(12, 13), (10, 13), (14, 11), (15, 8), (16, 9), (21, 4), (16, 3)]","[(10, 13), (14, 11), (15, 8), (16, 9), (21, 4), (16, 3), (13, 13)]","[(1, 1), (1, 2), (2, 1), (1, 3), (2, 2), (3, 1), (1, 4), (2, 3), (3, 2), (4, 1), (2, 4), (3, 3), (4, 2), (5, 1), (3, 4), (4, 3), (5, 2), (3, 5), (5, 3), (3, 6), (6, 3), (2, 6), (7, 3), (1, 6), (7, 4), (7, 2), (1, 7), (7, 5), (7, 1), (1, 8), (6, 5), (8, 1), (2, 8), (5, 5), (9, 1), (3, 8), (5, 6), (10, 1), (3, 9), (5, 7), (11, 1), (3, 10), (5, 8), (6, 7), (11, 2), (12, 1), (3, 11), (2, 10), (5, 9), (7, 7), (11, 3), (13, 1), (4, 11), (1, 10), (8, 7), (12, 3), (10, 3), (14, 1), (5, 11), (1, 11), (9, 7), (13, 3), (9, 3), (15, 1), (5, 12), (1, 12), (9, 8), (10, 7), (14, 3), (9, 4), (16, 1), (5, 13), (1, 13), (9, 9), (11, 7), (14, 4), (9, 5), (17, 1), (4, 13), (2, 13), (9, 10), (11, 8), (11, 6), (14, 5), (18, 1), (3, 13), (9, 11), (11, 9), (11, 5), (13, 5), (19, 1), (10, 11), (12, 9), (12, 5), (19, 2), (11, 11), (13, 9), (19, 3), (11, 12), (12, 11), (14, 9), (20, 3), (18, 3), (11, 13), (13, 11), (14, 10), (15, 9), (21, 3), (17, 3)]",27,0,27
636,"(10, 13)",,,"[(11, 13) via East, (9, 13) via West]","[(10, 13)]","[(11, 13), (9, 13)]",[],0,0,0
637,"(11, 13)","(10, 13)",East,"[(11, 12) via South, (12, 13) via East]","[(11, 13), (9, 13)]","[(9, 13), (11, 12), (12, 13)]","[(10, 13)]",1,0,1
638,"(9, 13)",,,"[(10, 13) via East, (8, 13) via West]","[(9, 13)]","[(10, 13), (8, 13)]",[],0,0,0
639,"(10, 13)","(9, 13)",East,"[(11, 13) via East]","[(10, 13), (8, 13)]","[(8, 13), (11, 13)]","[(9, 13)]",1,0,1
640,"(8, 13)",,,"[(9, 13) via East, (7, 13) via West]","[(8, 13)]","[(9, 13), (7, 13)]",[],0,0,0
641,"(9, 13)","(8, 13)",East,"[(10, 13) via East]","[(9, 13), (7, 13)]","[(7, 13), (10, 13)]","[(8, 13)]",1,0,1
642,"(7, 13)",,,"[(7, 12) via South, (8, 13) via East]","[(7, 13)]","[(7, 12), (8, 13)]",[],0,0,0
643,"(7, 12)",,,"[(7, 13) via North, (7, 11) via South]","[(7, 12)]","[(7, 13), (7, 11)]",[],0,0,0
644,"(7, 13)","(7, 12)",North,"[(8, 13) via East]","[(7, 13), (7, 11)]","[(7, 11), (8, 13)]","[(7, 12)]",1,0,1
645,"(7, 11)",,,"[(7, 12) via North, (7, 10) via South]","[(7, 11)]","[(7, 12), (7, 10)]",[],0,0,0
646,"(7, 12)","(7, 11)",North,"[(7, 13) via North]","[(7, 12), (7, 10)]","[(7, 10), (7, 13)]","[(7, 11)]",1,0,1
647,"(7, 10)",,,"[(7, 11) via North, (7, 9) via South]","[(7, 10)]","[(7, 11), (7, 9)]",[],0,0,0
648,"(7, 11)","(7, 10)",North,"[(7, 12) via North]","[(7, 11), (7, 9)]","[(7, 9), (7, 12)]","[(7, 10)]",1,0,1
649,"(7, 9)",,,"[(7, 10) via North]","[(7, 9)]","[(7, 10)]",[],0,0,0
650,"(7, 10)","(7, 9)",North,"[(7, 11) via North]","[(7, 10)]","[(7, 11)]","[(7, 9)]",1,0,1
651,"(7, 11)","(7, 10)",North,"[(7, 12) via North]","[(7, 11)]","[(7, 12)]","[(7, 9), (7, 10)]",2,0,2
652,"(7, 12)","(7, 11)",North,"[(7, 13) via North]","[(7, 12)]","[(7, 13)]","[(7, 9), (7, 10), (7, 11)]",3,0,3
653,"(7, 13)","(7, 12)",North,"[(8, 13) via East]","[(7, 13)]","[(8, 13)]","[(7, 9), (7, 10), (7, 11), (7, 12)]",4,0,4
654,"(8, 13)","(7, 13)",East,"[(9, 13) via East]","[(8, 13)]","[(9, 13)]","[(7, 9), (7, 10), (7, 11), (7, 12), (7, 13)]",5,0,5
655,"(9, 13)","(8, 13)",East,"[(10, 13) via East]","[(9, 13)]","[(10, 13)]","[(7, 9), (7, 10), (7, 11), (7, 12), (7, 13), (8, 13)]",6,0,6
656,"(10, 13)","(9, 13)",East,"[(11, 13) via East]","[(10, 13)]","[(11, 13)]","[(7, 9), (7, 10), (7, 11), (7, 12), (7, 13), (8, 13), (9, 13)]",7,0,7
657,"(11, 13)","(10, 13)",East,"[(11, 12) via South, (12, 13) via East]","[(11, 13)]","[(11, 12), (12, 13)]","[(7, 9), (7, 10), (7, 11), (7, 12), (7, 13), (8, 13), (9, 13), (10, 13)]",8,0,8
658,"(11, 12)","(11, 13)",South,"[(11, 11) via South]","[(11, 12), (12, 13)]","[(12, 13), (11, 11)]","[(7, 9), (7, 10), (7, 11), (7, 12), (7, 13), (8, 13), (9, 13), (10, 13), (11, 13)]",9,0,9
659,"(12, 13)","(11, 13)",East,"[(13, 13) via East]","[(12, 13), (11, 11)]","[(11, 11), (13, 13)]","[(7, 9), (7, 10), (7, 11), (7, 12), (7, 13), (8, 13), (9, 13), (10, 13), (11, 13), (11, 12)]",9,0,9
660,"(11, 11)","(11, 12)",South,"[(12, 11) via East, (10, 11) via West]","[(11, 11), (13, 13)]","[(13, 13), (12, 11), (10, 11)]","[(7, 9), (7, 10), (7, 11), (7, 12), (7, 13), (8, 13), (9, 13), (10, 13), (11, 13), (11, 12), (12, 13)]",10,0,10
661,"(13, 13)","(12, 13)",East,"[(14, 13) via East]","[(13, 13), (12, 11), (10, 11)]","[(12, 11), (10, 11), (14, 13)]","[(7, 9), (7, 10), (7, 11), (7, 12), (7, 13), (8, 13), (9, 13), (10, 13), (11, 13), (11, 12), (12, 13), (11, 11)]",10,0,10
662,"(12, 11)","(11, 11)",East,"[(13, 11) via East]","[(12, 11), (10, 11), (14, 13)]","[(10, 11), (14, 13), (13, 11)]","[(7, 9), (7, 10), (7, 11), (7, 12), (7, 13), (8, 13), (9, 13), (10, 13), (11, 13), (11, 12), (12, 13), (11, 11), (13, 13)]",11,0,11
663,"(10, 11)","(11, 11)",West,"[(9, 11) via West]","[(10, 11), (14, 13), (13, 11)]","[(14, 13), (13, 11), (9, 11)]","[(7, 9), (7, 10), (7, 11), (7, 12), (7, 13), (8, 13), (9, 13), (10, 13), (11, 13), (11, 12), (12, 13), (11, 11), (13, 13), (12, 11)]",11,0,11
664,"(14, 13)","(13, 13)",East,"[(15, 13) via East]","[(14, 13), (13, 11), (9, 11)]","[(13, 11), (9, 11), (15, 13)]","[(7, 9), (7, 10), (7, 11), (7, 12), (7, 13), (8, 13), (9, 13), (10, 13), (11, 13), (11, 12), (12, 13), (11, 11), (13, 13), (12, 11), (10, 11)]",11,0,11
665,"(13, 11)","(12, 11)",East,"[(14, 11) via East]","[(13, 11), (9, 11), (15, 13)]","[(9, 11), (15, 13), (14, 11)]","[(7, 9), (7, 10), (7, 11), (7, 12), (7, 13), (8, 13), (9, 13), (10, 13), (11, 13), (11, 12), (12, 13), (11, 11), (13, 13), (12, 11), (10, 11), (14, 13)]",12,0,12
666,"(9, 11)","(10, 11)",West,"[(9, 10) via South]","[(9, 11), (15, 13), (14, 11)]","[(15, 13), (14, 11), (9, 10)]","[(7, 9), (7, 10), (7, 11), (7, 12), (7, 13), (8, 13), (9, 13), (10, 13), (11, 13), (11, 12), (12, 13), (11, 11), (13, 13), (12, 11), (10, 11), (14, 13), (13, 11)]",12,0,12
667,"(15, 13)","(14, 13)",East,"[(16, 13) via East]","[(15, 13), (14, 11), (9, 10)]","[(14, 11), (9, 10), (16, 13)]","[(7, 9), (7, 10), (7, 11), (7, 12), (7, 13), (8, 13), (9, 13), (10, 13), (11, 13), (11, 12), (12, 13), (11, 11), (13, 13), (12, 11), (10, 11), (14, 13), (13, 11), (9, 11)]",12,0,12
668,"(14, 11)","(13, 11)",East,"[(14, 10) via South]","[(14, 11), (9, 10), (16, 13)]","[(9, 10), (16, 13), (14, 10)]","[(7, 9), (7, 10), (7, 11), (7, 12), (7, 13), (8, 13), (9, 13), (10, 13), (11, 13), (11, 12), (12, 13), (11, 11), (13, 13), (12, 11), (10, 11), (14, 13), (13, 11), (9, 11), (15, 13)]",13,0,13
669,"(9, 10)","(9, 11)",South,"[(9, 9) via South]","[(9, 10), (16, 13), (14, 10)]","[(16, 13), (14, 10), (9, 9)]","[(7, 9), (7, 10), (7, 11), (7, 12), (7, 13), (8, 13), (9, 13), (10, 13), (11, 13), (11, 12), (12, 13), (11, 11), (13, 13), (12, 11), (10, 11), (14, 13), (13, 11), (9, 11), (15, 13), (14, 11)]",13,0,13
670,"(16, 13)","(15, 13)",East,"[(17, 13) via East]","[(16, 13), (14, 10), (9, 9)]","[(14, 10), (9, 9), (17, 13)]","[(7, 9), (7, 10), (7, 11), (7, 12), (7, 13), (8, 13), (9, 13), (10, 13), (11, 13), (11, 12), (12, 13), (11, 11), (13, 13), (12, 11), (10, 11), (14, 13), (13, 11), (9, 11), (15, 13), (14, 11), (9, 10)]",13,0,13
671,"(14, 10)","(14, 11)",South,"[(14, 9) via South]","[(14, 10), (9, 9), (17, 13)]","[(9, 9), (17, 13), (14, 9)]","[(7, 9), (7, 10), (7, 11), (7, 12), (7, 13), (8, 13), (9, 13), (10, 13), (11, 13), (11, 12), (12, 13), (11, 11), (13, 13), (12, 11), (10, 11), (14, 13), (13, 11), (9, 11), (15, 13), (14, 11), (9, 10), (16, 13)]",14,0,14
672,"(9, 9)","(9, 10)",South,"[(9, 8) via South]","[(9, 9), (17, 13), (14, 9)]","[(17, 13), (14, 9), (9, 8)]","[(7, 9), (7, 10), (7, 11), (7, 12), (7, 13), (8, 13), (9, 13), (10, 13), (11, 13), (11, 12), (12, 13), (11, 11), (13, 13), (12, 11), (10, 11), (14, 13), (13, 11), (9, 11), (15, 13), (14, 11), (9, 10), (16, 13), (14, 10)]",14,0,14
673,"(17, 13)","(16, 13)",East,"[(18, 13) via East]","[(17, 13), (14, 9), (9, 8)]","[(14, 9), (9, 8), (18, 13)]","[(7, 9), (7, 10), (7, 11), (7, 12), (7, 13), (8, 13), (9, 13), (10, 13), (11, 13), (11, 12), (12, 13), (11, 11), (13, 13), (12, 11), (10, 11), (14, 13), (13, 11), (9, 11), (15, 13), (14, 11), (9, 10), (16, 13), (14, 10), (9, 9)]",14,0,14
674,"(14, 9)","(14, 10)",South,"[(15, 9) via East, (13, 9) via West]","[(14, 9), (9, 8), (18, 13)]","[(9, 8), (18, 13), (15, 9), (13, 9)]","[(7, 9), (7, 10), (7, 11), (7, 12), (7, 13), (8, 13), (9, 13), (10, 13), (11, 13), (11, 12), (12, 13), (11, 11), (13, 13), (12, 11), (10, 11), (14, 13), (13, 11), (9, 11), (15, 13), (14, 11), (9, 10), (16, 13), (14, 10), (9, 9), (17, 13)]",15,0,15
675,"(9, 8)","(9, 9)",South,"[(9, 7) via South]","[(9, 8), (18, 13), (15, 9), (13, 9)]","[(18, 13), (15, 9), (13, 9), (9, 7)]","[(7, 9), (7, 10), (7, 11), (7, 12), (7, 13), (8, 13), (9, 13), (10, 13), (11, 13), (11, 12), (12, 13), (11, 11), (13, 13), (12, 11), (10, 11), (14, 13), (13, 11), (9, 11), (15, 13), (14, 11), (9, 10), (16, 13), (14, 10), (9, 9), (17, 13), (14, 9)]",15,0,15
676,"(18, 13)","(17, 13)",East,"[(19, 13) via East]","[(18, 13), (15, 9), (13, 9), (9, 7)]","[(15, 9), (13, 9), (9, 7), (19, 13)]","[(7, 9), (7, 10), (7, 11), (7, 12), (7, 13), (8, 13), (9, 13), (10, 13), (11, 13), (11, 12), (12, 13), (11, 11), (13, 13), (12, 11), (10, 11), (14, 13), (13, 11), (9, 11), (15, 13), (14, 11), (9, 10), (16, 13), (14, 10), (9, 9), (17, 13), (14, 9), (9, 8)]",15,0,15
677,"(15, 9)","(14, 9)",East,"[(15, 8) via South, (16, 9) via East]","[(15, 9), (13, 9), (9, 7), (19, 13)]","[(13, 9), (9, 7), (19, 13), (15, 8), (16, 9)]","[(7, 9), (7, 10), (7, 11), (7, 12), (7, 13), (8, 13), (9, 13), (10, 13), (11, 13), (11, 12), (12, 13), (11, 11), (13, 13), (12, 11), (10, 11), (14, 13), (13, 11), (9, 11), (15, 13), (14, 11), (9, 10), (16, 13), (14, 10), (9, 9), (17, 13), (14, 9), (9, 8), (18, 13)]",16,0,16
678,"(13, 9)","(14, 9)",West,"[(12, 9) via West]","[(13, 9), (9, 7), (19, 13), (15, 8), (16, 9)]","[(9, 7), (19, 13), (15, 8), (16, 9), (12, 9)]","[(7, 9), (7, 10), (7, 11), (7, 12), (7, 13), (8, 13), (9, 13), (10, 13), (11, 13), (11, 12), (12, 13), (11, 11), (13, 13), (12, 11), (10, 11), (14, 13), (13, 11), (9, 11), (15, 13), (14, 11), (9, 10), (16, 13), (14, 10), (9, 9), (17, 13), (14, 9), (9, 8), (18, 13), (15, 9)]",16,0,16
679,"(9, 7)","(9, 8)",South,"[(10, 7) via East, (8, 7) via West]","[(9, 7), (19, 13), (15, 8), (16, 9), (12, 9)]","[(19, 13), (15, 8), (16, 9), (12, 9), (10, 7), (8, 7)]","[(7, 9), (7, 10), (7, 11), (7, 12), (7, 13), (8, 13), (9, 13), (10, 13), (11, 13), (11, 12), (12, 13), (11, 11), (13, 13), (12, 11), (10, 11), (14, 13), (13, 11), (9, 11), (15, 13), (14, 11), (9, 10), (16, 13), (14, 10), (9, 9), (17, 13), (14, 9), (9, 8), (18, 13), (15, 9), (13, 9)]",16,0,16
680,"(19, 13)","(18, 13)",East,"[(19, 12) via South, (20, 13) via East]","[(19, 13), (15, 8), (16, 9), (12, 9), (10, 7), (8, 7)]","[(15, 8), (16, 9), (12, 9), (10, 7), (8, 7), (19, 12), (20, 13)]","[(7, 9), (7, 10), (7, 11), (7, 12), (7, 13), (8, 13), (9, 13), (10, 13), (11, 13), (11, 12), (12, 13), (11, 11), (13, 13), (12, 11), (10, 11), (14, 13), (13, 11), (9, 11), (15, 13), (14, 11), (9, 10), (16, 13), (14, 10), (9, 9), (17, 13), (14, 9), (9, 8), (18, 13), (15, 9), (13, 9), (9, 7)]",16,0,16
681,"(15, 8)","(15, 9)",South,"[(15, 7) via South]","[(15, 8), (16, 9), (12, 9), (10, 7), (8, 7), (19, 12), (20, 13)]","[(16, 9), (12, 9), (10, 7), (8, 7), (19, 12), (20, 13), (15, 7)]","[(7, 9), (7, 10), (7, 11), (7, 12), (7, 13), (8, 13), (9, 13), (10, 13), (11, 13), (11, 12), (12, 13), (11, 11), (13, 13), (12, 11), (10, 11), (14, 13), (13, 11), (9, 11), (15, 13), (14, 11), (9, 10), (16, 13), (14, 10), (9, 9), (17, 13), (14, 9), (9, 8), (18, 13), (15, 9), (13, 9), (9, 7), (19, 13)]",17,0,17
682,"(16, 9)","(15, 9)",East,"[(16, 10) via North]","[(16, 9), (12, 9), (10, 7), (8, 7), (19, 12), (20, 13), (15, 7)]","[(12, 9), (10, 7), (8, 7), (19, 12), (20, 13), (15, 7), (16, 10)]","[(7, 9), (7, 10), (7, 11), (7, 12), (7, 13), (8, 13), (9, 13), (10, 13), (11, 13), (11, 12), (12, 13), (11, 11), (13, 13), (12, 11), (10, 11), (14, 13), (13, 11), (9, 11), (15, 13), (14, 11), (9, 10), (16, 13), (14, 10), (9, 9), (17, 13), (14, 9), (9, 8), (18, 13), (15, 9), (13, 9), (9, 7), (19, 13), (15, 8)]",17,0,17
683,"(12, 9)","(13, 9)",West,"[(11, 9) via West]","[(12, 9), (10, 7), (8, 7), (19, 12), (20, 13), (15, 7), (16, 10)]","[(10, 7), (8, 7), (19, 12), (20, 13), (15, 7), (16, 10), (11, 9)]","[(7, 9), (7, 10), (7, 11), (7, 12), (7, 13), (8, 13), (9, 13), (10, 13), (11, 13), (11, 12), (12, 13), (11, 11), (13, 13), (12, 11), (10, 11), (14, 13), (13, 11), (9, 11), (15, 13), (14, 11), (9, 10), (16, 13), (14, 10), (9, 9), (17, 13), (14, 9), (9, 8), (18, 13), (15, 9), (13, 9), (9, 7), (19, 13), (15, 8), (16, 9)]",17,0,17
684,"(10, 7)","(9, 7)",East,"[(11, 7) via East]","[(10, 7), (8, 7), (19, 12), (20, 13), (15, 7), (16, 10), (11, 9)]","[(8, 7), (19, 12), (20, 13), (15, 7), (16, 10), (11, 9), (11, 7)]","[(7, 9), (7, 10), (7, 11), (7, 12), (7, 13), (8, 13), (9, 13), (10, 13), (11, 13), (11, 12), (12, 13), (11, 11), (13, 13), (12, 11), (10, 11), (14, 13), (13, 11), (9, 11), (15, 13), (14, 11), (9, 10), (16, 13), (14, 10), (9, 9), (17, 13), (14, 9), (9, 8), (18, 13), (15, 9), (13, 9), (9, 7), (19, 13), (15, 8), (16, 9), (12, 9)]",17,0,17
685,"(8, 7)","(9, 7)",West,"[(7, 7) via West]","[(8, 7), (19, 12), (20, 13), (15, 7), (16, 10), (11, 9), (11, 7)]","[(19, 12), (20, 13), (15, 7), (16, 10), (11, 9), (11, 7), (7, 7)]","[(7, 9), (7, 10), (7, 11), (7, 12), (7, 13), (8, 13), (9, 13), (10, 13), (11, 13), (11, 12), (12, 13), (11, 11), (13, 13), (12, 11), (10, 11), (14, 13), (13, 11), (9, 11), (15, 13), (14, 11), (9, 10), (16, 13), (14, 10), (9, 9), (17, 13), (14, 9), (9, 8), (18, 13), (15, 9), (13, 9), (9, 7), (19, 13), (15, 8), (16, 9), (12, 9), (10, 7)]",17,0,17
686,"(19, 12)","(19, 13)",South,"[(19, 11) via South]","[(19, 12), (20, 13), (15, 7), (16, 10), (11, 9), (11, 7), (7, 7)]","[(20, 13), (15, 7), (16, 10), (11, 9), (11, 7), (7, 7), (19, 11)]","[(7, 9), (7, 10), (7, 11), (7, 12), (7, 13), (8, 13), (9, 13), (10, 13), (11, 13), (11, 12), (12, 13), (11, 11), (13, 13), (12, 11), (10, 11), (14, 13), (13, 11), (9, 11), (15, 13), (14, 11), (9, 10), (16, 13), (14, 10), (9, 9), (17, 13), (14, 9), (9, 8), (18, 13), (15, 9), (13, 9), (9, 7), (19, 13), (15, 8), (16, 9), (12, 9), (10, 7), (8, 7)]",17,0,17
687,"(20, 13)","(19, 13)",East,"[(21, 13) via East]","[(20, 13), (15, 7), (16, 10), (11, 9), (11, 7), (7, 7), (19, 11)]","[(15, 7), (16, 10), (11, 9), (11, 7), (7, 7), (19, 11), (21, 13)]","[(7, 9), (7, 10), (7, 11), (7, 12), (7, 13), (8, 13), (9, 13), (10, 13), (11, 13), (11, 12), (12, 13), (11, 11), (13, 13), (12, 11), (10, 11), (14, 13), (13, 11), (9, 11), (15, 13), (14, 11), (9, 10), (16, 13), (14, 10), (9, 9), (17, 13), (14, 9), (9, 8), (18, 13), (15, 9), (13, 9), (9, 7), (19, 13), (15, 8), (16, 9), (12, 9), (10, 7), (8, 7), (19, 12)]",17,0,17
688,"(15, 7)","(15, 8)",South,"[(16, 7) via East, (14, 7) via West]","[(15, 7), (16, 10), (11, 9), (11, 7), (7, 7), (19, 11), (21, 13)]","[(16, 10), (11, 9), (11, 7), (7, 7), (19, 11), (21, 13), (16, 7), (14, 7)]","[(7, 9), (7, 10), (7, 11), (7, 12), (7, 13), (8, 13), (9, 13), (10, 13), (11, 13), (11, 12), (12, 13), (11, 11), (13, 13), (12, 11), (10, 11), (14, 13), (13, 11), (9, 11), (15, 13), (14, 11), (9, 10), (16, 13), (14, 10), (9, 9), (17, 13), (14, 9), (9, 8), (18, 13), (15, 9), (13, 9), (9, 7), (19, 13), (15, 8), (16, 9), (12, 9), (10, 7), (8, 7), (19, 12), (20, 13)]",18,0,18
689,"(16, 10)","(16, 9)",North,"[(16, 11) via North]","[(16, 10), (11, 9), (11, 7), (7, 7), (19, 11), (21, 13), (16, 7), (14, 7)]","[(11, 9), (11, 7), (7, 7), (19, 11), (21, 13), (16, 7), (14, 7), (16, 11)]","[(7, 9), (7, 10), (7, 11), (7, 12), (7, 13), (8, 13), (9, 13), (10, 13), (11, 13), (11, 12), (12, 13), (11, 11), (13, 13), (12, 11), (10, 11), (14, 13), (13, 11), (9, 11), (15, 13), (14, 11), (9, 10), (16, 13), (14, 10), (9, 9), (17, 13), (14, 9), (9, 8), (18, 13), (15, 9), (13, 9), (9, 7), (19, 13), (15, 8), (16, 9), (12, 9), (10, 7), (8, 7), (19, 12), (20, 13), (15, 7)]",18,0,18
690,"(11, 9)","(12, 9)",West,"[(11, 8) via South]","[(11, 9), (11, 7), (7, 7), (19, 11), (21, 13), (16, 7), (14, 7), (16, 11)]","[(11, 7), (7, 7), (19, 11), (21, 13), (16, 7), (14, 7), (16, 11), (11, 8)]","[(7, 9), (7, 10), (7, 11), (7, 12), (7, 13), (8, 13), (9, 13), (10, 13), (11, 13), (11, 12), (12, 13), (11, 11), (13, 13), (12, 11), (10, 11), (14, 13), (13, 11), (9, 11), (15, 13), (14, 11), (9, 10), (16, 13), (14, 10), (9, 9), (17, 13), (14, 9), (9, 8), (18, 13), (15, 9), (13, 9), (9, 7), (19, 13), (15, 8), (16, 9), (12, 9), (10, 7), (8, 7), (19, 12), (20, 13), (15, 7), (16, 10)]",18,0,18
691,"(11, 7)","(10, 7)",East,"[(11, 6) via South]","[(11, 7), (7, 7), (19, 11), (21, 13), (16, 7), (14, 7), (16, 11), (11, 8)]","[(7, 7), (19, 11), (21, 13), (16, 7), (14, 7), (16, 11), (11, 8), (11, 6)]","[(7, 9), (7, 10), (7, 11), (7, 12), (7, 13), (8, 13), (9, 13), (10, 13), (11, 13), (11, 12), (12, 13), (11, 11), (13, 13), (12, 11), (10, 11), (14, 13), (13, 11), (9, 11), (15, 13), (14, 11), (9, 10), (16, 13), (14, 10), (9, 9), (17, 13), (14, 9), (9, 8), (18, 13), (15, 9), (13, 9), (9, 7), (19, 13), (15, 8), (16, 9), (12, 9), (10, 7), (8, 7), (19, 12), (20, 13), (15, 7), (16, 10), (11, 9)]",18,0,18
692,"(7, 7)","(8, 7)",West,"[(6, 7) via West]","[(7, 7), (19, 11), (21, 13), (16, 7), (14, 7), (16, 11), (11, 8), (11, 6)]","[(19, 11), (21, 13), (16, 7), (14, 7), (16, 11), (11, 8), (11, 6), (6, 7)]","[(7, 9), (7, 10), (7, 11), (7, 12), (7, 13), (8, 13), (9, 13), (10, 13), (11, 13), (11, 12), (12, 13), (11, 11), (13, 13), (12, 11), (10, 11), (14, 13), (13, 11), (9, 11), (15, 13), (14, 11), (9, 10), (16, 13), (14, 10), (9, 9), (17, 13), (14, 9), (9, 8), (18, 13), (15, 9), (13, 9), (9, 7), (19, 13), (15, 8), (16, 9), (12, 9), (10, 7), (8, 7), (19, 12), (20, 13), (15, 7), (16, 10), (11, 9), (11, 7)]",18,0,18
693,"(19, 11)","(19, 12)",South,"[(20, 11) via East, (18, 11) via West]","[(19, 11), (21, 13), (16, 7), (14, 7), (16, 11), (11, 8), (11, 6), (6, 7)]","[(21, 13), (16, 7), (14, 7), (16, 11), (11, 8), (11, 6), (6, 7), (20, 11), (18, 11)]","[(7, 9), (7, 10), (7, 11), (7, 12), (7, 13), (8, 13), (9, 13), (10, 13), (11, 13), (11, 12), (12, 13), (11, 11), (13, 13), (12, 11), (10, 11), (14, 13), (13, 11), (9, 11), (15, 13), (14, 11), (9, 10), (16, 13), (14, 10), (9, 9), (17, 13), (14, 9), (9, 8), (18, 13), (15, 9), (13, 9), (9, 7), (19, 13), (15, 8), (16, 9), (12, 9), (10, 7), (8, 7), (19, 12), (20, 13), (15, 7), (16, 10), (11, 9), (11, 7), (7, 7)]",18,0,18
694,"(21, 13)","(20, 13)",East,"[(22, 13) via East]","[(21, 13), (16, 7), (14, 7), (16, 11), (11, 8), (11, 6), (6, 7), (20, 11), (18, 11)]","[(16, 7), (14, 7), (16, 11), (11, 8), (11, 6), (6, 7), (20, 11), (18, 11), (22, 13)]","[(7, 9), (7, 10), (7, 11), (7, 12), (7, 13), (8, 13), (9, 13), (10, 13), (11, 13), (11, 12), (12, 13), (11, 11), (13, 13), (12, 11), (10, 11), (14, 13), (13, 11), (9, 11), (15, 13), (14, 11), (9, 10), (16, 13), (14, 10), (9, 9), (17, 13), (14, 9), (9, 8), (18, 13), (15, 9), (13, 9), (9, 7), (19, 13), (15, 8), (16, 9), (12, 9), (10, 7), (8, 7), (19, 12), (20, 13), (15, 7), (16, 10), (11, 9), (11, 7), (7, 7), (19, 11)]",18,0,18
695,"(16, 7)","(15, 7)",East,"[(17, 7) via East]","[(16, 7), (14, 7), (16, 11), (11, 8), (11, 6), (6, 7), (20, 11), (18, 11), (22, 13)]","[(14, 7), (16, 11), (11, 8), (11, 6), (6, 7), (20, 11), (18, 11), (22, 13), (17, 7)]","[(7, 9), (7, 10), (7, 11), (7, 12), (7, 13), (8, 13), (9, 13), (10, 13), (11, 13), (11, 12), (12, 13), (11, 11), (13, 13), (12, 11), (10, 11), (14, 13), (13, 11), (9, 11), (15, 13), (14, 11), (9, 10), (16, 13), (14, 10), (9, 9), (17, 13), (14, 9), (9, 8), (18, 13), (15, 9), (13, 9), (9, 7), (19, 13), (15, 8), (16, 9), (12, 9), (10, 7), (8, 7), (19, 12), (20, 13), (15, 7), (16, 10), (11, 9), (11, 7), (7, 7), (19, 11), (21, 13)]",19,0,19
696,"(14, 7)","(15, 7)",West,"[(13, 7) via West]","[(14, 7), (16, 11), (11, 8), (11, 6), (6, 7), (20, 11), (18, 11), (22, 13), (17, 7)]","[(16, 11), (11, 8), (11, 6), (6, 7), (20, 11), (18, 11), (22, 13), (17, 7), (13, 7)]","[(7, 9), (7, 10), (7, 11), (7, 12), (7, 13), (8, 13), (9, 13), (10, 13), (11, 13), (11, 12), (12, 13), (11, 11), (13, 13), (12, 11), (10, 11), (14, 13), (13, 11), (9, 11), (15, 13), (14, 11), (9, 10), (16, 13), (14, 10), (9, 9), (17, 13), (14, 9), (9, 8), (18, 13), (15, 9), (13, 9), (9, 7), (19, 13), (15, 8), (16, 9), (12, 9), (10, 7), (8, 7), (19, 12), (20, 13), (15, 7), (16, 10), (11, 9), (11, 7), (7, 7), (19, 11), (21, 13), (16, 7)]",19,0,19
697,"(16, 11)","(16, 10)",North,"[(17, 11) via East]","[(16, 11), (11, 8), (11, 6), (6, 7), (20, 11), (18, 11), (22, 13), (17, 7), (13, 7)]","[(11, 8), (11, 6), (6, 7), (20, 11), (18, 11), (22, 13), (17, 7), (13, 7), (17, 11)]","[(7, 9), (7, 10), (7, 11), (7, 12), (7, 13), (8, 13), (9, 13), (10, 13), (11, 13), (11, 12), (12, 13), (11, 11), (13, 13), (12, 11), (10, 11), (14, 13), (13, 11), (9, 11), (15, 13), (14, 11), (9, 10), (16, 13), (14, 10), (9, 9), (17, 13), (14, 9), (9, 8), (18, 13), (15, 9), (13, 9), (9, 7), (19, 13), (15, 8), (16, 9), (12, 9), (10, 7), (8, 7), (19, 12), (20, 13), (15, 7), (16, 10), (11, 9), (11, 7), (7, 7), (19, 11), (21, 13), (16, 7), (14, 7)]",19,0,19
698,"(11, 8)","(11, 9)",South,[],"[(11, 8), (11, 6), (6, 7), (20, 11), (18, 11), (22, 13), (17, 7), (13, 7), (17, 11)]","[(11, 6), (6, 7), (20, 11), (18, 11), (22, 13), (17, 7), (13, 7), (17, 11)]","[(7, 9), (7, 10), (7, 11), (7, 12), (7, 13), (8, 13), (9, 13), (10, 13), (11, 13), (11, 12), (12, 13), (11, 11), (13, 13), (12, 11), (10, 11), (14, 13), (13, 11), (9, 11), (15, 13), (14, 11), (9, 10), (16, 13), (14, 10), (9, 9), (17, 13), (14, 9), (9, 8), (18, 13), (15, 9), (13, 9), (9, 7), (19, 13), (15, 8), (16, 9), (12, 9), (10, 7), (8, 7), (19, 12), (20, 13), (15, 7), (16, 10), (11, 9), (11, 7), (7, 7), (19, 11), (21, 13), (16, 7), (14, 7), (16, 11)]",19,0,19
699,"(11, 6)","(11, 7)",South,"[(11, 5) via South]","[(11, 6), (6, 7), (20, 11), (18, 11), (22, 13), (17, 7), (13, 7), (17, 11)]","[(6, 7), (20, 11), (18, 11), (22, 13), (17, 7), (13, 7), (17, 11), (11, 5)]","[(7, 9), (7, 10), (7, 11), (7, 12), (7, 13), (8, 13), (9, 13), (10, 13), (11, 13), (11, 12), (12, 13), (11, 11), (13, 13), (12, 11), (10, 11), (14, 13), (13, 11), (9, 11), (15, 13), (14, 11), (9, 10), (16, 13), (14, 10), (9, 9), (17, 13), (14, 9), (9, 8), (18, 13), (15, 9), (13, 9), (9, 7), (19, 13), (15, 8), (16, 9), (12, 9), (10, 7), (8, 7), (19, 12), (20, 13), (15, 7), (16, 10), (11, 9), (11, 7), (7, 7), (19, 11), (21, 13), (16, 7), (14, 7), (16, 11), (11, 8)]",19,0,19
700,"(6, 7)","(7, 7)",West,"[(5, 7) via West]","[(6, 7), (20, 11), (18, 11), (22, 13), (17, 7), (13, 7), (17, 11), (11, 5)]","[(20, 11), (18, 11), (22, 13), (17, 7), (13, 7), (17, 11), (11, 5), (5, 7)]","[(7, 9), (7, 10), (7, 11), (7, 12), (7, 13), (8, 13), (9, 13), (10, 13), (11, 13), (11, 12), (12, 13), (11, 11), (13, 13), (12, 11), (10, 11), (14, 13), (13, 11), (9, 11), (15, 13), (14, 11), (9, 10), (16, 13), (14, 10), (9, 9), (17, 13), (14, 9), (9, 8), (18, 13), (15, 9), (13, 9), (9, 7), (19, 13), (15, 8), (16, 9), (12, 9), (10, 7), (8, 7), (19, 12), (20, 13), (15, 7), (16, 10), (11, 9), (11, 7), (7, 7), (19, 11), (21, 13), (16, 7), (14, 7), (16, 11), (11, 8), (11, 6)]",19,0,19
701,"(20, 11)","(19, 11)",East,"[(21, 11) via East]","[(20, 11), (18, 11), (22, 13), (17, 7), (13, 7), (17, 11), (11, 5), (5, 7)]","[(18, 11), (22, 13), (17, 7), (13, 7), (17, 11), (11, 5), (5, 7), (21, 11)]","[(7, 9), (7, 10), (7, 11), (7, 12), (7, 13), (8, 13), (9, 13), (10, 13), (11, 13), (11, 12), (12, 13), (11, 11), (13, 13), (12, 11), (10, 11), (14, 13), (13, 11), (9, 11), (15, 13), (14, 11), (9, 10), (16, 13), (14, 10), (9, 9), (17, 13), (14, 9), (9, 8), (18, 13), (15, 9), (13, 9), (9, 7), (19, 13), (15, 8), (16, 9), (12, 9), (10, 7), (8, 7), (19, 12), (20, 13), (15, 7), (16, 10), (11, 9), (11, 7), (7, 7), (19, 11), (21, 13), (16, 7), (14, 7), (16, 11), (11, 8), (11, 6), (6, 7)]",19,0,19
702,"(18, 11)","(19, 11)",West,[],"[(18, 11), (22, 13), (17, 7), (13, 7), (17, 11), (11, 5), (5, 7), (21, 11)]","[(22, 13), (17, 7), (13, 7), (17, 11), (11, 5), (5, 7), (21, 11)]","[(7, 9), (7, 10), (7, 11), (7, 12), (7, 13), (8, 13), (9, 13), (10, 13), (11, 13), (11, 12), (12, 13), (11, 11), (13, 13), (12, 11), (10, 11), (14, 13), (13, 11), (9, 11), (15, 13), (14, 11), (9, 10), (16, 13), (14, 10), (9, 9), (17, 13), (14, 9), (9, 8), (18, 13), (15, 9), (13, 9), (9, 7), (19, 13), (15, 8), (16, 9), (12, 9), (10, 7), (8, 7), (19, 12), (20, 13), (15, 7), (16, 10), (11, 9), (11, 7), (7, 7), (19, 11), (21, 13), (16, 7), (14, 7), (16, 11), (11, 8), (11, 6), (6, 7), (20, 11)]",19,0,19
703,"(22, 13)","(21, 13)",East,"[(23, 13) via East]","[(22, 13), (17, 7), (13, 7), (17, 11), (11, 5), (5, 7), (21, 11)]","[(17, 7), (13, 7), (17, 11), (11, 5), (5, 7), (21, 11), (23, 13)]","[(7, 9), (7, 10), (7, 11), (7, 12), (7, 13), (8, 13), (9, 13), (10, 13), (11, 13), (11, 12), (12, 13), (11, 11), (13, 13), (12, 11), (10, 11), (14, 13), (13, 11), (9, 11), (15, 13), (14, 11), (9, 10), (16, 13), (14, 10), (9, 9), (17, 13), (14, 9), (9, 8), (18, 13), (15, 9), (13, 9), (9, 7), (19, 13), (15, 8), (16, 9), (12, 9), (10, 7), (8, 7), (19, 12), (20, 13), (15, 7), (16, 10), (11, 9), (11, 7), (7, 7), (19, 11), (21, 13), (16, 7), (14, 7), (16, 11), (11, 8), (11, 6), (6, 7), (20, 11), (18, 11)]",19,0,19
704,"(17, 7)","(16, 7)",East,[],"[(17, 7), (13, 7), (17, 11), (11, 5), (5, 7), (21, 11), (23, 13)]","[(13, 7), (17, 11), (11, 5), (5, 7), (21, 11), (23, 13)]","[(7, 9), (7, 10), (7, 11), (7, 12), (7, 13), (8, 13), (9, 13), (10, 13), (11, 13), (11, 12), (12, 13), (11, 11), (13, 13), (12, 11), (10, 11), (14, 13), (13, 11), (9, 11), (15, 13), (14, 11), (9, 10), (16, 13), (14, 10), (9, 9), (17, 13), (14, 9), (9, 8), (18, 13), (15, 9), (13, 9), (9, 7), (19, 13), (15, 8), (16, 9), (12, 9), (10, 7), (8, 7), (19, 12), (20, 13), (15, 7), (16, 10), (11, 9), (11, 7), (7, 7), (19, 11), (21, 13), (16, 7), (14, 7), (16, 11), (11, 8), (11, 6), (6, 7), (20, 11), (18, 11), (22, 13)]",20,0,20
705,"(13, 7)","(14, 7)",West,[],"[(13, 7), (17, 11), (11, 5), (5, 7), (21, 11), (23, 13)]","[(17, 11), (11, 5), (5, 7), (21, 11), (23, 13)]","[(7, 9), (7, 10), (7, 11), (7, 12), (7, 13), (8, 13), (9, 13), (10, 13), (11, 13), (11, 12), (12, 13), (11, 11), (13, 13), (12, 11), (10, 11), (14, 13), (13, 11), (9, 11), (15, 13), (14, 11), (9, 10), (16, 13), (14, 10), (9, 9), (17, 13), (14, 9), (9, 8), (18, 13), (15, 9), (13, 9), (9, 7), (19, 13), (15, 8), (16, 9), (12, 9), (10, 7), (8, 7), (19, 12), (20, 13), (15, 7), (16, 10), (11, 9), (11, 7), (7, 7), (19, 11), (21, 13), (16, 7), (14, 7), (16, 11), (11, 8), (11, 6), (6, 7), (20, 11), (18, 11), (22, 13), (17, 7)]",20,0,20
706,"(17, 11)","(16, 11)",East,[],"[(17, 11), (11, 5), (5, 7), (21, 11), (23, 13)]","[(11, 5), (5, 7), (21, 11), (23, 13)]","[(7, 9), (7, 10), (7, 11), (7, 12), (7, 13), (8, 13), (9, 13), (10, 13), (11, 13), (11, 12), (12, 13), (11, 11), (13, 13), (12, 11), (10, 11), (14, 13), (13, 11), (9, 11), (15, 13), (14, 11), (9, 10), (16, 13), (14, 10), (9, 9), (17, 13), (14, 9), (9, 8), (18, 13), (15, 9), (13, 9), (9, 7), (19, 13), (15, 8), (16, 9), (12, 9), (10, 7), (8, 7), (19, 12), (20, 13), (15, 7), (16, 10), (11, 9), (11, 7), (7, 7), (19, 11), (21, 13), (16, 7), (14, 7), (16, 11), (11, 8), (11, 6), (6, 7), (20, 11), (18, 11), (22, 13), (17, 7), (13, 7)]",20,0,20
707,"(11, 5)","(11, 6)",South,"[(12, 5) via East]","[(11, 5), (5, 7), (21, 11), (23, 13)]","[(5, 7), (21, 11), (23, 13), (12, 5)]","[(7, 9), (7, 10), (7, 11), (7, 12), (7, 13), (8, 13), (9, 13), (10, 13), (11, 13), (11, 12), (12, 13), (11, 11), (13, 13), (12, 11), (10, 11), (14, 13), (13, 11), (9, 11), (15, 13), (14, 11), (9, 10), (16, 13), (14, 10), (9, 9), (17, 13), (14, 9), (9, 8), (18, 13), (15, 9), (13, 9), (9, 7), (19, 13), (15, 8), (16, 9), (12, 9), (10, 7), (8, 7), (19, 12), (20, 13), (15, 7), (16, 10), (11, 9), (11, 7), (7, 7), (19, 11), (21, 13), (16, 7), (14, 7), (16, 11), (11, 8), (11, 6), (6, 7), (20, 11), (18, 11), (22, 13), (17, 7), (13, 7), (17, 11)]",20,0,20
708,"(5, 7)","(6, 7)",West,"[(5, 8) via North, (5, 6) via South]","[(5, 7), (21, 11), (23, 13), (12, 5)]","[(21, 11), (23, 13), (12, 5), (5, 8), (5, 6)]","[(7, 9), (7, 10), (7, 11), (7, 12), (7, 13), (8, 13), (9, 13), (10, 13), (11, 13), (11, 12), (12, 13), (11, 11), (13, 13), (12, 11), (10, 11), (14, 13), (13, 11), (9, 11), (15, 13), (14, 11), (9, 10), (16, 13), (14, 10), (9, 9), (17, 13), (14, 9), (9, 8), (18, 13), (15, 9), (13, 9), (9, 7), (19, 13), (15, 8), (16, 9), (12, 9), (10, 7), (8, 7), (19, 12), (20, 13), (15, 7), (16, 10), (11, 9), (11, 7), (7, 7), (19, 11), (21, 13), (16, 7), (14, 7), (16, 11), (11, 8), (11, 6), (6, 7), (20, 11), (18, 11), (22, 13), (17, 7), (13, 7), (17, 11), (11, 5)]",20,0,20
709,"(21, 11)","(20, 11)",East,"[(21, 10) via South]","[(21, 11), (23, 13), (12, 5), (5, 8), (5, 6)]","[(23, 13), (12, 5), (5, 8), (5, 6), (21, 10)]","[(7, 9), (7, 10), (7, 11), (7, 12), (7, 13), (8, 13), (9, 13), (10, 13), (11, 13), (11, 12), (12, 13), (11, 11), (13, 13), (12, 11), (10, 11), (14, 13), (13, 11), (9, 11), (15, 13), (14, 11), (9, 10), (16, 13), (14, 10), (9, 9), (17, 13), (14, 9), (9, 8), (18, 13), (15, 9), (13, 9), (9, 7), (19, 13), (15, 8), (16, 9), (12, 9), (10, 7), (8, 7), (19, 12), (20, 13), (15, 7), (16, 10), (11, 9), (11, 7), (7, 7), (19, 11), (21, 13), (16, 7), (14, 7), (16, 11), (11, 8), (11, 6), (6, 7), (20, 11), (18, 11), (22, 13), (17, 7), (13, 7), (17, 11), (11, 5), (5, 7)]",20,0,20
710,"(23, 13)","(22, 13)",East,"[(23, 12) via South]","[(23, 13), (12, 5), (5, 8), (5, 6), (21, 10)]","[(12, 5), (5, 8), (5, 6), (21, 10), (23, 12)]","[(7, 9), (7, 10), (7, 11), (7, 12), (7, 13), (8, 13), (9, 13), (10, 13), (11, 13), (11, 12), (12, 13), (11, 11), (13, 13), (12, 11), (10, 11), (14, 13), (13, 11), (9, 11), (15, 13), (14, 11), (9, 10), (16, 13), (14, 10), (9, 9), (17, 13), (14, 9), (9, 8), (18, 13), (15, 9), (13, 9), (9, 7), (19, 13), (15, 8), (16, 9), (12, 9), (10, 7), (8, 7), (19, 12), (20, 13), (15, 7), (16, 10), (11, 9), (11, 7), (7, 7), (19, 11), (21, 13), (16, 7), (14, 7), (16, 11), (11, 8), (11, 6), (6, 7), (20, 11), (18, 11), (22, 13), (17, 7), (13, 7), (17, 11), (11, 5), (5, 7), (21, 11)]",20,0,20
711,"(12, 5)","(11, 5)",East,"[(13, 5) via East]","[(12, 5), (5, 8), (5, 6), (21, 10), (23, 12)]","[(5, 8), (5, 6), (21, 10), (23, 12), (13, 5)]","[(7, 9), (7, 10), (7, 11), (7, 12), (7, 13), (8, 13), (9, 13), (10, 13), (11, 13), (11, 12), (12, 13), (11, 11), (13, 13), (12, 11), (10, 11), (14, 13), (13, 11), (9, 11), (15, 13), (14, 11), (9, 10), (16, 13), (14, 10), (9, 9), (17, 13), (14, 9), (9, 8), (18, 13), (15, 9), (13, 9), (9, 7), (19, 13), (15, 8), (16, 9), (12, 9), (10, 7), (8, 7), (19, 12), (20, 13), (15, 7), (16, 10), (11, 9), (11, 7), (7, 7), (19, 11), (21, 13), (16, 7), (14, 7), (16, 11), (11, 8), (11, 6), (6, 7), (20, 11), (18, 11), (22, 13), (17, 7), (13, 7), (17, 11), (11, 5), (5, 7), (21, 11), (23, 13)]",21,0,21
712,"(5, 8)","(5, 7)",North,"[(5, 9) via North]","[(5, 8), (5, 6), (21, 10), (23, 12), (13, 5)]","[(5, 6), (21, 10), (23, 12), (13, 5), (5, 9)]","[(7, 9), (7, 10), (7, 11), (7, 12), (7, 13), (8, 13), (9, 13), (10, 13), (11, 13), (11, 12), (12, 13), (11, 11), (13, 13), (12, 11), (10, 11), (14, 13), (13, 11), (9, 11), (15, 13), (14, 11), (9, 10), (16, 13), (14, 10), (9, 9), (17, 13), (14, 9), (9, 8), (18, 13), (15, 9), (13, 9), (9, 7), (19, 13), (15, 8), (16, 9), (12, 9), (10, 7), (8, 7), (19, 12), (20, 13), (15, 7), (16, 10), (11, 9), (11, 7), (7, 7), (19, 11), (21, 13), (16, 7), (14, 7), (16, 11), (11, 8), (11, 6), (6, 7), (20, 11), (18, 11), (22, 13), (17, 7), (13, 7), (17, 11), (11, 5), (5, 7), (21, 11), (23, 13), (12, 5)]",21,0,21
713,"(5, 6)","(5, 7)",South,"[(5, 5) via South]","[(5, 6), (21, 10), (23, 12), (13, 5), (5, 9)]","[(21, 10), (23, 12), (13, 5), (5, 9), (5, 5)]","[(7, 9), (7, 10), (7, 11), (7, 12), (7, 13), (8, 13), (9, 13), (10, 13), (11, 13), (11, 12), (12, 13), (11, 11), (13, 13), (12, 11), (10, 11), (14, 13), (13, 11), (9, 11), (15, 13), (14, 11), (9, 10), (16, 13), (14, 10), (9, 9), (17, 13), (14, 9), (9, 8), (18, 13), (15, 9), (13, 9), (9, 7), (19, 13), (15, 8), (16, 9), (12, 9), (10, 7), (8, 7), (19, 12), (20, 13), (15, 7), (16, 10), (11, 9), (11, 7), (7, 7), (19, 11), (21, 13), (16, 7), (14, 7), (16, 11), (11, 8), (11, 6), (6, 7), (20, 11), (18, 11), (22, 13), (17, 7), (13, 7), (17, 11), (11, 5), (5, 7), (21, 11), (23, 13), (12, 5), (5, 8)]",21,0,21
714,"(21, 10)","(21, 11)",South,"[(21, 9) via South, (22, 10) via East]","[(21, 10), (23, 12), (13, 5), (5, 9), (5, 5)]","[(23, 12), (13, 5), (5, 9), (5, 5), (21, 9), (22, 10)]","[(7, 9), (7, 10), (7, 11), (7, 12), (7, 13), (8, 13), (9, 13), (10, 13), (11, 13), (11, 12), (12, 13), (11, 11), (13, 13), (12, 11), (10, 11), (14, 13), (13, 11), (9, 11), (15, 13), (14, 11), (9, 10), (16, 13), (14, 10), (9, 9), (17, 13), (14, 9), (9, 8), (18, 13), (15, 9), (13, 9), (9, 7), (19, 13), (15, 8), (16, 9), (12, 9), (10, 7), (8, 7), (19, 12), (20, 13), (15, 7), (16, 10), (11, 9), (11, 7), (7, 7), (19, 11), (21, 13), (16, 7), (14, 7), (16, 11), (11, 8), (11, 6), (6, 7), (20, 11), (18, 11), (22, 13), (17, 7), (13, 7), (17, 11), (11, 5), (5, 7), (21, 11), (23, 13), (12, 5), (5, 8), (5, 6)]",21,0,21
715,"(23, 12)","(23, 13)",South,"[(23, 11) via South]","[(23, 12), (13, 5), (5, 9), (5, 5), (21, 9), (22, 10)]","[(13, 5), (5, 9), (5, 5), (21, 9), (22, 10), (23, 11)]","[(7, 9), (7, 10), (7, 11), (7, 12), (7, 13), (8, 13), (9, 13), (10, 13), (11, 13), (11, 12), (12, 13), (11, 11), (13, 13), (12, 11), (10, 11), (14, 13), (13, 11), (9, 11), (15, 13), (14, 11), (9, 10), (16, 13), (14, 10), (9, 9), (17, 13), (14, 9), (9, 8), (18, 13), (15, 9), (13, 9), (9, 7), (19, 13), (15, 8), (16, 9), (12, 9), (10, 7), (8, 7), (19, 12), (20, 13), (15, 7), (16, 10), (11, 9), (11, 7), (7, 7), (19, 11), (21, 13), (16, 7), (14, 7), (16, 11), (11, 8), (11, 6), (6, 7), (20, 11), (18, 11), (22, 13), (17, 7), (13, 7), (17, 11), (11, 5), (5, 7), (21, 11), (23, 13), (12, 5), (5, 8), (5, 6), (21, 10)]",21,0,21
716,"(13, 5)","(12, 5)",East,"[(14, 5) via East]","[(13, 5), (5, 9), (5, 5), (21, 9), (22, 10), (23, 11)]","[(5, 9), (5, 5), (21, 9), (22, 10), (23, 11), (14, 5)]","[(7, 9), (7, 10), (7, 11), (7, 12), (7, 13), (8, 13), (9, 13), (10, 13), (11, 13), (11, 12), (12, 13), (11, 11), (13, 13), (12, 11), (10, 11), (14, 13), (13, 11), (9, 11), (15, 13), (14, 11), (9, 10), (16, 13), (14, 10), (9, 9), (17, 13), (14, 9), (9, 8), (18, 13), (15, 9), (13, 9), (9, 7), (19, 13), (15, 8), (16, 9), (12, 9), (10, 7), (8, 7), (19, 12), (20, 13), (15, 7), (16, 10), (11, 9), (11, 7), (7, 7), (19, 11), (21, 13), (16, 7), (14, 7), (16, 11), (11, 8), (11, 6), (6, 7), (20, 11), (18, 11), (22, 13), (17, 7), (13, 7), (17, 11), (11, 5), (5, 7), (21, 11), (23, 13), (12, 5), (5, 8), (5, 6), (21, 10), (23, 12)]",22,0,22
717,"(5, 9)","(5, 8)",North,[],"[(5, 9), (5, 5), (21, 9), (22, 10), (23, 11), (14, 5)]","[(5, 5), (21, 9), (22, 10), (23, 11), (14, 5)]","[(7, 9), (7, 10), (7, 11), (7, 12), (7, 13), (8, 13), (9, 13), (10, 13), (11, 13), (11, 12), (12, 13), (11, 11), (13, 13), (12, 11), (10, 11), (14, 13), (13, 11), (9, 11), (15, 13), (14, 11), (9, 10), (16, 13), (14, 10), (9, 9), (17, 13), (14, 9), (9, 8), (18, 13), (15, 9), (13, 9), (9, 7), (19, 13), (15, 8), (16, 9), (12, 9), (10, 7), (8, 7), (19, 12), (20, 13), (15, 7), (16, 10), (11, 9), (11, 7), (7, 7), (19, 11), (21, 13), (16, 7), (14, 7), (16, 11), (11, 8), (11, 6), (6, 7), (20, 11), (18, 11), (22, 13), (17, 7), (13, 7), (17, 11), (11, 5), (5, 7), (21, 11), (23, 13), (12, 5), (5, 8), (5, 6), (21, 10), (23, 12), (13, 5)]",22,0,22
718,"(5, 5)","(5, 6)",South,"[(6, 5) via East]","[(5, 5), (21, 9), (22, 10), (23, 11), (14, 5)]","[(21, 9), (22, 10), (23, 11), (14, 5), (6, 5)]","[(7, 9), (7, 10), (7, 11), (7, 12), (7, 13), (8, 13), (9, 13), (10, 13), (11, 13), (11, 12), (12, 13), (11, 11), (13, 13), (12, 11), (10, 11), (14, 13), (13, 11), (9, 11), (15, 13), (14, 11), (9, 10), (16, 13), (14, 10), (9, 9), (17, 13), (14, 9), (9, 8), (18, 13), (15, 9), (13, 9), (9, 7), (19, 13), (15, 8), (16, 9), (12, 9), (10, 7), (8, 7), (19, 12), (20, 13), (15, 7), (16, 10), (11, 9), (11, 7), (7, 7), (19, 11), (21, 13), (16, 7), (14, 7), (16, 11), (11, 8), (11, 6), (6, 7), (20, 11), (18, 11), (22, 13), (17, 7), (13, 7), (17, 11), (11, 5), (5, 7), (21, 11), (23, 13), (12, 5), (5, 8), (5, 6), (21, 10), (23, 12), (13, 5), (5, 9)]",22,0,22
719,"(21, 9)","(21, 10)",South,"[(21, 8) via South]","[(21, 9), (22, 10), (23, 11), (14, 5), (6, 5)]","[(22, 10), (23, 11), (14, 5), (6, 5), (21, 8)]","[(7, 9), (7, 10), (7, 11), (7, 12), (7, 13), (8, 13), (9, 13), (10, 13), (11, 13), (11, 12), (12, 13), (11, 11), (13, 13), (12, 11), (10, 11), (14, 13), (13, 11), (9, 11), (15, 13), (14, 11), (9, 10), (16, 13), (14, 10), (9, 9), (17, 13), (14, 9), (9, 8), (18, 13), (15, 9), (13, 9), (9, 7), (19, 13), (15, 8), (16, 9), (12, 9), (10, 7), (8, 7), (19, 12), (20, 13), (15, 7), (16, 10), (11, 9), (11, 7), (7, 7), (19, 11), (21, 13), (16, 7), (14, 7), (16, 11), (11, 8), (11, 6), (6, 7), (20, 11), (18, 11), (22, 13), (17, 7), (13, 7), (17, 11), (11, 5), (5, 7), (21, 11), (23, 13), (12, 5), (5, 8), (5, 6), (21, 10), (23, 12), (13, 5), (5, 9), (5, 5)]",22,0,22
