iteration,expanded_state,parent,action,generated_successors,frontier_before,frontier_after,explored,g,h,f
1,"(15, 1)",,,"[(16, 1) via East, (14, 1) via West]","[(15, 1)]","[(16, 1), (14, 1)]",[],0,0,0
2,"(16, 1)","(15, 1)",East,[],"[(16, 1), (14, 1)]","[(14, 1)]","[(15, 1)]",1,0,1
3,"(16, 1)",,,"[(17, 1) via East, (15, 1) via West]","[(16, 1)]","[(17, 1), (15, 1)]",[],0,0,0
4,"(17, 1)","(16, 1)",East,[],"[(17, 1), (15, 1)]","[(15, 1)]","[(16, 1)]",1,0,1
5,"(17, 1)",,,"[(18, 1) via East, (16, 1) via West]","[(17, 1)]","[(18, 1), (16, 1)]",[],0,0,0
6,"(18, 1)","(17, 1)",East,[],"[(18, 1), (16, 1)]","[(16, 1)]","[(17, 1)]",1,0,1
7,"(18, 1)",,,"[(19, 1) via East, (17, 1) via West]","[(18, 1)]","[(19, 1), (17, 1)]",[],0,0,0
8,"(19, 1)","(18, 1)",East,[],"[(19, 1), (17, 1)]","[(17, 1)]","[(18, 1)]",1,0,1
9,"(19, 1)",,,"[(19, 2) via North, (18, 1) via West]","[(19, 1)]","[(19, 2), (18, 1)]",[],0,0,0
10,"(19, 2)","(19, 1)",North,[],"[(19, 2), (18, 1)]","[(18, 1)]","[(19, 1)]",1,0,1
11,"(19, 2)",,,"[(19, 3) via North, (19, 1) via South]","[(19, 2)]","[(19, 3), (19, 1)]",[],0,0,0
12,"(19, 3)","(19, 2)",North,[],"[(19, 3), (19, 1)]","[(19, 1)]","[(19, 2)]",1,0,1
13,"(19, 3)",,,"[(19, 2) via South, (20, 3) via East, (18, 3) via West]","[(19, 3)]","[(19, 2), (20, 3), (18, 3)]",[],0,0,0
14,"(19, 2)","(19, 3)",South,"[(19, 1) via South]","[(19, 2), (20, 3), (18, 3)]","[(20, 3), (18, 3), (19, 1)]","[(19, 3)]",1,0,1
15,"(20, 3)","(19, 3)",East,[],"[(20, 3), (18, 3), (19, 1)]","[(18, 3), (19, 1)]","[(19, 3), (19, 2)]",1,0,1
16,"(20, 3)",,,"[(21, 3) via East, (19, 3) via West]","[(20, 3)]","[(21, 3), (19, 3)]",[],0,0,0
17,"(21, 3)","(20, 3)",East,[],"[(21, 3), (19, 3)]","[(19, 3)]","[(20, 3)]",1,0,1
18,"(21, 3)",,,"[(21, 4) via North, (20, 3) via West]","[(21, 3)]","[(21, 4), (20, 3)]",[],0,0,0
19,"(21, 4)","(21, 3)",North,[],"[(21, 4), (20, 3)]","[(20, 3)]","[(21, 3)]",1,0,1
20,"(21, 4)",,,"[(21, 5) via North, (21, 3) via South]","[(21, 4)]","[(21, 5), (21, 3)]",[],0,0,0
21,"(21, 5)","(21, 4)",North,[],"[(21, 5), (21, 3)]","[(21, 3)]","[(21, 4)]",1,0,1
22,"(21, 5)",,,"[(21, 6) via North, (21, 4) via South]","[(21, 5)]","[(21, 6), (21, 4)]",[],0,0,0
23,"(21, 6)","(21, 5)",North,[],"[(21, 6), (21, 4)]","[(21, 4)]","[(21, 5)]",1,0,1
24,"(21, 6)",,,"[(21, 7) via North, (21, 5) via South]","[(21, 6)]","[(21, 7), (21, 5)]",[],0,0,0
25,"(21, 7)","(21, 6)",North,[],"[(21, 7), (21, 5)]","[(21, 5)]","[(21, 6)]",1,0,1
26,"(21, 7)",,,"[(21, 8) via North, (21, 6) via South, (22, 7) via East, (20, 7) via West]","[(21, 7)]","[(21, 8), (21, 6), (22, 7), (20, 7)]",[],0,0,0
27,"(21, 8)","(21, 7)",North,[],"[(21, 8), (21, 6), (22, 7), (20, 7)]","[(21, 6), (22, 7), (20, 7)]","[(21, 7)]",1,0,1
28,"(21, 8)",,,"[(21, 9) via North, (21, 7) via South]","[(21, 8)]","[(21, 9), (21, 7)]",[],0,0,0
29,"(21, 9)","(21, 8)",North,[],"[(21, 9), (21, 7)]","[(21, 7)]","[(21, 8)]",1,0,1
30,"(21, 9)",,,"[(21, 10) via North, (21, 8) via South]","[(21, 9)]","[(21, 10), (21, 8)]",[],0,0,0
31,"(21, 10)","(21, 9)",North,[],"[(21, 10), (21, 8)]","[(21, 8)]","[(21, 9)]",1,0,1
32,"(21, 10)",,,"[(21, 11) via North, (21, 9) via South, (22, 10) via East]","[(21, 10)]","[(21, 11), (21, 9), (22, 10)]",[],0,0,0
33,"(21, 11)","(21, 10)",North,[],"[(21, 11), (21, 9), (22, 10)]","[(21, 9), (22, 10)]","[(21, 10)]",1,0,1
34,"(21, 11)",,,"[(21, 10) via South, (20, 11) via West]","[(21, 11)]","[(21, 10), (20, 11)]",[],0,0,0
35,"(21, 10)","(21, 11)",South,"[(21, 9) via South, (22, 10) via East]","[(21, 10), (20, 11)]","[(20, 11), (21, 9), (22, 10)]","[(21, 11)]",1,0,1
36,"(20, 11)","(21, 11)",West,[],"[(20, 11), (21, 9), (22, 10)]","[(21, 9), (22, 10)]","[(21, 11), (21, 10)]",1,0,1
37,"(20, 11)",,,"[(21, 11) via East, (19, 11) via West]","[(20, 11)]","[(21, 11), (19, 11)]",[],0,0,0
38,"(21, 11)","(20, 11)",East,"[(21, 10) via South]","[(21, 11), (19, 11)]","[(19, 11), (21, 10)]","[(20, 11)]",1,0,1
39,"(19, 11)","(20, 11)",West,[],"[(19, 11), (21, 10)]","[(21, 10)]","[(20, 11), (21, 11)]",1,0,1
40,"(19, 11)",,,"[(19, 12) via North, (20, 11) via East, (18, 11) via West]","[(19, 11)]","[(19, 12), (20, 11), (18, 11)]",[],0,0,0
41,"(19, 12)","(19, 11)",North,[],"[(19, 12), (20, 11), (18, 11)]","[(20, 11), (18, 11)]","[(19, 11)]",1,0,1
42,"(19, 12)",,,"[(19, 13) via North, (19, 11) via South]","[(19, 12)]","[(19, 13), (19, 11)]",[],0,0,0
43,"(19, 13)","(19, 12)",North,[],"[(19, 13), (19, 11)]","[(19, 11)]","[(19, 12)]",1,0,1
44,"(19, 13)",,,"[(19, 12) via South, (20, 13) via East, (18, 13) via West]","[(19, 13)]","[(19, 12), (20, 13), (18, 13)]",[],0,0,0
45,"(19, 12)","(19, 13)",South,"[(19, 11) via South]","[(19, 12), (20, 13), (18, 13)]","[(20, 13), (18, 13), (19, 11)]","[(19, 13)]",1,0,1
46,"(20, 13)","(19, 13)",East,[],"[(20, 13), (18, 13), (19, 11)]","[(18, 13), (19, 11)]","[(19, 13), (19, 12)]",1,0,1
47,"(20, 13)",,,"[(21, 13) via East, (19, 13) via West]","[(20, 13)]","[(21, 13), (19, 13)]",[],0,0,0
48,"(21, 13)","(20, 13)",East,[],"[(21, 13), (19, 13)]","[(19, 13)]","[(20, 13)]",1,0,1
49,"(21, 13)",,,"[(22, 13) via East, (20, 13) via West]","[(21, 13)]","[(22, 13), (20, 13)]",[],0,0,0
50,"(22, 13)","(21, 13)",East,[],"[(22, 13), (20, 13)]","[(20, 13)]","[(21, 13)]",1,0,1
51,"(22, 13)",,,"[(23, 13) via East, (21, 13) via West]","[(22, 13)]","[(23, 13), (21, 13)]",[],0,0,0
52,"(23, 13)","(22, 13)",East,[],"[(23, 13), (21, 13)]","[(21, 13)]","[(22, 13)]",1,0,1
53,"(23, 13)",,,"[(23, 12) via South, (22, 13) via West]","[(23, 13)]","[(23, 12), (22, 13)]",[],0,0,0
54,"(23, 12)","(23, 13)",South,[],"[(23, 12), (22, 13)]","[(22, 13)]","[(23, 13)]",1,0,1
55,"(23, 12)",,,"[(23, 13) via North, (23, 11) via South]","[(23, 12)]","[(23, 13), (23, 11)]",[],0,0,0
56,"(23, 13)","(23, 12)",North,"[(22, 13) via West]","[(23, 13), (23, 11)]","[(23, 11), (22, 13)]","[(23, 12)]",1,0,1
57,"(23, 11)","(23, 12)",South,[],"[(23, 11), (22, 13)]","[(22, 13)]","[(23, 12), (23, 13)]",1,0,1
58,"(23, 11)",,,"[(23, 12) via North, (23, 10) via South]","[(23, 11)]","[(23, 12), (23, 10)]",[],0,0,0
59,"(23, 12)","(23, 11)",North,"[(23, 13) via North]","[(23, 12), (23, 10)]","[(23, 10), (23, 13)]","[(23, 11)]",1,0,1
60,"(23, 10)","(23, 11)",South,[],"[(23, 10), (23, 13)]","[(23, 13)]","[(23, 11), (23, 12)]",1,0,1
61,"(23, 10)",,,"[(23, 11) via North, (23, 9) via South, (22, 10) via West]","[(23, 10)]","[(23, 11), (23, 9), (22, 10)]",[],0,0,0
62,"(23, 11)","(23, 10)",North,"[(23, 12) via North]","[(23, 11), (23, 9), (22, 10)]","[(23, 9), (22, 10), (23, 12)]","[(23, 10)]",1,0,1
63,"(23, 9)","(23, 10)",South,[],"[(23, 9), (22, 10), (23, 12)]","[(22, 10), (23, 12)]","[(23, 10), (23, 11)]",1,0,1
64,"(23, 9)",,,"[(23, 10) via North, (24, 9) via East]","[(23, 9)]","[(23, 10), (24, 9)]",[],0,0,0
65,"(23, 10)","(23, 9)",North,"[(23, 11) via North, (22, 10) via West]","[(23, 10), (24, 9)]","[(24, 9), (23, 11), (22, 10)]","[(23, 9)]",1,0,1
66,"(24, 9)","(23, 9)",East,[],"[(24, 9), (23, 11), (22, 10)]","[(23, 11), (22, 10)]","[(23, 9), (23, 10)]",1,0,1
67,"(24, 9)",,,"[(25, 9) via East, (23, 9) via West]","[(24, 9)]","[(25, 9), (23, 9)]",[],0,0,0
68,"(25, 9)","(24, 9)",East,[],"[(25, 9), (23, 9)]","[(23, 9)]","[(24, 9)]",1,0,1
69,"(25, 9)",,,"[(25, 8) via South, (24, 9) via West]","[(25, 9)]","[(25, 8), (24, 9)]",[],0,0,0
70,"(25, 8)","(25, 9)",South,[],"[(25, 8), (24, 9)]","[(24, 9)]","[(25, 9)]",1,0,1
71,"(25, 8)",,,"[(25, 9) via North, (25, 7) via South]","[(25, 8)]","[(25, 9), (25, 7)]",[],0,0,0
72,"(25, 9)","(25, 8)",North,"[(24, 9) via West]","[(25, 9), (25, 7)]","[(25, 7), (24, 9)]","[(25, 8)]",1,0,1
73,"(25, 7)","(25, 8)",South,[],"[(25, 7), (24, 9)]","[(24, 9)]","[(25, 8), (25, 9)]",1,0,1
74,"(25, 7)",,,"[(25, 8) via North, (25, 6) via South, (24, 7) via West]","[(25, 7)]","[(25, 8), (25, 6), (24, 7)]",[],0,0,0
75,"(25, 8)","(25, 7)",North,"[(25, 9) via North]","[(25, 8), (25, 6), (24, 7)]","[(25, 6), (24, 7), (25, 9)]","[(25, 7)]",1,0,1
76,"(25, 6)","(25, 7)",South,[],"[(25, 6), (24, 7), (25, 9)]","[(24, 7), (25, 9)]","[(25, 7), (25, 8)]",1,0,1
77,"(25, 6)",,,"[(25, 7) via North, (25, 5) via South]","[(25, 6)]","[(25, 7), (25, 5)]",[],0,0,0
78,"(25, 7)","(25, 6)",North,"[(25, 8) via North, (24, 7) via West]","[(25, 7), (25, 5)]","[(25, 5), (25, 8), (24, 7)]","[(25, 6)]",1,0,1
79,"(25, 5)","(25, 6)",South,[],"[(25, 5), (25, 8), (24, 7)]","[(25, 8), (24, 7)]","[(25, 6), (25, 7)]",1,0,1
80,"(25, 5)",,,"[(25, 6) via North, (24, 5) via West]","[(25, 5)]","[(25, 6), (24, 5)]",[],0,0,0
81,"(25, 6)","(25, 5)",North,"[(25, 7) via North]","[(25, 6), (24, 5)]","[(24, 5), (25, 7)]","[(25, 5)]",1,0,1
82,"(24, 5)","(25, 5)",West,[],"[(24, 5), (25, 7)]","[(25, 7)]","[(25, 5), (25, 6)]",1,0,1
83,"(24, 5)",,,"[(25, 5) via East, (23, 5) via West]","[(24, 5)]","[(25, 5), (23, 5)]",[],0,0,0
84,"(25, 5)","(24, 5)",East,"[(25, 6) via North]","[(25, 5), (23, 5)]","[(23, 5), (25, 6)]","[(24, 5)]",1,0,1
85,"(23, 5)","(24, 5)",West,[],"[(23, 5), (25, 6)]","[(25, 6)]","[(24, 5), (25, 5)]",1,0,1
86,"(23, 5)",,,"[(23, 4) via South, (24, 5) via East]","[(23, 5)]","[(23, 4), (24, 5)]",[],0,0,0
87,"(23, 4)","(23, 5)",South,[],"[(23, 4), (24, 5)]","[(24, 5)]","[(23, 5)]",1,0,1
88,"(23, 4)",,,"[(23, 5) via North, (23, 3) via South]","[(23, 4)]","[(23, 5), (23, 3)]",[],0,0,0
89,"(23, 5)","(23, 4)",North,"[(24, 5) via East]","[(23, 5), (23, 3)]","[(23, 3), (24, 5)]","[(23, 4)]",1,0,1
90,"(23, 3)","(23, 4)",South,[],"[(23, 3), (24, 5)]","[(24, 5)]","[(23, 4), (23, 5)]",1,0,1
91,"(23, 3)",,,"[(23, 4) via North, (23, 2) via South, (24, 3) via East]","[(23, 3)]","[(23, 4), (23, 2), (24, 3)]",[],0,0,0
92,"(23, 4)","(23, 3)",North,"[(23, 5) via North]","[(23, 4), (23, 2), (24, 3)]","[(23, 2), (24, 3), (23, 5)]","[(23, 3)]",1,0,1
93,"(23, 2)","(23, 3)",South,[],"[(23, 2), (24, 3), (23, 5)]","[(24, 3), (23, 5)]","[(23, 3), (23, 4)]",1,0,1
94,"(23, 2)",,,"[(23, 3) via North, (23, 1) via South]","[(23, 2)]","[(23, 3), (23, 1)]",[],0,0,0
95,"(23, 3)","(23, 2)",North,"[(23, 4) via North, (24, 3) via East]","[(23, 3), (23, 1)]","[(23, 1), (23, 4), (24, 3)]","[(23, 2)]",1,0,1
96,"(23, 1)","(23, 2)",South,[],"[(23, 1), (23, 4), (24, 3)]","[(23, 4), (24, 3)]","[(23, 2), (23, 3)]",1,0,1
97,"(23, 1)",,,"[(23, 2) via North, (22, 1) via West]","[(23, 1)]","[(23, 2), (22, 1)]",[],0,0,0
98,"(23, 2)","(23, 1)",North,"[(23, 3) via North]","[(23, 2), (22, 1)]","[(22, 1), (23, 3)]","[(23, 1)]",1,0,1
99,"(22, 1)","(23, 1)",West,[],"[(22, 1), (23, 3)]","[(23, 3)]","[(23, 1), (23, 2)]",1,0,1
100,"(22, 1)",,,"[(23, 1) via East, (21, 1) via West]","[(22, 1)]","[(23, 1), (21, 1)]",[],0,0,0
101,"(23, 1)","(22, 1)",East,"[(23, 2) via North]","[(23, 1), (21, 1)]","[(21, 1), (23, 2)]","[(22, 1)]",1,0,1
102,"(21, 1)","(22, 1)",West,[],"[(21, 1), (23, 2)]","[(23, 2)]","[(22, 1), (23, 1)]",1,0,1
103,"(21, 1)",,,"[(22, 1) via East]","[(21, 1)]","[(22, 1)]",[],0,0,0
104,"(22, 1)","(21, 1)",East,"[(23, 1) via East]","[(22, 1)]","[(23, 1)]","[(21, 1)]",1,0,1
105,"(23, 1)","(22, 1)",East,"[(23, 2) via North]","[(23, 1)]","[(23, 2)]","[(21, 1), (22, 1)]",2,0,2
106,"(23, 2)","(23, 1)",North,"[(23, 3) via North]","[(23, 2)]","[(23, 3)]","[(21, 1), (22, 1), (23, 1)]",3,0,3
107,"(23, 3)","(23, 2)",North,"[(23, 4) via North, (24, 3) via East]","[(23, 3)]","[(23, 4), (24, 3)]","[(21, 1), (22, 1), (23, 1), (23, 2)]",4,0,4
108,"(23, 4)","(23, 3)",North,"[(23, 5) via North]","[(23, 4), (24, 3)]","[(24, 3), (23, 5)]","[(21, 1), (22, 1), (23, 1), (23, 2), (23, 3)]",5,0,5
109,"(24, 3)","(23, 3)",East,[],"[(24, 3), (23, 5)]","[(23, 5)]","[(21, 1), (22, 1), (23, 1), (23, 2), (23, 3), (23, 4)]",5,0,5
110,"(24, 3)",,,"[(25, 3) via East, (23, 3) via West]","[(24, 3)]","[(25, 3), (23, 3)]",[],0,0,0
111,"(25, 3)","(24, 3)",East,[],"[(25, 3), (23, 3)]","[(23, 3)]","[(24, 3)]",1,0,1
112,"(25, 3)",,,"[(25, 2) via South, (26, 3) via East, (24, 3) via West]","[(25, 3)]","[(25, 2), (26, 3), (24, 3)]",[],0,0,0
113,"(25, 2)","(25, 3)",South,[],"[(25, 2), (26, 3), (24, 3)]","[(26, 3), (24, 3)]","[(25, 3)]",1,0,1
114,"(25, 2)",,,"[(25, 3) via North, (25, 1) via South]","[(25, 2)]","[(25, 3), (25, 1)]",[],0,0,0
115,"(25, 3)","(25, 2)",North,"[(26, 3) via East, (24, 3) via West]","[(25, 3), (25, 1)]","[(25, 1), (26, 3), (24, 3)]","[(25, 2)]",1,0,1
116,"(25, 1)","(25, 2)",South,[],"[(25, 1), (26, 3), (24, 3)]","[(26, 3), (24, 3)]","[(25, 2), (25, 3)]",1,0,1
117,"(25, 1)",,,"[(25, 2) via North, (26, 1) via East]","[(25, 1)]","[(25, 2), (26, 1)]",[],0,0,0
118,"(25, 2)","(25, 1)",North,"[(25, 3) via North]","[(25, 2), (26, 1)]","[(26, 1), (25, 3)]","[(25, 1)]",1,0,1
119,"(26, 1)","(25, 1)",East,[],"[(26, 1), (25, 3)]","[(25, 3)]","[(25, 1), (25, 2)]",1,0,1
120,"(26, 1)",,,"[(27, 1) via East, (25, 1) via West]","[(26, 1)]","[(27, 1), (25, 1)]",[],0,0,0
121,"(27, 1)","(26, 1)",East,[],"[(27, 1), (25, 1)]","[(25, 1)]","[(26, 1)]",1,0,1
122,"(27, 1)",,,"[(28, 1) via East, (26, 1) via West]","[(27, 1)]","[(28, 1), (26, 1)]",[],0,0,0
123,"(28, 1)","(27, 1)",East,[],"[(28, 1), (26, 1)]","[(26, 1)]","[(27, 1)]",1,0,1
124,"(28, 1)",,,"[(29, 1) via East, (27, 1) via West]","[(28, 1)]","[(29, 1), (27, 1)]",[],0,0,0
125,"(29, 1)","(28, 1)",East,[],"[(29, 1), (27, 1)]","[(27, 1)]","[(28, 1)]",1,0,1
126,"(29, 1)",,,"[(29, 2) via North, (28, 1) via West]","[(29, 1)]","[(29, 2), (28, 1)]",[],0,0,0
127,"(29, 2)","(29, 1)",North,[],"[(29, 2), (28, 1)]","[(28, 1)]","[(29, 1)]",1,0,1
128,"(29, 2)",,,"[(29, 3) via North, (29, 1) via South]","[(29, 2)]","[(29, 3), (29, 1)]",[],0,0,0
129,"(29, 3)","(29, 2)",North,[],"[(29, 3), (29, 1)]","[(29, 1)]","[(29, 2)]",1,0,1
130,"(29, 3)",,,"[(29, 4) via North, (29, 2) via South]","[(29, 3)]","[(29, 4), (29, 2)]",[],0,0,0
131,"(29, 4)","(29, 3)",North,[],"[(29, 4), (29, 2)]","[(29, 2)]","[(29, 3)]",1,0,1
132,"(29, 4)",,,"[(29, 3) via South, (28, 4) via West]","[(29, 4)]","[(29, 3), (28, 4)]",[],0,0,0
133,"(29, 3)","(29, 4)",South,"[(29, 2) via South]","[(29, 3), (28, 4)]","[(28, 4), (29, 2)]","[(29, 4)]",1,0,1
134,"(28, 4)","(29, 4)",West,[],"[(28, 4), (29, 2)]","[(29, 2)]","[(29, 4), (29, 3)]",1,0,1
135,"(28, 4)",,,"[(29, 4) via East, (27, 4) via West]","[(28, 4)]","[(29, 4), (27, 4)]",[],0,0,0
136,"(29, 4)","(28, 4)",East,"[(29, 3) via South]","[(29, 4), (27, 4)]","[(27, 4), (29, 3)]","[(28, 4)]",1,0,1
137,"(27, 4)","(28, 4)",West,[],"[(27, 4), (29, 3)]","[(29, 3)]","[(28, 4), (29, 4)]",1,0,1
138,"(27, 4)",,,"[(27, 5) via North, (27, 3) via South, (28, 4) via East]","[(27, 4)]","[(27, 5), (27, 3), (28, 4)]",[],0,0,0
139,"(27, 5)","(27, 4)",North,[],"[(27, 5), (27, 3), (28, 4)]","[(27, 3), (28, 4)]","[(27, 4)]",1,0,1
140,"(27, 5)",,,"[(27, 6) via North, (27, 4) via South]","[(27, 5)]","[(27, 6), (27, 4)]",[],0,0,0
141,"(27, 6)","(27, 5)",North,[],"[(27, 6), (27, 4)]","[(27, 4)]","[(27, 5)]",1,0,1
142,"(27, 6)",,,"[(27, 5) via South, (28, 6) via East]","[(27, 6)]","[(27, 5), (28, 6)]",[],0,0,0
143,"(27, 5)","(27, 6)",South,"[(27, 4) via South]","[(27, 5), (28, 6)]","[(28, 6), (27, 4)]","[(27, 6)]",1,0,1
144,"(28, 6)","(27, 6)",East,[],"[(28, 6), (27, 4)]","[(27, 4)]","[(27, 6), (27, 5)]",1,0,1
145,"(28, 6)",,,"[(29, 6) via East, (27, 6) via West]","[(28, 6)]","[(29, 6), (27, 6)]",[],0,0,0
146,"(29, 6)","(28, 6)",East,[],"[(29, 6), (27, 6)]","[(27, 6)]","[(28, 6)]",1,0,1
147,"(29, 6)",,,"[(29, 7) via North, (28, 6) via West]","[(29, 6)]","[(29, 7), (28, 6)]",[],0,0,0
148,"(29, 7)","(29, 6)",North,[],"[(29, 7), (28, 6)]","[(28, 6)]","[(29, 6)]",1,0,1
149,"(29, 7)",,,"[(29, 8) via North, (29, 6) via South]","[(29, 7)]","[(29, 8), (29, 6)]",[],0,0,0
150,"(29, 8)","(29, 7)",North,[],"[(29, 8), (29, 6)]","[(29, 6)]","[(29, 7)]",1,0,1
151,"(29, 8)",,,"[(29, 7) via South, (28, 8) via West]","[(29, 8)]","[(29, 7), (28, 8)]",[],0,0,0
152,"(29, 7)","(29, 8)",South,"[(29, 6) via South]","[(29, 7), (28, 8)]","[(28, 8), (29, 6)]","[(29, 8)]",1,0,1
153,"(28, 8)","(29, 8)",West,[],"[(28, 8), (29, 6)]","[(29, 6)]","[(29, 8), (29, 7)]",1,0,1
154,"(28, 8)",,,"[(29, 8) via East, (27, 8) via West]","[(28, 8)]","[(29, 8), (27, 8)]",[],0,0,0
155,"(29, 8)","(28, 8)",East,"[(29, 7) via South]","[(29, 8), (27, 8)]","[(27, 8), (29, 7)]","[(28, 8)]",1,0,1
156,"(27, 8)","(28, 8)",West,[],"[(27, 8), (29, 7)]","[(29, 7)]","[(28, 8), (29, 8)]",1,0,1
157,"(27, 8)",,,"[(27, 9) via North, (28, 8) via East]","[(27, 8)]","[(27, 9), (28, 8)]",[],0,0,0
158,"(27, 9)","(27, 8)",North,[],"[(27, 9), (28, 8)]","[(28, 8)]","[(27, 8)]",1,0,1
159,"(27, 9)",,,"[(27, 10) via North, (27, 8) via South]","[(27, 9)]","[(27, 10), (27, 8)]",[],0,0,0
160,"(27, 10)","(27, 9)",North,[],"[(27, 10), (27, 8)]","[(27, 8)]","[(27, 9)]",1,0,1
161,"(27, 10)",,,"[(27, 11) via North, (27, 9) via South, (28, 10) via East]","[(27, 10)]","[(27, 11), (27, 9), (28, 10)]",[],0,0,0
162,"(27, 11)","(27, 10)",North,[],"[(27, 11), (27, 9), (28, 10)]","[(27, 9), (28, 10)]","[(27, 10)]",1,0,1
163,"(27, 11)",,,"[(27, 12) via North, (27, 10) via South, (28, 11) via East, (26, 11) via West]","[(27, 11)]","[(27, 12), (27, 10), (28, 11), (26, 11)]",[],0,0,0
164,"(27, 12)","(27, 11)",North,[],"[(27, 12), (27, 10), (28, 11), (26, 11)]","[(27, 10), (28, 11), (26, 11)]","[(27, 11)]",1,0,1
165,"(27, 12)",,,"[(27, 13) via North, (27, 11) via South, (28, 12) via East, (26, 12) via West]","[(27, 12)]","[(27, 13), (27, 11), (28, 12), (26, 12)]",[],0,0,0
166,"(27, 13)","(27, 12)",North,[],"[(27, 13), (27, 11), (28, 12), (26, 12)]","[(27, 11), (28, 12), (26, 12)]","[(27, 12)]",1,0,1
167,"(27, 13)",,,"[(27, 12) via South, (28, 13) via East, (26, 13) via West]","[(27, 13)]","[(27, 12), (28, 13), (26, 13)]",[],0,0,0
168,"(27, 12)","(27, 13)",South,"[(27, 11) via South, (28, 12) via East, (26, 12) via West]","[(27, 12), (28, 13), (26, 13)]","[(28, 13), (26, 13), (27, 11), (28, 12), (26, 12)]","[(27, 13)]",1,0,1
169,"(28, 13)","(27, 13)",East,[],"[(28, 13), (26, 13), (27, 11), (28, 12), (26, 12)]","[(26, 13), (27, 11), (28, 12), (26, 12)]","[(27, 13), (27, 12)]",1,0,1
170,"(28, 13)",,,"[(28, 12) via South, (29, 13) via East, (27, 13) via West]","[(28, 13)]","[(28, 12), (29, 13), (27, 13)]",[],0,0,0
171,"(28, 12)","(28, 13)",South,[],"[(28, 12), (29, 13), (27, 13)]","[(29, 13), (27, 13)]","[(28, 13)]",1,0,1
172,"(28, 12)",,,"[(28, 13) via North, (28, 11) via South, (29, 12) via East, (27, 12) via West]","[(28, 12)]","[(28, 13), (28, 11), (29, 12), (27, 12)]",[],0,0,0
173,"(28, 13)","(28, 12)",North,"[(29, 13) via East, (27, 13) via West]","[(28, 13), (28, 11), (29, 12), (27, 12)]","[(28, 11), (29, 12), (27, 12), (29, 13), (27, 13)]","[(28, 12)]",1,0,1
174,"(28, 11)","(28, 12)",South,[],"[(28, 11), (29, 12), (27, 12), (29, 13), (27, 13)]","[(29, 12), (27, 12), (29, 13), (27, 13)]","[(28, 12), (28, 13)]",1,0,1
175,"(28, 11)",,,"[(28, 12) via North, (28, 10) via South, (29, 11) via East, (27, 11) via West]","[(28, 11)]","[(28, 12), (28, 10), (29, 11), (27, 11)]",[],0,0,0
176,"(28, 12)","(28, 11)",North,"[(28, 13) via North, (29, 12) via East, (27, 12) via West]","[(28, 12), (28, 10), (29, 11), (27, 11)]","[(28, 10), (29, 11), (27, 11), (28, 13), (29, 12), (27, 12)]","[(28, 11)]",1,0,1
177,"(28, 10)","(28, 11)",South,[],"[(28, 10), (29, 11), (27, 11), (28, 13), (29, 12), (27, 12)]","[(29, 11), (27, 11), (28, 13), (29, 12), (27, 12)]","[(28, 11), (28, 12)]",1,0,1
178,"(28, 10)",,,"[(28, 11) via North, (29, 10) via East, (27, 10) via West]","[(28, 10)]","[(28, 11), (29, 10), (27, 10)]",[],0,0,0
179,"(28, 11)","(28, 10)",North,"[(28, 12) via North, (29, 11) via East, (27, 11) via West]","[(28, 11), (29, 10), (27, 10)]","[(29, 10), (27, 10), (28, 12), (29, 11), (27, 11)]","[(28, 10)]",1,0,1
180,"(29, 10)","(28, 10)",East,[],"[(29, 10), (27, 10), (28, 12), (29, 11), (27, 11)]","[(27, 10), (28, 12), (29, 11), (27, 11)]","[(28, 10), (28, 11)]",1,0,1
181,"(29, 10)",,,"[(29, 11) via North, (28, 10) via West]","[(29, 10)]","[(29, 11), (28, 10)]",[],0,0,0
182,"(29, 11)","(29, 10)",North,[],"[(29, 11), (28, 10)]","[(28, 10)]","[(29, 10)]",1,0,1
183,"(29, 11)",,,"[(29, 12) via North, (29, 10) via South, (28, 11) via West]","[(29, 11)]","[(29, 12), (29, 10), (28, 11)]",[],0,0,0
184,"(29, 12)","(29, 11)",North,[],"[(29, 12), (29, 10), (28, 11)]","[(29, 10), (28, 11)]","[(29, 11)]",1,0,1
185,"(29, 12)",,,"[(29, 13) via North, (29, 11) via South, (28, 12) via West]","[(29, 12)]","[(29, 13), (29, 11), (28, 12)]",[],0,0,0
186,"(29, 13)","(29, 12)",North,[],"[(29, 13), (29, 11), (28, 12)]","[(29, 11), (28, 12)]","[(29, 12)]",1,0,1
187,"(29, 13)",,,"[(29, 12) via South, (28, 13) via West]","[(29, 13)]","[(29, 12), (28, 13)]",[],0,0,0
188,"(29, 12)","(29, 13)",South,"[(29, 11) via South, (28, 12) via West]","[(29, 12), (28, 13)]","[(28, 13), (29, 11), (28, 12)]","[(29, 13)]",1,0,1
189,"(28, 13)","(29, 13)",West,"[(27, 13) via West]","[(28, 13), (29, 11), (28, 12)]","[(29, 11), (28, 12), (27, 13)]","[(29, 13), (29, 12)]",1,0,1
190,"(29, 11)","(29, 12)",South,"[(29, 10) via South, (28, 11) via West]","[(29, 11), (28, 12), (27, 13)]","[(28, 12), (27, 13), (29, 10), (28, 11)]","[(29, 13), (29, 12), (28, 13)]",2,0,2
191,"(28, 12)","(29, 12)",West,"[(27, 12) via West]","[(28, 12), (27, 13), (29, 10), (28, 11)]","[(27, 13), (29, 10), (28, 11), (27, 12)]","[(29, 13), (29, 12), (28, 13), (29, 11)]",2,0,2
192,"(27, 13)","(28, 13)",West,"[(26, 13) via West]","[(27, 13), (29, 10), (28, 11), (27, 12)]","[(29, 10), (28, 11), (27, 12), (26, 13)]","[(29, 13), (29, 12), (28, 13), (29, 11), (28, 12)]",2,0,2
193,"(29, 10)","(29, 11)",South,"[(28, 10) via West]","[(29, 10), (28, 11), (27, 12), (26, 13)]","[(28, 11), (27, 12), (26, 13), (28, 10)]","[(29, 13), (29, 12), (28, 13), (29, 11), (28, 12), (27, 13)]",3,0,3
194,"(28, 11)","(29, 11)",West,"[(27, 11) via West]","[(28, 11), (27, 12), (26, 13), (28, 10)]","[(27, 12), (26, 13), (28, 10), (27, 11)]","[(29, 13), (29, 12), (28, 13), (29, 11), (28, 12), (27, 13), (29, 10)]",3,0,3
195,"(27, 12)","(28, 12)",West,"[(26, 12) via West]","[(27, 12), (26, 13), (28, 10), (27, 11)]","[(26, 13), (28, 10), (27, 11), (26, 12)]","[(29, 13), (29, 12), (28, 13), (29, 11), (28, 12), (27, 13), (29, 10), (28, 11)]",3,0,3
196,"(26, 13)","(27, 13)",West,[],"[(26, 13), (28, 10), (27, 11), (26, 12)]","[(28, 10), (27, 11), (26, 12)]","[(29, 13), (29, 12), (28, 13), (29, 11), (28, 12), (27, 13), (29, 10), (28, 11), (27, 12)]",3,0,3
197,"(26, 13)",,,"[(26, 12) via South, (27, 13) via East, (25, 13) via West]","[(26, 13)]","[(26, 12), (27, 13), (25, 13)]",[],0,0,0
198,"(26, 12)","(26, 13)",South,[],"[(26, 12), (27, 13), (25, 13)]","[(27, 13), (25, 13)]","[(26, 13)]",1,0,1
199,"(26, 12)",,,"[(26, 13) via North, (26, 11) via South, (27, 12) via East, (25, 12) via West]","[(26, 12)]","[(26, 13), (26, 11), (27, 12), (25, 12)]",[],0,0,0
200,"(26, 13)","(26, 12)",North,"[(27, 13) via East, (25, 13) via West]","[(26, 13), (26, 11), (27, 12), (25, 12)]","[(26, 11), (27, 12), (25, 12), (27, 13), (25, 13)]","[(26, 12)]",1,0,1
201,"(26, 11)","(26, 12)",South,[],"[(26, 11), (27, 12), (25, 12), (27, 13), (25, 13)]","[(27, 12), (25, 12), (27, 13), (25, 13)]","[(26, 12), (26, 13)]",1,0,1
202,"(26, 11)",,,"[(26, 12) via North, (27, 11) via East, (25, 11) via West]","[(26, 11)]","[(26, 12), (27, 11), (25, 11)]",[],0,0,0
203,"(26, 12)","(26, 11)",North,"[(26, 13) via North, (27, 12) via East, (25, 12) via West]","[(26, 12), (27, 11), (25, 11)]","[(27, 11), (25, 11), (26, 13), (27, 12), (25, 12)]","[(26, 11)]",1,0,1
204,"(27, 11)","(26, 11)",East,"[(27, 10) via South, (28, 11) via East]","[(27, 11), (25, 11), (26, 13), (27, 12), (25, 12)]","[(25, 11), (26, 13), (27, 12), (25, 12), (27, 10), (28, 11)]","[(26, 11), (26, 12)]",1,0,1
205,"(25, 11)","(26, 11)",West,[],"[(25, 11), (26, 13), (27, 12), (25, 12), (27, 10), (28, 11)]","[(26, 13), (27, 12), (25, 12), (27, 10), (28, 11)]","[(26, 11), (26, 12), (27, 11)]",1,0,1
206,"(25, 11)",,,"[(25, 12) via North, (26, 11) via East]","[(25, 11)]","[(25, 12), (26, 11)]",[],0,0,0
207,"(25, 12)","(25, 11)",North,[],"[(25, 12), (26, 11)]","[(26, 11)]","[(25, 11)]",1,0,1
208,"(25, 12)",,,"[(25, 13) via North, (25, 11) via South, (26, 12) via East]","[(25, 12)]","[(25, 13), (25, 11), (26, 12)]",[],0,0,0
209,"(25, 13)","(25, 12)",North,[],"[(25, 13), (25, 11), (26, 12)]","[(25, 11), (26, 12)]","[(25, 12)]",1,0,1
210,"(25, 13)",,,"[(25, 12) via South, (26, 13) via East]","[(25, 13)]","[(25, 12), (26, 13)]",[],0,0,0
211,"(25, 12)","(25, 13)",South,"[(25, 11) via South, (26, 12) via East]","[(25, 12), (26, 13)]","[(26, 13), (25, 11), (26, 12)]","[(25, 13)]",1,0,1
212,"(26, 13)","(25, 13)",East,"[(27, 13) via East]","[(26, 13), (25, 11), (26, 12)]","[(25, 11), (26, 12), (27, 13)]","[(25, 13), (25, 12)]",1,0,1
213,"(25, 11)","(25, 12)",South,"[(26, 11) via East]","[(25, 11), (26, 12), (27, 13)]","[(26, 12), (27, 13), (26, 11)]","[(25, 13), (25, 12), (26, 13)]",2,0,2
214,"(26, 12)","(25, 12)",East,"[(27, 12) via East]","[(26, 12), (27, 13), (26, 11)]","[(27, 13), (26, 11), (27, 12)]","[(25, 13), (25, 12), (26, 13), (25, 11)]",2,0,2
215,"(27, 13)","(26, 13)",East,"[(28, 13) via East]","[(27, 13), (26, 11), (27, 12)]","[(26, 11), (27, 12), (28, 13)]","[(25, 13), (25, 12), (26, 13), (25, 11), (26, 12)]",2,0,2
216,"(26, 11)","(25, 11)",East,"[(27, 11) via East]","[(26, 11), (27, 12), (28, 13)]","[(27, 12), (28, 13), (27, 11)]","[(25, 13), (25, 12), (26, 13), (25, 11), (26, 12), (27, 13)]",3,0,3
217,"(27, 12)","(26, 12)",East,"[(28, 12) via East]","[(27, 12), (28, 13), (27, 11)]","[(28, 13), (27, 11), (28, 12)]","[(25, 13), (25, 12), (26, 13), (25, 11), (26, 12), (27, 13), (26, 11)]",3,0,3
218,"(28, 13)","(27, 13)",East,"[(29, 13) via East]","[(28, 13), (27, 11), (28, 12)]","[(27, 11), (28, 12), (29, 13)]","[(25, 13), (25, 12), (26, 13), (25, 11), (26, 12), (27, 13), (26, 11), (27, 12)]",3,0,3
219,"(27, 11)","(26, 11)",East,"[(27, 10) via South, (28, 11) via East]","[(27, 11), (28, 12), (29, 13)]","[(28, 12), (29, 13), (27, 10), (28, 11)]","[(25, 13), (25, 12), (26, 13), (25, 11), (26, 12), (27, 13), (26, 11), (27, 12), (28, 13)]",4,0,4
220,"(28, 12)","(27, 12)",East,"[(29, 12) via East]","[(28, 12), (29, 13), (27, 10), (28, 11)]","[(29, 13), (27, 10), (28, 11), (29, 12)]","[(25, 13), (25, 12), (26, 13), (25, 11), (26, 12), (27, 13), (26, 11), (27, 12), (28, 13), (27, 11)]",4,0,4
221,"(29, 13)","(28, 13)",East,[],"[(29, 13), (27, 10), (28, 11), (29, 12)]","[(27, 10), (28, 11), (29, 12)]","[(25, 13), (25, 12), (26, 13), (25, 11), (26, 12), (27, 13), (26, 11), (27, 12), (28, 13), (27, 11), (28, 12)]",4,0,4
222,"(27, 10)","(27, 11)",South,"[(27, 9) via South, (28, 10) via East]","[(27, 10), (28, 11), (29, 12)]","[(28, 11), (29, 12), (27, 9), (28, 10)]","[(25, 13), (25, 12), (26, 13), (25, 11), (26, 12), (27, 13), (26, 11), (27, 12), (28, 13), (27, 11), (28, 12), (29, 13)]",5,0,5
223,"(28, 11)","(27, 11)",East,"[(29, 11) via East]","[(28, 11), (29, 12), (27, 9), (28, 10)]","[(29, 12), (27, 9), (28, 10), (29, 11)]","[(25, 13), (25, 12), (26, 13), (25, 11), (26, 12), (27, 13), (26, 11), (27, 12), (28, 13), (27, 11), (28, 12), (29, 13), (27, 10)]",5,0,5
224,"(29, 12)","(28, 12)",East,[],"[(29, 12), (27, 9), (28, 10), (29, 11)]","[(27, 9), (28, 10), (29, 11)]","[(25, 13), (25, 12), (26, 13), (25, 11), (26, 12), (27, 13), (26, 11), (27, 12), (28, 13), (27, 11), (28, 12), (29, 13), (27, 10), (28, 11)]",5,0,5
225,"(27, 9)","(27, 10)",South,"[(27, 8) via South]","[(27, 9), (28, 10), (29, 11)]","[(28, 10), (29, 11), (27, 8)]","[(25, 13), (25, 12), (26, 13), (25, 11), (26, 12), (27, 13), (26, 11), (27, 12), (28, 13), (27, 11), (28, 12), (29, 13), (27, 10), (28, 11), (29, 12)]",6,0,6
226,"(28, 10)","(27, 10)",East,"[(29, 10) via East]","[(28, 10), (29, 11), (27, 8)]","[(29, 11), (27, 8), (29, 10)]","[(25, 13), (25, 12), (26, 13), (25, 11), (26, 12), (27, 13), (26, 11), (27, 12), (28, 13), (27, 11), (28, 12), (29, 13), (27, 10), (28, 11), (29, 12), (27, 9)]",6,0,6
227,"(29, 11)","(28, 11)",East,[],"[(29, 11), (27, 8), (29, 10)]","[(27, 8), (29, 10)]","[(25, 13), (25, 12), (26, 13), (25, 11), (26, 12), (27, 13), (26, 11), (27, 12), (28, 13), (27, 11), (28, 12), (29, 13), (27, 10), (28, 11), (29, 12), (27, 9), (28, 10)]",6,0,6
228,"(27, 8)","(27, 9)",South,"[(28, 8) via East]","[(27, 8), (29, 10)]","[(29, 10), (28, 8)]","[(25, 13), (25, 12), (26, 13), (25, 11), (26, 12), (27, 13), (26, 11), (27, 12), (28, 13), (27, 11), (28, 12), (29, 13), (27, 10), (28, 11), (29, 12), (27, 9), (28, 10), (29, 11)]",7,0,7
229,"(29, 10)","(28, 10)",East,[],"[(29, 10), (28, 8)]","[(28, 8)]","[(25, 13), (25, 12), (26, 13), (25, 11), (26, 12), (27, 13), (26, 11), (27, 12), (28, 13), (27, 11), (28, 12), (29, 13), (27, 10), (28, 11), (29, 12), (27, 9), (28, 10), (29, 11), (27, 8)]",7,0,7
230,"(28, 8)","(27, 8)",East,"[(29, 8) via East]","[(28, 8)]","[(29, 8)]","[(25, 13), (25, 12), (26, 13), (25, 11), (26, 12), (27, 13), (26, 11), (27, 12), (28, 13), (27, 11), (28, 12), (29, 13), (27, 10), (28, 11), (29, 12), (27, 9), (28, 10), (29, 11), (27, 8), (29, 10)]",8,0,8
231,"(29, 8)","(28, 8)",East,"[(29, 7) via South]","[(29, 8)]","[(29, 7)]","[(25, 13), (25, 12), (26, 13), (25, 11), (26, 12), (27, 13), (26, 11), (27, 12), (28, 13), (27, 11), (28, 12), (29, 13), (27, 10), (28, 11), (29, 12), (27, 9), (28, 10), (29, 11), (27, 8), (29, 10), (28, 8)]",9,0,9
232,"(29, 7)","(29, 8)",South,"[(29, 6) via South]","[(29, 7)]","[(29, 6)]","[(25, 13), (25, 12), (26, 13), (25, 11), (26, 12), (27, 13), (26, 11), (27, 12), (28, 13), (27, 11), (28, 12), (29, 13), (27, 10), (28, 11), (29, 12), (27, 9), (28, 10), (29, 11), (27, 8), (29, 10), (28, 8), (29, 8)]",10,0,10
233,"(29, 6)","(29, 7)",South,"[(28, 6) via West]","[(29, 6)]","[(28, 6)]","[(25, 13), (25, 12), (26, 13), (25, 11), (26, 12), (27, 13), (26, 11), (27, 12), (28, 13), (27, 11), (28, 12), (29, 13), (27, 10), (28, 11), (29, 12), (27, 9), (28, 10), (29, 11), (27, 8), (29, 10), (28, 8), (29, 8), (29, 7)]",11,0,11
234,"(28, 6)","(29, 6)",West,"[(27, 6) via West]","[(28, 6)]","[(27, 6)]","[(25, 13), (25, 12), (26, 13), (25, 11), (26, 12), (27, 13), (26, 11), (27, 12), (28, 13), (27, 11), (28, 12), (29, 13), (27, 10), (28, 11), (29, 12), (27, 9), (28, 10), (29, 11), (27, 8), (29, 10), (28, 8), (29, 8), (29, 7), (29, 6)]",12,0,12
235,"(27, 6)","(28, 6)",West,"[(27, 5) via South]","[(27, 6)]","[(27, 5)]","[(25, 13), (25, 12), (26, 13), (25, 11), (26, 12), (27, 13), (26, 11), (27, 12), (28, 13), (27, 11), (28, 12), (29, 13), (27, 10), (28, 11), (29, 12), (27, 9), (28, 10), (29, 11), (27, 8), (29, 10), (28, 8), (29, 8), (29, 7), (29, 6), (28, 6)]",13,0,13
236,"(27, 5)","(27, 6)",South,"[(27, 4) via South]","[(27, 5)]","[(27, 4)]","[(25, 13), (25, 12), (26, 13), (25, 11), (26, 12), (27, 13), (26, 11), (27, 12), (28, 13), (27, 11), (28, 12), (29, 13), (27, 10), (28, 11), (29, 12), (27, 9), (28, 10), (29, 11), (27, 8), (29, 10), (28, 8), (29, 8), (29, 7), (29, 6), (28, 6), (27, 6)]",14,0,14
237,"(27, 4)","(27, 5)",South,"[(27, 3) via South, (28, 4) via East]","[(27, 4)]","[(27, 3), (28, 4)]","[(25, 13), (25, 12), (26, 13), (25, 11), (26, 12), (27, 13), (26, 11), (27, 12), (28, 13), (27, 11), (28, 12), (29, 13), (27, 10), (28, 11), (29, 12), (27, 9), (28, 10), (29, 11), (27, 8), (29, 10), (28, 8), (29, 8), (29, 7), (29, 6), (28, 6), (27, 6), (27, 5)]",15,0,15
238,"(27, 3)","(27, 4)",South,[],"[(27, 3), (28, 4)]","[(28, 4)]","[(25, 13), (25, 12), (26, 13), (25, 11), (26, 12), (27, 13), (26, 11), (27, 12), (28, 13), (27, 11), (28, 12), (29, 13), (27, 10), (28, 11), (29, 12), (27, 9), (28, 10), (29, 11), (27, 8), (29, 10), (28, 8), (29, 8), (29, 7), (29, 6), (28, 6), (27, 6), (27, 5), (27, 4)]",16,0,16
239,"(27, 3)",,,"[(27, 4) via North, (26, 3) via West]","[(27, 3)]","[(27, 4), (26, 3)]",[],0,0,0
240,"(27, 4)","(27, 3)",North,"[(27, 5) via North, (28, 4) via East]","[(27, 4), (26, 3)]","[(26, 3), (27, 5), (28, 4)]","[(27, 3)]",1,0,1
241,"(26, 3)","(27, 3)",West,[],"[(26, 3), (27, 5), (28, 4)]","[(27, 5), (28, 4)]","[(27, 3), (27, 4)]",1,0,1
242,"(26, 3)",,,"[(27, 3) via East, (25, 3) via West]","[(26, 3)]","[(27, 3), (25, 3)]",[],0,0,0
243,"(27, 3)","(26, 3)",East,"[(27, 4) via North]","[(27, 3), (25, 3)]","[(25, 3), (27, 4)]","[(26, 3)]",1,0,1
244,"(25, 3)","(26, 3)",West,"[(25, 2) via South, (24, 3) via West]","[(25, 3), (27, 4)]","[(27, 4), (25, 2), (24, 3)]","[(26, 3), (27, 3)]",1,0,1
245,"(27, 4)","(27, 3)",North,"[(27, 5) via North, (28, 4) via East]","[(27, 4), (25, 2), (24, 3)]","[(25, 2), (24, 3), (27, 5), (28, 4)]","[(26, 3), (27, 3), (25, 3)]",2,0,2
246,"(25, 2)","(25, 3)",South,"[(25, 1) via South]","[(25, 2), (24, 3), (27, 5), (28, 4)]","[(24, 3), (27, 5), (28, 4), (25, 1)]","[(26, 3), (27, 3), (25, 3), (27, 4)]",2,0,2
247,"(24, 3)","(25, 3)",West,"[(23, 3) via West]","[(24, 3), (27, 5), (28, 4), (25, 1)]","[(27, 5), (28, 4), (25, 1), (23, 3)]","[(26, 3), (27, 3), (25, 3), (27, 4), (25, 2)]",2,0,2
248,"(27, 5)","(27, 4)",North,"[(27, 6) via North]","[(27, 5), (28, 4), (25, 1), (23, 3)]","[(28, 4), (25, 1), (23, 3), (27, 6)]","[(26, 3), (27, 3), (25, 3), (27, 4), (25, 2), (24, 3)]",3,0,3
249,"(28, 4)","(27, 4)",East,"[(29, 4) via East]","[(28, 4), (25, 1), (23, 3), (27, 6)]","[(25, 1), (23, 3), (27, 6), (29, 4)]","[(26, 3), (27, 3), (25, 3), (27, 4), (25, 2), (24, 3), (27, 5)]",3,0,3
250,"(25, 1)","(25, 2)",South,"[(26, 1) via East]","[(25, 1), (23, 3), (27, 6), (29, 4)]","[(23, 3), (27, 6), (29, 4), (26, 1)]","[(26, 3), (27, 3), (25, 3), (27, 4), (25, 2), (24, 3), (27, 5), (28, 4)]",3,0,3
251,"(23, 3)","(24, 3)",West,"[(23, 4) via North, (23, 2) via South]","[(23, 3), (27, 6), (29, 4), (26, 1)]","[(27, 6), (29, 4), (26, 1), (23, 4), (23, 2)]","[(26, 3), (27, 3), (25, 3), (27, 4), (25, 2), (24, 3), (27, 5), (28, 4), (25, 1)]",3,0,3
252,"(27, 6)","(27, 5)",North,"[(28, 6) via East]","[(27, 6), (29, 4), (26, 1), (23, 4), (23, 2)]","[(29, 4), (26, 1), (23, 4), (23, 2), (28, 6)]","[(26, 3), (27, 3), (25, 3), (27, 4), (25, 2), (24, 3), (27, 5), (28, 4), (25, 1), (23, 3)]",4,0,4
253,"(29, 4)","(28, 4)",East,"[(29, 3) via South]","[(29, 4), (26, 1), (23, 4), (23, 2), (28, 6)]","[(26, 1), (23, 4), (23, 2), (28, 6), (29, 3)]","[(26, 3), (27, 3), (25, 3), (27, 4), (25, 2), (24, 3), (27, 5), (28, 4), (25, 1), (23, 3), (27, 6)]",4,0,4
254,"(26, 1)","(25, 1)",East,"[(27, 1) via East]","[(26, 1), (23, 4), (23, 2), (28, 6), (29, 3)]","[(23, 4), (23, 2), (28, 6), (29, 3), (27, 1)]","[(26, 3), (27, 3), (25, 3), (27, 4), (25, 2), (24, 3), (27, 5), (28, 4), (25, 1), (23, 3), (27, 6), (29, 4)]",4,0,4
255,"(23, 4)","(23, 3)",North,"[(23, 5) via North]","[(23, 4), (23, 2), (28, 6), (29, 3), (27, 1)]","[(23, 2), (28, 6), (29, 3), (27, 1), (23, 5)]","[(26, 3), (27, 3), (25, 3), (27, 4), (25, 2), (24, 3), (27, 5), (28, 4), (25, 1), (23, 3), (27, 6), (29, 4), (26, 1)]",4,0,4
256,"(23, 2)","(23, 3)",South,"[(23, 1) via South]","[(23, 2), (28, 6), (29, 3), (27, 1), (23, 5)]","[(28, 6), (29, 3), (27, 1), (23, 5), (23, 1)]","[(26, 3), (27, 3), (25, 3), (27, 4), (25, 2), (24, 3), (27, 5), (28, 4), (25, 1), (23, 3), (27, 6), (29, 4), (26, 1), (23, 4)]",4,0,4
257,"(28, 6)","(27, 6)",East,"[(29, 6) via East]","[(28, 6), (29, 3), (27, 1), (23, 5), (23, 1)]","[(29, 3), (27, 1), (23, 5), (23, 1), (29, 6)]","[(26, 3), (27, 3), (25, 3), (27, 4), (25, 2), (24, 3), (27, 5), (28, 4), (25, 1), (23, 3), (27, 6), (29, 4), (26, 1), (23, 4), (23, 2)]",5,0,5
258,"(29, 3)","(29, 4)",South,"[(29, 2) via South]","[(29, 3), (27, 1), (23, 5), (23, 1), (29, 6)]","[(27, 1), (23, 5), (23, 1), (29, 6), (29, 2)]","[(26, 3), (27, 3), (25, 3), (27, 4), (25, 2), (24, 3), (27, 5), (28, 4), (25, 1), (23, 3), (27, 6), (29, 4), (26, 1), (23, 4), (23, 2), (28, 6)]",5,0,5
259,"(27, 1)","(26, 1)",East,"[(28, 1) via East]","[(27, 1), (23, 5), (23, 1), (29, 6), (29, 2)]","[(23, 5), (23, 1), (29, 6), (29, 2), (28, 1)]","[(26, 3), (27, 3), (25, 3), (27, 4), (25, 2), (24, 3), (27, 5), (28, 4), (25, 1), (23, 3), (27, 6), (29, 4), (26, 1), (23, 4), (23, 2), (28, 6), (29, 3)]",5,0,5
260,"(23, 5)","(23, 4)",North,"[(24, 5) via East]","[(23, 5), (23, 1), (29, 6), (29, 2), (28, 1)]","[(23, 1), (29, 6), (29, 2), (28, 1), (24, 5)]","[(26, 3), (27, 3), (25, 3), (27, 4), (25, 2), (24, 3), (27, 5), (28, 4), (25, 1), (23, 3), (27, 6), (29, 4), (26, 1), (23, 4), (23, 2), (28, 6), (29, 3), (27, 1)]",5,0,5
261,"(23, 1)","(23, 2)",South,"[(22, 1) via West]","[(23, 1), (29, 6), (29, 2), (28, 1), (24, 5)]","[(29, 6), (29, 2), (28, 1), (24, 5), (22, 1)]","[(26, 3), (27, 3), (25, 3), (27, 4), (25, 2), (24, 3), (27, 5), (28, 4), (25, 1), (23, 3), (27, 6), (29, 4), (26, 1), (23, 4), (23, 2), (28, 6), (29, 3), (27, 1), (23, 5)]",5,0,5
262,"(29, 6)","(28, 6)",East,"[(29, 7) via North]","[(29, 6), (29, 2), (28, 1), (24, 5), (22, 1)]","[(29, 2), (28, 1), (24, 5), (22, 1), (29, 7)]","[(26, 3), (27, 3), (25, 3), (27, 4), (25, 2), (24, 3), (27, 5), (28, 4), (25, 1), (23, 3), (27, 6), (29, 4), (26, 1), (23, 4), (23, 2), (28, 6), (29, 3), (27, 1), (23, 5), (23, 1)]",6,0,6
263,"(29, 2)","(29, 3)",South,"[(29, 1) via South]","[(29, 2), (28, 1), (24, 5), (22, 1), (29, 7)]","[(28, 1), (24, 5), (22, 1), (29, 7), (29, 1)]","[(26, 3), (27, 3), (25, 3), (27, 4), (25, 2), (24, 3), (27, 5), (28, 4), (25, 1), (23, 3), (27, 6), (29, 4), (26, 1), (23, 4), (23, 2), (28, 6), (29, 3), (27, 1), (23, 5), (23, 1), (29, 6)]",6,0,6
264,"(28, 1)","(27, 1)",East,[],"[(28, 1), (24, 5), (22, 1), (29, 7), (29, 1)]","[(24, 5), (22, 1), (29, 7), (29, 1)]","[(26, 3), (27, 3), (25, 3), (27, 4), (25, 2), (24, 3), (27, 5), (28, 4), (25, 1), (23, 3), (27, 6), (29, 4), (26, 1), (23, 4), (23, 2), (28, 6), (29, 3), (27, 1), (23, 5), (23, 1), (29, 6), (29, 2)]",6,0,6
265,"(24, 5)","(23, 5)",East,"[(25, 5) via East]","[(24, 5), (22, 1), (29, 7), (29, 1)]","[(22, 1), (29, 7), (29, 1), (25, 5)]","[(26, 3), (27, 3), (25, 3), (27, 4), (25, 2), (24, 3), (27, 5), (28, 4), (25, 1), (23, 3), (27, 6), (29, 4), (26, 1), (23, 4), (23, 2), (28, 6), (29, 3), (27, 1), (23, 5), (23, 1), (29, 6), (29, 2), (28, 1)]",6,0,6
266,"(22, 1)","(23, 1)",West,"[(21, 1) via West]","[(22, 1), (29, 7), (29, 1), (25, 5)]","[(29, 7), (29, 1), (25, 5), (21, 1)]","[(26, 3), (27, 3), (25, 3), (27, 4), (25, 2), (24, 3), (27, 5), (28, 4), (25, 1), (23, 3), (27, 6), (29, 4), (26, 1), (23, 4), (23, 2), (28, 6), (29, 3), (27, 1), (23, 5), (23, 1), (29, 6), (29, 2), (28, 1), (24, 5)]",6,0,6
267,"(29, 7)","(29, 6)",North,"[(29, 8) via North]","[(29, 7), (29, 1), (25, 5), (21, 1)]","[(29, 1), (25, 5), (21, 1), (29, 8)]","[(26, 3), (27, 3), (25, 3), (27, 4), (25, 2), (24, 3), (27, 5), (28, 4), (25, 1), (23, 3), (27, 6), (29, 4), (26, 1), (23, 4), (23, 2), (28, 6), (29, 3), (27, 1), (23, 5), (23, 1), (29, 6), (29, 2), (28, 1), (24, 5), (22, 1)]",7,0,7
268,"(29, 1)","(29, 2)",South,[],"[(29, 1), (25, 5), (21, 1), (29, 8)]","[(25, 5), (21, 1), (29, 8)]","[(26, 3), (27, 3), (25, 3), (27, 4), (25, 2), (24, 3), (27, 5), (28, 4), (25, 1), (23, 3), (27, 6), (29, 4), (26, 1), (23, 4), (23, 2), (28, 6), (29, 3), (27, 1), (23, 5), (23, 1), (29, 6), (29, 2), (28, 1), (24, 5), (22, 1), (29, 7)]",7,0,7
269,"(25, 5)","(24, 5)",East,"[(25, 6) via North]","[(25, 5), (21, 1), (29, 8)]","[(21, 1), (29, 8), (25, 6)]","[(26, 3), (27, 3), (25, 3), (27, 4), (25, 2), (24, 3), (27, 5), (28, 4), (25, 1), (23, 3), (27, 6), (29, 4), (26, 1), (23, 4), (23, 2), (28, 6), (29, 3), (27, 1), (23, 5), (23, 1), (29, 6), (29, 2), (28, 1), (24, 5), (22, 1), (29, 7), (29, 1)]",7,0,7
270,"(21, 1)","(22, 1)",West,[],"[(21, 1), (29, 8), (25, 6)]","[(29, 8), (25, 6)]","[(26, 3), (27, 3), (25, 3), (27, 4), (25, 2), (24, 3), (27, 5), (28, 4), (25, 1), (23, 3), (27, 6), (29, 4), (26, 1), (23, 4), (23, 2), (28, 6), (29, 3), (27, 1), (23, 5), (23, 1), (29, 6), (29, 2), (28, 1), (24, 5), (22, 1), (29, 7), (29, 1), (25, 5)]",7,0,7
271,"(29, 8)","(29, 7)",North,"[(28, 8) via West]","[(29, 8), (25, 6)]","[(25, 6), (28, 8)]","[(26, 3), (27, 3), (25, 3), (27, 4), (25, 2), (24, 3), (27, 5), (28, 4), (25, 1), (23, 3), (27, 6), (29, 4), (26, 1), (23, 4), (23, 2), (28, 6), (29, 3), (27, 1), (23, 5), (23, 1), (29, 6), (29, 2), (28, 1), (24, 5), (22, 1), (29, 7), (29, 1), (25, 5), (21, 1)]",8,0,8
272,"(25, 6)","(25, 5)",North,"[(25, 7) via North]","[(25, 6), (28, 8)]","[(28, 8), (25, 7)]","[(26, 3), (27, 3), (25, 3), (27, 4), (25, 2), (24, 3), (27, 5), (28, 4), (25, 1), (23, 3), (27, 6), (29, 4), (26, 1), (23, 4), (23, 2), (28, 6), (29, 3), (27, 1), (23, 5), (23, 1), (29, 6), (29, 2), (28, 1), (24, 5), (22, 1), (29, 7), (29, 1), (25, 5), (21, 1), (29, 8)]",8,0,8
273,"(28, 8)","(29, 8)",West,"[(27, 8) via West]","[(28, 8), (25, 7)]","[(25, 7), (27, 8)]","[(26, 3), (27, 3), (25, 3), (27, 4), (25, 2), (24, 3), (27, 5), (28, 4), (25, 1), (23, 3), (27, 6), (29, 4), (26, 1), (23, 4), (23, 2), (28, 6), (29, 3), (27, 1), (23, 5), (23, 1), (29, 6), (29, 2), (28, 1), (24, 5), (22, 1), (29, 7), (29, 1), (25, 5), (21, 1), (29, 8), (25, 6)]",9,0,9
274,"(25, 7)","(25, 6)",North,"[(25, 8) via North, (24, 7) via West]","[(25, 7), (27, 8)]","[(27, 8), (25, 8), (24, 7)]","[(26, 3), (27, 3), (25, 3), (27, 4), (25, 2), (24, 3), (27, 5), (28, 4), (25, 1), (23, 3), (27, 6), (29, 4), (26, 1), (23, 4), (23, 2), (28, 6), (29, 3), (27, 1), (23, 5), (23, 1), (29, 6), (29, 2), (28, 1), (24, 5), (22, 1), (29, 7), (29, 1), (25, 5), (21, 1), (29, 8), (25, 6), (28, 8)]",9,0,9
275,"(27, 8)","(28, 8)",West,"[(27, 9) via North]","[(27, 8), (25, 8), (24, 7)]","[(25, 8), (24, 7), (27, 9)]","[(26, 3), (27, 3), (25, 3), (27, 4), (25, 2), (24, 3), (27, 5), (28, 4), (25, 1), (23, 3), (27, 6), (29, 4), (26, 1), (23, 4), (23, 2), (28, 6), (29, 3), (27, 1), (23, 5), (23, 1), (29, 6), (29, 2), (28, 1), (24, 5), (22, 1), (29, 7), (29, 1), (25, 5), (21, 1), (29, 8), (25, 6), (28, 8), (25, 7)]",10,0,10
276,"(25, 8)","(25, 7)",North,"[(25, 9) via North]","[(25, 8), (24, 7), (27, 9)]","[(24, 7), (27, 9), (25, 9)]","[(26, 3), (27, 3), (25, 3), (27, 4), (25, 2), (24, 3), (27, 5), (28, 4), (25, 1), (23, 3), (27, 6), (29, 4), (26, 1), (23, 4), (23, 2), (28, 6), (29, 3), (27, 1), (23, 5), (23, 1), (29, 6), (29, 2), (28, 1), (24, 5), (22, 1), (29, 7), (29, 1), (25, 5), (21, 1), (29, 8), (25, 6), (28, 8), (25, 7), (27, 8)]",10,0,10
277,"(24, 7)","(25, 7)",West,[],"[(24, 7), (27, 9), (25, 9)]","[(27, 9), (25, 9)]","[(26, 3), (27, 3), (25, 3), (27, 4), (25, 2), (24, 3), (27, 5), (28, 4), (25, 1), (23, 3), (27, 6), (29, 4), (26, 1), (23, 4), (23, 2), (28, 6), (29, 3), (27, 1), (23, 5), (23, 1), (29, 6), (29, 2), (28, 1), (24, 5), (22, 1), (29, 7), (29, 1), (25, 5), (21, 1), (29, 8), (25, 6), (28, 8), (25, 7), (27, 8), (25, 8)]",10,0,10
278,"(24, 7)",,,"[(25, 7) via East, (23, 7) via West]","[(24, 7)]","[(25, 7), (23, 7)]",[],0,0,0
279,"(25, 7)","(24, 7)",East,"[(25, 8) via North, (25, 6) via South]","[(25, 7), (23, 7)]","[(23, 7), (25, 8), (25, 6)]","[(24, 7)]",1,0,1
280,"(23, 7)","(24, 7)",West,[],"[(23, 7), (25, 8), (25, 6)]","[(25, 8), (25, 6)]","[(24, 7), (25, 7)]",1,0,1
281,"(23, 7)",,,"[(24, 7) via East, (22, 7) via West]","[(23, 7)]","[(24, 7), (22, 7)]",[],0,0,0
282,"(24, 7)","(23, 7)",East,"[(25, 7) via East]","[(24, 7), (22, 7)]","[(22, 7), (25, 7)]","[(23, 7)]",1,0,1
283,"(22, 7)","(23, 7)",West,[],"[(22, 7), (25, 7)]","[(25, 7)]","[(23, 7), (24, 7)]",1,0,1
284,"(22, 7)",,,"[(23, 7) via East, (21, 7) via West]","[(22, 7)]","[(23, 7), (21, 7)]",[],0,0,0
285,"(23, 7)","(22, 7)",East,"[(24, 7) via East]","[(23, 7), (21, 7)]","[(21, 7), (24, 7)]","[(22, 7)]",1,0,1
286,"(21, 7)","(22, 7)",West,"[(21, 8) via North, (21, 6) via South, (20, 7) via West]","[(21, 7), (24, 7)]","[(24, 7), (21, 8), (21, 6), (20, 7)]","[(22, 7), (23, 7)]",1,0,1
287,"(24, 7)","(23, 7)",East,"[(25, 7) via East]","[(24, 7), (21, 8), (21, 6), (20, 7)]","[(21, 8), (21, 6), (20, 7), (25, 7)]","[(22, 7), (23, 7), (21, 7)]",2,0,2
288,"(21, 8)","(21, 7)",North,"[(21, 9) via North]","[(21, 8), (21, 6), (20, 7), (25, 7)]","[(21, 6), (20, 7), (25, 7), (21, 9)]","[(22, 7), (23, 7), (21, 7), (24, 7)]",2,0,2
289,"(21, 6)","(21, 7)",South,"[(21, 5) via South]","[(21, 6), (20, 7), (25, 7), (21, 9)]","[(20, 7), (25, 7), (21, 9), (21, 5)]","[(22, 7), (23, 7), (21, 7), (24, 7), (21, 8)]",2,0,2
290,"(20, 7)","(21, 7)",West,[],"[(20, 7), (25, 7), (21, 9), (21, 5)]","[(25, 7), (21, 9), (21, 5)]","[(22, 7), (23, 7), (21, 7), (24, 7), (21, 8), (21, 6)]",2,0,2
291,"(20, 7)",,,"[(21, 7) via East, (19, 7) via West]","[(20, 7)]","[(21, 7), (19, 7)]",[],0,0,0
292,"(21, 7)","(20, 7)",East,"[(21, 8) via North, (21, 6) via South, (22, 7) via East]","[(21, 7), (19, 7)]","[(19, 7), (21, 8), (21, 6), (22, 7)]","[(20, 7)]",1,0,1
293,"(19, 7)","(20, 7)",West,[],"[(19, 7), (21, 8), (21, 6), (22, 7)]","[(21, 8), (21, 6), (22, 7)]","[(20, 7), (21, 7)]",1,0,1
294,"(19, 7)",,,"[(19, 8) via North, (19, 6) via South, (20, 7) via East]","[(19, 7)]","[(19, 8), (19, 6), (20, 7)]",[],0,0,0
295,"(19, 8)","(19, 7)",North,[],"[(19, 8), (19, 6), (20, 7)]","[(19, 6), (20, 7)]","[(19, 7)]",1,0,1
296,"(19, 8)",,,"[(19, 9) via North, (19, 7) via South]","[(19, 8)]","[(19, 9), (19, 7)]",[],0,0,0
297,"(19, 9)","(19, 8)",North,[],"[(19, 9), (19, 7)]","[(19, 7)]","[(19, 8)]",1,0,1
298,"(19, 9)",,,"[(19, 8) via South, (18, 9) via West]","[(19, 9)]","[(19, 8), (18, 9)]",[],0,0,0
299,"(19, 8)","(19, 9)",South,"[(19, 7) via South]","[(19, 8), (18, 9)]","[(18, 9), (19, 7)]","[(19, 9)]",1,0,1
300,"(18, 9)","(19, 9)",West,[],"[(18, 9), (19, 7)]","[(19, 7)]","[(19, 9), (19, 8)]",1,0,1
301,"(18, 9)",,,"[(19, 9) via East]","[(18, 9)]","[(19, 9)]",[],0,0,0
302,"(19, 9)","(18, 9)",East,"[(19, 8) via South]","[(19, 9)]","[(19, 8)]","[(18, 9)]",1,0,1
303,"(19, 8)","(19, 9)",South,"[(19, 7) via South]","[(19, 8)]","[(19, 7)]","[(18, 9), (19, 9)]",2,0,2
304,"(19, 7)","(19, 8)",South,"[(19, 6) via South, (20, 7) via East]","[(19, 7)]","[(19, 6), (20, 7)]","[(18, 9), (19, 9), (19, 8)]",3,0,3
305,"(19, 6)","(19, 7)",South,[],"[(19, 6), (20, 7)]","[(20, 7)]","[(18, 9), (19, 9), (19, 8), (19, 7)]",4,0,4
306,"(19, 6)",,,"[(19, 7) via North, (19, 5) via South]","[(19, 6)]","[(19, 7), (19, 5)]",[],0,0,0
307,"(19, 7)","(19, 6)",North,"[(19, 8) via North, (20, 7) via East]","[(19, 7), (19, 5)]","[(19, 5), (19, 8), (20, 7)]","[(19, 6)]",1,0,1
308,"(19, 5)","(19, 6)",South,[],"[(19, 5), (19, 8), (20, 7)]","[(19, 8), (20, 7)]","[(19, 6), (19, 7)]",1,0,1
309,"(19, 5)",,,"[(19, 6) via North, (18, 5) via West]","[(19, 5)]","[(19, 6), (18, 5)]",[],0,0,0
310,"(19, 6)","(19, 5)",North,"[(19, 7) via North]","[(19, 6), (18, 5)]","[(18, 5), (19, 7)]","[(19, 5)]",1,0,1
311,"(18, 5)","(19, 5)",West,[],"[(18, 5), (19, 7)]","[(19, 7)]","[(19, 5), (19, 6)]",1,0,1
312,"(18, 5)",,,"[(19, 5) via East, (17, 5) via West]","[(18, 5)]","[(19, 5), (17, 5)]",[],0,0,0
313,"(19, 5)","(18, 5)",East,"[(19, 6) via North]","[(19, 5), (17, 5)]","[(17, 5), (19, 6)]","[(18, 5)]",1,0,1
314,"(17, 5)","(18, 5)",West,[],"[(17, 5), (19, 6)]","[(19, 6)]","[(18, 5), (19, 5)]",1,0,1
315,"(17, 5)",,,"[(18, 5) via East, (16, 5) via West]","[(17, 5)]","[(18, 5), (16, 5)]",[],0,0,0
316,"(18, 5)","(17, 5)",East,"[(19, 5) via East]","[(18, 5), (16, 5)]","[(16, 5), (19, 5)]","[(17, 5)]",1,0,1
317,"(16, 5)","(17, 5)",West,[],"[(16, 5), (19, 5)]","[(19, 5)]","[(17, 5), (18, 5)]",1,0,1
318,"(16, 5)",,,"[(16, 4) via South, (17, 5) via East]","[(16, 5)]","[(16, 4), (17, 5)]",[],0,0,0
319,"(16, 4)","(16, 5)",South,[],"[(16, 4), (17, 5)]","[(17, 5)]","[(16, 5)]",1,0,1
320,"(16, 4)",,,"[(16, 5) via North, (16, 3) via South]","[(16, 4)]","[(16, 5), (16, 3)]",[],0,0,0
321,"(16, 5)","(16, 4)",North,"[(17, 5) via East]","[(16, 5), (16, 3)]","[(16, 3), (17, 5)]","[(16, 4)]",1,0,1
322,"(16, 3)","(16, 4)",South,[],"[(16, 3), (17, 5)]","[(17, 5)]","[(16, 4), (16, 5)]",1,0,1
323,"(16, 3)",,,"[(16, 4) via North, (17, 3) via East]","[(16, 3)]","[(16, 4), (17, 3)]",[],0,0,0
324,"(16, 4)","(16, 3)",North,"[(16, 5) via North]","[(16, 4), (17, 3)]","[(17, 3), (16, 5)]","[(16, 3)]",1,0,1
325,"(17, 3)","(16, 3)",East,[],"[(17, 3), (16, 5)]","[(16, 5)]","[(16, 3), (16, 4)]",1,0,1
326,"(17, 3)",,,"[(18, 3) via East, (16, 3) via West]","[(17, 3)]","[(18, 3), (16, 3)]",[],0,0,0
327,"(18, 3)","(17, 3)",East,[],"[(18, 3), (16, 3)]","[(16, 3)]","[(17, 3)]",1,0,1
328,"(18, 3)",,,"[(19, 3) via East, (17, 3) via West]","[(18, 3)]","[(19, 3), (17, 3)]",[],0,0,0
329,"(19, 3)","(18, 3)",East,"[(19, 2) via South, (20, 3) via East]","[(19, 3), (17, 3)]","[(17, 3), (19, 2), (20, 3)]","[(18, 3)]",1,0,1
330,"(17, 3)","(18, 3)",West,"[(16, 3) via West]","[(17, 3), (19, 2), (20, 3)]","[(19, 2), (20, 3), (16, 3)]","[(18, 3), (19, 3)]",1,0,1
331,"(19, 2)","(19, 3)",South,"[(19, 1) via South]","[(19, 2), (20, 3), (16, 3)]","[(20, 3), (16, 3), (19, 1)]","[(18, 3), (19, 3), (17, 3)]",2,0,2
332,"(20, 3)","(19, 3)",East,"[(21, 3) via East]","[(20, 3), (16, 3), (19, 1)]","[(16, 3), (19, 1), (21, 3)]","[(18, 3), (19, 3), (17, 3), (19, 2)]",2,0,2
333,"(16, 3)","(17, 3)",West,"[(16, 4) via North]","[(16, 3), (19, 1), (21, 3)]","[(19, 1), (21, 3), (16, 4)]","[(18, 3), (19, 3), (17, 3), (19, 2), (20, 3)]",2,0,2
334,"(19, 1)","(19, 2)",South,"[(18, 1) via West]","[(19, 1), (21, 3), (16, 4)]","[(21, 3), (16, 4), (18, 1)]","[(18, 3), (19, 3), (17, 3), (19, 2), (20, 3), (16, 3)]",3,0,3
335,"(21, 3)","(20, 3)",East,"[(21, 4) via North]","[(21, 3), (16, 4), (18, 1)]","[(16, 4), (18, 1), (21, 4)]","[(18, 3), (19, 3), (17, 3), (19, 2), (20, 3), (16, 3), (19, 1)]",3,0,3
336,"(16, 4)","(16, 3)",North,"[(16, 5) via North]","[(16, 4), (18, 1), (21, 4)]","[(18, 1), (21, 4), (16, 5)]","[(18, 3), (19, 3), (17, 3), (19, 2), (20, 3), (16, 3), (19, 1), (21, 3)]",3,0,3
337,"(18, 1)","(19, 1)",West,"[(17, 1) via West]","[(18, 1), (21, 4), (16, 5)]","[(21, 4), (16, 5), (17, 1)]","[(18, 3), (19, 3), (17, 3), (19, 2), (20, 3), (16, 3), (19, 1), (21, 3), (16, 4)]",4,0,4
338,"(21, 4)","(21, 3)",North,"[(21, 5) via North]","[(21, 4), (16, 5), (17, 1)]","[(16, 5), (17, 1), (21, 5)]","[(18, 3), (19, 3), (17, 3), (19, 2), (20, 3), (16, 3), (19, 1), (21, 3), (16, 4), (18, 1)]",4,0,4
339,"(16, 5)","(16, 4)",North,"[(17, 5) via East]","[(16, 5), (17, 1), (21, 5)]","[(17, 1), (21, 5), (17, 5)]","[(18, 3), (19, 3), (17, 3), (19, 2), (20, 3), (16, 3), (19, 1), (21, 3), (16, 4), (18, 1), (21, 4)]",4,0,4
340,"(17, 1)","(18, 1)",West,"[(16, 1) via West]","[(17, 1), (21, 5), (17, 5)]","[(21, 5), (17, 5), (16, 1)]","[(18, 3), (19, 3), (17, 3), (19, 2), (20, 3), (16, 3), (19, 1), (21, 3), (16, 4), (18, 1), (21, 4), (16, 5)]",5,0,5
341,"(21, 5)","(21, 4)",North,"[(21, 6) via North]","[(21, 5), (17, 5), (16, 1)]","[(17, 5), (16, 1), (21, 6)]","[(18, 3), (19, 3), (17, 3), (19, 2), (20, 3), (16, 3), (19, 1), (21, 3), (16, 4), (18, 1), (21, 4), (16, 5), (17, 1)]",5,0,5
342,"(17, 5)","(16, 5)",East,"[(18, 5) via East]","[(17, 5), (16, 1), (21, 6)]","[(16, 1), (21, 6), (18, 5)]","[(18, 3), (19, 3), (17, 3), (19, 2), (20, 3), (16, 3), (19, 1), (21, 3), (16, 4), (18, 1), (21, 4), (16, 5), (17, 1), (21, 5)]",5,0,5
343,"(16, 1)","(17, 1)",West,"[(15, 1) via West]","[(16, 1), (21, 6), (18, 5)]","[(21, 6), (18, 5), (15, 1)]","[(18, 3), (19, 3), (17, 3), (19, 2), (20, 3), (16, 3), (19, 1), (21, 3), (16, 4), (18, 1), (21, 4), (16, 5), (17, 1), (21, 5), (17, 5)]",6,0,6
344,"(21, 6)","(21, 5)",North,"[(21, 7) via North]","[(21, 6), (18, 5), (15, 1)]","[(18, 5), (15, 1), (21, 7)]","[(18, 3), (19, 3), (17, 3), (19, 2), (20, 3), (16, 3), (19, 1), (21, 3), (16, 4), (18, 1), (21, 4), (16, 5), (17, 1), (21, 5), (17, 5), (16, 1)]",6,0,6
345,"(18, 5)","(17, 5)",East,"[(19, 5) via East]","[(18, 5), (15, 1), (21, 7)]","[(15, 1), (21, 7), (19, 5)]","[(18, 3), (19, 3), (17, 3), (19, 2), (20, 3), (16, 3), (19, 1), (21, 3), (16, 4), (18, 1), (21, 4), (16, 5), (17, 1), (21, 5), (17, 5), (16, 1), (21, 6)]",6,0,6
346,"(15, 1)","(16, 1)",West,"[(14, 1) via West]","[(15, 1), (21, 7), (19, 5)]","[(21, 7), (19, 5), (14, 1)]","[(18, 3), (19, 3), (17, 3), (19, 2), (20, 3), (16, 3), (19, 1), (21, 3), (16, 4), (18, 1), (21, 4), (16, 5), (17, 1), (21, 5), (17, 5), (16, 1), (21, 6), (18, 5)]",7,0,7
347,"(21, 7)","(21, 6)",North,"[(21, 8) via North, (22, 7) via East, (20, 7) via West]","[(21, 7), (19, 5), (14, 1)]","[(19, 5), (14, 1), (21, 8), (22, 7), (20, 7)]","[(18, 3), (19, 3), (17, 3), (19, 2), (20, 3), (16, 3), (19, 1), (21, 3), (16, 4), (18, 1), (21, 4), (16, 5), (17, 1), (21, 5), (17, 5), (16, 1), (21, 6), (18, 5), (15, 1)]",7,0,7
348,"(19, 5)","(18, 5)",East,"[(19, 6) via North]","[(19, 5), (14, 1), (21, 8), (22, 7), (20, 7)]","[(14, 1), (21, 8), (22, 7), (20, 7), (19, 6)]","[(18, 3), (19, 3), (17, 3), (19, 2), (20, 3), (16, 3), (19, 1), (21, 3), (16, 4), (18, 1), (21, 4), (16, 5), (17, 1), (21, 5), (17, 5), (16, 1), (21, 6), (18, 5), (15, 1), (21, 7)]",7,0,7
349,"(14, 1)","(15, 1)",West,[],"[(14, 1), (21, 8), (22, 7), (20, 7), (19, 6)]","[(21, 8), (22, 7), (20, 7), (19, 6)]","[(18, 3), (19, 3), (17, 3), (19, 2), (20, 3), (16, 3), (19, 1), (21, 3), (16, 4), (18, 1), (21, 4), (16, 5), (17, 1), (21, 5), (17, 5), (16, 1), (21, 6), (18, 5), (15, 1), (21, 7), (19, 5)]",8,0,8
350,"(14, 1)",,,"[(15, 1) via East, (13, 1) via West]","[(14, 1)]","[(15, 1), (13, 1)]",[],0,0,0
351,"(15, 1)","(14, 1)",East,"[(16, 1) via East]","[(15, 1), (13, 1)]","[(13, 1), (16, 1)]","[(14, 1)]",1,0,1
352,"(13, 1)","(14, 1)",West,[],"[(13, 1), (16, 1)]","[(16, 1)]","[(14, 1), (15, 1)]",1,0,1
353,"(13, 1)",,,"[(14, 1) via East, (12, 1) via West]","[(13, 1)]","[(14, 1), (12, 1)]",[],0,0,0
354,"(14, 1)","(13, 1)",East,"[(15, 1) via East]","[(14, 1), (12, 1)]","[(12, 1), (15, 1)]","[(13, 1)]",1,0,1
355,"(12, 1)","(13, 1)",West,[],"[(12, 1), (15, 1)]","[(15, 1)]","[(13, 1), (14, 1)]",1,0,1
356,"(12, 1)",,,"[(13, 1) via East, (11, 1) via West]","[(12, 1)]","[(13, 1), (11, 1)]",[],0,0,0
357,"(13, 1)","(12, 1)",East,"[(14, 1) via East]","[(13, 1), (11, 1)]","[(11, 1), (14, 1)]","[(12, 1)]",1,0,1
358,"(11, 1)","(12, 1)",West,[],"[(11, 1), (14, 1)]","[(14, 1)]","[(12, 1), (13, 1)]",1,0,1
359,"(11, 1)",,,"[(11, 2) via North, (12, 1) via East, (10, 1) via West]","[(11, 1)]","[(11, 2), (12, 1), (10, 1)]",[],0,0,0
360,"(11, 2)","(11, 1)",North,[],"[(11, 2), (12, 1), (10, 1)]","[(12, 1), (10, 1)]","[(11, 1)]",1,0,1
361,"(11, 2)",,,"[(11, 3) via North, (11, 1) via South]","[(11, 2)]","[(11, 3), (11, 1)]",[],0,0,0
362,"(11, 3)","(11, 2)",North,[],"[(11, 3), (11, 1)]","[(11, 1)]","[(11, 2)]",1,0,1
363,"(11, 3)",,,"[(11, 2) via South, (12, 3) via East, (10, 3) via West]","[(11, 3)]","[(11, 2), (12, 3), (10, 3)]",[],0,0,0
364,"(11, 2)","(11, 3)",South,"[(11, 1) via South]","[(11, 2), (12, 3), (10, 3)]","[(12, 3), (10, 3), (11, 1)]","[(11, 3)]",1,0,1
365,"(12, 3)","(11, 3)",East,[],"[(12, 3), (10, 3), (11, 1)]","[(10, 3), (11, 1)]","[(11, 3), (11, 2)]",1,0,1
366,"(12, 3)",,,"[(13, 3) via East, (11, 3) via West]","[(12, 3)]","[(13, 3), (11, 3)]",[],0,0,0
367,"(13, 3)","(12, 3)",East,[],"[(13, 3), (11, 3)]","[(11, 3)]","[(12, 3)]",1,0,1
368,"(13, 3)",,,"[(14, 3) via East, (12, 3) via West]","[(13, 3)]","[(14, 3), (12, 3)]",[],0,0,0
369,"(14, 3)","(13, 3)",East,[],"[(14, 3), (12, 3)]","[(12, 3)]","[(13, 3)]",1,0,1
370,"(14, 3)",,,"[(14, 4) via North, (13, 3) via West]","[(14, 3)]","[(14, 4), (13, 3)]",[],0,0,0
371,"(14, 4)","(14, 3)",North,[],"[(14, 4), (13, 3)]","[(13, 3)]","[(14, 3)]",1,0,1
372,"(14, 4)",,,"[(14, 5) via North, (14, 3) via South]","[(14, 4)]","[(14, 5), (14, 3)]",[],0,0,0
373,"(14, 5)","(14, 4)",North,[],"[(14, 5), (14, 3)]","[(14, 3)]","[(14, 4)]",1,0,1
374,"(14, 5)",,,"[(14, 4) via South, (13, 5) via West]","[(14, 5)]","[(14, 4), (13, 5)]",[],0,0,0
375,"(14, 4)","(14, 5)",South,"[(14, 3) via South]","[(14, 4), (13, 5)]","[(13, 5), (14, 3)]","[(14, 5)]",1,0,1
376,"(13, 5)","(14, 5)",West,[],"[(13, 5), (14, 3)]","[(14, 3)]","[(14, 5), (14, 4)]",1,0,1
377,"(13, 5)",,,"[(14, 5) via East, (12, 5) via West]","[(13, 5)]","[(14, 5), (12, 5)]",[],0,0,0
378,"(14, 5)","(13, 5)",East,"[(14, 4) via South]","[(14, 5), (12, 5)]","[(12, 5), (14, 4)]","[(13, 5)]",1,0,1
379,"(12, 5)","(13, 5)",West,[],"[(12, 5), (14, 4)]","[(14, 4)]","[(13, 5), (14, 5)]",1,0,1
380,"(12, 5)",,,"[(13, 5) via East, (11, 5) via West]","[(12, 5)]","[(13, 5), (11, 5)]",[],0,0,0
381,"(13, 5)","(12, 5)",East,"[(14, 5) via East]","[(13, 5), (11, 5)]","[(11, 5), (14, 5)]","[(12, 5)]",1,0,1
382,"(11, 5)","(12, 5)",West,[],"[(11, 5), (14, 5)]","[(14, 5)]","[(12, 5), (13, 5)]",1,0,1
383,"(11, 5)",,,"[(11, 6) via North, (12, 5) via East]","[(11, 5)]","[(11, 6), (12, 5)]",[],0,0,0
384,"(11, 6)","(11, 5)",North,[],"[(11, 6), (12, 5)]","[(12, 5)]","[(11, 5)]",1,0,1
385,"(11, 6)",,,"[(11, 7) via North, (11, 5) via South]","[(11, 6)]","[(11, 7), (11, 5)]",[],0,0,0
386,"(11, 7)","(11, 6)",North,[],"[(11, 7), (11, 5)]","[(11, 5)]","[(11, 6)]",1,0,1
387,"(11, 7)",,,"[(11, 8) via North, (11, 6) via South, (10, 7) via West]","[(11, 7)]","[(11, 8), (11, 6), (10, 7)]",[],0,0,0
388,"(11, 8)","(11, 7)",North,[],"[(11, 8), (11, 6), (10, 7)]","[(11, 6), (10, 7)]","[(11, 7)]",1,0,1
389,"(11, 8)",,,"[(11, 9) via North, (11, 7) via South]","[(11, 8)]","[(11, 9), (11, 7)]",[],0,0,0
390,"(11, 9)","(11, 8)",North,[],"[(11, 9), (11, 7)]","[(11, 7)]","[(11, 8)]",1,0,1
391,"(11, 9)",,,"[(11, 8) via South, (12, 9) via East]","[(11, 9)]","[(11, 8), (12, 9)]",[],0,0,0
392,"(11, 8)","(11, 9)",South,"[(11, 7) via South]","[(11, 8), (12, 9)]","[(12, 9), (11, 7)]","[(11, 9)]",1,0,1
393,"(12, 9)","(11, 9)",East,[],"[(12, 9), (11, 7)]","[(11, 7)]","[(11, 9), (11, 8)]",1,0,1
394,"(12, 9)",,,"[(13, 9) via East, (11, 9) via West]","[(12, 9)]","[(13, 9), (11, 9)]",[],0,0,0
395,"(13, 9)","(12, 9)",East,[],"[(13, 9), (11, 9)]","[(11, 9)]","[(12, 9)]",1,0,1
396,"(13, 9)",,,"[(14, 9) via East, (12, 9) via West]","[(13, 9)]","[(14, 9), (12, 9)]",[],0,0,0
397,"(14, 9)","(13, 9)",East,[],"[(14, 9), (12, 9)]","[(12, 9)]","[(13, 9)]",1,0,1
398,"(14, 9)",,,"[(14, 10) via North, (15, 9) via East, (13, 9) via West]","[(14, 9)]","[(14, 10), (15, 9), (13, 9)]",[],0,0,0
399,"(14, 10)","(14, 9)",North,[],"[(14, 10), (15, 9), (13, 9)]","[(15, 9), (13, 9)]","[(14, 9)]",1,0,1
400,"(14, 10)",,,"[(14, 11) via North, (14, 9) via South]","[(14, 10)]","[(14, 11), (14, 9)]",[],0,0,0
401,"(14, 11)","(14, 10)",North,[],"[(14, 11), (14, 9)]","[(14, 9)]","[(14, 10)]",1,0,1
402,"(14, 11)",,,"[(14, 10) via South, (13, 11) via West]","[(14, 11)]","[(14, 10), (13, 11)]",[],0,0,0
403,"(14, 10)","(14, 11)",South,"[(14, 9) via South]","[(14, 10), (13, 11)]","[(13, 11), (14, 9)]","[(14, 11)]",1,0,1
404,"(13, 11)","(14, 11)",West,[],"[(13, 11), (14, 9)]","[(14, 9)]","[(14, 11), (14, 10)]",1,0,1
405,"(13, 11)",,,"[(14, 11) via East, (12, 11) via West]","[(13, 11)]","[(14, 11), (12, 11)]",[],0,0,0
406,"(14, 11)","(13, 11)",East,"[(14, 10) via South]","[(14, 11), (12, 11)]","[(12, 11), (14, 10)]","[(13, 11)]",1,0,1
407,"(12, 11)","(13, 11)",West,[],"[(12, 11), (14, 10)]","[(14, 10)]","[(13, 11), (14, 11)]",1,0,1
408,"(12, 11)",,,"[(13, 11) via East, (11, 11) via West]","[(12, 11)]","[(13, 11), (11, 11)]",[],0,0,0
409,"(13, 11)","(12, 11)",East,"[(14, 11) via East]","[(13, 11), (11, 11)]","[(11, 11), (14, 11)]","[(12, 11)]",1,0,1
410,"(11, 11)","(12, 11)",West,[],"[(11, 11), (14, 11)]","[(14, 11)]","[(12, 11), (13, 11)]",1,0,1
411,"(11, 11)",,,"[(11, 12) via North, (12, 11) via East, (10, 11) via West]","[(11, 11)]","[(11, 12), (12, 11), (10, 11)]",[],0,0,0
412,"(11, 12)","(11, 11)",North,[],"[(11, 12), (12, 11), (10, 11)]","[(12, 11), (10, 11)]","[(11, 11)]",1,0,1
413,"(11, 12)",,,"[(11, 13) via North, (11, 11) via South]","[(11, 12)]","[(11, 13), (11, 11)]",[],0,0,0
414,"(11, 13)","(11, 12)",North,[],"[(11, 13), (11, 11)]","[(11, 11)]","[(11, 12)]",1,0,1
415,"(11, 13)",,,"[(11, 12) via South, (12, 13) via East, (10, 13) via West]","[(11, 13)]","[(11, 12), (12, 13), (10, 13)]",[],0,0,0
416,"(11, 12)","(11, 13)",South,"[(11, 11) via South]","[(11, 12), (12, 13), (10, 13)]","[(12, 13), (10, 13), (11, 11)]","[(11, 13)]",1,0,1
417,"(12, 13)","(11, 13)",East,[],"[(12, 13), (10, 13), (11, 11)]","[(10, 13), (11, 11)]","[(11, 13), (11, 12)]",1,0,1
418,"(12, 13)",,,"[(13, 13) via East, (11, 13) via West]","[(12, 13)]","[(13, 13), (11, 13)]",[],0,0,0
419,"(13, 13)","(12, 13)",East,[],"[(13, 13), (11, 13)]","[(11, 13)]","[(12, 13)]",1,0,1
420,"(13, 13)",,,"[(14, 13) via East, (12, 13) via West]","[(13, 13)]","[(14, 13), (12, 13)]",[],0,0,0
421,"(14, 13)","(13, 13)",East,[],"[(14, 13), (12, 13)]","[(12, 13)]","[(13, 13)]",1,0,1
422,"(14, 13)",,,"[(15, 13) via East, (13, 13) via West]","[(14, 13)]","[(15, 13), (13, 13)]",[],0,0,0
423,"(15, 13)","(14, 13)",East,[],"[(15, 13), (13, 13)]","[(13, 13)]","[(14, 13)]",1,0,1
424,"(15, 13)",,,"[(16, 13) via East, (14, 13) via West]","[(15, 13)]","[(16, 13), (14, 13)]",[],0,0,0
425,"(16, 13)","(15, 13)",East,[],"[(16, 13), (14, 13)]","[(14, 13)]","[(15, 13)]",1,0,1
426,"(16, 13)",,,"[(17, 13) via East, (15, 13) via West]","[(16, 13)]","[(17, 13), (15, 13)]",[],0,0,0
427,"(17, 13)","(16, 13)",East,[],"[(17, 13), (15, 13)]","[(15, 13)]","[(16, 13)]",1,0,1
428,"(17, 13)",,,"[(18, 13) via East, (16, 13) via West]","[(17, 13)]","[(18, 13), (16, 13)]",[],0,0,0
429,"(18, 13)","(17, 13)",East,[],"[(18, 13), (16, 13)]","[(16, 13)]","[(17, 13)]",1,0,1
430,"(18, 13)",,,"[(19, 13) via East, (17, 13) via West]","[(18, 13)]","[(19, 13), (17, 13)]",[],0,0,0
431,"(19, 13)","(18, 13)",East,"[(19, 12) via South, (20, 13) via East]","[(19, 13), (17, 13)]","[(17, 13), (19, 12), (20, 13)]","[(18, 13)]",1,0,1
432,"(17, 13)","(18, 13)",West,"[(16, 13) via West]","[(17, 13), (19, 12), (20, 13)]","[(19, 12), (20, 13), (16, 13)]","[(18, 13), (19, 13)]",1,0,1
433,"(19, 12)","(19, 13)",South,"[(19, 11) via South]","[(19, 12), (20, 13), (16, 13)]","[(20, 13), (16, 13), (19, 11)]","[(18, 13), (19, 13), (17, 13)]",2,0,2
434,"(20, 13)","(19, 13)",East,"[(21, 13) via East]","[(20, 13), (16, 13), (19, 11)]","[(16, 13), (19, 11), (21, 13)]","[(18, 13), (19, 13), (17, 13), (19, 12)]",2,0,2
435,"(16, 13)","(17, 13)",West,"[(15, 13) via West]","[(16, 13), (19, 11), (21, 13)]","[(19, 11), (21, 13), (15, 13)]","[(18, 13), (19, 13), (17, 13), (19, 12), (20, 13)]",2,0,2
436,"(19, 11)","(19, 12)",South,"[(20, 11) via East, (18, 11) via West]","[(19, 11), (21, 13), (15, 13)]","[(21, 13), (15, 13), (20, 11), (18, 11)]","[(18, 13), (19, 13), (17, 13), (19, 12), (20, 13), (16, 13)]",3,0,3
437,"(21, 13)","(20, 13)",East,"[(22, 13) via East]","[(21, 13), (15, 13), (20, 11), (18, 11)]","[(15, 13), (20, 11), (18, 11), (22, 13)]","[(18, 13), (19, 13), (17, 13), (19, 12), (20, 13), (16, 13), (19, 11)]",3,0,3
438,"(15, 13)","(16, 13)",West,"[(14, 13) via West]","[(15, 13), (20, 11), (18, 11), (22, 13)]","[(20, 11), (18, 11), (22, 13), (14, 13)]","[(18, 13), (19, 13), (17, 13), (19, 12), (20, 13), (16, 13), (19, 11), (21, 13)]",3,0,3
439,"(20, 11)","(19, 11)",East,"[(21, 11) via East]","[(20, 11), (18, 11), (22, 13), (14, 13)]","[(18, 11), (22, 13), (14, 13), (21, 11)]","[(18, 13), (19, 13), (17, 13), (19, 12), (20, 13), (16, 13), (19, 11), (21, 13), (15, 13)]",4,0,4
440,"(18, 11)","(19, 11)",West,[],"[(18, 11), (22, 13), (14, 13), (21, 11)]","[(22, 13), (14, 13), (21, 11)]","[(18, 13), (19, 13), (17, 13), (19, 12), (20, 13), (16, 13), (19, 11), (21, 13), (15, 13), (20, 11)]",4,0,4
441,"(18, 11)",,,"[(19, 11) via East, (17, 11) via West]","[(18, 11)]","[(19, 11), (17, 11)]",[],0,0,0
442,"(19, 11)","(18, 11)",East,"[(19, 12) via North, (20, 11) via East]","[(19, 11), (17, 11)]","[(17, 11), (19, 12), (20, 11)]","[(18, 11)]",1,0,1
443,"(17, 11)","(18, 11)",West,[],"[(17, 11), (19, 12), (20, 11)]","[(19, 12), (20, 11)]","[(18, 11), (19, 11)]",1,0,1
444,"(17, 11)",,,"[(18, 11) via East, (16, 11) via West]","[(17, 11)]","[(18, 11), (16, 11)]",[],0,0,0
445,"(18, 11)","(17, 11)",East,"[(19, 11) via East]","[(18, 11), (16, 11)]","[(16, 11), (19, 11)]","[(17, 11)]",1,0,1
446,"(16, 11)","(17, 11)",West,[],"[(16, 11), (19, 11)]","[(19, 11)]","[(17, 11), (18, 11)]",1,0,1
447,"(16, 11)",,,"[(16, 10) via South, (17, 11) via East]","[(16, 11)]","[(16, 10), (17, 11)]",[],0,0,0
448,"(16, 10)","(16, 11)",South,[],"[(16, 10), (17, 11)]","[(17, 11)]","[(16, 11)]",1,0,1
449,"(16, 10)",,,"[(16, 11) via North, (16, 9) via South]","[(16, 10)]","[(16, 11), (16, 9)]",[],0,0,0
450,"(16, 11)","(16, 10)",North,"[(17, 11) via East]","[(16, 11), (16, 9)]","[(16, 9), (17, 11)]","[(16, 10)]",1,0,1
451,"(16, 9)","(16, 10)",South,[],"[(16, 9), (17, 11)]","[(17, 11)]","[(16, 10), (16, 11)]",1,0,1
452,"(16, 9)",,,"[(16, 10) via North, (15, 9) via West]","[(16, 9)]","[(16, 10), (15, 9)]",[],0,0,0
453,"(16, 10)","(16, 9)",North,"[(16, 11) via North]","[(16, 10), (15, 9)]","[(15, 9), (16, 11)]","[(16, 9)]",1,0,1
454,"(15, 9)","(16, 9)",West,[],"[(15, 9), (16, 11)]","[(16, 11)]","[(16, 9), (16, 10)]",1,0,1
455,"(15, 9)",,,"[(15, 8) via South, (16, 9) via East, (14, 9) via West]","[(15, 9)]","[(15, 8), (16, 9), (14, 9)]",[],0,0,0
456,"(15, 8)","(15, 9)",South,"[(15, 7) via South]","[(15, 8), (16, 9), (14, 9)]","[(16, 9), (14, 9), (15, 7)]","[(15, 9)]",1,0,1
457,"(16, 9)","(15, 9)",East,"[(16, 10) via North]","[(16, 9), (14, 9), (15, 7)]","[(14, 9), (15, 7), (16, 10)]","[(15, 9), (15, 8)]",1,0,1
458,"(14, 9)","(15, 9)",West,"[(14, 10) via North, (13, 9) via West]","[(14, 9), (15, 7), (16, 10)]","[(15, 7), (16, 10), (14, 10), (13, 9)]","[(15, 9), (15, 8), (16, 9)]",1,0,1
459,"(15, 7)","(15, 8)",South,"[(16, 7) via East, (14, 7) via West]","[(15, 7), (16, 10), (14, 10), (13, 9)]","[(16, 10), (14, 10), (13, 9), (16, 7), (14, 7)]","[(15, 9), (15, 8), (16, 9), (14, 9)]",2,0,2
460,"(16, 10)","(16, 9)",North,"[(16, 11) via North]","[(16, 10), (14, 10), (13, 9), (16, 7), (14, 7)]","[(14, 10), (13, 9), (16, 7), (14, 7), (16, 11)]","[(15, 9), (15, 8), (16, 9), (14, 9), (15, 7)]",2,0,2
461,"(14, 10)","(14, 9)",North,"[(14, 11) via North]","[(14, 10), (13, 9), (16, 7), (14, 7), (16, 11)]","[(13, 9), (16, 7), (14, 7), (16, 11), (14, 11)]","[(15, 9), (15, 8), (16, 9), (14, 9), (15, 7), (16, 10)]",2,0,2
462,"(13, 9)","(14, 9)",West,"[(12, 9) via West]","[(13, 9), (16, 7), (14, 7), (16, 11), (14, 11)]","[(16, 7), (14, 7), (16, 11), (14, 11), (12, 9)]","[(15, 9), (15, 8), (16, 9), (14, 9), (15, 7), (16, 10), (14, 10)]",2,0,2
463,"(16, 7)","(15, 7)",East,"[(17, 7) via East]","[(16, 7), (14, 7), (16, 11), (14, 11), (12, 9)]","[(14, 7), (16, 11), (14, 11), (12, 9), (17, 7)]","[(15, 9), (15, 8), (16, 9), (14, 9), (15, 7), (16, 10), (14, 10), (13, 9)]",3,0,3
464,"(14, 7)","(15, 7)",West,"[(13, 7) via West]","[(14, 7), (16, 11), (14, 11), (12, 9), (17, 7)]","[(16, 11), (14, 11), (12, 9), (17, 7), (13, 7)]","[(15, 9), (15, 8), (16, 9), (14, 9), (15, 7), (16, 10), (14, 10), (13, 9), (16, 7)]",3,0,3
465,"(16, 11)","(16, 10)",North,"[(17, 11) via East]","[(16, 11), (14, 11), (12, 9), (17, 7), (13, 7)]","[(14, 11), (12, 9), (17, 7), (13, 7), (17, 11)]","[(15, 9), (15, 8), (16, 9), (14, 9), (15, 7), (16, 10), (14, 10), (13, 9), (16, 7), (14, 7)]",3,0,3
466,"(14, 11)","(14, 10)",North,"[(13, 11) via West]","[(14, 11), (12, 9), (17, 7), (13, 7), (17, 11)]","[(12, 9), (17, 7), (13, 7), (17, 11), (13, 11)]","[(15, 9), (15, 8), (16, 9), (14, 9), (15, 7), (16, 10), (14, 10), (13, 9), (16, 7), (14, 7), (16, 11)]",3,0,3
467,"(12, 9)","(13, 9)",West,"[(11, 9) via West]","[(12, 9), (17, 7), (13, 7), (17, 11), (13, 11)]","[(17, 7), (13, 7), (17, 11), (13, 11), (11, 9)]","[(15, 9), (15, 8), (16, 9), (14, 9), (15, 7), (16, 10), (14, 10), (13, 9), (16, 7), (14, 7), (16, 11), (14, 11)]",3,0,3
468,"(17, 7)","(16, 7)",East,[],"[(17, 7), (13, 7), (17, 11), (13, 11), (11, 9)]","[(13, 7), (17, 11), (13, 11), (11, 9)]","[(15, 9), (15, 8), (16, 9), (14, 9), (15, 7), (16, 10), (14, 10), (13, 9), (16, 7), (14, 7), (16, 11), (14, 11), (12, 9)]",4,0,4
469,"(13, 7)","(14, 7)",West,[],"[(13, 7), (17, 11), (13, 11), (11, 9)]","[(17, 11), (13, 11), (11, 9)]","[(15, 9), (15, 8), (16, 9), (14, 9), (15, 7), (16, 10), (14, 10), (13, 9), (16, 7), (14, 7), (16, 11), (14, 11), (12, 9), (17, 7)]",4,0,4
470,"(17, 11)","(16, 11)",East,"[(18, 11) via East]","[(17, 11), (13, 11), (11, 9)]","[(13, 11), (11, 9), (18, 11)]","[(15, 9), (15, 8), (16, 9), (14, 9), (15, 7), (16, 10), (14, 10), (13, 9), (16, 7), (14, 7), (16, 11), (14, 11), (12, 9), (17, 7), (13, 7)]",4,0,4
471,"(13, 11)","(14, 11)",West,"[(12, 11) via West]","[(13, 11), (11, 9), (18, 11)]","[(11, 9), (18, 11), (12, 11)]","[(15, 9), (15, 8), (16, 9), (14, 9), (15, 7), (16, 10), (14, 10), (13, 9), (16, 7), (14, 7), (16, 11), (14, 11), (12, 9), (17, 7), (13, 7), (17, 11)]",4,0,4
472,"(11, 9)","(12, 9)",West,"[(11, 8) via South]","[(11, 9), (18, 11), (12, 11)]","[(18, 11), (12, 11), (11, 8)]","[(15, 9), (15, 8), (16, 9), (14, 9), (15, 7), (16, 10), (14, 10), (13, 9), (16, 7), (14, 7), (16, 11), (14, 11), (12, 9), (17, 7), (13, 7), (17, 11), (13, 11)]",4,0,4
473,"(18, 11)","(17, 11)",East,"[(19, 11) via East]","[(18, 11), (12, 11), (11, 8)]","[(12, 11), (11, 8), (19, 11)]","[(15, 9), (15, 8), (16, 9), (14, 9), (15, 7), (16, 10), (14, 10), (13, 9), (16, 7), (14, 7), (16, 11), (14, 11), (12, 9), (17, 7), (13, 7), (17, 11), (13, 11), (11, 9)]",5,0,5
474,"(12, 11)","(13, 11)",West,"[(11, 11) via West]","[(12, 11), (11, 8), (19, 11)]","[(11, 8), (19, 11), (11, 11)]","[(15, 9), (15, 8), (16, 9), (14, 9), (15, 7), (16, 10), (14, 10), (13, 9), (16, 7), (14, 7), (16, 11), (14, 11), (12, 9), (17, 7), (13, 7), (17, 11), (13, 11), (11, 9), (18, 11)]",5,0,5
475,"(11, 8)","(11, 9)",South,"[(11, 7) via South]","[(11, 8), (19, 11), (11, 11)]","[(19, 11), (11, 11), (11, 7)]","[(15, 9), (15, 8), (16, 9), (14, 9), (15, 7), (16, 10), (14, 10), (13, 9), (16, 7), (14, 7), (16, 11), (14, 11), (12, 9), (17, 7), (13, 7), (17, 11), (13, 11), (11, 9), (18, 11), (12, 11)]",5,0,5
476,"(19, 11)","(18, 11)",East,"[(19, 12) via North, (20, 11) via East]","[(19, 11), (11, 11), (11, 7)]","[(11, 11), (11, 7), (19, 12), (20, 11)]","[(15, 9), (15, 8), (16, 9), (14, 9), (15, 7), (16, 10), (14, 10), (13, 9), (16, 7), (14, 7), (16, 11), (14, 11), (12, 9), (17, 7), (13, 7), (17, 11), (13, 11), (11, 9), (18, 11), (12, 11), (11, 8)]",6,0,6
477,"(11, 11)","(12, 11)",West,"[(11, 12) via North, (10, 11) via West]","[(11, 11), (11, 7), (19, 12), (20, 11)]","[(11, 7), (19, 12), (20, 11), (11, 12), (10, 11)]","[(15, 9), (15, 8), (16, 9), (14, 9), (15, 7), (16, 10), (14, 10), (13, 9), (16, 7), (14, 7), (16, 11), (14, 11), (12, 9), (17, 7), (13, 7), (17, 11), (13, 11), (11, 9), (18, 11), (12, 11), (11, 8), (19, 11)]",6,0,6
478,"(11, 7)","(11, 8)",South,"[(11, 6) via South, (10, 7) via West]","[(11, 7), (19, 12), (20, 11), (11, 12), (10, 11)]","[(19, 12), (20, 11), (11, 12), (10, 11), (11, 6), (10, 7)]","[(15, 9), (15, 8), (16, 9), (14, 9), (15, 7), (16, 10), (14, 10), (13, 9), (16, 7), (14, 7), (16, 11), (14, 11), (12, 9), (17, 7), (13, 7), (17, 11), (13, 11), (11, 9), (18, 11), (12, 11), (11, 8), (19, 11), (11, 11)]",6,0,6
479,"(19, 12)","(19, 11)",North,"[(19, 13) via North]","[(19, 12), (20, 11), (11, 12), (10, 11), (11, 6), (10, 7)]","[(20, 11), (11, 12), (10, 11), (11, 6), (10, 7), (19, 13)]","[(15, 9), (15, 8), (16, 9), (14, 9), (15, 7), (16, 10), (14, 10), (13, 9), (16, 7), (14, 7), (16, 11), (14, 11), (12, 9), (17, 7), (13, 7), (17, 11), (13, 11), (11, 9), (18, 11), (12, 11), (11, 8), (19, 11), (11, 11), (11, 7)]",7,0,7
480,"(20, 11)","(19, 11)",East,"[(21, 11) via East]","[(20, 11), (11, 12), (10, 11), (11, 6), (10, 7), (19, 13)]","[(11, 12), (10, 11), (11, 6), (10, 7), (19, 13), (21, 11)]","[(15, 9), (15, 8), (16, 9), (14, 9), (15, 7), (16, 10), (14, 10), (13, 9), (16, 7), (14, 7), (16, 11), (14, 11), (12, 9), (17, 7), (13, 7), (17, 11), (13, 11), (11, 9), (18, 11), (12, 11), (11, 8), (19, 11), (11, 11), (11, 7), (19, 12)]",7,0,7
481,"(11, 12)","(11, 11)",North,"[(11, 13) via North]","[(11, 12), (10, 11), (11, 6), (10, 7), (19, 13), (21, 11)]","[(10, 11), (11, 6), (10, 7), (19, 13), (21, 11), (11, 13)]","[(15, 9), (15, 8), (16, 9), (14, 9), (15, 7), (16, 10), (14, 10), (13, 9), (16, 7), (14, 7), (16, 11), (14, 11), (12, 9), (17, 7), (13, 7), (17, 11), (13, 11), (11, 9), (18, 11), (12, 11), (11, 8), (19, 11), (11, 11), (11, 7), (19, 12), (20, 11)]",7,0,7
482,"(10, 11)","(11, 11)",West,[],"[(10, 11), (11, 6), (10, 7), (19, 13), (21, 11), (11, 13)]","[(11, 6), (10, 7), (19, 13), (21, 11), (11, 13)]","[(15, 9), (15, 8), (16, 9), (14, 9), (15, 7), (16, 10), (14, 10), (13, 9), (16, 7), (14, 7), (16, 11), (14, 11), (12, 9), (17, 7), (13, 7), (17, 11), (13, 11), (11, 9), (18, 11), (12, 11), (11, 8), (19, 11), (11, 11), (11, 7), (19, 12), (20, 11), (11, 12)]",7,0,7
483,"(10, 11)",,,"[(11, 11) via East, (9, 11) via West]","[(10, 11)]","[(11, 11), (9, 11)]",[],0,0,0
484,"(11, 11)","(10, 11)",East,"[(11, 12) via North, (12, 11) via East]","[(11, 11), (9, 11)]","[(9, 11), (11, 12), (12, 11)]","[(10, 11)]",1,0,1
485,"(9, 11)","(10, 11)",West,[],"[(9, 11), (11, 12), (12, 11)]","[(11, 12), (12, 11)]","[(10, 11), (11, 11)]",1,0,1
486,"(9, 11)",,,"[(9, 10) via South, (10, 11) via East]","[(9, 11)]","[(9, 10), (10, 11)]",[],0,0,0
487,"(9, 10)","(9, 11)",South,[],"[(9, 10), (10, 11)]","[(10, 11)]","[(9, 11)]",1,0,1
488,"(9, 10)",,,"[(9, 11) via North, (9, 9) via South]","[(9, 10)]","[(9, 11), (9, 9)]",[],0,0,0
489,"(9, 11)","(9, 10)",North,"[(10, 11) via East]","[(9, 11), (9, 9)]","[(9, 9), (10, 11)]","[(9, 10)]",1,0,1
490,"(9, 9)","(9, 10)",South,[],"[(9, 9), (10, 11)]","[(10, 11)]","[(9, 10), (9, 11)]",1,0,1
491,"(9, 9)",,,"[(9, 10) via North, (9, 8) via South]","[(9, 9)]","[(9, 10), (9, 8)]",[],0,0,0
492,"(9, 10)","(9, 9)",North,"[(9, 11) via North]","[(9, 10), (9, 8)]","[(9, 8), (9, 11)]","[(9, 9)]",1,0,1
493,"(9, 8)","(9, 9)",South,[],"[(9, 8), (9, 11)]","[(9, 11)]","[(9, 9), (9, 10)]",1,0,1
494,"(9, 8)",,,"[(9, 9) via North, (9, 7) via South]","[(9, 8)]","[(9, 9), (9, 7)]",[],0,0,0
495,"(9, 9)","(9, 8)",North,"[(9, 10) via North]","[(9, 9), (9, 7)]","[(9, 7), (9, 10)]","[(9, 8)]",1,0,1
496,"(9, 7)","(9, 8)",South,[],"[(9, 7), (9, 10)]","[(9, 10)]","[(9, 8), (9, 9)]",1,0,1
497,"(9, 7)",,,"[(9, 8) via North, (10, 7) via East, (8, 7) via West]","[(9, 7)]","[(9, 8), (10, 7), (8, 7)]",[],0,0,0
498,"(9, 8)","(9, 7)",North,"[(9, 9) via North]","[(9, 8), (10, 7), (8, 7)]","[(10, 7), (8, 7), (9, 9)]","[(9, 7)]",1,0,1
499,"(10, 7)","(9, 7)",East,[],"[(10, 7), (8, 7), (9, 9)]","[(8, 7), (9, 9)]","[(9, 7), (9, 8)]",1,0,1
500,"(10, 7)",,,"[(11, 7) via East, (9, 7) via West]","[(10, 7)]","[(11, 7), (9, 7)]",[],0,0,0
501,"(11, 7)","(10, 7)",East,"[(11, 8) via North, (11, 6) via South]","[(11, 7), (9, 7)]","[(9, 7), (11, 8), (11, 6)]","[(10, 7)]",1,0,1
502,"(9, 7)","(10, 7)",West,"[(9, 8) via North, (8, 7) via West]","[(9, 7), (11, 8), (11, 6)]","[(11, 8), (11, 6), (9, 8), (8, 7)]","[(10, 7), (11, 7)]",1,0,1
503,"(11, 8)","(11, 7)",North,"[(11, 9) via North]","[(11, 8), (11, 6), (9, 8), (8, 7)]","[(11, 6), (9, 8), (8, 7), (11, 9)]","[(10, 7), (11, 7), (9, 7)]",2,0,2
504,"(11, 6)","(11, 7)",South,"[(11, 5) via South]","[(11, 6), (9, 8), (8, 7), (11, 9)]","[(9, 8), (8, 7), (11, 9), (11, 5)]","[(10, 7), (11, 7), (9, 7), (11, 8)]",2,0,2
505,"(9, 8)","(9, 7)",North,"[(9, 9) via North]","[(9, 8), (8, 7), (11, 9), (11, 5)]","[(8, 7), (11, 9), (11, 5), (9, 9)]","[(10, 7), (11, 7), (9, 7), (11, 8), (11, 6)]",2,0,2
506,"(8, 7)","(9, 7)",West,[],"[(8, 7), (11, 9), (11, 5), (9, 9)]","[(11, 9), (11, 5), (9, 9)]","[(10, 7), (11, 7), (9, 7), (11, 8), (11, 6), (9, 8)]",2,0,2
507,"(8, 7)",,,"[(9, 7) via East, (7, 7) via West]","[(8, 7)]","[(9, 7), (7, 7)]",[],0,0,0
508,"(9, 7)","(8, 7)",East,"[(9, 8) via North, (10, 7) via East]","[(9, 7), (7, 7)]","[(7, 7), (9, 8), (10, 7)]","[(8, 7)]",1,0,1
509,"(7, 7)","(8, 7)",West,[],"[(7, 7), (9, 8), (10, 7)]","[(9, 8), (10, 7)]","[(8, 7), (9, 7)]",1,0,1
510,"(7, 7)",,,"[(8, 7) via East, (6, 7) via West]","[(7, 7)]","[(8, 7), (6, 7)]",[],0,0,0
511,"(8, 7)","(7, 7)",East,"[(9, 7) via East]","[(8, 7), (6, 7)]","[(6, 7), (9, 7)]","[(7, 7)]",1,0,1
512,"(6, 7)","(7, 7)",West,[],"[(6, 7), (9, 7)]","[(9, 7)]","[(7, 7), (8, 7)]",1,0,1
513,"(6, 7)",,,"[(7, 7) via East, (5, 7) via West]","[(6, 7)]","[(7, 7), (5, 7)]",[],0,0,0
514,"(7, 7)","(6, 7)",East,"[(8, 7) via East]","[(7, 7), (5, 7)]","[(5, 7), (8, 7)]","[(6, 7)]",1,0,1
515,"(5, 7)","(6, 7)",West,[],"[(5, 7), (8, 7)]","[(8, 7)]","[(6, 7), (7, 7)]",1,0,1
516,"(5, 7)",,,"[(5, 8) via North, (5, 6) via South, (6, 7) via East]","[(5, 7)]","[(5, 8), (5, 6), (6, 7)]",[],0,0,0
517,"(5, 8)","(5, 7)",North,[],"[(5, 8), (5, 6), (6, 7)]","[(5, 6), (6, 7)]","[(5, 7)]",1,0,1
518,"(5, 8)",,,"[(5, 9) via North, (5, 7) via South]","[(5, 8)]","[(5, 9), (5, 7)]",[],0,0,0
519,"(5, 9)","(5, 8)",North,[],"[(5, 9), (5, 7)]","[(5, 7)]","[(5, 8)]",1,0,1
520,"(5, 9)",,,"[(5, 8) via South]","[(5, 9)]","[(5, 8)]",[],0,0,0
521,"(5, 8)","(5, 9)",South,"[(5, 7) via South]","[(5, 8)]","[(5, 7)]","[(5, 9)]",1,0,1
522,"(5, 7)","(5, 8)",South,"[(5, 6) via South, (6, 7) via East]","[(5, 7)]","[(5, 6), (6, 7)]","[(5, 9), (5, 8)]",2,0,2
523,"(5, 6)","(5, 7)",South,[],"[(5, 6), (6, 7)]","[(6, 7)]","[(5, 9), (5, 8), (5, 7)]",3,0,3
524,"(5, 6)",,,"[(5, 7) via North, (5, 5) via South]","[(5, 6)]","[(5, 7), (5, 5)]",[],0,0,0
525,"(5, 7)","(5, 6)",North,"[(5, 8) via North, (6, 7) via East]","[(5, 7), (5, 5)]","[(5, 5), (5, 8), (6, 7)]","[(5, 6)]",1,0,1
526,"(5, 5)","(5, 6)",South,[],"[(5, 5), (5, 8), (6, 7)]","[(5, 8), (6, 7)]","[(5, 6), (5, 7)]",1,0,1
527,"(5, 5)",,,"[(5, 6) via North, (6, 5) via East]","[(5, 5)]","[(5, 6), (6, 5)]",[],0,0,0
528,"(5, 6)","(5, 5)",North,"[(5, 7) via North]","[(5, 6), (6, 5)]","[(6, 5), (5, 7)]","[(5, 5)]",1,0,1
529,"(6, 5)","(5, 5)",East,[],"[(6, 5), (5, 7)]","[(5, 7)]","[(5, 5), (5, 6)]",1,0,1
530,"(6, 5)",,,"[(7, 5) via East, (5, 5) via West]","[(6, 5)]","[(7, 5), (5, 5)]",[],0,0,0
531,"(7, 5)","(6, 5)",East,[],"[(7, 5), (5, 5)]","[(5, 5)]","[(6, 5)]",1,0,1
532,"(7, 5)",,,"[(7, 4) via South, (6, 5) via West]","[(7, 5)]","[(7, 4), (6, 5)]",[],0,0,0
533,"(7, 4)","(7, 5)",South,[],"[(7, 4), (6, 5)]","[(6, 5)]","[(7, 5)]",1,0,1
534,"(7, 4)",,,"[(7, 5) via North, (7, 3) via South]","[(7, 4)]","[(7, 5), (7, 3)]",[],0,0,0
535,"(7, 5)","(7, 4)",North,"[(6, 5) via West]","[(7, 5), (7, 3)]","[(7, 3), (6, 5)]","[(7, 4)]",1,0,1
536,"(7, 3)","(7, 4)",South,[],"[(7, 3), (6, 5)]","[(6, 5)]","[(7, 4), (7, 5)]",1,0,1
537,"(7, 3)",,,"[(7, 4) via North, (7, 2) via South, (6, 3) via West]","[(7, 3)]","[(7, 4), (7, 2), (6, 3)]",[],0,0,0
538,"(7, 4)","(7, 3)",North,"[(7, 5) via North]","[(7, 4), (7, 2), (6, 3)]","[(7, 2), (6, 3), (7, 5)]","[(7, 3)]",1,0,1
539,"(7, 2)","(7, 3)",South,[],"[(7, 2), (6, 3), (7, 5)]","[(6, 3), (7, 5)]","[(7, 3), (7, 4)]",1,0,1
540,"(7, 2)",,,"[(7, 3) via North, (7, 1) via South]","[(7, 2)]","[(7, 3), (7, 1)]",[],0,0,0
541,"(7, 3)","(7, 2)",North,"[(7, 4) via North, (6, 3) via West]","[(7, 3), (7, 1)]","[(7, 1), (7, 4), (6, 3)]","[(7, 2)]",1,0,1
542,"(7, 1)","(7, 2)",South,[],"[(7, 1), (7, 4), (6, 3)]","[(7, 4), (6, 3)]","[(7, 2), (7, 3)]",1,0,1
543,"(7, 1)",,,"[(7, 2) via North, (8, 1) via East]","[(7, 1)]","[(7, 2), (8, 1)]",[],0,0,0
544,"(7, 2)","(7, 1)",North,"[(7, 3) via North]","[(7, 2), (8, 1)]","[(8, 1), (7, 3)]","[(7, 1)]",1,0,1
545,"(8, 1)","(7, 1)",East,[],"[(8, 1), (7, 3)]","[(7, 3)]","[(7, 1), (7, 2)]",1,0,1
546,"(8, 1)",,,"[(9, 1) via East, (7, 1) via West]","[(8, 1)]","[(9, 1), (7, 1)]",[],0,0,0
547,"(9, 1)","(8, 1)",East,[],"[(9, 1), (7, 1)]","[(7, 1)]","[(8, 1)]",1,0,1
548,"(9, 1)",,,"[(10, 1) via East, (8, 1) via West]","[(9, 1)]","[(10, 1), (8, 1)]",[],0,0,0
549,"(10, 1)","(9, 1)",East,[],"[(10, 1), (8, 1)]","[(8, 1)]","[(9, 1)]",1,0,1
550,"(10, 1)",,,"[(11, 1) via East, (9, 1) via West]","[(10, 1)]","[(11, 1), (9, 1)]",[],0,0,0
551,"(11, 1)","(10, 1)",East,"[(11, 2) via North, (12, 1) via East]","[(11, 1), (9, 1)]","[(9, 1), (11, 2), (12, 1)]","[(10, 1)]",1,0,1
552,"(9, 1)","(10, 1)",West,"[(8, 1) via West]","[(9, 1), (11, 2), (12, 1)]","[(11, 2), (12, 1), (8, 1)]","[(10, 1), (11, 1)]",1,0,1
553,"(11, 2)","(11, 1)",North,"[(11, 3) via North]","[(11, 2), (12, 1), (8, 1)]","[(12, 1), (8, 1), (11, 3)]","[(10, 1), (11, 1), (9, 1)]",2,0,2
554,"(12, 1)","(11, 1)",East,"[(13, 1) via East]","[(12, 1), (8, 1), (11, 3)]","[(8, 1), (11, 3), (13, 1)]","[(10, 1), (11, 1), (9, 1), (11, 2)]",2,0,2
555,"(8, 1)","(9, 1)",West,"[(7, 1) via West]","[(8, 1), (11, 3), (13, 1)]","[(11, 3), (13, 1), (7, 1)]","[(10, 1), (11, 1), (9, 1), (11, 2), (12, 1)]",2,0,2
556,"(11, 3)","(11, 2)",North,"[(12, 3) via East, (10, 3) via West]","[(11, 3), (13, 1), (7, 1)]","[(13, 1), (7, 1), (12, 3), (10, 3)]","[(10, 1), (11, 1), (9, 1), (11, 2), (12, 1), (8, 1)]",3,0,3
557,"(13, 1)","(12, 1)",East,"[(14, 1) via East]","[(13, 1), (7, 1), (12, 3), (10, 3)]","[(7, 1), (12, 3), (10, 3), (14, 1)]","[(10, 1), (11, 1), (9, 1), (11, 2), (12, 1), (8, 1), (11, 3)]",3,0,3
558,"(7, 1)","(8, 1)",West,"[(7, 2) via North]","[(7, 1), (12, 3), (10, 3), (14, 1)]","[(12, 3), (10, 3), (14, 1), (7, 2)]","[(10, 1), (11, 1), (9, 1), (11, 2), (12, 1), (8, 1), (11, 3), (13, 1)]",3,0,3
559,"(12, 3)","(11, 3)",East,"[(13, 3) via East]","[(12, 3), (10, 3), (14, 1), (7, 2)]","[(10, 3), (14, 1), (7, 2), (13, 3)]","[(10, 1), (11, 1), (9, 1), (11, 2), (12, 1), (8, 1), (11, 3), (13, 1), (7, 1)]",4,0,4
560,"(10, 3)","(11, 3)",West,[],"[(10, 3), (14, 1), (7, 2), (13, 3)]","[(14, 1), (7, 2), (13, 3)]","[(10, 1), (11, 1), (9, 1), (11, 2), (12, 1), (8, 1), (11, 3), (13, 1), (7, 1), (12, 3)]",4,0,4
561,"(10, 3)",,,"[(11, 3) via East, (9, 3) via West]","[(10, 3)]","[(11, 3), (9, 3)]",[],0,0,0
562,"(11, 3)","(10, 3)",East,"[(11, 2) via South, (12, 3) via East]","[(11, 3), (9, 3)]","[(9, 3), (11, 2), (12, 3)]","[(10, 3)]",1,0,1
563,"(9, 3)","(10, 3)",West,[],"[(9, 3), (11, 2), (12, 3)]","[(11, 2), (12, 3)]","[(10, 3), (11, 3)]",1,0,1
564,"(9, 3)",,,"[(9, 4) via North, (10, 3) via East]","[(9, 3)]","[(9, 4), (10, 3)]",[],0,0,0
565,"(9, 4)","(9, 3)",North,[],"[(9, 4), (10, 3)]","[(10, 3)]","[(9, 3)]",1,0,1
566,"(9, 4)",,,"[(9, 5) via North, (9, 3) via South]","[(9, 4)]","[(9, 5), (9, 3)]",[],0,0,0
567,"(9, 5)","(9, 4)",North,[],"[(9, 5), (9, 3)]","[(9, 3)]","[(9, 4)]",1,0,1
568,"(9, 5)",,,"[(9, 4) via South]","[(9, 5)]","[(9, 4)]",[],0,0,0
569,"(9, 4)","(9, 5)",South,"[(9, 3) via South]","[(9, 4)]","[(9, 3)]","[(9, 5)]",1,0,1
570,"(9, 3)","(9, 4)",South,"[(10, 3) via East]","[(9, 3)]","[(10, 3)]","[(9, 5), (9, 4)]",2,0,2
571,"(10, 3)","(9, 3)",East,"[(11, 3) via East]","[(10, 3)]","[(11, 3)]","[(9, 5), (9, 4), (9, 3)]",3,0,3
572,"(11, 3)","(10, 3)",East,"[(11, 2) via South, (12, 3) via East]","[(11, 3)]","[(11, 2), (12, 3)]","[(9, 5), (9, 4), (9, 3), (10, 3)]",4,0,4
573,"(11, 2)","(11, 3)",South,"[(11, 1) via South]","[(11, 2), (12, 3)]","[(12, 3), (11, 1)]","[(9, 5), (9, 4), (9, 3), (10, 3), (11, 3)]",5,0,5
574,"(12, 3)","(11, 3)",East,"[(13, 3) via East]","[(12, 3), (11, 1)]","[(11, 1), (13, 3)]","[(9, 5), (9, 4), (9, 3), (10, 3), (11, 3), (11, 2)]",5,0,5
575,"(11, 1)","(11, 2)",South,"[(12, 1) via East, (10, 1) via West]","[(11, 1), (13, 3)]","[(13, 3), (12, 1), (10, 1)]","[(9, 5), (9, 4), (9, 3), (10, 3), (11, 3), (11, 2), (12, 3)]",6,0,6
576,"(13, 3)","(12, 3)",East,"[(14, 3) via East]","[(13, 3), (12, 1), (10, 1)]","[(12, 1), (10, 1), (14, 3)]","[(9, 5), (9, 4), (9, 3), (10, 3), (11, 3), (11, 2), (12, 3), (11, 1)]",6,0,6
577,"(12, 1)","(11, 1)",East,"[(13, 1) via East]","[(12, 1), (10, 1), (14, 3)]","[(10, 1), (14, 3), (13, 1)]","[(9, 5), (9, 4), (9, 3), (10, 3), (11, 3), (11, 2), (12, 3), (11, 1), (13, 3)]",7,0,7
578,"(10, 1)","(11, 1)",West,"[(9, 1) via West]","[(10, 1), (14, 3), (13, 1)]","[(14, 3), (13, 1), (9, 1)]","[(9, 5), (9, 4), (9, 3), (10, 3), (11, 3), (11, 2), (12, 3), (11, 1), (13, 3), (12, 1)]",7,0,7
579,"(14, 3)","(13, 3)",East,"[(14, 4) via North]","[(14, 3), (13, 1), (9, 1)]","[(13, 1), (9, 1), (14, 4)]","[(9, 5), (9, 4), (9, 3), (10, 3), (11, 3), (11, 2), (12, 3), (11, 1), (13, 3), (12, 1), (10, 1)]",7,0,7
580,"(13, 1)","(12, 1)",East,"[(14, 1) via East]","[(13, 1), (9, 1), (14, 4)]","[(9, 1), (14, 4), (14, 1)]","[(9, 5), (9, 4), (9, 3), (10, 3), (11, 3), (11, 2), (12, 3), (11, 1), (13, 3), (12, 1), (10, 1), (14, 3)]",8,0,8
581,"(9, 1)","(10, 1)",West,"[(8, 1) via West]","[(9, 1), (14, 4), (14, 1)]","[(14, 4), (14, 1), (8, 1)]","[(9, 5), (9, 4), (9, 3), (10, 3), (11, 3), (11, 2), (12, 3), (11, 1), (13, 3), (12, 1), (10, 1), (14, 3), (13, 1)]",8,0,8
582,"(14, 4)","(14, 3)",North,"[(14, 5) via North]","[(14, 4), (14, 1), (8, 1)]","[(14, 1), (8, 1), (14, 5)]","[(9, 5), (9, 4), (9, 3), (10, 3), (11, 3), (11, 2), (12, 3), (11, 1), (13, 3), (12, 1), (10, 1), (14, 3), (13, 1), (9, 1)]",8,0,8
583,"(14, 1)","(13, 1)",East,"[(15, 1) via East]","[(14, 1), (8, 1), (14, 5)]","[(8, 1), (14, 5), (15, 1)]","[(9, 5), (9, 4), (9, 3), (10, 3), (11, 3), (11, 2), (12, 3), (11, 1), (13, 3), (12, 1), (10, 1), (14, 3), (13, 1), (9, 1), (14, 4)]",9,0,9
584,"(8, 1)","(9, 1)",West,"[(7, 1) via West]","[(8, 1), (14, 5), (15, 1)]","[(14, 5), (15, 1), (7, 1)]","[(9, 5), (9, 4), (9, 3), (10, 3), (11, 3), (11, 2), (12, 3), (11, 1), (13, 3), (12, 1), (10, 1), (14, 3), (13, 1), (9, 1), (14, 4), (14, 1)]",9,0,9
585,"(14, 5)","(14, 4)",North,"[(13, 5) via West]","[(14, 5), (15, 1), (7, 1)]","[(15, 1), (7, 1), (13, 5)]","[(9, 5), (9, 4), (9, 3), (10, 3), (11, 3), (11, 2), (12, 3), (11, 1), (13, 3), (12, 1), (10, 1), (14, 3), (13, 1), (9, 1), (14, 4), (14, 1), (8, 1)]",9,0,9
586,"(15, 1)","(14, 1)",East,"[(16, 1) via East]","[(15, 1), (7, 1), (13, 5)]","[(7, 1), (13, 5), (16, 1)]","[(9, 5), (9, 4), (9, 3), (10, 3), (11, 3), (11, 2), (12, 3), (11, 1), (13, 3), (12, 1), (10, 1), (14, 3), (13, 1), (9, 1), (14, 4), (14, 1), (8, 1), (14, 5)]",10,0,10
587,"(7, 1)","(8, 1)",West,"[(7, 2) via North]","[(7, 1), (13, 5), (16, 1)]","[(13, 5), (16, 1), (7, 2)]","[(9, 5), (9, 4), (9, 3), (10, 3), (11, 3), (11, 2), (12, 3), (11, 1), (13, 3), (12, 1), (10, 1), (14, 3), (13, 1), (9, 1), (14, 4), (14, 1), (8, 1), (14, 5), (15, 1)]",10,0,10
588,"(13, 5)","(14, 5)",West,"[(12, 5) via West]","[(13, 5), (16, 1), (7, 2)]","[(16, 1), (7, 2), (12, 5)]","[(9, 5), (9, 4), (9, 3), (10, 3), (11, 3), (11, 2), (12, 3), (11, 1), (13, 3), (12, 1), (10, 1), (14, 3), (13, 1), (9, 1), (14, 4), (14, 1), (8, 1), (14, 5), (15, 1), (7, 1)]",10,0,10
589,"(16, 1)","(15, 1)",East,"[(17, 1) via East]","[(16, 1), (7, 2), (12, 5)]","[(7, 2), (12, 5), (17, 1)]","[(9, 5), (9, 4), (9, 3), (10, 3), (11, 3), (11, 2), (12, 3), (11, 1), (13, 3), (12, 1), (10, 1), (14, 3), (13, 1), (9, 1), (14, 4), (14, 1), (8, 1), (14, 5), (15, 1), (7, 1), (13, 5)]",11,0,11
590,"(7, 2)","(7, 1)",North,"[(7, 3) via North]","[(7, 2), (12, 5), (17, 1)]","[(12, 5), (17, 1), (7, 3)]","[(9, 5), (9, 4), (9, 3), (10, 3), (11, 3), (11, 2), (12, 3), (11, 1), (13, 3), (12, 1), (10, 1), (14, 3), (13, 1), (9, 1), (14, 4), (14, 1), (8, 1), (14, 5), (15, 1), (7, 1), (13, 5), (16, 1)]",11,0,11
591,"(12, 5)","(13, 5)",West,"[(11, 5) via West]","[(12, 5), (17, 1), (7, 3)]","[(17, 1), (7, 3), (11, 5)]","[(9, 5), (9, 4), (9, 3), (10, 3), (11, 3), (11, 2), (12, 3), (11, 1), (13, 3), (12, 1), (10, 1), (14, 3), (13, 1), (9, 1), (14, 4), (14, 1), (8, 1), (14, 5), (15, 1), (7, 1), (13, 5), (16, 1), (7, 2)]",11,0,11
592,"(17, 1)","(16, 1)",East,"[(18, 1) via East]","[(17, 1), (7, 3), (11, 5)]","[(7, 3), (11, 5), (18, 1)]","[(9, 5), (9, 4), (9, 3), (10, 3), (11, 3), (11, 2), (12, 3), (11, 1), (13, 3), (12, 1), (10, 1), (14, 3), (13, 1), (9, 1), (14, 4), (14, 1), (8, 1), (14, 5), (15, 1), (7, 1), (13, 5), (16, 1), (7, 2), (12, 5)]",12,0,12
593,"(7, 3)","(7, 2)",North,"[(7, 4) via North, (6, 3) via West]","[(7, 3), (11, 5), (18, 1)]","[(11, 5), (18, 1), (7, 4), (6, 3)]","[(9, 5), (9, 4), (9, 3), (10, 3), (11, 3), (11, 2), (12, 3), (11, 1), (13, 3), (12, 1), (10, 1), (14, 3), (13, 1), (9, 1), (14, 4), (14, 1), (8, 1), (14, 5), (15, 1), (7, 1), (13, 5), (16, 1), (7, 2), (12, 5), (17, 1)]",12,0,12
594,"(11, 5)","(12, 5)",West,"[(11, 6) via North]","[(11, 5), (18, 1), (7, 4), (6, 3)]","[(18, 1), (7, 4), (6, 3), (11, 6)]","[(9, 5), (9, 4), (9, 3), (10, 3), (11, 3), (11, 2), (12, 3), (11, 1), (13, 3), (12, 1), (10, 1), (14, 3), (13, 1), (9, 1), (14, 4), (14, 1), (8, 1), (14, 5), (15, 1), (7, 1), (13, 5), (16, 1), (7, 2), (12, 5), (17, 1), (7, 3)]",12,0,12
595,"(18, 1)","(17, 1)",East,"[(19, 1) via East]","[(18, 1), (7, 4), (6, 3), (11, 6)]","[(7, 4), (6, 3), (11, 6), (19, 1)]","[(9, 5), (9, 4), (9, 3), (10, 3), (11, 3), (11, 2), (12, 3), (11, 1), (13, 3), (12, 1), (10, 1), (14, 3), (13, 1), (9, 1), (14, 4), (14, 1), (8, 1), (14, 5), (15, 1), (7, 1), (13, 5), (16, 1), (7, 2), (12, 5), (17, 1), (7, 3), (11, 5)]",13,0,13
596,"(7, 4)","(7, 3)",North,"[(7, 5) via North]","[(7, 4), (6, 3), (11, 6), (19, 1)]","[(6, 3), (11, 6), (19, 1), (7, 5)]","[(9, 5), (9, 4), (9, 3), (10, 3), (11, 3), (11, 2), (12, 3), (11, 1), (13, 3), (12, 1), (10, 1), (14, 3), (13, 1), (9, 1), (14, 4), (14, 1), (8, 1), (14, 5), (15, 1), (7, 1), (13, 5), (16, 1), (7, 2), (12, 5), (17, 1), (7, 3), (11, 5), (18, 1)]",13,0,13
597,"(6, 3)","(7, 3)",West,[],"[(6, 3), (11, 6), (19, 1), (7, 5)]","[(11, 6), (19, 1), (7, 5)]","[(9, 5), (9, 4), (9, 3), (10, 3), (11, 3), (11, 2), (12, 3), (11, 1), (13, 3), (12, 1), (10, 1), (14, 3), (13, 1), (9, 1), (14, 4), (14, 1), (8, 1), (14, 5), (15, 1), (7, 1), (13, 5), (16, 1), (7, 2), (12, 5), (17, 1), (7, 3), (11, 5), (18, 1), (7, 4)]",13,0,13
598,"(6, 3)",,,"[(7, 3) via East, (5, 3) via West]","[(6, 3)]","[(7, 3), (5, 3)]",[],0,0,0
599,"(7, 3)","(6, 3)",East,"[(7, 4) via North, (7, 2) via South]","[(7, 3), (5, 3)]","[(5, 3), (7, 4), (7, 2)]","[(6, 3)]",1,0,1
600,"(5, 3)","(6, 3)",West,[],"[(5, 3), (7, 4), (7, 2)]","[(7, 4), (7, 2)]","[(6, 3), (7, 3)]",1,0,1
601,"(5, 3)",,,"[(5, 2) via South, (6, 3) via East, (4, 3) via West]","[(5, 3)]","[(5, 2), (6, 3), (4, 3)]",[],0,0,0
602,"(5, 2)","(5, 3)",South,[],"[(5, 2), (6, 3), (4, 3)]","[(6, 3), (4, 3)]","[(5, 3)]",1,0,1
603,"(5, 2)",,,"[(5, 3) via North, (5, 1) via South, (4, 2) via West]","[(5, 2)]","[(5, 3), (5, 1), (4, 2)]",[],0,0,0
604,"(5, 3)","(5, 2)",North,"[(6, 3) via East, (4, 3) via West]","[(5, 3), (5, 1), (4, 2)]","[(5, 1), (4, 2), (6, 3), (4, 3)]","[(5, 2)]",1,0,1
605,"(5, 1)","(5, 2)",South,[],"[(5, 1), (4, 2), (6, 3), (4, 3)]","[(4, 2), (6, 3), (4, 3)]","[(5, 2), (5, 3)]",1,0,1
606,"(5, 1)",,,"[(5, 2) via North, (4, 1) via West]","[(5, 1)]","[(5, 2), (4, 1)]",[],0,0,0
607,"(5, 2)","(5, 1)",North,"[(5, 3) via North, (4, 2) via West]","[(5, 2), (4, 1)]","[(4, 1), (5, 3), (4, 2)]","[(5, 1)]",1,0,1
608,"(4, 1)","(5, 1)",West,[],"[(4, 1), (5, 3), (4, 2)]","[(5, 3), (4, 2)]","[(5, 1), (5, 2)]",1,0,1
609,"(4, 1)",,,"[(4, 2) via North, (5, 1) via East, (3, 1) via West]","[(4, 1)]","[(4, 2), (5, 1), (3, 1)]",[],0,0,0
610,"(4, 2)","(4, 1)",North,[],"[(4, 2), (5, 1), (3, 1)]","[(5, 1), (3, 1)]","[(4, 1)]",1,0,1
611,"(4, 2)",,,"[(4, 3) via North, (4, 1) via South, (5, 2) via East, (3, 2) via West]","[(4, 2)]","[(4, 3), (4, 1), (5, 2), (3, 2)]",[],0,0,0
612,"(4, 3)","(4, 2)",North,[],"[(4, 3), (4, 1), (5, 2), (3, 2)]","[(4, 1), (5, 2), (3, 2)]","[(4, 2)]",1,0,1
613,"(4, 3)",,,"[(4, 2) via South, (5, 3) via East, (3, 3) via West]","[(4, 3)]","[(4, 2), (5, 3), (3, 3)]",[],0,0,0
614,"(4, 2)","(4, 3)",South,"[(4, 1) via South, (5, 2) via East, (3, 2) via West]","[(4, 2), (5, 3), (3, 3)]","[(5, 3), (3, 3), (4, 1), (5, 2), (3, 2)]","[(4, 3)]",1,0,1
615,"(5, 3)","(4, 3)",East,"[(6, 3) via East]","[(5, 3), (3, 3), (4, 1), (5, 2), (3, 2)]","[(3, 3), (4, 1), (5, 2), (3, 2), (6, 3)]","[(4, 3), (4, 2)]",1,0,1
616,"(3, 3)","(4, 3)",West,[],"[(3, 3), (4, 1), (5, 2), (3, 2), (6, 3)]","[(4, 1), (5, 2), (3, 2), (6, 3)]","[(4, 3), (4, 2), (5, 3)]",1,0,1
617,"(3, 3)",,,"[(3, 4) via North, (3, 2) via South, (4, 3) via East, (2, 3) via West]","[(3, 3)]","[(3, 4), (3, 2), (4, 3), (2, 3)]",[],0,0,0
618,"(3, 4)","(3, 3)",North,[],"[(3, 4), (3, 2), (4, 3), (2, 3)]","[(3, 2), (4, 3), (2, 3)]","[(3, 3)]",1,0,1
619,"(3, 4)",,,"[(3, 5) via North, (3, 3) via South, (2, 4) via West]","[(3, 4)]","[(3, 5), (3, 3), (2, 4)]",[],0,0,0
620,"(3, 5)","(3, 4)",North,[],"[(3, 5), (3, 3), (2, 4)]","[(3, 3), (2, 4)]","[(3, 4)]",1,0,1
621,"(3, 5)",,,"[(3, 6) via North, (3, 4) via South]","[(3, 5)]","[(3, 6), (3, 4)]",[],0,0,0
622,"(3, 6)","(3, 5)",North,[],"[(3, 6), (3, 4)]","[(3, 4)]","[(3, 5)]",1,0,1
623,"(3, 6)",,,"[(3, 5) via South, (2, 6) via West]","[(3, 6)]","[(3, 5), (2, 6)]",[],0,0,0
624,"(3, 5)","(3, 6)",South,"[(3, 4) via South]","[(3, 5), (2, 6)]","[(2, 6), (3, 4)]","[(3, 6)]",1,0,1
625,"(2, 6)","(3, 6)",West,[],"[(2, 6), (3, 4)]","[(3, 4)]","[(3, 6), (3, 5)]",1,0,1
626,"(2, 6)",,,"[(3, 6) via East, (1, 6) via West]","[(2, 6)]","[(3, 6), (1, 6)]",[],0,0,0
627,"(3, 6)","(2, 6)",East,"[(3, 5) via South]","[(3, 6), (1, 6)]","[(1, 6), (3, 5)]","[(2, 6)]",1,0,1
628,"(1, 6)","(2, 6)",West,[],"[(1, 6), (3, 5)]","[(3, 5)]","[(2, 6), (3, 6)]",1,0,1
629,"(1, 6)",,,"[(1, 7) via North, (2, 6) via East]","[(1, 6)]","[(1, 7), (2, 6)]",[],0,0,0
630,"(1, 7)","(1, 6)",North,[],"[(1, 7), (2, 6)]","[(2, 6)]","[(1, 6)]",1,0,1
631,"(1, 7)",,,"[(1, 8) via North, (1, 6) via South]","[(1, 7)]","[(1, 8), (1, 6)]",[],0,0,0
632,"(1, 8)","(1, 7)",North,[],"[(1, 8), (1, 6)]","[(1, 6)]","[(1, 7)]",1,0,1
633,"(1, 8)",,,"[(1, 7) via South, (2, 8) via East]","[(1, 8)]","[(1, 7), (2, 8)]",[],0,0,0
634,"(1, 7)","(1, 8)",South,"[(1, 6) via South]","[(1, 7), (2, 8)]","[(2, 8), (1, 6)]","[(1, 8)]",1,0,1
635,"(2, 8)","(1, 8)",East,[],"[(2, 8), (1, 6)]","[(1, 6)]","[(1, 8), (1, 7)]",1,0,1
636,"(2, 8)",,,"[(3, 8) via East, (1, 8) via West]","[(2, 8)]","[(3, 8), (1, 8)]",[],0,0,0
637,"(3, 8)","(2, 8)",East,[],"[(3, 8), (1, 8)]","[(1, 8)]","[(2, 8)]",1,0,1
638,"(3, 8)",,,"[(3, 9) via North, (2, 8) via West]","[(3, 8)]","[(3, 9), (2, 8)]",[],0,0,0
639,"(3, 9)","(3, 8)",North,[],"[(3, 9), (2, 8)]","[(2, 8)]","[(3, 8)]",1,0,1
640,"(3, 9)",,,"[(3, 10) via North, (3, 8) via South]","[(3, 9)]","[(3, 10), (3, 8)]",[],0,0,0
641,"(3, 10)","(3, 9)",North,[],"[(3, 10), (3, 8)]","[(3, 8)]","[(3, 9)]",1,0,1
642,"(3, 10)",,,"[(3, 11) via North, (3, 9) via South, (2, 10) via West]","[(3, 10)]","[(3, 11), (3, 9), (2, 10)]",[],0,0,0
643,"(3, 11)","(3, 10)",North,[],"[(3, 11), (3, 9), (2, 10)]","[(3, 9), (2, 10)]","[(3, 10)]",1,0,1
644,"(3, 11)",,,"[(3, 10) via South, (4, 11) via East]","[(3, 11)]","[(3, 10), (4, 11)]",[],0,0,0
645,"(3, 10)","(3, 11)",South,"[(3, 9) via South, (2, 10) via West]","[(3, 10), (4, 11)]","[(4, 11), (3, 9), (2, 10)]","[(3, 11)]",1,0,1
646,"(4, 11)","(3, 11)",East,[],"[(4, 11), (3, 9), (2, 10)]","[(3, 9), (2, 10)]","[(3, 11), (3, 10)]",1,0,1
647,"(4, 11)",,,"[(5, 11) via East, (3, 11) via West]","[(4, 11)]","[(5, 11), (3, 11)]",[],0,0,0
648,"(5, 11)","(4, 11)",East,[],"[(5, 11), (3, 11)]","[(3, 11)]","[(4, 11)]",1,0,1
649,"(5, 11)",,,"[(5, 12) via North, (4, 11) via West]","[(5, 11)]","[(5, 12), (4, 11)]",[],0,0,0
650,"(5, 12)","(5, 11)",North,[],"[(5, 12), (4, 11)]","[(4, 11)]","[(5, 11)]",1,0,1
651,"(5, 12)",,,"[(5, 13) via North, (5, 11) via South]","[(5, 12)]","[(5, 13), (5, 11)]",[],0,0,0
652,"(5, 13)","(5, 12)",North,[],"[(5, 13), (5, 11)]","[(5, 11)]","[(5, 12)]",1,0,1
653,"(5, 13)",,,"[(5, 12) via South, (4, 13) via West]","[(5, 13)]","[(5, 12), (4, 13)]",[],0,0,0
654,"(5, 12)","(5, 13)",South,"[(5, 11) via South]","[(5, 12), (4, 13)]","[(4, 13), (5, 11)]","[(5, 13)]",1,0,1
655,"(4, 13)","(5, 13)",West,[],"[(4, 13), (5, 11)]","[(5, 11)]","[(5, 13), (5, 12)]",1,0,1
656,"(4, 13)",,,"[(5, 13) via East, (3, 13) via West]","[(4, 13)]","[(5, 13), (3, 13)]",[],0,0,0
657,"(5, 13)","(4, 13)",East,"[(5, 12) via South]","[(5, 13), (3, 13)]","[(3, 13), (5, 12)]","[(4, 13)]",1,0,1
658,"(3, 13)","(4, 13)",West,[],"[(3, 13), (5, 12)]","[(5, 12)]","[(4, 13), (5, 13)]",1,0,1
659,"(3, 13)",,,"[(4, 13) via East, (2, 13) via West]","[(3, 13)]","[(4, 13), (2, 13)]",[],0,0,0
660,"(4, 13)","(3, 13)",East,"[(5, 13) via East]","[(4, 13), (2, 13)]","[(2, 13), (5, 13)]","[(3, 13)]",1,0,1
661,"(2, 13)","(3, 13)",West,[],"[(2, 13), (5, 13)]","[(5, 13)]","[(3, 13), (4, 13)]",1,0,1
662,"(2, 13)",,,"[(3, 13) via East, (1, 13) via West]","[(2, 13)]","[(3, 13), (1, 13)]",[],0,0,0
663,"(3, 13)","(2, 13)",East,"[(4, 13) via East]","[(3, 13), (1, 13)]","[(1, 13), (4, 13)]","[(2, 13)]",1,0,1
664,"(1, 13)","(2, 13)",West,[],"[(1, 13), (4, 13)]","[(4, 13)]","[(2, 13), (3, 13)]",1,0,1
665,"(1, 13)",,,"[(1, 12) via South, (2, 13) via East]","[(1, 13)]","[(1, 12), (2, 13)]",[],0,0,0
666,"(1, 12)","(1, 13)",South,[],"[(1, 12), (2, 13)]","[(2, 13)]","[(1, 13)]",1,0,1
667,"(1, 12)",,,"[(1, 13) via North, (1, 11) via South]","[(1, 12)]","[(1, 13), (1, 11)]",[],0,0,0
668,"(1, 13)","(1, 12)",North,"[(2, 13) via East]","[(1, 13), (1, 11)]","[(1, 11), (2, 13)]","[(1, 12)]",1,0,1
669,"(1, 11)","(1, 12)",South,[],"[(1, 11), (2, 13)]","[(2, 13)]","[(1, 12), (1, 13)]",1,0,1
670,"(1, 11)",,,"[(1, 12) via North, (1, 10) via South]","[(1, 11)]","[(1, 12), (1, 10)]",[],0,0,0
671,"(1, 12)","(1, 11)",North,"[(1, 13) via North]","[(1, 12), (1, 10)]","[(1, 10), (1, 13)]","[(1, 11)]",1,0,1
672,"(1, 10)","(1, 11)",South,[],"[(1, 10), (1, 13)]","[(1, 13)]","[(1, 11), (1, 12)]",1,0,1
673,"(1, 10)",,,"[(1, 11) via North, (2, 10) via East]","[(1, 10)]","[(1, 11), (2, 10)]",[],0,0,0
674,"(1, 11)","(1, 10)",North,"[(1, 12) via North]","[(1, 11), (2, 10)]","[(2, 10), (1, 12)]","[(1, 10)]",1,0,1
675,"(2, 10)","(1, 10)",East,[],"[(2, 10), (1, 12)]","[(1, 12)]","[(1, 10), (1, 11)]",1,0,1
676,"(2, 10)",,,"[(3, 10) via East, (1, 10) via West]","[(2, 10)]","[(3, 10), (1, 10)]",[],0,0,0
677,"(3, 10)","(2, 10)",East,"[(3, 11) via North, (3, 9) via South]","[(3, 10), (1, 10)]","[(1, 10), (3, 11), (3, 9)]","[(2, 10)]",1,0,1
678,"(1, 10)","(2, 10)",West,"[(1, 11) via North]","[(1, 10), (3, 11), (3, 9)]","[(3, 11), (3, 9), (1, 11)]","[(2, 10), (3, 10)]",1,0,1
679,"(3, 11)","(3, 10)",North,"[(4, 11) via East]","[(3, 11), (3, 9), (1, 11)]","[(3, 9), (1, 11), (4, 11)]","[(2, 10), (3, 10), (1, 10)]",2,0,2
680,"(3, 9)","(3, 10)",South,"[(3, 8) via South]","[(3, 9), (1, 11), (4, 11)]","[(1, 11), (4, 11), (3, 8)]","[(2, 10), (3, 10), (1, 10), (3, 11)]",2,0,2
681,"(1, 11)","(1, 10)",North,"[(1, 12) via North]","[(1, 11), (4, 11), (3, 8)]","[(4, 11), (3, 8), (1, 12)]","[(2, 10), (3, 10), (1, 10), (3, 11), (3, 9)]",2,0,2
682,"(4, 11)","(3, 11)",East,"[(5, 11) via East]","[(4, 11), (3, 8), (1, 12)]","[(3, 8), (1, 12), (5, 11)]","[(2, 10), (3, 10), (1, 10), (3, 11), (3, 9), (1, 11)]",3,0,3
683,"(3, 8)","(3, 9)",South,"[(2, 8) via West]","[(3, 8), (1, 12), (5, 11)]","[(1, 12), (5, 11), (2, 8)]","[(2, 10), (3, 10), (1, 10), (3, 11), (3, 9), (1, 11), (4, 11)]",3,0,3
684,"(1, 12)","(1, 11)",North,"[(1, 13) via North]","[(1, 12), (5, 11), (2, 8)]","[(5, 11), (2, 8), (1, 13)]","[(2, 10), (3, 10), (1, 10), (3, 11), (3, 9), (1, 11), (4, 11), (3, 8)]",3,0,3
685,"(5, 11)","(4, 11)",East,"[(5, 12) via North]","[(5, 11), (2, 8), (1, 13)]","[(2, 8), (1, 13), (5, 12)]","[(2, 10), (3, 10), (1, 10), (3, 11), (3, 9), (1, 11), (4, 11), (3, 8), (1, 12)]",4,0,4
686,"(2, 8)","(3, 8)",West,"[(1, 8) via West]","[(2, 8), (1, 13), (5, 12)]","[(1, 13), (5, 12), (1, 8)]","[(2, 10), (3, 10), (1, 10), (3, 11), (3, 9), (1, 11), (4, 11), (3, 8), (1, 12), (5, 11)]",4,0,4
687,"(1, 13)","(1, 12)",North,"[(2, 13) via East]","[(1, 13), (5, 12), (1, 8)]","[(5, 12), (1, 8), (2, 13)]","[(2, 10), (3, 10), (1, 10), (3, 11), (3, 9), (1, 11), (4, 11), (3, 8), (1, 12), (5, 11), (2, 8)]",4,0,4
688,"(5, 12)","(5, 11)",North,"[(5, 13) via North]","[(5, 12), (1, 8), (2, 13)]","[(1, 8), (2, 13), (5, 13)]","[(2, 10), (3, 10), (1, 10), (3, 11), (3, 9), (1, 11), (4, 11), (3, 8), (1, 12), (5, 11), (2, 8), (1, 13)]",5,0,5
689,"(1, 8)","(2, 8)",West,"[(1, 7) via South]","[(1, 8), (2, 13), (5, 13)]","[(2, 13), (5, 13), (1, 7)]","[(2, 10), (3, 10), (1, 10), (3, 11), (3, 9), (1, 11), (4, 11), (3, 8), (1, 12), (5, 11), (2, 8), (1, 13), (5, 12)]",5,0,5
690,"(2, 13)","(1, 13)",East,"[(3, 13) via East]","[(2, 13), (5, 13), (1, 7)]","[(5, 13), (1, 7), (3, 13)]","[(2, 10), (3, 10), (1, 10), (3, 11), (3, 9), (1, 11), (4, 11), (3, 8), (1, 12), (5, 11), (2, 8), (1, 13), (5, 12), (1, 8)]",5,0,5
691,"(5, 13)","(5, 12)",North,"[(4, 13) via West]","[(5, 13), (1, 7), (3, 13)]","[(1, 7), (3, 13), (4, 13)]","[(2, 10), (3, 10), (1, 10), (3, 11), (3, 9), (1, 11), (4, 11), (3, 8), (1, 12), (5, 11), (2, 8), (1, 13), (5, 12), (1, 8), (2, 13)]",6,0,6
692,"(1, 7)","(1, 8)",South,"[(1, 6) via South]","[(1, 7), (3, 13), (4, 13)]","[(3, 13), (4, 13), (1, 6)]","[(2, 10), (3, 10), (1, 10), (3, 11), (3, 9), (1, 11), (4, 11), (3, 8), (1, 12), (5, 11), (2, 8), (1, 13), (5, 12), (1, 8), (2, 13), (5, 13)]",6,0,6
693,"(3, 13)","(2, 13)",East,[],"[(3, 13), (4, 13), (1, 6)]","[(4, 13), (1, 6)]","[(2, 10), (3, 10), (1, 10), (3, 11), (3, 9), (1, 11), (4, 11), (3, 8), (1, 12), (5, 11), (2, 8), (1, 13), (5, 12), (1, 8), (2, 13), (5, 13), (1, 7)]",6,0,6
694,"(4, 13)","(5, 13)",West,[],"[(4, 13), (1, 6)]","[(1, 6)]","[(2, 10), (3, 10), (1, 10), (3, 11), (3, 9), (1, 11), (4, 11), (3, 8), (1, 12), (5, 11), (2, 8), (1, 13), (5, 12), (1, 8), (2, 13), (5, 13), (1, 7), (3, 13)]",7,0,7
695,"(1, 6)","(1, 7)",South,"[(2, 6) via East]","[(1, 6)]","[(2, 6)]","[(2, 10), (3, 10), (1, 10), (3, 11), (3, 9), (1, 11), (4, 11), (3, 8), (1, 12), (5, 11), (2, 8), (1, 13), (5, 12), (1, 8), (2, 13), (5, 13), (1, 7), (3, 13), (4, 13)]",7,0,7
696,"(2, 6)","(1, 6)",East,"[(3, 6) via East]","[(2, 6)]","[(3, 6)]","[(2, 10), (3, 10), (1, 10), (3, 11), (3, 9), (1, 11), (4, 11), (3, 8), (1, 12), (5, 11), (2, 8), (1, 13), (5, 12), (1, 8), (2, 13), (5, 13), (1, 7), (3, 13), (4, 13), (1, 6)]",8,0,8
697,"(3, 6)","(2, 6)",East,"[(3, 5) via South]","[(3, 6)]","[(3, 5)]","[(2, 10), (3, 10), (1, 10), (3, 11), (3, 9), (1, 11), (4, 11), (3, 8), (1, 12), (5, 11), (2, 8), (1, 13), (5, 12), (1, 8), (2, 13), (5, 13), (1, 7), (3, 13), (4, 13), (1, 6), (2, 6)]",9,0,9
698,"(3, 5)","(3, 6)",South,"[(3, 4) via South]","[(3, 5)]","[(3, 4)]","[(2, 10), (3, 10), (1, 10), (3, 11), (3, 9), (1, 11), (4, 11), (3, 8), (1, 12), (5, 11), (2, 8), (1, 13), (5, 12), (1, 8), (2, 13), (5, 13), (1, 7), (3, 13), (4, 13), (1, 6), (2, 6), (3, 6)]",10,0,10
699,"(3, 4)","(3, 5)",South,"[(3, 3) via South, (2, 4) via West]","[(3, 4)]","[(3, 3), (2, 4)]","[(2, 10), (3, 10), (1, 10), (3, 11), (3, 9), (1, 11), (4, 11), (3, 8), (1, 12), (5, 11), (2, 8), (1, 13), (5, 12), (1, 8), (2, 13), (5, 13), (1, 7), (3, 13), (4, 13), (1, 6), (2, 6), (3, 6), (3, 5)]",11,0,11
700,"(3, 3)","(3, 4)",South,"[(3, 2) via South, (4, 3) via East, (2, 3) via West]","[(3, 3), (2, 4)]","[(2, 4), (3, 2), (4, 3), (2, 3)]","[(2, 10), (3, 10), (1, 10), (3, 11), (3, 9), (1, 11), (4, 11), (3, 8), (1, 12), (5, 11), (2, 8), (1, 13), (5, 12), (1, 8), (2, 13), (5, 13), (1, 7), (3, 13), (4, 13), (1, 6), (2, 6), (3, 6), (3, 5), (3, 4)]",12,0,12
701,"(2, 4)","(3, 4)",West,[],"[(2, 4), (3, 2), (4, 3), (2, 3)]","[(3, 2), (4, 3), (2, 3)]","[(2, 10), (3, 10), (1, 10), (3, 11), (3, 9), (1, 11), (4, 11), (3, 8), (1, 12), (5, 11), (2, 8), (1, 13), (5, 12), (1, 8), (2, 13), (5, 13), (1, 7), (3, 13), (4, 13), (1, 6), (2, 6), (3, 6), (3, 5), (3, 4), (3, 3)]",12,0,12
702,"(2, 4)",,,"[(2, 3) via South, (3, 4) via East, (1, 4) via West]","[(2, 4)]","[(2, 3), (3, 4), (1, 4)]",[],0,0,0
703,"(2, 3)","(2, 4)",South,[],"[(2, 3), (3, 4), (1, 4)]","[(3, 4), (1, 4)]","[(2, 4)]",1,0,1
704,"(2, 3)",,,"[(2, 4) via North, (2, 2) via South, (3, 3) via East, (1, 3) via West]","[(2, 3)]","[(2, 4), (2, 2), (3, 3), (1, 3)]",[],0,0,0
705,"(2, 4)","(2, 3)",North,"[(3, 4) via East, (1, 4) via West]","[(2, 4), (2, 2), (3, 3), (1, 3)]","[(2, 2), (3, 3), (1, 3), (3, 4), (1, 4)]","[(2, 3)]",1,0,1
706,"(2, 2)","(2, 3)",South,[],"[(2, 2), (3, 3), (1, 3), (3, 4), (1, 4)]","[(3, 3), (1, 3), (3, 4), (1, 4)]","[(2, 3), (2, 4)]",1,0,1
707,"(2, 2)",,,"[(2, 3) via North, (2, 1) via South, (3, 2) via East, (1, 2) via West]","[(2, 2)]","[(2, 3), (2, 1), (3, 2), (1, 2)]",[],0,0,0
708,"(2, 3)","(2, 2)",North,"[(2, 4) via North, (3, 3) via East, (1, 3) via West]","[(2, 3), (2, 1), (3, 2), (1, 2)]","[(2, 1), (3, 2), (1, 2), (2, 4), (3, 3), (1, 3)]","[(2, 2)]",1,0,1
709,"(2, 1)","(2, 2)",South,[],"[(2, 1), (3, 2), (1, 2), (2, 4), (3, 3), (1, 3)]","[(3, 2), (1, 2), (2, 4), (3, 3), (1, 3)]","[(2, 2), (2, 3)]",1,0,1
710,"(2, 1)",,,"[(2, 2) via North, (3, 1) via East, (1, 1) via West]","[(2, 1)]","[(2, 2), (3, 1), (1, 1)]",[],0,0,0
711,"(2, 2)","(2, 1)",North,"[(2, 3) via North, (3, 2) via East, (1, 2) via West]","[(2, 2), (3, 1), (1, 1)]","[(3, 1), (1, 1), (2, 3), (3, 2), (1, 2)]","[(2, 1)]",1,0,1
712,"(3, 1)","(2, 1)",East,[],"[(3, 1), (1, 1), (2, 3), (3, 2), (1, 2)]","[(1, 1), (2, 3), (3, 2), (1, 2)]","[(2, 1), (2, 2)]",1,0,1
713,"(3, 1)",,,"[(3, 2) via North, (4, 1) via East, (2, 1) via West]","[(3, 1)]","[(3, 2), (4, 1), (2, 1)]",[],0,0,0
714,"(3, 2)","(3, 1)",North,[],"[(3, 2), (4, 1), (2, 1)]","[(4, 1), (2, 1)]","[(3, 1)]",1,0,1
715,"(3, 2)",,,"[(3, 3) via North, (3, 1) via South, (4, 2) via East, (2, 2) via West]","[(3, 2)]","[(3, 3), (3, 1), (4, 2), (2, 2)]",[],0,0,0
716,"(3, 3)","(3, 2)",North,"[(3, 4) via North, (4, 3) via East, (2, 3) via West]","[(3, 3), (3, 1), (4, 2), (2, 2)]","[(3, 1), (4, 2), (2, 2), (3, 4), (4, 3), (2, 3)]","[(3, 2)]",1,0,1
717,"(3, 1)","(3, 2)",South,"[(4, 1) via East, (2, 1) via West]","[(3, 1), (4, 2), (2, 2), (3, 4), (4, 3), (2, 3)]","[(4, 2), (2, 2), (3, 4), (4, 3), (2, 3), (4, 1), (2, 1)]","[(3, 2), (3, 3)]",1,0,1
718,"(4, 2)","(3, 2)",East,"[(5, 2) via East]","[(4, 2), (2, 2), (3, 4), (4, 3), (2, 3), (4, 1), (2, 1)]","[(2, 2), (3, 4), (4, 3), (2, 3), (4, 1), (2, 1), (5, 2)]","[(3, 2), (3, 3), (3, 1)]",1,0,1
719,"(2, 2)","(3, 2)",West,"[(1, 2) via West]","[(2, 2), (3, 4), (4, 3), (2, 3), (4, 1), (2, 1), (5, 2)]","[(3, 4), (4, 3), (2, 3), (4, 1), (2, 1), (5, 2), (1, 2)]","[(3, 2), (3, 3), (3, 1), (4, 2)]",1,0,1
720,"(3, 4)","(3, 3)",North,"[(3, 5) via North, (2, 4) via West]","[(3, 4), (4, 3), (2, 3), (4, 1), (2, 1), (5, 2), (1, 2)]","[(4, 3), (2, 3), (4, 1), (2, 1), (5, 2), (1, 2), (3, 5), (2, 4)]","[(3, 2), (3, 3), (3, 1), (4, 2), (2, 2)]",2,0,2
721,"(4, 3)","(3, 3)",East,"[(5, 3) via East]","[(4, 3), (2, 3), (4, 1), (2, 1), (5, 2), (1, 2), (3, 5), (2, 4)]","[(2, 3), (4, 1), (2, 1), (5, 2), (1, 2), (3, 5), (2, 4), (5, 3)]","[(3, 2), (3, 3), (3, 1), (4, 2), (2, 2), (3, 4)]",2,0,2
722,"(2, 3)","(3, 3)",West,"[(1, 3) via West]","[(2, 3), (4, 1), (2, 1), (5, 2), (1, 2), (3, 5), (2, 4), (5, 3)]","[(4, 1), (2, 1), (5, 2), (1, 2), (3, 5), (2, 4), (5, 3), (1, 3)]","[(3, 2), (3, 3), (3, 1), (4, 2), (2, 2), (3, 4), (4, 3)]",2,0,2
723,"(4, 1)","(3, 1)",East,"[(5, 1) via East]","[(4, 1), (2, 1), (5, 2), (1, 2), (3, 5), (2, 4), (5, 3), (1, 3)]","[(2, 1), (5, 2), (1, 2), (3, 5), (2, 4), (5, 3), (1, 3), (5, 1)]","[(3, 2), (3, 3), (3, 1), (4, 2), (2, 2), (3, 4), (4, 3), (2, 3)]",2,0,2
724,"(2, 1)","(3, 1)",West,"[(1, 1) via West]","[(2, 1), (5, 2), (1, 2), (3, 5), (2, 4), (5, 3), (1, 3), (5, 1)]","[(5, 2), (1, 2), (3, 5), (2, 4), (5, 3), (1, 3), (5, 1), (1, 1)]","[(3, 2), (3, 3), (3, 1), (4, 2), (2, 2), (3, 4), (4, 3), (2, 3), (4, 1)]",2,0,2
725,"(5, 2)","(4, 2)",East,[],"[(5, 2), (1, 2), (3, 5), (2, 4), (5, 3), (1, 3), (5, 1), (1, 1)]","[(1, 2), (3, 5), (2, 4), (5, 3), (1, 3), (5, 1), (1, 1)]","[(3, 2), (3, 3), (3, 1), (4, 2), (2, 2), (3, 4), (4, 3), (2, 3), (4, 1), (2, 1)]",2,0,2
726,"(1, 2)","(2, 2)",West,[],"[(1, 2), (3, 5), (2, 4), (5, 3), (1, 3), (5, 1), (1, 1)]","[(3, 5), (2, 4), (5, 3), (1, 3), (5, 1), (1, 1)]","[(3, 2), (3, 3), (3, 1), (4, 2), (2, 2), (3, 4), (4, 3), (2, 3), (4, 1), (2, 1), (5, 2)]",2,0,2
727,"(1, 2)",,,"[(1, 3) via North, (1, 1) via South, (2, 2) via East]","[(1, 2)]","[(1, 3), (1, 1), (2, 2)]",[],0,0,0
728,"(1, 3)","(1, 2)",North,[],"[(1, 3), (1, 1), (2, 2)]","[(1, 1), (2, 2)]","[(1, 2)]",1,0,1
729,"(1, 3)",,,"[(1, 4) via North, (1, 2) via South, (2, 3) via East]","[(1, 3)]","[(1, 4), (1, 2), (2, 3)]",[],0,0,0
730,"(1, 4)","(1, 3)",North,[],"[(1, 4), (1, 2), (2, 3)]","[(1, 2), (2, 3)]","[(1, 3)]",1,0,1
731,"(1, 4)",,,"[(1, 3) via South, (2, 4) via East]","[(1, 4)]","[(1, 3), (2, 4)]",[],0,0,0
732,"(1, 3)","(1, 4)",South,"[(1, 2) via South, (2, 3) via East]","[(1, 3), (2, 4)]","[(2, 4), (1, 2), (2, 3)]","[(1, 4)]",1,0,1
733,"(2, 4)","(1, 4)",East,"[(3, 4) via East]","[(2, 4), (1, 2), (2, 3)]","[(1, 2), (2, 3), (3, 4)]","[(1, 4), (1, 3)]",1,0,1
734,"(1, 2)","(1, 3)",South,"[(1, 1) via South, (2, 2) via East]","[(1, 2), (2, 3), (3, 4)]","[(2, 3), (3, 4), (1, 1), (2, 2)]","[(1, 4), (1, 3), (2, 4)]",2,0,2
735,"(2, 3)","(1, 3)",East,"[(3, 3) via East]","[(2, 3), (3, 4), (1, 1), (2, 2)]","[(3, 4), (1, 1), (2, 2), (3, 3)]","[(1, 4), (1, 3), (2, 4), (1, 2)]",2,0,2
736,"(3, 4)","(2, 4)",East,"[(3, 5) via North]","[(3, 4), (1, 1), (2, 2), (3, 3)]","[(1, 1), (2, 2), (3, 3), (3, 5)]","[(1, 4), (1, 3), (2, 4), (1, 2), (2, 3)]",2,0,2
737,"(1, 1)","(1, 2)",South,[],"[(1, 1), (2, 2), (3, 3), (3, 5)]","[(2, 2), (3, 3), (3, 5)]","[(1, 4), (1, 3), (2, 4), (1, 2), (2, 3), (3, 4)]",3,0,3
738,"(1, 1)",,,"[(1, 2) via North, (2, 1) via East]","[(1, 1)]","[(1, 2), (2, 1)]",[],0,0,0
739,"(1, 2)","(1, 1)",North,"[(1, 3) via North, (2, 2) via East]","[(1, 2), (2, 1)]","[(2, 1), (1, 3), (2, 2)]","[(1, 1)]",1,0,1
740,"(2, 1)","(1, 1)",East,"[(3, 1) via East]","[(2, 1), (1, 3), (2, 2)]","[(1, 3), (2, 2), (3, 1)]","[(1, 1), (1, 2)]",1,0,1
741,"(1, 3)","(1, 2)",North,"[(1, 4) via North, (2, 3) via East]","[(1, 3), (2, 2), (3, 1)]","[(2, 2), (3, 1), (1, 4), (2, 3)]","[(1, 1), (1, 2), (2, 1)]",2,0,2
742,"(2, 2)","(1, 2)",East,"[(3, 2) via East]","[(2, 2), (3, 1), (1, 4), (2, 3)]","[(3, 1), (1, 4), (2, 3), (3, 2)]","[(1, 1), (1, 2), (2, 1), (1, 3)]",2,0,2
743,"(3, 1)","(2, 1)",East,"[(4, 1) via East]","[(3, 1), (1, 4), (2, 3), (3, 2)]","[(1, 4), (2, 3), (3, 2), (4, 1)]","[(1, 1), (1, 2), (2, 1), (1, 3), (2, 2)]",2,0,2
744,"(1, 4)","(1, 3)",North,"[(2, 4) via East]","[(1, 4), (2, 3), (3, 2), (4, 1)]","[(2, 3), (3, 2), (4, 1), (2, 4)]","[(1, 1), (1, 2), (2, 1), (1, 3), (2, 2), (3, 1)]",3,0,3
745,"(2, 3)","(1, 3)",East,"[(3, 3) via East]","[(2, 3), (3, 2), (4, 1), (2, 4)]","[(3, 2), (4, 1), (2, 4), (3, 3)]","[(1, 1), (1, 2), (2, 1), (1, 3), (2, 2), (3, 1), (1, 4)]",3,0,3
746,"(3, 2)","(2, 2)",East,"[(4, 2) via East]","[(3, 2), (4, 1), (2, 4), (3, 3)]","[(4, 1), (2, 4), (3, 3), (4, 2)]","[(1, 1), (1, 2), (2, 1), (1, 3), (2, 2), (3, 1), (1, 4), (2, 3)]",3,0,3
747,"(4, 1)","(3, 1)",East,"[(5, 1) via East]","[(4, 1), (2, 4), (3, 3), (4, 2)]","[(2, 4), (3, 3), (4, 2), (5, 1)]","[(1, 1), (1, 2), (2, 1), (1, 3), (2, 2), (3, 1), (1, 4), (2, 3), (3, 2)]",3,0,3
748,"(2, 4)","(1, 4)",East,"[(3, 4) via East]","[(2, 4), (3, 3), (4, 2), (5, 1)]","[(3, 3), (4, 2), (5, 1), (3, 4)]","[(1, 1), (1, 2), (2, 1), (1, 3), (2, 2), (3, 1), (1, 4), (2, 3), (3, 2), (4, 1)]",4,0,4
749,"(3, 3)","(2, 3)",East,"[(4, 3) via East]","[(3, 3), (4, 2), (5, 1), (3, 4)]","[(4, 2), (5, 1), (3, 4), (4, 3)]","[(1, 1), (1, 2), (2, 1), (1, 3), (2, 2), (3, 1), (1, 4), (2, 3), (3, 2), (4, 1), (2, 4)]",4,0,4
750,"(4, 2)","(3, 2)",East,"[(5, 2) via East]","[(4, 2), (5, 1), (3, 4), (4, 3)]","[(5, 1), (3, 4), (4, 3), (5, 2)]","[(1, 1), (1, 2), (2, 1), (1, 3), (2, 2), (3, 1), (1, 4), (2, 3), (3, 2), (4, 1), (2, 4), (3, 3)]",4,0,4
751,"(5, 1)","(4, 1)",East,[],"[(5, 1), (3, 4), (4, 3), (5, 2)]","[(3, 4), (4, 3), (5, 2)]","[(1, 1), (1, 2), (2, 1), (1, 3), (2, 2), (3, 1), (1, 4), (2, 3), (3, 2), (4, 1), (2, 4), (3, 3), (4, 2)]",4,0,4
752,"(3, 4)","(2, 4)",East,"[(3, 5) via North]","[(3, 4), (4, 3), (5, 2)]","[(4, 3), (5, 2), (3, 5)]","[(1, 1), (1, 2), (2, 1), (1, 3), (2, 2), (3, 1), (1, 4), (2, 3), (3, 2), (4, 1), (2, 4), (3, 3), (4, 2), (5, 1)]",5,0,5
753,"(4, 3)","(3, 3)",East,"[(5, 3) via East]","[(4, 3), (5, 2), (3, 5)]","[(5, 2), (3, 5), (5, 3)]","[(1, 1), (1, 2), (2, 1), (1, 3), (2, 2), (3, 1), (1, 4), (2, 3), (3, 2), (4, 1), (2, 4), (3, 3), (4, 2), (5, 1), (3, 4)]",5,0,5
754,"(5, 2)","(4, 2)",East,[],"[(5, 2), (3, 5), (5, 3)]","[(3, 5), (5, 3)]","[(1, 1), (1, 2), (2, 1), (1, 3), (2, 2), (3, 1), (1, 4), (2, 3), (3, 2), (4, 1), (2, 4), (3, 3), (4, 2), (5, 1), (3, 4), (4, 3)]",5,0,5
755,"(3, 5)","(3, 4)",North,"[(3, 6) via North]","[(3, 5), (5, 3)]","[(5, 3), (3, 6)]","[(1, 1), (1, 2), (2, 1), (1, 3), (2, 2), (3, 1), (1, 4), (2, 3), (3, 2), (4, 1), (2, 4), (3, 3), (4, 2), (5, 1), (3, 4), (4, 3), (5, 2)]",6,0,6
756,"(5, 3)","(4, 3)",East,"[(6, 3) via East]","[(5, 3), (3, 6)]","[(3, 6), (6, 3)]","[(1, 1), (1, 2), (2, 1), (1, 3), (2, 2), (3, 1), (1, 4), (2, 3), (3, 2), (4, 1), (2, 4), (3, 3), (4, 2), (5, 1), (3, 4), (4, 3), (5, 2), (3, 5)]",6,0,6
757,"(3, 6)","(3, 5)",North,"[(2, 6) via West]","[(3, 6), (6, 3)]","[(6, 3), (2, 6)]","[(1, 1), (1, 2), (2, 1), (1, 3), (2, 2), (3, 1), (1, 4), (2, 3), (3, 2), (4, 1), (2, 4), (3, 3), (4, 2), (5, 1), (3, 4), (4, 3), (5, 2), (3, 5), (5, 3)]",7,0,7
758,"(6, 3)","(5, 3)",East,"[(7, 3) via East]","[(6, 3), (2, 6)]","[(2, 6), (7, 3)]","[(1, 1), (1, 2), (2, 1), (1, 3), (2, 2), (3, 1), (1, 4), (2, 3), (3, 2), (4, 1), (2, 4), (3, 3), (4, 2), (5, 1), (3, 4), (4, 3), (5, 2), (3, 5), (5, 3), (3, 6)]",7,0,7
759,"(2, 6)","(3, 6)",West,"[(1, 6) via West]","[(2, 6), (7, 3)]","[(7, 3), (1, 6)]","[(1, 1), (1, 2), (2, 1), (1, 3), (2, 2), (3, 1), (1, 4), (2, 3), (3, 2), (4, 1), (2, 4), (3, 3), (4, 2), (5, 1), (3, 4), (4, 3), (5, 2), (3, 5), (5, 3), (3, 6), (6, 3)]",8,0,8
760,"(7, 3)","(6, 3)",East,"[(7, 4) via North, (7, 2) via South]","[(7, 3), (1, 6)]","[(1, 6), (7, 4), (7, 2)]","[(1, 1), (1, 2), (2, 1), (1, 3), (2, 2), (3, 1), (1, 4), (2, 3), (3, 2), (4, 1), (2, 4), (3, 3), (4, 2), (5, 1), (3, 4), (4, 3), (5, 2), (3, 5), (5, 3), (3, 6), (6, 3), (2, 6)]",8,0,8
761,"(1, 6)","(2, 6)",West,"[(1, 7) via North]","[(1, 6), (7, 4), (7, 2)]","[(7, 4), (7, 2), (1, 7)]","[(1, 1), (1, 2), (2, 1), (1, 3), (2, 2), (3, 1), (1, 4), (2, 3), (3, 2), (4, 1), (2, 4), (3, 3), (4, 2), (5, 1), (3, 4), (4, 3), (5, 2), (3, 5), (5, 3), (3, 6), (6, 3), (2, 6), (7, 3)]",9,0,9
762,"(7, 4)","(7, 3)",North,"[(7, 5) via North]","[(7, 4), (7, 2), (1, 7)]","[(7, 2), (1, 7), (7, 5)]","[(1, 1), (1, 2), (2, 1), (1, 3), (2, 2), (3, 1), (1, 4), (2, 3), (3, 2), (4, 1), (2, 4), (3, 3), (4, 2), (5, 1), (3, 4), (4, 3), (5, 2), (3, 5), (5, 3), (3, 6), (6, 3), (2, 6), (7, 3), (1, 6)]",9,0,9
763,"(7, 2)","(7, 3)",South,"[(7, 1) via South]","[(7, 2), (1, 7), (7, 5)]","[(1, 7), (7, 5), (7, 1)]","[(1, 1), (1, 2), (2, 1), (1, 3), (2, 2), (3, 1), (1, 4), (2, 3), (3, 2), (4, 1), (2, 4), (3, 3), (4, 2), (5, 1), (3, 4), (4, 3), (5, 2), (3, 5), (5, 3), (3, 6), (6, 3), (2, 6), (7, 3), (1, 6), (7, 4)]",9,0,9
764,"(1, 7)","(1, 6)",North,"[(1, 8) via North]","[(1, 7), (7, 5), (7, 1)]","[(7, 5), (7, 1), (1, 8)]","[(1, 1), (1, 2), (2, 1), (1, 3), (2, 2), (3, 1), (1, 4), (2, 3), (3, 2), (4, 1), (2, 4), (3, 3), (4, 2), (5, 1), (3, 4), (4, 3), (5, 2), (3, 5), (5, 3), (3, 6), (6, 3), (2, 6), (7, 3), (1, 6), (7, 4), (7, 2)]",10,0,10
765,"(7, 5)","(7, 4)",North,"[(6, 5) via West]","[(7, 5), (7, 1), (1, 8)]","[(7, 1), (1, 8), (6, 5)]","[(1, 1), (1, 2), (2, 1), (1, 3), (2, 2), (3, 1), (1, 4), (2, 3), (3, 2), (4, 1), (2, 4), (3, 3), (4, 2), (5, 1), (3, 4), (4, 3), (5, 2), (3, 5), (5, 3), (3, 6), (6, 3), (2, 6), (7, 3), (1, 6), (7, 4), (7, 2), (1, 7)]",10,0,10
766,"(7, 1)","(7, 2)",South,"[(8, 1) via East]","[(7, 1), (1, 8), (6, 5)]","[(1, 8), (6, 5), (8, 1)]","[(1, 1), (1, 2), (2, 1), (1, 3), (2, 2), (3, 1), (1, 4), (2, 3), (3, 2), (4, 1), (2, 4), (3, 3), (4, 2), (5, 1), (3, 4), (4, 3), (5, 2), (3, 5), (5, 3), (3, 6), (6, 3), (2, 6), (7, 3), (1, 6), (7, 4), (7, 2), (1, 7), (7, 5)]",10,0,10
767,"(1, 8)","(1, 7)",North,"[(2, 8) via East]","[(1, 8), (6, 5), (8, 1)]","[(6, 5), (8, 1), (2, 8)]","[(1, 1), (1, 2), (2, 1), (1, 3), (2, 2), (3, 1), (1, 4), (2, 3), (3, 2), (4, 1), (2, 4), (3, 3), (4, 2), (5, 1), (3, 4), (4, 3), (5, 2), (3, 5), (5, 3), (3, 6), (6, 3), (2, 6), (7, 3), (1, 6), (7, 4), (7, 2), (1, 7), (7, 5), (7, 1)]",11,0,11
768,"(6, 5)","(7, 5)",West,"[(5, 5) via West]","[(6, 5), (8, 1), (2, 8)]","[(8, 1), (2, 8), (5, 5)]","[(1, 1), (1, 2), (2, 1), (1, 3), (2, 2), (3, 1), (1, 4), (2, 3), (3, 2), (4, 1), (2, 4), (3, 3), (4, 2), (5, 1), (3, 4), (4, 3), (5, 2), (3, 5), (5, 3), (3, 6), (6, 3), (2, 6), (7, 3), (1, 6), (7, 4), (7, 2), (1, 7), (7, 5), (7, 1), (1, 8)]",11,0,11
769,"(8, 1)","(7, 1)",East,"[(9, 1) via East]","[(8, 1), (2, 8), (5, 5)]","[(2, 8), (5, 5), (9, 1)]","[(1, 1), (1, 2), (2, 1), (1, 3), (2, 2), (3, 1), (1, 4), (2, 3), (3, 2), (4, 1), (2, 4), (3, 3), (4, 2), (5, 1), (3, 4), (4, 3), (5, 2), (3, 5), (5, 3), (3, 6), (6, 3), (2, 6), (7, 3), (1, 6), (7, 4), (7, 2), (1, 7), (7, 5), (7, 1), (1, 8), (6, 5)]",11,0,11
770,"(2, 8)","(1, 8)",East,"[(3, 8) via East]","[(2, 8), (5, 5), (9, 1)]","[(5, 5), (9, 1), (3, 8)]","[(1, 1), (1, 2), (2, 1), (1, 3), (2, 2), (3, 1), (1, 4), (2, 3), (3, 2), (4, 1), (2, 4), (3, 3), (4, 2), (5, 1), (3, 4), (4, 3), (5, 2), (3, 5), (5, 3), (3, 6), (6, 3), (2, 6), (7, 3), (1, 6), (7, 4), (7, 2), (1, 7), (7, 5), (7, 1), (1, 8), (6, 5), (8, 1)]",12,0,12
771,"(5, 5)","(6, 5)",West,"[(5, 6) via North]","[(5, 5), (9, 1), (3, 8)]","[(9, 1), (3, 8), (5, 6)]","[(1, 1), (1, 2), (2, 1), (1, 3), (2, 2), (3, 1), (1, 4), (2, 3), (3, 2), (4, 1), (2, 4), (3, 3), (4, 2), (5, 1), (3, 4), (4, 3), (5, 2), (3, 5), (5, 3), (3, 6), (6, 3), (2, 6), (7, 3), (1, 6), (7, 4), (7, 2), (1, 7), (7, 5), (7, 1), (1, 8), (6, 5), (8, 1), (2, 8)]",12,0,12
772,"(9, 1)","(8, 1)",East,"[(10, 1) via East]","[(9, 1), (3, 8), (5, 6)]","[(3, 8), (5, 6), (10, 1)]","[(1, 1), (1, 2), (2, 1), (1, 3), (2, 2), (3, 1), (1, 4), (2, 3), (3, 2), (4, 1), (2, 4), (3, 3), (4, 2), (5, 1), (3, 4), (4, 3), (5, 2), (3, 5), (5, 3), (3, 6), (6, 3), (2, 6), (7, 3), (1, 6), (7, 4), (7, 2), (1, 7), (7, 5), (7, 1), (1, 8), (6, 5), (8, 1), (2, 8), (5, 5)]",12,0,12
773,"(3, 8)","(2, 8)",East,"[(3, 9) via North]","[(3, 8), (5, 6), (10, 1)]","[(5, 6), (10, 1), (3, 9)]","[(1, 1), (1, 2), (2, 1), (1, 3), (2, 2), (3, 1), (1, 4), (2, 3), (3, 2), (4, 1), (2, 4), (3, 3), (4, 2), (5, 1), (3, 4), (4, 3), (5, 2), (3, 5), (5, 3), (3, 6), (6, 3), (2, 6), (7, 3), (1, 6), (7, 4), (7, 2), (1, 7), (7, 5), (7, 1), (1, 8), (6, 5), (8, 1), (2, 8), (5, 5), (9, 1)]",13,0,13
774,"(5, 6)","(5, 5)",North,"[(5, 7) via North]","[(5, 6), (10, 1), (3, 9)]","[(10, 1), (3, 9), (5, 7)]","[(1, 1), (1, 2), (2, 1), (1, 3), (2, 2), (3, 1), (1, 4), (2, 3), (3, 2), (4, 1), (2, 4), (3, 3), (4, 2), (5, 1), (3, 4), (4, 3), (5, 2), (3, 5), (5, 3), (3, 6), (6, 3), (2, 6), (7, 3), (1, 6), (7, 4), (7, 2), (1, 7), (7, 5), (7, 1), (1, 8), (6, 5), (8, 1), (2, 8), (5, 5), (9, 1), (3, 8)]",13,0,13
775,"(10, 1)","(9, 1)",East,"[(11, 1) via East]","[(10, 1), (3, 9), (5, 7)]","[(3, 9), (5, 7), (11, 1)]","[(1, 1), (1, 2), (2, 1), (1, 3), (2, 2), (3, 1), (1, 4), (2, 3), (3, 2), (4, 1), (2, 4), (3, 3), (4, 2), (5, 1), (3, 4), (4, 3), (5, 2), (3, 5), (5, 3), (3, 6), (6, 3), (2, 6), (7, 3), (1, 6), (7, 4), (7, 2), (1, 7), (7, 5), (7, 1), (1, 8), (6, 5), (8, 1), (2, 8), (5, 5), (9, 1), (3, 8), (5, 6)]",13,0,13
776,"(3, 9)","(3, 8)",North,"[(3, 10) via North]","[(3, 9), (5, 7), (11, 1)]","[(5, 7), (11, 1), (3, 10)]","[(1, 1), (1, 2), (2, 1), (1, 3), (2, 2), (3, 1), (1, 4), (2, 3), (3, 2), (4, 1), (2, 4), (3, 3), (4, 2), (5, 1), (3, 4), (4, 3), (5, 2), (3, 5), (5, 3), (3, 6), (6, 3), (2, 6), (7, 3), (1, 6), (7, 4), (7, 2), (1, 7), (7, 5), (7, 1), (1, 8), (6, 5), (8, 1), (2, 8), (5, 5), (9, 1), (3, 8), (5, 6), (10, 1)]",14,0,14
777,"(5, 7)","(5, 6)",North,"[(5, 8) via North, (6, 7) via East]","[(5, 7), (11, 1), (3, 10)]","[(11, 1), (3, 10), (5, 8), (6, 7)]","[(1, 1), (1, 2), (2, 1), (1, 3), (2, 2), (3, 1), (1, 4), (2, 3), (3, 2), (4, 1), (2, 4), (3, 3), (4, 2), (5, 1), (3, 4), (4, 3), (5, 2), (3, 5), (5, 3), (3, 6), (6, 3), (2, 6), (7, 3), (1, 6), (7, 4), (7, 2), (1, 7), (7, 5), (7, 1), (1, 8), (6, 5), (8, 1), (2, 8), (5, 5), (9, 1), (3, 8), (5, 6), (10, 1), (3, 9)]",14,0,14
778,"(11, 1)","(10, 1)",East,"[(11, 2) via North, (12, 1) via East]","[(11, 1), (3, 10), (5, 8), (6, 7)]","[(3, 10), (5, 8), (6, 7), (11, 2), (12, 1)]","[(1, 1), (1, 2), (2, 1), (1, 3), (2, 2), (3, 1), (1, 4), (2, 3), (3, 2), (4, 1), (2, 4), (3, 3), (4, 2), (5, 1), (3, 4), (4, 3), (5, 2), (3, 5), (5, 3), (3, 6), (6, 3), (2, 6), (7, 3), (1, 6), (7, 4), (7, 2), (1, 7), (7, 5), (7, 1), (1, 8), (6, 5), (8, 1), (2, 8), (5, 5), (9, 1), (3, 8), (5, 6), (10, 1), (3, 9), (5, 7)]",14,0,14
779,"(3, 10)","(3, 9)",North,"[(3, 11) via North, (2, 10) via West]","[(3, 10), (5, 8), (6, 7), (11, 2), (12, 1)]","[(5, 8), (6, 7), (11, 2), (12, 1), (3, 11), (2, 10)]","[(1, 1), (1, 2), (2, 1), (1, 3), (2, 2), (3, 1), (1, 4), (2, 3), (3, 2), (4, 1), (2, 4), (3, 3), (4, 2), (5, 1), (3, 4), (4, 3), (5, 2), (3, 5), (5, 3), (3, 6), (6, 3), (2, 6), (7, 3), (1, 6), (7, 4), (7, 2), (1, 7), (7, 5), (7, 1), (1, 8), (6, 5), (8, 1), (2, 8), (5, 5), (9, 1), (3, 8), (5, 6), (10, 1), (3, 9), (5, 7), (11, 1)]",15,0,15
780,"(5, 8)","(5, 7)",North,"[(5, 9) via North]","[(5, 8), (6, 7), (11, 2), (12, 1), (3, 11), (2, 10)]","[(6, 7), (11, 2), (12, 1), (3, 11), (2, 10), (5, 9)]","[(1, 1), (1, 2), (2, 1), (1, 3), (2, 2), (3, 1), (1, 4), (2, 3), (3, 2), (4, 1), (2, 4), (3, 3), (4, 2), (5, 1), (3, 4), (4, 3), (5, 2), (3, 5), (5, 3), (3, 6), (6, 3), (2, 6), (7, 3), (1, 6), (7, 4), (7, 2), (1, 7), (7, 5), (7, 1), (1, 8), (6, 5), (8, 1), (2, 8), (5, 5), (9, 1), (3, 8), (5, 6), (10, 1), (3, 9), (5, 7), (11, 1), (3, 10)]",15,0,15
781,"(6, 7)","(5, 7)",East,"[(7, 7) via East]","[(6, 7), (11, 2), (12, 1), (3, 11), (2, 10), (5, 9)]","[(11, 2), (12, 1), (3, 11), (2, 10), (5, 9), (7, 7)]","[(1, 1), (1, 2), (2, 1), (1, 3), (2, 2), (3, 1), (1, 4), (2, 3), (3, 2), (4, 1), (2, 4), (3, 3), (4, 2), (5, 1), (3, 4), (4, 3), (5, 2), (3, 5), (5, 3), (3, 6), (6, 3), (2, 6), (7, 3), (1, 6), (7, 4), (7, 2), (1, 7), (7, 5), (7, 1), (1, 8), (6, 5), (8, 1), (2, 8), (5, 5), (9, 1), (3, 8), (5, 6), (10, 1), (3, 9), (5, 7), (11, 1), (3, 10), (5, 8)]",15,0,15
782,"(11, 2)","(11, 1)",North,"[(11, 3) via North]","[(11, 2), (12, 1), (3, 11), (2, 10), (5, 9), (7, 7)]","[(12, 1), (3, 11), (2, 10), (5, 9), (7, 7), (11, 3)]","[(1, 1), (1, 2), (2, 1), (1, 3), (2, 2), (3, 1), (1, 4), (2, 3), (3, 2), (4, 1), (2, 4), (3, 3), (4, 2), (5, 1), (3, 4), (4, 3), (5, 2), (3, 5), (5, 3), (3, 6), (6, 3), (2, 6), (7, 3), (1, 6), (7, 4), (7, 2), (1, 7), (7, 5), (7, 1), (1, 8), (6, 5), (8, 1), (2, 8), (5, 5), (9, 1), (3, 8), (5, 6), (10, 1), (3, 9), (5, 7), (11, 1), (3, 10), (5, 8), (6, 7)]",15,0,15
783,"(12, 1)","(11, 1)",East,"[(13, 1) via East]","[(12, 1), (3, 11), (2, 10), (5, 9), (7, 7), (11, 3)]","[(3, 11), (2, 10), (5, 9), (7, 7), (11, 3), (13, 1)]","[(1, 1), (1, 2), (2, 1), (1, 3), (2, 2), (3, 1), (1, 4), (2, 3), (3, 2), (4, 1), (2, 4), (3, 3), (4, 2), (5, 1), (3, 4), (4, 3), (5, 2), (3, 5), (5, 3), (3, 6), (6, 3), (2, 6), (7, 3), (1, 6), (7, 4), (7, 2), (1, 7), (7, 5), (7, 1), (1, 8), (6, 5), (8, 1), (2, 8), (5, 5), (9, 1), (3, 8), (5, 6), (10, 1), (3, 9), (5, 7), (11, 1), (3, 10), (5, 8), (6, 7), (11, 2)]",15,0,15
784,"(3, 11)","(3, 10)",North,"[(4, 11) via East]","[(3, 11), (2, 10), (5, 9), (7, 7), (11, 3), (13, 1)]","[(2, 10), (5, 9), (7, 7), (11, 3), (13, 1), (4, 11)]","[(1, 1), (1, 2), (2, 1), (1, 3), (2, 2), (3, 1), (1, 4), (2, 3), (3, 2), (4, 1), (2, 4), (3, 3), (4, 2), (5, 1), (3, 4), (4, 3), (5, 2), (3, 5), (5, 3), (3, 6), (6, 3), (2, 6), (7, 3), (1, 6), (7, 4), (7, 2), (1, 7), (7, 5), (7, 1), (1, 8), (6, 5), (8, 1), (2, 8), (5, 5), (9, 1), (3, 8), (5, 6), (10, 1), (3, 9), (5, 7), (11, 1), (3, 10), (5, 8), (6, 7), (11, 2), (12, 1)]",16,0,16
785,"(2, 10)","(3, 10)",West,"[(1, 10) via West]","[(2, 10), (5, 9), (7, 7), (11, 3), (13, 1), (4, 11)]","[(5, 9), (7, 7), (11, 3), (13, 1), (4, 11), (1, 10)]","[(1, 1), (1, 2), (2, 1), (1, 3), (2, 2), (3, 1), (1, 4), (2, 3), (3, 2), (4, 1), (2, 4), (3, 3), (4, 2), (5, 1), (3, 4), (4, 3), (5, 2), (3, 5), (5, 3), (3, 6), (6, 3), (2, 6), (7, 3), (1, 6), (7, 4), (7, 2), (1, 7), (7, 5), (7, 1), (1, 8), (6, 5), (8, 1), (2, 8), (5, 5), (9, 1), (3, 8), (5, 6), (10, 1), (3, 9), (5, 7), (11, 1), (3, 10), (5, 8), (6, 7), (11, 2), (12, 1), (3, 11)]",16,0,16
786,"(5, 9)","(5, 8)",North,[],"[(5, 9), (7, 7), (11, 3), (13, 1), (4, 11), (1, 10)]","[(7, 7), (11, 3), (13, 1), (4, 11), (1, 10)]","[(1, 1), (1, 2), (2, 1), (1, 3), (2, 2), (3, 1), (1, 4), (2, 3), (3, 2), (4, 1), (2, 4), (3, 3), (4, 2), (5, 1), (3, 4), (4, 3), (5, 2), (3, 5), (5, 3), (3, 6), (6, 3), (2, 6), (7, 3), (1, 6), (7, 4), (7, 2), (1, 7), (7, 5), (7, 1), (1, 8), (6, 5), (8, 1), (2, 8), (5, 5), (9, 1), (3, 8), (5, 6), (10, 1), (3, 9), (5, 7), (11, 1), (3, 10), (5, 8), (6, 7), (11, 2), (12, 1), (3, 11), (2, 10)]",16,0,16
787,"(7, 7)","(6, 7)",East,"[(8, 7) via East]","[(7, 7), (11, 3), (13, 1), (4, 11), (1, 10)]","[(11, 3), (13, 1), (4, 11), (1, 10), (8, 7)]","[(1, 1), (1, 2), (2, 1), (1, 3), (2, 2), (3, 1), (1, 4), (2, 3), (3, 2), (4, 1), (2, 4), (3, 3), (4, 2), (5, 1), (3, 4), (4, 3), (5, 2), (3, 5), (5, 3), (3, 6), (6, 3), (2, 6), (7, 3), (1, 6), (7, 4), (7, 2), (1, 7), (7, 5), (7, 1), (1, 8), (6, 5), (8, 1), (2, 8), (5, 5), (9, 1), (3, 8), (5, 6), (10, 1), (3, 9), (5, 7), (11, 1), (3, 10), (5, 8), (6, 7), (11, 2), (12, 1), (3, 11), (2, 10), (5, 9)]",16,0,16
788,"(11, 3)","(11, 2)",North,"[(12, 3) via East, (10, 3) via West]","[(11, 3), (13, 1), (4, 11), (1, 10), (8, 7)]","[(13, 1), (4, 11), (1, 10), (8, 7), (12, 3), (10, 3)]","[(1, 1), (1, 2), (2, 1), (1, 3), (2, 2), (3, 1), (1, 4), (2, 3), (3, 2), (4, 1), (2, 4), (3, 3), (4, 2), (5, 1), (3, 4), (4, 3), (5, 2), (3, 5), (5, 3), (3, 6), (6, 3), (2, 6), (7, 3), (1, 6), (7, 4), (7, 2), (1, 7), (7, 5), (7, 1), (1, 8), (6, 5), (8, 1), (2, 8), (5, 5), (9, 1), (3, 8), (5, 6), (10, 1), (3, 9), (5, 7), (11, 1), (3, 10), (5, 8), (6, 7), (11, 2), (12, 1), (3, 11), (2, 10), (5, 9), (7, 7)]",16,0,16
789,"(13, 1)","(12, 1)",East,"[(14, 1) via East]","[(13, 1), (4, 11), (1, 10), (8, 7), (12, 3), (10, 3)]","[(4, 11), (1, 10), (8, 7), (12, 3), (10, 3), (14, 1)]","[(1, 1), (1, 2), (2, 1), (1, 3), (2, 2), (3, 1), (1, 4), (2, 3), (3, 2), (4, 1), (2, 4), (3, 3), (4, 2), (5, 1), (3, 4), (4, 3), (5, 2), (3, 5), (5, 3), (3, 6), (6, 3), (2, 6), (7, 3), (1, 6), (7, 4), (7, 2), (1, 7), (7, 5), (7, 1), (1, 8), (6, 5), (8, 1), (2, 8), (5, 5), (9, 1), (3, 8), (5, 6), (10, 1), (3, 9), (5, 7), (11, 1), (3, 10), (5, 8), (6, 7), (11, 2), (12, 1), (3, 11), (2, 10), (5, 9), (7, 7), (11, 3)]",16,0,16
790,"(4, 11)","(3, 11)",East,"[(5, 11) via East]","[(4, 11), (1, 10), (8, 7), (12, 3), (10, 3), (14, 1)]","[(1, 10), (8, 7), (12, 3), (10, 3), (14, 1), (5, 11)]","[(1, 1), (1, 2), (2, 1), (1, 3), (2, 2), (3, 1), (1, 4), (2, 3), (3, 2), (4, 1), (2, 4), (3, 3), (4, 2), (5, 1), (3, 4), (4, 3), (5, 2), (3, 5), (5, 3), (3, 6), (6, 3), (2, 6), (7, 3), (1, 6), (7, 4), (7, 2), (1, 7), (7, 5), (7, 1), (1, 8), (6, 5), (8, 1), (2, 8), (5, 5), (9, 1), (3, 8), (5, 6), (10, 1), (3, 9), (5, 7), (11, 1), (3, 10), (5, 8), (6, 7), (11, 2), (12, 1), (3, 11), (2, 10), (5, 9), (7, 7), (11, 3), (13, 1)]",17,0,17
791,"(1, 10)","(2, 10)",West,"[(1, 11) via North]","[(1, 10), (8, 7), (12, 3), (10, 3), (14, 1), (5, 11)]","[(8, 7), (12, 3), (10, 3), (14, 1), (5, 11), (1, 11)]","[(1, 1), (1, 2), (2, 1), (1, 3), (2, 2), (3, 1), (1, 4), (2, 3), (3, 2), (4, 1), (2, 4), (3, 3), (4, 2), (5, 1), (3, 4), (4, 3), (5, 2), (3, 5), (5, 3), (3, 6), (6, 3), (2, 6), (7, 3), (1, 6), (7, 4), (7, 2), (1, 7), (7, 5), (7, 1), (1, 8), (6, 5), (8, 1), (2, 8), (5, 5), (9, 1), (3, 8), (5, 6), (10, 1), (3, 9), (5, 7), (11, 1), (3, 10), (5, 8), (6, 7), (11, 2), (12, 1), (3, 11), (2, 10), (5, 9), (7, 7), (11, 3), (13, 1), (4, 11)]",17,0,17
792,"(8, 7)","(7, 7)",East,"[(9, 7) via East]","[(8, 7), (12, 3), (10, 3), (14, 1), (5, 11), (1, 11)]","[(12, 3), (10, 3), (14, 1), (5, 11), (1, 11), (9, 7)]","[(1, 1), (1, 2), (2, 1), (1, 3), (2, 2), (3, 1), (1, 4), (2, 3), (3, 2), (4, 1), (2, 4), (3, 3), (4, 2), (5, 1), (3, 4), (4, 3), (5, 2), (3, 5), (5, 3), (3, 6), (6, 3), (2, 6), (7, 3), (1, 6), (7, 4), (7, 2), (1, 7), (7, 5), (7, 1), (1, 8), (6, 5), (8, 1), (2, 8), (5, 5), (9, 1), (3, 8), (5, 6), (10, 1), (3, 9), (5, 7), (11, 1), (3, 10), (5, 8), (6, 7), (11, 2), (12, 1), (3, 11), (2, 10), (5, 9), (7, 7), (11, 3), (13, 1), (4, 11), (1, 10)]",17,0,17
793,"(12, 3)","(11, 3)",East,"[(13, 3) via East]","[(12, 3), (10, 3), (14, 1), (5, 11), (1, 11), (9, 7)]","[(10, 3), (14, 1), (5, 11), (1, 11), (9, 7), (13, 3)]","[(1, 1), (1, 2), (2, 1), (1, 3), (2, 2), (3, 1), (1, 4), (2, 3), (3, 2), (4, 1), (2, 4), (3, 3), (4, 2), (5, 1), (3, 4), (4, 3), (5, 2), (3, 5), (5, 3), (3, 6), (6, 3), (2, 6), (7, 3), (1, 6), (7, 4), (7, 2), (1, 7), (7, 5), (7, 1), (1, 8), (6, 5), (8, 1), (2, 8), (5, 5), (9, 1), (3, 8), (5, 6), (10, 1), (3, 9), (5, 7), (11, 1), (3, 10), (5, 8), (6, 7), (11, 2), (12, 1), (3, 11), (2, 10), (5, 9), (7, 7), (11, 3), (13, 1), (4, 11), (1, 10), (8, 7)]",17,0,17
794,"(10, 3)","(11, 3)",West,"[(9, 3) via West]","[(10, 3), (14, 1), (5, 11), (1, 11), (9, 7), (13, 3)]","[(14, 1), (5, 11), (1, 11), (9, 7), (13, 3), (9, 3)]","[(1, 1), (1, 2), (2, 1), (1, 3), (2, 2), (3, 1), (1, 4), (2, 3), (3, 2), (4, 1), (2, 4), (3, 3), (4, 2), (5, 1), (3, 4), (4, 3), (5, 2), (3, 5), (5, 3), (3, 6), (6, 3), (2, 6), (7, 3), (1, 6), (7, 4), (7, 2), (1, 7), (7, 5), (7, 1), (1, 8), (6, 5), (8, 1), (2, 8), (5, 5), (9, 1), (3, 8), (5, 6), (10, 1), (3, 9), (5, 7), (11, 1), (3, 10), (5, 8), (6, 7), (11, 2), (12, 1), (3, 11), (2, 10), (5, 9), (7, 7), (11, 3), (13, 1), (4, 11), (1, 10), (8, 7), (12, 3)]",17,0,17
795,"(14, 1)","(13, 1)",East,"[(15, 1) via East]","[(14, 1), (5, 11), (1, 11), (9, 7), (13, 3), (9, 3)]","[(5, 11), (1, 11), (9, 7), (13, 3), (9, 3), (15, 1)]","[(1, 1), (1, 2), (2, 1), (1, 3), (2, 2), (3, 1), (1, 4), (2, 3), (3, 2), (4, 1), (2, 4), (3, 3), (4, 2), (5, 1), (3, 4), (4, 3), (5, 2), (3, 5), (5, 3), (3, 6), (6, 3), (2, 6), (7, 3), (1, 6), (7, 4), (7, 2), (1, 7), (7, 5), (7, 1), (1, 8), (6, 5), (8, 1), (2, 8), (5, 5), (9, 1), (3, 8), (5, 6), (10, 1), (3, 9), (5, 7), (11, 1), (3, 10), (5, 8), (6, 7), (11, 2), (12, 1), (3, 11), (2, 10), (5, 9), (7, 7), (11, 3), (13, 1), (4, 11), (1, 10), (8, 7), (12, 3), (10, 3)]",17,0,17
796,"(5, 11)","(4, 11)",East,"[(5, 12) via North]","[(5, 11), (1, 11), (9, 7), (13, 3), (9, 3), (15, 1)]","[(1, 11), (9, 7), (13, 3), (9, 3), (15, 1), (5, 12)]","[(1, 1), (1, 2), (2, 1), (1, 3), (2, 2), (3, 1), (1, 4), (2, 3), (3, 2), (4, 1), (2, 4), (3, 3), (4, 2), (5, 1), (3, 4), (4, 3), (5, 2), (3, 5), (5, 3), (3, 6), (6, 3), (2, 6), (7, 3), (1, 6), (7, 4), (7, 2), (1, 7), (7, 5), (7, 1), (1, 8), (6, 5), (8, 1), (2, 8), (5, 5), (9, 1), (3, 8), (5, 6), (10, 1), (3, 9), (5, 7), (11, 1), (3, 10), (5, 8), (6, 7), (11, 2), (12, 1), (3, 11), (2, 10), (5, 9), (7, 7), (11, 3), (13, 1), (4, 11), (1, 10), (8, 7), (12, 3), (10, 3), (14, 1)]",18,0,18
797,"(1, 11)","(1, 10)",North,"[(1, 12) via North]","[(1, 11), (9, 7), (13, 3), (9, 3), (15, 1), (5, 12)]","[(9, 7), (13, 3), (9, 3), (15, 1), (5, 12), (1, 12)]","[(1, 1), (1, 2), (2, 1), (1, 3), (2, 2), (3, 1), (1, 4), (2, 3), (3, 2), (4, 1), (2, 4), (3, 3), (4, 2), (5, 1), (3, 4), (4, 3), (5, 2), (3, 5), (5, 3), (3, 6), (6, 3), (2, 6), (7, 3), (1, 6), (7, 4), (7, 2), (1, 7), (7, 5), (7, 1), (1, 8), (6, 5), (8, 1), (2, 8), (5, 5), (9, 1), (3, 8), (5, 6), (10, 1), (3, 9), (5, 7), (11, 1), (3, 10), (5, 8), (6, 7), (11, 2), (12, 1), (3, 11), (2, 10), (5, 9), (7, 7), (11, 3), (13, 1), (4, 11), (1, 10), (8, 7), (12, 3), (10, 3), (14, 1), (5, 11)]",18,0,18
798,"(9, 7)","(8, 7)",East,"[(9, 8) via North, (10, 7) via East]","[(9, 7), (13, 3), (9, 3), (15, 1), (5, 12), (1, 12)]","[(13, 3), (9, 3), (15, 1), (5, 12), (1, 12), (9, 8), (10, 7)]","[(1, 1), (1, 2), (2, 1), (1, 3), (2, 2), (3, 1), (1, 4), (2, 3), (3, 2), (4, 1), (2, 4), (3, 3), (4, 2), (5, 1), (3, 4), (4, 3), (5, 2), (3, 5), (5, 3), (3, 6), (6, 3), (2, 6), (7, 3), (1, 6), (7, 4), (7, 2), (1, 7), (7, 5), (7, 1), (1, 8), (6, 5), (8, 1), (2, 8), (5, 5), (9, 1), (3, 8), (5, 6), (10, 1), (3, 9), (5, 7), (11, 1), (3, 10), (5, 8), (6, 7), (11, 2), (12, 1), (3, 11), (2, 10), (5, 9), (7, 7), (11, 3), (13, 1), (4, 11), (1, 10), (8, 7), (12, 3), (10, 3), (14, 1), (5, 11), (1, 11)]",18,0,18
799,"(13, 3)","(12, 3)",East,"[(14, 3) via East]","[(13, 3), (9, 3), (15, 1), (5, 12), (1, 12), (9, 8), (10, 7)]","[(9, 3), (15, 1), (5, 12), (1, 12), (9, 8), (10, 7), (14, 3)]","[(1, 1), (1, 2), (2, 1), (1, 3), (2, 2), (3, 1), (1, 4), (2, 3), (3, 2), (4, 1), (2, 4), (3, 3), (4, 2), (5, 1), (3, 4), (4, 3), (5, 2), (3, 5), (5, 3), (3, 6), (6, 3), (2, 6), (7, 3), (1, 6), (7, 4), (7, 2), (1, 7), (7, 5), (7, 1), (1, 8), (6, 5), (8, 1), (2, 8), (5, 5), (9, 1), (3, 8), (5, 6), (10, 1), (3, 9), (5, 7), (11, 1), (3, 10), (5, 8), (6, 7), (11, 2), (12, 1), (3, 11), (2, 10), (5, 9), (7, 7), (11, 3), (13, 1), (4, 11), (1, 10), (8, 7), (12, 3), (10, 3), (14, 1), (5, 11), (1, 11), (9, 7)]",18,0,18
800,"(9, 3)","(10, 3)",West,"[(9, 4) via North]","[(9, 3), (15, 1), (5, 12), (1, 12), (9, 8), (10, 7), (14, 3)]","[(15, 1), (5, 12), (1, 12), (9, 8), (10, 7), (14, 3), (9, 4)]","[(1, 1), (1, 2), (2, 1), (1, 3), (2, 2), (3, 1), (1, 4), (2, 3), (3, 2), (4, 1), (2, 4), (3, 3), (4, 2), (5, 1), (3, 4), (4, 3), (5, 2), (3, 5), (5, 3), (3, 6), (6, 3), (2, 6), (7, 3), (1, 6), (7, 4), (7, 2), (1, 7), (7, 5), (7, 1), (1, 8), (6, 5), (8, 1), (2, 8), (5, 5), (9, 1), (3, 8), (5, 6), (10, 1), (3, 9), (5, 7), (11, 1), (3, 10), (5, 8), (6, 7), (11, 2), (12, 1), (3, 11), (2, 10), (5, 9), (7, 7), (11, 3), (13, 1), (4, 11), (1, 10), (8, 7), (12, 3), (10, 3), (14, 1), (5, 11), (1, 11), (9, 7), (13, 3)]",18,0,18
801,"(15, 1)","(14, 1)",East,"[(16, 1) via East]","[(15, 1), (5, 12), (1, 12), (9, 8), (10, 7), (14, 3), (9, 4)]","[(5, 12), (1, 12), (9, 8), (10, 7), (14, 3), (9, 4), (16, 1)]","[(1, 1), (1, 2), (2, 1), (1, 3), (2, 2), (3, 1), (1, 4), (2, 3), (3, 2), (4, 1), (2, 4), (3, 3), (4, 2), (5, 1), (3, 4), (4, 3), (5, 2), (3, 5), (5, 3), (3, 6), (6, 3), (2, 6), (7, 3), (1, 6), (7, 4), (7, 2), (1, 7), (7, 5), (7, 1), (1, 8), (6, 5), (8, 1), (2, 8), (5, 5), (9, 1), (3, 8), (5, 6), (10, 1), (3, 9), (5, 7), (11, 1), (3, 10), (5, 8), (6, 7), (11, 2), (12, 1), (3, 11), (2, 10), (5, 9), (7, 7), (11, 3), (13, 1), (4, 11), (1, 10), (8, 7), (12, 3), (10, 3), (14, 1), (5, 11), (1, 11), (9, 7), (13, 3), (9, 3)]",18,0,18
802,"(5, 12)","(5, 11)",North,"[(5, 13) via North]","[(5, 12), (1, 12), (9, 8), (10, 7), (14, 3), (9, 4), (16, 1)]","[(1, 12), (9, 8), (10, 7), (14, 3), (9, 4), (16, 1), (5, 13)]","[(1, 1), (1, 2), (2, 1), (1, 3), (2, 2), (3, 1), (1, 4), (2, 3), (3, 2), (4, 1), (2, 4), (3, 3), (4, 2), (5, 1), (3, 4), (4, 3), (5, 2), (3, 5), (5, 3), (3, 6), (6, 3), (2, 6), (7, 3), (1, 6), (7, 4), (7, 2), (1, 7), (7, 5), (7, 1), (1, 8), (6, 5), (8, 1), (2, 8), (5, 5), (9, 1), (3, 8), (5, 6), (10, 1), (3, 9), (5, 7), (11, 1), (3, 10), (5, 8), (6, 7), (11, 2), (12, 1), (3, 11), (2, 10), (5, 9), (7, 7), (11, 3), (13, 1), (4, 11), (1, 10), (8, 7), (12, 3), (10, 3), (14, 1), (5, 11), (1, 11), (9, 7), (13, 3), (9, 3), (15, 1)]",19,0,19
803,"(1, 12)","(1, 11)",North,"[(1, 13) via North]","[(1, 12), (9, 8), (10, 7), (14, 3), (9, 4), (16, 1), (5, 13)]","[(9, 8), (10, 7), (14, 3), (9, 4), (16, 1), (5, 13), (1, 13)]","[(1, 1), (1, 2), (2, 1), (1, 3), (2, 2), (3, 1), (1, 4), (2, 3), (3, 2), (4, 1), (2, 4), (3, 3), (4, 2), (5, 1), (3, 4), (4, 3), (5, 2), (3, 5), (5, 3), (3, 6), (6, 3), (2, 6), (7, 3), (1, 6), (7, 4), (7, 2), (1, 7), (7, 5), (7, 1), (1, 8), (6, 5), (8, 1), (2, 8), (5, 5), (9, 1), (3, 8), (5, 6), (10, 1), (3, 9), (5, 7), (11, 1), (3, 10), (5, 8), (6, 7), (11, 2), (12, 1), (3, 11), (2, 10), (5, 9), (7, 7), (11, 3), (13, 1), (4, 11), (1, 10), (8, 7), (12, 3), (10, 3), (14, 1), (5, 11), (1, 11), (9, 7), (13, 3), (9, 3), (15, 1), (5, 12)]",19,0,19
804,"(9, 8)","(9, 7)",North,"[(9, 9) via North]","[(9, 8), (10, 7), (14, 3), (9, 4), (16, 1), (5, 13), (1, 13)]","[(10, 7), (14, 3), (9, 4), (16, 1), (5, 13), (1, 13), (9, 9)]","[(1, 1), (1, 2), (2, 1), (1, 3), (2, 2), (3, 1), (1, 4), (2, 3), (3, 2), (4, 1), (2, 4), (3, 3), (4, 2), (5, 1), (3, 4), (4, 3), (5, 2), (3, 5), (5, 3), (3, 6), (6, 3), (2, 6), (7, 3), (1, 6), (7, 4), (7, 2), (1, 7), (7, 5), (7, 1), (1, 8), (6, 5), (8, 1), (2, 8), (5, 5), (9, 1), (3, 8), (5, 6), (10, 1), (3, 9), (5, 7), (11, 1), (3, 10), (5, 8), (6, 7), (11, 2), (12, 1), (3, 11), (2, 10), (5, 9), (7, 7), (11, 3), (13, 1), (4, 11), (1, 10), (8, 7), (12, 3), (10, 3), (14, 1), (5, 11), (1, 11), (9, 7), (13, 3), (9, 3), (15, 1), (5, 12), (1, 12)]",19,0,19
805,"(10, 7)","(9, 7)",East,"[(11, 7) via East]","[(10, 7), (14, 3), (9, 4), (16, 1), (5, 13), (1, 13), (9, 9)]","[(14, 3), (9, 4), (16, 1), (5, 13), (1, 13), (9, 9), (11, 7)]","[(1, 1), (1, 2), (2, 1), (1, 3), (2, 2), (3, 1), (1, 4), (2, 3), (3, 2), (4, 1), (2, 4), (3, 3), (4, 2), (5, 1), (3, 4), (4, 3), (5, 2), (3, 5), (5, 3), (3, 6), (6, 3), (2, 6), (7, 3), (1, 6), (7, 4), (7, 2), (1, 7), (7, 5), (7, 1), (1, 8), (6, 5), (8, 1), (2, 8), (5, 5), (9, 1), (3, 8), (5, 6), (10, 1), (3, 9), (5, 7), (11, 1), (3, 10), (5, 8), (6, 7), (11, 2), (12, 1), (3, 11), (2, 10), (5, 9), (7, 7), (11, 3), (13, 1), (4, 11), (1, 10), (8, 7), (12, 3), (10, 3), (14, 1), (5, 11), (1, 11), (9, 7), (13, 3), (9, 3), (15, 1), (5, 12), (1, 12), (9, 8)]",19,0,19
806,"(14, 3)","(13, 3)",East,"[(14, 4) via North]","[(14, 3), (9, 4), (16, 1), (5, 13), (1, 13), (9, 9), (11, 7)]","[(9, 4), (16, 1), (5, 13), (1, 13), (9, 9), (11, 7), (14, 4)]","[(1, 1), (1, 2), (2, 1), (1, 3), (2, 2), (3, 1), (1, 4), (2, 3), (3, 2), (4, 1), (2, 4), (3, 3), (4, 2), (5, 1), (3, 4), (4, 3), (5, 2), (3, 5), (5, 3), (3, 6), (6, 3), (2, 6), (7, 3), (1, 6), (7, 4), (7, 2), (1, 7), (7, 5), (7, 1), (1, 8), (6, 5), (8, 1), (2, 8), (5, 5), (9, 1), (3, 8), (5, 6), (10, 1), (3, 9), (5, 7), (11, 1), (3, 10), (5, 8), (6, 7), (11, 2), (12, 1), (3, 11), (2, 10), (5, 9), (7, 7), (11, 3), (13, 1), (4, 11), (1, 10), (8, 7), (12, 3), (10, 3), (14, 1), (5, 11), (1, 11), (9, 7), (13, 3), (9, 3), (15, 1), (5, 12), (1, 12), (9, 8), (10, 7)]",19,0,19
807,"(9, 4)","(9, 3)",North,"[(9, 5) via North]","[(9, 4), (16, 1), (5, 13), (1, 13), (9, 9), (11, 7), (14, 4)]","[(16, 1), (5, 13), (1, 13), (9, 9), (11, 7), (14, 4), (9, 5)]","[(1, 1), (1, 2), (2, 1), (1, 3), (2, 2), (3, 1), (1, 4), (2, 3), (3, 2), (4, 1), (2, 4), (3, 3), (4, 2), (5, 1), (3, 4), (4, 3), (5, 2), (3, 5), (5, 3), (3, 6), (6, 3), (2, 6), (7, 3), (1, 6), (7, 4), (7, 2), (1, 7), (7, 5), (7, 1), (1, 8), (6, 5), (8, 1), (2, 8), (5, 5), (9, 1), (3, 8), (5, 6), (10, 1), (3, 9), (5, 7), (11, 1), (3, 10), (5, 8), (6, 7), (11, 2), (12, 1), (3, 11), (2, 10), (5, 9), (7, 7), (11, 3), (13, 1), (4, 11), (1, 10), (8, 7), (12, 3), (10, 3), (14, 1), (5, 11), (1, 11), (9, 7), (13, 3), (9, 3), (15, 1), (5, 12), (1, 12), (9, 8), (10, 7), (14, 3)]",19,0,19
808,"(16, 1)","(15, 1)",East,"[(17, 1) via East]","[(16, 1), (5, 13), (1, 13), (9, 9), (11, 7), (14, 4), (9, 5)]","[(5, 13), (1, 13), (9, 9), (11, 7), (14, 4), (9, 5), (17, 1)]","[(1, 1), (1, 2), (2, 1), (1, 3), (2, 2), (3, 1), (1, 4), (2, 3), (3, 2), (4, 1), (2, 4), (3, 3), (4, 2), (5, 1), (3, 4), (4, 3), (5, 2), (3, 5), (5, 3), (3, 6), (6, 3), (2, 6), (7, 3), (1, 6), (7, 4), (7, 2), (1, 7), (7, 5), (7, 1), (1, 8), (6, 5), (8, 1), (2, 8), (5, 5), (9, 1), (3, 8), (5, 6), (10, 1), (3, 9), (5, 7), (11, 1), (3, 10), (5, 8), (6, 7), (11, 2), (12, 1), (3, 11), (2, 10), (5, 9), (7, 7), (11, 3), (13, 1), (4, 11), (1, 10), (8, 7), (12, 3), (10, 3), (14, 1), (5, 11), (1, 11), (9, 7), (13, 3), (9, 3), (15, 1), (5, 12), (1, 12), (9, 8), (10, 7), (14, 3), (9, 4)]",19,0,19
809,"(5, 13)","(5, 12)",North,"[(4, 13) via West]","[(5, 13), (1, 13), (9, 9), (11, 7), (14, 4), (9, 5), (17, 1)]","[(1, 13), (9, 9), (11, 7), (14, 4), (9, 5), (17, 1), (4, 13)]","[(1, 1), (1, 2), (2, 1), (1, 3), (2, 2), (3, 1), (1, 4), (2, 3), (3, 2), (4, 1), (2, 4), (3, 3), (4, 2), (5, 1), (3, 4), (4, 3), (5, 2), (3, 5), (5, 3), (3, 6), (6, 3), (2, 6), (7, 3), (1, 6), (7, 4), (7, 2), (1, 7), (7, 5), (7, 1), (1, 8), (6, 5), (8, 1), (2, 8), (5, 5), (9, 1), (3, 8), (5, 6), (10, 1), (3, 9), (5, 7), (11, 1), (3, 10), (5, 8), (6, 7), (11, 2), (12, 1), (3, 11), (2, 10), (5, 9), (7, 7), (11, 3), (13, 1), (4, 11), (1, 10), (8, 7), (12, 3), (10, 3), (14, 1), (5, 11), (1, 11), (9, 7), (13, 3), (9, 3), (15, 1), (5, 12), (1, 12), (9, 8), (10, 7), (14, 3), (9, 4), (16, 1)]",20,0,20
810,"(1, 13)","(1, 12)",North,"[(2, 13) via East]","[(1, 13), (9, 9), (11, 7), (14, 4), (9, 5), (17, 1), (4, 13)]","[(9, 9), (11, 7), (14, 4), (9, 5), (17, 1), (4, 13), (2, 13)]","[(1, 1), (1, 2), (2, 1), (1, 3), (2, 2), (3, 1), (1, 4), (2, 3), (3, 2), (4, 1), (2, 4), (3, 3), (4, 2), (5, 1), (3, 4), (4, 3), (5, 2), (3, 5), (5, 3), (3, 6), (6, 3), (2, 6), (7, 3), (1, 6), (7, 4), (7, 2), (1, 7), (7, 5), (7, 1), (1, 8), (6, 5), (8, 1), (2, 8), (5, 5), (9, 1), (3, 8), (5, 6), (10, 1), (3, 9), (5, 7), (11, 1), (3, 10), (5, 8), (6, 7), (11, 2), (12, 1), (3, 11), (2, 10), (5, 9), (7, 7), (11, 3), (13, 1), (4, 11), (1, 10), (8, 7), (12, 3), (10, 3), (14, 1), (5, 11), (1, 11), (9, 7), (13, 3), (9, 3), (15, 1), (5, 12), (1, 12), (9, 8), (10, 7), (14, 3), (9, 4), (16, 1), (5, 13)]",20,0,20
811,"(9, 9)","(9, 8)",North,"[(9, 10) via North]","[(9, 9), (11, 7), (14, 4), (9, 5), (17, 1), (4, 13), (2, 13)]","[(11, 7), (14, 4), (9, 5), (17, 1), (4, 13), (2, 13), (9, 10)]","[(1, 1), (1, 2), (2, 1), (1, 3), (2, 2), (3, 1), (1, 4), (2, 3), (3, 2), (4, 1), (2, 4), (3, 3), (4, 2), (5, 1), (3, 4), (4, 3), (5, 2), (3, 5), (5, 3), (3, 6), (6, 3), (2, 6), (7, 3), (1, 6), (7, 4), (7, 2), (1, 7), (7, 5), (7, 1), (1, 8), (6, 5), (8, 1), (2, 8), (5, 5), (9, 1), (3, 8), (5, 6), (10, 1), (3, 9), (5, 7), (11, 1), (3, 10), (5, 8), (6, 7), (11, 2), (12, 1), (3, 11), (2, 10), (5, 9), (7, 7), (11, 3), (13, 1), (4, 11), (1, 10), (8, 7), (12, 3), (10, 3), (14, 1), (5, 11), (1, 11), (9, 7), (13, 3), (9, 3), (15, 1), (5, 12), (1, 12), (9, 8), (10, 7), (14, 3), (9, 4), (16, 1), (5, 13), (1, 13)]",20,0,20
812,"(11, 7)","(10, 7)",East,"[(11, 8) via North, (11, 6) via South]","[(11, 7), (14, 4), (9, 5), (17, 1), (4, 13), (2, 13), (9, 10)]","[(14, 4), (9, 5), (17, 1), (4, 13), (2, 13), (9, 10), (11, 8), (11, 6)]","[(1, 1), (1, 2), (2, 1), (1, 3), (2, 2), (3, 1), (1, 4), (2, 3), (3, 2), (4, 1), (2, 4), (3, 3), (4, 2), (5, 1), (3, 4), (4, 3), (5, 2), (3, 5), (5, 3), (3, 6), (6, 3), (2, 6), (7, 3), (1, 6), (7, 4), (7, 2), (1, 7), (7, 5), (7, 1), (1, 8), (6, 5), (8, 1), (2, 8), (5, 5), (9, 1), (3, 8), (5, 6), (10, 1), (3, 9), (5, 7), (11, 1), (3, 10), (5, 8), (6, 7), (11, 2), (12, 1), (3, 11), (2, 10), (5, 9), (7, 7), (11, 3), (13, 1), (4, 11), (1, 10), (8, 7), (12, 3), (10, 3), (14, 1), (5, 11), (1, 11), (9, 7), (13, 3), (9, 3), (15, 1), (5, 12), (1, 12), (9, 8), (10, 7), (14, 3), (9, 4), (16, 1), (5, 13), (1, 13), (9, 9)]",20,0,20
813,"(14, 4)","(14, 3)",North,"[(14, 5) via North]","[(14, 4), (9, 5), (17, 1), (4, 13), (2, 13), (9, 10), (11, 8), (11, 6)]","[(9, 5), (17, 1), (4, 13), (2, 13), (9, 10), (11, 8), (11, 6), (14, 5)]","[(1, 1), (1, 2), (2, 1), (1, 3), (2, 2), (3, 1), (1, 4), (2, 3), (3, 2), (4, 1), (2, 4), (3, 3), (4, 2), (5, 1), (3, 4), (4, 3), (5, 2), (3, 5), (5, 3), (3, 6), (6, 3), (2, 6), (7, 3), (1, 6), (7, 4), (7, 2), (1, 7), (7, 5), (7, 1), (1, 8), (6, 5), (8, 1), (2, 8), (5, 5), (9, 1), (3, 8), (5, 6), (10, 1), (3, 9), (5, 7), (11, 1), (3, 10), (5, 8), (6, 7), (11, 2), (12, 1), (3, 11), (2, 10), (5, 9), (7, 7), (11, 3), (13, 1), (4, 11), (1, 10), (8, 7), (12, 3), (10, 3), (14, 1), (5, 11), (1, 11), (9, 7), (13, 3), (9, 3), (15, 1), (5, 12), (1, 12), (9, 8), (10, 7), (14, 3), (9, 4), (16, 1), (5, 13), (1, 13), (9, 9), (11, 7)]",20,0,20
814,"(9, 5)","(9, 4)",North,[],"[(9, 5), (17, 1), (4, 13), (2, 13), (9, 10), (11, 8), (11, 6), (14, 5)]","[(17, 1), (4, 13), (2, 13), (9, 10), (11, 8), (11, 6), (14, 5)]","[(1, 1), (1, 2), (2, 1), (1, 3), (2, 2), (3, 1), (1, 4), (2, 3), (3, 2), (4, 1), (2, 4), (3, 3), (4, 2), (5, 1), (3, 4), (4, 3), (5, 2), (3, 5), (5, 3), (3, 6), (6, 3), (2, 6), (7, 3), (1, 6), (7, 4), (7, 2), (1, 7), (7, 5), (7, 1), (1, 8), (6, 5), (8, 1), (2, 8), (5, 5), (9, 1), (3, 8), (5, 6), (10, 1), (3, 9), (5, 7), (11, 1), (3, 10), (5, 8), (6, 7), (11, 2), (12, 1), (3, 11), (2, 10), (5, 9), (7, 7), (11, 3), (13, 1), (4, 11), (1, 10), (8, 7), (12, 3), (10, 3), (14, 1), (5, 11), (1, 11), (9, 7), (13, 3), (9, 3), (15, 1), (5, 12), (1, 12), (9, 8), (10, 7), (14, 3), (9, 4), (16, 1), (5, 13), (1, 13), (9, 9), (11, 7), (14, 4)]",20,0,20
815,"(17, 1)","(16, 1)",East,"[(18, 1) via East]","[(17, 1), (4, 13), (2, 13), (9, 10), (11, 8), (11, 6), (14, 5)]","[(4, 13), (2, 13), (9, 10), (11, 8), (11, 6), (14, 5), (18, 1)]","[(1, 1), (1, 2), (2, 1), (1, 3), (2, 2), (3, 1), (1, 4), (2, 3), (3, 2), (4, 1), (2, 4), (3, 3), (4, 2), (5, 1), (3, 4), (4, 3), (5, 2), (3, 5), (5, 3), (3, 6), (6, 3), (2, 6), (7, 3), (1, 6), (7, 4), (7, 2), (1, 7), (7, 5), (7, 1), (1, 8), (6, 5), (8, 1), (2, 8), (5, 5), (9, 1), (3, 8), (5, 6), (10, 1), (3, 9), (5, 7), (11, 1), (3, 10), (5, 8), (6, 7), (11, 2), (12, 1), (3, 11), (2, 10), (5, 9), (7, 7), (11, 3), (13, 1), (4, 11), (1, 10), (8, 7), (12, 3), (10, 3), (14, 1), (5, 11), (1, 11), (9, 7), (13, 3), (9, 3), (15, 1), (5, 12), (1, 12), (9, 8), (10, 7), (14, 3), (9, 4), (16, 1), (5, 13), (1, 13), (9, 9), (11, 7), (14, 4), (9, 5)]",20,0,20
816,"(4, 13)","(5, 13)",West,"[(3, 13) via West]","[(4, 13), (2, 13), (9, 10), (11, 8), (11, 6), (14, 5), (18, 1)]","[(2, 13), (9, 10), (11, 8), (11, 6), (14, 5), (18, 1), (3, 13)]","[(1, 1), (1, 2), (2, 1), (1, 3), (2, 2), (3, 1), (1, 4), (2, 3), (3, 2), (4, 1), (2, 4), (3, 3), (4, 2), (5, 1), (3, 4), (4, 3), (5, 2), (3, 5), (5, 3), (3, 6), (6, 3), (2, 6), (7, 3), (1, 6), (7, 4), (7, 2), (1, 7), (7, 5), (7, 1), (1, 8), (6, 5), (8, 1), (2, 8), (5, 5), (9, 1), (3, 8), (5, 6), (10, 1), (3, 9), (5, 7), (11, 1), (3, 10), (5, 8), (6, 7), (11, 2), (12, 1), (3, 11), (2, 10), (5, 9), (7, 7), (11, 3), (13, 1), (4, 11), (1, 10), (8, 7), (12, 3), (10, 3), (14, 1), (5, 11), (1, 11), (9, 7), (13, 3), (9, 3), (15, 1), (5, 12), (1, 12), (9, 8), (10, 7), (14, 3), (9, 4), (16, 1), (5, 13), (1, 13), (9, 9), (11, 7), (14, 4), (9, 5), (17, 1)]",21,0,21
817,"(2, 13)","(1, 13)",East,[],"[(2, 13), (9, 10), (11, 8), (11, 6), (14, 5), (18, 1), (3, 13)]","[(9, 10), (11, 8), (11, 6), (14, 5), (18, 1), (3, 13)]","[(1, 1), (1, 2), (2, 1), (1, 3), (2, 2), (3, 1), (1, 4), (2, 3), (3, 2), (4, 1), (2, 4), (3, 3), (4, 2), (5, 1), (3, 4), (4, 3), (5, 2), (3, 5), (5, 3), (3, 6), (6, 3), (2, 6), (7, 3), (1, 6), (7, 4), (7, 2), (1, 7), (7, 5), (7, 1), (1, 8), (6, 5), (8, 1), (2, 8), (5, 5), (9, 1), (3, 8), (5, 6), (10, 1), (3, 9), (5, 7), (11, 1), (3, 10), (5, 8), (6, 7), (11, 2), (12, 1), (3, 11), (2, 10), (5, 9), (7, 7), (11, 3), (13, 1), (4, 11), (1, 10), (8, 7), (12, 3), (10, 3), (14, 1), (5, 11), (1, 11), (9, 7), (13, 3), (9, 3), (15, 1), (5, 12), (1, 12), (9, 8), (10, 7), (14, 3), (9, 4), (16, 1), (5, 13), (1, 13), (9, 9), (11, 7), (14, 4), (9, 5), (17, 1), (4, 13)]",21,0,21
818,"(9, 10)","(9, 9)",North,"[(9, 11) via North]","[(9, 10), (11, 8), (11, 6), (14, 5), (18, 1), (3, 13)]","[(11, 8), (11, 6), (14, 5), (18, 1), (3, 13), (9, 11)]","[(1, 1), (1, 2), (2, 1), (1, 3), (2, 2), (3, 1), (1, 4), (2, 3), (3, 2), (4, 1), (2, 4), (3, 3), (4, 2), (5, 1), (3, 4), (4, 3), (5, 2), (3, 5), (5, 3), (3, 6), (6, 3), (2, 6), (7, 3), (1, 6), (7, 4), (7, 2), (1, 7), (7, 5), (7, 1), (1, 8), (6, 5), (8, 1), (2, 8), (5, 5), (9, 1), (3, 8), (5, 6), (10, 1), (3, 9), (5, 7), (11, 1), (3, 10), (5, 8), (6, 7), (11, 2), (12, 1), (3, 11), (2, 10), (5, 9), (7, 7), (11, 3), (13, 1), (4, 11), (1, 10), (8, 7), (12, 3), (10, 3), (14, 1), (5, 11), (1, 11), (9, 7), (13, 3), (9, 3), (15, 1), (5, 12), (1, 12), (9, 8), (10, 7), (14, 3), (9, 4), (16, 1), (5, 13), (1, 13), (9, 9), (11, 7), (14, 4), (9, 5), (17, 1), (4, 13), (2, 13)]",21,0,21
819,"(11, 8)","(11, 7)",North,"[(11, 9) via North]","[(11, 8), (11, 6), (14, 5), (18, 1), (3, 13), (9, 11)]","[(11, 6), (14, 5), (18, 1), (3, 13), (9, 11), (11, 9)]","[(1, 1), (1, 2), (2, 1), (1, 3), (2, 2), (3, 1), (1, 4), (2, 3), (3, 2), (4, 1), (2, 4), (3, 3), (4, 2), (5, 1), (3, 4), (4, 3), (5, 2), (3, 5), (5, 3), (3, 6), (6, 3), (2, 6), (7, 3), (1, 6), (7, 4), (7, 2), (1, 7), (7, 5), (7, 1), (1, 8), (6, 5), (8, 1), (2, 8), (5, 5), (9, 1), (3, 8), (5, 6), (10, 1), (3, 9), (5, 7), (11, 1), (3, 10), (5, 8), (6, 7), (11, 2), (12, 1), (3, 11), (2, 10), (5, 9), (7, 7), (11, 3), (13, 1), (4, 11), (1, 10), (8, 7), (12, 3), (10, 3), (14, 1), (5, 11), (1, 11), (9, 7), (13, 3), (9, 3), (15, 1), (5, 12), (1, 12), (9, 8), (10, 7), (14, 3), (9, 4), (16, 1), (5, 13), (1, 13), (9, 9), (11, 7), (14, 4), (9, 5), (17, 1), (4, 13), (2, 13), (9, 10)]",21,0,21
820,"(11, 6)","(11, 7)",South,"[(11, 5) via South]","[(11, 6), (14, 5), (18, 1), (3, 13), (9, 11), (11, 9)]","[(14, 5), (18, 1), (3, 13), (9, 11), (11, 9), (11, 5)]","[(1, 1), (1, 2), (2, 1), (1, 3), (2, 2), (3, 1), (1, 4), (2, 3), (3, 2), (4, 1), (2, 4), (3, 3), (4, 2), (5, 1), (3, 4), (4, 3), (5, 2), (3, 5), (5, 3), (3, 6), (6, 3), (2, 6), (7, 3), (1, 6), (7, 4), (7, 2), (1, 7), (7, 5), (7, 1), (1, 8), (6, 5), (8, 1), (2, 8), (5, 5), (9, 1), (3, 8), (5, 6), (10, 1), (3, 9), (5, 7), (11, 1), (3, 10), (5, 8), (6, 7), (11, 2), (12, 1), (3, 11), (2, 10), (5, 9), (7, 7), (11, 3), (13, 1), (4, 11), (1, 10), (8, 7), (12, 3), (10, 3), (14, 1), (5, 11), (1, 11), (9, 7), (13, 3), (9, 3), (15, 1), (5, 12), (1, 12), (9, 8), (10, 7), (14, 3), (9, 4), (16, 1), (5, 13), (1, 13), (9, 9), (11, 7), (14, 4), (9, 5), (17, 1), (4, 13), (2, 13), (9, 10), (11, 8)]",21,0,21
821,"(14, 5)","(14, 4)",North,"[(13, 5) via West]","[(14, 5), (18, 1), (3, 13), (9, 11), (11, 9), (11, 5)]","[(18, 1), (3, 13), (9, 11), (11, 9), (11, 5), (13, 5)]","[(1, 1), (1, 2), (2, 1), (1, 3), (2, 2), (3, 1), (1, 4), (2, 3), (3, 2), (4, 1), (2, 4), (3, 3), (4, 2), (5, 1), (3, 4), (4, 3), (5, 2), (3, 5), (5, 3), (3, 6), (6, 3), (2, 6), (7, 3), (1, 6), (7, 4), (7, 2), (1, 7), (7, 5), (7, 1), (1, 8), (6, 5), (8, 1), (2, 8), (5, 5), (9, 1), (3, 8), (5, 6), (10, 1), (3, 9), (5, 7), (11, 1), (3, 10), (5, 8), (6, 7), (11, 2), (12, 1), (3, 11), (2, 10), (5, 9), (7, 7), (11, 3), (13, 1), (4, 11), (1, 10), (8, 7), (12, 3), (10, 3), (14, 1), (5, 11), (1, 11), (9, 7), (13, 3), (9, 3), (15, 1), (5, 12), (1, 12), (9, 8), (10, 7), (14, 3), (9, 4), (16, 1), (5, 13), (1, 13), (9, 9), (11, 7), (14, 4), (9, 5), (17, 1), (4, 13), (2, 13), (9, 10), (11, 8), (11, 6)]",21,0,21
822,"(18, 1)","(17, 1)",East,"[(19, 1) via East]","[(18, 1), (3, 13), (9, 11), (11, 9), (11, 5), (13, 5)]","[(3, 13), (9, 11), (11, 9), (11, 5), (13, 5), (19, 1)]","[(1, 1), (1, 2), (2, 1), (1, 3), (2, 2), (3, 1), (1, 4), (2, 3), (3, 2), (4, 1), (2, 4), (3, 3), (4, 2), (5, 1), (3, 4), (4, 3), (5, 2), (3, 5), (5, 3), (3, 6), (6, 3), (2, 6), (7, 3), (1, 6), (7, 4), (7, 2), (1, 7), (7, 5), (7, 1), (1, 8), (6, 5), (8, 1), (2, 8), (5, 5), (9, 1), (3, 8), (5, 6), (10, 1), (3, 9), (5, 7), (11, 1), (3, 10), (5, 8), (6, 7), (11, 2), (12, 1), (3, 11), (2, 10), (5, 9), (7, 7), (11, 3), (13, 1), (4, 11), (1, 10), (8, 7), (12, 3), (10, 3), (14, 1), (5, 11), (1, 11), (9, 7), (13, 3), (9, 3), (15, 1), (5, 12), (1, 12), (9, 8), (10, 7), (14, 3), (9, 4), (16, 1), (5, 13), (1, 13), (9, 9), (11, 7), (14, 4), (9, 5), (17, 1), (4, 13), (2, 13), (9, 10), (11, 8), (11, 6), (14, 5)]",21,0,21
823,"(3, 13)","(4, 13)",West,[],"[(3, 13), (9, 11), (11, 9), (11, 5), (13, 5), (19, 1)]","[(9, 11), (11, 9), (11, 5), (13, 5), (19, 1)]","[(1, 1), (1, 2), (2, 1), (1, 3), (2, 2), (3, 1), (1, 4), (2, 3), (3, 2), (4, 1), (2, 4), (3, 3), (4, 2), (5, 1), (3, 4), (4, 3), (5, 2), (3, 5), (5, 3), (3, 6), (6, 3), (2, 6), (7, 3), (1, 6), (7, 4), (7, 2), (1, 7), (7, 5), (7, 1), (1, 8), (6, 5), (8, 1), (2, 8), (5, 5), (9, 1), (3, 8), (5, 6), (10, 1), (3, 9), (5, 7), (11, 1), (3, 10), (5, 8), (6, 7), (11, 2), (12, 1), (3, 11), (2, 10), (5, 9), (7, 7), (11, 3), (13, 1), (4, 11), (1, 10), (8, 7), (12, 3), (10, 3), (14, 1), (5, 11), (1, 11), (9, 7), (13, 3), (9, 3), (15, 1), (5, 12), (1, 12), (9, 8), (10, 7), (14, 3), (9, 4), (16, 1), (5, 13), (1, 13), (9, 9), (11, 7), (14, 4), (9, 5), (17, 1), (4, 13), (2, 13), (9, 10), (11, 8), (11, 6), (14, 5), (18, 1)]",22,0,22
824,"(9, 11)","(9, 10)",North,"[(10, 11) via East]","[(9, 11), (11, 9), (11, 5), (13, 5), (19, 1)]","[(11, 9), (11, 5), (13, 5), (19, 1), (10, 11)]","[(1, 1), (1, 2), (2, 1), (1, 3), (2, 2), (3, 1), (1, 4), (2, 3), (3, 2), (4, 1), (2, 4), (3, 3), (4, 2), (5, 1), (3, 4), (4, 3), (5, 2), (3, 5), (5, 3), (3, 6), (6, 3), (2, 6), (7, 3), (1, 6), (7, 4), (7, 2), (1, 7), (7, 5), (7, 1), (1, 8), (6, 5), (8, 1), (2, 8), (5, 5), (9, 1), (3, 8), (5, 6), (10, 1), (3, 9), (5, 7), (11, 1), (3, 10), (5, 8), (6, 7), (11, 2), (12, 1), (3, 11), (2, 10), (5, 9), (7, 7), (11, 3), (13, 1), (4, 11), (1, 10), (8, 7), (12, 3), (10, 3), (14, 1), (5, 11), (1, 11), (9, 7), (13, 3), (9, 3), (15, 1), (5, 12), (1, 12), (9, 8), (10, 7), (14, 3), (9, 4), (16, 1), (5, 13), (1, 13), (9, 9), (11, 7), (14, 4), (9, 5), (17, 1), (4, 13), (2, 13), (9, 10), (11, 8), (11, 6), (14, 5), (18, 1), (3, 13)]",22,0,22
825,"(11, 9)","(11, 8)",North,"[(12, 9) via East]","[(11, 9), (11, 5), (13, 5), (19, 1), (10, 11)]","[(11, 5), (13, 5), (19, 1), (10, 11), (12, 9)]","[(1, 1), (1, 2), (2, 1), (1, 3), (2, 2), (3, 1), (1, 4), (2, 3), (3, 2), (4, 1), (2, 4), (3, 3), (4, 2), (5, 1), (3, 4), (4, 3), (5, 2), (3, 5), (5, 3), (3, 6), (6, 3), (2, 6), (7, 3), (1, 6), (7, 4), (7, 2), (1, 7), (7, 5), (7, 1), (1, 8), (6, 5), (8, 1), (2, 8), (5, 5), (9, 1), (3, 8), (5, 6), (10, 1), (3, 9), (5, 7), (11, 1), (3, 10), (5, 8), (6, 7), (11, 2), (12, 1), (3, 11), (2, 10), (5, 9), (7, 7), (11, 3), (13, 1), (4, 11), (1, 10), (8, 7), (12, 3), (10, 3), (14, 1), (5, 11), (1, 11), (9, 7), (13, 3), (9, 3), (15, 1), (5, 12), (1, 12), (9, 8), (10, 7), (14, 3), (9, 4), (16, 1), (5, 13), (1, 13), (9, 9), (11, 7), (14, 4), (9, 5), (17, 1), (4, 13), (2, 13), (9, 10), (11, 8), (11, 6), (14, 5), (18, 1), (3, 13), (9, 11)]",22,0,22
826,"(11, 5)","(11, 6)",South,"[(12, 5) via East]","[(11, 5), (13, 5), (19, 1), (10, 11), (12, 9)]","[(13, 5), (19, 1), (10, 11), (12, 9), (12, 5)]","[(1, 1), (1, 2), (2, 1), (1, 3), (2, 2), (3, 1), (1, 4), (2, 3), (3, 2), (4, 1), (2, 4), (3, 3), (4, 2), (5, 1), (3, 4), (4, 3), (5, 2), (3, 5), (5, 3), (3, 6), (6, 3), (2, 6), (7, 3), (1, 6), (7, 4), (7, 2), (1, 7), (7, 5), (7, 1), (1, 8), (6, 5), (8, 1), (2, 8), (5, 5), (9, 1), (3, 8), (5, 6), (10, 1), (3, 9), (5, 7), (11, 1), (3, 10), (5, 8), (6, 7), (11, 2), (12, 1), (3, 11), (2, 10), (5, 9), (7, 7), (11, 3), (13, 1), (4, 11), (1, 10), (8, 7), (12, 3), (10, 3), (14, 1), (5, 11), (1, 11), (9, 7), (13, 3), (9, 3), (15, 1), (5, 12), (1, 12), (9, 8), (10, 7), (14, 3), (9, 4), (16, 1), (5, 13), (1, 13), (9, 9), (11, 7), (14, 4), (9, 5), (17, 1), (4, 13), (2, 13), (9, 10), (11, 8), (11, 6), (14, 5), (18, 1), (3, 13), (9, 11), (11, 9)]",22,0,22
827,"(13, 5)","(14, 5)",West,[],"[(13, 5), (19, 1), (10, 11), (12, 9), (12, 5)]","[(19, 1), (10, 11), (12, 9), (12, 5)]","[(1, 1), (1, 2), (2, 1), (1, 3), (2, 2), (3, 1), (1, 4), (2, 3), (3, 2), (4, 1), (2, 4), (3, 3), (4, 2), (5, 1), (3, 4), (4, 3), (5, 2), (3, 5), (5, 3), (3, 6), (6, 3), (2, 6), (7, 3), (1, 6), (7, 4), (7, 2), (1, 7), (7, 5), (7, 1), (1, 8), (6, 5), (8, 1), (2, 8), (5, 5), (9, 1), (3, 8), (5, 6), (10, 1), (3, 9), (5, 7), (11, 1), (3, 10), (5, 8), (6, 7), (11, 2), (12, 1), (3, 11), (2, 10), (5, 9), (7, 7), (11, 3), (13, 1), (4, 11), (1, 10), (8, 7), (12, 3), (10, 3), (14, 1), (5, 11), (1, 11), (9, 7), (13, 3), (9, 3), (15, 1), (5, 12), (1, 12), (9, 8), (10, 7), (14, 3), (9, 4), (16, 1), (5, 13), (1, 13), (9, 9), (11, 7), (14, 4), (9, 5), (17, 1), (4, 13), (2, 13), (9, 10), (11, 8), (11, 6), (14, 5), (18, 1), (3, 13), (9, 11), (11, 9), (11, 5)]",22,0,22
828,"(19, 1)","(18, 1)",East,"[(19, 2) via North]","[(19, 1), (10, 11), (12, 9), (12, 5)]","[(10, 11), (12, 9), (12, 5), (19, 2)]","[(1, 1), (1, 2), (2, 1), (1, 3), (2, 2), (3, 1), (1, 4), (2, 3), (3, 2), (4, 1), (2, 4), (3, 3), (4, 2), (5, 1), (3, 4), (4, 3), (5, 2), (3, 5), (5, 3), (3, 6), (6, 3), (2, 6), (7, 3), (1, 6), (7, 4), (7, 2), (1, 7), (7, 5), (7, 1), (1, 8), (6, 5), (8, 1), (2, 8), (5, 5), (9, 1), (3, 8), (5, 6), (10, 1), (3, 9), (5, 7), (11, 1), (3, 10), (5, 8), (6, 7), (11, 2), (12, 1), (3, 11), (2, 10), (5, 9), (7, 7), (11, 3), (13, 1), (4, 11), (1, 10), (8, 7), (12, 3), (10, 3), (14, 1), (5, 11), (1, 11), (9, 7), (13, 3), (9, 3), (15, 1), (5, 12), (1, 12), (9, 8), (10, 7), (14, 3), (9, 4), (16, 1), (5, 13), (1, 13), (9, 9), (11, 7), (14, 4), (9, 5), (17, 1), (4, 13), (2, 13), (9, 10), (11, 8), (11, 6), (14, 5), (18, 1), (3, 13), (9, 11), (11, 9), (11, 5), (13, 5)]",22,0,22
829,"(10, 11)","(9, 11)",East,"[(11, 11) via East]","[(10, 11), (12, 9), (12, 5), (19, 2)]","[(12, 9), (12, 5), (19, 2), (11, 11)]","[(1, 1), (1, 2), (2, 1), (1, 3), (2, 2), (3, 1), (1, 4), (2, 3), (3, 2), (4, 1), (2, 4), (3, 3), (4, 2), (5, 1), (3, 4), (4, 3), (5, 2), (3, 5), (5, 3), (3, 6), (6, 3), (2, 6), (7, 3), (1, 6), (7, 4), (7, 2), (1, 7), (7, 5), (7, 1), (1, 8), (6, 5), (8, 1), (2, 8), (5, 5), (9, 1), (3, 8), (5, 6), (10, 1), (3, 9), (5, 7), (11, 1), (3, 10), (5, 8), (6, 7), (11, 2), (12, 1), (3, 11), (2, 10), (5, 9), (7, 7), (11, 3), (13, 1), (4, 11), (1, 10), (8, 7), (12, 3), (10, 3), (14, 1), (5, 11), (1, 11), (9, 7), (13, 3), (9, 3), (15, 1), (5, 12), (1, 12), (9, 8), (10, 7), (14, 3), (9, 4), (16, 1), (5, 13), (1, 13), (9, 9), (11, 7), (14, 4), (9, 5), (17, 1), (4, 13), (2, 13), (9, 10), (11, 8), (11, 6), (14, 5), (18, 1), (3, 13), (9, 11), (11, 9), (11, 5), (13, 5), (19, 1)]",23,0,23
830,"(12, 9)","(11, 9)",East,"[(13, 9) via East]","[(12, 9), (12, 5), (19, 2), (11, 11)]","[(12, 5), (19, 2), (11, 11), (13, 9)]","[(1, 1), (1, 2), (2, 1), (1, 3), (2, 2), (3, 1), (1, 4), (2, 3), (3, 2), (4, 1), (2, 4), (3, 3), (4, 2), (5, 1), (3, 4), (4, 3), (5, 2), (3, 5), (5, 3), (3, 6), (6, 3), (2, 6), (7, 3), (1, 6), (7, 4), (7, 2), (1, 7), (7, 5), (7, 1), (1, 8), (6, 5), (8, 1), (2, 8), (5, 5), (9, 1), (3, 8), (5, 6), (10, 1), (3, 9), (5, 7), (11, 1), (3, 10), (5, 8), (6, 7), (11, 2), (12, 1), (3, 11), (2, 10), (5, 9), (7, 7), (11, 3), (13, 1), (4, 11), (1, 10), (8, 7), (12, 3), (10, 3), (14, 1), (5, 11), (1, 11), (9, 7), (13, 3), (9, 3), (15, 1), (5, 12), (1, 12), (9, 8), (10, 7), (14, 3), (9, 4), (16, 1), (5, 13), (1, 13), (9, 9), (11, 7), (14, 4), (9, 5), (17, 1), (4, 13), (2, 13), (9, 10), (11, 8), (11, 6), (14, 5), (18, 1), (3, 13), (9, 11), (11, 9), (11, 5), (13, 5), (19, 1), (10, 11)]",23,0,23
831,"(12, 5)","(11, 5)",East,[],"[(12, 5), (19, 2), (11, 11), (13, 9)]","[(19, 2), (11, 11), (13, 9)]","[(1, 1), (1, 2), (2, 1), (1, 3), (2, 2), (3, 1), (1, 4), (2, 3), (3, 2), (4, 1), (2, 4), (3, 3), (4, 2), (5, 1), (3, 4), (4, 3), (5, 2), (3, 5), (5, 3), (3, 6), (6, 3), (2, 6), (7, 3), (1, 6), (7, 4), (7, 2), (1, 7), (7, 5), (7, 1), (1, 8), (6, 5), (8, 1), (2, 8), (5, 5), (9, 1), (3, 8), (5, 6), (10, 1), (3, 9), (5, 7), (11, 1), (3, 10), (5, 8), (6, 7), (11, 2), (12, 1), (3, 11), (2, 10), (5, 9), (7, 7), (11, 3), (13, 1), (4, 11), (1, 10), (8, 7), (12, 3), (10, 3), (14, 1), (5, 11), (1, 11), (9, 7), (13, 3), (9, 3), (15, 1), (5, 12), (1, 12), (9, 8), (10, 7), (14, 3), (9, 4), (16, 1), (5, 13), (1, 13), (9, 9), (11, 7), (14, 4), (9, 5), (17, 1), (4, 13), (2, 13), (9, 10), (11, 8), (11, 6), (14, 5), (18, 1), (3, 13), (9, 11), (11, 9), (11, 5), (13, 5), (19, 1), (10, 11), (12, 9)]",23,0,23
832,"(19, 2)","(19, 1)",North,"[(19, 3) via North]","[(19, 2), (11, 11), (13, 9)]","[(11, 11), (13, 9), (19, 3)]","[(1, 1), (1, 2), (2, 1), (1, 3), (2, 2), (3, 1), (1, 4), (2, 3), (3, 2), (4, 1), (2, 4), (3, 3), (4, 2), (5, 1), (3, 4), (4, 3), (5, 2), (3, 5), (5, 3), (3, 6), (6, 3), (2, 6), (7, 3), (1, 6), (7, 4), (7, 2), (1, 7), (7, 5), (7, 1), (1, 8), (6, 5), (8, 1), (2, 8), (5, 5), (9, 1), (3, 8), (5, 6), (10, 1), (3, 9), (5, 7), (11, 1), (3, 10), (5, 8), (6, 7), (11, 2), (12, 1), (3, 11), (2, 10), (5, 9), (7, 7), (11, 3), (13, 1), (4, 11), (1, 10), (8, 7), (12, 3), (10, 3), (14, 1), (5, 11), (1, 11), (9, 7), (13, 3), (9, 3), (15, 1), (5, 12), (1, 12), (9, 8), (10, 7), (14, 3), (9, 4), (16, 1), (5, 13), (1, 13), (9, 9), (11, 7), (14, 4), (9, 5), (17, 1), (4, 13), (2, 13), (9, 10), (11, 8), (11, 6), (14, 5), (18, 1), (3, 13), (9, 11), (11, 9), (11, 5), (13, 5), (19, 1), (10, 11), (12, 9), (12, 5)]",23,0,23
833,"(11, 11)","(10, 11)",East,"[(11, 12) via North, (12, 11) via East]","[(11, 11), (13, 9), (19, 3)]","[(13, 9), (19, 3), (11, 12), (12, 11)]","[(1, 1), (1, 2), (2, 1), (1, 3), (2, 2), (3, 1), (1, 4), (2, 3), (3, 2), (4, 1), (2, 4), (3, 3), (4, 2), (5, 1), (3, 4), (4, 3), (5, 2), (3, 5), (5, 3), (3, 6), (6, 3), (2, 6), (7, 3), (1, 6), (7, 4), (7, 2), (1, 7), (7, 5), (7, 1), (1, 8), (6, 5), (8, 1), (2, 8), (5, 5), (9, 1), (3, 8), (5, 6), (10, 1), (3, 9), (5, 7), (11, 1), (3, 10), (5, 8), (6, 7), (11, 2), (12, 1), (3, 11), (2, 10), (5, 9), (7, 7), (11, 3), (13, 1), (4, 11), (1, 10), (8, 7), (12, 3), (10, 3), (14, 1), (5, 11), (1, 11), (9, 7), (13, 3), (9, 3), (15, 1), (5, 12), (1, 12), (9, 8), (10, 7), (14, 3), (9, 4), (16, 1), (5, 13), (1, 13), (9, 9), (11, 7), (14, 4), (9, 5), (17, 1), (4, 13), (2, 13), (9, 10), (11, 8), (11, 6), (14, 5), (18, 1), (3, 13), (9, 11), (11, 9), (11, 5), (13, 5), (19, 1), (10, 11), (12, 9), (12, 5), (19, 2)]",24,0,24
834,"(13, 9)","(12, 9)",East,"[(14, 9) via East]","[(13, 9), (19, 3), (11, 12), (12, 11)]","[(19, 3), (11, 12), (12, 11), (14, 9)]","[(1, 1), (1, 2), (2, 1), (1, 3), (2, 2), (3, 1), (1, 4), (2, 3), (3, 2), (4, 1), (2, 4), (3, 3), (4, 2), (5, 1), (3, 4), (4, 3), (5, 2), (3, 5), (5, 3), (3, 6), (6, 3), (2, 6), (7, 3), (1, 6), (7, 4), (7, 2), (1, 7), (7, 5), (7, 1), (1, 8), (6, 5), (8, 1), (2, 8), (5, 5), (9, 1), (3, 8), (5, 6), (10, 1), (3, 9), (5, 7), (11, 1), (3, 10), (5, 8), (6, 7), (11, 2), (12, 1), (3, 11), (2, 10), (5, 9), (7, 7), (11, 3), (13, 1), (4, 11), (1, 10), (8, 7), (12, 3), (10, 3), (14, 1), (5, 11), (1, 11), (9, 7), (13, 3), (9, 3), (15, 1), (5, 12), (1, 12), (9, 8), (10, 7), (14, 3), (9, 4), (16, 1), (5, 13), (1, 13), (9, 9), (11, 7), (14, 4), (9, 5), (17, 1), (4, 13), (2, 13), (9, 10), (11, 8), (11, 6), (14, 5), (18, 1), (3, 13), (9, 11), (11, 9), (11, 5), (13, 5), (19, 1), (10, 11), (12, 9), (12, 5), (19, 2), (11, 11)]",24,0,24
835,"(19, 3)","(19, 2)",North,"[(20, 3) via East, (18, 3) via West]","[(19, 3), (11, 12), (12, 11), (14, 9)]","[(11, 12), (12, 11), (14, 9), (20, 3), (18, 3)]","[(1, 1), (1, 2), (2, 1), (1, 3), (2, 2), (3, 1), (1, 4), (2, 3), (3, 2), (4, 1), (2, 4), (3, 3), (4, 2), (5, 1), (3, 4), (4, 3), (5, 2), (3, 5), (5, 3), (3, 6), (6, 3), (2, 6), (7, 3), (1, 6), (7, 4), (7, 2), (1, 7), (7, 5), (7, 1), (1, 8), (6, 5), (8, 1), (2, 8), (5, 5), (9, 1), (3, 8), (5, 6), (10, 1), (3, 9), (5, 7), (11, 1), (3, 10), (5, 8), (6, 7), (11, 2), (12, 1), (3, 11), (2, 10), (5, 9), (7, 7), (11, 3), (13, 1), (4, 11), (1, 10), (8, 7), (12, 3), (10, 3), (14, 1), (5, 11), (1, 11), (9, 7), (13, 3), (9, 3), (15, 1), (5, 12), (1, 12), (9, 8), (10, 7), (14, 3), (9, 4), (16, 1), (5, 13), (1, 13), (9, 9), (11, 7), (14, 4), (9, 5), (17, 1), (4, 13), (2, 13), (9, 10), (11, 8), (11, 6), (14, 5), (18, 1), (3, 13), (9, 11), (11, 9), (11, 5), (13, 5), (19, 1), (10, 11), (12, 9), (12, 5), (19, 2), (11, 11), (13, 9)]",24,0,24
836,"(11, 12)","(11, 11)",North,"[(11, 13) via North]","[(11, 12), (12, 11), (14, 9), (20, 3), (18, 3)]","[(12, 11), (14, 9), (20, 3), (18, 3), (11, 13)]","[(1, 1), (1, 2), (2, 1), (1, 3), (2, 2), (3, 1), (1, 4), (2, 3), (3, 2), (4, 1), (2, 4), (3, 3), (4, 2), (5, 1), (3, 4), (4, 3), (5, 2), (3, 5), (5, 3), (3, 6), (6, 3), (2, 6), (7, 3), (1, 6), (7, 4), (7, 2), (1, 7), (7, 5), (7, 1), (1, 8), (6, 5), (8, 1), (2, 8), (5, 5), (9, 1), (3, 8), (5, 6), (10, 1), (3, 9), (5, 7), (11, 1), (3, 10), (5, 8), (6, 7), (11, 2), (12, 1), (3, 11), (2, 10), (5, 9), (7, 7), (11, 3), (13, 1), (4, 11), (1, 10), (8, 7), (12, 3), (10, 3), (14, 1), (5, 11), (1, 11), (9, 7), (13, 3), (9, 3), (15, 1), (5, 12), (1, 12), (9, 8), (10, 7), (14, 3), (9, 4), (16, 1), (5, 13), (1, 13), (9, 9), (11, 7), (14, 4), (9, 5), (17, 1), (4, 13), (2, 13), (9, 10), (11, 8), (11, 6), (14, 5), (18, 1), (3, 13), (9, 11), (11, 9), (11, 5), (13, 5), (19, 1), (10, 11), (12, 9), (12, 5), (19, 2), (11, 11), (13, 9), (19, 3)]",25,0,25
837,"(12, 11)","(11, 11)",East,"[(13, 11) via East]","[(12, 11), (14, 9), (20, 3), (18, 3), (11, 13)]","[(14, 9), (20, 3), (18, 3), (11, 13), (13, 11)]","[(1, 1), (1, 2), (2, 1), (1, 3), (2, 2), (3, 1), (1, 4), (2, 3), (3, 2), (4, 1), (2, 4), (3, 3), (4, 2), (5, 1), (3, 4), (4, 3), (5, 2), (3, 5), (5, 3), (3, 6), (6, 3), (2, 6), (7, 3), (1, 6), (7, 4), (7, 2), (1, 7), (7, 5), (7, 1), (1, 8), (6, 5), (8, 1), (2, 8), (5, 5), (9, 1), (3, 8), (5, 6), (10, 1), (3, 9), (5, 7), (11, 1), (3, 10), (5, 8), (6, 7), (11, 2), (12, 1), (3, 11), (2, 10), (5, 9), (7, 7), (11, 3), (13, 1), (4, 11), (1, 10), (8, 7), (12, 3), (10, 3), (14, 1), (5, 11), (1, 11), (9, 7), (13, 3), (9, 3), (15, 1), (5, 12), (1, 12), (9, 8), (10, 7), (14, 3), (9, 4), (16, 1), (5, 13), (1, 13), (9, 9), (11, 7), (14, 4), (9, 5), (17, 1), (4, 13), (2, 13), (9, 10), (11, 8), (11, 6), (14, 5), (18, 1), (3, 13), (9, 11), (11, 9), (11, 5), (13, 5), (19, 1), (10, 11), (12, 9), (12, 5), (19, 2), (11, 11), (13, 9), (19, 3), (11, 12)]",25,0,25
838,"(14, 9)","(13, 9)",East,"[(14, 10) via North, (15, 9) via East]","[(14, 9), (20, 3), (18, 3), (11, 13), (13, 11)]","[(20, 3), (18, 3), (11, 13), (13, 11), (14, 10), (15, 9)]","[(1, 1), (1, 2), (2, 1), (1, 3), (2, 2), (3, 1), (1, 4), (2, 3), (3, 2), (4, 1), (2, 4), (3, 3), (4, 2), (5, 1), (3, 4), (4, 3), (5, 2), (3, 5), (5, 3), (3, 6), (6, 3), (2, 6), (7, 3), (1, 6), (7, 4), (7, 2), (1, 7), (7, 5), (7, 1), (1, 8), (6, 5), (8, 1), (2, 8), (5, 5), (9, 1), (3, 8), (5, 6), (10, 1), (3, 9), (5, 7), (11, 1), (3, 10), (5, 8), (6, 7), (11, 2), (12, 1), (3, 11), (2, 10), (5, 9), (7, 7), (11, 3), (13, 1), (4, 11), (1, 10), (8, 7), (12, 3), (10, 3), (14, 1), (5, 11), (1, 11), (9, 7), (13, 3), (9, 3), (15, 1), (5, 12), (1, 12), (9, 8), (10, 7), (14, 3), (9, 4), (16, 1), (5, 13), (1, 13), (9, 9), (11, 7), (14, 4), (9, 5), (17, 1), (4, 13), (2, 13), (9, 10), (11, 8), (11, 6), (14, 5), (18, 1), (3, 13), (9, 11), (11, 9), (11, 5), (13, 5), (19, 1), (10, 11), (12, 9), (12, 5), (19, 2), (11, 11), (13, 9), (19, 3), (11, 12), (12, 11)]",25,0,25
839,"(20, 3)","(19, 3)",East,"[(21, 3) via East]","[(20, 3), (18, 3), (11, 13), (13, 11), (14, 10), (15, 9)]","[(18, 3), (11, 13), (13, 11), (14, 10), (15, 9), (21, 3)]","[(1, 1), (1, 2), (2, 1), (1, 3), (2, 2), (3, 1), (1, 4), (2, 3), (3, 2), (4, 1), (2, 4), (3, 3), (4, 2), (5, 1), (3, 4), (4, 3), (5, 2), (3, 5), (5, 3), (3, 6), (6, 3), (2, 6), (7, 3), (1, 6), (7, 4), (7, 2), (1, 7), (7, 5), (7, 1), (1, 8), (6, 5), (8, 1), (2, 8), (5, 5), (9, 1), (3, 8), (5, 6), (10, 1), (3, 9), (5, 7), (11, 1), (3, 10), (5, 8), (6, 7), (11, 2), (12, 1), (3, 11), (2, 10), (5, 9), (7, 7), (11, 3), (13, 1), (4, 11), (1, 10), (8, 7), (12, 3), (10, 3), (14, 1), (5, 11), (1, 11), (9, 7), (13, 3), (9, 3), (15, 1), (5, 12), (1, 12), (9, 8), (10, 7), (14, 3), (9, 4), (16, 1), (5, 13), (1, 13), (9, 9), (11, 7), (14, 4), (9, 5), (17, 1), (4, 13), (2, 13), (9, 10), (11, 8), (11, 6), (14, 5), (18, 1), (3, 13), (9, 11), (11, 9), (11, 5), (13, 5), (19, 1), (10, 11), (12, 9), (12, 5), (19, 2), (11, 11), (13, 9), (19, 3), (11, 12), (12, 11), (14, 9)]",25,0,25
840,"(18, 3)","(19, 3)",West,"[(17, 3) via West]","[(18, 3), (11, 13), (13, 11), (14, 10), (15, 9), (21, 3)]","[(11, 13), (13, 11), (14, 10), (15, 9), (21, 3), (17, 3)]","[(1, 1), (1, 2), (2, 1), (1, 3), (2, 2), (3, 1), (1, 4), (2, 3), (3, 2), (4, 1), (2, 4), (3, 3), (4, 2), (5, 1), (3, 4), (4, 3), (5, 2), (3, 5), (5, 3), (3, 6), (6, 3), (2, 6), (7, 3), (1, 6), (7, 4), (7, 2), (1, 7), (7, 5), (7, 1), (1, 8), (6, 5), (8, 1), (2, 8), (5, 5), (9, 1), (3, 8), (5, 6), (10, 1), (3, 9), (5, 7), (11, 1), (3, 10), (5, 8), (6, 7), (11, 2), (12, 1), (3, 11), (2, 10), (5, 9), (7, 7), (11, 3), (13, 1), (4, 11), (1, 10), (8, 7), (12, 3), (10, 3), (14, 1), (5, 11), (1, 11), (9, 7), (13, 3), (9, 3), (15, 1), (5, 12), (1, 12), (9, 8), (10, 7), (14, 3), (9, 4), (16, 1), (5, 13), (1, 13), (9, 9), (11, 7), (14, 4), (9, 5), (17, 1), (4, 13), (2, 13), (9, 10), (11, 8), (11, 6), (14, 5), (18, 1), (3, 13), (9, 11), (11, 9), (11, 5), (13, 5), (19, 1), (10, 11), (12, 9), (12, 5), (19, 2), (11, 11), (13, 9), (19, 3), (11, 12), (12, 11), (14, 9), (20, 3)]",25,0,25
841,"(11, 13)","(11, 12)",North,"[(12, 13) via East, (10, 13) via West]","[(11, 13), (13, 11), (14, 10), (15, 9), (21, 3), (17, 3)]","[(13, 11), (14, 10), (15, 9), (21, 3), (17, 3), (12, 13), (10, 13)]","[(1, 1), (1, 2), (2, 1), (1, 3), (2, 2), (3, 1), (1, 4), (2, 3), (3, 2), (4, 1), (2, 4), (3, 3), (4, 2), (5, 1), (3, 4), (4, 3), (5, 2), (3, 5), (5, 3), (3, 6), (6, 3), (2, 6), (7, 3), (1, 6), (7, 4), (7, 2), (1, 7), (7, 5), (7, 1), (1, 8), (6, 5), (8, 1), (2, 8), (5, 5), (9, 1), (3, 8), (5, 6), (10, 1), (3, 9), (5, 7), (11, 1), (3, 10), (5, 8), (6, 7), (11, 2), (12, 1), (3, 11), (2, 10), (5, 9), (7, 7), (11, 3), (13, 1), (4, 11), (1, 10), (8, 7), (12, 3), (10, 3), (14, 1), (5, 11), (1, 11), (9, 7), (13, 3), (9, 3), (15, 1), (5, 12), (1, 12), (9, 8), (10, 7), (14, 3), (9, 4), (16, 1), (5, 13), (1, 13), (9, 9), (11, 7), (14, 4), (9, 5), (17, 1), (4, 13), (2, 13), (9, 10), (11, 8), (11, 6), (14, 5), (18, 1), (3, 13), (9, 11), (11, 9), (11, 5), (13, 5), (19, 1), (10, 11), (12, 9), (12, 5), (19, 2), (11, 11), (13, 9), (19, 3), (11, 12), (12, 11), (14, 9), (20, 3), (18, 3)]",26,0,26
842,"(13, 11)","(12, 11)",East,"[(14, 11) via East]","[(13, 11), (14, 10), (15, 9), (21, 3), (17, 3), (12, 13), (10, 13)]","[(14, 10), (15, 9), (21, 3), (17, 3), (12, 13), (10, 13), (14, 11)]","[(1, 1), (1, 2), (2, 1), (1, 3), (2, 2), (3, 1), (1, 4), (2, 3), (3, 2), (4, 1), (2, 4), (3, 3), (4, 2), (5, 1), (3, 4), (4, 3), (5, 2), (3, 5), (5, 3), (3, 6), (6, 3), (2, 6), (7, 3), (1, 6), (7, 4), (7, 2), (1, 7), (7, 5), (7, 1), (1, 8), (6, 5), (8, 1), (2, 8), (5, 5), (9, 1), (3, 8), (5, 6), (10, 1), (3, 9), (5, 7), (11, 1), (3, 10), (5, 8), (6, 7), (11, 2), (12, 1), (3, 11), (2, 10), (5, 9), (7, 7), (11, 3), (13, 1), (4, 11), (1, 10), (8, 7), (12, 3), (10, 3), (14, 1), (5, 11), (1, 11), (9, 7), (13, 3), (9, 3), (15, 1), (5, 12), (1, 12), (9, 8), (10, 7), (14, 3), (9, 4), (16, 1), (5, 13), (1, 13), (9, 9), (11, 7), (14, 4), (9, 5), (17, 1), (4, 13), (2, 13), (9, 10), (11, 8), (11, 6), (14, 5), (18, 1), (3, 13), (9, 11), (11, 9), (11, 5), (13, 5), (19, 1), (10, 11), (12, 9), (12, 5), (19, 2), (11, 11), (13, 9), (19, 3), (11, 12), (12, 11), (14, 9), (20, 3), (18, 3), (11, 13)]",26,0,26
843,"(14, 10)","(14, 9)",North,[],"[(14, 10), (15, 9), (21, 3), (17, 3), (12, 13), (10, 13), (14, 11)]","[(15, 9), (21, 3), (17, 3), (12, 13), (10, 13), (14, 11)]","[(1, 1), (1, 2), (2, 1), (1, 3), (2, 2), (3, 1), (1, 4), (2, 3), (3, 2), (4, 1), (2, 4), (3, 3), (4, 2), (5, 1), (3, 4), (4, 3), (5, 2), (3, 5), (5, 3), (3, 6), (6, 3), (2, 6), (7, 3), (1, 6), (7, 4), (7, 2), (1, 7), (7, 5), (7, 1), (1, 8), (6, 5), (8, 1), (2, 8), (5, 5), (9, 1), (3, 8), (5, 6), (10, 1), (3, 9), (5, 7), (11, 1), (3, 10), (5, 8), (6, 7), (11, 2), (12, 1), (3, 11), (2, 10), (5, 9), (7, 7), (11, 3), (13, 1), (4, 11), (1, 10), (8, 7), (12, 3), (10, 3), (14, 1), (5, 11), (1, 11), (9, 7), (13, 3), (9, 3), (15, 1), (5, 12), (1, 12), (9, 8), (10, 7), (14, 3), (9, 4), (16, 1), (5, 13), (1, 13), (9, 9), (11, 7), (14, 4), (9, 5), (17, 1), (4, 13), (2, 13), (9, 10), (11, 8), (11, 6), (14, 5), (18, 1), (3, 13), (9, 11), (11, 9), (11, 5), (13, 5), (19, 1), (10, 11), (12, 9), (12, 5), (19, 2), (11, 11), (13, 9), (19, 3), (11, 12), (12, 11), (14, 9), (20, 3), (18, 3), (11, 13), (13, 11)]",26,0,26
844,"(15, 9)","(14, 9)",East,"[(15, 8) via South, (16, 9) via East]","[(15, 9), (21, 3), (17, 3), (12, 13), (10, 13), (14, 11)]","[(21, 3), (17, 3), (12, 13), (10, 13), (14, 11), (15, 8), (16, 9)]","[(1, 1), (1, 2), (2, 1), (1, 3), (2, 2), (3, 1), (1, 4), (2, 3), (3, 2), (4, 1), (2, 4), (3, 3), (4, 2), (5, 1), (3, 4), (4, 3), (5, 2), (3, 5), (5, 3), (3, 6), (6, 3), (2, 6), (7, 3), (1, 6), (7, 4), (7, 2), (1, 7), (7, 5), (7, 1), (1, 8), (6, 5), (8, 1), (2, 8), (5, 5), (9, 1), (3, 8), (5, 6), (10, 1), (3, 9), (5, 7), (11, 1), (3, 10), (5, 8), (6, 7), (11, 2), (12, 1), (3, 11), (2, 10), (5, 9), (7, 7), (11, 3), (13, 1), (4, 11), (1, 10), (8, 7), (12, 3), (10, 3), (14, 1), (5, 11), (1, 11), (9, 7), (13, 3), (9, 3), (15, 1), (5, 12), (1, 12), (9, 8), (10, 7), (14, 3), (9, 4), (16, 1), (5, 13), (1, 13), (9, 9), (11, 7), (14, 4), (9, 5), (17, 1), (4, 13), (2, 13), (9, 10), (11, 8), (11, 6), (14, 5), (18, 1), (3, 13), (9, 11), (11, 9), (11, 5), (13, 5), (19, 1), (10, 11), (12, 9), (12, 5), (19, 2), (11, 11), (13, 9), (19, 3), (11, 12), (12, 11), (14, 9), (20, 3), (18, 3), (11, 13), (13, 11), (14, 10)]",26,0,26
845,"(21, 3)","(20, 3)",East,"[(21, 4) via North]","[(21, 3), (17, 3), (12, 13), (10, 13), (14, 11), (15, 8), (16, 9)]","[(17, 3), (12, 13), (10, 13), (14, 11), (15, 8), (16, 9), (21, 4)]","[(1, 1), (1, 2), (2, 1), (1, 3), (2, 2), (3, 1), (1, 4), (2, 3), (3, 2), (4, 1), (2, 4), (3, 3), (4, 2), (5, 1), (3, 4), (4, 3), (5, 2), (3, 5), (5, 3), (3, 6), (6, 3), (2, 6), (7, 3), (1, 6), (7, 4), (7, 2), (1, 7), (7, 5), (7, 1), (1, 8), (6, 5), (8, 1), (2, 8), (5, 5), (9, 1), (3, 8), (5, 6), (10, 1), (3, 9), (5, 7), (11, 1), (3, 10), (5, 8), (6, 7), (11, 2), (12, 1), (3, 11), (2, 10), (5, 9), (7, 7), (11, 3), (13, 1), (4, 11), (1, 10), (8, 7), (12, 3), (10, 3), (14, 1), (5, 11), (1, 11), (9, 7), (13, 3), (9, 3), (15, 1), (5, 12), (1, 12), (9, 8), (10, 7), (14, 3), (9, 4), (16, 1), (5, 13), (1, 13), (9, 9), (11, 7), (14, 4), (9, 5), (17, 1), (4, 13), (2, 13), (9, 10), (11, 8), (11, 6), (14, 5), (18, 1), (3, 13), (9, 11), (11, 9), (11, 5), (13, 5), (19, 1), (10, 11), (12, 9), (12, 5), (19, 2), (11, 11), (13, 9), (19, 3), (11, 12), (12, 11), (14, 9), (20, 3), (18, 3), (11, 13), (13, 11), (14, 10), (15, 9)]",26,0,26
846,"(17, 3)","(18, 3)",West,"[(16, 3) via West]","[(17, 3), (12, 13), (10, 13), (14, 11), (15, 8), (16, 9), (21, 4)]","[(12, 13), (10, 13), (14, 11), (15, 8), (16, 9), (21, 4), (16, 3)]","[(1, 1), (1, 2), (2, 1), (1, 3), (2, 2), (3, 1), (1, 4), (2, 3), (3, 2), (4, 1), (2, 4), (3, 3), (4, 2), (5, 1), (3, 4), (4, 3), (5, 2), (3, 5), (5, 3), (3, 6), (6, 3), (2, 6), (7, 3), (1, 6), (7, 4), (7, 2), (1, 7), (7, 5), (7, 1), (1, 8), (6, 5), (8, 1), (2, 8), (5, 5), (9, 1), (3, 8), (5, 6), (10, 1), (3, 9), (5, 7), (11, 1), (3, 10), (5, 8), (6, 7), (11, 2), (12, 1), (3, 11), (2, 10), (5, 9), (7, 7), (11, 3), (13, 1), (4, 11), (1, 10), (8, 7), (12, 3), (10, 3), (14, 1), (5, 11), (1, 11), (9, 7), (13, 3), (9, 3), (15, 1), (5, 12), (1, 12), (9, 8), (10, 7), (14, 3), (9, 4), (16, 1), (5, 13), (1, 13), (9, 9), (11, 7), (14, 4), (9, 5), (17, 1), (4, 13), (2, 13), (9, 10), (11, 8), (11, 6), (14, 5), (18, 1), (3, 13), (9, 11), (11, 9), (11, 5), (13, 5), (19, 1), (10, 11), (12, 9), (12, 5), (19, 2), (11, 11), (13, 9), (19, 3), (11, 12), (12, 11), (14, 9), (20, 3), (18, 3), (11, 13), (13, 11), (14, 10), (15, 9), (21, 3)]",26,0,26
847,"(12, 13)","(11, 13)",East,"[(13, 13) via East]","[(12, 13), (10, 13), (14, 11), (15, 8), (16, 9), (21, 4), (16, 3)]","[(10, 13), (14, 11), (15, 8), (16, 9), (21, 4), (16, 3), (13, 13)]","[(1, 1), (1, 2), (2, 1), (1, 3), (2, 2), (3, 1), (1, 4), (2, 3), (3, 2), (4, 1), (2, 4), (3, 3), (4, 2), (5, 1), (3, 4), (4, 3), (5, 2), (3, 5), (5, 3), (3, 6), (6, 3), (2, 6), (7, 3), (1, 6), (7, 4), (7, 2), (1, 7), (7, 5), (7, 1), (1, 8), (6, 5), (8, 1), (2, 8), (5, 5), (9, 1), (3, 8), (5, 6), (10, 1), (3, 9), (5, 7), (11, 1), (3, 10), (5, 8), (6, 7), (11, 2), (12, 1), (3, 11), (2, 10), (5, 9), (7, 7), (11, 3), (13, 1), (4, 11), (1, 10), (8, 7), (12, 3), (10, 3), (14, 1), (5, 11), (1, 11), (9, 7), (13, 3), (9, 3), (15, 1), (5, 12), (1, 12), (9, 8), (10, 7), (14, 3), (9, 4), (16, 1), (5, 13), (1, 13), (9, 9), (11, 7), (14, 4), (9, 5), (17, 1), (4, 13), (2, 13), (9, 10), (11, 8), (11, 6), (14, 5), (18, 1), (3, 13), (9, 11), (11, 9), (11, 5), (13, 5), (19, 1), (10, 11), (12, 9), (12, 5), (19, 2), (11, 11), (13, 9), (19, 3), (11, 12), (12, 11), (14, 9), (20, 3), (18, 3), (11, 13), (13, 11), (14, 10), (15, 9), (21, 3), (17, 3)]",27,0,27
848,"(10, 13)","(11, 13)",West,[],"[(10, 13), (14, 11), (15, 8), (16, 9), (21, 4), (16, 3), (13, 13)]","[(14, 11), (15, 8), (16, 9), (21, 4), (16, 3), (13, 13)]","[(1, 1), (1, 2), (2, 1), (1, 3), (2, 2), (3, 1), (1, 4), (2, 3), (3, 2), (4, 1), (2, 4), (3, 3), (4, 2), (5, 1), (3, 4), (4, 3), (5, 2), (3, 5), (5, 3), (3, 6), (6, 3), (2, 6), (7, 3), (1, 6), (7, 4), (7, 2), (1, 7), (7, 5), (7, 1), (1, 8), (6, 5), (8, 1), (2, 8), (5, 5), (9, 1), (3, 8), (5, 6), (10, 1), (3, 9), (5, 7), (11, 1), (3, 10), (5, 8), (6, 7), (11, 2), (12, 1), (3, 11), (2, 10), (5, 9), (7, 7), (11, 3), (13, 1), (4, 11), (1, 10), (8, 7), (12, 3), (10, 3), (14, 1), (5, 11), (1, 11), (9, 7), (13, 3), (9, 3), (15, 1), (5, 12), (1, 12), (9, 8), (10, 7), (14, 3), (9, 4), (16, 1), (5, 13), (1, 13), (9, 9), (11, 7), (14, 4), (9, 5), (17, 1), (4, 13), (2, 13), (9, 10), (11, 8), (11, 6), (14, 5), (18, 1), (3, 13), (9, 11), (11, 9), (11, 5), (13, 5), (19, 1), (10, 11), (12, 9), (12, 5), (19, 2), (11, 11), (13, 9), (19, 3), (11, 12), (12, 11), (14, 9), (20, 3), (18, 3), (11, 13), (13, 11), (14, 10), (15, 9), (21, 3), (17, 3), (12, 13)]",27,0,27
849,"(10, 13)",,,"[(11, 13) via East, (9, 13) via West]","[(10, 13)]","[(11, 13), (9, 13)]",[],0,0,0
850,"(11, 13)","(10, 13)",East,"[(11, 12) via South, (12, 13) via East]","[(11, 13), (9, 13)]","[(9, 13), (11, 12), (12, 13)]","[(10, 13)]",1,0,1
851,"(9, 13)","(10, 13)",West,[],"[(9, 13), (11, 12), (12, 13)]","[(11, 12), (12, 13)]","[(10, 13), (11, 13)]",1,0,1
852,"(9, 13)",,,"[(10, 13) via East, (8, 13) via West]","[(9, 13)]","[(10, 13), (8, 13)]",[],0,0,0
853,"(10, 13)","(9, 13)",East,"[(11, 13) via East]","[(10, 13), (8, 13)]","[(8, 13), (11, 13)]","[(9, 13)]",1,0,1
854,"(8, 13)","(9, 13)",West,[],"[(8, 13), (11, 13)]","[(11, 13)]","[(9, 13), (10, 13)]",1,0,1
855,"(8, 13)",,,"[(9, 13) via East, (7, 13) via West]","[(8, 13)]","[(9, 13), (7, 13)]",[],0,0,0
856,"(9, 13)","(8, 13)",East,"[(10, 13) via East]","[(9, 13), (7, 13)]","[(7, 13), (10, 13)]","[(8, 13)]",1,0,1
857,"(7, 13)","(8, 13)",West,[],"[(7, 13), (10, 13)]","[(10, 13)]","[(8, 13), (9, 13)]",1,0,1
858,"(7, 13)",,,"[(7, 12) via South, (8, 13) via East]","[(7, 13)]","[(7, 12), (8, 13)]",[],0,0,0
859,"(7, 12)","(7, 13)",South,[],"[(7, 12), (8, 13)]","[(8, 13)]","[(7, 13)]",1,0,1
860,"(7, 12)",,,"[(7, 13) via North, (7, 11) via South]","[(7, 12)]","[(7, 13), (7, 11)]",[],0,0,0
861,"(7, 13)","(7, 12)",North,"[(8, 13) via East]","[(7, 13), (7, 11)]","[(7, 11), (8, 13)]","[(7, 12)]",1,0,1
862,"(7, 11)","(7, 12)",South,[],"[(7, 11), (8, 13)]","[(8, 13)]","[(7, 12), (7, 13)]",1,0,1
863,"(7, 11)",,,"[(7, 12) via North, (7, 10) via South]","[(7, 11)]","[(7, 12), (7, 10)]",[],0,0,0
864,"(7, 12)","(7, 11)",North,"[(7, 13) via North]","[(7, 12), (7, 10)]","[(7, 10), (7, 13)]","[(7, 11)]",1,0,1
865,"(7, 10)","(7, 11)",South,[],"[(7, 10), (7, 13)]","[(7, 13)]","[(7, 11), (7, 12)]",1,0,1
866,"(7, 10)",,,"[(7, 11) via North, (7, 9) via South]","[(7, 10)]","[(7, 11), (7, 9)]",[],0,0,0
867,"(7, 11)","(7, 10)",North,"[(7, 12) via North]","[(7, 11), (7, 9)]","[(7, 9), (7, 12)]","[(7, 10)]",1,0,1
868,"(7, 9)","(7, 10)",South,[],"[(7, 9), (7, 12)]","[(7, 12)]","[(7, 10), (7, 11)]",1,0,1
869,"(7, 9)",,,"[(7, 10) via North]","[(7, 9)]","[(7, 10)]",[],0,0,0
870,"(7, 10)","(7, 9)",North,"[(7, 11) via North]","[(7, 10)]","[(7, 11)]","[(7, 9)]",1,0,1
871,"(7, 11)","(7, 10)",North,"[(7, 12) via North]","[(7, 11)]","[(7, 12)]","[(7, 9), (7, 10)]",2,0,2
872,"(7, 12)","(7, 11)",North,"[(7, 13) via North]","[(7, 12)]","[(7, 13)]","[(7, 9), (7, 10), (7, 11)]",3,0,3
873,"(7, 13)","(7, 12)",North,"[(8, 13) via East]","[(7, 13)]","[(8, 13)]","[(7, 9), (7, 10), (7, 11), (7, 12)]",4,0,4
874,"(8, 13)","(7, 13)",East,"[(9, 13) via East]","[(8, 13)]","[(9, 13)]","[(7, 9), (7, 10), (7, 11), (7, 12), (7, 13)]",5,0,5
875,"(9, 13)","(8, 13)",East,"[(10, 13) via East]","[(9, 13)]","[(10, 13)]","[(7, 9), (7, 10), (7, 11), (7, 12), (7, 13), (8, 13)]",6,0,6
876,"(10, 13)","(9, 13)",East,"[(11, 13) via East]","[(10, 13)]","[(11, 13)]","[(7, 9), (7, 10), (7, 11), (7, 12), (7, 13), (8, 13), (9, 13)]",7,0,7
877,"(11, 13)","(10, 13)",East,"[(11, 12) via South, (12, 13) via East]","[(11, 13)]","[(11, 12), (12, 13)]","[(7, 9), (7, 10), (7, 11), (7, 12), (7, 13), (8, 13), (9, 13), (10, 13)]",8,0,8
878,"(11, 12)","(11, 13)",South,"[(11, 11) via South]","[(11, 12), (12, 13)]","[(12, 13), (11, 11)]","[(7, 9), (7, 10), (7, 11), (7, 12), (7, 13), (8, 13), (9, 13), (10, 13), (11, 13)]",9,0,9
879,"(12, 13)","(11, 13)",East,"[(13, 13) via East]","[(12, 13), (11, 11)]","[(11, 11), (13, 13)]","[(7, 9), (7, 10), (7, 11), (7, 12), (7, 13), (8, 13), (9, 13), (10, 13), (11, 13), (11, 12)]",9,0,9
880,"(11, 11)","(11, 12)",South,"[(12, 11) via East, (10, 11) via West]","[(11, 11), (13, 13)]","[(13, 13), (12, 11), (10, 11)]","[(7, 9), (7, 10), (7, 11), (7, 12), (7, 13), (8, 13), (9, 13), (10, 13), (11, 13), (11, 12), (12, 13)]",10,0,10
881,"(13, 13)","(12, 13)",East,"[(14, 13) via East]","[(13, 13), (12, 11), (10, 11)]","[(12, 11), (10, 11), (14, 13)]","[(7, 9), (7, 10), (7, 11), (7, 12), (7, 13), (8, 13), (9, 13), (10, 13), (11, 13), (11, 12), (12, 13), (11, 11)]",10,0,10
882,"(12, 11)","(11, 11)",East,"[(13, 11) via East]","[(12, 11), (10, 11), (14, 13)]","[(10, 11), (14, 13), (13, 11)]","[(7, 9), (7, 10), (7, 11), (7, 12), (7, 13), (8, 13), (9, 13), (10, 13), (11, 13), (11, 12), (12, 13), (11, 11), (13, 13)]",11,0,11
883,"(10, 11)","(11, 11)",West,"[(9, 11) via West]","[(10, 11), (14, 13), (13, 11)]","[(14, 13), (13, 11), (9, 11)]","[(7, 9), (7, 10), (7, 11), (7, 12), (7, 13), (8, 13), (9, 13), (10, 13), (11, 13), (11, 12), (12, 13), (11, 11), (13, 13), (12, 11)]",11,0,11
884,"(14, 13)","(13, 13)",East,"[(15, 13) via East]","[(14, 13), (13, 11), (9, 11)]","[(13, 11), (9, 11), (15, 13)]","[(7, 9), (7, 10), (7, 11), (7, 12), (7, 13), (8, 13), (9, 13), (10, 13), (11, 13), (11, 12), (12, 13), (11, 11), (13, 13), (12, 11), (10, 11)]",11,0,11
885,"(13, 11)","(12, 11)",East,"[(14, 11) via East]","[(13, 11), (9, 11), (15, 13)]","[(9, 11), (15, 13), (14, 11)]","[(7, 9), (7, 10), (7, 11), (7, 12), (7, 13), (8, 13), (9, 13), (10, 13), (11, 13), (11, 12), (12, 13), (11, 11), (13, 13), (12, 11), (10, 11), (14, 13)]",12,0,12
886,"(9, 11)","(10, 11)",West,"[(9, 10) via South]","[(9, 11), (15, 13), (14, 11)]","[(15, 13), (14, 11), (9, 10)]","[(7, 9), (7, 10), (7, 11), (7, 12), (7, 13), (8, 13), (9, 13), (10, 13), (11, 13), (11, 12), (12, 13), (11, 11), (13, 13), (12, 11), (10, 11), (14, 13), (13, 11)]",12,0,12
887,"(15, 13)","(14, 13)",East,"[(16, 13) via East]","[(15, 13), (14, 11), (9, 10)]","[(14, 11), (9, 10), (16, 13)]","[(7, 9), (7, 10), (7, 11), (7, 12), (7, 13), (8, 13), (9, 13), (10, 13), (11, 13), (11, 12), (12, 13), (11, 11), (13, 13), (12, 11), (10, 11), (14, 13), (13, 11), (9, 11)]",12,0,12
888,"(14, 11)","(13, 11)",East,"[(14, 10) via South]","[(14, 11), (9, 10), (16, 13)]","[(9, 10), (16, 13), (14, 10)]","[(7, 9), (7, 10), (7, 11), (7, 12), (7, 13), (8, 13), (9, 13), (10, 13), (11, 13), (11, 12), (12, 13), (11, 11), (13, 13), (12, 11), (10, 11), (14, 13), (13, 11), (9, 11), (15, 13)]",13,0,13
889,"(9, 10)","(9, 11)",South,"[(9, 9) via South]","[(9, 10), (16, 13), (14, 10)]","[(16, 13), (14, 10), (9, 9)]","[(7, 9), (7, 10), (7, 11), (7, 12), (7, 13), (8, 13), (9, 13), (10, 13), (11, 13), (11, 12), (12, 13), (11, 11), (13, 13), (12, 11), (10, 11), (14, 13), (13, 11), (9, 11), (15, 13), (14, 11)]",13,0,13
890,"(16, 13)","(15, 13)",East,"[(17, 13) via East]","[(16, 13), (14, 10), (9, 9)]","[(14, 10), (9, 9), (17, 13)]","[(7, 9), (7, 10), (7, 11), (7, 12), (7, 13), (8, 13), (9, 13), (10, 13), (11, 13), (11, 12), (12, 13), (11, 11), (13, 13), (12, 11), (10, 11), (14, 13), (13, 11), (9, 11), (15, 13), (14, 11), (9, 10)]",13,0,13
891,"(14, 10)","(14, 11)",South,"[(14, 9) via South]","[(14, 10), (9, 9), (17, 13)]","[(9, 9), (17, 13), (14, 9)]","[(7, 9), (7, 10), (7, 11), (7, 12), (7, 13), (8, 13), (9, 13), (10, 13), (11, 13), (11, 12), (12, 13), (11, 11), (13, 13), (12, 11), (10, 11), (14, 13), (13, 11), (9, 11), (15, 13), (14, 11), (9, 10), (16, 13)]",14,0,14
892,"(9, 9)","(9, 10)",South,"[(9, 8) via South]","[(9, 9), (17, 13), (14, 9)]","[(17, 13), (14, 9), (9, 8)]","[(7, 9), (7, 10), (7, 11), (7, 12), (7, 13), (8, 13), (9, 13), (10, 13), (11, 13), (11, 12), (12, 13), (11, 11), (13, 13), (12, 11), (10, 11), (14, 13), (13, 11), (9, 11), (15, 13), (14, 11), (9, 10), (16, 13), (14, 10)]",14,0,14
893,"(17, 13)","(16, 13)",East,"[(18, 13) via East]","[(17, 13), (14, 9), (9, 8)]","[(14, 9), (9, 8), (18, 13)]","[(7, 9), (7, 10), (7, 11), (7, 12), (7, 13), (8, 13), (9, 13), (10, 13), (11, 13), (11, 12), (12, 13), (11, 11), (13, 13), (12, 11), (10, 11), (14, 13), (13, 11), (9, 11), (15, 13), (14, 11), (9, 10), (16, 13), (14, 10), (9, 9)]",14,0,14
894,"(14, 9)","(14, 10)",South,"[(15, 9) via East, (13, 9) via West]","[(14, 9), (9, 8), (18, 13)]","[(9, 8), (18, 13), (15, 9), (13, 9)]","[(7, 9), (7, 10), (7, 11), (7, 12), (7, 13), (8, 13), (9, 13), (10, 13), (11, 13), (11, 12), (12, 13), (11, 11), (13, 13), (12, 11), (10, 11), (14, 13), (13, 11), (9, 11), (15, 13), (14, 11), (9, 10), (16, 13), (14, 10), (9, 9), (17, 13)]",15,0,15
895,"(9, 8)","(9, 9)",South,"[(9, 7) via South]","[(9, 8), (18, 13), (15, 9), (13, 9)]","[(18, 13), (15, 9), (13, 9), (9, 7)]","[(7, 9), (7, 10), (7, 11), (7, 12), (7, 13), (8, 13), (9, 13), (10, 13), (11, 13), (11, 12), (12, 13), (11, 11), (13, 13), (12, 11), (10, 11), (14, 13), (13, 11), (9, 11), (15, 13), (14, 11), (9, 10), (16, 13), (14, 10), (9, 9), (17, 13), (14, 9)]",15,0,15
896,"(18, 13)","(17, 13)",East,"[(19, 13) via East]","[(18, 13), (15, 9), (13, 9), (9, 7)]","[(15, 9), (13, 9), (9, 7), (19, 13)]","[(7, 9), (7, 10), (7, 11), (7, 12), (7, 13), (8, 13), (9, 13), (10, 13), (11, 13), (11, 12), (12, 13), (11, 11), (13, 13), (12, 11), (10, 11), (14, 13), (13, 11), (9, 11), (15, 13), (14, 11), (9, 10), (16, 13), (14, 10), (9, 9), (17, 13), (14, 9), (9, 8)]",15,0,15
897,"(15, 9)","(14, 9)",East,"[(15, 8) via South, (16, 9) via East]","[(15, 9), (13, 9), (9, 7), (19, 13)]","[(13, 9), (9, 7), (19, 13), (15, 8), (16, 9)]","[(7, 9), (7, 10), (7, 11), (7, 12), (7, 13), (8, 13), (9, 13), (10, 13), (11, 13), (11, 12), (12, 13), (11, 11), (13, 13), (12, 11), (10, 11), (14, 13), (13, 11), (9, 11), (15, 13), (14, 11), (9, 10), (16, 13), (14, 10), (9, 9), (17, 13), (14, 9), (9, 8), (18, 13)]",16,0,16
898,"(13, 9)","(14, 9)",West,"[(12, 9) via West]","[(13, 9), (9, 7), (19, 13), (15, 8), (16, 9)]","[(9, 7), (19, 13), (15, 8), (16, 9), (12, 9)]","[(7, 9), (7, 10), (7, 11), (7, 12), (7, 13), (8, 13), (9, 13), (10, 13), (11, 13), (11, 12), (12, 13), (11, 11), (13, 13), (12, 11), (10, 11), (14, 13), (13, 11), (9, 11), (15, 13), (14, 11), (9, 10), (16, 13), (14, 10), (9, 9), (17, 13), (14, 9), (9, 8), (18, 13), (15, 9)]",16,0,16
899,"(9, 7)","(9, 8)",South,"[(10, 7) via East, (8, 7) via West]","[(9, 7), (19, 13), (15, 8), (16, 9), (12, 9)]","[(19, 13), (15, 8), (16, 9), (12, 9), (10, 7), (8, 7)]","[(7, 9), (7, 10), (7, 11), (7, 12), (7, 13), (8, 13), (9, 13), (10, 13), (11, 13), (11, 12), (12, 13), (11, 11), (13, 13), (12, 11), (10, 11), (14, 13), (13, 11), (9, 11), (15, 13), (14, 11), (9, 10), (16, 13), (14, 10), (9, 9), (17, 13), (14, 9), (9, 8), (18, 13), (15, 9), (13, 9)]",16,0,16
900,"(19, 13)","(18, 13)",East,"[(19, 12) via South, (20, 13) via East]","[(19, 13), (15, 8), (16, 9), (12, 9), (10, 7), (8, 7)]","[(15, 8), (16, 9), (12, 9), (10, 7), (8, 7), (19, 12), (20, 13)]","[(7, 9), (7, 10), (7, 11), (7, 12), (7, 13), (8, 13), (9, 13), (10, 13), (11, 13), (11, 12), (12, 13), (11, 11), (13, 13), (12, 11), (10, 11), (14, 13), (13, 11), (9, 11), (15, 13), (14, 11), (9, 10), (16, 13), (14, 10), (9, 9), (17, 13), (14, 9), (9, 8), (18, 13), (15, 9), (13, 9), (9, 7)]",16,0,16
901,"(15, 8)","(15, 9)",South,"[(15, 7) via South]","[(15, 8), (16, 9), (12, 9), (10, 7), (8, 7), (19, 12), (20, 13)]","[(16, 9), (12, 9), (10, 7), (8, 7), (19, 12), (20, 13), (15, 7)]","[(7, 9), (7, 10), (7, 11), (7, 12), (7, 13), (8, 13), (9, 13), (10, 13), (11, 13), (11, 12), (12, 13), (11, 11), (13, 13), (12, 11), (10, 11), (14, 13), (13, 11), (9, 11), (15, 13), (14, 11), (9, 10), (16, 13), (14, 10), (9, 9), (17, 13), (14, 9), (9, 8), (18, 13), (15, 9), (13, 9), (9, 7), (19, 13)]",17,0,17
902,"(16, 9)","(15, 9)",East,"[(16, 10) via North]","[(16, 9), (12, 9), (10, 7), (8, 7), (19, 12), (20, 13), (15, 7)]","[(12, 9), (10, 7), (8, 7), (19, 12), (20, 13), (15, 7), (16, 10)]","[(7, 9), (7, 10), (7, 11), (7, 12), (7, 13), (8, 13), (9, 13), (10, 13), (11, 13), (11, 12), (12, 13), (11, 11), (13, 13), (12, 11), (10, 11), (14, 13), (13, 11), (9, 11), (15, 13), (14, 11), (9, 10), (16, 13), (14, 10), (9, 9), (17, 13), (14, 9), (9, 8), (18, 13), (15, 9), (13, 9), (9, 7), (19, 13), (15, 8)]",17,0,17
903,"(12, 9)","(13, 9)",West,"[(11, 9) via West]","[(12, 9), (10, 7), (8, 7), (19, 12), (20, 13), (15, 7), (16, 10)]","[(10, 7), (8, 7), (19, 12), (20, 13), (15, 7), (16, 10), (11, 9)]","[(7, 9), (7, 10), (7, 11), (7, 12), (7, 13), (8, 13), (9, 13), (10, 13), (11, 13), (11, 12), (12, 13), (11, 11), (13, 13), (12, 11), (10, 11), (14, 13), (13, 11), (9, 11), (15, 13), (14, 11), (9, 10), (16, 13), (14, 10), (9, 9), (17, 13), (14, 9), (9, 8), (18, 13), (15, 9), (13, 9), (9, 7), (19, 13), (15, 8), (16, 9)]",17,0,17
904,"(10, 7)","(9, 7)",East,"[(11, 7) via East]","[(10, 7), (8, 7), (19, 12), (20, 13), (15, 7), (16, 10), (11, 9)]","[(8, 7), (19, 12), (20, 13), (15, 7), (16, 10), (11, 9), (11, 7)]","[(7, 9), (7, 10), (7, 11), (7, 12), (7, 13), (8, 13), (9, 13), (10, 13), (11, 13), (11, 12), (12, 13), (11, 11), (13, 13), (12, 11), (10, 11), (14, 13), (13, 11), (9, 11), (15, 13), (14, 11), (9, 10), (16, 13), (14, 10), (9, 9), (17, 13), (14, 9), (9, 8), (18, 13), (15, 9), (13, 9), (9, 7), (19, 13), (15, 8), (16, 9), (12, 9)]",17,0,17
905,"(8, 7)","(9, 7)",West,"[(7, 7) via West]","[(8, 7), (19, 12), (20, 13), (15, 7), (16, 10), (11, 9), (11, 7)]","[(19, 12), (20, 13), (15, 7), (16, 10), (11, 9), (11, 7), (7, 7)]","[(7, 9), (7, 10), (7, 11), (7, 12), (7, 13), (8, 13), (9, 13), (10, 13), (11, 13), (11, 12), (12, 13), (11, 11), (13, 13), (12, 11), (10, 11), (14, 13), (13, 11), (9, 11), (15, 13), (14, 11), (9, 10), (16, 13), (14, 10), (9, 9), (17, 13), (14, 9), (9, 8), (18, 13), (15, 9), (13, 9), (9, 7), (19, 13), (15, 8), (16, 9), (12, 9), (10, 7)]",17,0,17
906,"(19, 12)","(19, 13)",South,"[(19, 11) via South]","[(19, 12), (20, 13), (15, 7), (16, 10), (11, 9), (11, 7), (7, 7)]","[(20, 13), (15, 7), (16, 10), (11, 9), (11, 7), (7, 7), (19, 11)]","[(7, 9), (7, 10), (7, 11), (7, 12), (7, 13), (8, 13), (9, 13), (10, 13), (11, 13), (11, 12), (12, 13), (11, 11), (13, 13), (12, 11), (10, 11), (14, 13), (13, 11), (9, 11), (15, 13), (14, 11), (9, 10), (16, 13), (14, 10), (9, 9), (17, 13), (14, 9), (9, 8), (18, 13), (15, 9), (13, 9), (9, 7), (19, 13), (15, 8), (16, 9), (12, 9), (10, 7), (8, 7)]",17,0,17
907,"(20, 13)","(19, 13)",East,"[(21, 13) via East]","[(20, 13), (15, 7), (16, 10), (11, 9), (11, 7), (7, 7), (19, 11)]","[(15, 7), (16, 10), (11, 9), (11, 7), (7, 7), (19, 11), (21, 13)]","[(7, 9), (7, 10), (7, 11), (7, 12), (7, 13), (8, 13), (9, 13), (10, 13), (11, 13), (11, 12), (12, 13), (11, 11), (13, 13), (12, 11), (10, 11), (14, 13), (13, 11), (9, 11), (15, 13), (14, 11), (9, 10), (16, 13), (14, 10), (9, 9), (17, 13), (14, 9), (9, 8), (18, 13), (15, 9), (13, 9), (9, 7), (19, 13), (15, 8), (16, 9), (12, 9), (10, 7), (8, 7), (19, 12)]",17,0,17
908,"(15, 7)","(15, 8)",South,"[(16, 7) via East, (14, 7) via West]","[(15, 7), (16, 10), (11, 9), (11, 7), (7, 7), (19, 11), (21, 13)]","[(16, 10), (11, 9), (11, 7), (7, 7), (19, 11), (21, 13), (16, 7), (14, 7)]","[(7, 9), (7, 10), (7, 11), (7, 12), (7, 13), (8, 13), (9, 13), (10, 13), (11, 13), (11, 12), (12, 13), (11, 11), (13, 13), (12, 11), (10, 11), (14, 13), (13, 11), (9, 11), (15, 13), (14, 11), (9, 10), (16, 13), (14, 10), (9, 9), (17, 13), (14, 9), (9, 8), (18, 13), (15, 9), (13, 9), (9, 7), (19, 13), (15, 8), (16, 9), (12, 9), (10, 7), (8, 7), (19, 12), (20, 13)]",18,0,18
909,"(16, 10)","(16, 9)",North,"[(16, 11) via North]","[(16, 10), (11, 9), (11, 7), (7, 7), (19, 11), (21, 13), (16, 7), (14, 7)]","[(11, 9), (11, 7), (7, 7), (19, 11), (21, 13), (16, 7), (14, 7), (16, 11)]","[(7, 9), (7, 10), (7, 11), (7, 12), (7, 13), (8, 13), (9, 13), (10, 13), (11, 13), (11, 12), (12, 13), (11, 11), (13, 13), (12, 11), (10, 11), (14, 13), (13, 11), (9, 11), (15, 13), (14, 11), (9, 10), (16, 13), (14, 10), (9, 9), (17, 13), (14, 9), (9, 8), (18, 13), (15, 9), (13, 9), (9, 7), (19, 13), (15, 8), (16, 9), (12, 9), (10, 7), (8, 7), (19, 12), (20, 13), (15, 7)]",18,0,18
910,"(11, 9)","(12, 9)",West,"[(11, 8) via South]","[(11, 9), (11, 7), (7, 7), (19, 11), (21, 13), (16, 7), (14, 7), (16, 11)]","[(11, 7), (7, 7), (19, 11), (21, 13), (16, 7), (14, 7), (16, 11), (11, 8)]","[(7, 9), (7, 10), (7, 11), (7, 12), (7, 13), (8, 13), (9, 13), (10, 13), (11, 13), (11, 12), (12, 13), (11, 11), (13, 13), (12, 11), (10, 11), (14, 13), (13, 11), (9, 11), (15, 13), (14, 11), (9, 10), (16, 13), (14, 10), (9, 9), (17, 13), (14, 9), (9, 8), (18, 13), (15, 9), (13, 9), (9, 7), (19, 13), (15, 8), (16, 9), (12, 9), (10, 7), (8, 7), (19, 12), (20, 13), (15, 7), (16, 10)]",18,0,18
911,"(11, 7)","(10, 7)",East,"[(11, 6) via South]","[(11, 7), (7, 7), (19, 11), (21, 13), (16, 7), (14, 7), (16, 11), (11, 8)]","[(7, 7), (19, 11), (21, 13), (16, 7), (14, 7), (16, 11), (11, 8), (11, 6)]","[(7, 9), (7, 10), (7, 11), (7, 12), (7, 13), (8, 13), (9, 13), (10, 13), (11, 13), (11, 12), (12, 13), (11, 11), (13, 13), (12, 11), (10, 11), (14, 13), (13, 11), (9, 11), (15, 13), (14, 11), (9, 10), (16, 13), (14, 10), (9, 9), (17, 13), (14, 9), (9, 8), (18, 13), (15, 9), (13, 9), (9, 7), (19, 13), (15, 8), (16, 9), (12, 9), (10, 7), (8, 7), (19, 12), (20, 13), (15, 7), (16, 10), (11, 9)]",18,0,18
912,"(7, 7)","(8, 7)",West,"[(6, 7) via West]","[(7, 7), (19, 11), (21, 13), (16, 7), (14, 7), (16, 11), (11, 8), (11, 6)]","[(19, 11), (21, 13), (16, 7), (14, 7), (16, 11), (11, 8), (11, 6), (6, 7)]","[(7, 9), (7, 10), (7, 11), (7, 12), (7, 13), (8, 13), (9, 13), (10, 13), (11, 13), (11, 12), (12, 13), (11, 11), (13, 13), (12, 11), (10, 11), (14, 13), (13, 11), (9, 11), (15, 13), (14, 11), (9, 10), (16, 13), (14, 10), (9, 9), (17, 13), (14, 9), (9, 8), (18, 13), (15, 9), (13, 9), (9, 7), (19, 13), (15, 8), (16, 9), (12, 9), (10, 7), (8, 7), (19, 12), (20, 13), (15, 7), (16, 10), (11, 9), (11, 7)]",18,0,18
913,"(19, 11)","(19, 12)",South,"[(20, 11) via East, (18, 11) via West]","[(19, 11), (21, 13), (16, 7), (14, 7), (16, 11), (11, 8), (11, 6), (6, 7)]","[(21, 13), (16, 7), (14, 7), (16, 11), (11, 8), (11, 6), (6, 7), (20, 11), (18, 11)]","[(7, 9), (7, 10), (7, 11), (7, 12), (7, 13), (8, 13), (9, 13), (10, 13), (11, 13), (11, 12), (12, 13), (11, 11), (13, 13), (12, 11), (10, 11), (14, 13), (13, 11), (9, 11), (15, 13), (14, 11), (9, 10), (16, 13), (14, 10), (9, 9), (17, 13), (14, 9), (9, 8), (18, 13), (15, 9), (13, 9), (9, 7), (19, 13), (15, 8), (16, 9), (12, 9), (10, 7), (8, 7), (19, 12), (20, 13), (15, 7), (16, 10), (11, 9), (11, 7), (7, 7)]",18,0,18
914,"(21, 13)","(20, 13)",East,"[(22, 13) via East]","[(21, 13), (16, 7), (14, 7), (16, 11), (11, 8), (11, 6), (6, 7), (20, 11), (18, 11)]","[(16, 7), (14, 7), (16, 11), (11, 8), (11, 6), (6, 7), (20, 11), (18, 11), (22, 13)]","[(7, 9), (7, 10), (7, 11), (7, 12), (7, 13), (8, 13), (9, 13), (10, 13), (11, 13), (11, 12), (12, 13), (11, 11), (13, 13), (12, 11), (10, 11), (14, 13), (13, 11), (9, 11), (15, 13), (14, 11), (9, 10), (16, 13), (14, 10), (9, 9), (17, 13), (14, 9), (9, 8), (18, 13), (15, 9), (13, 9), (9, 7), (19, 13), (15, 8), (16, 9), (12, 9), (10, 7), (8, 7), (19, 12), (20, 13), (15, 7), (16, 10), (11, 9), (11, 7), (7, 7), (19, 11)]",18,0,18
915,"(16, 7)","(15, 7)",East,"[(17, 7) via East]","[(16, 7), (14, 7), (16, 11), (11, 8), (11, 6), (6, 7), (20, 11), (18, 11), (22, 13)]","[(14, 7), (16, 11), (11, 8), (11, 6), (6, 7), (20, 11), (18, 11), (22, 13), (17, 7)]","[(7, 9), (7, 10), (7, 11), (7, 12), (7, 13), (8, 13), (9, 13), (10, 13), (11, 13), (11, 12), (12, 13), (11, 11), (13, 13), (12, 11), (10, 11), (14, 13), (13, 11), (9, 11), (15, 13), (14, 11), (9, 10), (16, 13), (14, 10), (9, 9), (17, 13), (14, 9), (9, 8), (18, 13), (15, 9), (13, 9), (9, 7), (19, 13), (15, 8), (16, 9), (12, 9), (10, 7), (8, 7), (19, 12), (20, 13), (15, 7), (16, 10), (11, 9), (11, 7), (7, 7), (19, 11), (21, 13)]",19,0,19
916,"(14, 7)","(15, 7)",West,"[(13, 7) via West]","[(14, 7), (16, 11), (11, 8), (11, 6), (6, 7), (20, 11), (18, 11), (22, 13), (17, 7)]","[(16, 11), (11, 8), (11, 6), (6, 7), (20, 11), (18, 11), (22, 13), (17, 7), (13, 7)]","[(7, 9), (7, 10), (7, 11), (7, 12), (7, 13), (8, 13), (9, 13), (10, 13), (11, 13), (11, 12), (12, 13), (11, 11), (13, 13), (12, 11), (10, 11), (14, 13), (13, 11), (9, 11), (15, 13), (14, 11), (9, 10), (16, 13), (14, 10), (9, 9), (17, 13), (14, 9), (9, 8), (18, 13), (15, 9), (13, 9), (9, 7), (19, 13), (15, 8), (16, 9), (12, 9), (10, 7), (8, 7), (19, 12), (20, 13), (15, 7), (16, 10), (11, 9), (11, 7), (7, 7), (19, 11), (21, 13), (16, 7)]",19,0,19
917,"(16, 11)","(16, 10)",North,"[(17, 11) via East]","[(16, 11), (11, 8), (11, 6), (6, 7), (20, 11), (18, 11), (22, 13), (17, 7), (13, 7)]","[(11, 8), (11, 6), (6, 7), (20, 11), (18, 11), (22, 13), (17, 7), (13, 7), (17, 11)]","[(7, 9), (7, 10), (7, 11), (7, 12), (7, 13), (8, 13), (9, 13), (10, 13), (11, 13), (11, 12), (12, 13), (11, 11), (13, 13), (12, 11), (10, 11), (14, 13), (13, 11), (9, 11), (15, 13), (14, 11), (9, 10), (16, 13), (14, 10), (9, 9), (17, 13), (14, 9), (9, 8), (18, 13), (15, 9), (13, 9), (9, 7), (19, 13), (15, 8), (16, 9), (12, 9), (10, 7), (8, 7), (19, 12), (20, 13), (15, 7), (16, 10), (11, 9), (11, 7), (7, 7), (19, 11), (21, 13), (16, 7), (14, 7)]",19,0,19
918,"(11, 8)","(11, 9)",South,[],"[(11, 8), (11, 6), (6, 7), (20, 11), (18, 11), (22, 13), (17, 7), (13, 7), (17, 11)]","[(11, 6), (6, 7), (20, 11), (18, 11), (22, 13), (17, 7), (13, 7), (17, 11)]","[(7, 9), (7, 10), (7, 11), (7, 12), (7, 13), (8, 13), (9, 13), (10, 13), (11, 13), (11, 12), (12, 13), (11, 11), (13, 13), (12, 11), (10, 11), (14, 13), (13, 11), (9, 11), (15, 13), (14, 11), (9, 10), (16, 13), (14, 10), (9, 9), (17, 13), (14, 9), (9, 8), (18, 13), (15, 9), (13, 9), (9, 7), (19, 13), (15, 8), (16, 9), (12, 9), (10, 7), (8, 7), (19, 12), (20, 13), (15, 7), (16, 10), (11, 9), (11, 7), (7, 7), (19, 11), (21, 13), (16, 7), (14, 7), (16, 11)]",19,0,19
919,"(11, 6)","(11, 7)",South,"[(11, 5) via South]","[(11, 6), (6, 7), (20, 11), (18, 11), (22, 13), (17, 7), (13, 7), (17, 11)]","[(6, 7), (20, 11), (18, 11), (22, 13), (17, 7), (13, 7), (17, 11), (11, 5)]","[(7, 9), (7, 10), (7, 11), (7, 12), (7, 13), (8, 13), (9, 13), (10, 13), (11, 13), (11, 12), (12, 13), (11, 11), (13, 13), (12, 11), (10, 11), (14, 13), (13, 11), (9, 11), (15, 13), (14, 11), (9, 10), (16, 13), (14, 10), (9, 9), (17, 13), (14, 9), (9, 8), (18, 13), (15, 9), (13, 9), (9, 7), (19, 13), (15, 8), (16, 9), (12, 9), (10, 7), (8, 7), (19, 12), (20, 13), (15, 7), (16, 10), (11, 9), (11, 7), (7, 7), (19, 11), (21, 13), (16, 7), (14, 7), (16, 11), (11, 8)]",19,0,19
920,"(6, 7)","(7, 7)",West,"[(5, 7) via West]","[(6, 7), (20, 11), (18, 11), (22, 13), (17, 7), (13, 7), (17, 11), (11, 5)]","[(20, 11), (18, 11), (22, 13), (17, 7), (13, 7), (17, 11), (11, 5), (5, 7)]","[(7, 9), (7, 10), (7, 11), (7, 12), (7, 13), (8, 13), (9, 13), (10, 13), (11, 13), (11, 12), (12, 13), (11, 11), (13, 13), (12, 11), (10, 11), (14, 13), (13, 11), (9, 11), (15, 13), (14, 11), (9, 10), (16, 13), (14, 10), (9, 9), (17, 13), (14, 9), (9, 8), (18, 13), (15, 9), (13, 9), (9, 7), (19, 13), (15, 8), (16, 9), (12, 9), (10, 7), (8, 7), (19, 12), (20, 13), (15, 7), (16, 10), (11, 9), (11, 7), (7, 7), (19, 11), (21, 13), (16, 7), (14, 7), (16, 11), (11, 8), (11, 6)]",19,0,19
921,"(20, 11)","(19, 11)",East,"[(21, 11) via East]","[(20, 11), (18, 11), (22, 13), (17, 7), (13, 7), (17, 11), (11, 5), (5, 7)]","[(18, 11), (22, 13), (17, 7), (13, 7), (17, 11), (11, 5), (5, 7), (21, 11)]","[(7, 9), (7, 10), (7, 11), (7, 12), (7, 13), (8, 13), (9, 13), (10, 13), (11, 13), (11, 12), (12, 13), (11, 11), (13, 13), (12, 11), (10, 11), (14, 13), (13, 11), (9, 11), (15, 13), (14, 11), (9, 10), (16, 13), (14, 10), (9, 9), (17, 13), (14, 9), (9, 8), (18, 13), (15, 9), (13, 9), (9, 7), (19, 13), (15, 8), (16, 9), (12, 9), (10, 7), (8, 7), (19, 12), (20, 13), (15, 7), (16, 10), (11, 9), (11, 7), (7, 7), (19, 11), (21, 13), (16, 7), (14, 7), (16, 11), (11, 8), (11, 6), (6, 7)]",19,0,19
922,"(18, 11)","(19, 11)",West,[],"[(18, 11), (22, 13), (17, 7), (13, 7), (17, 11), (11, 5), (5, 7), (21, 11)]","[(22, 13), (17, 7), (13, 7), (17, 11), (11, 5), (5, 7), (21, 11)]","[(7, 9), (7, 10), (7, 11), (7, 12), (7, 13), (8, 13), (9, 13), (10, 13), (11, 13), (11, 12), (12, 13), (11, 11), (13, 13), (12, 11), (10, 11), (14, 13), (13, 11), (9, 11), (15, 13), (14, 11), (9, 10), (16, 13), (14, 10), (9, 9), (17, 13), (14, 9), (9, 8), (18, 13), (15, 9), (13, 9), (9, 7), (19, 13), (15, 8), (16, 9), (12, 9), (10, 7), (8, 7), (19, 12), (20, 13), (15, 7), (16, 10), (11, 9), (11, 7), (7, 7), (19, 11), (21, 13), (16, 7), (14, 7), (16, 11), (11, 8), (11, 6), (6, 7), (20, 11)]",19,0,19
923,"(22, 13)","(21, 13)",East,"[(23, 13) via East]","[(22, 13), (17, 7), (13, 7), (17, 11), (11, 5), (5, 7), (21, 11)]","[(17, 7), (13, 7), (17, 11), (11, 5), (5, 7), (21, 11), (23, 13)]","[(7, 9), (7, 10), (7, 11), (7, 12), (7, 13), (8, 13), (9, 13), (10, 13), (11, 13), (11, 12), (12, 13), (11, 11), (13, 13), (12, 11), (10, 11), (14, 13), (13, 11), (9, 11), (15, 13), (14, 11), (9, 10), (16, 13), (14, 10), (9, 9), (17, 13), (14, 9), (9, 8), (18, 13), (15, 9), (13, 9), (9, 7), (19, 13), (15, 8), (16, 9), (12, 9), (10, 7), (8, 7), (19, 12), (20, 13), (15, 7), (16, 10), (11, 9), (11, 7), (7, 7), (19, 11), (21, 13), (16, 7), (14, 7), (16, 11), (11, 8), (11, 6), (6, 7), (20, 11), (18, 11)]",19,0,19
924,"(17, 7)","(16, 7)",East,[],"[(17, 7), (13, 7), (17, 11), (11, 5), (5, 7), (21, 11), (23, 13)]","[(13, 7), (17, 11), (11, 5), (5, 7), (21, 11), (23, 13)]","[(7, 9), (7, 10), (7, 11), (7, 12), (7, 13), (8, 13), (9, 13), (10, 13), (11, 13), (11, 12), (12, 13), (11, 11), (13, 13), (12, 11), (10, 11), (14, 13), (13, 11), (9, 11), (15, 13), (14, 11), (9, 10), (16, 13), (14, 10), (9, 9), (17, 13), (14, 9), (9, 8), (18, 13), (15, 9), (13, 9), (9, 7), (19, 13), (15, 8), (16, 9), (12, 9), (10, 7), (8, 7), (19, 12), (20, 13), (15, 7), (16, 10), (11, 9), (11, 7), (7, 7), (19, 11), (21, 13), (16, 7), (14, 7), (16, 11), (11, 8), (11, 6), (6, 7), (20, 11), (18, 11), (22, 13)]",20,0,20
925,"(13, 7)","(14, 7)",West,[],"[(13, 7), (17, 11), (11, 5), (5, 7), (21, 11), (23, 13)]","[(17, 11), (11, 5), (5, 7), (21, 11), (23, 13)]","[(7, 9), (7, 10), (7, 11), (7, 12), (7, 13), (8, 13), (9, 13), (10, 13), (11, 13), (11, 12), (12, 13), (11, 11), (13, 13), (12, 11), (10, 11), (14, 13), (13, 11), (9, 11), (15, 13), (14, 11), (9, 10), (16, 13), (14, 10), (9, 9), (17, 13), (14, 9), (9, 8), (18, 13), (15, 9), (13, 9), (9, 7), (19, 13), (15, 8), (16, 9), (12, 9), (10, 7), (8, 7), (19, 12), (20, 13), (15, 7), (16, 10), (11, 9), (11, 7), (7, 7), (19, 11), (21, 13), (16, 7), (14, 7), (16, 11), (11, 8), (11, 6), (6, 7), (20, 11), (18, 11), (22, 13), (17, 7)]",20,0,20
926,"(17, 11)","(16, 11)",East,[],"[(17, 11), (11, 5), (5, 7), (21, 11), (23, 13)]","[(11, 5), (5, 7), (21, 11), (23, 13)]","[(7, 9), (7, 10), (7, 11), (7, 12), (7, 13), (8, 13), (9, 13), (10, 13), (11, 13), (11, 12), (12, 13), (11, 11), (13, 13), (12, 11), (10, 11), (14, 13), (13, 11), (9, 11), (15, 13), (14, 11), (9, 10), (16, 13), (14, 10), (9, 9), (17, 13), (14, 9), (9, 8), (18, 13), (15, 9), (13, 9), (9, 7), (19, 13), (15, 8), (16, 9), (12, 9), (10, 7), (8, 7), (19, 12), (20, 13), (15, 7), (16, 10), (11, 9), (11, 7), (7, 7), (19, 11), (21, 13), (16, 7), (14, 7), (16, 11), (11, 8), (11, 6), (6, 7), (20, 11), (18, 11), (22, 13), (17, 7), (13, 7)]",20,0,20
927,"(11, 5)","(11, 6)",South,"[(12, 5) via East]","[(11, 5), (5, 7), (21, 11), (23, 13)]","[(5, 7), (21, 11), (23, 13), (12, 5)]","[(7, 9), (7, 10), (7, 11), (7, 12), (7, 13), (8, 13), (9, 13), (10, 13), (11, 13), (11, 12), (12, 13), (11, 11), (13, 13), (12, 11), (10, 11), (14, 13), (13, 11), (9, 11), (15, 13), (14, 11), (9, 10), (16, 13), (14, 10), (9, 9), (17, 13), (14, 9), (9, 8), (18, 13), (15, 9), (13, 9), (9, 7), (19, 13), (15, 8), (16, 9), (12, 9), (10, 7), (8, 7), (19, 12), (20, 13), (15, 7), (16, 10), (11, 9), (11, 7), (7, 7), (19, 11), (21, 13), (16, 7), (14, 7), (16, 11), (11, 8), (11, 6), (6, 7), (20, 11), (18, 11), (22, 13), (17, 7), (13, 7), (17, 11)]",20,0,20
928,"(5, 7)","(6, 7)",West,"[(5, 8) via North, (5, 6) via South]","[(5, 7), (21, 11), (23, 13), (12, 5)]","[(21, 11), (23, 13), (12, 5), (5, 8), (5, 6)]","[(7, 9), (7, 10), (7, 11), (7, 12), (7, 13), (8, 13), (9, 13), (10, 13), (11, 13), (11, 12), (12, 13), (11, 11), (13, 13), (12, 11), (10, 11), (14, 13), (13, 11), (9, 11), (15, 13), (14, 11), (9, 10), (16, 13), (14, 10), (9, 9), (17, 13), (14, 9), (9, 8), (18, 13), (15, 9), (13, 9), (9, 7), (19, 13), (15, 8), (16, 9), (12, 9), (10, 7), (8, 7), (19, 12), (20, 13), (15, 7), (16, 10), (11, 9), (11, 7), (7, 7), (19, 11), (21, 13), (16, 7), (14, 7), (16, 11), (11, 8), (11, 6), (6, 7), (20, 11), (18, 11), (22, 13), (17, 7), (13, 7), (17, 11), (11, 5)]",20,0,20
929,"(21, 11)","(20, 11)",East,"[(21, 10) via South]","[(21, 11), (23, 13), (12, 5), (5, 8), (5, 6)]","[(23, 13), (12, 5), (5, 8), (5, 6), (21, 10)]","[(7, 9), (7, 10), (7, 11), (7, 12), (7, 13), (8, 13), (9, 13), (10, 13), (11, 13), (11, 12), (12, 13), (11, 11), (13, 13), (12, 11), (10, 11), (14, 13), (13, 11), (9, 11), (15, 13), (14, 11), (9, 10), (16, 13), (14, 10), (9, 9), (17, 13), (14, 9), (9, 8), (18, 13), (15, 9), (13, 9), (9, 7), (19, 13), (15, 8), (16, 9), (12, 9), (10, 7), (8, 7), (19, 12), (20, 13), (15, 7), (16, 10), (11, 9), (11, 7), (7, 7), (19, 11), (21, 13), (16, 7), (14, 7), (16, 11), (11, 8), (11, 6), (6, 7), (20, 11), (18, 11), (22, 13), (17, 7), (13, 7), (17, 11), (11, 5), (5, 7)]",20,0,20
930,"(23, 13)","(22, 13)",East,"[(23, 12) via South]","[(23, 13), (12, 5), (5, 8), (5, 6), (21, 10)]","[(12, 5), (5, 8), (5, 6), (21, 10), (23, 12)]","[(7, 9), (7, 10), (7, 11), (7, 12), (7, 13), (8, 13), (9, 13), (10, 13), (11, 13), (11, 12), (12, 13), (11, 11), (13, 13), (12, 11), (10, 11), (14, 13), (13, 11), (9, 11), (15, 13), (14, 11), (9, 10), (16, 13), (14, 10), (9, 9), (17, 13), (14, 9), (9, 8), (18, 13), (15, 9), (13, 9), (9, 7), (19, 13), (15, 8), (16, 9), (12, 9), (10, 7), (8, 7), (19, 12), (20, 13), (15, 7), (16, 10), (11, 9), (11, 7), (7, 7), (19, 11), (21, 13), (16, 7), (14, 7), (16, 11), (11, 8), (11, 6), (6, 7), (20, 11), (18, 11), (22, 13), (17, 7), (13, 7), (17, 11), (11, 5), (5, 7), (21, 11)]",20,0,20
931,"(12, 5)","(11, 5)",East,"[(13, 5) via East]","[(12, 5), (5, 8), (5, 6), (21, 10), (23, 12)]","[(5, 8), (5, 6), (21, 10), (23, 12), (13, 5)]","[(7, 9), (7, 10), (7, 11), (7, 12), (7, 13), (8, 13), (9, 13), (10, 13), (11, 13), (11, 12), (12, 13), (11, 11), (13, 13), (12, 11), (10, 11), (14, 13), (13, 11), (9, 11), (15, 13), (14, 11), (9, 10), (16, 13), (14, 10), (9, 9), (17, 13), (14, 9), (9, 8), (18, 13), (15, 9), (13, 9), (9, 7), (19, 13), (15, 8), (16, 9), (12, 9), (10, 7), (8, 7), (19, 12), (20, 13), (15, 7), (16, 10), (11, 9), (11, 7), (7, 7), (19, 11), (21, 13), (16, 7), (14, 7), (16, 11), (11, 8), (11, 6), (6, 7), (20, 11), (18, 11), (22, 13), (17, 7), (13, 7), (17, 11), (11, 5), (5, 7), (21, 11), (23, 13)]",21,0,21
932,"(5, 8)","(5, 7)",North,"[(5, 9) via North]","[(5, 8), (5, 6), (21, 10), (23, 12), (13, 5)]","[(5, 6), (21, 10), (23, 12), (13, 5), (5, 9)]","[(7, 9), (7, 10), (7, 11), (7, 12), (7, 13), (8, 13), (9, 13), (10, 13), (11, 13), (11, 12), (12, 13), (11, 11), (13, 13), (12, 11), (10, 11), (14, 13), (13, 11), (9, 11), (15, 13), (14, 11), (9, 10), (16, 13), (14, 10), (9, 9), (17, 13), (14, 9), (9, 8), (18, 13), (15, 9), (13, 9), (9, 7), (19, 13), (15, 8), (16, 9), (12, 9), (10, 7), (8, 7), (19, 12), (20, 13), (15, 7), (16, 10), (11, 9), (11, 7), (7, 7), (19, 11), (21, 13), (16, 7), (14, 7), (16, 11), (11, 8), (11, 6), (6, 7), (20, 11), (18, 11), (22, 13), (17, 7), (13, 7), (17, 11), (11, 5), (5, 7), (21, 11), (23, 13), (12, 5)]",21,0,21
933,"(5, 6)","(5, 7)",South,"[(5, 5) via South]","[(5, 6), (21, 10), (23, 12), (13, 5), (5, 9)]","[(21, 10), (23, 12), (13, 5), (5, 9), (5, 5)]","[(7, 9), (7, 10), (7, 11), (7, 12), (7, 13), (8, 13), (9, 13), (10, 13), (11, 13), (11, 12), (12, 13), (11, 11), (13, 13), (12, 11), (10, 11), (14, 13), (13, 11), (9, 11), (15, 13), (14, 11), (9, 10), (16, 13), (14, 10), (9, 9), (17, 13), (14, 9), (9, 8), (18, 13), (15, 9), (13, 9), (9, 7), (19, 13), (15, 8), (16, 9), (12, 9), (10, 7), (8, 7), (19, 12), (20, 13), (15, 7), (16, 10), (11, 9), (11, 7), (7, 7), (19, 11), (21, 13), (16, 7), (14, 7), (16, 11), (11, 8), (11, 6), (6, 7), (20, 11), (18, 11), (22, 13), (17, 7), (13, 7), (17, 11), (11, 5), (5, 7), (21, 11), (23, 13), (12, 5), (5, 8)]",21,0,21
934,"(21, 10)","(21, 11)",South,"[(21, 9) via South, (22, 10) via East]","[(21, 10), (23, 12), (13, 5), (5, 9), (5, 5)]","[(23, 12), (13, 5), (5, 9), (5, 5), (21, 9), (22, 10)]","[(7, 9), (7, 10), (7, 11), (7, 12), (7, 13), (8, 13), (9, 13), (10, 13), (11, 13), (11, 12), (12, 13), (11, 11), (13, 13), (12, 11), (10, 11), (14, 13), (13, 11), (9, 11), (15, 13), (14, 11), (9, 10), (16, 13), (14, 10), (9, 9), (17, 13), (14, 9), (9, 8), (18, 13), (15, 9), (13, 9), (9, 7), (19, 13), (15, 8), (16, 9), (12, 9), (10, 7), (8, 7), (19, 12), (20, 13), (15, 7), (16, 10), (11, 9), (11, 7), (7, 7), (19, 11), (21, 13), (16, 7), (14, 7), (16, 11), (11, 8), (11, 6), (6, 7), (20, 11), (18, 11), (22, 13), (17, 7), (13, 7), (17, 11), (11, 5), (5, 7), (21, 11), (23, 13), (12, 5), (5, 8), (5, 6)]",21,0,21
935,"(23, 12)","(23, 13)",South,"[(23, 11) via South]","[(23, 12), (13, 5), (5, 9), (5, 5), (21, 9), (22, 10)]","[(13, 5), (5, 9), (5, 5), (21, 9), (22, 10), (23, 11)]","[(7, 9), (7, 10), (7, 11), (7, 12), (7, 13), (8, 13), (9, 13), (10, 13), (11, 13), (11, 12), (12, 13), (11, 11), (13, 13), (12, 11), (10, 11), (14, 13), (13, 11), (9, 11), (15, 13), (14, 11), (9, 10), (16, 13), (14, 10), (9, 9), (17, 13), (14, 9), (9, 8), (18, 13), (15, 9), (13, 9), (9, 7), (19, 13), (15, 8), (16, 9), (12, 9), (10, 7), (8, 7), (19, 12), (20, 13), (15, 7), (16, 10), (11, 9), (11, 7), (7, 7), (19, 11), (21, 13), (16, 7), (14, 7), (16, 11), (11, 8), (11, 6), (6, 7), (20, 11), (18, 11), (22, 13), (17, 7), (13, 7), (17, 11), (11, 5), (5, 7), (21, 11), (23, 13), (12, 5), (5, 8), (5, 6), (21, 10)]",21,0,21
936,"(13, 5)","(12, 5)",East,"[(14, 5) via East]","[(13, 5), (5, 9), (5, 5), (21, 9), (22, 10), (23, 11)]","[(5, 9), (5, 5), (21, 9), (22, 10), (23, 11), (14, 5)]","[(7, 9), (7, 10), (7, 11), (7, 12), (7, 13), (8, 13), (9, 13), (10, 13), (11, 13), (11, 12), (12, 13), (11, 11), (13, 13), (12, 11), (10, 11), (14, 13), (13, 11), (9, 11), (15, 13), (14, 11), (9, 10), (16, 13), (14, 10), (9, 9), (17, 13), (14, 9), (9, 8), (18, 13), (15, 9), (13, 9), (9, 7), (19, 13), (15, 8), (16, 9), (12, 9), (10, 7), (8, 7), (19, 12), (20, 13), (15, 7), (16, 10), (11, 9), (11, 7), (7, 7), (19, 11), (21, 13), (16, 7), (14, 7), (16, 11), (11, 8), (11, 6), (6, 7), (20, 11), (18, 11), (22, 13), (17, 7), (13, 7), (17, 11), (11, 5), (5, 7), (21, 11), (23, 13), (12, 5), (5, 8), (5, 6), (21, 10), (23, 12)]",22,0,22
937,"(5, 9)","(5, 8)",North,[],"[(5, 9), (5, 5), (21, 9), (22, 10), (23, 11), (14, 5)]","[(5, 5), (21, 9), (22, 10), (23, 11), (14, 5)]","[(7, 9), (7, 10), (7, 11), (7, 12), (7, 13), (8, 13), (9, 13), (10, 13), (11, 13), (11, 12), (12, 13), (11, 11), (13, 13), (12, 11), (10, 11), (14, 13), (13, 11), (9, 11), (15, 13), (14, 11), (9, 10), (16, 13), (14, 10), (9, 9), (17, 13), (14, 9), (9, 8), (18, 13), (15, 9), (13, 9), (9, 7), (19, 13), (15, 8), (16, 9), (12, 9), (10, 7), (8, 7), (19, 12), (20, 13), (15, 7), (16, 10), (11, 9), (11, 7), (7, 7), (19, 11), (21, 13), (16, 7), (14, 7), (16, 11), (11, 8), (11, 6), (6, 7), (20, 11), (18, 11), (22, 13), (17, 7), (13, 7), (17, 11), (11, 5), (5, 7), (21, 11), (23, 13), (12, 5), (5, 8), (5, 6), (21, 10), (23, 12), (13, 5)]",22,0,22
938,"(5, 5)","(5, 6)",South,"[(6, 5) via East]","[(5, 5), (21, 9), (22, 10), (23, 11), (14, 5)]","[(21, 9), (22, 10), (23, 11), (14, 5), (6, 5)]","[(7, 9), (7, 10), (7, 11), (7, 12), (7, 13), (8, 13), (9, 13), (10, 13), (11, 13), (11, 12), (12, 13), (11, 11), (13, 13), (12, 11), (10, 11), (14, 13), (13, 11), (9, 11), (15, 13), (14, 11), (9, 10), (16, 13), (14, 10), (9, 9), (17, 13), (14, 9), (9, 8), (18, 13), (15, 9), (13, 9), (9, 7), (19, 13), (15, 8), (16, 9), (12, 9), (10, 7), (8, 7), (19, 12), (20, 13), (15, 7), (16, 10), (11, 9), (11, 7), (7, 7), (19, 11), (21, 13), (16, 7), (14, 7), (16, 11), (11, 8), (11, 6), (6, 7), (20, 11), (18, 11), (22, 13), (17, 7), (13, 7), (17, 11), (11, 5), (5, 7), (21, 11), (23, 13), (12, 5), (5, 8), (5, 6), (21, 10), (23, 12), (13, 5), (5, 9)]",22,0,22
939,"(21, 9)","(21, 10)",South,"[(21, 8) via South]","[(21, 9), (22, 10), (23, 11), (14, 5), (6, 5)]","[(22, 10), (23, 11), (14, 5), (6, 5), (21, 8)]","[(7, 9), (7, 10), (7, 11), (7, 12), (7, 13), (8, 13), (9, 13), (10, 13), (11, 13), (11, 12), (12, 13), (11, 11), (13, 13), (12, 11), (10, 11), (14, 13), (13, 11), (9, 11), (15, 13), (14, 11), (9, 10), (16, 13), (14, 10), (9, 9), (17, 13), (14, 9), (9, 8), (18, 13), (15, 9), (13, 9), (9, 7), (19, 13), (15, 8), (16, 9), (12, 9), (10, 7), (8, 7), (19, 12), (20, 13), (15, 7), (16, 10), (11, 9), (11, 7), (7, 7), (19, 11), (21, 13), (16, 7), (14, 7), (16, 11), (11, 8), (11, 6), (6, 7), (20, 11), (18, 11), (22, 13), (17, 7), (13, 7), (17, 11), (11, 5), (5, 7), (21, 11), (23, 13), (12, 5), (5, 8), (5, 6), (21, 10), (23, 12), (13, 5), (5, 9), (5, 5)]",22,0,22
940,"(22, 10)","(21, 10)",East,[],"[(22, 10), (23, 11), (14, 5), (6, 5), (21, 8)]","[(23, 11), (14, 5), (6, 5), (21, 8)]","[(7, 9), (7, 10), (7, 11), (7, 12), (7, 13), (8, 13), (9, 13), (10, 13), (11, 13), (11, 12), (12, 13), (11, 11), (13, 13), (12, 11), (10, 11), (14, 13), (13, 11), (9, 11), (15, 13), (14, 11), (9, 10), (16, 13), (14, 10), (9, 9), (17, 13), (14, 9), (9, 8), (18, 13), (15, 9), (13, 9), (9, 7), (19, 13), (15, 8), (16, 9), (12, 9), (10, 7), (8, 7), (19, 12), (20, 13), (15, 7), (16, 10), (11, 9), (11, 7), (7, 7), (19, 11), (21, 13), (16, 7), (14, 7), (16, 11), (11, 8), (11, 6), (6, 7), (20, 11), (18, 11), (22, 13), (17, 7), (13, 7), (17, 11), (11, 5), (5, 7), (21, 11), (23, 13), (12, 5), (5, 8), (5, 6), (21, 10), (23, 12), (13, 5), (5, 9), (5, 5), (21, 9)]",22,0,22
