iteration,expanded_state,parent,action,generated_successors,frontier_before,frontier_after,explored,g,h,f
1,"(34, 16)",,,"[(34, 15) via South, (33, 16) via West]","[(34, 16)]","[(34, 15), (33, 16)]",[],0,0,0
2,"(34, 15)","(34, 16)",South,"[(34, 14) via South]","[(34, 15), (33, 16)]","[(33, 16), (34, 14)]","[(34, 16)]",1,0,1
3,"(33, 16)","(34, 16)",West,"[(32, 16) via West]","[(33, 16), (34, 14)]","[(34, 14), (32, 16)]","[(34, 16), (34, 15)]",1,0,1
4,"(34, 14)","(34, 15)",South,"[(33, 14) via West]","[(34, 14), (32, 16)]","[(32, 16), (33, 14)]","[(34, 16), (34, 15), (33, 16)]",2,0,2
5,"(32, 16)","(33, 16)",West,"[(31, 16) via West]","[(32, 16), (33, 14)]","[(33, 14), (31, 16)]","[(34, 16), (34, 15), (33, 16), (34, 14)]",2,0,2
6,"(33, 14)","(34, 14)",West,"[(32, 14) via West]","[(33, 14), (31, 16)]","[(31, 16), (32, 14)]","[(34, 16), (34, 15), (33, 16), (34, 14), (32, 16)]",3,0,3
7,"(31, 16)","(32, 16)",West,"[(30, 16) via West]","[(31, 16), (32, 14)]","[(32, 14), (30, 16)]","[(34, 16), (34, 15), (33, 16), (34, 14), (32, 16), (33, 14)]",3,0,3
8,"(32, 14)","(33, 14)",West,"[(31, 14) via West]","[(32, 14), (30, 16)]","[(30, 16), (31, 14)]","[(34, 16), (34, 15), (33, 16), (34, 14), (32, 16), (33, 14), (31, 16)]",4,0,4
9,"(30, 16)","(31, 16)",West,"[(29, 16) via West]","[(30, 16), (31, 14)]","[(31, 14), (29, 16)]","[(34, 16), (34, 15), (33, 16), (34, 14), (32, 16), (33, 14), (31, 16), (32, 14)]",4,0,4
10,"(31, 14)","(32, 14)",West,"[(30, 14) via West]","[(31, 14), (29, 16)]","[(29, 16), (30, 14)]","[(34, 16), (34, 15), (33, 16), (34, 14), (32, 16), (33, 14), (31, 16), (32, 14), (30, 16)]",5,0,5
11,"(29, 16)","(30, 16)",West,"[(28, 16) via West]","[(29, 16), (30, 14)]","[(30, 14), (28, 16)]","[(34, 16), (34, 15), (33, 16), (34, 14), (32, 16), (33, 14), (31, 16), (32, 14), (30, 16), (31, 14)]",5,0,5
12,"(30, 14)","(31, 14)",West,"[(30, 13) via South]","[(30, 14), (28, 16)]","[(28, 16), (30, 13)]","[(34, 16), (34, 15), (33, 16), (34, 14), (32, 16), (33, 14), (31, 16), (32, 14), (30, 16), (31, 14), (29, 16)]",6,0,6
13,"(28, 16)","(29, 16)",West,"[(27, 16) via West]","[(28, 16), (30, 13)]","[(30, 13), (27, 16)]","[(34, 16), (34, 15), (33, 16), (34, 14), (32, 16), (33, 14), (31, 16), (32, 14), (30, 16), (31, 14), (29, 16), (30, 14)]",6,0,6
14,"(30, 13)","(30, 14)",South,"[(30, 12) via South]","[(30, 13), (27, 16)]","[(27, 16), (30, 12)]","[(34, 16), (34, 15), (33, 16), (34, 14), (32, 16), (33, 14), (31, 16), (32, 14), (30, 16), (31, 14), (29, 16), (30, 14), (28, 16)]",7,0,7
15,"(27, 16)","(28, 16)",West,"[(26, 16) via West]","[(27, 16), (30, 12)]","[(30, 12), (26, 16)]","[(34, 16), (34, 15), (33, 16), (34, 14), (32, 16), (33, 14), (31, 16), (32, 14), (30, 16), (31, 14), (29, 16), (30, 14), (28, 16), (30, 13)]",7,0,7
16,"(30, 12)","(30, 13)",South,"[(31, 12) via East]","[(30, 12), (26, 16)]","[(26, 16), (31, 12)]","[(34, 16), (34, 15), (33, 16), (34, 14), (32, 16), (33, 14), (31, 16), (32, 14), (30, 16), (31, 14), (29, 16), (30, 14), (28, 16), (30, 13), (27, 16)]",8,0,8
17,"(26, 16)","(27, 16)",West,"[(25, 16) via West]","[(26, 16), (31, 12)]","[(31, 12), (25, 16)]","[(34, 16), (34, 15), (33, 16), (34, 14), (32, 16), (33, 14), (31, 16), (32, 14), (30, 16), (31, 14), (29, 16), (30, 14), (28, 16), (30, 13), (27, 16), (30, 12)]",8,0,8
18,"(31, 12)","(30, 12)",East,"[(32, 12) via East]","[(31, 12), (25, 16)]","[(25, 16), (32, 12)]","[(34, 16), (34, 15), (33, 16), (34, 14), (32, 16), (33, 14), (31, 16), (32, 14), (30, 16), (31, 14), (29, 16), (30, 14), (28, 16), (30, 13), (27, 16), (30, 12), (26, 16)]",9,0,9
19,"(25, 16)","(26, 16)",West,"[(25, 15) via South, (24, 16) via West]","[(25, 16), (32, 12)]","[(32, 12), (25, 15), (24, 16)]","[(34, 16), (34, 15), (33, 16), (34, 14), (32, 16), (33, 14), (31, 16), (32, 14), (30, 16), (31, 14), (29, 16), (30, 14), (28, 16), (30, 13), (27, 16), (30, 12), (26, 16), (31, 12)]",9,0,9
20,"(32, 12)","(31, 12)",East,"[(33, 12) via East]","[(32, 12), (25, 15), (24, 16)]","[(25, 15), (24, 16), (33, 12)]","[(34, 16), (34, 15), (33, 16), (34, 14), (32, 16), (33, 14), (31, 16), (32, 14), (30, 16), (31, 14), (29, 16), (30, 14), (28, 16), (30, 13), (27, 16), (30, 12), (26, 16), (31, 12), (25, 16)]",10,0,10
21,"(25, 15)","(25, 16)",South,"[(25, 14) via South]","[(25, 15), (24, 16), (33, 12)]","[(24, 16), (33, 12), (25, 14)]","[(34, 16), (34, 15), (33, 16), (34, 14), (32, 16), (33, 14), (31, 16), (32, 14), (30, 16), (31, 14), (29, 16), (30, 14), (28, 16), (30, 13), (27, 16), (30, 12), (26, 16), (31, 12), (25, 16), (32, 12)]",10,0,10
22,"(24, 16)","(25, 16)",West,"[(23, 16) via West]","[(24, 16), (33, 12), (25, 14)]","[(33, 12), (25, 14), (23, 16)]","[(34, 16), (34, 15), (33, 16), (34, 14), (32, 16), (33, 14), (31, 16), (32, 14), (30, 16), (31, 14), (29, 16), (30, 14), (28, 16), (30, 13), (27, 16), (30, 12), (26, 16), (31, 12), (25, 16), (32, 12), (25, 15)]",10,0,10
23,"(33, 12)","(32, 12)",East,"[(34, 12) via East]","[(33, 12), (25, 14), (23, 16)]","[(25, 14), (23, 16), (34, 12)]","[(34, 16), (34, 15), (33, 16), (34, 14), (32, 16), (33, 14), (31, 16), (32, 14), (30, 16), (31, 14), (29, 16), (30, 14), (28, 16), (30, 13), (27, 16), (30, 12), (26, 16), (31, 12), (25, 16), (32, 12), (25, 15), (24, 16)]",11,0,11
24,"(25, 14)","(25, 15)",South,"[(26, 14) via East]","[(25, 14), (23, 16), (34, 12)]","[(23, 16), (34, 12), (26, 14)]","[(34, 16), (34, 15), (33, 16), (34, 14), (32, 16), (33, 14), (31, 16), (32, 14), (30, 16), (31, 14), (29, 16), (30, 14), (28, 16), (30, 13), (27, 16), (30, 12), (26, 16), (31, 12), (25, 16), (32, 12), (25, 15), (24, 16), (33, 12)]",11,0,11
25,"(23, 16)","(24, 16)",West,"[(22, 16) via West]","[(23, 16), (34, 12), (26, 14)]","[(34, 12), (26, 14), (22, 16)]","[(34, 16), (34, 15), (33, 16), (34, 14), (32, 16), (33, 14), (31, 16), (32, 14), (30, 16), (31, 14), (29, 16), (30, 14), (28, 16), (30, 13), (27, 16), (30, 12), (26, 16), (31, 12), (25, 16), (32, 12), (25, 15), (24, 16), (33, 12), (25, 14)]",11,0,11
26,"(34, 12)","(33, 12)",East,"[(34, 11) via South]","[(34, 12), (26, 14), (22, 16)]","[(26, 14), (22, 16), (34, 11)]","[(34, 16), (34, 15), (33, 16), (34, 14), (32, 16), (33, 14), (31, 16), (32, 14), (30, 16), (31, 14), (29, 16), (30, 14), (28, 16), (30, 13), (27, 16), (30, 12), (26, 16), (31, 12), (25, 16), (32, 12), (25, 15), (24, 16), (33, 12), (25, 14), (23, 16)]",12,0,12
27,"(26, 14)","(25, 14)",East,"[(27, 14) via East]","[(26, 14), (22, 16), (34, 11)]","[(22, 16), (34, 11), (27, 14)]","[(34, 16), (34, 15), (33, 16), (34, 14), (32, 16), (33, 14), (31, 16), (32, 14), (30, 16), (31, 14), (29, 16), (30, 14), (28, 16), (30, 13), (27, 16), (30, 12), (26, 16), (31, 12), (25, 16), (32, 12), (25, 15), (24, 16), (33, 12), (25, 14), (23, 16), (34, 12)]",12,0,12
28,"(22, 16)","(23, 16)",West,"[(21, 16) via West]","[(22, 16), (34, 11), (27, 14)]","[(34, 11), (27, 14), (21, 16)]","[(34, 16), (34, 15), (33, 16), (34, 14), (32, 16), (33, 14), (31, 16), (32, 14), (30, 16), (31, 14), (29, 16), (30, 14), (28, 16), (30, 13), (27, 16), (30, 12), (26, 16), (31, 12), (25, 16), (32, 12), (25, 15), (24, 16), (33, 12), (25, 14), (23, 16), (34, 12), (26, 14)]",12,0,12
29,"(34, 11)","(34, 12)",South,"[(34, 10) via South]","[(34, 11), (27, 14), (21, 16)]","[(27, 14), (21, 16), (34, 10)]","[(34, 16), (34, 15), (33, 16), (34, 14), (32, 16), (33, 14), (31, 16), (32, 14), (30, 16), (31, 14), (29, 16), (30, 14), (28, 16), (30, 13), (27, 16), (30, 12), (26, 16), (31, 12), (25, 16), (32, 12), (25, 15), (24, 16), (33, 12), (25, 14), (23, 16), (34, 12), (26, 14), (22, 16)]",13,0,13
30,"(27, 14)","(26, 14)",East,"[(27, 13) via South]","[(27, 14), (21, 16), (34, 10)]","[(21, 16), (34, 10), (27, 13)]","[(34, 16), (34, 15), (33, 16), (34, 14), (32, 16), (33, 14), (31, 16), (32, 14), (30, 16), (31, 14), (29, 16), (30, 14), (28, 16), (30, 13), (27, 16), (30, 12), (26, 16), (31, 12), (25, 16), (32, 12), (25, 15), (24, 16), (33, 12), (25, 14), (23, 16), (34, 12), (26, 14), (22, 16), (34, 11)]",13,0,13
31,"(21, 16)","(22, 16)",West,"[(20, 16) via West]","[(21, 16), (34, 10), (27, 13)]","[(34, 10), (27, 13), (20, 16)]","[(34, 16), (34, 15), (33, 16), (34, 14), (32, 16), (33, 14), (31, 16), (32, 14), (30, 16), (31, 14), (29, 16), (30, 14), (28, 16), (30, 13), (27, 16), (30, 12), (26, 16), (31, 12), (25, 16), (32, 12), (25, 15), (24, 16), (33, 12), (25, 14), (23, 16), (34, 12), (26, 14), (22, 16), (34, 11), (27, 14)]",13,0,13
32,"(34, 10)","(34, 11)",South,"[(33, 10) via West]","[(34, 10), (27, 13), (20, 16)]","[(27, 13), (20, 16), (33, 10)]","[(34, 16), (34, 15), (33, 16), (34, 14), (32, 16), (33, 14), (31, 16), (32, 14), (30, 16), (31, 14), (29, 16), (30, 14), (28, 16), (30, 13), (27, 16), (30, 12), (26, 16), (31, 12), (25, 16), (32, 12), (25, 15), (24, 16), (33, 12), (25, 14), (23, 16), (34, 12), (26, 14), (22, 16), (34, 11), (27, 14), (21, 16)]",14,0,14
33,"(27, 13)","(27, 14)",South,"[(27, 12) via South]","[(27, 13), (20, 16), (33, 10)]","[(20, 16), (33, 10), (27, 12)]","[(34, 16), (34, 15), (33, 16), (34, 14), (32, 16), (33, 14), (31, 16), (32, 14), (30, 16), (31, 14), (29, 16), (30, 14), (28, 16), (30, 13), (27, 16), (30, 12), (26, 16), (31, 12), (25, 16), (32, 12), (25, 15), (24, 16), (33, 12), (25, 14), (23, 16), (34, 12), (26, 14), (22, 16), (34, 11), (27, 14), (21, 16), (34, 10)]",14,0,14
34,"(20, 16)","(21, 16)",West,"[(19, 16) via West]","[(20, 16), (33, 10), (27, 12)]","[(33, 10), (27, 12), (19, 16)]","[(34, 16), (34, 15), (33, 16), (34, 14), (32, 16), (33, 14), (31, 16), (32, 14), (30, 16), (31, 14), (29, 16), (30, 14), (28, 16), (30, 13), (27, 16), (30, 12), (26, 16), (31, 12), (25, 16), (32, 12), (25, 15), (24, 16), (33, 12), (25, 14), (23, 16), (34, 12), (26, 14), (22, 16), (34, 11), (27, 14), (21, 16), (34, 10), (27, 13)]",14,0,14
35,"(33, 10)","(34, 10)",West,"[(32, 10) via West]","[(33, 10), (27, 12), (19, 16)]","[(27, 12), (19, 16), (32, 10)]","[(34, 16), (34, 15), (33, 16), (34, 14), (32, 16), (33, 14), (31, 16), (32, 14), (30, 16), (31, 14), (29, 16), (30, 14), (28, 16), (30, 13), (27, 16), (30, 12), (26, 16), (31, 12), (25, 16), (32, 12), (25, 15), (24, 16), (33, 12), (25, 14), (23, 16), (34, 12), (26, 14), (22, 16), (34, 11), (27, 14), (21, 16), (34, 10), (27, 13), (20, 16)]",15,0,15
36,"(27, 12)","(27, 13)",South,"[(27, 11) via South]","[(27, 12), (19, 16), (32, 10)]","[(19, 16), (32, 10), (27, 11)]","[(34, 16), (34, 15), (33, 16), (34, 14), (32, 16), (33, 14), (31, 16), (32, 14), (30, 16), (31, 14), (29, 16), (30, 14), (28, 16), (30, 13), (27, 16), (30, 12), (26, 16), (31, 12), (25, 16), (32, 12), (25, 15), (24, 16), (33, 12), (25, 14), (23, 16), (34, 12), (26, 14), (22, 16), (34, 11), (27, 14), (21, 16), (34, 10), (27, 13), (20, 16), (33, 10)]",15,0,15
37,"(19, 16)","(20, 16)",West,"[(18, 16) via West]","[(19, 16), (32, 10), (27, 11)]","[(32, 10), (27, 11), (18, 16)]","[(34, 16), (34, 15), (33, 16), (34, 14), (32, 16), (33, 14), (31, 16), (32, 14), (30, 16), (31, 14), (29, 16), (30, 14), (28, 16), (30, 13), (27, 16), (30, 12), (26, 16), (31, 12), (25, 16), (32, 12), (25, 15), (24, 16), (33, 12), (25, 14), (23, 16), (34, 12), (26, 14), (22, 16), (34, 11), (27, 14), (21, 16), (34, 10), (27, 13), (20, 16), (33, 10), (27, 12)]",15,0,15
38,"(32, 10)","(33, 10)",West,"[(31, 10) via West]","[(32, 10), (27, 11), (18, 16)]","[(27, 11), (18, 16), (31, 10)]","[(34, 16), (34, 15), (33, 16), (34, 14), (32, 16), (33, 14), (31, 16), (32, 14), (30, 16), (31, 14), (29, 16), (30, 14), (28, 16), (30, 13), (27, 16), (30, 12), (26, 16), (31, 12), (25, 16), (32, 12), (25, 15), (24, 16), (33, 12), (25, 14), (23, 16), (34, 12), (26, 14), (22, 16), (34, 11), (27, 14), (21, 16), (34, 10), (27, 13), (20, 16), (33, 10), (27, 12), (19, 16)]",16,0,16
39,"(27, 11)","(27, 12)",South,"[(26, 11) via West]","[(27, 11), (18, 16), (31, 10)]","[(18, 16), (31, 10), (26, 11)]","[(34, 16), (34, 15), (33, 16), (34, 14), (32, 16), (33, 14), (31, 16), (32, 14), (30, 16), (31, 14), (29, 16), (30, 14), (28, 16), (30, 13), (27, 16), (30, 12), (26, 16), (31, 12), (25, 16), (32, 12), (25, 15), (24, 16), (33, 12), (25, 14), (23, 16), (34, 12), (26, 14), (22, 16), (34, 11), (27, 14), (21, 16), (34, 10), (27, 13), (20, 16), (33, 10), (27, 12), (19, 16), (32, 10)]",16,0,16
40,"(18, 16)","(19, 16)",West,"[(17, 16) via West]","[(18, 16), (31, 10), (26, 11)]","[(31, 10), (26, 11), (17, 16)]","[(34, 16), (34, 15), (33, 16), (34, 14), (32, 16), (33, 14), (31, 16), (32, 14), (30, 16), (31, 14), (29, 16), (30, 14), (28, 16), (30, 13), (27, 16), (30, 12), (26, 16), (31, 12), (25, 16), (32, 12), (25, 15), (24, 16), (33, 12), (25, 14), (23, 16), (34, 12), (26, 14), (22, 16), (34, 11), (27, 14), (21, 16), (34, 10), (27, 13), (20, 16), (33, 10), (27, 12), (19, 16), (32, 10), (27, 11)]",16,0,16
41,"(31, 10)","(32, 10)",West,"[(30, 10) via West]","[(31, 10), (26, 11), (17, 16)]","[(26, 11), (17, 16), (30, 10)]","[(34, 16), (34, 15), (33, 16), (34, 14), (32, 16), (33, 14), (31, 16), (32, 14), (30, 16), (31, 14), (29, 16), (30, 14), (28, 16), (30, 13), (27, 16), (30, 12), (26, 16), (31, 12), (25, 16), (32, 12), (25, 15), (24, 16), (33, 12), (25, 14), (23, 16), (34, 12), (26, 14), (22, 16), (34, 11), (27, 14), (21, 16), (34, 10), (27, 13), (20, 16), (33, 10), (27, 12), (19, 16), (32, 10), (27, 11), (18, 16)]",17,0,17
42,"(26, 11)","(27, 11)",West,"[(25, 11) via West]","[(26, 11), (17, 16), (30, 10)]","[(17, 16), (30, 10), (25, 11)]","[(34, 16), (34, 15), (33, 16), (34, 14), (32, 16), (33, 14), (31, 16), (32, 14), (30, 16), (31, 14), (29, 16), (30, 14), (28, 16), (30, 13), (27, 16), (30, 12), (26, 16), (31, 12), (25, 16), (32, 12), (25, 15), (24, 16), (33, 12), (25, 14), (23, 16), (34, 12), (26, 14), (22, 16), (34, 11), (27, 14), (21, 16), (34, 10), (27, 13), (20, 16), (33, 10), (27, 12), (19, 16), (32, 10), (27, 11), (18, 16), (31, 10)]",17,0,17
43,"(17, 16)","(18, 16)",West,"[(16, 16) via West]","[(17, 16), (30, 10), (25, 11)]","[(30, 10), (25, 11), (16, 16)]","[(34, 16), (34, 15), (33, 16), (34, 14), (32, 16), (33, 14), (31, 16), (32, 14), (30, 16), (31, 14), (29, 16), (30, 14), (28, 16), (30, 13), (27, 16), (30, 12), (26, 16), (31, 12), (25, 16), (32, 12), (25, 15), (24, 16), (33, 12), (25, 14), (23, 16), (34, 12), (26, 14), (22, 16), (34, 11), (27, 14), (21, 16), (34, 10), (27, 13), (20, 16), (33, 10), (27, 12), (19, 16), (32, 10), (27, 11), (18, 16), (31, 10), (26, 11)]",17,0,17
44,"(30, 10)","(31, 10)",West,"[(30, 9) via South, (29, 10) via West]","[(30, 10), (25, 11), (16, 16)]","[(25, 11), (16, 16), (30, 9), (29, 10)]","[(34, 16), (34, 15), (33, 16), (34, 14), (32, 16), (33, 14), (31, 16), (32, 14), (30, 16), (31, 14), (29, 16), (30, 14), (28, 16), (30, 13), (27, 16), (30, 12), (26, 16), (31, 12), (25, 16), (32, 12), (25, 15), (24, 16), (33, 12), (25, 14), (23, 16), (34, 12), (26, 14), (22, 16), (34, 11), (27, 14), (21, 16), (34, 10), (27, 13), (20, 16), (33, 10), (27, 12), (19, 16), (32, 10), (27, 11), (18, 16), (31, 10), (26, 11), (17, 16)]",18,0,18
45,"(25, 11)","(26, 11)",West,"[(24, 11) via West]","[(25, 11), (16, 16), (30, 9), (29, 10)]","[(16, 16), (30, 9), (29, 10), (24, 11)]","[(34, 16), (34, 15), (33, 16), (34, 14), (32, 16), (33, 14), (31, 16), (32, 14), (30, 16), (31, 14), (29, 16), (30, 14), (28, 16), (30, 13), (27, 16), (30, 12), (26, 16), (31, 12), (25, 16), (32, 12), (25, 15), (24, 16), (33, 12), (25, 14), (23, 16), (34, 12), (26, 14), (22, 16), (34, 11), (27, 14), (21, 16), (34, 10), (27, 13), (20, 16), (33, 10), (27, 12), (19, 16), (32, 10), (27, 11), (18, 16), (31, 10), (26, 11), (17, 16), (30, 10)]",18,0,18
46,"(16, 16)","(17, 16)",West,"[(15, 16) via West]","[(16, 16), (30, 9), (29, 10), (24, 11)]","[(30, 9), (29, 10), (24, 11), (15, 16)]","[(34, 16), (34, 15), (33, 16), (34, 14), (32, 16), (33, 14), (31, 16), (32, 14), (30, 16), (31, 14), (29, 16), (30, 14), (28, 16), (30, 13), (27, 16), (30, 12), (26, 16), (31, 12), (25, 16), (32, 12), (25, 15), (24, 16), (33, 12), (25, 14), (23, 16), (34, 12), (26, 14), (22, 16), (34, 11), (27, 14), (21, 16), (34, 10), (27, 13), (20, 16), (33, 10), (27, 12), (19, 16), (32, 10), (27, 11), (18, 16), (31, 10), (26, 11), (17, 16), (30, 10), (25, 11)]",18,0,18
47,"(30, 9)","(30, 10)",South,"[(30, 8) via South]","[(30, 9), (29, 10), (24, 11), (15, 16)]","[(29, 10), (24, 11), (15, 16), (30, 8)]","[(34, 16), (34, 15), (33, 16), (34, 14), (32, 16), (33, 14), (31, 16), (32, 14), (30, 16), (31, 14), (29, 16), (30, 14), (28, 16), (30, 13), (27, 16), (30, 12), (26, 16), (31, 12), (25, 16), (32, 12), (25, 15), (24, 16), (33, 12), (25, 14), (23, 16), (34, 12), (26, 14), (22, 16), (34, 11), (27, 14), (21, 16), (34, 10), (27, 13), (20, 16), (33, 10), (27, 12), (19, 16), (32, 10), (27, 11), (18, 16), (31, 10), (26, 11), (17, 16), (30, 10), (25, 11), (16, 16)]",19,0,19
48,"(29, 10)","(30, 10)",West,[],"[(29, 10), (24, 11), (15, 16), (30, 8)]","[(24, 11), (15, 16), (30, 8)]","[(34, 16), (34, 15), (33, 16), (34, 14), (32, 16), (33, 14), (31, 16), (32, 14), (30, 16), (31, 14), (29, 16), (30, 14), (28, 16), (30, 13), (27, 16), (30, 12), (26, 16), (31, 12), (25, 16), (32, 12), (25, 15), (24, 16), (33, 12), (25, 14), (23, 16), (34, 12), (26, 14), (22, 16), (34, 11), (27, 14), (21, 16), (34, 10), (27, 13), (20, 16), (33, 10), (27, 12), (19, 16), (32, 10), (27, 11), (18, 16), (31, 10), (26, 11), (17, 16), (30, 10), (25, 11), (16, 16), (30, 9)]",19,0,19
49,"(24, 11)","(25, 11)",West,"[(24, 12) via North]","[(24, 11), (15, 16), (30, 8)]","[(15, 16), (30, 8), (24, 12)]","[(34, 16), (34, 15), (33, 16), (34, 14), (32, 16), (33, 14), (31, 16), (32, 14), (30, 16), (31, 14), (29, 16), (30, 14), (28, 16), (30, 13), (27, 16), (30, 12), (26, 16), (31, 12), (25, 16), (32, 12), (25, 15), (24, 16), (33, 12), (25, 14), (23, 16), (34, 12), (26, 14), (22, 16), (34, 11), (27, 14), (21, 16), (34, 10), (27, 13), (20, 16), (33, 10), (27, 12), (19, 16), (32, 10), (27, 11), (18, 16), (31, 10), (26, 11), (17, 16), (30, 10), (25, 11), (16, 16), (30, 9), (29, 10)]",19,0,19
50,"(15, 16)","(16, 16)",West,"[(14, 16) via West]","[(15, 16), (30, 8), (24, 12)]","[(30, 8), (24, 12), (14, 16)]","[(34, 16), (34, 15), (33, 16), (34, 14), (32, 16), (33, 14), (31, 16), (32, 14), (30, 16), (31, 14), (29, 16), (30, 14), (28, 16), (30, 13), (27, 16), (30, 12), (26, 16), (31, 12), (25, 16), (32, 12), (25, 15), (24, 16), (33, 12), (25, 14), (23, 16), (34, 12), (26, 14), (22, 16), (34, 11), (27, 14), (21, 16), (34, 10), (27, 13), (20, 16), (33, 10), (27, 12), (19, 16), (32, 10), (27, 11), (18, 16), (31, 10), (26, 11), (17, 16), (30, 10), (25, 11), (16, 16), (30, 9), (29, 10), (24, 11)]",19,0,19
51,"(30, 8)","(30, 9)",South,"[(31, 8) via East]","[(30, 8), (24, 12), (14, 16)]","[(24, 12), (14, 16), (31, 8)]","[(34, 16), (34, 15), (33, 16), (34, 14), (32, 16), (33, 14), (31, 16), (32, 14), (30, 16), (31, 14), (29, 16), (30, 14), (28, 16), (30, 13), (27, 16), (30, 12), (26, 16), (31, 12), (25, 16), (32, 12), (25, 15), (24, 16), (33, 12), (25, 14), (23, 16), (34, 12), (26, 14), (22, 16), (34, 11), (27, 14), (21, 16), (34, 10), (27, 13), (20, 16), (33, 10), (27, 12), (19, 16), (32, 10), (27, 11), (18, 16), (31, 10), (26, 11), (17, 16), (30, 10), (25, 11), (16, 16), (30, 9), (29, 10), (24, 11), (15, 16)]",20,0,20
52,"(24, 12)","(24, 11)",North,"[(23, 12) via West]","[(24, 12), (14, 16), (31, 8)]","[(14, 16), (31, 8), (23, 12)]","[(34, 16), (34, 15), (33, 16), (34, 14), (32, 16), (33, 14), (31, 16), (32, 14), (30, 16), (31, 14), (29, 16), (30, 14), (28, 16), (30, 13), (27, 16), (30, 12), (26, 16), (31, 12), (25, 16), (32, 12), (25, 15), (24, 16), (33, 12), (25, 14), (23, 16), (34, 12), (26, 14), (22, 16), (34, 11), (27, 14), (21, 16), (34, 10), (27, 13), (20, 16), (33, 10), (27, 12), (19, 16), (32, 10), (27, 11), (18, 16), (31, 10), (26, 11), (17, 16), (30, 10), (25, 11), (16, 16), (30, 9), (29, 10), (24, 11), (15, 16), (30, 8)]",20,0,20
53,"(14, 16)","(15, 16)",West,"[(13, 16) via West]","[(14, 16), (31, 8), (23, 12)]","[(31, 8), (23, 12), (13, 16)]","[(34, 16), (34, 15), (33, 16), (34, 14), (32, 16), (33, 14), (31, 16), (32, 14), (30, 16), (31, 14), (29, 16), (30, 14), (28, 16), (30, 13), (27, 16), (30, 12), (26, 16), (31, 12), (25, 16), (32, 12), (25, 15), (24, 16), (33, 12), (25, 14), (23, 16), (34, 12), (26, 14), (22, 16), (34, 11), (27, 14), (21, 16), (34, 10), (27, 13), (20, 16), (33, 10), (27, 12), (19, 16), (32, 10), (27, 11), (18, 16), (31, 10), (26, 11), (17, 16), (30, 10), (25, 11), (16, 16), (30, 9), (29, 10), (24, 11), (15, 16), (30, 8), (24, 12)]",20,0,20
54,"(31, 8)","(30, 8)",East,"[(32, 8) via East]","[(31, 8), (23, 12), (13, 16)]","[(23, 12), (13, 16), (32, 8)]","[(34, 16), (34, 15), (33, 16), (34, 14), (32, 16), (33, 14), (31, 16), (32, 14), (30, 16), (31, 14), (29, 16), (30, 14), (28, 16), (30, 13), (27, 16), (30, 12), (26, 16), (31, 12), (25, 16), (32, 12), (25, 15), (24, 16), (33, 12), (25, 14), (23, 16), (34, 12), (26, 14), (22, 16), (34, 11), (27, 14), (21, 16), (34, 10), (27, 13), (20, 16), (33, 10), (27, 12), (19, 16), (32, 10), (27, 11), (18, 16), (31, 10), (26, 11), (17, 16), (30, 10), (25, 11), (16, 16), (30, 9), (29, 10), (24, 11), (15, 16), (30, 8), (24, 12), (14, 16)]",21,0,21
55,"(23, 12)","(24, 12)",West,"[(22, 12) via West]","[(23, 12), (13, 16), (32, 8)]","[(13, 16), (32, 8), (22, 12)]","[(34, 16), (34, 15), (33, 16), (34, 14), (32, 16), (33, 14), (31, 16), (32, 14), (30, 16), (31, 14), (29, 16), (30, 14), (28, 16), (30, 13), (27, 16), (30, 12), (26, 16), (31, 12), (25, 16), (32, 12), (25, 15), (24, 16), (33, 12), (25, 14), (23, 16), (34, 12), (26, 14), (22, 16), (34, 11), (27, 14), (21, 16), (34, 10), (27, 13), (20, 16), (33, 10), (27, 12), (19, 16), (32, 10), (27, 11), (18, 16), (31, 10), (26, 11), (17, 16), (30, 10), (25, 11), (16, 16), (30, 9), (29, 10), (24, 11), (15, 16), (30, 8), (24, 12), (14, 16), (31, 8)]",21,0,21
56,"(13, 16)","(14, 16)",West,"[(12, 16) via West]","[(13, 16), (32, 8), (22, 12)]","[(32, 8), (22, 12), (12, 16)]","[(34, 16), (34, 15), (33, 16), (34, 14), (32, 16), (33, 14), (31, 16), (32, 14), (30, 16), (31, 14), (29, 16), (30, 14), (28, 16), (30, 13), (27, 16), (30, 12), (26, 16), (31, 12), (25, 16), (32, 12), (25, 15), (24, 16), (33, 12), (25, 14), (23, 16), (34, 12), (26, 14), (22, 16), (34, 11), (27, 14), (21, 16), (34, 10), (27, 13), (20, 16), (33, 10), (27, 12), (19, 16), (32, 10), (27, 11), (18, 16), (31, 10), (26, 11), (17, 16), (30, 10), (25, 11), (16, 16), (30, 9), (29, 10), (24, 11), (15, 16), (30, 8), (24, 12), (14, 16), (31, 8), (23, 12)]",21,0,21
57,"(32, 8)","(31, 8)",East,"[(33, 8) via East]","[(32, 8), (22, 12), (12, 16)]","[(22, 12), (12, 16), (33, 8)]","[(34, 16), (34, 15), (33, 16), (34, 14), (32, 16), (33, 14), (31, 16), (32, 14), (30, 16), (31, 14), (29, 16), (30, 14), (28, 16), (30, 13), (27, 16), (30, 12), (26, 16), (31, 12), (25, 16), (32, 12), (25, 15), (24, 16), (33, 12), (25, 14), (23, 16), (34, 12), (26, 14), (22, 16), (34, 11), (27, 14), (21, 16), (34, 10), (27, 13), (20, 16), (33, 10), (27, 12), (19, 16), (32, 10), (27, 11), (18, 16), (31, 10), (26, 11), (17, 16), (30, 10), (25, 11), (16, 16), (30, 9), (29, 10), (24, 11), (15, 16), (30, 8), (24, 12), (14, 16), (31, 8), (23, 12), (13, 16)]",22,0,22
58,"(22, 12)","(23, 12)",West,"[(21, 12) via West]","[(22, 12), (12, 16), (33, 8)]","[(12, 16), (33, 8), (21, 12)]","[(34, 16), (34, 15), (33, 16), (34, 14), (32, 16), (33, 14), (31, 16), (32, 14), (30, 16), (31, 14), (29, 16), (30, 14), (28, 16), (30, 13), (27, 16), (30, 12), (26, 16), (31, 12), (25, 16), (32, 12), (25, 15), (24, 16), (33, 12), (25, 14), (23, 16), (34, 12), (26, 14), (22, 16), (34, 11), (27, 14), (21, 16), (34, 10), (27, 13), (20, 16), (33, 10), (27, 12), (19, 16), (32, 10), (27, 11), (18, 16), (31, 10), (26, 11), (17, 16), (30, 10), (25, 11), (16, 16), (30, 9), (29, 10), (24, 11), (15, 16), (30, 8), (24, 12), (14, 16), (31, 8), (23, 12), (13, 16), (32, 8)]",22,0,22
59,"(12, 16)","(13, 16)",West,"[(11, 16) via West]","[(12, 16), (33, 8), (21, 12)]","[(33, 8), (21, 12), (11, 16)]","[(34, 16), (34, 15), (33, 16), (34, 14), (32, 16), (33, 14), (31, 16), (32, 14), (30, 16), (31, 14), (29, 16), (30, 14), (28, 16), (30, 13), (27, 16), (30, 12), (26, 16), (31, 12), (25, 16), (32, 12), (25, 15), (24, 16), (33, 12), (25, 14), (23, 16), (34, 12), (26, 14), (22, 16), (34, 11), (27, 14), (21, 16), (34, 10), (27, 13), (20, 16), (33, 10), (27, 12), (19, 16), (32, 10), (27, 11), (18, 16), (31, 10), (26, 11), (17, 16), (30, 10), (25, 11), (16, 16), (30, 9), (29, 10), (24, 11), (15, 16), (30, 8), (24, 12), (14, 16), (31, 8), (23, 12), (13, 16), (32, 8), (22, 12)]",22,0,22
60,"(33, 8)","(32, 8)",East,"[(34, 8) via East]","[(33, 8), (21, 12), (11, 16)]","[(21, 12), (11, 16), (34, 8)]","[(34, 16), (34, 15), (33, 16), (34, 14), (32, 16), (33, 14), (31, 16), (32, 14), (30, 16), (31, 14), (29, 16), (30, 14), (28, 16), (30, 13), (27, 16), (30, 12), (26, 16), (31, 12), (25, 16), (32, 12), (25, 15), (24, 16), (33, 12), (25, 14), (23, 16), (34, 12), (26, 14), (22, 16), (34, 11), (27, 14), (21, 16), (34, 10), (27, 13), (20, 16), (33, 10), (27, 12), (19, 16), (32, 10), (27, 11), (18, 16), (31, 10), (26, 11), (17, 16), (30, 10), (25, 11), (16, 16), (30, 9), (29, 10), (24, 11), (15, 16), (30, 8), (24, 12), (14, 16), (31, 8), (23, 12), (13, 16), (32, 8), (22, 12), (12, 16)]",23,0,23
61,"(21, 12)","(22, 12)",West,"[(20, 12) via West]","[(21, 12), (11, 16), (34, 8)]","[(11, 16), (34, 8), (20, 12)]","[(34, 16), (34, 15), (33, 16), (34, 14), (32, 16), (33, 14), (31, 16), (32, 14), (30, 16), (31, 14), (29, 16), (30, 14), (28, 16), (30, 13), (27, 16), (30, 12), (26, 16), (31, 12), (25, 16), (32, 12), (25, 15), (24, 16), (33, 12), (25, 14), (23, 16), (34, 12), (26, 14), (22, 16), (34, 11), (27, 14), (21, 16), (34, 10), (27, 13), (20, 16), (33, 10), (27, 12), (19, 16), (32, 10), (27, 11), (18, 16), (31, 10), (26, 11), (17, 16), (30, 10), (25, 11), (16, 16), (30, 9), (29, 10), (24, 11), (15, 16), (30, 8), (24, 12), (14, 16), (31, 8), (23, 12), (13, 16), (32, 8), (22, 12), (12, 16), (33, 8)]",23,0,23
62,"(11, 16)","(12, 16)",West,"[(10, 16) via West]","[(11, 16), (34, 8), (20, 12)]","[(34, 8), (20, 12), (10, 16)]","[(34, 16), (34, 15), (33, 16), (34, 14), (32, 16), (33, 14), (31, 16), (32, 14), (30, 16), (31, 14), (29, 16), (30, 14), (28, 16), (30, 13), (27, 16), (30, 12), (26, 16), (31, 12), (25, 16), (32, 12), (25, 15), (24, 16), (33, 12), (25, 14), (23, 16), (34, 12), (26, 14), (22, 16), (34, 11), (27, 14), (21, 16), (34, 10), (27, 13), (20, 16), (33, 10), (27, 12), (19, 16), (32, 10), (27, 11), (18, 16), (31, 10), (26, 11), (17, 16), (30, 10), (25, 11), (16, 16), (30, 9), (29, 10), (24, 11), (15, 16), (30, 8), (24, 12), (14, 16), (31, 8), (23, 12), (13, 16), (32, 8), (22, 12), (12, 16), (33, 8), (21, 12)]",23,0,23
63,"(34, 8)","(33, 8)",East,"[(34, 7) via South]","[(34, 8), (20, 12), (10, 16)]","[(20, 12), (10, 16), (34, 7)]","[(34, 16), (34, 15), (33, 16), (34, 14), (32, 16), (33, 14), (31, 16), (32, 14), (30, 16), (31, 14), (29, 16), (30, 14), (28, 16), (30, 13), (27, 16), (30, 12), (26, 16), (31, 12), (25, 16), (32, 12), (25, 15), (24, 16), (33, 12), (25, 14), (23, 16), (34, 12), (26, 14), (22, 16), (34, 11), (27, 14), (21, 16), (34, 10), (27, 13), (20, 16), (33, 10), (27, 12), (19, 16), (32, 10), (27, 11), (18, 16), (31, 10), (26, 11), (17, 16), (30, 10), (25, 11), (16, 16), (30, 9), (29, 10), (24, 11), (15, 16), (30, 8), (24, 12), (14, 16), (31, 8), (23, 12), (13, 16), (32, 8), (22, 12), (12, 16), (33, 8), (21, 12), (11, 16)]",24,0,24
64,"(20, 12)","(21, 12)",West,"[(20, 11) via South, (19, 12) via West]","[(20, 12), (10, 16), (34, 7)]","[(10, 16), (34, 7), (20, 11), (19, 12)]","[(34, 16), (34, 15), (33, 16), (34, 14), (32, 16), (33, 14), (31, 16), (32, 14), (30, 16), (31, 14), (29, 16), (30, 14), (28, 16), (30, 13), (27, 16), (30, 12), (26, 16), (31, 12), (25, 16), (32, 12), (25, 15), (24, 16), (33, 12), (25, 14), (23, 16), (34, 12), (26, 14), (22, 16), (34, 11), (27, 14), (21, 16), (34, 10), (27, 13), (20, 16), (33, 10), (27, 12), (19, 16), (32, 10), (27, 11), (18, 16), (31, 10), (26, 11), (17, 16), (30, 10), (25, 11), (16, 16), (30, 9), (29, 10), (24, 11), (15, 16), (30, 8), (24, 12), (14, 16), (31, 8), (23, 12), (13, 16), (32, 8), (22, 12), (12, 16), (33, 8), (21, 12), (11, 16), (34, 8)]",24,0,24
65,"(10, 16)","(11, 16)",West,"[(9, 16) via West]","[(10, 16), (34, 7), (20, 11), (19, 12)]","[(34, 7), (20, 11), (19, 12), (9, 16)]","[(34, 16), (34, 15), (33, 16), (34, 14), (32, 16), (33, 14), (31, 16), (32, 14), (30, 16), (31, 14), (29, 16), (30, 14), (28, 16), (30, 13), (27, 16), (30, 12), (26, 16), (31, 12), (25, 16), (32, 12), (25, 15), (24, 16), (33, 12), (25, 14), (23, 16), (34, 12), (26, 14), (22, 16), (34, 11), (27, 14), (21, 16), (34, 10), (27, 13), (20, 16), (33, 10), (27, 12), (19, 16), (32, 10), (27, 11), (18, 16), (31, 10), (26, 11), (17, 16), (30, 10), (25, 11), (16, 16), (30, 9), (29, 10), (24, 11), (15, 16), (30, 8), (24, 12), (14, 16), (31, 8), (23, 12), (13, 16), (32, 8), (22, 12), (12, 16), (33, 8), (21, 12), (11, 16), (34, 8), (20, 12)]",24,0,24
66,"(34, 7)","(34, 8)",South,"[(34, 6) via South]","[(34, 7), (20, 11), (19, 12), (9, 16)]","[(20, 11), (19, 12), (9, 16), (34, 6)]","[(34, 16), (34, 15), (33, 16), (34, 14), (32, 16), (33, 14), (31, 16), (32, 14), (30, 16), (31, 14), (29, 16), (30, 14), (28, 16), (30, 13), (27, 16), (30, 12), (26, 16), (31, 12), (25, 16), (32, 12), (25, 15), (24, 16), (33, 12), (25, 14), (23, 16), (34, 12), (26, 14), (22, 16), (34, 11), (27, 14), (21, 16), (34, 10), (27, 13), (20, 16), (33, 10), (27, 12), (19, 16), (32, 10), (27, 11), (18, 16), (31, 10), (26, 11), (17, 16), (30, 10), (25, 11), (16, 16), (30, 9), (29, 10), (24, 11), (15, 16), (30, 8), (24, 12), (14, 16), (31, 8), (23, 12), (13, 16), (32, 8), (22, 12), (12, 16), (33, 8), (21, 12), (11, 16), (34, 8), (20, 12), (10, 16)]",25,0,25
67,"(20, 11)","(20, 12)",South,"[(20, 10) via South, (19, 11) via West]","[(20, 11), (19, 12), (9, 16), (34, 6)]","[(19, 12), (9, 16), (34, 6), (20, 10), (19, 11)]","[(34, 16), (34, 15), (33, 16), (34, 14), (32, 16), (33, 14), (31, 16), (32, 14), (30, 16), (31, 14), (29, 16), (30, 14), (28, 16), (30, 13), (27, 16), (30, 12), (26, 16), (31, 12), (25, 16), (32, 12), (25, 15), (24, 16), (33, 12), (25, 14), (23, 16), (34, 12), (26, 14), (22, 16), (34, 11), (27, 14), (21, 16), (34, 10), (27, 13), (20, 16), (33, 10), (27, 12), (19, 16), (32, 10), (27, 11), (18, 16), (31, 10), (26, 11), (17, 16), (30, 10), (25, 11), (16, 16), (30, 9), (29, 10), (24, 11), (15, 16), (30, 8), (24, 12), (14, 16), (31, 8), (23, 12), (13, 16), (32, 8), (22, 12), (12, 16), (33, 8), (21, 12), (11, 16), (34, 8), (20, 12), (10, 16), (34, 7)]",25,0,25
68,"(19, 12)","(20, 12)",West,"[(18, 12) via West]","[(19, 12), (9, 16), (34, 6), (20, 10), (19, 11)]","[(9, 16), (34, 6), (20, 10), (19, 11), (18, 12)]","[(34, 16), (34, 15), (33, 16), (34, 14), (32, 16), (33, 14), (31, 16), (32, 14), (30, 16), (31, 14), (29, 16), (30, 14), (28, 16), (30, 13), (27, 16), (30, 12), (26, 16), (31, 12), (25, 16), (32, 12), (25, 15), (24, 16), (33, 12), (25, 14), (23, 16), (34, 12), (26, 14), (22, 16), (34, 11), (27, 14), (21, 16), (34, 10), (27, 13), (20, 16), (33, 10), (27, 12), (19, 16), (32, 10), (27, 11), (18, 16), (31, 10), (26, 11), (17, 16), (30, 10), (25, 11), (16, 16), (30, 9), (29, 10), (24, 11), (15, 16), (30, 8), (24, 12), (14, 16), (31, 8), (23, 12), (13, 16), (32, 8), (22, 12), (12, 16), (33, 8), (21, 12), (11, 16), (34, 8), (20, 12), (10, 16), (34, 7), (20, 11)]",25,0,25
69,"(9, 16)","(10, 16)",West,"[(8, 16) via West]","[(9, 16), (34, 6), (20, 10), (19, 11), (18, 12)]","[(34, 6), (20, 10), (19, 11), (18, 12), (8, 16)]","[(34, 16), (34, 15), (33, 16), (34, 14), (32, 16), (33, 14), (31, 16), (32, 14), (30, 16), (31, 14), (29, 16), (30, 14), (28, 16), (30, 13), (27, 16), (30, 12), (26, 16), (31, 12), (25, 16), (32, 12), (25, 15), (24, 16), (33, 12), (25, 14), (23, 16), (34, 12), (26, 14), (22, 16), (34, 11), (27, 14), (21, 16), (34, 10), (27, 13), (20, 16), (33, 10), (27, 12), (19, 16), (32, 10), (27, 11), (18, 16), (31, 10), (26, 11), (17, 16), (30, 10), (25, 11), (16, 16), (30, 9), (29, 10), (24, 11), (15, 16), (30, 8), (24, 12), (14, 16), (31, 8), (23, 12), (13, 16), (32, 8), (22, 12), (12, 16), (33, 8), (21, 12), (11, 16), (34, 8), (20, 12), (10, 16), (34, 7), (20, 11), (19, 12)]",25,0,25
70,"(34, 6)","(34, 7)",South,"[(33, 6) via West]","[(34, 6), (20, 10), (19, 11), (18, 12), (8, 16)]","[(20, 10), (19, 11), (18, 12), (8, 16), (33, 6)]","[(34, 16), (34, 15), (33, 16), (34, 14), (32, 16), (33, 14), (31, 16), (32, 14), (30, 16), (31, 14), (29, 16), (30, 14), (28, 16), (30, 13), (27, 16), (30, 12), (26, 16), (31, 12), (25, 16), (32, 12), (25, 15), (24, 16), (33, 12), (25, 14), (23, 16), (34, 12), (26, 14), (22, 16), (34, 11), (27, 14), (21, 16), (34, 10), (27, 13), (20, 16), (33, 10), (27, 12), (19, 16), (32, 10), (27, 11), (18, 16), (31, 10), (26, 11), (17, 16), (30, 10), (25, 11), (16, 16), (30, 9), (29, 10), (24, 11), (15, 16), (30, 8), (24, 12), (14, 16), (31, 8), (23, 12), (13, 16), (32, 8), (22, 12), (12, 16), (33, 8), (21, 12), (11, 16), (34, 8), (20, 12), (10, 16), (34, 7), (20, 11), (19, 12), (9, 16)]",26,0,26
71,"(20, 10)","(20, 11)",South,"[(20, 9) via South]","[(20, 10), (19, 11), (18, 12), (8, 16), (33, 6)]","[(19, 11), (18, 12), (8, 16), (33, 6), (20, 9)]","[(34, 16), (34, 15), (33, 16), (34, 14), (32, 16), (33, 14), (31, 16), (32, 14), (30, 16), (31, 14), (29, 16), (30, 14), (28, 16), (30, 13), (27, 16), (30, 12), (26, 16), (31, 12), (25, 16), (32, 12), (25, 15), (24, 16), (33, 12), (25, 14), (23, 16), (34, 12), (26, 14), (22, 16), (34, 11), (27, 14), (21, 16), (34, 10), (27, 13), (20, 16), (33, 10), (27, 12), (19, 16), (32, 10), (27, 11), (18, 16), (31, 10), (26, 11), (17, 16), (30, 10), (25, 11), (16, 16), (30, 9), (29, 10), (24, 11), (15, 16), (30, 8), (24, 12), (14, 16), (31, 8), (23, 12), (13, 16), (32, 8), (22, 12), (12, 16), (33, 8), (21, 12), (11, 16), (34, 8), (20, 12), (10, 16), (34, 7), (20, 11), (19, 12), (9, 16), (34, 6)]",26,0,26
72,"(19, 11)","(20, 11)",West,[],"[(19, 11), (18, 12), (8, 16), (33, 6), (20, 9)]","[(18, 12), (8, 16), (33, 6), (20, 9)]","[(34, 16), (34, 15), (33, 16), (34, 14), (32, 16), (33, 14), (31, 16), (32, 14), (30, 16), (31, 14), (29, 16), (30, 14), (28, 16), (30, 13), (27, 16), (30, 12), (26, 16), (31, 12), (25, 16), (32, 12), (25, 15), (24, 16), (33, 12), (25, 14), (23, 16), (34, 12), (26, 14), (22, 16), (34, 11), (27, 14), (21, 16), (34, 10), (27, 13), (20, 16), (33, 10), (27, 12), (19, 16), (32, 10), (27, 11), (18, 16), (31, 10), (26, 11), (17, 16), (30, 10), (25, 11), (16, 16), (30, 9), (29, 10), (24, 11), (15, 16), (30, 8), (24, 12), (14, 16), (31, 8), (23, 12), (13, 16), (32, 8), (22, 12), (12, 16), (33, 8), (21, 12), (11, 16), (34, 8), (20, 12), (10, 16), (34, 7), (20, 11), (19, 12), (9, 16), (34, 6), (20, 10)]",26,0,26
73,"(18, 12)","(19, 12)",West,"[(17, 12) via West]","[(18, 12), (8, 16), (33, 6), (20, 9)]","[(8, 16), (33, 6), (20, 9), (17, 12)]","[(34, 16), (34, 15), (33, 16), (34, 14), (32, 16), (33, 14), (31, 16), (32, 14), (30, 16), (31, 14), (29, 16), (30, 14), (28, 16), (30, 13), (27, 16), (30, 12), (26, 16), (31, 12), (25, 16), (32, 12), (25, 15), (24, 16), (33, 12), (25, 14), (23, 16), (34, 12), (26, 14), (22, 16), (34, 11), (27, 14), (21, 16), (34, 10), (27, 13), (20, 16), (33, 10), (27, 12), (19, 16), (32, 10), (27, 11), (18, 16), (31, 10), (26, 11), (17, 16), (30, 10), (25, 11), (16, 16), (30, 9), (29, 10), (24, 11), (15, 16), (30, 8), (24, 12), (14, 16), (31, 8), (23, 12), (13, 16), (32, 8), (22, 12), (12, 16), (33, 8), (21, 12), (11, 16), (34, 8), (20, 12), (10, 16), (34, 7), (20, 11), (19, 12), (9, 16), (34, 6), (20, 10), (19, 11)]",26,0,26
74,"(8, 16)","(9, 16)",West,"[(7, 16) via West]","[(8, 16), (33, 6), (20, 9), (17, 12)]","[(33, 6), (20, 9), (17, 12), (7, 16)]","[(34, 16), (34, 15), (33, 16), (34, 14), (32, 16), (33, 14), (31, 16), (32, 14), (30, 16), (31, 14), (29, 16), (30, 14), (28, 16), (30, 13), (27, 16), (30, 12), (26, 16), (31, 12), (25, 16), (32, 12), (25, 15), (24, 16), (33, 12), (25, 14), (23, 16), (34, 12), (26, 14), (22, 16), (34, 11), (27, 14), (21, 16), (34, 10), (27, 13), (20, 16), (33, 10), (27, 12), (19, 16), (32, 10), (27, 11), (18, 16), (31, 10), (26, 11), (17, 16), (30, 10), (25, 11), (16, 16), (30, 9), (29, 10), (24, 11), (15, 16), (30, 8), (24, 12), (14, 16), (31, 8), (23, 12), (13, 16), (32, 8), (22, 12), (12, 16), (33, 8), (21, 12), (11, 16), (34, 8), (20, 12), (10, 16), (34, 7), (20, 11), (19, 12), (9, 16), (34, 6), (20, 10), (19, 11), (18, 12)]",26,0,26
75,"(33, 6)","(34, 6)",West,"[(32, 6) via West]","[(33, 6), (20, 9), (17, 12), (7, 16)]","[(20, 9), (17, 12), (7, 16), (32, 6)]","[(34, 16), (34, 15), (33, 16), (34, 14), (32, 16), (33, 14), (31, 16), (32, 14), (30, 16), (31, 14), (29, 16), (30, 14), (28, 16), (30, 13), (27, 16), (30, 12), (26, 16), (31, 12), (25, 16), (32, 12), (25, 15), (24, 16), (33, 12), (25, 14), (23, 16), (34, 12), (26, 14), (22, 16), (34, 11), (27, 14), (21, 16), (34, 10), (27, 13), (20, 16), (33, 10), (27, 12), (19, 16), (32, 10), (27, 11), (18, 16), (31, 10), (26, 11), (17, 16), (30, 10), (25, 11), (16, 16), (30, 9), (29, 10), (24, 11), (15, 16), (30, 8), (24, 12), (14, 16), (31, 8), (23, 12), (13, 16), (32, 8), (22, 12), (12, 16), (33, 8), (21, 12), (11, 16), (34, 8), (20, 12), (10, 16), (34, 7), (20, 11), (19, 12), (9, 16), (34, 6), (20, 10), (19, 11), (18, 12), (8, 16)]",27,0,27
76,"(20, 9)","(20, 10)",South,"[(21, 9) via East]","[(20, 9), (17, 12), (7, 16), (32, 6)]","[(17, 12), (7, 16), (32, 6), (21, 9)]","[(34, 16), (34, 15), (33, 16), (34, 14), (32, 16), (33, 14), (31, 16), (32, 14), (30, 16), (31, 14), (29, 16), (30, 14), (28, 16), (30, 13), (27, 16), (30, 12), (26, 16), (31, 12), (25, 16), (32, 12), (25, 15), (24, 16), (33, 12), (25, 14), (23, 16), (34, 12), (26, 14), (22, 16), (34, 11), (27, 14), (21, 16), (34, 10), (27, 13), (20, 16), (33, 10), (27, 12), (19, 16), (32, 10), (27, 11), (18, 16), (31, 10), (26, 11), (17, 16), (30, 10), (25, 11), (16, 16), (30, 9), (29, 10), (24, 11), (15, 16), (30, 8), (24, 12), (14, 16), (31, 8), (23, 12), (13, 16), (32, 8), (22, 12), (12, 16), (33, 8), (21, 12), (11, 16), (34, 8), (20, 12), (10, 16), (34, 7), (20, 11), (19, 12), (9, 16), (34, 6), (20, 10), (19, 11), (18, 12), (8, 16), (33, 6)]",27,0,27
77,"(17, 12)","(18, 12)",West,"[(17, 13) via North, (16, 12) via West]","[(17, 12), (7, 16), (32, 6), (21, 9)]","[(7, 16), (32, 6), (21, 9), (17, 13), (16, 12)]","[(34, 16), (34, 15), (33, 16), (34, 14), (32, 16), (33, 14), (31, 16), (32, 14), (30, 16), (31, 14), (29, 16), (30, 14), (28, 16), (30, 13), (27, 16), (30, 12), (26, 16), (31, 12), (25, 16), (32, 12), (25, 15), (24, 16), (33, 12), (25, 14), (23, 16), (34, 12), (26, 14), (22, 16), (34, 11), (27, 14), (21, 16), (34, 10), (27, 13), (20, 16), (33, 10), (27, 12), (19, 16), (32, 10), (27, 11), (18, 16), (31, 10), (26, 11), (17, 16), (30, 10), (25, 11), (16, 16), (30, 9), (29, 10), (24, 11), (15, 16), (30, 8), (24, 12), (14, 16), (31, 8), (23, 12), (13, 16), (32, 8), (22, 12), (12, 16), (33, 8), (21, 12), (11, 16), (34, 8), (20, 12), (10, 16), (34, 7), (20, 11), (19, 12), (9, 16), (34, 6), (20, 10), (19, 11), (18, 12), (8, 16), (33, 6), (20, 9)]",27,0,27
78,"(7, 16)","(8, 16)",West,"[(6, 16) via West]","[(7, 16), (32, 6), (21, 9), (17, 13), (16, 12)]","[(32, 6), (21, 9), (17, 13), (16, 12), (6, 16)]","[(34, 16), (34, 15), (33, 16), (34, 14), (32, 16), (33, 14), (31, 16), (32, 14), (30, 16), (31, 14), (29, 16), (30, 14), (28, 16), (30, 13), (27, 16), (30, 12), (26, 16), (31, 12), (25, 16), (32, 12), (25, 15), (24, 16), (33, 12), (25, 14), (23, 16), (34, 12), (26, 14), (22, 16), (34, 11), (27, 14), (21, 16), (34, 10), (27, 13), (20, 16), (33, 10), (27, 12), (19, 16), (32, 10), (27, 11), (18, 16), (31, 10), (26, 11), (17, 16), (30, 10), (25, 11), (16, 16), (30, 9), (29, 10), (24, 11), (15, 16), (30, 8), (24, 12), (14, 16), (31, 8), (23, 12), (13, 16), (32, 8), (22, 12), (12, 16), (33, 8), (21, 12), (11, 16), (34, 8), (20, 12), (10, 16), (34, 7), (20, 11), (19, 12), (9, 16), (34, 6), (20, 10), (19, 11), (18, 12), (8, 16), (33, 6), (20, 9), (17, 12)]",27,0,27
79,"(32, 6)","(33, 6)",West,"[(31, 6) via West]","[(32, 6), (21, 9), (17, 13), (16, 12), (6, 16)]","[(21, 9), (17, 13), (16, 12), (6, 16), (31, 6)]","[(34, 16), (34, 15), (33, 16), (34, 14), (32, 16), (33, 14), (31, 16), (32, 14), (30, 16), (31, 14), (29, 16), (30, 14), (28, 16), (30, 13), (27, 16), (30, 12), (26, 16), (31, 12), (25, 16), (32, 12), (25, 15), (24, 16), (33, 12), (25, 14), (23, 16), (34, 12), (26, 14), (22, 16), (34, 11), (27, 14), (21, 16), (34, 10), (27, 13), (20, 16), (33, 10), (27, 12), (19, 16), (32, 10), (27, 11), (18, 16), (31, 10), (26, 11), (17, 16), (30, 10), (25, 11), (16, 16), (30, 9), (29, 10), (24, 11), (15, 16), (30, 8), (24, 12), (14, 16), (31, 8), (23, 12), (13, 16), (32, 8), (22, 12), (12, 16), (33, 8), (21, 12), (11, 16), (34, 8), (20, 12), (10, 16), (34, 7), (20, 11), (19, 12), (9, 16), (34, 6), (20, 10), (19, 11), (18, 12), (8, 16), (33, 6), (20, 9), (17, 12), (7, 16)]",28,0,28
80,"(21, 9)","(20, 9)",East,"[(22, 9) via East]","[(21, 9), (17, 13), (16, 12), (6, 16), (31, 6)]","[(17, 13), (16, 12), (6, 16), (31, 6), (22, 9)]","[(34, 16), (34, 15), (33, 16), (34, 14), (32, 16), (33, 14), (31, 16), (32, 14), (30, 16), (31, 14), (29, 16), (30, 14), (28, 16), (30, 13), (27, 16), (30, 12), (26, 16), (31, 12), (25, 16), (32, 12), (25, 15), (24, 16), (33, 12), (25, 14), (23, 16), (34, 12), (26, 14), (22, 16), (34, 11), (27, 14), (21, 16), (34, 10), (27, 13), (20, 16), (33, 10), (27, 12), (19, 16), (32, 10), (27, 11), (18, 16), (31, 10), (26, 11), (17, 16), (30, 10), (25, 11), (16, 16), (30, 9), (29, 10), (24, 11), (15, 16), (30, 8), (24, 12), (14, 16), (31, 8), (23, 12), (13, 16), (32, 8), (22, 12), (12, 16), (33, 8), (21, 12), (11, 16), (34, 8), (20, 12), (10, 16), (34, 7), (20, 11), (19, 12), (9, 16), (34, 6), (20, 10), (19, 11), (18, 12), (8, 16), (33, 6), (20, 9), (17, 12), (7, 16), (32, 6)]",28,0,28
81,"(17, 13)","(17, 12)",North,"[(17, 14) via North]","[(17, 13), (16, 12), (6, 16), (31, 6), (22, 9)]","[(16, 12), (6, 16), (31, 6), (22, 9), (17, 14)]","[(34, 16), (34, 15), (33, 16), (34, 14), (32, 16), (33, 14), (31, 16), (32, 14), (30, 16), (31, 14), (29, 16), (30, 14), (28, 16), (30, 13), (27, 16), (30, 12), (26, 16), (31, 12), (25, 16), (32, 12), (25, 15), (24, 16), (33, 12), (25, 14), (23, 16), (34, 12), (26, 14), (22, 16), (34, 11), (27, 14), (21, 16), (34, 10), (27, 13), (20, 16), (33, 10), (27, 12), (19, 16), (32, 10), (27, 11), (18, 16), (31, 10), (26, 11), (17, 16), (30, 10), (25, 11), (16, 16), (30, 9), (29, 10), (24, 11), (15, 16), (30, 8), (24, 12), (14, 16), (31, 8), (23, 12), (13, 16), (32, 8), (22, 12), (12, 16), (33, 8), (21, 12), (11, 16), (34, 8), (20, 12), (10, 16), (34, 7), (20, 11), (19, 12), (9, 16), (34, 6), (20, 10), (19, 11), (18, 12), (8, 16), (33, 6), (20, 9), (17, 12), (7, 16), (32, 6), (21, 9)]",28,0,28
82,"(16, 12)","(17, 12)",West,"[(15, 12) via West]","[(16, 12), (6, 16), (31, 6), (22, 9), (17, 14)]","[(6, 16), (31, 6), (22, 9), (17, 14), (15, 12)]","[(34, 16), (34, 15), (33, 16), (34, 14), (32, 16), (33, 14), (31, 16), (32, 14), (30, 16), (31, 14), (29, 16), (30, 14), (28, 16), (30, 13), (27, 16), (30, 12), (26, 16), (31, 12), (25, 16), (32, 12), (25, 15), (24, 16), (33, 12), (25, 14), (23, 16), (34, 12), (26, 14), (22, 16), (34, 11), (27, 14), (21, 16), (34, 10), (27, 13), (20, 16), (33, 10), (27, 12), (19, 16), (32, 10), (27, 11), (18, 16), (31, 10), (26, 11), (17, 16), (30, 10), (25, 11), (16, 16), (30, 9), (29, 10), (24, 11), (15, 16), (30, 8), (24, 12), (14, 16), (31, 8), (23, 12), (13, 16), (32, 8), (22, 12), (12, 16), (33, 8), (21, 12), (11, 16), (34, 8), (20, 12), (10, 16), (34, 7), (20, 11), (19, 12), (9, 16), (34, 6), (20, 10), (19, 11), (18, 12), (8, 16), (33, 6), (20, 9), (17, 12), (7, 16), (32, 6), (21, 9), (17, 13)]",28,0,28
83,"(6, 16)","(7, 16)",West,"[(5, 16) via West]","[(6, 16), (31, 6), (22, 9), (17, 14), (15, 12)]","[(31, 6), (22, 9), (17, 14), (15, 12), (5, 16)]","[(34, 16), (34, 15), (33, 16), (34, 14), (32, 16), (33, 14), (31, 16), (32, 14), (30, 16), (31, 14), (29, 16), (30, 14), (28, 16), (30, 13), (27, 16), (30, 12), (26, 16), (31, 12), (25, 16), (32, 12), (25, 15), (24, 16), (33, 12), (25, 14), (23, 16), (34, 12), (26, 14), (22, 16), (34, 11), (27, 14), (21, 16), (34, 10), (27, 13), (20, 16), (33, 10), (27, 12), (19, 16), (32, 10), (27, 11), (18, 16), (31, 10), (26, 11), (17, 16), (30, 10), (25, 11), (16, 16), (30, 9), (29, 10), (24, 11), (15, 16), (30, 8), (24, 12), (14, 16), (31, 8), (23, 12), (13, 16), (32, 8), (22, 12), (12, 16), (33, 8), (21, 12), (11, 16), (34, 8), (20, 12), (10, 16), (34, 7), (20, 11), (19, 12), (9, 16), (34, 6), (20, 10), (19, 11), (18, 12), (8, 16), (33, 6), (20, 9), (17, 12), (7, 16), (32, 6), (21, 9), (17, 13), (16, 12)]",28,0,28
84,"(31, 6)","(32, 6)",West,"[(30, 6) via West]","[(31, 6), (22, 9), (17, 14), (15, 12), (5, 16)]","[(22, 9), (17, 14), (15, 12), (5, 16), (30, 6)]","[(34, 16), (34, 15), (33, 16), (34, 14), (32, 16), (33, 14), (31, 16), (32, 14), (30, 16), (31, 14), (29, 16), (30, 14), (28, 16), (30, 13), (27, 16), (30, 12), (26, 16), (31, 12), (25, 16), (32, 12), (25, 15), (24, 16), (33, 12), (25, 14), (23, 16), (34, 12), (26, 14), (22, 16), (34, 11), (27, 14), (21, 16), (34, 10), (27, 13), (20, 16), (33, 10), (27, 12), (19, 16), (32, 10), (27, 11), (18, 16), (31, 10), (26, 11), (17, 16), (30, 10), (25, 11), (16, 16), (30, 9), (29, 10), (24, 11), (15, 16), (30, 8), (24, 12), (14, 16), (31, 8), (23, 12), (13, 16), (32, 8), (22, 12), (12, 16), (33, 8), (21, 12), (11, 16), (34, 8), (20, 12), (10, 16), (34, 7), (20, 11), (19, 12), (9, 16), (34, 6), (20, 10), (19, 11), (18, 12), (8, 16), (33, 6), (20, 9), (17, 12), (7, 16), (32, 6), (21, 9), (17, 13), (16, 12), (6, 16)]",29,0,29
85,"(22, 9)","(21, 9)",East,"[(23, 9) via East]","[(22, 9), (17, 14), (15, 12), (5, 16), (30, 6)]","[(17, 14), (15, 12), (5, 16), (30, 6), (23, 9)]","[(34, 16), (34, 15), (33, 16), (34, 14), (32, 16), (33, 14), (31, 16), (32, 14), (30, 16), (31, 14), (29, 16), (30, 14), (28, 16), (30, 13), (27, 16), (30, 12), (26, 16), (31, 12), (25, 16), (32, 12), (25, 15), (24, 16), (33, 12), (25, 14), (23, 16), (34, 12), (26, 14), (22, 16), (34, 11), (27, 14), (21, 16), (34, 10), (27, 13), (20, 16), (33, 10), (27, 12), (19, 16), (32, 10), (27, 11), (18, 16), (31, 10), (26, 11), (17, 16), (30, 10), (25, 11), (16, 16), (30, 9), (29, 10), (24, 11), (15, 16), (30, 8), (24, 12), (14, 16), (31, 8), (23, 12), (13, 16), (32, 8), (22, 12), (12, 16), (33, 8), (21, 12), (11, 16), (34, 8), (20, 12), (10, 16), (34, 7), (20, 11), (19, 12), (9, 16), (34, 6), (20, 10), (19, 11), (18, 12), (8, 16), (33, 6), (20, 9), (17, 12), (7, 16), (32, 6), (21, 9), (17, 13), (16, 12), (6, 16), (31, 6)]",29,0,29
86,"(17, 14)","(17, 13)",North,"[(16, 14) via West]","[(17, 14), (15, 12), (5, 16), (30, 6), (23, 9)]","[(15, 12), (5, 16), (30, 6), (23, 9), (16, 14)]","[(34, 16), (34, 15), (33, 16), (34, 14), (32, 16), (33, 14), (31, 16), (32, 14), (30, 16), (31, 14), (29, 16), (30, 14), (28, 16), (30, 13), (27, 16), (30, 12), (26, 16), (31, 12), (25, 16), (32, 12), (25, 15), (24, 16), (33, 12), (25, 14), (23, 16), (34, 12), (26, 14), (22, 16), (34, 11), (27, 14), (21, 16), (34, 10), (27, 13), (20, 16), (33, 10), (27, 12), (19, 16), (32, 10), (27, 11), (18, 16), (31, 10), (26, 11), (17, 16), (30, 10), (25, 11), (16, 16), (30, 9), (29, 10), (24, 11), (15, 16), (30, 8), (24, 12), (14, 16), (31, 8), (23, 12), (13, 16), (32, 8), (22, 12), (12, 16), (33, 8), (21, 12), (11, 16), (34, 8), (20, 12), (10, 16), (34, 7), (20, 11), (19, 12), (9, 16), (34, 6), (20, 10), (19, 11), (18, 12), (8, 16), (33, 6), (20, 9), (17, 12), (7, 16), (32, 6), (21, 9), (17, 13), (16, 12), (6, 16), (31, 6), (22, 9)]",29,0,29
87,"(15, 12)","(16, 12)",West,"[(14, 12) via West]","[(15, 12), (5, 16), (30, 6), (23, 9), (16, 14)]","[(5, 16), (30, 6), (23, 9), (16, 14), (14, 12)]","[(34, 16), (34, 15), (33, 16), (34, 14), (32, 16), (33, 14), (31, 16), (32, 14), (30, 16), (31, 14), (29, 16), (30, 14), (28, 16), (30, 13), (27, 16), (30, 12), (26, 16), (31, 12), (25, 16), (32, 12), (25, 15), (24, 16), (33, 12), (25, 14), (23, 16), (34, 12), (26, 14), (22, 16), (34, 11), (27, 14), (21, 16), (34, 10), (27, 13), (20, 16), (33, 10), (27, 12), (19, 16), (32, 10), (27, 11), (18, 16), (31, 10), (26, 11), (17, 16), (30, 10), (25, 11), (16, 16), (30, 9), (29, 10), (24, 11), (15, 16), (30, 8), (24, 12), (14, 16), (31, 8), (23, 12), (13, 16), (32, 8), (22, 12), (12, 16), (33, 8), (21, 12), (11, 16), (34, 8), (20, 12), (10, 16), (34, 7), (20, 11), (19, 12), (9, 16), (34, 6), (20, 10), (19, 11), (18, 12), (8, 16), (33, 6), (20, 9), (17, 12), (7, 16), (32, 6), (21, 9), (17, 13), (16, 12), (6, 16), (31, 6), (22, 9), (17, 14)]",29,0,29
88,"(5, 16)","(6, 16)",West,"[(4, 16) via West]","[(5, 16), (30, 6), (23, 9), (16, 14), (14, 12)]","[(30, 6), (23, 9), (16, 14), (14, 12), (4, 16)]","[(34, 16), (34, 15), (33, 16), (34, 14), (32, 16), (33, 14), (31, 16), (32, 14), (30, 16), (31, 14), (29, 16), (30, 14), (28, 16), (30, 13), (27, 16), (30, 12), (26, 16), (31, 12), (25, 16), (32, 12), (25, 15), (24, 16), (33, 12), (25, 14), (23, 16), (34, 12), (26, 14), (22, 16), (34, 11), (27, 14), (21, 16), (34, 10), (27, 13), (20, 16), (33, 10), (27, 12), (19, 16), (32, 10), (27, 11), (18, 16), (31, 10), (26, 11), (17, 16), (30, 10), (25, 11), (16, 16), (30, 9), (29, 10), (24, 11), (15, 16), (30, 8), (24, 12), (14, 16), (31, 8), (23, 12), (13, 16), (32, 8), (22, 12), (12, 16), (33, 8), (21, 12), (11, 16), (34, 8), (20, 12), (10, 16), (34, 7), (20, 11), (19, 12), (9, 16), (34, 6), (20, 10), (19, 11), (18, 12), (8, 16), (33, 6), (20, 9), (17, 12), (7, 16), (32, 6), (21, 9), (17, 13), (16, 12), (6, 16), (31, 6), (22, 9), (17, 14), (15, 12)]",29,0,29
89,"(30, 6)","(31, 6)",West,"[(30, 5) via South, (29, 6) via West]","[(30, 6), (23, 9), (16, 14), (14, 12), (4, 16)]","[(23, 9), (16, 14), (14, 12), (4, 16), (30, 5), (29, 6)]","[(34, 16), (34, 15), (33, 16), (34, 14), (32, 16), (33, 14), (31, 16), (32, 14), (30, 16), (31, 14), (29, 16), (30, 14), (28, 16), (30, 13), (27, 16), (30, 12), (26, 16), (31, 12), (25, 16), (32, 12), (25, 15), (24, 16), (33, 12), (25, 14), (23, 16), (34, 12), (26, 14), (22, 16), (34, 11), (27, 14), (21, 16), (34, 10), (27, 13), (20, 16), (33, 10), (27, 12), (19, 16), (32, 10), (27, 11), (18, 16), (31, 10), (26, 11), (17, 16), (30, 10), (25, 11), (16, 16), (30, 9), (29, 10), (24, 11), (15, 16), (30, 8), (24, 12), (14, 16), (31, 8), (23, 12), (13, 16), (32, 8), (22, 12), (12, 16), (33, 8), (21, 12), (11, 16), (34, 8), (20, 12), (10, 16), (34, 7), (20, 11), (19, 12), (9, 16), (34, 6), (20, 10), (19, 11), (18, 12), (8, 16), (33, 6), (20, 9), (17, 12), (7, 16), (32, 6), (21, 9), (17, 13), (16, 12), (6, 16), (31, 6), (22, 9), (17, 14), (15, 12), (5, 16)]",30,0,30
90,"(23, 9)","(22, 9)",East,"[(24, 9) via East]","[(23, 9), (16, 14), (14, 12), (4, 16), (30, 5), (29, 6)]","[(16, 14), (14, 12), (4, 16), (30, 5), (29, 6), (24, 9)]","[(34, 16), (34, 15), (33, 16), (34, 14), (32, 16), (33, 14), (31, 16), (32, 14), (30, 16), (31, 14), (29, 16), (30, 14), (28, 16), (30, 13), (27, 16), (30, 12), (26, 16), (31, 12), (25, 16), (32, 12), (25, 15), (24, 16), (33, 12), (25, 14), (23, 16), (34, 12), (26, 14), (22, 16), (34, 11), (27, 14), (21, 16), (34, 10), (27, 13), (20, 16), (33, 10), (27, 12), (19, 16), (32, 10), (27, 11), (18, 16), (31, 10), (26, 11), (17, 16), (30, 10), (25, 11), (16, 16), (30, 9), (29, 10), (24, 11), (15, 16), (30, 8), (24, 12), (14, 16), (31, 8), (23, 12), (13, 16), (32, 8), (22, 12), (12, 16), (33, 8), (21, 12), (11, 16), (34, 8), (20, 12), (10, 16), (34, 7), (20, 11), (19, 12), (9, 16), (34, 6), (20, 10), (19, 11), (18, 12), (8, 16), (33, 6), (20, 9), (17, 12), (7, 16), (32, 6), (21, 9), (17, 13), (16, 12), (6, 16), (31, 6), (22, 9), (17, 14), (15, 12), (5, 16), (30, 6)]",30,0,30
91,"(16, 14)","(17, 14)",West,"[(15, 14) via West]","[(16, 14), (14, 12), (4, 16), (30, 5), (29, 6), (24, 9)]","[(14, 12), (4, 16), (30, 5), (29, 6), (24, 9), (15, 14)]","[(34, 16), (34, 15), (33, 16), (34, 14), (32, 16), (33, 14), (31, 16), (32, 14), (30, 16), (31, 14), (29, 16), (30, 14), (28, 16), (30, 13), (27, 16), (30, 12), (26, 16), (31, 12), (25, 16), (32, 12), (25, 15), (24, 16), (33, 12), (25, 14), (23, 16), (34, 12), (26, 14), (22, 16), (34, 11), (27, 14), (21, 16), (34, 10), (27, 13), (20, 16), (33, 10), (27, 12), (19, 16), (32, 10), (27, 11), (18, 16), (31, 10), (26, 11), (17, 16), (30, 10), (25, 11), (16, 16), (30, 9), (29, 10), (24, 11), (15, 16), (30, 8), (24, 12), (14, 16), (31, 8), (23, 12), (13, 16), (32, 8), (22, 12), (12, 16), (33, 8), (21, 12), (11, 16), (34, 8), (20, 12), (10, 16), (34, 7), (20, 11), (19, 12), (9, 16), (34, 6), (20, 10), (19, 11), (18, 12), (8, 16), (33, 6), (20, 9), (17, 12), (7, 16), (32, 6), (21, 9), (17, 13), (16, 12), (6, 16), (31, 6), (22, 9), (17, 14), (15, 12), (5, 16), (30, 6), (23, 9)]",30,0,30
92,"(14, 12)","(15, 12)",West,"[(14, 11) via South, (13, 12) via West]","[(14, 12), (4, 16), (30, 5), (29, 6), (24, 9), (15, 14)]","[(4, 16), (30, 5), (29, 6), (24, 9), (15, 14), (14, 11), (13, 12)]","[(34, 16), (34, 15), (33, 16), (34, 14), (32, 16), (33, 14), (31, 16), (32, 14), (30, 16), (31, 14), (29, 16), (30, 14), (28, 16), (30, 13), (27, 16), (30, 12), (26, 16), (31, 12), (25, 16), (32, 12), (25, 15), (24, 16), (33, 12), (25, 14), (23, 16), (34, 12), (26, 14), (22, 16), (34, 11), (27, 14), (21, 16), (34, 10), (27, 13), (20, 16), (33, 10), (27, 12), (19, 16), (32, 10), (27, 11), (18, 16), (31, 10), (26, 11), (17, 16), (30, 10), (25, 11), (16, 16), (30, 9), (29, 10), (24, 11), (15, 16), (30, 8), (24, 12), (14, 16), (31, 8), (23, 12), (13, 16), (32, 8), (22, 12), (12, 16), (33, 8), (21, 12), (11, 16), (34, 8), (20, 12), (10, 16), (34, 7), (20, 11), (19, 12), (9, 16), (34, 6), (20, 10), (19, 11), (18, 12), (8, 16), (33, 6), (20, 9), (17, 12), (7, 16), (32, 6), (21, 9), (17, 13), (16, 12), (6, 16), (31, 6), (22, 9), (17, 14), (15, 12), (5, 16), (30, 6), (23, 9), (16, 14)]",30,0,30
93,"(4, 16)","(5, 16)",West,"[(3, 16) via West]","[(4, 16), (30, 5), (29, 6), (24, 9), (15, 14), (14, 11), (13, 12)]","[(30, 5), (29, 6), (24, 9), (15, 14), (14, 11), (13, 12), (3, 16)]","[(34, 16), (34, 15), (33, 16), (34, 14), (32, 16), (33, 14), (31, 16), (32, 14), (30, 16), (31, 14), (29, 16), (30, 14), (28, 16), (30, 13), (27, 16), (30, 12), (26, 16), (31, 12), (25, 16), (32, 12), (25, 15), (24, 16), (33, 12), (25, 14), (23, 16), (34, 12), (26, 14), (22, 16), (34, 11), (27, 14), (21, 16), (34, 10), (27, 13), (20, 16), (33, 10), (27, 12), (19, 16), (32, 10), (27, 11), (18, 16), (31, 10), (26, 11), (17, 16), (30, 10), (25, 11), (16, 16), (30, 9), (29, 10), (24, 11), (15, 16), (30, 8), (24, 12), (14, 16), (31, 8), (23, 12), (13, 16), (32, 8), (22, 12), (12, 16), (33, 8), (21, 12), (11, 16), (34, 8), (20, 12), (10, 16), (34, 7), (20, 11), (19, 12), (9, 16), (34, 6), (20, 10), (19, 11), (18, 12), (8, 16), (33, 6), (20, 9), (17, 12), (7, 16), (32, 6), (21, 9), (17, 13), (16, 12), (6, 16), (31, 6), (22, 9), (17, 14), (15, 12), (5, 16), (30, 6), (23, 9), (16, 14), (14, 12)]",30,0,30
94,"(30, 5)","(30, 6)",South,"[(30, 4) via South]","[(30, 5), (29, 6), (24, 9), (15, 14), (14, 11), (13, 12), (3, 16)]","[(29, 6), (24, 9), (15, 14), (14, 11), (13, 12), (3, 16), (30, 4)]","[(34, 16), (34, 15), (33, 16), (34, 14), (32, 16), (33, 14), (31, 16), (32, 14), (30, 16), (31, 14), (29, 16), (30, 14), (28, 16), (30, 13), (27, 16), (30, 12), (26, 16), (31, 12), (25, 16), (32, 12), (25, 15), (24, 16), (33, 12), (25, 14), (23, 16), (34, 12), (26, 14), (22, 16), (34, 11), (27, 14), (21, 16), (34, 10), (27, 13), (20, 16), (33, 10), (27, 12), (19, 16), (32, 10), (27, 11), (18, 16), (31, 10), (26, 11), (17, 16), (30, 10), (25, 11), (16, 16), (30, 9), (29, 10), (24, 11), (15, 16), (30, 8), (24, 12), (14, 16), (31, 8), (23, 12), (13, 16), (32, 8), (22, 12), (12, 16), (33, 8), (21, 12), (11, 16), (34, 8), (20, 12), (10, 16), (34, 7), (20, 11), (19, 12), (9, 16), (34, 6), (20, 10), (19, 11), (18, 12), (8, 16), (33, 6), (20, 9), (17, 12), (7, 16), (32, 6), (21, 9), (17, 13), (16, 12), (6, 16), (31, 6), (22, 9), (17, 14), (15, 12), (5, 16), (30, 6), (23, 9), (16, 14), (14, 12), (4, 16)]",31,0,31
95,"(29, 6)","(30, 6)",West,[],"[(29, 6), (24, 9), (15, 14), (14, 11), (13, 12), (3, 16), (30, 4)]","[(24, 9), (15, 14), (14, 11), (13, 12), (3, 16), (30, 4)]","[(34, 16), (34, 15), (33, 16), (34, 14), (32, 16), (33, 14), (31, 16), (32, 14), (30, 16), (31, 14), (29, 16), (30, 14), (28, 16), (30, 13), (27, 16), (30, 12), (26, 16), (31, 12), (25, 16), (32, 12), (25, 15), (24, 16), (33, 12), (25, 14), (23, 16), (34, 12), (26, 14), (22, 16), (34, 11), (27, 14), (21, 16), (34, 10), (27, 13), (20, 16), (33, 10), (27, 12), (19, 16), (32, 10), (27, 11), (18, 16), (31, 10), (26, 11), (17, 16), (30, 10), (25, 11), (16, 16), (30, 9), (29, 10), (24, 11), (15, 16), (30, 8), (24, 12), (14, 16), (31, 8), (23, 12), (13, 16), (32, 8), (22, 12), (12, 16), (33, 8), (21, 12), (11, 16), (34, 8), (20, 12), (10, 16), (34, 7), (20, 11), (19, 12), (9, 16), (34, 6), (20, 10), (19, 11), (18, 12), (8, 16), (33, 6), (20, 9), (17, 12), (7, 16), (32, 6), (21, 9), (17, 13), (16, 12), (6, 16), (31, 6), (22, 9), (17, 14), (15, 12), (5, 16), (30, 6), (23, 9), (16, 14), (14, 12), (4, 16), (30, 5)]",31,0,31
96,"(24, 9)","(23, 9)",East,"[(25, 9) via East]","[(24, 9), (15, 14), (14, 11), (13, 12), (3, 16), (30, 4)]","[(15, 14), (14, 11), (13, 12), (3, 16), (30, 4), (25, 9)]","[(34, 16), (34, 15), (33, 16), (34, 14), (32, 16), (33, 14), (31, 16), (32, 14), (30, 16), (31, 14), (29, 16), (30, 14), (28, 16), (30, 13), (27, 16), (30, 12), (26, 16), (31, 12), (25, 16), (32, 12), (25, 15), (24, 16), (33, 12), (25, 14), (23, 16), (34, 12), (26, 14), (22, 16), (34, 11), (27, 14), (21, 16), (34, 10), (27, 13), (20, 16), (33, 10), (27, 12), (19, 16), (32, 10), (27, 11), (18, 16), (31, 10), (26, 11), (17, 16), (30, 10), (25, 11), (16, 16), (30, 9), (29, 10), (24, 11), (15, 16), (30, 8), (24, 12), (14, 16), (31, 8), (23, 12), (13, 16), (32, 8), (22, 12), (12, 16), (33, 8), (21, 12), (11, 16), (34, 8), (20, 12), (10, 16), (34, 7), (20, 11), (19, 12), (9, 16), (34, 6), (20, 10), (19, 11), (18, 12), (8, 16), (33, 6), (20, 9), (17, 12), (7, 16), (32, 6), (21, 9), (17, 13), (16, 12), (6, 16), (31, 6), (22, 9), (17, 14), (15, 12), (5, 16), (30, 6), (23, 9), (16, 14), (14, 12), (4, 16), (30, 5), (29, 6)]",31,0,31
97,"(15, 14)","(16, 14)",West,"[(14, 14) via West]","[(15, 14), (14, 11), (13, 12), (3, 16), (30, 4), (25, 9)]","[(14, 11), (13, 12), (3, 16), (30, 4), (25, 9), (14, 14)]","[(34, 16), (34, 15), (33, 16), (34, 14), (32, 16), (33, 14), (31, 16), (32, 14), (30, 16), (31, 14), (29, 16), (30, 14), (28, 16), (30, 13), (27, 16), (30, 12), (26, 16), (31, 12), (25, 16), (32, 12), (25, 15), (24, 16), (33, 12), (25, 14), (23, 16), (34, 12), (26, 14), (22, 16), (34, 11), (27, 14), (21, 16), (34, 10), (27, 13), (20, 16), (33, 10), (27, 12), (19, 16), (32, 10), (27, 11), (18, 16), (31, 10), (26, 11), (17, 16), (30, 10), (25, 11), (16, 16), (30, 9), (29, 10), (24, 11), (15, 16), (30, 8), (24, 12), (14, 16), (31, 8), (23, 12), (13, 16), (32, 8), (22, 12), (12, 16), (33, 8), (21, 12), (11, 16), (34, 8), (20, 12), (10, 16), (34, 7), (20, 11), (19, 12), (9, 16), (34, 6), (20, 10), (19, 11), (18, 12), (8, 16), (33, 6), (20, 9), (17, 12), (7, 16), (32, 6), (21, 9), (17, 13), (16, 12), (6, 16), (31, 6), (22, 9), (17, 14), (15, 12), (5, 16), (30, 6), (23, 9), (16, 14), (14, 12), (4, 16), (30, 5), (29, 6), (24, 9)]",31,0,31
98,"(14, 11)","(14, 12)",South,"[(14, 10) via South]","[(14, 11), (13, 12), (3, 16), (30, 4), (25, 9), (14, 14)]","[(13, 12), (3, 16), (30, 4), (25, 9), (14, 14), (14, 10)]","[(34, 16), (34, 15), (33, 16), (34, 14), (32, 16), (33, 14), (31, 16), (32, 14), (30, 16), (31, 14), (29, 16), (30, 14), (28, 16), (30, 13), (27, 16), (30, 12), (26, 16), (31, 12), (25, 16), (32, 12), (25, 15), (24, 16), (33, 12), (25, 14), (23, 16), (34, 12), (26, 14), (22, 16), (34, 11), (27, 14), (21, 16), (34, 10), (27, 13), (20, 16), (33, 10), (27, 12), (19, 16), (32, 10), (27, 11), (18, 16), (31, 10), (26, 11), (17, 16), (30, 10), (25, 11), (16, 16), (30, 9), (29, 10), (24, 11), (15, 16), (30, 8), (24, 12), (14, 16), (31, 8), (23, 12), (13, 16), (32, 8), (22, 12), (12, 16), (33, 8), (21, 12), (11, 16), (34, 8), (20, 12), (10, 16), (34, 7), (20, 11), (19, 12), (9, 16), (34, 6), (20, 10), (19, 11), (18, 12), (8, 16), (33, 6), (20, 9), (17, 12), (7, 16), (32, 6), (21, 9), (17, 13), (16, 12), (6, 16), (31, 6), (22, 9), (17, 14), (15, 12), (5, 16), (30, 6), (23, 9), (16, 14), (14, 12), (4, 16), (30, 5), (29, 6), (24, 9), (15, 14)]",31,0,31
99,"(13, 12)","(14, 12)",West,"[(12, 12) via West]","[(13, 12), (3, 16), (30, 4), (25, 9), (14, 14), (14, 10)]","[(3, 16), (30, 4), (25, 9), (14, 14), (14, 10), (12, 12)]","[(34, 16), (34, 15), (33, 16), (34, 14), (32, 16), (33, 14), (31, 16), (32, 14), (30, 16), (31, 14), (29, 16), (30, 14), (28, 16), (30, 13), (27, 16), (30, 12), (26, 16), (31, 12), (25, 16), (32, 12), (25, 15), (24, 16), (33, 12), (25, 14), (23, 16), (34, 12), (26, 14), (22, 16), (34, 11), (27, 14), (21, 16), (34, 10), (27, 13), (20, 16), (33, 10), (27, 12), (19, 16), (32, 10), (27, 11), (18, 16), (31, 10), (26, 11), (17, 16), (30, 10), (25, 11), (16, 16), (30, 9), (29, 10), (24, 11), (15, 16), (30, 8), (24, 12), (14, 16), (31, 8), (23, 12), (13, 16), (32, 8), (22, 12), (12, 16), (33, 8), (21, 12), (11, 16), (34, 8), (20, 12), (10, 16), (34, 7), (20, 11), (19, 12), (9, 16), (34, 6), (20, 10), (19, 11), (18, 12), (8, 16), (33, 6), (20, 9), (17, 12), (7, 16), (32, 6), (21, 9), (17, 13), (16, 12), (6, 16), (31, 6), (22, 9), (17, 14), (15, 12), (5, 16), (30, 6), (23, 9), (16, 14), (14, 12), (4, 16), (30, 5), (29, 6), (24, 9), (15, 14), (14, 11)]",31,0,31
100,"(3, 16)","(4, 16)",West,"[(2, 16) via West]","[(3, 16), (30, 4), (25, 9), (14, 14), (14, 10), (12, 12)]","[(30, 4), (25, 9), (14, 14), (14, 10), (12, 12), (2, 16)]","[(34, 16), (34, 15), (33, 16), (34, 14), (32, 16), (33, 14), (31, 16), (32, 14), (30, 16), (31, 14), (29, 16), (30, 14), (28, 16), (30, 13), (27, 16), (30, 12), (26, 16), (31, 12), (25, 16), (32, 12), (25, 15), (24, 16), (33, 12), (25, 14), (23, 16), (34, 12), (26, 14), (22, 16), (34, 11), (27, 14), (21, 16), (34, 10), (27, 13), (20, 16), (33, 10), (27, 12), (19, 16), (32, 10), (27, 11), (18, 16), (31, 10), (26, 11), (17, 16), (30, 10), (25, 11), (16, 16), (30, 9), (29, 10), (24, 11), (15, 16), (30, 8), (24, 12), (14, 16), (31, 8), (23, 12), (13, 16), (32, 8), (22, 12), (12, 16), (33, 8), (21, 12), (11, 16), (34, 8), (20, 12), (10, 16), (34, 7), (20, 11), (19, 12), (9, 16), (34, 6), (20, 10), (19, 11), (18, 12), (8, 16), (33, 6), (20, 9), (17, 12), (7, 16), (32, 6), (21, 9), (17, 13), (16, 12), (6, 16), (31, 6), (22, 9), (17, 14), (15, 12), (5, 16), (30, 6), (23, 9), (16, 14), (14, 12), (4, 16), (30, 5), (29, 6), (24, 9), (15, 14), (14, 11), (13, 12)]",31,0,31
101,"(30, 4)","(30, 5)",South,"[(30, 3) via South, (31, 4) via East]","[(30, 4), (25, 9), (14, 14), (14, 10), (12, 12), (2, 16)]","[(25, 9), (14, 14), (14, 10), (12, 12), (2, 16), (30, 3), (31, 4)]","[(34, 16), (34, 15), (33, 16), (34, 14), (32, 16), (33, 14), (31, 16), (32, 14), (30, 16), (31, 14), (29, 16), (30, 14), (28, 16), (30, 13), (27, 16), (30, 12), (26, 16), (31, 12), (25, 16), (32, 12), (25, 15), (24, 16), (33, 12), (25, 14), (23, 16), (34, 12), (26, 14), (22, 16), (34, 11), (27, 14), (21, 16), (34, 10), (27, 13), (20, 16), (33, 10), (27, 12), (19, 16), (32, 10), (27, 11), (18, 16), (31, 10), (26, 11), (17, 16), (30, 10), (25, 11), (16, 16), (30, 9), (29, 10), (24, 11), (15, 16), (30, 8), (24, 12), (14, 16), (31, 8), (23, 12), (13, 16), (32, 8), (22, 12), (12, 16), (33, 8), (21, 12), (11, 16), (34, 8), (20, 12), (10, 16), (34, 7), (20, 11), (19, 12), (9, 16), (34, 6), (20, 10), (19, 11), (18, 12), (8, 16), (33, 6), (20, 9), (17, 12), (7, 16), (32, 6), (21, 9), (17, 13), (16, 12), (6, 16), (31, 6), (22, 9), (17, 14), (15, 12), (5, 16), (30, 6), (23, 9), (16, 14), (14, 12), (4, 16), (30, 5), (29, 6), (24, 9), (15, 14), (14, 11), (13, 12), (3, 16)]",32,0,32
102,"(25, 9)","(24, 9)",East,"[(26, 9) via East]","[(25, 9), (14, 14), (14, 10), (12, 12), (2, 16), (30, 3), (31, 4)]","[(14, 14), (14, 10), (12, 12), (2, 16), (30, 3), (31, 4), (26, 9)]","[(34, 16), (34, 15), (33, 16), (34, 14), (32, 16), (33, 14), (31, 16), (32, 14), (30, 16), (31, 14), (29, 16), (30, 14), (28, 16), (30, 13), (27, 16), (30, 12), (26, 16), (31, 12), (25, 16), (32, 12), (25, 15), (24, 16), (33, 12), (25, 14), (23, 16), (34, 12), (26, 14), (22, 16), (34, 11), (27, 14), (21, 16), (34, 10), (27, 13), (20, 16), (33, 10), (27, 12), (19, 16), (32, 10), (27, 11), (18, 16), (31, 10), (26, 11), (17, 16), (30, 10), (25, 11), (16, 16), (30, 9), (29, 10), (24, 11), (15, 16), (30, 8), (24, 12), (14, 16), (31, 8), (23, 12), (13, 16), (32, 8), (22, 12), (12, 16), (33, 8), (21, 12), (11, 16), (34, 8), (20, 12), (10, 16), (34, 7), (20, 11), (19, 12), (9, 16), (34, 6), (20, 10), (19, 11), (18, 12), (8, 16), (33, 6), (20, 9), (17, 12), (7, 16), (32, 6), (21, 9), (17, 13), (16, 12), (6, 16), (31, 6), (22, 9), (17, 14), (15, 12), (5, 16), (30, 6), (23, 9), (16, 14), (14, 12), (4, 16), (30, 5), (29, 6), (24, 9), (15, 14), (14, 11), (13, 12), (3, 16), (30, 4)]",32,0,32
103,"(14, 14)","(15, 14)",West,"[(13, 14) via West]","[(14, 14), (14, 10), (12, 12), (2, 16), (30, 3), (31, 4), (26, 9)]","[(14, 10), (12, 12), (2, 16), (30, 3), (31, 4), (26, 9), (13, 14)]","[(34, 16), (34, 15), (33, 16), (34, 14), (32, 16), (33, 14), (31, 16), (32, 14), (30, 16), (31, 14), (29, 16), (30, 14), (28, 16), (30, 13), (27, 16), (30, 12), (26, 16), (31, 12), (25, 16), (32, 12), (25, 15), (24, 16), (33, 12), (25, 14), (23, 16), (34, 12), (26, 14), (22, 16), (34, 11), (27, 14), (21, 16), (34, 10), (27, 13), (20, 16), (33, 10), (27, 12), (19, 16), (32, 10), (27, 11), (18, 16), (31, 10), (26, 11), (17, 16), (30, 10), (25, 11), (16, 16), (30, 9), (29, 10), (24, 11), (15, 16), (30, 8), (24, 12), (14, 16), (31, 8), (23, 12), (13, 16), (32, 8), (22, 12), (12, 16), (33, 8), (21, 12), (11, 16), (34, 8), (20, 12), (10, 16), (34, 7), (20, 11), (19, 12), (9, 16), (34, 6), (20, 10), (19, 11), (18, 12), (8, 16), (33, 6), (20, 9), (17, 12), (7, 16), (32, 6), (21, 9), (17, 13), (16, 12), (6, 16), (31, 6), (22, 9), (17, 14), (15, 12), (5, 16), (30, 6), (23, 9), (16, 14), (14, 12), (4, 16), (30, 5), (29, 6), (24, 9), (15, 14), (14, 11), (13, 12), (3, 16), (30, 4), (25, 9)]",32,0,32
104,"(14, 10)","(14, 11)",South,"[(15, 10) via East]","[(14, 10), (12, 12), (2, 16), (30, 3), (31, 4), (26, 9), (13, 14)]","[(12, 12), (2, 16), (30, 3), (31, 4), (26, 9), (13, 14), (15, 10)]","[(34, 16), (34, 15), (33, 16), (34, 14), (32, 16), (33, 14), (31, 16), (32, 14), (30, 16), (31, 14), (29, 16), (30, 14), (28, 16), (30, 13), (27, 16), (30, 12), (26, 16), (31, 12), (25, 16), (32, 12), (25, 15), (24, 16), (33, 12), (25, 14), (23, 16), (34, 12), (26, 14), (22, 16), (34, 11), (27, 14), (21, 16), (34, 10), (27, 13), (20, 16), (33, 10), (27, 12), (19, 16), (32, 10), (27, 11), (18, 16), (31, 10), (26, 11), (17, 16), (30, 10), (25, 11), (16, 16), (30, 9), (29, 10), (24, 11), (15, 16), (30, 8), (24, 12), (14, 16), (31, 8), (23, 12), (13, 16), (32, 8), (22, 12), (12, 16), (33, 8), (21, 12), (11, 16), (34, 8), (20, 12), (10, 16), (34, 7), (20, 11), (19, 12), (9, 16), (34, 6), (20, 10), (19, 11), (18, 12), (8, 16), (33, 6), (20, 9), (17, 12), (7, 16), (32, 6), (21, 9), (17, 13), (16, 12), (6, 16), (31, 6), (22, 9), (17, 14), (15, 12), (5, 16), (30, 6), (23, 9), (16, 14), (14, 12), (4, 16), (30, 5), (29, 6), (24, 9), (15, 14), (14, 11), (13, 12), (3, 16), (30, 4), (25, 9), (14, 14)]",32,0,32
105,"(12, 12)","(13, 12)",West,"[(12, 13) via North, (12, 11) via South]","[(12, 12), (2, 16), (30, 3), (31, 4), (26, 9), (13, 14), (15, 10)]","[(2, 16), (30, 3), (31, 4), (26, 9), (13, 14), (15, 10), (12, 13), (12, 11)]","[(34, 16), (34, 15), (33, 16), (34, 14), (32, 16), (33, 14), (31, 16), (32, 14), (30, 16), (31, 14), (29, 16), (30, 14), (28, 16), (30, 13), (27, 16), (30, 12), (26, 16), (31, 12), (25, 16), (32, 12), (25, 15), (24, 16), (33, 12), (25, 14), (23, 16), (34, 12), (26, 14), (22, 16), (34, 11), (27, 14), (21, 16), (34, 10), (27, 13), (20, 16), (33, 10), (27, 12), (19, 16), (32, 10), (27, 11), (18, 16), (31, 10), (26, 11), (17, 16), (30, 10), (25, 11), (16, 16), (30, 9), (29, 10), (24, 11), (15, 16), (30, 8), (24, 12), (14, 16), (31, 8), (23, 12), (13, 16), (32, 8), (22, 12), (12, 16), (33, 8), (21, 12), (11, 16), (34, 8), (20, 12), (10, 16), (34, 7), (20, 11), (19, 12), (9, 16), (34, 6), (20, 10), (19, 11), (18, 12), (8, 16), (33, 6), (20, 9), (17, 12), (7, 16), (32, 6), (21, 9), (17, 13), (16, 12), (6, 16), (31, 6), (22, 9), (17, 14), (15, 12), (5, 16), (30, 6), (23, 9), (16, 14), (14, 12), (4, 16), (30, 5), (29, 6), (24, 9), (15, 14), (14, 11), (13, 12), (3, 16), (30, 4), (25, 9), (14, 14), (14, 10)]",32,0,32
106,"(2, 16)","(3, 16)",West,"[(1, 16) via West]","[(2, 16), (30, 3), (31, 4), (26, 9), (13, 14), (15, 10), (12, 13), (12, 11)]","[(30, 3), (31, 4), (26, 9), (13, 14), (15, 10), (12, 13), (12, 11), (1, 16)]","[(34, 16), (34, 15), (33, 16), (34, 14), (32, 16), (33, 14), (31, 16), (32, 14), (30, 16), (31, 14), (29, 16), (30, 14), (28, 16), (30, 13), (27, 16), (30, 12), (26, 16), (31, 12), (25, 16), (32, 12), (25, 15), (24, 16), (33, 12), (25, 14), (23, 16), (34, 12), (26, 14), (22, 16), (34, 11), (27, 14), (21, 16), (34, 10), (27, 13), (20, 16), (33, 10), (27, 12), (19, 16), (32, 10), (27, 11), (18, 16), (31, 10), (26, 11), (17, 16), (30, 10), (25, 11), (16, 16), (30, 9), (29, 10), (24, 11), (15, 16), (30, 8), (24, 12), (14, 16), (31, 8), (23, 12), (13, 16), (32, 8), (22, 12), (12, 16), (33, 8), (21, 12), (11, 16), (34, 8), (20, 12), (10, 16), (34, 7), (20, 11), (19, 12), (9, 16), (34, 6), (20, 10), (19, 11), (18, 12), (8, 16), (33, 6), (20, 9), (17, 12), (7, 16), (32, 6), (21, 9), (17, 13), (16, 12), (6, 16), (31, 6), (22, 9), (17, 14), (15, 12), (5, 16), (30, 6), (23, 9), (16, 14), (14, 12), (4, 16), (30, 5), (29, 6), (24, 9), (15, 14), (14, 11), (13, 12), (3, 16), (30, 4), (25, 9), (14, 14), (14, 10), (12, 12)]",32,0,32
107,"(30, 3)","(30, 4)",South,"[(31, 3) via East]","[(30, 3), (31, 4), (26, 9), (13, 14), (15, 10), (12, 13), (12, 11), (1, 16)]","[(31, 4), (26, 9), (13, 14), (15, 10), (12, 13), (12, 11), (1, 16), (31, 3)]","[(34, 16), (34, 15), (33, 16), (34, 14), (32, 16), (33, 14), (31, 16), (32, 14), (30, 16), (31, 14), (29, 16), (30, 14), (28, 16), (30, 13), (27, 16), (30, 12), (26, 16), (31, 12), (25, 16), (32, 12), (25, 15), (24, 16), (33, 12), (25, 14), (23, 16), (34, 12), (26, 14), (22, 16), (34, 11), (27, 14), (21, 16), (34, 10), (27, 13), (20, 16), (33, 10), (27, 12), (19, 16), (32, 10), (27, 11), (18, 16), (31, 10), (26, 11), (17, 16), (30, 10), (25, 11), (16, 16), (30, 9), (29, 10), (24, 11), (15, 16), (30, 8), (24, 12), (14, 16), (31, 8), (23, 12), (13, 16), (32, 8), (22, 12), (12, 16), (33, 8), (21, 12), (11, 16), (34, 8), (20, 12), (10, 16), (34, 7), (20, 11), (19, 12), (9, 16), (34, 6), (20, 10), (19, 11), (18, 12), (8, 16), (33, 6), (20, 9), (17, 12), (7, 16), (32, 6), (21, 9), (17, 13), (16, 12), (6, 16), (31, 6), (22, 9), (17, 14), (15, 12), (5, 16), (30, 6), (23, 9), (16, 14), (14, 12), (4, 16), (30, 5), (29, 6), (24, 9), (15, 14), (14, 11), (13, 12), (3, 16), (30, 4), (25, 9), (14, 14), (14, 10), (12, 12), (2, 16)]",33,0,33
108,"(31, 4)","(30, 4)",East,"[(32, 4) via East]","[(31, 4), (26, 9), (13, 14), (15, 10), (12, 13), (12, 11), (1, 16), (31, 3)]","[(26, 9), (13, 14), (15, 10), (12, 13), (12, 11), (1, 16), (31, 3), (32, 4)]","[(34, 16), (34, 15), (33, 16), (34, 14), (32, 16), (33, 14), (31, 16), (32, 14), (30, 16), (31, 14), (29, 16), (30, 14), (28, 16), (30, 13), (27, 16), (30, 12), (26, 16), (31, 12), (25, 16), (32, 12), (25, 15), (24, 16), (33, 12), (25, 14), (23, 16), (34, 12), (26, 14), (22, 16), (34, 11), (27, 14), (21, 16), (34, 10), (27, 13), (20, 16), (33, 10), (27, 12), (19, 16), (32, 10), (27, 11), (18, 16), (31, 10), (26, 11), (17, 16), (30, 10), (25, 11), (16, 16), (30, 9), (29, 10), (24, 11), (15, 16), (30, 8), (24, 12), (14, 16), (31, 8), (23, 12), (13, 16), (32, 8), (22, 12), (12, 16), (33, 8), (21, 12), (11, 16), (34, 8), (20, 12), (10, 16), (34, 7), (20, 11), (19, 12), (9, 16), (34, 6), (20, 10), (19, 11), (18, 12), (8, 16), (33, 6), (20, 9), (17, 12), (7, 16), (32, 6), (21, 9), (17, 13), (16, 12), (6, 16), (31, 6), (22, 9), (17, 14), (15, 12), (5, 16), (30, 6), (23, 9), (16, 14), (14, 12), (4, 16), (30, 5), (29, 6), (24, 9), (15, 14), (14, 11), (13, 12), (3, 16), (30, 4), (25, 9), (14, 14), (14, 10), (12, 12), (2, 16), (30, 3)]",33,0,33
109,"(26, 9)","(25, 9)",East,"[(27, 9) via East]","[(26, 9), (13, 14), (15, 10), (12, 13), (12, 11), (1, 16), (31, 3), (32, 4)]","[(13, 14), (15, 10), (12, 13), (12, 11), (1, 16), (31, 3), (32, 4), (27, 9)]","[(34, 16), (34, 15), (33, 16), (34, 14), (32, 16), (33, 14), (31, 16), (32, 14), (30, 16), (31, 14), (29, 16), (30, 14), (28, 16), (30, 13), (27, 16), (30, 12), (26, 16), (31, 12), (25, 16), (32, 12), (25, 15), (24, 16), (33, 12), (25, 14), (23, 16), (34, 12), (26, 14), (22, 16), (34, 11), (27, 14), (21, 16), (34, 10), (27, 13), (20, 16), (33, 10), (27, 12), (19, 16), (32, 10), (27, 11), (18, 16), (31, 10), (26, 11), (17, 16), (30, 10), (25, 11), (16, 16), (30, 9), (29, 10), (24, 11), (15, 16), (30, 8), (24, 12), (14, 16), (31, 8), (23, 12), (13, 16), (32, 8), (22, 12), (12, 16), (33, 8), (21, 12), (11, 16), (34, 8), (20, 12), (10, 16), (34, 7), (20, 11), (19, 12), (9, 16), (34, 6), (20, 10), (19, 11), (18, 12), (8, 16), (33, 6), (20, 9), (17, 12), (7, 16), (32, 6), (21, 9), (17, 13), (16, 12), (6, 16), (31, 6), (22, 9), (17, 14), (15, 12), (5, 16), (30, 6), (23, 9), (16, 14), (14, 12), (4, 16), (30, 5), (29, 6), (24, 9), (15, 14), (14, 11), (13, 12), (3, 16), (30, 4), (25, 9), (14, 14), (14, 10), (12, 12), (2, 16), (30, 3), (31, 4)]",33,0,33
110,"(13, 14)","(14, 14)",West,"[(12, 14) via West]","[(13, 14), (15, 10), (12, 13), (12, 11), (1, 16), (31, 3), (32, 4), (27, 9)]","[(15, 10), (12, 13), (12, 11), (1, 16), (31, 3), (32, 4), (27, 9), (12, 14)]","[(34, 16), (34, 15), (33, 16), (34, 14), (32, 16), (33, 14), (31, 16), (32, 14), (30, 16), (31, 14), (29, 16), (30, 14), (28, 16), (30, 13), (27, 16), (30, 12), (26, 16), (31, 12), (25, 16), (32, 12), (25, 15), (24, 16), (33, 12), (25, 14), (23, 16), (34, 12), (26, 14), (22, 16), (34, 11), (27, 14), (21, 16), (34, 10), (27, 13), (20, 16), (33, 10), (27, 12), (19, 16), (32, 10), (27, 11), (18, 16), (31, 10), (26, 11), (17, 16), (30, 10), (25, 11), (16, 16), (30, 9), (29, 10), (24, 11), (15, 16), (30, 8), (24, 12), (14, 16), (31, 8), (23, 12), (13, 16), (32, 8), (22, 12), (12, 16), (33, 8), (21, 12), (11, 16), (34, 8), (20, 12), (10, 16), (34, 7), (20, 11), (19, 12), (9, 16), (34, 6), (20, 10), (19, 11), (18, 12), (8, 16), (33, 6), (20, 9), (17, 12), (7, 16), (32, 6), (21, 9), (17, 13), (16, 12), (6, 16), (31, 6), (22, 9), (17, 14), (15, 12), (5, 16), (30, 6), (23, 9), (16, 14), (14, 12), (4, 16), (30, 5), (29, 6), (24, 9), (15, 14), (14, 11), (13, 12), (3, 16), (30, 4), (25, 9), (14, 14), (14, 10), (12, 12), (2, 16), (30, 3), (31, 4), (26, 9)]",33,0,33
111,"(15, 10)","(14, 10)",East,"[(16, 10) via East]","[(15, 10), (12, 13), (12, 11), (1, 16), (31, 3), (32, 4), (27, 9), (12, 14)]","[(12, 13), (12, 11), (1, 16), (31, 3), (32, 4), (27, 9), (12, 14), (16, 10)]","[(34, 16), (34, 15), (33, 16), (34, 14), (32, 16), (33, 14), (31, 16), (32, 14), (30, 16), (31, 14), (29, 16), (30, 14), (28, 16), (30, 13), (27, 16), (30, 12), (26, 16), (31, 12), (25, 16), (32, 12), (25, 15), (24, 16), (33, 12), (25, 14), (23, 16), (34, 12), (26, 14), (22, 16), (34, 11), (27, 14), (21, 16), (34, 10), (27, 13), (20, 16), (33, 10), (27, 12), (19, 16), (32, 10), (27, 11), (18, 16), (31, 10), (26, 11), (17, 16), (30, 10), (25, 11), (16, 16), (30, 9), (29, 10), (24, 11), (15, 16), (30, 8), (24, 12), (14, 16), (31, 8), (23, 12), (13, 16), (32, 8), (22, 12), (12, 16), (33, 8), (21, 12), (11, 16), (34, 8), (20, 12), (10, 16), (34, 7), (20, 11), (19, 12), (9, 16), (34, 6), (20, 10), (19, 11), (18, 12), (8, 16), (33, 6), (20, 9), (17, 12), (7, 16), (32, 6), (21, 9), (17, 13), (16, 12), (6, 16), (31, 6), (22, 9), (17, 14), (15, 12), (5, 16), (30, 6), (23, 9), (16, 14), (14, 12), (4, 16), (30, 5), (29, 6), (24, 9), (15, 14), (14, 11), (13, 12), (3, 16), (30, 4), (25, 9), (14, 14), (14, 10), (12, 12), (2, 16), (30, 3), (31, 4), (26, 9), (13, 14)]",33,0,33
112,"(12, 13)","(12, 12)",North,[],"[(12, 13), (12, 11), (1, 16), (31, 3), (32, 4), (27, 9), (12, 14), (16, 10)]","[(12, 11), (1, 16), (31, 3), (32, 4), (27, 9), (12, 14), (16, 10)]","[(34, 16), (34, 15), (33, 16), (34, 14), (32, 16), (33, 14), (31, 16), (32, 14), (30, 16), (31, 14), (29, 16), (30, 14), (28, 16), (30, 13), (27, 16), (30, 12), (26, 16), (31, 12), (25, 16), (32, 12), (25, 15), (24, 16), (33, 12), (25, 14), (23, 16), (34, 12), (26, 14), (22, 16), (34, 11), (27, 14), (21, 16), (34, 10), (27, 13), (20, 16), (33, 10), (27, 12), (19, 16), (32, 10), (27, 11), (18, 16), (31, 10), (26, 11), (17, 16), (30, 10), (25, 11), (16, 16), (30, 9), (29, 10), (24, 11), (15, 16), (30, 8), (24, 12), (14, 16), (31, 8), (23, 12), (13, 16), (32, 8), (22, 12), (12, 16), (33, 8), (21, 12), (11, 16), (34, 8), (20, 12), (10, 16), (34, 7), (20, 11), (19, 12), (9, 16), (34, 6), (20, 10), (19, 11), (18, 12), (8, 16), (33, 6), (20, 9), (17, 12), (7, 16), (32, 6), (21, 9), (17, 13), (16, 12), (6, 16), (31, 6), (22, 9), (17, 14), (15, 12), (5, 16), (30, 6), (23, 9), (16, 14), (14, 12), (4, 16), (30, 5), (29, 6), (24, 9), (15, 14), (14, 11), (13, 12), (3, 16), (30, 4), (25, 9), (14, 14), (14, 10), (12, 12), (2, 16), (30, 3), (31, 4), (26, 9), (13, 14), (15, 10)]",33,0,33
113,"(12, 11)","(12, 12)",South,"[(12, 10) via South]","[(12, 11), (1, 16), (31, 3), (32, 4), (27, 9), (12, 14), (16, 10)]","[(1, 16), (31, 3), (32, 4), (27, 9), (12, 14), (16, 10), (12, 10)]","[(34, 16), (34, 15), (33, 16), (34, 14), (32, 16), (33, 14), (31, 16), (32, 14), (30, 16), (31, 14), (29, 16), (30, 14), (28, 16), (30, 13), (27, 16), (30, 12), (26, 16), (31, 12), (25, 16), (32, 12), (25, 15), (24, 16), (33, 12), (25, 14), (23, 16), (34, 12), (26, 14), (22, 16), (34, 11), (27, 14), (21, 16), (34, 10), (27, 13), (20, 16), (33, 10), (27, 12), (19, 16), (32, 10), (27, 11), (18, 16), (31, 10), (26, 11), (17, 16), (30, 10), (25, 11), (16, 16), (30, 9), (29, 10), (24, 11), (15, 16), (30, 8), (24, 12), (14, 16), (31, 8), (23, 12), (13, 16), (32, 8), (22, 12), (12, 16), (33, 8), (21, 12), (11, 16), (34, 8), (20, 12), (10, 16), (34, 7), (20, 11), (19, 12), (9, 16), (34, 6), (20, 10), (19, 11), (18, 12), (8, 16), (33, 6), (20, 9), (17, 12), (7, 16), (32, 6), (21, 9), (17, 13), (16, 12), (6, 16), (31, 6), (22, 9), (17, 14), (15, 12), (5, 16), (30, 6), (23, 9), (16, 14), (14, 12), (4, 16), (30, 5), (29, 6), (24, 9), (15, 14), (14, 11), (13, 12), (3, 16), (30, 4), (25, 9), (14, 14), (14, 10), (12, 12), (2, 16), (30, 3), (31, 4), (26, 9), (13, 14), (15, 10), (12, 13)]",33,0,33
114,"(1, 16)","(2, 16)",West,"[(1, 15) via South]","[(1, 16), (31, 3), (32, 4), (27, 9), (12, 14), (16, 10), (12, 10)]","[(31, 3), (32, 4), (27, 9), (12, 14), (16, 10), (12, 10), (1, 15)]","[(34, 16), (34, 15), (33, 16), (34, 14), (32, 16), (33, 14), (31, 16), (32, 14), (30, 16), (31, 14), (29, 16), (30, 14), (28, 16), (30, 13), (27, 16), (30, 12), (26, 16), (31, 12), (25, 16), (32, 12), (25, 15), (24, 16), (33, 12), (25, 14), (23, 16), (34, 12), (26, 14), (22, 16), (34, 11), (27, 14), (21, 16), (34, 10), (27, 13), (20, 16), (33, 10), (27, 12), (19, 16), (32, 10), (27, 11), (18, 16), (31, 10), (26, 11), (17, 16), (30, 10), (25, 11), (16, 16), (30, 9), (29, 10), (24, 11), (15, 16), (30, 8), (24, 12), (14, 16), (31, 8), (23, 12), (13, 16), (32, 8), (22, 12), (12, 16), (33, 8), (21, 12), (11, 16), (34, 8), (20, 12), (10, 16), (34, 7), (20, 11), (19, 12), (9, 16), (34, 6), (20, 10), (19, 11), (18, 12), (8, 16), (33, 6), (20, 9), (17, 12), (7, 16), (32, 6), (21, 9), (17, 13), (16, 12), (6, 16), (31, 6), (22, 9), (17, 14), (15, 12), (5, 16), (30, 6), (23, 9), (16, 14), (14, 12), (4, 16), (30, 5), (29, 6), (24, 9), (15, 14), (14, 11), (13, 12), (3, 16), (30, 4), (25, 9), (14, 14), (14, 10), (12, 12), (2, 16), (30, 3), (31, 4), (26, 9), (13, 14), (15, 10), (12, 13), (12, 11)]",33,0,33
115,"(31, 3)","(30, 3)",East,[],"[(31, 3), (32, 4), (27, 9), (12, 14), (16, 10), (12, 10), (1, 15)]","[(32, 4), (27, 9), (12, 14), (16, 10), (12, 10), (1, 15)]","[(34, 16), (34, 15), (33, 16), (34, 14), (32, 16), (33, 14), (31, 16), (32, 14), (30, 16), (31, 14), (29, 16), (30, 14), (28, 16), (30, 13), (27, 16), (30, 12), (26, 16), (31, 12), (25, 16), (32, 12), (25, 15), (24, 16), (33, 12), (25, 14), (23, 16), (34, 12), (26, 14), (22, 16), (34, 11), (27, 14), (21, 16), (34, 10), (27, 13), (20, 16), (33, 10), (27, 12), (19, 16), (32, 10), (27, 11), (18, 16), (31, 10), (26, 11), (17, 16), (30, 10), (25, 11), (16, 16), (30, 9), (29, 10), (24, 11), (15, 16), (30, 8), (24, 12), (14, 16), (31, 8), (23, 12), (13, 16), (32, 8), (22, 12), (12, 16), (33, 8), (21, 12), (11, 16), (34, 8), (20, 12), (10, 16), (34, 7), (20, 11), (19, 12), (9, 16), (34, 6), (20, 10), (19, 11), (18, 12), (8, 16), (33, 6), (20, 9), (17, 12), (7, 16), (32, 6), (21, 9), (17, 13), (16, 12), (6, 16), (31, 6), (22, 9), (17, 14), (15, 12), (5, 16), (30, 6), (23, 9), (16, 14), (14, 12), (4, 16), (30, 5), (29, 6), (24, 9), (15, 14), (14, 11), (13, 12), (3, 16), (30, 4), (25, 9), (14, 14), (14, 10), (12, 12), (2, 16), (30, 3), (31, 4), (26, 9), (13, 14), (15, 10), (12, 13), (12, 11), (1, 16)]",34,0,34
116,"(32, 4)","(31, 4)",East,"[(33, 4) via East]","[(32, 4), (27, 9), (12, 14), (16, 10), (12, 10), (1, 15)]","[(27, 9), (12, 14), (16, 10), (12, 10), (1, 15), (33, 4)]","[(34, 16), (34, 15), (33, 16), (34, 14), (32, 16), (33, 14), (31, 16), (32, 14), (30, 16), (31, 14), (29, 16), (30, 14), (28, 16), (30, 13), (27, 16), (30, 12), (26, 16), (31, 12), (25, 16), (32, 12), (25, 15), (24, 16), (33, 12), (25, 14), (23, 16), (34, 12), (26, 14), (22, 16), (34, 11), (27, 14), (21, 16), (34, 10), (27, 13), (20, 16), (33, 10), (27, 12), (19, 16), (32, 10), (27, 11), (18, 16), (31, 10), (26, 11), (17, 16), (30, 10), (25, 11), (16, 16), (30, 9), (29, 10), (24, 11), (15, 16), (30, 8), (24, 12), (14, 16), (31, 8), (23, 12), (13, 16), (32, 8), (22, 12), (12, 16), (33, 8), (21, 12), (11, 16), (34, 8), (20, 12), (10, 16), (34, 7), (20, 11), (19, 12), (9, 16), (34, 6), (20, 10), (19, 11), (18, 12), (8, 16), (33, 6), (20, 9), (17, 12), (7, 16), (32, 6), (21, 9), (17, 13), (16, 12), (6, 16), (31, 6), (22, 9), (17, 14), (15, 12), (5, 16), (30, 6), (23, 9), (16, 14), (14, 12), (4, 16), (30, 5), (29, 6), (24, 9), (15, 14), (14, 11), (13, 12), (3, 16), (30, 4), (25, 9), (14, 14), (14, 10), (12, 12), (2, 16), (30, 3), (31, 4), (26, 9), (13, 14), (15, 10), (12, 13), (12, 11), (1, 16), (31, 3)]",34,0,34
117,"(27, 9)","(26, 9)",East,"[(27, 8) via South]","[(27, 9), (12, 14), (16, 10), (12, 10), (1, 15), (33, 4)]","[(12, 14), (16, 10), (12, 10), (1, 15), (33, 4), (27, 8)]","[(34, 16), (34, 15), (33, 16), (34, 14), (32, 16), (33, 14), (31, 16), (32, 14), (30, 16), (31, 14), (29, 16), (30, 14), (28, 16), (30, 13), (27, 16), (30, 12), (26, 16), (31, 12), (25, 16), (32, 12), (25, 15), (24, 16), (33, 12), (25, 14), (23, 16), (34, 12), (26, 14), (22, 16), (34, 11), (27, 14), (21, 16), (34, 10), (27, 13), (20, 16), (33, 10), (27, 12), (19, 16), (32, 10), (27, 11), (18, 16), (31, 10), (26, 11), (17, 16), (30, 10), (25, 11), (16, 16), (30, 9), (29, 10), (24, 11), (15, 16), (30, 8), (24, 12), (14, 16), (31, 8), (23, 12), (13, 16), (32, 8), (22, 12), (12, 16), (33, 8), (21, 12), (11, 16), (34, 8), (20, 12), (10, 16), (34, 7), (20, 11), (19, 12), (9, 16), (34, 6), (20, 10), (19, 11), (18, 12), (8, 16), (33, 6), (20, 9), (17, 12), (7, 16), (32, 6), (21, 9), (17, 13), (16, 12), (6, 16), (31, 6), (22, 9), (17, 14), (15, 12), (5, 16), (30, 6), (23, 9), (16, 14), (14, 12), (4, 16), (30, 5), (29, 6), (24, 9), (15, 14), (14, 11), (13, 12), (3, 16), (30, 4), (25, 9), (14, 14), (14, 10), (12, 12), (2, 16), (30, 3), (31, 4), (26, 9), (13, 14), (15, 10), (12, 13), (12, 11), (1, 16), (31, 3), (32, 4)]",34,0,34
118,"(12, 14)","(13, 14)",West,[],"[(12, 14), (16, 10), (12, 10), (1, 15), (33, 4), (27, 8)]","[(16, 10), (12, 10), (1, 15), (33, 4), (27, 8)]","[(34, 16), (34, 15), (33, 16), (34, 14), (32, 16), (33, 14), (31, 16), (32, 14), (30, 16), (31, 14), (29, 16), (30, 14), (28, 16), (30, 13), (27, 16), (30, 12), (26, 16), (31, 12), (25, 16), (32, 12), (25, 15), (24, 16), (33, 12), (25, 14), (23, 16), (34, 12), (26, 14), (22, 16), (34, 11), (27, 14), (21, 16), (34, 10), (27, 13), (20, 16), (33, 10), (27, 12), (19, 16), (32, 10), (27, 11), (18, 16), (31, 10), (26, 11), (17, 16), (30, 10), (25, 11), (16, 16), (30, 9), (29, 10), (24, 11), (15, 16), (30, 8), (24, 12), (14, 16), (31, 8), (23, 12), (13, 16), (32, 8), (22, 12), (12, 16), (33, 8), (21, 12), (11, 16), (34, 8), (20, 12), (10, 16), (34, 7), (20, 11), (19, 12), (9, 16), (34, 6), (20, 10), (19, 11), (18, 12), (8, 16), (33, 6), (20, 9), (17, 12), (7, 16), (32, 6), (21, 9), (17, 13), (16, 12), (6, 16), (31, 6), (22, 9), (17, 14), (15, 12), (5, 16), (30, 6), (23, 9), (16, 14), (14, 12), (4, 16), (30, 5), (29, 6), (24, 9), (15, 14), (14, 11), (13, 12), (3, 16), (30, 4), (25, 9), (14, 14), (14, 10), (12, 12), (2, 16), (30, 3), (31, 4), (26, 9), (13, 14), (15, 10), (12, 13), (12, 11), (1, 16), (31, 3), (32, 4), (27, 9)]",34,0,34
119,"(16, 10)","(15, 10)",East,"[(17, 10) via East]","[(16, 10), (12, 10), (1, 15), (33, 4), (27, 8)]","[(12, 10), (1, 15), (33, 4), (27, 8), (17, 10)]","[(34, 16), (34, 15), (33, 16), (34, 14), (32, 16), (33, 14), (31, 16), (32, 14), (30, 16), (31, 14), (29, 16), (30, 14), (28, 16), (30, 13), (27, 16), (30, 12), (26, 16), (31, 12), (25, 16), (32, 12), (25, 15), (24, 16), (33, 12), (25, 14), (23, 16), (34, 12), (26, 14), (22, 16), (34, 11), (27, 14), (21, 16), (34, 10), (27, 13), (20, 16), (33, 10), (27, 12), (19, 16), (32, 10), (27, 11), (18, 16), (31, 10), (26, 11), (17, 16), (30, 10), (25, 11), (16, 16), (30, 9), (29, 10), (24, 11), (15, 16), (30, 8), (24, 12), (14, 16), (31, 8), (23, 12), (13, 16), (32, 8), (22, 12), (12, 16), (33, 8), (21, 12), (11, 16), (34, 8), (20, 12), (10, 16), (34, 7), (20, 11), (19, 12), (9, 16), (34, 6), (20, 10), (19, 11), (18, 12), (8, 16), (33, 6), (20, 9), (17, 12), (7, 16), (32, 6), (21, 9), (17, 13), (16, 12), (6, 16), (31, 6), (22, 9), (17, 14), (15, 12), (5, 16), (30, 6), (23, 9), (16, 14), (14, 12), (4, 16), (30, 5), (29, 6), (24, 9), (15, 14), (14, 11), (13, 12), (3, 16), (30, 4), (25, 9), (14, 14), (14, 10), (12, 12), (2, 16), (30, 3), (31, 4), (26, 9), (13, 14), (15, 10), (12, 13), (12, 11), (1, 16), (31, 3), (32, 4), (27, 9), (12, 14)]",34,0,34
120,"(12, 10)","(12, 11)",South,"[(11, 10) via West]","[(12, 10), (1, 15), (33, 4), (27, 8), (17, 10)]","[(1, 15), (33, 4), (27, 8), (17, 10), (11, 10)]","[(34, 16), (34, 15), (33, 16), (34, 14), (32, 16), (33, 14), (31, 16), (32, 14), (30, 16), (31, 14), (29, 16), (30, 14), (28, 16), (30, 13), (27, 16), (30, 12), (26, 16), (31, 12), (25, 16), (32, 12), (25, 15), (24, 16), (33, 12), (25, 14), (23, 16), (34, 12), (26, 14), (22, 16), (34, 11), (27, 14), (21, 16), (34, 10), (27, 13), (20, 16), (33, 10), (27, 12), (19, 16), (32, 10), (27, 11), (18, 16), (31, 10), (26, 11), (17, 16), (30, 10), (25, 11), (16, 16), (30, 9), (29, 10), (24, 11), (15, 16), (30, 8), (24, 12), (14, 16), (31, 8), (23, 12), (13, 16), (32, 8), (22, 12), (12, 16), (33, 8), (21, 12), (11, 16), (34, 8), (20, 12), (10, 16), (34, 7), (20, 11), (19, 12), (9, 16), (34, 6), (20, 10), (19, 11), (18, 12), (8, 16), (33, 6), (20, 9), (17, 12), (7, 16), (32, 6), (21, 9), (17, 13), (16, 12), (6, 16), (31, 6), (22, 9), (17, 14), (15, 12), (5, 16), (30, 6), (23, 9), (16, 14), (14, 12), (4, 16), (30, 5), (29, 6), (24, 9), (15, 14), (14, 11), (13, 12), (3, 16), (30, 4), (25, 9), (14, 14), (14, 10), (12, 12), (2, 16), (30, 3), (31, 4), (26, 9), (13, 14), (15, 10), (12, 13), (12, 11), (1, 16), (31, 3), (32, 4), (27, 9), (12, 14), (16, 10)]",34,0,34
121,"(1, 15)","(1, 16)",South,"[(1, 14) via South]","[(1, 15), (33, 4), (27, 8), (17, 10), (11, 10)]","[(33, 4), (27, 8), (17, 10), (11, 10), (1, 14)]","[(34, 16), (34, 15), (33, 16), (34, 14), (32, 16), (33, 14), (31, 16), (32, 14), (30, 16), (31, 14), (29, 16), (30, 14), (28, 16), (30, 13), (27, 16), (30, 12), (26, 16), (31, 12), (25, 16), (32, 12), (25, 15), (24, 16), (33, 12), (25, 14), (23, 16), (34, 12), (26, 14), (22, 16), (34, 11), (27, 14), (21, 16), (34, 10), (27, 13), (20, 16), (33, 10), (27, 12), (19, 16), (32, 10), (27, 11), (18, 16), (31, 10), (26, 11), (17, 16), (30, 10), (25, 11), (16, 16), (30, 9), (29, 10), (24, 11), (15, 16), (30, 8), (24, 12), (14, 16), (31, 8), (23, 12), (13, 16), (32, 8), (22, 12), (12, 16), (33, 8), (21, 12), (11, 16), (34, 8), (20, 12), (10, 16), (34, 7), (20, 11), (19, 12), (9, 16), (34, 6), (20, 10), (19, 11), (18, 12), (8, 16), (33, 6), (20, 9), (17, 12), (7, 16), (32, 6), (21, 9), (17, 13), (16, 12), (6, 16), (31, 6), (22, 9), (17, 14), (15, 12), (5, 16), (30, 6), (23, 9), (16, 14), (14, 12), (4, 16), (30, 5), (29, 6), (24, 9), (15, 14), (14, 11), (13, 12), (3, 16), (30, 4), (25, 9), (14, 14), (14, 10), (12, 12), (2, 16), (30, 3), (31, 4), (26, 9), (13, 14), (15, 10), (12, 13), (12, 11), (1, 16), (31, 3), (32, 4), (27, 9), (12, 14), (16, 10), (12, 10)]",34,0,34
122,"(33, 4)","(32, 4)",East,"[(34, 4) via East]","[(33, 4), (27, 8), (17, 10), (11, 10), (1, 14)]","[(27, 8), (17, 10), (11, 10), (1, 14), (34, 4)]","[(34, 16), (34, 15), (33, 16), (34, 14), (32, 16), (33, 14), (31, 16), (32, 14), (30, 16), (31, 14), (29, 16), (30, 14), (28, 16), (30, 13), (27, 16), (30, 12), (26, 16), (31, 12), (25, 16), (32, 12), (25, 15), (24, 16), (33, 12), (25, 14), (23, 16), (34, 12), (26, 14), (22, 16), (34, 11), (27, 14), (21, 16), (34, 10), (27, 13), (20, 16), (33, 10), (27, 12), (19, 16), (32, 10), (27, 11), (18, 16), (31, 10), (26, 11), (17, 16), (30, 10), (25, 11), (16, 16), (30, 9), (29, 10), (24, 11), (15, 16), (30, 8), (24, 12), (14, 16), (31, 8), (23, 12), (13, 16), (32, 8), (22, 12), (12, 16), (33, 8), (21, 12), (11, 16), (34, 8), (20, 12), (10, 16), (34, 7), (20, 11), (19, 12), (9, 16), (34, 6), (20, 10), (19, 11), (18, 12), (8, 16), (33, 6), (20, 9), (17, 12), (7, 16), (32, 6), (21, 9), (17, 13), (16, 12), (6, 16), (31, 6), (22, 9), (17, 14), (15, 12), (5, 16), (30, 6), (23, 9), (16, 14), (14, 12), (4, 16), (30, 5), (29, 6), (24, 9), (15, 14), (14, 11), (13, 12), (3, 16), (30, 4), (25, 9), (14, 14), (14, 10), (12, 12), (2, 16), (30, 3), (31, 4), (26, 9), (13, 14), (15, 10), (12, 13), (12, 11), (1, 16), (31, 3), (32, 4), (27, 9), (12, 14), (16, 10), (12, 10), (1, 15)]",35,0,35
123,"(27, 8)","(27, 9)",South,"[(27, 7) via South]","[(27, 8), (17, 10), (11, 10), (1, 14), (34, 4)]","[(17, 10), (11, 10), (1, 14), (34, 4), (27, 7)]","[(34, 16), (34, 15), (33, 16), (34, 14), (32, 16), (33, 14), (31, 16), (32, 14), (30, 16), (31, 14), (29, 16), (30, 14), (28, 16), (30, 13), (27, 16), (30, 12), (26, 16), (31, 12), (25, 16), (32, 12), (25, 15), (24, 16), (33, 12), (25, 14), (23, 16), (34, 12), (26, 14), (22, 16), (34, 11), (27, 14), (21, 16), (34, 10), (27, 13), (20, 16), (33, 10), (27, 12), (19, 16), (32, 10), (27, 11), (18, 16), (31, 10), (26, 11), (17, 16), (30, 10), (25, 11), (16, 16), (30, 9), (29, 10), (24, 11), (15, 16), (30, 8), (24, 12), (14, 16), (31, 8), (23, 12), (13, 16), (32, 8), (22, 12), (12, 16), (33, 8), (21, 12), (11, 16), (34, 8), (20, 12), (10, 16), (34, 7), (20, 11), (19, 12), (9, 16), (34, 6), (20, 10), (19, 11), (18, 12), (8, 16), (33, 6), (20, 9), (17, 12), (7, 16), (32, 6), (21, 9), (17, 13), (16, 12), (6, 16), (31, 6), (22, 9), (17, 14), (15, 12), (5, 16), (30, 6), (23, 9), (16, 14), (14, 12), (4, 16), (30, 5), (29, 6), (24, 9), (15, 14), (14, 11), (13, 12), (3, 16), (30, 4), (25, 9), (14, 14), (14, 10), (12, 12), (2, 16), (30, 3), (31, 4), (26, 9), (13, 14), (15, 10), (12, 13), (12, 11), (1, 16), (31, 3), (32, 4), (27, 9), (12, 14), (16, 10), (12, 10), (1, 15), (33, 4)]",35,0,35
124,"(17, 10)","(16, 10)",East,"[(17, 9) via South]","[(17, 10), (11, 10), (1, 14), (34, 4), (27, 7)]","[(11, 10), (1, 14), (34, 4), (27, 7), (17, 9)]","[(34, 16), (34, 15), (33, 16), (34, 14), (32, 16), (33, 14), (31, 16), (32, 14), (30, 16), (31, 14), (29, 16), (30, 14), (28, 16), (30, 13), (27, 16), (30, 12), (26, 16), (31, 12), (25, 16), (32, 12), (25, 15), (24, 16), (33, 12), (25, 14), (23, 16), (34, 12), (26, 14), (22, 16), (34, 11), (27, 14), (21, 16), (34, 10), (27, 13), (20, 16), (33, 10), (27, 12), (19, 16), (32, 10), (27, 11), (18, 16), (31, 10), (26, 11), (17, 16), (30, 10), (25, 11), (16, 16), (30, 9), (29, 10), (24, 11), (15, 16), (30, 8), (24, 12), (14, 16), (31, 8), (23, 12), (13, 16), (32, 8), (22, 12), (12, 16), (33, 8), (21, 12), (11, 16), (34, 8), (20, 12), (10, 16), (34, 7), (20, 11), (19, 12), (9, 16), (34, 6), (20, 10), (19, 11), (18, 12), (8, 16), (33, 6), (20, 9), (17, 12), (7, 16), (32, 6), (21, 9), (17, 13), (16, 12), (6, 16), (31, 6), (22, 9), (17, 14), (15, 12), (5, 16), (30, 6), (23, 9), (16, 14), (14, 12), (4, 16), (30, 5), (29, 6), (24, 9), (15, 14), (14, 11), (13, 12), (3, 16), (30, 4), (25, 9), (14, 14), (14, 10), (12, 12), (2, 16), (30, 3), (31, 4), (26, 9), (13, 14), (15, 10), (12, 13), (12, 11), (1, 16), (31, 3), (32, 4), (27, 9), (12, 14), (16, 10), (12, 10), (1, 15), (33, 4), (27, 8)]",35,0,35
125,"(11, 10)","(12, 10)",West,"[(10, 10) via West]","[(11, 10), (1, 14), (34, 4), (27, 7), (17, 9)]","[(1, 14), (34, 4), (27, 7), (17, 9), (10, 10)]","[(34, 16), (34, 15), (33, 16), (34, 14), (32, 16), (33, 14), (31, 16), (32, 14), (30, 16), (31, 14), (29, 16), (30, 14), (28, 16), (30, 13), (27, 16), (30, 12), (26, 16), (31, 12), (25, 16), (32, 12), (25, 15), (24, 16), (33, 12), (25, 14), (23, 16), (34, 12), (26, 14), (22, 16), (34, 11), (27, 14), (21, 16), (34, 10), (27, 13), (20, 16), (33, 10), (27, 12), (19, 16), (32, 10), (27, 11), (18, 16), (31, 10), (26, 11), (17, 16), (30, 10), (25, 11), (16, 16), (30, 9), (29, 10), (24, 11), (15, 16), (30, 8), (24, 12), (14, 16), (31, 8), (23, 12), (13, 16), (32, 8), (22, 12), (12, 16), (33, 8), (21, 12), (11, 16), (34, 8), (20, 12), (10, 16), (34, 7), (20, 11), (19, 12), (9, 16), (34, 6), (20, 10), (19, 11), (18, 12), (8, 16), (33, 6), (20, 9), (17, 12), (7, 16), (32, 6), (21, 9), (17, 13), (16, 12), (6, 16), (31, 6), (22, 9), (17, 14), (15, 12), (5, 16), (30, 6), (23, 9), (16, 14), (14, 12), (4, 16), (30, 5), (29, 6), (24, 9), (15, 14), (14, 11), (13, 12), (3, 16), (30, 4), (25, 9), (14, 14), (14, 10), (12, 12), (2, 16), (30, 3), (31, 4), (26, 9), (13, 14), (15, 10), (12, 13), (12, 11), (1, 16), (31, 3), (32, 4), (27, 9), (12, 14), (16, 10), (12, 10), (1, 15), (33, 4), (27, 8), (17, 10)]",35,0,35
126,"(1, 14)","(1, 15)",South,"[(1, 13) via South]","[(1, 14), (34, 4), (27, 7), (17, 9), (10, 10)]","[(34, 4), (27, 7), (17, 9), (10, 10), (1, 13)]","[(34, 16), (34, 15), (33, 16), (34, 14), (32, 16), (33, 14), (31, 16), (32, 14), (30, 16), (31, 14), (29, 16), (30, 14), (28, 16), (30, 13), (27, 16), (30, 12), (26, 16), (31, 12), (25, 16), (32, 12), (25, 15), (24, 16), (33, 12), (25, 14), (23, 16), (34, 12), (26, 14), (22, 16), (34, 11), (27, 14), (21, 16), (34, 10), (27, 13), (20, 16), (33, 10), (27, 12), (19, 16), (32, 10), (27, 11), (18, 16), (31, 10), (26, 11), (17, 16), (30, 10), (25, 11), (16, 16), (30, 9), (29, 10), (24, 11), (15, 16), (30, 8), (24, 12), (14, 16), (31, 8), (23, 12), (13, 16), (32, 8), (22, 12), (12, 16), (33, 8), (21, 12), (11, 16), (34, 8), (20, 12), (10, 16), (34, 7), (20, 11), (19, 12), (9, 16), (34, 6), (20, 10), (19, 11), (18, 12), (8, 16), (33, 6), (20, 9), (17, 12), (7, 16), (32, 6), (21, 9), (17, 13), (16, 12), (6, 16), (31, 6), (22, 9), (17, 14), (15, 12), (5, 16), (30, 6), (23, 9), (16, 14), (14, 12), (4, 16), (30, 5), (29, 6), (24, 9), (15, 14), (14, 11), (13, 12), (3, 16), (30, 4), (25, 9), (14, 14), (14, 10), (12, 12), (2, 16), (30, 3), (31, 4), (26, 9), (13, 14), (15, 10), (12, 13), (12, 11), (1, 16), (31, 3), (32, 4), (27, 9), (12, 14), (16, 10), (12, 10), (1, 15), (33, 4), (27, 8), (17, 10), (11, 10)]",35,0,35
127,"(34, 4)","(33, 4)",East,"[(34, 3) via South]","[(34, 4), (27, 7), (17, 9), (10, 10), (1, 13)]","[(27, 7), (17, 9), (10, 10), (1, 13), (34, 3)]","[(34, 16), (34, 15), (33, 16), (34, 14), (32, 16), (33, 14), (31, 16), (32, 14), (30, 16), (31, 14), (29, 16), (30, 14), (28, 16), (30, 13), (27, 16), (30, 12), (26, 16), (31, 12), (25, 16), (32, 12), (25, 15), (24, 16), (33, 12), (25, 14), (23, 16), (34, 12), (26, 14), (22, 16), (34, 11), (27, 14), (21, 16), (34, 10), (27, 13), (20, 16), (33, 10), (27, 12), (19, 16), (32, 10), (27, 11), (18, 16), (31, 10), (26, 11), (17, 16), (30, 10), (25, 11), (16, 16), (30, 9), (29, 10), (24, 11), (15, 16), (30, 8), (24, 12), (14, 16), (31, 8), (23, 12), (13, 16), (32, 8), (22, 12), (12, 16), (33, 8), (21, 12), (11, 16), (34, 8), (20, 12), (10, 16), (34, 7), (20, 11), (19, 12), (9, 16), (34, 6), (20, 10), (19, 11), (18, 12), (8, 16), (33, 6), (20, 9), (17, 12), (7, 16), (32, 6), (21, 9), (17, 13), (16, 12), (6, 16), (31, 6), (22, 9), (17, 14), (15, 12), (5, 16), (30, 6), (23, 9), (16, 14), (14, 12), (4, 16), (30, 5), (29, 6), (24, 9), (15, 14), (14, 11), (13, 12), (3, 16), (30, 4), (25, 9), (14, 14), (14, 10), (12, 12), (2, 16), (30, 3), (31, 4), (26, 9), (13, 14), (15, 10), (12, 13), (12, 11), (1, 16), (31, 3), (32, 4), (27, 9), (12, 14), (16, 10), (12, 10), (1, 15), (33, 4), (27, 8), (17, 10), (11, 10), (1, 14)]",36,0,36
128,"(27, 7)","(27, 8)",South,"[(27, 6) via South]","[(27, 7), (17, 9), (10, 10), (1, 13), (34, 3)]","[(17, 9), (10, 10), (1, 13), (34, 3), (27, 6)]","[(34, 16), (34, 15), (33, 16), (34, 14), (32, 16), (33, 14), (31, 16), (32, 14), (30, 16), (31, 14), (29, 16), (30, 14), (28, 16), (30, 13), (27, 16), (30, 12), (26, 16), (31, 12), (25, 16), (32, 12), (25, 15), (24, 16), (33, 12), (25, 14), (23, 16), (34, 12), (26, 14), (22, 16), (34, 11), (27, 14), (21, 16), (34, 10), (27, 13), (20, 16), (33, 10), (27, 12), (19, 16), (32, 10), (27, 11), (18, 16), (31, 10), (26, 11), (17, 16), (30, 10), (25, 11), (16, 16), (30, 9), (29, 10), (24, 11), (15, 16), (30, 8), (24, 12), (14, 16), (31, 8), (23, 12), (13, 16), (32, 8), (22, 12), (12, 16), (33, 8), (21, 12), (11, 16), (34, 8), (20, 12), (10, 16), (34, 7), (20, 11), (19, 12), (9, 16), (34, 6), (20, 10), (19, 11), (18, 12), (8, 16), (33, 6), (20, 9), (17, 12), (7, 16), (32, 6), (21, 9), (17, 13), (16, 12), (6, 16), (31, 6), (22, 9), (17, 14), (15, 12), (5, 16), (30, 6), (23, 9), (16, 14), (14, 12), (4, 16), (30, 5), (29, 6), (24, 9), (15, 14), (14, 11), (13, 12), (3, 16), (30, 4), (25, 9), (14, 14), (14, 10), (12, 12), (2, 16), (30, 3), (31, 4), (26, 9), (13, 14), (15, 10), (12, 13), (12, 11), (1, 16), (31, 3), (32, 4), (27, 9), (12, 14), (16, 10), (12, 10), (1, 15), (33, 4), (27, 8), (17, 10), (11, 10), (1, 14), (34, 4)]",36,0,36
129,"(17, 9)","(17, 10)",South,"[(17, 8) via South]","[(17, 9), (10, 10), (1, 13), (34, 3), (27, 6)]","[(10, 10), (1, 13), (34, 3), (27, 6), (17, 8)]","[(34, 16), (34, 15), (33, 16), (34, 14), (32, 16), (33, 14), (31, 16), (32, 14), (30, 16), (31, 14), (29, 16), (30, 14), (28, 16), (30, 13), (27, 16), (30, 12), (26, 16), (31, 12), (25, 16), (32, 12), (25, 15), (24, 16), (33, 12), (25, 14), (23, 16), (34, 12), (26, 14), (22, 16), (34, 11), (27, 14), (21, 16), (34, 10), (27, 13), (20, 16), (33, 10), (27, 12), (19, 16), (32, 10), (27, 11), (18, 16), (31, 10), (26, 11), (17, 16), (30, 10), (25, 11), (16, 16), (30, 9), (29, 10), (24, 11), (15, 16), (30, 8), (24, 12), (14, 16), (31, 8), (23, 12), (13, 16), (32, 8), (22, 12), (12, 16), (33, 8), (21, 12), (11, 16), (34, 8), (20, 12), (10, 16), (34, 7), (20, 11), (19, 12), (9, 16), (34, 6), (20, 10), (19, 11), (18, 12), (8, 16), (33, 6), (20, 9), (17, 12), (7, 16), (32, 6), (21, 9), (17, 13), (16, 12), (6, 16), (31, 6), (22, 9), (17, 14), (15, 12), (5, 16), (30, 6), (23, 9), (16, 14), (14, 12), (4, 16), (30, 5), (29, 6), (24, 9), (15, 14), (14, 11), (13, 12), (3, 16), (30, 4), (25, 9), (14, 14), (14, 10), (12, 12), (2, 16), (30, 3), (31, 4), (26, 9), (13, 14), (15, 10), (12, 13), (12, 11), (1, 16), (31, 3), (32, 4), (27, 9), (12, 14), (16, 10), (12, 10), (1, 15), (33, 4), (27, 8), (17, 10), (11, 10), (1, 14), (34, 4), (27, 7)]",36,0,36
130,"(10, 10)","(11, 10)",West,"[(10, 11) via North]","[(10, 10), (1, 13), (34, 3), (27, 6), (17, 8)]","[(1, 13), (34, 3), (27, 6), (17, 8), (10, 11)]","[(34, 16), (34, 15), (33, 16), (34, 14), (32, 16), (33, 14), (31, 16), (32, 14), (30, 16), (31, 14), (29, 16), (30, 14), (28, 16), (30, 13), (27, 16), (30, 12), (26, 16), (31, 12), (25, 16), (32, 12), (25, 15), (24, 16), (33, 12), (25, 14), (23, 16), (34, 12), (26, 14), (22, 16), (34, 11), (27, 14), (21, 16), (34, 10), (27, 13), (20, 16), (33, 10), (27, 12), (19, 16), (32, 10), (27, 11), (18, 16), (31, 10), (26, 11), (17, 16), (30, 10), (25, 11), (16, 16), (30, 9), (29, 10), (24, 11), (15, 16), (30, 8), (24, 12), (14, 16), (31, 8), (23, 12), (13, 16), (32, 8), (22, 12), (12, 16), (33, 8), (21, 12), (11, 16), (34, 8), (20, 12), (10, 16), (34, 7), (20, 11), (19, 12), (9, 16), (34, 6), (20, 10), (19, 11), (18, 12), (8, 16), (33, 6), (20, 9), (17, 12), (7, 16), (32, 6), (21, 9), (17, 13), (16, 12), (6, 16), (31, 6), (22, 9), (17, 14), (15, 12), (5, 16), (30, 6), (23, 9), (16, 14), (14, 12), (4, 16), (30, 5), (29, 6), (24, 9), (15, 14), (14, 11), (13, 12), (3, 16), (30, 4), (25, 9), (14, 14), (14, 10), (12, 12), (2, 16), (30, 3), (31, 4), (26, 9), (13, 14), (15, 10), (12, 13), (12, 11), (1, 16), (31, 3), (32, 4), (27, 9), (12, 14), (16, 10), (12, 10), (1, 15), (33, 4), (27, 8), (17, 10), (11, 10), (1, 14), (34, 4), (27, 7), (17, 9)]",36,0,36
131,"(1, 13)","(1, 14)",South,"[(1, 12) via South]","[(1, 13), (34, 3), (27, 6), (17, 8), (10, 11)]","[(34, 3), (27, 6), (17, 8), (10, 11), (1, 12)]","[(34, 16), (34, 15), (33, 16), (34, 14), (32, 16), (33, 14), (31, 16), (32, 14), (30, 16), (31, 14), (29, 16), (30, 14), (28, 16), (30, 13), (27, 16), (30, 12), (26, 16), (31, 12), (25, 16), (32, 12), (25, 15), (24, 16), (33, 12), (25, 14), (23, 16), (34, 12), (26, 14), (22, 16), (34, 11), (27, 14), (21, 16), (34, 10), (27, 13), (20, 16), (33, 10), (27, 12), (19, 16), (32, 10), (27, 11), (18, 16), (31, 10), (26, 11), (17, 16), (30, 10), (25, 11), (16, 16), (30, 9), (29, 10), (24, 11), (15, 16), (30, 8), (24, 12), (14, 16), (31, 8), (23, 12), (13, 16), (32, 8), (22, 12), (12, 16), (33, 8), (21, 12), (11, 16), (34, 8), (20, 12), (10, 16), (34, 7), (20, 11), (19, 12), (9, 16), (34, 6), (20, 10), (19, 11), (18, 12), (8, 16), (33, 6), (20, 9), (17, 12), (7, 16), (32, 6), (21, 9), (17, 13), (16, 12), (6, 16), (31, 6), (22, 9), (17, 14), (15, 12), (5, 16), (30, 6), (23, 9), (16, 14), (14, 12), (4, 16), (30, 5), (29, 6), (24, 9), (15, 14), (14, 11), (13, 12), (3, 16), (30, 4), (25, 9), (14, 14), (14, 10), (12, 12), (2, 16), (30, 3), (31, 4), (26, 9), (13, 14), (15, 10), (12, 13), (12, 11), (1, 16), (31, 3), (32, 4), (27, 9), (12, 14), (16, 10), (12, 10), (1, 15), (33, 4), (27, 8), (17, 10), (11, 10), (1, 14), (34, 4), (27, 7), (17, 9), (10, 10)]",36,0,36
132,"(34, 3)","(34, 4)",South,"[(34, 2) via South]","[(34, 3), (27, 6), (17, 8), (10, 11), (1, 12)]","[(27, 6), (17, 8), (10, 11), (1, 12), (34, 2)]","[(34, 16), (34, 15), (33, 16), (34, 14), (32, 16), (33, 14), (31, 16), (32, 14), (30, 16), (31, 14), (29, 16), (30, 14), (28, 16), (30, 13), (27, 16), (30, 12), (26, 16), (31, 12), (25, 16), (32, 12), (25, 15), (24, 16), (33, 12), (25, 14), (23, 16), (34, 12), (26, 14), (22, 16), (34, 11), (27, 14), (21, 16), (34, 10), (27, 13), (20, 16), (33, 10), (27, 12), (19, 16), (32, 10), (27, 11), (18, 16), (31, 10), (26, 11), (17, 16), (30, 10), (25, 11), (16, 16), (30, 9), (29, 10), (24, 11), (15, 16), (30, 8), (24, 12), (14, 16), (31, 8), (23, 12), (13, 16), (32, 8), (22, 12), (12, 16), (33, 8), (21, 12), (11, 16), (34, 8), (20, 12), (10, 16), (34, 7), (20, 11), (19, 12), (9, 16), (34, 6), (20, 10), (19, 11), (18, 12), (8, 16), (33, 6), (20, 9), (17, 12), (7, 16), (32, 6), (21, 9), (17, 13), (16, 12), (6, 16), (31, 6), (22, 9), (17, 14), (15, 12), (5, 16), (30, 6), (23, 9), (16, 14), (14, 12), (4, 16), (30, 5), (29, 6), (24, 9), (15, 14), (14, 11), (13, 12), (3, 16), (30, 4), (25, 9), (14, 14), (14, 10), (12, 12), (2, 16), (30, 3), (31, 4), (26, 9), (13, 14), (15, 10), (12, 13), (12, 11), (1, 16), (31, 3), (32, 4), (27, 9), (12, 14), (16, 10), (12, 10), (1, 15), (33, 4), (27, 8), (17, 10), (11, 10), (1, 14), (34, 4), (27, 7), (17, 9), (10, 10), (1, 13)]",37,0,37
133,"(27, 6)","(27, 7)",South,"[(27, 5) via South]","[(27, 6), (17, 8), (10, 11), (1, 12), (34, 2)]","[(17, 8), (10, 11), (1, 12), (34, 2), (27, 5)]","[(34, 16), (34, 15), (33, 16), (34, 14), (32, 16), (33, 14), (31, 16), (32, 14), (30, 16), (31, 14), (29, 16), (30, 14), (28, 16), (30, 13), (27, 16), (30, 12), (26, 16), (31, 12), (25, 16), (32, 12), (25, 15), (24, 16), (33, 12), (25, 14), (23, 16), (34, 12), (26, 14), (22, 16), (34, 11), (27, 14), (21, 16), (34, 10), (27, 13), (20, 16), (33, 10), (27, 12), (19, 16), (32, 10), (27, 11), (18, 16), (31, 10), (26, 11), (17, 16), (30, 10), (25, 11), (16, 16), (30, 9), (29, 10), (24, 11), (15, 16), (30, 8), (24, 12), (14, 16), (31, 8), (23, 12), (13, 16), (32, 8), (22, 12), (12, 16), (33, 8), (21, 12), (11, 16), (34, 8), (20, 12), (10, 16), (34, 7), (20, 11), (19, 12), (9, 16), (34, 6), (20, 10), (19, 11), (18, 12), (8, 16), (33, 6), (20, 9), (17, 12), (7, 16), (32, 6), (21, 9), (17, 13), (16, 12), (6, 16), (31, 6), (22, 9), (17, 14), (15, 12), (5, 16), (30, 6), (23, 9), (16, 14), (14, 12), (4, 16), (30, 5), (29, 6), (24, 9), (15, 14), (14, 11), (13, 12), (3, 16), (30, 4), (25, 9), (14, 14), (14, 10), (12, 12), (2, 16), (30, 3), (31, 4), (26, 9), (13, 14), (15, 10), (12, 13), (12, 11), (1, 16), (31, 3), (32, 4), (27, 9), (12, 14), (16, 10), (12, 10), (1, 15), (33, 4), (27, 8), (17, 10), (11, 10), (1, 14), (34, 4), (27, 7), (17, 9), (10, 10), (1, 13), (34, 3)]",37,0,37
134,"(17, 8)","(17, 9)",South,"[(16, 8) via West]","[(17, 8), (10, 11), (1, 12), (34, 2), (27, 5)]","[(10, 11), (1, 12), (34, 2), (27, 5), (16, 8)]","[(34, 16), (34, 15), (33, 16), (34, 14), (32, 16), (33, 14), (31, 16), (32, 14), (30, 16), (31, 14), (29, 16), (30, 14), (28, 16), (30, 13), (27, 16), (30, 12), (26, 16), (31, 12), (25, 16), (32, 12), (25, 15), (24, 16), (33, 12), (25, 14), (23, 16), (34, 12), (26, 14), (22, 16), (34, 11), (27, 14), (21, 16), (34, 10), (27, 13), (20, 16), (33, 10), (27, 12), (19, 16), (32, 10), (27, 11), (18, 16), (31, 10), (26, 11), (17, 16), (30, 10), (25, 11), (16, 16), (30, 9), (29, 10), (24, 11), (15, 16), (30, 8), (24, 12), (14, 16), (31, 8), (23, 12), (13, 16), (32, 8), (22, 12), (12, 16), (33, 8), (21, 12), (11, 16), (34, 8), (20, 12), (10, 16), (34, 7), (20, 11), (19, 12), (9, 16), (34, 6), (20, 10), (19, 11), (18, 12), (8, 16), (33, 6), (20, 9), (17, 12), (7, 16), (32, 6), (21, 9), (17, 13), (16, 12), (6, 16), (31, 6), (22, 9), (17, 14), (15, 12), (5, 16), (30, 6), (23, 9), (16, 14), (14, 12), (4, 16), (30, 5), (29, 6), (24, 9), (15, 14), (14, 11), (13, 12), (3, 16), (30, 4), (25, 9), (14, 14), (14, 10), (12, 12), (2, 16), (30, 3), (31, 4), (26, 9), (13, 14), (15, 10), (12, 13), (12, 11), (1, 16), (31, 3), (32, 4), (27, 9), (12, 14), (16, 10), (12, 10), (1, 15), (33, 4), (27, 8), (17, 10), (11, 10), (1, 14), (34, 4), (27, 7), (17, 9), (10, 10), (1, 13), (34, 3), (27, 6)]",37,0,37
135,"(10, 11)","(10, 10)",North,"[(10, 12) via North]","[(10, 11), (1, 12), (34, 2), (27, 5), (16, 8)]","[(1, 12), (34, 2), (27, 5), (16, 8), (10, 12)]","[(34, 16), (34, 15), (33, 16), (34, 14), (32, 16), (33, 14), (31, 16), (32, 14), (30, 16), (31, 14), (29, 16), (30, 14), (28, 16), (30, 13), (27, 16), (30, 12), (26, 16), (31, 12), (25, 16), (32, 12), (25, 15), (24, 16), (33, 12), (25, 14), (23, 16), (34, 12), (26, 14), (22, 16), (34, 11), (27, 14), (21, 16), (34, 10), (27, 13), (20, 16), (33, 10), (27, 12), (19, 16), (32, 10), (27, 11), (18, 16), (31, 10), (26, 11), (17, 16), (30, 10), (25, 11), (16, 16), (30, 9), (29, 10), (24, 11), (15, 16), (30, 8), (24, 12), (14, 16), (31, 8), (23, 12), (13, 16), (32, 8), (22, 12), (12, 16), (33, 8), (21, 12), (11, 16), (34, 8), (20, 12), (10, 16), (34, 7), (20, 11), (19, 12), (9, 16), (34, 6), (20, 10), (19, 11), (18, 12), (8, 16), (33, 6), (20, 9), (17, 12), (7, 16), (32, 6), (21, 9), (17, 13), (16, 12), (6, 16), (31, 6), (22, 9), (17, 14), (15, 12), (5, 16), (30, 6), (23, 9), (16, 14), (14, 12), (4, 16), (30, 5), (29, 6), (24, 9), (15, 14), (14, 11), (13, 12), (3, 16), (30, 4), (25, 9), (14, 14), (14, 10), (12, 12), (2, 16), (30, 3), (31, 4), (26, 9), (13, 14), (15, 10), (12, 13), (12, 11), (1, 16), (31, 3), (32, 4), (27, 9), (12, 14), (16, 10), (12, 10), (1, 15), (33, 4), (27, 8), (17, 10), (11, 10), (1, 14), (34, 4), (27, 7), (17, 9), (10, 10), (1, 13), (34, 3), (27, 6), (17, 8)]",37,0,37
136,"(1, 12)","(1, 13)",South,"[(1, 11) via South]","[(1, 12), (34, 2), (27, 5), (16, 8), (10, 12)]","[(34, 2), (27, 5), (16, 8), (10, 12), (1, 11)]","[(34, 16), (34, 15), (33, 16), (34, 14), (32, 16), (33, 14), (31, 16), (32, 14), (30, 16), (31, 14), (29, 16), (30, 14), (28, 16), (30, 13), (27, 16), (30, 12), (26, 16), (31, 12), (25, 16), (32, 12), (25, 15), (24, 16), (33, 12), (25, 14), (23, 16), (34, 12), (26, 14), (22, 16), (34, 11), (27, 14), (21, 16), (34, 10), (27, 13), (20, 16), (33, 10), (27, 12), (19, 16), (32, 10), (27, 11), (18, 16), (31, 10), (26, 11), (17, 16), (30, 10), (25, 11), (16, 16), (30, 9), (29, 10), (24, 11), (15, 16), (30, 8), (24, 12), (14, 16), (31, 8), (23, 12), (13, 16), (32, 8), (22, 12), (12, 16), (33, 8), (21, 12), (11, 16), (34, 8), (20, 12), (10, 16), (34, 7), (20, 11), (19, 12), (9, 16), (34, 6), (20, 10), (19, 11), (18, 12), (8, 16), (33, 6), (20, 9), (17, 12), (7, 16), (32, 6), (21, 9), (17, 13), (16, 12), (6, 16), (31, 6), (22, 9), (17, 14), (15, 12), (5, 16), (30, 6), (23, 9), (16, 14), (14, 12), (4, 16), (30, 5), (29, 6), (24, 9), (15, 14), (14, 11), (13, 12), (3, 16), (30, 4), (25, 9), (14, 14), (14, 10), (12, 12), (2, 16), (30, 3), (31, 4), (26, 9), (13, 14), (15, 10), (12, 13), (12, 11), (1, 16), (31, 3), (32, 4), (27, 9), (12, 14), (16, 10), (12, 10), (1, 15), (33, 4), (27, 8), (17, 10), (11, 10), (1, 14), (34, 4), (27, 7), (17, 9), (10, 10), (1, 13), (34, 3), (27, 6), (17, 8), (10, 11)]",37,0,37
137,"(34, 2)","(34, 3)",South,"[(34, 1) via South]","[(34, 2), (27, 5), (16, 8), (10, 12), (1, 11)]","[(27, 5), (16, 8), (10, 12), (1, 11), (34, 1)]","[(34, 16), (34, 15), (33, 16), (34, 14), (32, 16), (33, 14), (31, 16), (32, 14), (30, 16), (31, 14), (29, 16), (30, 14), (28, 16), (30, 13), (27, 16), (30, 12), (26, 16), (31, 12), (25, 16), (32, 12), (25, 15), (24, 16), (33, 12), (25, 14), (23, 16), (34, 12), (26, 14), (22, 16), (34, 11), (27, 14), (21, 16), (34, 10), (27, 13), (20, 16), (33, 10), (27, 12), (19, 16), (32, 10), (27, 11), (18, 16), (31, 10), (26, 11), (17, 16), (30, 10), (25, 11), (16, 16), (30, 9), (29, 10), (24, 11), (15, 16), (30, 8), (24, 12), (14, 16), (31, 8), (23, 12), (13, 16), (32, 8), (22, 12), (12, 16), (33, 8), (21, 12), (11, 16), (34, 8), (20, 12), (10, 16), (34, 7), (20, 11), (19, 12), (9, 16), (34, 6), (20, 10), (19, 11), (18, 12), (8, 16), (33, 6), (20, 9), (17, 12), (7, 16), (32, 6), (21, 9), (17, 13), (16, 12), (6, 16), (31, 6), (22, 9), (17, 14), (15, 12), (5, 16), (30, 6), (23, 9), (16, 14), (14, 12), (4, 16), (30, 5), (29, 6), (24, 9), (15, 14), (14, 11), (13, 12), (3, 16), (30, 4), (25, 9), (14, 14), (14, 10), (12, 12), (2, 16), (30, 3), (31, 4), (26, 9), (13, 14), (15, 10), (12, 13), (12, 11), (1, 16), (31, 3), (32, 4), (27, 9), (12, 14), (16, 10), (12, 10), (1, 15), (33, 4), (27, 8), (17, 10), (11, 10), (1, 14), (34, 4), (27, 7), (17, 9), (10, 10), (1, 13), (34, 3), (27, 6), (17, 8), (10, 11), (1, 12)]",38,0,38
138,"(27, 5)","(27, 6)",South,"[(27, 4) via South]","[(27, 5), (16, 8), (10, 12), (1, 11), (34, 1)]","[(16, 8), (10, 12), (1, 11), (34, 1), (27, 4)]","[(34, 16), (34, 15), (33, 16), (34, 14), (32, 16), (33, 14), (31, 16), (32, 14), (30, 16), (31, 14), (29, 16), (30, 14), (28, 16), (30, 13), (27, 16), (30, 12), (26, 16), (31, 12), (25, 16), (32, 12), (25, 15), (24, 16), (33, 12), (25, 14), (23, 16), (34, 12), (26, 14), (22, 16), (34, 11), (27, 14), (21, 16), (34, 10), (27, 13), (20, 16), (33, 10), (27, 12), (19, 16), (32, 10), (27, 11), (18, 16), (31, 10), (26, 11), (17, 16), (30, 10), (25, 11), (16, 16), (30, 9), (29, 10), (24, 11), (15, 16), (30, 8), (24, 12), (14, 16), (31, 8), (23, 12), (13, 16), (32, 8), (22, 12), (12, 16), (33, 8), (21, 12), (11, 16), (34, 8), (20, 12), (10, 16), (34, 7), (20, 11), (19, 12), (9, 16), (34, 6), (20, 10), (19, 11), (18, 12), (8, 16), (33, 6), (20, 9), (17, 12), (7, 16), (32, 6), (21, 9), (17, 13), (16, 12), (6, 16), (31, 6), (22, 9), (17, 14), (15, 12), (5, 16), (30, 6), (23, 9), (16, 14), (14, 12), (4, 16), (30, 5), (29, 6), (24, 9), (15, 14), (14, 11), (13, 12), (3, 16), (30, 4), (25, 9), (14, 14), (14, 10), (12, 12), (2, 16), (30, 3), (31, 4), (26, 9), (13, 14), (15, 10), (12, 13), (12, 11), (1, 16), (31, 3), (32, 4), (27, 9), (12, 14), (16, 10), (12, 10), (1, 15), (33, 4), (27, 8), (17, 10), (11, 10), (1, 14), (34, 4), (27, 7), (17, 9), (10, 10), (1, 13), (34, 3), (27, 6), (17, 8), (10, 11), (1, 12), (34, 2)]",38,0,38
139,"(16, 8)","(17, 8)",West,"[(15, 8) via West]","[(16, 8), (10, 12), (1, 11), (34, 1), (27, 4)]","[(10, 12), (1, 11), (34, 1), (27, 4), (15, 8)]","[(34, 16), (34, 15), (33, 16), (34, 14), (32, 16), (33, 14), (31, 16), (32, 14), (30, 16), (31, 14), (29, 16), (30, 14), (28, 16), (30, 13), (27, 16), (30, 12), (26, 16), (31, 12), (25, 16), (32, 12), (25, 15), (24, 16), (33, 12), (25, 14), (23, 16), (34, 12), (26, 14), (22, 16), (34, 11), (27, 14), (21, 16), (34, 10), (27, 13), (20, 16), (33, 10), (27, 12), (19, 16), (32, 10), (27, 11), (18, 16), (31, 10), (26, 11), (17, 16), (30, 10), (25, 11), (16, 16), (30, 9), (29, 10), (24, 11), (15, 16), (30, 8), (24, 12), (14, 16), (31, 8), (23, 12), (13, 16), (32, 8), (22, 12), (12, 16), (33, 8), (21, 12), (11, 16), (34, 8), (20, 12), (10, 16), (34, 7), (20, 11), (19, 12), (9, 16), (34, 6), (20, 10), (19, 11), (18, 12), (8, 16), (33, 6), (20, 9), (17, 12), (7, 16), (32, 6), (21, 9), (17, 13), (16, 12), (6, 16), (31, 6), (22, 9), (17, 14), (15, 12), (5, 16), (30, 6), (23, 9), (16, 14), (14, 12), (4, 16), (30, 5), (29, 6), (24, 9), (15, 14), (14, 11), (13, 12), (3, 16), (30, 4), (25, 9), (14, 14), (14, 10), (12, 12), (2, 16), (30, 3), (31, 4), (26, 9), (13, 14), (15, 10), (12, 13), (12, 11), (1, 16), (31, 3), (32, 4), (27, 9), (12, 14), (16, 10), (12, 10), (1, 15), (33, 4), (27, 8), (17, 10), (11, 10), (1, 14), (34, 4), (27, 7), (17, 9), (10, 10), (1, 13), (34, 3), (27, 6), (17, 8), (10, 11), (1, 12), (34, 2), (27, 5)]",38,0,38
140,"(10, 12)","(10, 11)",North,"[(10, 13) via North]","[(10, 12), (1, 11), (34, 1), (27, 4), (15, 8)]","[(1, 11), (34, 1), (27, 4), (15, 8), (10, 13)]","[(34, 16), (34, 15), (33, 16), (34, 14), (32, 16), (33, 14), (31, 16), (32, 14), (30, 16), (31, 14), (29, 16), (30, 14), (28, 16), (30, 13), (27, 16), (30, 12), (26, 16), (31, 12), (25, 16), (32, 12), (25, 15), (24, 16), (33, 12), (25, 14), (23, 16), (34, 12), (26, 14), (22, 16), (34, 11), (27, 14), (21, 16), (34, 10), (27, 13), (20, 16), (33, 10), (27, 12), (19, 16), (32, 10), (27, 11), (18, 16), (31, 10), (26, 11), (17, 16), (30, 10), (25, 11), (16, 16), (30, 9), (29, 10), (24, 11), (15, 16), (30, 8), (24, 12), (14, 16), (31, 8), (23, 12), (13, 16), (32, 8), (22, 12), (12, 16), (33, 8), (21, 12), (11, 16), (34, 8), (20, 12), (10, 16), (34, 7), (20, 11), (19, 12), (9, 16), (34, 6), (20, 10), (19, 11), (18, 12), (8, 16), (33, 6), (20, 9), (17, 12), (7, 16), (32, 6), (21, 9), (17, 13), (16, 12), (6, 16), (31, 6), (22, 9), (17, 14), (15, 12), (5, 16), (30, 6), (23, 9), (16, 14), (14, 12), (4, 16), (30, 5), (29, 6), (24, 9), (15, 14), (14, 11), (13, 12), (3, 16), (30, 4), (25, 9), (14, 14), (14, 10), (12, 12), (2, 16), (30, 3), (31, 4), (26, 9), (13, 14), (15, 10), (12, 13), (12, 11), (1, 16), (31, 3), (32, 4), (27, 9), (12, 14), (16, 10), (12, 10), (1, 15), (33, 4), (27, 8), (17, 10), (11, 10), (1, 14), (34, 4), (27, 7), (17, 9), (10, 10), (1, 13), (34, 3), (27, 6), (17, 8), (10, 11), (1, 12), (34, 2), (27, 5), (16, 8)]",38,0,38
141,"(1, 11)","(1, 12)",South,"[(1, 10) via South]","[(1, 11), (34, 1), (27, 4), (15, 8), (10, 13)]","[(34, 1), (27, 4), (15, 8), (10, 13), (1, 10)]","[(34, 16), (34, 15), (33, 16), (34, 14), (32, 16), (33, 14), (31, 16), (32, 14), (30, 16), (31, 14), (29, 16), (30, 14), (28, 16), (30, 13), (27, 16), (30, 12), (26, 16), (31, 12), (25, 16), (32, 12), (25, 15), (24, 16), (33, 12), (25, 14), (23, 16), (34, 12), (26, 14), (22, 16), (34, 11), (27, 14), (21, 16), (34, 10), (27, 13), (20, 16), (33, 10), (27, 12), (19, 16), (32, 10), (27, 11), (18, 16), (31, 10), (26, 11), (17, 16), (30, 10), (25, 11), (16, 16), (30, 9), (29, 10), (24, 11), (15, 16), (30, 8), (24, 12), (14, 16), (31, 8), (23, 12), (13, 16), (32, 8), (22, 12), (12, 16), (33, 8), (21, 12), (11, 16), (34, 8), (20, 12), (10, 16), (34, 7), (20, 11), (19, 12), (9, 16), (34, 6), (20, 10), (19, 11), (18, 12), (8, 16), (33, 6), (20, 9), (17, 12), (7, 16), (32, 6), (21, 9), (17, 13), (16, 12), (6, 16), (31, 6), (22, 9), (17, 14), (15, 12), (5, 16), (30, 6), (23, 9), (16, 14), (14, 12), (4, 16), (30, 5), (29, 6), (24, 9), (15, 14), (14, 11), (13, 12), (3, 16), (30, 4), (25, 9), (14, 14), (14, 10), (12, 12), (2, 16), (30, 3), (31, 4), (26, 9), (13, 14), (15, 10), (12, 13), (12, 11), (1, 16), (31, 3), (32, 4), (27, 9), (12, 14), (16, 10), (12, 10), (1, 15), (33, 4), (27, 8), (17, 10), (11, 10), (1, 14), (34, 4), (27, 7), (17, 9), (10, 10), (1, 13), (34, 3), (27, 6), (17, 8), (10, 11), (1, 12), (34, 2), (27, 5), (16, 8), (10, 12)]",38,0,38
142,"(34, 1)","(34, 2)",South,"[(33, 1) via West]","[(34, 1), (27, 4), (15, 8), (10, 13), (1, 10)]","[(27, 4), (15, 8), (10, 13), (1, 10), (33, 1)]","[(34, 16), (34, 15), (33, 16), (34, 14), (32, 16), (33, 14), (31, 16), (32, 14), (30, 16), (31, 14), (29, 16), (30, 14), (28, 16), (30, 13), (27, 16), (30, 12), (26, 16), (31, 12), (25, 16), (32, 12), (25, 15), (24, 16), (33, 12), (25, 14), (23, 16), (34, 12), (26, 14), (22, 16), (34, 11), (27, 14), (21, 16), (34, 10), (27, 13), (20, 16), (33, 10), (27, 12), (19, 16), (32, 10), (27, 11), (18, 16), (31, 10), (26, 11), (17, 16), (30, 10), (25, 11), (16, 16), (30, 9), (29, 10), (24, 11), (15, 16), (30, 8), (24, 12), (14, 16), (31, 8), (23, 12), (13, 16), (32, 8), (22, 12), (12, 16), (33, 8), (21, 12), (11, 16), (34, 8), (20, 12), (10, 16), (34, 7), (20, 11), (19, 12), (9, 16), (34, 6), (20, 10), (19, 11), (18, 12), (8, 16), (33, 6), (20, 9), (17, 12), (7, 16), (32, 6), (21, 9), (17, 13), (16, 12), (6, 16), (31, 6), (22, 9), (17, 14), (15, 12), (5, 16), (30, 6), (23, 9), (16, 14), (14, 12), (4, 16), (30, 5), (29, 6), (24, 9), (15, 14), (14, 11), (13, 12), (3, 16), (30, 4), (25, 9), (14, 14), (14, 10), (12, 12), (2, 16), (30, 3), (31, 4), (26, 9), (13, 14), (15, 10), (12, 13), (12, 11), (1, 16), (31, 3), (32, 4), (27, 9), (12, 14), (16, 10), (12, 10), (1, 15), (33, 4), (27, 8), (17, 10), (11, 10), (1, 14), (34, 4), (27, 7), (17, 9), (10, 10), (1, 13), (34, 3), (27, 6), (17, 8), (10, 11), (1, 12), (34, 2), (27, 5), (16, 8), (10, 12), (1, 11)]",39,0,39
143,"(27, 4)","(27, 5)",South,"[(27, 3) via South]","[(27, 4), (15, 8), (10, 13), (1, 10), (33, 1)]","[(15, 8), (10, 13), (1, 10), (33, 1), (27, 3)]","[(34, 16), (34, 15), (33, 16), (34, 14), (32, 16), (33, 14), (31, 16), (32, 14), (30, 16), (31, 14), (29, 16), (30, 14), (28, 16), (30, 13), (27, 16), (30, 12), (26, 16), (31, 12), (25, 16), (32, 12), (25, 15), (24, 16), (33, 12), (25, 14), (23, 16), (34, 12), (26, 14), (22, 16), (34, 11), (27, 14), (21, 16), (34, 10), (27, 13), (20, 16), (33, 10), (27, 12), (19, 16), (32, 10), (27, 11), (18, 16), (31, 10), (26, 11), (17, 16), (30, 10), (25, 11), (16, 16), (30, 9), (29, 10), (24, 11), (15, 16), (30, 8), (24, 12), (14, 16), (31, 8), (23, 12), (13, 16), (32, 8), (22, 12), (12, 16), (33, 8), (21, 12), (11, 16), (34, 8), (20, 12), (10, 16), (34, 7), (20, 11), (19, 12), (9, 16), (34, 6), (20, 10), (19, 11), (18, 12), (8, 16), (33, 6), (20, 9), (17, 12), (7, 16), (32, 6), (21, 9), (17, 13), (16, 12), (6, 16), (31, 6), (22, 9), (17, 14), (15, 12), (5, 16), (30, 6), (23, 9), (16, 14), (14, 12), (4, 16), (30, 5), (29, 6), (24, 9), (15, 14), (14, 11), (13, 12), (3, 16), (30, 4), (25, 9), (14, 14), (14, 10), (12, 12), (2, 16), (30, 3), (31, 4), (26, 9), (13, 14), (15, 10), (12, 13), (12, 11), (1, 16), (31, 3), (32, 4), (27, 9), (12, 14), (16, 10), (12, 10), (1, 15), (33, 4), (27, 8), (17, 10), (11, 10), (1, 14), (34, 4), (27, 7), (17, 9), (10, 10), (1, 13), (34, 3), (27, 6), (17, 8), (10, 11), (1, 12), (34, 2), (27, 5), (16, 8), (10, 12), (1, 11), (34, 1)]",39,0,39
144,"(15, 8)","(16, 8)",West,"[(14, 8) via West]","[(15, 8), (10, 13), (1, 10), (33, 1), (27, 3)]","[(10, 13), (1, 10), (33, 1), (27, 3), (14, 8)]","[(34, 16), (34, 15), (33, 16), (34, 14), (32, 16), (33, 14), (31, 16), (32, 14), (30, 16), (31, 14), (29, 16), (30, 14), (28, 16), (30, 13), (27, 16), (30, 12), (26, 16), (31, 12), (25, 16), (32, 12), (25, 15), (24, 16), (33, 12), (25, 14), (23, 16), (34, 12), (26, 14), (22, 16), (34, 11), (27, 14), (21, 16), (34, 10), (27, 13), (20, 16), (33, 10), (27, 12), (19, 16), (32, 10), (27, 11), (18, 16), (31, 10), (26, 11), (17, 16), (30, 10), (25, 11), (16, 16), (30, 9), (29, 10), (24, 11), (15, 16), (30, 8), (24, 12), (14, 16), (31, 8), (23, 12), (13, 16), (32, 8), (22, 12), (12, 16), (33, 8), (21, 12), (11, 16), (34, 8), (20, 12), (10, 16), (34, 7), (20, 11), (19, 12), (9, 16), (34, 6), (20, 10), (19, 11), (18, 12), (8, 16), (33, 6), (20, 9), (17, 12), (7, 16), (32, 6), (21, 9), (17, 13), (16, 12), (6, 16), (31, 6), (22, 9), (17, 14), (15, 12), (5, 16), (30, 6), (23, 9), (16, 14), (14, 12), (4, 16), (30, 5), (29, 6), (24, 9), (15, 14), (14, 11), (13, 12), (3, 16), (30, 4), (25, 9), (14, 14), (14, 10), (12, 12), (2, 16), (30, 3), (31, 4), (26, 9), (13, 14), (15, 10), (12, 13), (12, 11), (1, 16), (31, 3), (32, 4), (27, 9), (12, 14), (16, 10), (12, 10), (1, 15), (33, 4), (27, 8), (17, 10), (11, 10), (1, 14), (34, 4), (27, 7), (17, 9), (10, 10), (1, 13), (34, 3), (27, 6), (17, 8), (10, 11), (1, 12), (34, 2), (27, 5), (16, 8), (10, 12), (1, 11), (34, 1), (27, 4)]",39,0,39
145,"(10, 13)","(10, 12)",North,"[(10, 14) via North]","[(10, 13), (1, 10), (33, 1), (27, 3), (14, 8)]","[(1, 10), (33, 1), (27, 3), (14, 8), (10, 14)]","[(34, 16), (34, 15), (33, 16), (34, 14), (32, 16), (33, 14), (31, 16), (32, 14), (30, 16), (31, 14), (29, 16), (30, 14), (28, 16), (30, 13), (27, 16), (30, 12), (26, 16), (31, 12), (25, 16), (32, 12), (25, 15), (24, 16), (33, 12), (25, 14), (23, 16), (34, 12), (26, 14), (22, 16), (34, 11), (27, 14), (21, 16), (34, 10), (27, 13), (20, 16), (33, 10), (27, 12), (19, 16), (32, 10), (27, 11), (18, 16), (31, 10), (26, 11), (17, 16), (30, 10), (25, 11), (16, 16), (30, 9), (29, 10), (24, 11), (15, 16), (30, 8), (24, 12), (14, 16), (31, 8), (23, 12), (13, 16), (32, 8), (22, 12), (12, 16), (33, 8), (21, 12), (11, 16), (34, 8), (20, 12), (10, 16), (34, 7), (20, 11), (19, 12), (9, 16), (34, 6), (20, 10), (19, 11), (18, 12), (8, 16), (33, 6), (20, 9), (17, 12), (7, 16), (32, 6), (21, 9), (17, 13), (16, 12), (6, 16), (31, 6), (22, 9), (17, 14), (15, 12), (5, 16), (30, 6), (23, 9), (16, 14), (14, 12), (4, 16), (30, 5), (29, 6), (24, 9), (15, 14), (14, 11), (13, 12), (3, 16), (30, 4), (25, 9), (14, 14), (14, 10), (12, 12), (2, 16), (30, 3), (31, 4), (26, 9), (13, 14), (15, 10), (12, 13), (12, 11), (1, 16), (31, 3), (32, 4), (27, 9), (12, 14), (16, 10), (12, 10), (1, 15), (33, 4), (27, 8), (17, 10), (11, 10), (1, 14), (34, 4), (27, 7), (17, 9), (10, 10), (1, 13), (34, 3), (27, 6), (17, 8), (10, 11), (1, 12), (34, 2), (27, 5), (16, 8), (10, 12), (1, 11), (34, 1), (27, 4), (15, 8)]",39,0,39
146,"(1, 10)","(1, 11)",South,"[(1, 9) via South]","[(1, 10), (33, 1), (27, 3), (14, 8), (10, 14)]","[(33, 1), (27, 3), (14, 8), (10, 14), (1, 9)]","[(34, 16), (34, 15), (33, 16), (34, 14), (32, 16), (33, 14), (31, 16), (32, 14), (30, 16), (31, 14), (29, 16), (30, 14), (28, 16), (30, 13), (27, 16), (30, 12), (26, 16), (31, 12), (25, 16), (32, 12), (25, 15), (24, 16), (33, 12), (25, 14), (23, 16), (34, 12), (26, 14), (22, 16), (34, 11), (27, 14), (21, 16), (34, 10), (27, 13), (20, 16), (33, 10), (27, 12), (19, 16), (32, 10), (27, 11), (18, 16), (31, 10), (26, 11), (17, 16), (30, 10), (25, 11), (16, 16), (30, 9), (29, 10), (24, 11), (15, 16), (30, 8), (24, 12), (14, 16), (31, 8), (23, 12), (13, 16), (32, 8), (22, 12), (12, 16), (33, 8), (21, 12), (11, 16), (34, 8), (20, 12), (10, 16), (34, 7), (20, 11), (19, 12), (9, 16), (34, 6), (20, 10), (19, 11), (18, 12), (8, 16), (33, 6), (20, 9), (17, 12), (7, 16), (32, 6), (21, 9), (17, 13), (16, 12), (6, 16), (31, 6), (22, 9), (17, 14), (15, 12), (5, 16), (30, 6), (23, 9), (16, 14), (14, 12), (4, 16), (30, 5), (29, 6), (24, 9), (15, 14), (14, 11), (13, 12), (3, 16), (30, 4), (25, 9), (14, 14), (14, 10), (12, 12), (2, 16), (30, 3), (31, 4), (26, 9), (13, 14), (15, 10), (12, 13), (12, 11), (1, 16), (31, 3), (32, 4), (27, 9), (12, 14), (16, 10), (12, 10), (1, 15), (33, 4), (27, 8), (17, 10), (11, 10), (1, 14), (34, 4), (27, 7), (17, 9), (10, 10), (1, 13), (34, 3), (27, 6), (17, 8), (10, 11), (1, 12), (34, 2), (27, 5), (16, 8), (10, 12), (1, 11), (34, 1), (27, 4), (15, 8), (10, 13)]",39,0,39
147,"(33, 1)","(34, 1)",West,"[(32, 1) via West]","[(33, 1), (27, 3), (14, 8), (10, 14), (1, 9)]","[(27, 3), (14, 8), (10, 14), (1, 9), (32, 1)]","[(34, 16), (34, 15), (33, 16), (34, 14), (32, 16), (33, 14), (31, 16), (32, 14), (30, 16), (31, 14), (29, 16), (30, 14), (28, 16), (30, 13), (27, 16), (30, 12), (26, 16), (31, 12), (25, 16), (32, 12), (25, 15), (24, 16), (33, 12), (25, 14), (23, 16), (34, 12), (26, 14), (22, 16), (34, 11), (27, 14), (21, 16), (34, 10), (27, 13), (20, 16), (33, 10), (27, 12), (19, 16), (32, 10), (27, 11), (18, 16), (31, 10), (26, 11), (17, 16), (30, 10), (25, 11), (16, 16), (30, 9), (29, 10), (24, 11), (15, 16), (30, 8), (24, 12), (14, 16), (31, 8), (23, 12), (13, 16), (32, 8), (22, 12), (12, 16), (33, 8), (21, 12), (11, 16), (34, 8), (20, 12), (10, 16), (34, 7), (20, 11), (19, 12), (9, 16), (34, 6), (20, 10), (19, 11), (18, 12), (8, 16), (33, 6), (20, 9), (17, 12), (7, 16), (32, 6), (21, 9), (17, 13), (16, 12), (6, 16), (31, 6), (22, 9), (17, 14), (15, 12), (5, 16), (30, 6), (23, 9), (16, 14), (14, 12), (4, 16), (30, 5), (29, 6), (24, 9), (15, 14), (14, 11), (13, 12), (3, 16), (30, 4), (25, 9), (14, 14), (14, 10), (12, 12), (2, 16), (30, 3), (31, 4), (26, 9), (13, 14), (15, 10), (12, 13), (12, 11), (1, 16), (31, 3), (32, 4), (27, 9), (12, 14), (16, 10), (12, 10), (1, 15), (33, 4), (27, 8), (17, 10), (11, 10), (1, 14), (34, 4), (27, 7), (17, 9), (10, 10), (1, 13), (34, 3), (27, 6), (17, 8), (10, 11), (1, 12), (34, 2), (27, 5), (16, 8), (10, 12), (1, 11), (34, 1), (27, 4), (15, 8), (10, 13), (1, 10)]",40,0,40
148,"(27, 3)","(27, 4)",South,"[(27, 2) via South]","[(27, 3), (14, 8), (10, 14), (1, 9), (32, 1)]","[(14, 8), (10, 14), (1, 9), (32, 1), (27, 2)]","[(34, 16), (34, 15), (33, 16), (34, 14), (32, 16), (33, 14), (31, 16), (32, 14), (30, 16), (31, 14), (29, 16), (30, 14), (28, 16), (30, 13), (27, 16), (30, 12), (26, 16), (31, 12), (25, 16), (32, 12), (25, 15), (24, 16), (33, 12), (25, 14), (23, 16), (34, 12), (26, 14), (22, 16), (34, 11), (27, 14), (21, 16), (34, 10), (27, 13), (20, 16), (33, 10), (27, 12), (19, 16), (32, 10), (27, 11), (18, 16), (31, 10), (26, 11), (17, 16), (30, 10), (25, 11), (16, 16), (30, 9), (29, 10), (24, 11), (15, 16), (30, 8), (24, 12), (14, 16), (31, 8), (23, 12), (13, 16), (32, 8), (22, 12), (12, 16), (33, 8), (21, 12), (11, 16), (34, 8), (20, 12), (10, 16), (34, 7), (20, 11), (19, 12), (9, 16), (34, 6), (20, 10), (19, 11), (18, 12), (8, 16), (33, 6), (20, 9), (17, 12), (7, 16), (32, 6), (21, 9), (17, 13), (16, 12), (6, 16), (31, 6), (22, 9), (17, 14), (15, 12), (5, 16), (30, 6), (23, 9), (16, 14), (14, 12), (4, 16), (30, 5), (29, 6), (24, 9), (15, 14), (14, 11), (13, 12), (3, 16), (30, 4), (25, 9), (14, 14), (14, 10), (12, 12), (2, 16), (30, 3), (31, 4), (26, 9), (13, 14), (15, 10), (12, 13), (12, 11), (1, 16), (31, 3), (32, 4), (27, 9), (12, 14), (16, 10), (12, 10), (1, 15), (33, 4), (27, 8), (17, 10), (11, 10), (1, 14), (34, 4), (27, 7), (17, 9), (10, 10), (1, 13), (34, 3), (27, 6), (17, 8), (10, 11), (1, 12), (34, 2), (27, 5), (16, 8), (10, 12), (1, 11), (34, 1), (27, 4), (15, 8), (10, 13), (1, 10), (33, 1)]",40,0,40
149,"(14, 8)","(15, 8)",West,"[(13, 8) via West]","[(14, 8), (10, 14), (1, 9), (32, 1), (27, 2)]","[(10, 14), (1, 9), (32, 1), (27, 2), (13, 8)]","[(34, 16), (34, 15), (33, 16), (34, 14), (32, 16), (33, 14), (31, 16), (32, 14), (30, 16), (31, 14), (29, 16), (30, 14), (28, 16), (30, 13), (27, 16), (30, 12), (26, 16), (31, 12), (25, 16), (32, 12), (25, 15), (24, 16), (33, 12), (25, 14), (23, 16), (34, 12), (26, 14), (22, 16), (34, 11), (27, 14), (21, 16), (34, 10), (27, 13), (20, 16), (33, 10), (27, 12), (19, 16), (32, 10), (27, 11), (18, 16), (31, 10), (26, 11), (17, 16), (30, 10), (25, 11), (16, 16), (30, 9), (29, 10), (24, 11), (15, 16), (30, 8), (24, 12), (14, 16), (31, 8), (23, 12), (13, 16), (32, 8), (22, 12), (12, 16), (33, 8), (21, 12), (11, 16), (34, 8), (20, 12), (10, 16), (34, 7), (20, 11), (19, 12), (9, 16), (34, 6), (20, 10), (19, 11), (18, 12), (8, 16), (33, 6), (20, 9), (17, 12), (7, 16), (32, 6), (21, 9), (17, 13), (16, 12), (6, 16), (31, 6), (22, 9), (17, 14), (15, 12), (5, 16), (30, 6), (23, 9), (16, 14), (14, 12), (4, 16), (30, 5), (29, 6), (24, 9), (15, 14), (14, 11), (13, 12), (3, 16), (30, 4), (25, 9), (14, 14), (14, 10), (12, 12), (2, 16), (30, 3), (31, 4), (26, 9), (13, 14), (15, 10), (12, 13), (12, 11), (1, 16), (31, 3), (32, 4), (27, 9), (12, 14), (16, 10), (12, 10), (1, 15), (33, 4), (27, 8), (17, 10), (11, 10), (1, 14), (34, 4), (27, 7), (17, 9), (10, 10), (1, 13), (34, 3), (27, 6), (17, 8), (10, 11), (1, 12), (34, 2), (27, 5), (16, 8), (10, 12), (1, 11), (34, 1), (27, 4), (15, 8), (10, 13), (1, 10), (33, 1), (27, 3)]",40,0,40
150,"(10, 14)","(10, 13)",North,"[(9, 14) via West]","[(10, 14), (1, 9), (32, 1), (27, 2), (13, 8)]","[(1, 9), (32, 1), (27, 2), (13, 8), (9, 14)]","[(34, 16), (34, 15), (33, 16), (34, 14), (32, 16), (33, 14), (31, 16), (32, 14), (30, 16), (31, 14), (29, 16), (30, 14), (28, 16), (30, 13), (27, 16), (30, 12), (26, 16), (31, 12), (25, 16), (32, 12), (25, 15), (24, 16), (33, 12), (25, 14), (23, 16), (34, 12), (26, 14), (22, 16), (34, 11), (27, 14), (21, 16), (34, 10), (27, 13), (20, 16), (33, 10), (27, 12), (19, 16), (32, 10), (27, 11), (18, 16), (31, 10), (26, 11), (17, 16), (30, 10), (25, 11), (16, 16), (30, 9), (29, 10), (24, 11), (15, 16), (30, 8), (24, 12), (14, 16), (31, 8), (23, 12), (13, 16), (32, 8), (22, 12), (12, 16), (33, 8), (21, 12), (11, 16), (34, 8), (20, 12), (10, 16), (34, 7), (20, 11), (19, 12), (9, 16), (34, 6), (20, 10), (19, 11), (18, 12), (8, 16), (33, 6), (20, 9), (17, 12), (7, 16), (32, 6), (21, 9), (17, 13), (16, 12), (6, 16), (31, 6), (22, 9), (17, 14), (15, 12), (5, 16), (30, 6), (23, 9), (16, 14), (14, 12), (4, 16), (30, 5), (29, 6), (24, 9), (15, 14), (14, 11), (13, 12), (3, 16), (30, 4), (25, 9), (14, 14), (14, 10), (12, 12), (2, 16), (30, 3), (31, 4), (26, 9), (13, 14), (15, 10), (12, 13), (12, 11), (1, 16), (31, 3), (32, 4), (27, 9), (12, 14), (16, 10), (12, 10), (1, 15), (33, 4), (27, 8), (17, 10), (11, 10), (1, 14), (34, 4), (27, 7), (17, 9), (10, 10), (1, 13), (34, 3), (27, 6), (17, 8), (10, 11), (1, 12), (34, 2), (27, 5), (16, 8), (10, 12), (1, 11), (34, 1), (27, 4), (15, 8), (10, 13), (1, 10), (33, 1), (27, 3), (14, 8)]",40,0,40
151,"(1, 9)","(1, 10)",South,"[(1, 8) via South]","[(1, 9), (32, 1), (27, 2), (13, 8), (9, 14)]","[(32, 1), (27, 2), (13, 8), (9, 14), (1, 8)]","[(34, 16), (34, 15), (33, 16), (34, 14), (32, 16), (33, 14), (31, 16), (32, 14), (30, 16), (31, 14), (29, 16), (30, 14), (28, 16), (30, 13), (27, 16), (30, 12), (26, 16), (31, 12), (25, 16), (32, 12), (25, 15), (24, 16), (33, 12), (25, 14), (23, 16), (34, 12), (26, 14), (22, 16), (34, 11), (27, 14), (21, 16), (34, 10), (27, 13), (20, 16), (33, 10), (27, 12), (19, 16), (32, 10), (27, 11), (18, 16), (31, 10), (26, 11), (17, 16), (30, 10), (25, 11), (16, 16), (30, 9), (29, 10), (24, 11), (15, 16), (30, 8), (24, 12), (14, 16), (31, 8), (23, 12), (13, 16), (32, 8), (22, 12), (12, 16), (33, 8), (21, 12), (11, 16), (34, 8), (20, 12), (10, 16), (34, 7), (20, 11), (19, 12), (9, 16), (34, 6), (20, 10), (19, 11), (18, 12), (8, 16), (33, 6), (20, 9), (17, 12), (7, 16), (32, 6), (21, 9), (17, 13), (16, 12), (6, 16), (31, 6), (22, 9), (17, 14), (15, 12), (5, 16), (30, 6), (23, 9), (16, 14), (14, 12), (4, 16), (30, 5), (29, 6), (24, 9), (15, 14), (14, 11), (13, 12), (3, 16), (30, 4), (25, 9), (14, 14), (14, 10), (12, 12), (2, 16), (30, 3), (31, 4), (26, 9), (13, 14), (15, 10), (12, 13), (12, 11), (1, 16), (31, 3), (32, 4), (27, 9), (12, 14), (16, 10), (12, 10), (1, 15), (33, 4), (27, 8), (17, 10), (11, 10), (1, 14), (34, 4), (27, 7), (17, 9), (10, 10), (1, 13), (34, 3), (27, 6), (17, 8), (10, 11), (1, 12), (34, 2), (27, 5), (16, 8), (10, 12), (1, 11), (34, 1), (27, 4), (15, 8), (10, 13), (1, 10), (33, 1), (27, 3), (14, 8), (10, 14)]",40,0,40
152,"(32, 1)","(33, 1)",West,"[(31, 1) via West]","[(32, 1), (27, 2), (13, 8), (9, 14), (1, 8)]","[(27, 2), (13, 8), (9, 14), (1, 8), (31, 1)]","[(34, 16), (34, 15), (33, 16), (34, 14), (32, 16), (33, 14), (31, 16), (32, 14), (30, 16), (31, 14), (29, 16), (30, 14), (28, 16), (30, 13), (27, 16), (30, 12), (26, 16), (31, 12), (25, 16), (32, 12), (25, 15), (24, 16), (33, 12), (25, 14), (23, 16), (34, 12), (26, 14), (22, 16), (34, 11), (27, 14), (21, 16), (34, 10), (27, 13), (20, 16), (33, 10), (27, 12), (19, 16), (32, 10), (27, 11), (18, 16), (31, 10), (26, 11), (17, 16), (30, 10), (25, 11), (16, 16), (30, 9), (29, 10), (24, 11), (15, 16), (30, 8), (24, 12), (14, 16), (31, 8), (23, 12), (13, 16), (32, 8), (22, 12), (12, 16), (33, 8), (21, 12), (11, 16), (34, 8), (20, 12), (10, 16), (34, 7), (20, 11), (19, 12), (9, 16), (34, 6), (20, 10), (19, 11), (18, 12), (8, 16), (33, 6), (20, 9), (17, 12), (7, 16), (32, 6), (21, 9), (17, 13), (16, 12), (6, 16), (31, 6), (22, 9), (17, 14), (15, 12), (5, 16), (30, 6), (23, 9), (16, 14), (14, 12), (4, 16), (30, 5), (29, 6), (24, 9), (15, 14), (14, 11), (13, 12), (3, 16), (30, 4), (25, 9), (14, 14), (14, 10), (12, 12), (2, 16), (30, 3), (31, 4), (26, 9), (13, 14), (15, 10), (12, 13), (12, 11), (1, 16), (31, 3), (32, 4), (27, 9), (12, 14), (16, 10), (12, 10), (1, 15), (33, 4), (27, 8), (17, 10), (11, 10), (1, 14), (34, 4), (27, 7), (17, 9), (10, 10), (1, 13), (34, 3), (27, 6), (17, 8), (10, 11), (1, 12), (34, 2), (27, 5), (16, 8), (10, 12), (1, 11), (34, 1), (27, 4), (15, 8), (10, 13), (1, 10), (33, 1), (27, 3), (14, 8), (10, 14), (1, 9)]",41,0,41
153,"(27, 2)","(27, 3)",South,"[(27, 1) via South, (26, 2) via West]","[(27, 2), (13, 8), (9, 14), (1, 8), (31, 1)]","[(13, 8), (9, 14), (1, 8), (31, 1), (27, 1), (26, 2)]","[(34, 16), (34, 15), (33, 16), (34, 14), (32, 16), (33, 14), (31, 16), (32, 14), (30, 16), (31, 14), (29, 16), (30, 14), (28, 16), (30, 13), (27, 16), (30, 12), (26, 16), (31, 12), (25, 16), (32, 12), (25, 15), (24, 16), (33, 12), (25, 14), (23, 16), (34, 12), (26, 14), (22, 16), (34, 11), (27, 14), (21, 16), (34, 10), (27, 13), (20, 16), (33, 10), (27, 12), (19, 16), (32, 10), (27, 11), (18, 16), (31, 10), (26, 11), (17, 16), (30, 10), (25, 11), (16, 16), (30, 9), (29, 10), (24, 11), (15, 16), (30, 8), (24, 12), (14, 16), (31, 8), (23, 12), (13, 16), (32, 8), (22, 12), (12, 16), (33, 8), (21, 12), (11, 16), (34, 8), (20, 12), (10, 16), (34, 7), (20, 11), (19, 12), (9, 16), (34, 6), (20, 10), (19, 11), (18, 12), (8, 16), (33, 6), (20, 9), (17, 12), (7, 16), (32, 6), (21, 9), (17, 13), (16, 12), (6, 16), (31, 6), (22, 9), (17, 14), (15, 12), (5, 16), (30, 6), (23, 9), (16, 14), (14, 12), (4, 16), (30, 5), (29, 6), (24, 9), (15, 14), (14, 11), (13, 12), (3, 16), (30, 4), (25, 9), (14, 14), (14, 10), (12, 12), (2, 16), (30, 3), (31, 4), (26, 9), (13, 14), (15, 10), (12, 13), (12, 11), (1, 16), (31, 3), (32, 4), (27, 9), (12, 14), (16, 10), (12, 10), (1, 15), (33, 4), (27, 8), (17, 10), (11, 10), (1, 14), (34, 4), (27, 7), (17, 9), (10, 10), (1, 13), (34, 3), (27, 6), (17, 8), (10, 11), (1, 12), (34, 2), (27, 5), (16, 8), (10, 12), (1, 11), (34, 1), (27, 4), (15, 8), (10, 13), (1, 10), (33, 1), (27, 3), (14, 8), (10, 14), (1, 9), (32, 1)]",41,0,41
154,"(13, 8)","(14, 8)",West,"[(12, 8) via West]","[(13, 8), (9, 14), (1, 8), (31, 1), (27, 1), (26, 2)]","[(9, 14), (1, 8), (31, 1), (27, 1), (26, 2), (12, 8)]","[(34, 16), (34, 15), (33, 16), (34, 14), (32, 16), (33, 14), (31, 16), (32, 14), (30, 16), (31, 14), (29, 16), (30, 14), (28, 16), (30, 13), (27, 16), (30, 12), (26, 16), (31, 12), (25, 16), (32, 12), (25, 15), (24, 16), (33, 12), (25, 14), (23, 16), (34, 12), (26, 14), (22, 16), (34, 11), (27, 14), (21, 16), (34, 10), (27, 13), (20, 16), (33, 10), (27, 12), (19, 16), (32, 10), (27, 11), (18, 16), (31, 10), (26, 11), (17, 16), (30, 10), (25, 11), (16, 16), (30, 9), (29, 10), (24, 11), (15, 16), (30, 8), (24, 12), (14, 16), (31, 8), (23, 12), (13, 16), (32, 8), (22, 12), (12, 16), (33, 8), (21, 12), (11, 16), (34, 8), (20, 12), (10, 16), (34, 7), (20, 11), (19, 12), (9, 16), (34, 6), (20, 10), (19, 11), (18, 12), (8, 16), (33, 6), (20, 9), (17, 12), (7, 16), (32, 6), (21, 9), (17, 13), (16, 12), (6, 16), (31, 6), (22, 9), (17, 14), (15, 12), (5, 16), (30, 6), (23, 9), (16, 14), (14, 12), (4, 16), (30, 5), (29, 6), (24, 9), (15, 14), (14, 11), (13, 12), (3, 16), (30, 4), (25, 9), (14, 14), (14, 10), (12, 12), (2, 16), (30, 3), (31, 4), (26, 9), (13, 14), (15, 10), (12, 13), (12, 11), (1, 16), (31, 3), (32, 4), (27, 9), (12, 14), (16, 10), (12, 10), (1, 15), (33, 4), (27, 8), (17, 10), (11, 10), (1, 14), (34, 4), (27, 7), (17, 9), (10, 10), (1, 13), (34, 3), (27, 6), (17, 8), (10, 11), (1, 12), (34, 2), (27, 5), (16, 8), (10, 12), (1, 11), (34, 1), (27, 4), (15, 8), (10, 13), (1, 10), (33, 1), (27, 3), (14, 8), (10, 14), (1, 9), (32, 1), (27, 2)]",41,0,41
155,"(9, 14)","(10, 14)",West,"[(8, 14) via West]","[(9, 14), (1, 8), (31, 1), (27, 1), (26, 2), (12, 8)]","[(1, 8), (31, 1), (27, 1), (26, 2), (12, 8), (8, 14)]","[(34, 16), (34, 15), (33, 16), (34, 14), (32, 16), (33, 14), (31, 16), (32, 14), (30, 16), (31, 14), (29, 16), (30, 14), (28, 16), (30, 13), (27, 16), (30, 12), (26, 16), (31, 12), (25, 16), (32, 12), (25, 15), (24, 16), (33, 12), (25, 14), (23, 16), (34, 12), (26, 14), (22, 16), (34, 11), (27, 14), (21, 16), (34, 10), (27, 13), (20, 16), (33, 10), (27, 12), (19, 16), (32, 10), (27, 11), (18, 16), (31, 10), (26, 11), (17, 16), (30, 10), (25, 11), (16, 16), (30, 9), (29, 10), (24, 11), (15, 16), (30, 8), (24, 12), (14, 16), (31, 8), (23, 12), (13, 16), (32, 8), (22, 12), (12, 16), (33, 8), (21, 12), (11, 16), (34, 8), (20, 12), (10, 16), (34, 7), (20, 11), (19, 12), (9, 16), (34, 6), (20, 10), (19, 11), (18, 12), (8, 16), (33, 6), (20, 9), (17, 12), (7, 16), (32, 6), (21, 9), (17, 13), (16, 12), (6, 16), (31, 6), (22, 9), (17, 14), (15, 12), (5, 16), (30, 6), (23, 9), (16, 14), (14, 12), (4, 16), (30, 5), (29, 6), (24, 9), (15, 14), (14, 11), (13, 12), (3, 16), (30, 4), (25, 9), (14, 14), (14, 10), (12, 12), (2, 16), (30, 3), (31, 4), (26, 9), (13, 14), (15, 10), (12, 13), (12, 11), (1, 16), (31, 3), (32, 4), (27, 9), (12, 14), (16, 10), (12, 10), (1, 15), (33, 4), (27, 8), (17, 10), (11, 10), (1, 14), (34, 4), (27, 7), (17, 9), (10, 10), (1, 13), (34, 3), (27, 6), (17, 8), (10, 11), (1, 12), (34, 2), (27, 5), (16, 8), (10, 12), (1, 11), (34, 1), (27, 4), (15, 8), (10, 13), (1, 10), (33, 1), (27, 3), (14, 8), (10, 14), (1, 9), (32, 1), (27, 2), (13, 8)]",41,0,41
156,"(1, 8)","(1, 9)",South,"[(1, 7) via South]","[(1, 8), (31, 1), (27, 1), (26, 2), (12, 8), (8, 14)]","[(31, 1), (27, 1), (26, 2), (12, 8), (8, 14), (1, 7)]","[(34, 16), (34, 15), (33, 16), (34, 14), (32, 16), (33, 14), (31, 16), (32, 14), (30, 16), (31, 14), (29, 16), (30, 14), (28, 16), (30, 13), (27, 16), (30, 12), (26, 16), (31, 12), (25, 16), (32, 12), (25, 15), (24, 16), (33, 12), (25, 14), (23, 16), (34, 12), (26, 14), (22, 16), (34, 11), (27, 14), (21, 16), (34, 10), (27, 13), (20, 16), (33, 10), (27, 12), (19, 16), (32, 10), (27, 11), (18, 16), (31, 10), (26, 11), (17, 16), (30, 10), (25, 11), (16, 16), (30, 9), (29, 10), (24, 11), (15, 16), (30, 8), (24, 12), (14, 16), (31, 8), (23, 12), (13, 16), (32, 8), (22, 12), (12, 16), (33, 8), (21, 12), (11, 16), (34, 8), (20, 12), (10, 16), (34, 7), (20, 11), (19, 12), (9, 16), (34, 6), (20, 10), (19, 11), (18, 12), (8, 16), (33, 6), (20, 9), (17, 12), (7, 16), (32, 6), (21, 9), (17, 13), (16, 12), (6, 16), (31, 6), (22, 9), (17, 14), (15, 12), (5, 16), (30, 6), (23, 9), (16, 14), (14, 12), (4, 16), (30, 5), (29, 6), (24, 9), (15, 14), (14, 11), (13, 12), (3, 16), (30, 4), (25, 9), (14, 14), (14, 10), (12, 12), (2, 16), (30, 3), (31, 4), (26, 9), (13, 14), (15, 10), (12, 13), (12, 11), (1, 16), (31, 3), (32, 4), (27, 9), (12, 14), (16, 10), (12, 10), (1, 15), (33, 4), (27, 8), (17, 10), (11, 10), (1, 14), (34, 4), (27, 7), (17, 9), (10, 10), (1, 13), (34, 3), (27, 6), (17, 8), (10, 11), (1, 12), (34, 2), (27, 5), (16, 8), (10, 12), (1, 11), (34, 1), (27, 4), (15, 8), (10, 13), (1, 10), (33, 1), (27, 3), (14, 8), (10, 14), (1, 9), (32, 1), (27, 2), (13, 8), (9, 14)]",41,0,41
157,"(31, 1)","(32, 1)",West,"[(30, 1) via West]","[(31, 1), (27, 1), (26, 2), (12, 8), (8, 14), (1, 7)]","[(27, 1), (26, 2), (12, 8), (8, 14), (1, 7), (30, 1)]","[(34, 16), (34, 15), (33, 16), (34, 14), (32, 16), (33, 14), (31, 16), (32, 14), (30, 16), (31, 14), (29, 16), (30, 14), (28, 16), (30, 13), (27, 16), (30, 12), (26, 16), (31, 12), (25, 16), (32, 12), (25, 15), (24, 16), (33, 12), (25, 14), (23, 16), (34, 12), (26, 14), (22, 16), (34, 11), (27, 14), (21, 16), (34, 10), (27, 13), (20, 16), (33, 10), (27, 12), (19, 16), (32, 10), (27, 11), (18, 16), (31, 10), (26, 11), (17, 16), (30, 10), (25, 11), (16, 16), (30, 9), (29, 10), (24, 11), (15, 16), (30, 8), (24, 12), (14, 16), (31, 8), (23, 12), (13, 16), (32, 8), (22, 12), (12, 16), (33, 8), (21, 12), (11, 16), (34, 8), (20, 12), (10, 16), (34, 7), (20, 11), (19, 12), (9, 16), (34, 6), (20, 10), (19, 11), (18, 12), (8, 16), (33, 6), (20, 9), (17, 12), (7, 16), (32, 6), (21, 9), (17, 13), (16, 12), (6, 16), (31, 6), (22, 9), (17, 14), (15, 12), (5, 16), (30, 6), (23, 9), (16, 14), (14, 12), (4, 16), (30, 5), (29, 6), (24, 9), (15, 14), (14, 11), (13, 12), (3, 16), (30, 4), (25, 9), (14, 14), (14, 10), (12, 12), (2, 16), (30, 3), (31, 4), (26, 9), (13, 14), (15, 10), (12, 13), (12, 11), (1, 16), (31, 3), (32, 4), (27, 9), (12, 14), (16, 10), (12, 10), (1, 15), (33, 4), (27, 8), (17, 10), (11, 10), (1, 14), (34, 4), (27, 7), (17, 9), (10, 10), (1, 13), (34, 3), (27, 6), (17, 8), (10, 11), (1, 12), (34, 2), (27, 5), (16, 8), (10, 12), (1, 11), (34, 1), (27, 4), (15, 8), (10, 13), (1, 10), (33, 1), (27, 3), (14, 8), (10, 14), (1, 9), (32, 1), (27, 2), (13, 8), (9, 14), (1, 8)]",42,0,42
158,"(27, 1)","(27, 2)",South,"[(28, 1) via East]","[(27, 1), (26, 2), (12, 8), (8, 14), (1, 7), (30, 1)]","[(26, 2), (12, 8), (8, 14), (1, 7), (30, 1), (28, 1)]","[(34, 16), (34, 15), (33, 16), (34, 14), (32, 16), (33, 14), (31, 16), (32, 14), (30, 16), (31, 14), (29, 16), (30, 14), (28, 16), (30, 13), (27, 16), (30, 12), (26, 16), (31, 12), (25, 16), (32, 12), (25, 15), (24, 16), (33, 12), (25, 14), (23, 16), (34, 12), (26, 14), (22, 16), (34, 11), (27, 14), (21, 16), (34, 10), (27, 13), (20, 16), (33, 10), (27, 12), (19, 16), (32, 10), (27, 11), (18, 16), (31, 10), (26, 11), (17, 16), (30, 10), (25, 11), (16, 16), (30, 9), (29, 10), (24, 11), (15, 16), (30, 8), (24, 12), (14, 16), (31, 8), (23, 12), (13, 16), (32, 8), (22, 12), (12, 16), (33, 8), (21, 12), (11, 16), (34, 8), (20, 12), (10, 16), (34, 7), (20, 11), (19, 12), (9, 16), (34, 6), (20, 10), (19, 11), (18, 12), (8, 16), (33, 6), (20, 9), (17, 12), (7, 16), (32, 6), (21, 9), (17, 13), (16, 12), (6, 16), (31, 6), (22, 9), (17, 14), (15, 12), (5, 16), (30, 6), (23, 9), (16, 14), (14, 12), (4, 16), (30, 5), (29, 6), (24, 9), (15, 14), (14, 11), (13, 12), (3, 16), (30, 4), (25, 9), (14, 14), (14, 10), (12, 12), (2, 16), (30, 3), (31, 4), (26, 9), (13, 14), (15, 10), (12, 13), (12, 11), (1, 16), (31, 3), (32, 4), (27, 9), (12, 14), (16, 10), (12, 10), (1, 15), (33, 4), (27, 8), (17, 10), (11, 10), (1, 14), (34, 4), (27, 7), (17, 9), (10, 10), (1, 13), (34, 3), (27, 6), (17, 8), (10, 11), (1, 12), (34, 2), (27, 5), (16, 8), (10, 12), (1, 11), (34, 1), (27, 4), (15, 8), (10, 13), (1, 10), (33, 1), (27, 3), (14, 8), (10, 14), (1, 9), (32, 1), (27, 2), (13, 8), (9, 14), (1, 8), (31, 1)]",42,0,42
159,"(26, 2)","(27, 2)",West,"[(25, 2) via West]","[(26, 2), (12, 8), (8, 14), (1, 7), (30, 1), (28, 1)]","[(12, 8), (8, 14), (1, 7), (30, 1), (28, 1), (25, 2)]","[(34, 16), (34, 15), (33, 16), (34, 14), (32, 16), (33, 14), (31, 16), (32, 14), (30, 16), (31, 14), (29, 16), (30, 14), (28, 16), (30, 13), (27, 16), (30, 12), (26, 16), (31, 12), (25, 16), (32, 12), (25, 15), (24, 16), (33, 12), (25, 14), (23, 16), (34, 12), (26, 14), (22, 16), (34, 11), (27, 14), (21, 16), (34, 10), (27, 13), (20, 16), (33, 10), (27, 12), (19, 16), (32, 10), (27, 11), (18, 16), (31, 10), (26, 11), (17, 16), (30, 10), (25, 11), (16, 16), (30, 9), (29, 10), (24, 11), (15, 16), (30, 8), (24, 12), (14, 16), (31, 8), (23, 12), (13, 16), (32, 8), (22, 12), (12, 16), (33, 8), (21, 12), (11, 16), (34, 8), (20, 12), (10, 16), (34, 7), (20, 11), (19, 12), (9, 16), (34, 6), (20, 10), (19, 11), (18, 12), (8, 16), (33, 6), (20, 9), (17, 12), (7, 16), (32, 6), (21, 9), (17, 13), (16, 12), (6, 16), (31, 6), (22, 9), (17, 14), (15, 12), (5, 16), (30, 6), (23, 9), (16, 14), (14, 12), (4, 16), (30, 5), (29, 6), (24, 9), (15, 14), (14, 11), (13, 12), (3, 16), (30, 4), (25, 9), (14, 14), (14, 10), (12, 12), (2, 16), (30, 3), (31, 4), (26, 9), (13, 14), (15, 10), (12, 13), (12, 11), (1, 16), (31, 3), (32, 4), (27, 9), (12, 14), (16, 10), (12, 10), (1, 15), (33, 4), (27, 8), (17, 10), (11, 10), (1, 14), (34, 4), (27, 7), (17, 9), (10, 10), (1, 13), (34, 3), (27, 6), (17, 8), (10, 11), (1, 12), (34, 2), (27, 5), (16, 8), (10, 12), (1, 11), (34, 1), (27, 4), (15, 8), (10, 13), (1, 10), (33, 1), (27, 3), (14, 8), (10, 14), (1, 9), (32, 1), (27, 2), (13, 8), (9, 14), (1, 8), (31, 1), (27, 1)]",42,0,42
160,"(12, 8)","(13, 8)",West,"[(11, 8) via West]","[(12, 8), (8, 14), (1, 7), (30, 1), (28, 1), (25, 2)]","[(8, 14), (1, 7), (30, 1), (28, 1), (25, 2), (11, 8)]","[(34, 16), (34, 15), (33, 16), (34, 14), (32, 16), (33, 14), (31, 16), (32, 14), (30, 16), (31, 14), (29, 16), (30, 14), (28, 16), (30, 13), (27, 16), (30, 12), (26, 16), (31, 12), (25, 16), (32, 12), (25, 15), (24, 16), (33, 12), (25, 14), (23, 16), (34, 12), (26, 14), (22, 16), (34, 11), (27, 14), (21, 16), (34, 10), (27, 13), (20, 16), (33, 10), (27, 12), (19, 16), (32, 10), (27, 11), (18, 16), (31, 10), (26, 11), (17, 16), (30, 10), (25, 11), (16, 16), (30, 9), (29, 10), (24, 11), (15, 16), (30, 8), (24, 12), (14, 16), (31, 8), (23, 12), (13, 16), (32, 8), (22, 12), (12, 16), (33, 8), (21, 12), (11, 16), (34, 8), (20, 12), (10, 16), (34, 7), (20, 11), (19, 12), (9, 16), (34, 6), (20, 10), (19, 11), (18, 12), (8, 16), (33, 6), (20, 9), (17, 12), (7, 16), (32, 6), (21, 9), (17, 13), (16, 12), (6, 16), (31, 6), (22, 9), (17, 14), (15, 12), (5, 16), (30, 6), (23, 9), (16, 14), (14, 12), (4, 16), (30, 5), (29, 6), (24, 9), (15, 14), (14, 11), (13, 12), (3, 16), (30, 4), (25, 9), (14, 14), (14, 10), (12, 12), (2, 16), (30, 3), (31, 4), (26, 9), (13, 14), (15, 10), (12, 13), (12, 11), (1, 16), (31, 3), (32, 4), (27, 9), (12, 14), (16, 10), (12, 10), (1, 15), (33, 4), (27, 8), (17, 10), (11, 10), (1, 14), (34, 4), (27, 7), (17, 9), (10, 10), (1, 13), (34, 3), (27, 6), (17, 8), (10, 11), (1, 12), (34, 2), (27, 5), (16, 8), (10, 12), (1, 11), (34, 1), (27, 4), (15, 8), (10, 13), (1, 10), (33, 1), (27, 3), (14, 8), (10, 14), (1, 9), (32, 1), (27, 2), (13, 8), (9, 14), (1, 8), (31, 1), (27, 1), (26, 2)]",42,0,42
161,"(8, 14)","(9, 14)",West,"[(8, 13) via South]","[(8, 14), (1, 7), (30, 1), (28, 1), (25, 2), (11, 8)]","[(1, 7), (30, 1), (28, 1), (25, 2), (11, 8), (8, 13)]","[(34, 16), (34, 15), (33, 16), (34, 14), (32, 16), (33, 14), (31, 16), (32, 14), (30, 16), (31, 14), (29, 16), (30, 14), (28, 16), (30, 13), (27, 16), (30, 12), (26, 16), (31, 12), (25, 16), (32, 12), (25, 15), (24, 16), (33, 12), (25, 14), (23, 16), (34, 12), (26, 14), (22, 16), (34, 11), (27, 14), (21, 16), (34, 10), (27, 13), (20, 16), (33, 10), (27, 12), (19, 16), (32, 10), (27, 11), (18, 16), (31, 10), (26, 11), (17, 16), (30, 10), (25, 11), (16, 16), (30, 9), (29, 10), (24, 11), (15, 16), (30, 8), (24, 12), (14, 16), (31, 8), (23, 12), (13, 16), (32, 8), (22, 12), (12, 16), (33, 8), (21, 12), (11, 16), (34, 8), (20, 12), (10, 16), (34, 7), (20, 11), (19, 12), (9, 16), (34, 6), (20, 10), (19, 11), (18, 12), (8, 16), (33, 6), (20, 9), (17, 12), (7, 16), (32, 6), (21, 9), (17, 13), (16, 12), (6, 16), (31, 6), (22, 9), (17, 14), (15, 12), (5, 16), (30, 6), (23, 9), (16, 14), (14, 12), (4, 16), (30, 5), (29, 6), (24, 9), (15, 14), (14, 11), (13, 12), (3, 16), (30, 4), (25, 9), (14, 14), (14, 10), (12, 12), (2, 16), (30, 3), (31, 4), (26, 9), (13, 14), (15, 10), (12, 13), (12, 11), (1, 16), (31, 3), (32, 4), (27, 9), (12, 14), (16, 10), (12, 10), (1, 15), (33, 4), (27, 8), (17, 10), (11, 10), (1, 14), (34, 4), (27, 7), (17, 9), (10, 10), (1, 13), (34, 3), (27, 6), (17, 8), (10, 11), (1, 12), (34, 2), (27, 5), (16, 8), (10, 12), (1, 11), (34, 1), (27, 4), (15, 8), (10, 13), (1, 10), (33, 1), (27, 3), (14, 8), (10, 14), (1, 9), (32, 1), (27, 2), (13, 8), (9, 14), (1, 8), (31, 1), (27, 1), (26, 2), (12, 8)]",42,0,42
162,"(1, 7)","(1, 8)",South,"[(2, 7) via East]","[(1, 7), (30, 1), (28, 1), (25, 2), (11, 8), (8, 13)]","[(30, 1), (28, 1), (25, 2), (11, 8), (8, 13), (2, 7)]","[(34, 16), (34, 15), (33, 16), (34, 14), (32, 16), (33, 14), (31, 16), (32, 14), (30, 16), (31, 14), (29, 16), (30, 14), (28, 16), (30, 13), (27, 16), (30, 12), (26, 16), (31, 12), (25, 16), (32, 12), (25, 15), (24, 16), (33, 12), (25, 14), (23, 16), (34, 12), (26, 14), (22, 16), (34, 11), (27, 14), (21, 16), (34, 10), (27, 13), (20, 16), (33, 10), (27, 12), (19, 16), (32, 10), (27, 11), (18, 16), (31, 10), (26, 11), (17, 16), (30, 10), (25, 11), (16, 16), (30, 9), (29, 10), (24, 11), (15, 16), (30, 8), (24, 12), (14, 16), (31, 8), (23, 12), (13, 16), (32, 8), (22, 12), (12, 16), (33, 8), (21, 12), (11, 16), (34, 8), (20, 12), (10, 16), (34, 7), (20, 11), (19, 12), (9, 16), (34, 6), (20, 10), (19, 11), (18, 12), (8, 16), (33, 6), (20, 9), (17, 12), (7, 16), (32, 6), (21, 9), (17, 13), (16, 12), (6, 16), (31, 6), (22, 9), (17, 14), (15, 12), (5, 16), (30, 6), (23, 9), (16, 14), (14, 12), (4, 16), (30, 5), (29, 6), (24, 9), (15, 14), (14, 11), (13, 12), (3, 16), (30, 4), (25, 9), (14, 14), (14, 10), (12, 12), (2, 16), (30, 3), (31, 4), (26, 9), (13, 14), (15, 10), (12, 13), (12, 11), (1, 16), (31, 3), (32, 4), (27, 9), (12, 14), (16, 10), (12, 10), (1, 15), (33, 4), (27, 8), (17, 10), (11, 10), (1, 14), (34, 4), (27, 7), (17, 9), (10, 10), (1, 13), (34, 3), (27, 6), (17, 8), (10, 11), (1, 12), (34, 2), (27, 5), (16, 8), (10, 12), (1, 11), (34, 1), (27, 4), (15, 8), (10, 13), (1, 10), (33, 1), (27, 3), (14, 8), (10, 14), (1, 9), (32, 1), (27, 2), (13, 8), (9, 14), (1, 8), (31, 1), (27, 1), (26, 2), (12, 8), (8, 14)]",42,0,42
163,"(30, 1)","(31, 1)",West,"[(29, 1) via West]","[(30, 1), (28, 1), (25, 2), (11, 8), (8, 13), (2, 7)]","[(28, 1), (25, 2), (11, 8), (8, 13), (2, 7), (29, 1)]","[(34, 16), (34, 15), (33, 16), (34, 14), (32, 16), (33, 14), (31, 16), (32, 14), (30, 16), (31, 14), (29, 16), (30, 14), (28, 16), (30, 13), (27, 16), (30, 12), (26, 16), (31, 12), (25, 16), (32, 12), (25, 15), (24, 16), (33, 12), (25, 14), (23, 16), (34, 12), (26, 14), (22, 16), (34, 11), (27, 14), (21, 16), (34, 10), (27, 13), (20, 16), (33, 10), (27, 12), (19, 16), (32, 10), (27, 11), (18, 16), (31, 10), (26, 11), (17, 16), (30, 10), (25, 11), (16, 16), (30, 9), (29, 10), (24, 11), (15, 16), (30, 8), (24, 12), (14, 16), (31, 8), (23, 12), (13, 16), (32, 8), (22, 12), (12, 16), (33, 8), (21, 12), (11, 16), (34, 8), (20, 12), (10, 16), (34, 7), (20, 11), (19, 12), (9, 16), (34, 6), (20, 10), (19, 11), (18, 12), (8, 16), (33, 6), (20, 9), (17, 12), (7, 16), (32, 6), (21, 9), (17, 13), (16, 12), (6, 16), (31, 6), (22, 9), (17, 14), (15, 12), (5, 16), (30, 6), (23, 9), (16, 14), (14, 12), (4, 16), (30, 5), (29, 6), (24, 9), (15, 14), (14, 11), (13, 12), (3, 16), (30, 4), (25, 9), (14, 14), (14, 10), (12, 12), (2, 16), (30, 3), (31, 4), (26, 9), (13, 14), (15, 10), (12, 13), (12, 11), (1, 16), (31, 3), (32, 4), (27, 9), (12, 14), (16, 10), (12, 10), (1, 15), (33, 4), (27, 8), (17, 10), (11, 10), (1, 14), (34, 4), (27, 7), (17, 9), (10, 10), (1, 13), (34, 3), (27, 6), (17, 8), (10, 11), (1, 12), (34, 2), (27, 5), (16, 8), (10, 12), (1, 11), (34, 1), (27, 4), (15, 8), (10, 13), (1, 10), (33, 1), (27, 3), (14, 8), (10, 14), (1, 9), (32, 1), (27, 2), (13, 8), (9, 14), (1, 8), (31, 1), (27, 1), (26, 2), (12, 8), (8, 14), (1, 7)]",43,0,43
164,"(28, 1)","(27, 1)",East,[],"[(28, 1), (25, 2), (11, 8), (8, 13), (2, 7), (29, 1)]","[(25, 2), (11, 8), (8, 13), (2, 7), (29, 1)]","[(34, 16), (34, 15), (33, 16), (34, 14), (32, 16), (33, 14), (31, 16), (32, 14), (30, 16), (31, 14), (29, 16), (30, 14), (28, 16), (30, 13), (27, 16), (30, 12), (26, 16), (31, 12), (25, 16), (32, 12), (25, 15), (24, 16), (33, 12), (25, 14), (23, 16), (34, 12), (26, 14), (22, 16), (34, 11), (27, 14), (21, 16), (34, 10), (27, 13), (20, 16), (33, 10), (27, 12), (19, 16), (32, 10), (27, 11), (18, 16), (31, 10), (26, 11), (17, 16), (30, 10), (25, 11), (16, 16), (30, 9), (29, 10), (24, 11), (15, 16), (30, 8), (24, 12), (14, 16), (31, 8), (23, 12), (13, 16), (32, 8), (22, 12), (12, 16), (33, 8), (21, 12), (11, 16), (34, 8), (20, 12), (10, 16), (34, 7), (20, 11), (19, 12), (9, 16), (34, 6), (20, 10), (19, 11), (18, 12), (8, 16), (33, 6), (20, 9), (17, 12), (7, 16), (32, 6), (21, 9), (17, 13), (16, 12), (6, 16), (31, 6), (22, 9), (17, 14), (15, 12), (5, 16), (30, 6), (23, 9), (16, 14), (14, 12), (4, 16), (30, 5), (29, 6), (24, 9), (15, 14), (14, 11), (13, 12), (3, 16), (30, 4), (25, 9), (14, 14), (14, 10), (12, 12), (2, 16), (30, 3), (31, 4), (26, 9), (13, 14), (15, 10), (12, 13), (12, 11), (1, 16), (31, 3), (32, 4), (27, 9), (12, 14), (16, 10), (12, 10), (1, 15), (33, 4), (27, 8), (17, 10), (11, 10), (1, 14), (34, 4), (27, 7), (17, 9), (10, 10), (1, 13), (34, 3), (27, 6), (17, 8), (10, 11), (1, 12), (34, 2), (27, 5), (16, 8), (10, 12), (1, 11), (34, 1), (27, 4), (15, 8), (10, 13), (1, 10), (33, 1), (27, 3), (14, 8), (10, 14), (1, 9), (32, 1), (27, 2), (13, 8), (9, 14), (1, 8), (31, 1), (27, 1), (26, 2), (12, 8), (8, 14), (1, 7), (30, 1)]",43,0,43
165,"(25, 2)","(26, 2)",West,"[(24, 2) via West]","[(25, 2), (11, 8), (8, 13), (2, 7), (29, 1)]","[(11, 8), (8, 13), (2, 7), (29, 1), (24, 2)]","[(34, 16), (34, 15), (33, 16), (34, 14), (32, 16), (33, 14), (31, 16), (32, 14), (30, 16), (31, 14), (29, 16), (30, 14), (28, 16), (30, 13), (27, 16), (30, 12), (26, 16), (31, 12), (25, 16), (32, 12), (25, 15), (24, 16), (33, 12), (25, 14), (23, 16), (34, 12), (26, 14), (22, 16), (34, 11), (27, 14), (21, 16), (34, 10), (27, 13), (20, 16), (33, 10), (27, 12), (19, 16), (32, 10), (27, 11), (18, 16), (31, 10), (26, 11), (17, 16), (30, 10), (25, 11), (16, 16), (30, 9), (29, 10), (24, 11), (15, 16), (30, 8), (24, 12), (14, 16), (31, 8), (23, 12), (13, 16), (32, 8), (22, 12), (12, 16), (33, 8), (21, 12), (11, 16), (34, 8), (20, 12), (10, 16), (34, 7), (20, 11), (19, 12), (9, 16), (34, 6), (20, 10), (19, 11), (18, 12), (8, 16), (33, 6), (20, 9), (17, 12), (7, 16), (32, 6), (21, 9), (17, 13), (16, 12), (6, 16), (31, 6), (22, 9), (17, 14), (15, 12), (5, 16), (30, 6), (23, 9), (16, 14), (14, 12), (4, 16), (30, 5), (29, 6), (24, 9), (15, 14), (14, 11), (13, 12), (3, 16), (30, 4), (25, 9), (14, 14), (14, 10), (12, 12), (2, 16), (30, 3), (31, 4), (26, 9), (13, 14), (15, 10), (12, 13), (12, 11), (1, 16), (31, 3), (32, 4), (27, 9), (12, 14), (16, 10), (12, 10), (1, 15), (33, 4), (27, 8), (17, 10), (11, 10), (1, 14), (34, 4), (27, 7), (17, 9), (10, 10), (1, 13), (34, 3), (27, 6), (17, 8), (10, 11), (1, 12), (34, 2), (27, 5), (16, 8), (10, 12), (1, 11), (34, 1), (27, 4), (15, 8), (10, 13), (1, 10), (33, 1), (27, 3), (14, 8), (10, 14), (1, 9), (32, 1), (27, 2), (13, 8), (9, 14), (1, 8), (31, 1), (27, 1), (26, 2), (12, 8), (8, 14), (1, 7), (30, 1), (28, 1)]",43,0,43
166,"(11, 8)","(12, 8)",West,"[(11, 7) via South]","[(11, 8), (8, 13), (2, 7), (29, 1), (24, 2)]","[(8, 13), (2, 7), (29, 1), (24, 2), (11, 7)]","[(34, 16), (34, 15), (33, 16), (34, 14), (32, 16), (33, 14), (31, 16), (32, 14), (30, 16), (31, 14), (29, 16), (30, 14), (28, 16), (30, 13), (27, 16), (30, 12), (26, 16), (31, 12), (25, 16), (32, 12), (25, 15), (24, 16), (33, 12), (25, 14), (23, 16), (34, 12), (26, 14), (22, 16), (34, 11), (27, 14), (21, 16), (34, 10), (27, 13), (20, 16), (33, 10), (27, 12), (19, 16), (32, 10), (27, 11), (18, 16), (31, 10), (26, 11), (17, 16), (30, 10), (25, 11), (16, 16), (30, 9), (29, 10), (24, 11), (15, 16), (30, 8), (24, 12), (14, 16), (31, 8), (23, 12), (13, 16), (32, 8), (22, 12), (12, 16), (33, 8), (21, 12), (11, 16), (34, 8), (20, 12), (10, 16), (34, 7), (20, 11), (19, 12), (9, 16), (34, 6), (20, 10), (19, 11), (18, 12), (8, 16), (33, 6), (20, 9), (17, 12), (7, 16), (32, 6), (21, 9), (17, 13), (16, 12), (6, 16), (31, 6), (22, 9), (17, 14), (15, 12), (5, 16), (30, 6), (23, 9), (16, 14), (14, 12), (4, 16), (30, 5), (29, 6), (24, 9), (15, 14), (14, 11), (13, 12), (3, 16), (30, 4), (25, 9), (14, 14), (14, 10), (12, 12), (2, 16), (30, 3), (31, 4), (26, 9), (13, 14), (15, 10), (12, 13), (12, 11), (1, 16), (31, 3), (32, 4), (27, 9), (12, 14), (16, 10), (12, 10), (1, 15), (33, 4), (27, 8), (17, 10), (11, 10), (1, 14), (34, 4), (27, 7), (17, 9), (10, 10), (1, 13), (34, 3), (27, 6), (17, 8), (10, 11), (1, 12), (34, 2), (27, 5), (16, 8), (10, 12), (1, 11), (34, 1), (27, 4), (15, 8), (10, 13), (1, 10), (33, 1), (27, 3), (14, 8), (10, 14), (1, 9), (32, 1), (27, 2), (13, 8), (9, 14), (1, 8), (31, 1), (27, 1), (26, 2), (12, 8), (8, 14), (1, 7), (30, 1), (28, 1), (25, 2)]",43,0,43
167,"(8, 13)","(8, 14)",South,"[(8, 12) via South]","[(8, 13), (2, 7), (29, 1), (24, 2), (11, 7)]","[(2, 7), (29, 1), (24, 2), (11, 7), (8, 12)]","[(34, 16), (34, 15), (33, 16), (34, 14), (32, 16), (33, 14), (31, 16), (32, 14), (30, 16), (31, 14), (29, 16), (30, 14), (28, 16), (30, 13), (27, 16), (30, 12), (26, 16), (31, 12), (25, 16), (32, 12), (25, 15), (24, 16), (33, 12), (25, 14), (23, 16), (34, 12), (26, 14), (22, 16), (34, 11), (27, 14), (21, 16), (34, 10), (27, 13), (20, 16), (33, 10), (27, 12), (19, 16), (32, 10), (27, 11), (18, 16), (31, 10), (26, 11), (17, 16), (30, 10), (25, 11), (16, 16), (30, 9), (29, 10), (24, 11), (15, 16), (30, 8), (24, 12), (14, 16), (31, 8), (23, 12), (13, 16), (32, 8), (22, 12), (12, 16), (33, 8), (21, 12), (11, 16), (34, 8), (20, 12), (10, 16), (34, 7), (20, 11), (19, 12), (9, 16), (34, 6), (20, 10), (19, 11), (18, 12), (8, 16), (33, 6), (20, 9), (17, 12), (7, 16), (32, 6), (21, 9), (17, 13), (16, 12), (6, 16), (31, 6), (22, 9), (17, 14), (15, 12), (5, 16), (30, 6), (23, 9), (16, 14), (14, 12), (4, 16), (30, 5), (29, 6), (24, 9), (15, 14), (14, 11), (13, 12), (3, 16), (30, 4), (25, 9), (14, 14), (14, 10), (12, 12), (2, 16), (30, 3), (31, 4), (26, 9), (13, 14), (15, 10), (12, 13), (12, 11), (1, 16), (31, 3), (32, 4), (27, 9), (12, 14), (16, 10), (12, 10), (1, 15), (33, 4), (27, 8), (17, 10), (11, 10), (1, 14), (34, 4), (27, 7), (17, 9), (10, 10), (1, 13), (34, 3), (27, 6), (17, 8), (10, 11), (1, 12), (34, 2), (27, 5), (16, 8), (10, 12), (1, 11), (34, 1), (27, 4), (15, 8), (10, 13), (1, 10), (33, 1), (27, 3), (14, 8), (10, 14), (1, 9), (32, 1), (27, 2), (13, 8), (9, 14), (1, 8), (31, 1), (27, 1), (26, 2), (12, 8), (8, 14), (1, 7), (30, 1), (28, 1), (25, 2), (11, 8)]",43,0,43
168,"(2, 7)","(1, 7)",East,"[(3, 7) via East]","[(2, 7), (29, 1), (24, 2), (11, 7), (8, 12)]","[(29, 1), (24, 2), (11, 7), (8, 12), (3, 7)]","[(34, 16), (34, 15), (33, 16), (34, 14), (32, 16), (33, 14), (31, 16), (32, 14), (30, 16), (31, 14), (29, 16), (30, 14), (28, 16), (30, 13), (27, 16), (30, 12), (26, 16), (31, 12), (25, 16), (32, 12), (25, 15), (24, 16), (33, 12), (25, 14), (23, 16), (34, 12), (26, 14), (22, 16), (34, 11), (27, 14), (21, 16), (34, 10), (27, 13), (20, 16), (33, 10), (27, 12), (19, 16), (32, 10), (27, 11), (18, 16), (31, 10), (26, 11), (17, 16), (30, 10), (25, 11), (16, 16), (30, 9), (29, 10), (24, 11), (15, 16), (30, 8), (24, 12), (14, 16), (31, 8), (23, 12), (13, 16), (32, 8), (22, 12), (12, 16), (33, 8), (21, 12), (11, 16), (34, 8), (20, 12), (10, 16), (34, 7), (20, 11), (19, 12), (9, 16), (34, 6), (20, 10), (19, 11), (18, 12), (8, 16), (33, 6), (20, 9), (17, 12), (7, 16), (32, 6), (21, 9), (17, 13), (16, 12), (6, 16), (31, 6), (22, 9), (17, 14), (15, 12), (5, 16), (30, 6), (23, 9), (16, 14), (14, 12), (4, 16), (30, 5), (29, 6), (24, 9), (15, 14), (14, 11), (13, 12), (3, 16), (30, 4), (25, 9), (14, 14), (14, 10), (12, 12), (2, 16), (30, 3), (31, 4), (26, 9), (13, 14), (15, 10), (12, 13), (12, 11), (1, 16), (31, 3), (32, 4), (27, 9), (12, 14), (16, 10), (12, 10), (1, 15), (33, 4), (27, 8), (17, 10), (11, 10), (1, 14), (34, 4), (27, 7), (17, 9), (10, 10), (1, 13), (34, 3), (27, 6), (17, 8), (10, 11), (1, 12), (34, 2), (27, 5), (16, 8), (10, 12), (1, 11), (34, 1), (27, 4), (15, 8), (10, 13), (1, 10), (33, 1), (27, 3), (14, 8), (10, 14), (1, 9), (32, 1), (27, 2), (13, 8), (9, 14), (1, 8), (31, 1), (27, 1), (26, 2), (12, 8), (8, 14), (1, 7), (30, 1), (28, 1), (25, 2), (11, 8), (8, 13)]",43,0,43
169,"(29, 1)","(30, 1)",West,[],"[(29, 1), (24, 2), (11, 7), (8, 12), (3, 7)]","[(24, 2), (11, 7), (8, 12), (3, 7)]","[(34, 16), (34, 15), (33, 16), (34, 14), (32, 16), (33, 14), (31, 16), (32, 14), (30, 16), (31, 14), (29, 16), (30, 14), (28, 16), (30, 13), (27, 16), (30, 12), (26, 16), (31, 12), (25, 16), (32, 12), (25, 15), (24, 16), (33, 12), (25, 14), (23, 16), (34, 12), (26, 14), (22, 16), (34, 11), (27, 14), (21, 16), (34, 10), (27, 13), (20, 16), (33, 10), (27, 12), (19, 16), (32, 10), (27, 11), (18, 16), (31, 10), (26, 11), (17, 16), (30, 10), (25, 11), (16, 16), (30, 9), (29, 10), (24, 11), (15, 16), (30, 8), (24, 12), (14, 16), (31, 8), (23, 12), (13, 16), (32, 8), (22, 12), (12, 16), (33, 8), (21, 12), (11, 16), (34, 8), (20, 12), (10, 16), (34, 7), (20, 11), (19, 12), (9, 16), (34, 6), (20, 10), (19, 11), (18, 12), (8, 16), (33, 6), (20, 9), (17, 12), (7, 16), (32, 6), (21, 9), (17, 13), (16, 12), (6, 16), (31, 6), (22, 9), (17, 14), (15, 12), (5, 16), (30, 6), (23, 9), (16, 14), (14, 12), (4, 16), (30, 5), (29, 6), (24, 9), (15, 14), (14, 11), (13, 12), (3, 16), (30, 4), (25, 9), (14, 14), (14, 10), (12, 12), (2, 16), (30, 3), (31, 4), (26, 9), (13, 14), (15, 10), (12, 13), (12, 11), (1, 16), (31, 3), (32, 4), (27, 9), (12, 14), (16, 10), (12, 10), (1, 15), (33, 4), (27, 8), (17, 10), (11, 10), (1, 14), (34, 4), (27, 7), (17, 9), (10, 10), (1, 13), (34, 3), (27, 6), (17, 8), (10, 11), (1, 12), (34, 2), (27, 5), (16, 8), (10, 12), (1, 11), (34, 1), (27, 4), (15, 8), (10, 13), (1, 10), (33, 1), (27, 3), (14, 8), (10, 14), (1, 9), (32, 1), (27, 2), (13, 8), (9, 14), (1, 8), (31, 1), (27, 1), (26, 2), (12, 8), (8, 14), (1, 7), (30, 1), (28, 1), (25, 2), (11, 8), (8, 13), (2, 7)]",44,0,44
170,"(24, 2)","(25, 2)",West,"[(23, 2) via West]","[(24, 2), (11, 7), (8, 12), (3, 7)]","[(11, 7), (8, 12), (3, 7), (23, 2)]","[(34, 16), (34, 15), (33, 16), (34, 14), (32, 16), (33, 14), (31, 16), (32, 14), (30, 16), (31, 14), (29, 16), (30, 14), (28, 16), (30, 13), (27, 16), (30, 12), (26, 16), (31, 12), (25, 16), (32, 12), (25, 15), (24, 16), (33, 12), (25, 14), (23, 16), (34, 12), (26, 14), (22, 16), (34, 11), (27, 14), (21, 16), (34, 10), (27, 13), (20, 16), (33, 10), (27, 12), (19, 16), (32, 10), (27, 11), (18, 16), (31, 10), (26, 11), (17, 16), (30, 10), (25, 11), (16, 16), (30, 9), (29, 10), (24, 11), (15, 16), (30, 8), (24, 12), (14, 16), (31, 8), (23, 12), (13, 16), (32, 8), (22, 12), (12, 16), (33, 8), (21, 12), (11, 16), (34, 8), (20, 12), (10, 16), (34, 7), (20, 11), (19, 12), (9, 16), (34, 6), (20, 10), (19, 11), (18, 12), (8, 16), (33, 6), (20, 9), (17, 12), (7, 16), (32, 6), (21, 9), (17, 13), (16, 12), (6, 16), (31, 6), (22, 9), (17, 14), (15, 12), (5, 16), (30, 6), (23, 9), (16, 14), (14, 12), (4, 16), (30, 5), (29, 6), (24, 9), (15, 14), (14, 11), (13, 12), (3, 16), (30, 4), (25, 9), (14, 14), (14, 10), (12, 12), (2, 16), (30, 3), (31, 4), (26, 9), (13, 14), (15, 10), (12, 13), (12, 11), (1, 16), (31, 3), (32, 4), (27, 9), (12, 14), (16, 10), (12, 10), (1, 15), (33, 4), (27, 8), (17, 10), (11, 10), (1, 14), (34, 4), (27, 7), (17, 9), (10, 10), (1, 13), (34, 3), (27, 6), (17, 8), (10, 11), (1, 12), (34, 2), (27, 5), (16, 8), (10, 12), (1, 11), (34, 1), (27, 4), (15, 8), (10, 13), (1, 10), (33, 1), (27, 3), (14, 8), (10, 14), (1, 9), (32, 1), (27, 2), (13, 8), (9, 14), (1, 8), (31, 1), (27, 1), (26, 2), (12, 8), (8, 14), (1, 7), (30, 1), (28, 1), (25, 2), (11, 8), (8, 13), (2, 7), (29, 1)]",44,0,44
171,"(11, 7)","(11, 8)",South,"[(11, 6) via South]","[(11, 7), (8, 12), (3, 7), (23, 2)]","[(8, 12), (3, 7), (23, 2), (11, 6)]","[(34, 16), (34, 15), (33, 16), (34, 14), (32, 16), (33, 14), (31, 16), (32, 14), (30, 16), (31, 14), (29, 16), (30, 14), (28, 16), (30, 13), (27, 16), (30, 12), (26, 16), (31, 12), (25, 16), (32, 12), (25, 15), (24, 16), (33, 12), (25, 14), (23, 16), (34, 12), (26, 14), (22, 16), (34, 11), (27, 14), (21, 16), (34, 10), (27, 13), (20, 16), (33, 10), (27, 12), (19, 16), (32, 10), (27, 11), (18, 16), (31, 10), (26, 11), (17, 16), (30, 10), (25, 11), (16, 16), (30, 9), (29, 10), (24, 11), (15, 16), (30, 8), (24, 12), (14, 16), (31, 8), (23, 12), (13, 16), (32, 8), (22, 12), (12, 16), (33, 8), (21, 12), (11, 16), (34, 8), (20, 12), (10, 16), (34, 7), (20, 11), (19, 12), (9, 16), (34, 6), (20, 10), (19, 11), (18, 12), (8, 16), (33, 6), (20, 9), (17, 12), (7, 16), (32, 6), (21, 9), (17, 13), (16, 12), (6, 16), (31, 6), (22, 9), (17, 14), (15, 12), (5, 16), (30, 6), (23, 9), (16, 14), (14, 12), (4, 16), (30, 5), (29, 6), (24, 9), (15, 14), (14, 11), (13, 12), (3, 16), (30, 4), (25, 9), (14, 14), (14, 10), (12, 12), (2, 16), (30, 3), (31, 4), (26, 9), (13, 14), (15, 10), (12, 13), (12, 11), (1, 16), (31, 3), (32, 4), (27, 9), (12, 14), (16, 10), (12, 10), (1, 15), (33, 4), (27, 8), (17, 10), (11, 10), (1, 14), (34, 4), (27, 7), (17, 9), (10, 10), (1, 13), (34, 3), (27, 6), (17, 8), (10, 11), (1, 12), (34, 2), (27, 5), (16, 8), (10, 12), (1, 11), (34, 1), (27, 4), (15, 8), (10, 13), (1, 10), (33, 1), (27, 3), (14, 8), (10, 14), (1, 9), (32, 1), (27, 2), (13, 8), (9, 14), (1, 8), (31, 1), (27, 1), (26, 2), (12, 8), (8, 14), (1, 7), (30, 1), (28, 1), (25, 2), (11, 8), (8, 13), (2, 7), (29, 1), (24, 2)]",44,0,44
172,"(8, 12)","(8, 13)",South,"[(8, 11) via South]","[(8, 12), (3, 7), (23, 2), (11, 6)]","[(3, 7), (23, 2), (11, 6), (8, 11)]","[(34, 16), (34, 15), (33, 16), (34, 14), (32, 16), (33, 14), (31, 16), (32, 14), (30, 16), (31, 14), (29, 16), (30, 14), (28, 16), (30, 13), (27, 16), (30, 12), (26, 16), (31, 12), (25, 16), (32, 12), (25, 15), (24, 16), (33, 12), (25, 14), (23, 16), (34, 12), (26, 14), (22, 16), (34, 11), (27, 14), (21, 16), (34, 10), (27, 13), (20, 16), (33, 10), (27, 12), (19, 16), (32, 10), (27, 11), (18, 16), (31, 10), (26, 11), (17, 16), (30, 10), (25, 11), (16, 16), (30, 9), (29, 10), (24, 11), (15, 16), (30, 8), (24, 12), (14, 16), (31, 8), (23, 12), (13, 16), (32, 8), (22, 12), (12, 16), (33, 8), (21, 12), (11, 16), (34, 8), (20, 12), (10, 16), (34, 7), (20, 11), (19, 12), (9, 16), (34, 6), (20, 10), (19, 11), (18, 12), (8, 16), (33, 6), (20, 9), (17, 12), (7, 16), (32, 6), (21, 9), (17, 13), (16, 12), (6, 16), (31, 6), (22, 9), (17, 14), (15, 12), (5, 16), (30, 6), (23, 9), (16, 14), (14, 12), (4, 16), (30, 5), (29, 6), (24, 9), (15, 14), (14, 11), (13, 12), (3, 16), (30, 4), (25, 9), (14, 14), (14, 10), (12, 12), (2, 16), (30, 3), (31, 4), (26, 9), (13, 14), (15, 10), (12, 13), (12, 11), (1, 16), (31, 3), (32, 4), (27, 9), (12, 14), (16, 10), (12, 10), (1, 15), (33, 4), (27, 8), (17, 10), (11, 10), (1, 14), (34, 4), (27, 7), (17, 9), (10, 10), (1, 13), (34, 3), (27, 6), (17, 8), (10, 11), (1, 12), (34, 2), (27, 5), (16, 8), (10, 12), (1, 11), (34, 1), (27, 4), (15, 8), (10, 13), (1, 10), (33, 1), (27, 3), (14, 8), (10, 14), (1, 9), (32, 1), (27, 2), (13, 8), (9, 14), (1, 8), (31, 1), (27, 1), (26, 2), (12, 8), (8, 14), (1, 7), (30, 1), (28, 1), (25, 2), (11, 8), (8, 13), (2, 7), (29, 1), (24, 2), (11, 7)]",44,0,44
173,"(3, 7)","(2, 7)",East,"[(4, 7) via East]","[(3, 7), (23, 2), (11, 6), (8, 11)]","[(23, 2), (11, 6), (8, 11), (4, 7)]","[(34, 16), (34, 15), (33, 16), (34, 14), (32, 16), (33, 14), (31, 16), (32, 14), (30, 16), (31, 14), (29, 16), (30, 14), (28, 16), (30, 13), (27, 16), (30, 12), (26, 16), (31, 12), (25, 16), (32, 12), (25, 15), (24, 16), (33, 12), (25, 14), (23, 16), (34, 12), (26, 14), (22, 16), (34, 11), (27, 14), (21, 16), (34, 10), (27, 13), (20, 16), (33, 10), (27, 12), (19, 16), (32, 10), (27, 11), (18, 16), (31, 10), (26, 11), (17, 16), (30, 10), (25, 11), (16, 16), (30, 9), (29, 10), (24, 11), (15, 16), (30, 8), (24, 12), (14, 16), (31, 8), (23, 12), (13, 16), (32, 8), (22, 12), (12, 16), (33, 8), (21, 12), (11, 16), (34, 8), (20, 12), (10, 16), (34, 7), (20, 11), (19, 12), (9, 16), (34, 6), (20, 10), (19, 11), (18, 12), (8, 16), (33, 6), (20, 9), (17, 12), (7, 16), (32, 6), (21, 9), (17, 13), (16, 12), (6, 16), (31, 6), (22, 9), (17, 14), (15, 12), (5, 16), (30, 6), (23, 9), (16, 14), (14, 12), (4, 16), (30, 5), (29, 6), (24, 9), (15, 14), (14, 11), (13, 12), (3, 16), (30, 4), (25, 9), (14, 14), (14, 10), (12, 12), (2, 16), (30, 3), (31, 4), (26, 9), (13, 14), (15, 10), (12, 13), (12, 11), (1, 16), (31, 3), (32, 4), (27, 9), (12, 14), (16, 10), (12, 10), (1, 15), (33, 4), (27, 8), (17, 10), (11, 10), (1, 14), (34, 4), (27, 7), (17, 9), (10, 10), (1, 13), (34, 3), (27, 6), (17, 8), (10, 11), (1, 12), (34, 2), (27, 5), (16, 8), (10, 12), (1, 11), (34, 1), (27, 4), (15, 8), (10, 13), (1, 10), (33, 1), (27, 3), (14, 8), (10, 14), (1, 9), (32, 1), (27, 2), (13, 8), (9, 14), (1, 8), (31, 1), (27, 1), (26, 2), (12, 8), (8, 14), (1, 7), (30, 1), (28, 1), (25, 2), (11, 8), (8, 13), (2, 7), (29, 1), (24, 2), (11, 7), (8, 12)]",44,0,44
174,"(23, 2)","(24, 2)",West,"[(22, 2) via West]","[(23, 2), (11, 6), (8, 11), (4, 7)]","[(11, 6), (8, 11), (4, 7), (22, 2)]","[(34, 16), (34, 15), (33, 16), (34, 14), (32, 16), (33, 14), (31, 16), (32, 14), (30, 16), (31, 14), (29, 16), (30, 14), (28, 16), (30, 13), (27, 16), (30, 12), (26, 16), (31, 12), (25, 16), (32, 12), (25, 15), (24, 16), (33, 12), (25, 14), (23, 16), (34, 12), (26, 14), (22, 16), (34, 11), (27, 14), (21, 16), (34, 10), (27, 13), (20, 16), (33, 10), (27, 12), (19, 16), (32, 10), (27, 11), (18, 16), (31, 10), (26, 11), (17, 16), (30, 10), (25, 11), (16, 16), (30, 9), (29, 10), (24, 11), (15, 16), (30, 8), (24, 12), (14, 16), (31, 8), (23, 12), (13, 16), (32, 8), (22, 12), (12, 16), (33, 8), (21, 12), (11, 16), (34, 8), (20, 12), (10, 16), (34, 7), (20, 11), (19, 12), (9, 16), (34, 6), (20, 10), (19, 11), (18, 12), (8, 16), (33, 6), (20, 9), (17, 12), (7, 16), (32, 6), (21, 9), (17, 13), (16, 12), (6, 16), (31, 6), (22, 9), (17, 14), (15, 12), (5, 16), (30, 6), (23, 9), (16, 14), (14, 12), (4, 16), (30, 5), (29, 6), (24, 9), (15, 14), (14, 11), (13, 12), (3, 16), (30, 4), (25, 9), (14, 14), (14, 10), (12, 12), (2, 16), (30, 3), (31, 4), (26, 9), (13, 14), (15, 10), (12, 13), (12, 11), (1, 16), (31, 3), (32, 4), (27, 9), (12, 14), (16, 10), (12, 10), (1, 15), (33, 4), (27, 8), (17, 10), (11, 10), (1, 14), (34, 4), (27, 7), (17, 9), (10, 10), (1, 13), (34, 3), (27, 6), (17, 8), (10, 11), (1, 12), (34, 2), (27, 5), (16, 8), (10, 12), (1, 11), (34, 1), (27, 4), (15, 8), (10, 13), (1, 10), (33, 1), (27, 3), (14, 8), (10, 14), (1, 9), (32, 1), (27, 2), (13, 8), (9, 14), (1, 8), (31, 1), (27, 1), (26, 2), (12, 8), (8, 14), (1, 7), (30, 1), (28, 1), (25, 2), (11, 8), (8, 13), (2, 7), (29, 1), (24, 2), (11, 7), (8, 12), (3, 7)]",45,0,45
175,"(11, 6)","(11, 7)",South,"[(10, 6) via West]","[(11, 6), (8, 11), (4, 7), (22, 2)]","[(8, 11), (4, 7), (22, 2), (10, 6)]","[(34, 16), (34, 15), (33, 16), (34, 14), (32, 16), (33, 14), (31, 16), (32, 14), (30, 16), (31, 14), (29, 16), (30, 14), (28, 16), (30, 13), (27, 16), (30, 12), (26, 16), (31, 12), (25, 16), (32, 12), (25, 15), (24, 16), (33, 12), (25, 14), (23, 16), (34, 12), (26, 14), (22, 16), (34, 11), (27, 14), (21, 16), (34, 10), (27, 13), (20, 16), (33, 10), (27, 12), (19, 16), (32, 10), (27, 11), (18, 16), (31, 10), (26, 11), (17, 16), (30, 10), (25, 11), (16, 16), (30, 9), (29, 10), (24, 11), (15, 16), (30, 8), (24, 12), (14, 16), (31, 8), (23, 12), (13, 16), (32, 8), (22, 12), (12, 16), (33, 8), (21, 12), (11, 16), (34, 8), (20, 12), (10, 16), (34, 7), (20, 11), (19, 12), (9, 16), (34, 6), (20, 10), (19, 11), (18, 12), (8, 16), (33, 6), (20, 9), (17, 12), (7, 16), (32, 6), (21, 9), (17, 13), (16, 12), (6, 16), (31, 6), (22, 9), (17, 14), (15, 12), (5, 16), (30, 6), (23, 9), (16, 14), (14, 12), (4, 16), (30, 5), (29, 6), (24, 9), (15, 14), (14, 11), (13, 12), (3, 16), (30, 4), (25, 9), (14, 14), (14, 10), (12, 12), (2, 16), (30, 3), (31, 4), (26, 9), (13, 14), (15, 10), (12, 13), (12, 11), (1, 16), (31, 3), (32, 4), (27, 9), (12, 14), (16, 10), (12, 10), (1, 15), (33, 4), (27, 8), (17, 10), (11, 10), (1, 14), (34, 4), (27, 7), (17, 9), (10, 10), (1, 13), (34, 3), (27, 6), (17, 8), (10, 11), (1, 12), (34, 2), (27, 5), (16, 8), (10, 12), (1, 11), (34, 1), (27, 4), (15, 8), (10, 13), (1, 10), (33, 1), (27, 3), (14, 8), (10, 14), (1, 9), (32, 1), (27, 2), (13, 8), (9, 14), (1, 8), (31, 1), (27, 1), (26, 2), (12, 8), (8, 14), (1, 7), (30, 1), (28, 1), (25, 2), (11, 8), (8, 13), (2, 7), (29, 1), (24, 2), (11, 7), (8, 12), (3, 7), (23, 2)]",45,0,45
176,"(8, 11)","(8, 12)",South,"[(8, 10) via South]","[(8, 11), (4, 7), (22, 2), (10, 6)]","[(4, 7), (22, 2), (10, 6), (8, 10)]","[(34, 16), (34, 15), (33, 16), (34, 14), (32, 16), (33, 14), (31, 16), (32, 14), (30, 16), (31, 14), (29, 16), (30, 14), (28, 16), (30, 13), (27, 16), (30, 12), (26, 16), (31, 12), (25, 16), (32, 12), (25, 15), (24, 16), (33, 12), (25, 14), (23, 16), (34, 12), (26, 14), (22, 16), (34, 11), (27, 14), (21, 16), (34, 10), (27, 13), (20, 16), (33, 10), (27, 12), (19, 16), (32, 10), (27, 11), (18, 16), (31, 10), (26, 11), (17, 16), (30, 10), (25, 11), (16, 16), (30, 9), (29, 10), (24, 11), (15, 16), (30, 8), (24, 12), (14, 16), (31, 8), (23, 12), (13, 16), (32, 8), (22, 12), (12, 16), (33, 8), (21, 12), (11, 16), (34, 8), (20, 12), (10, 16), (34, 7), (20, 11), (19, 12), (9, 16), (34, 6), (20, 10), (19, 11), (18, 12), (8, 16), (33, 6), (20, 9), (17, 12), (7, 16), (32, 6), (21, 9), (17, 13), (16, 12), (6, 16), (31, 6), (22, 9), (17, 14), (15, 12), (5, 16), (30, 6), (23, 9), (16, 14), (14, 12), (4, 16), (30, 5), (29, 6), (24, 9), (15, 14), (14, 11), (13, 12), (3, 16), (30, 4), (25, 9), (14, 14), (14, 10), (12, 12), (2, 16), (30, 3), (31, 4), (26, 9), (13, 14), (15, 10), (12, 13), (12, 11), (1, 16), (31, 3), (32, 4), (27, 9), (12, 14), (16, 10), (12, 10), (1, 15), (33, 4), (27, 8), (17, 10), (11, 10), (1, 14), (34, 4), (27, 7), (17, 9), (10, 10), (1, 13), (34, 3), (27, 6), (17, 8), (10, 11), (1, 12), (34, 2), (27, 5), (16, 8), (10, 12), (1, 11), (34, 1), (27, 4), (15, 8), (10, 13), (1, 10), (33, 1), (27, 3), (14, 8), (10, 14), (1, 9), (32, 1), (27, 2), (13, 8), (9, 14), (1, 8), (31, 1), (27, 1), (26, 2), (12, 8), (8, 14), (1, 7), (30, 1), (28, 1), (25, 2), (11, 8), (8, 13), (2, 7), (29, 1), (24, 2), (11, 7), (8, 12), (3, 7), (23, 2), (11, 6)]",45,0,45
177,"(4, 7)","(3, 7)",East,"[(4, 8) via North]","[(4, 7), (22, 2), (10, 6), (8, 10)]","[(22, 2), (10, 6), (8, 10), (4, 8)]","[(34, 16), (34, 15), (33, 16), (34, 14), (32, 16), (33, 14), (31, 16), (32, 14), (30, 16), (31, 14), (29, 16), (30, 14), (28, 16), (30, 13), (27, 16), (30, 12), (26, 16), (31, 12), (25, 16), (32, 12), (25, 15), (24, 16), (33, 12), (25, 14), (23, 16), (34, 12), (26, 14), (22, 16), (34, 11), (27, 14), (21, 16), (34, 10), (27, 13), (20, 16), (33, 10), (27, 12), (19, 16), (32, 10), (27, 11), (18, 16), (31, 10), (26, 11), (17, 16), (30, 10), (25, 11), (16, 16), (30, 9), (29, 10), (24, 11), (15, 16), (30, 8), (24, 12), (14, 16), (31, 8), (23, 12), (13, 16), (32, 8), (22, 12), (12, 16), (33, 8), (21, 12), (11, 16), (34, 8), (20, 12), (10, 16), (34, 7), (20, 11), (19, 12), (9, 16), (34, 6), (20, 10), (19, 11), (18, 12), (8, 16), (33, 6), (20, 9), (17, 12), (7, 16), (32, 6), (21, 9), (17, 13), (16, 12), (6, 16), (31, 6), (22, 9), (17, 14), (15, 12), (5, 16), (30, 6), (23, 9), (16, 14), (14, 12), (4, 16), (30, 5), (29, 6), (24, 9), (15, 14), (14, 11), (13, 12), (3, 16), (30, 4), (25, 9), (14, 14), (14, 10), (12, 12), (2, 16), (30, 3), (31, 4), (26, 9), (13, 14), (15, 10), (12, 13), (12, 11), (1, 16), (31, 3), (32, 4), (27, 9), (12, 14), (16, 10), (12, 10), (1, 15), (33, 4), (27, 8), (17, 10), (11, 10), (1, 14), (34, 4), (27, 7), (17, 9), (10, 10), (1, 13), (34, 3), (27, 6), (17, 8), (10, 11), (1, 12), (34, 2), (27, 5), (16, 8), (10, 12), (1, 11), (34, 1), (27, 4), (15, 8), (10, 13), (1, 10), (33, 1), (27, 3), (14, 8), (10, 14), (1, 9), (32, 1), (27, 2), (13, 8), (9, 14), (1, 8), (31, 1), (27, 1), (26, 2), (12, 8), (8, 14), (1, 7), (30, 1), (28, 1), (25, 2), (11, 8), (8, 13), (2, 7), (29, 1), (24, 2), (11, 7), (8, 12), (3, 7), (23, 2), (11, 6), (8, 11)]",45,0,45
178,"(22, 2)","(23, 2)",West,"[(21, 2) via West]","[(22, 2), (10, 6), (8, 10), (4, 8)]","[(10, 6), (8, 10), (4, 8), (21, 2)]","[(34, 16), (34, 15), (33, 16), (34, 14), (32, 16), (33, 14), (31, 16), (32, 14), (30, 16), (31, 14), (29, 16), (30, 14), (28, 16), (30, 13), (27, 16), (30, 12), (26, 16), (31, 12), (25, 16), (32, 12), (25, 15), (24, 16), (33, 12), (25, 14), (23, 16), (34, 12), (26, 14), (22, 16), (34, 11), (27, 14), (21, 16), (34, 10), (27, 13), (20, 16), (33, 10), (27, 12), (19, 16), (32, 10), (27, 11), (18, 16), (31, 10), (26, 11), (17, 16), (30, 10), (25, 11), (16, 16), (30, 9), (29, 10), (24, 11), (15, 16), (30, 8), (24, 12), (14, 16), (31, 8), (23, 12), (13, 16), (32, 8), (22, 12), (12, 16), (33, 8), (21, 12), (11, 16), (34, 8), (20, 12), (10, 16), (34, 7), (20, 11), (19, 12), (9, 16), (34, 6), (20, 10), (19, 11), (18, 12), (8, 16), (33, 6), (20, 9), (17, 12), (7, 16), (32, 6), (21, 9), (17, 13), (16, 12), (6, 16), (31, 6), (22, 9), (17, 14), (15, 12), (5, 16), (30, 6), (23, 9), (16, 14), (14, 12), (4, 16), (30, 5), (29, 6), (24, 9), (15, 14), (14, 11), (13, 12), (3, 16), (30, 4), (25, 9), (14, 14), (14, 10), (12, 12), (2, 16), (30, 3), (31, 4), (26, 9), (13, 14), (15, 10), (12, 13), (12, 11), (1, 16), (31, 3), (32, 4), (27, 9), (12, 14), (16, 10), (12, 10), (1, 15), (33, 4), (27, 8), (17, 10), (11, 10), (1, 14), (34, 4), (27, 7), (17, 9), (10, 10), (1, 13), (34, 3), (27, 6), (17, 8), (10, 11), (1, 12), (34, 2), (27, 5), (16, 8), (10, 12), (1, 11), (34, 1), (27, 4), (15, 8), (10, 13), (1, 10), (33, 1), (27, 3), (14, 8), (10, 14), (1, 9), (32, 1), (27, 2), (13, 8), (9, 14), (1, 8), (31, 1), (27, 1), (26, 2), (12, 8), (8, 14), (1, 7), (30, 1), (28, 1), (25, 2), (11, 8), (8, 13), (2, 7), (29, 1), (24, 2), (11, 7), (8, 12), (3, 7), (23, 2), (11, 6), (8, 11), (4, 7)]",46,0,46
179,"(10, 6)","(11, 6)",West,"[(9, 6) via West]","[(10, 6), (8, 10), (4, 8), (21, 2)]","[(8, 10), (4, 8), (21, 2), (9, 6)]","[(34, 16), (34, 15), (33, 16), (34, 14), (32, 16), (33, 14), (31, 16), (32, 14), (30, 16), (31, 14), (29, 16), (30, 14), (28, 16), (30, 13), (27, 16), (30, 12), (26, 16), (31, 12), (25, 16), (32, 12), (25, 15), (24, 16), (33, 12), (25, 14), (23, 16), (34, 12), (26, 14), (22, 16), (34, 11), (27, 14), (21, 16), (34, 10), (27, 13), (20, 16), (33, 10), (27, 12), (19, 16), (32, 10), (27, 11), (18, 16), (31, 10), (26, 11), (17, 16), (30, 10), (25, 11), (16, 16), (30, 9), (29, 10), (24, 11), (15, 16), (30, 8), (24, 12), (14, 16), (31, 8), (23, 12), (13, 16), (32, 8), (22, 12), (12, 16), (33, 8), (21, 12), (11, 16), (34, 8), (20, 12), (10, 16), (34, 7), (20, 11), (19, 12), (9, 16), (34, 6), (20, 10), (19, 11), (18, 12), (8, 16), (33, 6), (20, 9), (17, 12), (7, 16), (32, 6), (21, 9), (17, 13), (16, 12), (6, 16), (31, 6), (22, 9), (17, 14), (15, 12), (5, 16), (30, 6), (23, 9), (16, 14), (14, 12), (4, 16), (30, 5), (29, 6), (24, 9), (15, 14), (14, 11), (13, 12), (3, 16), (30, 4), (25, 9), (14, 14), (14, 10), (12, 12), (2, 16), (30, 3), (31, 4), (26, 9), (13, 14), (15, 10), (12, 13), (12, 11), (1, 16), (31, 3), (32, 4), (27, 9), (12, 14), (16, 10), (12, 10), (1, 15), (33, 4), (27, 8), (17, 10), (11, 10), (1, 14), (34, 4), (27, 7), (17, 9), (10, 10), (1, 13), (34, 3), (27, 6), (17, 8), (10, 11), (1, 12), (34, 2), (27, 5), (16, 8), (10, 12), (1, 11), (34, 1), (27, 4), (15, 8), (10, 13), (1, 10), (33, 1), (27, 3), (14, 8), (10, 14), (1, 9), (32, 1), (27, 2), (13, 8), (9, 14), (1, 8), (31, 1), (27, 1), (26, 2), (12, 8), (8, 14), (1, 7), (30, 1), (28, 1), (25, 2), (11, 8), (8, 13), (2, 7), (29, 1), (24, 2), (11, 7), (8, 12), (3, 7), (23, 2), (11, 6), (8, 11), (4, 7), (22, 2)]",46,0,46
180,"(8, 10)","(8, 11)",South,"[(8, 9) via South]","[(8, 10), (4, 8), (21, 2), (9, 6)]","[(4, 8), (21, 2), (9, 6), (8, 9)]","[(34, 16), (34, 15), (33, 16), (34, 14), (32, 16), (33, 14), (31, 16), (32, 14), (30, 16), (31, 14), (29, 16), (30, 14), (28, 16), (30, 13), (27, 16), (30, 12), (26, 16), (31, 12), (25, 16), (32, 12), (25, 15), (24, 16), (33, 12), (25, 14), (23, 16), (34, 12), (26, 14), (22, 16), (34, 11), (27, 14), (21, 16), (34, 10), (27, 13), (20, 16), (33, 10), (27, 12), (19, 16), (32, 10), (27, 11), (18, 16), (31, 10), (26, 11), (17, 16), (30, 10), (25, 11), (16, 16), (30, 9), (29, 10), (24, 11), (15, 16), (30, 8), (24, 12), (14, 16), (31, 8), (23, 12), (13, 16), (32, 8), (22, 12), (12, 16), (33, 8), (21, 12), (11, 16), (34, 8), (20, 12), (10, 16), (34, 7), (20, 11), (19, 12), (9, 16), (34, 6), (20, 10), (19, 11), (18, 12), (8, 16), (33, 6), (20, 9), (17, 12), (7, 16), (32, 6), (21, 9), (17, 13), (16, 12), (6, 16), (31, 6), (22, 9), (17, 14), (15, 12), (5, 16), (30, 6), (23, 9), (16, 14), (14, 12), (4, 16), (30, 5), (29, 6), (24, 9), (15, 14), (14, 11), (13, 12), (3, 16), (30, 4), (25, 9), (14, 14), (14, 10), (12, 12), (2, 16), (30, 3), (31, 4), (26, 9), (13, 14), (15, 10), (12, 13), (12, 11), (1, 16), (31, 3), (32, 4), (27, 9), (12, 14), (16, 10), (12, 10), (1, 15), (33, 4), (27, 8), (17, 10), (11, 10), (1, 14), (34, 4), (27, 7), (17, 9), (10, 10), (1, 13), (34, 3), (27, 6), (17, 8), (10, 11), (1, 12), (34, 2), (27, 5), (16, 8), (10, 12), (1, 11), (34, 1), (27, 4), (15, 8), (10, 13), (1, 10), (33, 1), (27, 3), (14, 8), (10, 14), (1, 9), (32, 1), (27, 2), (13, 8), (9, 14), (1, 8), (31, 1), (27, 1), (26, 2), (12, 8), (8, 14), (1, 7), (30, 1), (28, 1), (25, 2), (11, 8), (8, 13), (2, 7), (29, 1), (24, 2), (11, 7), (8, 12), (3, 7), (23, 2), (11, 6), (8, 11), (4, 7), (22, 2), (10, 6)]",46,0,46
181,"(4, 8)","(4, 7)",North,"[(4, 9) via North]","[(4, 8), (21, 2), (9, 6), (8, 9)]","[(21, 2), (9, 6), (8, 9), (4, 9)]","[(34, 16), (34, 15), (33, 16), (34, 14), (32, 16), (33, 14), (31, 16), (32, 14), (30, 16), (31, 14), (29, 16), (30, 14), (28, 16), (30, 13), (27, 16), (30, 12), (26, 16), (31, 12), (25, 16), (32, 12), (25, 15), (24, 16), (33, 12), (25, 14), (23, 16), (34, 12), (26, 14), (22, 16), (34, 11), (27, 14), (21, 16), (34, 10), (27, 13), (20, 16), (33, 10), (27, 12), (19, 16), (32, 10), (27, 11), (18, 16), (31, 10), (26, 11), (17, 16), (30, 10), (25, 11), (16, 16), (30, 9), (29, 10), (24, 11), (15, 16), (30, 8), (24, 12), (14, 16), (31, 8), (23, 12), (13, 16), (32, 8), (22, 12), (12, 16), (33, 8), (21, 12), (11, 16), (34, 8), (20, 12), (10, 16), (34, 7), (20, 11), (19, 12), (9, 16), (34, 6), (20, 10), (19, 11), (18, 12), (8, 16), (33, 6), (20, 9), (17, 12), (7, 16), (32, 6), (21, 9), (17, 13), (16, 12), (6, 16), (31, 6), (22, 9), (17, 14), (15, 12), (5, 16), (30, 6), (23, 9), (16, 14), (14, 12), (4, 16), (30, 5), (29, 6), (24, 9), (15, 14), (14, 11), (13, 12), (3, 16), (30, 4), (25, 9), (14, 14), (14, 10), (12, 12), (2, 16), (30, 3), (31, 4), (26, 9), (13, 14), (15, 10), (12, 13), (12, 11), (1, 16), (31, 3), (32, 4), (27, 9), (12, 14), (16, 10), (12, 10), (1, 15), (33, 4), (27, 8), (17, 10), (11, 10), (1, 14), (34, 4), (27, 7), (17, 9), (10, 10), (1, 13), (34, 3), (27, 6), (17, 8), (10, 11), (1, 12), (34, 2), (27, 5), (16, 8), (10, 12), (1, 11), (34, 1), (27, 4), (15, 8), (10, 13), (1, 10), (33, 1), (27, 3), (14, 8), (10, 14), (1, 9), (32, 1), (27, 2), (13, 8), (9, 14), (1, 8), (31, 1), (27, 1), (26, 2), (12, 8), (8, 14), (1, 7), (30, 1), (28, 1), (25, 2), (11, 8), (8, 13), (2, 7), (29, 1), (24, 2), (11, 7), (8, 12), (3, 7), (23, 2), (11, 6), (8, 11), (4, 7), (22, 2), (10, 6), (8, 10)]",46,0,46
182,"(21, 2)","(22, 2)",West,"[(20, 2) via West]","[(21, 2), (9, 6), (8, 9), (4, 9)]","[(9, 6), (8, 9), (4, 9), (20, 2)]","[(34, 16), (34, 15), (33, 16), (34, 14), (32, 16), (33, 14), (31, 16), (32, 14), (30, 16), (31, 14), (29, 16), (30, 14), (28, 16), (30, 13), (27, 16), (30, 12), (26, 16), (31, 12), (25, 16), (32, 12), (25, 15), (24, 16), (33, 12), (25, 14), (23, 16), (34, 12), (26, 14), (22, 16), (34, 11), (27, 14), (21, 16), (34, 10), (27, 13), (20, 16), (33, 10), (27, 12), (19, 16), (32, 10), (27, 11), (18, 16), (31, 10), (26, 11), (17, 16), (30, 10), (25, 11), (16, 16), (30, 9), (29, 10), (24, 11), (15, 16), (30, 8), (24, 12), (14, 16), (31, 8), (23, 12), (13, 16), (32, 8), (22, 12), (12, 16), (33, 8), (21, 12), (11, 16), (34, 8), (20, 12), (10, 16), (34, 7), (20, 11), (19, 12), (9, 16), (34, 6), (20, 10), (19, 11), (18, 12), (8, 16), (33, 6), (20, 9), (17, 12), (7, 16), (32, 6), (21, 9), (17, 13), (16, 12), (6, 16), (31, 6), (22, 9), (17, 14), (15, 12), (5, 16), (30, 6), (23, 9), (16, 14), (14, 12), (4, 16), (30, 5), (29, 6), (24, 9), (15, 14), (14, 11), (13, 12), (3, 16), (30, 4), (25, 9), (14, 14), (14, 10), (12, 12), (2, 16), (30, 3), (31, 4), (26, 9), (13, 14), (15, 10), (12, 13), (12, 11), (1, 16), (31, 3), (32, 4), (27, 9), (12, 14), (16, 10), (12, 10), (1, 15), (33, 4), (27, 8), (17, 10), (11, 10), (1, 14), (34, 4), (27, 7), (17, 9), (10, 10), (1, 13), (34, 3), (27, 6), (17, 8), (10, 11), (1, 12), (34, 2), (27, 5), (16, 8), (10, 12), (1, 11), (34, 1), (27, 4), (15, 8), (10, 13), (1, 10), (33, 1), (27, 3), (14, 8), (10, 14), (1, 9), (32, 1), (27, 2), (13, 8), (9, 14), (1, 8), (31, 1), (27, 1), (26, 2), (12, 8), (8, 14), (1, 7), (30, 1), (28, 1), (25, 2), (11, 8), (8, 13), (2, 7), (29, 1), (24, 2), (11, 7), (8, 12), (3, 7), (23, 2), (11, 6), (8, 11), (4, 7), (22, 2), (10, 6), (8, 10), (4, 8)]",47,0,47
183,"(9, 6)","(10, 6)",West,"[(8, 6) via West]","[(9, 6), (8, 9), (4, 9), (20, 2)]","[(8, 9), (4, 9), (20, 2), (8, 6)]","[(34, 16), (34, 15), (33, 16), (34, 14), (32, 16), (33, 14), (31, 16), (32, 14), (30, 16), (31, 14), (29, 16), (30, 14), (28, 16), (30, 13), (27, 16), (30, 12), (26, 16), (31, 12), (25, 16), (32, 12), (25, 15), (24, 16), (33, 12), (25, 14), (23, 16), (34, 12), (26, 14), (22, 16), (34, 11), (27, 14), (21, 16), (34, 10), (27, 13), (20, 16), (33, 10), (27, 12), (19, 16), (32, 10), (27, 11), (18, 16), (31, 10), (26, 11), (17, 16), (30, 10), (25, 11), (16, 16), (30, 9), (29, 10), (24, 11), (15, 16), (30, 8), (24, 12), (14, 16), (31, 8), (23, 12), (13, 16), (32, 8), (22, 12), (12, 16), (33, 8), (21, 12), (11, 16), (34, 8), (20, 12), (10, 16), (34, 7), (20, 11), (19, 12), (9, 16), (34, 6), (20, 10), (19, 11), (18, 12), (8, 16), (33, 6), (20, 9), (17, 12), (7, 16), (32, 6), (21, 9), (17, 13), (16, 12), (6, 16), (31, 6), (22, 9), (17, 14), (15, 12), (5, 16), (30, 6), (23, 9), (16, 14), (14, 12), (4, 16), (30, 5), (29, 6), (24, 9), (15, 14), (14, 11), (13, 12), (3, 16), (30, 4), (25, 9), (14, 14), (14, 10), (12, 12), (2, 16), (30, 3), (31, 4), (26, 9), (13, 14), (15, 10), (12, 13), (12, 11), (1, 16), (31, 3), (32, 4), (27, 9), (12, 14), (16, 10), (12, 10), (1, 15), (33, 4), (27, 8), (17, 10), (11, 10), (1, 14), (34, 4), (27, 7), (17, 9), (10, 10), (1, 13), (34, 3), (27, 6), (17, 8), (10, 11), (1, 12), (34, 2), (27, 5), (16, 8), (10, 12), (1, 11), (34, 1), (27, 4), (15, 8), (10, 13), (1, 10), (33, 1), (27, 3), (14, 8), (10, 14), (1, 9), (32, 1), (27, 2), (13, 8), (9, 14), (1, 8), (31, 1), (27, 1), (26, 2), (12, 8), (8, 14), (1, 7), (30, 1), (28, 1), (25, 2), (11, 8), (8, 13), (2, 7), (29, 1), (24, 2), (11, 7), (8, 12), (3, 7), (23, 2), (11, 6), (8, 11), (4, 7), (22, 2), (10, 6), (8, 10), (4, 8), (21, 2)]",47,0,47
184,"(8, 9)","(8, 10)",South,"[(8, 8) via South]","[(8, 9), (4, 9), (20, 2), (8, 6)]","[(4, 9), (20, 2), (8, 6), (8, 8)]","[(34, 16), (34, 15), (33, 16), (34, 14), (32, 16), (33, 14), (31, 16), (32, 14), (30, 16), (31, 14), (29, 16), (30, 14), (28, 16), (30, 13), (27, 16), (30, 12), (26, 16), (31, 12), (25, 16), (32, 12), (25, 15), (24, 16), (33, 12), (25, 14), (23, 16), (34, 12), (26, 14), (22, 16), (34, 11), (27, 14), (21, 16), (34, 10), (27, 13), (20, 16), (33, 10), (27, 12), (19, 16), (32, 10), (27, 11), (18, 16), (31, 10), (26, 11), (17, 16), (30, 10), (25, 11), (16, 16), (30, 9), (29, 10), (24, 11), (15, 16), (30, 8), (24, 12), (14, 16), (31, 8), (23, 12), (13, 16), (32, 8), (22, 12), (12, 16), (33, 8), (21, 12), (11, 16), (34, 8), (20, 12), (10, 16), (34, 7), (20, 11), (19, 12), (9, 16), (34, 6), (20, 10), (19, 11), (18, 12), (8, 16), (33, 6), (20, 9), (17, 12), (7, 16), (32, 6), (21, 9), (17, 13), (16, 12), (6, 16), (31, 6), (22, 9), (17, 14), (15, 12), (5, 16), (30, 6), (23, 9), (16, 14), (14, 12), (4, 16), (30, 5), (29, 6), (24, 9), (15, 14), (14, 11), (13, 12), (3, 16), (30, 4), (25, 9), (14, 14), (14, 10), (12, 12), (2, 16), (30, 3), (31, 4), (26, 9), (13, 14), (15, 10), (12, 13), (12, 11), (1, 16), (31, 3), (32, 4), (27, 9), (12, 14), (16, 10), (12, 10), (1, 15), (33, 4), (27, 8), (17, 10), (11, 10), (1, 14), (34, 4), (27, 7), (17, 9), (10, 10), (1, 13), (34, 3), (27, 6), (17, 8), (10, 11), (1, 12), (34, 2), (27, 5), (16, 8), (10, 12), (1, 11), (34, 1), (27, 4), (15, 8), (10, 13), (1, 10), (33, 1), (27, 3), (14, 8), (10, 14), (1, 9), (32, 1), (27, 2), (13, 8), (9, 14), (1, 8), (31, 1), (27, 1), (26, 2), (12, 8), (8, 14), (1, 7), (30, 1), (28, 1), (25, 2), (11, 8), (8, 13), (2, 7), (29, 1), (24, 2), (11, 7), (8, 12), (3, 7), (23, 2), (11, 6), (8, 11), (4, 7), (22, 2), (10, 6), (8, 10), (4, 8), (21, 2), (9, 6)]",47,0,47
185,"(4, 9)","(4, 8)",North,"[(4, 10) via North]","[(4, 9), (20, 2), (8, 6), (8, 8)]","[(20, 2), (8, 6), (8, 8), (4, 10)]","[(34, 16), (34, 15), (33, 16), (34, 14), (32, 16), (33, 14), (31, 16), (32, 14), (30, 16), (31, 14), (29, 16), (30, 14), (28, 16), (30, 13), (27, 16), (30, 12), (26, 16), (31, 12), (25, 16), (32, 12), (25, 15), (24, 16), (33, 12), (25, 14), (23, 16), (34, 12), (26, 14), (22, 16), (34, 11), (27, 14), (21, 16), (34, 10), (27, 13), (20, 16), (33, 10), (27, 12), (19, 16), (32, 10), (27, 11), (18, 16), (31, 10), (26, 11), (17, 16), (30, 10), (25, 11), (16, 16), (30, 9), (29, 10), (24, 11), (15, 16), (30, 8), (24, 12), (14, 16), (31, 8), (23, 12), (13, 16), (32, 8), (22, 12), (12, 16), (33, 8), (21, 12), (11, 16), (34, 8), (20, 12), (10, 16), (34, 7), (20, 11), (19, 12), (9, 16), (34, 6), (20, 10), (19, 11), (18, 12), (8, 16), (33, 6), (20, 9), (17, 12), (7, 16), (32, 6), (21, 9), (17, 13), (16, 12), (6, 16), (31, 6), (22, 9), (17, 14), (15, 12), (5, 16), (30, 6), (23, 9), (16, 14), (14, 12), (4, 16), (30, 5), (29, 6), (24, 9), (15, 14), (14, 11), (13, 12), (3, 16), (30, 4), (25, 9), (14, 14), (14, 10), (12, 12), (2, 16), (30, 3), (31, 4), (26, 9), (13, 14), (15, 10), (12, 13), (12, 11), (1, 16), (31, 3), (32, 4), (27, 9), (12, 14), (16, 10), (12, 10), (1, 15), (33, 4), (27, 8), (17, 10), (11, 10), (1, 14), (34, 4), (27, 7), (17, 9), (10, 10), (1, 13), (34, 3), (27, 6), (17, 8), (10, 11), (1, 12), (34, 2), (27, 5), (16, 8), (10, 12), (1, 11), (34, 1), (27, 4), (15, 8), (10, 13), (1, 10), (33, 1), (27, 3), (14, 8), (10, 14), (1, 9), (32, 1), (27, 2), (13, 8), (9, 14), (1, 8), (31, 1), (27, 1), (26, 2), (12, 8), (8, 14), (1, 7), (30, 1), (28, 1), (25, 2), (11, 8), (8, 13), (2, 7), (29, 1), (24, 2), (11, 7), (8, 12), (3, 7), (23, 2), (11, 6), (8, 11), (4, 7), (22, 2), (10, 6), (8, 10), (4, 8), (21, 2), (9, 6), (8, 9)]",47,0,47
186,"(20, 2)","(21, 2)",West,"[(19, 2) via West]","[(20, 2), (8, 6), (8, 8), (4, 10)]","[(8, 6), (8, 8), (4, 10), (19, 2)]","[(34, 16), (34, 15), (33, 16), (34, 14), (32, 16), (33, 14), (31, 16), (32, 14), (30, 16), (31, 14), (29, 16), (30, 14), (28, 16), (30, 13), (27, 16), (30, 12), (26, 16), (31, 12), (25, 16), (32, 12), (25, 15), (24, 16), (33, 12), (25, 14), (23, 16), (34, 12), (26, 14), (22, 16), (34, 11), (27, 14), (21, 16), (34, 10), (27, 13), (20, 16), (33, 10), (27, 12), (19, 16), (32, 10), (27, 11), (18, 16), (31, 10), (26, 11), (17, 16), (30, 10), (25, 11), (16, 16), (30, 9), (29, 10), (24, 11), (15, 16), (30, 8), (24, 12), (14, 16), (31, 8), (23, 12), (13, 16), (32, 8), (22, 12), (12, 16), (33, 8), (21, 12), (11, 16), (34, 8), (20, 12), (10, 16), (34, 7), (20, 11), (19, 12), (9, 16), (34, 6), (20, 10), (19, 11), (18, 12), (8, 16), (33, 6), (20, 9), (17, 12), (7, 16), (32, 6), (21, 9), (17, 13), (16, 12), (6, 16), (31, 6), (22, 9), (17, 14), (15, 12), (5, 16), (30, 6), (23, 9), (16, 14), (14, 12), (4, 16), (30, 5), (29, 6), (24, 9), (15, 14), (14, 11), (13, 12), (3, 16), (30, 4), (25, 9), (14, 14), (14, 10), (12, 12), (2, 16), (30, 3), (31, 4), (26, 9), (13, 14), (15, 10), (12, 13), (12, 11), (1, 16), (31, 3), (32, 4), (27, 9), (12, 14), (16, 10), (12, 10), (1, 15), (33, 4), (27, 8), (17, 10), (11, 10), (1, 14), (34, 4), (27, 7), (17, 9), (10, 10), (1, 13), (34, 3), (27, 6), (17, 8), (10, 11), (1, 12), (34, 2), (27, 5), (16, 8), (10, 12), (1, 11), (34, 1), (27, 4), (15, 8), (10, 13), (1, 10), (33, 1), (27, 3), (14, 8), (10, 14), (1, 9), (32, 1), (27, 2), (13, 8), (9, 14), (1, 8), (31, 1), (27, 1), (26, 2), (12, 8), (8, 14), (1, 7), (30, 1), (28, 1), (25, 2), (11, 8), (8, 13), (2, 7), (29, 1), (24, 2), (11, 7), (8, 12), (3, 7), (23, 2), (11, 6), (8, 11), (4, 7), (22, 2), (10, 6), (8, 10), (4, 8), (21, 2), (9, 6), (8, 9), (4, 9)]",48,0,48
187,"(8, 6)","(9, 6)",West,"[(7, 6) via West]","[(8, 6), (8, 8), (4, 10), (19, 2)]","[(8, 8), (4, 10), (19, 2), (7, 6)]","[(34, 16), (34, 15), (33, 16), (34, 14), (32, 16), (33, 14), (31, 16), (32, 14), (30, 16), (31, 14), (29, 16), (30, 14), (28, 16), (30, 13), (27, 16), (30, 12), (26, 16), (31, 12), (25, 16), (32, 12), (25, 15), (24, 16), (33, 12), (25, 14), (23, 16), (34, 12), (26, 14), (22, 16), (34, 11), (27, 14), (21, 16), (34, 10), (27, 13), (20, 16), (33, 10), (27, 12), (19, 16), (32, 10), (27, 11), (18, 16), (31, 10), (26, 11), (17, 16), (30, 10), (25, 11), (16, 16), (30, 9), (29, 10), (24, 11), (15, 16), (30, 8), (24, 12), (14, 16), (31, 8), (23, 12), (13, 16), (32, 8), (22, 12), (12, 16), (33, 8), (21, 12), (11, 16), (34, 8), (20, 12), (10, 16), (34, 7), (20, 11), (19, 12), (9, 16), (34, 6), (20, 10), (19, 11), (18, 12), (8, 16), (33, 6), (20, 9), (17, 12), (7, 16), (32, 6), (21, 9), (17, 13), (16, 12), (6, 16), (31, 6), (22, 9), (17, 14), (15, 12), (5, 16), (30, 6), (23, 9), (16, 14), (14, 12), (4, 16), (30, 5), (29, 6), (24, 9), (15, 14), (14, 11), (13, 12), (3, 16), (30, 4), (25, 9), (14, 14), (14, 10), (12, 12), (2, 16), (30, 3), (31, 4), (26, 9), (13, 14), (15, 10), (12, 13), (12, 11), (1, 16), (31, 3), (32, 4), (27, 9), (12, 14), (16, 10), (12, 10), (1, 15), (33, 4), (27, 8), (17, 10), (11, 10), (1, 14), (34, 4), (27, 7), (17, 9), (10, 10), (1, 13), (34, 3), (27, 6), (17, 8), (10, 11), (1, 12), (34, 2), (27, 5), (16, 8), (10, 12), (1, 11), (34, 1), (27, 4), (15, 8), (10, 13), (1, 10), (33, 1), (27, 3), (14, 8), (10, 14), (1, 9), (32, 1), (27, 2), (13, 8), (9, 14), (1, 8), (31, 1), (27, 1), (26, 2), (12, 8), (8, 14), (1, 7), (30, 1), (28, 1), (25, 2), (11, 8), (8, 13), (2, 7), (29, 1), (24, 2), (11, 7), (8, 12), (3, 7), (23, 2), (11, 6), (8, 11), (4, 7), (22, 2), (10, 6), (8, 10), (4, 8), (21, 2), (9, 6), (8, 9), (4, 9), (20, 2)]",48,0,48
188,"(8, 8)","(8, 9)",South,"[(7, 8) via West]","[(8, 8), (4, 10), (19, 2), (7, 6)]","[(4, 10), (19, 2), (7, 6), (7, 8)]","[(34, 16), (34, 15), (33, 16), (34, 14), (32, 16), (33, 14), (31, 16), (32, 14), (30, 16), (31, 14), (29, 16), (30, 14), (28, 16), (30, 13), (27, 16), (30, 12), (26, 16), (31, 12), (25, 16), (32, 12), (25, 15), (24, 16), (33, 12), (25, 14), (23, 16), (34, 12), (26, 14), (22, 16), (34, 11), (27, 14), (21, 16), (34, 10), (27, 13), (20, 16), (33, 10), (27, 12), (19, 16), (32, 10), (27, 11), (18, 16), (31, 10), (26, 11), (17, 16), (30, 10), (25, 11), (16, 16), (30, 9), (29, 10), (24, 11), (15, 16), (30, 8), (24, 12), (14, 16), (31, 8), (23, 12), (13, 16), (32, 8), (22, 12), (12, 16), (33, 8), (21, 12), (11, 16), (34, 8), (20, 12), (10, 16), (34, 7), (20, 11), (19, 12), (9, 16), (34, 6), (20, 10), (19, 11), (18, 12), (8, 16), (33, 6), (20, 9), (17, 12), (7, 16), (32, 6), (21, 9), (17, 13), (16, 12), (6, 16), (31, 6), (22, 9), (17, 14), (15, 12), (5, 16), (30, 6), (23, 9), (16, 14), (14, 12), (4, 16), (30, 5), (29, 6), (24, 9), (15, 14), (14, 11), (13, 12), (3, 16), (30, 4), (25, 9), (14, 14), (14, 10), (12, 12), (2, 16), (30, 3), (31, 4), (26, 9), (13, 14), (15, 10), (12, 13), (12, 11), (1, 16), (31, 3), (32, 4), (27, 9), (12, 14), (16, 10), (12, 10), (1, 15), (33, 4), (27, 8), (17, 10), (11, 10), (1, 14), (34, 4), (27, 7), (17, 9), (10, 10), (1, 13), (34, 3), (27, 6), (17, 8), (10, 11), (1, 12), (34, 2), (27, 5), (16, 8), (10, 12), (1, 11), (34, 1), (27, 4), (15, 8), (10, 13), (1, 10), (33, 1), (27, 3), (14, 8), (10, 14), (1, 9), (32, 1), (27, 2), (13, 8), (9, 14), (1, 8), (31, 1), (27, 1), (26, 2), (12, 8), (8, 14), (1, 7), (30, 1), (28, 1), (25, 2), (11, 8), (8, 13), (2, 7), (29, 1), (24, 2), (11, 7), (8, 12), (3, 7), (23, 2), (11, 6), (8, 11), (4, 7), (22, 2), (10, 6), (8, 10), (4, 8), (21, 2), (9, 6), (8, 9), (4, 9), (20, 2), (8, 6)]",48,0,48
189,"(4, 10)","(4, 9)",North,"[(4, 11) via North, (3, 10) via West]","[(4, 10), (19, 2), (7, 6), (7, 8)]","[(19, 2), (7, 6), (7, 8), (4, 11), (3, 10)]","[(34, 16), (34, 15), (33, 16), (34, 14), (32, 16), (33, 14), (31, 16), (32, 14), (30, 16), (31, 14), (29, 16), (30, 14), (28, 16), (30, 13), (27, 16), (30, 12), (26, 16), (31, 12), (25, 16), (32, 12), (25, 15), (24, 16), (33, 12), (25, 14), (23, 16), (34, 12), (26, 14), (22, 16), (34, 11), (27, 14), (21, 16), (34, 10), (27, 13), (20, 16), (33, 10), (27, 12), (19, 16), (32, 10), (27, 11), (18, 16), (31, 10), (26, 11), (17, 16), (30, 10), (25, 11), (16, 16), (30, 9), (29, 10), (24, 11), (15, 16), (30, 8), (24, 12), (14, 16), (31, 8), (23, 12), (13, 16), (32, 8), (22, 12), (12, 16), (33, 8), (21, 12), (11, 16), (34, 8), (20, 12), (10, 16), (34, 7), (20, 11), (19, 12), (9, 16), (34, 6), (20, 10), (19, 11), (18, 12), (8, 16), (33, 6), (20, 9), (17, 12), (7, 16), (32, 6), (21, 9), (17, 13), (16, 12), (6, 16), (31, 6), (22, 9), (17, 14), (15, 12), (5, 16), (30, 6), (23, 9), (16, 14), (14, 12), (4, 16), (30, 5), (29, 6), (24, 9), (15, 14), (14, 11), (13, 12), (3, 16), (30, 4), (25, 9), (14, 14), (14, 10), (12, 12), (2, 16), (30, 3), (31, 4), (26, 9), (13, 14), (15, 10), (12, 13), (12, 11), (1, 16), (31, 3), (32, 4), (27, 9), (12, 14), (16, 10), (12, 10), (1, 15), (33, 4), (27, 8), (17, 10), (11, 10), (1, 14), (34, 4), (27, 7), (17, 9), (10, 10), (1, 13), (34, 3), (27, 6), (17, 8), (10, 11), (1, 12), (34, 2), (27, 5), (16, 8), (10, 12), (1, 11), (34, 1), (27, 4), (15, 8), (10, 13), (1, 10), (33, 1), (27, 3), (14, 8), (10, 14), (1, 9), (32, 1), (27, 2), (13, 8), (9, 14), (1, 8), (31, 1), (27, 1), (26, 2), (12, 8), (8, 14), (1, 7), (30, 1), (28, 1), (25, 2), (11, 8), (8, 13), (2, 7), (29, 1), (24, 2), (11, 7), (8, 12), (3, 7), (23, 2), (11, 6), (8, 11), (4, 7), (22, 2), (10, 6), (8, 10), (4, 8), (21, 2), (9, 6), (8, 9), (4, 9), (20, 2), (8, 6), (8, 8)]",48,0,48
190,"(19, 2)","(20, 2)",West,"[(18, 2) via West]","[(19, 2), (7, 6), (7, 8), (4, 11), (3, 10)]","[(7, 6), (7, 8), (4, 11), (3, 10), (18, 2)]","[(34, 16), (34, 15), (33, 16), (34, 14), (32, 16), (33, 14), (31, 16), (32, 14), (30, 16), (31, 14), (29, 16), (30, 14), (28, 16), (30, 13), (27, 16), (30, 12), (26, 16), (31, 12), (25, 16), (32, 12), (25, 15), (24, 16), (33, 12), (25, 14), (23, 16), (34, 12), (26, 14), (22, 16), (34, 11), (27, 14), (21, 16), (34, 10), (27, 13), (20, 16), (33, 10), (27, 12), (19, 16), (32, 10), (27, 11), (18, 16), (31, 10), (26, 11), (17, 16), (30, 10), (25, 11), (16, 16), (30, 9), (29, 10), (24, 11), (15, 16), (30, 8), (24, 12), (14, 16), (31, 8), (23, 12), (13, 16), (32, 8), (22, 12), (12, 16), (33, 8), (21, 12), (11, 16), (34, 8), (20, 12), (10, 16), (34, 7), (20, 11), (19, 12), (9, 16), (34, 6), (20, 10), (19, 11), (18, 12), (8, 16), (33, 6), (20, 9), (17, 12), (7, 16), (32, 6), (21, 9), (17, 13), (16, 12), (6, 16), (31, 6), (22, 9), (17, 14), (15, 12), (5, 16), (30, 6), (23, 9), (16, 14), (14, 12), (4, 16), (30, 5), (29, 6), (24, 9), (15, 14), (14, 11), (13, 12), (3, 16), (30, 4), (25, 9), (14, 14), (14, 10), (12, 12), (2, 16), (30, 3), (31, 4), (26, 9), (13, 14), (15, 10), (12, 13), (12, 11), (1, 16), (31, 3), (32, 4), (27, 9), (12, 14), (16, 10), (12, 10), (1, 15), (33, 4), (27, 8), (17, 10), (11, 10), (1, 14), (34, 4), (27, 7), (17, 9), (10, 10), (1, 13), (34, 3), (27, 6), (17, 8), (10, 11), (1, 12), (34, 2), (27, 5), (16, 8), (10, 12), (1, 11), (34, 1), (27, 4), (15, 8), (10, 13), (1, 10), (33, 1), (27, 3), (14, 8), (10, 14), (1, 9), (32, 1), (27, 2), (13, 8), (9, 14), (1, 8), (31, 1), (27, 1), (26, 2), (12, 8), (8, 14), (1, 7), (30, 1), (28, 1), (25, 2), (11, 8), (8, 13), (2, 7), (29, 1), (24, 2), (11, 7), (8, 12), (3, 7), (23, 2), (11, 6), (8, 11), (4, 7), (22, 2), (10, 6), (8, 10), (4, 8), (21, 2), (9, 6), (8, 9), (4, 9), (20, 2), (8, 6), (8, 8), (4, 10)]",49,0,49
191,"(7, 6)","(8, 6)",West,"[(6, 6) via West]","[(7, 6), (7, 8), (4, 11), (3, 10), (18, 2)]","[(7, 8), (4, 11), (3, 10), (18, 2), (6, 6)]","[(34, 16), (34, 15), (33, 16), (34, 14), (32, 16), (33, 14), (31, 16), (32, 14), (30, 16), (31, 14), (29, 16), (30, 14), (28, 16), (30, 13), (27, 16), (30, 12), (26, 16), (31, 12), (25, 16), (32, 12), (25, 15), (24, 16), (33, 12), (25, 14), (23, 16), (34, 12), (26, 14), (22, 16), (34, 11), (27, 14), (21, 16), (34, 10), (27, 13), (20, 16), (33, 10), (27, 12), (19, 16), (32, 10), (27, 11), (18, 16), (31, 10), (26, 11), (17, 16), (30, 10), (25, 11), (16, 16), (30, 9), (29, 10), (24, 11), (15, 16), (30, 8), (24, 12), (14, 16), (31, 8), (23, 12), (13, 16), (32, 8), (22, 12), (12, 16), (33, 8), (21, 12), (11, 16), (34, 8), (20, 12), (10, 16), (34, 7), (20, 11), (19, 12), (9, 16), (34, 6), (20, 10), (19, 11), (18, 12), (8, 16), (33, 6), (20, 9), (17, 12), (7, 16), (32, 6), (21, 9), (17, 13), (16, 12), (6, 16), (31, 6), (22, 9), (17, 14), (15, 12), (5, 16), (30, 6), (23, 9), (16, 14), (14, 12), (4, 16), (30, 5), (29, 6), (24, 9), (15, 14), (14, 11), (13, 12), (3, 16), (30, 4), (25, 9), (14, 14), (14, 10), (12, 12), (2, 16), (30, 3), (31, 4), (26, 9), (13, 14), (15, 10), (12, 13), (12, 11), (1, 16), (31, 3), (32, 4), (27, 9), (12, 14), (16, 10), (12, 10), (1, 15), (33, 4), (27, 8), (17, 10), (11, 10), (1, 14), (34, 4), (27, 7), (17, 9), (10, 10), (1, 13), (34, 3), (27, 6), (17, 8), (10, 11), (1, 12), (34, 2), (27, 5), (16, 8), (10, 12), (1, 11), (34, 1), (27, 4), (15, 8), (10, 13), (1, 10), (33, 1), (27, 3), (14, 8), (10, 14), (1, 9), (32, 1), (27, 2), (13, 8), (9, 14), (1, 8), (31, 1), (27, 1), (26, 2), (12, 8), (8, 14), (1, 7), (30, 1), (28, 1), (25, 2), (11, 8), (8, 13), (2, 7), (29, 1), (24, 2), (11, 7), (8, 12), (3, 7), (23, 2), (11, 6), (8, 11), (4, 7), (22, 2), (10, 6), (8, 10), (4, 8), (21, 2), (9, 6), (8, 9), (4, 9), (20, 2), (8, 6), (8, 8), (4, 10), (19, 2)]",49,0,49
192,"(7, 8)","(8, 8)",West,"[(6, 8) via West]","[(7, 8), (4, 11), (3, 10), (18, 2), (6, 6)]","[(4, 11), (3, 10), (18, 2), (6, 6), (6, 8)]","[(34, 16), (34, 15), (33, 16), (34, 14), (32, 16), (33, 14), (31, 16), (32, 14), (30, 16), (31, 14), (29, 16), (30, 14), (28, 16), (30, 13), (27, 16), (30, 12), (26, 16), (31, 12), (25, 16), (32, 12), (25, 15), (24, 16), (33, 12), (25, 14), (23, 16), (34, 12), (26, 14), (22, 16), (34, 11), (27, 14), (21, 16), (34, 10), (27, 13), (20, 16), (33, 10), (27, 12), (19, 16), (32, 10), (27, 11), (18, 16), (31, 10), (26, 11), (17, 16), (30, 10), (25, 11), (16, 16), (30, 9), (29, 10), (24, 11), (15, 16), (30, 8), (24, 12), (14, 16), (31, 8), (23, 12), (13, 16), (32, 8), (22, 12), (12, 16), (33, 8), (21, 12), (11, 16), (34, 8), (20, 12), (10, 16), (34, 7), (20, 11), (19, 12), (9, 16), (34, 6), (20, 10), (19, 11), (18, 12), (8, 16), (33, 6), (20, 9), (17, 12), (7, 16), (32, 6), (21, 9), (17, 13), (16, 12), (6, 16), (31, 6), (22, 9), (17, 14), (15, 12), (5, 16), (30, 6), (23, 9), (16, 14), (14, 12), (4, 16), (30, 5), (29, 6), (24, 9), (15, 14), (14, 11), (13, 12), (3, 16), (30, 4), (25, 9), (14, 14), (14, 10), (12, 12), (2, 16), (30, 3), (31, 4), (26, 9), (13, 14), (15, 10), (12, 13), (12, 11), (1, 16), (31, 3), (32, 4), (27, 9), (12, 14), (16, 10), (12, 10), (1, 15), (33, 4), (27, 8), (17, 10), (11, 10), (1, 14), (34, 4), (27, 7), (17, 9), (10, 10), (1, 13), (34, 3), (27, 6), (17, 8), (10, 11), (1, 12), (34, 2), (27, 5), (16, 8), (10, 12), (1, 11), (34, 1), (27, 4), (15, 8), (10, 13), (1, 10), (33, 1), (27, 3), (14, 8), (10, 14), (1, 9), (32, 1), (27, 2), (13, 8), (9, 14), (1, 8), (31, 1), (27, 1), (26, 2), (12, 8), (8, 14), (1, 7), (30, 1), (28, 1), (25, 2), (11, 8), (8, 13), (2, 7), (29, 1), (24, 2), (11, 7), (8, 12), (3, 7), (23, 2), (11, 6), (8, 11), (4, 7), (22, 2), (10, 6), (8, 10), (4, 8), (21, 2), (9, 6), (8, 9), (4, 9), (20, 2), (8, 6), (8, 8), (4, 10), (19, 2), (7, 6)]",49,0,49
193,"(4, 11)","(4, 10)",North,"[(4, 12) via North]","[(4, 11), (3, 10), (18, 2), (6, 6), (6, 8)]","[(3, 10), (18, 2), (6, 6), (6, 8), (4, 12)]","[(34, 16), (34, 15), (33, 16), (34, 14), (32, 16), (33, 14), (31, 16), (32, 14), (30, 16), (31, 14), (29, 16), (30, 14), (28, 16), (30, 13), (27, 16), (30, 12), (26, 16), (31, 12), (25, 16), (32, 12), (25, 15), (24, 16), (33, 12), (25, 14), (23, 16), (34, 12), (26, 14), (22, 16), (34, 11), (27, 14), (21, 16), (34, 10), (27, 13), (20, 16), (33, 10), (27, 12), (19, 16), (32, 10), (27, 11), (18, 16), (31, 10), (26, 11), (17, 16), (30, 10), (25, 11), (16, 16), (30, 9), (29, 10), (24, 11), (15, 16), (30, 8), (24, 12), (14, 16), (31, 8), (23, 12), (13, 16), (32, 8), (22, 12), (12, 16), (33, 8), (21, 12), (11, 16), (34, 8), (20, 12), (10, 16), (34, 7), (20, 11), (19, 12), (9, 16), (34, 6), (20, 10), (19, 11), (18, 12), (8, 16), (33, 6), (20, 9), (17, 12), (7, 16), (32, 6), (21, 9), (17, 13), (16, 12), (6, 16), (31, 6), (22, 9), (17, 14), (15, 12), (5, 16), (30, 6), (23, 9), (16, 14), (14, 12), (4, 16), (30, 5), (29, 6), (24, 9), (15, 14), (14, 11), (13, 12), (3, 16), (30, 4), (25, 9), (14, 14), (14, 10), (12, 12), (2, 16), (30, 3), (31, 4), (26, 9), (13, 14), (15, 10), (12, 13), (12, 11), (1, 16), (31, 3), (32, 4), (27, 9), (12, 14), (16, 10), (12, 10), (1, 15), (33, 4), (27, 8), (17, 10), (11, 10), (1, 14), (34, 4), (27, 7), (17, 9), (10, 10), (1, 13), (34, 3), (27, 6), (17, 8), (10, 11), (1, 12), (34, 2), (27, 5), (16, 8), (10, 12), (1, 11), (34, 1), (27, 4), (15, 8), (10, 13), (1, 10), (33, 1), (27, 3), (14, 8), (10, 14), (1, 9), (32, 1), (27, 2), (13, 8), (9, 14), (1, 8), (31, 1), (27, 1), (26, 2), (12, 8), (8, 14), (1, 7), (30, 1), (28, 1), (25, 2), (11, 8), (8, 13), (2, 7), (29, 1), (24, 2), (11, 7), (8, 12), (3, 7), (23, 2), (11, 6), (8, 11), (4, 7), (22, 2), (10, 6), (8, 10), (4, 8), (21, 2), (9, 6), (8, 9), (4, 9), (20, 2), (8, 6), (8, 8), (4, 10), (19, 2), (7, 6), (7, 8)]",49,0,49
194,"(3, 10)","(4, 10)",West,[],"[(3, 10), (18, 2), (6, 6), (6, 8), (4, 12)]","[(18, 2), (6, 6), (6, 8), (4, 12)]","[(34, 16), (34, 15), (33, 16), (34, 14), (32, 16), (33, 14), (31, 16), (32, 14), (30, 16), (31, 14), (29, 16), (30, 14), (28, 16), (30, 13), (27, 16), (30, 12), (26, 16), (31, 12), (25, 16), (32, 12), (25, 15), (24, 16), (33, 12), (25, 14), (23, 16), (34, 12), (26, 14), (22, 16), (34, 11), (27, 14), (21, 16), (34, 10), (27, 13), (20, 16), (33, 10), (27, 12), (19, 16), (32, 10), (27, 11), (18, 16), (31, 10), (26, 11), (17, 16), (30, 10), (25, 11), (16, 16), (30, 9), (29, 10), (24, 11), (15, 16), (30, 8), (24, 12), (14, 16), (31, 8), (23, 12), (13, 16), (32, 8), (22, 12), (12, 16), (33, 8), (21, 12), (11, 16), (34, 8), (20, 12), (10, 16), (34, 7), (20, 11), (19, 12), (9, 16), (34, 6), (20, 10), (19, 11), (18, 12), (8, 16), (33, 6), (20, 9), (17, 12), (7, 16), (32, 6), (21, 9), (17, 13), (16, 12), (6, 16), (31, 6), (22, 9), (17, 14), (15, 12), (5, 16), (30, 6), (23, 9), (16, 14), (14, 12), (4, 16), (30, 5), (29, 6), (24, 9), (15, 14), (14, 11), (13, 12), (3, 16), (30, 4), (25, 9), (14, 14), (14, 10), (12, 12), (2, 16), (30, 3), (31, 4), (26, 9), (13, 14), (15, 10), (12, 13), (12, 11), (1, 16), (31, 3), (32, 4), (27, 9), (12, 14), (16, 10), (12, 10), (1, 15), (33, 4), (27, 8), (17, 10), (11, 10), (1, 14), (34, 4), (27, 7), (17, 9), (10, 10), (1, 13), (34, 3), (27, 6), (17, 8), (10, 11), (1, 12), (34, 2), (27, 5), (16, 8), (10, 12), (1, 11), (34, 1), (27, 4), (15, 8), (10, 13), (1, 10), (33, 1), (27, 3), (14, 8), (10, 14), (1, 9), (32, 1), (27, 2), (13, 8), (9, 14), (1, 8), (31, 1), (27, 1), (26, 2), (12, 8), (8, 14), (1, 7), (30, 1), (28, 1), (25, 2), (11, 8), (8, 13), (2, 7), (29, 1), (24, 2), (11, 7), (8, 12), (3, 7), (23, 2), (11, 6), (8, 11), (4, 7), (22, 2), (10, 6), (8, 10), (4, 8), (21, 2), (9, 6), (8, 9), (4, 9), (20, 2), (8, 6), (8, 8), (4, 10), (19, 2), (7, 6), (7, 8), (4, 11)]",49,0,49
195,"(18, 2)","(19, 2)",West,"[(17, 2) via West]","[(18, 2), (6, 6), (6, 8), (4, 12)]","[(6, 6), (6, 8), (4, 12), (17, 2)]","[(34, 16), (34, 15), (33, 16), (34, 14), (32, 16), (33, 14), (31, 16), (32, 14), (30, 16), (31, 14), (29, 16), (30, 14), (28, 16), (30, 13), (27, 16), (30, 12), (26, 16), (31, 12), (25, 16), (32, 12), (25, 15), (24, 16), (33, 12), (25, 14), (23, 16), (34, 12), (26, 14), (22, 16), (34, 11), (27, 14), (21, 16), (34, 10), (27, 13), (20, 16), (33, 10), (27, 12), (19, 16), (32, 10), (27, 11), (18, 16), (31, 10), (26, 11), (17, 16), (30, 10), (25, 11), (16, 16), (30, 9), (29, 10), (24, 11), (15, 16), (30, 8), (24, 12), (14, 16), (31, 8), (23, 12), (13, 16), (32, 8), (22, 12), (12, 16), (33, 8), (21, 12), (11, 16), (34, 8), (20, 12), (10, 16), (34, 7), (20, 11), (19, 12), (9, 16), (34, 6), (20, 10), (19, 11), (18, 12), (8, 16), (33, 6), (20, 9), (17, 12), (7, 16), (32, 6), (21, 9), (17, 13), (16, 12), (6, 16), (31, 6), (22, 9), (17, 14), (15, 12), (5, 16), (30, 6), (23, 9), (16, 14), (14, 12), (4, 16), (30, 5), (29, 6), (24, 9), (15, 14), (14, 11), (13, 12), (3, 16), (30, 4), (25, 9), (14, 14), (14, 10), (12, 12), (2, 16), (30, 3), (31, 4), (26, 9), (13, 14), (15, 10), (12, 13), (12, 11), (1, 16), (31, 3), (32, 4), (27, 9), (12, 14), (16, 10), (12, 10), (1, 15), (33, 4), (27, 8), (17, 10), (11, 10), (1, 14), (34, 4), (27, 7), (17, 9), (10, 10), (1, 13), (34, 3), (27, 6), (17, 8), (10, 11), (1, 12), (34, 2), (27, 5), (16, 8), (10, 12), (1, 11), (34, 1), (27, 4), (15, 8), (10, 13), (1, 10), (33, 1), (27, 3), (14, 8), (10, 14), (1, 9), (32, 1), (27, 2), (13, 8), (9, 14), (1, 8), (31, 1), (27, 1), (26, 2), (12, 8), (8, 14), (1, 7), (30, 1), (28, 1), (25, 2), (11, 8), (8, 13), (2, 7), (29, 1), (24, 2), (11, 7), (8, 12), (3, 7), (23, 2), (11, 6), (8, 11), (4, 7), (22, 2), (10, 6), (8, 10), (4, 8), (21, 2), (9, 6), (8, 9), (4, 9), (20, 2), (8, 6), (8, 8), (4, 10), (19, 2), (7, 6), (7, 8), (4, 11), (3, 10)]",50,0,50
196,"(6, 6)","(7, 6)",West,"[(6, 5) via South]","[(6, 6), (6, 8), (4, 12), (17, 2)]","[(6, 8), (4, 12), (17, 2), (6, 5)]","[(34, 16), (34, 15), (33, 16), (34, 14), (32, 16), (33, 14), (31, 16), (32, 14), (30, 16), (31, 14), (29, 16), (30, 14), (28, 16), (30, 13), (27, 16), (30, 12), (26, 16), (31, 12), (25, 16), (32, 12), (25, 15), (24, 16), (33, 12), (25, 14), (23, 16), (34, 12), (26, 14), (22, 16), (34, 11), (27, 14), (21, 16), (34, 10), (27, 13), (20, 16), (33, 10), (27, 12), (19, 16), (32, 10), (27, 11), (18, 16), (31, 10), (26, 11), (17, 16), (30, 10), (25, 11), (16, 16), (30, 9), (29, 10), (24, 11), (15, 16), (30, 8), (24, 12), (14, 16), (31, 8), (23, 12), (13, 16), (32, 8), (22, 12), (12, 16), (33, 8), (21, 12), (11, 16), (34, 8), (20, 12), (10, 16), (34, 7), (20, 11), (19, 12), (9, 16), (34, 6), (20, 10), (19, 11), (18, 12), (8, 16), (33, 6), (20, 9), (17, 12), (7, 16), (32, 6), (21, 9), (17, 13), (16, 12), (6, 16), (31, 6), (22, 9), (17, 14), (15, 12), (5, 16), (30, 6), (23, 9), (16, 14), (14, 12), (4, 16), (30, 5), (29, 6), (24, 9), (15, 14), (14, 11), (13, 12), (3, 16), (30, 4), (25, 9), (14, 14), (14, 10), (12, 12), (2, 16), (30, 3), (31, 4), (26, 9), (13, 14), (15, 10), (12, 13), (12, 11), (1, 16), (31, 3), (32, 4), (27, 9), (12, 14), (16, 10), (12, 10), (1, 15), (33, 4), (27, 8), (17, 10), (11, 10), (1, 14), (34, 4), (27, 7), (17, 9), (10, 10), (1, 13), (34, 3), (27, 6), (17, 8), (10, 11), (1, 12), (34, 2), (27, 5), (16, 8), (10, 12), (1, 11), (34, 1), (27, 4), (15, 8), (10, 13), (1, 10), (33, 1), (27, 3), (14, 8), (10, 14), (1, 9), (32, 1), (27, 2), (13, 8), (9, 14), (1, 8), (31, 1), (27, 1), (26, 2), (12, 8), (8, 14), (1, 7), (30, 1), (28, 1), (25, 2), (11, 8), (8, 13), (2, 7), (29, 1), (24, 2), (11, 7), (8, 12), (3, 7), (23, 2), (11, 6), (8, 11), (4, 7), (22, 2), (10, 6), (8, 10), (4, 8), (21, 2), (9, 6), (8, 9), (4, 9), (20, 2), (8, 6), (8, 8), (4, 10), (19, 2), (7, 6), (7, 8), (4, 11), (3, 10), (18, 2)]",50,0,50
197,"(6, 8)","(7, 8)",West,"[(6, 9) via North]","[(6, 8), (4, 12), (17, 2), (6, 5)]","[(4, 12), (17, 2), (6, 5), (6, 9)]","[(34, 16), (34, 15), (33, 16), (34, 14), (32, 16), (33, 14), (31, 16), (32, 14), (30, 16), (31, 14), (29, 16), (30, 14), (28, 16), (30, 13), (27, 16), (30, 12), (26, 16), (31, 12), (25, 16), (32, 12), (25, 15), (24, 16), (33, 12), (25, 14), (23, 16), (34, 12), (26, 14), (22, 16), (34, 11), (27, 14), (21, 16), (34, 10), (27, 13), (20, 16), (33, 10), (27, 12), (19, 16), (32, 10), (27, 11), (18, 16), (31, 10), (26, 11), (17, 16), (30, 10), (25, 11), (16, 16), (30, 9), (29, 10), (24, 11), (15, 16), (30, 8), (24, 12), (14, 16), (31, 8), (23, 12), (13, 16), (32, 8), (22, 12), (12, 16), (33, 8), (21, 12), (11, 16), (34, 8), (20, 12), (10, 16), (34, 7), (20, 11), (19, 12), (9, 16), (34, 6), (20, 10), (19, 11), (18, 12), (8, 16), (33, 6), (20, 9), (17, 12), (7, 16), (32, 6), (21, 9), (17, 13), (16, 12), (6, 16), (31, 6), (22, 9), (17, 14), (15, 12), (5, 16), (30, 6), (23, 9), (16, 14), (14, 12), (4, 16), (30, 5), (29, 6), (24, 9), (15, 14), (14, 11), (13, 12), (3, 16), (30, 4), (25, 9), (14, 14), (14, 10), (12, 12), (2, 16), (30, 3), (31, 4), (26, 9), (13, 14), (15, 10), (12, 13), (12, 11), (1, 16), (31, 3), (32, 4), (27, 9), (12, 14), (16, 10), (12, 10), (1, 15), (33, 4), (27, 8), (17, 10), (11, 10), (1, 14), (34, 4), (27, 7), (17, 9), (10, 10), (1, 13), (34, 3), (27, 6), (17, 8), (10, 11), (1, 12), (34, 2), (27, 5), (16, 8), (10, 12), (1, 11), (34, 1), (27, 4), (15, 8), (10, 13), (1, 10), (33, 1), (27, 3), (14, 8), (10, 14), (1, 9), (32, 1), (27, 2), (13, 8), (9, 14), (1, 8), (31, 1), (27, 1), (26, 2), (12, 8), (8, 14), (1, 7), (30, 1), (28, 1), (25, 2), (11, 8), (8, 13), (2, 7), (29, 1), (24, 2), (11, 7), (8, 12), (3, 7), (23, 2), (11, 6), (8, 11), (4, 7), (22, 2), (10, 6), (8, 10), (4, 8), (21, 2), (9, 6), (8, 9), (4, 9), (20, 2), (8, 6), (8, 8), (4, 10), (19, 2), (7, 6), (7, 8), (4, 11), (3, 10), (18, 2), (6, 6)]",50,0,50
198,"(4, 12)","(4, 11)",North,"[(4, 13) via North]","[(4, 12), (17, 2), (6, 5), (6, 9)]","[(17, 2), (6, 5), (6, 9), (4, 13)]","[(34, 16), (34, 15), (33, 16), (34, 14), (32, 16), (33, 14), (31, 16), (32, 14), (30, 16), (31, 14), (29, 16), (30, 14), (28, 16), (30, 13), (27, 16), (30, 12), (26, 16), (31, 12), (25, 16), (32, 12), (25, 15), (24, 16), (33, 12), (25, 14), (23, 16), (34, 12), (26, 14), (22, 16), (34, 11), (27, 14), (21, 16), (34, 10), (27, 13), (20, 16), (33, 10), (27, 12), (19, 16), (32, 10), (27, 11), (18, 16), (31, 10), (26, 11), (17, 16), (30, 10), (25, 11), (16, 16), (30, 9), (29, 10), (24, 11), (15, 16), (30, 8), (24, 12), (14, 16), (31, 8), (23, 12), (13, 16), (32, 8), (22, 12), (12, 16), (33, 8), (21, 12), (11, 16), (34, 8), (20, 12), (10, 16), (34, 7), (20, 11), (19, 12), (9, 16), (34, 6), (20, 10), (19, 11), (18, 12), (8, 16), (33, 6), (20, 9), (17, 12), (7, 16), (32, 6), (21, 9), (17, 13), (16, 12), (6, 16), (31, 6), (22, 9), (17, 14), (15, 12), (5, 16), (30, 6), (23, 9), (16, 14), (14, 12), (4, 16), (30, 5), (29, 6), (24, 9), (15, 14), (14, 11), (13, 12), (3, 16), (30, 4), (25, 9), (14, 14), (14, 10), (12, 12), (2, 16), (30, 3), (31, 4), (26, 9), (13, 14), (15, 10), (12, 13), (12, 11), (1, 16), (31, 3), (32, 4), (27, 9), (12, 14), (16, 10), (12, 10), (1, 15), (33, 4), (27, 8), (17, 10), (11, 10), (1, 14), (34, 4), (27, 7), (17, 9), (10, 10), (1, 13), (34, 3), (27, 6), (17, 8), (10, 11), (1, 12), (34, 2), (27, 5), (16, 8), (10, 12), (1, 11), (34, 1), (27, 4), (15, 8), (10, 13), (1, 10), (33, 1), (27, 3), (14, 8), (10, 14), (1, 9), (32, 1), (27, 2), (13, 8), (9, 14), (1, 8), (31, 1), (27, 1), (26, 2), (12, 8), (8, 14), (1, 7), (30, 1), (28, 1), (25, 2), (11, 8), (8, 13), (2, 7), (29, 1), (24, 2), (11, 7), (8, 12), (3, 7), (23, 2), (11, 6), (8, 11), (4, 7), (22, 2), (10, 6), (8, 10), (4, 8), (21, 2), (9, 6), (8, 9), (4, 9), (20, 2), (8, 6), (8, 8), (4, 10), (19, 2), (7, 6), (7, 8), (4, 11), (3, 10), (18, 2), (6, 6), (6, 8)]",50,0,50
199,"(17, 2)","(18, 2)",West,"[(16, 2) via West]","[(17, 2), (6, 5), (6, 9), (4, 13)]","[(6, 5), (6, 9), (4, 13), (16, 2)]","[(34, 16), (34, 15), (33, 16), (34, 14), (32, 16), (33, 14), (31, 16), (32, 14), (30, 16), (31, 14), (29, 16), (30, 14), (28, 16), (30, 13), (27, 16), (30, 12), (26, 16), (31, 12), (25, 16), (32, 12), (25, 15), (24, 16), (33, 12), (25, 14), (23, 16), (34, 12), (26, 14), (22, 16), (34, 11), (27, 14), (21, 16), (34, 10), (27, 13), (20, 16), (33, 10), (27, 12), (19, 16), (32, 10), (27, 11), (18, 16), (31, 10), (26, 11), (17, 16), (30, 10), (25, 11), (16, 16), (30, 9), (29, 10), (24, 11), (15, 16), (30, 8), (24, 12), (14, 16), (31, 8), (23, 12), (13, 16), (32, 8), (22, 12), (12, 16), (33, 8), (21, 12), (11, 16), (34, 8), (20, 12), (10, 16), (34, 7), (20, 11), (19, 12), (9, 16), (34, 6), (20, 10), (19, 11), (18, 12), (8, 16), (33, 6), (20, 9), (17, 12), (7, 16), (32, 6), (21, 9), (17, 13), (16, 12), (6, 16), (31, 6), (22, 9), (17, 14), (15, 12), (5, 16), (30, 6), (23, 9), (16, 14), (14, 12), (4, 16), (30, 5), (29, 6), (24, 9), (15, 14), (14, 11), (13, 12), (3, 16), (30, 4), (25, 9), (14, 14), (14, 10), (12, 12), (2, 16), (30, 3), (31, 4), (26, 9), (13, 14), (15, 10), (12, 13), (12, 11), (1, 16), (31, 3), (32, 4), (27, 9), (12, 14), (16, 10), (12, 10), (1, 15), (33, 4), (27, 8), (17, 10), (11, 10), (1, 14), (34, 4), (27, 7), (17, 9), (10, 10), (1, 13), (34, 3), (27, 6), (17, 8), (10, 11), (1, 12), (34, 2), (27, 5), (16, 8), (10, 12), (1, 11), (34, 1), (27, 4), (15, 8), (10, 13), (1, 10), (33, 1), (27, 3), (14, 8), (10, 14), (1, 9), (32, 1), (27, 2), (13, 8), (9, 14), (1, 8), (31, 1), (27, 1), (26, 2), (12, 8), (8, 14), (1, 7), (30, 1), (28, 1), (25, 2), (11, 8), (8, 13), (2, 7), (29, 1), (24, 2), (11, 7), (8, 12), (3, 7), (23, 2), (11, 6), (8, 11), (4, 7), (22, 2), (10, 6), (8, 10), (4, 8), (21, 2), (9, 6), (8, 9), (4, 9), (20, 2), (8, 6), (8, 8), (4, 10), (19, 2), (7, 6), (7, 8), (4, 11), (3, 10), (18, 2), (6, 6), (6, 8), (4, 12)]",51,0,51
200,"(6, 5)","(6, 6)",South,"[(5, 5) via West]","[(6, 5), (6, 9), (4, 13), (16, 2)]","[(6, 9), (4, 13), (16, 2), (5, 5)]","[(34, 16), (34, 15), (33, 16), (34, 14), (32, 16), (33, 14), (31, 16), (32, 14), (30, 16), (31, 14), (29, 16), (30, 14), (28, 16), (30, 13), (27, 16), (30, 12), (26, 16), (31, 12), (25, 16), (32, 12), (25, 15), (24, 16), (33, 12), (25, 14), (23, 16), (34, 12), (26, 14), (22, 16), (34, 11), (27, 14), (21, 16), (34, 10), (27, 13), (20, 16), (33, 10), (27, 12), (19, 16), (32, 10), (27, 11), (18, 16), (31, 10), (26, 11), (17, 16), (30, 10), (25, 11), (16, 16), (30, 9), (29, 10), (24, 11), (15, 16), (30, 8), (24, 12), (14, 16), (31, 8), (23, 12), (13, 16), (32, 8), (22, 12), (12, 16), (33, 8), (21, 12), (11, 16), (34, 8), (20, 12), (10, 16), (34, 7), (20, 11), (19, 12), (9, 16), (34, 6), (20, 10), (19, 11), (18, 12), (8, 16), (33, 6), (20, 9), (17, 12), (7, 16), (32, 6), (21, 9), (17, 13), (16, 12), (6, 16), (31, 6), (22, 9), (17, 14), (15, 12), (5, 16), (30, 6), (23, 9), (16, 14), (14, 12), (4, 16), (30, 5), (29, 6), (24, 9), (15, 14), (14, 11), (13, 12), (3, 16), (30, 4), (25, 9), (14, 14), (14, 10), (12, 12), (2, 16), (30, 3), (31, 4), (26, 9), (13, 14), (15, 10), (12, 13), (12, 11), (1, 16), (31, 3), (32, 4), (27, 9), (12, 14), (16, 10), (12, 10), (1, 15), (33, 4), (27, 8), (17, 10), (11, 10), (1, 14), (34, 4), (27, 7), (17, 9), (10, 10), (1, 13), (34, 3), (27, 6), (17, 8), (10, 11), (1, 12), (34, 2), (27, 5), (16, 8), (10, 12), (1, 11), (34, 1), (27, 4), (15, 8), (10, 13), (1, 10), (33, 1), (27, 3), (14, 8), (10, 14), (1, 9), (32, 1), (27, 2), (13, 8), (9, 14), (1, 8), (31, 1), (27, 1), (26, 2), (12, 8), (8, 14), (1, 7), (30, 1), (28, 1), (25, 2), (11, 8), (8, 13), (2, 7), (29, 1), (24, 2), (11, 7), (8, 12), (3, 7), (23, 2), (11, 6), (8, 11), (4, 7), (22, 2), (10, 6), (8, 10), (4, 8), (21, 2), (9, 6), (8, 9), (4, 9), (20, 2), (8, 6), (8, 8), (4, 10), (19, 2), (7, 6), (7, 8), (4, 11), (3, 10), (18, 2), (6, 6), (6, 8), (4, 12), (17, 2)]",51,0,51
201,"(6, 9)","(6, 8)",North,"[(6, 10) via North]","[(6, 9), (4, 13), (16, 2), (5, 5)]","[(4, 13), (16, 2), (5, 5), (6, 10)]","[(34, 16), (34, 15), (33, 16), (34, 14), (32, 16), (33, 14), (31, 16), (32, 14), (30, 16), (31, 14), (29, 16), (30, 14), (28, 16), (30, 13), (27, 16), (30, 12), (26, 16), (31, 12), (25, 16), (32, 12), (25, 15), (24, 16), (33, 12), (25, 14), (23, 16), (34, 12), (26, 14), (22, 16), (34, 11), (27, 14), (21, 16), (34, 10), (27, 13), (20, 16), (33, 10), (27, 12), (19, 16), (32, 10), (27, 11), (18, 16), (31, 10), (26, 11), (17, 16), (30, 10), (25, 11), (16, 16), (30, 9), (29, 10), (24, 11), (15, 16), (30, 8), (24, 12), (14, 16), (31, 8), (23, 12), (13, 16), (32, 8), (22, 12), (12, 16), (33, 8), (21, 12), (11, 16), (34, 8), (20, 12), (10, 16), (34, 7), (20, 11), (19, 12), (9, 16), (34, 6), (20, 10), (19, 11), (18, 12), (8, 16), (33, 6), (20, 9), (17, 12), (7, 16), (32, 6), (21, 9), (17, 13), (16, 12), (6, 16), (31, 6), (22, 9), (17, 14), (15, 12), (5, 16), (30, 6), (23, 9), (16, 14), (14, 12), (4, 16), (30, 5), (29, 6), (24, 9), (15, 14), (14, 11), (13, 12), (3, 16), (30, 4), (25, 9), (14, 14), (14, 10), (12, 12), (2, 16), (30, 3), (31, 4), (26, 9), (13, 14), (15, 10), (12, 13), (12, 11), (1, 16), (31, 3), (32, 4), (27, 9), (12, 14), (16, 10), (12, 10), (1, 15), (33, 4), (27, 8), (17, 10), (11, 10), (1, 14), (34, 4), (27, 7), (17, 9), (10, 10), (1, 13), (34, 3), (27, 6), (17, 8), (10, 11), (1, 12), (34, 2), (27, 5), (16, 8), (10, 12), (1, 11), (34, 1), (27, 4), (15, 8), (10, 13), (1, 10), (33, 1), (27, 3), (14, 8), (10, 14), (1, 9), (32, 1), (27, 2), (13, 8), (9, 14), (1, 8), (31, 1), (27, 1), (26, 2), (12, 8), (8, 14), (1, 7), (30, 1), (28, 1), (25, 2), (11, 8), (8, 13), (2, 7), (29, 1), (24, 2), (11, 7), (8, 12), (3, 7), (23, 2), (11, 6), (8, 11), (4, 7), (22, 2), (10, 6), (8, 10), (4, 8), (21, 2), (9, 6), (8, 9), (4, 9), (20, 2), (8, 6), (8, 8), (4, 10), (19, 2), (7, 6), (7, 8), (4, 11), (3, 10), (18, 2), (6, 6), (6, 8), (4, 12), (17, 2), (6, 5)]",51,0,51
202,"(4, 13)","(4, 12)",North,"[(4, 14) via North]","[(4, 13), (16, 2), (5, 5), (6, 10)]","[(16, 2), (5, 5), (6, 10), (4, 14)]","[(34, 16), (34, 15), (33, 16), (34, 14), (32, 16), (33, 14), (31, 16), (32, 14), (30, 16), (31, 14), (29, 16), (30, 14), (28, 16), (30, 13), (27, 16), (30, 12), (26, 16), (31, 12), (25, 16), (32, 12), (25, 15), (24, 16), (33, 12), (25, 14), (23, 16), (34, 12), (26, 14), (22, 16), (34, 11), (27, 14), (21, 16), (34, 10), (27, 13), (20, 16), (33, 10), (27, 12), (19, 16), (32, 10), (27, 11), (18, 16), (31, 10), (26, 11), (17, 16), (30, 10), (25, 11), (16, 16), (30, 9), (29, 10), (24, 11), (15, 16), (30, 8), (24, 12), (14, 16), (31, 8), (23, 12), (13, 16), (32, 8), (22, 12), (12, 16), (33, 8), (21, 12), (11, 16), (34, 8), (20, 12), (10, 16), (34, 7), (20, 11), (19, 12), (9, 16), (34, 6), (20, 10), (19, 11), (18, 12), (8, 16), (33, 6), (20, 9), (17, 12), (7, 16), (32, 6), (21, 9), (17, 13), (16, 12), (6, 16), (31, 6), (22, 9), (17, 14), (15, 12), (5, 16), (30, 6), (23, 9), (16, 14), (14, 12), (4, 16), (30, 5), (29, 6), (24, 9), (15, 14), (14, 11), (13, 12), (3, 16), (30, 4), (25, 9), (14, 14), (14, 10), (12, 12), (2, 16), (30, 3), (31, 4), (26, 9), (13, 14), (15, 10), (12, 13), (12, 11), (1, 16), (31, 3), (32, 4), (27, 9), (12, 14), (16, 10), (12, 10), (1, 15), (33, 4), (27, 8), (17, 10), (11, 10), (1, 14), (34, 4), (27, 7), (17, 9), (10, 10), (1, 13), (34, 3), (27, 6), (17, 8), (10, 11), (1, 12), (34, 2), (27, 5), (16, 8), (10, 12), (1, 11), (34, 1), (27, 4), (15, 8), (10, 13), (1, 10), (33, 1), (27, 3), (14, 8), (10, 14), (1, 9), (32, 1), (27, 2), (13, 8), (9, 14), (1, 8), (31, 1), (27, 1), (26, 2), (12, 8), (8, 14), (1, 7), (30, 1), (28, 1), (25, 2), (11, 8), (8, 13), (2, 7), (29, 1), (24, 2), (11, 7), (8, 12), (3, 7), (23, 2), (11, 6), (8, 11), (4, 7), (22, 2), (10, 6), (8, 10), (4, 8), (21, 2), (9, 6), (8, 9), (4, 9), (20, 2), (8, 6), (8, 8), (4, 10), (19, 2), (7, 6), (7, 8), (4, 11), (3, 10), (18, 2), (6, 6), (6, 8), (4, 12), (17, 2), (6, 5), (6, 9)]",51,0,51
203,"(16, 2)","(17, 2)",West,"[(15, 2) via West]","[(16, 2), (5, 5), (6, 10), (4, 14)]","[(5, 5), (6, 10), (4, 14), (15, 2)]","[(34, 16), (34, 15), (33, 16), (34, 14), (32, 16), (33, 14), (31, 16), (32, 14), (30, 16), (31, 14), (29, 16), (30, 14), (28, 16), (30, 13), (27, 16), (30, 12), (26, 16), (31, 12), (25, 16), (32, 12), (25, 15), (24, 16), (33, 12), (25, 14), (23, 16), (34, 12), (26, 14), (22, 16), (34, 11), (27, 14), (21, 16), (34, 10), (27, 13), (20, 16), (33, 10), (27, 12), (19, 16), (32, 10), (27, 11), (18, 16), (31, 10), (26, 11), (17, 16), (30, 10), (25, 11), (16, 16), (30, 9), (29, 10), (24, 11), (15, 16), (30, 8), (24, 12), (14, 16), (31, 8), (23, 12), (13, 16), (32, 8), (22, 12), (12, 16), (33, 8), (21, 12), (11, 16), (34, 8), (20, 12), (10, 16), (34, 7), (20, 11), (19, 12), (9, 16), (34, 6), (20, 10), (19, 11), (18, 12), (8, 16), (33, 6), (20, 9), (17, 12), (7, 16), (32, 6), (21, 9), (17, 13), (16, 12), (6, 16), (31, 6), (22, 9), (17, 14), (15, 12), (5, 16), (30, 6), (23, 9), (16, 14), (14, 12), (4, 16), (30, 5), (29, 6), (24, 9), (15, 14), (14, 11), (13, 12), (3, 16), (30, 4), (25, 9), (14, 14), (14, 10), (12, 12), (2, 16), (30, 3), (31, 4), (26, 9), (13, 14), (15, 10), (12, 13), (12, 11), (1, 16), (31, 3), (32, 4), (27, 9), (12, 14), (16, 10), (12, 10), (1, 15), (33, 4), (27, 8), (17, 10), (11, 10), (1, 14), (34, 4), (27, 7), (17, 9), (10, 10), (1, 13), (34, 3), (27, 6), (17, 8), (10, 11), (1, 12), (34, 2), (27, 5), (16, 8), (10, 12), (1, 11), (34, 1), (27, 4), (15, 8), (10, 13), (1, 10), (33, 1), (27, 3), (14, 8), (10, 14), (1, 9), (32, 1), (27, 2), (13, 8), (9, 14), (1, 8), (31, 1), (27, 1), (26, 2), (12, 8), (8, 14), (1, 7), (30, 1), (28, 1), (25, 2), (11, 8), (8, 13), (2, 7), (29, 1), (24, 2), (11, 7), (8, 12), (3, 7), (23, 2), (11, 6), (8, 11), (4, 7), (22, 2), (10, 6), (8, 10), (4, 8), (21, 2), (9, 6), (8, 9), (4, 9), (20, 2), (8, 6), (8, 8), (4, 10), (19, 2), (7, 6), (7, 8), (4, 11), (3, 10), (18, 2), (6, 6), (6, 8), (4, 12), (17, 2), (6, 5), (6, 9), (4, 13)]",52,0,52
204,"(5, 5)","(6, 5)",West,"[(4, 5) via West]","[(5, 5), (6, 10), (4, 14), (15, 2)]","[(6, 10), (4, 14), (15, 2), (4, 5)]","[(34, 16), (34, 15), (33, 16), (34, 14), (32, 16), (33, 14), (31, 16), (32, 14), (30, 16), (31, 14), (29, 16), (30, 14), (28, 16), (30, 13), (27, 16), (30, 12), (26, 16), (31, 12), (25, 16), (32, 12), (25, 15), (24, 16), (33, 12), (25, 14), (23, 16), (34, 12), (26, 14), (22, 16), (34, 11), (27, 14), (21, 16), (34, 10), (27, 13), (20, 16), (33, 10), (27, 12), (19, 16), (32, 10), (27, 11), (18, 16), (31, 10), (26, 11), (17, 16), (30, 10), (25, 11), (16, 16), (30, 9), (29, 10), (24, 11), (15, 16), (30, 8), (24, 12), (14, 16), (31, 8), (23, 12), (13, 16), (32, 8), (22, 12), (12, 16), (33, 8), (21, 12), (11, 16), (34, 8), (20, 12), (10, 16), (34, 7), (20, 11), (19, 12), (9, 16), (34, 6), (20, 10), (19, 11), (18, 12), (8, 16), (33, 6), (20, 9), (17, 12), (7, 16), (32, 6), (21, 9), (17, 13), (16, 12), (6, 16), (31, 6), (22, 9), (17, 14), (15, 12), (5, 16), (30, 6), (23, 9), (16, 14), (14, 12), (4, 16), (30, 5), (29, 6), (24, 9), (15, 14), (14, 11), (13, 12), (3, 16), (30, 4), (25, 9), (14, 14), (14, 10), (12, 12), (2, 16), (30, 3), (31, 4), (26, 9), (13, 14), (15, 10), (12, 13), (12, 11), (1, 16), (31, 3), (32, 4), (27, 9), (12, 14), (16, 10), (12, 10), (1, 15), (33, 4), (27, 8), (17, 10), (11, 10), (1, 14), (34, 4), (27, 7), (17, 9), (10, 10), (1, 13), (34, 3), (27, 6), (17, 8), (10, 11), (1, 12), (34, 2), (27, 5), (16, 8), (10, 12), (1, 11), (34, 1), (27, 4), (15, 8), (10, 13), (1, 10), (33, 1), (27, 3), (14, 8), (10, 14), (1, 9), (32, 1), (27, 2), (13, 8), (9, 14), (1, 8), (31, 1), (27, 1), (26, 2), (12, 8), (8, 14), (1, 7), (30, 1), (28, 1), (25, 2), (11, 8), (8, 13), (2, 7), (29, 1), (24, 2), (11, 7), (8, 12), (3, 7), (23, 2), (11, 6), (8, 11), (4, 7), (22, 2), (10, 6), (8, 10), (4, 8), (21, 2), (9, 6), (8, 9), (4, 9), (20, 2), (8, 6), (8, 8), (4, 10), (19, 2), (7, 6), (7, 8), (4, 11), (3, 10), (18, 2), (6, 6), (6, 8), (4, 12), (17, 2), (6, 5), (6, 9), (4, 13), (16, 2)]",52,0,52
205,"(6, 10)","(6, 9)",North,"[(6, 11) via North]","[(6, 10), (4, 14), (15, 2), (4, 5)]","[(4, 14), (15, 2), (4, 5), (6, 11)]","[(34, 16), (34, 15), (33, 16), (34, 14), (32, 16), (33, 14), (31, 16), (32, 14), (30, 16), (31, 14), (29, 16), (30, 14), (28, 16), (30, 13), (27, 16), (30, 12), (26, 16), (31, 12), (25, 16), (32, 12), (25, 15), (24, 16), (33, 12), (25, 14), (23, 16), (34, 12), (26, 14), (22, 16), (34, 11), (27, 14), (21, 16), (34, 10), (27, 13), (20, 16), (33, 10), (27, 12), (19, 16), (32, 10), (27, 11), (18, 16), (31, 10), (26, 11), (17, 16), (30, 10), (25, 11), (16, 16), (30, 9), (29, 10), (24, 11), (15, 16), (30, 8), (24, 12), (14, 16), (31, 8), (23, 12), (13, 16), (32, 8), (22, 12), (12, 16), (33, 8), (21, 12), (11, 16), (34, 8), (20, 12), (10, 16), (34, 7), (20, 11), (19, 12), (9, 16), (34, 6), (20, 10), (19, 11), (18, 12), (8, 16), (33, 6), (20, 9), (17, 12), (7, 16), (32, 6), (21, 9), (17, 13), (16, 12), (6, 16), (31, 6), (22, 9), (17, 14), (15, 12), (5, 16), (30, 6), (23, 9), (16, 14), (14, 12), (4, 16), (30, 5), (29, 6), (24, 9), (15, 14), (14, 11), (13, 12), (3, 16), (30, 4), (25, 9), (14, 14), (14, 10), (12, 12), (2, 16), (30, 3), (31, 4), (26, 9), (13, 14), (15, 10), (12, 13), (12, 11), (1, 16), (31, 3), (32, 4), (27, 9), (12, 14), (16, 10), (12, 10), (1, 15), (33, 4), (27, 8), (17, 10), (11, 10), (1, 14), (34, 4), (27, 7), (17, 9), (10, 10), (1, 13), (34, 3), (27, 6), (17, 8), (10, 11), (1, 12), (34, 2), (27, 5), (16, 8), (10, 12), (1, 11), (34, 1), (27, 4), (15, 8), (10, 13), (1, 10), (33, 1), (27, 3), (14, 8), (10, 14), (1, 9), (32, 1), (27, 2), (13, 8), (9, 14), (1, 8), (31, 1), (27, 1), (26, 2), (12, 8), (8, 14), (1, 7), (30, 1), (28, 1), (25, 2), (11, 8), (8, 13), (2, 7), (29, 1), (24, 2), (11, 7), (8, 12), (3, 7), (23, 2), (11, 6), (8, 11), (4, 7), (22, 2), (10, 6), (8, 10), (4, 8), (21, 2), (9, 6), (8, 9), (4, 9), (20, 2), (8, 6), (8, 8), (4, 10), (19, 2), (7, 6), (7, 8), (4, 11), (3, 10), (18, 2), (6, 6), (6, 8), (4, 12), (17, 2), (6, 5), (6, 9), (4, 13), (16, 2), (5, 5)]",52,0,52
206,"(4, 14)","(4, 13)",North,"[(5, 14) via East]","[(4, 14), (15, 2), (4, 5), (6, 11)]","[(15, 2), (4, 5), (6, 11), (5, 14)]","[(34, 16), (34, 15), (33, 16), (34, 14), (32, 16), (33, 14), (31, 16), (32, 14), (30, 16), (31, 14), (29, 16), (30, 14), (28, 16), (30, 13), (27, 16), (30, 12), (26, 16), (31, 12), (25, 16), (32, 12), (25, 15), (24, 16), (33, 12), (25, 14), (23, 16), (34, 12), (26, 14), (22, 16), (34, 11), (27, 14), (21, 16), (34, 10), (27, 13), (20, 16), (33, 10), (27, 12), (19, 16), (32, 10), (27, 11), (18, 16), (31, 10), (26, 11), (17, 16), (30, 10), (25, 11), (16, 16), (30, 9), (29, 10), (24, 11), (15, 16), (30, 8), (24, 12), (14, 16), (31, 8), (23, 12), (13, 16), (32, 8), (22, 12), (12, 16), (33, 8), (21, 12), (11, 16), (34, 8), (20, 12), (10, 16), (34, 7), (20, 11), (19, 12), (9, 16), (34, 6), (20, 10), (19, 11), (18, 12), (8, 16), (33, 6), (20, 9), (17, 12), (7, 16), (32, 6), (21, 9), (17, 13), (16, 12), (6, 16), (31, 6), (22, 9), (17, 14), (15, 12), (5, 16), (30, 6), (23, 9), (16, 14), (14, 12), (4, 16), (30, 5), (29, 6), (24, 9), (15, 14), (14, 11), (13, 12), (3, 16), (30, 4), (25, 9), (14, 14), (14, 10), (12, 12), (2, 16), (30, 3), (31, 4), (26, 9), (13, 14), (15, 10), (12, 13), (12, 11), (1, 16), (31, 3), (32, 4), (27, 9), (12, 14), (16, 10), (12, 10), (1, 15), (33, 4), (27, 8), (17, 10), (11, 10), (1, 14), (34, 4), (27, 7), (17, 9), (10, 10), (1, 13), (34, 3), (27, 6), (17, 8), (10, 11), (1, 12), (34, 2), (27, 5), (16, 8), (10, 12), (1, 11), (34, 1), (27, 4), (15, 8), (10, 13), (1, 10), (33, 1), (27, 3), (14, 8), (10, 14), (1, 9), (32, 1), (27, 2), (13, 8), (9, 14), (1, 8), (31, 1), (27, 1), (26, 2), (12, 8), (8, 14), (1, 7), (30, 1), (28, 1), (25, 2), (11, 8), (8, 13), (2, 7), (29, 1), (24, 2), (11, 7), (8, 12), (3, 7), (23, 2), (11, 6), (8, 11), (4, 7), (22, 2), (10, 6), (8, 10), (4, 8), (21, 2), (9, 6), (8, 9), (4, 9), (20, 2), (8, 6), (8, 8), (4, 10), (19, 2), (7, 6), (7, 8), (4, 11), (3, 10), (18, 2), (6, 6), (6, 8), (4, 12), (17, 2), (6, 5), (6, 9), (4, 13), (16, 2), (5, 5), (6, 10)]",52,0,52
207,"(15, 2)","(16, 2)",West,"[(15, 3) via North, (14, 2) via West]","[(15, 2), (4, 5), (6, 11), (5, 14)]","[(4, 5), (6, 11), (5, 14), (15, 3), (14, 2)]","[(34, 16), (34, 15), (33, 16), (34, 14), (32, 16), (33, 14), (31, 16), (32, 14), (30, 16), (31, 14), (29, 16), (30, 14), (28, 16), (30, 13), (27, 16), (30, 12), (26, 16), (31, 12), (25, 16), (32, 12), (25, 15), (24, 16), (33, 12), (25, 14), (23, 16), (34, 12), (26, 14), (22, 16), (34, 11), (27, 14), (21, 16), (34, 10), (27, 13), (20, 16), (33, 10), (27, 12), (19, 16), (32, 10), (27, 11), (18, 16), (31, 10), (26, 11), (17, 16), (30, 10), (25, 11), (16, 16), (30, 9), (29, 10), (24, 11), (15, 16), (30, 8), (24, 12), (14, 16), (31, 8), (23, 12), (13, 16), (32, 8), (22, 12), (12, 16), (33, 8), (21, 12), (11, 16), (34, 8), (20, 12), (10, 16), (34, 7), (20, 11), (19, 12), (9, 16), (34, 6), (20, 10), (19, 11), (18, 12), (8, 16), (33, 6), (20, 9), (17, 12), (7, 16), (32, 6), (21, 9), (17, 13), (16, 12), (6, 16), (31, 6), (22, 9), (17, 14), (15, 12), (5, 16), (30, 6), (23, 9), (16, 14), (14, 12), (4, 16), (30, 5), (29, 6), (24, 9), (15, 14), (14, 11), (13, 12), (3, 16), (30, 4), (25, 9), (14, 14), (14, 10), (12, 12), (2, 16), (30, 3), (31, 4), (26, 9), (13, 14), (15, 10), (12, 13), (12, 11), (1, 16), (31, 3), (32, 4), (27, 9), (12, 14), (16, 10), (12, 10), (1, 15), (33, 4), (27, 8), (17, 10), (11, 10), (1, 14), (34, 4), (27, 7), (17, 9), (10, 10), (1, 13), (34, 3), (27, 6), (17, 8), (10, 11), (1, 12), (34, 2), (27, 5), (16, 8), (10, 12), (1, 11), (34, 1), (27, 4), (15, 8), (10, 13), (1, 10), (33, 1), (27, 3), (14, 8), (10, 14), (1, 9), (32, 1), (27, 2), (13, 8), (9, 14), (1, 8), (31, 1), (27, 1), (26, 2), (12, 8), (8, 14), (1, 7), (30, 1), (28, 1), (25, 2), (11, 8), (8, 13), (2, 7), (29, 1), (24, 2), (11, 7), (8, 12), (3, 7), (23, 2), (11, 6), (8, 11), (4, 7), (22, 2), (10, 6), (8, 10), (4, 8), (21, 2), (9, 6), (8, 9), (4, 9), (20, 2), (8, 6), (8, 8), (4, 10), (19, 2), (7, 6), (7, 8), (4, 11), (3, 10), (18, 2), (6, 6), (6, 8), (4, 12), (17, 2), (6, 5), (6, 9), (4, 13), (16, 2), (5, 5), (6, 10), (4, 14)]",53,0,53
208,"(4, 5)","(5, 5)",West,"[(3, 5) via West]","[(4, 5), (6, 11), (5, 14), (15, 3), (14, 2)]","[(6, 11), (5, 14), (15, 3), (14, 2), (3, 5)]","[(34, 16), (34, 15), (33, 16), (34, 14), (32, 16), (33, 14), (31, 16), (32, 14), (30, 16), (31, 14), (29, 16), (30, 14), (28, 16), (30, 13), (27, 16), (30, 12), (26, 16), (31, 12), (25, 16), (32, 12), (25, 15), (24, 16), (33, 12), (25, 14), (23, 16), (34, 12), (26, 14), (22, 16), (34, 11), (27, 14), (21, 16), (34, 10), (27, 13), (20, 16), (33, 10), (27, 12), (19, 16), (32, 10), (27, 11), (18, 16), (31, 10), (26, 11), (17, 16), (30, 10), (25, 11), (16, 16), (30, 9), (29, 10), (24, 11), (15, 16), (30, 8), (24, 12), (14, 16), (31, 8), (23, 12), (13, 16), (32, 8), (22, 12), (12, 16), (33, 8), (21, 12), (11, 16), (34, 8), (20, 12), (10, 16), (34, 7), (20, 11), (19, 12), (9, 16), (34, 6), (20, 10), (19, 11), (18, 12), (8, 16), (33, 6), (20, 9), (17, 12), (7, 16), (32, 6), (21, 9), (17, 13), (16, 12), (6, 16), (31, 6), (22, 9), (17, 14), (15, 12), (5, 16), (30, 6), (23, 9), (16, 14), (14, 12), (4, 16), (30, 5), (29, 6), (24, 9), (15, 14), (14, 11), (13, 12), (3, 16), (30, 4), (25, 9), (14, 14), (14, 10), (12, 12), (2, 16), (30, 3), (31, 4), (26, 9), (13, 14), (15, 10), (12, 13), (12, 11), (1, 16), (31, 3), (32, 4), (27, 9), (12, 14), (16, 10), (12, 10), (1, 15), (33, 4), (27, 8), (17, 10), (11, 10), (1, 14), (34, 4), (27, 7), (17, 9), (10, 10), (1, 13), (34, 3), (27, 6), (17, 8), (10, 11), (1, 12), (34, 2), (27, 5), (16, 8), (10, 12), (1, 11), (34, 1), (27, 4), (15, 8), (10, 13), (1, 10), (33, 1), (27, 3), (14, 8), (10, 14), (1, 9), (32, 1), (27, 2), (13, 8), (9, 14), (1, 8), (31, 1), (27, 1), (26, 2), (12, 8), (8, 14), (1, 7), (30, 1), (28, 1), (25, 2), (11, 8), (8, 13), (2, 7), (29, 1), (24, 2), (11, 7), (8, 12), (3, 7), (23, 2), (11, 6), (8, 11), (4, 7), (22, 2), (10, 6), (8, 10), (4, 8), (21, 2), (9, 6), (8, 9), (4, 9), (20, 2), (8, 6), (8, 8), (4, 10), (19, 2), (7, 6), (7, 8), (4, 11), (3, 10), (18, 2), (6, 6), (6, 8), (4, 12), (17, 2), (6, 5), (6, 9), (4, 13), (16, 2), (5, 5), (6, 10), (4, 14), (15, 2)]",53,0,53
209,"(6, 11)","(6, 10)",North,"[(6, 12) via North]","[(6, 11), (5, 14), (15, 3), (14, 2), (3, 5)]","[(5, 14), (15, 3), (14, 2), (3, 5), (6, 12)]","[(34, 16), (34, 15), (33, 16), (34, 14), (32, 16), (33, 14), (31, 16), (32, 14), (30, 16), (31, 14), (29, 16), (30, 14), (28, 16), (30, 13), (27, 16), (30, 12), (26, 16), (31, 12), (25, 16), (32, 12), (25, 15), (24, 16), (33, 12), (25, 14), (23, 16), (34, 12), (26, 14), (22, 16), (34, 11), (27, 14), (21, 16), (34, 10), (27, 13), (20, 16), (33, 10), (27, 12), (19, 16), (32, 10), (27, 11), (18, 16), (31, 10), (26, 11), (17, 16), (30, 10), (25, 11), (16, 16), (30, 9), (29, 10), (24, 11), (15, 16), (30, 8), (24, 12), (14, 16), (31, 8), (23, 12), (13, 16), (32, 8), (22, 12), (12, 16), (33, 8), (21, 12), (11, 16), (34, 8), (20, 12), (10, 16), (34, 7), (20, 11), (19, 12), (9, 16), (34, 6), (20, 10), (19, 11), (18, 12), (8, 16), (33, 6), (20, 9), (17, 12), (7, 16), (32, 6), (21, 9), (17, 13), (16, 12), (6, 16), (31, 6), (22, 9), (17, 14), (15, 12), (5, 16), (30, 6), (23, 9), (16, 14), (14, 12), (4, 16), (30, 5), (29, 6), (24, 9), (15, 14), (14, 11), (13, 12), (3, 16), (30, 4), (25, 9), (14, 14), (14, 10), (12, 12), (2, 16), (30, 3), (31, 4), (26, 9), (13, 14), (15, 10), (12, 13), (12, 11), (1, 16), (31, 3), (32, 4), (27, 9), (12, 14), (16, 10), (12, 10), (1, 15), (33, 4), (27, 8), (17, 10), (11, 10), (1, 14), (34, 4), (27, 7), (17, 9), (10, 10), (1, 13), (34, 3), (27, 6), (17, 8), (10, 11), (1, 12), (34, 2), (27, 5), (16, 8), (10, 12), (1, 11), (34, 1), (27, 4), (15, 8), (10, 13), (1, 10), (33, 1), (27, 3), (14, 8), (10, 14), (1, 9), (32, 1), (27, 2), (13, 8), (9, 14), (1, 8), (31, 1), (27, 1), (26, 2), (12, 8), (8, 14), (1, 7), (30, 1), (28, 1), (25, 2), (11, 8), (8, 13), (2, 7), (29, 1), (24, 2), (11, 7), (8, 12), (3, 7), (23, 2), (11, 6), (8, 11), (4, 7), (22, 2), (10, 6), (8, 10), (4, 8), (21, 2), (9, 6), (8, 9), (4, 9), (20, 2), (8, 6), (8, 8), (4, 10), (19, 2), (7, 6), (7, 8), (4, 11), (3, 10), (18, 2), (6, 6), (6, 8), (4, 12), (17, 2), (6, 5), (6, 9), (4, 13), (16, 2), (5, 5), (6, 10), (4, 14), (15, 2), (4, 5)]",53,0,53
210,"(5, 14)","(4, 14)",East,"[(6, 14) via East]","[(5, 14), (15, 3), (14, 2), (3, 5), (6, 12)]","[(15, 3), (14, 2), (3, 5), (6, 12), (6, 14)]","[(34, 16), (34, 15), (33, 16), (34, 14), (32, 16), (33, 14), (31, 16), (32, 14), (30, 16), (31, 14), (29, 16), (30, 14), (28, 16), (30, 13), (27, 16), (30, 12), (26, 16), (31, 12), (25, 16), (32, 12), (25, 15), (24, 16), (33, 12), (25, 14), (23, 16), (34, 12), (26, 14), (22, 16), (34, 11), (27, 14), (21, 16), (34, 10), (27, 13), (20, 16), (33, 10), (27, 12), (19, 16), (32, 10), (27, 11), (18, 16), (31, 10), (26, 11), (17, 16), (30, 10), (25, 11), (16, 16), (30, 9), (29, 10), (24, 11), (15, 16), (30, 8), (24, 12), (14, 16), (31, 8), (23, 12), (13, 16), (32, 8), (22, 12), (12, 16), (33, 8), (21, 12), (11, 16), (34, 8), (20, 12), (10, 16), (34, 7), (20, 11), (19, 12), (9, 16), (34, 6), (20, 10), (19, 11), (18, 12), (8, 16), (33, 6), (20, 9), (17, 12), (7, 16), (32, 6), (21, 9), (17, 13), (16, 12), (6, 16), (31, 6), (22, 9), (17, 14), (15, 12), (5, 16), (30, 6), (23, 9), (16, 14), (14, 12), (4, 16), (30, 5), (29, 6), (24, 9), (15, 14), (14, 11), (13, 12), (3, 16), (30, 4), (25, 9), (14, 14), (14, 10), (12, 12), (2, 16), (30, 3), (31, 4), (26, 9), (13, 14), (15, 10), (12, 13), (12, 11), (1, 16), (31, 3), (32, 4), (27, 9), (12, 14), (16, 10), (12, 10), (1, 15), (33, 4), (27, 8), (17, 10), (11, 10), (1, 14), (34, 4), (27, 7), (17, 9), (10, 10), (1, 13), (34, 3), (27, 6), (17, 8), (10, 11), (1, 12), (34, 2), (27, 5), (16, 8), (10, 12), (1, 11), (34, 1), (27, 4), (15, 8), (10, 13), (1, 10), (33, 1), (27, 3), (14, 8), (10, 14), (1, 9), (32, 1), (27, 2), (13, 8), (9, 14), (1, 8), (31, 1), (27, 1), (26, 2), (12, 8), (8, 14), (1, 7), (30, 1), (28, 1), (25, 2), (11, 8), (8, 13), (2, 7), (29, 1), (24, 2), (11, 7), (8, 12), (3, 7), (23, 2), (11, 6), (8, 11), (4, 7), (22, 2), (10, 6), (8, 10), (4, 8), (21, 2), (9, 6), (8, 9), (4, 9), (20, 2), (8, 6), (8, 8), (4, 10), (19, 2), (7, 6), (7, 8), (4, 11), (3, 10), (18, 2), (6, 6), (6, 8), (4, 12), (17, 2), (6, 5), (6, 9), (4, 13), (16, 2), (5, 5), (6, 10), (4, 14), (15, 2), (4, 5), (6, 11)]",53,0,53
211,"(15, 3)","(15, 2)",North,"[(15, 4) via North]","[(15, 3), (14, 2), (3, 5), (6, 12), (6, 14)]","[(14, 2), (3, 5), (6, 12), (6, 14), (15, 4)]","[(34, 16), (34, 15), (33, 16), (34, 14), (32, 16), (33, 14), (31, 16), (32, 14), (30, 16), (31, 14), (29, 16), (30, 14), (28, 16), (30, 13), (27, 16), (30, 12), (26, 16), (31, 12), (25, 16), (32, 12), (25, 15), (24, 16), (33, 12), (25, 14), (23, 16), (34, 12), (26, 14), (22, 16), (34, 11), (27, 14), (21, 16), (34, 10), (27, 13), (20, 16), (33, 10), (27, 12), (19, 16), (32, 10), (27, 11), (18, 16), (31, 10), (26, 11), (17, 16), (30, 10), (25, 11), (16, 16), (30, 9), (29, 10), (24, 11), (15, 16), (30, 8), (24, 12), (14, 16), (31, 8), (23, 12), (13, 16), (32, 8), (22, 12), (12, 16), (33, 8), (21, 12), (11, 16), (34, 8), (20, 12), (10, 16), (34, 7), (20, 11), (19, 12), (9, 16), (34, 6), (20, 10), (19, 11), (18, 12), (8, 16), (33, 6), (20, 9), (17, 12), (7, 16), (32, 6), (21, 9), (17, 13), (16, 12), (6, 16), (31, 6), (22, 9), (17, 14), (15, 12), (5, 16), (30, 6), (23, 9), (16, 14), (14, 12), (4, 16), (30, 5), (29, 6), (24, 9), (15, 14), (14, 11), (13, 12), (3, 16), (30, 4), (25, 9), (14, 14), (14, 10), (12, 12), (2, 16), (30, 3), (31, 4), (26, 9), (13, 14), (15, 10), (12, 13), (12, 11), (1, 16), (31, 3), (32, 4), (27, 9), (12, 14), (16, 10), (12, 10), (1, 15), (33, 4), (27, 8), (17, 10), (11, 10), (1, 14), (34, 4), (27, 7), (17, 9), (10, 10), (1, 13), (34, 3), (27, 6), (17, 8), (10, 11), (1, 12), (34, 2), (27, 5), (16, 8), (10, 12), (1, 11), (34, 1), (27, 4), (15, 8), (10, 13), (1, 10), (33, 1), (27, 3), (14, 8), (10, 14), (1, 9), (32, 1), (27, 2), (13, 8), (9, 14), (1, 8), (31, 1), (27, 1), (26, 2), (12, 8), (8, 14), (1, 7), (30, 1), (28, 1), (25, 2), (11, 8), (8, 13), (2, 7), (29, 1), (24, 2), (11, 7), (8, 12), (3, 7), (23, 2), (11, 6), (8, 11), (4, 7), (22, 2), (10, 6), (8, 10), (4, 8), (21, 2), (9, 6), (8, 9), (4, 9), (20, 2), (8, 6), (8, 8), (4, 10), (19, 2), (7, 6), (7, 8), (4, 11), (3, 10), (18, 2), (6, 6), (6, 8), (4, 12), (17, 2), (6, 5), (6, 9), (4, 13), (16, 2), (5, 5), (6, 10), (4, 14), (15, 2), (4, 5), (6, 11), (5, 14)]",54,0,54
212,"(14, 2)","(15, 2)",West,"[(13, 2) via West]","[(14, 2), (3, 5), (6, 12), (6, 14), (15, 4)]","[(3, 5), (6, 12), (6, 14), (15, 4), (13, 2)]","[(34, 16), (34, 15), (33, 16), (34, 14), (32, 16), (33, 14), (31, 16), (32, 14), (30, 16), (31, 14), (29, 16), (30, 14), (28, 16), (30, 13), (27, 16), (30, 12), (26, 16), (31, 12), (25, 16), (32, 12), (25, 15), (24, 16), (33, 12), (25, 14), (23, 16), (34, 12), (26, 14), (22, 16), (34, 11), (27, 14), (21, 16), (34, 10), (27, 13), (20, 16), (33, 10), (27, 12), (19, 16), (32, 10), (27, 11), (18, 16), (31, 10), (26, 11), (17, 16), (30, 10), (25, 11), (16, 16), (30, 9), (29, 10), (24, 11), (15, 16), (30, 8), (24, 12), (14, 16), (31, 8), (23, 12), (13, 16), (32, 8), (22, 12), (12, 16), (33, 8), (21, 12), (11, 16), (34, 8), (20, 12), (10, 16), (34, 7), (20, 11), (19, 12), (9, 16), (34, 6), (20, 10), (19, 11), (18, 12), (8, 16), (33, 6), (20, 9), (17, 12), (7, 16), (32, 6), (21, 9), (17, 13), (16, 12), (6, 16), (31, 6), (22, 9), (17, 14), (15, 12), (5, 16), (30, 6), (23, 9), (16, 14), (14, 12), (4, 16), (30, 5), (29, 6), (24, 9), (15, 14), (14, 11), (13, 12), (3, 16), (30, 4), (25, 9), (14, 14), (14, 10), (12, 12), (2, 16), (30, 3), (31, 4), (26, 9), (13, 14), (15, 10), (12, 13), (12, 11), (1, 16), (31, 3), (32, 4), (27, 9), (12, 14), (16, 10), (12, 10), (1, 15), (33, 4), (27, 8), (17, 10), (11, 10), (1, 14), (34, 4), (27, 7), (17, 9), (10, 10), (1, 13), (34, 3), (27, 6), (17, 8), (10, 11), (1, 12), (34, 2), (27, 5), (16, 8), (10, 12), (1, 11), (34, 1), (27, 4), (15, 8), (10, 13), (1, 10), (33, 1), (27, 3), (14, 8), (10, 14), (1, 9), (32, 1), (27, 2), (13, 8), (9, 14), (1, 8), (31, 1), (27, 1), (26, 2), (12, 8), (8, 14), (1, 7), (30, 1), (28, 1), (25, 2), (11, 8), (8, 13), (2, 7), (29, 1), (24, 2), (11, 7), (8, 12), (3, 7), (23, 2), (11, 6), (8, 11), (4, 7), (22, 2), (10, 6), (8, 10), (4, 8), (21, 2), (9, 6), (8, 9), (4, 9), (20, 2), (8, 6), (8, 8), (4, 10), (19, 2), (7, 6), (7, 8), (4, 11), (3, 10), (18, 2), (6, 6), (6, 8), (4, 12), (17, 2), (6, 5), (6, 9), (4, 13), (16, 2), (5, 5), (6, 10), (4, 14), (15, 2), (4, 5), (6, 11), (5, 14), (15, 3)]",54,0,54
213,"(3, 5)","(4, 5)",West,"[(2, 5) via West]","[(3, 5), (6, 12), (6, 14), (15, 4), (13, 2)]","[(6, 12), (6, 14), (15, 4), (13, 2), (2, 5)]","[(34, 16), (34, 15), (33, 16), (34, 14), (32, 16), (33, 14), (31, 16), (32, 14), (30, 16), (31, 14), (29, 16), (30, 14), (28, 16), (30, 13), (27, 16), (30, 12), (26, 16), (31, 12), (25, 16), (32, 12), (25, 15), (24, 16), (33, 12), (25, 14), (23, 16), (34, 12), (26, 14), (22, 16), (34, 11), (27, 14), (21, 16), (34, 10), (27, 13), (20, 16), (33, 10), (27, 12), (19, 16), (32, 10), (27, 11), (18, 16), (31, 10), (26, 11), (17, 16), (30, 10), (25, 11), (16, 16), (30, 9), (29, 10), (24, 11), (15, 16), (30, 8), (24, 12), (14, 16), (31, 8), (23, 12), (13, 16), (32, 8), (22, 12), (12, 16), (33, 8), (21, 12), (11, 16), (34, 8), (20, 12), (10, 16), (34, 7), (20, 11), (19, 12), (9, 16), (34, 6), (20, 10), (19, 11), (18, 12), (8, 16), (33, 6), (20, 9), (17, 12), (7, 16), (32, 6), (21, 9), (17, 13), (16, 12), (6, 16), (31, 6), (22, 9), (17, 14), (15, 12), (5, 16), (30, 6), (23, 9), (16, 14), (14, 12), (4, 16), (30, 5), (29, 6), (24, 9), (15, 14), (14, 11), (13, 12), (3, 16), (30, 4), (25, 9), (14, 14), (14, 10), (12, 12), (2, 16), (30, 3), (31, 4), (26, 9), (13, 14), (15, 10), (12, 13), (12, 11), (1, 16), (31, 3), (32, 4), (27, 9), (12, 14), (16, 10), (12, 10), (1, 15), (33, 4), (27, 8), (17, 10), (11, 10), (1, 14), (34, 4), (27, 7), (17, 9), (10, 10), (1, 13), (34, 3), (27, 6), (17, 8), (10, 11), (1, 12), (34, 2), (27, 5), (16, 8), (10, 12), (1, 11), (34, 1), (27, 4), (15, 8), (10, 13), (1, 10), (33, 1), (27, 3), (14, 8), (10, 14), (1, 9), (32, 1), (27, 2), (13, 8), (9, 14), (1, 8), (31, 1), (27, 1), (26, 2), (12, 8), (8, 14), (1, 7), (30, 1), (28, 1), (25, 2), (11, 8), (8, 13), (2, 7), (29, 1), (24, 2), (11, 7), (8, 12), (3, 7), (23, 2), (11, 6), (8, 11), (4, 7), (22, 2), (10, 6), (8, 10), (4, 8), (21, 2), (9, 6), (8, 9), (4, 9), (20, 2), (8, 6), (8, 8), (4, 10), (19, 2), (7, 6), (7, 8), (4, 11), (3, 10), (18, 2), (6, 6), (6, 8), (4, 12), (17, 2), (6, 5), (6, 9), (4, 13), (16, 2), (5, 5), (6, 10), (4, 14), (15, 2), (4, 5), (6, 11), (5, 14), (15, 3), (14, 2)]",54,0,54
214,"(6, 12)","(6, 11)",North,"[(6, 13) via North]","[(6, 12), (6, 14), (15, 4), (13, 2), (2, 5)]","[(6, 14), (15, 4), (13, 2), (2, 5), (6, 13)]","[(34, 16), (34, 15), (33, 16), (34, 14), (32, 16), (33, 14), (31, 16), (32, 14), (30, 16), (31, 14), (29, 16), (30, 14), (28, 16), (30, 13), (27, 16), (30, 12), (26, 16), (31, 12), (25, 16), (32, 12), (25, 15), (24, 16), (33, 12), (25, 14), (23, 16), (34, 12), (26, 14), (22, 16), (34, 11), (27, 14), (21, 16), (34, 10), (27, 13), (20, 16), (33, 10), (27, 12), (19, 16), (32, 10), (27, 11), (18, 16), (31, 10), (26, 11), (17, 16), (30, 10), (25, 11), (16, 16), (30, 9), (29, 10), (24, 11), (15, 16), (30, 8), (24, 12), (14, 16), (31, 8), (23, 12), (13, 16), (32, 8), (22, 12), (12, 16), (33, 8), (21, 12), (11, 16), (34, 8), (20, 12), (10, 16), (34, 7), (20, 11), (19, 12), (9, 16), (34, 6), (20, 10), (19, 11), (18, 12), (8, 16), (33, 6), (20, 9), (17, 12), (7, 16), (32, 6), (21, 9), (17, 13), (16, 12), (6, 16), (31, 6), (22, 9), (17, 14), (15, 12), (5, 16), (30, 6), (23, 9), (16, 14), (14, 12), (4, 16), (30, 5), (29, 6), (24, 9), (15, 14), (14, 11), (13, 12), (3, 16), (30, 4), (25, 9), (14, 14), (14, 10), (12, 12), (2, 16), (30, 3), (31, 4), (26, 9), (13, 14), (15, 10), (12, 13), (12, 11), (1, 16), (31, 3), (32, 4), (27, 9), (12, 14), (16, 10), (12, 10), (1, 15), (33, 4), (27, 8), (17, 10), (11, 10), (1, 14), (34, 4), (27, 7), (17, 9), (10, 10), (1, 13), (34, 3), (27, 6), (17, 8), (10, 11), (1, 12), (34, 2), (27, 5), (16, 8), (10, 12), (1, 11), (34, 1), (27, 4), (15, 8), (10, 13), (1, 10), (33, 1), (27, 3), (14, 8), (10, 14), (1, 9), (32, 1), (27, 2), (13, 8), (9, 14), (1, 8), (31, 1), (27, 1), (26, 2), (12, 8), (8, 14), (1, 7), (30, 1), (28, 1), (25, 2), (11, 8), (8, 13), (2, 7), (29, 1), (24, 2), (11, 7), (8, 12), (3, 7), (23, 2), (11, 6), (8, 11), (4, 7), (22, 2), (10, 6), (8, 10), (4, 8), (21, 2), (9, 6), (8, 9), (4, 9), (20, 2), (8, 6), (8, 8), (4, 10), (19, 2), (7, 6), (7, 8), (4, 11), (3, 10), (18, 2), (6, 6), (6, 8), (4, 12), (17, 2), (6, 5), (6, 9), (4, 13), (16, 2), (5, 5), (6, 10), (4, 14), (15, 2), (4, 5), (6, 11), (5, 14), (15, 3), (14, 2), (3, 5)]",54,0,54
215,"(6, 14)","(5, 14)",East,[],"[(6, 14), (15, 4), (13, 2), (2, 5), (6, 13)]","[(15, 4), (13, 2), (2, 5), (6, 13)]","[(34, 16), (34, 15), (33, 16), (34, 14), (32, 16), (33, 14), (31, 16), (32, 14), (30, 16), (31, 14), (29, 16), (30, 14), (28, 16), (30, 13), (27, 16), (30, 12), (26, 16), (31, 12), (25, 16), (32, 12), (25, 15), (24, 16), (33, 12), (25, 14), (23, 16), (34, 12), (26, 14), (22, 16), (34, 11), (27, 14), (21, 16), (34, 10), (27, 13), (20, 16), (33, 10), (27, 12), (19, 16), (32, 10), (27, 11), (18, 16), (31, 10), (26, 11), (17, 16), (30, 10), (25, 11), (16, 16), (30, 9), (29, 10), (24, 11), (15, 16), (30, 8), (24, 12), (14, 16), (31, 8), (23, 12), (13, 16), (32, 8), (22, 12), (12, 16), (33, 8), (21, 12), (11, 16), (34, 8), (20, 12), (10, 16), (34, 7), (20, 11), (19, 12), (9, 16), (34, 6), (20, 10), (19, 11), (18, 12), (8, 16), (33, 6), (20, 9), (17, 12), (7, 16), (32, 6), (21, 9), (17, 13), (16, 12), (6, 16), (31, 6), (22, 9), (17, 14), (15, 12), (5, 16), (30, 6), (23, 9), (16, 14), (14, 12), (4, 16), (30, 5), (29, 6), (24, 9), (15, 14), (14, 11), (13, 12), (3, 16), (30, 4), (25, 9), (14, 14), (14, 10), (12, 12), (2, 16), (30, 3), (31, 4), (26, 9), (13, 14), (15, 10), (12, 13), (12, 11), (1, 16), (31, 3), (32, 4), (27, 9), (12, 14), (16, 10), (12, 10), (1, 15), (33, 4), (27, 8), (17, 10), (11, 10), (1, 14), (34, 4), (27, 7), (17, 9), (10, 10), (1, 13), (34, 3), (27, 6), (17, 8), (10, 11), (1, 12), (34, 2), (27, 5), (16, 8), (10, 12), (1, 11), (34, 1), (27, 4), (15, 8), (10, 13), (1, 10), (33, 1), (27, 3), (14, 8), (10, 14), (1, 9), (32, 1), (27, 2), (13, 8), (9, 14), (1, 8), (31, 1), (27, 1), (26, 2), (12, 8), (8, 14), (1, 7), (30, 1), (28, 1), (25, 2), (11, 8), (8, 13), (2, 7), (29, 1), (24, 2), (11, 7), (8, 12), (3, 7), (23, 2), (11, 6), (8, 11), (4, 7), (22, 2), (10, 6), (8, 10), (4, 8), (21, 2), (9, 6), (8, 9), (4, 9), (20, 2), (8, 6), (8, 8), (4, 10), (19, 2), (7, 6), (7, 8), (4, 11), (3, 10), (18, 2), (6, 6), (6, 8), (4, 12), (17, 2), (6, 5), (6, 9), (4, 13), (16, 2), (5, 5), (6, 10), (4, 14), (15, 2), (4, 5), (6, 11), (5, 14), (15, 3), (14, 2), (3, 5), (6, 12)]",54,0,54
216,"(15, 4)","(15, 3)",North,"[(16, 4) via East]","[(15, 4), (13, 2), (2, 5), (6, 13)]","[(13, 2), (2, 5), (6, 13), (16, 4)]","[(34, 16), (34, 15), (33, 16), (34, 14), (32, 16), (33, 14), (31, 16), (32, 14), (30, 16), (31, 14), (29, 16), (30, 14), (28, 16), (30, 13), (27, 16), (30, 12), (26, 16), (31, 12), (25, 16), (32, 12), (25, 15), (24, 16), (33, 12), (25, 14), (23, 16), (34, 12), (26, 14), (22, 16), (34, 11), (27, 14), (21, 16), (34, 10), (27, 13), (20, 16), (33, 10), (27, 12), (19, 16), (32, 10), (27, 11), (18, 16), (31, 10), (26, 11), (17, 16), (30, 10), (25, 11), (16, 16), (30, 9), (29, 10), (24, 11), (15, 16), (30, 8), (24, 12), (14, 16), (31, 8), (23, 12), (13, 16), (32, 8), (22, 12), (12, 16), (33, 8), (21, 12), (11, 16), (34, 8), (20, 12), (10, 16), (34, 7), (20, 11), (19, 12), (9, 16), (34, 6), (20, 10), (19, 11), (18, 12), (8, 16), (33, 6), (20, 9), (17, 12), (7, 16), (32, 6), (21, 9), (17, 13), (16, 12), (6, 16), (31, 6), (22, 9), (17, 14), (15, 12), (5, 16), (30, 6), (23, 9), (16, 14), (14, 12), (4, 16), (30, 5), (29, 6), (24, 9), (15, 14), (14, 11), (13, 12), (3, 16), (30, 4), (25, 9), (14, 14), (14, 10), (12, 12), (2, 16), (30, 3), (31, 4), (26, 9), (13, 14), (15, 10), (12, 13), (12, 11), (1, 16), (31, 3), (32, 4), (27, 9), (12, 14), (16, 10), (12, 10), (1, 15), (33, 4), (27, 8), (17, 10), (11, 10), (1, 14), (34, 4), (27, 7), (17, 9), (10, 10), (1, 13), (34, 3), (27, 6), (17, 8), (10, 11), (1, 12), (34, 2), (27, 5), (16, 8), (10, 12), (1, 11), (34, 1), (27, 4), (15, 8), (10, 13), (1, 10), (33, 1), (27, 3), (14, 8), (10, 14), (1, 9), (32, 1), (27, 2), (13, 8), (9, 14), (1, 8), (31, 1), (27, 1), (26, 2), (12, 8), (8, 14), (1, 7), (30, 1), (28, 1), (25, 2), (11, 8), (8, 13), (2, 7), (29, 1), (24, 2), (11, 7), (8, 12), (3, 7), (23, 2), (11, 6), (8, 11), (4, 7), (22, 2), (10, 6), (8, 10), (4, 8), (21, 2), (9, 6), (8, 9), (4, 9), (20, 2), (8, 6), (8, 8), (4, 10), (19, 2), (7, 6), (7, 8), (4, 11), (3, 10), (18, 2), (6, 6), (6, 8), (4, 12), (17, 2), (6, 5), (6, 9), (4, 13), (16, 2), (5, 5), (6, 10), (4, 14), (15, 2), (4, 5), (6, 11), (5, 14), (15, 3), (14, 2), (3, 5), (6, 12), (6, 14)]",55,0,55
217,"(13, 2)","(14, 2)",West,"[(12, 2) via West]","[(13, 2), (2, 5), (6, 13), (16, 4)]","[(2, 5), (6, 13), (16, 4), (12, 2)]","[(34, 16), (34, 15), (33, 16), (34, 14), (32, 16), (33, 14), (31, 16), (32, 14), (30, 16), (31, 14), (29, 16), (30, 14), (28, 16), (30, 13), (27, 16), (30, 12), (26, 16), (31, 12), (25, 16), (32, 12), (25, 15), (24, 16), (33, 12), (25, 14), (23, 16), (34, 12), (26, 14), (22, 16), (34, 11), (27, 14), (21, 16), (34, 10), (27, 13), (20, 16), (33, 10), (27, 12), (19, 16), (32, 10), (27, 11), (18, 16), (31, 10), (26, 11), (17, 16), (30, 10), (25, 11), (16, 16), (30, 9), (29, 10), (24, 11), (15, 16), (30, 8), (24, 12), (14, 16), (31, 8), (23, 12), (13, 16), (32, 8), (22, 12), (12, 16), (33, 8), (21, 12), (11, 16), (34, 8), (20, 12), (10, 16), (34, 7), (20, 11), (19, 12), (9, 16), (34, 6), (20, 10), (19, 11), (18, 12), (8, 16), (33, 6), (20, 9), (17, 12), (7, 16), (32, 6), (21, 9), (17, 13), (16, 12), (6, 16), (31, 6), (22, 9), (17, 14), (15, 12), (5, 16), (30, 6), (23, 9), (16, 14), (14, 12), (4, 16), (30, 5), (29, 6), (24, 9), (15, 14), (14, 11), (13, 12), (3, 16), (30, 4), (25, 9), (14, 14), (14, 10), (12, 12), (2, 16), (30, 3), (31, 4), (26, 9), (13, 14), (15, 10), (12, 13), (12, 11), (1, 16), (31, 3), (32, 4), (27, 9), (12, 14), (16, 10), (12, 10), (1, 15), (33, 4), (27, 8), (17, 10), (11, 10), (1, 14), (34, 4), (27, 7), (17, 9), (10, 10), (1, 13), (34, 3), (27, 6), (17, 8), (10, 11), (1, 12), (34, 2), (27, 5), (16, 8), (10, 12), (1, 11), (34, 1), (27, 4), (15, 8), (10, 13), (1, 10), (33, 1), (27, 3), (14, 8), (10, 14), (1, 9), (32, 1), (27, 2), (13, 8), (9, 14), (1, 8), (31, 1), (27, 1), (26, 2), (12, 8), (8, 14), (1, 7), (30, 1), (28, 1), (25, 2), (11, 8), (8, 13), (2, 7), (29, 1), (24, 2), (11, 7), (8, 12), (3, 7), (23, 2), (11, 6), (8, 11), (4, 7), (22, 2), (10, 6), (8, 10), (4, 8), (21, 2), (9, 6), (8, 9), (4, 9), (20, 2), (8, 6), (8, 8), (4, 10), (19, 2), (7, 6), (7, 8), (4, 11), (3, 10), (18, 2), (6, 6), (6, 8), (4, 12), (17, 2), (6, 5), (6, 9), (4, 13), (16, 2), (5, 5), (6, 10), (4, 14), (15, 2), (4, 5), (6, 11), (5, 14), (15, 3), (14, 2), (3, 5), (6, 12), (6, 14), (15, 4)]",55,0,55
218,"(2, 5)","(3, 5)",West,"[(1, 5) via West]","[(2, 5), (6, 13), (16, 4), (12, 2)]","[(6, 13), (16, 4), (12, 2), (1, 5)]","[(34, 16), (34, 15), (33, 16), (34, 14), (32, 16), (33, 14), (31, 16), (32, 14), (30, 16), (31, 14), (29, 16), (30, 14), (28, 16), (30, 13), (27, 16), (30, 12), (26, 16), (31, 12), (25, 16), (32, 12), (25, 15), (24, 16), (33, 12), (25, 14), (23, 16), (34, 12), (26, 14), (22, 16), (34, 11), (27, 14), (21, 16), (34, 10), (27, 13), (20, 16), (33, 10), (27, 12), (19, 16), (32, 10), (27, 11), (18, 16), (31, 10), (26, 11), (17, 16), (30, 10), (25, 11), (16, 16), (30, 9), (29, 10), (24, 11), (15, 16), (30, 8), (24, 12), (14, 16), (31, 8), (23, 12), (13, 16), (32, 8), (22, 12), (12, 16), (33, 8), (21, 12), (11, 16), (34, 8), (20, 12), (10, 16), (34, 7), (20, 11), (19, 12), (9, 16), (34, 6), (20, 10), (19, 11), (18, 12), (8, 16), (33, 6), (20, 9), (17, 12), (7, 16), (32, 6), (21, 9), (17, 13), (16, 12), (6, 16), (31, 6), (22, 9), (17, 14), (15, 12), (5, 16), (30, 6), (23, 9), (16, 14), (14, 12), (4, 16), (30, 5), (29, 6), (24, 9), (15, 14), (14, 11), (13, 12), (3, 16), (30, 4), (25, 9), (14, 14), (14, 10), (12, 12), (2, 16), (30, 3), (31, 4), (26, 9), (13, 14), (15, 10), (12, 13), (12, 11), (1, 16), (31, 3), (32, 4), (27, 9), (12, 14), (16, 10), (12, 10), (1, 15), (33, 4), (27, 8), (17, 10), (11, 10), (1, 14), (34, 4), (27, 7), (17, 9), (10, 10), (1, 13), (34, 3), (27, 6), (17, 8), (10, 11), (1, 12), (34, 2), (27, 5), (16, 8), (10, 12), (1, 11), (34, 1), (27, 4), (15, 8), (10, 13), (1, 10), (33, 1), (27, 3), (14, 8), (10, 14), (1, 9), (32, 1), (27, 2), (13, 8), (9, 14), (1, 8), (31, 1), (27, 1), (26, 2), (12, 8), (8, 14), (1, 7), (30, 1), (28, 1), (25, 2), (11, 8), (8, 13), (2, 7), (29, 1), (24, 2), (11, 7), (8, 12), (3, 7), (23, 2), (11, 6), (8, 11), (4, 7), (22, 2), (10, 6), (8, 10), (4, 8), (21, 2), (9, 6), (8, 9), (4, 9), (20, 2), (8, 6), (8, 8), (4, 10), (19, 2), (7, 6), (7, 8), (4, 11), (3, 10), (18, 2), (6, 6), (6, 8), (4, 12), (17, 2), (6, 5), (6, 9), (4, 13), (16, 2), (5, 5), (6, 10), (4, 14), (15, 2), (4, 5), (6, 11), (5, 14), (15, 3), (14, 2), (3, 5), (6, 12), (6, 14), (15, 4), (13, 2)]",55,0,55
219,"(6, 13)","(6, 12)",North,[],"[(6, 13), (16, 4), (12, 2), (1, 5)]","[(16, 4), (12, 2), (1, 5)]","[(34, 16), (34, 15), (33, 16), (34, 14), (32, 16), (33, 14), (31, 16), (32, 14), (30, 16), (31, 14), (29, 16), (30, 14), (28, 16), (30, 13), (27, 16), (30, 12), (26, 16), (31, 12), (25, 16), (32, 12), (25, 15), (24, 16), (33, 12), (25, 14), (23, 16), (34, 12), (26, 14), (22, 16), (34, 11), (27, 14), (21, 16), (34, 10), (27, 13), (20, 16), (33, 10), (27, 12), (19, 16), (32, 10), (27, 11), (18, 16), (31, 10), (26, 11), (17, 16), (30, 10), (25, 11), (16, 16), (30, 9), (29, 10), (24, 11), (15, 16), (30, 8), (24, 12), (14, 16), (31, 8), (23, 12), (13, 16), (32, 8), (22, 12), (12, 16), (33, 8), (21, 12), (11, 16), (34, 8), (20, 12), (10, 16), (34, 7), (20, 11), (19, 12), (9, 16), (34, 6), (20, 10), (19, 11), (18, 12), (8, 16), (33, 6), (20, 9), (17, 12), (7, 16), (32, 6), (21, 9), (17, 13), (16, 12), (6, 16), (31, 6), (22, 9), (17, 14), (15, 12), (5, 16), (30, 6), (23, 9), (16, 14), (14, 12), (4, 16), (30, 5), (29, 6), (24, 9), (15, 14), (14, 11), (13, 12), (3, 16), (30, 4), (25, 9), (14, 14), (14, 10), (12, 12), (2, 16), (30, 3), (31, 4), (26, 9), (13, 14), (15, 10), (12, 13), (12, 11), (1, 16), (31, 3), (32, 4), (27, 9), (12, 14), (16, 10), (12, 10), (1, 15), (33, 4), (27, 8), (17, 10), (11, 10), (1, 14), (34, 4), (27, 7), (17, 9), (10, 10), (1, 13), (34, 3), (27, 6), (17, 8), (10, 11), (1, 12), (34, 2), (27, 5), (16, 8), (10, 12), (1, 11), (34, 1), (27, 4), (15, 8), (10, 13), (1, 10), (33, 1), (27, 3), (14, 8), (10, 14), (1, 9), (32, 1), (27, 2), (13, 8), (9, 14), (1, 8), (31, 1), (27, 1), (26, 2), (12, 8), (8, 14), (1, 7), (30, 1), (28, 1), (25, 2), (11, 8), (8, 13), (2, 7), (29, 1), (24, 2), (11, 7), (8, 12), (3, 7), (23, 2), (11, 6), (8, 11), (4, 7), (22, 2), (10, 6), (8, 10), (4, 8), (21, 2), (9, 6), (8, 9), (4, 9), (20, 2), (8, 6), (8, 8), (4, 10), (19, 2), (7, 6), (7, 8), (4, 11), (3, 10), (18, 2), (6, 6), (6, 8), (4, 12), (17, 2), (6, 5), (6, 9), (4, 13), (16, 2), (5, 5), (6, 10), (4, 14), (15, 2), (4, 5), (6, 11), (5, 14), (15, 3), (14, 2), (3, 5), (6, 12), (6, 14), (15, 4), (13, 2), (2, 5)]",55,0,55
220,"(16, 4)","(15, 4)",East,"[(17, 4) via East]","[(16, 4), (12, 2), (1, 5)]","[(12, 2), (1, 5), (17, 4)]","[(34, 16), (34, 15), (33, 16), (34, 14), (32, 16), (33, 14), (31, 16), (32, 14), (30, 16), (31, 14), (29, 16), (30, 14), (28, 16), (30, 13), (27, 16), (30, 12), (26, 16), (31, 12), (25, 16), (32, 12), (25, 15), (24, 16), (33, 12), (25, 14), (23, 16), (34, 12), (26, 14), (22, 16), (34, 11), (27, 14), (21, 16), (34, 10), (27, 13), (20, 16), (33, 10), (27, 12), (19, 16), (32, 10), (27, 11), (18, 16), (31, 10), (26, 11), (17, 16), (30, 10), (25, 11), (16, 16), (30, 9), (29, 10), (24, 11), (15, 16), (30, 8), (24, 12), (14, 16), (31, 8), (23, 12), (13, 16), (32, 8), (22, 12), (12, 16), (33, 8), (21, 12), (11, 16), (34, 8), (20, 12), (10, 16), (34, 7), (20, 11), (19, 12), (9, 16), (34, 6), (20, 10), (19, 11), (18, 12), (8, 16), (33, 6), (20, 9), (17, 12), (7, 16), (32, 6), (21, 9), (17, 13), (16, 12), (6, 16), (31, 6), (22, 9), (17, 14), (15, 12), (5, 16), (30, 6), (23, 9), (16, 14), (14, 12), (4, 16), (30, 5), (29, 6), (24, 9), (15, 14), (14, 11), (13, 12), (3, 16), (30, 4), (25, 9), (14, 14), (14, 10), (12, 12), (2, 16), (30, 3), (31, 4), (26, 9), (13, 14), (15, 10), (12, 13), (12, 11), (1, 16), (31, 3), (32, 4), (27, 9), (12, 14), (16, 10), (12, 10), (1, 15), (33, 4), (27, 8), (17, 10), (11, 10), (1, 14), (34, 4), (27, 7), (17, 9), (10, 10), (1, 13), (34, 3), (27, 6), (17, 8), (10, 11), (1, 12), (34, 2), (27, 5), (16, 8), (10, 12), (1, 11), (34, 1), (27, 4), (15, 8), (10, 13), (1, 10), (33, 1), (27, 3), (14, 8), (10, 14), (1, 9), (32, 1), (27, 2), (13, 8), (9, 14), (1, 8), (31, 1), (27, 1), (26, 2), (12, 8), (8, 14), (1, 7), (30, 1), (28, 1), (25, 2), (11, 8), (8, 13), (2, 7), (29, 1), (24, 2), (11, 7), (8, 12), (3, 7), (23, 2), (11, 6), (8, 11), (4, 7), (22, 2), (10, 6), (8, 10), (4, 8), (21, 2), (9, 6), (8, 9), (4, 9), (20, 2), (8, 6), (8, 8), (4, 10), (19, 2), (7, 6), (7, 8), (4, 11), (3, 10), (18, 2), (6, 6), (6, 8), (4, 12), (17, 2), (6, 5), (6, 9), (4, 13), (16, 2), (5, 5), (6, 10), (4, 14), (15, 2), (4, 5), (6, 11), (5, 14), (15, 3), (14, 2), (3, 5), (6, 12), (6, 14), (15, 4), (13, 2), (2, 5), (6, 13)]",56,0,56
221,"(12, 2)","(13, 2)",West,"[(11, 2) via West]","[(12, 2), (1, 5), (17, 4)]","[(1, 5), (17, 4), (11, 2)]","[(34, 16), (34, 15), (33, 16), (34, 14), (32, 16), (33, 14), (31, 16), (32, 14), (30, 16), (31, 14), (29, 16), (30, 14), (28, 16), (30, 13), (27, 16), (30, 12), (26, 16), (31, 12), (25, 16), (32, 12), (25, 15), (24, 16), (33, 12), (25, 14), (23, 16), (34, 12), (26, 14), (22, 16), (34, 11), (27, 14), (21, 16), (34, 10), (27, 13), (20, 16), (33, 10), (27, 12), (19, 16), (32, 10), (27, 11), (18, 16), (31, 10), (26, 11), (17, 16), (30, 10), (25, 11), (16, 16), (30, 9), (29, 10), (24, 11), (15, 16), (30, 8), (24, 12), (14, 16), (31, 8), (23, 12), (13, 16), (32, 8), (22, 12), (12, 16), (33, 8), (21, 12), (11, 16), (34, 8), (20, 12), (10, 16), (34, 7), (20, 11), (19, 12), (9, 16), (34, 6), (20, 10), (19, 11), (18, 12), (8, 16), (33, 6), (20, 9), (17, 12), (7, 16), (32, 6), (21, 9), (17, 13), (16, 12), (6, 16), (31, 6), (22, 9), (17, 14), (15, 12), (5, 16), (30, 6), (23, 9), (16, 14), (14, 12), (4, 16), (30, 5), (29, 6), (24, 9), (15, 14), (14, 11), (13, 12), (3, 16), (30, 4), (25, 9), (14, 14), (14, 10), (12, 12), (2, 16), (30, 3), (31, 4), (26, 9), (13, 14), (15, 10), (12, 13), (12, 11), (1, 16), (31, 3), (32, 4), (27, 9), (12, 14), (16, 10), (12, 10), (1, 15), (33, 4), (27, 8), (17, 10), (11, 10), (1, 14), (34, 4), (27, 7), (17, 9), (10, 10), (1, 13), (34, 3), (27, 6), (17, 8), (10, 11), (1, 12), (34, 2), (27, 5), (16, 8), (10, 12), (1, 11), (34, 1), (27, 4), (15, 8), (10, 13), (1, 10), (33, 1), (27, 3), (14, 8), (10, 14), (1, 9), (32, 1), (27, 2), (13, 8), (9, 14), (1, 8), (31, 1), (27, 1), (26, 2), (12, 8), (8, 14), (1, 7), (30, 1), (28, 1), (25, 2), (11, 8), (8, 13), (2, 7), (29, 1), (24, 2), (11, 7), (8, 12), (3, 7), (23, 2), (11, 6), (8, 11), (4, 7), (22, 2), (10, 6), (8, 10), (4, 8), (21, 2), (9, 6), (8, 9), (4, 9), (20, 2), (8, 6), (8, 8), (4, 10), (19, 2), (7, 6), (7, 8), (4, 11), (3, 10), (18, 2), (6, 6), (6, 8), (4, 12), (17, 2), (6, 5), (6, 9), (4, 13), (16, 2), (5, 5), (6, 10), (4, 14), (15, 2), (4, 5), (6, 11), (5, 14), (15, 3), (14, 2), (3, 5), (6, 12), (6, 14), (15, 4), (13, 2), (2, 5), (6, 13), (16, 4)]",56,0,56
222,"(1, 5)","(2, 5)",West,"[(1, 4) via South]","[(1, 5), (17, 4), (11, 2)]","[(17, 4), (11, 2), (1, 4)]","[(34, 16), (34, 15), (33, 16), (34, 14), (32, 16), (33, 14), (31, 16), (32, 14), (30, 16), (31, 14), (29, 16), (30, 14), (28, 16), (30, 13), (27, 16), (30, 12), (26, 16), (31, 12), (25, 16), (32, 12), (25, 15), (24, 16), (33, 12), (25, 14), (23, 16), (34, 12), (26, 14), (22, 16), (34, 11), (27, 14), (21, 16), (34, 10), (27, 13), (20, 16), (33, 10), (27, 12), (19, 16), (32, 10), (27, 11), (18, 16), (31, 10), (26, 11), (17, 16), (30, 10), (25, 11), (16, 16), (30, 9), (29, 10), (24, 11), (15, 16), (30, 8), (24, 12), (14, 16), (31, 8), (23, 12), (13, 16), (32, 8), (22, 12), (12, 16), (33, 8), (21, 12), (11, 16), (34, 8), (20, 12), (10, 16), (34, 7), (20, 11), (19, 12), (9, 16), (34, 6), (20, 10), (19, 11), (18, 12), (8, 16), (33, 6), (20, 9), (17, 12), (7, 16), (32, 6), (21, 9), (17, 13), (16, 12), (6, 16), (31, 6), (22, 9), (17, 14), (15, 12), (5, 16), (30, 6), (23, 9), (16, 14), (14, 12), (4, 16), (30, 5), (29, 6), (24, 9), (15, 14), (14, 11), (13, 12), (3, 16), (30, 4), (25, 9), (14, 14), (14, 10), (12, 12), (2, 16), (30, 3), (31, 4), (26, 9), (13, 14), (15, 10), (12, 13), (12, 11), (1, 16), (31, 3), (32, 4), (27, 9), (12, 14), (16, 10), (12, 10), (1, 15), (33, 4), (27, 8), (17, 10), (11, 10), (1, 14), (34, 4), (27, 7), (17, 9), (10, 10), (1, 13), (34, 3), (27, 6), (17, 8), (10, 11), (1, 12), (34, 2), (27, 5), (16, 8), (10, 12), (1, 11), (34, 1), (27, 4), (15, 8), (10, 13), (1, 10), (33, 1), (27, 3), (14, 8), (10, 14), (1, 9), (32, 1), (27, 2), (13, 8), (9, 14), (1, 8), (31, 1), (27, 1), (26, 2), (12, 8), (8, 14), (1, 7), (30, 1), (28, 1), (25, 2), (11, 8), (8, 13), (2, 7), (29, 1), (24, 2), (11, 7), (8, 12), (3, 7), (23, 2), (11, 6), (8, 11), (4, 7), (22, 2), (10, 6), (8, 10), (4, 8), (21, 2), (9, 6), (8, 9), (4, 9), (20, 2), (8, 6), (8, 8), (4, 10), (19, 2), (7, 6), (7, 8), (4, 11), (3, 10), (18, 2), (6, 6), (6, 8), (4, 12), (17, 2), (6, 5), (6, 9), (4, 13), (16, 2), (5, 5), (6, 10), (4, 14), (15, 2), (4, 5), (6, 11), (5, 14), (15, 3), (14, 2), (3, 5), (6, 12), (6, 14), (15, 4), (13, 2), (2, 5), (6, 13), (16, 4), (12, 2)]",56,0,56
223,"(17, 4)","(16, 4)",East,"[(18, 4) via East]","[(17, 4), (11, 2), (1, 4)]","[(11, 2), (1, 4), (18, 4)]","[(34, 16), (34, 15), (33, 16), (34, 14), (32, 16), (33, 14), (31, 16), (32, 14), (30, 16), (31, 14), (29, 16), (30, 14), (28, 16), (30, 13), (27, 16), (30, 12), (26, 16), (31, 12), (25, 16), (32, 12), (25, 15), (24, 16), (33, 12), (25, 14), (23, 16), (34, 12), (26, 14), (22, 16), (34, 11), (27, 14), (21, 16), (34, 10), (27, 13), (20, 16), (33, 10), (27, 12), (19, 16), (32, 10), (27, 11), (18, 16), (31, 10), (26, 11), (17, 16), (30, 10), (25, 11), (16, 16), (30, 9), (29, 10), (24, 11), (15, 16), (30, 8), (24, 12), (14, 16), (31, 8), (23, 12), (13, 16), (32, 8), (22, 12), (12, 16), (33, 8), (21, 12), (11, 16), (34, 8), (20, 12), (10, 16), (34, 7), (20, 11), (19, 12), (9, 16), (34, 6), (20, 10), (19, 11), (18, 12), (8, 16), (33, 6), (20, 9), (17, 12), (7, 16), (32, 6), (21, 9), (17, 13), (16, 12), (6, 16), (31, 6), (22, 9), (17, 14), (15, 12), (5, 16), (30, 6), (23, 9), (16, 14), (14, 12), (4, 16), (30, 5), (29, 6), (24, 9), (15, 14), (14, 11), (13, 12), (3, 16), (30, 4), (25, 9), (14, 14), (14, 10), (12, 12), (2, 16), (30, 3), (31, 4), (26, 9), (13, 14), (15, 10), (12, 13), (12, 11), (1, 16), (31, 3), (32, 4), (27, 9), (12, 14), (16, 10), (12, 10), (1, 15), (33, 4), (27, 8), (17, 10), (11, 10), (1, 14), (34, 4), (27, 7), (17, 9), (10, 10), (1, 13), (34, 3), (27, 6), (17, 8), (10, 11), (1, 12), (34, 2), (27, 5), (16, 8), (10, 12), (1, 11), (34, 1), (27, 4), (15, 8), (10, 13), (1, 10), (33, 1), (27, 3), (14, 8), (10, 14), (1, 9), (32, 1), (27, 2), (13, 8), (9, 14), (1, 8), (31, 1), (27, 1), (26, 2), (12, 8), (8, 14), (1, 7), (30, 1), (28, 1), (25, 2), (11, 8), (8, 13), (2, 7), (29, 1), (24, 2), (11, 7), (8, 12), (3, 7), (23, 2), (11, 6), (8, 11), (4, 7), (22, 2), (10, 6), (8, 10), (4, 8), (21, 2), (9, 6), (8, 9), (4, 9), (20, 2), (8, 6), (8, 8), (4, 10), (19, 2), (7, 6), (7, 8), (4, 11), (3, 10), (18, 2), (6, 6), (6, 8), (4, 12), (17, 2), (6, 5), (6, 9), (4, 13), (16, 2), (5, 5), (6, 10), (4, 14), (15, 2), (4, 5), (6, 11), (5, 14), (15, 3), (14, 2), (3, 5), (6, 12), (6, 14), (15, 4), (13, 2), (2, 5), (6, 13), (16, 4), (12, 2), (1, 5)]",57,0,57
224,"(11, 2)","(12, 2)",West,"[(10, 2) via West]","[(11, 2), (1, 4), (18, 4)]","[(1, 4), (18, 4), (10, 2)]","[(34, 16), (34, 15), (33, 16), (34, 14), (32, 16), (33, 14), (31, 16), (32, 14), (30, 16), (31, 14), (29, 16), (30, 14), (28, 16), (30, 13), (27, 16), (30, 12), (26, 16), (31, 12), (25, 16), (32, 12), (25, 15), (24, 16), (33, 12), (25, 14), (23, 16), (34, 12), (26, 14), (22, 16), (34, 11), (27, 14), (21, 16), (34, 10), (27, 13), (20, 16), (33, 10), (27, 12), (19, 16), (32, 10), (27, 11), (18, 16), (31, 10), (26, 11), (17, 16), (30, 10), (25, 11), (16, 16), (30, 9), (29, 10), (24, 11), (15, 16), (30, 8), (24, 12), (14, 16), (31, 8), (23, 12), (13, 16), (32, 8), (22, 12), (12, 16), (33, 8), (21, 12), (11, 16), (34, 8), (20, 12), (10, 16), (34, 7), (20, 11), (19, 12), (9, 16), (34, 6), (20, 10), (19, 11), (18, 12), (8, 16), (33, 6), (20, 9), (17, 12), (7, 16), (32, 6), (21, 9), (17, 13), (16, 12), (6, 16), (31, 6), (22, 9), (17, 14), (15, 12), (5, 16), (30, 6), (23, 9), (16, 14), (14, 12), (4, 16), (30, 5), (29, 6), (24, 9), (15, 14), (14, 11), (13, 12), (3, 16), (30, 4), (25, 9), (14, 14), (14, 10), (12, 12), (2, 16), (30, 3), (31, 4), (26, 9), (13, 14), (15, 10), (12, 13), (12, 11), (1, 16), (31, 3), (32, 4), (27, 9), (12, 14), (16, 10), (12, 10), (1, 15), (33, 4), (27, 8), (17, 10), (11, 10), (1, 14), (34, 4), (27, 7), (17, 9), (10, 10), (1, 13), (34, 3), (27, 6), (17, 8), (10, 11), (1, 12), (34, 2), (27, 5), (16, 8), (10, 12), (1, 11), (34, 1), (27, 4), (15, 8), (10, 13), (1, 10), (33, 1), (27, 3), (14, 8), (10, 14), (1, 9), (32, 1), (27, 2), (13, 8), (9, 14), (1, 8), (31, 1), (27, 1), (26, 2), (12, 8), (8, 14), (1, 7), (30, 1), (28, 1), (25, 2), (11, 8), (8, 13), (2, 7), (29, 1), (24, 2), (11, 7), (8, 12), (3, 7), (23, 2), (11, 6), (8, 11), (4, 7), (22, 2), (10, 6), (8, 10), (4, 8), (21, 2), (9, 6), (8, 9), (4, 9), (20, 2), (8, 6), (8, 8), (4, 10), (19, 2), (7, 6), (7, 8), (4, 11), (3, 10), (18, 2), (6, 6), (6, 8), (4, 12), (17, 2), (6, 5), (6, 9), (4, 13), (16, 2), (5, 5), (6, 10), (4, 14), (15, 2), (4, 5), (6, 11), (5, 14), (15, 3), (14, 2), (3, 5), (6, 12), (6, 14), (15, 4), (13, 2), (2, 5), (6, 13), (16, 4), (12, 2), (1, 5), (17, 4)]",57,0,57
225,"(1, 4)","(1, 5)",South,"[(1, 3) via South]","[(1, 4), (18, 4), (10, 2)]","[(18, 4), (10, 2), (1, 3)]","[(34, 16), (34, 15), (33, 16), (34, 14), (32, 16), (33, 14), (31, 16), (32, 14), (30, 16), (31, 14), (29, 16), (30, 14), (28, 16), (30, 13), (27, 16), (30, 12), (26, 16), (31, 12), (25, 16), (32, 12), (25, 15), (24, 16), (33, 12), (25, 14), (23, 16), (34, 12), (26, 14), (22, 16), (34, 11), (27, 14), (21, 16), (34, 10), (27, 13), (20, 16), (33, 10), (27, 12), (19, 16), (32, 10), (27, 11), (18, 16), (31, 10), (26, 11), (17, 16), (30, 10), (25, 11), (16, 16), (30, 9), (29, 10), (24, 11), (15, 16), (30, 8), (24, 12), (14, 16), (31, 8), (23, 12), (13, 16), (32, 8), (22, 12), (12, 16), (33, 8), (21, 12), (11, 16), (34, 8), (20, 12), (10, 16), (34, 7), (20, 11), (19, 12), (9, 16), (34, 6), (20, 10), (19, 11), (18, 12), (8, 16), (33, 6), (20, 9), (17, 12), (7, 16), (32, 6), (21, 9), (17, 13), (16, 12), (6, 16), (31, 6), (22, 9), (17, 14), (15, 12), (5, 16), (30, 6), (23, 9), (16, 14), (14, 12), (4, 16), (30, 5), (29, 6), (24, 9), (15, 14), (14, 11), (13, 12), (3, 16), (30, 4), (25, 9), (14, 14), (14, 10), (12, 12), (2, 16), (30, 3), (31, 4), (26, 9), (13, 14), (15, 10), (12, 13), (12, 11), (1, 16), (31, 3), (32, 4), (27, 9), (12, 14), (16, 10), (12, 10), (1, 15), (33, 4), (27, 8), (17, 10), (11, 10), (1, 14), (34, 4), (27, 7), (17, 9), (10, 10), (1, 13), (34, 3), (27, 6), (17, 8), (10, 11), (1, 12), (34, 2), (27, 5), (16, 8), (10, 12), (1, 11), (34, 1), (27, 4), (15, 8), (10, 13), (1, 10), (33, 1), (27, 3), (14, 8), (10, 14), (1, 9), (32, 1), (27, 2), (13, 8), (9, 14), (1, 8), (31, 1), (27, 1), (26, 2), (12, 8), (8, 14), (1, 7), (30, 1), (28, 1), (25, 2), (11, 8), (8, 13), (2, 7), (29, 1), (24, 2), (11, 7), (8, 12), (3, 7), (23, 2), (11, 6), (8, 11), (4, 7), (22, 2), (10, 6), (8, 10), (4, 8), (21, 2), (9, 6), (8, 9), (4, 9), (20, 2), (8, 6), (8, 8), (4, 10), (19, 2), (7, 6), (7, 8), (4, 11), (3, 10), (18, 2), (6, 6), (6, 8), (4, 12), (17, 2), (6, 5), (6, 9), (4, 13), (16, 2), (5, 5), (6, 10), (4, 14), (15, 2), (4, 5), (6, 11), (5, 14), (15, 3), (14, 2), (3, 5), (6, 12), (6, 14), (15, 4), (13, 2), (2, 5), (6, 13), (16, 4), (12, 2), (1, 5), (17, 4), (11, 2)]",57,0,57
226,"(18, 4)","(17, 4)",East,"[(19, 4) via East]","[(18, 4), (10, 2), (1, 3)]","[(10, 2), (1, 3), (19, 4)]","[(34, 16), (34, 15), (33, 16), (34, 14), (32, 16), (33, 14), (31, 16), (32, 14), (30, 16), (31, 14), (29, 16), (30, 14), (28, 16), (30, 13), (27, 16), (30, 12), (26, 16), (31, 12), (25, 16), (32, 12), (25, 15), (24, 16), (33, 12), (25, 14), (23, 16), (34, 12), (26, 14), (22, 16), (34, 11), (27, 14), (21, 16), (34, 10), (27, 13), (20, 16), (33, 10), (27, 12), (19, 16), (32, 10), (27, 11), (18, 16), (31, 10), (26, 11), (17, 16), (30, 10), (25, 11), (16, 16), (30, 9), (29, 10), (24, 11), (15, 16), (30, 8), (24, 12), (14, 16), (31, 8), (23, 12), (13, 16), (32, 8), (22, 12), (12, 16), (33, 8), (21, 12), (11, 16), (34, 8), (20, 12), (10, 16), (34, 7), (20, 11), (19, 12), (9, 16), (34, 6), (20, 10), (19, 11), (18, 12), (8, 16), (33, 6), (20, 9), (17, 12), (7, 16), (32, 6), (21, 9), (17, 13), (16, 12), (6, 16), (31, 6), (22, 9), (17, 14), (15, 12), (5, 16), (30, 6), (23, 9), (16, 14), (14, 12), (4, 16), (30, 5), (29, 6), (24, 9), (15, 14), (14, 11), (13, 12), (3, 16), (30, 4), (25, 9), (14, 14), (14, 10), (12, 12), (2, 16), (30, 3), (31, 4), (26, 9), (13, 14), (15, 10), (12, 13), (12, 11), (1, 16), (31, 3), (32, 4), (27, 9), (12, 14), (16, 10), (12, 10), (1, 15), (33, 4), (27, 8), (17, 10), (11, 10), (1, 14), (34, 4), (27, 7), (17, 9), (10, 10), (1, 13), (34, 3), (27, 6), (17, 8), (10, 11), (1, 12), (34, 2), (27, 5), (16, 8), (10, 12), (1, 11), (34, 1), (27, 4), (15, 8), (10, 13), (1, 10), (33, 1), (27, 3), (14, 8), (10, 14), (1, 9), (32, 1), (27, 2), (13, 8), (9, 14), (1, 8), (31, 1), (27, 1), (26, 2), (12, 8), (8, 14), (1, 7), (30, 1), (28, 1), (25, 2), (11, 8), (8, 13), (2, 7), (29, 1), (24, 2), (11, 7), (8, 12), (3, 7), (23, 2), (11, 6), (8, 11), (4, 7), (22, 2), (10, 6), (8, 10), (4, 8), (21, 2), (9, 6), (8, 9), (4, 9), (20, 2), (8, 6), (8, 8), (4, 10), (19, 2), (7, 6), (7, 8), (4, 11), (3, 10), (18, 2), (6, 6), (6, 8), (4, 12), (17, 2), (6, 5), (6, 9), (4, 13), (16, 2), (5, 5), (6, 10), (4, 14), (15, 2), (4, 5), (6, 11), (5, 14), (15, 3), (14, 2), (3, 5), (6, 12), (6, 14), (15, 4), (13, 2), (2, 5), (6, 13), (16, 4), (12, 2), (1, 5), (17, 4), (11, 2), (1, 4)]",58,0,58
227,"(10, 2)","(11, 2)",West,"[(10, 1) via South]","[(10, 2), (1, 3), (19, 4)]","[(1, 3), (19, 4), (10, 1)]","[(34, 16), (34, 15), (33, 16), (34, 14), (32, 16), (33, 14), (31, 16), (32, 14), (30, 16), (31, 14), (29, 16), (30, 14), (28, 16), (30, 13), (27, 16), (30, 12), (26, 16), (31, 12), (25, 16), (32, 12), (25, 15), (24, 16), (33, 12), (25, 14), (23, 16), (34, 12), (26, 14), (22, 16), (34, 11), (27, 14), (21, 16), (34, 10), (27, 13), (20, 16), (33, 10), (27, 12), (19, 16), (32, 10), (27, 11), (18, 16), (31, 10), (26, 11), (17, 16), (30, 10), (25, 11), (16, 16), (30, 9), (29, 10), (24, 11), (15, 16), (30, 8), (24, 12), (14, 16), (31, 8), (23, 12), (13, 16), (32, 8), (22, 12), (12, 16), (33, 8), (21, 12), (11, 16), (34, 8), (20, 12), (10, 16), (34, 7), (20, 11), (19, 12), (9, 16), (34, 6), (20, 10), (19, 11), (18, 12), (8, 16), (33, 6), (20, 9), (17, 12), (7, 16), (32, 6), (21, 9), (17, 13), (16, 12), (6, 16), (31, 6), (22, 9), (17, 14), (15, 12), (5, 16), (30, 6), (23, 9), (16, 14), (14, 12), (4, 16), (30, 5), (29, 6), (24, 9), (15, 14), (14, 11), (13, 12), (3, 16), (30, 4), (25, 9), (14, 14), (14, 10), (12, 12), (2, 16), (30, 3), (31, 4), (26, 9), (13, 14), (15, 10), (12, 13), (12, 11), (1, 16), (31, 3), (32, 4), (27, 9), (12, 14), (16, 10), (12, 10), (1, 15), (33, 4), (27, 8), (17, 10), (11, 10), (1, 14), (34, 4), (27, 7), (17, 9), (10, 10), (1, 13), (34, 3), (27, 6), (17, 8), (10, 11), (1, 12), (34, 2), (27, 5), (16, 8), (10, 12), (1, 11), (34, 1), (27, 4), (15, 8), (10, 13), (1, 10), (33, 1), (27, 3), (14, 8), (10, 14), (1, 9), (32, 1), (27, 2), (13, 8), (9, 14), (1, 8), (31, 1), (27, 1), (26, 2), (12, 8), (8, 14), (1, 7), (30, 1), (28, 1), (25, 2), (11, 8), (8, 13), (2, 7), (29, 1), (24, 2), (11, 7), (8, 12), (3, 7), (23, 2), (11, 6), (8, 11), (4, 7), (22, 2), (10, 6), (8, 10), (4, 8), (21, 2), (9, 6), (8, 9), (4, 9), (20, 2), (8, 6), (8, 8), (4, 10), (19, 2), (7, 6), (7, 8), (4, 11), (3, 10), (18, 2), (6, 6), (6, 8), (4, 12), (17, 2), (6, 5), (6, 9), (4, 13), (16, 2), (5, 5), (6, 10), (4, 14), (15, 2), (4, 5), (6, 11), (5, 14), (15, 3), (14, 2), (3, 5), (6, 12), (6, 14), (15, 4), (13, 2), (2, 5), (6, 13), (16, 4), (12, 2), (1, 5), (17, 4), (11, 2), (1, 4), (18, 4)]",58,0,58
228,"(1, 3)","(1, 4)",South,"[(2, 3) via East]","[(1, 3), (19, 4), (10, 1)]","[(19, 4), (10, 1), (2, 3)]","[(34, 16), (34, 15), (33, 16), (34, 14), (32, 16), (33, 14), (31, 16), (32, 14), (30, 16), (31, 14), (29, 16), (30, 14), (28, 16), (30, 13), (27, 16), (30, 12), (26, 16), (31, 12), (25, 16), (32, 12), (25, 15), (24, 16), (33, 12), (25, 14), (23, 16), (34, 12), (26, 14), (22, 16), (34, 11), (27, 14), (21, 16), (34, 10), (27, 13), (20, 16), (33, 10), (27, 12), (19, 16), (32, 10), (27, 11), (18, 16), (31, 10), (26, 11), (17, 16), (30, 10), (25, 11), (16, 16), (30, 9), (29, 10), (24, 11), (15, 16), (30, 8), (24, 12), (14, 16), (31, 8), (23, 12), (13, 16), (32, 8), (22, 12), (12, 16), (33, 8), (21, 12), (11, 16), (34, 8), (20, 12), (10, 16), (34, 7), (20, 11), (19, 12), (9, 16), (34, 6), (20, 10), (19, 11), (18, 12), (8, 16), (33, 6), (20, 9), (17, 12), (7, 16), (32, 6), (21, 9), (17, 13), (16, 12), (6, 16), (31, 6), (22, 9), (17, 14), (15, 12), (5, 16), (30, 6), (23, 9), (16, 14), (14, 12), (4, 16), (30, 5), (29, 6), (24, 9), (15, 14), (14, 11), (13, 12), (3, 16), (30, 4), (25, 9), (14, 14), (14, 10), (12, 12), (2, 16), (30, 3), (31, 4), (26, 9), (13, 14), (15, 10), (12, 13), (12, 11), (1, 16), (31, 3), (32, 4), (27, 9), (12, 14), (16, 10), (12, 10), (1, 15), (33, 4), (27, 8), (17, 10), (11, 10), (1, 14), (34, 4), (27, 7), (17, 9), (10, 10), (1, 13), (34, 3), (27, 6), (17, 8), (10, 11), (1, 12), (34, 2), (27, 5), (16, 8), (10, 12), (1, 11), (34, 1), (27, 4), (15, 8), (10, 13), (1, 10), (33, 1), (27, 3), (14, 8), (10, 14), (1, 9), (32, 1), (27, 2), (13, 8), (9, 14), (1, 8), (31, 1), (27, 1), (26, 2), (12, 8), (8, 14), (1, 7), (30, 1), (28, 1), (25, 2), (11, 8), (8, 13), (2, 7), (29, 1), (24, 2), (11, 7), (8, 12), (3, 7), (23, 2), (11, 6), (8, 11), (4, 7), (22, 2), (10, 6), (8, 10), (4, 8), (21, 2), (9, 6), (8, 9), (4, 9), (20, 2), (8, 6), (8, 8), (4, 10), (19, 2), (7, 6), (7, 8), (4, 11), (3, 10), (18, 2), (6, 6), (6, 8), (4, 12), (17, 2), (6, 5), (6, 9), (4, 13), (16, 2), (5, 5), (6, 10), (4, 14), (15, 2), (4, 5), (6, 11), (5, 14), (15, 3), (14, 2), (3, 5), (6, 12), (6, 14), (15, 4), (13, 2), (2, 5), (6, 13), (16, 4), (12, 2), (1, 5), (17, 4), (11, 2), (1, 4), (18, 4), (10, 2)]",58,0,58
229,"(19, 4)","(18, 4)",East,"[(19, 5) via North, (20, 4) via East]","[(19, 4), (10, 1), (2, 3)]","[(10, 1), (2, 3), (19, 5), (20, 4)]","[(34, 16), (34, 15), (33, 16), (34, 14), (32, 16), (33, 14), (31, 16), (32, 14), (30, 16), (31, 14), (29, 16), (30, 14), (28, 16), (30, 13), (27, 16), (30, 12), (26, 16), (31, 12), (25, 16), (32, 12), (25, 15), (24, 16), (33, 12), (25, 14), (23, 16), (34, 12), (26, 14), (22, 16), (34, 11), (27, 14), (21, 16), (34, 10), (27, 13), (20, 16), (33, 10), (27, 12), (19, 16), (32, 10), (27, 11), (18, 16), (31, 10), (26, 11), (17, 16), (30, 10), (25, 11), (16, 16), (30, 9), (29, 10), (24, 11), (15, 16), (30, 8), (24, 12), (14, 16), (31, 8), (23, 12), (13, 16), (32, 8), (22, 12), (12, 16), (33, 8), (21, 12), (11, 16), (34, 8), (20, 12), (10, 16), (34, 7), (20, 11), (19, 12), (9, 16), (34, 6), (20, 10), (19, 11), (18, 12), (8, 16), (33, 6), (20, 9), (17, 12), (7, 16), (32, 6), (21, 9), (17, 13), (16, 12), (6, 16), (31, 6), (22, 9), (17, 14), (15, 12), (5, 16), (30, 6), (23, 9), (16, 14), (14, 12), (4, 16), (30, 5), (29, 6), (24, 9), (15, 14), (14, 11), (13, 12), (3, 16), (30, 4), (25, 9), (14, 14), (14, 10), (12, 12), (2, 16), (30, 3), (31, 4), (26, 9), (13, 14), (15, 10), (12, 13), (12, 11), (1, 16), (31, 3), (32, 4), (27, 9), (12, 14), (16, 10), (12, 10), (1, 15), (33, 4), (27, 8), (17, 10), (11, 10), (1, 14), (34, 4), (27, 7), (17, 9), (10, 10), (1, 13), (34, 3), (27, 6), (17, 8), (10, 11), (1, 12), (34, 2), (27, 5), (16, 8), (10, 12), (1, 11), (34, 1), (27, 4), (15, 8), (10, 13), (1, 10), (33, 1), (27, 3), (14, 8), (10, 14), (1, 9), (32, 1), (27, 2), (13, 8), (9, 14), (1, 8), (31, 1), (27, 1), (26, 2), (12, 8), (8, 14), (1, 7), (30, 1), (28, 1), (25, 2), (11, 8), (8, 13), (2, 7), (29, 1), (24, 2), (11, 7), (8, 12), (3, 7), (23, 2), (11, 6), (8, 11), (4, 7), (22, 2), (10, 6), (8, 10), (4, 8), (21, 2), (9, 6), (8, 9), (4, 9), (20, 2), (8, 6), (8, 8), (4, 10), (19, 2), (7, 6), (7, 8), (4, 11), (3, 10), (18, 2), (6, 6), (6, 8), (4, 12), (17, 2), (6, 5), (6, 9), (4, 13), (16, 2), (5, 5), (6, 10), (4, 14), (15, 2), (4, 5), (6, 11), (5, 14), (15, 3), (14, 2), (3, 5), (6, 12), (6, 14), (15, 4), (13, 2), (2, 5), (6, 13), (16, 4), (12, 2), (1, 5), (17, 4), (11, 2), (1, 4), (18, 4), (10, 2), (1, 3)]",59,0,59
230,"(10, 1)","(10, 2)",South,"[(9, 1) via West]","[(10, 1), (2, 3), (19, 5), (20, 4)]","[(2, 3), (19, 5), (20, 4), (9, 1)]","[(34, 16), (34, 15), (33, 16), (34, 14), (32, 16), (33, 14), (31, 16), (32, 14), (30, 16), (31, 14), (29, 16), (30, 14), (28, 16), (30, 13), (27, 16), (30, 12), (26, 16), (31, 12), (25, 16), (32, 12), (25, 15), (24, 16), (33, 12), (25, 14), (23, 16), (34, 12), (26, 14), (22, 16), (34, 11), (27, 14), (21, 16), (34, 10), (27, 13), (20, 16), (33, 10), (27, 12), (19, 16), (32, 10), (27, 11), (18, 16), (31, 10), (26, 11), (17, 16), (30, 10), (25, 11), (16, 16), (30, 9), (29, 10), (24, 11), (15, 16), (30, 8), (24, 12), (14, 16), (31, 8), (23, 12), (13, 16), (32, 8), (22, 12), (12, 16), (33, 8), (21, 12), (11, 16), (34, 8), (20, 12), (10, 16), (34, 7), (20, 11), (19, 12), (9, 16), (34, 6), (20, 10), (19, 11), (18, 12), (8, 16), (33, 6), (20, 9), (17, 12), (7, 16), (32, 6), (21, 9), (17, 13), (16, 12), (6, 16), (31, 6), (22, 9), (17, 14), (15, 12), (5, 16), (30, 6), (23, 9), (16, 14), (14, 12), (4, 16), (30, 5), (29, 6), (24, 9), (15, 14), (14, 11), (13, 12), (3, 16), (30, 4), (25, 9), (14, 14), (14, 10), (12, 12), (2, 16), (30, 3), (31, 4), (26, 9), (13, 14), (15, 10), (12, 13), (12, 11), (1, 16), (31, 3), (32, 4), (27, 9), (12, 14), (16, 10), (12, 10), (1, 15), (33, 4), (27, 8), (17, 10), (11, 10), (1, 14), (34, 4), (27, 7), (17, 9), (10, 10), (1, 13), (34, 3), (27, 6), (17, 8), (10, 11), (1, 12), (34, 2), (27, 5), (16, 8), (10, 12), (1, 11), (34, 1), (27, 4), (15, 8), (10, 13), (1, 10), (33, 1), (27, 3), (14, 8), (10, 14), (1, 9), (32, 1), (27, 2), (13, 8), (9, 14), (1, 8), (31, 1), (27, 1), (26, 2), (12, 8), (8, 14), (1, 7), (30, 1), (28, 1), (25, 2), (11, 8), (8, 13), (2, 7), (29, 1), (24, 2), (11, 7), (8, 12), (3, 7), (23, 2), (11, 6), (8, 11), (4, 7), (22, 2), (10, 6), (8, 10), (4, 8), (21, 2), (9, 6), (8, 9), (4, 9), (20, 2), (8, 6), (8, 8), (4, 10), (19, 2), (7, 6), (7, 8), (4, 11), (3, 10), (18, 2), (6, 6), (6, 8), (4, 12), (17, 2), (6, 5), (6, 9), (4, 13), (16, 2), (5, 5), (6, 10), (4, 14), (15, 2), (4, 5), (6, 11), (5, 14), (15, 3), (14, 2), (3, 5), (6, 12), (6, 14), (15, 4), (13, 2), (2, 5), (6, 13), (16, 4), (12, 2), (1, 5), (17, 4), (11, 2), (1, 4), (18, 4), (10, 2), (1, 3), (19, 4)]",59,0,59
231,"(2, 3)","(1, 3)",East,"[(3, 3) via East]","[(2, 3), (19, 5), (20, 4), (9, 1)]","[(19, 5), (20, 4), (9, 1), (3, 3)]","[(34, 16), (34, 15), (33, 16), (34, 14), (32, 16), (33, 14), (31, 16), (32, 14), (30, 16), (31, 14), (29, 16), (30, 14), (28, 16), (30, 13), (27, 16), (30, 12), (26, 16), (31, 12), (25, 16), (32, 12), (25, 15), (24, 16), (33, 12), (25, 14), (23, 16), (34, 12), (26, 14), (22, 16), (34, 11), (27, 14), (21, 16), (34, 10), (27, 13), (20, 16), (33, 10), (27, 12), (19, 16), (32, 10), (27, 11), (18, 16), (31, 10), (26, 11), (17, 16), (30, 10), (25, 11), (16, 16), (30, 9), (29, 10), (24, 11), (15, 16), (30, 8), (24, 12), (14, 16), (31, 8), (23, 12), (13, 16), (32, 8), (22, 12), (12, 16), (33, 8), (21, 12), (11, 16), (34, 8), (20, 12), (10, 16), (34, 7), (20, 11), (19, 12), (9, 16), (34, 6), (20, 10), (19, 11), (18, 12), (8, 16), (33, 6), (20, 9), (17, 12), (7, 16), (32, 6), (21, 9), (17, 13), (16, 12), (6, 16), (31, 6), (22, 9), (17, 14), (15, 12), (5, 16), (30, 6), (23, 9), (16, 14), (14, 12), (4, 16), (30, 5), (29, 6), (24, 9), (15, 14), (14, 11), (13, 12), (3, 16), (30, 4), (25, 9), (14, 14), (14, 10), (12, 12), (2, 16), (30, 3), (31, 4), (26, 9), (13, 14), (15, 10), (12, 13), (12, 11), (1, 16), (31, 3), (32, 4), (27, 9), (12, 14), (16, 10), (12, 10), (1, 15), (33, 4), (27, 8), (17, 10), (11, 10), (1, 14), (34, 4), (27, 7), (17, 9), (10, 10), (1, 13), (34, 3), (27, 6), (17, 8), (10, 11), (1, 12), (34, 2), (27, 5), (16, 8), (10, 12), (1, 11), (34, 1), (27, 4), (15, 8), (10, 13), (1, 10), (33, 1), (27, 3), (14, 8), (10, 14), (1, 9), (32, 1), (27, 2), (13, 8), (9, 14), (1, 8), (31, 1), (27, 1), (26, 2), (12, 8), (8, 14), (1, 7), (30, 1), (28, 1), (25, 2), (11, 8), (8, 13), (2, 7), (29, 1), (24, 2), (11, 7), (8, 12), (3, 7), (23, 2), (11, 6), (8, 11), (4, 7), (22, 2), (10, 6), (8, 10), (4, 8), (21, 2), (9, 6), (8, 9), (4, 9), (20, 2), (8, 6), (8, 8), (4, 10), (19, 2), (7, 6), (7, 8), (4, 11), (3, 10), (18, 2), (6, 6), (6, 8), (4, 12), (17, 2), (6, 5), (6, 9), (4, 13), (16, 2), (5, 5), (6, 10), (4, 14), (15, 2), (4, 5), (6, 11), (5, 14), (15, 3), (14, 2), (3, 5), (6, 12), (6, 14), (15, 4), (13, 2), (2, 5), (6, 13), (16, 4), (12, 2), (1, 5), (17, 4), (11, 2), (1, 4), (18, 4), (10, 2), (1, 3), (19, 4), (10, 1)]",59,0,59
232,"(19, 5)","(19, 4)",North,"[(19, 6) via North]","[(19, 5), (20, 4), (9, 1), (3, 3)]","[(20, 4), (9, 1), (3, 3), (19, 6)]","[(34, 16), (34, 15), (33, 16), (34, 14), (32, 16), (33, 14), (31, 16), (32, 14), (30, 16), (31, 14), (29, 16), (30, 14), (28, 16), (30, 13), (27, 16), (30, 12), (26, 16), (31, 12), (25, 16), (32, 12), (25, 15), (24, 16), (33, 12), (25, 14), (23, 16), (34, 12), (26, 14), (22, 16), (34, 11), (27, 14), (21, 16), (34, 10), (27, 13), (20, 16), (33, 10), (27, 12), (19, 16), (32, 10), (27, 11), (18, 16), (31, 10), (26, 11), (17, 16), (30, 10), (25, 11), (16, 16), (30, 9), (29, 10), (24, 11), (15, 16), (30, 8), (24, 12), (14, 16), (31, 8), (23, 12), (13, 16), (32, 8), (22, 12), (12, 16), (33, 8), (21, 12), (11, 16), (34, 8), (20, 12), (10, 16), (34, 7), (20, 11), (19, 12), (9, 16), (34, 6), (20, 10), (19, 11), (18, 12), (8, 16), (33, 6), (20, 9), (17, 12), (7, 16), (32, 6), (21, 9), (17, 13), (16, 12), (6, 16), (31, 6), (22, 9), (17, 14), (15, 12), (5, 16), (30, 6), (23, 9), (16, 14), (14, 12), (4, 16), (30, 5), (29, 6), (24, 9), (15, 14), (14, 11), (13, 12), (3, 16), (30, 4), (25, 9), (14, 14), (14, 10), (12, 12), (2, 16), (30, 3), (31, 4), (26, 9), (13, 14), (15, 10), (12, 13), (12, 11), (1, 16), (31, 3), (32, 4), (27, 9), (12, 14), (16, 10), (12, 10), (1, 15), (33, 4), (27, 8), (17, 10), (11, 10), (1, 14), (34, 4), (27, 7), (17, 9), (10, 10), (1, 13), (34, 3), (27, 6), (17, 8), (10, 11), (1, 12), (34, 2), (27, 5), (16, 8), (10, 12), (1, 11), (34, 1), (27, 4), (15, 8), (10, 13), (1, 10), (33, 1), (27, 3), (14, 8), (10, 14), (1, 9), (32, 1), (27, 2), (13, 8), (9, 14), (1, 8), (31, 1), (27, 1), (26, 2), (12, 8), (8, 14), (1, 7), (30, 1), (28, 1), (25, 2), (11, 8), (8, 13), (2, 7), (29, 1), (24, 2), (11, 7), (8, 12), (3, 7), (23, 2), (11, 6), (8, 11), (4, 7), (22, 2), (10, 6), (8, 10), (4, 8), (21, 2), (9, 6), (8, 9), (4, 9), (20, 2), (8, 6), (8, 8), (4, 10), (19, 2), (7, 6), (7, 8), (4, 11), (3, 10), (18, 2), (6, 6), (6, 8), (4, 12), (17, 2), (6, 5), (6, 9), (4, 13), (16, 2), (5, 5), (6, 10), (4, 14), (15, 2), (4, 5), (6, 11), (5, 14), (15, 3), (14, 2), (3, 5), (6, 12), (6, 14), (15, 4), (13, 2), (2, 5), (6, 13), (16, 4), (12, 2), (1, 5), (17, 4), (11, 2), (1, 4), (18, 4), (10, 2), (1, 3), (19, 4), (10, 1), (2, 3)]",60,0,60
233,"(20, 4)","(19, 4)",East,"[(21, 4) via East]","[(20, 4), (9, 1), (3, 3), (19, 6)]","[(9, 1), (3, 3), (19, 6), (21, 4)]","[(34, 16), (34, 15), (33, 16), (34, 14), (32, 16), (33, 14), (31, 16), (32, 14), (30, 16), (31, 14), (29, 16), (30, 14), (28, 16), (30, 13), (27, 16), (30, 12), (26, 16), (31, 12), (25, 16), (32, 12), (25, 15), (24, 16), (33, 12), (25, 14), (23, 16), (34, 12), (26, 14), (22, 16), (34, 11), (27, 14), (21, 16), (34, 10), (27, 13), (20, 16), (33, 10), (27, 12), (19, 16), (32, 10), (27, 11), (18, 16), (31, 10), (26, 11), (17, 16), (30, 10), (25, 11), (16, 16), (30, 9), (29, 10), (24, 11), (15, 16), (30, 8), (24, 12), (14, 16), (31, 8), (23, 12), (13, 16), (32, 8), (22, 12), (12, 16), (33, 8), (21, 12), (11, 16), (34, 8), (20, 12), (10, 16), (34, 7), (20, 11), (19, 12), (9, 16), (34, 6), (20, 10), (19, 11), (18, 12), (8, 16), (33, 6), (20, 9), (17, 12), (7, 16), (32, 6), (21, 9), (17, 13), (16, 12), (6, 16), (31, 6), (22, 9), (17, 14), (15, 12), (5, 16), (30, 6), (23, 9), (16, 14), (14, 12), (4, 16), (30, 5), (29, 6), (24, 9), (15, 14), (14, 11), (13, 12), (3, 16), (30, 4), (25, 9), (14, 14), (14, 10), (12, 12), (2, 16), (30, 3), (31, 4), (26, 9), (13, 14), (15, 10), (12, 13), (12, 11), (1, 16), (31, 3), (32, 4), (27, 9), (12, 14), (16, 10), (12, 10), (1, 15), (33, 4), (27, 8), (17, 10), (11, 10), (1, 14), (34, 4), (27, 7), (17, 9), (10, 10), (1, 13), (34, 3), (27, 6), (17, 8), (10, 11), (1, 12), (34, 2), (27, 5), (16, 8), (10, 12), (1, 11), (34, 1), (27, 4), (15, 8), (10, 13), (1, 10), (33, 1), (27, 3), (14, 8), (10, 14), (1, 9), (32, 1), (27, 2), (13, 8), (9, 14), (1, 8), (31, 1), (27, 1), (26, 2), (12, 8), (8, 14), (1, 7), (30, 1), (28, 1), (25, 2), (11, 8), (8, 13), (2, 7), (29, 1), (24, 2), (11, 7), (8, 12), (3, 7), (23, 2), (11, 6), (8, 11), (4, 7), (22, 2), (10, 6), (8, 10), (4, 8), (21, 2), (9, 6), (8, 9), (4, 9), (20, 2), (8, 6), (8, 8), (4, 10), (19, 2), (7, 6), (7, 8), (4, 11), (3, 10), (18, 2), (6, 6), (6, 8), (4, 12), (17, 2), (6, 5), (6, 9), (4, 13), (16, 2), (5, 5), (6, 10), (4, 14), (15, 2), (4, 5), (6, 11), (5, 14), (15, 3), (14, 2), (3, 5), (6, 12), (6, 14), (15, 4), (13, 2), (2, 5), (6, 13), (16, 4), (12, 2), (1, 5), (17, 4), (11, 2), (1, 4), (18, 4), (10, 2), (1, 3), (19, 4), (10, 1), (2, 3), (19, 5)]",60,0,60
234,"(9, 1)","(10, 1)",West,"[(8, 1) via West]","[(9, 1), (3, 3), (19, 6), (21, 4)]","[(3, 3), (19, 6), (21, 4), (8, 1)]","[(34, 16), (34, 15), (33, 16), (34, 14), (32, 16), (33, 14), (31, 16), (32, 14), (30, 16), (31, 14), (29, 16), (30, 14), (28, 16), (30, 13), (27, 16), (30, 12), (26, 16), (31, 12), (25, 16), (32, 12), (25, 15), (24, 16), (33, 12), (25, 14), (23, 16), (34, 12), (26, 14), (22, 16), (34, 11), (27, 14), (21, 16), (34, 10), (27, 13), (20, 16), (33, 10), (27, 12), (19, 16), (32, 10), (27, 11), (18, 16), (31, 10), (26, 11), (17, 16), (30, 10), (25, 11), (16, 16), (30, 9), (29, 10), (24, 11), (15, 16), (30, 8), (24, 12), (14, 16), (31, 8), (23, 12), (13, 16), (32, 8), (22, 12), (12, 16), (33, 8), (21, 12), (11, 16), (34, 8), (20, 12), (10, 16), (34, 7), (20, 11), (19, 12), (9, 16), (34, 6), (20, 10), (19, 11), (18, 12), (8, 16), (33, 6), (20, 9), (17, 12), (7, 16), (32, 6), (21, 9), (17, 13), (16, 12), (6, 16), (31, 6), (22, 9), (17, 14), (15, 12), (5, 16), (30, 6), (23, 9), (16, 14), (14, 12), (4, 16), (30, 5), (29, 6), (24, 9), (15, 14), (14, 11), (13, 12), (3, 16), (30, 4), (25, 9), (14, 14), (14, 10), (12, 12), (2, 16), (30, 3), (31, 4), (26, 9), (13, 14), (15, 10), (12, 13), (12, 11), (1, 16), (31, 3), (32, 4), (27, 9), (12, 14), (16, 10), (12, 10), (1, 15), (33, 4), (27, 8), (17, 10), (11, 10), (1, 14), (34, 4), (27, 7), (17, 9), (10, 10), (1, 13), (34, 3), (27, 6), (17, 8), (10, 11), (1, 12), (34, 2), (27, 5), (16, 8), (10, 12), (1, 11), (34, 1), (27, 4), (15, 8), (10, 13), (1, 10), (33, 1), (27, 3), (14, 8), (10, 14), (1, 9), (32, 1), (27, 2), (13, 8), (9, 14), (1, 8), (31, 1), (27, 1), (26, 2), (12, 8), (8, 14), (1, 7), (30, 1), (28, 1), (25, 2), (11, 8), (8, 13), (2, 7), (29, 1), (24, 2), (11, 7), (8, 12), (3, 7), (23, 2), (11, 6), (8, 11), (4, 7), (22, 2), (10, 6), (8, 10), (4, 8), (21, 2), (9, 6), (8, 9), (4, 9), (20, 2), (8, 6), (8, 8), (4, 10), (19, 2), (7, 6), (7, 8), (4, 11), (3, 10), (18, 2), (6, 6), (6, 8), (4, 12), (17, 2), (6, 5), (6, 9), (4, 13), (16, 2), (5, 5), (6, 10), (4, 14), (15, 2), (4, 5), (6, 11), (5, 14), (15, 3), (14, 2), (3, 5), (6, 12), (6, 14), (15, 4), (13, 2), (2, 5), (6, 13), (16, 4), (12, 2), (1, 5), (17, 4), (11, 2), (1, 4), (18, 4), (10, 2), (1, 3), (19, 4), (10, 1), (2, 3), (19, 5), (20, 4)]",60,0,60
235,"(3, 3)","(2, 3)",East,"[(4, 3) via East]","[(3, 3), (19, 6), (21, 4), (8, 1)]","[(19, 6), (21, 4), (8, 1), (4, 3)]","[(34, 16), (34, 15), (33, 16), (34, 14), (32, 16), (33, 14), (31, 16), (32, 14), (30, 16), (31, 14), (29, 16), (30, 14), (28, 16), (30, 13), (27, 16), (30, 12), (26, 16), (31, 12), (25, 16), (32, 12), (25, 15), (24, 16), (33, 12), (25, 14), (23, 16), (34, 12), (26, 14), (22, 16), (34, 11), (27, 14), (21, 16), (34, 10), (27, 13), (20, 16), (33, 10), (27, 12), (19, 16), (32, 10), (27, 11), (18, 16), (31, 10), (26, 11), (17, 16), (30, 10), (25, 11), (16, 16), (30, 9), (29, 10), (24, 11), (15, 16), (30, 8), (24, 12), (14, 16), (31, 8), (23, 12), (13, 16), (32, 8), (22, 12), (12, 16), (33, 8), (21, 12), (11, 16), (34, 8), (20, 12), (10, 16), (34, 7), (20, 11), (19, 12), (9, 16), (34, 6), (20, 10), (19, 11), (18, 12), (8, 16), (33, 6), (20, 9), (17, 12), (7, 16), (32, 6), (21, 9), (17, 13), (16, 12), (6, 16), (31, 6), (22, 9), (17, 14), (15, 12), (5, 16), (30, 6), (23, 9), (16, 14), (14, 12), (4, 16), (30, 5), (29, 6), (24, 9), (15, 14), (14, 11), (13, 12), (3, 16), (30, 4), (25, 9), (14, 14), (14, 10), (12, 12), (2, 16), (30, 3), (31, 4), (26, 9), (13, 14), (15, 10), (12, 13), (12, 11), (1, 16), (31, 3), (32, 4), (27, 9), (12, 14), (16, 10), (12, 10), (1, 15), (33, 4), (27, 8), (17, 10), (11, 10), (1, 14), (34, 4), (27, 7), (17, 9), (10, 10), (1, 13), (34, 3), (27, 6), (17, 8), (10, 11), (1, 12), (34, 2), (27, 5), (16, 8), (10, 12), (1, 11), (34, 1), (27, 4), (15, 8), (10, 13), (1, 10), (33, 1), (27, 3), (14, 8), (10, 14), (1, 9), (32, 1), (27, 2), (13, 8), (9, 14), (1, 8), (31, 1), (27, 1), (26, 2), (12, 8), (8, 14), (1, 7), (30, 1), (28, 1), (25, 2), (11, 8), (8, 13), (2, 7), (29, 1), (24, 2), (11, 7), (8, 12), (3, 7), (23, 2), (11, 6), (8, 11), (4, 7), (22, 2), (10, 6), (8, 10), (4, 8), (21, 2), (9, 6), (8, 9), (4, 9), (20, 2), (8, 6), (8, 8), (4, 10), (19, 2), (7, 6), (7, 8), (4, 11), (3, 10), (18, 2), (6, 6), (6, 8), (4, 12), (17, 2), (6, 5), (6, 9), (4, 13), (16, 2), (5, 5), (6, 10), (4, 14), (15, 2), (4, 5), (6, 11), (5, 14), (15, 3), (14, 2), (3, 5), (6, 12), (6, 14), (15, 4), (13, 2), (2, 5), (6, 13), (16, 4), (12, 2), (1, 5), (17, 4), (11, 2), (1, 4), (18, 4), (10, 2), (1, 3), (19, 4), (10, 1), (2, 3), (19, 5), (20, 4), (9, 1)]",60,0,60
236,"(19, 6)","(19, 5)",North,"[(19, 7) via North, (18, 6) via West]","[(19, 6), (21, 4), (8, 1), (4, 3)]","[(21, 4), (8, 1), (4, 3), (19, 7), (18, 6)]","[(34, 16), (34, 15), (33, 16), (34, 14), (32, 16), (33, 14), (31, 16), (32, 14), (30, 16), (31, 14), (29, 16), (30, 14), (28, 16), (30, 13), (27, 16), (30, 12), (26, 16), (31, 12), (25, 16), (32, 12), (25, 15), (24, 16), (33, 12), (25, 14), (23, 16), (34, 12), (26, 14), (22, 16), (34, 11), (27, 14), (21, 16), (34, 10), (27, 13), (20, 16), (33, 10), (27, 12), (19, 16), (32, 10), (27, 11), (18, 16), (31, 10), (26, 11), (17, 16), (30, 10), (25, 11), (16, 16), (30, 9), (29, 10), (24, 11), (15, 16), (30, 8), (24, 12), (14, 16), (31, 8), (23, 12), (13, 16), (32, 8), (22, 12), (12, 16), (33, 8), (21, 12), (11, 16), (34, 8), (20, 12), (10, 16), (34, 7), (20, 11), (19, 12), (9, 16), (34, 6), (20, 10), (19, 11), (18, 12), (8, 16), (33, 6), (20, 9), (17, 12), (7, 16), (32, 6), (21, 9), (17, 13), (16, 12), (6, 16), (31, 6), (22, 9), (17, 14), (15, 12), (5, 16), (30, 6), (23, 9), (16, 14), (14, 12), (4, 16), (30, 5), (29, 6), (24, 9), (15, 14), (14, 11), (13, 12), (3, 16), (30, 4), (25, 9), (14, 14), (14, 10), (12, 12), (2, 16), (30, 3), (31, 4), (26, 9), (13, 14), (15, 10), (12, 13), (12, 11), (1, 16), (31, 3), (32, 4), (27, 9), (12, 14), (16, 10), (12, 10), (1, 15), (33, 4), (27, 8), (17, 10), (11, 10), (1, 14), (34, 4), (27, 7), (17, 9), (10, 10), (1, 13), (34, 3), (27, 6), (17, 8), (10, 11), (1, 12), (34, 2), (27, 5), (16, 8), (10, 12), (1, 11), (34, 1), (27, 4), (15, 8), (10, 13), (1, 10), (33, 1), (27, 3), (14, 8), (10, 14), (1, 9), (32, 1), (27, 2), (13, 8), (9, 14), (1, 8), (31, 1), (27, 1), (26, 2), (12, 8), (8, 14), (1, 7), (30, 1), (28, 1), (25, 2), (11, 8), (8, 13), (2, 7), (29, 1), (24, 2), (11, 7), (8, 12), (3, 7), (23, 2), (11, 6), (8, 11), (4, 7), (22, 2), (10, 6), (8, 10), (4, 8), (21, 2), (9, 6), (8, 9), (4, 9), (20, 2), (8, 6), (8, 8), (4, 10), (19, 2), (7, 6), (7, 8), (4, 11), (3, 10), (18, 2), (6, 6), (6, 8), (4, 12), (17, 2), (6, 5), (6, 9), (4, 13), (16, 2), (5, 5), (6, 10), (4, 14), (15, 2), (4, 5), (6, 11), (5, 14), (15, 3), (14, 2), (3, 5), (6, 12), (6, 14), (15, 4), (13, 2), (2, 5), (6, 13), (16, 4), (12, 2), (1, 5), (17, 4), (11, 2), (1, 4), (18, 4), (10, 2), (1, 3), (19, 4), (10, 1), (2, 3), (19, 5), (20, 4), (9, 1), (3, 3)]",61,0,61
237,"(21, 4)","(20, 4)",East,"[(21, 5) via North]","[(21, 4), (8, 1), (4, 3), (19, 7), (18, 6)]","[(8, 1), (4, 3), (19, 7), (18, 6), (21, 5)]","[(34, 16), (34, 15), (33, 16), (34, 14), (32, 16), (33, 14), (31, 16), (32, 14), (30, 16), (31, 14), (29, 16), (30, 14), (28, 16), (30, 13), (27, 16), (30, 12), (26, 16), (31, 12), (25, 16), (32, 12), (25, 15), (24, 16), (33, 12), (25, 14), (23, 16), (34, 12), (26, 14), (22, 16), (34, 11), (27, 14), (21, 16), (34, 10), (27, 13), (20, 16), (33, 10), (27, 12), (19, 16), (32, 10), (27, 11), (18, 16), (31, 10), (26, 11), (17, 16), (30, 10), (25, 11), (16, 16), (30, 9), (29, 10), (24, 11), (15, 16), (30, 8), (24, 12), (14, 16), (31, 8), (23, 12), (13, 16), (32, 8), (22, 12), (12, 16), (33, 8), (21, 12), (11, 16), (34, 8), (20, 12), (10, 16), (34, 7), (20, 11), (19, 12), (9, 16), (34, 6), (20, 10), (19, 11), (18, 12), (8, 16), (33, 6), (20, 9), (17, 12), (7, 16), (32, 6), (21, 9), (17, 13), (16, 12), (6, 16), (31, 6), (22, 9), (17, 14), (15, 12), (5, 16), (30, 6), (23, 9), (16, 14), (14, 12), (4, 16), (30, 5), (29, 6), (24, 9), (15, 14), (14, 11), (13, 12), (3, 16), (30, 4), (25, 9), (14, 14), (14, 10), (12, 12), (2, 16), (30, 3), (31, 4), (26, 9), (13, 14), (15, 10), (12, 13), (12, 11), (1, 16), (31, 3), (32, 4), (27, 9), (12, 14), (16, 10), (12, 10), (1, 15), (33, 4), (27, 8), (17, 10), (11, 10), (1, 14), (34, 4), (27, 7), (17, 9), (10, 10), (1, 13), (34, 3), (27, 6), (17, 8), (10, 11), (1, 12), (34, 2), (27, 5), (16, 8), (10, 12), (1, 11), (34, 1), (27, 4), (15, 8), (10, 13), (1, 10), (33, 1), (27, 3), (14, 8), (10, 14), (1, 9), (32, 1), (27, 2), (13, 8), (9, 14), (1, 8), (31, 1), (27, 1), (26, 2), (12, 8), (8, 14), (1, 7), (30, 1), (28, 1), (25, 2), (11, 8), (8, 13), (2, 7), (29, 1), (24, 2), (11, 7), (8, 12), (3, 7), (23, 2), (11, 6), (8, 11), (4, 7), (22, 2), (10, 6), (8, 10), (4, 8), (21, 2), (9, 6), (8, 9), (4, 9), (20, 2), (8, 6), (8, 8), (4, 10), (19, 2), (7, 6), (7, 8), (4, 11), (3, 10), (18, 2), (6, 6), (6, 8), (4, 12), (17, 2), (6, 5), (6, 9), (4, 13), (16, 2), (5, 5), (6, 10), (4, 14), (15, 2), (4, 5), (6, 11), (5, 14), (15, 3), (14, 2), (3, 5), (6, 12), (6, 14), (15, 4), (13, 2), (2, 5), (6, 13), (16, 4), (12, 2), (1, 5), (17, 4), (11, 2), (1, 4), (18, 4), (10, 2), (1, 3), (19, 4), (10, 1), (2, 3), (19, 5), (20, 4), (9, 1), (3, 3), (19, 6)]",61,0,61
238,"(8, 1)","(9, 1)",West,"[(7, 1) via West]","[(8, 1), (4, 3), (19, 7), (18, 6), (21, 5)]","[(4, 3), (19, 7), (18, 6), (21, 5), (7, 1)]","[(34, 16), (34, 15), (33, 16), (34, 14), (32, 16), (33, 14), (31, 16), (32, 14), (30, 16), (31, 14), (29, 16), (30, 14), (28, 16), (30, 13), (27, 16), (30, 12), (26, 16), (31, 12), (25, 16), (32, 12), (25, 15), (24, 16), (33, 12), (25, 14), (23, 16), (34, 12), (26, 14), (22, 16), (34, 11), (27, 14), (21, 16), (34, 10), (27, 13), (20, 16), (33, 10), (27, 12), (19, 16), (32, 10), (27, 11), (18, 16), (31, 10), (26, 11), (17, 16), (30, 10), (25, 11), (16, 16), (30, 9), (29, 10), (24, 11), (15, 16), (30, 8), (24, 12), (14, 16), (31, 8), (23, 12), (13, 16), (32, 8), (22, 12), (12, 16), (33, 8), (21, 12), (11, 16), (34, 8), (20, 12), (10, 16), (34, 7), (20, 11), (19, 12), (9, 16), (34, 6), (20, 10), (19, 11), (18, 12), (8, 16), (33, 6), (20, 9), (17, 12), (7, 16), (32, 6), (21, 9), (17, 13), (16, 12), (6, 16), (31, 6), (22, 9), (17, 14), (15, 12), (5, 16), (30, 6), (23, 9), (16, 14), (14, 12), (4, 16), (30, 5), (29, 6), (24, 9), (15, 14), (14, 11), (13, 12), (3, 16), (30, 4), (25, 9), (14, 14), (14, 10), (12, 12), (2, 16), (30, 3), (31, 4), (26, 9), (13, 14), (15, 10), (12, 13), (12, 11), (1, 16), (31, 3), (32, 4), (27, 9), (12, 14), (16, 10), (12, 10), (1, 15), (33, 4), (27, 8), (17, 10), (11, 10), (1, 14), (34, 4), (27, 7), (17, 9), (10, 10), (1, 13), (34, 3), (27, 6), (17, 8), (10, 11), (1, 12), (34, 2), (27, 5), (16, 8), (10, 12), (1, 11), (34, 1), (27, 4), (15, 8), (10, 13), (1, 10), (33, 1), (27, 3), (14, 8), (10, 14), (1, 9), (32, 1), (27, 2), (13, 8), (9, 14), (1, 8), (31, 1), (27, 1), (26, 2), (12, 8), (8, 14), (1, 7), (30, 1), (28, 1), (25, 2), (11, 8), (8, 13), (2, 7), (29, 1), (24, 2), (11, 7), (8, 12), (3, 7), (23, 2), (11, 6), (8, 11), (4, 7), (22, 2), (10, 6), (8, 10), (4, 8), (21, 2), (9, 6), (8, 9), (4, 9), (20, 2), (8, 6), (8, 8), (4, 10), (19, 2), (7, 6), (7, 8), (4, 11), (3, 10), (18, 2), (6, 6), (6, 8), (4, 12), (17, 2), (6, 5), (6, 9), (4, 13), (16, 2), (5, 5), (6, 10), (4, 14), (15, 2), (4, 5), (6, 11), (5, 14), (15, 3), (14, 2), (3, 5), (6, 12), (6, 14), (15, 4), (13, 2), (2, 5), (6, 13), (16, 4), (12, 2), (1, 5), (17, 4), (11, 2), (1, 4), (18, 4), (10, 2), (1, 3), (19, 4), (10, 1), (2, 3), (19, 5), (20, 4), (9, 1), (3, 3), (19, 6), (21, 4)]",61,0,61
239,"(4, 3)","(3, 3)",East,"[(5, 3) via East]","[(4, 3), (19, 7), (18, 6), (21, 5), (7, 1)]","[(19, 7), (18, 6), (21, 5), (7, 1), (5, 3)]","[(34, 16), (34, 15), (33, 16), (34, 14), (32, 16), (33, 14), (31, 16), (32, 14), (30, 16), (31, 14), (29, 16), (30, 14), (28, 16), (30, 13), (27, 16), (30, 12), (26, 16), (31, 12), (25, 16), (32, 12), (25, 15), (24, 16), (33, 12), (25, 14), (23, 16), (34, 12), (26, 14), (22, 16), (34, 11), (27, 14), (21, 16), (34, 10), (27, 13), (20, 16), (33, 10), (27, 12), (19, 16), (32, 10), (27, 11), (18, 16), (31, 10), (26, 11), (17, 16), (30, 10), (25, 11), (16, 16), (30, 9), (29, 10), (24, 11), (15, 16), (30, 8), (24, 12), (14, 16), (31, 8), (23, 12), (13, 16), (32, 8), (22, 12), (12, 16), (33, 8), (21, 12), (11, 16), (34, 8), (20, 12), (10, 16), (34, 7), (20, 11), (19, 12), (9, 16), (34, 6), (20, 10), (19, 11), (18, 12), (8, 16), (33, 6), (20, 9), (17, 12), (7, 16), (32, 6), (21, 9), (17, 13), (16, 12), (6, 16), (31, 6), (22, 9), (17, 14), (15, 12), (5, 16), (30, 6), (23, 9), (16, 14), (14, 12), (4, 16), (30, 5), (29, 6), (24, 9), (15, 14), (14, 11), (13, 12), (3, 16), (30, 4), (25, 9), (14, 14), (14, 10), (12, 12), (2, 16), (30, 3), (31, 4), (26, 9), (13, 14), (15, 10), (12, 13), (12, 11), (1, 16), (31, 3), (32, 4), (27, 9), (12, 14), (16, 10), (12, 10), (1, 15), (33, 4), (27, 8), (17, 10), (11, 10), (1, 14), (34, 4), (27, 7), (17, 9), (10, 10), (1, 13), (34, 3), (27, 6), (17, 8), (10, 11), (1, 12), (34, 2), (27, 5), (16, 8), (10, 12), (1, 11), (34, 1), (27, 4), (15, 8), (10, 13), (1, 10), (33, 1), (27, 3), (14, 8), (10, 14), (1, 9), (32, 1), (27, 2), (13, 8), (9, 14), (1, 8), (31, 1), (27, 1), (26, 2), (12, 8), (8, 14), (1, 7), (30, 1), (28, 1), (25, 2), (11, 8), (8, 13), (2, 7), (29, 1), (24, 2), (11, 7), (8, 12), (3, 7), (23, 2), (11, 6), (8, 11), (4, 7), (22, 2), (10, 6), (8, 10), (4, 8), (21, 2), (9, 6), (8, 9), (4, 9), (20, 2), (8, 6), (8, 8), (4, 10), (19, 2), (7, 6), (7, 8), (4, 11), (3, 10), (18, 2), (6, 6), (6, 8), (4, 12), (17, 2), (6, 5), (6, 9), (4, 13), (16, 2), (5, 5), (6, 10), (4, 14), (15, 2), (4, 5), (6, 11), (5, 14), (15, 3), (14, 2), (3, 5), (6, 12), (6, 14), (15, 4), (13, 2), (2, 5), (6, 13), (16, 4), (12, 2), (1, 5), (17, 4), (11, 2), (1, 4), (18, 4), (10, 2), (1, 3), (19, 4), (10, 1), (2, 3), (19, 5), (20, 4), (9, 1), (3, 3), (19, 6), (21, 4), (8, 1)]",61,0,61
240,"(19, 7)","(19, 6)",North,"[(20, 7) via East]","[(19, 7), (18, 6), (21, 5), (7, 1), (5, 3)]","[(18, 6), (21, 5), (7, 1), (5, 3), (20, 7)]","[(34, 16), (34, 15), (33, 16), (34, 14), (32, 16), (33, 14), (31, 16), (32, 14), (30, 16), (31, 14), (29, 16), (30, 14), (28, 16), (30, 13), (27, 16), (30, 12), (26, 16), (31, 12), (25, 16), (32, 12), (25, 15), (24, 16), (33, 12), (25, 14), (23, 16), (34, 12), (26, 14), (22, 16), (34, 11), (27, 14), (21, 16), (34, 10), (27, 13), (20, 16), (33, 10), (27, 12), (19, 16), (32, 10), (27, 11), (18, 16), (31, 10), (26, 11), (17, 16), (30, 10), (25, 11), (16, 16), (30, 9), (29, 10), (24, 11), (15, 16), (30, 8), (24, 12), (14, 16), (31, 8), (23, 12), (13, 16), (32, 8), (22, 12), (12, 16), (33, 8), (21, 12), (11, 16), (34, 8), (20, 12), (10, 16), (34, 7), (20, 11), (19, 12), (9, 16), (34, 6), (20, 10), (19, 11), (18, 12), (8, 16), (33, 6), (20, 9), (17, 12), (7, 16), (32, 6), (21, 9), (17, 13), (16, 12), (6, 16), (31, 6), (22, 9), (17, 14), (15, 12), (5, 16), (30, 6), (23, 9), (16, 14), (14, 12), (4, 16), (30, 5), (29, 6), (24, 9), (15, 14), (14, 11), (13, 12), (3, 16), (30, 4), (25, 9), (14, 14), (14, 10), (12, 12), (2, 16), (30, 3), (31, 4), (26, 9), (13, 14), (15, 10), (12, 13), (12, 11), (1, 16), (31, 3), (32, 4), (27, 9), (12, 14), (16, 10), (12, 10), (1, 15), (33, 4), (27, 8), (17, 10), (11, 10), (1, 14), (34, 4), (27, 7), (17, 9), (10, 10), (1, 13), (34, 3), (27, 6), (17, 8), (10, 11), (1, 12), (34, 2), (27, 5), (16, 8), (10, 12), (1, 11), (34, 1), (27, 4), (15, 8), (10, 13), (1, 10), (33, 1), (27, 3), (14, 8), (10, 14), (1, 9), (32, 1), (27, 2), (13, 8), (9, 14), (1, 8), (31, 1), (27, 1), (26, 2), (12, 8), (8, 14), (1, 7), (30, 1), (28, 1), (25, 2), (11, 8), (8, 13), (2, 7), (29, 1), (24, 2), (11, 7), (8, 12), (3, 7), (23, 2), (11, 6), (8, 11), (4, 7), (22, 2), (10, 6), (8, 10), (4, 8), (21, 2), (9, 6), (8, 9), (4, 9), (20, 2), (8, 6), (8, 8), (4, 10), (19, 2), (7, 6), (7, 8), (4, 11), (3, 10), (18, 2), (6, 6), (6, 8), (4, 12), (17, 2), (6, 5), (6, 9), (4, 13), (16, 2), (5, 5), (6, 10), (4, 14), (15, 2), (4, 5), (6, 11), (5, 14), (15, 3), (14, 2), (3, 5), (6, 12), (6, 14), (15, 4), (13, 2), (2, 5), (6, 13), (16, 4), (12, 2), (1, 5), (17, 4), (11, 2), (1, 4), (18, 4), (10, 2), (1, 3), (19, 4), (10, 1), (2, 3), (19, 5), (20, 4), (9, 1), (3, 3), (19, 6), (21, 4), (8, 1), (4, 3)]",62,0,62
241,"(18, 6)","(19, 6)",West,"[(17, 6) via West]","[(18, 6), (21, 5), (7, 1), (5, 3), (20, 7)]","[(21, 5), (7, 1), (5, 3), (20, 7), (17, 6)]","[(34, 16), (34, 15), (33, 16), (34, 14), (32, 16), (33, 14), (31, 16), (32, 14), (30, 16), (31, 14), (29, 16), (30, 14), (28, 16), (30, 13), (27, 16), (30, 12), (26, 16), (31, 12), (25, 16), (32, 12), (25, 15), (24, 16), (33, 12), (25, 14), (23, 16), (34, 12), (26, 14), (22, 16), (34, 11), (27, 14), (21, 16), (34, 10), (27, 13), (20, 16), (33, 10), (27, 12), (19, 16), (32, 10), (27, 11), (18, 16), (31, 10), (26, 11), (17, 16), (30, 10), (25, 11), (16, 16), (30, 9), (29, 10), (24, 11), (15, 16), (30, 8), (24, 12), (14, 16), (31, 8), (23, 12), (13, 16), (32, 8), (22, 12), (12, 16), (33, 8), (21, 12), (11, 16), (34, 8), (20, 12), (10, 16), (34, 7), (20, 11), (19, 12), (9, 16), (34, 6), (20, 10), (19, 11), (18, 12), (8, 16), (33, 6), (20, 9), (17, 12), (7, 16), (32, 6), (21, 9), (17, 13), (16, 12), (6, 16), (31, 6), (22, 9), (17, 14), (15, 12), (5, 16), (30, 6), (23, 9), (16, 14), (14, 12), (4, 16), (30, 5), (29, 6), (24, 9), (15, 14), (14, 11), (13, 12), (3, 16), (30, 4), (25, 9), (14, 14), (14, 10), (12, 12), (2, 16), (30, 3), (31, 4), (26, 9), (13, 14), (15, 10), (12, 13), (12, 11), (1, 16), (31, 3), (32, 4), (27, 9), (12, 14), (16, 10), (12, 10), (1, 15), (33, 4), (27, 8), (17, 10), (11, 10), (1, 14), (34, 4), (27, 7), (17, 9), (10, 10), (1, 13), (34, 3), (27, 6), (17, 8), (10, 11), (1, 12), (34, 2), (27, 5), (16, 8), (10, 12), (1, 11), (34, 1), (27, 4), (15, 8), (10, 13), (1, 10), (33, 1), (27, 3), (14, 8), (10, 14), (1, 9), (32, 1), (27, 2), (13, 8), (9, 14), (1, 8), (31, 1), (27, 1), (26, 2), (12, 8), (8, 14), (1, 7), (30, 1), (28, 1), (25, 2), (11, 8), (8, 13), (2, 7), (29, 1), (24, 2), (11, 7), (8, 12), (3, 7), (23, 2), (11, 6), (8, 11), (4, 7), (22, 2), (10, 6), (8, 10), (4, 8), (21, 2), (9, 6), (8, 9), (4, 9), (20, 2), (8, 6), (8, 8), (4, 10), (19, 2), (7, 6), (7, 8), (4, 11), (3, 10), (18, 2), (6, 6), (6, 8), (4, 12), (17, 2), (6, 5), (6, 9), (4, 13), (16, 2), (5, 5), (6, 10), (4, 14), (15, 2), (4, 5), (6, 11), (5, 14), (15, 3), (14, 2), (3, 5), (6, 12), (6, 14), (15, 4), (13, 2), (2, 5), (6, 13), (16, 4), (12, 2), (1, 5), (17, 4), (11, 2), (1, 4), (18, 4), (10, 2), (1, 3), (19, 4), (10, 1), (2, 3), (19, 5), (20, 4), (9, 1), (3, 3), (19, 6), (21, 4), (8, 1), (4, 3), (19, 7)]",62,0,62
242,"(21, 5)","(21, 4)",North,"[(22, 5) via East]","[(21, 5), (7, 1), (5, 3), (20, 7), (17, 6)]","[(7, 1), (5, 3), (20, 7), (17, 6), (22, 5)]","[(34, 16), (34, 15), (33, 16), (34, 14), (32, 16), (33, 14), (31, 16), (32, 14), (30, 16), (31, 14), (29, 16), (30, 14), (28, 16), (30, 13), (27, 16), (30, 12), (26, 16), (31, 12), (25, 16), (32, 12), (25, 15), (24, 16), (33, 12), (25, 14), (23, 16), (34, 12), (26, 14), (22, 16), (34, 11), (27, 14), (21, 16), (34, 10), (27, 13), (20, 16), (33, 10), (27, 12), (19, 16), (32, 10), (27, 11), (18, 16), (31, 10), (26, 11), (17, 16), (30, 10), (25, 11), (16, 16), (30, 9), (29, 10), (24, 11), (15, 16), (30, 8), (24, 12), (14, 16), (31, 8), (23, 12), (13, 16), (32, 8), (22, 12), (12, 16), (33, 8), (21, 12), (11, 16), (34, 8), (20, 12), (10, 16), (34, 7), (20, 11), (19, 12), (9, 16), (34, 6), (20, 10), (19, 11), (18, 12), (8, 16), (33, 6), (20, 9), (17, 12), (7, 16), (32, 6), (21, 9), (17, 13), (16, 12), (6, 16), (31, 6), (22, 9), (17, 14), (15, 12), (5, 16), (30, 6), (23, 9), (16, 14), (14, 12), (4, 16), (30, 5), (29, 6), (24, 9), (15, 14), (14, 11), (13, 12), (3, 16), (30, 4), (25, 9), (14, 14), (14, 10), (12, 12), (2, 16), (30, 3), (31, 4), (26, 9), (13, 14), (15, 10), (12, 13), (12, 11), (1, 16), (31, 3), (32, 4), (27, 9), (12, 14), (16, 10), (12, 10), (1, 15), (33, 4), (27, 8), (17, 10), (11, 10), (1, 14), (34, 4), (27, 7), (17, 9), (10, 10), (1, 13), (34, 3), (27, 6), (17, 8), (10, 11), (1, 12), (34, 2), (27, 5), (16, 8), (10, 12), (1, 11), (34, 1), (27, 4), (15, 8), (10, 13), (1, 10), (33, 1), (27, 3), (14, 8), (10, 14), (1, 9), (32, 1), (27, 2), (13, 8), (9, 14), (1, 8), (31, 1), (27, 1), (26, 2), (12, 8), (8, 14), (1, 7), (30, 1), (28, 1), (25, 2), (11, 8), (8, 13), (2, 7), (29, 1), (24, 2), (11, 7), (8, 12), (3, 7), (23, 2), (11, 6), (8, 11), (4, 7), (22, 2), (10, 6), (8, 10), (4, 8), (21, 2), (9, 6), (8, 9), (4, 9), (20, 2), (8, 6), (8, 8), (4, 10), (19, 2), (7, 6), (7, 8), (4, 11), (3, 10), (18, 2), (6, 6), (6, 8), (4, 12), (17, 2), (6, 5), (6, 9), (4, 13), (16, 2), (5, 5), (6, 10), (4, 14), (15, 2), (4, 5), (6, 11), (5, 14), (15, 3), (14, 2), (3, 5), (6, 12), (6, 14), (15, 4), (13, 2), (2, 5), (6, 13), (16, 4), (12, 2), (1, 5), (17, 4), (11, 2), (1, 4), (18, 4), (10, 2), (1, 3), (19, 4), (10, 1), (2, 3), (19, 5), (20, 4), (9, 1), (3, 3), (19, 6), (21, 4), (8, 1), (4, 3), (19, 7), (18, 6)]",62,0,62
243,"(7, 1)","(8, 1)",West,"[(6, 1) via West]","[(7, 1), (5, 3), (20, 7), (17, 6), (22, 5)]","[(5, 3), (20, 7), (17, 6), (22, 5), (6, 1)]","[(34, 16), (34, 15), (33, 16), (34, 14), (32, 16), (33, 14), (31, 16), (32, 14), (30, 16), (31, 14), (29, 16), (30, 14), (28, 16), (30, 13), (27, 16), (30, 12), (26, 16), (31, 12), (25, 16), (32, 12), (25, 15), (24, 16), (33, 12), (25, 14), (23, 16), (34, 12), (26, 14), (22, 16), (34, 11), (27, 14), (21, 16), (34, 10), (27, 13), (20, 16), (33, 10), (27, 12), (19, 16), (32, 10), (27, 11), (18, 16), (31, 10), (26, 11), (17, 16), (30, 10), (25, 11), (16, 16), (30, 9), (29, 10), (24, 11), (15, 16), (30, 8), (24, 12), (14, 16), (31, 8), (23, 12), (13, 16), (32, 8), (22, 12), (12, 16), (33, 8), (21, 12), (11, 16), (34, 8), (20, 12), (10, 16), (34, 7), (20, 11), (19, 12), (9, 16), (34, 6), (20, 10), (19, 11), (18, 12), (8, 16), (33, 6), (20, 9), (17, 12), (7, 16), (32, 6), (21, 9), (17, 13), (16, 12), (6, 16), (31, 6), (22, 9), (17, 14), (15, 12), (5, 16), (30, 6), (23, 9), (16, 14), (14, 12), (4, 16), (30, 5), (29, 6), (24, 9), (15, 14), (14, 11), (13, 12), (3, 16), (30, 4), (25, 9), (14, 14), (14, 10), (12, 12), (2, 16), (30, 3), (31, 4), (26, 9), (13, 14), (15, 10), (12, 13), (12, 11), (1, 16), (31, 3), (32, 4), (27, 9), (12, 14), (16, 10), (12, 10), (1, 15), (33, 4), (27, 8), (17, 10), (11, 10), (1, 14), (34, 4), (27, 7), (17, 9), (10, 10), (1, 13), (34, 3), (27, 6), (17, 8), (10, 11), (1, 12), (34, 2), (27, 5), (16, 8), (10, 12), (1, 11), (34, 1), (27, 4), (15, 8), (10, 13), (1, 10), (33, 1), (27, 3), (14, 8), (10, 14), (1, 9), (32, 1), (27, 2), (13, 8), (9, 14), (1, 8), (31, 1), (27, 1), (26, 2), (12, 8), (8, 14), (1, 7), (30, 1), (28, 1), (25, 2), (11, 8), (8, 13), (2, 7), (29, 1), (24, 2), (11, 7), (8, 12), (3, 7), (23, 2), (11, 6), (8, 11), (4, 7), (22, 2), (10, 6), (8, 10), (4, 8), (21, 2), (9, 6), (8, 9), (4, 9), (20, 2), (8, 6), (8, 8), (4, 10), (19, 2), (7, 6), (7, 8), (4, 11), (3, 10), (18, 2), (6, 6), (6, 8), (4, 12), (17, 2), (6, 5), (6, 9), (4, 13), (16, 2), (5, 5), (6, 10), (4, 14), (15, 2), (4, 5), (6, 11), (5, 14), (15, 3), (14, 2), (3, 5), (6, 12), (6, 14), (15, 4), (13, 2), (2, 5), (6, 13), (16, 4), (12, 2), (1, 5), (17, 4), (11, 2), (1, 4), (18, 4), (10, 2), (1, 3), (19, 4), (10, 1), (2, 3), (19, 5), (20, 4), (9, 1), (3, 3), (19, 6), (21, 4), (8, 1), (4, 3), (19, 7), (18, 6), (21, 5)]",62,0,62
244,"(5, 3)","(4, 3)",East,"[(6, 3) via East]","[(5, 3), (20, 7), (17, 6), (22, 5), (6, 1)]","[(20, 7), (17, 6), (22, 5), (6, 1), (6, 3)]","[(34, 16), (34, 15), (33, 16), (34, 14), (32, 16), (33, 14), (31, 16), (32, 14), (30, 16), (31, 14), (29, 16), (30, 14), (28, 16), (30, 13), (27, 16), (30, 12), (26, 16), (31, 12), (25, 16), (32, 12), (25, 15), (24, 16), (33, 12), (25, 14), (23, 16), (34, 12), (26, 14), (22, 16), (34, 11), (27, 14), (21, 16), (34, 10), (27, 13), (20, 16), (33, 10), (27, 12), (19, 16), (32, 10), (27, 11), (18, 16), (31, 10), (26, 11), (17, 16), (30, 10), (25, 11), (16, 16), (30, 9), (29, 10), (24, 11), (15, 16), (30, 8), (24, 12), (14, 16), (31, 8), (23, 12), (13, 16), (32, 8), (22, 12), (12, 16), (33, 8), (21, 12), (11, 16), (34, 8), (20, 12), (10, 16), (34, 7), (20, 11), (19, 12), (9, 16), (34, 6), (20, 10), (19, 11), (18, 12), (8, 16), (33, 6), (20, 9), (17, 12), (7, 16), (32, 6), (21, 9), (17, 13), (16, 12), (6, 16), (31, 6), (22, 9), (17, 14), (15, 12), (5, 16), (30, 6), (23, 9), (16, 14), (14, 12), (4, 16), (30, 5), (29, 6), (24, 9), (15, 14), (14, 11), (13, 12), (3, 16), (30, 4), (25, 9), (14, 14), (14, 10), (12, 12), (2, 16), (30, 3), (31, 4), (26, 9), (13, 14), (15, 10), (12, 13), (12, 11), (1, 16), (31, 3), (32, 4), (27, 9), (12, 14), (16, 10), (12, 10), (1, 15), (33, 4), (27, 8), (17, 10), (11, 10), (1, 14), (34, 4), (27, 7), (17, 9), (10, 10), (1, 13), (34, 3), (27, 6), (17, 8), (10, 11), (1, 12), (34, 2), (27, 5), (16, 8), (10, 12), (1, 11), (34, 1), (27, 4), (15, 8), (10, 13), (1, 10), (33, 1), (27, 3), (14, 8), (10, 14), (1, 9), (32, 1), (27, 2), (13, 8), (9, 14), (1, 8), (31, 1), (27, 1), (26, 2), (12, 8), (8, 14), (1, 7), (30, 1), (28, 1), (25, 2), (11, 8), (8, 13), (2, 7), (29, 1), (24, 2), (11, 7), (8, 12), (3, 7), (23, 2), (11, 6), (8, 11), (4, 7), (22, 2), (10, 6), (8, 10), (4, 8), (21, 2), (9, 6), (8, 9), (4, 9), (20, 2), (8, 6), (8, 8), (4, 10), (19, 2), (7, 6), (7, 8), (4, 11), (3, 10), (18, 2), (6, 6), (6, 8), (4, 12), (17, 2), (6, 5), (6, 9), (4, 13), (16, 2), (5, 5), (6, 10), (4, 14), (15, 2), (4, 5), (6, 11), (5, 14), (15, 3), (14, 2), (3, 5), (6, 12), (6, 14), (15, 4), (13, 2), (2, 5), (6, 13), (16, 4), (12, 2), (1, 5), (17, 4), (11, 2), (1, 4), (18, 4), (10, 2), (1, 3), (19, 4), (10, 1), (2, 3), (19, 5), (20, 4), (9, 1), (3, 3), (19, 6), (21, 4), (8, 1), (4, 3), (19, 7), (18, 6), (21, 5), (7, 1)]",62,0,62
245,"(20, 7)","(19, 7)",East,"[(21, 7) via East]","[(20, 7), (17, 6), (22, 5), (6, 1), (6, 3)]","[(17, 6), (22, 5), (6, 1), (6, 3), (21, 7)]","[(34, 16), (34, 15), (33, 16), (34, 14), (32, 16), (33, 14), (31, 16), (32, 14), (30, 16), (31, 14), (29, 16), (30, 14), (28, 16), (30, 13), (27, 16), (30, 12), (26, 16), (31, 12), (25, 16), (32, 12), (25, 15), (24, 16), (33, 12), (25, 14), (23, 16), (34, 12), (26, 14), (22, 16), (34, 11), (27, 14), (21, 16), (34, 10), (27, 13), (20, 16), (33, 10), (27, 12), (19, 16), (32, 10), (27, 11), (18, 16), (31, 10), (26, 11), (17, 16), (30, 10), (25, 11), (16, 16), (30, 9), (29, 10), (24, 11), (15, 16), (30, 8), (24, 12), (14, 16), (31, 8), (23, 12), (13, 16), (32, 8), (22, 12), (12, 16), (33, 8), (21, 12), (11, 16), (34, 8), (20, 12), (10, 16), (34, 7), (20, 11), (19, 12), (9, 16), (34, 6), (20, 10), (19, 11), (18, 12), (8, 16), (33, 6), (20, 9), (17, 12), (7, 16), (32, 6), (21, 9), (17, 13), (16, 12), (6, 16), (31, 6), (22, 9), (17, 14), (15, 12), (5, 16), (30, 6), (23, 9), (16, 14), (14, 12), (4, 16), (30, 5), (29, 6), (24, 9), (15, 14), (14, 11), (13, 12), (3, 16), (30, 4), (25, 9), (14, 14), (14, 10), (12, 12), (2, 16), (30, 3), (31, 4), (26, 9), (13, 14), (15, 10), (12, 13), (12, 11), (1, 16), (31, 3), (32, 4), (27, 9), (12, 14), (16, 10), (12, 10), (1, 15), (33, 4), (27, 8), (17, 10), (11, 10), (1, 14), (34, 4), (27, 7), (17, 9), (10, 10), (1, 13), (34, 3), (27, 6), (17, 8), (10, 11), (1, 12), (34, 2), (27, 5), (16, 8), (10, 12), (1, 11), (34, 1), (27, 4), (15, 8), (10, 13), (1, 10), (33, 1), (27, 3), (14, 8), (10, 14), (1, 9), (32, 1), (27, 2), (13, 8), (9, 14), (1, 8), (31, 1), (27, 1), (26, 2), (12, 8), (8, 14), (1, 7), (30, 1), (28, 1), (25, 2), (11, 8), (8, 13), (2, 7), (29, 1), (24, 2), (11, 7), (8, 12), (3, 7), (23, 2), (11, 6), (8, 11), (4, 7), (22, 2), (10, 6), (8, 10), (4, 8), (21, 2), (9, 6), (8, 9), (4, 9), (20, 2), (8, 6), (8, 8), (4, 10), (19, 2), (7, 6), (7, 8), (4, 11), (3, 10), (18, 2), (6, 6), (6, 8), (4, 12), (17, 2), (6, 5), (6, 9), (4, 13), (16, 2), (5, 5), (6, 10), (4, 14), (15, 2), (4, 5), (6, 11), (5, 14), (15, 3), (14, 2), (3, 5), (6, 12), (6, 14), (15, 4), (13, 2), (2, 5), (6, 13), (16, 4), (12, 2), (1, 5), (17, 4), (11, 2), (1, 4), (18, 4), (10, 2), (1, 3), (19, 4), (10, 1), (2, 3), (19, 5), (20, 4), (9, 1), (3, 3), (19, 6), (21, 4), (8, 1), (4, 3), (19, 7), (18, 6), (21, 5), (7, 1), (5, 3)]",63,0,63
246,"(17, 6)","(18, 6)",West,"[(16, 6) via West]","[(17, 6), (22, 5), (6, 1), (6, 3), (21, 7)]","[(22, 5), (6, 1), (6, 3), (21, 7), (16, 6)]","[(34, 16), (34, 15), (33, 16), (34, 14), (32, 16), (33, 14), (31, 16), (32, 14), (30, 16), (31, 14), (29, 16), (30, 14), (28, 16), (30, 13), (27, 16), (30, 12), (26, 16), (31, 12), (25, 16), (32, 12), (25, 15), (24, 16), (33, 12), (25, 14), (23, 16), (34, 12), (26, 14), (22, 16), (34, 11), (27, 14), (21, 16), (34, 10), (27, 13), (20, 16), (33, 10), (27, 12), (19, 16), (32, 10), (27, 11), (18, 16), (31, 10), (26, 11), (17, 16), (30, 10), (25, 11), (16, 16), (30, 9), (29, 10), (24, 11), (15, 16), (30, 8), (24, 12), (14, 16), (31, 8), (23, 12), (13, 16), (32, 8), (22, 12), (12, 16), (33, 8), (21, 12), (11, 16), (34, 8), (20, 12), (10, 16), (34, 7), (20, 11), (19, 12), (9, 16), (34, 6), (20, 10), (19, 11), (18, 12), (8, 16), (33, 6), (20, 9), (17, 12), (7, 16), (32, 6), (21, 9), (17, 13), (16, 12), (6, 16), (31, 6), (22, 9), (17, 14), (15, 12), (5, 16), (30, 6), (23, 9), (16, 14), (14, 12), (4, 16), (30, 5), (29, 6), (24, 9), (15, 14), (14, 11), (13, 12), (3, 16), (30, 4), (25, 9), (14, 14), (14, 10), (12, 12), (2, 16), (30, 3), (31, 4), (26, 9), (13, 14), (15, 10), (12, 13), (12, 11), (1, 16), (31, 3), (32, 4), (27, 9), (12, 14), (16, 10), (12, 10), (1, 15), (33, 4), (27, 8), (17, 10), (11, 10), (1, 14), (34, 4), (27, 7), (17, 9), (10, 10), (1, 13), (34, 3), (27, 6), (17, 8), (10, 11), (1, 12), (34, 2), (27, 5), (16, 8), (10, 12), (1, 11), (34, 1), (27, 4), (15, 8), (10, 13), (1, 10), (33, 1), (27, 3), (14, 8), (10, 14), (1, 9), (32, 1), (27, 2), (13, 8), (9, 14), (1, 8), (31, 1), (27, 1), (26, 2), (12, 8), (8, 14), (1, 7), (30, 1), (28, 1), (25, 2), (11, 8), (8, 13), (2, 7), (29, 1), (24, 2), (11, 7), (8, 12), (3, 7), (23, 2), (11, 6), (8, 11), (4, 7), (22, 2), (10, 6), (8, 10), (4, 8), (21, 2), (9, 6), (8, 9), (4, 9), (20, 2), (8, 6), (8, 8), (4, 10), (19, 2), (7, 6), (7, 8), (4, 11), (3, 10), (18, 2), (6, 6), (6, 8), (4, 12), (17, 2), (6, 5), (6, 9), (4, 13), (16, 2), (5, 5), (6, 10), (4, 14), (15, 2), (4, 5), (6, 11), (5, 14), (15, 3), (14, 2), (3, 5), (6, 12), (6, 14), (15, 4), (13, 2), (2, 5), (6, 13), (16, 4), (12, 2), (1, 5), (17, 4), (11, 2), (1, 4), (18, 4), (10, 2), (1, 3), (19, 4), (10, 1), (2, 3), (19, 5), (20, 4), (9, 1), (3, 3), (19, 6), (21, 4), (8, 1), (4, 3), (19, 7), (18, 6), (21, 5), (7, 1), (5, 3), (20, 7)]",63,0,63
247,"(22, 5)","(21, 5)",East,"[(23, 5) via East]","[(22, 5), (6, 1), (6, 3), (21, 7), (16, 6)]","[(6, 1), (6, 3), (21, 7), (16, 6), (23, 5)]","[(34, 16), (34, 15), (33, 16), (34, 14), (32, 16), (33, 14), (31, 16), (32, 14), (30, 16), (31, 14), (29, 16), (30, 14), (28, 16), (30, 13), (27, 16), (30, 12), (26, 16), (31, 12), (25, 16), (32, 12), (25, 15), (24, 16), (33, 12), (25, 14), (23, 16), (34, 12), (26, 14), (22, 16), (34, 11), (27, 14), (21, 16), (34, 10), (27, 13), (20, 16), (33, 10), (27, 12), (19, 16), (32, 10), (27, 11), (18, 16), (31, 10), (26, 11), (17, 16), (30, 10), (25, 11), (16, 16), (30, 9), (29, 10), (24, 11), (15, 16), (30, 8), (24, 12), (14, 16), (31, 8), (23, 12), (13, 16), (32, 8), (22, 12), (12, 16), (33, 8), (21, 12), (11, 16), (34, 8), (20, 12), (10, 16), (34, 7), (20, 11), (19, 12), (9, 16), (34, 6), (20, 10), (19, 11), (18, 12), (8, 16), (33, 6), (20, 9), (17, 12), (7, 16), (32, 6), (21, 9), (17, 13), (16, 12), (6, 16), (31, 6), (22, 9), (17, 14), (15, 12), (5, 16), (30, 6), (23, 9), (16, 14), (14, 12), (4, 16), (30, 5), (29, 6), (24, 9), (15, 14), (14, 11), (13, 12), (3, 16), (30, 4), (25, 9), (14, 14), (14, 10), (12, 12), (2, 16), (30, 3), (31, 4), (26, 9), (13, 14), (15, 10), (12, 13), (12, 11), (1, 16), (31, 3), (32, 4), (27, 9), (12, 14), (16, 10), (12, 10), (1, 15), (33, 4), (27, 8), (17, 10), (11, 10), (1, 14), (34, 4), (27, 7), (17, 9), (10, 10), (1, 13), (34, 3), (27, 6), (17, 8), (10, 11), (1, 12), (34, 2), (27, 5), (16, 8), (10, 12), (1, 11), (34, 1), (27, 4), (15, 8), (10, 13), (1, 10), (33, 1), (27, 3), (14, 8), (10, 14), (1, 9), (32, 1), (27, 2), (13, 8), (9, 14), (1, 8), (31, 1), (27, 1), (26, 2), (12, 8), (8, 14), (1, 7), (30, 1), (28, 1), (25, 2), (11, 8), (8, 13), (2, 7), (29, 1), (24, 2), (11, 7), (8, 12), (3, 7), (23, 2), (11, 6), (8, 11), (4, 7), (22, 2), (10, 6), (8, 10), (4, 8), (21, 2), (9, 6), (8, 9), (4, 9), (20, 2), (8, 6), (8, 8), (4, 10), (19, 2), (7, 6), (7, 8), (4, 11), (3, 10), (18, 2), (6, 6), (6, 8), (4, 12), (17, 2), (6, 5), (6, 9), (4, 13), (16, 2), (5, 5), (6, 10), (4, 14), (15, 2), (4, 5), (6, 11), (5, 14), (15, 3), (14, 2), (3, 5), (6, 12), (6, 14), (15, 4), (13, 2), (2, 5), (6, 13), (16, 4), (12, 2), (1, 5), (17, 4), (11, 2), (1, 4), (18, 4), (10, 2), (1, 3), (19, 4), (10, 1), (2, 3), (19, 5), (20, 4), (9, 1), (3, 3), (19, 6), (21, 4), (8, 1), (4, 3), (19, 7), (18, 6), (21, 5), (7, 1), (5, 3), (20, 7), (17, 6)]",63,0,63
248,"(6, 1)","(7, 1)",West,"[(5, 1) via West]","[(6, 1), (6, 3), (21, 7), (16, 6), (23, 5)]","[(6, 3), (21, 7), (16, 6), (23, 5), (5, 1)]","[(34, 16), (34, 15), (33, 16), (34, 14), (32, 16), (33, 14), (31, 16), (32, 14), (30, 16), (31, 14), (29, 16), (30, 14), (28, 16), (30, 13), (27, 16), (30, 12), (26, 16), (31, 12), (25, 16), (32, 12), (25, 15), (24, 16), (33, 12), (25, 14), (23, 16), (34, 12), (26, 14), (22, 16), (34, 11), (27, 14), (21, 16), (34, 10), (27, 13), (20, 16), (33, 10), (27, 12), (19, 16), (32, 10), (27, 11), (18, 16), (31, 10), (26, 11), (17, 16), (30, 10), (25, 11), (16, 16), (30, 9), (29, 10), (24, 11), (15, 16), (30, 8), (24, 12), (14, 16), (31, 8), (23, 12), (13, 16), (32, 8), (22, 12), (12, 16), (33, 8), (21, 12), (11, 16), (34, 8), (20, 12), (10, 16), (34, 7), (20, 11), (19, 12), (9, 16), (34, 6), (20, 10), (19, 11), (18, 12), (8, 16), (33, 6), (20, 9), (17, 12), (7, 16), (32, 6), (21, 9), (17, 13), (16, 12), (6, 16), (31, 6), (22, 9), (17, 14), (15, 12), (5, 16), (30, 6), (23, 9), (16, 14), (14, 12), (4, 16), (30, 5), (29, 6), (24, 9), (15, 14), (14, 11), (13, 12), (3, 16), (30, 4), (25, 9), (14, 14), (14, 10), (12, 12), (2, 16), (30, 3), (31, 4), (26, 9), (13, 14), (15, 10), (12, 13), (12, 11), (1, 16), (31, 3), (32, 4), (27, 9), (12, 14), (16, 10), (12, 10), (1, 15), (33, 4), (27, 8), (17, 10), (11, 10), (1, 14), (34, 4), (27, 7), (17, 9), (10, 10), (1, 13), (34, 3), (27, 6), (17, 8), (10, 11), (1, 12), (34, 2), (27, 5), (16, 8), (10, 12), (1, 11), (34, 1), (27, 4), (15, 8), (10, 13), (1, 10), (33, 1), (27, 3), (14, 8), (10, 14), (1, 9), (32, 1), (27, 2), (13, 8), (9, 14), (1, 8), (31, 1), (27, 1), (26, 2), (12, 8), (8, 14), (1, 7), (30, 1), (28, 1), (25, 2), (11, 8), (8, 13), (2, 7), (29, 1), (24, 2), (11, 7), (8, 12), (3, 7), (23, 2), (11, 6), (8, 11), (4, 7), (22, 2), (10, 6), (8, 10), (4, 8), (21, 2), (9, 6), (8, 9), (4, 9), (20, 2), (8, 6), (8, 8), (4, 10), (19, 2), (7, 6), (7, 8), (4, 11), (3, 10), (18, 2), (6, 6), (6, 8), (4, 12), (17, 2), (6, 5), (6, 9), (4, 13), (16, 2), (5, 5), (6, 10), (4, 14), (15, 2), (4, 5), (6, 11), (5, 14), (15, 3), (14, 2), (3, 5), (6, 12), (6, 14), (15, 4), (13, 2), (2, 5), (6, 13), (16, 4), (12, 2), (1, 5), (17, 4), (11, 2), (1, 4), (18, 4), (10, 2), (1, 3), (19, 4), (10, 1), (2, 3), (19, 5), (20, 4), (9, 1), (3, 3), (19, 6), (21, 4), (8, 1), (4, 3), (19, 7), (18, 6), (21, 5), (7, 1), (5, 3), (20, 7), (17, 6), (22, 5)]",63,0,63
249,"(6, 3)","(5, 3)",East,"[(7, 3) via East]","[(6, 3), (21, 7), (16, 6), (23, 5), (5, 1)]","[(21, 7), (16, 6), (23, 5), (5, 1), (7, 3)]","[(34, 16), (34, 15), (33, 16), (34, 14), (32, 16), (33, 14), (31, 16), (32, 14), (30, 16), (31, 14), (29, 16), (30, 14), (28, 16), (30, 13), (27, 16), (30, 12), (26, 16), (31, 12), (25, 16), (32, 12), (25, 15), (24, 16), (33, 12), (25, 14), (23, 16), (34, 12), (26, 14), (22, 16), (34, 11), (27, 14), (21, 16), (34, 10), (27, 13), (20, 16), (33, 10), (27, 12), (19, 16), (32, 10), (27, 11), (18, 16), (31, 10), (26, 11), (17, 16), (30, 10), (25, 11), (16, 16), (30, 9), (29, 10), (24, 11), (15, 16), (30, 8), (24, 12), (14, 16), (31, 8), (23, 12), (13, 16), (32, 8), (22, 12), (12, 16), (33, 8), (21, 12), (11, 16), (34, 8), (20, 12), (10, 16), (34, 7), (20, 11), (19, 12), (9, 16), (34, 6), (20, 10), (19, 11), (18, 12), (8, 16), (33, 6), (20, 9), (17, 12), (7, 16), (32, 6), (21, 9), (17, 13), (16, 12), (6, 16), (31, 6), (22, 9), (17, 14), (15, 12), (5, 16), (30, 6), (23, 9), (16, 14), (14, 12), (4, 16), (30, 5), (29, 6), (24, 9), (15, 14), (14, 11), (13, 12), (3, 16), (30, 4), (25, 9), (14, 14), (14, 10), (12, 12), (2, 16), (30, 3), (31, 4), (26, 9), (13, 14), (15, 10), (12, 13), (12, 11), (1, 16), (31, 3), (32, 4), (27, 9), (12, 14), (16, 10), (12, 10), (1, 15), (33, 4), (27, 8), (17, 10), (11, 10), (1, 14), (34, 4), (27, 7), (17, 9), (10, 10), (1, 13), (34, 3), (27, 6), (17, 8), (10, 11), (1, 12), (34, 2), (27, 5), (16, 8), (10, 12), (1, 11), (34, 1), (27, 4), (15, 8), (10, 13), (1, 10), (33, 1), (27, 3), (14, 8), (10, 14), (1, 9), (32, 1), (27, 2), (13, 8), (9, 14), (1, 8), (31, 1), (27, 1), (26, 2), (12, 8), (8, 14), (1, 7), (30, 1), (28, 1), (25, 2), (11, 8), (8, 13), (2, 7), (29, 1), (24, 2), (11, 7), (8, 12), (3, 7), (23, 2), (11, 6), (8, 11), (4, 7), (22, 2), (10, 6), (8, 10), (4, 8), (21, 2), (9, 6), (8, 9), (4, 9), (20, 2), (8, 6), (8, 8), (4, 10), (19, 2), (7, 6), (7, 8), (4, 11), (3, 10), (18, 2), (6, 6), (6, 8), (4, 12), (17, 2), (6, 5), (6, 9), (4, 13), (16, 2), (5, 5), (6, 10), (4, 14), (15, 2), (4, 5), (6, 11), (5, 14), (15, 3), (14, 2), (3, 5), (6, 12), (6, 14), (15, 4), (13, 2), (2, 5), (6, 13), (16, 4), (12, 2), (1, 5), (17, 4), (11, 2), (1, 4), (18, 4), (10, 2), (1, 3), (19, 4), (10, 1), (2, 3), (19, 5), (20, 4), (9, 1), (3, 3), (19, 6), (21, 4), (8, 1), (4, 3), (19, 7), (18, 6), (21, 5), (7, 1), (5, 3), (20, 7), (17, 6), (22, 5), (6, 1)]",63,0,63
250,"(21, 7)","(20, 7)",East,"[(22, 7) via East]","[(21, 7), (16, 6), (23, 5), (5, 1), (7, 3)]","[(16, 6), (23, 5), (5, 1), (7, 3), (22, 7)]","[(34, 16), (34, 15), (33, 16), (34, 14), (32, 16), (33, 14), (31, 16), (32, 14), (30, 16), (31, 14), (29, 16), (30, 14), (28, 16), (30, 13), (27, 16), (30, 12), (26, 16), (31, 12), (25, 16), (32, 12), (25, 15), (24, 16), (33, 12), (25, 14), (23, 16), (34, 12), (26, 14), (22, 16), (34, 11), (27, 14), (21, 16), (34, 10), (27, 13), (20, 16), (33, 10), (27, 12), (19, 16), (32, 10), (27, 11), (18, 16), (31, 10), (26, 11), (17, 16), (30, 10), (25, 11), (16, 16), (30, 9), (29, 10), (24, 11), (15, 16), (30, 8), (24, 12), (14, 16), (31, 8), (23, 12), (13, 16), (32, 8), (22, 12), (12, 16), (33, 8), (21, 12), (11, 16), (34, 8), (20, 12), (10, 16), (34, 7), (20, 11), (19, 12), (9, 16), (34, 6), (20, 10), (19, 11), (18, 12), (8, 16), (33, 6), (20, 9), (17, 12), (7, 16), (32, 6), (21, 9), (17, 13), (16, 12), (6, 16), (31, 6), (22, 9), (17, 14), (15, 12), (5, 16), (30, 6), (23, 9), (16, 14), (14, 12), (4, 16), (30, 5), (29, 6), (24, 9), (15, 14), (14, 11), (13, 12), (3, 16), (30, 4), (25, 9), (14, 14), (14, 10), (12, 12), (2, 16), (30, 3), (31, 4), (26, 9), (13, 14), (15, 10), (12, 13), (12, 11), (1, 16), (31, 3), (32, 4), (27, 9), (12, 14), (16, 10), (12, 10), (1, 15), (33, 4), (27, 8), (17, 10), (11, 10), (1, 14), (34, 4), (27, 7), (17, 9), (10, 10), (1, 13), (34, 3), (27, 6), (17, 8), (10, 11), (1, 12), (34, 2), (27, 5), (16, 8), (10, 12), (1, 11), (34, 1), (27, 4), (15, 8), (10, 13), (1, 10), (33, 1), (27, 3), (14, 8), (10, 14), (1, 9), (32, 1), (27, 2), (13, 8), (9, 14), (1, 8), (31, 1), (27, 1), (26, 2), (12, 8), (8, 14), (1, 7), (30, 1), (28, 1), (25, 2), (11, 8), (8, 13), (2, 7), (29, 1), (24, 2), (11, 7), (8, 12), (3, 7), (23, 2), (11, 6), (8, 11), (4, 7), (22, 2), (10, 6), (8, 10), (4, 8), (21, 2), (9, 6), (8, 9), (4, 9), (20, 2), (8, 6), (8, 8), (4, 10), (19, 2), (7, 6), (7, 8), (4, 11), (3, 10), (18, 2), (6, 6), (6, 8), (4, 12), (17, 2), (6, 5), (6, 9), (4, 13), (16, 2), (5, 5), (6, 10), (4, 14), (15, 2), (4, 5), (6, 11), (5, 14), (15, 3), (14, 2), (3, 5), (6, 12), (6, 14), (15, 4), (13, 2), (2, 5), (6, 13), (16, 4), (12, 2), (1, 5), (17, 4), (11, 2), (1, 4), (18, 4), (10, 2), (1, 3), (19, 4), (10, 1), (2, 3), (19, 5), (20, 4), (9, 1), (3, 3), (19, 6), (21, 4), (8, 1), (4, 3), (19, 7), (18, 6), (21, 5), (7, 1), (5, 3), (20, 7), (17, 6), (22, 5), (6, 1), (6, 3)]",64,0,64
251,"(16, 6)","(17, 6)",West,"[(15, 6) via West]","[(16, 6), (23, 5), (5, 1), (7, 3), (22, 7)]","[(23, 5), (5, 1), (7, 3), (22, 7), (15, 6)]","[(34, 16), (34, 15), (33, 16), (34, 14), (32, 16), (33, 14), (31, 16), (32, 14), (30, 16), (31, 14), (29, 16), (30, 14), (28, 16), (30, 13), (27, 16), (30, 12), (26, 16), (31, 12), (25, 16), (32, 12), (25, 15), (24, 16), (33, 12), (25, 14), (23, 16), (34, 12), (26, 14), (22, 16), (34, 11), (27, 14), (21, 16), (34, 10), (27, 13), (20, 16), (33, 10), (27, 12), (19, 16), (32, 10), (27, 11), (18, 16), (31, 10), (26, 11), (17, 16), (30, 10), (25, 11), (16, 16), (30, 9), (29, 10), (24, 11), (15, 16), (30, 8), (24, 12), (14, 16), (31, 8), (23, 12), (13, 16), (32, 8), (22, 12), (12, 16), (33, 8), (21, 12), (11, 16), (34, 8), (20, 12), (10, 16), (34, 7), (20, 11), (19, 12), (9, 16), (34, 6), (20, 10), (19, 11), (18, 12), (8, 16), (33, 6), (20, 9), (17, 12), (7, 16), (32, 6), (21, 9), (17, 13), (16, 12), (6, 16), (31, 6), (22, 9), (17, 14), (15, 12), (5, 16), (30, 6), (23, 9), (16, 14), (14, 12), (4, 16), (30, 5), (29, 6), (24, 9), (15, 14), (14, 11), (13, 12), (3, 16), (30, 4), (25, 9), (14, 14), (14, 10), (12, 12), (2, 16), (30, 3), (31, 4), (26, 9), (13, 14), (15, 10), (12, 13), (12, 11), (1, 16), (31, 3), (32, 4), (27, 9), (12, 14), (16, 10), (12, 10), (1, 15), (33, 4), (27, 8), (17, 10), (11, 10), (1, 14), (34, 4), (27, 7), (17, 9), (10, 10), (1, 13), (34, 3), (27, 6), (17, 8), (10, 11), (1, 12), (34, 2), (27, 5), (16, 8), (10, 12), (1, 11), (34, 1), (27, 4), (15, 8), (10, 13), (1, 10), (33, 1), (27, 3), (14, 8), (10, 14), (1, 9), (32, 1), (27, 2), (13, 8), (9, 14), (1, 8), (31, 1), (27, 1), (26, 2), (12, 8), (8, 14), (1, 7), (30, 1), (28, 1), (25, 2), (11, 8), (8, 13), (2, 7), (29, 1), (24, 2), (11, 7), (8, 12), (3, 7), (23, 2), (11, 6), (8, 11), (4, 7), (22, 2), (10, 6), (8, 10), (4, 8), (21, 2), (9, 6), (8, 9), (4, 9), (20, 2), (8, 6), (8, 8), (4, 10), (19, 2), (7, 6), (7, 8), (4, 11), (3, 10), (18, 2), (6, 6), (6, 8), (4, 12), (17, 2), (6, 5), (6, 9), (4, 13), (16, 2), (5, 5), (6, 10), (4, 14), (15, 2), (4, 5), (6, 11), (5, 14), (15, 3), (14, 2), (3, 5), (6, 12), (6, 14), (15, 4), (13, 2), (2, 5), (6, 13), (16, 4), (12, 2), (1, 5), (17, 4), (11, 2), (1, 4), (18, 4), (10, 2), (1, 3), (19, 4), (10, 1), (2, 3), (19, 5), (20, 4), (9, 1), (3, 3), (19, 6), (21, 4), (8, 1), (4, 3), (19, 7), (18, 6), (21, 5), (7, 1), (5, 3), (20, 7), (17, 6), (22, 5), (6, 1), (6, 3), (21, 7)]",64,0,64
252,"(23, 5)","(22, 5)",East,"[(24, 5) via East]","[(23, 5), (5, 1), (7, 3), (22, 7), (15, 6)]","[(5, 1), (7, 3), (22, 7), (15, 6), (24, 5)]","[(34, 16), (34, 15), (33, 16), (34, 14), (32, 16), (33, 14), (31, 16), (32, 14), (30, 16), (31, 14), (29, 16), (30, 14), (28, 16), (30, 13), (27, 16), (30, 12), (26, 16), (31, 12), (25, 16), (32, 12), (25, 15), (24, 16), (33, 12), (25, 14), (23, 16), (34, 12), (26, 14), (22, 16), (34, 11), (27, 14), (21, 16), (34, 10), (27, 13), (20, 16), (33, 10), (27, 12), (19, 16), (32, 10), (27, 11), (18, 16), (31, 10), (26, 11), (17, 16), (30, 10), (25, 11), (16, 16), (30, 9), (29, 10), (24, 11), (15, 16), (30, 8), (24, 12), (14, 16), (31, 8), (23, 12), (13, 16), (32, 8), (22, 12), (12, 16), (33, 8), (21, 12), (11, 16), (34, 8), (20, 12), (10, 16), (34, 7), (20, 11), (19, 12), (9, 16), (34, 6), (20, 10), (19, 11), (18, 12), (8, 16), (33, 6), (20, 9), (17, 12), (7, 16), (32, 6), (21, 9), (17, 13), (16, 12), (6, 16), (31, 6), (22, 9), (17, 14), (15, 12), (5, 16), (30, 6), (23, 9), (16, 14), (14, 12), (4, 16), (30, 5), (29, 6), (24, 9), (15, 14), (14, 11), (13, 12), (3, 16), (30, 4), (25, 9), (14, 14), (14, 10), (12, 12), (2, 16), (30, 3), (31, 4), (26, 9), (13, 14), (15, 10), (12, 13), (12, 11), (1, 16), (31, 3), (32, 4), (27, 9), (12, 14), (16, 10), (12, 10), (1, 15), (33, 4), (27, 8), (17, 10), (11, 10), (1, 14), (34, 4), (27, 7), (17, 9), (10, 10), (1, 13), (34, 3), (27, 6), (17, 8), (10, 11), (1, 12), (34, 2), (27, 5), (16, 8), (10, 12), (1, 11), (34, 1), (27, 4), (15, 8), (10, 13), (1, 10), (33, 1), (27, 3), (14, 8), (10, 14), (1, 9), (32, 1), (27, 2), (13, 8), (9, 14), (1, 8), (31, 1), (27, 1), (26, 2), (12, 8), (8, 14), (1, 7), (30, 1), (28, 1), (25, 2), (11, 8), (8, 13), (2, 7), (29, 1), (24, 2), (11, 7), (8, 12), (3, 7), (23, 2), (11, 6), (8, 11), (4, 7), (22, 2), (10, 6), (8, 10), (4, 8), (21, 2), (9, 6), (8, 9), (4, 9), (20, 2), (8, 6), (8, 8), (4, 10), (19, 2), (7, 6), (7, 8), (4, 11), (3, 10), (18, 2), (6, 6), (6, 8), (4, 12), (17, 2), (6, 5), (6, 9), (4, 13), (16, 2), (5, 5), (6, 10), (4, 14), (15, 2), (4, 5), (6, 11), (5, 14), (15, 3), (14, 2), (3, 5), (6, 12), (6, 14), (15, 4), (13, 2), (2, 5), (6, 13), (16, 4), (12, 2), (1, 5), (17, 4), (11, 2), (1, 4), (18, 4), (10, 2), (1, 3), (19, 4), (10, 1), (2, 3), (19, 5), (20, 4), (9, 1), (3, 3), (19, 6), (21, 4), (8, 1), (4, 3), (19, 7), (18, 6), (21, 5), (7, 1), (5, 3), (20, 7), (17, 6), (22, 5), (6, 1), (6, 3), (21, 7), (16, 6)]",64,0,64
253,"(5, 1)","(6, 1)",West,"[(4, 1) via West]","[(5, 1), (7, 3), (22, 7), (15, 6), (24, 5)]","[(7, 3), (22, 7), (15, 6), (24, 5), (4, 1)]","[(34, 16), (34, 15), (33, 16), (34, 14), (32, 16), (33, 14), (31, 16), (32, 14), (30, 16), (31, 14), (29, 16), (30, 14), (28, 16), (30, 13), (27, 16), (30, 12), (26, 16), (31, 12), (25, 16), (32, 12), (25, 15), (24, 16), (33, 12), (25, 14), (23, 16), (34, 12), (26, 14), (22, 16), (34, 11), (27, 14), (21, 16), (34, 10), (27, 13), (20, 16), (33, 10), (27, 12), (19, 16), (32, 10), (27, 11), (18, 16), (31, 10), (26, 11), (17, 16), (30, 10), (25, 11), (16, 16), (30, 9), (29, 10), (24, 11), (15, 16), (30, 8), (24, 12), (14, 16), (31, 8), (23, 12), (13, 16), (32, 8), (22, 12), (12, 16), (33, 8), (21, 12), (11, 16), (34, 8), (20, 12), (10, 16), (34, 7), (20, 11), (19, 12), (9, 16), (34, 6), (20, 10), (19, 11), (18, 12), (8, 16), (33, 6), (20, 9), (17, 12), (7, 16), (32, 6), (21, 9), (17, 13), (16, 12), (6, 16), (31, 6), (22, 9), (17, 14), (15, 12), (5, 16), (30, 6), (23, 9), (16, 14), (14, 12), (4, 16), (30, 5), (29, 6), (24, 9), (15, 14), (14, 11), (13, 12), (3, 16), (30, 4), (25, 9), (14, 14), (14, 10), (12, 12), (2, 16), (30, 3), (31, 4), (26, 9), (13, 14), (15, 10), (12, 13), (12, 11), (1, 16), (31, 3), (32, 4), (27, 9), (12, 14), (16, 10), (12, 10), (1, 15), (33, 4), (27, 8), (17, 10), (11, 10), (1, 14), (34, 4), (27, 7), (17, 9), (10, 10), (1, 13), (34, 3), (27, 6), (17, 8), (10, 11), (1, 12), (34, 2), (27, 5), (16, 8), (10, 12), (1, 11), (34, 1), (27, 4), (15, 8), (10, 13), (1, 10), (33, 1), (27, 3), (14, 8), (10, 14), (1, 9), (32, 1), (27, 2), (13, 8), (9, 14), (1, 8), (31, 1), (27, 1), (26, 2), (12, 8), (8, 14), (1, 7), (30, 1), (28, 1), (25, 2), (11, 8), (8, 13), (2, 7), (29, 1), (24, 2), (11, 7), (8, 12), (3, 7), (23, 2), (11, 6), (8, 11), (4, 7), (22, 2), (10, 6), (8, 10), (4, 8), (21, 2), (9, 6), (8, 9), (4, 9), (20, 2), (8, 6), (8, 8), (4, 10), (19, 2), (7, 6), (7, 8), (4, 11), (3, 10), (18, 2), (6, 6), (6, 8), (4, 12), (17, 2), (6, 5), (6, 9), (4, 13), (16, 2), (5, 5), (6, 10), (4, 14), (15, 2), (4, 5), (6, 11), (5, 14), (15, 3), (14, 2), (3, 5), (6, 12), (6, 14), (15, 4), (13, 2), (2, 5), (6, 13), (16, 4), (12, 2), (1, 5), (17, 4), (11, 2), (1, 4), (18, 4), (10, 2), (1, 3), (19, 4), (10, 1), (2, 3), (19, 5), (20, 4), (9, 1), (3, 3), (19, 6), (21, 4), (8, 1), (4, 3), (19, 7), (18, 6), (21, 5), (7, 1), (5, 3), (20, 7), (17, 6), (22, 5), (6, 1), (6, 3), (21, 7), (16, 6), (23, 5)]",64,0,64
254,"(7, 3)","(6, 3)",East,"[(8, 3) via East]","[(7, 3), (22, 7), (15, 6), (24, 5), (4, 1)]","[(22, 7), (15, 6), (24, 5), (4, 1), (8, 3)]","[(34, 16), (34, 15), (33, 16), (34, 14), (32, 16), (33, 14), (31, 16), (32, 14), (30, 16), (31, 14), (29, 16), (30, 14), (28, 16), (30, 13), (27, 16), (30, 12), (26, 16), (31, 12), (25, 16), (32, 12), (25, 15), (24, 16), (33, 12), (25, 14), (23, 16), (34, 12), (26, 14), (22, 16), (34, 11), (27, 14), (21, 16), (34, 10), (27, 13), (20, 16), (33, 10), (27, 12), (19, 16), (32, 10), (27, 11), (18, 16), (31, 10), (26, 11), (17, 16), (30, 10), (25, 11), (16, 16), (30, 9), (29, 10), (24, 11), (15, 16), (30, 8), (24, 12), (14, 16), (31, 8), (23, 12), (13, 16), (32, 8), (22, 12), (12, 16), (33, 8), (21, 12), (11, 16), (34, 8), (20, 12), (10, 16), (34, 7), (20, 11), (19, 12), (9, 16), (34, 6), (20, 10), (19, 11), (18, 12), (8, 16), (33, 6), (20, 9), (17, 12), (7, 16), (32, 6), (21, 9), (17, 13), (16, 12), (6, 16), (31, 6), (22, 9), (17, 14), (15, 12), (5, 16), (30, 6), (23, 9), (16, 14), (14, 12), (4, 16), (30, 5), (29, 6), (24, 9), (15, 14), (14, 11), (13, 12), (3, 16), (30, 4), (25, 9), (14, 14), (14, 10), (12, 12), (2, 16), (30, 3), (31, 4), (26, 9), (13, 14), (15, 10), (12, 13), (12, 11), (1, 16), (31, 3), (32, 4), (27, 9), (12, 14), (16, 10), (12, 10), (1, 15), (33, 4), (27, 8), (17, 10), (11, 10), (1, 14), (34, 4), (27, 7), (17, 9), (10, 10), (1, 13), (34, 3), (27, 6), (17, 8), (10, 11), (1, 12), (34, 2), (27, 5), (16, 8), (10, 12), (1, 11), (34, 1), (27, 4), (15, 8), (10, 13), (1, 10), (33, 1), (27, 3), (14, 8), (10, 14), (1, 9), (32, 1), (27, 2), (13, 8), (9, 14), (1, 8), (31, 1), (27, 1), (26, 2), (12, 8), (8, 14), (1, 7), (30, 1), (28, 1), (25, 2), (11, 8), (8, 13), (2, 7), (29, 1), (24, 2), (11, 7), (8, 12), (3, 7), (23, 2), (11, 6), (8, 11), (4, 7), (22, 2), (10, 6), (8, 10), (4, 8), (21, 2), (9, 6), (8, 9), (4, 9), (20, 2), (8, 6), (8, 8), (4, 10), (19, 2), (7, 6), (7, 8), (4, 11), (3, 10), (18, 2), (6, 6), (6, 8), (4, 12), (17, 2), (6, 5), (6, 9), (4, 13), (16, 2), (5, 5), (6, 10), (4, 14), (15, 2), (4, 5), (6, 11), (5, 14), (15, 3), (14, 2), (3, 5), (6, 12), (6, 14), (15, 4), (13, 2), (2, 5), (6, 13), (16, 4), (12, 2), (1, 5), (17, 4), (11, 2), (1, 4), (18, 4), (10, 2), (1, 3), (19, 4), (10, 1), (2, 3), (19, 5), (20, 4), (9, 1), (3, 3), (19, 6), (21, 4), (8, 1), (4, 3), (19, 7), (18, 6), (21, 5), (7, 1), (5, 3), (20, 7), (17, 6), (22, 5), (6, 1), (6, 3), (21, 7), (16, 6), (23, 5), (5, 1)]",64,0,64
255,"(22, 7)","(21, 7)",East,"[(23, 7) via East]","[(22, 7), (15, 6), (24, 5), (4, 1), (8, 3)]","[(15, 6), (24, 5), (4, 1), (8, 3), (23, 7)]","[(34, 16), (34, 15), (33, 16), (34, 14), (32, 16), (33, 14), (31, 16), (32, 14), (30, 16), (31, 14), (29, 16), (30, 14), (28, 16), (30, 13), (27, 16), (30, 12), (26, 16), (31, 12), (25, 16), (32, 12), (25, 15), (24, 16), (33, 12), (25, 14), (23, 16), (34, 12), (26, 14), (22, 16), (34, 11), (27, 14), (21, 16), (34, 10), (27, 13), (20, 16), (33, 10), (27, 12), (19, 16), (32, 10), (27, 11), (18, 16), (31, 10), (26, 11), (17, 16), (30, 10), (25, 11), (16, 16), (30, 9), (29, 10), (24, 11), (15, 16), (30, 8), (24, 12), (14, 16), (31, 8), (23, 12), (13, 16), (32, 8), (22, 12), (12, 16), (33, 8), (21, 12), (11, 16), (34, 8), (20, 12), (10, 16), (34, 7), (20, 11), (19, 12), (9, 16), (34, 6), (20, 10), (19, 11), (18, 12), (8, 16), (33, 6), (20, 9), (17, 12), (7, 16), (32, 6), (21, 9), (17, 13), (16, 12), (6, 16), (31, 6), (22, 9), (17, 14), (15, 12), (5, 16), (30, 6), (23, 9), (16, 14), (14, 12), (4, 16), (30, 5), (29, 6), (24, 9), (15, 14), (14, 11), (13, 12), (3, 16), (30, 4), (25, 9), (14, 14), (14, 10), (12, 12), (2, 16), (30, 3), (31, 4), (26, 9), (13, 14), (15, 10), (12, 13), (12, 11), (1, 16), (31, 3), (32, 4), (27, 9), (12, 14), (16, 10), (12, 10), (1, 15), (33, 4), (27, 8), (17, 10), (11, 10), (1, 14), (34, 4), (27, 7), (17, 9), (10, 10), (1, 13), (34, 3), (27, 6), (17, 8), (10, 11), (1, 12), (34, 2), (27, 5), (16, 8), (10, 12), (1, 11), (34, 1), (27, 4), (15, 8), (10, 13), (1, 10), (33, 1), (27, 3), (14, 8), (10, 14), (1, 9), (32, 1), (27, 2), (13, 8), (9, 14), (1, 8), (31, 1), (27, 1), (26, 2), (12, 8), (8, 14), (1, 7), (30, 1), (28, 1), (25, 2), (11, 8), (8, 13), (2, 7), (29, 1), (24, 2), (11, 7), (8, 12), (3, 7), (23, 2), (11, 6), (8, 11), (4, 7), (22, 2), (10, 6), (8, 10), (4, 8), (21, 2), (9, 6), (8, 9), (4, 9), (20, 2), (8, 6), (8, 8), (4, 10), (19, 2), (7, 6), (7, 8), (4, 11), (3, 10), (18, 2), (6, 6), (6, 8), (4, 12), (17, 2), (6, 5), (6, 9), (4, 13), (16, 2), (5, 5), (6, 10), (4, 14), (15, 2), (4, 5), (6, 11), (5, 14), (15, 3), (14, 2), (3, 5), (6, 12), (6, 14), (15, 4), (13, 2), (2, 5), (6, 13), (16, 4), (12, 2), (1, 5), (17, 4), (11, 2), (1, 4), (18, 4), (10, 2), (1, 3), (19, 4), (10, 1), (2, 3), (19, 5), (20, 4), (9, 1), (3, 3), (19, 6), (21, 4), (8, 1), (4, 3), (19, 7), (18, 6), (21, 5), (7, 1), (5, 3), (20, 7), (17, 6), (22, 5), (6, 1), (6, 3), (21, 7), (16, 6), (23, 5), (5, 1), (7, 3)]",65,0,65
256,"(15, 6)","(16, 6)",West,"[(14, 6) via West]","[(15, 6), (24, 5), (4, 1), (8, 3), (23, 7)]","[(24, 5), (4, 1), (8, 3), (23, 7), (14, 6)]","[(34, 16), (34, 15), (33, 16), (34, 14), (32, 16), (33, 14), (31, 16), (32, 14), (30, 16), (31, 14), (29, 16), (30, 14), (28, 16), (30, 13), (27, 16), (30, 12), (26, 16), (31, 12), (25, 16), (32, 12), (25, 15), (24, 16), (33, 12), (25, 14), (23, 16), (34, 12), (26, 14), (22, 16), (34, 11), (27, 14), (21, 16), (34, 10), (27, 13), (20, 16), (33, 10), (27, 12), (19, 16), (32, 10), (27, 11), (18, 16), (31, 10), (26, 11), (17, 16), (30, 10), (25, 11), (16, 16), (30, 9), (29, 10), (24, 11), (15, 16), (30, 8), (24, 12), (14, 16), (31, 8), (23, 12), (13, 16), (32, 8), (22, 12), (12, 16), (33, 8), (21, 12), (11, 16), (34, 8), (20, 12), (10, 16), (34, 7), (20, 11), (19, 12), (9, 16), (34, 6), (20, 10), (19, 11), (18, 12), (8, 16), (33, 6), (20, 9), (17, 12), (7, 16), (32, 6), (21, 9), (17, 13), (16, 12), (6, 16), (31, 6), (22, 9), (17, 14), (15, 12), (5, 16), (30, 6), (23, 9), (16, 14), (14, 12), (4, 16), (30, 5), (29, 6), (24, 9), (15, 14), (14, 11), (13, 12), (3, 16), (30, 4), (25, 9), (14, 14), (14, 10), (12, 12), (2, 16), (30, 3), (31, 4), (26, 9), (13, 14), (15, 10), (12, 13), (12, 11), (1, 16), (31, 3), (32, 4), (27, 9), (12, 14), (16, 10), (12, 10), (1, 15), (33, 4), (27, 8), (17, 10), (11, 10), (1, 14), (34, 4), (27, 7), (17, 9), (10, 10), (1, 13), (34, 3), (27, 6), (17, 8), (10, 11), (1, 12), (34, 2), (27, 5), (16, 8), (10, 12), (1, 11), (34, 1), (27, 4), (15, 8), (10, 13), (1, 10), (33, 1), (27, 3), (14, 8), (10, 14), (1, 9), (32, 1), (27, 2), (13, 8), (9, 14), (1, 8), (31, 1), (27, 1), (26, 2), (12, 8), (8, 14), (1, 7), (30, 1), (28, 1), (25, 2), (11, 8), (8, 13), (2, 7), (29, 1), (24, 2), (11, 7), (8, 12), (3, 7), (23, 2), (11, 6), (8, 11), (4, 7), (22, 2), (10, 6), (8, 10), (4, 8), (21, 2), (9, 6), (8, 9), (4, 9), (20, 2), (8, 6), (8, 8), (4, 10), (19, 2), (7, 6), (7, 8), (4, 11), (3, 10), (18, 2), (6, 6), (6, 8), (4, 12), (17, 2), (6, 5), (6, 9), (4, 13), (16, 2), (5, 5), (6, 10), (4, 14), (15, 2), (4, 5), (6, 11), (5, 14), (15, 3), (14, 2), (3, 5), (6, 12), (6, 14), (15, 4), (13, 2), (2, 5), (6, 13), (16, 4), (12, 2), (1, 5), (17, 4), (11, 2), (1, 4), (18, 4), (10, 2), (1, 3), (19, 4), (10, 1), (2, 3), (19, 5), (20, 4), (9, 1), (3, 3), (19, 6), (21, 4), (8, 1), (4, 3), (19, 7), (18, 6), (21, 5), (7, 1), (5, 3), (20, 7), (17, 6), (22, 5), (6, 1), (6, 3), (21, 7), (16, 6), (23, 5), (5, 1), (7, 3), (22, 7)]",65,0,65
257,"(24, 5)","(23, 5)",East,"[(24, 6) via North]","[(24, 5), (4, 1), (8, 3), (23, 7), (14, 6)]","[(4, 1), (8, 3), (23, 7), (14, 6), (24, 6)]","[(34, 16), (34, 15), (33, 16), (34, 14), (32, 16), (33, 14), (31, 16), (32, 14), (30, 16), (31, 14), (29, 16), (30, 14), (28, 16), (30, 13), (27, 16), (30, 12), (26, 16), (31, 12), (25, 16), (32, 12), (25, 15), (24, 16), (33, 12), (25, 14), (23, 16), (34, 12), (26, 14), (22, 16), (34, 11), (27, 14), (21, 16), (34, 10), (27, 13), (20, 16), (33, 10), (27, 12), (19, 16), (32, 10), (27, 11), (18, 16), (31, 10), (26, 11), (17, 16), (30, 10), (25, 11), (16, 16), (30, 9), (29, 10), (24, 11), (15, 16), (30, 8), (24, 12), (14, 16), (31, 8), (23, 12), (13, 16), (32, 8), (22, 12), (12, 16), (33, 8), (21, 12), (11, 16), (34, 8), (20, 12), (10, 16), (34, 7), (20, 11), (19, 12), (9, 16), (34, 6), (20, 10), (19, 11), (18, 12), (8, 16), (33, 6), (20, 9), (17, 12), (7, 16), (32, 6), (21, 9), (17, 13), (16, 12), (6, 16), (31, 6), (22, 9), (17, 14), (15, 12), (5, 16), (30, 6), (23, 9), (16, 14), (14, 12), (4, 16), (30, 5), (29, 6), (24, 9), (15, 14), (14, 11), (13, 12), (3, 16), (30, 4), (25, 9), (14, 14), (14, 10), (12, 12), (2, 16), (30, 3), (31, 4), (26, 9), (13, 14), (15, 10), (12, 13), (12, 11), (1, 16), (31, 3), (32, 4), (27, 9), (12, 14), (16, 10), (12, 10), (1, 15), (33, 4), (27, 8), (17, 10), (11, 10), (1, 14), (34, 4), (27, 7), (17, 9), (10, 10), (1, 13), (34, 3), (27, 6), (17, 8), (10, 11), (1, 12), (34, 2), (27, 5), (16, 8), (10, 12), (1, 11), (34, 1), (27, 4), (15, 8), (10, 13), (1, 10), (33, 1), (27, 3), (14, 8), (10, 14), (1, 9), (32, 1), (27, 2), (13, 8), (9, 14), (1, 8), (31, 1), (27, 1), (26, 2), (12, 8), (8, 14), (1, 7), (30, 1), (28, 1), (25, 2), (11, 8), (8, 13), (2, 7), (29, 1), (24, 2), (11, 7), (8, 12), (3, 7), (23, 2), (11, 6), (8, 11), (4, 7), (22, 2), (10, 6), (8, 10), (4, 8), (21, 2), (9, 6), (8, 9), (4, 9), (20, 2), (8, 6), (8, 8), (4, 10), (19, 2), (7, 6), (7, 8), (4, 11), (3, 10), (18, 2), (6, 6), (6, 8), (4, 12), (17, 2), (6, 5), (6, 9), (4, 13), (16, 2), (5, 5), (6, 10), (4, 14), (15, 2), (4, 5), (6, 11), (5, 14), (15, 3), (14, 2), (3, 5), (6, 12), (6, 14), (15, 4), (13, 2), (2, 5), (6, 13), (16, 4), (12, 2), (1, 5), (17, 4), (11, 2), (1, 4), (18, 4), (10, 2), (1, 3), (19, 4), (10, 1), (2, 3), (19, 5), (20, 4), (9, 1), (3, 3), (19, 6), (21, 4), (8, 1), (4, 3), (19, 7), (18, 6), (21, 5), (7, 1), (5, 3), (20, 7), (17, 6), (22, 5), (6, 1), (6, 3), (21, 7), (16, 6), (23, 5), (5, 1), (7, 3), (22, 7), (15, 6)]",65,0,65
258,"(4, 1)","(5, 1)",West,"[(3, 1) via West]","[(4, 1), (8, 3), (23, 7), (14, 6), (24, 6)]","[(8, 3), (23, 7), (14, 6), (24, 6), (3, 1)]","[(34, 16), (34, 15), (33, 16), (34, 14), (32, 16), (33, 14), (31, 16), (32, 14), (30, 16), (31, 14), (29, 16), (30, 14), (28, 16), (30, 13), (27, 16), (30, 12), (26, 16), (31, 12), (25, 16), (32, 12), (25, 15), (24, 16), (33, 12), (25, 14), (23, 16), (34, 12), (26, 14), (22, 16), (34, 11), (27, 14), (21, 16), (34, 10), (27, 13), (20, 16), (33, 10), (27, 12), (19, 16), (32, 10), (27, 11), (18, 16), (31, 10), (26, 11), (17, 16), (30, 10), (25, 11), (16, 16), (30, 9), (29, 10), (24, 11), (15, 16), (30, 8), (24, 12), (14, 16), (31, 8), (23, 12), (13, 16), (32, 8), (22, 12), (12, 16), (33, 8), (21, 12), (11, 16), (34, 8), (20, 12), (10, 16), (34, 7), (20, 11), (19, 12), (9, 16), (34, 6), (20, 10), (19, 11), (18, 12), (8, 16), (33, 6), (20, 9), (17, 12), (7, 16), (32, 6), (21, 9), (17, 13), (16, 12), (6, 16), (31, 6), (22, 9), (17, 14), (15, 12), (5, 16), (30, 6), (23, 9), (16, 14), (14, 12), (4, 16), (30, 5), (29, 6), (24, 9), (15, 14), (14, 11), (13, 12), (3, 16), (30, 4), (25, 9), (14, 14), (14, 10), (12, 12), (2, 16), (30, 3), (31, 4), (26, 9), (13, 14), (15, 10), (12, 13), (12, 11), (1, 16), (31, 3), (32, 4), (27, 9), (12, 14), (16, 10), (12, 10), (1, 15), (33, 4), (27, 8), (17, 10), (11, 10), (1, 14), (34, 4), (27, 7), (17, 9), (10, 10), (1, 13), (34, 3), (27, 6), (17, 8), (10, 11), (1, 12), (34, 2), (27, 5), (16, 8), (10, 12), (1, 11), (34, 1), (27, 4), (15, 8), (10, 13), (1, 10), (33, 1), (27, 3), (14, 8), (10, 14), (1, 9), (32, 1), (27, 2), (13, 8), (9, 14), (1, 8), (31, 1), (27, 1), (26, 2), (12, 8), (8, 14), (1, 7), (30, 1), (28, 1), (25, 2), (11, 8), (8, 13), (2, 7), (29, 1), (24, 2), (11, 7), (8, 12), (3, 7), (23, 2), (11, 6), (8, 11), (4, 7), (22, 2), (10, 6), (8, 10), (4, 8), (21, 2), (9, 6), (8, 9), (4, 9), (20, 2), (8, 6), (8, 8), (4, 10), (19, 2), (7, 6), (7, 8), (4, 11), (3, 10), (18, 2), (6, 6), (6, 8), (4, 12), (17, 2), (6, 5), (6, 9), (4, 13), (16, 2), (5, 5), (6, 10), (4, 14), (15, 2), (4, 5), (6, 11), (5, 14), (15, 3), (14, 2), (3, 5), (6, 12), (6, 14), (15, 4), (13, 2), (2, 5), (6, 13), (16, 4), (12, 2), (1, 5), (17, 4), (11, 2), (1, 4), (18, 4), (10, 2), (1, 3), (19, 4), (10, 1), (2, 3), (19, 5), (20, 4), (9, 1), (3, 3), (19, 6), (21, 4), (8, 1), (4, 3), (19, 7), (18, 6), (21, 5), (7, 1), (5, 3), (20, 7), (17, 6), (22, 5), (6, 1), (6, 3), (21, 7), (16, 6), (23, 5), (5, 1), (7, 3), (22, 7), (15, 6), (24, 5)]",65,0,65
259,"(8, 3)","(7, 3)",East,"[(8, 4) via North]","[(8, 3), (23, 7), (14, 6), (24, 6), (3, 1)]","[(23, 7), (14, 6), (24, 6), (3, 1), (8, 4)]","[(34, 16), (34, 15), (33, 16), (34, 14), (32, 16), (33, 14), (31, 16), (32, 14), (30, 16), (31, 14), (29, 16), (30, 14), (28, 16), (30, 13), (27, 16), (30, 12), (26, 16), (31, 12), (25, 16), (32, 12), (25, 15), (24, 16), (33, 12), (25, 14), (23, 16), (34, 12), (26, 14), (22, 16), (34, 11), (27, 14), (21, 16), (34, 10), (27, 13), (20, 16), (33, 10), (27, 12), (19, 16), (32, 10), (27, 11), (18, 16), (31, 10), (26, 11), (17, 16), (30, 10), (25, 11), (16, 16), (30, 9), (29, 10), (24, 11), (15, 16), (30, 8), (24, 12), (14, 16), (31, 8), (23, 12), (13, 16), (32, 8), (22, 12), (12, 16), (33, 8), (21, 12), (11, 16), (34, 8), (20, 12), (10, 16), (34, 7), (20, 11), (19, 12), (9, 16), (34, 6), (20, 10), (19, 11), (18, 12), (8, 16), (33, 6), (20, 9), (17, 12), (7, 16), (32, 6), (21, 9), (17, 13), (16, 12), (6, 16), (31, 6), (22, 9), (17, 14), (15, 12), (5, 16), (30, 6), (23, 9), (16, 14), (14, 12), (4, 16), (30, 5), (29, 6), (24, 9), (15, 14), (14, 11), (13, 12), (3, 16), (30, 4), (25, 9), (14, 14), (14, 10), (12, 12), (2, 16), (30, 3), (31, 4), (26, 9), (13, 14), (15, 10), (12, 13), (12, 11), (1, 16), (31, 3), (32, 4), (27, 9), (12, 14), (16, 10), (12, 10), (1, 15), (33, 4), (27, 8), (17, 10), (11, 10), (1, 14), (34, 4), (27, 7), (17, 9), (10, 10), (1, 13), (34, 3), (27, 6), (17, 8), (10, 11), (1, 12), (34, 2), (27, 5), (16, 8), (10, 12), (1, 11), (34, 1), (27, 4), (15, 8), (10, 13), (1, 10), (33, 1), (27, 3), (14, 8), (10, 14), (1, 9), (32, 1), (27, 2), (13, 8), (9, 14), (1, 8), (31, 1), (27, 1), (26, 2), (12, 8), (8, 14), (1, 7), (30, 1), (28, 1), (25, 2), (11, 8), (8, 13), (2, 7), (29, 1), (24, 2), (11, 7), (8, 12), (3, 7), (23, 2), (11, 6), (8, 11), (4, 7), (22, 2), (10, 6), (8, 10), (4, 8), (21, 2), (9, 6), (8, 9), (4, 9), (20, 2), (8, 6), (8, 8), (4, 10), (19, 2), (7, 6), (7, 8), (4, 11), (3, 10), (18, 2), (6, 6), (6, 8), (4, 12), (17, 2), (6, 5), (6, 9), (4, 13), (16, 2), (5, 5), (6, 10), (4, 14), (15, 2), (4, 5), (6, 11), (5, 14), (15, 3), (14, 2), (3, 5), (6, 12), (6, 14), (15, 4), (13, 2), (2, 5), (6, 13), (16, 4), (12, 2), (1, 5), (17, 4), (11, 2), (1, 4), (18, 4), (10, 2), (1, 3), (19, 4), (10, 1), (2, 3), (19, 5), (20, 4), (9, 1), (3, 3), (19, 6), (21, 4), (8, 1), (4, 3), (19, 7), (18, 6), (21, 5), (7, 1), (5, 3), (20, 7), (17, 6), (22, 5), (6, 1), (6, 3), (21, 7), (16, 6), (23, 5), (5, 1), (7, 3), (22, 7), (15, 6), (24, 5), (4, 1)]",65,0,65
260,"(23, 7)","(22, 7)",East,"[(24, 7) via East]","[(23, 7), (14, 6), (24, 6), (3, 1), (8, 4)]","[(14, 6), (24, 6), (3, 1), (8, 4), (24, 7)]","[(34, 16), (34, 15), (33, 16), (34, 14), (32, 16), (33, 14), (31, 16), (32, 14), (30, 16), (31, 14), (29, 16), (30, 14), (28, 16), (30, 13), (27, 16), (30, 12), (26, 16), (31, 12), (25, 16), (32, 12), (25, 15), (24, 16), (33, 12), (25, 14), (23, 16), (34, 12), (26, 14), (22, 16), (34, 11), (27, 14), (21, 16), (34, 10), (27, 13), (20, 16), (33, 10), (27, 12), (19, 16), (32, 10), (27, 11), (18, 16), (31, 10), (26, 11), (17, 16), (30, 10), (25, 11), (16, 16), (30, 9), (29, 10), (24, 11), (15, 16), (30, 8), (24, 12), (14, 16), (31, 8), (23, 12), (13, 16), (32, 8), (22, 12), (12, 16), (33, 8), (21, 12), (11, 16), (34, 8), (20, 12), (10, 16), (34, 7), (20, 11), (19, 12), (9, 16), (34, 6), (20, 10), (19, 11), (18, 12), (8, 16), (33, 6), (20, 9), (17, 12), (7, 16), (32, 6), (21, 9), (17, 13), (16, 12), (6, 16), (31, 6), (22, 9), (17, 14), (15, 12), (5, 16), (30, 6), (23, 9), (16, 14), (14, 12), (4, 16), (30, 5), (29, 6), (24, 9), (15, 14), (14, 11), (13, 12), (3, 16), (30, 4), (25, 9), (14, 14), (14, 10), (12, 12), (2, 16), (30, 3), (31, 4), (26, 9), (13, 14), (15, 10), (12, 13), (12, 11), (1, 16), (31, 3), (32, 4), (27, 9), (12, 14), (16, 10), (12, 10), (1, 15), (33, 4), (27, 8), (17, 10), (11, 10), (1, 14), (34, 4), (27, 7), (17, 9), (10, 10), (1, 13), (34, 3), (27, 6), (17, 8), (10, 11), (1, 12), (34, 2), (27, 5), (16, 8), (10, 12), (1, 11), (34, 1), (27, 4), (15, 8), (10, 13), (1, 10), (33, 1), (27, 3), (14, 8), (10, 14), (1, 9), (32, 1), (27, 2), (13, 8), (9, 14), (1, 8), (31, 1), (27, 1), (26, 2), (12, 8), (8, 14), (1, 7), (30, 1), (28, 1), (25, 2), (11, 8), (8, 13), (2, 7), (29, 1), (24, 2), (11, 7), (8, 12), (3, 7), (23, 2), (11, 6), (8, 11), (4, 7), (22, 2), (10, 6), (8, 10), (4, 8), (21, 2), (9, 6), (8, 9), (4, 9), (20, 2), (8, 6), (8, 8), (4, 10), (19, 2), (7, 6), (7, 8), (4, 11), (3, 10), (18, 2), (6, 6), (6, 8), (4, 12), (17, 2), (6, 5), (6, 9), (4, 13), (16, 2), (5, 5), (6, 10), (4, 14), (15, 2), (4, 5), (6, 11), (5, 14), (15, 3), (14, 2), (3, 5), (6, 12), (6, 14), (15, 4), (13, 2), (2, 5), (6, 13), (16, 4), (12, 2), (1, 5), (17, 4), (11, 2), (1, 4), (18, 4), (10, 2), (1, 3), (19, 4), (10, 1), (2, 3), (19, 5), (20, 4), (9, 1), (3, 3), (19, 6), (21, 4), (8, 1), (4, 3), (19, 7), (18, 6), (21, 5), (7, 1), (5, 3), (20, 7), (17, 6), (22, 5), (6, 1), (6, 3), (21, 7), (16, 6), (23, 5), (5, 1), (7, 3), (22, 7), (15, 6), (24, 5), (4, 1), (8, 3)]",66,0,66
261,"(14, 6)","(15, 6)",West,"[(13, 6) via West]","[(14, 6), (24, 6), (3, 1), (8, 4), (24, 7)]","[(24, 6), (3, 1), (8, 4), (24, 7), (13, 6)]","[(34, 16), (34, 15), (33, 16), (34, 14), (32, 16), (33, 14), (31, 16), (32, 14), (30, 16), (31, 14), (29, 16), (30, 14), (28, 16), (30, 13), (27, 16), (30, 12), (26, 16), (31, 12), (25, 16), (32, 12), (25, 15), (24, 16), (33, 12), (25, 14), (23, 16), (34, 12), (26, 14), (22, 16), (34, 11), (27, 14), (21, 16), (34, 10), (27, 13), (20, 16), (33, 10), (27, 12), (19, 16), (32, 10), (27, 11), (18, 16), (31, 10), (26, 11), (17, 16), (30, 10), (25, 11), (16, 16), (30, 9), (29, 10), (24, 11), (15, 16), (30, 8), (24, 12), (14, 16), (31, 8), (23, 12), (13, 16), (32, 8), (22, 12), (12, 16), (33, 8), (21, 12), (11, 16), (34, 8), (20, 12), (10, 16), (34, 7), (20, 11), (19, 12), (9, 16), (34, 6), (20, 10), (19, 11), (18, 12), (8, 16), (33, 6), (20, 9), (17, 12), (7, 16), (32, 6), (21, 9), (17, 13), (16, 12), (6, 16), (31, 6), (22, 9), (17, 14), (15, 12), (5, 16), (30, 6), (23, 9), (16, 14), (14, 12), (4, 16), (30, 5), (29, 6), (24, 9), (15, 14), (14, 11), (13, 12), (3, 16), (30, 4), (25, 9), (14, 14), (14, 10), (12, 12), (2, 16), (30, 3), (31, 4), (26, 9), (13, 14), (15, 10), (12, 13), (12, 11), (1, 16), (31, 3), (32, 4), (27, 9), (12, 14), (16, 10), (12, 10), (1, 15), (33, 4), (27, 8), (17, 10), (11, 10), (1, 14), (34, 4), (27, 7), (17, 9), (10, 10), (1, 13), (34, 3), (27, 6), (17, 8), (10, 11), (1, 12), (34, 2), (27, 5), (16, 8), (10, 12), (1, 11), (34, 1), (27, 4), (15, 8), (10, 13), (1, 10), (33, 1), (27, 3), (14, 8), (10, 14), (1, 9), (32, 1), (27, 2), (13, 8), (9, 14), (1, 8), (31, 1), (27, 1), (26, 2), (12, 8), (8, 14), (1, 7), (30, 1), (28, 1), (25, 2), (11, 8), (8, 13), (2, 7), (29, 1), (24, 2), (11, 7), (8, 12), (3, 7), (23, 2), (11, 6), (8, 11), (4, 7), (22, 2), (10, 6), (8, 10), (4, 8), (21, 2), (9, 6), (8, 9), (4, 9), (20, 2), (8, 6), (8, 8), (4, 10), (19, 2), (7, 6), (7, 8), (4, 11), (3, 10), (18, 2), (6, 6), (6, 8), (4, 12), (17, 2), (6, 5), (6, 9), (4, 13), (16, 2), (5, 5), (6, 10), (4, 14), (15, 2), (4, 5), (6, 11), (5, 14), (15, 3), (14, 2), (3, 5), (6, 12), (6, 14), (15, 4), (13, 2), (2, 5), (6, 13), (16, 4), (12, 2), (1, 5), (17, 4), (11, 2), (1, 4), (18, 4), (10, 2), (1, 3), (19, 4), (10, 1), (2, 3), (19, 5), (20, 4), (9, 1), (3, 3), (19, 6), (21, 4), (8, 1), (4, 3), (19, 7), (18, 6), (21, 5), (7, 1), (5, 3), (20, 7), (17, 6), (22, 5), (6, 1), (6, 3), (21, 7), (16, 6), (23, 5), (5, 1), (7, 3), (22, 7), (15, 6), (24, 5), (4, 1), (8, 3), (23, 7)]",66,0,66
262,"(24, 6)","(24, 5)",North,[],"[(24, 6), (3, 1), (8, 4), (24, 7), (13, 6)]","[(3, 1), (8, 4), (24, 7), (13, 6)]","[(34, 16), (34, 15), (33, 16), (34, 14), (32, 16), (33, 14), (31, 16), (32, 14), (30, 16), (31, 14), (29, 16), (30, 14), (28, 16), (30, 13), (27, 16), (30, 12), (26, 16), (31, 12), (25, 16), (32, 12), (25, 15), (24, 16), (33, 12), (25, 14), (23, 16), (34, 12), (26, 14), (22, 16), (34, 11), (27, 14), (21, 16), (34, 10), (27, 13), (20, 16), (33, 10), (27, 12), (19, 16), (32, 10), (27, 11), (18, 16), (31, 10), (26, 11), (17, 16), (30, 10), (25, 11), (16, 16), (30, 9), (29, 10), (24, 11), (15, 16), (30, 8), (24, 12), (14, 16), (31, 8), (23, 12), (13, 16), (32, 8), (22, 12), (12, 16), (33, 8), (21, 12), (11, 16), (34, 8), (20, 12), (10, 16), (34, 7), (20, 11), (19, 12), (9, 16), (34, 6), (20, 10), (19, 11), (18, 12), (8, 16), (33, 6), (20, 9), (17, 12), (7, 16), (32, 6), (21, 9), (17, 13), (16, 12), (6, 16), (31, 6), (22, 9), (17, 14), (15, 12), (5, 16), (30, 6), (23, 9), (16, 14), (14, 12), (4, 16), (30, 5), (29, 6), (24, 9), (15, 14), (14, 11), (13, 12), (3, 16), (30, 4), (25, 9), (14, 14), (14, 10), (12, 12), (2, 16), (30, 3), (31, 4), (26, 9), (13, 14), (15, 10), (12, 13), (12, 11), (1, 16), (31, 3), (32, 4), (27, 9), (12, 14), (16, 10), (12, 10), (1, 15), (33, 4), (27, 8), (17, 10), (11, 10), (1, 14), (34, 4), (27, 7), (17, 9), (10, 10), (1, 13), (34, 3), (27, 6), (17, 8), (10, 11), (1, 12), (34, 2), (27, 5), (16, 8), (10, 12), (1, 11), (34, 1), (27, 4), (15, 8), (10, 13), (1, 10), (33, 1), (27, 3), (14, 8), (10, 14), (1, 9), (32, 1), (27, 2), (13, 8), (9, 14), (1, 8), (31, 1), (27, 1), (26, 2), (12, 8), (8, 14), (1, 7), (30, 1), (28, 1), (25, 2), (11, 8), (8, 13), (2, 7), (29, 1), (24, 2), (11, 7), (8, 12), (3, 7), (23, 2), (11, 6), (8, 11), (4, 7), (22, 2), (10, 6), (8, 10), (4, 8), (21, 2), (9, 6), (8, 9), (4, 9), (20, 2), (8, 6), (8, 8), (4, 10), (19, 2), (7, 6), (7, 8), (4, 11), (3, 10), (18, 2), (6, 6), (6, 8), (4, 12), (17, 2), (6, 5), (6, 9), (4, 13), (16, 2), (5, 5), (6, 10), (4, 14), (15, 2), (4, 5), (6, 11), (5, 14), (15, 3), (14, 2), (3, 5), (6, 12), (6, 14), (15, 4), (13, 2), (2, 5), (6, 13), (16, 4), (12, 2), (1, 5), (17, 4), (11, 2), (1, 4), (18, 4), (10, 2), (1, 3), (19, 4), (10, 1), (2, 3), (19, 5), (20, 4), (9, 1), (3, 3), (19, 6), (21, 4), (8, 1), (4, 3), (19, 7), (18, 6), (21, 5), (7, 1), (5, 3), (20, 7), (17, 6), (22, 5), (6, 1), (6, 3), (21, 7), (16, 6), (23, 5), (5, 1), (7, 3), (22, 7), (15, 6), (24, 5), (4, 1), (8, 3), (23, 7), (14, 6)]",66,0,66
263,"(3, 1)","(4, 1)",West,"[(2, 1) via West]","[(3, 1), (8, 4), (24, 7), (13, 6)]","[(8, 4), (24, 7), (13, 6), (2, 1)]","[(34, 16), (34, 15), (33, 16), (34, 14), (32, 16), (33, 14), (31, 16), (32, 14), (30, 16), (31, 14), (29, 16), (30, 14), (28, 16), (30, 13), (27, 16), (30, 12), (26, 16), (31, 12), (25, 16), (32, 12), (25, 15), (24, 16), (33, 12), (25, 14), (23, 16), (34, 12), (26, 14), (22, 16), (34, 11), (27, 14), (21, 16), (34, 10), (27, 13), (20, 16), (33, 10), (27, 12), (19, 16), (32, 10), (27, 11), (18, 16), (31, 10), (26, 11), (17, 16), (30, 10), (25, 11), (16, 16), (30, 9), (29, 10), (24, 11), (15, 16), (30, 8), (24, 12), (14, 16), (31, 8), (23, 12), (13, 16), (32, 8), (22, 12), (12, 16), (33, 8), (21, 12), (11, 16), (34, 8), (20, 12), (10, 16), (34, 7), (20, 11), (19, 12), (9, 16), (34, 6), (20, 10), (19, 11), (18, 12), (8, 16), (33, 6), (20, 9), (17, 12), (7, 16), (32, 6), (21, 9), (17, 13), (16, 12), (6, 16), (31, 6), (22, 9), (17, 14), (15, 12), (5, 16), (30, 6), (23, 9), (16, 14), (14, 12), (4, 16), (30, 5), (29, 6), (24, 9), (15, 14), (14, 11), (13, 12), (3, 16), (30, 4), (25, 9), (14, 14), (14, 10), (12, 12), (2, 16), (30, 3), (31, 4), (26, 9), (13, 14), (15, 10), (12, 13), (12, 11), (1, 16), (31, 3), (32, 4), (27, 9), (12, 14), (16, 10), (12, 10), (1, 15), (33, 4), (27, 8), (17, 10), (11, 10), (1, 14), (34, 4), (27, 7), (17, 9), (10, 10), (1, 13), (34, 3), (27, 6), (17, 8), (10, 11), (1, 12), (34, 2), (27, 5), (16, 8), (10, 12), (1, 11), (34, 1), (27, 4), (15, 8), (10, 13), (1, 10), (33, 1), (27, 3), (14, 8), (10, 14), (1, 9), (32, 1), (27, 2), (13, 8), (9, 14), (1, 8), (31, 1), (27, 1), (26, 2), (12, 8), (8, 14), (1, 7), (30, 1), (28, 1), (25, 2), (11, 8), (8, 13), (2, 7), (29, 1), (24, 2), (11, 7), (8, 12), (3, 7), (23, 2), (11, 6), (8, 11), (4, 7), (22, 2), (10, 6), (8, 10), (4, 8), (21, 2), (9, 6), (8, 9), (4, 9), (20, 2), (8, 6), (8, 8), (4, 10), (19, 2), (7, 6), (7, 8), (4, 11), (3, 10), (18, 2), (6, 6), (6, 8), (4, 12), (17, 2), (6, 5), (6, 9), (4, 13), (16, 2), (5, 5), (6, 10), (4, 14), (15, 2), (4, 5), (6, 11), (5, 14), (15, 3), (14, 2), (3, 5), (6, 12), (6, 14), (15, 4), (13, 2), (2, 5), (6, 13), (16, 4), (12, 2), (1, 5), (17, 4), (11, 2), (1, 4), (18, 4), (10, 2), (1, 3), (19, 4), (10, 1), (2, 3), (19, 5), (20, 4), (9, 1), (3, 3), (19, 6), (21, 4), (8, 1), (4, 3), (19, 7), (18, 6), (21, 5), (7, 1), (5, 3), (20, 7), (17, 6), (22, 5), (6, 1), (6, 3), (21, 7), (16, 6), (23, 5), (5, 1), (7, 3), (22, 7), (15, 6), (24, 5), (4, 1), (8, 3), (23, 7), (14, 6), (24, 6)]",66,0,66
264,"(8, 4)","(8, 3)",North,"[(9, 4) via East]","[(8, 4), (24, 7), (13, 6), (2, 1)]","[(24, 7), (13, 6), (2, 1), (9, 4)]","[(34, 16), (34, 15), (33, 16), (34, 14), (32, 16), (33, 14), (31, 16), (32, 14), (30, 16), (31, 14), (29, 16), (30, 14), (28, 16), (30, 13), (27, 16), (30, 12), (26, 16), (31, 12), (25, 16), (32, 12), (25, 15), (24, 16), (33, 12), (25, 14), (23, 16), (34, 12), (26, 14), (22, 16), (34, 11), (27, 14), (21, 16), (34, 10), (27, 13), (20, 16), (33, 10), (27, 12), (19, 16), (32, 10), (27, 11), (18, 16), (31, 10), (26, 11), (17, 16), (30, 10), (25, 11), (16, 16), (30, 9), (29, 10), (24, 11), (15, 16), (30, 8), (24, 12), (14, 16), (31, 8), (23, 12), (13, 16), (32, 8), (22, 12), (12, 16), (33, 8), (21, 12), (11, 16), (34, 8), (20, 12), (10, 16), (34, 7), (20, 11), (19, 12), (9, 16), (34, 6), (20, 10), (19, 11), (18, 12), (8, 16), (33, 6), (20, 9), (17, 12), (7, 16), (32, 6), (21, 9), (17, 13), (16, 12), (6, 16), (31, 6), (22, 9), (17, 14), (15, 12), (5, 16), (30, 6), (23, 9), (16, 14), (14, 12), (4, 16), (30, 5), (29, 6), (24, 9), (15, 14), (14, 11), (13, 12), (3, 16), (30, 4), (25, 9), (14, 14), (14, 10), (12, 12), (2, 16), (30, 3), (31, 4), (26, 9), (13, 14), (15, 10), (12, 13), (12, 11), (1, 16), (31, 3), (32, 4), (27, 9), (12, 14), (16, 10), (12, 10), (1, 15), (33, 4), (27, 8), (17, 10), (11, 10), (1, 14), (34, 4), (27, 7), (17, 9), (10, 10), (1, 13), (34, 3), (27, 6), (17, 8), (10, 11), (1, 12), (34, 2), (27, 5), (16, 8), (10, 12), (1, 11), (34, 1), (27, 4), (15, 8), (10, 13), (1, 10), (33, 1), (27, 3), (14, 8), (10, 14), (1, 9), (32, 1), (27, 2), (13, 8), (9, 14), (1, 8), (31, 1), (27, 1), (26, 2), (12, 8), (8, 14), (1, 7), (30, 1), (28, 1), (25, 2), (11, 8), (8, 13), (2, 7), (29, 1), (24, 2), (11, 7), (8, 12), (3, 7), (23, 2), (11, 6), (8, 11), (4, 7), (22, 2), (10, 6), (8, 10), (4, 8), (21, 2), (9, 6), (8, 9), (4, 9), (20, 2), (8, 6), (8, 8), (4, 10), (19, 2), (7, 6), (7, 8), (4, 11), (3, 10), (18, 2), (6, 6), (6, 8), (4, 12), (17, 2), (6, 5), (6, 9), (4, 13), (16, 2), (5, 5), (6, 10), (4, 14), (15, 2), (4, 5), (6, 11), (5, 14), (15, 3), (14, 2), (3, 5), (6, 12), (6, 14), (15, 4), (13, 2), (2, 5), (6, 13), (16, 4), (12, 2), (1, 5), (17, 4), (11, 2), (1, 4), (18, 4), (10, 2), (1, 3), (19, 4), (10, 1), (2, 3), (19, 5), (20, 4), (9, 1), (3, 3), (19, 6), (21, 4), (8, 1), (4, 3), (19, 7), (18, 6), (21, 5), (7, 1), (5, 3), (20, 7), (17, 6), (22, 5), (6, 1), (6, 3), (21, 7), (16, 6), (23, 5), (5, 1), (7, 3), (22, 7), (15, 6), (24, 5), (4, 1), (8, 3), (23, 7), (14, 6), (24, 6), (3, 1)]",66,0,66
265,"(24, 7)","(23, 7)",East,[],"[(24, 7), (13, 6), (2, 1), (9, 4)]","[(13, 6), (2, 1), (9, 4)]","[(34, 16), (34, 15), (33, 16), (34, 14), (32, 16), (33, 14), (31, 16), (32, 14), (30, 16), (31, 14), (29, 16), (30, 14), (28, 16), (30, 13), (27, 16), (30, 12), (26, 16), (31, 12), (25, 16), (32, 12), (25, 15), (24, 16), (33, 12), (25, 14), (23, 16), (34, 12), (26, 14), (22, 16), (34, 11), (27, 14), (21, 16), (34, 10), (27, 13), (20, 16), (33, 10), (27, 12), (19, 16), (32, 10), (27, 11), (18, 16), (31, 10), (26, 11), (17, 16), (30, 10), (25, 11), (16, 16), (30, 9), (29, 10), (24, 11), (15, 16), (30, 8), (24, 12), (14, 16), (31, 8), (23, 12), (13, 16), (32, 8), (22, 12), (12, 16), (33, 8), (21, 12), (11, 16), (34, 8), (20, 12), (10, 16), (34, 7), (20, 11), (19, 12), (9, 16), (34, 6), (20, 10), (19, 11), (18, 12), (8, 16), (33, 6), (20, 9), (17, 12), (7, 16), (32, 6), (21, 9), (17, 13), (16, 12), (6, 16), (31, 6), (22, 9), (17, 14), (15, 12), (5, 16), (30, 6), (23, 9), (16, 14), (14, 12), (4, 16), (30, 5), (29, 6), (24, 9), (15, 14), (14, 11), (13, 12), (3, 16), (30, 4), (25, 9), (14, 14), (14, 10), (12, 12), (2, 16), (30, 3), (31, 4), (26, 9), (13, 14), (15, 10), (12, 13), (12, 11), (1, 16), (31, 3), (32, 4), (27, 9), (12, 14), (16, 10), (12, 10), (1, 15), (33, 4), (27, 8), (17, 10), (11, 10), (1, 14), (34, 4), (27, 7), (17, 9), (10, 10), (1, 13), (34, 3), (27, 6), (17, 8), (10, 11), (1, 12), (34, 2), (27, 5), (16, 8), (10, 12), (1, 11), (34, 1), (27, 4), (15, 8), (10, 13), (1, 10), (33, 1), (27, 3), (14, 8), (10, 14), (1, 9), (32, 1), (27, 2), (13, 8), (9, 14), (1, 8), (31, 1), (27, 1), (26, 2), (12, 8), (8, 14), (1, 7), (30, 1), (28, 1), (25, 2), (11, 8), (8, 13), (2, 7), (29, 1), (24, 2), (11, 7), (8, 12), (3, 7), (23, 2), (11, 6), (8, 11), (4, 7), (22, 2), (10, 6), (8, 10), (4, 8), (21, 2), (9, 6), (8, 9), (4, 9), (20, 2), (8, 6), (8, 8), (4, 10), (19, 2), (7, 6), (7, 8), (4, 11), (3, 10), (18, 2), (6, 6), (6, 8), (4, 12), (17, 2), (6, 5), (6, 9), (4, 13), (16, 2), (5, 5), (6, 10), (4, 14), (15, 2), (4, 5), (6, 11), (5, 14), (15, 3), (14, 2), (3, 5), (6, 12), (6, 14), (15, 4), (13, 2), (2, 5), (6, 13), (16, 4), (12, 2), (1, 5), (17, 4), (11, 2), (1, 4), (18, 4), (10, 2), (1, 3), (19, 4), (10, 1), (2, 3), (19, 5), (20, 4), (9, 1), (3, 3), (19, 6), (21, 4), (8, 1), (4, 3), (19, 7), (18, 6), (21, 5), (7, 1), (5, 3), (20, 7), (17, 6), (22, 5), (6, 1), (6, 3), (21, 7), (16, 6), (23, 5), (5, 1), (7, 3), (22, 7), (15, 6), (24, 5), (4, 1), (8, 3), (23, 7), (14, 6), (24, 6), (3, 1), (8, 4)]",67,0,67
266,"(13, 6)","(14, 6)",West,"[(13, 5) via South]","[(13, 6), (2, 1), (9, 4)]","[(2, 1), (9, 4), (13, 5)]","[(34, 16), (34, 15), (33, 16), (34, 14), (32, 16), (33, 14), (31, 16), (32, 14), (30, 16), (31, 14), (29, 16), (30, 14), (28, 16), (30, 13), (27, 16), (30, 12), (26, 16), (31, 12), (25, 16), (32, 12), (25, 15), (24, 16), (33, 12), (25, 14), (23, 16), (34, 12), (26, 14), (22, 16), (34, 11), (27, 14), (21, 16), (34, 10), (27, 13), (20, 16), (33, 10), (27, 12), (19, 16), (32, 10), (27, 11), (18, 16), (31, 10), (26, 11), (17, 16), (30, 10), (25, 11), (16, 16), (30, 9), (29, 10), (24, 11), (15, 16), (30, 8), (24, 12), (14, 16), (31, 8), (23, 12), (13, 16), (32, 8), (22, 12), (12, 16), (33, 8), (21, 12), (11, 16), (34, 8), (20, 12), (10, 16), (34, 7), (20, 11), (19, 12), (9, 16), (34, 6), (20, 10), (19, 11), (18, 12), (8, 16), (33, 6), (20, 9), (17, 12), (7, 16), (32, 6), (21, 9), (17, 13), (16, 12), (6, 16), (31, 6), (22, 9), (17, 14), (15, 12), (5, 16), (30, 6), (23, 9), (16, 14), (14, 12), (4, 16), (30, 5), (29, 6), (24, 9), (15, 14), (14, 11), (13, 12), (3, 16), (30, 4), (25, 9), (14, 14), (14, 10), (12, 12), (2, 16), (30, 3), (31, 4), (26, 9), (13, 14), (15, 10), (12, 13), (12, 11), (1, 16), (31, 3), (32, 4), (27, 9), (12, 14), (16, 10), (12, 10), (1, 15), (33, 4), (27, 8), (17, 10), (11, 10), (1, 14), (34, 4), (27, 7), (17, 9), (10, 10), (1, 13), (34, 3), (27, 6), (17, 8), (10, 11), (1, 12), (34, 2), (27, 5), (16, 8), (10, 12), (1, 11), (34, 1), (27, 4), (15, 8), (10, 13), (1, 10), (33, 1), (27, 3), (14, 8), (10, 14), (1, 9), (32, 1), (27, 2), (13, 8), (9, 14), (1, 8), (31, 1), (27, 1), (26, 2), (12, 8), (8, 14), (1, 7), (30, 1), (28, 1), (25, 2), (11, 8), (8, 13), (2, 7), (29, 1), (24, 2), (11, 7), (8, 12), (3, 7), (23, 2), (11, 6), (8, 11), (4, 7), (22, 2), (10, 6), (8, 10), (4, 8), (21, 2), (9, 6), (8, 9), (4, 9), (20, 2), (8, 6), (8, 8), (4, 10), (19, 2), (7, 6), (7, 8), (4, 11), (3, 10), (18, 2), (6, 6), (6, 8), (4, 12), (17, 2), (6, 5), (6, 9), (4, 13), (16, 2), (5, 5), (6, 10), (4, 14), (15, 2), (4, 5), (6, 11), (5, 14), (15, 3), (14, 2), (3, 5), (6, 12), (6, 14), (15, 4), (13, 2), (2, 5), (6, 13), (16, 4), (12, 2), (1, 5), (17, 4), (11, 2), (1, 4), (18, 4), (10, 2), (1, 3), (19, 4), (10, 1), (2, 3), (19, 5), (20, 4), (9, 1), (3, 3), (19, 6), (21, 4), (8, 1), (4, 3), (19, 7), (18, 6), (21, 5), (7, 1), (5, 3), (20, 7), (17, 6), (22, 5), (6, 1), (6, 3), (21, 7), (16, 6), (23, 5), (5, 1), (7, 3), (22, 7), (15, 6), (24, 5), (4, 1), (8, 3), (23, 7), (14, 6), (24, 6), (3, 1), (8, 4), (24, 7)]",67,0,67
267,"(2, 1)","(3, 1)",West,"[(1, 1) via West]","[(2, 1), (9, 4), (13, 5)]","[(9, 4), (13, 5), (1, 1)]","[(34, 16), (34, 15), (33, 16), (34, 14), (32, 16), (33, 14), (31, 16), (32, 14), (30, 16), (31, 14), (29, 16), (30, 14), (28, 16), (30, 13), (27, 16), (30, 12), (26, 16), (31, 12), (25, 16), (32, 12), (25, 15), (24, 16), (33, 12), (25, 14), (23, 16), (34, 12), (26, 14), (22, 16), (34, 11), (27, 14), (21, 16), (34, 10), (27, 13), (20, 16), (33, 10), (27, 12), (19, 16), (32, 10), (27, 11), (18, 16), (31, 10), (26, 11), (17, 16), (30, 10), (25, 11), (16, 16), (30, 9), (29, 10), (24, 11), (15, 16), (30, 8), (24, 12), (14, 16), (31, 8), (23, 12), (13, 16), (32, 8), (22, 12), (12, 16), (33, 8), (21, 12), (11, 16), (34, 8), (20, 12), (10, 16), (34, 7), (20, 11), (19, 12), (9, 16), (34, 6), (20, 10), (19, 11), (18, 12), (8, 16), (33, 6), (20, 9), (17, 12), (7, 16), (32, 6), (21, 9), (17, 13), (16, 12), (6, 16), (31, 6), (22, 9), (17, 14), (15, 12), (5, 16), (30, 6), (23, 9), (16, 14), (14, 12), (4, 16), (30, 5), (29, 6), (24, 9), (15, 14), (14, 11), (13, 12), (3, 16), (30, 4), (25, 9), (14, 14), (14, 10), (12, 12), (2, 16), (30, 3), (31, 4), (26, 9), (13, 14), (15, 10), (12, 13), (12, 11), (1, 16), (31, 3), (32, 4), (27, 9), (12, 14), (16, 10), (12, 10), (1, 15), (33, 4), (27, 8), (17, 10), (11, 10), (1, 14), (34, 4), (27, 7), (17, 9), (10, 10), (1, 13), (34, 3), (27, 6), (17, 8), (10, 11), (1, 12), (34, 2), (27, 5), (16, 8), (10, 12), (1, 11), (34, 1), (27, 4), (15, 8), (10, 13), (1, 10), (33, 1), (27, 3), (14, 8), (10, 14), (1, 9), (32, 1), (27, 2), (13, 8), (9, 14), (1, 8), (31, 1), (27, 1), (26, 2), (12, 8), (8, 14), (1, 7), (30, 1), (28, 1), (25, 2), (11, 8), (8, 13), (2, 7), (29, 1), (24, 2), (11, 7), (8, 12), (3, 7), (23, 2), (11, 6), (8, 11), (4, 7), (22, 2), (10, 6), (8, 10), (4, 8), (21, 2), (9, 6), (8, 9), (4, 9), (20, 2), (8, 6), (8, 8), (4, 10), (19, 2), (7, 6), (7, 8), (4, 11), (3, 10), (18, 2), (6, 6), (6, 8), (4, 12), (17, 2), (6, 5), (6, 9), (4, 13), (16, 2), (5, 5), (6, 10), (4, 14), (15, 2), (4, 5), (6, 11), (5, 14), (15, 3), (14, 2), (3, 5), (6, 12), (6, 14), (15, 4), (13, 2), (2, 5), (6, 13), (16, 4), (12, 2), (1, 5), (17, 4), (11, 2), (1, 4), (18, 4), (10, 2), (1, 3), (19, 4), (10, 1), (2, 3), (19, 5), (20, 4), (9, 1), (3, 3), (19, 6), (21, 4), (8, 1), (4, 3), (19, 7), (18, 6), (21, 5), (7, 1), (5, 3), (20, 7), (17, 6), (22, 5), (6, 1), (6, 3), (21, 7), (16, 6), (23, 5), (5, 1), (7, 3), (22, 7), (15, 6), (24, 5), (4, 1), (8, 3), (23, 7), (14, 6), (24, 6), (3, 1), (8, 4), (24, 7), (13, 6)]",67,0,67
268,"(9, 4)","(8, 4)",East,"[(10, 4) via East]","[(9, 4), (13, 5), (1, 1)]","[(13, 5), (1, 1), (10, 4)]","[(34, 16), (34, 15), (33, 16), (34, 14), (32, 16), (33, 14), (31, 16), (32, 14), (30, 16), (31, 14), (29, 16), (30, 14), (28, 16), (30, 13), (27, 16), (30, 12), (26, 16), (31, 12), (25, 16), (32, 12), (25, 15), (24, 16), (33, 12), (25, 14), (23, 16), (34, 12), (26, 14), (22, 16), (34, 11), (27, 14), (21, 16), (34, 10), (27, 13), (20, 16), (33, 10), (27, 12), (19, 16), (32, 10), (27, 11), (18, 16), (31, 10), (26, 11), (17, 16), (30, 10), (25, 11), (16, 16), (30, 9), (29, 10), (24, 11), (15, 16), (30, 8), (24, 12), (14, 16), (31, 8), (23, 12), (13, 16), (32, 8), (22, 12), (12, 16), (33, 8), (21, 12), (11, 16), (34, 8), (20, 12), (10, 16), (34, 7), (20, 11), (19, 12), (9, 16), (34, 6), (20, 10), (19, 11), (18, 12), (8, 16), (33, 6), (20, 9), (17, 12), (7, 16), (32, 6), (21, 9), (17, 13), (16, 12), (6, 16), (31, 6), (22, 9), (17, 14), (15, 12), (5, 16), (30, 6), (23, 9), (16, 14), (14, 12), (4, 16), (30, 5), (29, 6), (24, 9), (15, 14), (14, 11), (13, 12), (3, 16), (30, 4), (25, 9), (14, 14), (14, 10), (12, 12), (2, 16), (30, 3), (31, 4), (26, 9), (13, 14), (15, 10), (12, 13), (12, 11), (1, 16), (31, 3), (32, 4), (27, 9), (12, 14), (16, 10), (12, 10), (1, 15), (33, 4), (27, 8), (17, 10), (11, 10), (1, 14), (34, 4), (27, 7), (17, 9), (10, 10), (1, 13), (34, 3), (27, 6), (17, 8), (10, 11), (1, 12), (34, 2), (27, 5), (16, 8), (10, 12), (1, 11), (34, 1), (27, 4), (15, 8), (10, 13), (1, 10), (33, 1), (27, 3), (14, 8), (10, 14), (1, 9), (32, 1), (27, 2), (13, 8), (9, 14), (1, 8), (31, 1), (27, 1), (26, 2), (12, 8), (8, 14), (1, 7), (30, 1), (28, 1), (25, 2), (11, 8), (8, 13), (2, 7), (29, 1), (24, 2), (11, 7), (8, 12), (3, 7), (23, 2), (11, 6), (8, 11), (4, 7), (22, 2), (10, 6), (8, 10), (4, 8), (21, 2), (9, 6), (8, 9), (4, 9), (20, 2), (8, 6), (8, 8), (4, 10), (19, 2), (7, 6), (7, 8), (4, 11), (3, 10), (18, 2), (6, 6), (6, 8), (4, 12), (17, 2), (6, 5), (6, 9), (4, 13), (16, 2), (5, 5), (6, 10), (4, 14), (15, 2), (4, 5), (6, 11), (5, 14), (15, 3), (14, 2), (3, 5), (6, 12), (6, 14), (15, 4), (13, 2), (2, 5), (6, 13), (16, 4), (12, 2), (1, 5), (17, 4), (11, 2), (1, 4), (18, 4), (10, 2), (1, 3), (19, 4), (10, 1), (2, 3), (19, 5), (20, 4), (9, 1), (3, 3), (19, 6), (21, 4), (8, 1), (4, 3), (19, 7), (18, 6), (21, 5), (7, 1), (5, 3), (20, 7), (17, 6), (22, 5), (6, 1), (6, 3), (21, 7), (16, 6), (23, 5), (5, 1), (7, 3), (22, 7), (15, 6), (24, 5), (4, 1), (8, 3), (23, 7), (14, 6), (24, 6), (3, 1), (8, 4), (24, 7), (13, 6), (2, 1)]",67,0,67
269,"(13, 5)","(13, 6)",South,"[(13, 4) via South]","[(13, 5), (1, 1), (10, 4)]","[(1, 1), (10, 4), (13, 4)]","[(34, 16), (34, 15), (33, 16), (34, 14), (32, 16), (33, 14), (31, 16), (32, 14), (30, 16), (31, 14), (29, 16), (30, 14), (28, 16), (30, 13), (27, 16), (30, 12), (26, 16), (31, 12), (25, 16), (32, 12), (25, 15), (24, 16), (33, 12), (25, 14), (23, 16), (34, 12), (26, 14), (22, 16), (34, 11), (27, 14), (21, 16), (34, 10), (27, 13), (20, 16), (33, 10), (27, 12), (19, 16), (32, 10), (27, 11), (18, 16), (31, 10), (26, 11), (17, 16), (30, 10), (25, 11), (16, 16), (30, 9), (29, 10), (24, 11), (15, 16), (30, 8), (24, 12), (14, 16), (31, 8), (23, 12), (13, 16), (32, 8), (22, 12), (12, 16), (33, 8), (21, 12), (11, 16), (34, 8), (20, 12), (10, 16), (34, 7), (20, 11), (19, 12), (9, 16), (34, 6), (20, 10), (19, 11), (18, 12), (8, 16), (33, 6), (20, 9), (17, 12), (7, 16), (32, 6), (21, 9), (17, 13), (16, 12), (6, 16), (31, 6), (22, 9), (17, 14), (15, 12), (5, 16), (30, 6), (23, 9), (16, 14), (14, 12), (4, 16), (30, 5), (29, 6), (24, 9), (15, 14), (14, 11), (13, 12), (3, 16), (30, 4), (25, 9), (14, 14), (14, 10), (12, 12), (2, 16), (30, 3), (31, 4), (26, 9), (13, 14), (15, 10), (12, 13), (12, 11), (1, 16), (31, 3), (32, 4), (27, 9), (12, 14), (16, 10), (12, 10), (1, 15), (33, 4), (27, 8), (17, 10), (11, 10), (1, 14), (34, 4), (27, 7), (17, 9), (10, 10), (1, 13), (34, 3), (27, 6), (17, 8), (10, 11), (1, 12), (34, 2), (27, 5), (16, 8), (10, 12), (1, 11), (34, 1), (27, 4), (15, 8), (10, 13), (1, 10), (33, 1), (27, 3), (14, 8), (10, 14), (1, 9), (32, 1), (27, 2), (13, 8), (9, 14), (1, 8), (31, 1), (27, 1), (26, 2), (12, 8), (8, 14), (1, 7), (30, 1), (28, 1), (25, 2), (11, 8), (8, 13), (2, 7), (29, 1), (24, 2), (11, 7), (8, 12), (3, 7), (23, 2), (11, 6), (8, 11), (4, 7), (22, 2), (10, 6), (8, 10), (4, 8), (21, 2), (9, 6), (8, 9), (4, 9), (20, 2), (8, 6), (8, 8), (4, 10), (19, 2), (7, 6), (7, 8), (4, 11), (3, 10), (18, 2), (6, 6), (6, 8), (4, 12), (17, 2), (6, 5), (6, 9), (4, 13), (16, 2), (5, 5), (6, 10), (4, 14), (15, 2), (4, 5), (6, 11), (5, 14), (15, 3), (14, 2), (3, 5), (6, 12), (6, 14), (15, 4), (13, 2), (2, 5), (6, 13), (16, 4), (12, 2), (1, 5), (17, 4), (11, 2), (1, 4), (18, 4), (10, 2), (1, 3), (19, 4), (10, 1), (2, 3), (19, 5), (20, 4), (9, 1), (3, 3), (19, 6), (21, 4), (8, 1), (4, 3), (19, 7), (18, 6), (21, 5), (7, 1), (5, 3), (20, 7), (17, 6), (22, 5), (6, 1), (6, 3), (21, 7), (16, 6), (23, 5), (5, 1), (7, 3), (22, 7), (15, 6), (24, 5), (4, 1), (8, 3), (23, 7), (14, 6), (24, 6), (3, 1), (8, 4), (24, 7), (13, 6), (2, 1), (9, 4)]",68,0,68
270,"(1, 1)","(2, 1)",West,[],"[(1, 1), (10, 4), (13, 4)]","[(10, 4), (13, 4)]","[(34, 16), (34, 15), (33, 16), (34, 14), (32, 16), (33, 14), (31, 16), (32, 14), (30, 16), (31, 14), (29, 16), (30, 14), (28, 16), (30, 13), (27, 16), (30, 12), (26, 16), (31, 12), (25, 16), (32, 12), (25, 15), (24, 16), (33, 12), (25, 14), (23, 16), (34, 12), (26, 14), (22, 16), (34, 11), (27, 14), (21, 16), (34, 10), (27, 13), (20, 16), (33, 10), (27, 12), (19, 16), (32, 10), (27, 11), (18, 16), (31, 10), (26, 11), (17, 16), (30, 10), (25, 11), (16, 16), (30, 9), (29, 10), (24, 11), (15, 16), (30, 8), (24, 12), (14, 16), (31, 8), (23, 12), (13, 16), (32, 8), (22, 12), (12, 16), (33, 8), (21, 12), (11, 16), (34, 8), (20, 12), (10, 16), (34, 7), (20, 11), (19, 12), (9, 16), (34, 6), (20, 10), (19, 11), (18, 12), (8, 16), (33, 6), (20, 9), (17, 12), (7, 16), (32, 6), (21, 9), (17, 13), (16, 12), (6, 16), (31, 6), (22, 9), (17, 14), (15, 12), (5, 16), (30, 6), (23, 9), (16, 14), (14, 12), (4, 16), (30, 5), (29, 6), (24, 9), (15, 14), (14, 11), (13, 12), (3, 16), (30, 4), (25, 9), (14, 14), (14, 10), (12, 12), (2, 16), (30, 3), (31, 4), (26, 9), (13, 14), (15, 10), (12, 13), (12, 11), (1, 16), (31, 3), (32, 4), (27, 9), (12, 14), (16, 10), (12, 10), (1, 15), (33, 4), (27, 8), (17, 10), (11, 10), (1, 14), (34, 4), (27, 7), (17, 9), (10, 10), (1, 13), (34, 3), (27, 6), (17, 8), (10, 11), (1, 12), (34, 2), (27, 5), (16, 8), (10, 12), (1, 11), (34, 1), (27, 4), (15, 8), (10, 13), (1, 10), (33, 1), (27, 3), (14, 8), (10, 14), (1, 9), (32, 1), (27, 2), (13, 8), (9, 14), (1, 8), (31, 1), (27, 1), (26, 2), (12, 8), (8, 14), (1, 7), (30, 1), (28, 1), (25, 2), (11, 8), (8, 13), (2, 7), (29, 1), (24, 2), (11, 7), (8, 12), (3, 7), (23, 2), (11, 6), (8, 11), (4, 7), (22, 2), (10, 6), (8, 10), (4, 8), (21, 2), (9, 6), (8, 9), (4, 9), (20, 2), (8, 6), (8, 8), (4, 10), (19, 2), (7, 6), (7, 8), (4, 11), (3, 10), (18, 2), (6, 6), (6, 8), (4, 12), (17, 2), (6, 5), (6, 9), (4, 13), (16, 2), (5, 5), (6, 10), (4, 14), (15, 2), (4, 5), (6, 11), (5, 14), (15, 3), (14, 2), (3, 5), (6, 12), (6, 14), (15, 4), (13, 2), (2, 5), (6, 13), (16, 4), (12, 2), (1, 5), (17, 4), (11, 2), (1, 4), (18, 4), (10, 2), (1, 3), (19, 4), (10, 1), (2, 3), (19, 5), (20, 4), (9, 1), (3, 3), (19, 6), (21, 4), (8, 1), (4, 3), (19, 7), (18, 6), (21, 5), (7, 1), (5, 3), (20, 7), (17, 6), (22, 5), (6, 1), (6, 3), (21, 7), (16, 6), (23, 5), (5, 1), (7, 3), (22, 7), (15, 6), (24, 5), (4, 1), (8, 3), (23, 7), (14, 6), (24, 6), (3, 1), (8, 4), (24, 7), (13, 6), (2, 1), (9, 4), (13, 5)]",68,0,68
