iteration,expanded_state,parent,action,generated_successors,frontier_before,frontier_after,explored,g,h,f
1,"(34, 16)",,,"[(34, 15) via South, (33, 16) via West]","[(34, 16)]","[(33, 16), (34, 15)]",[],0,0,0
2,"(33, 16)","(34, 16)",West,"[(32, 16) via West]","[(33, 16), (34, 15)]","[(32, 16), (34, 15)]","[(34, 16)]",1,0,1
3,"(32, 16)","(33, 16)",West,"[(31, 16) via West]","[(32, 16), (34, 15)]","[(31, 16), (34, 15)]","[(34, 16), (33, 16)]",2,0,2
4,"(31, 16)","(32, 16)",West,"[(30, 16) via West]","[(31, 16), (34, 15)]","[(30, 16), (34, 15)]","[(34, 16), (33, 16), (32, 16)]",3,0,3
5,"(30, 16)","(31, 16)",West,"[(29, 16) via West]","[(30, 16), (34, 15)]","[(29, 16), (34, 15)]","[(34, 16), (33, 16), (32, 16), (31, 16)]",4,0,4
6,"(29, 16)","(30, 16)",West,"[(28, 16) via West]","[(29, 16), (34, 15)]","[(28, 16), (34, 15)]","[(34, 16), (33, 16), (32, 16), (31, 16), (30, 16)]",5,0,5
7,"(28, 16)","(29, 16)",West,"[(27, 16) via West]","[(28, 16), (34, 15)]","[(27, 16), (34, 15)]","[(34, 16), (33, 16), (32, 16), (31, 16), (30, 16), (29, 16)]",6,0,6
8,"(27, 16)","(28, 16)",West,"[(26, 16) via West]","[(27, 16), (34, 15)]","[(26, 16), (34, 15)]","[(34, 16), (33, 16), (32, 16), (31, 16), (30, 16), (29, 16), (28, 16)]",7,0,7
9,"(26, 16)","(27, 16)",West,"[(25, 16) via West]","[(26, 16), (34, 15)]","[(25, 16), (34, 15)]","[(34, 16), (33, 16), (32, 16), (31, 16), (30, 16), (29, 16), (28, 16), (27, 16)]",8,0,8
10,"(25, 16)","(26, 16)",West,"[(25, 15) via South, (24, 16) via West]","[(25, 16), (34, 15)]","[(24, 16), (25, 15), (34, 15)]","[(34, 16), (33, 16), (32, 16), (31, 16), (30, 16), (29, 16), (28, 16), (27, 16), (26, 16)]",9,0,9
11,"(24, 16)","(25, 16)",West,"[(23, 16) via West]","[(24, 16), (25, 15), (34, 15)]","[(23, 16), (25, 15), (34, 15)]","[(34, 16), (33, 16), (32, 16), (31, 16), (30, 16), (29, 16), (28, 16), (27, 16), (26, 16), (25, 16)]",10,0,10
12,"(23, 16)","(24, 16)",West,"[(22, 16) via West]","[(23, 16), (25, 15), (34, 15)]","[(22, 16), (25, 15), (34, 15)]","[(34, 16), (33, 16), (32, 16), (31, 16), (30, 16), (29, 16), (28, 16), (27, 16), (26, 16), (25, 16), (24, 16)]",11,0,11
13,"(22, 16)","(23, 16)",West,"[(21, 16) via West]","[(22, 16), (25, 15), (34, 15)]","[(21, 16), (25, 15), (34, 15)]","[(34, 16), (33, 16), (32, 16), (31, 16), (30, 16), (29, 16), (28, 16), (27, 16), (26, 16), (25, 16), (24, 16), (23, 16)]",12,0,12
14,"(21, 16)","(22, 16)",West,"[(20, 16) via West]","[(21, 16), (25, 15), (34, 15)]","[(20, 16), (25, 15), (34, 15)]","[(34, 16), (33, 16), (32, 16), (31, 16), (30, 16), (29, 16), (28, 16), (27, 16), (26, 16), (25, 16), (24, 16), (23, 16), (22, 16)]",13,0,13
15,"(20, 16)","(21, 16)",West,"[(19, 16) via West]","[(20, 16), (25, 15), (34, 15)]","[(19, 16), (25, 15), (34, 15)]","[(34, 16), (33, 16), (32, 16), (31, 16), (30, 16), (29, 16), (28, 16), (27, 16), (26, 16), (25, 16), (24, 16), (23, 16), (22, 16), (21, 16)]",14,0,14
16,"(19, 16)","(20, 16)",West,"[(18, 16) via West]","[(19, 16), (25, 15), (34, 15)]","[(18, 16), (25, 15), (34, 15)]","[(34, 16), (33, 16), (32, 16), (31, 16), (30, 16), (29, 16), (28, 16), (27, 16), (26, 16), (25, 16), (24, 16), (23, 16), (22, 16), (21, 16), (20, 16)]",15,0,15
17,"(18, 16)","(19, 16)",West,"[(17, 16) via West]","[(18, 16), (25, 15), (34, 15)]","[(17, 16), (25, 15), (34, 15)]","[(34, 16), (33, 16), (32, 16), (31, 16), (30, 16), (29, 16), (28, 16), (27, 16), (26, 16), (25, 16), (24, 16), (23, 16), (22, 16), (21, 16), (20, 16), (19, 16)]",16,0,16
18,"(17, 16)","(18, 16)",West,"[(16, 16) via West]","[(17, 16), (25, 15), (34, 15)]","[(16, 16), (25, 15), (34, 15)]","[(34, 16), (33, 16), (32, 16), (31, 16), (30, 16), (29, 16), (28, 16), (27, 16), (26, 16), (25, 16), (24, 16), (23, 16), (22, 16), (21, 16), (20, 16), (19, 16), (18, 16)]",17,0,17
19,"(16, 16)","(17, 16)",West,"[(15, 16) via West]","[(16, 16), (25, 15), (34, 15)]","[(15, 16), (25, 15), (34, 15)]","[(34, 16), (33, 16), (32, 16), (31, 16), (30, 16), (29, 16), (28, 16), (27, 16), (26, 16), (25, 16), (24, 16), (23, 16), (22, 16), (21, 16), (20, 16), (19, 16), (18, 16), (17, 16)]",18,0,18
20,"(15, 16)","(16, 16)",West,"[(14, 16) via West]","[(15, 16), (25, 15), (34, 15)]","[(14, 16), (25, 15), (34, 15)]","[(34, 16), (33, 16), (32, 16), (31, 16), (30, 16), (29, 16), (28, 16), (27, 16), (26, 16), (25, 16), (24, 16), (23, 16), (22, 16), (21, 16), (20, 16), (19, 16), (18, 16), (17, 16), (16, 16)]",19,0,19
21,"(14, 16)","(15, 16)",West,"[(13, 16) via West]","[(14, 16), (25, 15), (34, 15)]","[(13, 16), (25, 15), (34, 15)]","[(34, 16), (33, 16), (32, 16), (31, 16), (30, 16), (29, 16), (28, 16), (27, 16), (26, 16), (25, 16), (24, 16), (23, 16), (22, 16), (21, 16), (20, 16), (19, 16), (18, 16), (17, 16), (16, 16), (15, 16)]",20,0,20
22,"(13, 16)","(14, 16)",West,"[(12, 16) via West]","[(13, 16), (25, 15), (34, 15)]","[(12, 16), (25, 15), (34, 15)]","[(34, 16), (33, 16), (32, 16), (31, 16), (30, 16), (29, 16), (28, 16), (27, 16), (26, 16), (25, 16), (24, 16), (23, 16), (22, 16), (21, 16), (20, 16), (19, 16), (18, 16), (17, 16), (16, 16), (15, 16), (14, 16)]",21,0,21
23,"(12, 16)","(13, 16)",West,"[(11, 16) via West]","[(12, 16), (25, 15), (34, 15)]","[(11, 16), (25, 15), (34, 15)]","[(34, 16), (33, 16), (32, 16), (31, 16), (30, 16), (29, 16), (28, 16), (27, 16), (26, 16), (25, 16), (24, 16), (23, 16), (22, 16), (21, 16), (20, 16), (19, 16), (18, 16), (17, 16), (16, 16), (15, 16), (14, 16), (13, 16)]",22,0,22
24,"(11, 16)","(12, 16)",West,"[(10, 16) via West]","[(11, 16), (25, 15), (34, 15)]","[(10, 16), (25, 15), (34, 15)]","[(34, 16), (33, 16), (32, 16), (31, 16), (30, 16), (29, 16), (28, 16), (27, 16), (26, 16), (25, 16), (24, 16), (23, 16), (22, 16), (21, 16), (20, 16), (19, 16), (18, 16), (17, 16), (16, 16), (15, 16), (14, 16), (13, 16), (12, 16)]",23,0,23
25,"(10, 16)","(11, 16)",West,"[(9, 16) via West]","[(10, 16), (25, 15), (34, 15)]","[(9, 16), (25, 15), (34, 15)]","[(34, 16), (33, 16), (32, 16), (31, 16), (30, 16), (29, 16), (28, 16), (27, 16), (26, 16), (25, 16), (24, 16), (23, 16), (22, 16), (21, 16), (20, 16), (19, 16), (18, 16), (17, 16), (16, 16), (15, 16), (14, 16), (13, 16), (12, 16), (11, 16)]",24,0,24
26,"(9, 16)","(10, 16)",West,"[(8, 16) via West]","[(9, 16), (25, 15), (34, 15)]","[(8, 16), (25, 15), (34, 15)]","[(34, 16), (33, 16), (32, 16), (31, 16), (30, 16), (29, 16), (28, 16), (27, 16), (26, 16), (25, 16), (24, 16), (23, 16), (22, 16), (21, 16), (20, 16), (19, 16), (18, 16), (17, 16), (16, 16), (15, 16), (14, 16), (13, 16), (12, 16), (11, 16), (10, 16)]",25,0,25
27,"(8, 16)","(9, 16)",West,"[(7, 16) via West]","[(8, 16), (25, 15), (34, 15)]","[(7, 16), (25, 15), (34, 15)]","[(34, 16), (33, 16), (32, 16), (31, 16), (30, 16), (29, 16), (28, 16), (27, 16), (26, 16), (25, 16), (24, 16), (23, 16), (22, 16), (21, 16), (20, 16), (19, 16), (18, 16), (17, 16), (16, 16), (15, 16), (14, 16), (13, 16), (12, 16), (11, 16), (10, 16), (9, 16)]",26,0,26
28,"(7, 16)","(8, 16)",West,"[(6, 16) via West]","[(7, 16), (25, 15), (34, 15)]","[(6, 16), (25, 15), (34, 15)]","[(34, 16), (33, 16), (32, 16), (31, 16), (30, 16), (29, 16), (28, 16), (27, 16), (26, 16), (25, 16), (24, 16), (23, 16), (22, 16), (21, 16), (20, 16), (19, 16), (18, 16), (17, 16), (16, 16), (15, 16), (14, 16), (13, 16), (12, 16), (11, 16), (10, 16), (9, 16), (8, 16)]",27,0,27
29,"(6, 16)","(7, 16)",West,"[(5, 16) via West]","[(6, 16), (25, 15), (34, 15)]","[(5, 16), (25, 15), (34, 15)]","[(34, 16), (33, 16), (32, 16), (31, 16), (30, 16), (29, 16), (28, 16), (27, 16), (26, 16), (25, 16), (24, 16), (23, 16), (22, 16), (21, 16), (20, 16), (19, 16), (18, 16), (17, 16), (16, 16), (15, 16), (14, 16), (13, 16), (12, 16), (11, 16), (10, 16), (9, 16), (8, 16), (7, 16)]",28,0,28
30,"(5, 16)","(6, 16)",West,"[(4, 16) via West]","[(5, 16), (25, 15), (34, 15)]","[(4, 16), (25, 15), (34, 15)]","[(34, 16), (33, 16), (32, 16), (31, 16), (30, 16), (29, 16), (28, 16), (27, 16), (26, 16), (25, 16), (24, 16), (23, 16), (22, 16), (21, 16), (20, 16), (19, 16), (18, 16), (17, 16), (16, 16), (15, 16), (14, 16), (13, 16), (12, 16), (11, 16), (10, 16), (9, 16), (8, 16), (7, 16), (6, 16)]",29,0,29
31,"(4, 16)","(5, 16)",West,"[(3, 16) via West]","[(4, 16), (25, 15), (34, 15)]","[(3, 16), (25, 15), (34, 15)]","[(34, 16), (33, 16), (32, 16), (31, 16), (30, 16), (29, 16), (28, 16), (27, 16), (26, 16), (25, 16), (24, 16), (23, 16), (22, 16), (21, 16), (20, 16), (19, 16), (18, 16), (17, 16), (16, 16), (15, 16), (14, 16), (13, 16), (12, 16), (11, 16), (10, 16), (9, 16), (8, 16), (7, 16), (6, 16), (5, 16)]",30,0,30
32,"(3, 16)","(4, 16)",West,"[(2, 16) via West]","[(3, 16), (25, 15), (34, 15)]","[(2, 16), (25, 15), (34, 15)]","[(34, 16), (33, 16), (32, 16), (31, 16), (30, 16), (29, 16), (28, 16), (27, 16), (26, 16), (25, 16), (24, 16), (23, 16), (22, 16), (21, 16), (20, 16), (19, 16), (18, 16), (17, 16), (16, 16), (15, 16), (14, 16), (13, 16), (12, 16), (11, 16), (10, 16), (9, 16), (8, 16), (7, 16), (6, 16), (5, 16), (4, 16)]",31,0,31
33,"(2, 16)","(3, 16)",West,"[(1, 16) via West]","[(2, 16), (25, 15), (34, 15)]","[(1, 16), (25, 15), (34, 15)]","[(34, 16), (33, 16), (32, 16), (31, 16), (30, 16), (29, 16), (28, 16), (27, 16), (26, 16), (25, 16), (24, 16), (23, 16), (22, 16), (21, 16), (20, 16), (19, 16), (18, 16), (17, 16), (16, 16), (15, 16), (14, 16), (13, 16), (12, 16), (11, 16), (10, 16), (9, 16), (8, 16), (7, 16), (6, 16), (5, 16), (4, 16), (3, 16)]",32,0,32
34,"(1, 16)","(2, 16)",West,"[(1, 15) via South]","[(1, 16), (25, 15), (34, 15)]","[(1, 15), (25, 15), (34, 15)]","[(34, 16), (33, 16), (32, 16), (31, 16), (30, 16), (29, 16), (28, 16), (27, 16), (26, 16), (25, 16), (24, 16), (23, 16), (22, 16), (21, 16), (20, 16), (19, 16), (18, 16), (17, 16), (16, 16), (15, 16), (14, 16), (13, 16), (12, 16), (11, 16), (10, 16), (9, 16), (8, 16), (7, 16), (6, 16), (5, 16), (4, 16), (3, 16), (2, 16)]",33,0,33
35,"(1, 15)","(1, 16)",South,"[(1, 14) via South]","[(1, 15), (25, 15), (34, 15)]","[(1, 14), (25, 15), (34, 15)]","[(34, 16), (33, 16), (32, 16), (31, 16), (30, 16), (29, 16), (28, 16), (27, 16), (26, 16), (25, 16), (24, 16), (23, 16), (22, 16), (21, 16), (20, 16), (19, 16), (18, 16), (17, 16), (16, 16), (15, 16), (14, 16), (13, 16), (12, 16), (11, 16), (10, 16), (9, 16), (8, 16), (7, 16), (6, 16), (5, 16), (4, 16), (3, 16), (2, 16), (1, 16)]",34,0,34
36,"(1, 14)","(1, 15)",South,"[(1, 13) via South]","[(1, 14), (25, 15), (34, 15)]","[(1, 13), (25, 15), (34, 15)]","[(34, 16), (33, 16), (32, 16), (31, 16), (30, 16), (29, 16), (28, 16), (27, 16), (26, 16), (25, 16), (24, 16), (23, 16), (22, 16), (21, 16), (20, 16), (19, 16), (18, 16), (17, 16), (16, 16), (15, 16), (14, 16), (13, 16), (12, 16), (11, 16), (10, 16), (9, 16), (8, 16), (7, 16), (6, 16), (5, 16), (4, 16), (3, 16), (2, 16), (1, 16), (1, 15)]",35,0,35
37,"(1, 13)","(1, 14)",South,"[(1, 12) via South]","[(1, 13), (25, 15), (34, 15)]","[(1, 12), (25, 15), (34, 15)]","[(34, 16), (33, 16), (32, 16), (31, 16), (30, 16), (29, 16), (28, 16), (27, 16), (26, 16), (25, 16), (24, 16), (23, 16), (22, 16), (21, 16), (20, 16), (19, 16), (18, 16), (17, 16), (16, 16), (15, 16), (14, 16), (13, 16), (12, 16), (11, 16), (10, 16), (9, 16), (8, 16), (7, 16), (6, 16), (5, 16), (4, 16), (3, 16), (2, 16), (1, 16), (1, 15), (1, 14)]",36,0,36
38,"(1, 12)","(1, 13)",South,"[(1, 11) via South]","[(1, 12), (25, 15), (34, 15)]","[(1, 11), (25, 15), (34, 15)]","[(34, 16), (33, 16), (32, 16), (31, 16), (30, 16), (29, 16), (28, 16), (27, 16), (26, 16), (25, 16), (24, 16), (23, 16), (22, 16), (21, 16), (20, 16), (19, 16), (18, 16), (17, 16), (16, 16), (15, 16), (14, 16), (13, 16), (12, 16), (11, 16), (10, 16), (9, 16), (8, 16), (7, 16), (6, 16), (5, 16), (4, 16), (3, 16), (2, 16), (1, 16), (1, 15), (1, 14), (1, 13)]",37,0,37
39,"(1, 11)","(1, 12)",South,"[(1, 10) via South]","[(1, 11), (25, 15), (34, 15)]","[(1, 10), (25, 15), (34, 15)]","[(34, 16), (33, 16), (32, 16), (31, 16), (30, 16), (29, 16), (28, 16), (27, 16), (26, 16), (25, 16), (24, 16), (23, 16), (22, 16), (21, 16), (20, 16), (19, 16), (18, 16), (17, 16), (16, 16), (15, 16), (14, 16), (13, 16), (12, 16), (11, 16), (10, 16), (9, 16), (8, 16), (7, 16), (6, 16), (5, 16), (4, 16), (3, 16), (2, 16), (1, 16), (1, 15), (1, 14), (1, 13), (1, 12)]",38,0,38
40,"(1, 10)","(1, 11)",South,"[(1, 9) via South]","[(1, 10), (25, 15), (34, 15)]","[(1, 9), (25, 15), (34, 15)]","[(34, 16), (33, 16), (32, 16), (31, 16), (30, 16), (29, 16), (28, 16), (27, 16), (26, 16), (25, 16), (24, 16), (23, 16), (22, 16), (21, 16), (20, 16), (19, 16), (18, 16), (17, 16), (16, 16), (15, 16), (14, 16), (13, 16), (12, 16), (11, 16), (10, 16), (9, 16), (8, 16), (7, 16), (6, 16), (5, 16), (4, 16), (3, 16), (2, 16), (1, 16), (1, 15), (1, 14), (1, 13), (1, 12), (1, 11)]",39,0,39
41,"(1, 9)","(1, 10)",South,"[(1, 8) via South]","[(1, 9), (25, 15), (34, 15)]","[(1, 8), (25, 15), (34, 15)]","[(34, 16), (33, 16), (32, 16), (31, 16), (30, 16), (29, 16), (28, 16), (27, 16), (26, 16), (25, 16), (24, 16), (23, 16), (22, 16), (21, 16), (20, 16), (19, 16), (18, 16), (17, 16), (16, 16), (15, 16), (14, 16), (13, 16), (12, 16), (11, 16), (10, 16), (9, 16), (8, 16), (7, 16), (6, 16), (5, 16), (4, 16), (3, 16), (2, 16), (1, 16), (1, 15), (1, 14), (1, 13), (1, 12), (1, 11), (1, 10)]",40,0,40
42,"(1, 8)","(1, 9)",South,"[(1, 7) via South]","[(1, 8), (25, 15), (34, 15)]","[(1, 7), (25, 15), (34, 15)]","[(34, 16), (33, 16), (32, 16), (31, 16), (30, 16), (29, 16), (28, 16), (27, 16), (26, 16), (25, 16), (24, 16), (23, 16), (22, 16), (21, 16), (20, 16), (19, 16), (18, 16), (17, 16), (16, 16), (15, 16), (14, 16), (13, 16), (12, 16), (11, 16), (10, 16), (9, 16), (8, 16), (7, 16), (6, 16), (5, 16), (4, 16), (3, 16), (2, 16), (1, 16), (1, 15), (1, 14), (1, 13), (1, 12), (1, 11), (1, 10), (1, 9)]",41,0,41
43,"(1, 7)","(1, 8)",South,"[(2, 7) via East]","[(1, 7), (25, 15), (34, 15)]","[(2, 7), (25, 15), (34, 15)]","[(34, 16), (33, 16), (32, 16), (31, 16), (30, 16), (29, 16), (28, 16), (27, 16), (26, 16), (25, 16), (24, 16), (23, 16), (22, 16), (21, 16), (20, 16), (19, 16), (18, 16), (17, 16), (16, 16), (15, 16), (14, 16), (13, 16), (12, 16), (11, 16), (10, 16), (9, 16), (8, 16), (7, 16), (6, 16), (5, 16), (4, 16), (3, 16), (2, 16), (1, 16), (1, 15), (1, 14), (1, 13), (1, 12), (1, 11), (1, 10), (1, 9), (1, 8)]",42,0,42
44,"(2, 7)","(1, 7)",East,"[(3, 7) via East]","[(2, 7), (25, 15), (34, 15)]","[(3, 7), (25, 15), (34, 15)]","[(34, 16), (33, 16), (32, 16), (31, 16), (30, 16), (29, 16), (28, 16), (27, 16), (26, 16), (25, 16), (24, 16), (23, 16), (22, 16), (21, 16), (20, 16), (19, 16), (18, 16), (17, 16), (16, 16), (15, 16), (14, 16), (13, 16), (12, 16), (11, 16), (10, 16), (9, 16), (8, 16), (7, 16), (6, 16), (5, 16), (4, 16), (3, 16), (2, 16), (1, 16), (1, 15), (1, 14), (1, 13), (1, 12), (1, 11), (1, 10), (1, 9), (1, 8), (1, 7)]",43,0,43
45,"(3, 7)","(2, 7)",East,"[(4, 7) via East]","[(3, 7), (25, 15), (34, 15)]","[(4, 7), (25, 15), (34, 15)]","[(34, 16), (33, 16), (32, 16), (31, 16), (30, 16), (29, 16), (28, 16), (27, 16), (26, 16), (25, 16), (24, 16), (23, 16), (22, 16), (21, 16), (20, 16), (19, 16), (18, 16), (17, 16), (16, 16), (15, 16), (14, 16), (13, 16), (12, 16), (11, 16), (10, 16), (9, 16), (8, 16), (7, 16), (6, 16), (5, 16), (4, 16), (3, 16), (2, 16), (1, 16), (1, 15), (1, 14), (1, 13), (1, 12), (1, 11), (1, 10), (1, 9), (1, 8), (1, 7), (2, 7)]",44,0,44
46,"(4, 7)","(3, 7)",East,"[(4, 8) via North]","[(4, 7), (25, 15), (34, 15)]","[(4, 8), (25, 15), (34, 15)]","[(34, 16), (33, 16), (32, 16), (31, 16), (30, 16), (29, 16), (28, 16), (27, 16), (26, 16), (25, 16), (24, 16), (23, 16), (22, 16), (21, 16), (20, 16), (19, 16), (18, 16), (17, 16), (16, 16), (15, 16), (14, 16), (13, 16), (12, 16), (11, 16), (10, 16), (9, 16), (8, 16), (7, 16), (6, 16), (5, 16), (4, 16), (3, 16), (2, 16), (1, 16), (1, 15), (1, 14), (1, 13), (1, 12), (1, 11), (1, 10), (1, 9), (1, 8), (1, 7), (2, 7), (3, 7)]",45,0,45
47,"(4, 8)","(4, 7)",North,"[(4, 9) via North]","[(4, 8), (25, 15), (34, 15)]","[(4, 9), (25, 15), (34, 15)]","[(34, 16), (33, 16), (32, 16), (31, 16), (30, 16), (29, 16), (28, 16), (27, 16), (26, 16), (25, 16), (24, 16), (23, 16), (22, 16), (21, 16), (20, 16), (19, 16), (18, 16), (17, 16), (16, 16), (15, 16), (14, 16), (13, 16), (12, 16), (11, 16), (10, 16), (9, 16), (8, 16), (7, 16), (6, 16), (5, 16), (4, 16), (3, 16), (2, 16), (1, 16), (1, 15), (1, 14), (1, 13), (1, 12), (1, 11), (1, 10), (1, 9), (1, 8), (1, 7), (2, 7), (3, 7), (4, 7)]",46,0,46
48,"(4, 9)","(4, 8)",North,"[(4, 10) via North]","[(4, 9), (25, 15), (34, 15)]","[(4, 10), (25, 15), (34, 15)]","[(34, 16), (33, 16), (32, 16), (31, 16), (30, 16), (29, 16), (28, 16), (27, 16), (26, 16), (25, 16), (24, 16), (23, 16), (22, 16), (21, 16), (20, 16), (19, 16), (18, 16), (17, 16), (16, 16), (15, 16), (14, 16), (13, 16), (12, 16), (11, 16), (10, 16), (9, 16), (8, 16), (7, 16), (6, 16), (5, 16), (4, 16), (3, 16), (2, 16), (1, 16), (1, 15), (1, 14), (1, 13), (1, 12), (1, 11), (1, 10), (1, 9), (1, 8), (1, 7), (2, 7), (3, 7), (4, 7), (4, 8)]",47,0,47
49,"(4, 10)","(4, 9)",North,"[(4, 11) via North, (3, 10) via West]","[(4, 10), (25, 15), (34, 15)]","[(3, 10), (4, 11), (25, 15), (34, 15)]","[(34, 16), (33, 16), (32, 16), (31, 16), (30, 16), (29, 16), (28, 16), (27, 16), (26, 16), (25, 16), (24, 16), (23, 16), (22, 16), (21, 16), (20, 16), (19, 16), (18, 16), (17, 16), (16, 16), (15, 16), (14, 16), (13, 16), (12, 16), (11, 16), (10, 16), (9, 16), (8, 16), (7, 16), (6, 16), (5, 16), (4, 16), (3, 16), (2, 16), (1, 16), (1, 15), (1, 14), (1, 13), (1, 12), (1, 11), (1, 10), (1, 9), (1, 8), (1, 7), (2, 7), (3, 7), (4, 7), (4, 8), (4, 9)]",48,0,48
50,"(3, 10)","(4, 10)",West,[],"[(3, 10), (4, 11), (25, 15), (34, 15)]","[(4, 11), (25, 15), (34, 15)]","[(34, 16), (33, 16), (32, 16), (31, 16), (30, 16), (29, 16), (28, 16), (27, 16), (26, 16), (25, 16), (24, 16), (23, 16), (22, 16), (21, 16), (20, 16), (19, 16), (18, 16), (17, 16), (16, 16), (15, 16), (14, 16), (13, 16), (12, 16), (11, 16), (10, 16), (9, 16), (8, 16), (7, 16), (6, 16), (5, 16), (4, 16), (3, 16), (2, 16), (1, 16), (1, 15), (1, 14), (1, 13), (1, 12), (1, 11), (1, 10), (1, 9), (1, 8), (1, 7), (2, 7), (3, 7), (4, 7), (4, 8), (4, 9), (4, 10)]",49,0,49
51,"(4, 11)","(4, 10)",North,"[(4, 12) via North]","[(4, 11), (25, 15), (34, 15)]","[(4, 12), (25, 15), (34, 15)]","[(34, 16), (33, 16), (32, 16), (31, 16), (30, 16), (29, 16), (28, 16), (27, 16), (26, 16), (25, 16), (24, 16), (23, 16), (22, 16), (21, 16), (20, 16), (19, 16), (18, 16), (17, 16), (16, 16), (15, 16), (14, 16), (13, 16), (12, 16), (11, 16), (10, 16), (9, 16), (8, 16), (7, 16), (6, 16), (5, 16), (4, 16), (3, 16), (2, 16), (1, 16), (1, 15), (1, 14), (1, 13), (1, 12), (1, 11), (1, 10), (1, 9), (1, 8), (1, 7), (2, 7), (3, 7), (4, 7), (4, 8), (4, 9), (4, 10), (3, 10)]",49,0,49
52,"(4, 12)","(4, 11)",North,"[(4, 13) via North]","[(4, 12), (25, 15), (34, 15)]","[(4, 13), (25, 15), (34, 15)]","[(34, 16), (33, 16), (32, 16), (31, 16), (30, 16), (29, 16), (28, 16), (27, 16), (26, 16), (25, 16), (24, 16), (23, 16), (22, 16), (21, 16), (20, 16), (19, 16), (18, 16), (17, 16), (16, 16), (15, 16), (14, 16), (13, 16), (12, 16), (11, 16), (10, 16), (9, 16), (8, 16), (7, 16), (6, 16), (5, 16), (4, 16), (3, 16), (2, 16), (1, 16), (1, 15), (1, 14), (1, 13), (1, 12), (1, 11), (1, 10), (1, 9), (1, 8), (1, 7), (2, 7), (3, 7), (4, 7), (4, 8), (4, 9), (4, 10), (3, 10), (4, 11)]",50,0,50
53,"(4, 13)","(4, 12)",North,"[(4, 14) via North]","[(4, 13), (25, 15), (34, 15)]","[(4, 14), (25, 15), (34, 15)]","[(34, 16), (33, 16), (32, 16), (31, 16), (30, 16), (29, 16), (28, 16), (27, 16), (26, 16), (25, 16), (24, 16), (23, 16), (22, 16), (21, 16), (20, 16), (19, 16), (18, 16), (17, 16), (16, 16), (15, 16), (14, 16), (13, 16), (12, 16), (11, 16), (10, 16), (9, 16), (8, 16), (7, 16), (6, 16), (5, 16), (4, 16), (3, 16), (2, 16), (1, 16), (1, 15), (1, 14), (1, 13), (1, 12), (1, 11), (1, 10), (1, 9), (1, 8), (1, 7), (2, 7), (3, 7), (4, 7), (4, 8), (4, 9), (4, 10), (3, 10), (4, 11), (4, 12)]",51,0,51
54,"(4, 14)","(4, 13)",North,"[(5, 14) via East]","[(4, 14), (25, 15), (34, 15)]","[(5, 14), (25, 15), (34, 15)]","[(34, 16), (33, 16), (32, 16), (31, 16), (30, 16), (29, 16), (28, 16), (27, 16), (26, 16), (25, 16), (24, 16), (23, 16), (22, 16), (21, 16), (20, 16), (19, 16), (18, 16), (17, 16), (16, 16), (15, 16), (14, 16), (13, 16), (12, 16), (11, 16), (10, 16), (9, 16), (8, 16), (7, 16), (6, 16), (5, 16), (4, 16), (3, 16), (2, 16), (1, 16), (1, 15), (1, 14), (1, 13), (1, 12), (1, 11), (1, 10), (1, 9), (1, 8), (1, 7), (2, 7), (3, 7), (4, 7), (4, 8), (4, 9), (4, 10), (3, 10), (4, 11), (4, 12), (4, 13)]",52,0,52
55,"(5, 14)","(4, 14)",East,"[(6, 14) via East]","[(5, 14), (25, 15), (34, 15)]","[(6, 14), (25, 15), (34, 15)]","[(34, 16), (33, 16), (32, 16), (31, 16), (30, 16), (29, 16), (28, 16), (27, 16), (26, 16), (25, 16), (24, 16), (23, 16), (22, 16), (21, 16), (20, 16), (19, 16), (18, 16), (17, 16), (16, 16), (15, 16), (14, 16), (13, 16), (12, 16), (11, 16), (10, 16), (9, 16), (8, 16), (7, 16), (6, 16), (5, 16), (4, 16), (3, 16), (2, 16), (1, 16), (1, 15), (1, 14), (1, 13), (1, 12), (1, 11), (1, 10), (1, 9), (1, 8), (1, 7), (2, 7), (3, 7), (4, 7), (4, 8), (4, 9), (4, 10), (3, 10), (4, 11), (4, 12), (4, 13), (4, 14)]",53,0,53
56,"(6, 14)","(5, 14)",East,"[(6, 13) via South]","[(6, 14), (25, 15), (34, 15)]","[(6, 13), (25, 15), (34, 15)]","[(34, 16), (33, 16), (32, 16), (31, 16), (30, 16), (29, 16), (28, 16), (27, 16), (26, 16), (25, 16), (24, 16), (23, 16), (22, 16), (21, 16), (20, 16), (19, 16), (18, 16), (17, 16), (16, 16), (15, 16), (14, 16), (13, 16), (12, 16), (11, 16), (10, 16), (9, 16), (8, 16), (7, 16), (6, 16), (5, 16), (4, 16), (3, 16), (2, 16), (1, 16), (1, 15), (1, 14), (1, 13), (1, 12), (1, 11), (1, 10), (1, 9), (1, 8), (1, 7), (2, 7), (3, 7), (4, 7), (4, 8), (4, 9), (4, 10), (3, 10), (4, 11), (4, 12), (4, 13), (4, 14), (5, 14)]",54,0,54
57,"(6, 13)","(6, 14)",South,"[(6, 12) via South]","[(6, 13), (25, 15), (34, 15)]","[(6, 12), (25, 15), (34, 15)]","[(34, 16), (33, 16), (32, 16), (31, 16), (30, 16), (29, 16), (28, 16), (27, 16), (26, 16), (25, 16), (24, 16), (23, 16), (22, 16), (21, 16), (20, 16), (19, 16), (18, 16), (17, 16), (16, 16), (15, 16), (14, 16), (13, 16), (12, 16), (11, 16), (10, 16), (9, 16), (8, 16), (7, 16), (6, 16), (5, 16), (4, 16), (3, 16), (2, 16), (1, 16), (1, 15), (1, 14), (1, 13), (1, 12), (1, 11), (1, 10), (1, 9), (1, 8), (1, 7), (2, 7), (3, 7), (4, 7), (4, 8), (4, 9), (4, 10), (3, 10), (4, 11), (4, 12), (4, 13), (4, 14), (5, 14), (6, 14)]",55,0,55
58,"(6, 12)","(6, 13)",South,"[(6, 11) via South]","[(6, 12), (25, 15), (34, 15)]","[(6, 11), (25, 15), (34, 15)]","[(34, 16), (33, 16), (32, 16), (31, 16), (30, 16), (29, 16), (28, 16), (27, 16), (26, 16), (25, 16), (24, 16), (23, 16), (22, 16), (21, 16), (20, 16), (19, 16), (18, 16), (17, 16), (16, 16), (15, 16), (14, 16), (13, 16), (12, 16), (11, 16), (10, 16), (9, 16), (8, 16), (7, 16), (6, 16), (5, 16), (4, 16), (3, 16), (2, 16), (1, 16), (1, 15), (1, 14), (1, 13), (1, 12), (1, 11), (1, 10), (1, 9), (1, 8), (1, 7), (2, 7), (3, 7), (4, 7), (4, 8), (4, 9), (4, 10), (3, 10), (4, 11), (4, 12), (4, 13), (4, 14), (5, 14), (6, 14), (6, 13)]",56,0,56
59,"(6, 11)","(6, 12)",South,"[(6, 10) via South]","[(6, 11), (25, 15), (34, 15)]","[(6, 10), (25, 15), (34, 15)]","[(34, 16), (33, 16), (32, 16), (31, 16), (30, 16), (29, 16), (28, 16), (27, 16), (26, 16), (25, 16), (24, 16), (23, 16), (22, 16), (21, 16), (20, 16), (19, 16), (18, 16), (17, 16), (16, 16), (15, 16), (14, 16), (13, 16), (12, 16), (11, 16), (10, 16), (9, 16), (8, 16), (7, 16), (6, 16), (5, 16), (4, 16), (3, 16), (2, 16), (1, 16), (1, 15), (1, 14), (1, 13), (1, 12), (1, 11), (1, 10), (1, 9), (1, 8), (1, 7), (2, 7), (3, 7), (4, 7), (4, 8), (4, 9), (4, 10), (3, 10), (4, 11), (4, 12), (4, 13), (4, 14), (5, 14), (6, 14), (6, 13), (6, 12)]",57,0,57
60,"(6, 10)","(6, 11)",South,"[(6, 9) via South]","[(6, 10), (25, 15), (34, 15)]","[(6, 9), (25, 15), (34, 15)]","[(34, 16), (33, 16), (32, 16), (31, 16), (30, 16), (29, 16), (28, 16), (27, 16), (26, 16), (25, 16), (24, 16), (23, 16), (22, 16), (21, 16), (20, 16), (19, 16), (18, 16), (17, 16), (16, 16), (15, 16), (14, 16), (13, 16), (12, 16), (11, 16), (10, 16), (9, 16), (8, 16), (7, 16), (6, 16), (5, 16), (4, 16), (3, 16), (2, 16), (1, 16), (1, 15), (1, 14), (1, 13), (1, 12), (1, 11), (1, 10), (1, 9), (1, 8), (1, 7), (2, 7), (3, 7), (4, 7), (4, 8), (4, 9), (4, 10), (3, 10), (4, 11), (4, 12), (4, 13), (4, 14), (5, 14), (6, 14), (6, 13), (6, 12), (6, 11)]",58,0,58
61,"(6, 9)","(6, 10)",South,"[(6, 8) via South]","[(6, 9), (25, 15), (34, 15)]","[(6, 8), (25, 15), (34, 15)]","[(34, 16), (33, 16), (32, 16), (31, 16), (30, 16), (29, 16), (28, 16), (27, 16), (26, 16), (25, 16), (24, 16), (23, 16), (22, 16), (21, 16), (20, 16), (19, 16), (18, 16), (17, 16), (16, 16), (15, 16), (14, 16), (13, 16), (12, 16), (11, 16), (10, 16), (9, 16), (8, 16), (7, 16), (6, 16), (5, 16), (4, 16), (3, 16), (2, 16), (1, 16), (1, 15), (1, 14), (1, 13), (1, 12), (1, 11), (1, 10), (1, 9), (1, 8), (1, 7), (2, 7), (3, 7), (4, 7), (4, 8), (4, 9), (4, 10), (3, 10), (4, 11), (4, 12), (4, 13), (4, 14), (5, 14), (6, 14), (6, 13), (6, 12), (6, 11), (6, 10)]",59,0,59
62,"(6, 8)","(6, 9)",South,"[(7, 8) via East]","[(6, 8), (25, 15), (34, 15)]","[(7, 8), (25, 15), (34, 15)]","[(34, 16), (33, 16), (32, 16), (31, 16), (30, 16), (29, 16), (28, 16), (27, 16), (26, 16), (25, 16), (24, 16), (23, 16), (22, 16), (21, 16), (20, 16), (19, 16), (18, 16), (17, 16), (16, 16), (15, 16), (14, 16), (13, 16), (12, 16), (11, 16), (10, 16), (9, 16), (8, 16), (7, 16), (6, 16), (5, 16), (4, 16), (3, 16), (2, 16), (1, 16), (1, 15), (1, 14), (1, 13), (1, 12), (1, 11), (1, 10), (1, 9), (1, 8), (1, 7), (2, 7), (3, 7), (4, 7), (4, 8), (4, 9), (4, 10), (3, 10), (4, 11), (4, 12), (4, 13), (4, 14), (5, 14), (6, 14), (6, 13), (6, 12), (6, 11), (6, 10), (6, 9)]",60,0,60
63,"(7, 8)","(6, 8)",East,"[(8, 8) via East]","[(7, 8), (25, 15), (34, 15)]","[(8, 8), (25, 15), (34, 15)]","[(34, 16), (33, 16), (32, 16), (31, 16), (30, 16), (29, 16), (28, 16), (27, 16), (26, 16), (25, 16), (24, 16), (23, 16), (22, 16), (21, 16), (20, 16), (19, 16), (18, 16), (17, 16), (16, 16), (15, 16), (14, 16), (13, 16), (12, 16), (11, 16), (10, 16), (9, 16), (8, 16), (7, 16), (6, 16), (5, 16), (4, 16), (3, 16), (2, 16), (1, 16), (1, 15), (1, 14), (1, 13), (1, 12), (1, 11), (1, 10), (1, 9), (1, 8), (1, 7), (2, 7), (3, 7), (4, 7), (4, 8), (4, 9), (4, 10), (3, 10), (4, 11), (4, 12), (4, 13), (4, 14), (5, 14), (6, 14), (6, 13), (6, 12), (6, 11), (6, 10), (6, 9), (6, 8)]",61,0,61
64,"(8, 8)","(7, 8)",East,"[(8, 9) via North]","[(8, 8), (25, 15), (34, 15)]","[(8, 9), (25, 15), (34, 15)]","[(34, 16), (33, 16), (32, 16), (31, 16), (30, 16), (29, 16), (28, 16), (27, 16), (26, 16), (25, 16), (24, 16), (23, 16), (22, 16), (21, 16), (20, 16), (19, 16), (18, 16), (17, 16), (16, 16), (15, 16), (14, 16), (13, 16), (12, 16), (11, 16), (10, 16), (9, 16), (8, 16), (7, 16), (6, 16), (5, 16), (4, 16), (3, 16), (2, 16), (1, 16), (1, 15), (1, 14), (1, 13), (1, 12), (1, 11), (1, 10), (1, 9), (1, 8), (1, 7), (2, 7), (3, 7), (4, 7), (4, 8), (4, 9), (4, 10), (3, 10), (4, 11), (4, 12), (4, 13), (4, 14), (5, 14), (6, 14), (6, 13), (6, 12), (6, 11), (6, 10), (6, 9), (6, 8), (7, 8)]",62,0,62
65,"(8, 9)","(8, 8)",North,"[(8, 10) via North]","[(8, 9), (25, 15), (34, 15)]","[(8, 10), (25, 15), (34, 15)]","[(34, 16), (33, 16), (32, 16), (31, 16), (30, 16), (29, 16), (28, 16), (27, 16), (26, 16), (25, 16), (24, 16), (23, 16), (22, 16), (21, 16), (20, 16), (19, 16), (18, 16), (17, 16), (16, 16), (15, 16), (14, 16), (13, 16), (12, 16), (11, 16), (10, 16), (9, 16), (8, 16), (7, 16), (6, 16), (5, 16), (4, 16), (3, 16), (2, 16), (1, 16), (1, 15), (1, 14), (1, 13), (1, 12), (1, 11), (1, 10), (1, 9), (1, 8), (1, 7), (2, 7), (3, 7), (4, 7), (4, 8), (4, 9), (4, 10), (3, 10), (4, 11), (4, 12), (4, 13), (4, 14), (5, 14), (6, 14), (6, 13), (6, 12), (6, 11), (6, 10), (6, 9), (6, 8), (7, 8), (8, 8)]",63,0,63
66,"(8, 10)","(8, 9)",North,"[(8, 11) via North]","[(8, 10), (25, 15), (34, 15)]","[(8, 11), (25, 15), (34, 15)]","[(34, 16), (33, 16), (32, 16), (31, 16), (30, 16), (29, 16), (28, 16), (27, 16), (26, 16), (25, 16), (24, 16), (23, 16), (22, 16), (21, 16), (20, 16), (19, 16), (18, 16), (17, 16), (16, 16), (15, 16), (14, 16), (13, 16), (12, 16), (11, 16), (10, 16), (9, 16), (8, 16), (7, 16), (6, 16), (5, 16), (4, 16), (3, 16), (2, 16), (1, 16), (1, 15), (1, 14), (1, 13), (1, 12), (1, 11), (1, 10), (1, 9), (1, 8), (1, 7), (2, 7), (3, 7), (4, 7), (4, 8), (4, 9), (4, 10), (3, 10), (4, 11), (4, 12), (4, 13), (4, 14), (5, 14), (6, 14), (6, 13), (6, 12), (6, 11), (6, 10), (6, 9), (6, 8), (7, 8), (8, 8), (8, 9)]",64,0,64
67,"(8, 11)","(8, 10)",North,"[(8, 12) via North]","[(8, 11), (25, 15), (34, 15)]","[(8, 12), (25, 15), (34, 15)]","[(34, 16), (33, 16), (32, 16), (31, 16), (30, 16), (29, 16), (28, 16), (27, 16), (26, 16), (25, 16), (24, 16), (23, 16), (22, 16), (21, 16), (20, 16), (19, 16), (18, 16), (17, 16), (16, 16), (15, 16), (14, 16), (13, 16), (12, 16), (11, 16), (10, 16), (9, 16), (8, 16), (7, 16), (6, 16), (5, 16), (4, 16), (3, 16), (2, 16), (1, 16), (1, 15), (1, 14), (1, 13), (1, 12), (1, 11), (1, 10), (1, 9), (1, 8), (1, 7), (2, 7), (3, 7), (4, 7), (4, 8), (4, 9), (4, 10), (3, 10), (4, 11), (4, 12), (4, 13), (4, 14), (5, 14), (6, 14), (6, 13), (6, 12), (6, 11), (6, 10), (6, 9), (6, 8), (7, 8), (8, 8), (8, 9), (8, 10)]",65,0,65
68,"(8, 12)","(8, 11)",North,"[(8, 13) via North]","[(8, 12), (25, 15), (34, 15)]","[(8, 13), (25, 15), (34, 15)]","[(34, 16), (33, 16), (32, 16), (31, 16), (30, 16), (29, 16), (28, 16), (27, 16), (26, 16), (25, 16), (24, 16), (23, 16), (22, 16), (21, 16), (20, 16), (19, 16), (18, 16), (17, 16), (16, 16), (15, 16), (14, 16), (13, 16), (12, 16), (11, 16), (10, 16), (9, 16), (8, 16), (7, 16), (6, 16), (5, 16), (4, 16), (3, 16), (2, 16), (1, 16), (1, 15), (1, 14), (1, 13), (1, 12), (1, 11), (1, 10), (1, 9), (1, 8), (1, 7), (2, 7), (3, 7), (4, 7), (4, 8), (4, 9), (4, 10), (3, 10), (4, 11), (4, 12), (4, 13), (4, 14), (5, 14), (6, 14), (6, 13), (6, 12), (6, 11), (6, 10), (6, 9), (6, 8), (7, 8), (8, 8), (8, 9), (8, 10), (8, 11)]",66,0,66
69,"(8, 13)","(8, 12)",North,"[(8, 14) via North]","[(8, 13), (25, 15), (34, 15)]","[(8, 14), (25, 15), (34, 15)]","[(34, 16), (33, 16), (32, 16), (31, 16), (30, 16), (29, 16), (28, 16), (27, 16), (26, 16), (25, 16), (24, 16), (23, 16), (22, 16), (21, 16), (20, 16), (19, 16), (18, 16), (17, 16), (16, 16), (15, 16), (14, 16), (13, 16), (12, 16), (11, 16), (10, 16), (9, 16), (8, 16), (7, 16), (6, 16), (5, 16), (4, 16), (3, 16), (2, 16), (1, 16), (1, 15), (1, 14), (1, 13), (1, 12), (1, 11), (1, 10), (1, 9), (1, 8), (1, 7), (2, 7), (3, 7), (4, 7), (4, 8), (4, 9), (4, 10), (3, 10), (4, 11), (4, 12), (4, 13), (4, 14), (5, 14), (6, 14), (6, 13), (6, 12), (6, 11), (6, 10), (6, 9), (6, 8), (7, 8), (8, 8), (8, 9), (8, 10), (8, 11), (8, 12)]",67,0,67
70,"(8, 14)","(8, 13)",North,"[(9, 14) via East]","[(8, 14), (25, 15), (34, 15)]","[(9, 14), (25, 15), (34, 15)]","[(34, 16), (33, 16), (32, 16), (31, 16), (30, 16), (29, 16), (28, 16), (27, 16), (26, 16), (25, 16), (24, 16), (23, 16), (22, 16), (21, 16), (20, 16), (19, 16), (18, 16), (17, 16), (16, 16), (15, 16), (14, 16), (13, 16), (12, 16), (11, 16), (10, 16), (9, 16), (8, 16), (7, 16), (6, 16), (5, 16), (4, 16), (3, 16), (2, 16), (1, 16), (1, 15), (1, 14), (1, 13), (1, 12), (1, 11), (1, 10), (1, 9), (1, 8), (1, 7), (2, 7), (3, 7), (4, 7), (4, 8), (4, 9), (4, 10), (3, 10), (4, 11), (4, 12), (4, 13), (4, 14), (5, 14), (6, 14), (6, 13), (6, 12), (6, 11), (6, 10), (6, 9), (6, 8), (7, 8), (8, 8), (8, 9), (8, 10), (8, 11), (8, 12), (8, 13)]",68,0,68
71,"(9, 14)","(8, 14)",East,"[(10, 14) via East]","[(9, 14), (25, 15), (34, 15)]","[(10, 14), (25, 15), (34, 15)]","[(34, 16), (33, 16), (32, 16), (31, 16), (30, 16), (29, 16), (28, 16), (27, 16), (26, 16), (25, 16), (24, 16), (23, 16), (22, 16), (21, 16), (20, 16), (19, 16), (18, 16), (17, 16), (16, 16), (15, 16), (14, 16), (13, 16), (12, 16), (11, 16), (10, 16), (9, 16), (8, 16), (7, 16), (6, 16), (5, 16), (4, 16), (3, 16), (2, 16), (1, 16), (1, 15), (1, 14), (1, 13), (1, 12), (1, 11), (1, 10), (1, 9), (1, 8), (1, 7), (2, 7), (3, 7), (4, 7), (4, 8), (4, 9), (4, 10), (3, 10), (4, 11), (4, 12), (4, 13), (4, 14), (5, 14), (6, 14), (6, 13), (6, 12), (6, 11), (6, 10), (6, 9), (6, 8), (7, 8), (8, 8), (8, 9), (8, 10), (8, 11), (8, 12), (8, 13), (8, 14)]",69,0,69
72,"(10, 14)","(9, 14)",East,"[(10, 13) via South]","[(10, 14), (25, 15), (34, 15)]","[(10, 13), (25, 15), (34, 15)]","[(34, 16), (33, 16), (32, 16), (31, 16), (30, 16), (29, 16), (28, 16), (27, 16), (26, 16), (25, 16), (24, 16), (23, 16), (22, 16), (21, 16), (20, 16), (19, 16), (18, 16), (17, 16), (16, 16), (15, 16), (14, 16), (13, 16), (12, 16), (11, 16), (10, 16), (9, 16), (8, 16), (7, 16), (6, 16), (5, 16), (4, 16), (3, 16), (2, 16), (1, 16), (1, 15), (1, 14), (1, 13), (1, 12), (1, 11), (1, 10), (1, 9), (1, 8), (1, 7), (2, 7), (3, 7), (4, 7), (4, 8), (4, 9), (4, 10), (3, 10), (4, 11), (4, 12), (4, 13), (4, 14), (5, 14), (6, 14), (6, 13), (6, 12), (6, 11), (6, 10), (6, 9), (6, 8), (7, 8), (8, 8), (8, 9), (8, 10), (8, 11), (8, 12), (8, 13), (8, 14), (9, 14)]",70,0,70
73,"(10, 13)","(10, 14)",South,"[(10, 12) via South]","[(10, 13), (25, 15), (34, 15)]","[(10, 12), (25, 15), (34, 15)]","[(34, 16), (33, 16), (32, 16), (31, 16), (30, 16), (29, 16), (28, 16), (27, 16), (26, 16), (25, 16), (24, 16), (23, 16), (22, 16), (21, 16), (20, 16), (19, 16), (18, 16), (17, 16), (16, 16), (15, 16), (14, 16), (13, 16), (12, 16), (11, 16), (10, 16), (9, 16), (8, 16), (7, 16), (6, 16), (5, 16), (4, 16), (3, 16), (2, 16), (1, 16), (1, 15), (1, 14), (1, 13), (1, 12), (1, 11), (1, 10), (1, 9), (1, 8), (1, 7), (2, 7), (3, 7), (4, 7), (4, 8), (4, 9), (4, 10), (3, 10), (4, 11), (4, 12), (4, 13), (4, 14), (5, 14), (6, 14), (6, 13), (6, 12), (6, 11), (6, 10), (6, 9), (6, 8), (7, 8), (8, 8), (8, 9), (8, 10), (8, 11), (8, 12), (8, 13), (8, 14), (9, 14), (10, 14)]",71,0,71
74,"(10, 12)","(10, 13)",South,"[(10, 11) via South]","[(10, 12), (25, 15), (34, 15)]","[(10, 11), (25, 15), (34, 15)]","[(34, 16), (33, 16), (32, 16), (31, 16), (30, 16), (29, 16), (28, 16), (27, 16), (26, 16), (25, 16), (24, 16), (23, 16), (22, 16), (21, 16), (20, 16), (19, 16), (18, 16), (17, 16), (16, 16), (15, 16), (14, 16), (13, 16), (12, 16), (11, 16), (10, 16), (9, 16), (8, 16), (7, 16), (6, 16), (5, 16), (4, 16), (3, 16), (2, 16), (1, 16), (1, 15), (1, 14), (1, 13), (1, 12), (1, 11), (1, 10), (1, 9), (1, 8), (1, 7), (2, 7), (3, 7), (4, 7), (4, 8), (4, 9), (4, 10), (3, 10), (4, 11), (4, 12), (4, 13), (4, 14), (5, 14), (6, 14), (6, 13), (6, 12), (6, 11), (6, 10), (6, 9), (6, 8), (7, 8), (8, 8), (8, 9), (8, 10), (8, 11), (8, 12), (8, 13), (8, 14), (9, 14), (10, 14), (10, 13)]",72,0,72
75,"(10, 11)","(10, 12)",South,"[(10, 10) via South]","[(10, 11), (25, 15), (34, 15)]","[(10, 10), (25, 15), (34, 15)]","[(34, 16), (33, 16), (32, 16), (31, 16), (30, 16), (29, 16), (28, 16), (27, 16), (26, 16), (25, 16), (24, 16), (23, 16), (22, 16), (21, 16), (20, 16), (19, 16), (18, 16), (17, 16), (16, 16), (15, 16), (14, 16), (13, 16), (12, 16), (11, 16), (10, 16), (9, 16), (8, 16), (7, 16), (6, 16), (5, 16), (4, 16), (3, 16), (2, 16), (1, 16), (1, 15), (1, 14), (1, 13), (1, 12), (1, 11), (1, 10), (1, 9), (1, 8), (1, 7), (2, 7), (3, 7), (4, 7), (4, 8), (4, 9), (4, 10), (3, 10), (4, 11), (4, 12), (4, 13), (4, 14), (5, 14), (6, 14), (6, 13), (6, 12), (6, 11), (6, 10), (6, 9), (6, 8), (7, 8), (8, 8), (8, 9), (8, 10), (8, 11), (8, 12), (8, 13), (8, 14), (9, 14), (10, 14), (10, 13), (10, 12)]",73,0,73
76,"(10, 10)","(10, 11)",South,"[(11, 10) via East]","[(10, 10), (25, 15), (34, 15)]","[(11, 10), (25, 15), (34, 15)]","[(34, 16), (33, 16), (32, 16), (31, 16), (30, 16), (29, 16), (28, 16), (27, 16), (26, 16), (25, 16), (24, 16), (23, 16), (22, 16), (21, 16), (20, 16), (19, 16), (18, 16), (17, 16), (16, 16), (15, 16), (14, 16), (13, 16), (12, 16), (11, 16), (10, 16), (9, 16), (8, 16), (7, 16), (6, 16), (5, 16), (4, 16), (3, 16), (2, 16), (1, 16), (1, 15), (1, 14), (1, 13), (1, 12), (1, 11), (1, 10), (1, 9), (1, 8), (1, 7), (2, 7), (3, 7), (4, 7), (4, 8), (4, 9), (4, 10), (3, 10), (4, 11), (4, 12), (4, 13), (4, 14), (5, 14), (6, 14), (6, 13), (6, 12), (6, 11), (6, 10), (6, 9), (6, 8), (7, 8), (8, 8), (8, 9), (8, 10), (8, 11), (8, 12), (8, 13), (8, 14), (9, 14), (10, 14), (10, 13), (10, 12), (10, 11)]",74,0,74
77,"(11, 10)","(10, 10)",East,"[(12, 10) via East]","[(11, 10), (25, 15), (34, 15)]","[(12, 10), (25, 15), (34, 15)]","[(34, 16), (33, 16), (32, 16), (31, 16), (30, 16), (29, 16), (28, 16), (27, 16), (26, 16), (25, 16), (24, 16), (23, 16), (22, 16), (21, 16), (20, 16), (19, 16), (18, 16), (17, 16), (16, 16), (15, 16), (14, 16), (13, 16), (12, 16), (11, 16), (10, 16), (9, 16), (8, 16), (7, 16), (6, 16), (5, 16), (4, 16), (3, 16), (2, 16), (1, 16), (1, 15), (1, 14), (1, 13), (1, 12), (1, 11), (1, 10), (1, 9), (1, 8), (1, 7), (2, 7), (3, 7), (4, 7), (4, 8), (4, 9), (4, 10), (3, 10), (4, 11), (4, 12), (4, 13), (4, 14), (5, 14), (6, 14), (6, 13), (6, 12), (6, 11), (6, 10), (6, 9), (6, 8), (7, 8), (8, 8), (8, 9), (8, 10), (8, 11), (8, 12), (8, 13), (8, 14), (9, 14), (10, 14), (10, 13), (10, 12), (10, 11), (10, 10)]",75,0,75
78,"(12, 10)","(11, 10)",East,"[(12, 11) via North]","[(12, 10), (25, 15), (34, 15)]","[(12, 11), (25, 15), (34, 15)]","[(34, 16), (33, 16), (32, 16), (31, 16), (30, 16), (29, 16), (28, 16), (27, 16), (26, 16), (25, 16), (24, 16), (23, 16), (22, 16), (21, 16), (20, 16), (19, 16), (18, 16), (17, 16), (16, 16), (15, 16), (14, 16), (13, 16), (12, 16), (11, 16), (10, 16), (9, 16), (8, 16), (7, 16), (6, 16), (5, 16), (4, 16), (3, 16), (2, 16), (1, 16), (1, 15), (1, 14), (1, 13), (1, 12), (1, 11), (1, 10), (1, 9), (1, 8), (1, 7), (2, 7), (3, 7), (4, 7), (4, 8), (4, 9), (4, 10), (3, 10), (4, 11), (4, 12), (4, 13), (4, 14), (5, 14), (6, 14), (6, 13), (6, 12), (6, 11), (6, 10), (6, 9), (6, 8), (7, 8), (8, 8), (8, 9), (8, 10), (8, 11), (8, 12), (8, 13), (8, 14), (9, 14), (10, 14), (10, 13), (10, 12), (10, 11), (10, 10), (11, 10)]",76,0,76
79,"(12, 11)","(12, 10)",North,"[(12, 12) via North]","[(12, 11), (25, 15), (34, 15)]","[(12, 12), (25, 15), (34, 15)]","[(34, 16), (33, 16), (32, 16), (31, 16), (30, 16), (29, 16), (28, 16), (27, 16), (26, 16), (25, 16), (24, 16), (23, 16), (22, 16), (21, 16), (20, 16), (19, 16), (18, 16), (17, 16), (16, 16), (15, 16), (14, 16), (13, 16), (12, 16), (11, 16), (10, 16), (9, 16), (8, 16), (7, 16), (6, 16), (5, 16), (4, 16), (3, 16), (2, 16), (1, 16), (1, 15), (1, 14), (1, 13), (1, 12), (1, 11), (1, 10), (1, 9), (1, 8), (1, 7), (2, 7), (3, 7), (4, 7), (4, 8), (4, 9), (4, 10), (3, 10), (4, 11), (4, 12), (4, 13), (4, 14), (5, 14), (6, 14), (6, 13), (6, 12), (6, 11), (6, 10), (6, 9), (6, 8), (7, 8), (8, 8), (8, 9), (8, 10), (8, 11), (8, 12), (8, 13), (8, 14), (9, 14), (10, 14), (10, 13), (10, 12), (10, 11), (10, 10), (11, 10), (12, 10)]",77,0,77
80,"(12, 12)","(12, 11)",North,"[(12, 13) via North, (13, 12) via East]","[(12, 12), (25, 15), (34, 15)]","[(13, 12), (12, 13), (25, 15), (34, 15)]","[(34, 16), (33, 16), (32, 16), (31, 16), (30, 16), (29, 16), (28, 16), (27, 16), (26, 16), (25, 16), (24, 16), (23, 16), (22, 16), (21, 16), (20, 16), (19, 16), (18, 16), (17, 16), (16, 16), (15, 16), (14, 16), (13, 16), (12, 16), (11, 16), (10, 16), (9, 16), (8, 16), (7, 16), (6, 16), (5, 16), (4, 16), (3, 16), (2, 16), (1, 16), (1, 15), (1, 14), (1, 13), (1, 12), (1, 11), (1, 10), (1, 9), (1, 8), (1, 7), (2, 7), (3, 7), (4, 7), (4, 8), (4, 9), (4, 10), (3, 10), (4, 11), (4, 12), (4, 13), (4, 14), (5, 14), (6, 14), (6, 13), (6, 12), (6, 11), (6, 10), (6, 9), (6, 8), (7, 8), (8, 8), (8, 9), (8, 10), (8, 11), (8, 12), (8, 13), (8, 14), (9, 14), (10, 14), (10, 13), (10, 12), (10, 11), (10, 10), (11, 10), (12, 10), (12, 11)]",78,0,78
81,"(13, 12)","(12, 12)",East,"[(14, 12) via East]","[(13, 12), (12, 13), (25, 15), (34, 15)]","[(14, 12), (12, 13), (25, 15), (34, 15)]","[(34, 16), (33, 16), (32, 16), (31, 16), (30, 16), (29, 16), (28, 16), (27, 16), (26, 16), (25, 16), (24, 16), (23, 16), (22, 16), (21, 16), (20, 16), (19, 16), (18, 16), (17, 16), (16, 16), (15, 16), (14, 16), (13, 16), (12, 16), (11, 16), (10, 16), (9, 16), (8, 16), (7, 16), (6, 16), (5, 16), (4, 16), (3, 16), (2, 16), (1, 16), (1, 15), (1, 14), (1, 13), (1, 12), (1, 11), (1, 10), (1, 9), (1, 8), (1, 7), (2, 7), (3, 7), (4, 7), (4, 8), (4, 9), (4, 10), (3, 10), (4, 11), (4, 12), (4, 13), (4, 14), (5, 14), (6, 14), (6, 13), (6, 12), (6, 11), (6, 10), (6, 9), (6, 8), (7, 8), (8, 8), (8, 9), (8, 10), (8, 11), (8, 12), (8, 13), (8, 14), (9, 14), (10, 14), (10, 13), (10, 12), (10, 11), (10, 10), (11, 10), (12, 10), (12, 11), (12, 12)]",79,0,79
82,"(14, 12)","(13, 12)",East,"[(14, 11) via South, (15, 12) via East]","[(14, 12), (12, 13), (25, 15), (34, 15)]","[(15, 12), (14, 11), (12, 13), (25, 15), (34, 15)]","[(34, 16), (33, 16), (32, 16), (31, 16), (30, 16), (29, 16), (28, 16), (27, 16), (26, 16), (25, 16), (24, 16), (23, 16), (22, 16), (21, 16), (20, 16), (19, 16), (18, 16), (17, 16), (16, 16), (15, 16), (14, 16), (13, 16), (12, 16), (11, 16), (10, 16), (9, 16), (8, 16), (7, 16), (6, 16), (5, 16), (4, 16), (3, 16), (2, 16), (1, 16), (1, 15), (1, 14), (1, 13), (1, 12), (1, 11), (1, 10), (1, 9), (1, 8), (1, 7), (2, 7), (3, 7), (4, 7), (4, 8), (4, 9), (4, 10), (3, 10), (4, 11), (4, 12), (4, 13), (4, 14), (5, 14), (6, 14), (6, 13), (6, 12), (6, 11), (6, 10), (6, 9), (6, 8), (7, 8), (8, 8), (8, 9), (8, 10), (8, 11), (8, 12), (8, 13), (8, 14), (9, 14), (10, 14), (10, 13), (10, 12), (10, 11), (10, 10), (11, 10), (12, 10), (12, 11), (12, 12), (13, 12)]",80,0,80
83,"(15, 12)","(14, 12)",East,"[(16, 12) via East]","[(15, 12), (14, 11), (12, 13), (25, 15), (34, 15)]","[(16, 12), (14, 11), (12, 13), (25, 15), (34, 15)]","[(34, 16), (33, 16), (32, 16), (31, 16), (30, 16), (29, 16), (28, 16), (27, 16), (26, 16), (25, 16), (24, 16), (23, 16), (22, 16), (21, 16), (20, 16), (19, 16), (18, 16), (17, 16), (16, 16), (15, 16), (14, 16), (13, 16), (12, 16), (11, 16), (10, 16), (9, 16), (8, 16), (7, 16), (6, 16), (5, 16), (4, 16), (3, 16), (2, 16), (1, 16), (1, 15), (1, 14), (1, 13), (1, 12), (1, 11), (1, 10), (1, 9), (1, 8), (1, 7), (2, 7), (3, 7), (4, 7), (4, 8), (4, 9), (4, 10), (3, 10), (4, 11), (4, 12), (4, 13), (4, 14), (5, 14), (6, 14), (6, 13), (6, 12), (6, 11), (6, 10), (6, 9), (6, 8), (7, 8), (8, 8), (8, 9), (8, 10), (8, 11), (8, 12), (8, 13), (8, 14), (9, 14), (10, 14), (10, 13), (10, 12), (10, 11), (10, 10), (11, 10), (12, 10), (12, 11), (12, 12), (13, 12), (14, 12)]",81,0,81
84,"(16, 12)","(15, 12)",East,"[(17, 12) via East]","[(16, 12), (14, 11), (12, 13), (25, 15), (34, 15)]","[(17, 12), (14, 11), (12, 13), (25, 15), (34, 15)]","[(34, 16), (33, 16), (32, 16), (31, 16), (30, 16), (29, 16), (28, 16), (27, 16), (26, 16), (25, 16), (24, 16), (23, 16), (22, 16), (21, 16), (20, 16), (19, 16), (18, 16), (17, 16), (16, 16), (15, 16), (14, 16), (13, 16), (12, 16), (11, 16), (10, 16), (9, 16), (8, 16), (7, 16), (6, 16), (5, 16), (4, 16), (3, 16), (2, 16), (1, 16), (1, 15), (1, 14), (1, 13), (1, 12), (1, 11), (1, 10), (1, 9), (1, 8), (1, 7), (2, 7), (3, 7), (4, 7), (4, 8), (4, 9), (4, 10), (3, 10), (4, 11), (4, 12), (4, 13), (4, 14), (5, 14), (6, 14), (6, 13), (6, 12), (6, 11), (6, 10), (6, 9), (6, 8), (7, 8), (8, 8), (8, 9), (8, 10), (8, 11), (8, 12), (8, 13), (8, 14), (9, 14), (10, 14), (10, 13), (10, 12), (10, 11), (10, 10), (11, 10), (12, 10), (12, 11), (12, 12), (13, 12), (14, 12), (15, 12)]",82,0,82
85,"(17, 12)","(16, 12)",East,"[(17, 13) via North, (18, 12) via East]","[(17, 12), (14, 11), (12, 13), (25, 15), (34, 15)]","[(18, 12), (17, 13), (14, 11), (12, 13), (25, 15), (34, 15)]","[(34, 16), (33, 16), (32, 16), (31, 16), (30, 16), (29, 16), (28, 16), (27, 16), (26, 16), (25, 16), (24, 16), (23, 16), (22, 16), (21, 16), (20, 16), (19, 16), (18, 16), (17, 16), (16, 16), (15, 16), (14, 16), (13, 16), (12, 16), (11, 16), (10, 16), (9, 16), (8, 16), (7, 16), (6, 16), (5, 16), (4, 16), (3, 16), (2, 16), (1, 16), (1, 15), (1, 14), (1, 13), (1, 12), (1, 11), (1, 10), (1, 9), (1, 8), (1, 7), (2, 7), (3, 7), (4, 7), (4, 8), (4, 9), (4, 10), (3, 10), (4, 11), (4, 12), (4, 13), (4, 14), (5, 14), (6, 14), (6, 13), (6, 12), (6, 11), (6, 10), (6, 9), (6, 8), (7, 8), (8, 8), (8, 9), (8, 10), (8, 11), (8, 12), (8, 13), (8, 14), (9, 14), (10, 14), (10, 13), (10, 12), (10, 11), (10, 10), (11, 10), (12, 10), (12, 11), (12, 12), (13, 12), (14, 12), (15, 12), (16, 12)]",83,0,83
86,"(18, 12)","(17, 12)",East,"[(19, 12) via East]","[(18, 12), (17, 13), (14, 11), (12, 13), (25, 15), (34, 15)]","[(19, 12), (17, 13), (14, 11), (12, 13), (25, 15), (34, 15)]","[(34, 16), (33, 16), (32, 16), (31, 16), (30, 16), (29, 16), (28, 16), (27, 16), (26, 16), (25, 16), (24, 16), (23, 16), (22, 16), (21, 16), (20, 16), (19, 16), (18, 16), (17, 16), (16, 16), (15, 16), (14, 16), (13, 16), (12, 16), (11, 16), (10, 16), (9, 16), (8, 16), (7, 16), (6, 16), (5, 16), (4, 16), (3, 16), (2, 16), (1, 16), (1, 15), (1, 14), (1, 13), (1, 12), (1, 11), (1, 10), (1, 9), (1, 8), (1, 7), (2, 7), (3, 7), (4, 7), (4, 8), (4, 9), (4, 10), (3, 10), (4, 11), (4, 12), (4, 13), (4, 14), (5, 14), (6, 14), (6, 13), (6, 12), (6, 11), (6, 10), (6, 9), (6, 8), (7, 8), (8, 8), (8, 9), (8, 10), (8, 11), (8, 12), (8, 13), (8, 14), (9, 14), (10, 14), (10, 13), (10, 12), (10, 11), (10, 10), (11, 10), (12, 10), (12, 11), (12, 12), (13, 12), (14, 12), (15, 12), (16, 12), (17, 12)]",84,0,84
87,"(19, 12)","(18, 12)",East,"[(19, 11) via South, (20, 12) via East]","[(19, 12), (17, 13), (14, 11), (12, 13), (25, 15), (34, 15)]","[(20, 12), (19, 11), (17, 13), (14, 11), (12, 13), (25, 15), (34, 15)]","[(34, 16), (33, 16), (32, 16), (31, 16), (30, 16), (29, 16), (28, 16), (27, 16), (26, 16), (25, 16), (24, 16), (23, 16), (22, 16), (21, 16), (20, 16), (19, 16), (18, 16), (17, 16), (16, 16), (15, 16), (14, 16), (13, 16), (12, 16), (11, 16), (10, 16), (9, 16), (8, 16), (7, 16), (6, 16), (5, 16), (4, 16), (3, 16), (2, 16), (1, 16), (1, 15), (1, 14), (1, 13), (1, 12), (1, 11), (1, 10), (1, 9), (1, 8), (1, 7), (2, 7), (3, 7), (4, 7), (4, 8), (4, 9), (4, 10), (3, 10), (4, 11), (4, 12), (4, 13), (4, 14), (5, 14), (6, 14), (6, 13), (6, 12), (6, 11), (6, 10), (6, 9), (6, 8), (7, 8), (8, 8), (8, 9), (8, 10), (8, 11), (8, 12), (8, 13), (8, 14), (9, 14), (10, 14), (10, 13), (10, 12), (10, 11), (10, 10), (11, 10), (12, 10), (12, 11), (12, 12), (13, 12), (14, 12), (15, 12), (16, 12), (17, 12), (18, 12)]",85,0,85
88,"(20, 12)","(19, 12)",East,"[(20, 11) via South, (21, 12) via East]","[(20, 12), (19, 11), (17, 13), (14, 11), (12, 13), (25, 15), (34, 15)]","[(21, 12), (20, 11), (19, 11), (17, 13), (14, 11), (12, 13), (25, 15), (34, 15)]","[(34, 16), (33, 16), (32, 16), (31, 16), (30, 16), (29, 16), (28, 16), (27, 16), (26, 16), (25, 16), (24, 16), (23, 16), (22, 16), (21, 16), (20, 16), (19, 16), (18, 16), (17, 16), (16, 16), (15, 16), (14, 16), (13, 16), (12, 16), (11, 16), (10, 16), (9, 16), (8, 16), (7, 16), (6, 16), (5, 16), (4, 16), (3, 16), (2, 16), (1, 16), (1, 15), (1, 14), (1, 13), (1, 12), (1, 11), (1, 10), (1, 9), (1, 8), (1, 7), (2, 7), (3, 7), (4, 7), (4, 8), (4, 9), (4, 10), (3, 10), (4, 11), (4, 12), (4, 13), (4, 14), (5, 14), (6, 14), (6, 13), (6, 12), (6, 11), (6, 10), (6, 9), (6, 8), (7, 8), (8, 8), (8, 9), (8, 10), (8, 11), (8, 12), (8, 13), (8, 14), (9, 14), (10, 14), (10, 13), (10, 12), (10, 11), (10, 10), (11, 10), (12, 10), (12, 11), (12, 12), (13, 12), (14, 12), (15, 12), (16, 12), (17, 12), (18, 12), (19, 12)]",86,0,86
89,"(21, 12)","(20, 12)",East,"[(22, 12) via East]","[(21, 12), (20, 11), (19, 11), (17, 13), (14, 11), (12, 13), (25, 15), (34, 15)]","[(22, 12), (20, 11), (19, 11), (17, 13), (14, 11), (12, 13), (25, 15), (34, 15)]","[(34, 16), (33, 16), (32, 16), (31, 16), (30, 16), (29, 16), (28, 16), (27, 16), (26, 16), (25, 16), (24, 16), (23, 16), (22, 16), (21, 16), (20, 16), (19, 16), (18, 16), (17, 16), (16, 16), (15, 16), (14, 16), (13, 16), (12, 16), (11, 16), (10, 16), (9, 16), (8, 16), (7, 16), (6, 16), (5, 16), (4, 16), (3, 16), (2, 16), (1, 16), (1, 15), (1, 14), (1, 13), (1, 12), (1, 11), (1, 10), (1, 9), (1, 8), (1, 7), (2, 7), (3, 7), (4, 7), (4, 8), (4, 9), (4, 10), (3, 10), (4, 11), (4, 12), (4, 13), (4, 14), (5, 14), (6, 14), (6, 13), (6, 12), (6, 11), (6, 10), (6, 9), (6, 8), (7, 8), (8, 8), (8, 9), (8, 10), (8, 11), (8, 12), (8, 13), (8, 14), (9, 14), (10, 14), (10, 13), (10, 12), (10, 11), (10, 10), (11, 10), (12, 10), (12, 11), (12, 12), (13, 12), (14, 12), (15, 12), (16, 12), (17, 12), (18, 12), (19, 12), (20, 12)]",87,0,87
90,"(22, 12)","(21, 12)",East,"[(23, 12) via East]","[(22, 12), (20, 11), (19, 11), (17, 13), (14, 11), (12, 13), (25, 15), (34, 15)]","[(23, 12), (20, 11), (19, 11), (17, 13), (14, 11), (12, 13), (25, 15), (34, 15)]","[(34, 16), (33, 16), (32, 16), (31, 16), (30, 16), (29, 16), (28, 16), (27, 16), (26, 16), (25, 16), (24, 16), (23, 16), (22, 16), (21, 16), (20, 16), (19, 16), (18, 16), (17, 16), (16, 16), (15, 16), (14, 16), (13, 16), (12, 16), (11, 16), (10, 16), (9, 16), (8, 16), (7, 16), (6, 16), (5, 16), (4, 16), (3, 16), (2, 16), (1, 16), (1, 15), (1, 14), (1, 13), (1, 12), (1, 11), (1, 10), (1, 9), (1, 8), (1, 7), (2, 7), (3, 7), (4, 7), (4, 8), (4, 9), (4, 10), (3, 10), (4, 11), (4, 12), (4, 13), (4, 14), (5, 14), (6, 14), (6, 13), (6, 12), (6, 11), (6, 10), (6, 9), (6, 8), (7, 8), (8, 8), (8, 9), (8, 10), (8, 11), (8, 12), (8, 13), (8, 14), (9, 14), (10, 14), (10, 13), (10, 12), (10, 11), (10, 10), (11, 10), (12, 10), (12, 11), (12, 12), (13, 12), (14, 12), (15, 12), (16, 12), (17, 12), (18, 12), (19, 12), (20, 12), (21, 12)]",88,0,88
91,"(23, 12)","(22, 12)",East,"[(24, 12) via East]","[(23, 12), (20, 11), (19, 11), (17, 13), (14, 11), (12, 13), (25, 15), (34, 15)]","[(24, 12), (20, 11), (19, 11), (17, 13), (14, 11), (12, 13), (25, 15), (34, 15)]","[(34, 16), (33, 16), (32, 16), (31, 16), (30, 16), (29, 16), (28, 16), (27, 16), (26, 16), (25, 16), (24, 16), (23, 16), (22, 16), (21, 16), (20, 16), (19, 16), (18, 16), (17, 16), (16, 16), (15, 16), (14, 16), (13, 16), (12, 16), (11, 16), (10, 16), (9, 16), (8, 16), (7, 16), (6, 16), (5, 16), (4, 16), (3, 16), (2, 16), (1, 16), (1, 15), (1, 14), (1, 13), (1, 12), (1, 11), (1, 10), (1, 9), (1, 8), (1, 7), (2, 7), (3, 7), (4, 7), (4, 8), (4, 9), (4, 10), (3, 10), (4, 11), (4, 12), (4, 13), (4, 14), (5, 14), (6, 14), (6, 13), (6, 12), (6, 11), (6, 10), (6, 9), (6, 8), (7, 8), (8, 8), (8, 9), (8, 10), (8, 11), (8, 12), (8, 13), (8, 14), (9, 14), (10, 14), (10, 13), (10, 12), (10, 11), (10, 10), (11, 10), (12, 10), (12, 11), (12, 12), (13, 12), (14, 12), (15, 12), (16, 12), (17, 12), (18, 12), (19, 12), (20, 12), (21, 12), (22, 12)]",89,0,89
92,"(24, 12)","(23, 12)",East,"[(24, 11) via South]","[(24, 12), (20, 11), (19, 11), (17, 13), (14, 11), (12, 13), (25, 15), (34, 15)]","[(24, 11), (20, 11), (19, 11), (17, 13), (14, 11), (12, 13), (25, 15), (34, 15)]","[(34, 16), (33, 16), (32, 16), (31, 16), (30, 16), (29, 16), (28, 16), (27, 16), (26, 16), (25, 16), (24, 16), (23, 16), (22, 16), (21, 16), (20, 16), (19, 16), (18, 16), (17, 16), (16, 16), (15, 16), (14, 16), (13, 16), (12, 16), (11, 16), (10, 16), (9, 16), (8, 16), (7, 16), (6, 16), (5, 16), (4, 16), (3, 16), (2, 16), (1, 16), (1, 15), (1, 14), (1, 13), (1, 12), (1, 11), (1, 10), (1, 9), (1, 8), (1, 7), (2, 7), (3, 7), (4, 7), (4, 8), (4, 9), (4, 10), (3, 10), (4, 11), (4, 12), (4, 13), (4, 14), (5, 14), (6, 14), (6, 13), (6, 12), (6, 11), (6, 10), (6, 9), (6, 8), (7, 8), (8, 8), (8, 9), (8, 10), (8, 11), (8, 12), (8, 13), (8, 14), (9, 14), (10, 14), (10, 13), (10, 12), (10, 11), (10, 10), (11, 10), (12, 10), (12, 11), (12, 12), (13, 12), (14, 12), (15, 12), (16, 12), (17, 12), (18, 12), (19, 12), (20, 12), (21, 12), (22, 12), (23, 12)]",90,0,90
93,"(24, 11)","(24, 12)",South,"[(25, 11) via East]","[(24, 11), (20, 11), (19, 11), (17, 13), (14, 11), (12, 13), (25, 15), (34, 15)]","[(25, 11), (20, 11), (19, 11), (17, 13), (14, 11), (12, 13), (25, 15), (34, 15)]","[(34, 16), (33, 16), (32, 16), (31, 16), (30, 16), (29, 16), (28, 16), (27, 16), (26, 16), (25, 16), (24, 16), (23, 16), (22, 16), (21, 16), (20, 16), (19, 16), (18, 16), (17, 16), (16, 16), (15, 16), (14, 16), (13, 16), (12, 16), (11, 16), (10, 16), (9, 16), (8, 16), (7, 16), (6, 16), (5, 16), (4, 16), (3, 16), (2, 16), (1, 16), (1, 15), (1, 14), (1, 13), (1, 12), (1, 11), (1, 10), (1, 9), (1, 8), (1, 7), (2, 7), (3, 7), (4, 7), (4, 8), (4, 9), (4, 10), (3, 10), (4, 11), (4, 12), (4, 13), (4, 14), (5, 14), (6, 14), (6, 13), (6, 12), (6, 11), (6, 10), (6, 9), (6, 8), (7, 8), (8, 8), (8, 9), (8, 10), (8, 11), (8, 12), (8, 13), (8, 14), (9, 14), (10, 14), (10, 13), (10, 12), (10, 11), (10, 10), (11, 10), (12, 10), (12, 11), (12, 12), (13, 12), (14, 12), (15, 12), (16, 12), (17, 12), (18, 12), (19, 12), (20, 12), (21, 12), (22, 12), (23, 12), (24, 12)]",91,0,91
94,"(25, 11)","(24, 11)",East,"[(26, 11) via East]","[(25, 11), (20, 11), (19, 11), (17, 13), (14, 11), (12, 13), (25, 15), (34, 15)]","[(26, 11), (20, 11), (19, 11), (17, 13), (14, 11), (12, 13), (25, 15), (34, 15)]","[(34, 16), (33, 16), (32, 16), (31, 16), (30, 16), (29, 16), (28, 16), (27, 16), (26, 16), (25, 16), (24, 16), (23, 16), (22, 16), (21, 16), (20, 16), (19, 16), (18, 16), (17, 16), (16, 16), (15, 16), (14, 16), (13, 16), (12, 16), (11, 16), (10, 16), (9, 16), (8, 16), (7, 16), (6, 16), (5, 16), (4, 16), (3, 16), (2, 16), (1, 16), (1, 15), (1, 14), (1, 13), (1, 12), (1, 11), (1, 10), (1, 9), (1, 8), (1, 7), (2, 7), (3, 7), (4, 7), (4, 8), (4, 9), (4, 10), (3, 10), (4, 11), (4, 12), (4, 13), (4, 14), (5, 14), (6, 14), (6, 13), (6, 12), (6, 11), (6, 10), (6, 9), (6, 8), (7, 8), (8, 8), (8, 9), (8, 10), (8, 11), (8, 12), (8, 13), (8, 14), (9, 14), (10, 14), (10, 13), (10, 12), (10, 11), (10, 10), (11, 10), (12, 10), (12, 11), (12, 12), (13, 12), (14, 12), (15, 12), (16, 12), (17, 12), (18, 12), (19, 12), (20, 12), (21, 12), (22, 12), (23, 12), (24, 12), (24, 11)]",92,0,92
95,"(26, 11)","(25, 11)",East,"[(27, 11) via East]","[(26, 11), (20, 11), (19, 11), (17, 13), (14, 11), (12, 13), (25, 15), (34, 15)]","[(27, 11), (20, 11), (19, 11), (17, 13), (14, 11), (12, 13), (25, 15), (34, 15)]","[(34, 16), (33, 16), (32, 16), (31, 16), (30, 16), (29, 16), (28, 16), (27, 16), (26, 16), (25, 16), (24, 16), (23, 16), (22, 16), (21, 16), (20, 16), (19, 16), (18, 16), (17, 16), (16, 16), (15, 16), (14, 16), (13, 16), (12, 16), (11, 16), (10, 16), (9, 16), (8, 16), (7, 16), (6, 16), (5, 16), (4, 16), (3, 16), (2, 16), (1, 16), (1, 15), (1, 14), (1, 13), (1, 12), (1, 11), (1, 10), (1, 9), (1, 8), (1, 7), (2, 7), (3, 7), (4, 7), (4, 8), (4, 9), (4, 10), (3, 10), (4, 11), (4, 12), (4, 13), (4, 14), (5, 14), (6, 14), (6, 13), (6, 12), (6, 11), (6, 10), (6, 9), (6, 8), (7, 8), (8, 8), (8, 9), (8, 10), (8, 11), (8, 12), (8, 13), (8, 14), (9, 14), (10, 14), (10, 13), (10, 12), (10, 11), (10, 10), (11, 10), (12, 10), (12, 11), (12, 12), (13, 12), (14, 12), (15, 12), (16, 12), (17, 12), (18, 12), (19, 12), (20, 12), (21, 12), (22, 12), (23, 12), (24, 12), (24, 11), (25, 11)]",93,0,93
96,"(27, 11)","(26, 11)",East,"[(27, 12) via North]","[(27, 11), (20, 11), (19, 11), (17, 13), (14, 11), (12, 13), (25, 15), (34, 15)]","[(27, 12), (20, 11), (19, 11), (17, 13), (14, 11), (12, 13), (25, 15), (34, 15)]","[(34, 16), (33, 16), (32, 16), (31, 16), (30, 16), (29, 16), (28, 16), (27, 16), (26, 16), (25, 16), (24, 16), (23, 16), (22, 16), (21, 16), (20, 16), (19, 16), (18, 16), (17, 16), (16, 16), (15, 16), (14, 16), (13, 16), (12, 16), (11, 16), (10, 16), (9, 16), (8, 16), (7, 16), (6, 16), (5, 16), (4, 16), (3, 16), (2, 16), (1, 16), (1, 15), (1, 14), (1, 13), (1, 12), (1, 11), (1, 10), (1, 9), (1, 8), (1, 7), (2, 7), (3, 7), (4, 7), (4, 8), (4, 9), (4, 10), (3, 10), (4, 11), (4, 12), (4, 13), (4, 14), (5, 14), (6, 14), (6, 13), (6, 12), (6, 11), (6, 10), (6, 9), (6, 8), (7, 8), (8, 8), (8, 9), (8, 10), (8, 11), (8, 12), (8, 13), (8, 14), (9, 14), (10, 14), (10, 13), (10, 12), (10, 11), (10, 10), (11, 10), (12, 10), (12, 11), (12, 12), (13, 12), (14, 12), (15, 12), (16, 12), (17, 12), (18, 12), (19, 12), (20, 12), (21, 12), (22, 12), (23, 12), (24, 12), (24, 11), (25, 11), (26, 11)]",94,0,94
97,"(27, 12)","(27, 11)",North,"[(27, 13) via North]","[(27, 12), (20, 11), (19, 11), (17, 13), (14, 11), (12, 13), (25, 15), (34, 15)]","[(27, 13), (20, 11), (19, 11), (17, 13), (14, 11), (12, 13), (25, 15), (34, 15)]","[(34, 16), (33, 16), (32, 16), (31, 16), (30, 16), (29, 16), (28, 16), (27, 16), (26, 16), (25, 16), (24, 16), (23, 16), (22, 16), (21, 16), (20, 16), (19, 16), (18, 16), (17, 16), (16, 16), (15, 16), (14, 16), (13, 16), (12, 16), (11, 16), (10, 16), (9, 16), (8, 16), (7, 16), (6, 16), (5, 16), (4, 16), (3, 16), (2, 16), (1, 16), (1, 15), (1, 14), (1, 13), (1, 12), (1, 11), (1, 10), (1, 9), (1, 8), (1, 7), (2, 7), (3, 7), (4, 7), (4, 8), (4, 9), (4, 10), (3, 10), (4, 11), (4, 12), (4, 13), (4, 14), (5, 14), (6, 14), (6, 13), (6, 12), (6, 11), (6, 10), (6, 9), (6, 8), (7, 8), (8, 8), (8, 9), (8, 10), (8, 11), (8, 12), (8, 13), (8, 14), (9, 14), (10, 14), (10, 13), (10, 12), (10, 11), (10, 10), (11, 10), (12, 10), (12, 11), (12, 12), (13, 12), (14, 12), (15, 12), (16, 12), (17, 12), (18, 12), (19, 12), (20, 12), (21, 12), (22, 12), (23, 12), (24, 12), (24, 11), (25, 11), (26, 11), (27, 11)]",95,0,95
98,"(27, 13)","(27, 12)",North,"[(27, 14) via North]","[(27, 13), (20, 11), (19, 11), (17, 13), (14, 11), (12, 13), (25, 15), (34, 15)]","[(27, 14), (20, 11), (19, 11), (17, 13), (14, 11), (12, 13), (25, 15), (34, 15)]","[(34, 16), (33, 16), (32, 16), (31, 16), (30, 16), (29, 16), (28, 16), (27, 16), (26, 16), (25, 16), (24, 16), (23, 16), (22, 16), (21, 16), (20, 16), (19, 16), (18, 16), (17, 16), (16, 16), (15, 16), (14, 16), (13, 16), (12, 16), (11, 16), (10, 16), (9, 16), (8, 16), (7, 16), (6, 16), (5, 16), (4, 16), (3, 16), (2, 16), (1, 16), (1, 15), (1, 14), (1, 13), (1, 12), (1, 11), (1, 10), (1, 9), (1, 8), (1, 7), (2, 7), (3, 7), (4, 7), (4, 8), (4, 9), (4, 10), (3, 10), (4, 11), (4, 12), (4, 13), (4, 14), (5, 14), (6, 14), (6, 13), (6, 12), (6, 11), (6, 10), (6, 9), (6, 8), (7, 8), (8, 8), (8, 9), (8, 10), (8, 11), (8, 12), (8, 13), (8, 14), (9, 14), (10, 14), (10, 13), (10, 12), (10, 11), (10, 10), (11, 10), (12, 10), (12, 11), (12, 12), (13, 12), (14, 12), (15, 12), (16, 12), (17, 12), (18, 12), (19, 12), (20, 12), (21, 12), (22, 12), (23, 12), (24, 12), (24, 11), (25, 11), (26, 11), (27, 11), (27, 12)]",96,0,96
99,"(27, 14)","(27, 13)",North,"[(26, 14) via West]","[(27, 14), (20, 11), (19, 11), (17, 13), (14, 11), (12, 13), (25, 15), (34, 15)]","[(26, 14), (20, 11), (19, 11), (17, 13), (14, 11), (12, 13), (25, 15), (34, 15)]","[(34, 16), (33, 16), (32, 16), (31, 16), (30, 16), (29, 16), (28, 16), (27, 16), (26, 16), (25, 16), (24, 16), (23, 16), (22, 16), (21, 16), (20, 16), (19, 16), (18, 16), (17, 16), (16, 16), (15, 16), (14, 16), (13, 16), (12, 16), (11, 16), (10, 16), (9, 16), (8, 16), (7, 16), (6, 16), (5, 16), (4, 16), (3, 16), (2, 16), (1, 16), (1, 15), (1, 14), (1, 13), (1, 12), (1, 11), (1, 10), (1, 9), (1, 8), (1, 7), (2, 7), (3, 7), (4, 7), (4, 8), (4, 9), (4, 10), (3, 10), (4, 11), (4, 12), (4, 13), (4, 14), (5, 14), (6, 14), (6, 13), (6, 12), (6, 11), (6, 10), (6, 9), (6, 8), (7, 8), (8, 8), (8, 9), (8, 10), (8, 11), (8, 12), (8, 13), (8, 14), (9, 14), (10, 14), (10, 13), (10, 12), (10, 11), (10, 10), (11, 10), (12, 10), (12, 11), (12, 12), (13, 12), (14, 12), (15, 12), (16, 12), (17, 12), (18, 12), (19, 12), (20, 12), (21, 12), (22, 12), (23, 12), (24, 12), (24, 11), (25, 11), (26, 11), (27, 11), (27, 12), (27, 13)]",97,0,97
100,"(26, 14)","(27, 14)",West,"[(25, 14) via West]","[(26, 14), (20, 11), (19, 11), (17, 13), (14, 11), (12, 13), (25, 15), (34, 15)]","[(25, 14), (20, 11), (19, 11), (17, 13), (14, 11), (12, 13), (25, 15), (34, 15)]","[(34, 16), (33, 16), (32, 16), (31, 16), (30, 16), (29, 16), (28, 16), (27, 16), (26, 16), (25, 16), (24, 16), (23, 16), (22, 16), (21, 16), (20, 16), (19, 16), (18, 16), (17, 16), (16, 16), (15, 16), (14, 16), (13, 16), (12, 16), (11, 16), (10, 16), (9, 16), (8, 16), (7, 16), (6, 16), (5, 16), (4, 16), (3, 16), (2, 16), (1, 16), (1, 15), (1, 14), (1, 13), (1, 12), (1, 11), (1, 10), (1, 9), (1, 8), (1, 7), (2, 7), (3, 7), (4, 7), (4, 8), (4, 9), (4, 10), (3, 10), (4, 11), (4, 12), (4, 13), (4, 14), (5, 14), (6, 14), (6, 13), (6, 12), (6, 11), (6, 10), (6, 9), (6, 8), (7, 8), (8, 8), (8, 9), (8, 10), (8, 11), (8, 12), (8, 13), (8, 14), (9, 14), (10, 14), (10, 13), (10, 12), (10, 11), (10, 10), (11, 10), (12, 10), (12, 11), (12, 12), (13, 12), (14, 12), (15, 12), (16, 12), (17, 12), (18, 12), (19, 12), (20, 12), (21, 12), (22, 12), (23, 12), (24, 12), (24, 11), (25, 11), (26, 11), (27, 11), (27, 12), (27, 13), (27, 14)]",98,0,98
101,"(25, 14)","(26, 14)",West,"[(25, 15) via North]","[(25, 14), (20, 11), (19, 11), (17, 13), (14, 11), (12, 13), (25, 15), (34, 15)]","[(25, 15), (20, 11), (19, 11), (17, 13), (14, 11), (12, 13), (25, 15), (34, 15)]","[(34, 16), (33, 16), (32, 16), (31, 16), (30, 16), (29, 16), (28, 16), (27, 16), (26, 16), (25, 16), (24, 16), (23, 16), (22, 16), (21, 16), (20, 16), (19, 16), (18, 16), (17, 16), (16, 16), (15, 16), (14, 16), (13, 16), (12, 16), (11, 16), (10, 16), (9, 16), (8, 16), (7, 16), (6, 16), (5, 16), (4, 16), (3, 16), (2, 16), (1, 16), (1, 15), (1, 14), (1, 13), (1, 12), (1, 11), (1, 10), (1, 9), (1, 8), (1, 7), (2, 7), (3, 7), (4, 7), (4, 8), (4, 9), (4, 10), (3, 10), (4, 11), (4, 12), (4, 13), (4, 14), (5, 14), (6, 14), (6, 13), (6, 12), (6, 11), (6, 10), (6, 9), (6, 8), (7, 8), (8, 8), (8, 9), (8, 10), (8, 11), (8, 12), (8, 13), (8, 14), (9, 14), (10, 14), (10, 13), (10, 12), (10, 11), (10, 10), (11, 10), (12, 10), (12, 11), (12, 12), (13, 12), (14, 12), (15, 12), (16, 12), (17, 12), (18, 12), (19, 12), (20, 12), (21, 12), (22, 12), (23, 12), (24, 12), (24, 11), (25, 11), (26, 11), (27, 11), (27, 12), (27, 13), (27, 14), (26, 14)]",99,0,99
102,"(25, 15)","(25, 14)",North,[],"[(25, 15), (20, 11), (19, 11), (17, 13), (14, 11), (12, 13), (25, 15), (34, 15)]","[(20, 11), (19, 11), (17, 13), (14, 11), (12, 13), (25, 15), (34, 15)]","[(34, 16), (33, 16), (32, 16), (31, 16), (30, 16), (29, 16), (28, 16), (27, 16), (26, 16), (25, 16), (24, 16), (23, 16), (22, 16), (21, 16), (20, 16), (19, 16), (18, 16), (17, 16), (16, 16), (15, 16), (14, 16), (13, 16), (12, 16), (11, 16), (10, 16), (9, 16), (8, 16), (7, 16), (6, 16), (5, 16), (4, 16), (3, 16), (2, 16), (1, 16), (1, 15), (1, 14), (1, 13), (1, 12), (1, 11), (1, 10), (1, 9), (1, 8), (1, 7), (2, 7), (3, 7), (4, 7), (4, 8), (4, 9), (4, 10), (3, 10), (4, 11), (4, 12), (4, 13), (4, 14), (5, 14), (6, 14), (6, 13), (6, 12), (6, 11), (6, 10), (6, 9), (6, 8), (7, 8), (8, 8), (8, 9), (8, 10), (8, 11), (8, 12), (8, 13), (8, 14), (9, 14), (10, 14), (10, 13), (10, 12), (10, 11), (10, 10), (11, 10), (12, 10), (12, 11), (12, 12), (13, 12), (14, 12), (15, 12), (16, 12), (17, 12), (18, 12), (19, 12), (20, 12), (21, 12), (22, 12), (23, 12), (24, 12), (24, 11), (25, 11), (26, 11), (27, 11), (27, 12), (27, 13), (27, 14), (26, 14), (25, 14)]",100,0,100
103,"(20, 11)","(20, 12)",South,"[(20, 10) via South, (19, 11) via West]","[(20, 11), (19, 11), (17, 13), (14, 11), (12, 13), (25, 15), (34, 15)]","[(19, 11), (20, 10), (19, 11), (17, 13), (14, 11), (12, 13), (25, 15), (34, 15)]","[(34, 16), (33, 16), (32, 16), (31, 16), (30, 16), (29, 16), (28, 16), (27, 16), (26, 16), (25, 16), (24, 16), (23, 16), (22, 16), (21, 16), (20, 16), (19, 16), (18, 16), (17, 16), (16, 16), (15, 16), (14, 16), (13, 16), (12, 16), (11, 16), (10, 16), (9, 16), (8, 16), (7, 16), (6, 16), (5, 16), (4, 16), (3, 16), (2, 16), (1, 16), (1, 15), (1, 14), (1, 13), (1, 12), (1, 11), (1, 10), (1, 9), (1, 8), (1, 7), (2, 7), (3, 7), (4, 7), (4, 8), (4, 9), (4, 10), (3, 10), (4, 11), (4, 12), (4, 13), (4, 14), (5, 14), (6, 14), (6, 13), (6, 12), (6, 11), (6, 10), (6, 9), (6, 8), (7, 8), (8, 8), (8, 9), (8, 10), (8, 11), (8, 12), (8, 13), (8, 14), (9, 14), (10, 14), (10, 13), (10, 12), (10, 11), (10, 10), (11, 10), (12, 10), (12, 11), (12, 12), (13, 12), (14, 12), (15, 12), (16, 12), (17, 12), (18, 12), (19, 12), (20, 12), (21, 12), (22, 12), (23, 12), (24, 12), (24, 11), (25, 11), (26, 11), (27, 11), (27, 12), (27, 13), (27, 14), (26, 14), (25, 14), (25, 15)]",87,0,87
104,"(19, 11)","(20, 11)",West,[],"[(19, 11), (20, 10), (19, 11), (17, 13), (14, 11), (12, 13), (25, 15), (34, 15)]","[(20, 10), (19, 11), (17, 13), (14, 11), (12, 13), (25, 15), (34, 15)]","[(34, 16), (33, 16), (32, 16), (31, 16), (30, 16), (29, 16), (28, 16), (27, 16), (26, 16), (25, 16), (24, 16), (23, 16), (22, 16), (21, 16), (20, 16), (19, 16), (18, 16), (17, 16), (16, 16), (15, 16), (14, 16), (13, 16), (12, 16), (11, 16), (10, 16), (9, 16), (8, 16), (7, 16), (6, 16), (5, 16), (4, 16), (3, 16), (2, 16), (1, 16), (1, 15), (1, 14), (1, 13), (1, 12), (1, 11), (1, 10), (1, 9), (1, 8), (1, 7), (2, 7), (3, 7), (4, 7), (4, 8), (4, 9), (4, 10), (3, 10), (4, 11), (4, 12), (4, 13), (4, 14), (5, 14), (6, 14), (6, 13), (6, 12), (6, 11), (6, 10), (6, 9), (6, 8), (7, 8), (8, 8), (8, 9), (8, 10), (8, 11), (8, 12), (8, 13), (8, 14), (9, 14), (10, 14), (10, 13), (10, 12), (10, 11), (10, 10), (11, 10), (12, 10), (12, 11), (12, 12), (13, 12), (14, 12), (15, 12), (16, 12), (17, 12), (18, 12), (19, 12), (20, 12), (21, 12), (22, 12), (23, 12), (24, 12), (24, 11), (25, 11), (26, 11), (27, 11), (27, 12), (27, 13), (27, 14), (26, 14), (25, 14), (25, 15), (20, 11)]",88,0,88
105,"(20, 10)","(20, 11)",South,"[(20, 9) via South]","[(20, 10), (19, 11), (17, 13), (14, 11), (12, 13), (25, 15), (34, 15)]","[(20, 9), (19, 11), (17, 13), (14, 11), (12, 13), (25, 15), (34, 15)]","[(34, 16), (33, 16), (32, 16), (31, 16), (30, 16), (29, 16), (28, 16), (27, 16), (26, 16), (25, 16), (24, 16), (23, 16), (22, 16), (21, 16), (20, 16), (19, 16), (18, 16), (17, 16), (16, 16), (15, 16), (14, 16), (13, 16), (12, 16), (11, 16), (10, 16), (9, 16), (8, 16), (7, 16), (6, 16), (5, 16), (4, 16), (3, 16), (2, 16), (1, 16), (1, 15), (1, 14), (1, 13), (1, 12), (1, 11), (1, 10), (1, 9), (1, 8), (1, 7), (2, 7), (3, 7), (4, 7), (4, 8), (4, 9), (4, 10), (3, 10), (4, 11), (4, 12), (4, 13), (4, 14), (5, 14), (6, 14), (6, 13), (6, 12), (6, 11), (6, 10), (6, 9), (6, 8), (7, 8), (8, 8), (8, 9), (8, 10), (8, 11), (8, 12), (8, 13), (8, 14), (9, 14), (10, 14), (10, 13), (10, 12), (10, 11), (10, 10), (11, 10), (12, 10), (12, 11), (12, 12), (13, 12), (14, 12), (15, 12), (16, 12), (17, 12), (18, 12), (19, 12), (20, 12), (21, 12), (22, 12), (23, 12), (24, 12), (24, 11), (25, 11), (26, 11), (27, 11), (27, 12), (27, 13), (27, 14), (26, 14), (25, 14), (25, 15), (20, 11), (19, 11)]",88,0,88
106,"(20, 9)","(20, 10)",South,"[(21, 9) via East]","[(20, 9), (19, 11), (17, 13), (14, 11), (12, 13), (25, 15), (34, 15)]","[(21, 9), (19, 11), (17, 13), (14, 11), (12, 13), (25, 15), (34, 15)]","[(34, 16), (33, 16), (32, 16), (31, 16), (30, 16), (29, 16), (28, 16), (27, 16), (26, 16), (25, 16), (24, 16), (23, 16), (22, 16), (21, 16), (20, 16), (19, 16), (18, 16), (17, 16), (16, 16), (15, 16), (14, 16), (13, 16), (12, 16), (11, 16), (10, 16), (9, 16), (8, 16), (7, 16), (6, 16), (5, 16), (4, 16), (3, 16), (2, 16), (1, 16), (1, 15), (1, 14), (1, 13), (1, 12), (1, 11), (1, 10), (1, 9), (1, 8), (1, 7), (2, 7), (3, 7), (4, 7), (4, 8), (4, 9), (4, 10), (3, 10), (4, 11), (4, 12), (4, 13), (4, 14), (5, 14), (6, 14), (6, 13), (6, 12), (6, 11), (6, 10), (6, 9), (6, 8), (7, 8), (8, 8), (8, 9), (8, 10), (8, 11), (8, 12), (8, 13), (8, 14), (9, 14), (10, 14), (10, 13), (10, 12), (10, 11), (10, 10), (11, 10), (12, 10), (12, 11), (12, 12), (13, 12), (14, 12), (15, 12), (16, 12), (17, 12), (18, 12), (19, 12), (20, 12), (21, 12), (22, 12), (23, 12), (24, 12), (24, 11), (25, 11), (26, 11), (27, 11), (27, 12), (27, 13), (27, 14), (26, 14), (25, 14), (25, 15), (20, 11), (19, 11), (20, 10)]",89,0,89
107,"(21, 9)","(20, 9)",East,"[(22, 9) via East]","[(21, 9), (19, 11), (17, 13), (14, 11), (12, 13), (25, 15), (34, 15)]","[(22, 9), (19, 11), (17, 13), (14, 11), (12, 13), (25, 15), (34, 15)]","[(34, 16), (33, 16), (32, 16), (31, 16), (30, 16), (29, 16), (28, 16), (27, 16), (26, 16), (25, 16), (24, 16), (23, 16), (22, 16), (21, 16), (20, 16), (19, 16), (18, 16), (17, 16), (16, 16), (15, 16), (14, 16), (13, 16), (12, 16), (11, 16), (10, 16), (9, 16), (8, 16), (7, 16), (6, 16), (5, 16), (4, 16), (3, 16), (2, 16), (1, 16), (1, 15), (1, 14), (1, 13), (1, 12), (1, 11), (1, 10), (1, 9), (1, 8), (1, 7), (2, 7), (3, 7), (4, 7), (4, 8), (4, 9), (4, 10), (3, 10), (4, 11), (4, 12), (4, 13), (4, 14), (5, 14), (6, 14), (6, 13), (6, 12), (6, 11), (6, 10), (6, 9), (6, 8), (7, 8), (8, 8), (8, 9), (8, 10), (8, 11), (8, 12), (8, 13), (8, 14), (9, 14), (10, 14), (10, 13), (10, 12), (10, 11), (10, 10), (11, 10), (12, 10), (12, 11), (12, 12), (13, 12), (14, 12), (15, 12), (16, 12), (17, 12), (18, 12), (19, 12), (20, 12), (21, 12), (22, 12), (23, 12), (24, 12), (24, 11), (25, 11), (26, 11), (27, 11), (27, 12), (27, 13), (27, 14), (26, 14), (25, 14), (25, 15), (20, 11), (19, 11), (20, 10), (20, 9)]",90,0,90
108,"(22, 9)","(21, 9)",East,"[(23, 9) via East]","[(22, 9), (19, 11), (17, 13), (14, 11), (12, 13), (25, 15), (34, 15)]","[(23, 9), (19, 11), (17, 13), (14, 11), (12, 13), (25, 15), (34, 15)]","[(34, 16), (33, 16), (32, 16), (31, 16), (30, 16), (29, 16), (28, 16), (27, 16), (26, 16), (25, 16), (24, 16), (23, 16), (22, 16), (21, 16), (20, 16), (19, 16), (18, 16), (17, 16), (16, 16), (15, 16), (14, 16), (13, 16), (12, 16), (11, 16), (10, 16), (9, 16), (8, 16), (7, 16), (6, 16), (5, 16), (4, 16), (3, 16), (2, 16), (1, 16), (1, 15), (1, 14), (1, 13), (1, 12), (1, 11), (1, 10), (1, 9), (1, 8), (1, 7), (2, 7), (3, 7), (4, 7), (4, 8), (4, 9), (4, 10), (3, 10), (4, 11), (4, 12), (4, 13), (4, 14), (5, 14), (6, 14), (6, 13), (6, 12), (6, 11), (6, 10), (6, 9), (6, 8), (7, 8), (8, 8), (8, 9), (8, 10), (8, 11), (8, 12), (8, 13), (8, 14), (9, 14), (10, 14), (10, 13), (10, 12), (10, 11), (10, 10), (11, 10), (12, 10), (12, 11), (12, 12), (13, 12), (14, 12), (15, 12), (16, 12), (17, 12), (18, 12), (19, 12), (20, 12), (21, 12), (22, 12), (23, 12), (24, 12), (24, 11), (25, 11), (26, 11), (27, 11), (27, 12), (27, 13), (27, 14), (26, 14), (25, 14), (25, 15), (20, 11), (19, 11), (20, 10), (20, 9), (21, 9)]",91,0,91
109,"(23, 9)","(22, 9)",East,"[(24, 9) via East]","[(23, 9), (19, 11), (17, 13), (14, 11), (12, 13), (25, 15), (34, 15)]","[(24, 9), (19, 11), (17, 13), (14, 11), (12, 13), (25, 15), (34, 15)]","[(34, 16), (33, 16), (32, 16), (31, 16), (30, 16), (29, 16), (28, 16), (27, 16), (26, 16), (25, 16), (24, 16), (23, 16), (22, 16), (21, 16), (20, 16), (19, 16), (18, 16), (17, 16), (16, 16), (15, 16), (14, 16), (13, 16), (12, 16), (11, 16), (10, 16), (9, 16), (8, 16), (7, 16), (6, 16), (5, 16), (4, 16), (3, 16), (2, 16), (1, 16), (1, 15), (1, 14), (1, 13), (1, 12), (1, 11), (1, 10), (1, 9), (1, 8), (1, 7), (2, 7), (3, 7), (4, 7), (4, 8), (4, 9), (4, 10), (3, 10), (4, 11), (4, 12), (4, 13), (4, 14), (5, 14), (6, 14), (6, 13), (6, 12), (6, 11), (6, 10), (6, 9), (6, 8), (7, 8), (8, 8), (8, 9), (8, 10), (8, 11), (8, 12), (8, 13), (8, 14), (9, 14), (10, 14), (10, 13), (10, 12), (10, 11), (10, 10), (11, 10), (12, 10), (12, 11), (12, 12), (13, 12), (14, 12), (15, 12), (16, 12), (17, 12), (18, 12), (19, 12), (20, 12), (21, 12), (22, 12), (23, 12), (24, 12), (24, 11), (25, 11), (26, 11), (27, 11), (27, 12), (27, 13), (27, 14), (26, 14), (25, 14), (25, 15), (20, 11), (19, 11), (20, 10), (20, 9), (21, 9), (22, 9)]",92,0,92
110,"(24, 9)","(23, 9)",East,"[(25, 9) via East]","[(24, 9), (19, 11), (17, 13), (14, 11), (12, 13), (25, 15), (34, 15)]","[(25, 9), (19, 11), (17, 13), (14, 11), (12, 13), (25, 15), (34, 15)]","[(34, 16), (33, 16), (32, 16), (31, 16), (30, 16), (29, 16), (28, 16), (27, 16), (26, 16), (25, 16), (24, 16), (23, 16), (22, 16), (21, 16), (20, 16), (19, 16), (18, 16), (17, 16), (16, 16), (15, 16), (14, 16), (13, 16), (12, 16), (11, 16), (10, 16), (9, 16), (8, 16), (7, 16), (6, 16), (5, 16), (4, 16), (3, 16), (2, 16), (1, 16), (1, 15), (1, 14), (1, 13), (1, 12), (1, 11), (1, 10), (1, 9), (1, 8), (1, 7), (2, 7), (3, 7), (4, 7), (4, 8), (4, 9), (4, 10), (3, 10), (4, 11), (4, 12), (4, 13), (4, 14), (5, 14), (6, 14), (6, 13), (6, 12), (6, 11), (6, 10), (6, 9), (6, 8), (7, 8), (8, 8), (8, 9), (8, 10), (8, 11), (8, 12), (8, 13), (8, 14), (9, 14), (10, 14), (10, 13), (10, 12), (10, 11), (10, 10), (11, 10), (12, 10), (12, 11), (12, 12), (13, 12), (14, 12), (15, 12), (16, 12), (17, 12), (18, 12), (19, 12), (20, 12), (21, 12), (22, 12), (23, 12), (24, 12), (24, 11), (25, 11), (26, 11), (27, 11), (27, 12), (27, 13), (27, 14), (26, 14), (25, 14), (25, 15), (20, 11), (19, 11), (20, 10), (20, 9), (21, 9), (22, 9), (23, 9)]",93,0,93
111,"(25, 9)","(24, 9)",East,"[(26, 9) via East]","[(25, 9), (19, 11), (17, 13), (14, 11), (12, 13), (25, 15), (34, 15)]","[(26, 9), (19, 11), (17, 13), (14, 11), (12, 13), (25, 15), (34, 15)]","[(34, 16), (33, 16), (32, 16), (31, 16), (30, 16), (29, 16), (28, 16), (27, 16), (26, 16), (25, 16), (24, 16), (23, 16), (22, 16), (21, 16), (20, 16), (19, 16), (18, 16), (17, 16), (16, 16), (15, 16), (14, 16), (13, 16), (12, 16), (11, 16), (10, 16), (9, 16), (8, 16), (7, 16), (6, 16), (5, 16), (4, 16), (3, 16), (2, 16), (1, 16), (1, 15), (1, 14), (1, 13), (1, 12), (1, 11), (1, 10), (1, 9), (1, 8), (1, 7), (2, 7), (3, 7), (4, 7), (4, 8), (4, 9), (4, 10), (3, 10), (4, 11), (4, 12), (4, 13), (4, 14), (5, 14), (6, 14), (6, 13), (6, 12), (6, 11), (6, 10), (6, 9), (6, 8), (7, 8), (8, 8), (8, 9), (8, 10), (8, 11), (8, 12), (8, 13), (8, 14), (9, 14), (10, 14), (10, 13), (10, 12), (10, 11), (10, 10), (11, 10), (12, 10), (12, 11), (12, 12), (13, 12), (14, 12), (15, 12), (16, 12), (17, 12), (18, 12), (19, 12), (20, 12), (21, 12), (22, 12), (23, 12), (24, 12), (24, 11), (25, 11), (26, 11), (27, 11), (27, 12), (27, 13), (27, 14), (26, 14), (25, 14), (25, 15), (20, 11), (19, 11), (20, 10), (20, 9), (21, 9), (22, 9), (23, 9), (24, 9)]",94,0,94
112,"(26, 9)","(25, 9)",East,"[(27, 9) via East]","[(26, 9), (19, 11), (17, 13), (14, 11), (12, 13), (25, 15), (34, 15)]","[(27, 9), (19, 11), (17, 13), (14, 11), (12, 13), (25, 15), (34, 15)]","[(34, 16), (33, 16), (32, 16), (31, 16), (30, 16), (29, 16), (28, 16), (27, 16), (26, 16), (25, 16), (24, 16), (23, 16), (22, 16), (21, 16), (20, 16), (19, 16), (18, 16), (17, 16), (16, 16), (15, 16), (14, 16), (13, 16), (12, 16), (11, 16), (10, 16), (9, 16), (8, 16), (7, 16), (6, 16), (5, 16), (4, 16), (3, 16), (2, 16), (1, 16), (1, 15), (1, 14), (1, 13), (1, 12), (1, 11), (1, 10), (1, 9), (1, 8), (1, 7), (2, 7), (3, 7), (4, 7), (4, 8), (4, 9), (4, 10), (3, 10), (4, 11), (4, 12), (4, 13), (4, 14), (5, 14), (6, 14), (6, 13), (6, 12), (6, 11), (6, 10), (6, 9), (6, 8), (7, 8), (8, 8), (8, 9), (8, 10), (8, 11), (8, 12), (8, 13), (8, 14), (9, 14), (10, 14), (10, 13), (10, 12), (10, 11), (10, 10), (11, 10), (12, 10), (12, 11), (12, 12), (13, 12), (14, 12), (15, 12), (16, 12), (17, 12), (18, 12), (19, 12), (20, 12), (21, 12), (22, 12), (23, 12), (24, 12), (24, 11), (25, 11), (26, 11), (27, 11), (27, 12), (27, 13), (27, 14), (26, 14), (25, 14), (25, 15), (20, 11), (19, 11), (20, 10), (20, 9), (21, 9), (22, 9), (23, 9), (24, 9), (25, 9)]",95,0,95
113,"(27, 9)","(26, 9)",East,"[(27, 8) via South]","[(27, 9), (19, 11), (17, 13), (14, 11), (12, 13), (25, 15), (34, 15)]","[(27, 8), (19, 11), (17, 13), (14, 11), (12, 13), (25, 15), (34, 15)]","[(34, 16), (33, 16), (32, 16), (31, 16), (30, 16), (29, 16), (28, 16), (27, 16), (26, 16), (25, 16), (24, 16), (23, 16), (22, 16), (21, 16), (20, 16), (19, 16), (18, 16), (17, 16), (16, 16), (15, 16), (14, 16), (13, 16), (12, 16), (11, 16), (10, 16), (9, 16), (8, 16), (7, 16), (6, 16), (5, 16), (4, 16), (3, 16), (2, 16), (1, 16), (1, 15), (1, 14), (1, 13), (1, 12), (1, 11), (1, 10), (1, 9), (1, 8), (1, 7), (2, 7), (3, 7), (4, 7), (4, 8), (4, 9), (4, 10), (3, 10), (4, 11), (4, 12), (4, 13), (4, 14), (5, 14), (6, 14), (6, 13), (6, 12), (6, 11), (6, 10), (6, 9), (6, 8), (7, 8), (8, 8), (8, 9), (8, 10), (8, 11), (8, 12), (8, 13), (8, 14), (9, 14), (10, 14), (10, 13), (10, 12), (10, 11), (10, 10), (11, 10), (12, 10), (12, 11), (12, 12), (13, 12), (14, 12), (15, 12), (16, 12), (17, 12), (18, 12), (19, 12), (20, 12), (21, 12), (22, 12), (23, 12), (24, 12), (24, 11), (25, 11), (26, 11), (27, 11), (27, 12), (27, 13), (27, 14), (26, 14), (25, 14), (25, 15), (20, 11), (19, 11), (20, 10), (20, 9), (21, 9), (22, 9), (23, 9), (24, 9), (25, 9), (26, 9)]",96,0,96
114,"(27, 8)","(27, 9)",South,"[(27, 7) via South]","[(27, 8), (19, 11), (17, 13), (14, 11), (12, 13), (25, 15), (34, 15)]","[(27, 7), (19, 11), (17, 13), (14, 11), (12, 13), (25, 15), (34, 15)]","[(34, 16), (33, 16), (32, 16), (31, 16), (30, 16), (29, 16), (28, 16), (27, 16), (26, 16), (25, 16), (24, 16), (23, 16), (22, 16), (21, 16), (20, 16), (19, 16), (18, 16), (17, 16), (16, 16), (15, 16), (14, 16), (13, 16), (12, 16), (11, 16), (10, 16), (9, 16), (8, 16), (7, 16), (6, 16), (5, 16), (4, 16), (3, 16), (2, 16), (1, 16), (1, 15), (1, 14), (1, 13), (1, 12), (1, 11), (1, 10), (1, 9), (1, 8), (1, 7), (2, 7), (3, 7), (4, 7), (4, 8), (4, 9), (4, 10), (3, 10), (4, 11), (4, 12), (4, 13), (4, 14), (5, 14), (6, 14), (6, 13), (6, 12), (6, 11), (6, 10), (6, 9), (6, 8), (7, 8), (8, 8), (8, 9), (8, 10), (8, 11), (8, 12), (8, 13), (8, 14), (9, 14), (10, 14), (10, 13), (10, 12), (10, 11), (10, 10), (11, 10), (12, 10), (12, 11), (12, 12), (13, 12), (14, 12), (15, 12), (16, 12), (17, 12), (18, 12), (19, 12), (20, 12), (21, 12), (22, 12), (23, 12), (24, 12), (24, 11), (25, 11), (26, 11), (27, 11), (27, 12), (27, 13), (27, 14), (26, 14), (25, 14), (25, 15), (20, 11), (19, 11), (20, 10), (20, 9), (21, 9), (22, 9), (23, 9), (24, 9), (25, 9), (26, 9), (27, 9)]",97,0,97
115,"(27, 7)","(27, 8)",South,"[(27, 6) via South]","[(27, 7), (19, 11), (17, 13), (14, 11), (12, 13), (25, 15), (34, 15)]","[(27, 6), (19, 11), (17, 13), (14, 11), (12, 13), (25, 15), (34, 15)]","[(34, 16), (33, 16), (32, 16), (31, 16), (30, 16), (29, 16), (28, 16), (27, 16), (26, 16), (25, 16), (24, 16), (23, 16), (22, 16), (21, 16), (20, 16), (19, 16), (18, 16), (17, 16), (16, 16), (15, 16), (14, 16), (13, 16), (12, 16), (11, 16), (10, 16), (9, 16), (8, 16), (7, 16), (6, 16), (5, 16), (4, 16), (3, 16), (2, 16), (1, 16), (1, 15), (1, 14), (1, 13), (1, 12), (1, 11), (1, 10), (1, 9), (1, 8), (1, 7), (2, 7), (3, 7), (4, 7), (4, 8), (4, 9), (4, 10), (3, 10), (4, 11), (4, 12), (4, 13), (4, 14), (5, 14), (6, 14), (6, 13), (6, 12), (6, 11), (6, 10), (6, 9), (6, 8), (7, 8), (8, 8), (8, 9), (8, 10), (8, 11), (8, 12), (8, 13), (8, 14), (9, 14), (10, 14), (10, 13), (10, 12), (10, 11), (10, 10), (11, 10), (12, 10), (12, 11), (12, 12), (13, 12), (14, 12), (15, 12), (16, 12), (17, 12), (18, 12), (19, 12), (20, 12), (21, 12), (22, 12), (23, 12), (24, 12), (24, 11), (25, 11), (26, 11), (27, 11), (27, 12), (27, 13), (27, 14), (26, 14), (25, 14), (25, 15), (20, 11), (19, 11), (20, 10), (20, 9), (21, 9), (22, 9), (23, 9), (24, 9), (25, 9), (26, 9), (27, 9), (27, 8)]",98,0,98
116,"(27, 6)","(27, 7)",South,"[(27, 5) via South]","[(27, 6), (19, 11), (17, 13), (14, 11), (12, 13), (25, 15), (34, 15)]","[(27, 5), (19, 11), (17, 13), (14, 11), (12, 13), (25, 15), (34, 15)]","[(34, 16), (33, 16), (32, 16), (31, 16), (30, 16), (29, 16), (28, 16), (27, 16), (26, 16), (25, 16), (24, 16), (23, 16), (22, 16), (21, 16), (20, 16), (19, 16), (18, 16), (17, 16), (16, 16), (15, 16), (14, 16), (13, 16), (12, 16), (11, 16), (10, 16), (9, 16), (8, 16), (7, 16), (6, 16), (5, 16), (4, 16), (3, 16), (2, 16), (1, 16), (1, 15), (1, 14), (1, 13), (1, 12), (1, 11), (1, 10), (1, 9), (1, 8), (1, 7), (2, 7), (3, 7), (4, 7), (4, 8), (4, 9), (4, 10), (3, 10), (4, 11), (4, 12), (4, 13), (4, 14), (5, 14), (6, 14), (6, 13), (6, 12), (6, 11), (6, 10), (6, 9), (6, 8), (7, 8), (8, 8), (8, 9), (8, 10), (8, 11), (8, 12), (8, 13), (8, 14), (9, 14), (10, 14), (10, 13), (10, 12), (10, 11), (10, 10), (11, 10), (12, 10), (12, 11), (12, 12), (13, 12), (14, 12), (15, 12), (16, 12), (17, 12), (18, 12), (19, 12), (20, 12), (21, 12), (22, 12), (23, 12), (24, 12), (24, 11), (25, 11), (26, 11), (27, 11), (27, 12), (27, 13), (27, 14), (26, 14), (25, 14), (25, 15), (20, 11), (19, 11), (20, 10), (20, 9), (21, 9), (22, 9), (23, 9), (24, 9), (25, 9), (26, 9), (27, 9), (27, 8), (27, 7)]",99,0,99
117,"(27, 5)","(27, 6)",South,"[(27, 4) via South]","[(27, 5), (19, 11), (17, 13), (14, 11), (12, 13), (25, 15), (34, 15)]","[(27, 4), (19, 11), (17, 13), (14, 11), (12, 13), (25, 15), (34, 15)]","[(34, 16), (33, 16), (32, 16), (31, 16), (30, 16), (29, 16), (28, 16), (27, 16), (26, 16), (25, 16), (24, 16), (23, 16), (22, 16), (21, 16), (20, 16), (19, 16), (18, 16), (17, 16), (16, 16), (15, 16), (14, 16), (13, 16), (12, 16), (11, 16), (10, 16), (9, 16), (8, 16), (7, 16), (6, 16), (5, 16), (4, 16), (3, 16), (2, 16), (1, 16), (1, 15), (1, 14), (1, 13), (1, 12), (1, 11), (1, 10), (1, 9), (1, 8), (1, 7), (2, 7), (3, 7), (4, 7), (4, 8), (4, 9), (4, 10), (3, 10), (4, 11), (4, 12), (4, 13), (4, 14), (5, 14), (6, 14), (6, 13), (6, 12), (6, 11), (6, 10), (6, 9), (6, 8), (7, 8), (8, 8), (8, 9), (8, 10), (8, 11), (8, 12), (8, 13), (8, 14), (9, 14), (10, 14), (10, 13), (10, 12), (10, 11), (10, 10), (11, 10), (12, 10), (12, 11), (12, 12), (13, 12), (14, 12), (15, 12), (16, 12), (17, 12), (18, 12), (19, 12), (20, 12), (21, 12), (22, 12), (23, 12), (24, 12), (24, 11), (25, 11), (26, 11), (27, 11), (27, 12), (27, 13), (27, 14), (26, 14), (25, 14), (25, 15), (20, 11), (19, 11), (20, 10), (20, 9), (21, 9), (22, 9), (23, 9), (24, 9), (25, 9), (26, 9), (27, 9), (27, 8), (27, 7), (27, 6)]",100,0,100
118,"(27, 4)","(27, 5)",South,"[(27, 3) via South]","[(27, 4), (19, 11), (17, 13), (14, 11), (12, 13), (25, 15), (34, 15)]","[(27, 3), (19, 11), (17, 13), (14, 11), (12, 13), (25, 15), (34, 15)]","[(34, 16), (33, 16), (32, 16), (31, 16), (30, 16), (29, 16), (28, 16), (27, 16), (26, 16), (25, 16), (24, 16), (23, 16), (22, 16), (21, 16), (20, 16), (19, 16), (18, 16), (17, 16), (16, 16), (15, 16), (14, 16), (13, 16), (12, 16), (11, 16), (10, 16), (9, 16), (8, 16), (7, 16), (6, 16), (5, 16), (4, 16), (3, 16), (2, 16), (1, 16), (1, 15), (1, 14), (1, 13), (1, 12), (1, 11), (1, 10), (1, 9), (1, 8), (1, 7), (2, 7), (3, 7), (4, 7), (4, 8), (4, 9), (4, 10), (3, 10), (4, 11), (4, 12), (4, 13), (4, 14), (5, 14), (6, 14), (6, 13), (6, 12), (6, 11), (6, 10), (6, 9), (6, 8), (7, 8), (8, 8), (8, 9), (8, 10), (8, 11), (8, 12), (8, 13), (8, 14), (9, 14), (10, 14), (10, 13), (10, 12), (10, 11), (10, 10), (11, 10), (12, 10), (12, 11), (12, 12), (13, 12), (14, 12), (15, 12), (16, 12), (17, 12), (18, 12), (19, 12), (20, 12), (21, 12), (22, 12), (23, 12), (24, 12), (24, 11), (25, 11), (26, 11), (27, 11), (27, 12), (27, 13), (27, 14), (26, 14), (25, 14), (25, 15), (20, 11), (19, 11), (20, 10), (20, 9), (21, 9), (22, 9), (23, 9), (24, 9), (25, 9), (26, 9), (27, 9), (27, 8), (27, 7), (27, 6), (27, 5)]",101,0,101
119,"(27, 3)","(27, 4)",South,"[(27, 2) via South]","[(27, 3), (19, 11), (17, 13), (14, 11), (12, 13), (25, 15), (34, 15)]","[(27, 2), (19, 11), (17, 13), (14, 11), (12, 13), (25, 15), (34, 15)]","[(34, 16), (33, 16), (32, 16), (31, 16), (30, 16), (29, 16), (28, 16), (27, 16), (26, 16), (25, 16), (24, 16), (23, 16), (22, 16), (21, 16), (20, 16), (19, 16), (18, 16), (17, 16), (16, 16), (15, 16), (14, 16), (13, 16), (12, 16), (11, 16), (10, 16), (9, 16), (8, 16), (7, 16), (6, 16), (5, 16), (4, 16), (3, 16), (2, 16), (1, 16), (1, 15), (1, 14), (1, 13), (1, 12), (1, 11), (1, 10), (1, 9), (1, 8), (1, 7), (2, 7), (3, 7), (4, 7), (4, 8), (4, 9), (4, 10), (3, 10), (4, 11), (4, 12), (4, 13), (4, 14), (5, 14), (6, 14), (6, 13), (6, 12), (6, 11), (6, 10), (6, 9), (6, 8), (7, 8), (8, 8), (8, 9), (8, 10), (8, 11), (8, 12), (8, 13), (8, 14), (9, 14), (10, 14), (10, 13), (10, 12), (10, 11), (10, 10), (11, 10), (12, 10), (12, 11), (12, 12), (13, 12), (14, 12), (15, 12), (16, 12), (17, 12), (18, 12), (19, 12), (20, 12), (21, 12), (22, 12), (23, 12), (24, 12), (24, 11), (25, 11), (26, 11), (27, 11), (27, 12), (27, 13), (27, 14), (26, 14), (25, 14), (25, 15), (20, 11), (19, 11), (20, 10), (20, 9), (21, 9), (22, 9), (23, 9), (24, 9), (25, 9), (26, 9), (27, 9), (27, 8), (27, 7), (27, 6), (27, 5), (27, 4)]",102,0,102
120,"(27, 2)","(27, 3)",South,"[(27, 1) via South, (26, 2) via West]","[(27, 2), (19, 11), (17, 13), (14, 11), (12, 13), (25, 15), (34, 15)]","[(26, 2), (27, 1), (19, 11), (17, 13), (14, 11), (12, 13), (25, 15), (34, 15)]","[(34, 16), (33, 16), (32, 16), (31, 16), (30, 16), (29, 16), (28, 16), (27, 16), (26, 16), (25, 16), (24, 16), (23, 16), (22, 16), (21, 16), (20, 16), (19, 16), (18, 16), (17, 16), (16, 16), (15, 16), (14, 16), (13, 16), (12, 16), (11, 16), (10, 16), (9, 16), (8, 16), (7, 16), (6, 16), (5, 16), (4, 16), (3, 16), (2, 16), (1, 16), (1, 15), (1, 14), (1, 13), (1, 12), (1, 11), (1, 10), (1, 9), (1, 8), (1, 7), (2, 7), (3, 7), (4, 7), (4, 8), (4, 9), (4, 10), (3, 10), (4, 11), (4, 12), (4, 13), (4, 14), (5, 14), (6, 14), (6, 13), (6, 12), (6, 11), (6, 10), (6, 9), (6, 8), (7, 8), (8, 8), (8, 9), (8, 10), (8, 11), (8, 12), (8, 13), (8, 14), (9, 14), (10, 14), (10, 13), (10, 12), (10, 11), (10, 10), (11, 10), (12, 10), (12, 11), (12, 12), (13, 12), (14, 12), (15, 12), (16, 12), (17, 12), (18, 12), (19, 12), (20, 12), (21, 12), (22, 12), (23, 12), (24, 12), (24, 11), (25, 11), (26, 11), (27, 11), (27, 12), (27, 13), (27, 14), (26, 14), (25, 14), (25, 15), (20, 11), (19, 11), (20, 10), (20, 9), (21, 9), (22, 9), (23, 9), (24, 9), (25, 9), (26, 9), (27, 9), (27, 8), (27, 7), (27, 6), (27, 5), (27, 4), (27, 3)]",103,0,103
121,"(26, 2)","(27, 2)",West,"[(25, 2) via West]","[(26, 2), (27, 1), (19, 11), (17, 13), (14, 11), (12, 13), (25, 15), (34, 15)]","[(25, 2), (27, 1), (19, 11), (17, 13), (14, 11), (12, 13), (25, 15), (34, 15)]","[(34, 16), (33, 16), (32, 16), (31, 16), (30, 16), (29, 16), (28, 16), (27, 16), (26, 16), (25, 16), (24, 16), (23, 16), (22, 16), (21, 16), (20, 16), (19, 16), (18, 16), (17, 16), (16, 16), (15, 16), (14, 16), (13, 16), (12, 16), (11, 16), (10, 16), (9, 16), (8, 16), (7, 16), (6, 16), (5, 16), (4, 16), (3, 16), (2, 16), (1, 16), (1, 15), (1, 14), (1, 13), (1, 12), (1, 11), (1, 10), (1, 9), (1, 8), (1, 7), (2, 7), (3, 7), (4, 7), (4, 8), (4, 9), (4, 10), (3, 10), (4, 11), (4, 12), (4, 13), (4, 14), (5, 14), (6, 14), (6, 13), (6, 12), (6, 11), (6, 10), (6, 9), (6, 8), (7, 8), (8, 8), (8, 9), (8, 10), (8, 11), (8, 12), (8, 13), (8, 14), (9, 14), (10, 14), (10, 13), (10, 12), (10, 11), (10, 10), (11, 10), (12, 10), (12, 11), (12, 12), (13, 12), (14, 12), (15, 12), (16, 12), (17, 12), (18, 12), (19, 12), (20, 12), (21, 12), (22, 12), (23, 12), (24, 12), (24, 11), (25, 11), (26, 11), (27, 11), (27, 12), (27, 13), (27, 14), (26, 14), (25, 14), (25, 15), (20, 11), (19, 11), (20, 10), (20, 9), (21, 9), (22, 9), (23, 9), (24, 9), (25, 9), (26, 9), (27, 9), (27, 8), (27, 7), (27, 6), (27, 5), (27, 4), (27, 3), (27, 2)]",104,0,104
122,"(25, 2)","(26, 2)",West,"[(24, 2) via West]","[(25, 2), (27, 1), (19, 11), (17, 13), (14, 11), (12, 13), (25, 15), (34, 15)]","[(24, 2), (27, 1), (19, 11), (17, 13), (14, 11), (12, 13), (25, 15), (34, 15)]","[(34, 16), (33, 16), (32, 16), (31, 16), (30, 16), (29, 16), (28, 16), (27, 16), (26, 16), (25, 16), (24, 16), (23, 16), (22, 16), (21, 16), (20, 16), (19, 16), (18, 16), (17, 16), (16, 16), (15, 16), (14, 16), (13, 16), (12, 16), (11, 16), (10, 16), (9, 16), (8, 16), (7, 16), (6, 16), (5, 16), (4, 16), (3, 16), (2, 16), (1, 16), (1, 15), (1, 14), (1, 13), (1, 12), (1, 11), (1, 10), (1, 9), (1, 8), (1, 7), (2, 7), (3, 7), (4, 7), (4, 8), (4, 9), (4, 10), (3, 10), (4, 11), (4, 12), (4, 13), (4, 14), (5, 14), (6, 14), (6, 13), (6, 12), (6, 11), (6, 10), (6, 9), (6, 8), (7, 8), (8, 8), (8, 9), (8, 10), (8, 11), (8, 12), (8, 13), (8, 14), (9, 14), (10, 14), (10, 13), (10, 12), (10, 11), (10, 10), (11, 10), (12, 10), (12, 11), (12, 12), (13, 12), (14, 12), (15, 12), (16, 12), (17, 12), (18, 12), (19, 12), (20, 12), (21, 12), (22, 12), (23, 12), (24, 12), (24, 11), (25, 11), (26, 11), (27, 11), (27, 12), (27, 13), (27, 14), (26, 14), (25, 14), (25, 15), (20, 11), (19, 11), (20, 10), (20, 9), (21, 9), (22, 9), (23, 9), (24, 9), (25, 9), (26, 9), (27, 9), (27, 8), (27, 7), (27, 6), (27, 5), (27, 4), (27, 3), (27, 2), (26, 2)]",105,0,105
123,"(24, 2)","(25, 2)",West,"[(23, 2) via West]","[(24, 2), (27, 1), (19, 11), (17, 13), (14, 11), (12, 13), (25, 15), (34, 15)]","[(23, 2), (27, 1), (19, 11), (17, 13), (14, 11), (12, 13), (25, 15), (34, 15)]","[(34, 16), (33, 16), (32, 16), (31, 16), (30, 16), (29, 16), (28, 16), (27, 16), (26, 16), (25, 16), (24, 16), (23, 16), (22, 16), (21, 16), (20, 16), (19, 16), (18, 16), (17, 16), (16, 16), (15, 16), (14, 16), (13, 16), (12, 16), (11, 16), (10, 16), (9, 16), (8, 16), (7, 16), (6, 16), (5, 16), (4, 16), (3, 16), (2, 16), (1, 16), (1, 15), (1, 14), (1, 13), (1, 12), (1, 11), (1, 10), (1, 9), (1, 8), (1, 7), (2, 7), (3, 7), (4, 7), (4, 8), (4, 9), (4, 10), (3, 10), (4, 11), (4, 12), (4, 13), (4, 14), (5, 14), (6, 14), (6, 13), (6, 12), (6, 11), (6, 10), (6, 9), (6, 8), (7, 8), (8, 8), (8, 9), (8, 10), (8, 11), (8, 12), (8, 13), (8, 14), (9, 14), (10, 14), (10, 13), (10, 12), (10, 11), (10, 10), (11, 10), (12, 10), (12, 11), (12, 12), (13, 12), (14, 12), (15, 12), (16, 12), (17, 12), (18, 12), (19, 12), (20, 12), (21, 12), (22, 12), (23, 12), (24, 12), (24, 11), (25, 11), (26, 11), (27, 11), (27, 12), (27, 13), (27, 14), (26, 14), (25, 14), (25, 15), (20, 11), (19, 11), (20, 10), (20, 9), (21, 9), (22, 9), (23, 9), (24, 9), (25, 9), (26, 9), (27, 9), (27, 8), (27, 7), (27, 6), (27, 5), (27, 4), (27, 3), (27, 2), (26, 2), (25, 2)]",106,0,106
124,"(23, 2)","(24, 2)",West,"[(22, 2) via West]","[(23, 2), (27, 1), (19, 11), (17, 13), (14, 11), (12, 13), (25, 15), (34, 15)]","[(22, 2), (27, 1), (19, 11), (17, 13), (14, 11), (12, 13), (25, 15), (34, 15)]","[(34, 16), (33, 16), (32, 16), (31, 16), (30, 16), (29, 16), (28, 16), (27, 16), (26, 16), (25, 16), (24, 16), (23, 16), (22, 16), (21, 16), (20, 16), (19, 16), (18, 16), (17, 16), (16, 16), (15, 16), (14, 16), (13, 16), (12, 16), (11, 16), (10, 16), (9, 16), (8, 16), (7, 16), (6, 16), (5, 16), (4, 16), (3, 16), (2, 16), (1, 16), (1, 15), (1, 14), (1, 13), (1, 12), (1, 11), (1, 10), (1, 9), (1, 8), (1, 7), (2, 7), (3, 7), (4, 7), (4, 8), (4, 9), (4, 10), (3, 10), (4, 11), (4, 12), (4, 13), (4, 14), (5, 14), (6, 14), (6, 13), (6, 12), (6, 11), (6, 10), (6, 9), (6, 8), (7, 8), (8, 8), (8, 9), (8, 10), (8, 11), (8, 12), (8, 13), (8, 14), (9, 14), (10, 14), (10, 13), (10, 12), (10, 11), (10, 10), (11, 10), (12, 10), (12, 11), (12, 12), (13, 12), (14, 12), (15, 12), (16, 12), (17, 12), (18, 12), (19, 12), (20, 12), (21, 12), (22, 12), (23, 12), (24, 12), (24, 11), (25, 11), (26, 11), (27, 11), (27, 12), (27, 13), (27, 14), (26, 14), (25, 14), (25, 15), (20, 11), (19, 11), (20, 10), (20, 9), (21, 9), (22, 9), (23, 9), (24, 9), (25, 9), (26, 9), (27, 9), (27, 8), (27, 7), (27, 6), (27, 5), (27, 4), (27, 3), (27, 2), (26, 2), (25, 2), (24, 2)]",107,0,107
125,"(22, 2)","(23, 2)",West,"[(21, 2) via West]","[(22, 2), (27, 1), (19, 11), (17, 13), (14, 11), (12, 13), (25, 15), (34, 15)]","[(21, 2), (27, 1), (19, 11), (17, 13), (14, 11), (12, 13), (25, 15), (34, 15)]","[(34, 16), (33, 16), (32, 16), (31, 16), (30, 16), (29, 16), (28, 16), (27, 16), (26, 16), (25, 16), (24, 16), (23, 16), (22, 16), (21, 16), (20, 16), (19, 16), (18, 16), (17, 16), (16, 16), (15, 16), (14, 16), (13, 16), (12, 16), (11, 16), (10, 16), (9, 16), (8, 16), (7, 16), (6, 16), (5, 16), (4, 16), (3, 16), (2, 16), (1, 16), (1, 15), (1, 14), (1, 13), (1, 12), (1, 11), (1, 10), (1, 9), (1, 8), (1, 7), (2, 7), (3, 7), (4, 7), (4, 8), (4, 9), (4, 10), (3, 10), (4, 11), (4, 12), (4, 13), (4, 14), (5, 14), (6, 14), (6, 13), (6, 12), (6, 11), (6, 10), (6, 9), (6, 8), (7, 8), (8, 8), (8, 9), (8, 10), (8, 11), (8, 12), (8, 13), (8, 14), (9, 14), (10, 14), (10, 13), (10, 12), (10, 11), (10, 10), (11, 10), (12, 10), (12, 11), (12, 12), (13, 12), (14, 12), (15, 12), (16, 12), (17, 12), (18, 12), (19, 12), (20, 12), (21, 12), (22, 12), (23, 12), (24, 12), (24, 11), (25, 11), (26, 11), (27, 11), (27, 12), (27, 13), (27, 14), (26, 14), (25, 14), (25, 15), (20, 11), (19, 11), (20, 10), (20, 9), (21, 9), (22, 9), (23, 9), (24, 9), (25, 9), (26, 9), (27, 9), (27, 8), (27, 7), (27, 6), (27, 5), (27, 4), (27, 3), (27, 2), (26, 2), (25, 2), (24, 2), (23, 2)]",108,0,108
126,"(21, 2)","(22, 2)",West,"[(20, 2) via West]","[(21, 2), (27, 1), (19, 11), (17, 13), (14, 11), (12, 13), (25, 15), (34, 15)]","[(20, 2), (27, 1), (19, 11), (17, 13), (14, 11), (12, 13), (25, 15), (34, 15)]","[(34, 16), (33, 16), (32, 16), (31, 16), (30, 16), (29, 16), (28, 16), (27, 16), (26, 16), (25, 16), (24, 16), (23, 16), (22, 16), (21, 16), (20, 16), (19, 16), (18, 16), (17, 16), (16, 16), (15, 16), (14, 16), (13, 16), (12, 16), (11, 16), (10, 16), (9, 16), (8, 16), (7, 16), (6, 16), (5, 16), (4, 16), (3, 16), (2, 16), (1, 16), (1, 15), (1, 14), (1, 13), (1, 12), (1, 11), (1, 10), (1, 9), (1, 8), (1, 7), (2, 7), (3, 7), (4, 7), (4, 8), (4, 9), (4, 10), (3, 10), (4, 11), (4, 12), (4, 13), (4, 14), (5, 14), (6, 14), (6, 13), (6, 12), (6, 11), (6, 10), (6, 9), (6, 8), (7, 8), (8, 8), (8, 9), (8, 10), (8, 11), (8, 12), (8, 13), (8, 14), (9, 14), (10, 14), (10, 13), (10, 12), (10, 11), (10, 10), (11, 10), (12, 10), (12, 11), (12, 12), (13, 12), (14, 12), (15, 12), (16, 12), (17, 12), (18, 12), (19, 12), (20, 12), (21, 12), (22, 12), (23, 12), (24, 12), (24, 11), (25, 11), (26, 11), (27, 11), (27, 12), (27, 13), (27, 14), (26, 14), (25, 14), (25, 15), (20, 11), (19, 11), (20, 10), (20, 9), (21, 9), (22, 9), (23, 9), (24, 9), (25, 9), (26, 9), (27, 9), (27, 8), (27, 7), (27, 6), (27, 5), (27, 4), (27, 3), (27, 2), (26, 2), (25, 2), (24, 2), (23, 2), (22, 2)]",109,0,109
127,"(20, 2)","(21, 2)",West,"[(19, 2) via West]","[(20, 2), (27, 1), (19, 11), (17, 13), (14, 11), (12, 13), (25, 15), (34, 15)]","[(19, 2), (27, 1), (19, 11), (17, 13), (14, 11), (12, 13), (25, 15), (34, 15)]","[(34, 16), (33, 16), (32, 16), (31, 16), (30, 16), (29, 16), (28, 16), (27, 16), (26, 16), (25, 16), (24, 16), (23, 16), (22, 16), (21, 16), (20, 16), (19, 16), (18, 16), (17, 16), (16, 16), (15, 16), (14, 16), (13, 16), (12, 16), (11, 16), (10, 16), (9, 16), (8, 16), (7, 16), (6, 16), (5, 16), (4, 16), (3, 16), (2, 16), (1, 16), (1, 15), (1, 14), (1, 13), (1, 12), (1, 11), (1, 10), (1, 9), (1, 8), (1, 7), (2, 7), (3, 7), (4, 7), (4, 8), (4, 9), (4, 10), (3, 10), (4, 11), (4, 12), (4, 13), (4, 14), (5, 14), (6, 14), (6, 13), (6, 12), (6, 11), (6, 10), (6, 9), (6, 8), (7, 8), (8, 8), (8, 9), (8, 10), (8, 11), (8, 12), (8, 13), (8, 14), (9, 14), (10, 14), (10, 13), (10, 12), (10, 11), (10, 10), (11, 10), (12, 10), (12, 11), (12, 12), (13, 12), (14, 12), (15, 12), (16, 12), (17, 12), (18, 12), (19, 12), (20, 12), (21, 12), (22, 12), (23, 12), (24, 12), (24, 11), (25, 11), (26, 11), (27, 11), (27, 12), (27, 13), (27, 14), (26, 14), (25, 14), (25, 15), (20, 11), (19, 11), (20, 10), (20, 9), (21, 9), (22, 9), (23, 9), (24, 9), (25, 9), (26, 9), (27, 9), (27, 8), (27, 7), (27, 6), (27, 5), (27, 4), (27, 3), (27, 2), (26, 2), (25, 2), (24, 2), (23, 2), (22, 2), (21, 2)]",110,0,110
128,"(19, 2)","(20, 2)",West,"[(18, 2) via West]","[(19, 2), (27, 1), (19, 11), (17, 13), (14, 11), (12, 13), (25, 15), (34, 15)]","[(18, 2), (27, 1), (19, 11), (17, 13), (14, 11), (12, 13), (25, 15), (34, 15)]","[(34, 16), (33, 16), (32, 16), (31, 16), (30, 16), (29, 16), (28, 16), (27, 16), (26, 16), (25, 16), (24, 16), (23, 16), (22, 16), (21, 16), (20, 16), (19, 16), (18, 16), (17, 16), (16, 16), (15, 16), (14, 16), (13, 16), (12, 16), (11, 16), (10, 16), (9, 16), (8, 16), (7, 16), (6, 16), (5, 16), (4, 16), (3, 16), (2, 16), (1, 16), (1, 15), (1, 14), (1, 13), (1, 12), (1, 11), (1, 10), (1, 9), (1, 8), (1, 7), (2, 7), (3, 7), (4, 7), (4, 8), (4, 9), (4, 10), (3, 10), (4, 11), (4, 12), (4, 13), (4, 14), (5, 14), (6, 14), (6, 13), (6, 12), (6, 11), (6, 10), (6, 9), (6, 8), (7, 8), (8, 8), (8, 9), (8, 10), (8, 11), (8, 12), (8, 13), (8, 14), (9, 14), (10, 14), (10, 13), (10, 12), (10, 11), (10, 10), (11, 10), (12, 10), (12, 11), (12, 12), (13, 12), (14, 12), (15, 12), (16, 12), (17, 12), (18, 12), (19, 12), (20, 12), (21, 12), (22, 12), (23, 12), (24, 12), (24, 11), (25, 11), (26, 11), (27, 11), (27, 12), (27, 13), (27, 14), (26, 14), (25, 14), (25, 15), (20, 11), (19, 11), (20, 10), (20, 9), (21, 9), (22, 9), (23, 9), (24, 9), (25, 9), (26, 9), (27, 9), (27, 8), (27, 7), (27, 6), (27, 5), (27, 4), (27, 3), (27, 2), (26, 2), (25, 2), (24, 2), (23, 2), (22, 2), (21, 2), (20, 2)]",111,0,111
129,"(18, 2)","(19, 2)",West,"[(17, 2) via West]","[(18, 2), (27, 1), (19, 11), (17, 13), (14, 11), (12, 13), (25, 15), (34, 15)]","[(17, 2), (27, 1), (19, 11), (17, 13), (14, 11), (12, 13), (25, 15), (34, 15)]","[(34, 16), (33, 16), (32, 16), (31, 16), (30, 16), (29, 16), (28, 16), (27, 16), (26, 16), (25, 16), (24, 16), (23, 16), (22, 16), (21, 16), (20, 16), (19, 16), (18, 16), (17, 16), (16, 16), (15, 16), (14, 16), (13, 16), (12, 16), (11, 16), (10, 16), (9, 16), (8, 16), (7, 16), (6, 16), (5, 16), (4, 16), (3, 16), (2, 16), (1, 16), (1, 15), (1, 14), (1, 13), (1, 12), (1, 11), (1, 10), (1, 9), (1, 8), (1, 7), (2, 7), (3, 7), (4, 7), (4, 8), (4, 9), (4, 10), (3, 10), (4, 11), (4, 12), (4, 13), (4, 14), (5, 14), (6, 14), (6, 13), (6, 12), (6, 11), (6, 10), (6, 9), (6, 8), (7, 8), (8, 8), (8, 9), (8, 10), (8, 11), (8, 12), (8, 13), (8, 14), (9, 14), (10, 14), (10, 13), (10, 12), (10, 11), (10, 10), (11, 10), (12, 10), (12, 11), (12, 12), (13, 12), (14, 12), (15, 12), (16, 12), (17, 12), (18, 12), (19, 12), (20, 12), (21, 12), (22, 12), (23, 12), (24, 12), (24, 11), (25, 11), (26, 11), (27, 11), (27, 12), (27, 13), (27, 14), (26, 14), (25, 14), (25, 15), (20, 11), (19, 11), (20, 10), (20, 9), (21, 9), (22, 9), (23, 9), (24, 9), (25, 9), (26, 9), (27, 9), (27, 8), (27, 7), (27, 6), (27, 5), (27, 4), (27, 3), (27, 2), (26, 2), (25, 2), (24, 2), (23, 2), (22, 2), (21, 2), (20, 2), (19, 2)]",112,0,112
130,"(17, 2)","(18, 2)",West,"[(16, 2) via West]","[(17, 2), (27, 1), (19, 11), (17, 13), (14, 11), (12, 13), (25, 15), (34, 15)]","[(16, 2), (27, 1), (19, 11), (17, 13), (14, 11), (12, 13), (25, 15), (34, 15)]","[(34, 16), (33, 16), (32, 16), (31, 16), (30, 16), (29, 16), (28, 16), (27, 16), (26, 16), (25, 16), (24, 16), (23, 16), (22, 16), (21, 16), (20, 16), (19, 16), (18, 16), (17, 16), (16, 16), (15, 16), (14, 16), (13, 16), (12, 16), (11, 16), (10, 16), (9, 16), (8, 16), (7, 16), (6, 16), (5, 16), (4, 16), (3, 16), (2, 16), (1, 16), (1, 15), (1, 14), (1, 13), (1, 12), (1, 11), (1, 10), (1, 9), (1, 8), (1, 7), (2, 7), (3, 7), (4, 7), (4, 8), (4, 9), (4, 10), (3, 10), (4, 11), (4, 12), (4, 13), (4, 14), (5, 14), (6, 14), (6, 13), (6, 12), (6, 11), (6, 10), (6, 9), (6, 8), (7, 8), (8, 8), (8, 9), (8, 10), (8, 11), (8, 12), (8, 13), (8, 14), (9, 14), (10, 14), (10, 13), (10, 12), (10, 11), (10, 10), (11, 10), (12, 10), (12, 11), (12, 12), (13, 12), (14, 12), (15, 12), (16, 12), (17, 12), (18, 12), (19, 12), (20, 12), (21, 12), (22, 12), (23, 12), (24, 12), (24, 11), (25, 11), (26, 11), (27, 11), (27, 12), (27, 13), (27, 14), (26, 14), (25, 14), (25, 15), (20, 11), (19, 11), (20, 10), (20, 9), (21, 9), (22, 9), (23, 9), (24, 9), (25, 9), (26, 9), (27, 9), (27, 8), (27, 7), (27, 6), (27, 5), (27, 4), (27, 3), (27, 2), (26, 2), (25, 2), (24, 2), (23, 2), (22, 2), (21, 2), (20, 2), (19, 2), (18, 2)]",113,0,113
131,"(16, 2)","(17, 2)",West,"[(15, 2) via West]","[(16, 2), (27, 1), (19, 11), (17, 13), (14, 11), (12, 13), (25, 15), (34, 15)]","[(15, 2), (27, 1), (19, 11), (17, 13), (14, 11), (12, 13), (25, 15), (34, 15)]","[(34, 16), (33, 16), (32, 16), (31, 16), (30, 16), (29, 16), (28, 16), (27, 16), (26, 16), (25, 16), (24, 16), (23, 16), (22, 16), (21, 16), (20, 16), (19, 16), (18, 16), (17, 16), (16, 16), (15, 16), (14, 16), (13, 16), (12, 16), (11, 16), (10, 16), (9, 16), (8, 16), (7, 16), (6, 16), (5, 16), (4, 16), (3, 16), (2, 16), (1, 16), (1, 15), (1, 14), (1, 13), (1, 12), (1, 11), (1, 10), (1, 9), (1, 8), (1, 7), (2, 7), (3, 7), (4, 7), (4, 8), (4, 9), (4, 10), (3, 10), (4, 11), (4, 12), (4, 13), (4, 14), (5, 14), (6, 14), (6, 13), (6, 12), (6, 11), (6, 10), (6, 9), (6, 8), (7, 8), (8, 8), (8, 9), (8, 10), (8, 11), (8, 12), (8, 13), (8, 14), (9, 14), (10, 14), (10, 13), (10, 12), (10, 11), (10, 10), (11, 10), (12, 10), (12, 11), (12, 12), (13, 12), (14, 12), (15, 12), (16, 12), (17, 12), (18, 12), (19, 12), (20, 12), (21, 12), (22, 12), (23, 12), (24, 12), (24, 11), (25, 11), (26, 11), (27, 11), (27, 12), (27, 13), (27, 14), (26, 14), (25, 14), (25, 15), (20, 11), (19, 11), (20, 10), (20, 9), (21, 9), (22, 9), (23, 9), (24, 9), (25, 9), (26, 9), (27, 9), (27, 8), (27, 7), (27, 6), (27, 5), (27, 4), (27, 3), (27, 2), (26, 2), (25, 2), (24, 2), (23, 2), (22, 2), (21, 2), (20, 2), (19, 2), (18, 2), (17, 2)]",114,0,114
132,"(15, 2)","(16, 2)",West,"[(15, 3) via North, (14, 2) via West]","[(15, 2), (27, 1), (19, 11), (17, 13), (14, 11), (12, 13), (25, 15), (34, 15)]","[(14, 2), (15, 3), (27, 1), (19, 11), (17, 13), (14, 11), (12, 13), (25, 15), (34, 15)]","[(34, 16), (33, 16), (32, 16), (31, 16), (30, 16), (29, 16), (28, 16), (27, 16), (26, 16), (25, 16), (24, 16), (23, 16), (22, 16), (21, 16), (20, 16), (19, 16), (18, 16), (17, 16), (16, 16), (15, 16), (14, 16), (13, 16), (12, 16), (11, 16), (10, 16), (9, 16), (8, 16), (7, 16), (6, 16), (5, 16), (4, 16), (3, 16), (2, 16), (1, 16), (1, 15), (1, 14), (1, 13), (1, 12), (1, 11), (1, 10), (1, 9), (1, 8), (1, 7), (2, 7), (3, 7), (4, 7), (4, 8), (4, 9), (4, 10), (3, 10), (4, 11), (4, 12), (4, 13), (4, 14), (5, 14), (6, 14), (6, 13), (6, 12), (6, 11), (6, 10), (6, 9), (6, 8), (7, 8), (8, 8), (8, 9), (8, 10), (8, 11), (8, 12), (8, 13), (8, 14), (9, 14), (10, 14), (10, 13), (10, 12), (10, 11), (10, 10), (11, 10), (12, 10), (12, 11), (12, 12), (13, 12), (14, 12), (15, 12), (16, 12), (17, 12), (18, 12), (19, 12), (20, 12), (21, 12), (22, 12), (23, 12), (24, 12), (24, 11), (25, 11), (26, 11), (27, 11), (27, 12), (27, 13), (27, 14), (26, 14), (25, 14), (25, 15), (20, 11), (19, 11), (20, 10), (20, 9), (21, 9), (22, 9), (23, 9), (24, 9), (25, 9), (26, 9), (27, 9), (27, 8), (27, 7), (27, 6), (27, 5), (27, 4), (27, 3), (27, 2), (26, 2), (25, 2), (24, 2), (23, 2), (22, 2), (21, 2), (20, 2), (19, 2), (18, 2), (17, 2), (16, 2)]",115,0,115
133,"(14, 2)","(15, 2)",West,"[(13, 2) via West]","[(14, 2), (15, 3), (27, 1), (19, 11), (17, 13), (14, 11), (12, 13), (25, 15), (34, 15)]","[(13, 2), (15, 3), (27, 1), (19, 11), (17, 13), (14, 11), (12, 13), (25, 15), (34, 15)]","[(34, 16), (33, 16), (32, 16), (31, 16), (30, 16), (29, 16), (28, 16), (27, 16), (26, 16), (25, 16), (24, 16), (23, 16), (22, 16), (21, 16), (20, 16), (19, 16), (18, 16), (17, 16), (16, 16), (15, 16), (14, 16), (13, 16), (12, 16), (11, 16), (10, 16), (9, 16), (8, 16), (7, 16), (6, 16), (5, 16), (4, 16), (3, 16), (2, 16), (1, 16), (1, 15), (1, 14), (1, 13), (1, 12), (1, 11), (1, 10), (1, 9), (1, 8), (1, 7), (2, 7), (3, 7), (4, 7), (4, 8), (4, 9), (4, 10), (3, 10), (4, 11), (4, 12), (4, 13), (4, 14), (5, 14), (6, 14), (6, 13), (6, 12), (6, 11), (6, 10), (6, 9), (6, 8), (7, 8), (8, 8), (8, 9), (8, 10), (8, 11), (8, 12), (8, 13), (8, 14), (9, 14), (10, 14), (10, 13), (10, 12), (10, 11), (10, 10), (11, 10), (12, 10), (12, 11), (12, 12), (13, 12), (14, 12), (15, 12), (16, 12), (17, 12), (18, 12), (19, 12), (20, 12), (21, 12), (22, 12), (23, 12), (24, 12), (24, 11), (25, 11), (26, 11), (27, 11), (27, 12), (27, 13), (27, 14), (26, 14), (25, 14), (25, 15), (20, 11), (19, 11), (20, 10), (20, 9), (21, 9), (22, 9), (23, 9), (24, 9), (25, 9), (26, 9), (27, 9), (27, 8), (27, 7), (27, 6), (27, 5), (27, 4), (27, 3), (27, 2), (26, 2), (25, 2), (24, 2), (23, 2), (22, 2), (21, 2), (20, 2), (19, 2), (18, 2), (17, 2), (16, 2), (15, 2)]",116,0,116
134,"(13, 2)","(14, 2)",West,"[(12, 2) via West]","[(13, 2), (15, 3), (27, 1), (19, 11), (17, 13), (14, 11), (12, 13), (25, 15), (34, 15)]","[(12, 2), (15, 3), (27, 1), (19, 11), (17, 13), (14, 11), (12, 13), (25, 15), (34, 15)]","[(34, 16), (33, 16), (32, 16), (31, 16), (30, 16), (29, 16), (28, 16), (27, 16), (26, 16), (25, 16), (24, 16), (23, 16), (22, 16), (21, 16), (20, 16), (19, 16), (18, 16), (17, 16), (16, 16), (15, 16), (14, 16), (13, 16), (12, 16), (11, 16), (10, 16), (9, 16), (8, 16), (7, 16), (6, 16), (5, 16), (4, 16), (3, 16), (2, 16), (1, 16), (1, 15), (1, 14), (1, 13), (1, 12), (1, 11), (1, 10), (1, 9), (1, 8), (1, 7), (2, 7), (3, 7), (4, 7), (4, 8), (4, 9), (4, 10), (3, 10), (4, 11), (4, 12), (4, 13), (4, 14), (5, 14), (6, 14), (6, 13), (6, 12), (6, 11), (6, 10), (6, 9), (6, 8), (7, 8), (8, 8), (8, 9), (8, 10), (8, 11), (8, 12), (8, 13), (8, 14), (9, 14), (10, 14), (10, 13), (10, 12), (10, 11), (10, 10), (11, 10), (12, 10), (12, 11), (12, 12), (13, 12), (14, 12), (15, 12), (16, 12), (17, 12), (18, 12), (19, 12), (20, 12), (21, 12), (22, 12), (23, 12), (24, 12), (24, 11), (25, 11), (26, 11), (27, 11), (27, 12), (27, 13), (27, 14), (26, 14), (25, 14), (25, 15), (20, 11), (19, 11), (20, 10), (20, 9), (21, 9), (22, 9), (23, 9), (24, 9), (25, 9), (26, 9), (27, 9), (27, 8), (27, 7), (27, 6), (27, 5), (27, 4), (27, 3), (27, 2), (26, 2), (25, 2), (24, 2), (23, 2), (22, 2), (21, 2), (20, 2), (19, 2), (18, 2), (17, 2), (16, 2), (15, 2), (14, 2)]",117,0,117
135,"(12, 2)","(13, 2)",West,"[(11, 2) via West]","[(12, 2), (15, 3), (27, 1), (19, 11), (17, 13), (14, 11), (12, 13), (25, 15), (34, 15)]","[(11, 2), (15, 3), (27, 1), (19, 11), (17, 13), (14, 11), (12, 13), (25, 15), (34, 15)]","[(34, 16), (33, 16), (32, 16), (31, 16), (30, 16), (29, 16), (28, 16), (27, 16), (26, 16), (25, 16), (24, 16), (23, 16), (22, 16), (21, 16), (20, 16), (19, 16), (18, 16), (17, 16), (16, 16), (15, 16), (14, 16), (13, 16), (12, 16), (11, 16), (10, 16), (9, 16), (8, 16), (7, 16), (6, 16), (5, 16), (4, 16), (3, 16), (2, 16), (1, 16), (1, 15), (1, 14), (1, 13), (1, 12), (1, 11), (1, 10), (1, 9), (1, 8), (1, 7), (2, 7), (3, 7), (4, 7), (4, 8), (4, 9), (4, 10), (3, 10), (4, 11), (4, 12), (4, 13), (4, 14), (5, 14), (6, 14), (6, 13), (6, 12), (6, 11), (6, 10), (6, 9), (6, 8), (7, 8), (8, 8), (8, 9), (8, 10), (8, 11), (8, 12), (8, 13), (8, 14), (9, 14), (10, 14), (10, 13), (10, 12), (10, 11), (10, 10), (11, 10), (12, 10), (12, 11), (12, 12), (13, 12), (14, 12), (15, 12), (16, 12), (17, 12), (18, 12), (19, 12), (20, 12), (21, 12), (22, 12), (23, 12), (24, 12), (24, 11), (25, 11), (26, 11), (27, 11), (27, 12), (27, 13), (27, 14), (26, 14), (25, 14), (25, 15), (20, 11), (19, 11), (20, 10), (20, 9), (21, 9), (22, 9), (23, 9), (24, 9), (25, 9), (26, 9), (27, 9), (27, 8), (27, 7), (27, 6), (27, 5), (27, 4), (27, 3), (27, 2), (26, 2), (25, 2), (24, 2), (23, 2), (22, 2), (21, 2), (20, 2), (19, 2), (18, 2), (17, 2), (16, 2), (15, 2), (14, 2), (13, 2)]",118,0,118
136,"(11, 2)","(12, 2)",West,"[(10, 2) via West]","[(11, 2), (15, 3), (27, 1), (19, 11), (17, 13), (14, 11), (12, 13), (25, 15), (34, 15)]","[(10, 2), (15, 3), (27, 1), (19, 11), (17, 13), (14, 11), (12, 13), (25, 15), (34, 15)]","[(34, 16), (33, 16), (32, 16), (31, 16), (30, 16), (29, 16), (28, 16), (27, 16), (26, 16), (25, 16), (24, 16), (23, 16), (22, 16), (21, 16), (20, 16), (19, 16), (18, 16), (17, 16), (16, 16), (15, 16), (14, 16), (13, 16), (12, 16), (11, 16), (10, 16), (9, 16), (8, 16), (7, 16), (6, 16), (5, 16), (4, 16), (3, 16), (2, 16), (1, 16), (1, 15), (1, 14), (1, 13), (1, 12), (1, 11), (1, 10), (1, 9), (1, 8), (1, 7), (2, 7), (3, 7), (4, 7), (4, 8), (4, 9), (4, 10), (3, 10), (4, 11), (4, 12), (4, 13), (4, 14), (5, 14), (6, 14), (6, 13), (6, 12), (6, 11), (6, 10), (6, 9), (6, 8), (7, 8), (8, 8), (8, 9), (8, 10), (8, 11), (8, 12), (8, 13), (8, 14), (9, 14), (10, 14), (10, 13), (10, 12), (10, 11), (10, 10), (11, 10), (12, 10), (12, 11), (12, 12), (13, 12), (14, 12), (15, 12), (16, 12), (17, 12), (18, 12), (19, 12), (20, 12), (21, 12), (22, 12), (23, 12), (24, 12), (24, 11), (25, 11), (26, 11), (27, 11), (27, 12), (27, 13), (27, 14), (26, 14), (25, 14), (25, 15), (20, 11), (19, 11), (20, 10), (20, 9), (21, 9), (22, 9), (23, 9), (24, 9), (25, 9), (26, 9), (27, 9), (27, 8), (27, 7), (27, 6), (27, 5), (27, 4), (27, 3), (27, 2), (26, 2), (25, 2), (24, 2), (23, 2), (22, 2), (21, 2), (20, 2), (19, 2), (18, 2), (17, 2), (16, 2), (15, 2), (14, 2), (13, 2), (12, 2)]",119,0,119
137,"(10, 2)","(11, 2)",West,"[(10, 1) via South]","[(10, 2), (15, 3), (27, 1), (19, 11), (17, 13), (14, 11), (12, 13), (25, 15), (34, 15)]","[(10, 1), (15, 3), (27, 1), (19, 11), (17, 13), (14, 11), (12, 13), (25, 15), (34, 15)]","[(34, 16), (33, 16), (32, 16), (31, 16), (30, 16), (29, 16), (28, 16), (27, 16), (26, 16), (25, 16), (24, 16), (23, 16), (22, 16), (21, 16), (20, 16), (19, 16), (18, 16), (17, 16), (16, 16), (15, 16), (14, 16), (13, 16), (12, 16), (11, 16), (10, 16), (9, 16), (8, 16), (7, 16), (6, 16), (5, 16), (4, 16), (3, 16), (2, 16), (1, 16), (1, 15), (1, 14), (1, 13), (1, 12), (1, 11), (1, 10), (1, 9), (1, 8), (1, 7), (2, 7), (3, 7), (4, 7), (4, 8), (4, 9), (4, 10), (3, 10), (4, 11), (4, 12), (4, 13), (4, 14), (5, 14), (6, 14), (6, 13), (6, 12), (6, 11), (6, 10), (6, 9), (6, 8), (7, 8), (8, 8), (8, 9), (8, 10), (8, 11), (8, 12), (8, 13), (8, 14), (9, 14), (10, 14), (10, 13), (10, 12), (10, 11), (10, 10), (11, 10), (12, 10), (12, 11), (12, 12), (13, 12), (14, 12), (15, 12), (16, 12), (17, 12), (18, 12), (19, 12), (20, 12), (21, 12), (22, 12), (23, 12), (24, 12), (24, 11), (25, 11), (26, 11), (27, 11), (27, 12), (27, 13), (27, 14), (26, 14), (25, 14), (25, 15), (20, 11), (19, 11), (20, 10), (20, 9), (21, 9), (22, 9), (23, 9), (24, 9), (25, 9), (26, 9), (27, 9), (27, 8), (27, 7), (27, 6), (27, 5), (27, 4), (27, 3), (27, 2), (26, 2), (25, 2), (24, 2), (23, 2), (22, 2), (21, 2), (20, 2), (19, 2), (18, 2), (17, 2), (16, 2), (15, 2), (14, 2), (13, 2), (12, 2), (11, 2)]",120,0,120
138,"(10, 1)","(10, 2)",South,"[(9, 1) via West]","[(10, 1), (15, 3), (27, 1), (19, 11), (17, 13), (14, 11), (12, 13), (25, 15), (34, 15)]","[(9, 1), (15, 3), (27, 1), (19, 11), (17, 13), (14, 11), (12, 13), (25, 15), (34, 15)]","[(34, 16), (33, 16), (32, 16), (31, 16), (30, 16), (29, 16), (28, 16), (27, 16), (26, 16), (25, 16), (24, 16), (23, 16), (22, 16), (21, 16), (20, 16), (19, 16), (18, 16), (17, 16), (16, 16), (15, 16), (14, 16), (13, 16), (12, 16), (11, 16), (10, 16), (9, 16), (8, 16), (7, 16), (6, 16), (5, 16), (4, 16), (3, 16), (2, 16), (1, 16), (1, 15), (1, 14), (1, 13), (1, 12), (1, 11), (1, 10), (1, 9), (1, 8), (1, 7), (2, 7), (3, 7), (4, 7), (4, 8), (4, 9), (4, 10), (3, 10), (4, 11), (4, 12), (4, 13), (4, 14), (5, 14), (6, 14), (6, 13), (6, 12), (6, 11), (6, 10), (6, 9), (6, 8), (7, 8), (8, 8), (8, 9), (8, 10), (8, 11), (8, 12), (8, 13), (8, 14), (9, 14), (10, 14), (10, 13), (10, 12), (10, 11), (10, 10), (11, 10), (12, 10), (12, 11), (12, 12), (13, 12), (14, 12), (15, 12), (16, 12), (17, 12), (18, 12), (19, 12), (20, 12), (21, 12), (22, 12), (23, 12), (24, 12), (24, 11), (25, 11), (26, 11), (27, 11), (27, 12), (27, 13), (27, 14), (26, 14), (25, 14), (25, 15), (20, 11), (19, 11), (20, 10), (20, 9), (21, 9), (22, 9), (23, 9), (24, 9), (25, 9), (26, 9), (27, 9), (27, 8), (27, 7), (27, 6), (27, 5), (27, 4), (27, 3), (27, 2), (26, 2), (25, 2), (24, 2), (23, 2), (22, 2), (21, 2), (20, 2), (19, 2), (18, 2), (17, 2), (16, 2), (15, 2), (14, 2), (13, 2), (12, 2), (11, 2), (10, 2)]",121,0,121
139,"(9, 1)","(10, 1)",West,"[(8, 1) via West]","[(9, 1), (15, 3), (27, 1), (19, 11), (17, 13), (14, 11), (12, 13), (25, 15), (34, 15)]","[(8, 1), (15, 3), (27, 1), (19, 11), (17, 13), (14, 11), (12, 13), (25, 15), (34, 15)]","[(34, 16), (33, 16), (32, 16), (31, 16), (30, 16), (29, 16), (28, 16), (27, 16), (26, 16), (25, 16), (24, 16), (23, 16), (22, 16), (21, 16), (20, 16), (19, 16), (18, 16), (17, 16), (16, 16), (15, 16), (14, 16), (13, 16), (12, 16), (11, 16), (10, 16), (9, 16), (8, 16), (7, 16), (6, 16), (5, 16), (4, 16), (3, 16), (2, 16), (1, 16), (1, 15), (1, 14), (1, 13), (1, 12), (1, 11), (1, 10), (1, 9), (1, 8), (1, 7), (2, 7), (3, 7), (4, 7), (4, 8), (4, 9), (4, 10), (3, 10), (4, 11), (4, 12), (4, 13), (4, 14), (5, 14), (6, 14), (6, 13), (6, 12), (6, 11), (6, 10), (6, 9), (6, 8), (7, 8), (8, 8), (8, 9), (8, 10), (8, 11), (8, 12), (8, 13), (8, 14), (9, 14), (10, 14), (10, 13), (10, 12), (10, 11), (10, 10), (11, 10), (12, 10), (12, 11), (12, 12), (13, 12), (14, 12), (15, 12), (16, 12), (17, 12), (18, 12), (19, 12), (20, 12), (21, 12), (22, 12), (23, 12), (24, 12), (24, 11), (25, 11), (26, 11), (27, 11), (27, 12), (27, 13), (27, 14), (26, 14), (25, 14), (25, 15), (20, 11), (19, 11), (20, 10), (20, 9), (21, 9), (22, 9), (23, 9), (24, 9), (25, 9), (26, 9), (27, 9), (27, 8), (27, 7), (27, 6), (27, 5), (27, 4), (27, 3), (27, 2), (26, 2), (25, 2), (24, 2), (23, 2), (22, 2), (21, 2), (20, 2), (19, 2), (18, 2), (17, 2), (16, 2), (15, 2), (14, 2), (13, 2), (12, 2), (11, 2), (10, 2), (10, 1)]",122,0,122
140,"(8, 1)","(9, 1)",West,"[(7, 1) via West]","[(8, 1), (15, 3), (27, 1), (19, 11), (17, 13), (14, 11), (12, 13), (25, 15), (34, 15)]","[(7, 1), (15, 3), (27, 1), (19, 11), (17, 13), (14, 11), (12, 13), (25, 15), (34, 15)]","[(34, 16), (33, 16), (32, 16), (31, 16), (30, 16), (29, 16), (28, 16), (27, 16), (26, 16), (25, 16), (24, 16), (23, 16), (22, 16), (21, 16), (20, 16), (19, 16), (18, 16), (17, 16), (16, 16), (15, 16), (14, 16), (13, 16), (12, 16), (11, 16), (10, 16), (9, 16), (8, 16), (7, 16), (6, 16), (5, 16), (4, 16), (3, 16), (2, 16), (1, 16), (1, 15), (1, 14), (1, 13), (1, 12), (1, 11), (1, 10), (1, 9), (1, 8), (1, 7), (2, 7), (3, 7), (4, 7), (4, 8), (4, 9), (4, 10), (3, 10), (4, 11), (4, 12), (4, 13), (4, 14), (5, 14), (6, 14), (6, 13), (6, 12), (6, 11), (6, 10), (6, 9), (6, 8), (7, 8), (8, 8), (8, 9), (8, 10), (8, 11), (8, 12), (8, 13), (8, 14), (9, 14), (10, 14), (10, 13), (10, 12), (10, 11), (10, 10), (11, 10), (12, 10), (12, 11), (12, 12), (13, 12), (14, 12), (15, 12), (16, 12), (17, 12), (18, 12), (19, 12), (20, 12), (21, 12), (22, 12), (23, 12), (24, 12), (24, 11), (25, 11), (26, 11), (27, 11), (27, 12), (27, 13), (27, 14), (26, 14), (25, 14), (25, 15), (20, 11), (19, 11), (20, 10), (20, 9), (21, 9), (22, 9), (23, 9), (24, 9), (25, 9), (26, 9), (27, 9), (27, 8), (27, 7), (27, 6), (27, 5), (27, 4), (27, 3), (27, 2), (26, 2), (25, 2), (24, 2), (23, 2), (22, 2), (21, 2), (20, 2), (19, 2), (18, 2), (17, 2), (16, 2), (15, 2), (14, 2), (13, 2), (12, 2), (11, 2), (10, 2), (10, 1), (9, 1)]",123,0,123
141,"(7, 1)","(8, 1)",West,"[(6, 1) via West]","[(7, 1), (15, 3), (27, 1), (19, 11), (17, 13), (14, 11), (12, 13), (25, 15), (34, 15)]","[(6, 1), (15, 3), (27, 1), (19, 11), (17, 13), (14, 11), (12, 13), (25, 15), (34, 15)]","[(34, 16), (33, 16), (32, 16), (31, 16), (30, 16), (29, 16), (28, 16), (27, 16), (26, 16), (25, 16), (24, 16), (23, 16), (22, 16), (21, 16), (20, 16), (19, 16), (18, 16), (17, 16), (16, 16), (15, 16), (14, 16), (13, 16), (12, 16), (11, 16), (10, 16), (9, 16), (8, 16), (7, 16), (6, 16), (5, 16), (4, 16), (3, 16), (2, 16), (1, 16), (1, 15), (1, 14), (1, 13), (1, 12), (1, 11), (1, 10), (1, 9), (1, 8), (1, 7), (2, 7), (3, 7), (4, 7), (4, 8), (4, 9), (4, 10), (3, 10), (4, 11), (4, 12), (4, 13), (4, 14), (5, 14), (6, 14), (6, 13), (6, 12), (6, 11), (6, 10), (6, 9), (6, 8), (7, 8), (8, 8), (8, 9), (8, 10), (8, 11), (8, 12), (8, 13), (8, 14), (9, 14), (10, 14), (10, 13), (10, 12), (10, 11), (10, 10), (11, 10), (12, 10), (12, 11), (12, 12), (13, 12), (14, 12), (15, 12), (16, 12), (17, 12), (18, 12), (19, 12), (20, 12), (21, 12), (22, 12), (23, 12), (24, 12), (24, 11), (25, 11), (26, 11), (27, 11), (27, 12), (27, 13), (27, 14), (26, 14), (25, 14), (25, 15), (20, 11), (19, 11), (20, 10), (20, 9), (21, 9), (22, 9), (23, 9), (24, 9), (25, 9), (26, 9), (27, 9), (27, 8), (27, 7), (27, 6), (27, 5), (27, 4), (27, 3), (27, 2), (26, 2), (25, 2), (24, 2), (23, 2), (22, 2), (21, 2), (20, 2), (19, 2), (18, 2), (17, 2), (16, 2), (15, 2), (14, 2), (13, 2), (12, 2), (11, 2), (10, 2), (10, 1), (9, 1), (8, 1)]",124,0,124
142,"(6, 1)","(7, 1)",West,"[(5, 1) via West]","[(6, 1), (15, 3), (27, 1), (19, 11), (17, 13), (14, 11), (12, 13), (25, 15), (34, 15)]","[(5, 1), (15, 3), (27, 1), (19, 11), (17, 13), (14, 11), (12, 13), (25, 15), (34, 15)]","[(34, 16), (33, 16), (32, 16), (31, 16), (30, 16), (29, 16), (28, 16), (27, 16), (26, 16), (25, 16), (24, 16), (23, 16), (22, 16), (21, 16), (20, 16), (19, 16), (18, 16), (17, 16), (16, 16), (15, 16), (14, 16), (13, 16), (12, 16), (11, 16), (10, 16), (9, 16), (8, 16), (7, 16), (6, 16), (5, 16), (4, 16), (3, 16), (2, 16), (1, 16), (1, 15), (1, 14), (1, 13), (1, 12), (1, 11), (1, 10), (1, 9), (1, 8), (1, 7), (2, 7), (3, 7), (4, 7), (4, 8), (4, 9), (4, 10), (3, 10), (4, 11), (4, 12), (4, 13), (4, 14), (5, 14), (6, 14), (6, 13), (6, 12), (6, 11), (6, 10), (6, 9), (6, 8), (7, 8), (8, 8), (8, 9), (8, 10), (8, 11), (8, 12), (8, 13), (8, 14), (9, 14), (10, 14), (10, 13), (10, 12), (10, 11), (10, 10), (11, 10), (12, 10), (12, 11), (12, 12), (13, 12), (14, 12), (15, 12), (16, 12), (17, 12), (18, 12), (19, 12), (20, 12), (21, 12), (22, 12), (23, 12), (24, 12), (24, 11), (25, 11), (26, 11), (27, 11), (27, 12), (27, 13), (27, 14), (26, 14), (25, 14), (25, 15), (20, 11), (19, 11), (20, 10), (20, 9), (21, 9), (22, 9), (23, 9), (24, 9), (25, 9), (26, 9), (27, 9), (27, 8), (27, 7), (27, 6), (27, 5), (27, 4), (27, 3), (27, 2), (26, 2), (25, 2), (24, 2), (23, 2), (22, 2), (21, 2), (20, 2), (19, 2), (18, 2), (17, 2), (16, 2), (15, 2), (14, 2), (13, 2), (12, 2), (11, 2), (10, 2), (10, 1), (9, 1), (8, 1), (7, 1)]",125,0,125
143,"(5, 1)","(6, 1)",West,"[(4, 1) via West]","[(5, 1), (15, 3), (27, 1), (19, 11), (17, 13), (14, 11), (12, 13), (25, 15), (34, 15)]","[(4, 1), (15, 3), (27, 1), (19, 11), (17, 13), (14, 11), (12, 13), (25, 15), (34, 15)]","[(34, 16), (33, 16), (32, 16), (31, 16), (30, 16), (29, 16), (28, 16), (27, 16), (26, 16), (25, 16), (24, 16), (23, 16), (22, 16), (21, 16), (20, 16), (19, 16), (18, 16), (17, 16), (16, 16), (15, 16), (14, 16), (13, 16), (12, 16), (11, 16), (10, 16), (9, 16), (8, 16), (7, 16), (6, 16), (5, 16), (4, 16), (3, 16), (2, 16), (1, 16), (1, 15), (1, 14), (1, 13), (1, 12), (1, 11), (1, 10), (1, 9), (1, 8), (1, 7), (2, 7), (3, 7), (4, 7), (4, 8), (4, 9), (4, 10), (3, 10), (4, 11), (4, 12), (4, 13), (4, 14), (5, 14), (6, 14), (6, 13), (6, 12), (6, 11), (6, 10), (6, 9), (6, 8), (7, 8), (8, 8), (8, 9), (8, 10), (8, 11), (8, 12), (8, 13), (8, 14), (9, 14), (10, 14), (10, 13), (10, 12), (10, 11), (10, 10), (11, 10), (12, 10), (12, 11), (12, 12), (13, 12), (14, 12), (15, 12), (16, 12), (17, 12), (18, 12), (19, 12), (20, 12), (21, 12), (22, 12), (23, 12), (24, 12), (24, 11), (25, 11), (26, 11), (27, 11), (27, 12), (27, 13), (27, 14), (26, 14), (25, 14), (25, 15), (20, 11), (19, 11), (20, 10), (20, 9), (21, 9), (22, 9), (23, 9), (24, 9), (25, 9), (26, 9), (27, 9), (27, 8), (27, 7), (27, 6), (27, 5), (27, 4), (27, 3), (27, 2), (26, 2), (25, 2), (24, 2), (23, 2), (22, 2), (21, 2), (20, 2), (19, 2), (18, 2), (17, 2), (16, 2), (15, 2), (14, 2), (13, 2), (12, 2), (11, 2), (10, 2), (10, 1), (9, 1), (8, 1), (7, 1), (6, 1)]",126,0,126
144,"(4, 1)","(5, 1)",West,"[(3, 1) via West]","[(4, 1), (15, 3), (27, 1), (19, 11), (17, 13), (14, 11), (12, 13), (25, 15), (34, 15)]","[(3, 1), (15, 3), (27, 1), (19, 11), (17, 13), (14, 11), (12, 13), (25, 15), (34, 15)]","[(34, 16), (33, 16), (32, 16), (31, 16), (30, 16), (29, 16), (28, 16), (27, 16), (26, 16), (25, 16), (24, 16), (23, 16), (22, 16), (21, 16), (20, 16), (19, 16), (18, 16), (17, 16), (16, 16), (15, 16), (14, 16), (13, 16), (12, 16), (11, 16), (10, 16), (9, 16), (8, 16), (7, 16), (6, 16), (5, 16), (4, 16), (3, 16), (2, 16), (1, 16), (1, 15), (1, 14), (1, 13), (1, 12), (1, 11), (1, 10), (1, 9), (1, 8), (1, 7), (2, 7), (3, 7), (4, 7), (4, 8), (4, 9), (4, 10), (3, 10), (4, 11), (4, 12), (4, 13), (4, 14), (5, 14), (6, 14), (6, 13), (6, 12), (6, 11), (6, 10), (6, 9), (6, 8), (7, 8), (8, 8), (8, 9), (8, 10), (8, 11), (8, 12), (8, 13), (8, 14), (9, 14), (10, 14), (10, 13), (10, 12), (10, 11), (10, 10), (11, 10), (12, 10), (12, 11), (12, 12), (13, 12), (14, 12), (15, 12), (16, 12), (17, 12), (18, 12), (19, 12), (20, 12), (21, 12), (22, 12), (23, 12), (24, 12), (24, 11), (25, 11), (26, 11), (27, 11), (27, 12), (27, 13), (27, 14), (26, 14), (25, 14), (25, 15), (20, 11), (19, 11), (20, 10), (20, 9), (21, 9), (22, 9), (23, 9), (24, 9), (25, 9), (26, 9), (27, 9), (27, 8), (27, 7), (27, 6), (27, 5), (27, 4), (27, 3), (27, 2), (26, 2), (25, 2), (24, 2), (23, 2), (22, 2), (21, 2), (20, 2), (19, 2), (18, 2), (17, 2), (16, 2), (15, 2), (14, 2), (13, 2), (12, 2), (11, 2), (10, 2), (10, 1), (9, 1), (8, 1), (7, 1), (6, 1), (5, 1)]",127,0,127
145,"(3, 1)","(4, 1)",West,"[(2, 1) via West]","[(3, 1), (15, 3), (27, 1), (19, 11), (17, 13), (14, 11), (12, 13), (25, 15), (34, 15)]","[(2, 1), (15, 3), (27, 1), (19, 11), (17, 13), (14, 11), (12, 13), (25, 15), (34, 15)]","[(34, 16), (33, 16), (32, 16), (31, 16), (30, 16), (29, 16), (28, 16), (27, 16), (26, 16), (25, 16), (24, 16), (23, 16), (22, 16), (21, 16), (20, 16), (19, 16), (18, 16), (17, 16), (16, 16), (15, 16), (14, 16), (13, 16), (12, 16), (11, 16), (10, 16), (9, 16), (8, 16), (7, 16), (6, 16), (5, 16), (4, 16), (3, 16), (2, 16), (1, 16), (1, 15), (1, 14), (1, 13), (1, 12), (1, 11), (1, 10), (1, 9), (1, 8), (1, 7), (2, 7), (3, 7), (4, 7), (4, 8), (4, 9), (4, 10), (3, 10), (4, 11), (4, 12), (4, 13), (4, 14), (5, 14), (6, 14), (6, 13), (6, 12), (6, 11), (6, 10), (6, 9), (6, 8), (7, 8), (8, 8), (8, 9), (8, 10), (8, 11), (8, 12), (8, 13), (8, 14), (9, 14), (10, 14), (10, 13), (10, 12), (10, 11), (10, 10), (11, 10), (12, 10), (12, 11), (12, 12), (13, 12), (14, 12), (15, 12), (16, 12), (17, 12), (18, 12), (19, 12), (20, 12), (21, 12), (22, 12), (23, 12), (24, 12), (24, 11), (25, 11), (26, 11), (27, 11), (27, 12), (27, 13), (27, 14), (26, 14), (25, 14), (25, 15), (20, 11), (19, 11), (20, 10), (20, 9), (21, 9), (22, 9), (23, 9), (24, 9), (25, 9), (26, 9), (27, 9), (27, 8), (27, 7), (27, 6), (27, 5), (27, 4), (27, 3), (27, 2), (26, 2), (25, 2), (24, 2), (23, 2), (22, 2), (21, 2), (20, 2), (19, 2), (18, 2), (17, 2), (16, 2), (15, 2), (14, 2), (13, 2), (12, 2), (11, 2), (10, 2), (10, 1), (9, 1), (8, 1), (7, 1), (6, 1), (5, 1), (4, 1)]",128,0,128
146,"(2, 1)","(3, 1)",West,"[(1, 1) via West]","[(2, 1), (15, 3), (27, 1), (19, 11), (17, 13), (14, 11), (12, 13), (25, 15), (34, 15)]","[(1, 1), (15, 3), (27, 1), (19, 11), (17, 13), (14, 11), (12, 13), (25, 15), (34, 15)]","[(34, 16), (33, 16), (32, 16), (31, 16), (30, 16), (29, 16), (28, 16), (27, 16), (26, 16), (25, 16), (24, 16), (23, 16), (22, 16), (21, 16), (20, 16), (19, 16), (18, 16), (17, 16), (16, 16), (15, 16), (14, 16), (13, 16), (12, 16), (11, 16), (10, 16), (9, 16), (8, 16), (7, 16), (6, 16), (5, 16), (4, 16), (3, 16), (2, 16), (1, 16), (1, 15), (1, 14), (1, 13), (1, 12), (1, 11), (1, 10), (1, 9), (1, 8), (1, 7), (2, 7), (3, 7), (4, 7), (4, 8), (4, 9), (4, 10), (3, 10), (4, 11), (4, 12), (4, 13), (4, 14), (5, 14), (6, 14), (6, 13), (6, 12), (6, 11), (6, 10), (6, 9), (6, 8), (7, 8), (8, 8), (8, 9), (8, 10), (8, 11), (8, 12), (8, 13), (8, 14), (9, 14), (10, 14), (10, 13), (10, 12), (10, 11), (10, 10), (11, 10), (12, 10), (12, 11), (12, 12), (13, 12), (14, 12), (15, 12), (16, 12), (17, 12), (18, 12), (19, 12), (20, 12), (21, 12), (22, 12), (23, 12), (24, 12), (24, 11), (25, 11), (26, 11), (27, 11), (27, 12), (27, 13), (27, 14), (26, 14), (25, 14), (25, 15), (20, 11), (19, 11), (20, 10), (20, 9), (21, 9), (22, 9), (23, 9), (24, 9), (25, 9), (26, 9), (27, 9), (27, 8), (27, 7), (27, 6), (27, 5), (27, 4), (27, 3), (27, 2), (26, 2), (25, 2), (24, 2), (23, 2), (22, 2), (21, 2), (20, 2), (19, 2), (18, 2), (17, 2), (16, 2), (15, 2), (14, 2), (13, 2), (12, 2), (11, 2), (10, 2), (10, 1), (9, 1), (8, 1), (7, 1), (6, 1), (5, 1), (4, 1), (3, 1)]",129,0,129
147,"(1, 1)","(2, 1)",West,[],"[(1, 1), (15, 3), (27, 1), (19, 11), (17, 13), (14, 11), (12, 13), (25, 15), (34, 15)]","[(15, 3), (27, 1), (19, 11), (17, 13), (14, 11), (12, 13), (25, 15), (34, 15)]","[(34, 16), (33, 16), (32, 16), (31, 16), (30, 16), (29, 16), (28, 16), (27, 16), (26, 16), (25, 16), (24, 16), (23, 16), (22, 16), (21, 16), (20, 16), (19, 16), (18, 16), (17, 16), (16, 16), (15, 16), (14, 16), (13, 16), (12, 16), (11, 16), (10, 16), (9, 16), (8, 16), (7, 16), (6, 16), (5, 16), (4, 16), (3, 16), (2, 16), (1, 16), (1, 15), (1, 14), (1, 13), (1, 12), (1, 11), (1, 10), (1, 9), (1, 8), (1, 7), (2, 7), (3, 7), (4, 7), (4, 8), (4, 9), (4, 10), (3, 10), (4, 11), (4, 12), (4, 13), (4, 14), (5, 14), (6, 14), (6, 13), (6, 12), (6, 11), (6, 10), (6, 9), (6, 8), (7, 8), (8, 8), (8, 9), (8, 10), (8, 11), (8, 12), (8, 13), (8, 14), (9, 14), (10, 14), (10, 13), (10, 12), (10, 11), (10, 10), (11, 10), (12, 10), (12, 11), (12, 12), (13, 12), (14, 12), (15, 12), (16, 12), (17, 12), (18, 12), (19, 12), (20, 12), (21, 12), (22, 12), (23, 12), (24, 12), (24, 11), (25, 11), (26, 11), (27, 11), (27, 12), (27, 13), (27, 14), (26, 14), (25, 14), (25, 15), (20, 11), (19, 11), (20, 10), (20, 9), (21, 9), (22, 9), (23, 9), (24, 9), (25, 9), (26, 9), (27, 9), (27, 8), (27, 7), (27, 6), (27, 5), (27, 4), (27, 3), (27, 2), (26, 2), (25, 2), (24, 2), (23, 2), (22, 2), (21, 2), (20, 2), (19, 2), (18, 2), (17, 2), (16, 2), (15, 2), (14, 2), (13, 2), (12, 2), (11, 2), (10, 2), (10, 1), (9, 1), (8, 1), (7, 1), (6, 1), (5, 1), (4, 1), (3, 1), (2, 1)]",130,0,130
