iteration,expanded_state,parent,action,generated_successors,frontier_before,frontier_after,explored,g,h,f
1,"(34, 16)",,,"[(33, 16) via West, (34, 15) via South]","[(34, 16)]","[(34, 15), (33, 16)]",[],0,0,0
2,"(34, 15)","(34, 16)",South,"[(34, 14) via South]","[(34, 15), (33, 16)]","[(34, 14), (33, 16)]","[(34, 16)]",1,0,1
3,"(34, 14)","(34, 15)",South,"[(33, 14) via West]","[(34, 14), (33, 16)]","[(33, 14), (33, 16)]","[(34, 16), (34, 15)]",2,0,2
4,"(33, 14)","(34, 14)",West,"[(32, 14) via West]","[(33, 14), (33, 16)]","[(32, 14), (33, 16)]","[(34, 16), (34, 15), (34, 14)]",3,0,3
5,"(32, 14)","(33, 14)",West,"[(31, 14) via West]","[(32, 14), (33, 16)]","[(31, 14), (33, 16)]","[(34, 16), (34, 15), (34, 14), (33, 14)]",4,0,4
6,"(31, 14)","(32, 14)",West,"[(30, 14) via West]","[(31, 14), (33, 16)]","[(30, 14), (33, 16)]","[(34, 16), (34, 15), (34, 14), (33, 14), (32, 14)]",5,0,5
7,"(30, 14)","(31, 14)",West,"[(30, 13) via South]","[(30, 14), (33, 16)]","[(30, 13), (33, 16)]","[(34, 16), (34, 15), (34, 14), (33, 14), (32, 14), (31, 14)]",6,0,6
8,"(30, 13)","(30, 14)",South,"[(30, 12) via South]","[(30, 13), (33, 16)]","[(30, 12), (33, 16)]","[(34, 16), (34, 15), (34, 14), (33, 14), (32, 14), (31, 14), (30, 14)]",7,0,7
9,"(30, 12)","(30, 13)",South,"[(31, 12) via East]","[(30, 12), (33, 16)]","[(31, 12), (33, 16)]","[(34, 16), (34, 15), (34, 14), (33, 14), (32, 14), (31, 14), (30, 14), (30, 13)]",8,0,8
10,"(31, 12)","(30, 12)",East,"[(32, 12) via East]","[(31, 12), (33, 16)]","[(32, 12), (33, 16)]","[(34, 16), (34, 15), (34, 14), (33, 14), (32, 14), (31, 14), (30, 14), (30, 13), (30, 12)]",9,0,9
11,"(32, 12)","(31, 12)",East,"[(33, 12) via East]","[(32, 12), (33, 16)]","[(33, 12), (33, 16)]","[(34, 16), (34, 15), (34, 14), (33, 14), (32, 14), (31, 14), (30, 14), (30, 13), (30, 12), (31, 12)]",10,0,10
12,"(33, 12)","(32, 12)",East,"[(34, 12) via East]","[(33, 12), (33, 16)]","[(34, 12), (33, 16)]","[(34, 16), (34, 15), (34, 14), (33, 14), (32, 14), (31, 14), (30, 14), (30, 13), (30, 12), (31, 12), (32, 12)]",11,0,11
13,"(34, 12)","(33, 12)",East,"[(34, 11) via South]","[(34, 12), (33, 16)]","[(34, 11), (33, 16)]","[(34, 16), (34, 15), (34, 14), (33, 14), (32, 14), (31, 14), (30, 14), (30, 13), (30, 12), (31, 12), (32, 12), (33, 12)]",12,0,12
14,"(34, 11)","(34, 12)",South,"[(34, 10) via South]","[(34, 11), (33, 16)]","[(34, 10), (33, 16)]","[(34, 16), (34, 15), (34, 14), (33, 14), (32, 14), (31, 14), (30, 14), (30, 13), (30, 12), (31, 12), (32, 12), (33, 12), (34, 12)]",13,0,13
15,"(34, 10)","(34, 11)",South,"[(33, 10) via West]","[(34, 10), (33, 16)]","[(33, 10), (33, 16)]","[(34, 16), (34, 15), (34, 14), (33, 14), (32, 14), (31, 14), (30, 14), (30, 13), (30, 12), (31, 12), (32, 12), (33, 12), (34, 12), (34, 11)]",14,0,14
16,"(33, 10)","(34, 10)",West,"[(32, 10) via West]","[(33, 10), (33, 16)]","[(32, 10), (33, 16)]","[(34, 16), (34, 15), (34, 14), (33, 14), (32, 14), (31, 14), (30, 14), (30, 13), (30, 12), (31, 12), (32, 12), (33, 12), (34, 12), (34, 11), (34, 10)]",15,0,15
17,"(32, 10)","(33, 10)",West,"[(31, 10) via West]","[(32, 10), (33, 16)]","[(31, 10), (33, 16)]","[(34, 16), (34, 15), (34, 14), (33, 14), (32, 14), (31, 14), (30, 14), (30, 13), (30, 12), (31, 12), (32, 12), (33, 12), (34, 12), (34, 11), (34, 10), (33, 10)]",16,0,16
18,"(31, 10)","(32, 10)",West,"[(30, 10) via West]","[(31, 10), (33, 16)]","[(30, 10), (33, 16)]","[(34, 16), (34, 15), (34, 14), (33, 14), (32, 14), (31, 14), (30, 14), (30, 13), (30, 12), (31, 12), (32, 12), (33, 12), (34, 12), (34, 11), (34, 10), (33, 10), (32, 10)]",17,0,17
19,"(30, 10)","(31, 10)",West,"[(29, 10) via West, (30, 9) via South]","[(30, 10), (33, 16)]","[(30, 9), (29, 10), (33, 16)]","[(34, 16), (34, 15), (34, 14), (33, 14), (32, 14), (31, 14), (30, 14), (30, 13), (30, 12), (31, 12), (32, 12), (33, 12), (34, 12), (34, 11), (34, 10), (33, 10), (32, 10), (31, 10)]",18,0,18
20,"(30, 9)","(30, 10)",South,"[(30, 8) via South]","[(30, 9), (29, 10), (33, 16)]","[(30, 8), (29, 10), (33, 16)]","[(34, 16), (34, 15), (34, 14), (33, 14), (32, 14), (31, 14), (30, 14), (30, 13), (30, 12), (31, 12), (32, 12), (33, 12), (34, 12), (34, 11), (34, 10), (33, 10), (32, 10), (31, 10), (30, 10)]",19,0,19
21,"(30, 8)","(30, 9)",South,"[(31, 8) via East]","[(30, 8), (29, 10), (33, 16)]","[(31, 8), (29, 10), (33, 16)]","[(34, 16), (34, 15), (34, 14), (33, 14), (32, 14), (31, 14), (30, 14), (30, 13), (30, 12), (31, 12), (32, 12), (33, 12), (34, 12), (34, 11), (34, 10), (33, 10), (32, 10), (31, 10), (30, 10), (30, 9)]",20,0,20
22,"(31, 8)","(30, 8)",East,"[(32, 8) via East]","[(31, 8), (29, 10), (33, 16)]","[(32, 8), (29, 10), (33, 16)]","[(34, 16), (34, 15), (34, 14), (33, 14), (32, 14), (31, 14), (30, 14), (30, 13), (30, 12), (31, 12), (32, 12), (33, 12), (34, 12), (34, 11), (34, 10), (33, 10), (32, 10), (31, 10), (30, 10), (30, 9), (30, 8)]",21,0,21
23,"(32, 8)","(31, 8)",East,"[(33, 8) via East]","[(32, 8), (29, 10), (33, 16)]","[(33, 8), (29, 10), (33, 16)]","[(34, 16), (34, 15), (34, 14), (33, 14), (32, 14), (31, 14), (30, 14), (30, 13), (30, 12), (31, 12), (32, 12), (33, 12), (34, 12), (34, 11), (34, 10), (33, 10), (32, 10), (31, 10), (30, 10), (30, 9), (30, 8), (31, 8)]",22,0,22
24,"(33, 8)","(32, 8)",East,"[(34, 8) via East]","[(33, 8), (29, 10), (33, 16)]","[(34, 8), (29, 10), (33, 16)]","[(34, 16), (34, 15), (34, 14), (33, 14), (32, 14), (31, 14), (30, 14), (30, 13), (30, 12), (31, 12), (32, 12), (33, 12), (34, 12), (34, 11), (34, 10), (33, 10), (32, 10), (31, 10), (30, 10), (30, 9), (30, 8), (31, 8), (32, 8)]",23,0,23
25,"(34, 8)","(33, 8)",East,"[(34, 7) via South]","[(34, 8), (29, 10), (33, 16)]","[(34, 7), (29, 10), (33, 16)]","[(34, 16), (34, 15), (34, 14), (33, 14), (32, 14), (31, 14), (30, 14), (30, 13), (30, 12), (31, 12), (32, 12), (33, 12), (34, 12), (34, 11), (34, 10), (33, 10), (32, 10), (31, 10), (30, 10), (30, 9), (30, 8), (31, 8), (32, 8), (33, 8)]",24,0,24
26,"(34, 7)","(34, 8)",South,"[(34, 6) via South]","[(34, 7), (29, 10), (33, 16)]","[(34, 6), (29, 10), (33, 16)]","[(34, 16), (34, 15), (34, 14), (33, 14), (32, 14), (31, 14), (30, 14), (30, 13), (30, 12), (31, 12), (32, 12), (33, 12), (34, 12), (34, 11), (34, 10), (33, 10), (32, 10), (31, 10), (30, 10), (30, 9), (30, 8), (31, 8), (32, 8), (33, 8), (34, 8)]",25,0,25
27,"(34, 6)","(34, 7)",South,"[(33, 6) via West]","[(34, 6), (29, 10), (33, 16)]","[(33, 6), (29, 10), (33, 16)]","[(34, 16), (34, 15), (34, 14), (33, 14), (32, 14), (31, 14), (30, 14), (30, 13), (30, 12), (31, 12), (32, 12), (33, 12), (34, 12), (34, 11), (34, 10), (33, 10), (32, 10), (31, 10), (30, 10), (30, 9), (30, 8), (31, 8), (32, 8), (33, 8), (34, 8), (34, 7)]",26,0,26
28,"(33, 6)","(34, 6)",West,"[(32, 6) via West]","[(33, 6), (29, 10), (33, 16)]","[(32, 6), (29, 10), (33, 16)]","[(34, 16), (34, 15), (34, 14), (33, 14), (32, 14), (31, 14), (30, 14), (30, 13), (30, 12), (31, 12), (32, 12), (33, 12), (34, 12), (34, 11), (34, 10), (33, 10), (32, 10), (31, 10), (30, 10), (30, 9), (30, 8), (31, 8), (32, 8), (33, 8), (34, 8), (34, 7), (34, 6)]",27,0,27
29,"(32, 6)","(33, 6)",West,"[(31, 6) via West]","[(32, 6), (29, 10), (33, 16)]","[(31, 6), (29, 10), (33, 16)]","[(34, 16), (34, 15), (34, 14), (33, 14), (32, 14), (31, 14), (30, 14), (30, 13), (30, 12), (31, 12), (32, 12), (33, 12), (34, 12), (34, 11), (34, 10), (33, 10), (32, 10), (31, 10), (30, 10), (30, 9), (30, 8), (31, 8), (32, 8), (33, 8), (34, 8), (34, 7), (34, 6), (33, 6)]",28,0,28
30,"(31, 6)","(32, 6)",West,"[(30, 6) via West]","[(31, 6), (29, 10), (33, 16)]","[(30, 6), (29, 10), (33, 16)]","[(34, 16), (34, 15), (34, 14), (33, 14), (32, 14), (31, 14), (30, 14), (30, 13), (30, 12), (31, 12), (32, 12), (33, 12), (34, 12), (34, 11), (34, 10), (33, 10), (32, 10), (31, 10), (30, 10), (30, 9), (30, 8), (31, 8), (32, 8), (33, 8), (34, 8), (34, 7), (34, 6), (33, 6), (32, 6)]",29,0,29
31,"(30, 6)","(31, 6)",West,"[(29, 6) via West, (30, 5) via South]","[(30, 6), (29, 10), (33, 16)]","[(30, 5), (29, 6), (29, 10), (33, 16)]","[(34, 16), (34, 15), (34, 14), (33, 14), (32, 14), (31, 14), (30, 14), (30, 13), (30, 12), (31, 12), (32, 12), (33, 12), (34, 12), (34, 11), (34, 10), (33, 10), (32, 10), (31, 10), (30, 10), (30, 9), (30, 8), (31, 8), (32, 8), (33, 8), (34, 8), (34, 7), (34, 6), (33, 6), (32, 6), (31, 6)]",30,0,30
32,"(30, 5)","(30, 6)",South,"[(30, 4) via South]","[(30, 5), (29, 6), (29, 10), (33, 16)]","[(30, 4), (29, 6), (29, 10), (33, 16)]","[(34, 16), (34, 15), (34, 14), (33, 14), (32, 14), (31, 14), (30, 14), (30, 13), (30, 12), (31, 12), (32, 12), (33, 12), (34, 12), (34, 11), (34, 10), (33, 10), (32, 10), (31, 10), (30, 10), (30, 9), (30, 8), (31, 8), (32, 8), (33, 8), (34, 8), (34, 7), (34, 6), (33, 6), (32, 6), (31, 6), (30, 6)]",31,0,31
33,"(30, 4)","(30, 5)",South,"[(30, 3) via South, (31, 4) via East]","[(30, 4), (29, 6), (29, 10), (33, 16)]","[(31, 4), (30, 3), (29, 6), (29, 10), (33, 16)]","[(34, 16), (34, 15), (34, 14), (33, 14), (32, 14), (31, 14), (30, 14), (30, 13), (30, 12), (31, 12), (32, 12), (33, 12), (34, 12), (34, 11), (34, 10), (33, 10), (32, 10), (31, 10), (30, 10), (30, 9), (30, 8), (31, 8), (32, 8), (33, 8), (34, 8), (34, 7), (34, 6), (33, 6), (32, 6), (31, 6), (30, 6), (30, 5)]",32,0,32
34,"(31, 4)","(30, 4)",East,"[(31, 3) via South, (32, 4) via East]","[(31, 4), (30, 3), (29, 6), (29, 10), (33, 16)]","[(32, 4), (31, 3), (30, 3), (29, 6), (29, 10), (33, 16)]","[(34, 16), (34, 15), (34, 14), (33, 14), (32, 14), (31, 14), (30, 14), (30, 13), (30, 12), (31, 12), (32, 12), (33, 12), (34, 12), (34, 11), (34, 10), (33, 10), (32, 10), (31, 10), (30, 10), (30, 9), (30, 8), (31, 8), (32, 8), (33, 8), (34, 8), (34, 7), (34, 6), (33, 6), (32, 6), (31, 6), (30, 6), (30, 5), (30, 4)]",33,0,33
35,"(32, 4)","(31, 4)",East,"[(33, 4) via East]","[(32, 4), (31, 3), (30, 3), (29, 6), (29, 10), (33, 16)]","[(33, 4), (31, 3), (30, 3), (29, 6), (29, 10), (33, 16)]","[(34, 16), (34, 15), (34, 14), (33, 14), (32, 14), (31, 14), (30, 14), (30, 13), (30, 12), (31, 12), (32, 12), (33, 12), (34, 12), (34, 11), (34, 10), (33, 10), (32, 10), (31, 10), (30, 10), (30, 9), (30, 8), (31, 8), (32, 8), (33, 8), (34, 8), (34, 7), (34, 6), (33, 6), (32, 6), (31, 6), (30, 6), (30, 5), (30, 4), (31, 4)]",34,0,34
36,"(33, 4)","(32, 4)",East,"[(34, 4) via East]","[(33, 4), (31, 3), (30, 3), (29, 6), (29, 10), (33, 16)]","[(34, 4), (31, 3), (30, 3), (29, 6), (29, 10), (33, 16)]","[(34, 16), (34, 15), (34, 14), (33, 14), (32, 14), (31, 14), (30, 14), (30, 13), (30, 12), (31, 12), (32, 12), (33, 12), (34, 12), (34, 11), (34, 10), (33, 10), (32, 10), (31, 10), (30, 10), (30, 9), (30, 8), (31, 8), (32, 8), (33, 8), (34, 8), (34, 7), (34, 6), (33, 6), (32, 6), (31, 6), (30, 6), (30, 5), (30, 4), (31, 4), (32, 4)]",35,0,35
37,"(34, 4)","(33, 4)",East,"[(34, 3) via South]","[(34, 4), (31, 3), (30, 3), (29, 6), (29, 10), (33, 16)]","[(34, 3), (31, 3), (30, 3), (29, 6), (29, 10), (33, 16)]","[(34, 16), (34, 15), (34, 14), (33, 14), (32, 14), (31, 14), (30, 14), (30, 13), (30, 12), (31, 12), (32, 12), (33, 12), (34, 12), (34, 11), (34, 10), (33, 10), (32, 10), (31, 10), (30, 10), (30, 9), (30, 8), (31, 8), (32, 8), (33, 8), (34, 8), (34, 7), (34, 6), (33, 6), (32, 6), (31, 6), (30, 6), (30, 5), (30, 4), (31, 4), (32, 4), (33, 4)]",36,0,36
38,"(34, 3)","(34, 4)",South,"[(34, 2) via South]","[(34, 3), (31, 3), (30, 3), (29, 6), (29, 10), (33, 16)]","[(34, 2), (31, 3), (30, 3), (29, 6), (29, 10), (33, 16)]","[(34, 16), (34, 15), (34, 14), (33, 14), (32, 14), (31, 14), (30, 14), (30, 13), (30, 12), (31, 12), (32, 12), (33, 12), (34, 12), (34, 11), (34, 10), (33, 10), (32, 10), (31, 10), (30, 10), (30, 9), (30, 8), (31, 8), (32, 8), (33, 8), (34, 8), (34, 7), (34, 6), (33, 6), (32, 6), (31, 6), (30, 6), (30, 5), (30, 4), (31, 4), (32, 4), (33, 4), (34, 4)]",37,0,37
39,"(34, 2)","(34, 3)",South,"[(34, 1) via South]","[(34, 2), (31, 3), (30, 3), (29, 6), (29, 10), (33, 16)]","[(34, 1), (31, 3), (30, 3), (29, 6), (29, 10), (33, 16)]","[(34, 16), (34, 15), (34, 14), (33, 14), (32, 14), (31, 14), (30, 14), (30, 13), (30, 12), (31, 12), (32, 12), (33, 12), (34, 12), (34, 11), (34, 10), (33, 10), (32, 10), (31, 10), (30, 10), (30, 9), (30, 8), (31, 8), (32, 8), (33, 8), (34, 8), (34, 7), (34, 6), (33, 6), (32, 6), (31, 6), (30, 6), (30, 5), (30, 4), (31, 4), (32, 4), (33, 4), (34, 4), (34, 3)]",38,0,38
40,"(34, 1)","(34, 2)",South,"[(33, 1) via West]","[(34, 1), (31, 3), (30, 3), (29, 6), (29, 10), (33, 16)]","[(33, 1), (31, 3), (30, 3), (29, 6), (29, 10), (33, 16)]","[(34, 16), (34, 15), (34, 14), (33, 14), (32, 14), (31, 14), (30, 14), (30, 13), (30, 12), (31, 12), (32, 12), (33, 12), (34, 12), (34, 11), (34, 10), (33, 10), (32, 10), (31, 10), (30, 10), (30, 9), (30, 8), (31, 8), (32, 8), (33, 8), (34, 8), (34, 7), (34, 6), (33, 6), (32, 6), (31, 6), (30, 6), (30, 5), (30, 4), (31, 4), (32, 4), (33, 4), (34, 4), (34, 3), (34, 2)]",39,0,39
41,"(33, 1)","(34, 1)",West,"[(32, 1) via West]","[(33, 1), (31, 3), (30, 3), (29, 6), (29, 10), (33, 16)]","[(32, 1), (31, 3), (30, 3), (29, 6), (29, 10), (33, 16)]","[(34, 16), (34, 15), (34, 14), (33, 14), (32, 14), (31, 14), (30, 14), (30, 13), (30, 12), (31, 12), (32, 12), (33, 12), (34, 12), (34, 11), (34, 10), (33, 10), (32, 10), (31, 10), (30, 10), (30, 9), (30, 8), (31, 8), (32, 8), (33, 8), (34, 8), (34, 7), (34, 6), (33, 6), (32, 6), (31, 6), (30, 6), (30, 5), (30, 4), (31, 4), (32, 4), (33, 4), (34, 4), (34, 3), (34, 2), (34, 1)]",40,0,40
42,"(32, 1)","(33, 1)",West,"[(31, 1) via West]","[(32, 1), (31, 3), (30, 3), (29, 6), (29, 10), (33, 16)]","[(31, 1), (31, 3), (30, 3), (29, 6), (29, 10), (33, 16)]","[(34, 16), (34, 15), (34, 14), (33, 14), (32, 14), (31, 14), (30, 14), (30, 13), (30, 12), (31, 12), (32, 12), (33, 12), (34, 12), (34, 11), (34, 10), (33, 10), (32, 10), (31, 10), (30, 10), (30, 9), (30, 8), (31, 8), (32, 8), (33, 8), (34, 8), (34, 7), (34, 6), (33, 6), (32, 6), (31, 6), (30, 6), (30, 5), (30, 4), (31, 4), (32, 4), (33, 4), (34, 4), (34, 3), (34, 2), (34, 1), (33, 1)]",41,0,41
43,"(31, 1)","(32, 1)",West,"[(30, 1) via West]","[(31, 1), (31, 3), (30, 3), (29, 6), (29, 10), (33, 16)]","[(30, 1), (31, 3), (30, 3), (29, 6), (29, 10), (33, 16)]","[(34, 16), (34, 15), (34, 14), (33, 14), (32, 14), (31, 14), (30, 14), (30, 13), (30, 12), (31, 12), (32, 12), (33, 12), (34, 12), (34, 11), (34, 10), (33, 10), (32, 10), (31, 10), (30, 10), (30, 9), (30, 8), (31, 8), (32, 8), (33, 8), (34, 8), (34, 7), (34, 6), (33, 6), (32, 6), (31, 6), (30, 6), (30, 5), (30, 4), (31, 4), (32, 4), (33, 4), (34, 4), (34, 3), (34, 2), (34, 1), (33, 1), (32, 1)]",42,0,42
44,"(30, 1)","(31, 1)",West,"[(29, 1) via West]","[(30, 1), (31, 3), (30, 3), (29, 6), (29, 10), (33, 16)]","[(29, 1), (31, 3), (30, 3), (29, 6), (29, 10), (33, 16)]","[(34, 16), (34, 15), (34, 14), (33, 14), (32, 14), (31, 14), (30, 14), (30, 13), (30, 12), (31, 12), (32, 12), (33, 12), (34, 12), (34, 11), (34, 10), (33, 10), (32, 10), (31, 10), (30, 10), (30, 9), (30, 8), (31, 8), (32, 8), (33, 8), (34, 8), (34, 7), (34, 6), (33, 6), (32, 6), (31, 6), (30, 6), (30, 5), (30, 4), (31, 4), (32, 4), (33, 4), (34, 4), (34, 3), (34, 2), (34, 1), (33, 1), (32, 1), (31, 1)]",43,0,43
45,"(29, 1)","(30, 1)",West,"[(28, 1) via West]","[(29, 1), (31, 3), (30, 3), (29, 6), (29, 10), (33, 16)]","[(28, 1), (31, 3), (30, 3), (29, 6), (29, 10), (33, 16)]","[(34, 16), (34, 15), (34, 14), (33, 14), (32, 14), (31, 14), (30, 14), (30, 13), (30, 12), (31, 12), (32, 12), (33, 12), (34, 12), (34, 11), (34, 10), (33, 10), (32, 10), (31, 10), (30, 10), (30, 9), (30, 8), (31, 8), (32, 8), (33, 8), (34, 8), (34, 7), (34, 6), (33, 6), (32, 6), (31, 6), (30, 6), (30, 5), (30, 4), (31, 4), (32, 4), (33, 4), (34, 4), (34, 3), (34, 2), (34, 1), (33, 1), (32, 1), (31, 1), (30, 1)]",44,0,44
46,"(28, 1)","(29, 1)",West,"[(27, 1) via West]","[(28, 1), (31, 3), (30, 3), (29, 6), (29, 10), (33, 16)]","[(27, 1), (31, 3), (30, 3), (29, 6), (29, 10), (33, 16)]","[(34, 16), (34, 15), (34, 14), (33, 14), (32, 14), (31, 14), (30, 14), (30, 13), (30, 12), (31, 12), (32, 12), (33, 12), (34, 12), (34, 11), (34, 10), (33, 10), (32, 10), (31, 10), (30, 10), (30, 9), (30, 8), (31, 8), (32, 8), (33, 8), (34, 8), (34, 7), (34, 6), (33, 6), (32, 6), (31, 6), (30, 6), (30, 5), (30, 4), (31, 4), (32, 4), (33, 4), (34, 4), (34, 3), (34, 2), (34, 1), (33, 1), (32, 1), (31, 1), (30, 1), (29, 1)]",45,0,45
47,"(27, 1)","(28, 1)",West,"[(27, 2) via North]","[(27, 1), (31, 3), (30, 3), (29, 6), (29, 10), (33, 16)]","[(27, 2), (31, 3), (30, 3), (29, 6), (29, 10), (33, 16)]","[(34, 16), (34, 15), (34, 14), (33, 14), (32, 14), (31, 14), (30, 14), (30, 13), (30, 12), (31, 12), (32, 12), (33, 12), (34, 12), (34, 11), (34, 10), (33, 10), (32, 10), (31, 10), (30, 10), (30, 9), (30, 8), (31, 8), (32, 8), (33, 8), (34, 8), (34, 7), (34, 6), (33, 6), (32, 6), (31, 6), (30, 6), (30, 5), (30, 4), (31, 4), (32, 4), (33, 4), (34, 4), (34, 3), (34, 2), (34, 1), (33, 1), (32, 1), (31, 1), (30, 1), (29, 1), (28, 1)]",46,0,46
48,"(27, 2)","(27, 1)",North,"[(26, 2) via West, (27, 3) via North]","[(27, 2), (31, 3), (30, 3), (29, 6), (29, 10), (33, 16)]","[(27, 3), (26, 2), (31, 3), (30, 3), (29, 6), (29, 10), (33, 16)]","[(34, 16), (34, 15), (34, 14), (33, 14), (32, 14), (31, 14), (30, 14), (30, 13), (30, 12), (31, 12), (32, 12), (33, 12), (34, 12), (34, 11), (34, 10), (33, 10), (32, 10), (31, 10), (30, 10), (30, 9), (30, 8), (31, 8), (32, 8), (33, 8), (34, 8), (34, 7), (34, 6), (33, 6), (32, 6), (31, 6), (30, 6), (30, 5), (30, 4), (31, 4), (32, 4), (33, 4), (34, 4), (34, 3), (34, 2), (34, 1), (33, 1), (32, 1), (31, 1), (30, 1), (29, 1), (28, 1), (27, 1)]",47,0,47
49,"(27, 3)","(27, 2)",North,"[(27, 4) via North]","[(27, 3), (26, 2), (31, 3), (30, 3), (29, 6), (29, 10), (33, 16)]","[(27, 4), (26, 2), (31, 3), (30, 3), (29, 6), (29, 10), (33, 16)]","[(34, 16), (34, 15), (34, 14), (33, 14), (32, 14), (31, 14), (30, 14), (30, 13), (30, 12), (31, 12), (32, 12), (33, 12), (34, 12), (34, 11), (34, 10), (33, 10), (32, 10), (31, 10), (30, 10), (30, 9), (30, 8), (31, 8), (32, 8), (33, 8), (34, 8), (34, 7), (34, 6), (33, 6), (32, 6), (31, 6), (30, 6), (30, 5), (30, 4), (31, 4), (32, 4), (33, 4), (34, 4), (34, 3), (34, 2), (34, 1), (33, 1), (32, 1), (31, 1), (30, 1), (29, 1), (28, 1), (27, 1), (27, 2)]",48,0,48
50,"(27, 4)","(27, 3)",North,"[(27, 5) via North]","[(27, 4), (26, 2), (31, 3), (30, 3), (29, 6), (29, 10), (33, 16)]","[(27, 5), (26, 2), (31, 3), (30, 3), (29, 6), (29, 10), (33, 16)]","[(34, 16), (34, 15), (34, 14), (33, 14), (32, 14), (31, 14), (30, 14), (30, 13), (30, 12), (31, 12), (32, 12), (33, 12), (34, 12), (34, 11), (34, 10), (33, 10), (32, 10), (31, 10), (30, 10), (30, 9), (30, 8), (31, 8), (32, 8), (33, 8), (34, 8), (34, 7), (34, 6), (33, 6), (32, 6), (31, 6), (30, 6), (30, 5), (30, 4), (31, 4), (32, 4), (33, 4), (34, 4), (34, 3), (34, 2), (34, 1), (33, 1), (32, 1), (31, 1), (30, 1), (29, 1), (28, 1), (27, 1), (27, 2), (27, 3)]",49,0,49
51,"(27, 5)","(27, 4)",North,"[(27, 6) via North]","[(27, 5), (26, 2), (31, 3), (30, 3), (29, 6), (29, 10), (33, 16)]","[(27, 6), (26, 2), (31, 3), (30, 3), (29, 6), (29, 10), (33, 16)]","[(34, 16), (34, 15), (34, 14), (33, 14), (32, 14), (31, 14), (30, 14), (30, 13), (30, 12), (31, 12), (32, 12), (33, 12), (34, 12), (34, 11), (34, 10), (33, 10), (32, 10), (31, 10), (30, 10), (30, 9), (30, 8), (31, 8), (32, 8), (33, 8), (34, 8), (34, 7), (34, 6), (33, 6), (32, 6), (31, 6), (30, 6), (30, 5), (30, 4), (31, 4), (32, 4), (33, 4), (34, 4), (34, 3), (34, 2), (34, 1), (33, 1), (32, 1), (31, 1), (30, 1), (29, 1), (28, 1), (27, 1), (27, 2), (27, 3), (27, 4)]",50,0,50
52,"(27, 6)","(27, 5)",North,"[(27, 7) via North]","[(27, 6), (26, 2), (31, 3), (30, 3), (29, 6), (29, 10), (33, 16)]","[(27, 7), (26, 2), (31, 3), (30, 3), (29, 6), (29, 10), (33, 16)]","[(34, 16), (34, 15), (34, 14), (33, 14), (32, 14), (31, 14), (30, 14), (30, 13), (30, 12), (31, 12), (32, 12), (33, 12), (34, 12), (34, 11), (34, 10), (33, 10), (32, 10), (31, 10), (30, 10), (30, 9), (30, 8), (31, 8), (32, 8), (33, 8), (34, 8), (34, 7), (34, 6), (33, 6), (32, 6), (31, 6), (30, 6), (30, 5), (30, 4), (31, 4), (32, 4), (33, 4), (34, 4), (34, 3), (34, 2), (34, 1), (33, 1), (32, 1), (31, 1), (30, 1), (29, 1), (28, 1), (27, 1), (27, 2), (27, 3), (27, 4), (27, 5)]",51,0,51
53,"(27, 7)","(27, 6)",North,"[(27, 8) via North]","[(27, 7), (26, 2), (31, 3), (30, 3), (29, 6), (29, 10), (33, 16)]","[(27, 8), (26, 2), (31, 3), (30, 3), (29, 6), (29, 10), (33, 16)]","[(34, 16), (34, 15), (34, 14), (33, 14), (32, 14), (31, 14), (30, 14), (30, 13), (30, 12), (31, 12), (32, 12), (33, 12), (34, 12), (34, 11), (34, 10), (33, 10), (32, 10), (31, 10), (30, 10), (30, 9), (30, 8), (31, 8), (32, 8), (33, 8), (34, 8), (34, 7), (34, 6), (33, 6), (32, 6), (31, 6), (30, 6), (30, 5), (30, 4), (31, 4), (32, 4), (33, 4), (34, 4), (34, 3), (34, 2), (34, 1), (33, 1), (32, 1), (31, 1), (30, 1), (29, 1), (28, 1), (27, 1), (27, 2), (27, 3), (27, 4), (27, 5), (27, 6)]",52,0,52
54,"(27, 8)","(27, 7)",North,"[(27, 9) via North]","[(27, 8), (26, 2), (31, 3), (30, 3), (29, 6), (29, 10), (33, 16)]","[(27, 9), (26, 2), (31, 3), (30, 3), (29, 6), (29, 10), (33, 16)]","[(34, 16), (34, 15), (34, 14), (33, 14), (32, 14), (31, 14), (30, 14), (30, 13), (30, 12), (31, 12), (32, 12), (33, 12), (34, 12), (34, 11), (34, 10), (33, 10), (32, 10), (31, 10), (30, 10), (30, 9), (30, 8), (31, 8), (32, 8), (33, 8), (34, 8), (34, 7), (34, 6), (33, 6), (32, 6), (31, 6), (30, 6), (30, 5), (30, 4), (31, 4), (32, 4), (33, 4), (34, 4), (34, 3), (34, 2), (34, 1), (33, 1), (32, 1), (31, 1), (30, 1), (29, 1), (28, 1), (27, 1), (27, 2), (27, 3), (27, 4), (27, 5), (27, 6), (27, 7)]",53,0,53
55,"(27, 9)","(27, 8)",North,"[(26, 9) via West]","[(27, 9), (26, 2), (31, 3), (30, 3), (29, 6), (29, 10), (33, 16)]","[(26, 9), (26, 2), (31, 3), (30, 3), (29, 6), (29, 10), (33, 16)]","[(34, 16), (34, 15), (34, 14), (33, 14), (32, 14), (31, 14), (30, 14), (30, 13), (30, 12), (31, 12), (32, 12), (33, 12), (34, 12), (34, 11), (34, 10), (33, 10), (32, 10), (31, 10), (30, 10), (30, 9), (30, 8), (31, 8), (32, 8), (33, 8), (34, 8), (34, 7), (34, 6), (33, 6), (32, 6), (31, 6), (30, 6), (30, 5), (30, 4), (31, 4), (32, 4), (33, 4), (34, 4), (34, 3), (34, 2), (34, 1), (33, 1), (32, 1), (31, 1), (30, 1), (29, 1), (28, 1), (27, 1), (27, 2), (27, 3), (27, 4), (27, 5), (27, 6), (27, 7), (27, 8)]",54,0,54
56,"(26, 9)","(27, 9)",West,"[(25, 9) via West]","[(26, 9), (26, 2), (31, 3), (30, 3), (29, 6), (29, 10), (33, 16)]","[(25, 9), (26, 2), (31, 3), (30, 3), (29, 6), (29, 10), (33, 16)]","[(34, 16), (34, 15), (34, 14), (33, 14), (32, 14), (31, 14), (30, 14), (30, 13), (30, 12), (31, 12), (32, 12), (33, 12), (34, 12), (34, 11), (34, 10), (33, 10), (32, 10), (31, 10), (30, 10), (30, 9), (30, 8), (31, 8), (32, 8), (33, 8), (34, 8), (34, 7), (34, 6), (33, 6), (32, 6), (31, 6), (30, 6), (30, 5), (30, 4), (31, 4), (32, 4), (33, 4), (34, 4), (34, 3), (34, 2), (34, 1), (33, 1), (32, 1), (31, 1), (30, 1), (29, 1), (28, 1), (27, 1), (27, 2), (27, 3), (27, 4), (27, 5), (27, 6), (27, 7), (27, 8), (27, 9)]",55,0,55
57,"(25, 9)","(26, 9)",West,"[(24, 9) via West]","[(25, 9), (26, 2), (31, 3), (30, 3), (29, 6), (29, 10), (33, 16)]","[(24, 9), (26, 2), (31, 3), (30, 3), (29, 6), (29, 10), (33, 16)]","[(34, 16), (34, 15), (34, 14), (33, 14), (32, 14), (31, 14), (30, 14), (30, 13), (30, 12), (31, 12), (32, 12), (33, 12), (34, 12), (34, 11), (34, 10), (33, 10), (32, 10), (31, 10), (30, 10), (30, 9), (30, 8), (31, 8), (32, 8), (33, 8), (34, 8), (34, 7), (34, 6), (33, 6), (32, 6), (31, 6), (30, 6), (30, 5), (30, 4), (31, 4), (32, 4), (33, 4), (34, 4), (34, 3), (34, 2), (34, 1), (33, 1), (32, 1), (31, 1), (30, 1), (29, 1), (28, 1), (27, 1), (27, 2), (27, 3), (27, 4), (27, 5), (27, 6), (27, 7), (27, 8), (27, 9), (26, 9)]",56,0,56
58,"(24, 9)","(25, 9)",West,"[(23, 9) via West]","[(24, 9), (26, 2), (31, 3), (30, 3), (29, 6), (29, 10), (33, 16)]","[(23, 9), (26, 2), (31, 3), (30, 3), (29, 6), (29, 10), (33, 16)]","[(34, 16), (34, 15), (34, 14), (33, 14), (32, 14), (31, 14), (30, 14), (30, 13), (30, 12), (31, 12), (32, 12), (33, 12), (34, 12), (34, 11), (34, 10), (33, 10), (32, 10), (31, 10), (30, 10), (30, 9), (30, 8), (31, 8), (32, 8), (33, 8), (34, 8), (34, 7), (34, 6), (33, 6), (32, 6), (31, 6), (30, 6), (30, 5), (30, 4), (31, 4), (32, 4), (33, 4), (34, 4), (34, 3), (34, 2), (34, 1), (33, 1), (32, 1), (31, 1), (30, 1), (29, 1), (28, 1), (27, 1), (27, 2), (27, 3), (27, 4), (27, 5), (27, 6), (27, 7), (27, 8), (27, 9), (26, 9), (25, 9)]",57,0,57
59,"(23, 9)","(24, 9)",West,"[(22, 9) via West]","[(23, 9), (26, 2), (31, 3), (30, 3), (29, 6), (29, 10), (33, 16)]","[(22, 9), (26, 2), (31, 3), (30, 3), (29, 6), (29, 10), (33, 16)]","[(34, 16), (34, 15), (34, 14), (33, 14), (32, 14), (31, 14), (30, 14), (30, 13), (30, 12), (31, 12), (32, 12), (33, 12), (34, 12), (34, 11), (34, 10), (33, 10), (32, 10), (31, 10), (30, 10), (30, 9), (30, 8), (31, 8), (32, 8), (33, 8), (34, 8), (34, 7), (34, 6), (33, 6), (32, 6), (31, 6), (30, 6), (30, 5), (30, 4), (31, 4), (32, 4), (33, 4), (34, 4), (34, 3), (34, 2), (34, 1), (33, 1), (32, 1), (31, 1), (30, 1), (29, 1), (28, 1), (27, 1), (27, 2), (27, 3), (27, 4), (27, 5), (27, 6), (27, 7), (27, 8), (27, 9), (26, 9), (25, 9), (24, 9)]",58,0,58
60,"(22, 9)","(23, 9)",West,"[(21, 9) via West]","[(22, 9), (26, 2), (31, 3), (30, 3), (29, 6), (29, 10), (33, 16)]","[(21, 9), (26, 2), (31, 3), (30, 3), (29, 6), (29, 10), (33, 16)]","[(34, 16), (34, 15), (34, 14), (33, 14), (32, 14), (31, 14), (30, 14), (30, 13), (30, 12), (31, 12), (32, 12), (33, 12), (34, 12), (34, 11), (34, 10), (33, 10), (32, 10), (31, 10), (30, 10), (30, 9), (30, 8), (31, 8), (32, 8), (33, 8), (34, 8), (34, 7), (34, 6), (33, 6), (32, 6), (31, 6), (30, 6), (30, 5), (30, 4), (31, 4), (32, 4), (33, 4), (34, 4), (34, 3), (34, 2), (34, 1), (33, 1), (32, 1), (31, 1), (30, 1), (29, 1), (28, 1), (27, 1), (27, 2), (27, 3), (27, 4), (27, 5), (27, 6), (27, 7), (27, 8), (27, 9), (26, 9), (25, 9), (24, 9), (23, 9)]",59,0,59
61,"(21, 9)","(22, 9)",West,"[(20, 9) via West]","[(21, 9), (26, 2), (31, 3), (30, 3), (29, 6), (29, 10), (33, 16)]","[(20, 9), (26, 2), (31, 3), (30, 3), (29, 6), (29, 10), (33, 16)]","[(34, 16), (34, 15), (34, 14), (33, 14), (32, 14), (31, 14), (30, 14), (30, 13), (30, 12), (31, 12), (32, 12), (33, 12), (34, 12), (34, 11), (34, 10), (33, 10), (32, 10), (31, 10), (30, 10), (30, 9), (30, 8), (31, 8), (32, 8), (33, 8), (34, 8), (34, 7), (34, 6), (33, 6), (32, 6), (31, 6), (30, 6), (30, 5), (30, 4), (31, 4), (32, 4), (33, 4), (34, 4), (34, 3), (34, 2), (34, 1), (33, 1), (32, 1), (31, 1), (30, 1), (29, 1), (28, 1), (27, 1), (27, 2), (27, 3), (27, 4), (27, 5), (27, 6), (27, 7), (27, 8), (27, 9), (26, 9), (25, 9), (24, 9), (23, 9), (22, 9)]",60,0,60
62,"(20, 9)","(21, 9)",West,"[(20, 10) via North]","[(20, 9), (26, 2), (31, 3), (30, 3), (29, 6), (29, 10), (33, 16)]","[(20, 10), (26, 2), (31, 3), (30, 3), (29, 6), (29, 10), (33, 16)]","[(34, 16), (34, 15), (34, 14), (33, 14), (32, 14), (31, 14), (30, 14), (30, 13), (30, 12), (31, 12), (32, 12), (33, 12), (34, 12), (34, 11), (34, 10), (33, 10), (32, 10), (31, 10), (30, 10), (30, 9), (30, 8), (31, 8), (32, 8), (33, 8), (34, 8), (34, 7), (34, 6), (33, 6), (32, 6), (31, 6), (30, 6), (30, 5), (30, 4), (31, 4), (32, 4), (33, 4), (34, 4), (34, 3), (34, 2), (34, 1), (33, 1), (32, 1), (31, 1), (30, 1), (29, 1), (28, 1), (27, 1), (27, 2), (27, 3), (27, 4), (27, 5), (27, 6), (27, 7), (27, 8), (27, 9), (26, 9), (25, 9), (24, 9), (23, 9), (22, 9), (21, 9)]",61,0,61
63,"(20, 10)","(20, 9)",North,"[(20, 11) via North]","[(20, 10), (26, 2), (31, 3), (30, 3), (29, 6), (29, 10), (33, 16)]","[(20, 11), (26, 2), (31, 3), (30, 3), (29, 6), (29, 10), (33, 16)]","[(34, 16), (34, 15), (34, 14), (33, 14), (32, 14), (31, 14), (30, 14), (30, 13), (30, 12), (31, 12), (32, 12), (33, 12), (34, 12), (34, 11), (34, 10), (33, 10), (32, 10), (31, 10), (30, 10), (30, 9), (30, 8), (31, 8), (32, 8), (33, 8), (34, 8), (34, 7), (34, 6), (33, 6), (32, 6), (31, 6), (30, 6), (30, 5), (30, 4), (31, 4), (32, 4), (33, 4), (34, 4), (34, 3), (34, 2), (34, 1), (33, 1), (32, 1), (31, 1), (30, 1), (29, 1), (28, 1), (27, 1), (27, 2), (27, 3), (27, 4), (27, 5), (27, 6), (27, 7), (27, 8), (27, 9), (26, 9), (25, 9), (24, 9), (23, 9), (22, 9), (21, 9), (20, 9)]",62,0,62
64,"(20, 11)","(20, 10)",North,"[(19, 11) via West, (20, 12) via North]","[(20, 11), (26, 2), (31, 3), (30, 3), (29, 6), (29, 10), (33, 16)]","[(20, 12), (19, 11), (26, 2), (31, 3), (30, 3), (29, 6), (29, 10), (33, 16)]","[(34, 16), (34, 15), (34, 14), (33, 14), (32, 14), (31, 14), (30, 14), (30, 13), (30, 12), (31, 12), (32, 12), (33, 12), (34, 12), (34, 11), (34, 10), (33, 10), (32, 10), (31, 10), (30, 10), (30, 9), (30, 8), (31, 8), (32, 8), (33, 8), (34, 8), (34, 7), (34, 6), (33, 6), (32, 6), (31, 6), (30, 6), (30, 5), (30, 4), (31, 4), (32, 4), (33, 4), (34, 4), (34, 3), (34, 2), (34, 1), (33, 1), (32, 1), (31, 1), (30, 1), (29, 1), (28, 1), (27, 1), (27, 2), (27, 3), (27, 4), (27, 5), (27, 6), (27, 7), (27, 8), (27, 9), (26, 9), (25, 9), (24, 9), (23, 9), (22, 9), (21, 9), (20, 9), (20, 10)]",63,0,63
65,"(20, 12)","(20, 11)",North,"[(19, 12) via West, (21, 12) via East]","[(20, 12), (19, 11), (26, 2), (31, 3), (30, 3), (29, 6), (29, 10), (33, 16)]","[(21, 12), (19, 12), (19, 11), (26, 2), (31, 3), (30, 3), (29, 6), (29, 10), (33, 16)]","[(34, 16), (34, 15), (34, 14), (33, 14), (32, 14), (31, 14), (30, 14), (30, 13), (30, 12), (31, 12), (32, 12), (33, 12), (34, 12), (34, 11), (34, 10), (33, 10), (32, 10), (31, 10), (30, 10), (30, 9), (30, 8), (31, 8), (32, 8), (33, 8), (34, 8), (34, 7), (34, 6), (33, 6), (32, 6), (31, 6), (30, 6), (30, 5), (30, 4), (31, 4), (32, 4), (33, 4), (34, 4), (34, 3), (34, 2), (34, 1), (33, 1), (32, 1), (31, 1), (30, 1), (29, 1), (28, 1), (27, 1), (27, 2), (27, 3), (27, 4), (27, 5), (27, 6), (27, 7), (27, 8), (27, 9), (26, 9), (25, 9), (24, 9), (23, 9), (22, 9), (21, 9), (20, 9), (20, 10), (20, 11)]",64,0,64
66,"(21, 12)","(20, 12)",East,"[(22, 12) via East]","[(21, 12), (19, 12), (19, 11), (26, 2), (31, 3), (30, 3), (29, 6), (29, 10), (33, 16)]","[(22, 12), (19, 12), (19, 11), (26, 2), (31, 3), (30, 3), (29, 6), (29, 10), (33, 16)]","[(34, 16), (34, 15), (34, 14), (33, 14), (32, 14), (31, 14), (30, 14), (30, 13), (30, 12), (31, 12), (32, 12), (33, 12), (34, 12), (34, 11), (34, 10), (33, 10), (32, 10), (31, 10), (30, 10), (30, 9), (30, 8), (31, 8), (32, 8), (33, 8), (34, 8), (34, 7), (34, 6), (33, 6), (32, 6), (31, 6), (30, 6), (30, 5), (30, 4), (31, 4), (32, 4), (33, 4), (34, 4), (34, 3), (34, 2), (34, 1), (33, 1), (32, 1), (31, 1), (30, 1), (29, 1), (28, 1), (27, 1), (27, 2), (27, 3), (27, 4), (27, 5), (27, 6), (27, 7), (27, 8), (27, 9), (26, 9), (25, 9), (24, 9), (23, 9), (22, 9), (21, 9), (20, 9), (20, 10), (20, 11), (20, 12)]",65,0,65
67,"(22, 12)","(21, 12)",East,"[(23, 12) via East]","[(22, 12), (19, 12), (19, 11), (26, 2), (31, 3), (30, 3), (29, 6), (29, 10), (33, 16)]","[(23, 12), (19, 12), (19, 11), (26, 2), (31, 3), (30, 3), (29, 6), (29, 10), (33, 16)]","[(34, 16), (34, 15), (34, 14), (33, 14), (32, 14), (31, 14), (30, 14), (30, 13), (30, 12), (31, 12), (32, 12), (33, 12), (34, 12), (34, 11), (34, 10), (33, 10), (32, 10), (31, 10), (30, 10), (30, 9), (30, 8), (31, 8), (32, 8), (33, 8), (34, 8), (34, 7), (34, 6), (33, 6), (32, 6), (31, 6), (30, 6), (30, 5), (30, 4), (31, 4), (32, 4), (33, 4), (34, 4), (34, 3), (34, 2), (34, 1), (33, 1), (32, 1), (31, 1), (30, 1), (29, 1), (28, 1), (27, 1), (27, 2), (27, 3), (27, 4), (27, 5), (27, 6), (27, 7), (27, 8), (27, 9), (26, 9), (25, 9), (24, 9), (23, 9), (22, 9), (21, 9), (20, 9), (20, 10), (20, 11), (20, 12), (21, 12)]",66,0,66
68,"(23, 12)","(22, 12)",East,"[(24, 12) via East]","[(23, 12), (19, 12), (19, 11), (26, 2), (31, 3), (30, 3), (29, 6), (29, 10), (33, 16)]","[(24, 12), (19, 12), (19, 11), (26, 2), (31, 3), (30, 3), (29, 6), (29, 10), (33, 16)]","[(34, 16), (34, 15), (34, 14), (33, 14), (32, 14), (31, 14), (30, 14), (30, 13), (30, 12), (31, 12), (32, 12), (33, 12), (34, 12), (34, 11), (34, 10), (33, 10), (32, 10), (31, 10), (30, 10), (30, 9), (30, 8), (31, 8), (32, 8), (33, 8), (34, 8), (34, 7), (34, 6), (33, 6), (32, 6), (31, 6), (30, 6), (30, 5), (30, 4), (31, 4), (32, 4), (33, 4), (34, 4), (34, 3), (34, 2), (34, 1), (33, 1), (32, 1), (31, 1), (30, 1), (29, 1), (28, 1), (27, 1), (27, 2), (27, 3), (27, 4), (27, 5), (27, 6), (27, 7), (27, 8), (27, 9), (26, 9), (25, 9), (24, 9), (23, 9), (22, 9), (21, 9), (20, 9), (20, 10), (20, 11), (20, 12), (21, 12), (22, 12)]",67,0,67
69,"(24, 12)","(23, 12)",East,"[(24, 11) via South]","[(24, 12), (19, 12), (19, 11), (26, 2), (31, 3), (30, 3), (29, 6), (29, 10), (33, 16)]","[(24, 11), (19, 12), (19, 11), (26, 2), (31, 3), (30, 3), (29, 6), (29, 10), (33, 16)]","[(34, 16), (34, 15), (34, 14), (33, 14), (32, 14), (31, 14), (30, 14), (30, 13), (30, 12), (31, 12), (32, 12), (33, 12), (34, 12), (34, 11), (34, 10), (33, 10), (32, 10), (31, 10), (30, 10), (30, 9), (30, 8), (31, 8), (32, 8), (33, 8), (34, 8), (34, 7), (34, 6), (33, 6), (32, 6), (31, 6), (30, 6), (30, 5), (30, 4), (31, 4), (32, 4), (33, 4), (34, 4), (34, 3), (34, 2), (34, 1), (33, 1), (32, 1), (31, 1), (30, 1), (29, 1), (28, 1), (27, 1), (27, 2), (27, 3), (27, 4), (27, 5), (27, 6), (27, 7), (27, 8), (27, 9), (26, 9), (25, 9), (24, 9), (23, 9), (22, 9), (21, 9), (20, 9), (20, 10), (20, 11), (20, 12), (21, 12), (22, 12), (23, 12)]",68,0,68
70,"(24, 11)","(24, 12)",South,"[(25, 11) via East]","[(24, 11), (19, 12), (19, 11), (26, 2), (31, 3), (30, 3), (29, 6), (29, 10), (33, 16)]","[(25, 11), (19, 12), (19, 11), (26, 2), (31, 3), (30, 3), (29, 6), (29, 10), (33, 16)]","[(34, 16), (34, 15), (34, 14), (33, 14), (32, 14), (31, 14), (30, 14), (30, 13), (30, 12), (31, 12), (32, 12), (33, 12), (34, 12), (34, 11), (34, 10), (33, 10), (32, 10), (31, 10), (30, 10), (30, 9), (30, 8), (31, 8), (32, 8), (33, 8), (34, 8), (34, 7), (34, 6), (33, 6), (32, 6), (31, 6), (30, 6), (30, 5), (30, 4), (31, 4), (32, 4), (33, 4), (34, 4), (34, 3), (34, 2), (34, 1), (33, 1), (32, 1), (31, 1), (30, 1), (29, 1), (28, 1), (27, 1), (27, 2), (27, 3), (27, 4), (27, 5), (27, 6), (27, 7), (27, 8), (27, 9), (26, 9), (25, 9), (24, 9), (23, 9), (22, 9), (21, 9), (20, 9), (20, 10), (20, 11), (20, 12), (21, 12), (22, 12), (23, 12), (24, 12)]",69,0,69
71,"(25, 11)","(24, 11)",East,"[(26, 11) via East]","[(25, 11), (19, 12), (19, 11), (26, 2), (31, 3), (30, 3), (29, 6), (29, 10), (33, 16)]","[(26, 11), (19, 12), (19, 11), (26, 2), (31, 3), (30, 3), (29, 6), (29, 10), (33, 16)]","[(34, 16), (34, 15), (34, 14), (33, 14), (32, 14), (31, 14), (30, 14), (30, 13), (30, 12), (31, 12), (32, 12), (33, 12), (34, 12), (34, 11), (34, 10), (33, 10), (32, 10), (31, 10), (30, 10), (30, 9), (30, 8), (31, 8), (32, 8), (33, 8), (34, 8), (34, 7), (34, 6), (33, 6), (32, 6), (31, 6), (30, 6), (30, 5), (30, 4), (31, 4), (32, 4), (33, 4), (34, 4), (34, 3), (34, 2), (34, 1), (33, 1), (32, 1), (31, 1), (30, 1), (29, 1), (28, 1), (27, 1), (27, 2), (27, 3), (27, 4), (27, 5), (27, 6), (27, 7), (27, 8), (27, 9), (26, 9), (25, 9), (24, 9), (23, 9), (22, 9), (21, 9), (20, 9), (20, 10), (20, 11), (20, 12), (21, 12), (22, 12), (23, 12), (24, 12), (24, 11)]",70,0,70
72,"(26, 11)","(25, 11)",East,"[(27, 11) via East]","[(26, 11), (19, 12), (19, 11), (26, 2), (31, 3), (30, 3), (29, 6), (29, 10), (33, 16)]","[(27, 11), (19, 12), (19, 11), (26, 2), (31, 3), (30, 3), (29, 6), (29, 10), (33, 16)]","[(34, 16), (34, 15), (34, 14), (33, 14), (32, 14), (31, 14), (30, 14), (30, 13), (30, 12), (31, 12), (32, 12), (33, 12), (34, 12), (34, 11), (34, 10), (33, 10), (32, 10), (31, 10), (30, 10), (30, 9), (30, 8), (31, 8), (32, 8), (33, 8), (34, 8), (34, 7), (34, 6), (33, 6), (32, 6), (31, 6), (30, 6), (30, 5), (30, 4), (31, 4), (32, 4), (33, 4), (34, 4), (34, 3), (34, 2), (34, 1), (33, 1), (32, 1), (31, 1), (30, 1), (29, 1), (28, 1), (27, 1), (27, 2), (27, 3), (27, 4), (27, 5), (27, 6), (27, 7), (27, 8), (27, 9), (26, 9), (25, 9), (24, 9), (23, 9), (22, 9), (21, 9), (20, 9), (20, 10), (20, 11), (20, 12), (21, 12), (22, 12), (23, 12), (24, 12), (24, 11), (25, 11)]",71,0,71
73,"(27, 11)","(26, 11)",East,"[(27, 12) via North]","[(27, 11), (19, 12), (19, 11), (26, 2), (31, 3), (30, 3), (29, 6), (29, 10), (33, 16)]","[(27, 12), (19, 12), (19, 11), (26, 2), (31, 3), (30, 3), (29, 6), (29, 10), (33, 16)]","[(34, 16), (34, 15), (34, 14), (33, 14), (32, 14), (31, 14), (30, 14), (30, 13), (30, 12), (31, 12), (32, 12), (33, 12), (34, 12), (34, 11), (34, 10), (33, 10), (32, 10), (31, 10), (30, 10), (30, 9), (30, 8), (31, 8), (32, 8), (33, 8), (34, 8), (34, 7), (34, 6), (33, 6), (32, 6), (31, 6), (30, 6), (30, 5), (30, 4), (31, 4), (32, 4), (33, 4), (34, 4), (34, 3), (34, 2), (34, 1), (33, 1), (32, 1), (31, 1), (30, 1), (29, 1), (28, 1), (27, 1), (27, 2), (27, 3), (27, 4), (27, 5), (27, 6), (27, 7), (27, 8), (27, 9), (26, 9), (25, 9), (24, 9), (23, 9), (22, 9), (21, 9), (20, 9), (20, 10), (20, 11), (20, 12), (21, 12), (22, 12), (23, 12), (24, 12), (24, 11), (25, 11), (26, 11)]",72,0,72
74,"(27, 12)","(27, 11)",North,"[(27, 13) via North]","[(27, 12), (19, 12), (19, 11), (26, 2), (31, 3), (30, 3), (29, 6), (29, 10), (33, 16)]","[(27, 13), (19, 12), (19, 11), (26, 2), (31, 3), (30, 3), (29, 6), (29, 10), (33, 16)]","[(34, 16), (34, 15), (34, 14), (33, 14), (32, 14), (31, 14), (30, 14), (30, 13), (30, 12), (31, 12), (32, 12), (33, 12), (34, 12), (34, 11), (34, 10), (33, 10), (32, 10), (31, 10), (30, 10), (30, 9), (30, 8), (31, 8), (32, 8), (33, 8), (34, 8), (34, 7), (34, 6), (33, 6), (32, 6), (31, 6), (30, 6), (30, 5), (30, 4), (31, 4), (32, 4), (33, 4), (34, 4), (34, 3), (34, 2), (34, 1), (33, 1), (32, 1), (31, 1), (30, 1), (29, 1), (28, 1), (27, 1), (27, 2), (27, 3), (27, 4), (27, 5), (27, 6), (27, 7), (27, 8), (27, 9), (26, 9), (25, 9), (24, 9), (23, 9), (22, 9), (21, 9), (20, 9), (20, 10), (20, 11), (20, 12), (21, 12), (22, 12), (23, 12), (24, 12), (24, 11), (25, 11), (26, 11), (27, 11)]",73,0,73
75,"(27, 13)","(27, 12)",North,"[(27, 14) via North]","[(27, 13), (19, 12), (19, 11), (26, 2), (31, 3), (30, 3), (29, 6), (29, 10), (33, 16)]","[(27, 14), (19, 12), (19, 11), (26, 2), (31, 3), (30, 3), (29, 6), (29, 10), (33, 16)]","[(34, 16), (34, 15), (34, 14), (33, 14), (32, 14), (31, 14), (30, 14), (30, 13), (30, 12), (31, 12), (32, 12), (33, 12), (34, 12), (34, 11), (34, 10), (33, 10), (32, 10), (31, 10), (30, 10), (30, 9), (30, 8), (31, 8), (32, 8), (33, 8), (34, 8), (34, 7), (34, 6), (33, 6), (32, 6), (31, 6), (30, 6), (30, 5), (30, 4), (31, 4), (32, 4), (33, 4), (34, 4), (34, 3), (34, 2), (34, 1), (33, 1), (32, 1), (31, 1), (30, 1), (29, 1), (28, 1), (27, 1), (27, 2), (27, 3), (27, 4), (27, 5), (27, 6), (27, 7), (27, 8), (27, 9), (26, 9), (25, 9), (24, 9), (23, 9), (22, 9), (21, 9), (20, 9), (20, 10), (20, 11), (20, 12), (21, 12), (22, 12), (23, 12), (24, 12), (24, 11), (25, 11), (26, 11), (27, 11), (27, 12)]",74,0,74
76,"(27, 14)","(27, 13)",North,"[(26, 14) via West]","[(27, 14), (19, 12), (19, 11), (26, 2), (31, 3), (30, 3), (29, 6), (29, 10), (33, 16)]","[(26, 14), (19, 12), (19, 11), (26, 2), (31, 3), (30, 3), (29, 6), (29, 10), (33, 16)]","[(34, 16), (34, 15), (34, 14), (33, 14), (32, 14), (31, 14), (30, 14), (30, 13), (30, 12), (31, 12), (32, 12), (33, 12), (34, 12), (34, 11), (34, 10), (33, 10), (32, 10), (31, 10), (30, 10), (30, 9), (30, 8), (31, 8), (32, 8), (33, 8), (34, 8), (34, 7), (34, 6), (33, 6), (32, 6), (31, 6), (30, 6), (30, 5), (30, 4), (31, 4), (32, 4), (33, 4), (34, 4), (34, 3), (34, 2), (34, 1), (33, 1), (32, 1), (31, 1), (30, 1), (29, 1), (28, 1), (27, 1), (27, 2), (27, 3), (27, 4), (27, 5), (27, 6), (27, 7), (27, 8), (27, 9), (26, 9), (25, 9), (24, 9), (23, 9), (22, 9), (21, 9), (20, 9), (20, 10), (20, 11), (20, 12), (21, 12), (22, 12), (23, 12), (24, 12), (24, 11), (25, 11), (26, 11), (27, 11), (27, 12), (27, 13)]",75,0,75
77,"(26, 14)","(27, 14)",West,"[(25, 14) via West]","[(26, 14), (19, 12), (19, 11), (26, 2), (31, 3), (30, 3), (29, 6), (29, 10), (33, 16)]","[(25, 14), (19, 12), (19, 11), (26, 2), (31, 3), (30, 3), (29, 6), (29, 10), (33, 16)]","[(34, 16), (34, 15), (34, 14), (33, 14), (32, 14), (31, 14), (30, 14), (30, 13), (30, 12), (31, 12), (32, 12), (33, 12), (34, 12), (34, 11), (34, 10), (33, 10), (32, 10), (31, 10), (30, 10), (30, 9), (30, 8), (31, 8), (32, 8), (33, 8), (34, 8), (34, 7), (34, 6), (33, 6), (32, 6), (31, 6), (30, 6), (30, 5), (30, 4), (31, 4), (32, 4), (33, 4), (34, 4), (34, 3), (34, 2), (34, 1), (33, 1), (32, 1), (31, 1), (30, 1), (29, 1), (28, 1), (27, 1), (27, 2), (27, 3), (27, 4), (27, 5), (27, 6), (27, 7), (27, 8), (27, 9), (26, 9), (25, 9), (24, 9), (23, 9), (22, 9), (21, 9), (20, 9), (20, 10), (20, 11), (20, 12), (21, 12), (22, 12), (23, 12), (24, 12), (24, 11), (25, 11), (26, 11), (27, 11), (27, 12), (27, 13), (27, 14)]",76,0,76
78,"(25, 14)","(26, 14)",West,"[(25, 15) via North]","[(25, 14), (19, 12), (19, 11), (26, 2), (31, 3), (30, 3), (29, 6), (29, 10), (33, 16)]","[(25, 15), (19, 12), (19, 11), (26, 2), (31, 3), (30, 3), (29, 6), (29, 10), (33, 16)]","[(34, 16), (34, 15), (34, 14), (33, 14), (32, 14), (31, 14), (30, 14), (30, 13), (30, 12), (31, 12), (32, 12), (33, 12), (34, 12), (34, 11), (34, 10), (33, 10), (32, 10), (31, 10), (30, 10), (30, 9), (30, 8), (31, 8), (32, 8), (33, 8), (34, 8), (34, 7), (34, 6), (33, 6), (32, 6), (31, 6), (30, 6), (30, 5), (30, 4), (31, 4), (32, 4), (33, 4), (34, 4), (34, 3), (34, 2), (34, 1), (33, 1), (32, 1), (31, 1), (30, 1), (29, 1), (28, 1), (27, 1), (27, 2), (27, 3), (27, 4), (27, 5), (27, 6), (27, 7), (27, 8), (27, 9), (26, 9), (25, 9), (24, 9), (23, 9), (22, 9), (21, 9), (20, 9), (20, 10), (20, 11), (20, 12), (21, 12), (22, 12), (23, 12), (24, 12), (24, 11), (25, 11), (26, 11), (27, 11), (27, 12), (27, 13), (27, 14), (26, 14)]",77,0,77
79,"(25, 15)","(25, 14)",North,"[(25, 16) via North]","[(25, 15), (19, 12), (19, 11), (26, 2), (31, 3), (30, 3), (29, 6), (29, 10), (33, 16)]","[(25, 16), (19, 12), (19, 11), (26, 2), (31, 3), (30, 3), (29, 6), (29, 10), (33, 16)]","[(34, 16), (34, 15), (34, 14), (33, 14), (32, 14), (31, 14), (30, 14), (30, 13), (30, 12), (31, 12), (32, 12), (33, 12), (34, 12), (34, 11), (34, 10), (33, 10), (32, 10), (31, 10), (30, 10), (30, 9), (30, 8), (31, 8), (32, 8), (33, 8), (34, 8), (34, 7), (34, 6), (33, 6), (32, 6), (31, 6), (30, 6), (30, 5), (30, 4), (31, 4), (32, 4), (33, 4), (34, 4), (34, 3), (34, 2), (34, 1), (33, 1), (32, 1), (31, 1), (30, 1), (29, 1), (28, 1), (27, 1), (27, 2), (27, 3), (27, 4), (27, 5), (27, 6), (27, 7), (27, 8), (27, 9), (26, 9), (25, 9), (24, 9), (23, 9), (22, 9), (21, 9), (20, 9), (20, 10), (20, 11), (20, 12), (21, 12), (22, 12), (23, 12), (24, 12), (24, 11), (25, 11), (26, 11), (27, 11), (27, 12), (27, 13), (27, 14), (26, 14), (25, 14)]",78,0,78
80,"(25, 16)","(25, 15)",North,"[(24, 16) via West, (26, 16) via East]","[(25, 16), (19, 12), (19, 11), (26, 2), (31, 3), (30, 3), (29, 6), (29, 10), (33, 16)]","[(26, 16), (24, 16), (19, 12), (19, 11), (26, 2), (31, 3), (30, 3), (29, 6), (29, 10), (33, 16)]","[(34, 16), (34, 15), (34, 14), (33, 14), (32, 14), (31, 14), (30, 14), (30, 13), (30, 12), (31, 12), (32, 12), (33, 12), (34, 12), (34, 11), (34, 10), (33, 10), (32, 10), (31, 10), (30, 10), (30, 9), (30, 8), (31, 8), (32, 8), (33, 8), (34, 8), (34, 7), (34, 6), (33, 6), (32, 6), (31, 6), (30, 6), (30, 5), (30, 4), (31, 4), (32, 4), (33, 4), (34, 4), (34, 3), (34, 2), (34, 1), (33, 1), (32, 1), (31, 1), (30, 1), (29, 1), (28, 1), (27, 1), (27, 2), (27, 3), (27, 4), (27, 5), (27, 6), (27, 7), (27, 8), (27, 9), (26, 9), (25, 9), (24, 9), (23, 9), (22, 9), (21, 9), (20, 9), (20, 10), (20, 11), (20, 12), (21, 12), (22, 12), (23, 12), (24, 12), (24, 11), (25, 11), (26, 11), (27, 11), (27, 12), (27, 13), (27, 14), (26, 14), (25, 14), (25, 15)]",79,0,79
81,"(26, 16)","(25, 16)",East,"[(27, 16) via East]","[(26, 16), (24, 16), (19, 12), (19, 11), (26, 2), (31, 3), (30, 3), (29, 6), (29, 10), (33, 16)]","[(27, 16), (24, 16), (19, 12), (19, 11), (26, 2), (31, 3), (30, 3), (29, 6), (29, 10), (33, 16)]","[(34, 16), (34, 15), (34, 14), (33, 14), (32, 14), (31, 14), (30, 14), (30, 13), (30, 12), (31, 12), (32, 12), (33, 12), (34, 12), (34, 11), (34, 10), (33, 10), (32, 10), (31, 10), (30, 10), (30, 9), (30, 8), (31, 8), (32, 8), (33, 8), (34, 8), (34, 7), (34, 6), (33, 6), (32, 6), (31, 6), (30, 6), (30, 5), (30, 4), (31, 4), (32, 4), (33, 4), (34, 4), (34, 3), (34, 2), (34, 1), (33, 1), (32, 1), (31, 1), (30, 1), (29, 1), (28, 1), (27, 1), (27, 2), (27, 3), (27, 4), (27, 5), (27, 6), (27, 7), (27, 8), (27, 9), (26, 9), (25, 9), (24, 9), (23, 9), (22, 9), (21, 9), (20, 9), (20, 10), (20, 11), (20, 12), (21, 12), (22, 12), (23, 12), (24, 12), (24, 11), (25, 11), (26, 11), (27, 11), (27, 12), (27, 13), (27, 14), (26, 14), (25, 14), (25, 15), (25, 16)]",80,0,80
82,"(27, 16)","(26, 16)",East,"[(28, 16) via East]","[(27, 16), (24, 16), (19, 12), (19, 11), (26, 2), (31, 3), (30, 3), (29, 6), (29, 10), (33, 16)]","[(28, 16), (24, 16), (19, 12), (19, 11), (26, 2), (31, 3), (30, 3), (29, 6), (29, 10), (33, 16)]","[(34, 16), (34, 15), (34, 14), (33, 14), (32, 14), (31, 14), (30, 14), (30, 13), (30, 12), (31, 12), (32, 12), (33, 12), (34, 12), (34, 11), (34, 10), (33, 10), (32, 10), (31, 10), (30, 10), (30, 9), (30, 8), (31, 8), (32, 8), (33, 8), (34, 8), (34, 7), (34, 6), (33, 6), (32, 6), (31, 6), (30, 6), (30, 5), (30, 4), (31, 4), (32, 4), (33, 4), (34, 4), (34, 3), (34, 2), (34, 1), (33, 1), (32, 1), (31, 1), (30, 1), (29, 1), (28, 1), (27, 1), (27, 2), (27, 3), (27, 4), (27, 5), (27, 6), (27, 7), (27, 8), (27, 9), (26, 9), (25, 9), (24, 9), (23, 9), (22, 9), (21, 9), (20, 9), (20, 10), (20, 11), (20, 12), (21, 12), (22, 12), (23, 12), (24, 12), (24, 11), (25, 11), (26, 11), (27, 11), (27, 12), (27, 13), (27, 14), (26, 14), (25, 14), (25, 15), (25, 16), (26, 16)]",81,0,81
83,"(28, 16)","(27, 16)",East,"[(29, 16) via East]","[(28, 16), (24, 16), (19, 12), (19, 11), (26, 2), (31, 3), (30, 3), (29, 6), (29, 10), (33, 16)]","[(29, 16), (24, 16), (19, 12), (19, 11), (26, 2), (31, 3), (30, 3), (29, 6), (29, 10), (33, 16)]","[(34, 16), (34, 15), (34, 14), (33, 14), (32, 14), (31, 14), (30, 14), (30, 13), (30, 12), (31, 12), (32, 12), (33, 12), (34, 12), (34, 11), (34, 10), (33, 10), (32, 10), (31, 10), (30, 10), (30, 9), (30, 8), (31, 8), (32, 8), (33, 8), (34, 8), (34, 7), (34, 6), (33, 6), (32, 6), (31, 6), (30, 6), (30, 5), (30, 4), (31, 4), (32, 4), (33, 4), (34, 4), (34, 3), (34, 2), (34, 1), (33, 1), (32, 1), (31, 1), (30, 1), (29, 1), (28, 1), (27, 1), (27, 2), (27, 3), (27, 4), (27, 5), (27, 6), (27, 7), (27, 8), (27, 9), (26, 9), (25, 9), (24, 9), (23, 9), (22, 9), (21, 9), (20, 9), (20, 10), (20, 11), (20, 12), (21, 12), (22, 12), (23, 12), (24, 12), (24, 11), (25, 11), (26, 11), (27, 11), (27, 12), (27, 13), (27, 14), (26, 14), (25, 14), (25, 15), (25, 16), (26, 16), (27, 16)]",82,0,82
84,"(29, 16)","(28, 16)",East,"[(30, 16) via East]","[(29, 16), (24, 16), (19, 12), (19, 11), (26, 2), (31, 3), (30, 3), (29, 6), (29, 10), (33, 16)]","[(30, 16), (24, 16), (19, 12), (19, 11), (26, 2), (31, 3), (30, 3), (29, 6), (29, 10), (33, 16)]","[(34, 16), (34, 15), (34, 14), (33, 14), (32, 14), (31, 14), (30, 14), (30, 13), (30, 12), (31, 12), (32, 12), (33, 12), (34, 12), (34, 11), (34, 10), (33, 10), (32, 10), (31, 10), (30, 10), (30, 9), (30, 8), (31, 8), (32, 8), (33, 8), (34, 8), (34, 7), (34, 6), (33, 6), (32, 6), (31, 6), (30, 6), (30, 5), (30, 4), (31, 4), (32, 4), (33, 4), (34, 4), (34, 3), (34, 2), (34, 1), (33, 1), (32, 1), (31, 1), (30, 1), (29, 1), (28, 1), (27, 1), (27, 2), (27, 3), (27, 4), (27, 5), (27, 6), (27, 7), (27, 8), (27, 9), (26, 9), (25, 9), (24, 9), (23, 9), (22, 9), (21, 9), (20, 9), (20, 10), (20, 11), (20, 12), (21, 12), (22, 12), (23, 12), (24, 12), (24, 11), (25, 11), (26, 11), (27, 11), (27, 12), (27, 13), (27, 14), (26, 14), (25, 14), (25, 15), (25, 16), (26, 16), (27, 16), (28, 16)]",83,0,83
85,"(30, 16)","(29, 16)",East,"[(31, 16) via East]","[(30, 16), (24, 16), (19, 12), (19, 11), (26, 2), (31, 3), (30, 3), (29, 6), (29, 10), (33, 16)]","[(31, 16), (24, 16), (19, 12), (19, 11), (26, 2), (31, 3), (30, 3), (29, 6), (29, 10), (33, 16)]","[(34, 16), (34, 15), (34, 14), (33, 14), (32, 14), (31, 14), (30, 14), (30, 13), (30, 12), (31, 12), (32, 12), (33, 12), (34, 12), (34, 11), (34, 10), (33, 10), (32, 10), (31, 10), (30, 10), (30, 9), (30, 8), (31, 8), (32, 8), (33, 8), (34, 8), (34, 7), (34, 6), (33, 6), (32, 6), (31, 6), (30, 6), (30, 5), (30, 4), (31, 4), (32, 4), (33, 4), (34, 4), (34, 3), (34, 2), (34, 1), (33, 1), (32, 1), (31, 1), (30, 1), (29, 1), (28, 1), (27, 1), (27, 2), (27, 3), (27, 4), (27, 5), (27, 6), (27, 7), (27, 8), (27, 9), (26, 9), (25, 9), (24, 9), (23, 9), (22, 9), (21, 9), (20, 9), (20, 10), (20, 11), (20, 12), (21, 12), (22, 12), (23, 12), (24, 12), (24, 11), (25, 11), (26, 11), (27, 11), (27, 12), (27, 13), (27, 14), (26, 14), (25, 14), (25, 15), (25, 16), (26, 16), (27, 16), (28, 16), (29, 16)]",84,0,84
86,"(31, 16)","(30, 16)",East,"[(32, 16) via East]","[(31, 16), (24, 16), (19, 12), (19, 11), (26, 2), (31, 3), (30, 3), (29, 6), (29, 10), (33, 16)]","[(32, 16), (24, 16), (19, 12), (19, 11), (26, 2), (31, 3), (30, 3), (29, 6), (29, 10), (33, 16)]","[(34, 16), (34, 15), (34, 14), (33, 14), (32, 14), (31, 14), (30, 14), (30, 13), (30, 12), (31, 12), (32, 12), (33, 12), (34, 12), (34, 11), (34, 10), (33, 10), (32, 10), (31, 10), (30, 10), (30, 9), (30, 8), (31, 8), (32, 8), (33, 8), (34, 8), (34, 7), (34, 6), (33, 6), (32, 6), (31, 6), (30, 6), (30, 5), (30, 4), (31, 4), (32, 4), (33, 4), (34, 4), (34, 3), (34, 2), (34, 1), (33, 1), (32, 1), (31, 1), (30, 1), (29, 1), (28, 1), (27, 1), (27, 2), (27, 3), (27, 4), (27, 5), (27, 6), (27, 7), (27, 8), (27, 9), (26, 9), (25, 9), (24, 9), (23, 9), (22, 9), (21, 9), (20, 9), (20, 10), (20, 11), (20, 12), (21, 12), (22, 12), (23, 12), (24, 12), (24, 11), (25, 11), (26, 11), (27, 11), (27, 12), (27, 13), (27, 14), (26, 14), (25, 14), (25, 15), (25, 16), (26, 16), (27, 16), (28, 16), (29, 16), (30, 16)]",85,0,85
87,"(32, 16)","(31, 16)",East,"[(33, 16) via East]","[(32, 16), (24, 16), (19, 12), (19, 11), (26, 2), (31, 3), (30, 3), (29, 6), (29, 10), (33, 16)]","[(33, 16), (24, 16), (19, 12), (19, 11), (26, 2), (31, 3), (30, 3), (29, 6), (29, 10), (33, 16)]","[(34, 16), (34, 15), (34, 14), (33, 14), (32, 14), (31, 14), (30, 14), (30, 13), (30, 12), (31, 12), (32, 12), (33, 12), (34, 12), (34, 11), (34, 10), (33, 10), (32, 10), (31, 10), (30, 10), (30, 9), (30, 8), (31, 8), (32, 8), (33, 8), (34, 8), (34, 7), (34, 6), (33, 6), (32, 6), (31, 6), (30, 6), (30, 5), (30, 4), (31, 4), (32, 4), (33, 4), (34, 4), (34, 3), (34, 2), (34, 1), (33, 1), (32, 1), (31, 1), (30, 1), (29, 1), (28, 1), (27, 1), (27, 2), (27, 3), (27, 4), (27, 5), (27, 6), (27, 7), (27, 8), (27, 9), (26, 9), (25, 9), (24, 9), (23, 9), (22, 9), (21, 9), (20, 9), (20, 10), (20, 11), (20, 12), (21, 12), (22, 12), (23, 12), (24, 12), (24, 11), (25, 11), (26, 11), (27, 11), (27, 12), (27, 13), (27, 14), (26, 14), (25, 14), (25, 15), (25, 16), (26, 16), (27, 16), (28, 16), (29, 16), (30, 16), (31, 16)]",86,0,86
88,"(33, 16)","(32, 16)",East,[],"[(33, 16), (24, 16), (19, 12), (19, 11), (26, 2), (31, 3), (30, 3), (29, 6), (29, 10), (33, 16)]","[(24, 16), (19, 12), (19, 11), (26, 2), (31, 3), (30, 3), (29, 6), (29, 10), (33, 16)]","[(34, 16), (34, 15), (34, 14), (33, 14), (32, 14), (31, 14), (30, 14), (30, 13), (30, 12), (31, 12), (32, 12), (33, 12), (34, 12), (34, 11), (34, 10), (33, 10), (32, 10), (31, 10), (30, 10), (30, 9), (30, 8), (31, 8), (32, 8), (33, 8), (34, 8), (34, 7), (34, 6), (33, 6), (32, 6), (31, 6), (30, 6), (30, 5), (30, 4), (31, 4), (32, 4), (33, 4), (34, 4), (34, 3), (34, 2), (34, 1), (33, 1), (32, 1), (31, 1), (30, 1), (29, 1), (28, 1), (27, 1), (27, 2), (27, 3), (27, 4), (27, 5), (27, 6), (27, 7), (27, 8), (27, 9), (26, 9), (25, 9), (24, 9), (23, 9), (22, 9), (21, 9), (20, 9), (20, 10), (20, 11), (20, 12), (21, 12), (22, 12), (23, 12), (24, 12), (24, 11), (25, 11), (26, 11), (27, 11), (27, 12), (27, 13), (27, 14), (26, 14), (25, 14), (25, 15), (25, 16), (26, 16), (27, 16), (28, 16), (29, 16), (30, 16), (31, 16), (32, 16)]",87,0,87
89,"(24, 16)","(25, 16)",West,"[(23, 16) via West]","[(24, 16), (19, 12), (19, 11), (26, 2), (31, 3), (30, 3), (29, 6), (29, 10), (33, 16)]","[(23, 16), (19, 12), (19, 11), (26, 2), (31, 3), (30, 3), (29, 6), (29, 10), (33, 16)]","[(34, 16), (34, 15), (34, 14), (33, 14), (32, 14), (31, 14), (30, 14), (30, 13), (30, 12), (31, 12), (32, 12), (33, 12), (34, 12), (34, 11), (34, 10), (33, 10), (32, 10), (31, 10), (30, 10), (30, 9), (30, 8), (31, 8), (32, 8), (33, 8), (34, 8), (34, 7), (34, 6), (33, 6), (32, 6), (31, 6), (30, 6), (30, 5), (30, 4), (31, 4), (32, 4), (33, 4), (34, 4), (34, 3), (34, 2), (34, 1), (33, 1), (32, 1), (31, 1), (30, 1), (29, 1), (28, 1), (27, 1), (27, 2), (27, 3), (27, 4), (27, 5), (27, 6), (27, 7), (27, 8), (27, 9), (26, 9), (25, 9), (24, 9), (23, 9), (22, 9), (21, 9), (20, 9), (20, 10), (20, 11), (20, 12), (21, 12), (22, 12), (23, 12), (24, 12), (24, 11), (25, 11), (26, 11), (27, 11), (27, 12), (27, 13), (27, 14), (26, 14), (25, 14), (25, 15), (25, 16), (26, 16), (27, 16), (28, 16), (29, 16), (30, 16), (31, 16), (32, 16), (33, 16)]",80,0,80
90,"(23, 16)","(24, 16)",West,"[(22, 16) via West]","[(23, 16), (19, 12), (19, 11), (26, 2), (31, 3), (30, 3), (29, 6), (29, 10), (33, 16)]","[(22, 16), (19, 12), (19, 11), (26, 2), (31, 3), (30, 3), (29, 6), (29, 10), (33, 16)]","[(34, 16), (34, 15), (34, 14), (33, 14), (32, 14), (31, 14), (30, 14), (30, 13), (30, 12), (31, 12), (32, 12), (33, 12), (34, 12), (34, 11), (34, 10), (33, 10), (32, 10), (31, 10), (30, 10), (30, 9), (30, 8), (31, 8), (32, 8), (33, 8), (34, 8), (34, 7), (34, 6), (33, 6), (32, 6), (31, 6), (30, 6), (30, 5), (30, 4), (31, 4), (32, 4), (33, 4), (34, 4), (34, 3), (34, 2), (34, 1), (33, 1), (32, 1), (31, 1), (30, 1), (29, 1), (28, 1), (27, 1), (27, 2), (27, 3), (27, 4), (27, 5), (27, 6), (27, 7), (27, 8), (27, 9), (26, 9), (25, 9), (24, 9), (23, 9), (22, 9), (21, 9), (20, 9), (20, 10), (20, 11), (20, 12), (21, 12), (22, 12), (23, 12), (24, 12), (24, 11), (25, 11), (26, 11), (27, 11), (27, 12), (27, 13), (27, 14), (26, 14), (25, 14), (25, 15), (25, 16), (26, 16), (27, 16), (28, 16), (29, 16), (30, 16), (31, 16), (32, 16), (33, 16), (24, 16)]",81,0,81
91,"(22, 16)","(23, 16)",West,"[(21, 16) via West]","[(22, 16), (19, 12), (19, 11), (26, 2), (31, 3), (30, 3), (29, 6), (29, 10), (33, 16)]","[(21, 16), (19, 12), (19, 11), (26, 2), (31, 3), (30, 3), (29, 6), (29, 10), (33, 16)]","[(34, 16), (34, 15), (34, 14), (33, 14), (32, 14), (31, 14), (30, 14), (30, 13), (30, 12), (31, 12), (32, 12), (33, 12), (34, 12), (34, 11), (34, 10), (33, 10), (32, 10), (31, 10), (30, 10), (30, 9), (30, 8), (31, 8), (32, 8), (33, 8), (34, 8), (34, 7), (34, 6), (33, 6), (32, 6), (31, 6), (30, 6), (30, 5), (30, 4), (31, 4), (32, 4), (33, 4), (34, 4), (34, 3), (34, 2), (34, 1), (33, 1), (32, 1), (31, 1), (30, 1), (29, 1), (28, 1), (27, 1), (27, 2), (27, 3), (27, 4), (27, 5), (27, 6), (27, 7), (27, 8), (27, 9), (26, 9), (25, 9), (24, 9), (23, 9), (22, 9), (21, 9), (20, 9), (20, 10), (20, 11), (20, 12), (21, 12), (22, 12), (23, 12), (24, 12), (24, 11), (25, 11), (26, 11), (27, 11), (27, 12), (27, 13), (27, 14), (26, 14), (25, 14), (25, 15), (25, 16), (26, 16), (27, 16), (28, 16), (29, 16), (30, 16), (31, 16), (32, 16), (33, 16), (24, 16), (23, 16)]",82,0,82
92,"(21, 16)","(22, 16)",West,"[(20, 16) via West]","[(21, 16), (19, 12), (19, 11), (26, 2), (31, 3), (30, 3), (29, 6), (29, 10), (33, 16)]","[(20, 16), (19, 12), (19, 11), (26, 2), (31, 3), (30, 3), (29, 6), (29, 10), (33, 16)]","[(34, 16), (34, 15), (34, 14), (33, 14), (32, 14), (31, 14), (30, 14), (30, 13), (30, 12), (31, 12), (32, 12), (33, 12), (34, 12), (34, 11), (34, 10), (33, 10), (32, 10), (31, 10), (30, 10), (30, 9), (30, 8), (31, 8), (32, 8), (33, 8), (34, 8), (34, 7), (34, 6), (33, 6), (32, 6), (31, 6), (30, 6), (30, 5), (30, 4), (31, 4), (32, 4), (33, 4), (34, 4), (34, 3), (34, 2), (34, 1), (33, 1), (32, 1), (31, 1), (30, 1), (29, 1), (28, 1), (27, 1), (27, 2), (27, 3), (27, 4), (27, 5), (27, 6), (27, 7), (27, 8), (27, 9), (26, 9), (25, 9), (24, 9), (23, 9), (22, 9), (21, 9), (20, 9), (20, 10), (20, 11), (20, 12), (21, 12), (22, 12), (23, 12), (24, 12), (24, 11), (25, 11), (26, 11), (27, 11), (27, 12), (27, 13), (27, 14), (26, 14), (25, 14), (25, 15), (25, 16), (26, 16), (27, 16), (28, 16), (29, 16), (30, 16), (31, 16), (32, 16), (33, 16), (24, 16), (23, 16), (22, 16)]",83,0,83
93,"(20, 16)","(21, 16)",West,"[(19, 16) via West]","[(20, 16), (19, 12), (19, 11), (26, 2), (31, 3), (30, 3), (29, 6), (29, 10), (33, 16)]","[(19, 16), (19, 12), (19, 11), (26, 2), (31, 3), (30, 3), (29, 6), (29, 10), (33, 16)]","[(34, 16), (34, 15), (34, 14), (33, 14), (32, 14), (31, 14), (30, 14), (30, 13), (30, 12), (31, 12), (32, 12), (33, 12), (34, 12), (34, 11), (34, 10), (33, 10), (32, 10), (31, 10), (30, 10), (30, 9), (30, 8), (31, 8), (32, 8), (33, 8), (34, 8), (34, 7), (34, 6), (33, 6), (32, 6), (31, 6), (30, 6), (30, 5), (30, 4), (31, 4), (32, 4), (33, 4), (34, 4), (34, 3), (34, 2), (34, 1), (33, 1), (32, 1), (31, 1), (30, 1), (29, 1), (28, 1), (27, 1), (27, 2), (27, 3), (27, 4), (27, 5), (27, 6), (27, 7), (27, 8), (27, 9), (26, 9), (25, 9), (24, 9), (23, 9), (22, 9), (21, 9), (20, 9), (20, 10), (20, 11), (20, 12), (21, 12), (22, 12), (23, 12), (24, 12), (24, 11), (25, 11), (26, 11), (27, 11), (27, 12), (27, 13), (27, 14), (26, 14), (25, 14), (25, 15), (25, 16), (26, 16), (27, 16), (28, 16), (29, 16), (30, 16), (31, 16), (32, 16), (33, 16), (24, 16), (23, 16), (22, 16), (21, 16)]",84,0,84
94,"(19, 16)","(20, 16)",West,"[(18, 16) via West]","[(19, 16), (19, 12), (19, 11), (26, 2), (31, 3), (30, 3), (29, 6), (29, 10), (33, 16)]","[(18, 16), (19, 12), (19, 11), (26, 2), (31, 3), (30, 3), (29, 6), (29, 10), (33, 16)]","[(34, 16), (34, 15), (34, 14), (33, 14), (32, 14), (31, 14), (30, 14), (30, 13), (30, 12), (31, 12), (32, 12), (33, 12), (34, 12), (34, 11), (34, 10), (33, 10), (32, 10), (31, 10), (30, 10), (30, 9), (30, 8), (31, 8), (32, 8), (33, 8), (34, 8), (34, 7), (34, 6), (33, 6), (32, 6), (31, 6), (30, 6), (30, 5), (30, 4), (31, 4), (32, 4), (33, 4), (34, 4), (34, 3), (34, 2), (34, 1), (33, 1), (32, 1), (31, 1), (30, 1), (29, 1), (28, 1), (27, 1), (27, 2), (27, 3), (27, 4), (27, 5), (27, 6), (27, 7), (27, 8), (27, 9), (26, 9), (25, 9), (24, 9), (23, 9), (22, 9), (21, 9), (20, 9), (20, 10), (20, 11), (20, 12), (21, 12), (22, 12), (23, 12), (24, 12), (24, 11), (25, 11), (26, 11), (27, 11), (27, 12), (27, 13), (27, 14), (26, 14), (25, 14), (25, 15), (25, 16), (26, 16), (27, 16), (28, 16), (29, 16), (30, 16), (31, 16), (32, 16), (33, 16), (24, 16), (23, 16), (22, 16), (21, 16), (20, 16)]",85,0,85
95,"(18, 16)","(19, 16)",West,"[(17, 16) via West]","[(18, 16), (19, 12), (19, 11), (26, 2), (31, 3), (30, 3), (29, 6), (29, 10), (33, 16)]","[(17, 16), (19, 12), (19, 11), (26, 2), (31, 3), (30, 3), (29, 6), (29, 10), (33, 16)]","[(34, 16), (34, 15), (34, 14), (33, 14), (32, 14), (31, 14), (30, 14), (30, 13), (30, 12), (31, 12), (32, 12), (33, 12), (34, 12), (34, 11), (34, 10), (33, 10), (32, 10), (31, 10), (30, 10), (30, 9), (30, 8), (31, 8), (32, 8), (33, 8), (34, 8), (34, 7), (34, 6), (33, 6), (32, 6), (31, 6), (30, 6), (30, 5), (30, 4), (31, 4), (32, 4), (33, 4), (34, 4), (34, 3), (34, 2), (34, 1), (33, 1), (32, 1), (31, 1), (30, 1), (29, 1), (28, 1), (27, 1), (27, 2), (27, 3), (27, 4), (27, 5), (27, 6), (27, 7), (27, 8), (27, 9), (26, 9), (25, 9), (24, 9), (23, 9), (22, 9), (21, 9), (20, 9), (20, 10), (20, 11), (20, 12), (21, 12), (22, 12), (23, 12), (24, 12), (24, 11), (25, 11), (26, 11), (27, 11), (27, 12), (27, 13), (27, 14), (26, 14), (25, 14), (25, 15), (25, 16), (26, 16), (27, 16), (28, 16), (29, 16), (30, 16), (31, 16), (32, 16), (33, 16), (24, 16), (23, 16), (22, 16), (21, 16), (20, 16), (19, 16)]",86,0,86
96,"(17, 16)","(18, 16)",West,"[(16, 16) via West]","[(17, 16), (19, 12), (19, 11), (26, 2), (31, 3), (30, 3), (29, 6), (29, 10), (33, 16)]","[(16, 16), (19, 12), (19, 11), (26, 2), (31, 3), (30, 3), (29, 6), (29, 10), (33, 16)]","[(34, 16), (34, 15), (34, 14), (33, 14), (32, 14), (31, 14), (30, 14), (30, 13), (30, 12), (31, 12), (32, 12), (33, 12), (34, 12), (34, 11), (34, 10), (33, 10), (32, 10), (31, 10), (30, 10), (30, 9), (30, 8), (31, 8), (32, 8), (33, 8), (34, 8), (34, 7), (34, 6), (33, 6), (32, 6), (31, 6), (30, 6), (30, 5), (30, 4), (31, 4), (32, 4), (33, 4), (34, 4), (34, 3), (34, 2), (34, 1), (33, 1), (32, 1), (31, 1), (30, 1), (29, 1), (28, 1), (27, 1), (27, 2), (27, 3), (27, 4), (27, 5), (27, 6), (27, 7), (27, 8), (27, 9), (26, 9), (25, 9), (24, 9), (23, 9), (22, 9), (21, 9), (20, 9), (20, 10), (20, 11), (20, 12), (21, 12), (22, 12), (23, 12), (24, 12), (24, 11), (25, 11), (26, 11), (27, 11), (27, 12), (27, 13), (27, 14), (26, 14), (25, 14), (25, 15), (25, 16), (26, 16), (27, 16), (28, 16), (29, 16), (30, 16), (31, 16), (32, 16), (33, 16), (24, 16), (23, 16), (22, 16), (21, 16), (20, 16), (19, 16), (18, 16)]",87,0,87
97,"(16, 16)","(17, 16)",West,"[(15, 16) via West]","[(16, 16), (19, 12), (19, 11), (26, 2), (31, 3), (30, 3), (29, 6), (29, 10), (33, 16)]","[(15, 16), (19, 12), (19, 11), (26, 2), (31, 3), (30, 3), (29, 6), (29, 10), (33, 16)]","[(34, 16), (34, 15), (34, 14), (33, 14), (32, 14), (31, 14), (30, 14), (30, 13), (30, 12), (31, 12), (32, 12), (33, 12), (34, 12), (34, 11), (34, 10), (33, 10), (32, 10), (31, 10), (30, 10), (30, 9), (30, 8), (31, 8), (32, 8), (33, 8), (34, 8), (34, 7), (34, 6), (33, 6), (32, 6), (31, 6), (30, 6), (30, 5), (30, 4), (31, 4), (32, 4), (33, 4), (34, 4), (34, 3), (34, 2), (34, 1), (33, 1), (32, 1), (31, 1), (30, 1), (29, 1), (28, 1), (27, 1), (27, 2), (27, 3), (27, 4), (27, 5), (27, 6), (27, 7), (27, 8), (27, 9), (26, 9), (25, 9), (24, 9), (23, 9), (22, 9), (21, 9), (20, 9), (20, 10), (20, 11), (20, 12), (21, 12), (22, 12), (23, 12), (24, 12), (24, 11), (25, 11), (26, 11), (27, 11), (27, 12), (27, 13), (27, 14), (26, 14), (25, 14), (25, 15), (25, 16), (26, 16), (27, 16), (28, 16), (29, 16), (30, 16), (31, 16), (32, 16), (33, 16), (24, 16), (23, 16), (22, 16), (21, 16), (20, 16), (19, 16), (18, 16), (17, 16)]",88,0,88
98,"(15, 16)","(16, 16)",West,"[(14, 16) via West]","[(15, 16), (19, 12), (19, 11), (26, 2), (31, 3), (30, 3), (29, 6), (29, 10), (33, 16)]","[(14, 16), (19, 12), (19, 11), (26, 2), (31, 3), (30, 3), (29, 6), (29, 10), (33, 16)]","[(34, 16), (34, 15), (34, 14), (33, 14), (32, 14), (31, 14), (30, 14), (30, 13), (30, 12), (31, 12), (32, 12), (33, 12), (34, 12), (34, 11), (34, 10), (33, 10), (32, 10), (31, 10), (30, 10), (30, 9), (30, 8), (31, 8), (32, 8), (33, 8), (34, 8), (34, 7), (34, 6), (33, 6), (32, 6), (31, 6), (30, 6), (30, 5), (30, 4), (31, 4), (32, 4), (33, 4), (34, 4), (34, 3), (34, 2), (34, 1), (33, 1), (32, 1), (31, 1), (30, 1), (29, 1), (28, 1), (27, 1), (27, 2), (27, 3), (27, 4), (27, 5), (27, 6), (27, 7), (27, 8), (27, 9), (26, 9), (25, 9), (24, 9), (23, 9), (22, 9), (21, 9), (20, 9), (20, 10), (20, 11), (20, 12), (21, 12), (22, 12), (23, 12), (24, 12), (24, 11), (25, 11), (26, 11), (27, 11), (27, 12), (27, 13), (27, 14), (26, 14), (25, 14), (25, 15), (25, 16), (26, 16), (27, 16), (28, 16), (29, 16), (30, 16), (31, 16), (32, 16), (33, 16), (24, 16), (23, 16), (22, 16), (21, 16), (20, 16), (19, 16), (18, 16), (17, 16), (16, 16)]",89,0,89
99,"(14, 16)","(15, 16)",West,"[(13, 16) via West]","[(14, 16), (19, 12), (19, 11), (26, 2), (31, 3), (30, 3), (29, 6), (29, 10), (33, 16)]","[(13, 16), (19, 12), (19, 11), (26, 2), (31, 3), (30, 3), (29, 6), (29, 10), (33, 16)]","[(34, 16), (34, 15), (34, 14), (33, 14), (32, 14), (31, 14), (30, 14), (30, 13), (30, 12), (31, 12), (32, 12), (33, 12), (34, 12), (34, 11), (34, 10), (33, 10), (32, 10), (31, 10), (30, 10), (30, 9), (30, 8), (31, 8), (32, 8), (33, 8), (34, 8), (34, 7), (34, 6), (33, 6), (32, 6), (31, 6), (30, 6), (30, 5), (30, 4), (31, 4), (32, 4), (33, 4), (34, 4), (34, 3), (34, 2), (34, 1), (33, 1), (32, 1), (31, 1), (30, 1), (29, 1), (28, 1), (27, 1), (27, 2), (27, 3), (27, 4), (27, 5), (27, 6), (27, 7), (27, 8), (27, 9), (26, 9), (25, 9), (24, 9), (23, 9), (22, 9), (21, 9), (20, 9), (20, 10), (20, 11), (20, 12), (21, 12), (22, 12), (23, 12), (24, 12), (24, 11), (25, 11), (26, 11), (27, 11), (27, 12), (27, 13), (27, 14), (26, 14), (25, 14), (25, 15), (25, 16), (26, 16), (27, 16), (28, 16), (29, 16), (30, 16), (31, 16), (32, 16), (33, 16), (24, 16), (23, 16), (22, 16), (21, 16), (20, 16), (19, 16), (18, 16), (17, 16), (16, 16), (15, 16)]",90,0,90
100,"(13, 16)","(14, 16)",West,"[(12, 16) via West]","[(13, 16), (19, 12), (19, 11), (26, 2), (31, 3), (30, 3), (29, 6), (29, 10), (33, 16)]","[(12, 16), (19, 12), (19, 11), (26, 2), (31, 3), (30, 3), (29, 6), (29, 10), (33, 16)]","[(34, 16), (34, 15), (34, 14), (33, 14), (32, 14), (31, 14), (30, 14), (30, 13), (30, 12), (31, 12), (32, 12), (33, 12), (34, 12), (34, 11), (34, 10), (33, 10), (32, 10), (31, 10), (30, 10), (30, 9), (30, 8), (31, 8), (32, 8), (33, 8), (34, 8), (34, 7), (34, 6), (33, 6), (32, 6), (31, 6), (30, 6), (30, 5), (30, 4), (31, 4), (32, 4), (33, 4), (34, 4), (34, 3), (34, 2), (34, 1), (33, 1), (32, 1), (31, 1), (30, 1), (29, 1), (28, 1), (27, 1), (27, 2), (27, 3), (27, 4), (27, 5), (27, 6), (27, 7), (27, 8), (27, 9), (26, 9), (25, 9), (24, 9), (23, 9), (22, 9), (21, 9), (20, 9), (20, 10), (20, 11), (20, 12), (21, 12), (22, 12), (23, 12), (24, 12), (24, 11), (25, 11), (26, 11), (27, 11), (27, 12), (27, 13), (27, 14), (26, 14), (25, 14), (25, 15), (25, 16), (26, 16), (27, 16), (28, 16), (29, 16), (30, 16), (31, 16), (32, 16), (33, 16), (24, 16), (23, 16), (22, 16), (21, 16), (20, 16), (19, 16), (18, 16), (17, 16), (16, 16), (15, 16), (14, 16)]",91,0,91
101,"(12, 16)","(13, 16)",West,"[(11, 16) via West]","[(12, 16), (19, 12), (19, 11), (26, 2), (31, 3), (30, 3), (29, 6), (29, 10), (33, 16)]","[(11, 16), (19, 12), (19, 11), (26, 2), (31, 3), (30, 3), (29, 6), (29, 10), (33, 16)]","[(34, 16), (34, 15), (34, 14), (33, 14), (32, 14), (31, 14), (30, 14), (30, 13), (30, 12), (31, 12), (32, 12), (33, 12), (34, 12), (34, 11), (34, 10), (33, 10), (32, 10), (31, 10), (30, 10), (30, 9), (30, 8), (31, 8), (32, 8), (33, 8), (34, 8), (34, 7), (34, 6), (33, 6), (32, 6), (31, 6), (30, 6), (30, 5), (30, 4), (31, 4), (32, 4), (33, 4), (34, 4), (34, 3), (34, 2), (34, 1), (33, 1), (32, 1), (31, 1), (30, 1), (29, 1), (28, 1), (27, 1), (27, 2), (27, 3), (27, 4), (27, 5), (27, 6), (27, 7), (27, 8), (27, 9), (26, 9), (25, 9), (24, 9), (23, 9), (22, 9), (21, 9), (20, 9), (20, 10), (20, 11), (20, 12), (21, 12), (22, 12), (23, 12), (24, 12), (24, 11), (25, 11), (26, 11), (27, 11), (27, 12), (27, 13), (27, 14), (26, 14), (25, 14), (25, 15), (25, 16), (26, 16), (27, 16), (28, 16), (29, 16), (30, 16), (31, 16), (32, 16), (33, 16), (24, 16), (23, 16), (22, 16), (21, 16), (20, 16), (19, 16), (18, 16), (17, 16), (16, 16), (15, 16), (14, 16), (13, 16)]",92,0,92
102,"(11, 16)","(12, 16)",West,"[(10, 16) via West]","[(11, 16), (19, 12), (19, 11), (26, 2), (31, 3), (30, 3), (29, 6), (29, 10), (33, 16)]","[(10, 16), (19, 12), (19, 11), (26, 2), (31, 3), (30, 3), (29, 6), (29, 10), (33, 16)]","[(34, 16), (34, 15), (34, 14), (33, 14), (32, 14), (31, 14), (30, 14), (30, 13), (30, 12), (31, 12), (32, 12), (33, 12), (34, 12), (34, 11), (34, 10), (33, 10), (32, 10), (31, 10), (30, 10), (30, 9), (30, 8), (31, 8), (32, 8), (33, 8), (34, 8), (34, 7), (34, 6), (33, 6), (32, 6), (31, 6), (30, 6), (30, 5), (30, 4), (31, 4), (32, 4), (33, 4), (34, 4), (34, 3), (34, 2), (34, 1), (33, 1), (32, 1), (31, 1), (30, 1), (29, 1), (28, 1), (27, 1), (27, 2), (27, 3), (27, 4), (27, 5), (27, 6), (27, 7), (27, 8), (27, 9), (26, 9), (25, 9), (24, 9), (23, 9), (22, 9), (21, 9), (20, 9), (20, 10), (20, 11), (20, 12), (21, 12), (22, 12), (23, 12), (24, 12), (24, 11), (25, 11), (26, 11), (27, 11), (27, 12), (27, 13), (27, 14), (26, 14), (25, 14), (25, 15), (25, 16), (26, 16), (27, 16), (28, 16), (29, 16), (30, 16), (31, 16), (32, 16), (33, 16), (24, 16), (23, 16), (22, 16), (21, 16), (20, 16), (19, 16), (18, 16), (17, 16), (16, 16), (15, 16), (14, 16), (13, 16), (12, 16)]",93,0,93
103,"(10, 16)","(11, 16)",West,"[(9, 16) via West]","[(10, 16), (19, 12), (19, 11), (26, 2), (31, 3), (30, 3), (29, 6), (29, 10), (33, 16)]","[(9, 16), (19, 12), (19, 11), (26, 2), (31, 3), (30, 3), (29, 6), (29, 10), (33, 16)]","[(34, 16), (34, 15), (34, 14), (33, 14), (32, 14), (31, 14), (30, 14), (30, 13), (30, 12), (31, 12), (32, 12), (33, 12), (34, 12), (34, 11), (34, 10), (33, 10), (32, 10), (31, 10), (30, 10), (30, 9), (30, 8), (31, 8), (32, 8), (33, 8), (34, 8), (34, 7), (34, 6), (33, 6), (32, 6), (31, 6), (30, 6), (30, 5), (30, 4), (31, 4), (32, 4), (33, 4), (34, 4), (34, 3), (34, 2), (34, 1), (33, 1), (32, 1), (31, 1), (30, 1), (29, 1), (28, 1), (27, 1), (27, 2), (27, 3), (27, 4), (27, 5), (27, 6), (27, 7), (27, 8), (27, 9), (26, 9), (25, 9), (24, 9), (23, 9), (22, 9), (21, 9), (20, 9), (20, 10), (20, 11), (20, 12), (21, 12), (22, 12), (23, 12), (24, 12), (24, 11), (25, 11), (26, 11), (27, 11), (27, 12), (27, 13), (27, 14), (26, 14), (25, 14), (25, 15), (25, 16), (26, 16), (27, 16), (28, 16), (29, 16), (30, 16), (31, 16), (32, 16), (33, 16), (24, 16), (23, 16), (22, 16), (21, 16), (20, 16), (19, 16), (18, 16), (17, 16), (16, 16), (15, 16), (14, 16), (13, 16), (12, 16), (11, 16)]",94,0,94
104,"(9, 16)","(10, 16)",West,"[(8, 16) via West]","[(9, 16), (19, 12), (19, 11), (26, 2), (31, 3), (30, 3), (29, 6), (29, 10), (33, 16)]","[(8, 16), (19, 12), (19, 11), (26, 2), (31, 3), (30, 3), (29, 6), (29, 10), (33, 16)]","[(34, 16), (34, 15), (34, 14), (33, 14), (32, 14), (31, 14), (30, 14), (30, 13), (30, 12), (31, 12), (32, 12), (33, 12), (34, 12), (34, 11), (34, 10), (33, 10), (32, 10), (31, 10), (30, 10), (30, 9), (30, 8), (31, 8), (32, 8), (33, 8), (34, 8), (34, 7), (34, 6), (33, 6), (32, 6), (31, 6), (30, 6), (30, 5), (30, 4), (31, 4), (32, 4), (33, 4), (34, 4), (34, 3), (34, 2), (34, 1), (33, 1), (32, 1), (31, 1), (30, 1), (29, 1), (28, 1), (27, 1), (27, 2), (27, 3), (27, 4), (27, 5), (27, 6), (27, 7), (27, 8), (27, 9), (26, 9), (25, 9), (24, 9), (23, 9), (22, 9), (21, 9), (20, 9), (20, 10), (20, 11), (20, 12), (21, 12), (22, 12), (23, 12), (24, 12), (24, 11), (25, 11), (26, 11), (27, 11), (27, 12), (27, 13), (27, 14), (26, 14), (25, 14), (25, 15), (25, 16), (26, 16), (27, 16), (28, 16), (29, 16), (30, 16), (31, 16), (32, 16), (33, 16), (24, 16), (23, 16), (22, 16), (21, 16), (20, 16), (19, 16), (18, 16), (17, 16), (16, 16), (15, 16), (14, 16), (13, 16), (12, 16), (11, 16), (10, 16)]",95,0,95
105,"(8, 16)","(9, 16)",West,"[(7, 16) via West]","[(8, 16), (19, 12), (19, 11), (26, 2), (31, 3), (30, 3), (29, 6), (29, 10), (33, 16)]","[(7, 16), (19, 12), (19, 11), (26, 2), (31, 3), (30, 3), (29, 6), (29, 10), (33, 16)]","[(34, 16), (34, 15), (34, 14), (33, 14), (32, 14), (31, 14), (30, 14), (30, 13), (30, 12), (31, 12), (32, 12), (33, 12), (34, 12), (34, 11), (34, 10), (33, 10), (32, 10), (31, 10), (30, 10), (30, 9), (30, 8), (31, 8), (32, 8), (33, 8), (34, 8), (34, 7), (34, 6), (33, 6), (32, 6), (31, 6), (30, 6), (30, 5), (30, 4), (31, 4), (32, 4), (33, 4), (34, 4), (34, 3), (34, 2), (34, 1), (33, 1), (32, 1), (31, 1), (30, 1), (29, 1), (28, 1), (27, 1), (27, 2), (27, 3), (27, 4), (27, 5), (27, 6), (27, 7), (27, 8), (27, 9), (26, 9), (25, 9), (24, 9), (23, 9), (22, 9), (21, 9), (20, 9), (20, 10), (20, 11), (20, 12), (21, 12), (22, 12), (23, 12), (24, 12), (24, 11), (25, 11), (26, 11), (27, 11), (27, 12), (27, 13), (27, 14), (26, 14), (25, 14), (25, 15), (25, 16), (26, 16), (27, 16), (28, 16), (29, 16), (30, 16), (31, 16), (32, 16), (33, 16), (24, 16), (23, 16), (22, 16), (21, 16), (20, 16), (19, 16), (18, 16), (17, 16), (16, 16), (15, 16), (14, 16), (13, 16), (12, 16), (11, 16), (10, 16), (9, 16)]",96,0,96
106,"(7, 16)","(8, 16)",West,"[(6, 16) via West]","[(7, 16), (19, 12), (19, 11), (26, 2), (31, 3), (30, 3), (29, 6), (29, 10), (33, 16)]","[(6, 16), (19, 12), (19, 11), (26, 2), (31, 3), (30, 3), (29, 6), (29, 10), (33, 16)]","[(34, 16), (34, 15), (34, 14), (33, 14), (32, 14), (31, 14), (30, 14), (30, 13), (30, 12), (31, 12), (32, 12), (33, 12), (34, 12), (34, 11), (34, 10), (33, 10), (32, 10), (31, 10), (30, 10), (30, 9), (30, 8), (31, 8), (32, 8), (33, 8), (34, 8), (34, 7), (34, 6), (33, 6), (32, 6), (31, 6), (30, 6), (30, 5), (30, 4), (31, 4), (32, 4), (33, 4), (34, 4), (34, 3), (34, 2), (34, 1), (33, 1), (32, 1), (31, 1), (30, 1), (29, 1), (28, 1), (27, 1), (27, 2), (27, 3), (27, 4), (27, 5), (27, 6), (27, 7), (27, 8), (27, 9), (26, 9), (25, 9), (24, 9), (23, 9), (22, 9), (21, 9), (20, 9), (20, 10), (20, 11), (20, 12), (21, 12), (22, 12), (23, 12), (24, 12), (24, 11), (25, 11), (26, 11), (27, 11), (27, 12), (27, 13), (27, 14), (26, 14), (25, 14), (25, 15), (25, 16), (26, 16), (27, 16), (28, 16), (29, 16), (30, 16), (31, 16), (32, 16), (33, 16), (24, 16), (23, 16), (22, 16), (21, 16), (20, 16), (19, 16), (18, 16), (17, 16), (16, 16), (15, 16), (14, 16), (13, 16), (12, 16), (11, 16), (10, 16), (9, 16), (8, 16)]",97,0,97
107,"(6, 16)","(7, 16)",West,"[(5, 16) via West]","[(6, 16), (19, 12), (19, 11), (26, 2), (31, 3), (30, 3), (29, 6), (29, 10), (33, 16)]","[(5, 16), (19, 12), (19, 11), (26, 2), (31, 3), (30, 3), (29, 6), (29, 10), (33, 16)]","[(34, 16), (34, 15), (34, 14), (33, 14), (32, 14), (31, 14), (30, 14), (30, 13), (30, 12), (31, 12), (32, 12), (33, 12), (34, 12), (34, 11), (34, 10), (33, 10), (32, 10), (31, 10), (30, 10), (30, 9), (30, 8), (31, 8), (32, 8), (33, 8), (34, 8), (34, 7), (34, 6), (33, 6), (32, 6), (31, 6), (30, 6), (30, 5), (30, 4), (31, 4), (32, 4), (33, 4), (34, 4), (34, 3), (34, 2), (34, 1), (33, 1), (32, 1), (31, 1), (30, 1), (29, 1), (28, 1), (27, 1), (27, 2), (27, 3), (27, 4), (27, 5), (27, 6), (27, 7), (27, 8), (27, 9), (26, 9), (25, 9), (24, 9), (23, 9), (22, 9), (21, 9), (20, 9), (20, 10), (20, 11), (20, 12), (21, 12), (22, 12), (23, 12), (24, 12), (24, 11), (25, 11), (26, 11), (27, 11), (27, 12), (27, 13), (27, 14), (26, 14), (25, 14), (25, 15), (25, 16), (26, 16), (27, 16), (28, 16), (29, 16), (30, 16), (31, 16), (32, 16), (33, 16), (24, 16), (23, 16), (22, 16), (21, 16), (20, 16), (19, 16), (18, 16), (17, 16), (16, 16), (15, 16), (14, 16), (13, 16), (12, 16), (11, 16), (10, 16), (9, 16), (8, 16), (7, 16)]",98,0,98
108,"(5, 16)","(6, 16)",West,"[(4, 16) via West]","[(5, 16), (19, 12), (19, 11), (26, 2), (31, 3), (30, 3), (29, 6), (29, 10), (33, 16)]","[(4, 16), (19, 12), (19, 11), (26, 2), (31, 3), (30, 3), (29, 6), (29, 10), (33, 16)]","[(34, 16), (34, 15), (34, 14), (33, 14), (32, 14), (31, 14), (30, 14), (30, 13), (30, 12), (31, 12), (32, 12), (33, 12), (34, 12), (34, 11), (34, 10), (33, 10), (32, 10), (31, 10), (30, 10), (30, 9), (30, 8), (31, 8), (32, 8), (33, 8), (34, 8), (34, 7), (34, 6), (33, 6), (32, 6), (31, 6), (30, 6), (30, 5), (30, 4), (31, 4), (32, 4), (33, 4), (34, 4), (34, 3), (34, 2), (34, 1), (33, 1), (32, 1), (31, 1), (30, 1), (29, 1), (28, 1), (27, 1), (27, 2), (27, 3), (27, 4), (27, 5), (27, 6), (27, 7), (27, 8), (27, 9), (26, 9), (25, 9), (24, 9), (23, 9), (22, 9), (21, 9), (20, 9), (20, 10), (20, 11), (20, 12), (21, 12), (22, 12), (23, 12), (24, 12), (24, 11), (25, 11), (26, 11), (27, 11), (27, 12), (27, 13), (27, 14), (26, 14), (25, 14), (25, 15), (25, 16), (26, 16), (27, 16), (28, 16), (29, 16), (30, 16), (31, 16), (32, 16), (33, 16), (24, 16), (23, 16), (22, 16), (21, 16), (20, 16), (19, 16), (18, 16), (17, 16), (16, 16), (15, 16), (14, 16), (13, 16), (12, 16), (11, 16), (10, 16), (9, 16), (8, 16), (7, 16), (6, 16)]",99,0,99
109,"(4, 16)","(5, 16)",West,"[(3, 16) via West]","[(4, 16), (19, 12), (19, 11), (26, 2), (31, 3), (30, 3), (29, 6), (29, 10), (33, 16)]","[(3, 16), (19, 12), (19, 11), (26, 2), (31, 3), (30, 3), (29, 6), (29, 10), (33, 16)]","[(34, 16), (34, 15), (34, 14), (33, 14), (32, 14), (31, 14), (30, 14), (30, 13), (30, 12), (31, 12), (32, 12), (33, 12), (34, 12), (34, 11), (34, 10), (33, 10), (32, 10), (31, 10), (30, 10), (30, 9), (30, 8), (31, 8), (32, 8), (33, 8), (34, 8), (34, 7), (34, 6), (33, 6), (32, 6), (31, 6), (30, 6), (30, 5), (30, 4), (31, 4), (32, 4), (33, 4), (34, 4), (34, 3), (34, 2), (34, 1), (33, 1), (32, 1), (31, 1), (30, 1), (29, 1), (28, 1), (27, 1), (27, 2), (27, 3), (27, 4), (27, 5), (27, 6), (27, 7), (27, 8), (27, 9), (26, 9), (25, 9), (24, 9), (23, 9), (22, 9), (21, 9), (20, 9), (20, 10), (20, 11), (20, 12), (21, 12), (22, 12), (23, 12), (24, 12), (24, 11), (25, 11), (26, 11), (27, 11), (27, 12), (27, 13), (27, 14), (26, 14), (25, 14), (25, 15), (25, 16), (26, 16), (27, 16), (28, 16), (29, 16), (30, 16), (31, 16), (32, 16), (33, 16), (24, 16), (23, 16), (22, 16), (21, 16), (20, 16), (19, 16), (18, 16), (17, 16), (16, 16), (15, 16), (14, 16), (13, 16), (12, 16), (11, 16), (10, 16), (9, 16), (8, 16), (7, 16), (6, 16), (5, 16)]",100,0,100
110,"(3, 16)","(4, 16)",West,"[(2, 16) via West]","[(3, 16), (19, 12), (19, 11), (26, 2), (31, 3), (30, 3), (29, 6), (29, 10), (33, 16)]","[(2, 16), (19, 12), (19, 11), (26, 2), (31, 3), (30, 3), (29, 6), (29, 10), (33, 16)]","[(34, 16), (34, 15), (34, 14), (33, 14), (32, 14), (31, 14), (30, 14), (30, 13), (30, 12), (31, 12), (32, 12), (33, 12), (34, 12), (34, 11), (34, 10), (33, 10), (32, 10), (31, 10), (30, 10), (30, 9), (30, 8), (31, 8), (32, 8), (33, 8), (34, 8), (34, 7), (34, 6), (33, 6), (32, 6), (31, 6), (30, 6), (30, 5), (30, 4), (31, 4), (32, 4), (33, 4), (34, 4), (34, 3), (34, 2), (34, 1), (33, 1), (32, 1), (31, 1), (30, 1), (29, 1), (28, 1), (27, 1), (27, 2), (27, 3), (27, 4), (27, 5), (27, 6), (27, 7), (27, 8), (27, 9), (26, 9), (25, 9), (24, 9), (23, 9), (22, 9), (21, 9), (20, 9), (20, 10), (20, 11), (20, 12), (21, 12), (22, 12), (23, 12), (24, 12), (24, 11), (25, 11), (26, 11), (27, 11), (27, 12), (27, 13), (27, 14), (26, 14), (25, 14), (25, 15), (25, 16), (26, 16), (27, 16), (28, 16), (29, 16), (30, 16), (31, 16), (32, 16), (33, 16), (24, 16), (23, 16), (22, 16), (21, 16), (20, 16), (19, 16), (18, 16), (17, 16), (16, 16), (15, 16), (14, 16), (13, 16), (12, 16), (11, 16), (10, 16), (9, 16), (8, 16), (7, 16), (6, 16), (5, 16), (4, 16)]",101,0,101
111,"(2, 16)","(3, 16)",West,"[(1, 16) via West]","[(2, 16), (19, 12), (19, 11), (26, 2), (31, 3), (30, 3), (29, 6), (29, 10), (33, 16)]","[(1, 16), (19, 12), (19, 11), (26, 2), (31, 3), (30, 3), (29, 6), (29, 10), (33, 16)]","[(34, 16), (34, 15), (34, 14), (33, 14), (32, 14), (31, 14), (30, 14), (30, 13), (30, 12), (31, 12), (32, 12), (33, 12), (34, 12), (34, 11), (34, 10), (33, 10), (32, 10), (31, 10), (30, 10), (30, 9), (30, 8), (31, 8), (32, 8), (33, 8), (34, 8), (34, 7), (34, 6), (33, 6), (32, 6), (31, 6), (30, 6), (30, 5), (30, 4), (31, 4), (32, 4), (33, 4), (34, 4), (34, 3), (34, 2), (34, 1), (33, 1), (32, 1), (31, 1), (30, 1), (29, 1), (28, 1), (27, 1), (27, 2), (27, 3), (27, 4), (27, 5), (27, 6), (27, 7), (27, 8), (27, 9), (26, 9), (25, 9), (24, 9), (23, 9), (22, 9), (21, 9), (20, 9), (20, 10), (20, 11), (20, 12), (21, 12), (22, 12), (23, 12), (24, 12), (24, 11), (25, 11), (26, 11), (27, 11), (27, 12), (27, 13), (27, 14), (26, 14), (25, 14), (25, 15), (25, 16), (26, 16), (27, 16), (28, 16), (29, 16), (30, 16), (31, 16), (32, 16), (33, 16), (24, 16), (23, 16), (22, 16), (21, 16), (20, 16), (19, 16), (18, 16), (17, 16), (16, 16), (15, 16), (14, 16), (13, 16), (12, 16), (11, 16), (10, 16), (9, 16), (8, 16), (7, 16), (6, 16), (5, 16), (4, 16), (3, 16)]",102,0,102
112,"(1, 16)","(2, 16)",West,"[(1, 15) via South]","[(1, 16), (19, 12), (19, 11), (26, 2), (31, 3), (30, 3), (29, 6), (29, 10), (33, 16)]","[(1, 15), (19, 12), (19, 11), (26, 2), (31, 3), (30, 3), (29, 6), (29, 10), (33, 16)]","[(34, 16), (34, 15), (34, 14), (33, 14), (32, 14), (31, 14), (30, 14), (30, 13), (30, 12), (31, 12), (32, 12), (33, 12), (34, 12), (34, 11), (34, 10), (33, 10), (32, 10), (31, 10), (30, 10), (30, 9), (30, 8), (31, 8), (32, 8), (33, 8), (34, 8), (34, 7), (34, 6), (33, 6), (32, 6), (31, 6), (30, 6), (30, 5), (30, 4), (31, 4), (32, 4), (33, 4), (34, 4), (34, 3), (34, 2), (34, 1), (33, 1), (32, 1), (31, 1), (30, 1), (29, 1), (28, 1), (27, 1), (27, 2), (27, 3), (27, 4), (27, 5), (27, 6), (27, 7), (27, 8), (27, 9), (26, 9), (25, 9), (24, 9), (23, 9), (22, 9), (21, 9), (20, 9), (20, 10), (20, 11), (20, 12), (21, 12), (22, 12), (23, 12), (24, 12), (24, 11), (25, 11), (26, 11), (27, 11), (27, 12), (27, 13), (27, 14), (26, 14), (25, 14), (25, 15), (25, 16), (26, 16), (27, 16), (28, 16), (29, 16), (30, 16), (31, 16), (32, 16), (33, 16), (24, 16), (23, 16), (22, 16), (21, 16), (20, 16), (19, 16), (18, 16), (17, 16), (16, 16), (15, 16), (14, 16), (13, 16), (12, 16), (11, 16), (10, 16), (9, 16), (8, 16), (7, 16), (6, 16), (5, 16), (4, 16), (3, 16), (2, 16)]",103,0,103
113,"(1, 15)","(1, 16)",South,"[(1, 14) via South]","[(1, 15), (19, 12), (19, 11), (26, 2), (31, 3), (30, 3), (29, 6), (29, 10), (33, 16)]","[(1, 14), (19, 12), (19, 11), (26, 2), (31, 3), (30, 3), (29, 6), (29, 10), (33, 16)]","[(34, 16), (34, 15), (34, 14), (33, 14), (32, 14), (31, 14), (30, 14), (30, 13), (30, 12), (31, 12), (32, 12), (33, 12), (34, 12), (34, 11), (34, 10), (33, 10), (32, 10), (31, 10), (30, 10), (30, 9), (30, 8), (31, 8), (32, 8), (33, 8), (34, 8), (34, 7), (34, 6), (33, 6), (32, 6), (31, 6), (30, 6), (30, 5), (30, 4), (31, 4), (32, 4), (33, 4), (34, 4), (34, 3), (34, 2), (34, 1), (33, 1), (32, 1), (31, 1), (30, 1), (29, 1), (28, 1), (27, 1), (27, 2), (27, 3), (27, 4), (27, 5), (27, 6), (27, 7), (27, 8), (27, 9), (26, 9), (25, 9), (24, 9), (23, 9), (22, 9), (21, 9), (20, 9), (20, 10), (20, 11), (20, 12), (21, 12), (22, 12), (23, 12), (24, 12), (24, 11), (25, 11), (26, 11), (27, 11), (27, 12), (27, 13), (27, 14), (26, 14), (25, 14), (25, 15), (25, 16), (26, 16), (27, 16), (28, 16), (29, 16), (30, 16), (31, 16), (32, 16), (33, 16), (24, 16), (23, 16), (22, 16), (21, 16), (20, 16), (19, 16), (18, 16), (17, 16), (16, 16), (15, 16), (14, 16), (13, 16), (12, 16), (11, 16), (10, 16), (9, 16), (8, 16), (7, 16), (6, 16), (5, 16), (4, 16), (3, 16), (2, 16), (1, 16)]",104,0,104
114,"(1, 14)","(1, 15)",South,"[(1, 13) via South]","[(1, 14), (19, 12), (19, 11), (26, 2), (31, 3), (30, 3), (29, 6), (29, 10), (33, 16)]","[(1, 13), (19, 12), (19, 11), (26, 2), (31, 3), (30, 3), (29, 6), (29, 10), (33, 16)]","[(34, 16), (34, 15), (34, 14), (33, 14), (32, 14), (31, 14), (30, 14), (30, 13), (30, 12), (31, 12), (32, 12), (33, 12), (34, 12), (34, 11), (34, 10), (33, 10), (32, 10), (31, 10), (30, 10), (30, 9), (30, 8), (31, 8), (32, 8), (33, 8), (34, 8), (34, 7), (34, 6), (33, 6), (32, 6), (31, 6), (30, 6), (30, 5), (30, 4), (31, 4), (32, 4), (33, 4), (34, 4), (34, 3), (34, 2), (34, 1), (33, 1), (32, 1), (31, 1), (30, 1), (29, 1), (28, 1), (27, 1), (27, 2), (27, 3), (27, 4), (27, 5), (27, 6), (27, 7), (27, 8), (27, 9), (26, 9), (25, 9), (24, 9), (23, 9), (22, 9), (21, 9), (20, 9), (20, 10), (20, 11), (20, 12), (21, 12), (22, 12), (23, 12), (24, 12), (24, 11), (25, 11), (26, 11), (27, 11), (27, 12), (27, 13), (27, 14), (26, 14), (25, 14), (25, 15), (25, 16), (26, 16), (27, 16), (28, 16), (29, 16), (30, 16), (31, 16), (32, 16), (33, 16), (24, 16), (23, 16), (22, 16), (21, 16), (20, 16), (19, 16), (18, 16), (17, 16), (16, 16), (15, 16), (14, 16), (13, 16), (12, 16), (11, 16), (10, 16), (9, 16), (8, 16), (7, 16), (6, 16), (5, 16), (4, 16), (3, 16), (2, 16), (1, 16), (1, 15)]",105,0,105
115,"(1, 13)","(1, 14)",South,"[(1, 12) via South]","[(1, 13), (19, 12), (19, 11), (26, 2), (31, 3), (30, 3), (29, 6), (29, 10), (33, 16)]","[(1, 12), (19, 12), (19, 11), (26, 2), (31, 3), (30, 3), (29, 6), (29, 10), (33, 16)]","[(34, 16), (34, 15), (34, 14), (33, 14), (32, 14), (31, 14), (30, 14), (30, 13), (30, 12), (31, 12), (32, 12), (33, 12), (34, 12), (34, 11), (34, 10), (33, 10), (32, 10), (31, 10), (30, 10), (30, 9), (30, 8), (31, 8), (32, 8), (33, 8), (34, 8), (34, 7), (34, 6), (33, 6), (32, 6), (31, 6), (30, 6), (30, 5), (30, 4), (31, 4), (32, 4), (33, 4), (34, 4), (34, 3), (34, 2), (34, 1), (33, 1), (32, 1), (31, 1), (30, 1), (29, 1), (28, 1), (27, 1), (27, 2), (27, 3), (27, 4), (27, 5), (27, 6), (27, 7), (27, 8), (27, 9), (26, 9), (25, 9), (24, 9), (23, 9), (22, 9), (21, 9), (20, 9), (20, 10), (20, 11), (20, 12), (21, 12), (22, 12), (23, 12), (24, 12), (24, 11), (25, 11), (26, 11), (27, 11), (27, 12), (27, 13), (27, 14), (26, 14), (25, 14), (25, 15), (25, 16), (26, 16), (27, 16), (28, 16), (29, 16), (30, 16), (31, 16), (32, 16), (33, 16), (24, 16), (23, 16), (22, 16), (21, 16), (20, 16), (19, 16), (18, 16), (17, 16), (16, 16), (15, 16), (14, 16), (13, 16), (12, 16), (11, 16), (10, 16), (9, 16), (8, 16), (7, 16), (6, 16), (5, 16), (4, 16), (3, 16), (2, 16), (1, 16), (1, 15), (1, 14)]",106,0,106
116,"(1, 12)","(1, 13)",South,"[(1, 11) via South]","[(1, 12), (19, 12), (19, 11), (26, 2), (31, 3), (30, 3), (29, 6), (29, 10), (33, 16)]","[(1, 11), (19, 12), (19, 11), (26, 2), (31, 3), (30, 3), (29, 6), (29, 10), (33, 16)]","[(34, 16), (34, 15), (34, 14), (33, 14), (32, 14), (31, 14), (30, 14), (30, 13), (30, 12), (31, 12), (32, 12), (33, 12), (34, 12), (34, 11), (34, 10), (33, 10), (32, 10), (31, 10), (30, 10), (30, 9), (30, 8), (31, 8), (32, 8), (33, 8), (34, 8), (34, 7), (34, 6), (33, 6), (32, 6), (31, 6), (30, 6), (30, 5), (30, 4), (31, 4), (32, 4), (33, 4), (34, 4), (34, 3), (34, 2), (34, 1), (33, 1), (32, 1), (31, 1), (30, 1), (29, 1), (28, 1), (27, 1), (27, 2), (27, 3), (27, 4), (27, 5), (27, 6), (27, 7), (27, 8), (27, 9), (26, 9), (25, 9), (24, 9), (23, 9), (22, 9), (21, 9), (20, 9), (20, 10), (20, 11), (20, 12), (21, 12), (22, 12), (23, 12), (24, 12), (24, 11), (25, 11), (26, 11), (27, 11), (27, 12), (27, 13), (27, 14), (26, 14), (25, 14), (25, 15), (25, 16), (26, 16), (27, 16), (28, 16), (29, 16), (30, 16), (31, 16), (32, 16), (33, 16), (24, 16), (23, 16), (22, 16), (21, 16), (20, 16), (19, 16), (18, 16), (17, 16), (16, 16), (15, 16), (14, 16), (13, 16), (12, 16), (11, 16), (10, 16), (9, 16), (8, 16), (7, 16), (6, 16), (5, 16), (4, 16), (3, 16), (2, 16), (1, 16), (1, 15), (1, 14), (1, 13)]",107,0,107
117,"(1, 11)","(1, 12)",South,"[(1, 10) via South]","[(1, 11), (19, 12), (19, 11), (26, 2), (31, 3), (30, 3), (29, 6), (29, 10), (33, 16)]","[(1, 10), (19, 12), (19, 11), (26, 2), (31, 3), (30, 3), (29, 6), (29, 10), (33, 16)]","[(34, 16), (34, 15), (34, 14), (33, 14), (32, 14), (31, 14), (30, 14), (30, 13), (30, 12), (31, 12), (32, 12), (33, 12), (34, 12), (34, 11), (34, 10), (33, 10), (32, 10), (31, 10), (30, 10), (30, 9), (30, 8), (31, 8), (32, 8), (33, 8), (34, 8), (34, 7), (34, 6), (33, 6), (32, 6), (31, 6), (30, 6), (30, 5), (30, 4), (31, 4), (32, 4), (33, 4), (34, 4), (34, 3), (34, 2), (34, 1), (33, 1), (32, 1), (31, 1), (30, 1), (29, 1), (28, 1), (27, 1), (27, 2), (27, 3), (27, 4), (27, 5), (27, 6), (27, 7), (27, 8), (27, 9), (26, 9), (25, 9), (24, 9), (23, 9), (22, 9), (21, 9), (20, 9), (20, 10), (20, 11), (20, 12), (21, 12), (22, 12), (23, 12), (24, 12), (24, 11), (25, 11), (26, 11), (27, 11), (27, 12), (27, 13), (27, 14), (26, 14), (25, 14), (25, 15), (25, 16), (26, 16), (27, 16), (28, 16), (29, 16), (30, 16), (31, 16), (32, 16), (33, 16), (24, 16), (23, 16), (22, 16), (21, 16), (20, 16), (19, 16), (18, 16), (17, 16), (16, 16), (15, 16), (14, 16), (13, 16), (12, 16), (11, 16), (10, 16), (9, 16), (8, 16), (7, 16), (6, 16), (5, 16), (4, 16), (3, 16), (2, 16), (1, 16), (1, 15), (1, 14), (1, 13), (1, 12)]",108,0,108
118,"(1, 10)","(1, 11)",South,"[(1, 9) via South]","[(1, 10), (19, 12), (19, 11), (26, 2), (31, 3), (30, 3), (29, 6), (29, 10), (33, 16)]","[(1, 9), (19, 12), (19, 11), (26, 2), (31, 3), (30, 3), (29, 6), (29, 10), (33, 16)]","[(34, 16), (34, 15), (34, 14), (33, 14), (32, 14), (31, 14), (30, 14), (30, 13), (30, 12), (31, 12), (32, 12), (33, 12), (34, 12), (34, 11), (34, 10), (33, 10), (32, 10), (31, 10), (30, 10), (30, 9), (30, 8), (31, 8), (32, 8), (33, 8), (34, 8), (34, 7), (34, 6), (33, 6), (32, 6), (31, 6), (30, 6), (30, 5), (30, 4), (31, 4), (32, 4), (33, 4), (34, 4), (34, 3), (34, 2), (34, 1), (33, 1), (32, 1), (31, 1), (30, 1), (29, 1), (28, 1), (27, 1), (27, 2), (27, 3), (27, 4), (27, 5), (27, 6), (27, 7), (27, 8), (27, 9), (26, 9), (25, 9), (24, 9), (23, 9), (22, 9), (21, 9), (20, 9), (20, 10), (20, 11), (20, 12), (21, 12), (22, 12), (23, 12), (24, 12), (24, 11), (25, 11), (26, 11), (27, 11), (27, 12), (27, 13), (27, 14), (26, 14), (25, 14), (25, 15), (25, 16), (26, 16), (27, 16), (28, 16), (29, 16), (30, 16), (31, 16), (32, 16), (33, 16), (24, 16), (23, 16), (22, 16), (21, 16), (20, 16), (19, 16), (18, 16), (17, 16), (16, 16), (15, 16), (14, 16), (13, 16), (12, 16), (11, 16), (10, 16), (9, 16), (8, 16), (7, 16), (6, 16), (5, 16), (4, 16), (3, 16), (2, 16), (1, 16), (1, 15), (1, 14), (1, 13), (1, 12), (1, 11)]",109,0,109
119,"(1, 9)","(1, 10)",South,"[(1, 8) via South]","[(1, 9), (19, 12), (19, 11), (26, 2), (31, 3), (30, 3), (29, 6), (29, 10), (33, 16)]","[(1, 8), (19, 12), (19, 11), (26, 2), (31, 3), (30, 3), (29, 6), (29, 10), (33, 16)]","[(34, 16), (34, 15), (34, 14), (33, 14), (32, 14), (31, 14), (30, 14), (30, 13), (30, 12), (31, 12), (32, 12), (33, 12), (34, 12), (34, 11), (34, 10), (33, 10), (32, 10), (31, 10), (30, 10), (30, 9), (30, 8), (31, 8), (32, 8), (33, 8), (34, 8), (34, 7), (34, 6), (33, 6), (32, 6), (31, 6), (30, 6), (30, 5), (30, 4), (31, 4), (32, 4), (33, 4), (34, 4), (34, 3), (34, 2), (34, 1), (33, 1), (32, 1), (31, 1), (30, 1), (29, 1), (28, 1), (27, 1), (27, 2), (27, 3), (27, 4), (27, 5), (27, 6), (27, 7), (27, 8), (27, 9), (26, 9), (25, 9), (24, 9), (23, 9), (22, 9), (21, 9), (20, 9), (20, 10), (20, 11), (20, 12), (21, 12), (22, 12), (23, 12), (24, 12), (24, 11), (25, 11), (26, 11), (27, 11), (27, 12), (27, 13), (27, 14), (26, 14), (25, 14), (25, 15), (25, 16), (26, 16), (27, 16), (28, 16), (29, 16), (30, 16), (31, 16), (32, 16), (33, 16), (24, 16), (23, 16), (22, 16), (21, 16), (20, 16), (19, 16), (18, 16), (17, 16), (16, 16), (15, 16), (14, 16), (13, 16), (12, 16), (11, 16), (10, 16), (9, 16), (8, 16), (7, 16), (6, 16), (5, 16), (4, 16), (3, 16), (2, 16), (1, 16), (1, 15), (1, 14), (1, 13), (1, 12), (1, 11), (1, 10)]",110,0,110
120,"(1, 8)","(1, 9)",South,"[(1, 7) via South]","[(1, 8), (19, 12), (19, 11), (26, 2), (31, 3), (30, 3), (29, 6), (29, 10), (33, 16)]","[(1, 7), (19, 12), (19, 11), (26, 2), (31, 3), (30, 3), (29, 6), (29, 10), (33, 16)]","[(34, 16), (34, 15), (34, 14), (33, 14), (32, 14), (31, 14), (30, 14), (30, 13), (30, 12), (31, 12), (32, 12), (33, 12), (34, 12), (34, 11), (34, 10), (33, 10), (32, 10), (31, 10), (30, 10), (30, 9), (30, 8), (31, 8), (32, 8), (33, 8), (34, 8), (34, 7), (34, 6), (33, 6), (32, 6), (31, 6), (30, 6), (30, 5), (30, 4), (31, 4), (32, 4), (33, 4), (34, 4), (34, 3), (34, 2), (34, 1), (33, 1), (32, 1), (31, 1), (30, 1), (29, 1), (28, 1), (27, 1), (27, 2), (27, 3), (27, 4), (27, 5), (27, 6), (27, 7), (27, 8), (27, 9), (26, 9), (25, 9), (24, 9), (23, 9), (22, 9), (21, 9), (20, 9), (20, 10), (20, 11), (20, 12), (21, 12), (22, 12), (23, 12), (24, 12), (24, 11), (25, 11), (26, 11), (27, 11), (27, 12), (27, 13), (27, 14), (26, 14), (25, 14), (25, 15), (25, 16), (26, 16), (27, 16), (28, 16), (29, 16), (30, 16), (31, 16), (32, 16), (33, 16), (24, 16), (23, 16), (22, 16), (21, 16), (20, 16), (19, 16), (18, 16), (17, 16), (16, 16), (15, 16), (14, 16), (13, 16), (12, 16), (11, 16), (10, 16), (9, 16), (8, 16), (7, 16), (6, 16), (5, 16), (4, 16), (3, 16), (2, 16), (1, 16), (1, 15), (1, 14), (1, 13), (1, 12), (1, 11), (1, 10), (1, 9)]",111,0,111
121,"(1, 7)","(1, 8)",South,"[(2, 7) via East]","[(1, 7), (19, 12), (19, 11), (26, 2), (31, 3), (30, 3), (29, 6), (29, 10), (33, 16)]","[(2, 7), (19, 12), (19, 11), (26, 2), (31, 3), (30, 3), (29, 6), (29, 10), (33, 16)]","[(34, 16), (34, 15), (34, 14), (33, 14), (32, 14), (31, 14), (30, 14), (30, 13), (30, 12), (31, 12), (32, 12), (33, 12), (34, 12), (34, 11), (34, 10), (33, 10), (32, 10), (31, 10), (30, 10), (30, 9), (30, 8), (31, 8), (32, 8), (33, 8), (34, 8), (34, 7), (34, 6), (33, 6), (32, 6), (31, 6), (30, 6), (30, 5), (30, 4), (31, 4), (32, 4), (33, 4), (34, 4), (34, 3), (34, 2), (34, 1), (33, 1), (32, 1), (31, 1), (30, 1), (29, 1), (28, 1), (27, 1), (27, 2), (27, 3), (27, 4), (27, 5), (27, 6), (27, 7), (27, 8), (27, 9), (26, 9), (25, 9), (24, 9), (23, 9), (22, 9), (21, 9), (20, 9), (20, 10), (20, 11), (20, 12), (21, 12), (22, 12), (23, 12), (24, 12), (24, 11), (25, 11), (26, 11), (27, 11), (27, 12), (27, 13), (27, 14), (26, 14), (25, 14), (25, 15), (25, 16), (26, 16), (27, 16), (28, 16), (29, 16), (30, 16), (31, 16), (32, 16), (33, 16), (24, 16), (23, 16), (22, 16), (21, 16), (20, 16), (19, 16), (18, 16), (17, 16), (16, 16), (15, 16), (14, 16), (13, 16), (12, 16), (11, 16), (10, 16), (9, 16), (8, 16), (7, 16), (6, 16), (5, 16), (4, 16), (3, 16), (2, 16), (1, 16), (1, 15), (1, 14), (1, 13), (1, 12), (1, 11), (1, 10), (1, 9), (1, 8)]",112,0,112
122,"(2, 7)","(1, 7)",East,"[(3, 7) via East]","[(2, 7), (19, 12), (19, 11), (26, 2), (31, 3), (30, 3), (29, 6), (29, 10), (33, 16)]","[(3, 7), (19, 12), (19, 11), (26, 2), (31, 3), (30, 3), (29, 6), (29, 10), (33, 16)]","[(34, 16), (34, 15), (34, 14), (33, 14), (32, 14), (31, 14), (30, 14), (30, 13), (30, 12), (31, 12), (32, 12), (33, 12), (34, 12), (34, 11), (34, 10), (33, 10), (32, 10), (31, 10), (30, 10), (30, 9), (30, 8), (31, 8), (32, 8), (33, 8), (34, 8), (34, 7), (34, 6), (33, 6), (32, 6), (31, 6), (30, 6), (30, 5), (30, 4), (31, 4), (32, 4), (33, 4), (34, 4), (34, 3), (34, 2), (34, 1), (33, 1), (32, 1), (31, 1), (30, 1), (29, 1), (28, 1), (27, 1), (27, 2), (27, 3), (27, 4), (27, 5), (27, 6), (27, 7), (27, 8), (27, 9), (26, 9), (25, 9), (24, 9), (23, 9), (22, 9), (21, 9), (20, 9), (20, 10), (20, 11), (20, 12), (21, 12), (22, 12), (23, 12), (24, 12), (24, 11), (25, 11), (26, 11), (27, 11), (27, 12), (27, 13), (27, 14), (26, 14), (25, 14), (25, 15), (25, 16), (26, 16), (27, 16), (28, 16), (29, 16), (30, 16), (31, 16), (32, 16), (33, 16), (24, 16), (23, 16), (22, 16), (21, 16), (20, 16), (19, 16), (18, 16), (17, 16), (16, 16), (15, 16), (14, 16), (13, 16), (12, 16), (11, 16), (10, 16), (9, 16), (8, 16), (7, 16), (6, 16), (5, 16), (4, 16), (3, 16), (2, 16), (1, 16), (1, 15), (1, 14), (1, 13), (1, 12), (1, 11), (1, 10), (1, 9), (1, 8), (1, 7)]",113,0,113
123,"(3, 7)","(2, 7)",East,"[(4, 7) via East]","[(3, 7), (19, 12), (19, 11), (26, 2), (31, 3), (30, 3), (29, 6), (29, 10), (33, 16)]","[(4, 7), (19, 12), (19, 11), (26, 2), (31, 3), (30, 3), (29, 6), (29, 10), (33, 16)]","[(34, 16), (34, 15), (34, 14), (33, 14), (32, 14), (31, 14), (30, 14), (30, 13), (30, 12), (31, 12), (32, 12), (33, 12), (34, 12), (34, 11), (34, 10), (33, 10), (32, 10), (31, 10), (30, 10), (30, 9), (30, 8), (31, 8), (32, 8), (33, 8), (34, 8), (34, 7), (34, 6), (33, 6), (32, 6), (31, 6), (30, 6), (30, 5), (30, 4), (31, 4), (32, 4), (33, 4), (34, 4), (34, 3), (34, 2), (34, 1), (33, 1), (32, 1), (31, 1), (30, 1), (29, 1), (28, 1), (27, 1), (27, 2), (27, 3), (27, 4), (27, 5), (27, 6), (27, 7), (27, 8), (27, 9), (26, 9), (25, 9), (24, 9), (23, 9), (22, 9), (21, 9), (20, 9), (20, 10), (20, 11), (20, 12), (21, 12), (22, 12), (23, 12), (24, 12), (24, 11), (25, 11), (26, 11), (27, 11), (27, 12), (27, 13), (27, 14), (26, 14), (25, 14), (25, 15), (25, 16), (26, 16), (27, 16), (28, 16), (29, 16), (30, 16), (31, 16), (32, 16), (33, 16), (24, 16), (23, 16), (22, 16), (21, 16), (20, 16), (19, 16), (18, 16), (17, 16), (16, 16), (15, 16), (14, 16), (13, 16), (12, 16), (11, 16), (10, 16), (9, 16), (8, 16), (7, 16), (6, 16), (5, 16), (4, 16), (3, 16), (2, 16), (1, 16), (1, 15), (1, 14), (1, 13), (1, 12), (1, 11), (1, 10), (1, 9), (1, 8), (1, 7), (2, 7)]",114,0,114
124,"(4, 7)","(3, 7)",East,"[(4, 8) via North]","[(4, 7), (19, 12), (19, 11), (26, 2), (31, 3), (30, 3), (29, 6), (29, 10), (33, 16)]","[(4, 8), (19, 12), (19, 11), (26, 2), (31, 3), (30, 3), (29, 6), (29, 10), (33, 16)]","[(34, 16), (34, 15), (34, 14), (33, 14), (32, 14), (31, 14), (30, 14), (30, 13), (30, 12), (31, 12), (32, 12), (33, 12), (34, 12), (34, 11), (34, 10), (33, 10), (32, 10), (31, 10), (30, 10), (30, 9), (30, 8), (31, 8), (32, 8), (33, 8), (34, 8), (34, 7), (34, 6), (33, 6), (32, 6), (31, 6), (30, 6), (30, 5), (30, 4), (31, 4), (32, 4), (33, 4), (34, 4), (34, 3), (34, 2), (34, 1), (33, 1), (32, 1), (31, 1), (30, 1), (29, 1), (28, 1), (27, 1), (27, 2), (27, 3), (27, 4), (27, 5), (27, 6), (27, 7), (27, 8), (27, 9), (26, 9), (25, 9), (24, 9), (23, 9), (22, 9), (21, 9), (20, 9), (20, 10), (20, 11), (20, 12), (21, 12), (22, 12), (23, 12), (24, 12), (24, 11), (25, 11), (26, 11), (27, 11), (27, 12), (27, 13), (27, 14), (26, 14), (25, 14), (25, 15), (25, 16), (26, 16), (27, 16), (28, 16), (29, 16), (30, 16), (31, 16), (32, 16), (33, 16), (24, 16), (23, 16), (22, 16), (21, 16), (20, 16), (19, 16), (18, 16), (17, 16), (16, 16), (15, 16), (14, 16), (13, 16), (12, 16), (11, 16), (10, 16), (9, 16), (8, 16), (7, 16), (6, 16), (5, 16), (4, 16), (3, 16), (2, 16), (1, 16), (1, 15), (1, 14), (1, 13), (1, 12), (1, 11), (1, 10), (1, 9), (1, 8), (1, 7), (2, 7), (3, 7)]",115,0,115
125,"(4, 8)","(4, 7)",North,"[(4, 9) via North]","[(4, 8), (19, 12), (19, 11), (26, 2), (31, 3), (30, 3), (29, 6), (29, 10), (33, 16)]","[(4, 9), (19, 12), (19, 11), (26, 2), (31, 3), (30, 3), (29, 6), (29, 10), (33, 16)]","[(34, 16), (34, 15), (34, 14), (33, 14), (32, 14), (31, 14), (30, 14), (30, 13), (30, 12), (31, 12), (32, 12), (33, 12), (34, 12), (34, 11), (34, 10), (33, 10), (32, 10), (31, 10), (30, 10), (30, 9), (30, 8), (31, 8), (32, 8), (33, 8), (34, 8), (34, 7), (34, 6), (33, 6), (32, 6), (31, 6), (30, 6), (30, 5), (30, 4), (31, 4), (32, 4), (33, 4), (34, 4), (34, 3), (34, 2), (34, 1), (33, 1), (32, 1), (31, 1), (30, 1), (29, 1), (28, 1), (27, 1), (27, 2), (27, 3), (27, 4), (27, 5), (27, 6), (27, 7), (27, 8), (27, 9), (26, 9), (25, 9), (24, 9), (23, 9), (22, 9), (21, 9), (20, 9), (20, 10), (20, 11), (20, 12), (21, 12), (22, 12), (23, 12), (24, 12), (24, 11), (25, 11), (26, 11), (27, 11), (27, 12), (27, 13), (27, 14), (26, 14), (25, 14), (25, 15), (25, 16), (26, 16), (27, 16), (28, 16), (29, 16), (30, 16), (31, 16), (32, 16), (33, 16), (24, 16), (23, 16), (22, 16), (21, 16), (20, 16), (19, 16), (18, 16), (17, 16), (16, 16), (15, 16), (14, 16), (13, 16), (12, 16), (11, 16), (10, 16), (9, 16), (8, 16), (7, 16), (6, 16), (5, 16), (4, 16), (3, 16), (2, 16), (1, 16), (1, 15), (1, 14), (1, 13), (1, 12), (1, 11), (1, 10), (1, 9), (1, 8), (1, 7), (2, 7), (3, 7), (4, 7)]",116,0,116
126,"(4, 9)","(4, 8)",North,"[(4, 10) via North]","[(4, 9), (19, 12), (19, 11), (26, 2), (31, 3), (30, 3), (29, 6), (29, 10), (33, 16)]","[(4, 10), (19, 12), (19, 11), (26, 2), (31, 3), (30, 3), (29, 6), (29, 10), (33, 16)]","[(34, 16), (34, 15), (34, 14), (33, 14), (32, 14), (31, 14), (30, 14), (30, 13), (30, 12), (31, 12), (32, 12), (33, 12), (34, 12), (34, 11), (34, 10), (33, 10), (32, 10), (31, 10), (30, 10), (30, 9), (30, 8), (31, 8), (32, 8), (33, 8), (34, 8), (34, 7), (34, 6), (33, 6), (32, 6), (31, 6), (30, 6), (30, 5), (30, 4), (31, 4), (32, 4), (33, 4), (34, 4), (34, 3), (34, 2), (34, 1), (33, 1), (32, 1), (31, 1), (30, 1), (29, 1), (28, 1), (27, 1), (27, 2), (27, 3), (27, 4), (27, 5), (27, 6), (27, 7), (27, 8), (27, 9), (26, 9), (25, 9), (24, 9), (23, 9), (22, 9), (21, 9), (20, 9), (20, 10), (20, 11), (20, 12), (21, 12), (22, 12), (23, 12), (24, 12), (24, 11), (25, 11), (26, 11), (27, 11), (27, 12), (27, 13), (27, 14), (26, 14), (25, 14), (25, 15), (25, 16), (26, 16), (27, 16), (28, 16), (29, 16), (30, 16), (31, 16), (32, 16), (33, 16), (24, 16), (23, 16), (22, 16), (21, 16), (20, 16), (19, 16), (18, 16), (17, 16), (16, 16), (15, 16), (14, 16), (13, 16), (12, 16), (11, 16), (10, 16), (9, 16), (8, 16), (7, 16), (6, 16), (5, 16), (4, 16), (3, 16), (2, 16), (1, 16), (1, 15), (1, 14), (1, 13), (1, 12), (1, 11), (1, 10), (1, 9), (1, 8), (1, 7), (2, 7), (3, 7), (4, 7), (4, 8)]",117,0,117
127,"(4, 10)","(4, 9)",North,"[(3, 10) via West, (4, 11) via North]","[(4, 10), (19, 12), (19, 11), (26, 2), (31, 3), (30, 3), (29, 6), (29, 10), (33, 16)]","[(4, 11), (3, 10), (19, 12), (19, 11), (26, 2), (31, 3), (30, 3), (29, 6), (29, 10), (33, 16)]","[(34, 16), (34, 15), (34, 14), (33, 14), (32, 14), (31, 14), (30, 14), (30, 13), (30, 12), (31, 12), (32, 12), (33, 12), (34, 12), (34, 11), (34, 10), (33, 10), (32, 10), (31, 10), (30, 10), (30, 9), (30, 8), (31, 8), (32, 8), (33, 8), (34, 8), (34, 7), (34, 6), (33, 6), (32, 6), (31, 6), (30, 6), (30, 5), (30, 4), (31, 4), (32, 4), (33, 4), (34, 4), (34, 3), (34, 2), (34, 1), (33, 1), (32, 1), (31, 1), (30, 1), (29, 1), (28, 1), (27, 1), (27, 2), (27, 3), (27, 4), (27, 5), (27, 6), (27, 7), (27, 8), (27, 9), (26, 9), (25, 9), (24, 9), (23, 9), (22, 9), (21, 9), (20, 9), (20, 10), (20, 11), (20, 12), (21, 12), (22, 12), (23, 12), (24, 12), (24, 11), (25, 11), (26, 11), (27, 11), (27, 12), (27, 13), (27, 14), (26, 14), (25, 14), (25, 15), (25, 16), (26, 16), (27, 16), (28, 16), (29, 16), (30, 16), (31, 16), (32, 16), (33, 16), (24, 16), (23, 16), (22, 16), (21, 16), (20, 16), (19, 16), (18, 16), (17, 16), (16, 16), (15, 16), (14, 16), (13, 16), (12, 16), (11, 16), (10, 16), (9, 16), (8, 16), (7, 16), (6, 16), (5, 16), (4, 16), (3, 16), (2, 16), (1, 16), (1, 15), (1, 14), (1, 13), (1, 12), (1, 11), (1, 10), (1, 9), (1, 8), (1, 7), (2, 7), (3, 7), (4, 7), (4, 8), (4, 9)]",118,0,118
128,"(4, 11)","(4, 10)",North,"[(4, 12) via North]","[(4, 11), (3, 10), (19, 12), (19, 11), (26, 2), (31, 3), (30, 3), (29, 6), (29, 10), (33, 16)]","[(4, 12), (3, 10), (19, 12), (19, 11), (26, 2), (31, 3), (30, 3), (29, 6), (29, 10), (33, 16)]","[(34, 16), (34, 15), (34, 14), (33, 14), (32, 14), (31, 14), (30, 14), (30, 13), (30, 12), (31, 12), (32, 12), (33, 12), (34, 12), (34, 11), (34, 10), (33, 10), (32, 10), (31, 10), (30, 10), (30, 9), (30, 8), (31, 8), (32, 8), (33, 8), (34, 8), (34, 7), (34, 6), (33, 6), (32, 6), (31, 6), (30, 6), (30, 5), (30, 4), (31, 4), (32, 4), (33, 4), (34, 4), (34, 3), (34, 2), (34, 1), (33, 1), (32, 1), (31, 1), (30, 1), (29, 1), (28, 1), (27, 1), (27, 2), (27, 3), (27, 4), (27, 5), (27, 6), (27, 7), (27, 8), (27, 9), (26, 9), (25, 9), (24, 9), (23, 9), (22, 9), (21, 9), (20, 9), (20, 10), (20, 11), (20, 12), (21, 12), (22, 12), (23, 12), (24, 12), (24, 11), (25, 11), (26, 11), (27, 11), (27, 12), (27, 13), (27, 14), (26, 14), (25, 14), (25, 15), (25, 16), (26, 16), (27, 16), (28, 16), (29, 16), (30, 16), (31, 16), (32, 16), (33, 16), (24, 16), (23, 16), (22, 16), (21, 16), (20, 16), (19, 16), (18, 16), (17, 16), (16, 16), (15, 16), (14, 16), (13, 16), (12, 16), (11, 16), (10, 16), (9, 16), (8, 16), (7, 16), (6, 16), (5, 16), (4, 16), (3, 16), (2, 16), (1, 16), (1, 15), (1, 14), (1, 13), (1, 12), (1, 11), (1, 10), (1, 9), (1, 8), (1, 7), (2, 7), (3, 7), (4, 7), (4, 8), (4, 9), (4, 10)]",119,0,119
129,"(4, 12)","(4, 11)",North,"[(4, 13) via North]","[(4, 12), (3, 10), (19, 12), (19, 11), (26, 2), (31, 3), (30, 3), (29, 6), (29, 10), (33, 16)]","[(4, 13), (3, 10), (19, 12), (19, 11), (26, 2), (31, 3), (30, 3), (29, 6), (29, 10), (33, 16)]","[(34, 16), (34, 15), (34, 14), (33, 14), (32, 14), (31, 14), (30, 14), (30, 13), (30, 12), (31, 12), (32, 12), (33, 12), (34, 12), (34, 11), (34, 10), (33, 10), (32, 10), (31, 10), (30, 10), (30, 9), (30, 8), (31, 8), (32, 8), (33, 8), (34, 8), (34, 7), (34, 6), (33, 6), (32, 6), (31, 6), (30, 6), (30, 5), (30, 4), (31, 4), (32, 4), (33, 4), (34, 4), (34, 3), (34, 2), (34, 1), (33, 1), (32, 1), (31, 1), (30, 1), (29, 1), (28, 1), (27, 1), (27, 2), (27, 3), (27, 4), (27, 5), (27, 6), (27, 7), (27, 8), (27, 9), (26, 9), (25, 9), (24, 9), (23, 9), (22, 9), (21, 9), (20, 9), (20, 10), (20, 11), (20, 12), (21, 12), (22, 12), (23, 12), (24, 12), (24, 11), (25, 11), (26, 11), (27, 11), (27, 12), (27, 13), (27, 14), (26, 14), (25, 14), (25, 15), (25, 16), (26, 16), (27, 16), (28, 16), (29, 16), (30, 16), (31, 16), (32, 16), (33, 16), (24, 16), (23, 16), (22, 16), (21, 16), (20, 16), (19, 16), (18, 16), (17, 16), (16, 16), (15, 16), (14, 16), (13, 16), (12, 16), (11, 16), (10, 16), (9, 16), (8, 16), (7, 16), (6, 16), (5, 16), (4, 16), (3, 16), (2, 16), (1, 16), (1, 15), (1, 14), (1, 13), (1, 12), (1, 11), (1, 10), (1, 9), (1, 8), (1, 7), (2, 7), (3, 7), (4, 7), (4, 8), (4, 9), (4, 10), (4, 11)]",120,0,120
130,"(4, 13)","(4, 12)",North,"[(4, 14) via North]","[(4, 13), (3, 10), (19, 12), (19, 11), (26, 2), (31, 3), (30, 3), (29, 6), (29, 10), (33, 16)]","[(4, 14), (3, 10), (19, 12), (19, 11), (26, 2), (31, 3), (30, 3), (29, 6), (29, 10), (33, 16)]","[(34, 16), (34, 15), (34, 14), (33, 14), (32, 14), (31, 14), (30, 14), (30, 13), (30, 12), (31, 12), (32, 12), (33, 12), (34, 12), (34, 11), (34, 10), (33, 10), (32, 10), (31, 10), (30, 10), (30, 9), (30, 8), (31, 8), (32, 8), (33, 8), (34, 8), (34, 7), (34, 6), (33, 6), (32, 6), (31, 6), (30, 6), (30, 5), (30, 4), (31, 4), (32, 4), (33, 4), (34, 4), (34, 3), (34, 2), (34, 1), (33, 1), (32, 1), (31, 1), (30, 1), (29, 1), (28, 1), (27, 1), (27, 2), (27, 3), (27, 4), (27, 5), (27, 6), (27, 7), (27, 8), (27, 9), (26, 9), (25, 9), (24, 9), (23, 9), (22, 9), (21, 9), (20, 9), (20, 10), (20, 11), (20, 12), (21, 12), (22, 12), (23, 12), (24, 12), (24, 11), (25, 11), (26, 11), (27, 11), (27, 12), (27, 13), (27, 14), (26, 14), (25, 14), (25, 15), (25, 16), (26, 16), (27, 16), (28, 16), (29, 16), (30, 16), (31, 16), (32, 16), (33, 16), (24, 16), (23, 16), (22, 16), (21, 16), (20, 16), (19, 16), (18, 16), (17, 16), (16, 16), (15, 16), (14, 16), (13, 16), (12, 16), (11, 16), (10, 16), (9, 16), (8, 16), (7, 16), (6, 16), (5, 16), (4, 16), (3, 16), (2, 16), (1, 16), (1, 15), (1, 14), (1, 13), (1, 12), (1, 11), (1, 10), (1, 9), (1, 8), (1, 7), (2, 7), (3, 7), (4, 7), (4, 8), (4, 9), (4, 10), (4, 11), (4, 12)]",121,0,121
131,"(4, 14)","(4, 13)",North,"[(5, 14) via East]","[(4, 14), (3, 10), (19, 12), (19, 11), (26, 2), (31, 3), (30, 3), (29, 6), (29, 10), (33, 16)]","[(5, 14), (3, 10), (19, 12), (19, 11), (26, 2), (31, 3), (30, 3), (29, 6), (29, 10), (33, 16)]","[(34, 16), (34, 15), (34, 14), (33, 14), (32, 14), (31, 14), (30, 14), (30, 13), (30, 12), (31, 12), (32, 12), (33, 12), (34, 12), (34, 11), (34, 10), (33, 10), (32, 10), (31, 10), (30, 10), (30, 9), (30, 8), (31, 8), (32, 8), (33, 8), (34, 8), (34, 7), (34, 6), (33, 6), (32, 6), (31, 6), (30, 6), (30, 5), (30, 4), (31, 4), (32, 4), (33, 4), (34, 4), (34, 3), (34, 2), (34, 1), (33, 1), (32, 1), (31, 1), (30, 1), (29, 1), (28, 1), (27, 1), (27, 2), (27, 3), (27, 4), (27, 5), (27, 6), (27, 7), (27, 8), (27, 9), (26, 9), (25, 9), (24, 9), (23, 9), (22, 9), (21, 9), (20, 9), (20, 10), (20, 11), (20, 12), (21, 12), (22, 12), (23, 12), (24, 12), (24, 11), (25, 11), (26, 11), (27, 11), (27, 12), (27, 13), (27, 14), (26, 14), (25, 14), (25, 15), (25, 16), (26, 16), (27, 16), (28, 16), (29, 16), (30, 16), (31, 16), (32, 16), (33, 16), (24, 16), (23, 16), (22, 16), (21, 16), (20, 16), (19, 16), (18, 16), (17, 16), (16, 16), (15, 16), (14, 16), (13, 16), (12, 16), (11, 16), (10, 16), (9, 16), (8, 16), (7, 16), (6, 16), (5, 16), (4, 16), (3, 16), (2, 16), (1, 16), (1, 15), (1, 14), (1, 13), (1, 12), (1, 11), (1, 10), (1, 9), (1, 8), (1, 7), (2, 7), (3, 7), (4, 7), (4, 8), (4, 9), (4, 10), (4, 11), (4, 12), (4, 13)]",122,0,122
132,"(5, 14)","(4, 14)",East,"[(6, 14) via East]","[(5, 14), (3, 10), (19, 12), (19, 11), (26, 2), (31, 3), (30, 3), (29, 6), (29, 10), (33, 16)]","[(6, 14), (3, 10), (19, 12), (19, 11), (26, 2), (31, 3), (30, 3), (29, 6), (29, 10), (33, 16)]","[(34, 16), (34, 15), (34, 14), (33, 14), (32, 14), (31, 14), (30, 14), (30, 13), (30, 12), (31, 12), (32, 12), (33, 12), (34, 12), (34, 11), (34, 10), (33, 10), (32, 10), (31, 10), (30, 10), (30, 9), (30, 8), (31, 8), (32, 8), (33, 8), (34, 8), (34, 7), (34, 6), (33, 6), (32, 6), (31, 6), (30, 6), (30, 5), (30, 4), (31, 4), (32, 4), (33, 4), (34, 4), (34, 3), (34, 2), (34, 1), (33, 1), (32, 1), (31, 1), (30, 1), (29, 1), (28, 1), (27, 1), (27, 2), (27, 3), (27, 4), (27, 5), (27, 6), (27, 7), (27, 8), (27, 9), (26, 9), (25, 9), (24, 9), (23, 9), (22, 9), (21, 9), (20, 9), (20, 10), (20, 11), (20, 12), (21, 12), (22, 12), (23, 12), (24, 12), (24, 11), (25, 11), (26, 11), (27, 11), (27, 12), (27, 13), (27, 14), (26, 14), (25, 14), (25, 15), (25, 16), (26, 16), (27, 16), (28, 16), (29, 16), (30, 16), (31, 16), (32, 16), (33, 16), (24, 16), (23, 16), (22, 16), (21, 16), (20, 16), (19, 16), (18, 16), (17, 16), (16, 16), (15, 16), (14, 16), (13, 16), (12, 16), (11, 16), (10, 16), (9, 16), (8, 16), (7, 16), (6, 16), (5, 16), (4, 16), (3, 16), (2, 16), (1, 16), (1, 15), (1, 14), (1, 13), (1, 12), (1, 11), (1, 10), (1, 9), (1, 8), (1, 7), (2, 7), (3, 7), (4, 7), (4, 8), (4, 9), (4, 10), (4, 11), (4, 12), (4, 13), (4, 14)]",123,0,123
133,"(6, 14)","(5, 14)",East,"[(6, 13) via South]","[(6, 14), (3, 10), (19, 12), (19, 11), (26, 2), (31, 3), (30, 3), (29, 6), (29, 10), (33, 16)]","[(6, 13), (3, 10), (19, 12), (19, 11), (26, 2), (31, 3), (30, 3), (29, 6), (29, 10), (33, 16)]","[(34, 16), (34, 15), (34, 14), (33, 14), (32, 14), (31, 14), (30, 14), (30, 13), (30, 12), (31, 12), (32, 12), (33, 12), (34, 12), (34, 11), (34, 10), (33, 10), (32, 10), (31, 10), (30, 10), (30, 9), (30, 8), (31, 8), (32, 8), (33, 8), (34, 8), (34, 7), (34, 6), (33, 6), (32, 6), (31, 6), (30, 6), (30, 5), (30, 4), (31, 4), (32, 4), (33, 4), (34, 4), (34, 3), (34, 2), (34, 1), (33, 1), (32, 1), (31, 1), (30, 1), (29, 1), (28, 1), (27, 1), (27, 2), (27, 3), (27, 4), (27, 5), (27, 6), (27, 7), (27, 8), (27, 9), (26, 9), (25, 9), (24, 9), (23, 9), (22, 9), (21, 9), (20, 9), (20, 10), (20, 11), (20, 12), (21, 12), (22, 12), (23, 12), (24, 12), (24, 11), (25, 11), (26, 11), (27, 11), (27, 12), (27, 13), (27, 14), (26, 14), (25, 14), (25, 15), (25, 16), (26, 16), (27, 16), (28, 16), (29, 16), (30, 16), (31, 16), (32, 16), (33, 16), (24, 16), (23, 16), (22, 16), (21, 16), (20, 16), (19, 16), (18, 16), (17, 16), (16, 16), (15, 16), (14, 16), (13, 16), (12, 16), (11, 16), (10, 16), (9, 16), (8, 16), (7, 16), (6, 16), (5, 16), (4, 16), (3, 16), (2, 16), (1, 16), (1, 15), (1, 14), (1, 13), (1, 12), (1, 11), (1, 10), (1, 9), (1, 8), (1, 7), (2, 7), (3, 7), (4, 7), (4, 8), (4, 9), (4, 10), (4, 11), (4, 12), (4, 13), (4, 14), (5, 14)]",124,0,124
134,"(6, 13)","(6, 14)",South,"[(6, 12) via South]","[(6, 13), (3, 10), (19, 12), (19, 11), (26, 2), (31, 3), (30, 3), (29, 6), (29, 10), (33, 16)]","[(6, 12), (3, 10), (19, 12), (19, 11), (26, 2), (31, 3), (30, 3), (29, 6), (29, 10), (33, 16)]","[(34, 16), (34, 15), (34, 14), (33, 14), (32, 14), (31, 14), (30, 14), (30, 13), (30, 12), (31, 12), (32, 12), (33, 12), (34, 12), (34, 11), (34, 10), (33, 10), (32, 10), (31, 10), (30, 10), (30, 9), (30, 8), (31, 8), (32, 8), (33, 8), (34, 8), (34, 7), (34, 6), (33, 6), (32, 6), (31, 6), (30, 6), (30, 5), (30, 4), (31, 4), (32, 4), (33, 4), (34, 4), (34, 3), (34, 2), (34, 1), (33, 1), (32, 1), (31, 1), (30, 1), (29, 1), (28, 1), (27, 1), (27, 2), (27, 3), (27, 4), (27, 5), (27, 6), (27, 7), (27, 8), (27, 9), (26, 9), (25, 9), (24, 9), (23, 9), (22, 9), (21, 9), (20, 9), (20, 10), (20, 11), (20, 12), (21, 12), (22, 12), (23, 12), (24, 12), (24, 11), (25, 11), (26, 11), (27, 11), (27, 12), (27, 13), (27, 14), (26, 14), (25, 14), (25, 15), (25, 16), (26, 16), (27, 16), (28, 16), (29, 16), (30, 16), (31, 16), (32, 16), (33, 16), (24, 16), (23, 16), (22, 16), (21, 16), (20, 16), (19, 16), (18, 16), (17, 16), (16, 16), (15, 16), (14, 16), (13, 16), (12, 16), (11, 16), (10, 16), (9, 16), (8, 16), (7, 16), (6, 16), (5, 16), (4, 16), (3, 16), (2, 16), (1, 16), (1, 15), (1, 14), (1, 13), (1, 12), (1, 11), (1, 10), (1, 9), (1, 8), (1, 7), (2, 7), (3, 7), (4, 7), (4, 8), (4, 9), (4, 10), (4, 11), (4, 12), (4, 13), (4, 14), (5, 14), (6, 14)]",125,0,125
135,"(6, 12)","(6, 13)",South,"[(6, 11) via South]","[(6, 12), (3, 10), (19, 12), (19, 11), (26, 2), (31, 3), (30, 3), (29, 6), (29, 10), (33, 16)]","[(6, 11), (3, 10), (19, 12), (19, 11), (26, 2), (31, 3), (30, 3), (29, 6), (29, 10), (33, 16)]","[(34, 16), (34, 15), (34, 14), (33, 14), (32, 14), (31, 14), (30, 14), (30, 13), (30, 12), (31, 12), (32, 12), (33, 12), (34, 12), (34, 11), (34, 10), (33, 10), (32, 10), (31, 10), (30, 10), (30, 9), (30, 8), (31, 8), (32, 8), (33, 8), (34, 8), (34, 7), (34, 6), (33, 6), (32, 6), (31, 6), (30, 6), (30, 5), (30, 4), (31, 4), (32, 4), (33, 4), (34, 4), (34, 3), (34, 2), (34, 1), (33, 1), (32, 1), (31, 1), (30, 1), (29, 1), (28, 1), (27, 1), (27, 2), (27, 3), (27, 4), (27, 5), (27, 6), (27, 7), (27, 8), (27, 9), (26, 9), (25, 9), (24, 9), (23, 9), (22, 9), (21, 9), (20, 9), (20, 10), (20, 11), (20, 12), (21, 12), (22, 12), (23, 12), (24, 12), (24, 11), (25, 11), (26, 11), (27, 11), (27, 12), (27, 13), (27, 14), (26, 14), (25, 14), (25, 15), (25, 16), (26, 16), (27, 16), (28, 16), (29, 16), (30, 16), (31, 16), (32, 16), (33, 16), (24, 16), (23, 16), (22, 16), (21, 16), (20, 16), (19, 16), (18, 16), (17, 16), (16, 16), (15, 16), (14, 16), (13, 16), (12, 16), (11, 16), (10, 16), (9, 16), (8, 16), (7, 16), (6, 16), (5, 16), (4, 16), (3, 16), (2, 16), (1, 16), (1, 15), (1, 14), (1, 13), (1, 12), (1, 11), (1, 10), (1, 9), (1, 8), (1, 7), (2, 7), (3, 7), (4, 7), (4, 8), (4, 9), (4, 10), (4, 11), (4, 12), (4, 13), (4, 14), (5, 14), (6, 14), (6, 13)]",126,0,126
136,"(6, 11)","(6, 12)",South,"[(6, 10) via South]","[(6, 11), (3, 10), (19, 12), (19, 11), (26, 2), (31, 3), (30, 3), (29, 6), (29, 10), (33, 16)]","[(6, 10), (3, 10), (19, 12), (19, 11), (26, 2), (31, 3), (30, 3), (29, 6), (29, 10), (33, 16)]","[(34, 16), (34, 15), (34, 14), (33, 14), (32, 14), (31, 14), (30, 14), (30, 13), (30, 12), (31, 12), (32, 12), (33, 12), (34, 12), (34, 11), (34, 10), (33, 10), (32, 10), (31, 10), (30, 10), (30, 9), (30, 8), (31, 8), (32, 8), (33, 8), (34, 8), (34, 7), (34, 6), (33, 6), (32, 6), (31, 6), (30, 6), (30, 5), (30, 4), (31, 4), (32, 4), (33, 4), (34, 4), (34, 3), (34, 2), (34, 1), (33, 1), (32, 1), (31, 1), (30, 1), (29, 1), (28, 1), (27, 1), (27, 2), (27, 3), (27, 4), (27, 5), (27, 6), (27, 7), (27, 8), (27, 9), (26, 9), (25, 9), (24, 9), (23, 9), (22, 9), (21, 9), (20, 9), (20, 10), (20, 11), (20, 12), (21, 12), (22, 12), (23, 12), (24, 12), (24, 11), (25, 11), (26, 11), (27, 11), (27, 12), (27, 13), (27, 14), (26, 14), (25, 14), (25, 15), (25, 16), (26, 16), (27, 16), (28, 16), (29, 16), (30, 16), (31, 16), (32, 16), (33, 16), (24, 16), (23, 16), (22, 16), (21, 16), (20, 16), (19, 16), (18, 16), (17, 16), (16, 16), (15, 16), (14, 16), (13, 16), (12, 16), (11, 16), (10, 16), (9, 16), (8, 16), (7, 16), (6, 16), (5, 16), (4, 16), (3, 16), (2, 16), (1, 16), (1, 15), (1, 14), (1, 13), (1, 12), (1, 11), (1, 10), (1, 9), (1, 8), (1, 7), (2, 7), (3, 7), (4, 7), (4, 8), (4, 9), (4, 10), (4, 11), (4, 12), (4, 13), (4, 14), (5, 14), (6, 14), (6, 13), (6, 12)]",127,0,127
137,"(6, 10)","(6, 11)",South,"[(6, 9) via South]","[(6, 10), (3, 10), (19, 12), (19, 11), (26, 2), (31, 3), (30, 3), (29, 6), (29, 10), (33, 16)]","[(6, 9), (3, 10), (19, 12), (19, 11), (26, 2), (31, 3), (30, 3), (29, 6), (29, 10), (33, 16)]","[(34, 16), (34, 15), (34, 14), (33, 14), (32, 14), (31, 14), (30, 14), (30, 13), (30, 12), (31, 12), (32, 12), (33, 12), (34, 12), (34, 11), (34, 10), (33, 10), (32, 10), (31, 10), (30, 10), (30, 9), (30, 8), (31, 8), (32, 8), (33, 8), (34, 8), (34, 7), (34, 6), (33, 6), (32, 6), (31, 6), (30, 6), (30, 5), (30, 4), (31, 4), (32, 4), (33, 4), (34, 4), (34, 3), (34, 2), (34, 1), (33, 1), (32, 1), (31, 1), (30, 1), (29, 1), (28, 1), (27, 1), (27, 2), (27, 3), (27, 4), (27, 5), (27, 6), (27, 7), (27, 8), (27, 9), (26, 9), (25, 9), (24, 9), (23, 9), (22, 9), (21, 9), (20, 9), (20, 10), (20, 11), (20, 12), (21, 12), (22, 12), (23, 12), (24, 12), (24, 11), (25, 11), (26, 11), (27, 11), (27, 12), (27, 13), (27, 14), (26, 14), (25, 14), (25, 15), (25, 16), (26, 16), (27, 16), (28, 16), (29, 16), (30, 16), (31, 16), (32, 16), (33, 16), (24, 16), (23, 16), (22, 16), (21, 16), (20, 16), (19, 16), (18, 16), (17, 16), (16, 16), (15, 16), (14, 16), (13, 16), (12, 16), (11, 16), (10, 16), (9, 16), (8, 16), (7, 16), (6, 16), (5, 16), (4, 16), (3, 16), (2, 16), (1, 16), (1, 15), (1, 14), (1, 13), (1, 12), (1, 11), (1, 10), (1, 9), (1, 8), (1, 7), (2, 7), (3, 7), (4, 7), (4, 8), (4, 9), (4, 10), (4, 11), (4, 12), (4, 13), (4, 14), (5, 14), (6, 14), (6, 13), (6, 12), (6, 11)]",128,0,128
138,"(6, 9)","(6, 10)",South,"[(6, 8) via South]","[(6, 9), (3, 10), (19, 12), (19, 11), (26, 2), (31, 3), (30, 3), (29, 6), (29, 10), (33, 16)]","[(6, 8), (3, 10), (19, 12), (19, 11), (26, 2), (31, 3), (30, 3), (29, 6), (29, 10), (33, 16)]","[(34, 16), (34, 15), (34, 14), (33, 14), (32, 14), (31, 14), (30, 14), (30, 13), (30, 12), (31, 12), (32, 12), (33, 12), (34, 12), (34, 11), (34, 10), (33, 10), (32, 10), (31, 10), (30, 10), (30, 9), (30, 8), (31, 8), (32, 8), (33, 8), (34, 8), (34, 7), (34, 6), (33, 6), (32, 6), (31, 6), (30, 6), (30, 5), (30, 4), (31, 4), (32, 4), (33, 4), (34, 4), (34, 3), (34, 2), (34, 1), (33, 1), (32, 1), (31, 1), (30, 1), (29, 1), (28, 1), (27, 1), (27, 2), (27, 3), (27, 4), (27, 5), (27, 6), (27, 7), (27, 8), (27, 9), (26, 9), (25, 9), (24, 9), (23, 9), (22, 9), (21, 9), (20, 9), (20, 10), (20, 11), (20, 12), (21, 12), (22, 12), (23, 12), (24, 12), (24, 11), (25, 11), (26, 11), (27, 11), (27, 12), (27, 13), (27, 14), (26, 14), (25, 14), (25, 15), (25, 16), (26, 16), (27, 16), (28, 16), (29, 16), (30, 16), (31, 16), (32, 16), (33, 16), (24, 16), (23, 16), (22, 16), (21, 16), (20, 16), (19, 16), (18, 16), (17, 16), (16, 16), (15, 16), (14, 16), (13, 16), (12, 16), (11, 16), (10, 16), (9, 16), (8, 16), (7, 16), (6, 16), (5, 16), (4, 16), (3, 16), (2, 16), (1, 16), (1, 15), (1, 14), (1, 13), (1, 12), (1, 11), (1, 10), (1, 9), (1, 8), (1, 7), (2, 7), (3, 7), (4, 7), (4, 8), (4, 9), (4, 10), (4, 11), (4, 12), (4, 13), (4, 14), (5, 14), (6, 14), (6, 13), (6, 12), (6, 11), (6, 10)]",129,0,129
139,"(6, 8)","(6, 9)",South,"[(7, 8) via East]","[(6, 8), (3, 10), (19, 12), (19, 11), (26, 2), (31, 3), (30, 3), (29, 6), (29, 10), (33, 16)]","[(7, 8), (3, 10), (19, 12), (19, 11), (26, 2), (31, 3), (30, 3), (29, 6), (29, 10), (33, 16)]","[(34, 16), (34, 15), (34, 14), (33, 14), (32, 14), (31, 14), (30, 14), (30, 13), (30, 12), (31, 12), (32, 12), (33, 12), (34, 12), (34, 11), (34, 10), (33, 10), (32, 10), (31, 10), (30, 10), (30, 9), (30, 8), (31, 8), (32, 8), (33, 8), (34, 8), (34, 7), (34, 6), (33, 6), (32, 6), (31, 6), (30, 6), (30, 5), (30, 4), (31, 4), (32, 4), (33, 4), (34, 4), (34, 3), (34, 2), (34, 1), (33, 1), (32, 1), (31, 1), (30, 1), (29, 1), (28, 1), (27, 1), (27, 2), (27, 3), (27, 4), (27, 5), (27, 6), (27, 7), (27, 8), (27, 9), (26, 9), (25, 9), (24, 9), (23, 9), (22, 9), (21, 9), (20, 9), (20, 10), (20, 11), (20, 12), (21, 12), (22, 12), (23, 12), (24, 12), (24, 11), (25, 11), (26, 11), (27, 11), (27, 12), (27, 13), (27, 14), (26, 14), (25, 14), (25, 15), (25, 16), (26, 16), (27, 16), (28, 16), (29, 16), (30, 16), (31, 16), (32, 16), (33, 16), (24, 16), (23, 16), (22, 16), (21, 16), (20, 16), (19, 16), (18, 16), (17, 16), (16, 16), (15, 16), (14, 16), (13, 16), (12, 16), (11, 16), (10, 16), (9, 16), (8, 16), (7, 16), (6, 16), (5, 16), (4, 16), (3, 16), (2, 16), (1, 16), (1, 15), (1, 14), (1, 13), (1, 12), (1, 11), (1, 10), (1, 9), (1, 8), (1, 7), (2, 7), (3, 7), (4, 7), (4, 8), (4, 9), (4, 10), (4, 11), (4, 12), (4, 13), (4, 14), (5, 14), (6, 14), (6, 13), (6, 12), (6, 11), (6, 10), (6, 9)]",130,0,130
140,"(7, 8)","(6, 8)",East,"[(8, 8) via East]","[(7, 8), (3, 10), (19, 12), (19, 11), (26, 2), (31, 3), (30, 3), (29, 6), (29, 10), (33, 16)]","[(8, 8), (3, 10), (19, 12), (19, 11), (26, 2), (31, 3), (30, 3), (29, 6), (29, 10), (33, 16)]","[(34, 16), (34, 15), (34, 14), (33, 14), (32, 14), (31, 14), (30, 14), (30, 13), (30, 12), (31, 12), (32, 12), (33, 12), (34, 12), (34, 11), (34, 10), (33, 10), (32, 10), (31, 10), (30, 10), (30, 9), (30, 8), (31, 8), (32, 8), (33, 8), (34, 8), (34, 7), (34, 6), (33, 6), (32, 6), (31, 6), (30, 6), (30, 5), (30, 4), (31, 4), (32, 4), (33, 4), (34, 4), (34, 3), (34, 2), (34, 1), (33, 1), (32, 1), (31, 1), (30, 1), (29, 1), (28, 1), (27, 1), (27, 2), (27, 3), (27, 4), (27, 5), (27, 6), (27, 7), (27, 8), (27, 9), (26, 9), (25, 9), (24, 9), (23, 9), (22, 9), (21, 9), (20, 9), (20, 10), (20, 11), (20, 12), (21, 12), (22, 12), (23, 12), (24, 12), (24, 11), (25, 11), (26, 11), (27, 11), (27, 12), (27, 13), (27, 14), (26, 14), (25, 14), (25, 15), (25, 16), (26, 16), (27, 16), (28, 16), (29, 16), (30, 16), (31, 16), (32, 16), (33, 16), (24, 16), (23, 16), (22, 16), (21, 16), (20, 16), (19, 16), (18, 16), (17, 16), (16, 16), (15, 16), (14, 16), (13, 16), (12, 16), (11, 16), (10, 16), (9, 16), (8, 16), (7, 16), (6, 16), (5, 16), (4, 16), (3, 16), (2, 16), (1, 16), (1, 15), (1, 14), (1, 13), (1, 12), (1, 11), (1, 10), (1, 9), (1, 8), (1, 7), (2, 7), (3, 7), (4, 7), (4, 8), (4, 9), (4, 10), (4, 11), (4, 12), (4, 13), (4, 14), (5, 14), (6, 14), (6, 13), (6, 12), (6, 11), (6, 10), (6, 9), (6, 8)]",131,0,131
141,"(8, 8)","(7, 8)",East,"[(8, 9) via North]","[(8, 8), (3, 10), (19, 12), (19, 11), (26, 2), (31, 3), (30, 3), (29, 6), (29, 10), (33, 16)]","[(8, 9), (3, 10), (19, 12), (19, 11), (26, 2), (31, 3), (30, 3), (29, 6), (29, 10), (33, 16)]","[(34, 16), (34, 15), (34, 14), (33, 14), (32, 14), (31, 14), (30, 14), (30, 13), (30, 12), (31, 12), (32, 12), (33, 12), (34, 12), (34, 11), (34, 10), (33, 10), (32, 10), (31, 10), (30, 10), (30, 9), (30, 8), (31, 8), (32, 8), (33, 8), (34, 8), (34, 7), (34, 6), (33, 6), (32, 6), (31, 6), (30, 6), (30, 5), (30, 4), (31, 4), (32, 4), (33, 4), (34, 4), (34, 3), (34, 2), (34, 1), (33, 1), (32, 1), (31, 1), (30, 1), (29, 1), (28, 1), (27, 1), (27, 2), (27, 3), (27, 4), (27, 5), (27, 6), (27, 7), (27, 8), (27, 9), (26, 9), (25, 9), (24, 9), (23, 9), (22, 9), (21, 9), (20, 9), (20, 10), (20, 11), (20, 12), (21, 12), (22, 12), (23, 12), (24, 12), (24, 11), (25, 11), (26, 11), (27, 11), (27, 12), (27, 13), (27, 14), (26, 14), (25, 14), (25, 15), (25, 16), (26, 16), (27, 16), (28, 16), (29, 16), (30, 16), (31, 16), (32, 16), (33, 16), (24, 16), (23, 16), (22, 16), (21, 16), (20, 16), (19, 16), (18, 16), (17, 16), (16, 16), (15, 16), (14, 16), (13, 16), (12, 16), (11, 16), (10, 16), (9, 16), (8, 16), (7, 16), (6, 16), (5, 16), (4, 16), (3, 16), (2, 16), (1, 16), (1, 15), (1, 14), (1, 13), (1, 12), (1, 11), (1, 10), (1, 9), (1, 8), (1, 7), (2, 7), (3, 7), (4, 7), (4, 8), (4, 9), (4, 10), (4, 11), (4, 12), (4, 13), (4, 14), (5, 14), (6, 14), (6, 13), (6, 12), (6, 11), (6, 10), (6, 9), (6, 8), (7, 8)]",132,0,132
142,"(8, 9)","(8, 8)",North,"[(8, 10) via North]","[(8, 9), (3, 10), (19, 12), (19, 11), (26, 2), (31, 3), (30, 3), (29, 6), (29, 10), (33, 16)]","[(8, 10), (3, 10), (19, 12), (19, 11), (26, 2), (31, 3), (30, 3), (29, 6), (29, 10), (33, 16)]","[(34, 16), (34, 15), (34, 14), (33, 14), (32, 14), (31, 14), (30, 14), (30, 13), (30, 12), (31, 12), (32, 12), (33, 12), (34, 12), (34, 11), (34, 10), (33, 10), (32, 10), (31, 10), (30, 10), (30, 9), (30, 8), (31, 8), (32, 8), (33, 8), (34, 8), (34, 7), (34, 6), (33, 6), (32, 6), (31, 6), (30, 6), (30, 5), (30, 4), (31, 4), (32, 4), (33, 4), (34, 4), (34, 3), (34, 2), (34, 1), (33, 1), (32, 1), (31, 1), (30, 1), (29, 1), (28, 1), (27, 1), (27, 2), (27, 3), (27, 4), (27, 5), (27, 6), (27, 7), (27, 8), (27, 9), (26, 9), (25, 9), (24, 9), (23, 9), (22, 9), (21, 9), (20, 9), (20, 10), (20, 11), (20, 12), (21, 12), (22, 12), (23, 12), (24, 12), (24, 11), (25, 11), (26, 11), (27, 11), (27, 12), (27, 13), (27, 14), (26, 14), (25, 14), (25, 15), (25, 16), (26, 16), (27, 16), (28, 16), (29, 16), (30, 16), (31, 16), (32, 16), (33, 16), (24, 16), (23, 16), (22, 16), (21, 16), (20, 16), (19, 16), (18, 16), (17, 16), (16, 16), (15, 16), (14, 16), (13, 16), (12, 16), (11, 16), (10, 16), (9, 16), (8, 16), (7, 16), (6, 16), (5, 16), (4, 16), (3, 16), (2, 16), (1, 16), (1, 15), (1, 14), (1, 13), (1, 12), (1, 11), (1, 10), (1, 9), (1, 8), (1, 7), (2, 7), (3, 7), (4, 7), (4, 8), (4, 9), (4, 10), (4, 11), (4, 12), (4, 13), (4, 14), (5, 14), (6, 14), (6, 13), (6, 12), (6, 11), (6, 10), (6, 9), (6, 8), (7, 8), (8, 8)]",133,0,133
143,"(8, 10)","(8, 9)",North,"[(8, 11) via North]","[(8, 10), (3, 10), (19, 12), (19, 11), (26, 2), (31, 3), (30, 3), (29, 6), (29, 10), (33, 16)]","[(8, 11), (3, 10), (19, 12), (19, 11), (26, 2), (31, 3), (30, 3), (29, 6), (29, 10), (33, 16)]","[(34, 16), (34, 15), (34, 14), (33, 14), (32, 14), (31, 14), (30, 14), (30, 13), (30, 12), (31, 12), (32, 12), (33, 12), (34, 12), (34, 11), (34, 10), (33, 10), (32, 10), (31, 10), (30, 10), (30, 9), (30, 8), (31, 8), (32, 8), (33, 8), (34, 8), (34, 7), (34, 6), (33, 6), (32, 6), (31, 6), (30, 6), (30, 5), (30, 4), (31, 4), (32, 4), (33, 4), (34, 4), (34, 3), (34, 2), (34, 1), (33, 1), (32, 1), (31, 1), (30, 1), (29, 1), (28, 1), (27, 1), (27, 2), (27, 3), (27, 4), (27, 5), (27, 6), (27, 7), (27, 8), (27, 9), (26, 9), (25, 9), (24, 9), (23, 9), (22, 9), (21, 9), (20, 9), (20, 10), (20, 11), (20, 12), (21, 12), (22, 12), (23, 12), (24, 12), (24, 11), (25, 11), (26, 11), (27, 11), (27, 12), (27, 13), (27, 14), (26, 14), (25, 14), (25, 15), (25, 16), (26, 16), (27, 16), (28, 16), (29, 16), (30, 16), (31, 16), (32, 16), (33, 16), (24, 16), (23, 16), (22, 16), (21, 16), (20, 16), (19, 16), (18, 16), (17, 16), (16, 16), (15, 16), (14, 16), (13, 16), (12, 16), (11, 16), (10, 16), (9, 16), (8, 16), (7, 16), (6, 16), (5, 16), (4, 16), (3, 16), (2, 16), (1, 16), (1, 15), (1, 14), (1, 13), (1, 12), (1, 11), (1, 10), (1, 9), (1, 8), (1, 7), (2, 7), (3, 7), (4, 7), (4, 8), (4, 9), (4, 10), (4, 11), (4, 12), (4, 13), (4, 14), (5, 14), (6, 14), (6, 13), (6, 12), (6, 11), (6, 10), (6, 9), (6, 8), (7, 8), (8, 8), (8, 9)]",134,0,134
144,"(8, 11)","(8, 10)",North,"[(8, 12) via North]","[(8, 11), (3, 10), (19, 12), (19, 11), (26, 2), (31, 3), (30, 3), (29, 6), (29, 10), (33, 16)]","[(8, 12), (3, 10), (19, 12), (19, 11), (26, 2), (31, 3), (30, 3), (29, 6), (29, 10), (33, 16)]","[(34, 16), (34, 15), (34, 14), (33, 14), (32, 14), (31, 14), (30, 14), (30, 13), (30, 12), (31, 12), (32, 12), (33, 12), (34, 12), (34, 11), (34, 10), (33, 10), (32, 10), (31, 10), (30, 10), (30, 9), (30, 8), (31, 8), (32, 8), (33, 8), (34, 8), (34, 7), (34, 6), (33, 6), (32, 6), (31, 6), (30, 6), (30, 5), (30, 4), (31, 4), (32, 4), (33, 4), (34, 4), (34, 3), (34, 2), (34, 1), (33, 1), (32, 1), (31, 1), (30, 1), (29, 1), (28, 1), (27, 1), (27, 2), (27, 3), (27, 4), (27, 5), (27, 6), (27, 7), (27, 8), (27, 9), (26, 9), (25, 9), (24, 9), (23, 9), (22, 9), (21, 9), (20, 9), (20, 10), (20, 11), (20, 12), (21, 12), (22, 12), (23, 12), (24, 12), (24, 11), (25, 11), (26, 11), (27, 11), (27, 12), (27, 13), (27, 14), (26, 14), (25, 14), (25, 15), (25, 16), (26, 16), (27, 16), (28, 16), (29, 16), (30, 16), (31, 16), (32, 16), (33, 16), (24, 16), (23, 16), (22, 16), (21, 16), (20, 16), (19, 16), (18, 16), (17, 16), (16, 16), (15, 16), (14, 16), (13, 16), (12, 16), (11, 16), (10, 16), (9, 16), (8, 16), (7, 16), (6, 16), (5, 16), (4, 16), (3, 16), (2, 16), (1, 16), (1, 15), (1, 14), (1, 13), (1, 12), (1, 11), (1, 10), (1, 9), (1, 8), (1, 7), (2, 7), (3, 7), (4, 7), (4, 8), (4, 9), (4, 10), (4, 11), (4, 12), (4, 13), (4, 14), (5, 14), (6, 14), (6, 13), (6, 12), (6, 11), (6, 10), (6, 9), (6, 8), (7, 8), (8, 8), (8, 9), (8, 10)]",135,0,135
145,"(8, 12)","(8, 11)",North,"[(8, 13) via North]","[(8, 12), (3, 10), (19, 12), (19, 11), (26, 2), (31, 3), (30, 3), (29, 6), (29, 10), (33, 16)]","[(8, 13), (3, 10), (19, 12), (19, 11), (26, 2), (31, 3), (30, 3), (29, 6), (29, 10), (33, 16)]","[(34, 16), (34, 15), (34, 14), (33, 14), (32, 14), (31, 14), (30, 14), (30, 13), (30, 12), (31, 12), (32, 12), (33, 12), (34, 12), (34, 11), (34, 10), (33, 10), (32, 10), (31, 10), (30, 10), (30, 9), (30, 8), (31, 8), (32, 8), (33, 8), (34, 8), (34, 7), (34, 6), (33, 6), (32, 6), (31, 6), (30, 6), (30, 5), (30, 4), (31, 4), (32, 4), (33, 4), (34, 4), (34, 3), (34, 2), (34, 1), (33, 1), (32, 1), (31, 1), (30, 1), (29, 1), (28, 1), (27, 1), (27, 2), (27, 3), (27, 4), (27, 5), (27, 6), (27, 7), (27, 8), (27, 9), (26, 9), (25, 9), (24, 9), (23, 9), (22, 9), (21, 9), (20, 9), (20, 10), (20, 11), (20, 12), (21, 12), (22, 12), (23, 12), (24, 12), (24, 11), (25, 11), (26, 11), (27, 11), (27, 12), (27, 13), (27, 14), (26, 14), (25, 14), (25, 15), (25, 16), (26, 16), (27, 16), (28, 16), (29, 16), (30, 16), (31, 16), (32, 16), (33, 16), (24, 16), (23, 16), (22, 16), (21, 16), (20, 16), (19, 16), (18, 16), (17, 16), (16, 16), (15, 16), (14, 16), (13, 16), (12, 16), (11, 16), (10, 16), (9, 16), (8, 16), (7, 16), (6, 16), (5, 16), (4, 16), (3, 16), (2, 16), (1, 16), (1, 15), (1, 14), (1, 13), (1, 12), (1, 11), (1, 10), (1, 9), (1, 8), (1, 7), (2, 7), (3, 7), (4, 7), (4, 8), (4, 9), (4, 10), (4, 11), (4, 12), (4, 13), (4, 14), (5, 14), (6, 14), (6, 13), (6, 12), (6, 11), (6, 10), (6, 9), (6, 8), (7, 8), (8, 8), (8, 9), (8, 10), (8, 11)]",136,0,136
146,"(8, 13)","(8, 12)",North,"[(8, 14) via North]","[(8, 13), (3, 10), (19, 12), (19, 11), (26, 2), (31, 3), (30, 3), (29, 6), (29, 10), (33, 16)]","[(8, 14), (3, 10), (19, 12), (19, 11), (26, 2), (31, 3), (30, 3), (29, 6), (29, 10), (33, 16)]","[(34, 16), (34, 15), (34, 14), (33, 14), (32, 14), (31, 14), (30, 14), (30, 13), (30, 12), (31, 12), (32, 12), (33, 12), (34, 12), (34, 11), (34, 10), (33, 10), (32, 10), (31, 10), (30, 10), (30, 9), (30, 8), (31, 8), (32, 8), (33, 8), (34, 8), (34, 7), (34, 6), (33, 6), (32, 6), (31, 6), (30, 6), (30, 5), (30, 4), (31, 4), (32, 4), (33, 4), (34, 4), (34, 3), (34, 2), (34, 1), (33, 1), (32, 1), (31, 1), (30, 1), (29, 1), (28, 1), (27, 1), (27, 2), (27, 3), (27, 4), (27, 5), (27, 6), (27, 7), (27, 8), (27, 9), (26, 9), (25, 9), (24, 9), (23, 9), (22, 9), (21, 9), (20, 9), (20, 10), (20, 11), (20, 12), (21, 12), (22, 12), (23, 12), (24, 12), (24, 11), (25, 11), (26, 11), (27, 11), (27, 12), (27, 13), (27, 14), (26, 14), (25, 14), (25, 15), (25, 16), (26, 16), (27, 16), (28, 16), (29, 16), (30, 16), (31, 16), (32, 16), (33, 16), (24, 16), (23, 16), (22, 16), (21, 16), (20, 16), (19, 16), (18, 16), (17, 16), (16, 16), (15, 16), (14, 16), (13, 16), (12, 16), (11, 16), (10, 16), (9, 16), (8, 16), (7, 16), (6, 16), (5, 16), (4, 16), (3, 16), (2, 16), (1, 16), (1, 15), (1, 14), (1, 13), (1, 12), (1, 11), (1, 10), (1, 9), (1, 8), (1, 7), (2, 7), (3, 7), (4, 7), (4, 8), (4, 9), (4, 10), (4, 11), (4, 12), (4, 13), (4, 14), (5, 14), (6, 14), (6, 13), (6, 12), (6, 11), (6, 10), (6, 9), (6, 8), (7, 8), (8, 8), (8, 9), (8, 10), (8, 11), (8, 12)]",137,0,137
147,"(8, 14)","(8, 13)",North,"[(9, 14) via East]","[(8, 14), (3, 10), (19, 12), (19, 11), (26, 2), (31, 3), (30, 3), (29, 6), (29, 10), (33, 16)]","[(9, 14), (3, 10), (19, 12), (19, 11), (26, 2), (31, 3), (30, 3), (29, 6), (29, 10), (33, 16)]","[(34, 16), (34, 15), (34, 14), (33, 14), (32, 14), (31, 14), (30, 14), (30, 13), (30, 12), (31, 12), (32, 12), (33, 12), (34, 12), (34, 11), (34, 10), (33, 10), (32, 10), (31, 10), (30, 10), (30, 9), (30, 8), (31, 8), (32, 8), (33, 8), (34, 8), (34, 7), (34, 6), (33, 6), (32, 6), (31, 6), (30, 6), (30, 5), (30, 4), (31, 4), (32, 4), (33, 4), (34, 4), (34, 3), (34, 2), (34, 1), (33, 1), (32, 1), (31, 1), (30, 1), (29, 1), (28, 1), (27, 1), (27, 2), (27, 3), (27, 4), (27, 5), (27, 6), (27, 7), (27, 8), (27, 9), (26, 9), (25, 9), (24, 9), (23, 9), (22, 9), (21, 9), (20, 9), (20, 10), (20, 11), (20, 12), (21, 12), (22, 12), (23, 12), (24, 12), (24, 11), (25, 11), (26, 11), (27, 11), (27, 12), (27, 13), (27, 14), (26, 14), (25, 14), (25, 15), (25, 16), (26, 16), (27, 16), (28, 16), (29, 16), (30, 16), (31, 16), (32, 16), (33, 16), (24, 16), (23, 16), (22, 16), (21, 16), (20, 16), (19, 16), (18, 16), (17, 16), (16, 16), (15, 16), (14, 16), (13, 16), (12, 16), (11, 16), (10, 16), (9, 16), (8, 16), (7, 16), (6, 16), (5, 16), (4, 16), (3, 16), (2, 16), (1, 16), (1, 15), (1, 14), (1, 13), (1, 12), (1, 11), (1, 10), (1, 9), (1, 8), (1, 7), (2, 7), (3, 7), (4, 7), (4, 8), (4, 9), (4, 10), (4, 11), (4, 12), (4, 13), (4, 14), (5, 14), (6, 14), (6, 13), (6, 12), (6, 11), (6, 10), (6, 9), (6, 8), (7, 8), (8, 8), (8, 9), (8, 10), (8, 11), (8, 12), (8, 13)]",138,0,138
148,"(9, 14)","(8, 14)",East,"[(10, 14) via East]","[(9, 14), (3, 10), (19, 12), (19, 11), (26, 2), (31, 3), (30, 3), (29, 6), (29, 10), (33, 16)]","[(10, 14), (3, 10), (19, 12), (19, 11), (26, 2), (31, 3), (30, 3), (29, 6), (29, 10), (33, 16)]","[(34, 16), (34, 15), (34, 14), (33, 14), (32, 14), (31, 14), (30, 14), (30, 13), (30, 12), (31, 12), (32, 12), (33, 12), (34, 12), (34, 11), (34, 10), (33, 10), (32, 10), (31, 10), (30, 10), (30, 9), (30, 8), (31, 8), (32, 8), (33, 8), (34, 8), (34, 7), (34, 6), (33, 6), (32, 6), (31, 6), (30, 6), (30, 5), (30, 4), (31, 4), (32, 4), (33, 4), (34, 4), (34, 3), (34, 2), (34, 1), (33, 1), (32, 1), (31, 1), (30, 1), (29, 1), (28, 1), (27, 1), (27, 2), (27, 3), (27, 4), (27, 5), (27, 6), (27, 7), (27, 8), (27, 9), (26, 9), (25, 9), (24, 9), (23, 9), (22, 9), (21, 9), (20, 9), (20, 10), (20, 11), (20, 12), (21, 12), (22, 12), (23, 12), (24, 12), (24, 11), (25, 11), (26, 11), (27, 11), (27, 12), (27, 13), (27, 14), (26, 14), (25, 14), (25, 15), (25, 16), (26, 16), (27, 16), (28, 16), (29, 16), (30, 16), (31, 16), (32, 16), (33, 16), (24, 16), (23, 16), (22, 16), (21, 16), (20, 16), (19, 16), (18, 16), (17, 16), (16, 16), (15, 16), (14, 16), (13, 16), (12, 16), (11, 16), (10, 16), (9, 16), (8, 16), (7, 16), (6, 16), (5, 16), (4, 16), (3, 16), (2, 16), (1, 16), (1, 15), (1, 14), (1, 13), (1, 12), (1, 11), (1, 10), (1, 9), (1, 8), (1, 7), (2, 7), (3, 7), (4, 7), (4, 8), (4, 9), (4, 10), (4, 11), (4, 12), (4, 13), (4, 14), (5, 14), (6, 14), (6, 13), (6, 12), (6, 11), (6, 10), (6, 9), (6, 8), (7, 8), (8, 8), (8, 9), (8, 10), (8, 11), (8, 12), (8, 13), (8, 14)]",139,0,139
149,"(10, 14)","(9, 14)",East,"[(10, 13) via South]","[(10, 14), (3, 10), (19, 12), (19, 11), (26, 2), (31, 3), (30, 3), (29, 6), (29, 10), (33, 16)]","[(10, 13), (3, 10), (19, 12), (19, 11), (26, 2), (31, 3), (30, 3), (29, 6), (29, 10), (33, 16)]","[(34, 16), (34, 15), (34, 14), (33, 14), (32, 14), (31, 14), (30, 14), (30, 13), (30, 12), (31, 12), (32, 12), (33, 12), (34, 12), (34, 11), (34, 10), (33, 10), (32, 10), (31, 10), (30, 10), (30, 9), (30, 8), (31, 8), (32, 8), (33, 8), (34, 8), (34, 7), (34, 6), (33, 6), (32, 6), (31, 6), (30, 6), (30, 5), (30, 4), (31, 4), (32, 4), (33, 4), (34, 4), (34, 3), (34, 2), (34, 1), (33, 1), (32, 1), (31, 1), (30, 1), (29, 1), (28, 1), (27, 1), (27, 2), (27, 3), (27, 4), (27, 5), (27, 6), (27, 7), (27, 8), (27, 9), (26, 9), (25, 9), (24, 9), (23, 9), (22, 9), (21, 9), (20, 9), (20, 10), (20, 11), (20, 12), (21, 12), (22, 12), (23, 12), (24, 12), (24, 11), (25, 11), (26, 11), (27, 11), (27, 12), (27, 13), (27, 14), (26, 14), (25, 14), (25, 15), (25, 16), (26, 16), (27, 16), (28, 16), (29, 16), (30, 16), (31, 16), (32, 16), (33, 16), (24, 16), (23, 16), (22, 16), (21, 16), (20, 16), (19, 16), (18, 16), (17, 16), (16, 16), (15, 16), (14, 16), (13, 16), (12, 16), (11, 16), (10, 16), (9, 16), (8, 16), (7, 16), (6, 16), (5, 16), (4, 16), (3, 16), (2, 16), (1, 16), (1, 15), (1, 14), (1, 13), (1, 12), (1, 11), (1, 10), (1, 9), (1, 8), (1, 7), (2, 7), (3, 7), (4, 7), (4, 8), (4, 9), (4, 10), (4, 11), (4, 12), (4, 13), (4, 14), (5, 14), (6, 14), (6, 13), (6, 12), (6, 11), (6, 10), (6, 9), (6, 8), (7, 8), (8, 8), (8, 9), (8, 10), (8, 11), (8, 12), (8, 13), (8, 14), (9, 14)]",140,0,140
150,"(10, 13)","(10, 14)",South,"[(10, 12) via South]","[(10, 13), (3, 10), (19, 12), (19, 11), (26, 2), (31, 3), (30, 3), (29, 6), (29, 10), (33, 16)]","[(10, 12), (3, 10), (19, 12), (19, 11), (26, 2), (31, 3), (30, 3), (29, 6), (29, 10), (33, 16)]","[(34, 16), (34, 15), (34, 14), (33, 14), (32, 14), (31, 14), (30, 14), (30, 13), (30, 12), (31, 12), (32, 12), (33, 12), (34, 12), (34, 11), (34, 10), (33, 10), (32, 10), (31, 10), (30, 10), (30, 9), (30, 8), (31, 8), (32, 8), (33, 8), (34, 8), (34, 7), (34, 6), (33, 6), (32, 6), (31, 6), (30, 6), (30, 5), (30, 4), (31, 4), (32, 4), (33, 4), (34, 4), (34, 3), (34, 2), (34, 1), (33, 1), (32, 1), (31, 1), (30, 1), (29, 1), (28, 1), (27, 1), (27, 2), (27, 3), (27, 4), (27, 5), (27, 6), (27, 7), (27, 8), (27, 9), (26, 9), (25, 9), (24, 9), (23, 9), (22, 9), (21, 9), (20, 9), (20, 10), (20, 11), (20, 12), (21, 12), (22, 12), (23, 12), (24, 12), (24, 11), (25, 11), (26, 11), (27, 11), (27, 12), (27, 13), (27, 14), (26, 14), (25, 14), (25, 15), (25, 16), (26, 16), (27, 16), (28, 16), (29, 16), (30, 16), (31, 16), (32, 16), (33, 16), (24, 16), (23, 16), (22, 16), (21, 16), (20, 16), (19, 16), (18, 16), (17, 16), (16, 16), (15, 16), (14, 16), (13, 16), (12, 16), (11, 16), (10, 16), (9, 16), (8, 16), (7, 16), (6, 16), (5, 16), (4, 16), (3, 16), (2, 16), (1, 16), (1, 15), (1, 14), (1, 13), (1, 12), (1, 11), (1, 10), (1, 9), (1, 8), (1, 7), (2, 7), (3, 7), (4, 7), (4, 8), (4, 9), (4, 10), (4, 11), (4, 12), (4, 13), (4, 14), (5, 14), (6, 14), (6, 13), (6, 12), (6, 11), (6, 10), (6, 9), (6, 8), (7, 8), (8, 8), (8, 9), (8, 10), (8, 11), (8, 12), (8, 13), (8, 14), (9, 14), (10, 14)]",141,0,141
151,"(10, 12)","(10, 13)",South,"[(10, 11) via South]","[(10, 12), (3, 10), (19, 12), (19, 11), (26, 2), (31, 3), (30, 3), (29, 6), (29, 10), (33, 16)]","[(10, 11), (3, 10), (19, 12), (19, 11), (26, 2), (31, 3), (30, 3), (29, 6), (29, 10), (33, 16)]","[(34, 16), (34, 15), (34, 14), (33, 14), (32, 14), (31, 14), (30, 14), (30, 13), (30, 12), (31, 12), (32, 12), (33, 12), (34, 12), (34, 11), (34, 10), (33, 10), (32, 10), (31, 10), (30, 10), (30, 9), (30, 8), (31, 8), (32, 8), (33, 8), (34, 8), (34, 7), (34, 6), (33, 6), (32, 6), (31, 6), (30, 6), (30, 5), (30, 4), (31, 4), (32, 4), (33, 4), (34, 4), (34, 3), (34, 2), (34, 1), (33, 1), (32, 1), (31, 1), (30, 1), (29, 1), (28, 1), (27, 1), (27, 2), (27, 3), (27, 4), (27, 5), (27, 6), (27, 7), (27, 8), (27, 9), (26, 9), (25, 9), (24, 9), (23, 9), (22, 9), (21, 9), (20, 9), (20, 10), (20, 11), (20, 12), (21, 12), (22, 12), (23, 12), (24, 12), (24, 11), (25, 11), (26, 11), (27, 11), (27, 12), (27, 13), (27, 14), (26, 14), (25, 14), (25, 15), (25, 16), (26, 16), (27, 16), (28, 16), (29, 16), (30, 16), (31, 16), (32, 16), (33, 16), (24, 16), (23, 16), (22, 16), (21, 16), (20, 16), (19, 16), (18, 16), (17, 16), (16, 16), (15, 16), (14, 16), (13, 16), (12, 16), (11, 16), (10, 16), (9, 16), (8, 16), (7, 16), (6, 16), (5, 16), (4, 16), (3, 16), (2, 16), (1, 16), (1, 15), (1, 14), (1, 13), (1, 12), (1, 11), (1, 10), (1, 9), (1, 8), (1, 7), (2, 7), (3, 7), (4, 7), (4, 8), (4, 9), (4, 10), (4, 11), (4, 12), (4, 13), (4, 14), (5, 14), (6, 14), (6, 13), (6, 12), (6, 11), (6, 10), (6, 9), (6, 8), (7, 8), (8, 8), (8, 9), (8, 10), (8, 11), (8, 12), (8, 13), (8, 14), (9, 14), (10, 14), (10, 13)]",142,0,142
152,"(10, 11)","(10, 12)",South,"[(10, 10) via South]","[(10, 11), (3, 10), (19, 12), (19, 11), (26, 2), (31, 3), (30, 3), (29, 6), (29, 10), (33, 16)]","[(10, 10), (3, 10), (19, 12), (19, 11), (26, 2), (31, 3), (30, 3), (29, 6), (29, 10), (33, 16)]","[(34, 16), (34, 15), (34, 14), (33, 14), (32, 14), (31, 14), (30, 14), (30, 13), (30, 12), (31, 12), (32, 12), (33, 12), (34, 12), (34, 11), (34, 10), (33, 10), (32, 10), (31, 10), (30, 10), (30, 9), (30, 8), (31, 8), (32, 8), (33, 8), (34, 8), (34, 7), (34, 6), (33, 6), (32, 6), (31, 6), (30, 6), (30, 5), (30, 4), (31, 4), (32, 4), (33, 4), (34, 4), (34, 3), (34, 2), (34, 1), (33, 1), (32, 1), (31, 1), (30, 1), (29, 1), (28, 1), (27, 1), (27, 2), (27, 3), (27, 4), (27, 5), (27, 6), (27, 7), (27, 8), (27, 9), (26, 9), (25, 9), (24, 9), (23, 9), (22, 9), (21, 9), (20, 9), (20, 10), (20, 11), (20, 12), (21, 12), (22, 12), (23, 12), (24, 12), (24, 11), (25, 11), (26, 11), (27, 11), (27, 12), (27, 13), (27, 14), (26, 14), (25, 14), (25, 15), (25, 16), (26, 16), (27, 16), (28, 16), (29, 16), (30, 16), (31, 16), (32, 16), (33, 16), (24, 16), (23, 16), (22, 16), (21, 16), (20, 16), (19, 16), (18, 16), (17, 16), (16, 16), (15, 16), (14, 16), (13, 16), (12, 16), (11, 16), (10, 16), (9, 16), (8, 16), (7, 16), (6, 16), (5, 16), (4, 16), (3, 16), (2, 16), (1, 16), (1, 15), (1, 14), (1, 13), (1, 12), (1, 11), (1, 10), (1, 9), (1, 8), (1, 7), (2, 7), (3, 7), (4, 7), (4, 8), (4, 9), (4, 10), (4, 11), (4, 12), (4, 13), (4, 14), (5, 14), (6, 14), (6, 13), (6, 12), (6, 11), (6, 10), (6, 9), (6, 8), (7, 8), (8, 8), (8, 9), (8, 10), (8, 11), (8, 12), (8, 13), (8, 14), (9, 14), (10, 14), (10, 13), (10, 12)]",143,0,143
153,"(10, 10)","(10, 11)",South,"[(11, 10) via East]","[(10, 10), (3, 10), (19, 12), (19, 11), (26, 2), (31, 3), (30, 3), (29, 6), (29, 10), (33, 16)]","[(11, 10), (3, 10), (19, 12), (19, 11), (26, 2), (31, 3), (30, 3), (29, 6), (29, 10), (33, 16)]","[(34, 16), (34, 15), (34, 14), (33, 14), (32, 14), (31, 14), (30, 14), (30, 13), (30, 12), (31, 12), (32, 12), (33, 12), (34, 12), (34, 11), (34, 10), (33, 10), (32, 10), (31, 10), (30, 10), (30, 9), (30, 8), (31, 8), (32, 8), (33, 8), (34, 8), (34, 7), (34, 6), (33, 6), (32, 6), (31, 6), (30, 6), (30, 5), (30, 4), (31, 4), (32, 4), (33, 4), (34, 4), (34, 3), (34, 2), (34, 1), (33, 1), (32, 1), (31, 1), (30, 1), (29, 1), (28, 1), (27, 1), (27, 2), (27, 3), (27, 4), (27, 5), (27, 6), (27, 7), (27, 8), (27, 9), (26, 9), (25, 9), (24, 9), (23, 9), (22, 9), (21, 9), (20, 9), (20, 10), (20, 11), (20, 12), (21, 12), (22, 12), (23, 12), (24, 12), (24, 11), (25, 11), (26, 11), (27, 11), (27, 12), (27, 13), (27, 14), (26, 14), (25, 14), (25, 15), (25, 16), (26, 16), (27, 16), (28, 16), (29, 16), (30, 16), (31, 16), (32, 16), (33, 16), (24, 16), (23, 16), (22, 16), (21, 16), (20, 16), (19, 16), (18, 16), (17, 16), (16, 16), (15, 16), (14, 16), (13, 16), (12, 16), (11, 16), (10, 16), (9, 16), (8, 16), (7, 16), (6, 16), (5, 16), (4, 16), (3, 16), (2, 16), (1, 16), (1, 15), (1, 14), (1, 13), (1, 12), (1, 11), (1, 10), (1, 9), (1, 8), (1, 7), (2, 7), (3, 7), (4, 7), (4, 8), (4, 9), (4, 10), (4, 11), (4, 12), (4, 13), (4, 14), (5, 14), (6, 14), (6, 13), (6, 12), (6, 11), (6, 10), (6, 9), (6, 8), (7, 8), (8, 8), (8, 9), (8, 10), (8, 11), (8, 12), (8, 13), (8, 14), (9, 14), (10, 14), (10, 13), (10, 12), (10, 11)]",144,0,144
154,"(11, 10)","(10, 10)",East,"[(12, 10) via East]","[(11, 10), (3, 10), (19, 12), (19, 11), (26, 2), (31, 3), (30, 3), (29, 6), (29, 10), (33, 16)]","[(12, 10), (3, 10), (19, 12), (19, 11), (26, 2), (31, 3), (30, 3), (29, 6), (29, 10), (33, 16)]","[(34, 16), (34, 15), (34, 14), (33, 14), (32, 14), (31, 14), (30, 14), (30, 13), (30, 12), (31, 12), (32, 12), (33, 12), (34, 12), (34, 11), (34, 10), (33, 10), (32, 10), (31, 10), (30, 10), (30, 9), (30, 8), (31, 8), (32, 8), (33, 8), (34, 8), (34, 7), (34, 6), (33, 6), (32, 6), (31, 6), (30, 6), (30, 5), (30, 4), (31, 4), (32, 4), (33, 4), (34, 4), (34, 3), (34, 2), (34, 1), (33, 1), (32, 1), (31, 1), (30, 1), (29, 1), (28, 1), (27, 1), (27, 2), (27, 3), (27, 4), (27, 5), (27, 6), (27, 7), (27, 8), (27, 9), (26, 9), (25, 9), (24, 9), (23, 9), (22, 9), (21, 9), (20, 9), (20, 10), (20, 11), (20, 12), (21, 12), (22, 12), (23, 12), (24, 12), (24, 11), (25, 11), (26, 11), (27, 11), (27, 12), (27, 13), (27, 14), (26, 14), (25, 14), (25, 15), (25, 16), (26, 16), (27, 16), (28, 16), (29, 16), (30, 16), (31, 16), (32, 16), (33, 16), (24, 16), (23, 16), (22, 16), (21, 16), (20, 16), (19, 16), (18, 16), (17, 16), (16, 16), (15, 16), (14, 16), (13, 16), (12, 16), (11, 16), (10, 16), (9, 16), (8, 16), (7, 16), (6, 16), (5, 16), (4, 16), (3, 16), (2, 16), (1, 16), (1, 15), (1, 14), (1, 13), (1, 12), (1, 11), (1, 10), (1, 9), (1, 8), (1, 7), (2, 7), (3, 7), (4, 7), (4, 8), (4, 9), (4, 10), (4, 11), (4, 12), (4, 13), (4, 14), (5, 14), (6, 14), (6, 13), (6, 12), (6, 11), (6, 10), (6, 9), (6, 8), (7, 8), (8, 8), (8, 9), (8, 10), (8, 11), (8, 12), (8, 13), (8, 14), (9, 14), (10, 14), (10, 13), (10, 12), (10, 11), (10, 10)]",145,0,145
155,"(12, 10)","(11, 10)",East,"[(12, 11) via North]","[(12, 10), (3, 10), (19, 12), (19, 11), (26, 2), (31, 3), (30, 3), (29, 6), (29, 10), (33, 16)]","[(12, 11), (3, 10), (19, 12), (19, 11), (26, 2), (31, 3), (30, 3), (29, 6), (29, 10), (33, 16)]","[(34, 16), (34, 15), (34, 14), (33, 14), (32, 14), (31, 14), (30, 14), (30, 13), (30, 12), (31, 12), (32, 12), (33, 12), (34, 12), (34, 11), (34, 10), (33, 10), (32, 10), (31, 10), (30, 10), (30, 9), (30, 8), (31, 8), (32, 8), (33, 8), (34, 8), (34, 7), (34, 6), (33, 6), (32, 6), (31, 6), (30, 6), (30, 5), (30, 4), (31, 4), (32, 4), (33, 4), (34, 4), (34, 3), (34, 2), (34, 1), (33, 1), (32, 1), (31, 1), (30, 1), (29, 1), (28, 1), (27, 1), (27, 2), (27, 3), (27, 4), (27, 5), (27, 6), (27, 7), (27, 8), (27, 9), (26, 9), (25, 9), (24, 9), (23, 9), (22, 9), (21, 9), (20, 9), (20, 10), (20, 11), (20, 12), (21, 12), (22, 12), (23, 12), (24, 12), (24, 11), (25, 11), (26, 11), (27, 11), (27, 12), (27, 13), (27, 14), (26, 14), (25, 14), (25, 15), (25, 16), (26, 16), (27, 16), (28, 16), (29, 16), (30, 16), (31, 16), (32, 16), (33, 16), (24, 16), (23, 16), (22, 16), (21, 16), (20, 16), (19, 16), (18, 16), (17, 16), (16, 16), (15, 16), (14, 16), (13, 16), (12, 16), (11, 16), (10, 16), (9, 16), (8, 16), (7, 16), (6, 16), (5, 16), (4, 16), (3, 16), (2, 16), (1, 16), (1, 15), (1, 14), (1, 13), (1, 12), (1, 11), (1, 10), (1, 9), (1, 8), (1, 7), (2, 7), (3, 7), (4, 7), (4, 8), (4, 9), (4, 10), (4, 11), (4, 12), (4, 13), (4, 14), (5, 14), (6, 14), (6, 13), (6, 12), (6, 11), (6, 10), (6, 9), (6, 8), (7, 8), (8, 8), (8, 9), (8, 10), (8, 11), (8, 12), (8, 13), (8, 14), (9, 14), (10, 14), (10, 13), (10, 12), (10, 11), (10, 10), (11, 10)]",146,0,146
156,"(12, 11)","(12, 10)",North,"[(12, 12) via North]","[(12, 11), (3, 10), (19, 12), (19, 11), (26, 2), (31, 3), (30, 3), (29, 6), (29, 10), (33, 16)]","[(12, 12), (3, 10), (19, 12), (19, 11), (26, 2), (31, 3), (30, 3), (29, 6), (29, 10), (33, 16)]","[(34, 16), (34, 15), (34, 14), (33, 14), (32, 14), (31, 14), (30, 14), (30, 13), (30, 12), (31, 12), (32, 12), (33, 12), (34, 12), (34, 11), (34, 10), (33, 10), (32, 10), (31, 10), (30, 10), (30, 9), (30, 8), (31, 8), (32, 8), (33, 8), (34, 8), (34, 7), (34, 6), (33, 6), (32, 6), (31, 6), (30, 6), (30, 5), (30, 4), (31, 4), (32, 4), (33, 4), (34, 4), (34, 3), (34, 2), (34, 1), (33, 1), (32, 1), (31, 1), (30, 1), (29, 1), (28, 1), (27, 1), (27, 2), (27, 3), (27, 4), (27, 5), (27, 6), (27, 7), (27, 8), (27, 9), (26, 9), (25, 9), (24, 9), (23, 9), (22, 9), (21, 9), (20, 9), (20, 10), (20, 11), (20, 12), (21, 12), (22, 12), (23, 12), (24, 12), (24, 11), (25, 11), (26, 11), (27, 11), (27, 12), (27, 13), (27, 14), (26, 14), (25, 14), (25, 15), (25, 16), (26, 16), (27, 16), (28, 16), (29, 16), (30, 16), (31, 16), (32, 16), (33, 16), (24, 16), (23, 16), (22, 16), (21, 16), (20, 16), (19, 16), (18, 16), (17, 16), (16, 16), (15, 16), (14, 16), (13, 16), (12, 16), (11, 16), (10, 16), (9, 16), (8, 16), (7, 16), (6, 16), (5, 16), (4, 16), (3, 16), (2, 16), (1, 16), (1, 15), (1, 14), (1, 13), (1, 12), (1, 11), (1, 10), (1, 9), (1, 8), (1, 7), (2, 7), (3, 7), (4, 7), (4, 8), (4, 9), (4, 10), (4, 11), (4, 12), (4, 13), (4, 14), (5, 14), (6, 14), (6, 13), (6, 12), (6, 11), (6, 10), (6, 9), (6, 8), (7, 8), (8, 8), (8, 9), (8, 10), (8, 11), (8, 12), (8, 13), (8, 14), (9, 14), (10, 14), (10, 13), (10, 12), (10, 11), (10, 10), (11, 10), (12, 10)]",147,0,147
157,"(12, 12)","(12, 11)",North,"[(13, 12) via East, (12, 13) via North]","[(12, 12), (3, 10), (19, 12), (19, 11), (26, 2), (31, 3), (30, 3), (29, 6), (29, 10), (33, 16)]","[(12, 13), (13, 12), (3, 10), (19, 12), (19, 11), (26, 2), (31, 3), (30, 3), (29, 6), (29, 10), (33, 16)]","[(34, 16), (34, 15), (34, 14), (33, 14), (32, 14), (31, 14), (30, 14), (30, 13), (30, 12), (31, 12), (32, 12), (33, 12), (34, 12), (34, 11), (34, 10), (33, 10), (32, 10), (31, 10), (30, 10), (30, 9), (30, 8), (31, 8), (32, 8), (33, 8), (34, 8), (34, 7), (34, 6), (33, 6), (32, 6), (31, 6), (30, 6), (30, 5), (30, 4), (31, 4), (32, 4), (33, 4), (34, 4), (34, 3), (34, 2), (34, 1), (33, 1), (32, 1), (31, 1), (30, 1), (29, 1), (28, 1), (27, 1), (27, 2), (27, 3), (27, 4), (27, 5), (27, 6), (27, 7), (27, 8), (27, 9), (26, 9), (25, 9), (24, 9), (23, 9), (22, 9), (21, 9), (20, 9), (20, 10), (20, 11), (20, 12), (21, 12), (22, 12), (23, 12), (24, 12), (24, 11), (25, 11), (26, 11), (27, 11), (27, 12), (27, 13), (27, 14), (26, 14), (25, 14), (25, 15), (25, 16), (26, 16), (27, 16), (28, 16), (29, 16), (30, 16), (31, 16), (32, 16), (33, 16), (24, 16), (23, 16), (22, 16), (21, 16), (20, 16), (19, 16), (18, 16), (17, 16), (16, 16), (15, 16), (14, 16), (13, 16), (12, 16), (11, 16), (10, 16), (9, 16), (8, 16), (7, 16), (6, 16), (5, 16), (4, 16), (3, 16), (2, 16), (1, 16), (1, 15), (1, 14), (1, 13), (1, 12), (1, 11), (1, 10), (1, 9), (1, 8), (1, 7), (2, 7), (3, 7), (4, 7), (4, 8), (4, 9), (4, 10), (4, 11), (4, 12), (4, 13), (4, 14), (5, 14), (6, 14), (6, 13), (6, 12), (6, 11), (6, 10), (6, 9), (6, 8), (7, 8), (8, 8), (8, 9), (8, 10), (8, 11), (8, 12), (8, 13), (8, 14), (9, 14), (10, 14), (10, 13), (10, 12), (10, 11), (10, 10), (11, 10), (12, 10), (12, 11)]",148,0,148
158,"(12, 13)","(12, 12)",North,"[(12, 14) via North]","[(12, 13), (13, 12), (3, 10), (19, 12), (19, 11), (26, 2), (31, 3), (30, 3), (29, 6), (29, 10), (33, 16)]","[(12, 14), (13, 12), (3, 10), (19, 12), (19, 11), (26, 2), (31, 3), (30, 3), (29, 6), (29, 10), (33, 16)]","[(34, 16), (34, 15), (34, 14), (33, 14), (32, 14), (31, 14), (30, 14), (30, 13), (30, 12), (31, 12), (32, 12), (33, 12), (34, 12), (34, 11), (34, 10), (33, 10), (32, 10), (31, 10), (30, 10), (30, 9), (30, 8), (31, 8), (32, 8), (33, 8), (34, 8), (34, 7), (34, 6), (33, 6), (32, 6), (31, 6), (30, 6), (30, 5), (30, 4), (31, 4), (32, 4), (33, 4), (34, 4), (34, 3), (34, 2), (34, 1), (33, 1), (32, 1), (31, 1), (30, 1), (29, 1), (28, 1), (27, 1), (27, 2), (27, 3), (27, 4), (27, 5), (27, 6), (27, 7), (27, 8), (27, 9), (26, 9), (25, 9), (24, 9), (23, 9), (22, 9), (21, 9), (20, 9), (20, 10), (20, 11), (20, 12), (21, 12), (22, 12), (23, 12), (24, 12), (24, 11), (25, 11), (26, 11), (27, 11), (27, 12), (27, 13), (27, 14), (26, 14), (25, 14), (25, 15), (25, 16), (26, 16), (27, 16), (28, 16), (29, 16), (30, 16), (31, 16), (32, 16), (33, 16), (24, 16), (23, 16), (22, 16), (21, 16), (20, 16), (19, 16), (18, 16), (17, 16), (16, 16), (15, 16), (14, 16), (13, 16), (12, 16), (11, 16), (10, 16), (9, 16), (8, 16), (7, 16), (6, 16), (5, 16), (4, 16), (3, 16), (2, 16), (1, 16), (1, 15), (1, 14), (1, 13), (1, 12), (1, 11), (1, 10), (1, 9), (1, 8), (1, 7), (2, 7), (3, 7), (4, 7), (4, 8), (4, 9), (4, 10), (4, 11), (4, 12), (4, 13), (4, 14), (5, 14), (6, 14), (6, 13), (6, 12), (6, 11), (6, 10), (6, 9), (6, 8), (7, 8), (8, 8), (8, 9), (8, 10), (8, 11), (8, 12), (8, 13), (8, 14), (9, 14), (10, 14), (10, 13), (10, 12), (10, 11), (10, 10), (11, 10), (12, 10), (12, 11), (12, 12)]",149,0,149
159,"(12, 14)","(12, 13)",North,"[(13, 14) via East]","[(12, 14), (13, 12), (3, 10), (19, 12), (19, 11), (26, 2), (31, 3), (30, 3), (29, 6), (29, 10), (33, 16)]","[(13, 14), (13, 12), (3, 10), (19, 12), (19, 11), (26, 2), (31, 3), (30, 3), (29, 6), (29, 10), (33, 16)]","[(34, 16), (34, 15), (34, 14), (33, 14), (32, 14), (31, 14), (30, 14), (30, 13), (30, 12), (31, 12), (32, 12), (33, 12), (34, 12), (34, 11), (34, 10), (33, 10), (32, 10), (31, 10), (30, 10), (30, 9), (30, 8), (31, 8), (32, 8), (33, 8), (34, 8), (34, 7), (34, 6), (33, 6), (32, 6), (31, 6), (30, 6), (30, 5), (30, 4), (31, 4), (32, 4), (33, 4), (34, 4), (34, 3), (34, 2), (34, 1), (33, 1), (32, 1), (31, 1), (30, 1), (29, 1), (28, 1), (27, 1), (27, 2), (27, 3), (27, 4), (27, 5), (27, 6), (27, 7), (27, 8), (27, 9), (26, 9), (25, 9), (24, 9), (23, 9), (22, 9), (21, 9), (20, 9), (20, 10), (20, 11), (20, 12), (21, 12), (22, 12), (23, 12), (24, 12), (24, 11), (25, 11), (26, 11), (27, 11), (27, 12), (27, 13), (27, 14), (26, 14), (25, 14), (25, 15), (25, 16), (26, 16), (27, 16), (28, 16), (29, 16), (30, 16), (31, 16), (32, 16), (33, 16), (24, 16), (23, 16), (22, 16), (21, 16), (20, 16), (19, 16), (18, 16), (17, 16), (16, 16), (15, 16), (14, 16), (13, 16), (12, 16), (11, 16), (10, 16), (9, 16), (8, 16), (7, 16), (6, 16), (5, 16), (4, 16), (3, 16), (2, 16), (1, 16), (1, 15), (1, 14), (1, 13), (1, 12), (1, 11), (1, 10), (1, 9), (1, 8), (1, 7), (2, 7), (3, 7), (4, 7), (4, 8), (4, 9), (4, 10), (4, 11), (4, 12), (4, 13), (4, 14), (5, 14), (6, 14), (6, 13), (6, 12), (6, 11), (6, 10), (6, 9), (6, 8), (7, 8), (8, 8), (8, 9), (8, 10), (8, 11), (8, 12), (8, 13), (8, 14), (9, 14), (10, 14), (10, 13), (10, 12), (10, 11), (10, 10), (11, 10), (12, 10), (12, 11), (12, 12), (12, 13)]",150,0,150
160,"(13, 14)","(12, 14)",East,"[(14, 14) via East]","[(13, 14), (13, 12), (3, 10), (19, 12), (19, 11), (26, 2), (31, 3), (30, 3), (29, 6), (29, 10), (33, 16)]","[(14, 14), (13, 12), (3, 10), (19, 12), (19, 11), (26, 2), (31, 3), (30, 3), (29, 6), (29, 10), (33, 16)]","[(34, 16), (34, 15), (34, 14), (33, 14), (32, 14), (31, 14), (30, 14), (30, 13), (30, 12), (31, 12), (32, 12), (33, 12), (34, 12), (34, 11), (34, 10), (33, 10), (32, 10), (31, 10), (30, 10), (30, 9), (30, 8), (31, 8), (32, 8), (33, 8), (34, 8), (34, 7), (34, 6), (33, 6), (32, 6), (31, 6), (30, 6), (30, 5), (30, 4), (31, 4), (32, 4), (33, 4), (34, 4), (34, 3), (34, 2), (34, 1), (33, 1), (32, 1), (31, 1), (30, 1), (29, 1), (28, 1), (27, 1), (27, 2), (27, 3), (27, 4), (27, 5), (27, 6), (27, 7), (27, 8), (27, 9), (26, 9), (25, 9), (24, 9), (23, 9), (22, 9), (21, 9), (20, 9), (20, 10), (20, 11), (20, 12), (21, 12), (22, 12), (23, 12), (24, 12), (24, 11), (25, 11), (26, 11), (27, 11), (27, 12), (27, 13), (27, 14), (26, 14), (25, 14), (25, 15), (25, 16), (26, 16), (27, 16), (28, 16), (29, 16), (30, 16), (31, 16), (32, 16), (33, 16), (24, 16), (23, 16), (22, 16), (21, 16), (20, 16), (19, 16), (18, 16), (17, 16), (16, 16), (15, 16), (14, 16), (13, 16), (12, 16), (11, 16), (10, 16), (9, 16), (8, 16), (7, 16), (6, 16), (5, 16), (4, 16), (3, 16), (2, 16), (1, 16), (1, 15), (1, 14), (1, 13), (1, 12), (1, 11), (1, 10), (1, 9), (1, 8), (1, 7), (2, 7), (3, 7), (4, 7), (4, 8), (4, 9), (4, 10), (4, 11), (4, 12), (4, 13), (4, 14), (5, 14), (6, 14), (6, 13), (6, 12), (6, 11), (6, 10), (6, 9), (6, 8), (7, 8), (8, 8), (8, 9), (8, 10), (8, 11), (8, 12), (8, 13), (8, 14), (9, 14), (10, 14), (10, 13), (10, 12), (10, 11), (10, 10), (11, 10), (12, 10), (12, 11), (12, 12), (12, 13), (12, 14)]",151,0,151
161,"(14, 14)","(13, 14)",East,"[(15, 14) via East]","[(14, 14), (13, 12), (3, 10), (19, 12), (19, 11), (26, 2), (31, 3), (30, 3), (29, 6), (29, 10), (33, 16)]","[(15, 14), (13, 12), (3, 10), (19, 12), (19, 11), (26, 2), (31, 3), (30, 3), (29, 6), (29, 10), (33, 16)]","[(34, 16), (34, 15), (34, 14), (33, 14), (32, 14), (31, 14), (30, 14), (30, 13), (30, 12), (31, 12), (32, 12), (33, 12), (34, 12), (34, 11), (34, 10), (33, 10), (32, 10), (31, 10), (30, 10), (30, 9), (30, 8), (31, 8), (32, 8), (33, 8), (34, 8), (34, 7), (34, 6), (33, 6), (32, 6), (31, 6), (30, 6), (30, 5), (30, 4), (31, 4), (32, 4), (33, 4), (34, 4), (34, 3), (34, 2), (34, 1), (33, 1), (32, 1), (31, 1), (30, 1), (29, 1), (28, 1), (27, 1), (27, 2), (27, 3), (27, 4), (27, 5), (27, 6), (27, 7), (27, 8), (27, 9), (26, 9), (25, 9), (24, 9), (23, 9), (22, 9), (21, 9), (20, 9), (20, 10), (20, 11), (20, 12), (21, 12), (22, 12), (23, 12), (24, 12), (24, 11), (25, 11), (26, 11), (27, 11), (27, 12), (27, 13), (27, 14), (26, 14), (25, 14), (25, 15), (25, 16), (26, 16), (27, 16), (28, 16), (29, 16), (30, 16), (31, 16), (32, 16), (33, 16), (24, 16), (23, 16), (22, 16), (21, 16), (20, 16), (19, 16), (18, 16), (17, 16), (16, 16), (15, 16), (14, 16), (13, 16), (12, 16), (11, 16), (10, 16), (9, 16), (8, 16), (7, 16), (6, 16), (5, 16), (4, 16), (3, 16), (2, 16), (1, 16), (1, 15), (1, 14), (1, 13), (1, 12), (1, 11), (1, 10), (1, 9), (1, 8), (1, 7), (2, 7), (3, 7), (4, 7), (4, 8), (4, 9), (4, 10), (4, 11), (4, 12), (4, 13), (4, 14), (5, 14), (6, 14), (6, 13), (6, 12), (6, 11), (6, 10), (6, 9), (6, 8), (7, 8), (8, 8), (8, 9), (8, 10), (8, 11), (8, 12), (8, 13), (8, 14), (9, 14), (10, 14), (10, 13), (10, 12), (10, 11), (10, 10), (11, 10), (12, 10), (12, 11), (12, 12), (12, 13), (12, 14), (13, 14)]",152,0,152
162,"(15, 14)","(14, 14)",East,"[(16, 14) via East]","[(15, 14), (13, 12), (3, 10), (19, 12), (19, 11), (26, 2), (31, 3), (30, 3), (29, 6), (29, 10), (33, 16)]","[(16, 14), (13, 12), (3, 10), (19, 12), (19, 11), (26, 2), (31, 3), (30, 3), (29, 6), (29, 10), (33, 16)]","[(34, 16), (34, 15), (34, 14), (33, 14), (32, 14), (31, 14), (30, 14), (30, 13), (30, 12), (31, 12), (32, 12), (33, 12), (34, 12), (34, 11), (34, 10), (33, 10), (32, 10), (31, 10), (30, 10), (30, 9), (30, 8), (31, 8), (32, 8), (33, 8), (34, 8), (34, 7), (34, 6), (33, 6), (32, 6), (31, 6), (30, 6), (30, 5), (30, 4), (31, 4), (32, 4), (33, 4), (34, 4), (34, 3), (34, 2), (34, 1), (33, 1), (32, 1), (31, 1), (30, 1), (29, 1), (28, 1), (27, 1), (27, 2), (27, 3), (27, 4), (27, 5), (27, 6), (27, 7), (27, 8), (27, 9), (26, 9), (25, 9), (24, 9), (23, 9), (22, 9), (21, 9), (20, 9), (20, 10), (20, 11), (20, 12), (21, 12), (22, 12), (23, 12), (24, 12), (24, 11), (25, 11), (26, 11), (27, 11), (27, 12), (27, 13), (27, 14), (26, 14), (25, 14), (25, 15), (25, 16), (26, 16), (27, 16), (28, 16), (29, 16), (30, 16), (31, 16), (32, 16), (33, 16), (24, 16), (23, 16), (22, 16), (21, 16), (20, 16), (19, 16), (18, 16), (17, 16), (16, 16), (15, 16), (14, 16), (13, 16), (12, 16), (11, 16), (10, 16), (9, 16), (8, 16), (7, 16), (6, 16), (5, 16), (4, 16), (3, 16), (2, 16), (1, 16), (1, 15), (1, 14), (1, 13), (1, 12), (1, 11), (1, 10), (1, 9), (1, 8), (1, 7), (2, 7), (3, 7), (4, 7), (4, 8), (4, 9), (4, 10), (4, 11), (4, 12), (4, 13), (4, 14), (5, 14), (6, 14), (6, 13), (6, 12), (6, 11), (6, 10), (6, 9), (6, 8), (7, 8), (8, 8), (8, 9), (8, 10), (8, 11), (8, 12), (8, 13), (8, 14), (9, 14), (10, 14), (10, 13), (10, 12), (10, 11), (10, 10), (11, 10), (12, 10), (12, 11), (12, 12), (12, 13), (12, 14), (13, 14), (14, 14)]",153,0,153
163,"(16, 14)","(15, 14)",East,"[(17, 14) via East]","[(16, 14), (13, 12), (3, 10), (19, 12), (19, 11), (26, 2), (31, 3), (30, 3), (29, 6), (29, 10), (33, 16)]","[(17, 14), (13, 12), (3, 10), (19, 12), (19, 11), (26, 2), (31, 3), (30, 3), (29, 6), (29, 10), (33, 16)]","[(34, 16), (34, 15), (34, 14), (33, 14), (32, 14), (31, 14), (30, 14), (30, 13), (30, 12), (31, 12), (32, 12), (33, 12), (34, 12), (34, 11), (34, 10), (33, 10), (32, 10), (31, 10), (30, 10), (30, 9), (30, 8), (31, 8), (32, 8), (33, 8), (34, 8), (34, 7), (34, 6), (33, 6), (32, 6), (31, 6), (30, 6), (30, 5), (30, 4), (31, 4), (32, 4), (33, 4), (34, 4), (34, 3), (34, 2), (34, 1), (33, 1), (32, 1), (31, 1), (30, 1), (29, 1), (28, 1), (27, 1), (27, 2), (27, 3), (27, 4), (27, 5), (27, 6), (27, 7), (27, 8), (27, 9), (26, 9), (25, 9), (24, 9), (23, 9), (22, 9), (21, 9), (20, 9), (20, 10), (20, 11), (20, 12), (21, 12), (22, 12), (23, 12), (24, 12), (24, 11), (25, 11), (26, 11), (27, 11), (27, 12), (27, 13), (27, 14), (26, 14), (25, 14), (25, 15), (25, 16), (26, 16), (27, 16), (28, 16), (29, 16), (30, 16), (31, 16), (32, 16), (33, 16), (24, 16), (23, 16), (22, 16), (21, 16), (20, 16), (19, 16), (18, 16), (17, 16), (16, 16), (15, 16), (14, 16), (13, 16), (12, 16), (11, 16), (10, 16), (9, 16), (8, 16), (7, 16), (6, 16), (5, 16), (4, 16), (3, 16), (2, 16), (1, 16), (1, 15), (1, 14), (1, 13), (1, 12), (1, 11), (1, 10), (1, 9), (1, 8), (1, 7), (2, 7), (3, 7), (4, 7), (4, 8), (4, 9), (4, 10), (4, 11), (4, 12), (4, 13), (4, 14), (5, 14), (6, 14), (6, 13), (6, 12), (6, 11), (6, 10), (6, 9), (6, 8), (7, 8), (8, 8), (8, 9), (8, 10), (8, 11), (8, 12), (8, 13), (8, 14), (9, 14), (10, 14), (10, 13), (10, 12), (10, 11), (10, 10), (11, 10), (12, 10), (12, 11), (12, 12), (12, 13), (12, 14), (13, 14), (14, 14), (15, 14)]",154,0,154
164,"(17, 14)","(16, 14)",East,"[(17, 13) via South]","[(17, 14), (13, 12), (3, 10), (19, 12), (19, 11), (26, 2), (31, 3), (30, 3), (29, 6), (29, 10), (33, 16)]","[(17, 13), (13, 12), (3, 10), (19, 12), (19, 11), (26, 2), (31, 3), (30, 3), (29, 6), (29, 10), (33, 16)]","[(34, 16), (34, 15), (34, 14), (33, 14), (32, 14), (31, 14), (30, 14), (30, 13), (30, 12), (31, 12), (32, 12), (33, 12), (34, 12), (34, 11), (34, 10), (33, 10), (32, 10), (31, 10), (30, 10), (30, 9), (30, 8), (31, 8), (32, 8), (33, 8), (34, 8), (34, 7), (34, 6), (33, 6), (32, 6), (31, 6), (30, 6), (30, 5), (30, 4), (31, 4), (32, 4), (33, 4), (34, 4), (34, 3), (34, 2), (34, 1), (33, 1), (32, 1), (31, 1), (30, 1), (29, 1), (28, 1), (27, 1), (27, 2), (27, 3), (27, 4), (27, 5), (27, 6), (27, 7), (27, 8), (27, 9), (26, 9), (25, 9), (24, 9), (23, 9), (22, 9), (21, 9), (20, 9), (20, 10), (20, 11), (20, 12), (21, 12), (22, 12), (23, 12), (24, 12), (24, 11), (25, 11), (26, 11), (27, 11), (27, 12), (27, 13), (27, 14), (26, 14), (25, 14), (25, 15), (25, 16), (26, 16), (27, 16), (28, 16), (29, 16), (30, 16), (31, 16), (32, 16), (33, 16), (24, 16), (23, 16), (22, 16), (21, 16), (20, 16), (19, 16), (18, 16), (17, 16), (16, 16), (15, 16), (14, 16), (13, 16), (12, 16), (11, 16), (10, 16), (9, 16), (8, 16), (7, 16), (6, 16), (5, 16), (4, 16), (3, 16), (2, 16), (1, 16), (1, 15), (1, 14), (1, 13), (1, 12), (1, 11), (1, 10), (1, 9), (1, 8), (1, 7), (2, 7), (3, 7), (4, 7), (4, 8), (4, 9), (4, 10), (4, 11), (4, 12), (4, 13), (4, 14), (5, 14), (6, 14), (6, 13), (6, 12), (6, 11), (6, 10), (6, 9), (6, 8), (7, 8), (8, 8), (8, 9), (8, 10), (8, 11), (8, 12), (8, 13), (8, 14), (9, 14), (10, 14), (10, 13), (10, 12), (10, 11), (10, 10), (11, 10), (12, 10), (12, 11), (12, 12), (12, 13), (12, 14), (13, 14), (14, 14), (15, 14), (16, 14)]",155,0,155
165,"(17, 13)","(17, 14)",South,"[(17, 12) via South]","[(17, 13), (13, 12), (3, 10), (19, 12), (19, 11), (26, 2), (31, 3), (30, 3), (29, 6), (29, 10), (33, 16)]","[(17, 12), (13, 12), (3, 10), (19, 12), (19, 11), (26, 2), (31, 3), (30, 3), (29, 6), (29, 10), (33, 16)]","[(34, 16), (34, 15), (34, 14), (33, 14), (32, 14), (31, 14), (30, 14), (30, 13), (30, 12), (31, 12), (32, 12), (33, 12), (34, 12), (34, 11), (34, 10), (33, 10), (32, 10), (31, 10), (30, 10), (30, 9), (30, 8), (31, 8), (32, 8), (33, 8), (34, 8), (34, 7), (34, 6), (33, 6), (32, 6), (31, 6), (30, 6), (30, 5), (30, 4), (31, 4), (32, 4), (33, 4), (34, 4), (34, 3), (34, 2), (34, 1), (33, 1), (32, 1), (31, 1), (30, 1), (29, 1), (28, 1), (27, 1), (27, 2), (27, 3), (27, 4), (27, 5), (27, 6), (27, 7), (27, 8), (27, 9), (26, 9), (25, 9), (24, 9), (23, 9), (22, 9), (21, 9), (20, 9), (20, 10), (20, 11), (20, 12), (21, 12), (22, 12), (23, 12), (24, 12), (24, 11), (25, 11), (26, 11), (27, 11), (27, 12), (27, 13), (27, 14), (26, 14), (25, 14), (25, 15), (25, 16), (26, 16), (27, 16), (28, 16), (29, 16), (30, 16), (31, 16), (32, 16), (33, 16), (24, 16), (23, 16), (22, 16), (21, 16), (20, 16), (19, 16), (18, 16), (17, 16), (16, 16), (15, 16), (14, 16), (13, 16), (12, 16), (11, 16), (10, 16), (9, 16), (8, 16), (7, 16), (6, 16), (5, 16), (4, 16), (3, 16), (2, 16), (1, 16), (1, 15), (1, 14), (1, 13), (1, 12), (1, 11), (1, 10), (1, 9), (1, 8), (1, 7), (2, 7), (3, 7), (4, 7), (4, 8), (4, 9), (4, 10), (4, 11), (4, 12), (4, 13), (4, 14), (5, 14), (6, 14), (6, 13), (6, 12), (6, 11), (6, 10), (6, 9), (6, 8), (7, 8), (8, 8), (8, 9), (8, 10), (8, 11), (8, 12), (8, 13), (8, 14), (9, 14), (10, 14), (10, 13), (10, 12), (10, 11), (10, 10), (11, 10), (12, 10), (12, 11), (12, 12), (12, 13), (12, 14), (13, 14), (14, 14), (15, 14), (16, 14), (17, 14)]",156,0,156
166,"(17, 12)","(17, 13)",South,"[(16, 12) via West, (18, 12) via East]","[(17, 12), (13, 12), (3, 10), (19, 12), (19, 11), (26, 2), (31, 3), (30, 3), (29, 6), (29, 10), (33, 16)]","[(18, 12), (16, 12), (13, 12), (3, 10), (19, 12), (19, 11), (26, 2), (31, 3), (30, 3), (29, 6), (29, 10), (33, 16)]","[(34, 16), (34, 15), (34, 14), (33, 14), (32, 14), (31, 14), (30, 14), (30, 13), (30, 12), (31, 12), (32, 12), (33, 12), (34, 12), (34, 11), (34, 10), (33, 10), (32, 10), (31, 10), (30, 10), (30, 9), (30, 8), (31, 8), (32, 8), (33, 8), (34, 8), (34, 7), (34, 6), (33, 6), (32, 6), (31, 6), (30, 6), (30, 5), (30, 4), (31, 4), (32, 4), (33, 4), (34, 4), (34, 3), (34, 2), (34, 1), (33, 1), (32, 1), (31, 1), (30, 1), (29, 1), (28, 1), (27, 1), (27, 2), (27, 3), (27, 4), (27, 5), (27, 6), (27, 7), (27, 8), (27, 9), (26, 9), (25, 9), (24, 9), (23, 9), (22, 9), (21, 9), (20, 9), (20, 10), (20, 11), (20, 12), (21, 12), (22, 12), (23, 12), (24, 12), (24, 11), (25, 11), (26, 11), (27, 11), (27, 12), (27, 13), (27, 14), (26, 14), (25, 14), (25, 15), (25, 16), (26, 16), (27, 16), (28, 16), (29, 16), (30, 16), (31, 16), (32, 16), (33, 16), (24, 16), (23, 16), (22, 16), (21, 16), (20, 16), (19, 16), (18, 16), (17, 16), (16, 16), (15, 16), (14, 16), (13, 16), (12, 16), (11, 16), (10, 16), (9, 16), (8, 16), (7, 16), (6, 16), (5, 16), (4, 16), (3, 16), (2, 16), (1, 16), (1, 15), (1, 14), (1, 13), (1, 12), (1, 11), (1, 10), (1, 9), (1, 8), (1, 7), (2, 7), (3, 7), (4, 7), (4, 8), (4, 9), (4, 10), (4, 11), (4, 12), (4, 13), (4, 14), (5, 14), (6, 14), (6, 13), (6, 12), (6, 11), (6, 10), (6, 9), (6, 8), (7, 8), (8, 8), (8, 9), (8, 10), (8, 11), (8, 12), (8, 13), (8, 14), (9, 14), (10, 14), (10, 13), (10, 12), (10, 11), (10, 10), (11, 10), (12, 10), (12, 11), (12, 12), (12, 13), (12, 14), (13, 14), (14, 14), (15, 14), (16, 14), (17, 14), (17, 13)]",157,0,157
167,"(18, 12)","(17, 12)",East,"[(19, 12) via East]","[(18, 12), (16, 12), (13, 12), (3, 10), (19, 12), (19, 11), (26, 2), (31, 3), (30, 3), (29, 6), (29, 10), (33, 16)]","[(19, 12), (16, 12), (13, 12), (3, 10), (19, 12), (19, 11), (26, 2), (31, 3), (30, 3), (29, 6), (29, 10), (33, 16)]","[(34, 16), (34, 15), (34, 14), (33, 14), (32, 14), (31, 14), (30, 14), (30, 13), (30, 12), (31, 12), (32, 12), (33, 12), (34, 12), (34, 11), (34, 10), (33, 10), (32, 10), (31, 10), (30, 10), (30, 9), (30, 8), (31, 8), (32, 8), (33, 8), (34, 8), (34, 7), (34, 6), (33, 6), (32, 6), (31, 6), (30, 6), (30, 5), (30, 4), (31, 4), (32, 4), (33, 4), (34, 4), (34, 3), (34, 2), (34, 1), (33, 1), (32, 1), (31, 1), (30, 1), (29, 1), (28, 1), (27, 1), (27, 2), (27, 3), (27, 4), (27, 5), (27, 6), (27, 7), (27, 8), (27, 9), (26, 9), (25, 9), (24, 9), (23, 9), (22, 9), (21, 9), (20, 9), (20, 10), (20, 11), (20, 12), (21, 12), (22, 12), (23, 12), (24, 12), (24, 11), (25, 11), (26, 11), (27, 11), (27, 12), (27, 13), (27, 14), (26, 14), (25, 14), (25, 15), (25, 16), (26, 16), (27, 16), (28, 16), (29, 16), (30, 16), (31, 16), (32, 16), (33, 16), (24, 16), (23, 16), (22, 16), (21, 16), (20, 16), (19, 16), (18, 16), (17, 16), (16, 16), (15, 16), (14, 16), (13, 16), (12, 16), (11, 16), (10, 16), (9, 16), (8, 16), (7, 16), (6, 16), (5, 16), (4, 16), (3, 16), (2, 16), (1, 16), (1, 15), (1, 14), (1, 13), (1, 12), (1, 11), (1, 10), (1, 9), (1, 8), (1, 7), (2, 7), (3, 7), (4, 7), (4, 8), (4, 9), (4, 10), (4, 11), (4, 12), (4, 13), (4, 14), (5, 14), (6, 14), (6, 13), (6, 12), (6, 11), (6, 10), (6, 9), (6, 8), (7, 8), (8, 8), (8, 9), (8, 10), (8, 11), (8, 12), (8, 13), (8, 14), (9, 14), (10, 14), (10, 13), (10, 12), (10, 11), (10, 10), (11, 10), (12, 10), (12, 11), (12, 12), (12, 13), (12, 14), (13, 14), (14, 14), (15, 14), (16, 14), (17, 14), (17, 13), (17, 12)]",158,0,158
168,"(19, 12)","(18, 12)",East,"[(19, 11) via South]","[(19, 12), (16, 12), (13, 12), (3, 10), (19, 12), (19, 11), (26, 2), (31, 3), (30, 3), (29, 6), (29, 10), (33, 16)]","[(19, 11), (16, 12), (13, 12), (3, 10), (19, 12), (19, 11), (26, 2), (31, 3), (30, 3), (29, 6), (29, 10), (33, 16)]","[(34, 16), (34, 15), (34, 14), (33, 14), (32, 14), (31, 14), (30, 14), (30, 13), (30, 12), (31, 12), (32, 12), (33, 12), (34, 12), (34, 11), (34, 10), (33, 10), (32, 10), (31, 10), (30, 10), (30, 9), (30, 8), (31, 8), (32, 8), (33, 8), (34, 8), (34, 7), (34, 6), (33, 6), (32, 6), (31, 6), (30, 6), (30, 5), (30, 4), (31, 4), (32, 4), (33, 4), (34, 4), (34, 3), (34, 2), (34, 1), (33, 1), (32, 1), (31, 1), (30, 1), (29, 1), (28, 1), (27, 1), (27, 2), (27, 3), (27, 4), (27, 5), (27, 6), (27, 7), (27, 8), (27, 9), (26, 9), (25, 9), (24, 9), (23, 9), (22, 9), (21, 9), (20, 9), (20, 10), (20, 11), (20, 12), (21, 12), (22, 12), (23, 12), (24, 12), (24, 11), (25, 11), (26, 11), (27, 11), (27, 12), (27, 13), (27, 14), (26, 14), (25, 14), (25, 15), (25, 16), (26, 16), (27, 16), (28, 16), (29, 16), (30, 16), (31, 16), (32, 16), (33, 16), (24, 16), (23, 16), (22, 16), (21, 16), (20, 16), (19, 16), (18, 16), (17, 16), (16, 16), (15, 16), (14, 16), (13, 16), (12, 16), (11, 16), (10, 16), (9, 16), (8, 16), (7, 16), (6, 16), (5, 16), (4, 16), (3, 16), (2, 16), (1, 16), (1, 15), (1, 14), (1, 13), (1, 12), (1, 11), (1, 10), (1, 9), (1, 8), (1, 7), (2, 7), (3, 7), (4, 7), (4, 8), (4, 9), (4, 10), (4, 11), (4, 12), (4, 13), (4, 14), (5, 14), (6, 14), (6, 13), (6, 12), (6, 11), (6, 10), (6, 9), (6, 8), (7, 8), (8, 8), (8, 9), (8, 10), (8, 11), (8, 12), (8, 13), (8, 14), (9, 14), (10, 14), (10, 13), (10, 12), (10, 11), (10, 10), (11, 10), (12, 10), (12, 11), (12, 12), (12, 13), (12, 14), (13, 14), (14, 14), (15, 14), (16, 14), (17, 14), (17, 13), (17, 12), (18, 12)]",159,0,159
169,"(19, 11)","(19, 12)",South,[],"[(19, 11), (16, 12), (13, 12), (3, 10), (19, 12), (19, 11), (26, 2), (31, 3), (30, 3), (29, 6), (29, 10), (33, 16)]","[(16, 12), (13, 12), (3, 10), (19, 12), (19, 11), (26, 2), (31, 3), (30, 3), (29, 6), (29, 10), (33, 16)]","[(34, 16), (34, 15), (34, 14), (33, 14), (32, 14), (31, 14), (30, 14), (30, 13), (30, 12), (31, 12), (32, 12), (33, 12), (34, 12), (34, 11), (34, 10), (33, 10), (32, 10), (31, 10), (30, 10), (30, 9), (30, 8), (31, 8), (32, 8), (33, 8), (34, 8), (34, 7), (34, 6), (33, 6), (32, 6), (31, 6), (30, 6), (30, 5), (30, 4), (31, 4), (32, 4), (33, 4), (34, 4), (34, 3), (34, 2), (34, 1), (33, 1), (32, 1), (31, 1), (30, 1), (29, 1), (28, 1), (27, 1), (27, 2), (27, 3), (27, 4), (27, 5), (27, 6), (27, 7), (27, 8), (27, 9), (26, 9), (25, 9), (24, 9), (23, 9), (22, 9), (21, 9), (20, 9), (20, 10), (20, 11), (20, 12), (21, 12), (22, 12), (23, 12), (24, 12), (24, 11), (25, 11), (26, 11), (27, 11), (27, 12), (27, 13), (27, 14), (26, 14), (25, 14), (25, 15), (25, 16), (26, 16), (27, 16), (28, 16), (29, 16), (30, 16), (31, 16), (32, 16), (33, 16), (24, 16), (23, 16), (22, 16), (21, 16), (20, 16), (19, 16), (18, 16), (17, 16), (16, 16), (15, 16), (14, 16), (13, 16), (12, 16), (11, 16), (10, 16), (9, 16), (8, 16), (7, 16), (6, 16), (5, 16), (4, 16), (3, 16), (2, 16), (1, 16), (1, 15), (1, 14), (1, 13), (1, 12), (1, 11), (1, 10), (1, 9), (1, 8), (1, 7), (2, 7), (3, 7), (4, 7), (4, 8), (4, 9), (4, 10), (4, 11), (4, 12), (4, 13), (4, 14), (5, 14), (6, 14), (6, 13), (6, 12), (6, 11), (6, 10), (6, 9), (6, 8), (7, 8), (8, 8), (8, 9), (8, 10), (8, 11), (8, 12), (8, 13), (8, 14), (9, 14), (10, 14), (10, 13), (10, 12), (10, 11), (10, 10), (11, 10), (12, 10), (12, 11), (12, 12), (12, 13), (12, 14), (13, 14), (14, 14), (15, 14), (16, 14), (17, 14), (17, 13), (17, 12), (18, 12), (19, 12)]",160,0,160
170,"(16, 12)","(17, 12)",West,"[(15, 12) via West]","[(16, 12), (13, 12), (3, 10), (19, 12), (19, 11), (26, 2), (31, 3), (30, 3), (29, 6), (29, 10), (33, 16)]","[(15, 12), (13, 12), (3, 10), (19, 12), (19, 11), (26, 2), (31, 3), (30, 3), (29, 6), (29, 10), (33, 16)]","[(34, 16), (34, 15), (34, 14), (33, 14), (32, 14), (31, 14), (30, 14), (30, 13), (30, 12), (31, 12), (32, 12), (33, 12), (34, 12), (34, 11), (34, 10), (33, 10), (32, 10), (31, 10), (30, 10), (30, 9), (30, 8), (31, 8), (32, 8), (33, 8), (34, 8), (34, 7), (34, 6), (33, 6), (32, 6), (31, 6), (30, 6), (30, 5), (30, 4), (31, 4), (32, 4), (33, 4), (34, 4), (34, 3), (34, 2), (34, 1), (33, 1), (32, 1), (31, 1), (30, 1), (29, 1), (28, 1), (27, 1), (27, 2), (27, 3), (27, 4), (27, 5), (27, 6), (27, 7), (27, 8), (27, 9), (26, 9), (25, 9), (24, 9), (23, 9), (22, 9), (21, 9), (20, 9), (20, 10), (20, 11), (20, 12), (21, 12), (22, 12), (23, 12), (24, 12), (24, 11), (25, 11), (26, 11), (27, 11), (27, 12), (27, 13), (27, 14), (26, 14), (25, 14), (25, 15), (25, 16), (26, 16), (27, 16), (28, 16), (29, 16), (30, 16), (31, 16), (32, 16), (33, 16), (24, 16), (23, 16), (22, 16), (21, 16), (20, 16), (19, 16), (18, 16), (17, 16), (16, 16), (15, 16), (14, 16), (13, 16), (12, 16), (11, 16), (10, 16), (9, 16), (8, 16), (7, 16), (6, 16), (5, 16), (4, 16), (3, 16), (2, 16), (1, 16), (1, 15), (1, 14), (1, 13), (1, 12), (1, 11), (1, 10), (1, 9), (1, 8), (1, 7), (2, 7), (3, 7), (4, 7), (4, 8), (4, 9), (4, 10), (4, 11), (4, 12), (4, 13), (4, 14), (5, 14), (6, 14), (6, 13), (6, 12), (6, 11), (6, 10), (6, 9), (6, 8), (7, 8), (8, 8), (8, 9), (8, 10), (8, 11), (8, 12), (8, 13), (8, 14), (9, 14), (10, 14), (10, 13), (10, 12), (10, 11), (10, 10), (11, 10), (12, 10), (12, 11), (12, 12), (12, 13), (12, 14), (13, 14), (14, 14), (15, 14), (16, 14), (17, 14), (17, 13), (17, 12), (18, 12), (19, 12), (19, 11)]",158,0,158
171,"(15, 12)","(16, 12)",West,"[(14, 12) via West]","[(15, 12), (13, 12), (3, 10), (19, 12), (19, 11), (26, 2), (31, 3), (30, 3), (29, 6), (29, 10), (33, 16)]","[(14, 12), (13, 12), (3, 10), (19, 12), (19, 11), (26, 2), (31, 3), (30, 3), (29, 6), (29, 10), (33, 16)]","[(34, 16), (34, 15), (34, 14), (33, 14), (32, 14), (31, 14), (30, 14), (30, 13), (30, 12), (31, 12), (32, 12), (33, 12), (34, 12), (34, 11), (34, 10), (33, 10), (32, 10), (31, 10), (30, 10), (30, 9), (30, 8), (31, 8), (32, 8), (33, 8), (34, 8), (34, 7), (34, 6), (33, 6), (32, 6), (31, 6), (30, 6), (30, 5), (30, 4), (31, 4), (32, 4), (33, 4), (34, 4), (34, 3), (34, 2), (34, 1), (33, 1), (32, 1), (31, 1), (30, 1), (29, 1), (28, 1), (27, 1), (27, 2), (27, 3), (27, 4), (27, 5), (27, 6), (27, 7), (27, 8), (27, 9), (26, 9), (25, 9), (24, 9), (23, 9), (22, 9), (21, 9), (20, 9), (20, 10), (20, 11), (20, 12), (21, 12), (22, 12), (23, 12), (24, 12), (24, 11), (25, 11), (26, 11), (27, 11), (27, 12), (27, 13), (27, 14), (26, 14), (25, 14), (25, 15), (25, 16), (26, 16), (27, 16), (28, 16), (29, 16), (30, 16), (31, 16), (32, 16), (33, 16), (24, 16), (23, 16), (22, 16), (21, 16), (20, 16), (19, 16), (18, 16), (17, 16), (16, 16), (15, 16), (14, 16), (13, 16), (12, 16), (11, 16), (10, 16), (9, 16), (8, 16), (7, 16), (6, 16), (5, 16), (4, 16), (3, 16), (2, 16), (1, 16), (1, 15), (1, 14), (1, 13), (1, 12), (1, 11), (1, 10), (1, 9), (1, 8), (1, 7), (2, 7), (3, 7), (4, 7), (4, 8), (4, 9), (4, 10), (4, 11), (4, 12), (4, 13), (4, 14), (5, 14), (6, 14), (6, 13), (6, 12), (6, 11), (6, 10), (6, 9), (6, 8), (7, 8), (8, 8), (8, 9), (8, 10), (8, 11), (8, 12), (8, 13), (8, 14), (9, 14), (10, 14), (10, 13), (10, 12), (10, 11), (10, 10), (11, 10), (12, 10), (12, 11), (12, 12), (12, 13), (12, 14), (13, 14), (14, 14), (15, 14), (16, 14), (17, 14), (17, 13), (17, 12), (18, 12), (19, 12), (19, 11), (16, 12)]",159,0,159
172,"(14, 12)","(15, 12)",West,"[(13, 12) via West, (14, 11) via South]","[(14, 12), (13, 12), (3, 10), (19, 12), (19, 11), (26, 2), (31, 3), (30, 3), (29, 6), (29, 10), (33, 16)]","[(14, 11), (13, 12), (13, 12), (3, 10), (19, 12), (19, 11), (26, 2), (31, 3), (30, 3), (29, 6), (29, 10), (33, 16)]","[(34, 16), (34, 15), (34, 14), (33, 14), (32, 14), (31, 14), (30, 14), (30, 13), (30, 12), (31, 12), (32, 12), (33, 12), (34, 12), (34, 11), (34, 10), (33, 10), (32, 10), (31, 10), (30, 10), (30, 9), (30, 8), (31, 8), (32, 8), (33, 8), (34, 8), (34, 7), (34, 6), (33, 6), (32, 6), (31, 6), (30, 6), (30, 5), (30, 4), (31, 4), (32, 4), (33, 4), (34, 4), (34, 3), (34, 2), (34, 1), (33, 1), (32, 1), (31, 1), (30, 1), (29, 1), (28, 1), (27, 1), (27, 2), (27, 3), (27, 4), (27, 5), (27, 6), (27, 7), (27, 8), (27, 9), (26, 9), (25, 9), (24, 9), (23, 9), (22, 9), (21, 9), (20, 9), (20, 10), (20, 11), (20, 12), (21, 12), (22, 12), (23, 12), (24, 12), (24, 11), (25, 11), (26, 11), (27, 11), (27, 12), (27, 13), (27, 14), (26, 14), (25, 14), (25, 15), (25, 16), (26, 16), (27, 16), (28, 16), (29, 16), (30, 16), (31, 16), (32, 16), (33, 16), (24, 16), (23, 16), (22, 16), (21, 16), (20, 16), (19, 16), (18, 16), (17, 16), (16, 16), (15, 16), (14, 16), (13, 16), (12, 16), (11, 16), (10, 16), (9, 16), (8, 16), (7, 16), (6, 16), (5, 16), (4, 16), (3, 16), (2, 16), (1, 16), (1, 15), (1, 14), (1, 13), (1, 12), (1, 11), (1, 10), (1, 9), (1, 8), (1, 7), (2, 7), (3, 7), (4, 7), (4, 8), (4, 9), (4, 10), (4, 11), (4, 12), (4, 13), (4, 14), (5, 14), (6, 14), (6, 13), (6, 12), (6, 11), (6, 10), (6, 9), (6, 8), (7, 8), (8, 8), (8, 9), (8, 10), (8, 11), (8, 12), (8, 13), (8, 14), (9, 14), (10, 14), (10, 13), (10, 12), (10, 11), (10, 10), (11, 10), (12, 10), (12, 11), (12, 12), (12, 13), (12, 14), (13, 14), (14, 14), (15, 14), (16, 14), (17, 14), (17, 13), (17, 12), (18, 12), (19, 12), (19, 11), (16, 12), (15, 12)]",160,0,160
173,"(14, 11)","(14, 12)",South,"[(14, 10) via South]","[(14, 11), (13, 12), (13, 12), (3, 10), (19, 12), (19, 11), (26, 2), (31, 3), (30, 3), (29, 6), (29, 10), (33, 16)]","[(14, 10), (13, 12), (13, 12), (3, 10), (19, 12), (19, 11), (26, 2), (31, 3), (30, 3), (29, 6), (29, 10), (33, 16)]","[(34, 16), (34, 15), (34, 14), (33, 14), (32, 14), (31, 14), (30, 14), (30, 13), (30, 12), (31, 12), (32, 12), (33, 12), (34, 12), (34, 11), (34, 10), (33, 10), (32, 10), (31, 10), (30, 10), (30, 9), (30, 8), (31, 8), (32, 8), (33, 8), (34, 8), (34, 7), (34, 6), (33, 6), (32, 6), (31, 6), (30, 6), (30, 5), (30, 4), (31, 4), (32, 4), (33, 4), (34, 4), (34, 3), (34, 2), (34, 1), (33, 1), (32, 1), (31, 1), (30, 1), (29, 1), (28, 1), (27, 1), (27, 2), (27, 3), (27, 4), (27, 5), (27, 6), (27, 7), (27, 8), (27, 9), (26, 9), (25, 9), (24, 9), (23, 9), (22, 9), (21, 9), (20, 9), (20, 10), (20, 11), (20, 12), (21, 12), (22, 12), (23, 12), (24, 12), (24, 11), (25, 11), (26, 11), (27, 11), (27, 12), (27, 13), (27, 14), (26, 14), (25, 14), (25, 15), (25, 16), (26, 16), (27, 16), (28, 16), (29, 16), (30, 16), (31, 16), (32, 16), (33, 16), (24, 16), (23, 16), (22, 16), (21, 16), (20, 16), (19, 16), (18, 16), (17, 16), (16, 16), (15, 16), (14, 16), (13, 16), (12, 16), (11, 16), (10, 16), (9, 16), (8, 16), (7, 16), (6, 16), (5, 16), (4, 16), (3, 16), (2, 16), (1, 16), (1, 15), (1, 14), (1, 13), (1, 12), (1, 11), (1, 10), (1, 9), (1, 8), (1, 7), (2, 7), (3, 7), (4, 7), (4, 8), (4, 9), (4, 10), (4, 11), (4, 12), (4, 13), (4, 14), (5, 14), (6, 14), (6, 13), (6, 12), (6, 11), (6, 10), (6, 9), (6, 8), (7, 8), (8, 8), (8, 9), (8, 10), (8, 11), (8, 12), (8, 13), (8, 14), (9, 14), (10, 14), (10, 13), (10, 12), (10, 11), (10, 10), (11, 10), (12, 10), (12, 11), (12, 12), (12, 13), (12, 14), (13, 14), (14, 14), (15, 14), (16, 14), (17, 14), (17, 13), (17, 12), (18, 12), (19, 12), (19, 11), (16, 12), (15, 12), (14, 12)]",161,0,161
174,"(14, 10)","(14, 11)",South,"[(15, 10) via East]","[(14, 10), (13, 12), (13, 12), (3, 10), (19, 12), (19, 11), (26, 2), (31, 3), (30, 3), (29, 6), (29, 10), (33, 16)]","[(15, 10), (13, 12), (13, 12), (3, 10), (19, 12), (19, 11), (26, 2), (31, 3), (30, 3), (29, 6), (29, 10), (33, 16)]","[(34, 16), (34, 15), (34, 14), (33, 14), (32, 14), (31, 14), (30, 14), (30, 13), (30, 12), (31, 12), (32, 12), (33, 12), (34, 12), (34, 11), (34, 10), (33, 10), (32, 10), (31, 10), (30, 10), (30, 9), (30, 8), (31, 8), (32, 8), (33, 8), (34, 8), (34, 7), (34, 6), (33, 6), (32, 6), (31, 6), (30, 6), (30, 5), (30, 4), (31, 4), (32, 4), (33, 4), (34, 4), (34, 3), (34, 2), (34, 1), (33, 1), (32, 1), (31, 1), (30, 1), (29, 1), (28, 1), (27, 1), (27, 2), (27, 3), (27, 4), (27, 5), (27, 6), (27, 7), (27, 8), (27, 9), (26, 9), (25, 9), (24, 9), (23, 9), (22, 9), (21, 9), (20, 9), (20, 10), (20, 11), (20, 12), (21, 12), (22, 12), (23, 12), (24, 12), (24, 11), (25, 11), (26, 11), (27, 11), (27, 12), (27, 13), (27, 14), (26, 14), (25, 14), (25, 15), (25, 16), (26, 16), (27, 16), (28, 16), (29, 16), (30, 16), (31, 16), (32, 16), (33, 16), (24, 16), (23, 16), (22, 16), (21, 16), (20, 16), (19, 16), (18, 16), (17, 16), (16, 16), (15, 16), (14, 16), (13, 16), (12, 16), (11, 16), (10, 16), (9, 16), (8, 16), (7, 16), (6, 16), (5, 16), (4, 16), (3, 16), (2, 16), (1, 16), (1, 15), (1, 14), (1, 13), (1, 12), (1, 11), (1, 10), (1, 9), (1, 8), (1, 7), (2, 7), (3, 7), (4, 7), (4, 8), (4, 9), (4, 10), (4, 11), (4, 12), (4, 13), (4, 14), (5, 14), (6, 14), (6, 13), (6, 12), (6, 11), (6, 10), (6, 9), (6, 8), (7, 8), (8, 8), (8, 9), (8, 10), (8, 11), (8, 12), (8, 13), (8, 14), (9, 14), (10, 14), (10, 13), (10, 12), (10, 11), (10, 10), (11, 10), (12, 10), (12, 11), (12, 12), (12, 13), (12, 14), (13, 14), (14, 14), (15, 14), (16, 14), (17, 14), (17, 13), (17, 12), (18, 12), (19, 12), (19, 11), (16, 12), (15, 12), (14, 12), (14, 11)]",162,0,162
175,"(15, 10)","(14, 10)",East,"[(16, 10) via East]","[(15, 10), (13, 12), (13, 12), (3, 10), (19, 12), (19, 11), (26, 2), (31, 3), (30, 3), (29, 6), (29, 10), (33, 16)]","[(16, 10), (13, 12), (13, 12), (3, 10), (19, 12), (19, 11), (26, 2), (31, 3), (30, 3), (29, 6), (29, 10), (33, 16)]","[(34, 16), (34, 15), (34, 14), (33, 14), (32, 14), (31, 14), (30, 14), (30, 13), (30, 12), (31, 12), (32, 12), (33, 12), (34, 12), (34, 11), (34, 10), (33, 10), (32, 10), (31, 10), (30, 10), (30, 9), (30, 8), (31, 8), (32, 8), (33, 8), (34, 8), (34, 7), (34, 6), (33, 6), (32, 6), (31, 6), (30, 6), (30, 5), (30, 4), (31, 4), (32, 4), (33, 4), (34, 4), (34, 3), (34, 2), (34, 1), (33, 1), (32, 1), (31, 1), (30, 1), (29, 1), (28, 1), (27, 1), (27, 2), (27, 3), (27, 4), (27, 5), (27, 6), (27, 7), (27, 8), (27, 9), (26, 9), (25, 9), (24, 9), (23, 9), (22, 9), (21, 9), (20, 9), (20, 10), (20, 11), (20, 12), (21, 12), (22, 12), (23, 12), (24, 12), (24, 11), (25, 11), (26, 11), (27, 11), (27, 12), (27, 13), (27, 14), (26, 14), (25, 14), (25, 15), (25, 16), (26, 16), (27, 16), (28, 16), (29, 16), (30, 16), (31, 16), (32, 16), (33, 16), (24, 16), (23, 16), (22, 16), (21, 16), (20, 16), (19, 16), (18, 16), (17, 16), (16, 16), (15, 16), (14, 16), (13, 16), (12, 16), (11, 16), (10, 16), (9, 16), (8, 16), (7, 16), (6, 16), (5, 16), (4, 16), (3, 16), (2, 16), (1, 16), (1, 15), (1, 14), (1, 13), (1, 12), (1, 11), (1, 10), (1, 9), (1, 8), (1, 7), (2, 7), (3, 7), (4, 7), (4, 8), (4, 9), (4, 10), (4, 11), (4, 12), (4, 13), (4, 14), (5, 14), (6, 14), (6, 13), (6, 12), (6, 11), (6, 10), (6, 9), (6, 8), (7, 8), (8, 8), (8, 9), (8, 10), (8, 11), (8, 12), (8, 13), (8, 14), (9, 14), (10, 14), (10, 13), (10, 12), (10, 11), (10, 10), (11, 10), (12, 10), (12, 11), (12, 12), (12, 13), (12, 14), (13, 14), (14, 14), (15, 14), (16, 14), (17, 14), (17, 13), (17, 12), (18, 12), (19, 12), (19, 11), (16, 12), (15, 12), (14, 12), (14, 11), (14, 10)]",163,0,163
176,"(16, 10)","(15, 10)",East,"[(17, 10) via East]","[(16, 10), (13, 12), (13, 12), (3, 10), (19, 12), (19, 11), (26, 2), (31, 3), (30, 3), (29, 6), (29, 10), (33, 16)]","[(17, 10), (13, 12), (13, 12), (3, 10), (19, 12), (19, 11), (26, 2), (31, 3), (30, 3), (29, 6), (29, 10), (33, 16)]","[(34, 16), (34, 15), (34, 14), (33, 14), (32, 14), (31, 14), (30, 14), (30, 13), (30, 12), (31, 12), (32, 12), (33, 12), (34, 12), (34, 11), (34, 10), (33, 10), (32, 10), (31, 10), (30, 10), (30, 9), (30, 8), (31, 8), (32, 8), (33, 8), (34, 8), (34, 7), (34, 6), (33, 6), (32, 6), (31, 6), (30, 6), (30, 5), (30, 4), (31, 4), (32, 4), (33, 4), (34, 4), (34, 3), (34, 2), (34, 1), (33, 1), (32, 1), (31, 1), (30, 1), (29, 1), (28, 1), (27, 1), (27, 2), (27, 3), (27, 4), (27, 5), (27, 6), (27, 7), (27, 8), (27, 9), (26, 9), (25, 9), (24, 9), (23, 9), (22, 9), (21, 9), (20, 9), (20, 10), (20, 11), (20, 12), (21, 12), (22, 12), (23, 12), (24, 12), (24, 11), (25, 11), (26, 11), (27, 11), (27, 12), (27, 13), (27, 14), (26, 14), (25, 14), (25, 15), (25, 16), (26, 16), (27, 16), (28, 16), (29, 16), (30, 16), (31, 16), (32, 16), (33, 16), (24, 16), (23, 16), (22, 16), (21, 16), (20, 16), (19, 16), (18, 16), (17, 16), (16, 16), (15, 16), (14, 16), (13, 16), (12, 16), (11, 16), (10, 16), (9, 16), (8, 16), (7, 16), (6, 16), (5, 16), (4, 16), (3, 16), (2, 16), (1, 16), (1, 15), (1, 14), (1, 13), (1, 12), (1, 11), (1, 10), (1, 9), (1, 8), (1, 7), (2, 7), (3, 7), (4, 7), (4, 8), (4, 9), (4, 10), (4, 11), (4, 12), (4, 13), (4, 14), (5, 14), (6, 14), (6, 13), (6, 12), (6, 11), (6, 10), (6, 9), (6, 8), (7, 8), (8, 8), (8, 9), (8, 10), (8, 11), (8, 12), (8, 13), (8, 14), (9, 14), (10, 14), (10, 13), (10, 12), (10, 11), (10, 10), (11, 10), (12, 10), (12, 11), (12, 12), (12, 13), (12, 14), (13, 14), (14, 14), (15, 14), (16, 14), (17, 14), (17, 13), (17, 12), (18, 12), (19, 12), (19, 11), (16, 12), (15, 12), (14, 12), (14, 11), (14, 10), (15, 10)]",164,0,164
177,"(17, 10)","(16, 10)",East,"[(17, 9) via South]","[(17, 10), (13, 12), (13, 12), (3, 10), (19, 12), (19, 11), (26, 2), (31, 3), (30, 3), (29, 6), (29, 10), (33, 16)]","[(17, 9), (13, 12), (13, 12), (3, 10), (19, 12), (19, 11), (26, 2), (31, 3), (30, 3), (29, 6), (29, 10), (33, 16)]","[(34, 16), (34, 15), (34, 14), (33, 14), (32, 14), (31, 14), (30, 14), (30, 13), (30, 12), (31, 12), (32, 12), (33, 12), (34, 12), (34, 11), (34, 10), (33, 10), (32, 10), (31, 10), (30, 10), (30, 9), (30, 8), (31, 8), (32, 8), (33, 8), (34, 8), (34, 7), (34, 6), (33, 6), (32, 6), (31, 6), (30, 6), (30, 5), (30, 4), (31, 4), (32, 4), (33, 4), (34, 4), (34, 3), (34, 2), (34, 1), (33, 1), (32, 1), (31, 1), (30, 1), (29, 1), (28, 1), (27, 1), (27, 2), (27, 3), (27, 4), (27, 5), (27, 6), (27, 7), (27, 8), (27, 9), (26, 9), (25, 9), (24, 9), (23, 9), (22, 9), (21, 9), (20, 9), (20, 10), (20, 11), (20, 12), (21, 12), (22, 12), (23, 12), (24, 12), (24, 11), (25, 11), (26, 11), (27, 11), (27, 12), (27, 13), (27, 14), (26, 14), (25, 14), (25, 15), (25, 16), (26, 16), (27, 16), (28, 16), (29, 16), (30, 16), (31, 16), (32, 16), (33, 16), (24, 16), (23, 16), (22, 16), (21, 16), (20, 16), (19, 16), (18, 16), (17, 16), (16, 16), (15, 16), (14, 16), (13, 16), (12, 16), (11, 16), (10, 16), (9, 16), (8, 16), (7, 16), (6, 16), (5, 16), (4, 16), (3, 16), (2, 16), (1, 16), (1, 15), (1, 14), (1, 13), (1, 12), (1, 11), (1, 10), (1, 9), (1, 8), (1, 7), (2, 7), (3, 7), (4, 7), (4, 8), (4, 9), (4, 10), (4, 11), (4, 12), (4, 13), (4, 14), (5, 14), (6, 14), (6, 13), (6, 12), (6, 11), (6, 10), (6, 9), (6, 8), (7, 8), (8, 8), (8, 9), (8, 10), (8, 11), (8, 12), (8, 13), (8, 14), (9, 14), (10, 14), (10, 13), (10, 12), (10, 11), (10, 10), (11, 10), (12, 10), (12, 11), (12, 12), (12, 13), (12, 14), (13, 14), (14, 14), (15, 14), (16, 14), (17, 14), (17, 13), (17, 12), (18, 12), (19, 12), (19, 11), (16, 12), (15, 12), (14, 12), (14, 11), (14, 10), (15, 10), (16, 10)]",165,0,165
178,"(17, 9)","(17, 10)",South,"[(17, 8) via South]","[(17, 9), (13, 12), (13, 12), (3, 10), (19, 12), (19, 11), (26, 2), (31, 3), (30, 3), (29, 6), (29, 10), (33, 16)]","[(17, 8), (13, 12), (13, 12), (3, 10), (19, 12), (19, 11), (26, 2), (31, 3), (30, 3), (29, 6), (29, 10), (33, 16)]","[(34, 16), (34, 15), (34, 14), (33, 14), (32, 14), (31, 14), (30, 14), (30, 13), (30, 12), (31, 12), (32, 12), (33, 12), (34, 12), (34, 11), (34, 10), (33, 10), (32, 10), (31, 10), (30, 10), (30, 9), (30, 8), (31, 8), (32, 8), (33, 8), (34, 8), (34, 7), (34, 6), (33, 6), (32, 6), (31, 6), (30, 6), (30, 5), (30, 4), (31, 4), (32, 4), (33, 4), (34, 4), (34, 3), (34, 2), (34, 1), (33, 1), (32, 1), (31, 1), (30, 1), (29, 1), (28, 1), (27, 1), (27, 2), (27, 3), (27, 4), (27, 5), (27, 6), (27, 7), (27, 8), (27, 9), (26, 9), (25, 9), (24, 9), (23, 9), (22, 9), (21, 9), (20, 9), (20, 10), (20, 11), (20, 12), (21, 12), (22, 12), (23, 12), (24, 12), (24, 11), (25, 11), (26, 11), (27, 11), (27, 12), (27, 13), (27, 14), (26, 14), (25, 14), (25, 15), (25, 16), (26, 16), (27, 16), (28, 16), (29, 16), (30, 16), (31, 16), (32, 16), (33, 16), (24, 16), (23, 16), (22, 16), (21, 16), (20, 16), (19, 16), (18, 16), (17, 16), (16, 16), (15, 16), (14, 16), (13, 16), (12, 16), (11, 16), (10, 16), (9, 16), (8, 16), (7, 16), (6, 16), (5, 16), (4, 16), (3, 16), (2, 16), (1, 16), (1, 15), (1, 14), (1, 13), (1, 12), (1, 11), (1, 10), (1, 9), (1, 8), (1, 7), (2, 7), (3, 7), (4, 7), (4, 8), (4, 9), (4, 10), (4, 11), (4, 12), (4, 13), (4, 14), (5, 14), (6, 14), (6, 13), (6, 12), (6, 11), (6, 10), (6, 9), (6, 8), (7, 8), (8, 8), (8, 9), (8, 10), (8, 11), (8, 12), (8, 13), (8, 14), (9, 14), (10, 14), (10, 13), (10, 12), (10, 11), (10, 10), (11, 10), (12, 10), (12, 11), (12, 12), (12, 13), (12, 14), (13, 14), (14, 14), (15, 14), (16, 14), (17, 14), (17, 13), (17, 12), (18, 12), (19, 12), (19, 11), (16, 12), (15, 12), (14, 12), (14, 11), (14, 10), (15, 10), (16, 10), (17, 10)]",166,0,166
179,"(17, 8)","(17, 9)",South,"[(16, 8) via West]","[(17, 8), (13, 12), (13, 12), (3, 10), (19, 12), (19, 11), (26, 2), (31, 3), (30, 3), (29, 6), (29, 10), (33, 16)]","[(16, 8), (13, 12), (13, 12), (3, 10), (19, 12), (19, 11), (26, 2), (31, 3), (30, 3), (29, 6), (29, 10), (33, 16)]","[(34, 16), (34, 15), (34, 14), (33, 14), (32, 14), (31, 14), (30, 14), (30, 13), (30, 12), (31, 12), (32, 12), (33, 12), (34, 12), (34, 11), (34, 10), (33, 10), (32, 10), (31, 10), (30, 10), (30, 9), (30, 8), (31, 8), (32, 8), (33, 8), (34, 8), (34, 7), (34, 6), (33, 6), (32, 6), (31, 6), (30, 6), (30, 5), (30, 4), (31, 4), (32, 4), (33, 4), (34, 4), (34, 3), (34, 2), (34, 1), (33, 1), (32, 1), (31, 1), (30, 1), (29, 1), (28, 1), (27, 1), (27, 2), (27, 3), (27, 4), (27, 5), (27, 6), (27, 7), (27, 8), (27, 9), (26, 9), (25, 9), (24, 9), (23, 9), (22, 9), (21, 9), (20, 9), (20, 10), (20, 11), (20, 12), (21, 12), (22, 12), (23, 12), (24, 12), (24, 11), (25, 11), (26, 11), (27, 11), (27, 12), (27, 13), (27, 14), (26, 14), (25, 14), (25, 15), (25, 16), (26, 16), (27, 16), (28, 16), (29, 16), (30, 16), (31, 16), (32, 16), (33, 16), (24, 16), (23, 16), (22, 16), (21, 16), (20, 16), (19, 16), (18, 16), (17, 16), (16, 16), (15, 16), (14, 16), (13, 16), (12, 16), (11, 16), (10, 16), (9, 16), (8, 16), (7, 16), (6, 16), (5, 16), (4, 16), (3, 16), (2, 16), (1, 16), (1, 15), (1, 14), (1, 13), (1, 12), (1, 11), (1, 10), (1, 9), (1, 8), (1, 7), (2, 7), (3, 7), (4, 7), (4, 8), (4, 9), (4, 10), (4, 11), (4, 12), (4, 13), (4, 14), (5, 14), (6, 14), (6, 13), (6, 12), (6, 11), (6, 10), (6, 9), (6, 8), (7, 8), (8, 8), (8, 9), (8, 10), (8, 11), (8, 12), (8, 13), (8, 14), (9, 14), (10, 14), (10, 13), (10, 12), (10, 11), (10, 10), (11, 10), (12, 10), (12, 11), (12, 12), (12, 13), (12, 14), (13, 14), (14, 14), (15, 14), (16, 14), (17, 14), (17, 13), (17, 12), (18, 12), (19, 12), (19, 11), (16, 12), (15, 12), (14, 12), (14, 11), (14, 10), (15, 10), (16, 10), (17, 10), (17, 9)]",167,0,167
180,"(16, 8)","(17, 8)",West,"[(15, 8) via West]","[(16, 8), (13, 12), (13, 12), (3, 10), (19, 12), (19, 11), (26, 2), (31, 3), (30, 3), (29, 6), (29, 10), (33, 16)]","[(15, 8), (13, 12), (13, 12), (3, 10), (19, 12), (19, 11), (26, 2), (31, 3), (30, 3), (29, 6), (29, 10), (33, 16)]","[(34, 16), (34, 15), (34, 14), (33, 14), (32, 14), (31, 14), (30, 14), (30, 13), (30, 12), (31, 12), (32, 12), (33, 12), (34, 12), (34, 11), (34, 10), (33, 10), (32, 10), (31, 10), (30, 10), (30, 9), (30, 8), (31, 8), (32, 8), (33, 8), (34, 8), (34, 7), (34, 6), (33, 6), (32, 6), (31, 6), (30, 6), (30, 5), (30, 4), (31, 4), (32, 4), (33, 4), (34, 4), (34, 3), (34, 2), (34, 1), (33, 1), (32, 1), (31, 1), (30, 1), (29, 1), (28, 1), (27, 1), (27, 2), (27, 3), (27, 4), (27, 5), (27, 6), (27, 7), (27, 8), (27, 9), (26, 9), (25, 9), (24, 9), (23, 9), (22, 9), (21, 9), (20, 9), (20, 10), (20, 11), (20, 12), (21, 12), (22, 12), (23, 12), (24, 12), (24, 11), (25, 11), (26, 11), (27, 11), (27, 12), (27, 13), (27, 14), (26, 14), (25, 14), (25, 15), (25, 16), (26, 16), (27, 16), (28, 16), (29, 16), (30, 16), (31, 16), (32, 16), (33, 16), (24, 16), (23, 16), (22, 16), (21, 16), (20, 16), (19, 16), (18, 16), (17, 16), (16, 16), (15, 16), (14, 16), (13, 16), (12, 16), (11, 16), (10, 16), (9, 16), (8, 16), (7, 16), (6, 16), (5, 16), (4, 16), (3, 16), (2, 16), (1, 16), (1, 15), (1, 14), (1, 13), (1, 12), (1, 11), (1, 10), (1, 9), (1, 8), (1, 7), (2, 7), (3, 7), (4, 7), (4, 8), (4, 9), (4, 10), (4, 11), (4, 12), (4, 13), (4, 14), (5, 14), (6, 14), (6, 13), (6, 12), (6, 11), (6, 10), (6, 9), (6, 8), (7, 8), (8, 8), (8, 9), (8, 10), (8, 11), (8, 12), (8, 13), (8, 14), (9, 14), (10, 14), (10, 13), (10, 12), (10, 11), (10, 10), (11, 10), (12, 10), (12, 11), (12, 12), (12, 13), (12, 14), (13, 14), (14, 14), (15, 14), (16, 14), (17, 14), (17, 13), (17, 12), (18, 12), (19, 12), (19, 11), (16, 12), (15, 12), (14, 12), (14, 11), (14, 10), (15, 10), (16, 10), (17, 10), (17, 9), (17, 8)]",168,0,168
181,"(15, 8)","(16, 8)",West,"[(14, 8) via West]","[(15, 8), (13, 12), (13, 12), (3, 10), (19, 12), (19, 11), (26, 2), (31, 3), (30, 3), (29, 6), (29, 10), (33, 16)]","[(14, 8), (13, 12), (13, 12), (3, 10), (19, 12), (19, 11), (26, 2), (31, 3), (30, 3), (29, 6), (29, 10), (33, 16)]","[(34, 16), (34, 15), (34, 14), (33, 14), (32, 14), (31, 14), (30, 14), (30, 13), (30, 12), (31, 12), (32, 12), (33, 12), (34, 12), (34, 11), (34, 10), (33, 10), (32, 10), (31, 10), (30, 10), (30, 9), (30, 8), (31, 8), (32, 8), (33, 8), (34, 8), (34, 7), (34, 6), (33, 6), (32, 6), (31, 6), (30, 6), (30, 5), (30, 4), (31, 4), (32, 4), (33, 4), (34, 4), (34, 3), (34, 2), (34, 1), (33, 1), (32, 1), (31, 1), (30, 1), (29, 1), (28, 1), (27, 1), (27, 2), (27, 3), (27, 4), (27, 5), (27, 6), (27, 7), (27, 8), (27, 9), (26, 9), (25, 9), (24, 9), (23, 9), (22, 9), (21, 9), (20, 9), (20, 10), (20, 11), (20, 12), (21, 12), (22, 12), (23, 12), (24, 12), (24, 11), (25, 11), (26, 11), (27, 11), (27, 12), (27, 13), (27, 14), (26, 14), (25, 14), (25, 15), (25, 16), (26, 16), (27, 16), (28, 16), (29, 16), (30, 16), (31, 16), (32, 16), (33, 16), (24, 16), (23, 16), (22, 16), (21, 16), (20, 16), (19, 16), (18, 16), (17, 16), (16, 16), (15, 16), (14, 16), (13, 16), (12, 16), (11, 16), (10, 16), (9, 16), (8, 16), (7, 16), (6, 16), (5, 16), (4, 16), (3, 16), (2, 16), (1, 16), (1, 15), (1, 14), (1, 13), (1, 12), (1, 11), (1, 10), (1, 9), (1, 8), (1, 7), (2, 7), (3, 7), (4, 7), (4, 8), (4, 9), (4, 10), (4, 11), (4, 12), (4, 13), (4, 14), (5, 14), (6, 14), (6, 13), (6, 12), (6, 11), (6, 10), (6, 9), (6, 8), (7, 8), (8, 8), (8, 9), (8, 10), (8, 11), (8, 12), (8, 13), (8, 14), (9, 14), (10, 14), (10, 13), (10, 12), (10, 11), (10, 10), (11, 10), (12, 10), (12, 11), (12, 12), (12, 13), (12, 14), (13, 14), (14, 14), (15, 14), (16, 14), (17, 14), (17, 13), (17, 12), (18, 12), (19, 12), (19, 11), (16, 12), (15, 12), (14, 12), (14, 11), (14, 10), (15, 10), (16, 10), (17, 10), (17, 9), (17, 8), (16, 8)]",169,0,169
182,"(14, 8)","(15, 8)",West,"[(13, 8) via West]","[(14, 8), (13, 12), (13, 12), (3, 10), (19, 12), (19, 11), (26, 2), (31, 3), (30, 3), (29, 6), (29, 10), (33, 16)]","[(13, 8), (13, 12), (13, 12), (3, 10), (19, 12), (19, 11), (26, 2), (31, 3), (30, 3), (29, 6), (29, 10), (33, 16)]","[(34, 16), (34, 15), (34, 14), (33, 14), (32, 14), (31, 14), (30, 14), (30, 13), (30, 12), (31, 12), (32, 12), (33, 12), (34, 12), (34, 11), (34, 10), (33, 10), (32, 10), (31, 10), (30, 10), (30, 9), (30, 8), (31, 8), (32, 8), (33, 8), (34, 8), (34, 7), (34, 6), (33, 6), (32, 6), (31, 6), (30, 6), (30, 5), (30, 4), (31, 4), (32, 4), (33, 4), (34, 4), (34, 3), (34, 2), (34, 1), (33, 1), (32, 1), (31, 1), (30, 1), (29, 1), (28, 1), (27, 1), (27, 2), (27, 3), (27, 4), (27, 5), (27, 6), (27, 7), (27, 8), (27, 9), (26, 9), (25, 9), (24, 9), (23, 9), (22, 9), (21, 9), (20, 9), (20, 10), (20, 11), (20, 12), (21, 12), (22, 12), (23, 12), (24, 12), (24, 11), (25, 11), (26, 11), (27, 11), (27, 12), (27, 13), (27, 14), (26, 14), (25, 14), (25, 15), (25, 16), (26, 16), (27, 16), (28, 16), (29, 16), (30, 16), (31, 16), (32, 16), (33, 16), (24, 16), (23, 16), (22, 16), (21, 16), (20, 16), (19, 16), (18, 16), (17, 16), (16, 16), (15, 16), (14, 16), (13, 16), (12, 16), (11, 16), (10, 16), (9, 16), (8, 16), (7, 16), (6, 16), (5, 16), (4, 16), (3, 16), (2, 16), (1, 16), (1, 15), (1, 14), (1, 13), (1, 12), (1, 11), (1, 10), (1, 9), (1, 8), (1, 7), (2, 7), (3, 7), (4, 7), (4, 8), (4, 9), (4, 10), (4, 11), (4, 12), (4, 13), (4, 14), (5, 14), (6, 14), (6, 13), (6, 12), (6, 11), (6, 10), (6, 9), (6, 8), (7, 8), (8, 8), (8, 9), (8, 10), (8, 11), (8, 12), (8, 13), (8, 14), (9, 14), (10, 14), (10, 13), (10, 12), (10, 11), (10, 10), (11, 10), (12, 10), (12, 11), (12, 12), (12, 13), (12, 14), (13, 14), (14, 14), (15, 14), (16, 14), (17, 14), (17, 13), (17, 12), (18, 12), (19, 12), (19, 11), (16, 12), (15, 12), (14, 12), (14, 11), (14, 10), (15, 10), (16, 10), (17, 10), (17, 9), (17, 8), (16, 8), (15, 8)]",170,0,170
183,"(13, 8)","(14, 8)",West,"[(12, 8) via West]","[(13, 8), (13, 12), (13, 12), (3, 10), (19, 12), (19, 11), (26, 2), (31, 3), (30, 3), (29, 6), (29, 10), (33, 16)]","[(12, 8), (13, 12), (13, 12), (3, 10), (19, 12), (19, 11), (26, 2), (31, 3), (30, 3), (29, 6), (29, 10), (33, 16)]","[(34, 16), (34, 15), (34, 14), (33, 14), (32, 14), (31, 14), (30, 14), (30, 13), (30, 12), (31, 12), (32, 12), (33, 12), (34, 12), (34, 11), (34, 10), (33, 10), (32, 10), (31, 10), (30, 10), (30, 9), (30, 8), (31, 8), (32, 8), (33, 8), (34, 8), (34, 7), (34, 6), (33, 6), (32, 6), (31, 6), (30, 6), (30, 5), (30, 4), (31, 4), (32, 4), (33, 4), (34, 4), (34, 3), (34, 2), (34, 1), (33, 1), (32, 1), (31, 1), (30, 1), (29, 1), (28, 1), (27, 1), (27, 2), (27, 3), (27, 4), (27, 5), (27, 6), (27, 7), (27, 8), (27, 9), (26, 9), (25, 9), (24, 9), (23, 9), (22, 9), (21, 9), (20, 9), (20, 10), (20, 11), (20, 12), (21, 12), (22, 12), (23, 12), (24, 12), (24, 11), (25, 11), (26, 11), (27, 11), (27, 12), (27, 13), (27, 14), (26, 14), (25, 14), (25, 15), (25, 16), (26, 16), (27, 16), (28, 16), (29, 16), (30, 16), (31, 16), (32, 16), (33, 16), (24, 16), (23, 16), (22, 16), (21, 16), (20, 16), (19, 16), (18, 16), (17, 16), (16, 16), (15, 16), (14, 16), (13, 16), (12, 16), (11, 16), (10, 16), (9, 16), (8, 16), (7, 16), (6, 16), (5, 16), (4, 16), (3, 16), (2, 16), (1, 16), (1, 15), (1, 14), (1, 13), (1, 12), (1, 11), (1, 10), (1, 9), (1, 8), (1, 7), (2, 7), (3, 7), (4, 7), (4, 8), (4, 9), (4, 10), (4, 11), (4, 12), (4, 13), (4, 14), (5, 14), (6, 14), (6, 13), (6, 12), (6, 11), (6, 10), (6, 9), (6, 8), (7, 8), (8, 8), (8, 9), (8, 10), (8, 11), (8, 12), (8, 13), (8, 14), (9, 14), (10, 14), (10, 13), (10, 12), (10, 11), (10, 10), (11, 10), (12, 10), (12, 11), (12, 12), (12, 13), (12, 14), (13, 14), (14, 14), (15, 14), (16, 14), (17, 14), (17, 13), (17, 12), (18, 12), (19, 12), (19, 11), (16, 12), (15, 12), (14, 12), (14, 11), (14, 10), (15, 10), (16, 10), (17, 10), (17, 9), (17, 8), (16, 8), (15, 8), (14, 8)]",171,0,171
184,"(12, 8)","(13, 8)",West,"[(11, 8) via West]","[(12, 8), (13, 12), (13, 12), (3, 10), (19, 12), (19, 11), (26, 2), (31, 3), (30, 3), (29, 6), (29, 10), (33, 16)]","[(11, 8), (13, 12), (13, 12), (3, 10), (19, 12), (19, 11), (26, 2), (31, 3), (30, 3), (29, 6), (29, 10), (33, 16)]","[(34, 16), (34, 15), (34, 14), (33, 14), (32, 14), (31, 14), (30, 14), (30, 13), (30, 12), (31, 12), (32, 12), (33, 12), (34, 12), (34, 11), (34, 10), (33, 10), (32, 10), (31, 10), (30, 10), (30, 9), (30, 8), (31, 8), (32, 8), (33, 8), (34, 8), (34, 7), (34, 6), (33, 6), (32, 6), (31, 6), (30, 6), (30, 5), (30, 4), (31, 4), (32, 4), (33, 4), (34, 4), (34, 3), (34, 2), (34, 1), (33, 1), (32, 1), (31, 1), (30, 1), (29, 1), (28, 1), (27, 1), (27, 2), (27, 3), (27, 4), (27, 5), (27, 6), (27, 7), (27, 8), (27, 9), (26, 9), (25, 9), (24, 9), (23, 9), (22, 9), (21, 9), (20, 9), (20, 10), (20, 11), (20, 12), (21, 12), (22, 12), (23, 12), (24, 12), (24, 11), (25, 11), (26, 11), (27, 11), (27, 12), (27, 13), (27, 14), (26, 14), (25, 14), (25, 15), (25, 16), (26, 16), (27, 16), (28, 16), (29, 16), (30, 16), (31, 16), (32, 16), (33, 16), (24, 16), (23, 16), (22, 16), (21, 16), (20, 16), (19, 16), (18, 16), (17, 16), (16, 16), (15, 16), (14, 16), (13, 16), (12, 16), (11, 16), (10, 16), (9, 16), (8, 16), (7, 16), (6, 16), (5, 16), (4, 16), (3, 16), (2, 16), (1, 16), (1, 15), (1, 14), (1, 13), (1, 12), (1, 11), (1, 10), (1, 9), (1, 8), (1, 7), (2, 7), (3, 7), (4, 7), (4, 8), (4, 9), (4, 10), (4, 11), (4, 12), (4, 13), (4, 14), (5, 14), (6, 14), (6, 13), (6, 12), (6, 11), (6, 10), (6, 9), (6, 8), (7, 8), (8, 8), (8, 9), (8, 10), (8, 11), (8, 12), (8, 13), (8, 14), (9, 14), (10, 14), (10, 13), (10, 12), (10, 11), (10, 10), (11, 10), (12, 10), (12, 11), (12, 12), (12, 13), (12, 14), (13, 14), (14, 14), (15, 14), (16, 14), (17, 14), (17, 13), (17, 12), (18, 12), (19, 12), (19, 11), (16, 12), (15, 12), (14, 12), (14, 11), (14, 10), (15, 10), (16, 10), (17, 10), (17, 9), (17, 8), (16, 8), (15, 8), (14, 8), (13, 8)]",172,0,172
185,"(11, 8)","(12, 8)",West,"[(11, 7) via South]","[(11, 8), (13, 12), (13, 12), (3, 10), (19, 12), (19, 11), (26, 2), (31, 3), (30, 3), (29, 6), (29, 10), (33, 16)]","[(11, 7), (13, 12), (13, 12), (3, 10), (19, 12), (19, 11), (26, 2), (31, 3), (30, 3), (29, 6), (29, 10), (33, 16)]","[(34, 16), (34, 15), (34, 14), (33, 14), (32, 14), (31, 14), (30, 14), (30, 13), (30, 12), (31, 12), (32, 12), (33, 12), (34, 12), (34, 11), (34, 10), (33, 10), (32, 10), (31, 10), (30, 10), (30, 9), (30, 8), (31, 8), (32, 8), (33, 8), (34, 8), (34, 7), (34, 6), (33, 6), (32, 6), (31, 6), (30, 6), (30, 5), (30, 4), (31, 4), (32, 4), (33, 4), (34, 4), (34, 3), (34, 2), (34, 1), (33, 1), (32, 1), (31, 1), (30, 1), (29, 1), (28, 1), (27, 1), (27, 2), (27, 3), (27, 4), (27, 5), (27, 6), (27, 7), (27, 8), (27, 9), (26, 9), (25, 9), (24, 9), (23, 9), (22, 9), (21, 9), (20, 9), (20, 10), (20, 11), (20, 12), (21, 12), (22, 12), (23, 12), (24, 12), (24, 11), (25, 11), (26, 11), (27, 11), (27, 12), (27, 13), (27, 14), (26, 14), (25, 14), (25, 15), (25, 16), (26, 16), (27, 16), (28, 16), (29, 16), (30, 16), (31, 16), (32, 16), (33, 16), (24, 16), (23, 16), (22, 16), (21, 16), (20, 16), (19, 16), (18, 16), (17, 16), (16, 16), (15, 16), (14, 16), (13, 16), (12, 16), (11, 16), (10, 16), (9, 16), (8, 16), (7, 16), (6, 16), (5, 16), (4, 16), (3, 16), (2, 16), (1, 16), (1, 15), (1, 14), (1, 13), (1, 12), (1, 11), (1, 10), (1, 9), (1, 8), (1, 7), (2, 7), (3, 7), (4, 7), (4, 8), (4, 9), (4, 10), (4, 11), (4, 12), (4, 13), (4, 14), (5, 14), (6, 14), (6, 13), (6, 12), (6, 11), (6, 10), (6, 9), (6, 8), (7, 8), (8, 8), (8, 9), (8, 10), (8, 11), (8, 12), (8, 13), (8, 14), (9, 14), (10, 14), (10, 13), (10, 12), (10, 11), (10, 10), (11, 10), (12, 10), (12, 11), (12, 12), (12, 13), (12, 14), (13, 14), (14, 14), (15, 14), (16, 14), (17, 14), (17, 13), (17, 12), (18, 12), (19, 12), (19, 11), (16, 12), (15, 12), (14, 12), (14, 11), (14, 10), (15, 10), (16, 10), (17, 10), (17, 9), (17, 8), (16, 8), (15, 8), (14, 8), (13, 8), (12, 8)]",173,0,173
186,"(11, 7)","(11, 8)",South,"[(11, 6) via South]","[(11, 7), (13, 12), (13, 12), (3, 10), (19, 12), (19, 11), (26, 2), (31, 3), (30, 3), (29, 6), (29, 10), (33, 16)]","[(11, 6), (13, 12), (13, 12), (3, 10), (19, 12), (19, 11), (26, 2), (31, 3), (30, 3), (29, 6), (29, 10), (33, 16)]","[(34, 16), (34, 15), (34, 14), (33, 14), (32, 14), (31, 14), (30, 14), (30, 13), (30, 12), (31, 12), (32, 12), (33, 12), (34, 12), (34, 11), (34, 10), (33, 10), (32, 10), (31, 10), (30, 10), (30, 9), (30, 8), (31, 8), (32, 8), (33, 8), (34, 8), (34, 7), (34, 6), (33, 6), (32, 6), (31, 6), (30, 6), (30, 5), (30, 4), (31, 4), (32, 4), (33, 4), (34, 4), (34, 3), (34, 2), (34, 1), (33, 1), (32, 1), (31, 1), (30, 1), (29, 1), (28, 1), (27, 1), (27, 2), (27, 3), (27, 4), (27, 5), (27, 6), (27, 7), (27, 8), (27, 9), (26, 9), (25, 9), (24, 9), (23, 9), (22, 9), (21, 9), (20, 9), (20, 10), (20, 11), (20, 12), (21, 12), (22, 12), (23, 12), (24, 12), (24, 11), (25, 11), (26, 11), (27, 11), (27, 12), (27, 13), (27, 14), (26, 14), (25, 14), (25, 15), (25, 16), (26, 16), (27, 16), (28, 16), (29, 16), (30, 16), (31, 16), (32, 16), (33, 16), (24, 16), (23, 16), (22, 16), (21, 16), (20, 16), (19, 16), (18, 16), (17, 16), (16, 16), (15, 16), (14, 16), (13, 16), (12, 16), (11, 16), (10, 16), (9, 16), (8, 16), (7, 16), (6, 16), (5, 16), (4, 16), (3, 16), (2, 16), (1, 16), (1, 15), (1, 14), (1, 13), (1, 12), (1, 11), (1, 10), (1, 9), (1, 8), (1, 7), (2, 7), (3, 7), (4, 7), (4, 8), (4, 9), (4, 10), (4, 11), (4, 12), (4, 13), (4, 14), (5, 14), (6, 14), (6, 13), (6, 12), (6, 11), (6, 10), (6, 9), (6, 8), (7, 8), (8, 8), (8, 9), (8, 10), (8, 11), (8, 12), (8, 13), (8, 14), (9, 14), (10, 14), (10, 13), (10, 12), (10, 11), (10, 10), (11, 10), (12, 10), (12, 11), (12, 12), (12, 13), (12, 14), (13, 14), (14, 14), (15, 14), (16, 14), (17, 14), (17, 13), (17, 12), (18, 12), (19, 12), (19, 11), (16, 12), (15, 12), (14, 12), (14, 11), (14, 10), (15, 10), (16, 10), (17, 10), (17, 9), (17, 8), (16, 8), (15, 8), (14, 8), (13, 8), (12, 8), (11, 8)]",174,0,174
187,"(11, 6)","(11, 7)",South,"[(10, 6) via West]","[(11, 6), (13, 12), (13, 12), (3, 10), (19, 12), (19, 11), (26, 2), (31, 3), (30, 3), (29, 6), (29, 10), (33, 16)]","[(10, 6), (13, 12), (13, 12), (3, 10), (19, 12), (19, 11), (26, 2), (31, 3), (30, 3), (29, 6), (29, 10), (33, 16)]","[(34, 16), (34, 15), (34, 14), (33, 14), (32, 14), (31, 14), (30, 14), (30, 13), (30, 12), (31, 12), (32, 12), (33, 12), (34, 12), (34, 11), (34, 10), (33, 10), (32, 10), (31, 10), (30, 10), (30, 9), (30, 8), (31, 8), (32, 8), (33, 8), (34, 8), (34, 7), (34, 6), (33, 6), (32, 6), (31, 6), (30, 6), (30, 5), (30, 4), (31, 4), (32, 4), (33, 4), (34, 4), (34, 3), (34, 2), (34, 1), (33, 1), (32, 1), (31, 1), (30, 1), (29, 1), (28, 1), (27, 1), (27, 2), (27, 3), (27, 4), (27, 5), (27, 6), (27, 7), (27, 8), (27, 9), (26, 9), (25, 9), (24, 9), (23, 9), (22, 9), (21, 9), (20, 9), (20, 10), (20, 11), (20, 12), (21, 12), (22, 12), (23, 12), (24, 12), (24, 11), (25, 11), (26, 11), (27, 11), (27, 12), (27, 13), (27, 14), (26, 14), (25, 14), (25, 15), (25, 16), (26, 16), (27, 16), (28, 16), (29, 16), (30, 16), (31, 16), (32, 16), (33, 16), (24, 16), (23, 16), (22, 16), (21, 16), (20, 16), (19, 16), (18, 16), (17, 16), (16, 16), (15, 16), (14, 16), (13, 16), (12, 16), (11, 16), (10, 16), (9, 16), (8, 16), (7, 16), (6, 16), (5, 16), (4, 16), (3, 16), (2, 16), (1, 16), (1, 15), (1, 14), (1, 13), (1, 12), (1, 11), (1, 10), (1, 9), (1, 8), (1, 7), (2, 7), (3, 7), (4, 7), (4, 8), (4, 9), (4, 10), (4, 11), (4, 12), (4, 13), (4, 14), (5, 14), (6, 14), (6, 13), (6, 12), (6, 11), (6, 10), (6, 9), (6, 8), (7, 8), (8, 8), (8, 9), (8, 10), (8, 11), (8, 12), (8, 13), (8, 14), (9, 14), (10, 14), (10, 13), (10, 12), (10, 11), (10, 10), (11, 10), (12, 10), (12, 11), (12, 12), (12, 13), (12, 14), (13, 14), (14, 14), (15, 14), (16, 14), (17, 14), (17, 13), (17, 12), (18, 12), (19, 12), (19, 11), (16, 12), (15, 12), (14, 12), (14, 11), (14, 10), (15, 10), (16, 10), (17, 10), (17, 9), (17, 8), (16, 8), (15, 8), (14, 8), (13, 8), (12, 8), (11, 8), (11, 7)]",175,0,175
188,"(10, 6)","(11, 6)",West,"[(9, 6) via West]","[(10, 6), (13, 12), (13, 12), (3, 10), (19, 12), (19, 11), (26, 2), (31, 3), (30, 3), (29, 6), (29, 10), (33, 16)]","[(9, 6), (13, 12), (13, 12), (3, 10), (19, 12), (19, 11), (26, 2), (31, 3), (30, 3), (29, 6), (29, 10), (33, 16)]","[(34, 16), (34, 15), (34, 14), (33, 14), (32, 14), (31, 14), (30, 14), (30, 13), (30, 12), (31, 12), (32, 12), (33, 12), (34, 12), (34, 11), (34, 10), (33, 10), (32, 10), (31, 10), (30, 10), (30, 9), (30, 8), (31, 8), (32, 8), (33, 8), (34, 8), (34, 7), (34, 6), (33, 6), (32, 6), (31, 6), (30, 6), (30, 5), (30, 4), (31, 4), (32, 4), (33, 4), (34, 4), (34, 3), (34, 2), (34, 1), (33, 1), (32, 1), (31, 1), (30, 1), (29, 1), (28, 1), (27, 1), (27, 2), (27, 3), (27, 4), (27, 5), (27, 6), (27, 7), (27, 8), (27, 9), (26, 9), (25, 9), (24, 9), (23, 9), (22, 9), (21, 9), (20, 9), (20, 10), (20, 11), (20, 12), (21, 12), (22, 12), (23, 12), (24, 12), (24, 11), (25, 11), (26, 11), (27, 11), (27, 12), (27, 13), (27, 14), (26, 14), (25, 14), (25, 15), (25, 16), (26, 16), (27, 16), (28, 16), (29, 16), (30, 16), (31, 16), (32, 16), (33, 16), (24, 16), (23, 16), (22, 16), (21, 16), (20, 16), (19, 16), (18, 16), (17, 16), (16, 16), (15, 16), (14, 16), (13, 16), (12, 16), (11, 16), (10, 16), (9, 16), (8, 16), (7, 16), (6, 16), (5, 16), (4, 16), (3, 16), (2, 16), (1, 16), (1, 15), (1, 14), (1, 13), (1, 12), (1, 11), (1, 10), (1, 9), (1, 8), (1, 7), (2, 7), (3, 7), (4, 7), (4, 8), (4, 9), (4, 10), (4, 11), (4, 12), (4, 13), (4, 14), (5, 14), (6, 14), (6, 13), (6, 12), (6, 11), (6, 10), (6, 9), (6, 8), (7, 8), (8, 8), (8, 9), (8, 10), (8, 11), (8, 12), (8, 13), (8, 14), (9, 14), (10, 14), (10, 13), (10, 12), (10, 11), (10, 10), (11, 10), (12, 10), (12, 11), (12, 12), (12, 13), (12, 14), (13, 14), (14, 14), (15, 14), (16, 14), (17, 14), (17, 13), (17, 12), (18, 12), (19, 12), (19, 11), (16, 12), (15, 12), (14, 12), (14, 11), (14, 10), (15, 10), (16, 10), (17, 10), (17, 9), (17, 8), (16, 8), (15, 8), (14, 8), (13, 8), (12, 8), (11, 8), (11, 7), (11, 6)]",176,0,176
189,"(9, 6)","(10, 6)",West,"[(8, 6) via West]","[(9, 6), (13, 12), (13, 12), (3, 10), (19, 12), (19, 11), (26, 2), (31, 3), (30, 3), (29, 6), (29, 10), (33, 16)]","[(8, 6), (13, 12), (13, 12), (3, 10), (19, 12), (19, 11), (26, 2), (31, 3), (30, 3), (29, 6), (29, 10), (33, 16)]","[(34, 16), (34, 15), (34, 14), (33, 14), (32, 14), (31, 14), (30, 14), (30, 13), (30, 12), (31, 12), (32, 12), (33, 12), (34, 12), (34, 11), (34, 10), (33, 10), (32, 10), (31, 10), (30, 10), (30, 9), (30, 8), (31, 8), (32, 8), (33, 8), (34, 8), (34, 7), (34, 6), (33, 6), (32, 6), (31, 6), (30, 6), (30, 5), (30, 4), (31, 4), (32, 4), (33, 4), (34, 4), (34, 3), (34, 2), (34, 1), (33, 1), (32, 1), (31, 1), (30, 1), (29, 1), (28, 1), (27, 1), (27, 2), (27, 3), (27, 4), (27, 5), (27, 6), (27, 7), (27, 8), (27, 9), (26, 9), (25, 9), (24, 9), (23, 9), (22, 9), (21, 9), (20, 9), (20, 10), (20, 11), (20, 12), (21, 12), (22, 12), (23, 12), (24, 12), (24, 11), (25, 11), (26, 11), (27, 11), (27, 12), (27, 13), (27, 14), (26, 14), (25, 14), (25, 15), (25, 16), (26, 16), (27, 16), (28, 16), (29, 16), (30, 16), (31, 16), (32, 16), (33, 16), (24, 16), (23, 16), (22, 16), (21, 16), (20, 16), (19, 16), (18, 16), (17, 16), (16, 16), (15, 16), (14, 16), (13, 16), (12, 16), (11, 16), (10, 16), (9, 16), (8, 16), (7, 16), (6, 16), (5, 16), (4, 16), (3, 16), (2, 16), (1, 16), (1, 15), (1, 14), (1, 13), (1, 12), (1, 11), (1, 10), (1, 9), (1, 8), (1, 7), (2, 7), (3, 7), (4, 7), (4, 8), (4, 9), (4, 10), (4, 11), (4, 12), (4, 13), (4, 14), (5, 14), (6, 14), (6, 13), (6, 12), (6, 11), (6, 10), (6, 9), (6, 8), (7, 8), (8, 8), (8, 9), (8, 10), (8, 11), (8, 12), (8, 13), (8, 14), (9, 14), (10, 14), (10, 13), (10, 12), (10, 11), (10, 10), (11, 10), (12, 10), (12, 11), (12, 12), (12, 13), (12, 14), (13, 14), (14, 14), (15, 14), (16, 14), (17, 14), (17, 13), (17, 12), (18, 12), (19, 12), (19, 11), (16, 12), (15, 12), (14, 12), (14, 11), (14, 10), (15, 10), (16, 10), (17, 10), (17, 9), (17, 8), (16, 8), (15, 8), (14, 8), (13, 8), (12, 8), (11, 8), (11, 7), (11, 6), (10, 6)]",177,0,177
190,"(8, 6)","(9, 6)",West,"[(7, 6) via West]","[(8, 6), (13, 12), (13, 12), (3, 10), (19, 12), (19, 11), (26, 2), (31, 3), (30, 3), (29, 6), (29, 10), (33, 16)]","[(7, 6), (13, 12), (13, 12), (3, 10), (19, 12), (19, 11), (26, 2), (31, 3), (30, 3), (29, 6), (29, 10), (33, 16)]","[(34, 16), (34, 15), (34, 14), (33, 14), (32, 14), (31, 14), (30, 14), (30, 13), (30, 12), (31, 12), (32, 12), (33, 12), (34, 12), (34, 11), (34, 10), (33, 10), (32, 10), (31, 10), (30, 10), (30, 9), (30, 8), (31, 8), (32, 8), (33, 8), (34, 8), (34, 7), (34, 6), (33, 6), (32, 6), (31, 6), (30, 6), (30, 5), (30, 4), (31, 4), (32, 4), (33, 4), (34, 4), (34, 3), (34, 2), (34, 1), (33, 1), (32, 1), (31, 1), (30, 1), (29, 1), (28, 1), (27, 1), (27, 2), (27, 3), (27, 4), (27, 5), (27, 6), (27, 7), (27, 8), (27, 9), (26, 9), (25, 9), (24, 9), (23, 9), (22, 9), (21, 9), (20, 9), (20, 10), (20, 11), (20, 12), (21, 12), (22, 12), (23, 12), (24, 12), (24, 11), (25, 11), (26, 11), (27, 11), (27, 12), (27, 13), (27, 14), (26, 14), (25, 14), (25, 15), (25, 16), (26, 16), (27, 16), (28, 16), (29, 16), (30, 16), (31, 16), (32, 16), (33, 16), (24, 16), (23, 16), (22, 16), (21, 16), (20, 16), (19, 16), (18, 16), (17, 16), (16, 16), (15, 16), (14, 16), (13, 16), (12, 16), (11, 16), (10, 16), (9, 16), (8, 16), (7, 16), (6, 16), (5, 16), (4, 16), (3, 16), (2, 16), (1, 16), (1, 15), (1, 14), (1, 13), (1, 12), (1, 11), (1, 10), (1, 9), (1, 8), (1, 7), (2, 7), (3, 7), (4, 7), (4, 8), (4, 9), (4, 10), (4, 11), (4, 12), (4, 13), (4, 14), (5, 14), (6, 14), (6, 13), (6, 12), (6, 11), (6, 10), (6, 9), (6, 8), (7, 8), (8, 8), (8, 9), (8, 10), (8, 11), (8, 12), (8, 13), (8, 14), (9, 14), (10, 14), (10, 13), (10, 12), (10, 11), (10, 10), (11, 10), (12, 10), (12, 11), (12, 12), (12, 13), (12, 14), (13, 14), (14, 14), (15, 14), (16, 14), (17, 14), (17, 13), (17, 12), (18, 12), (19, 12), (19, 11), (16, 12), (15, 12), (14, 12), (14, 11), (14, 10), (15, 10), (16, 10), (17, 10), (17, 9), (17, 8), (16, 8), (15, 8), (14, 8), (13, 8), (12, 8), (11, 8), (11, 7), (11, 6), (10, 6), (9, 6)]",178,0,178
191,"(7, 6)","(8, 6)",West,"[(6, 6) via West]","[(7, 6), (13, 12), (13, 12), (3, 10), (19, 12), (19, 11), (26, 2), (31, 3), (30, 3), (29, 6), (29, 10), (33, 16)]","[(6, 6), (13, 12), (13, 12), (3, 10), (19, 12), (19, 11), (26, 2), (31, 3), (30, 3), (29, 6), (29, 10), (33, 16)]","[(34, 16), (34, 15), (34, 14), (33, 14), (32, 14), (31, 14), (30, 14), (30, 13), (30, 12), (31, 12), (32, 12), (33, 12), (34, 12), (34, 11), (34, 10), (33, 10), (32, 10), (31, 10), (30, 10), (30, 9), (30, 8), (31, 8), (32, 8), (33, 8), (34, 8), (34, 7), (34, 6), (33, 6), (32, 6), (31, 6), (30, 6), (30, 5), (30, 4), (31, 4), (32, 4), (33, 4), (34, 4), (34, 3), (34, 2), (34, 1), (33, 1), (32, 1), (31, 1), (30, 1), (29, 1), (28, 1), (27, 1), (27, 2), (27, 3), (27, 4), (27, 5), (27, 6), (27, 7), (27, 8), (27, 9), (26, 9), (25, 9), (24, 9), (23, 9), (22, 9), (21, 9), (20, 9), (20, 10), (20, 11), (20, 12), (21, 12), (22, 12), (23, 12), (24, 12), (24, 11), (25, 11), (26, 11), (27, 11), (27, 12), (27, 13), (27, 14), (26, 14), (25, 14), (25, 15), (25, 16), (26, 16), (27, 16), (28, 16), (29, 16), (30, 16), (31, 16), (32, 16), (33, 16), (24, 16), (23, 16), (22, 16), (21, 16), (20, 16), (19, 16), (18, 16), (17, 16), (16, 16), (15, 16), (14, 16), (13, 16), (12, 16), (11, 16), (10, 16), (9, 16), (8, 16), (7, 16), (6, 16), (5, 16), (4, 16), (3, 16), (2, 16), (1, 16), (1, 15), (1, 14), (1, 13), (1, 12), (1, 11), (1, 10), (1, 9), (1, 8), (1, 7), (2, 7), (3, 7), (4, 7), (4, 8), (4, 9), (4, 10), (4, 11), (4, 12), (4, 13), (4, 14), (5, 14), (6, 14), (6, 13), (6, 12), (6, 11), (6, 10), (6, 9), (6, 8), (7, 8), (8, 8), (8, 9), (8, 10), (8, 11), (8, 12), (8, 13), (8, 14), (9, 14), (10, 14), (10, 13), (10, 12), (10, 11), (10, 10), (11, 10), (12, 10), (12, 11), (12, 12), (12, 13), (12, 14), (13, 14), (14, 14), (15, 14), (16, 14), (17, 14), (17, 13), (17, 12), (18, 12), (19, 12), (19, 11), (16, 12), (15, 12), (14, 12), (14, 11), (14, 10), (15, 10), (16, 10), (17, 10), (17, 9), (17, 8), (16, 8), (15, 8), (14, 8), (13, 8), (12, 8), (11, 8), (11, 7), (11, 6), (10, 6), (9, 6), (8, 6)]",179,0,179
192,"(6, 6)","(7, 6)",West,"[(6, 5) via South]","[(6, 6), (13, 12), (13, 12), (3, 10), (19, 12), (19, 11), (26, 2), (31, 3), (30, 3), (29, 6), (29, 10), (33, 16)]","[(6, 5), (13, 12), (13, 12), (3, 10), (19, 12), (19, 11), (26, 2), (31, 3), (30, 3), (29, 6), (29, 10), (33, 16)]","[(34, 16), (34, 15), (34, 14), (33, 14), (32, 14), (31, 14), (30, 14), (30, 13), (30, 12), (31, 12), (32, 12), (33, 12), (34, 12), (34, 11), (34, 10), (33, 10), (32, 10), (31, 10), (30, 10), (30, 9), (30, 8), (31, 8), (32, 8), (33, 8), (34, 8), (34, 7), (34, 6), (33, 6), (32, 6), (31, 6), (30, 6), (30, 5), (30, 4), (31, 4), (32, 4), (33, 4), (34, 4), (34, 3), (34, 2), (34, 1), (33, 1), (32, 1), (31, 1), (30, 1), (29, 1), (28, 1), (27, 1), (27, 2), (27, 3), (27, 4), (27, 5), (27, 6), (27, 7), (27, 8), (27, 9), (26, 9), (25, 9), (24, 9), (23, 9), (22, 9), (21, 9), (20, 9), (20, 10), (20, 11), (20, 12), (21, 12), (22, 12), (23, 12), (24, 12), (24, 11), (25, 11), (26, 11), (27, 11), (27, 12), (27, 13), (27, 14), (26, 14), (25, 14), (25, 15), (25, 16), (26, 16), (27, 16), (28, 16), (29, 16), (30, 16), (31, 16), (32, 16), (33, 16), (24, 16), (23, 16), (22, 16), (21, 16), (20, 16), (19, 16), (18, 16), (17, 16), (16, 16), (15, 16), (14, 16), (13, 16), (12, 16), (11, 16), (10, 16), (9, 16), (8, 16), (7, 16), (6, 16), (5, 16), (4, 16), (3, 16), (2, 16), (1, 16), (1, 15), (1, 14), (1, 13), (1, 12), (1, 11), (1, 10), (1, 9), (1, 8), (1, 7), (2, 7), (3, 7), (4, 7), (4, 8), (4, 9), (4, 10), (4, 11), (4, 12), (4, 13), (4, 14), (5, 14), (6, 14), (6, 13), (6, 12), (6, 11), (6, 10), (6, 9), (6, 8), (7, 8), (8, 8), (8, 9), (8, 10), (8, 11), (8, 12), (8, 13), (8, 14), (9, 14), (10, 14), (10, 13), (10, 12), (10, 11), (10, 10), (11, 10), (12, 10), (12, 11), (12, 12), (12, 13), (12, 14), (13, 14), (14, 14), (15, 14), (16, 14), (17, 14), (17, 13), (17, 12), (18, 12), (19, 12), (19, 11), (16, 12), (15, 12), (14, 12), (14, 11), (14, 10), (15, 10), (16, 10), (17, 10), (17, 9), (17, 8), (16, 8), (15, 8), (14, 8), (13, 8), (12, 8), (11, 8), (11, 7), (11, 6), (10, 6), (9, 6), (8, 6), (7, 6)]",180,0,180
193,"(6, 5)","(6, 6)",South,"[(5, 5) via West]","[(6, 5), (13, 12), (13, 12), (3, 10), (19, 12), (19, 11), (26, 2), (31, 3), (30, 3), (29, 6), (29, 10), (33, 16)]","[(5, 5), (13, 12), (13, 12), (3, 10), (19, 12), (19, 11), (26, 2), (31, 3), (30, 3), (29, 6), (29, 10), (33, 16)]","[(34, 16), (34, 15), (34, 14), (33, 14), (32, 14), (31, 14), (30, 14), (30, 13), (30, 12), (31, 12), (32, 12), (33, 12), (34, 12), (34, 11), (34, 10), (33, 10), (32, 10), (31, 10), (30, 10), (30, 9), (30, 8), (31, 8), (32, 8), (33, 8), (34, 8), (34, 7), (34, 6), (33, 6), (32, 6), (31, 6), (30, 6), (30, 5), (30, 4), (31, 4), (32, 4), (33, 4), (34, 4), (34, 3), (34, 2), (34, 1), (33, 1), (32, 1), (31, 1), (30, 1), (29, 1), (28, 1), (27, 1), (27, 2), (27, 3), (27, 4), (27, 5), (27, 6), (27, 7), (27, 8), (27, 9), (26, 9), (25, 9), (24, 9), (23, 9), (22, 9), (21, 9), (20, 9), (20, 10), (20, 11), (20, 12), (21, 12), (22, 12), (23, 12), (24, 12), (24, 11), (25, 11), (26, 11), (27, 11), (27, 12), (27, 13), (27, 14), (26, 14), (25, 14), (25, 15), (25, 16), (26, 16), (27, 16), (28, 16), (29, 16), (30, 16), (31, 16), (32, 16), (33, 16), (24, 16), (23, 16), (22, 16), (21, 16), (20, 16), (19, 16), (18, 16), (17, 16), (16, 16), (15, 16), (14, 16), (13, 16), (12, 16), (11, 16), (10, 16), (9, 16), (8, 16), (7, 16), (6, 16), (5, 16), (4, 16), (3, 16), (2, 16), (1, 16), (1, 15), (1, 14), (1, 13), (1, 12), (1, 11), (1, 10), (1, 9), (1, 8), (1, 7), (2, 7), (3, 7), (4, 7), (4, 8), (4, 9), (4, 10), (4, 11), (4, 12), (4, 13), (4, 14), (5, 14), (6, 14), (6, 13), (6, 12), (6, 11), (6, 10), (6, 9), (6, 8), (7, 8), (8, 8), (8, 9), (8, 10), (8, 11), (8, 12), (8, 13), (8, 14), (9, 14), (10, 14), (10, 13), (10, 12), (10, 11), (10, 10), (11, 10), (12, 10), (12, 11), (12, 12), (12, 13), (12, 14), (13, 14), (14, 14), (15, 14), (16, 14), (17, 14), (17, 13), (17, 12), (18, 12), (19, 12), (19, 11), (16, 12), (15, 12), (14, 12), (14, 11), (14, 10), (15, 10), (16, 10), (17, 10), (17, 9), (17, 8), (16, 8), (15, 8), (14, 8), (13, 8), (12, 8), (11, 8), (11, 7), (11, 6), (10, 6), (9, 6), (8, 6), (7, 6), (6, 6)]",181,0,181
194,"(5, 5)","(6, 5)",West,"[(4, 5) via West]","[(5, 5), (13, 12), (13, 12), (3, 10), (19, 12), (19, 11), (26, 2), (31, 3), (30, 3), (29, 6), (29, 10), (33, 16)]","[(4, 5), (13, 12), (13, 12), (3, 10), (19, 12), (19, 11), (26, 2), (31, 3), (30, 3), (29, 6), (29, 10), (33, 16)]","[(34, 16), (34, 15), (34, 14), (33, 14), (32, 14), (31, 14), (30, 14), (30, 13), (30, 12), (31, 12), (32, 12), (33, 12), (34, 12), (34, 11), (34, 10), (33, 10), (32, 10), (31, 10), (30, 10), (30, 9), (30, 8), (31, 8), (32, 8), (33, 8), (34, 8), (34, 7), (34, 6), (33, 6), (32, 6), (31, 6), (30, 6), (30, 5), (30, 4), (31, 4), (32, 4), (33, 4), (34, 4), (34, 3), (34, 2), (34, 1), (33, 1), (32, 1), (31, 1), (30, 1), (29, 1), (28, 1), (27, 1), (27, 2), (27, 3), (27, 4), (27, 5), (27, 6), (27, 7), (27, 8), (27, 9), (26, 9), (25, 9), (24, 9), (23, 9), (22, 9), (21, 9), (20, 9), (20, 10), (20, 11), (20, 12), (21, 12), (22, 12), (23, 12), (24, 12), (24, 11), (25, 11), (26, 11), (27, 11), (27, 12), (27, 13), (27, 14), (26, 14), (25, 14), (25, 15), (25, 16), (26, 16), (27, 16), (28, 16), (29, 16), (30, 16), (31, 16), (32, 16), (33, 16), (24, 16), (23, 16), (22, 16), (21, 16), (20, 16), (19, 16), (18, 16), (17, 16), (16, 16), (15, 16), (14, 16), (13, 16), (12, 16), (11, 16), (10, 16), (9, 16), (8, 16), (7, 16), (6, 16), (5, 16), (4, 16), (3, 16), (2, 16), (1, 16), (1, 15), (1, 14), (1, 13), (1, 12), (1, 11), (1, 10), (1, 9), (1, 8), (1, 7), (2, 7), (3, 7), (4, 7), (4, 8), (4, 9), (4, 10), (4, 11), (4, 12), (4, 13), (4, 14), (5, 14), (6, 14), (6, 13), (6, 12), (6, 11), (6, 10), (6, 9), (6, 8), (7, 8), (8, 8), (8, 9), (8, 10), (8, 11), (8, 12), (8, 13), (8, 14), (9, 14), (10, 14), (10, 13), (10, 12), (10, 11), (10, 10), (11, 10), (12, 10), (12, 11), (12, 12), (12, 13), (12, 14), (13, 14), (14, 14), (15, 14), (16, 14), (17, 14), (17, 13), (17, 12), (18, 12), (19, 12), (19, 11), (16, 12), (15, 12), (14, 12), (14, 11), (14, 10), (15, 10), (16, 10), (17, 10), (17, 9), (17, 8), (16, 8), (15, 8), (14, 8), (13, 8), (12, 8), (11, 8), (11, 7), (11, 6), (10, 6), (9, 6), (8, 6), (7, 6), (6, 6), (6, 5)]",182,0,182
195,"(4, 5)","(5, 5)",West,"[(3, 5) via West]","[(4, 5), (13, 12), (13, 12), (3, 10), (19, 12), (19, 11), (26, 2), (31, 3), (30, 3), (29, 6), (29, 10), (33, 16)]","[(3, 5), (13, 12), (13, 12), (3, 10), (19, 12), (19, 11), (26, 2), (31, 3), (30, 3), (29, 6), (29, 10), (33, 16)]","[(34, 16), (34, 15), (34, 14), (33, 14), (32, 14), (31, 14), (30, 14), (30, 13), (30, 12), (31, 12), (32, 12), (33, 12), (34, 12), (34, 11), (34, 10), (33, 10), (32, 10), (31, 10), (30, 10), (30, 9), (30, 8), (31, 8), (32, 8), (33, 8), (34, 8), (34, 7), (34, 6), (33, 6), (32, 6), (31, 6), (30, 6), (30, 5), (30, 4), (31, 4), (32, 4), (33, 4), (34, 4), (34, 3), (34, 2), (34, 1), (33, 1), (32, 1), (31, 1), (30, 1), (29, 1), (28, 1), (27, 1), (27, 2), (27, 3), (27, 4), (27, 5), (27, 6), (27, 7), (27, 8), (27, 9), (26, 9), (25, 9), (24, 9), (23, 9), (22, 9), (21, 9), (20, 9), (20, 10), (20, 11), (20, 12), (21, 12), (22, 12), (23, 12), (24, 12), (24, 11), (25, 11), (26, 11), (27, 11), (27, 12), (27, 13), (27, 14), (26, 14), (25, 14), (25, 15), (25, 16), (26, 16), (27, 16), (28, 16), (29, 16), (30, 16), (31, 16), (32, 16), (33, 16), (24, 16), (23, 16), (22, 16), (21, 16), (20, 16), (19, 16), (18, 16), (17, 16), (16, 16), (15, 16), (14, 16), (13, 16), (12, 16), (11, 16), (10, 16), (9, 16), (8, 16), (7, 16), (6, 16), (5, 16), (4, 16), (3, 16), (2, 16), (1, 16), (1, 15), (1, 14), (1, 13), (1, 12), (1, 11), (1, 10), (1, 9), (1, 8), (1, 7), (2, 7), (3, 7), (4, 7), (4, 8), (4, 9), (4, 10), (4, 11), (4, 12), (4, 13), (4, 14), (5, 14), (6, 14), (6, 13), (6, 12), (6, 11), (6, 10), (6, 9), (6, 8), (7, 8), (8, 8), (8, 9), (8, 10), (8, 11), (8, 12), (8, 13), (8, 14), (9, 14), (10, 14), (10, 13), (10, 12), (10, 11), (10, 10), (11, 10), (12, 10), (12, 11), (12, 12), (12, 13), (12, 14), (13, 14), (14, 14), (15, 14), (16, 14), (17, 14), (17, 13), (17, 12), (18, 12), (19, 12), (19, 11), (16, 12), (15, 12), (14, 12), (14, 11), (14, 10), (15, 10), (16, 10), (17, 10), (17, 9), (17, 8), (16, 8), (15, 8), (14, 8), (13, 8), (12, 8), (11, 8), (11, 7), (11, 6), (10, 6), (9, 6), (8, 6), (7, 6), (6, 6), (6, 5), (5, 5)]",183,0,183
196,"(3, 5)","(4, 5)",West,"[(2, 5) via West]","[(3, 5), (13, 12), (13, 12), (3, 10), (19, 12), (19, 11), (26, 2), (31, 3), (30, 3), (29, 6), (29, 10), (33, 16)]","[(2, 5), (13, 12), (13, 12), (3, 10), (19, 12), (19, 11), (26, 2), (31, 3), (30, 3), (29, 6), (29, 10), (33, 16)]","[(34, 16), (34, 15), (34, 14), (33, 14), (32, 14), (31, 14), (30, 14), (30, 13), (30, 12), (31, 12), (32, 12), (33, 12), (34, 12), (34, 11), (34, 10), (33, 10), (32, 10), (31, 10), (30, 10), (30, 9), (30, 8), (31, 8), (32, 8), (33, 8), (34, 8), (34, 7), (34, 6), (33, 6), (32, 6), (31, 6), (30, 6), (30, 5), (30, 4), (31, 4), (32, 4), (33, 4), (34, 4), (34, 3), (34, 2), (34, 1), (33, 1), (32, 1), (31, 1), (30, 1), (29, 1), (28, 1), (27, 1), (27, 2), (27, 3), (27, 4), (27, 5), (27, 6), (27, 7), (27, 8), (27, 9), (26, 9), (25, 9), (24, 9), (23, 9), (22, 9), (21, 9), (20, 9), (20, 10), (20, 11), (20, 12), (21, 12), (22, 12), (23, 12), (24, 12), (24, 11), (25, 11), (26, 11), (27, 11), (27, 12), (27, 13), (27, 14), (26, 14), (25, 14), (25, 15), (25, 16), (26, 16), (27, 16), (28, 16), (29, 16), (30, 16), (31, 16), (32, 16), (33, 16), (24, 16), (23, 16), (22, 16), (21, 16), (20, 16), (19, 16), (18, 16), (17, 16), (16, 16), (15, 16), (14, 16), (13, 16), (12, 16), (11, 16), (10, 16), (9, 16), (8, 16), (7, 16), (6, 16), (5, 16), (4, 16), (3, 16), (2, 16), (1, 16), (1, 15), (1, 14), (1, 13), (1, 12), (1, 11), (1, 10), (1, 9), (1, 8), (1, 7), (2, 7), (3, 7), (4, 7), (4, 8), (4, 9), (4, 10), (4, 11), (4, 12), (4, 13), (4, 14), (5, 14), (6, 14), (6, 13), (6, 12), (6, 11), (6, 10), (6, 9), (6, 8), (7, 8), (8, 8), (8, 9), (8, 10), (8, 11), (8, 12), (8, 13), (8, 14), (9, 14), (10, 14), (10, 13), (10, 12), (10, 11), (10, 10), (11, 10), (12, 10), (12, 11), (12, 12), (12, 13), (12, 14), (13, 14), (14, 14), (15, 14), (16, 14), (17, 14), (17, 13), (17, 12), (18, 12), (19, 12), (19, 11), (16, 12), (15, 12), (14, 12), (14, 11), (14, 10), (15, 10), (16, 10), (17, 10), (17, 9), (17, 8), (16, 8), (15, 8), (14, 8), (13, 8), (12, 8), (11, 8), (11, 7), (11, 6), (10, 6), (9, 6), (8, 6), (7, 6), (6, 6), (6, 5), (5, 5), (4, 5)]",184,0,184
197,"(2, 5)","(3, 5)",West,"[(1, 5) via West]","[(2, 5), (13, 12), (13, 12), (3, 10), (19, 12), (19, 11), (26, 2), (31, 3), (30, 3), (29, 6), (29, 10), (33, 16)]","[(1, 5), (13, 12), (13, 12), (3, 10), (19, 12), (19, 11), (26, 2), (31, 3), (30, 3), (29, 6), (29, 10), (33, 16)]","[(34, 16), (34, 15), (34, 14), (33, 14), (32, 14), (31, 14), (30, 14), (30, 13), (30, 12), (31, 12), (32, 12), (33, 12), (34, 12), (34, 11), (34, 10), (33, 10), (32, 10), (31, 10), (30, 10), (30, 9), (30, 8), (31, 8), (32, 8), (33, 8), (34, 8), (34, 7), (34, 6), (33, 6), (32, 6), (31, 6), (30, 6), (30, 5), (30, 4), (31, 4), (32, 4), (33, 4), (34, 4), (34, 3), (34, 2), (34, 1), (33, 1), (32, 1), (31, 1), (30, 1), (29, 1), (28, 1), (27, 1), (27, 2), (27, 3), (27, 4), (27, 5), (27, 6), (27, 7), (27, 8), (27, 9), (26, 9), (25, 9), (24, 9), (23, 9), (22, 9), (21, 9), (20, 9), (20, 10), (20, 11), (20, 12), (21, 12), (22, 12), (23, 12), (24, 12), (24, 11), (25, 11), (26, 11), (27, 11), (27, 12), (27, 13), (27, 14), (26, 14), (25, 14), (25, 15), (25, 16), (26, 16), (27, 16), (28, 16), (29, 16), (30, 16), (31, 16), (32, 16), (33, 16), (24, 16), (23, 16), (22, 16), (21, 16), (20, 16), (19, 16), (18, 16), (17, 16), (16, 16), (15, 16), (14, 16), (13, 16), (12, 16), (11, 16), (10, 16), (9, 16), (8, 16), (7, 16), (6, 16), (5, 16), (4, 16), (3, 16), (2, 16), (1, 16), (1, 15), (1, 14), (1, 13), (1, 12), (1, 11), (1, 10), (1, 9), (1, 8), (1, 7), (2, 7), (3, 7), (4, 7), (4, 8), (4, 9), (4, 10), (4, 11), (4, 12), (4, 13), (4, 14), (5, 14), (6, 14), (6, 13), (6, 12), (6, 11), (6, 10), (6, 9), (6, 8), (7, 8), (8, 8), (8, 9), (8, 10), (8, 11), (8, 12), (8, 13), (8, 14), (9, 14), (10, 14), (10, 13), (10, 12), (10, 11), (10, 10), (11, 10), (12, 10), (12, 11), (12, 12), (12, 13), (12, 14), (13, 14), (14, 14), (15, 14), (16, 14), (17, 14), (17, 13), (17, 12), (18, 12), (19, 12), (19, 11), (16, 12), (15, 12), (14, 12), (14, 11), (14, 10), (15, 10), (16, 10), (17, 10), (17, 9), (17, 8), (16, 8), (15, 8), (14, 8), (13, 8), (12, 8), (11, 8), (11, 7), (11, 6), (10, 6), (9, 6), (8, 6), (7, 6), (6, 6), (6, 5), (5, 5), (4, 5), (3, 5)]",185,0,185
198,"(1, 5)","(2, 5)",West,"[(1, 4) via South]","[(1, 5), (13, 12), (13, 12), (3, 10), (19, 12), (19, 11), (26, 2), (31, 3), (30, 3), (29, 6), (29, 10), (33, 16)]","[(1, 4), (13, 12), (13, 12), (3, 10), (19, 12), (19, 11), (26, 2), (31, 3), (30, 3), (29, 6), (29, 10), (33, 16)]","[(34, 16), (34, 15), (34, 14), (33, 14), (32, 14), (31, 14), (30, 14), (30, 13), (30, 12), (31, 12), (32, 12), (33, 12), (34, 12), (34, 11), (34, 10), (33, 10), (32, 10), (31, 10), (30, 10), (30, 9), (30, 8), (31, 8), (32, 8), (33, 8), (34, 8), (34, 7), (34, 6), (33, 6), (32, 6), (31, 6), (30, 6), (30, 5), (30, 4), (31, 4), (32, 4), (33, 4), (34, 4), (34, 3), (34, 2), (34, 1), (33, 1), (32, 1), (31, 1), (30, 1), (29, 1), (28, 1), (27, 1), (27, 2), (27, 3), (27, 4), (27, 5), (27, 6), (27, 7), (27, 8), (27, 9), (26, 9), (25, 9), (24, 9), (23, 9), (22, 9), (21, 9), (20, 9), (20, 10), (20, 11), (20, 12), (21, 12), (22, 12), (23, 12), (24, 12), (24, 11), (25, 11), (26, 11), (27, 11), (27, 12), (27, 13), (27, 14), (26, 14), (25, 14), (25, 15), (25, 16), (26, 16), (27, 16), (28, 16), (29, 16), (30, 16), (31, 16), (32, 16), (33, 16), (24, 16), (23, 16), (22, 16), (21, 16), (20, 16), (19, 16), (18, 16), (17, 16), (16, 16), (15, 16), (14, 16), (13, 16), (12, 16), (11, 16), (10, 16), (9, 16), (8, 16), (7, 16), (6, 16), (5, 16), (4, 16), (3, 16), (2, 16), (1, 16), (1, 15), (1, 14), (1, 13), (1, 12), (1, 11), (1, 10), (1, 9), (1, 8), (1, 7), (2, 7), (3, 7), (4, 7), (4, 8), (4, 9), (4, 10), (4, 11), (4, 12), (4, 13), (4, 14), (5, 14), (6, 14), (6, 13), (6, 12), (6, 11), (6, 10), (6, 9), (6, 8), (7, 8), (8, 8), (8, 9), (8, 10), (8, 11), (8, 12), (8, 13), (8, 14), (9, 14), (10, 14), (10, 13), (10, 12), (10, 11), (10, 10), (11, 10), (12, 10), (12, 11), (12, 12), (12, 13), (12, 14), (13, 14), (14, 14), (15, 14), (16, 14), (17, 14), (17, 13), (17, 12), (18, 12), (19, 12), (19, 11), (16, 12), (15, 12), (14, 12), (14, 11), (14, 10), (15, 10), (16, 10), (17, 10), (17, 9), (17, 8), (16, 8), (15, 8), (14, 8), (13, 8), (12, 8), (11, 8), (11, 7), (11, 6), (10, 6), (9, 6), (8, 6), (7, 6), (6, 6), (6, 5), (5, 5), (4, 5), (3, 5), (2, 5)]",186,0,186
199,"(1, 4)","(1, 5)",South,"[(1, 3) via South]","[(1, 4), (13, 12), (13, 12), (3, 10), (19, 12), (19, 11), (26, 2), (31, 3), (30, 3), (29, 6), (29, 10), (33, 16)]","[(1, 3), (13, 12), (13, 12), (3, 10), (19, 12), (19, 11), (26, 2), (31, 3), (30, 3), (29, 6), (29, 10), (33, 16)]","[(34, 16), (34, 15), (34, 14), (33, 14), (32, 14), (31, 14), (30, 14), (30, 13), (30, 12), (31, 12), (32, 12), (33, 12), (34, 12), (34, 11), (34, 10), (33, 10), (32, 10), (31, 10), (30, 10), (30, 9), (30, 8), (31, 8), (32, 8), (33, 8), (34, 8), (34, 7), (34, 6), (33, 6), (32, 6), (31, 6), (30, 6), (30, 5), (30, 4), (31, 4), (32, 4), (33, 4), (34, 4), (34, 3), (34, 2), (34, 1), (33, 1), (32, 1), (31, 1), (30, 1), (29, 1), (28, 1), (27, 1), (27, 2), (27, 3), (27, 4), (27, 5), (27, 6), (27, 7), (27, 8), (27, 9), (26, 9), (25, 9), (24, 9), (23, 9), (22, 9), (21, 9), (20, 9), (20, 10), (20, 11), (20, 12), (21, 12), (22, 12), (23, 12), (24, 12), (24, 11), (25, 11), (26, 11), (27, 11), (27, 12), (27, 13), (27, 14), (26, 14), (25, 14), (25, 15), (25, 16), (26, 16), (27, 16), (28, 16), (29, 16), (30, 16), (31, 16), (32, 16), (33, 16), (24, 16), (23, 16), (22, 16), (21, 16), (20, 16), (19, 16), (18, 16), (17, 16), (16, 16), (15, 16), (14, 16), (13, 16), (12, 16), (11, 16), (10, 16), (9, 16), (8, 16), (7, 16), (6, 16), (5, 16), (4, 16), (3, 16), (2, 16), (1, 16), (1, 15), (1, 14), (1, 13), (1, 12), (1, 11), (1, 10), (1, 9), (1, 8), (1, 7), (2, 7), (3, 7), (4, 7), (4, 8), (4, 9), (4, 10), (4, 11), (4, 12), (4, 13), (4, 14), (5, 14), (6, 14), (6, 13), (6, 12), (6, 11), (6, 10), (6, 9), (6, 8), (7, 8), (8, 8), (8, 9), (8, 10), (8, 11), (8, 12), (8, 13), (8, 14), (9, 14), (10, 14), (10, 13), (10, 12), (10, 11), (10, 10), (11, 10), (12, 10), (12, 11), (12, 12), (12, 13), (12, 14), (13, 14), (14, 14), (15, 14), (16, 14), (17, 14), (17, 13), (17, 12), (18, 12), (19, 12), (19, 11), (16, 12), (15, 12), (14, 12), (14, 11), (14, 10), (15, 10), (16, 10), (17, 10), (17, 9), (17, 8), (16, 8), (15, 8), (14, 8), (13, 8), (12, 8), (11, 8), (11, 7), (11, 6), (10, 6), (9, 6), (8, 6), (7, 6), (6, 6), (6, 5), (5, 5), (4, 5), (3, 5), (2, 5), (1, 5)]",187,0,187
200,"(1, 3)","(1, 4)",South,"[(2, 3) via East]","[(1, 3), (13, 12), (13, 12), (3, 10), (19, 12), (19, 11), (26, 2), (31, 3), (30, 3), (29, 6), (29, 10), (33, 16)]","[(2, 3), (13, 12), (13, 12), (3, 10), (19, 12), (19, 11), (26, 2), (31, 3), (30, 3), (29, 6), (29, 10), (33, 16)]","[(34, 16), (34, 15), (34, 14), (33, 14), (32, 14), (31, 14), (30, 14), (30, 13), (30, 12), (31, 12), (32, 12), (33, 12), (34, 12), (34, 11), (34, 10), (33, 10), (32, 10), (31, 10), (30, 10), (30, 9), (30, 8), (31, 8), (32, 8), (33, 8), (34, 8), (34, 7), (34, 6), (33, 6), (32, 6), (31, 6), (30, 6), (30, 5), (30, 4), (31, 4), (32, 4), (33, 4), (34, 4), (34, 3), (34, 2), (34, 1), (33, 1), (32, 1), (31, 1), (30, 1), (29, 1), (28, 1), (27, 1), (27, 2), (27, 3), (27, 4), (27, 5), (27, 6), (27, 7), (27, 8), (27, 9), (26, 9), (25, 9), (24, 9), (23, 9), (22, 9), (21, 9), (20, 9), (20, 10), (20, 11), (20, 12), (21, 12), (22, 12), (23, 12), (24, 12), (24, 11), (25, 11), (26, 11), (27, 11), (27, 12), (27, 13), (27, 14), (26, 14), (25, 14), (25, 15), (25, 16), (26, 16), (27, 16), (28, 16), (29, 16), (30, 16), (31, 16), (32, 16), (33, 16), (24, 16), (23, 16), (22, 16), (21, 16), (20, 16), (19, 16), (18, 16), (17, 16), (16, 16), (15, 16), (14, 16), (13, 16), (12, 16), (11, 16), (10, 16), (9, 16), (8, 16), (7, 16), (6, 16), (5, 16), (4, 16), (3, 16), (2, 16), (1, 16), (1, 15), (1, 14), (1, 13), (1, 12), (1, 11), (1, 10), (1, 9), (1, 8), (1, 7), (2, 7), (3, 7), (4, 7), (4, 8), (4, 9), (4, 10), (4, 11), (4, 12), (4, 13), (4, 14), (5, 14), (6, 14), (6, 13), (6, 12), (6, 11), (6, 10), (6, 9), (6, 8), (7, 8), (8, 8), (8, 9), (8, 10), (8, 11), (8, 12), (8, 13), (8, 14), (9, 14), (10, 14), (10, 13), (10, 12), (10, 11), (10, 10), (11, 10), (12, 10), (12, 11), (12, 12), (12, 13), (12, 14), (13, 14), (14, 14), (15, 14), (16, 14), (17, 14), (17, 13), (17, 12), (18, 12), (19, 12), (19, 11), (16, 12), (15, 12), (14, 12), (14, 11), (14, 10), (15, 10), (16, 10), (17, 10), (17, 9), (17, 8), (16, 8), (15, 8), (14, 8), (13, 8), (12, 8), (11, 8), (11, 7), (11, 6), (10, 6), (9, 6), (8, 6), (7, 6), (6, 6), (6, 5), (5, 5), (4, 5), (3, 5), (2, 5), (1, 5), (1, 4)]",188,0,188
201,"(2, 3)","(1, 3)",East,"[(3, 3) via East]","[(2, 3), (13, 12), (13, 12), (3, 10), (19, 12), (19, 11), (26, 2), (31, 3), (30, 3), (29, 6), (29, 10), (33, 16)]","[(3, 3), (13, 12), (13, 12), (3, 10), (19, 12), (19, 11), (26, 2), (31, 3), (30, 3), (29, 6), (29, 10), (33, 16)]","[(34, 16), (34, 15), (34, 14), (33, 14), (32, 14), (31, 14), (30, 14), (30, 13), (30, 12), (31, 12), (32, 12), (33, 12), (34, 12), (34, 11), (34, 10), (33, 10), (32, 10), (31, 10), (30, 10), (30, 9), (30, 8), (31, 8), (32, 8), (33, 8), (34, 8), (34, 7), (34, 6), (33, 6), (32, 6), (31, 6), (30, 6), (30, 5), (30, 4), (31, 4), (32, 4), (33, 4), (34, 4), (34, 3), (34, 2), (34, 1), (33, 1), (32, 1), (31, 1), (30, 1), (29, 1), (28, 1), (27, 1), (27, 2), (27, 3), (27, 4), (27, 5), (27, 6), (27, 7), (27, 8), (27, 9), (26, 9), (25, 9), (24, 9), (23, 9), (22, 9), (21, 9), (20, 9), (20, 10), (20, 11), (20, 12), (21, 12), (22, 12), (23, 12), (24, 12), (24, 11), (25, 11), (26, 11), (27, 11), (27, 12), (27, 13), (27, 14), (26, 14), (25, 14), (25, 15), (25, 16), (26, 16), (27, 16), (28, 16), (29, 16), (30, 16), (31, 16), (32, 16), (33, 16), (24, 16), (23, 16), (22, 16), (21, 16), (20, 16), (19, 16), (18, 16), (17, 16), (16, 16), (15, 16), (14, 16), (13, 16), (12, 16), (11, 16), (10, 16), (9, 16), (8, 16), (7, 16), (6, 16), (5, 16), (4, 16), (3, 16), (2, 16), (1, 16), (1, 15), (1, 14), (1, 13), (1, 12), (1, 11), (1, 10), (1, 9), (1, 8), (1, 7), (2, 7), (3, 7), (4, 7), (4, 8), (4, 9), (4, 10), (4, 11), (4, 12), (4, 13), (4, 14), (5, 14), (6, 14), (6, 13), (6, 12), (6, 11), (6, 10), (6, 9), (6, 8), (7, 8), (8, 8), (8, 9), (8, 10), (8, 11), (8, 12), (8, 13), (8, 14), (9, 14), (10, 14), (10, 13), (10, 12), (10, 11), (10, 10), (11, 10), (12, 10), (12, 11), (12, 12), (12, 13), (12, 14), (13, 14), (14, 14), (15, 14), (16, 14), (17, 14), (17, 13), (17, 12), (18, 12), (19, 12), (19, 11), (16, 12), (15, 12), (14, 12), (14, 11), (14, 10), (15, 10), (16, 10), (17, 10), (17, 9), (17, 8), (16, 8), (15, 8), (14, 8), (13, 8), (12, 8), (11, 8), (11, 7), (11, 6), (10, 6), (9, 6), (8, 6), (7, 6), (6, 6), (6, 5), (5, 5), (4, 5), (3, 5), (2, 5), (1, 5), (1, 4), (1, 3)]",189,0,189
202,"(3, 3)","(2, 3)",East,"[(4, 3) via East]","[(3, 3), (13, 12), (13, 12), (3, 10), (19, 12), (19, 11), (26, 2), (31, 3), (30, 3), (29, 6), (29, 10), (33, 16)]","[(4, 3), (13, 12), (13, 12), (3, 10), (19, 12), (19, 11), (26, 2), (31, 3), (30, 3), (29, 6), (29, 10), (33, 16)]","[(34, 16), (34, 15), (34, 14), (33, 14), (32, 14), (31, 14), (30, 14), (30, 13), (30, 12), (31, 12), (32, 12), (33, 12), (34, 12), (34, 11), (34, 10), (33, 10), (32, 10), (31, 10), (30, 10), (30, 9), (30, 8), (31, 8), (32, 8), (33, 8), (34, 8), (34, 7), (34, 6), (33, 6), (32, 6), (31, 6), (30, 6), (30, 5), (30, 4), (31, 4), (32, 4), (33, 4), (34, 4), (34, 3), (34, 2), (34, 1), (33, 1), (32, 1), (31, 1), (30, 1), (29, 1), (28, 1), (27, 1), (27, 2), (27, 3), (27, 4), (27, 5), (27, 6), (27, 7), (27, 8), (27, 9), (26, 9), (25, 9), (24, 9), (23, 9), (22, 9), (21, 9), (20, 9), (20, 10), (20, 11), (20, 12), (21, 12), (22, 12), (23, 12), (24, 12), (24, 11), (25, 11), (26, 11), (27, 11), (27, 12), (27, 13), (27, 14), (26, 14), (25, 14), (25, 15), (25, 16), (26, 16), (27, 16), (28, 16), (29, 16), (30, 16), (31, 16), (32, 16), (33, 16), (24, 16), (23, 16), (22, 16), (21, 16), (20, 16), (19, 16), (18, 16), (17, 16), (16, 16), (15, 16), (14, 16), (13, 16), (12, 16), (11, 16), (10, 16), (9, 16), (8, 16), (7, 16), (6, 16), (5, 16), (4, 16), (3, 16), (2, 16), (1, 16), (1, 15), (1, 14), (1, 13), (1, 12), (1, 11), (1, 10), (1, 9), (1, 8), (1, 7), (2, 7), (3, 7), (4, 7), (4, 8), (4, 9), (4, 10), (4, 11), (4, 12), (4, 13), (4, 14), (5, 14), (6, 14), (6, 13), (6, 12), (6, 11), (6, 10), (6, 9), (6, 8), (7, 8), (8, 8), (8, 9), (8, 10), (8, 11), (8, 12), (8, 13), (8, 14), (9, 14), (10, 14), (10, 13), (10, 12), (10, 11), (10, 10), (11, 10), (12, 10), (12, 11), (12, 12), (12, 13), (12, 14), (13, 14), (14, 14), (15, 14), (16, 14), (17, 14), (17, 13), (17, 12), (18, 12), (19, 12), (19, 11), (16, 12), (15, 12), (14, 12), (14, 11), (14, 10), (15, 10), (16, 10), (17, 10), (17, 9), (17, 8), (16, 8), (15, 8), (14, 8), (13, 8), (12, 8), (11, 8), (11, 7), (11, 6), (10, 6), (9, 6), (8, 6), (7, 6), (6, 6), (6, 5), (5, 5), (4, 5), (3, 5), (2, 5), (1, 5), (1, 4), (1, 3), (2, 3)]",190,0,190
203,"(4, 3)","(3, 3)",East,"[(5, 3) via East]","[(4, 3), (13, 12), (13, 12), (3, 10), (19, 12), (19, 11), (26, 2), (31, 3), (30, 3), (29, 6), (29, 10), (33, 16)]","[(5, 3), (13, 12), (13, 12), (3, 10), (19, 12), (19, 11), (26, 2), (31, 3), (30, 3), (29, 6), (29, 10), (33, 16)]","[(34, 16), (34, 15), (34, 14), (33, 14), (32, 14), (31, 14), (30, 14), (30, 13), (30, 12), (31, 12), (32, 12), (33, 12), (34, 12), (34, 11), (34, 10), (33, 10), (32, 10), (31, 10), (30, 10), (30, 9), (30, 8), (31, 8), (32, 8), (33, 8), (34, 8), (34, 7), (34, 6), (33, 6), (32, 6), (31, 6), (30, 6), (30, 5), (30, 4), (31, 4), (32, 4), (33, 4), (34, 4), (34, 3), (34, 2), (34, 1), (33, 1), (32, 1), (31, 1), (30, 1), (29, 1), (28, 1), (27, 1), (27, 2), (27, 3), (27, 4), (27, 5), (27, 6), (27, 7), (27, 8), (27, 9), (26, 9), (25, 9), (24, 9), (23, 9), (22, 9), (21, 9), (20, 9), (20, 10), (20, 11), (20, 12), (21, 12), (22, 12), (23, 12), (24, 12), (24, 11), (25, 11), (26, 11), (27, 11), (27, 12), (27, 13), (27, 14), (26, 14), (25, 14), (25, 15), (25, 16), (26, 16), (27, 16), (28, 16), (29, 16), (30, 16), (31, 16), (32, 16), (33, 16), (24, 16), (23, 16), (22, 16), (21, 16), (20, 16), (19, 16), (18, 16), (17, 16), (16, 16), (15, 16), (14, 16), (13, 16), (12, 16), (11, 16), (10, 16), (9, 16), (8, 16), (7, 16), (6, 16), (5, 16), (4, 16), (3, 16), (2, 16), (1, 16), (1, 15), (1, 14), (1, 13), (1, 12), (1, 11), (1, 10), (1, 9), (1, 8), (1, 7), (2, 7), (3, 7), (4, 7), (4, 8), (4, 9), (4, 10), (4, 11), (4, 12), (4, 13), (4, 14), (5, 14), (6, 14), (6, 13), (6, 12), (6, 11), (6, 10), (6, 9), (6, 8), (7, 8), (8, 8), (8, 9), (8, 10), (8, 11), (8, 12), (8, 13), (8, 14), (9, 14), (10, 14), (10, 13), (10, 12), (10, 11), (10, 10), (11, 10), (12, 10), (12, 11), (12, 12), (12, 13), (12, 14), (13, 14), (14, 14), (15, 14), (16, 14), (17, 14), (17, 13), (17, 12), (18, 12), (19, 12), (19, 11), (16, 12), (15, 12), (14, 12), (14, 11), (14, 10), (15, 10), (16, 10), (17, 10), (17, 9), (17, 8), (16, 8), (15, 8), (14, 8), (13, 8), (12, 8), (11, 8), (11, 7), (11, 6), (10, 6), (9, 6), (8, 6), (7, 6), (6, 6), (6, 5), (5, 5), (4, 5), (3, 5), (2, 5), (1, 5), (1, 4), (1, 3), (2, 3), (3, 3)]",191,0,191
204,"(5, 3)","(4, 3)",East,"[(6, 3) via East]","[(5, 3), (13, 12), (13, 12), (3, 10), (19, 12), (19, 11), (26, 2), (31, 3), (30, 3), (29, 6), (29, 10), (33, 16)]","[(6, 3), (13, 12), (13, 12), (3, 10), (19, 12), (19, 11), (26, 2), (31, 3), (30, 3), (29, 6), (29, 10), (33, 16)]","[(34, 16), (34, 15), (34, 14), (33, 14), (32, 14), (31, 14), (30, 14), (30, 13), (30, 12), (31, 12), (32, 12), (33, 12), (34, 12), (34, 11), (34, 10), (33, 10), (32, 10), (31, 10), (30, 10), (30, 9), (30, 8), (31, 8), (32, 8), (33, 8), (34, 8), (34, 7), (34, 6), (33, 6), (32, 6), (31, 6), (30, 6), (30, 5), (30, 4), (31, 4), (32, 4), (33, 4), (34, 4), (34, 3), (34, 2), (34, 1), (33, 1), (32, 1), (31, 1), (30, 1), (29, 1), (28, 1), (27, 1), (27, 2), (27, 3), (27, 4), (27, 5), (27, 6), (27, 7), (27, 8), (27, 9), (26, 9), (25, 9), (24, 9), (23, 9), (22, 9), (21, 9), (20, 9), (20, 10), (20, 11), (20, 12), (21, 12), (22, 12), (23, 12), (24, 12), (24, 11), (25, 11), (26, 11), (27, 11), (27, 12), (27, 13), (27, 14), (26, 14), (25, 14), (25, 15), (25, 16), (26, 16), (27, 16), (28, 16), (29, 16), (30, 16), (31, 16), (32, 16), (33, 16), (24, 16), (23, 16), (22, 16), (21, 16), (20, 16), (19, 16), (18, 16), (17, 16), (16, 16), (15, 16), (14, 16), (13, 16), (12, 16), (11, 16), (10, 16), (9, 16), (8, 16), (7, 16), (6, 16), (5, 16), (4, 16), (3, 16), (2, 16), (1, 16), (1, 15), (1, 14), (1, 13), (1, 12), (1, 11), (1, 10), (1, 9), (1, 8), (1, 7), (2, 7), (3, 7), (4, 7), (4, 8), (4, 9), (4, 10), (4, 11), (4, 12), (4, 13), (4, 14), (5, 14), (6, 14), (6, 13), (6, 12), (6, 11), (6, 10), (6, 9), (6, 8), (7, 8), (8, 8), (8, 9), (8, 10), (8, 11), (8, 12), (8, 13), (8, 14), (9, 14), (10, 14), (10, 13), (10, 12), (10, 11), (10, 10), (11, 10), (12, 10), (12, 11), (12, 12), (12, 13), (12, 14), (13, 14), (14, 14), (15, 14), (16, 14), (17, 14), (17, 13), (17, 12), (18, 12), (19, 12), (19, 11), (16, 12), (15, 12), (14, 12), (14, 11), (14, 10), (15, 10), (16, 10), (17, 10), (17, 9), (17, 8), (16, 8), (15, 8), (14, 8), (13, 8), (12, 8), (11, 8), (11, 7), (11, 6), (10, 6), (9, 6), (8, 6), (7, 6), (6, 6), (6, 5), (5, 5), (4, 5), (3, 5), (2, 5), (1, 5), (1, 4), (1, 3), (2, 3), (3, 3), (4, 3)]",192,0,192
205,"(6, 3)","(5, 3)",East,"[(7, 3) via East]","[(6, 3), (13, 12), (13, 12), (3, 10), (19, 12), (19, 11), (26, 2), (31, 3), (30, 3), (29, 6), (29, 10), (33, 16)]","[(7, 3), (13, 12), (13, 12), (3, 10), (19, 12), (19, 11), (26, 2), (31, 3), (30, 3), (29, 6), (29, 10), (33, 16)]","[(34, 16), (34, 15), (34, 14), (33, 14), (32, 14), (31, 14), (30, 14), (30, 13), (30, 12), (31, 12), (32, 12), (33, 12), (34, 12), (34, 11), (34, 10), (33, 10), (32, 10), (31, 10), (30, 10), (30, 9), (30, 8), (31, 8), (32, 8), (33, 8), (34, 8), (34, 7), (34, 6), (33, 6), (32, 6), (31, 6), (30, 6), (30, 5), (30, 4), (31, 4), (32, 4), (33, 4), (34, 4), (34, 3), (34, 2), (34, 1), (33, 1), (32, 1), (31, 1), (30, 1), (29, 1), (28, 1), (27, 1), (27, 2), (27, 3), (27, 4), (27, 5), (27, 6), (27, 7), (27, 8), (27, 9), (26, 9), (25, 9), (24, 9), (23, 9), (22, 9), (21, 9), (20, 9), (20, 10), (20, 11), (20, 12), (21, 12), (22, 12), (23, 12), (24, 12), (24, 11), (25, 11), (26, 11), (27, 11), (27, 12), (27, 13), (27, 14), (26, 14), (25, 14), (25, 15), (25, 16), (26, 16), (27, 16), (28, 16), (29, 16), (30, 16), (31, 16), (32, 16), (33, 16), (24, 16), (23, 16), (22, 16), (21, 16), (20, 16), (19, 16), (18, 16), (17, 16), (16, 16), (15, 16), (14, 16), (13, 16), (12, 16), (11, 16), (10, 16), (9, 16), (8, 16), (7, 16), (6, 16), (5, 16), (4, 16), (3, 16), (2, 16), (1, 16), (1, 15), (1, 14), (1, 13), (1, 12), (1, 11), (1, 10), (1, 9), (1, 8), (1, 7), (2, 7), (3, 7), (4, 7), (4, 8), (4, 9), (4, 10), (4, 11), (4, 12), (4, 13), (4, 14), (5, 14), (6, 14), (6, 13), (6, 12), (6, 11), (6, 10), (6, 9), (6, 8), (7, 8), (8, 8), (8, 9), (8, 10), (8, 11), (8, 12), (8, 13), (8, 14), (9, 14), (10, 14), (10, 13), (10, 12), (10, 11), (10, 10), (11, 10), (12, 10), (12, 11), (12, 12), (12, 13), (12, 14), (13, 14), (14, 14), (15, 14), (16, 14), (17, 14), (17, 13), (17, 12), (18, 12), (19, 12), (19, 11), (16, 12), (15, 12), (14, 12), (14, 11), (14, 10), (15, 10), (16, 10), (17, 10), (17, 9), (17, 8), (16, 8), (15, 8), (14, 8), (13, 8), (12, 8), (11, 8), (11, 7), (11, 6), (10, 6), (9, 6), (8, 6), (7, 6), (6, 6), (6, 5), (5, 5), (4, 5), (3, 5), (2, 5), (1, 5), (1, 4), (1, 3), (2, 3), (3, 3), (4, 3), (5, 3)]",193,0,193
206,"(7, 3)","(6, 3)",East,"[(8, 3) via East]","[(7, 3), (13, 12), (13, 12), (3, 10), (19, 12), (19, 11), (26, 2), (31, 3), (30, 3), (29, 6), (29, 10), (33, 16)]","[(8, 3), (13, 12), (13, 12), (3, 10), (19, 12), (19, 11), (26, 2), (31, 3), (30, 3), (29, 6), (29, 10), (33, 16)]","[(34, 16), (34, 15), (34, 14), (33, 14), (32, 14), (31, 14), (30, 14), (30, 13), (30, 12), (31, 12), (32, 12), (33, 12), (34, 12), (34, 11), (34, 10), (33, 10), (32, 10), (31, 10), (30, 10), (30, 9), (30, 8), (31, 8), (32, 8), (33, 8), (34, 8), (34, 7), (34, 6), (33, 6), (32, 6), (31, 6), (30, 6), (30, 5), (30, 4), (31, 4), (32, 4), (33, 4), (34, 4), (34, 3), (34, 2), (34, 1), (33, 1), (32, 1), (31, 1), (30, 1), (29, 1), (28, 1), (27, 1), (27, 2), (27, 3), (27, 4), (27, 5), (27, 6), (27, 7), (27, 8), (27, 9), (26, 9), (25, 9), (24, 9), (23, 9), (22, 9), (21, 9), (20, 9), (20, 10), (20, 11), (20, 12), (21, 12), (22, 12), (23, 12), (24, 12), (24, 11), (25, 11), (26, 11), (27, 11), (27, 12), (27, 13), (27, 14), (26, 14), (25, 14), (25, 15), (25, 16), (26, 16), (27, 16), (28, 16), (29, 16), (30, 16), (31, 16), (32, 16), (33, 16), (24, 16), (23, 16), (22, 16), (21, 16), (20, 16), (19, 16), (18, 16), (17, 16), (16, 16), (15, 16), (14, 16), (13, 16), (12, 16), (11, 16), (10, 16), (9, 16), (8, 16), (7, 16), (6, 16), (5, 16), (4, 16), (3, 16), (2, 16), (1, 16), (1, 15), (1, 14), (1, 13), (1, 12), (1, 11), (1, 10), (1, 9), (1, 8), (1, 7), (2, 7), (3, 7), (4, 7), (4, 8), (4, 9), (4, 10), (4, 11), (4, 12), (4, 13), (4, 14), (5, 14), (6, 14), (6, 13), (6, 12), (6, 11), (6, 10), (6, 9), (6, 8), (7, 8), (8, 8), (8, 9), (8, 10), (8, 11), (8, 12), (8, 13), (8, 14), (9, 14), (10, 14), (10, 13), (10, 12), (10, 11), (10, 10), (11, 10), (12, 10), (12, 11), (12, 12), (12, 13), (12, 14), (13, 14), (14, 14), (15, 14), (16, 14), (17, 14), (17, 13), (17, 12), (18, 12), (19, 12), (19, 11), (16, 12), (15, 12), (14, 12), (14, 11), (14, 10), (15, 10), (16, 10), (17, 10), (17, 9), (17, 8), (16, 8), (15, 8), (14, 8), (13, 8), (12, 8), (11, 8), (11, 7), (11, 6), (10, 6), (9, 6), (8, 6), (7, 6), (6, 6), (6, 5), (5, 5), (4, 5), (3, 5), (2, 5), (1, 5), (1, 4), (1, 3), (2, 3), (3, 3), (4, 3), (5, 3), (6, 3)]",194,0,194
207,"(8, 3)","(7, 3)",East,"[(8, 4) via North]","[(8, 3), (13, 12), (13, 12), (3, 10), (19, 12), (19, 11), (26, 2), (31, 3), (30, 3), (29, 6), (29, 10), (33, 16)]","[(8, 4), (13, 12), (13, 12), (3, 10), (19, 12), (19, 11), (26, 2), (31, 3), (30, 3), (29, 6), (29, 10), (33, 16)]","[(34, 16), (34, 15), (34, 14), (33, 14), (32, 14), (31, 14), (30, 14), (30, 13), (30, 12), (31, 12), (32, 12), (33, 12), (34, 12), (34, 11), (34, 10), (33, 10), (32, 10), (31, 10), (30, 10), (30, 9), (30, 8), (31, 8), (32, 8), (33, 8), (34, 8), (34, 7), (34, 6), (33, 6), (32, 6), (31, 6), (30, 6), (30, 5), (30, 4), (31, 4), (32, 4), (33, 4), (34, 4), (34, 3), (34, 2), (34, 1), (33, 1), (32, 1), (31, 1), (30, 1), (29, 1), (28, 1), (27, 1), (27, 2), (27, 3), (27, 4), (27, 5), (27, 6), (27, 7), (27, 8), (27, 9), (26, 9), (25, 9), (24, 9), (23, 9), (22, 9), (21, 9), (20, 9), (20, 10), (20, 11), (20, 12), (21, 12), (22, 12), (23, 12), (24, 12), (24, 11), (25, 11), (26, 11), (27, 11), (27, 12), (27, 13), (27, 14), (26, 14), (25, 14), (25, 15), (25, 16), (26, 16), (27, 16), (28, 16), (29, 16), (30, 16), (31, 16), (32, 16), (33, 16), (24, 16), (23, 16), (22, 16), (21, 16), (20, 16), (19, 16), (18, 16), (17, 16), (16, 16), (15, 16), (14, 16), (13, 16), (12, 16), (11, 16), (10, 16), (9, 16), (8, 16), (7, 16), (6, 16), (5, 16), (4, 16), (3, 16), (2, 16), (1, 16), (1, 15), (1, 14), (1, 13), (1, 12), (1, 11), (1, 10), (1, 9), (1, 8), (1, 7), (2, 7), (3, 7), (4, 7), (4, 8), (4, 9), (4, 10), (4, 11), (4, 12), (4, 13), (4, 14), (5, 14), (6, 14), (6, 13), (6, 12), (6, 11), (6, 10), (6, 9), (6, 8), (7, 8), (8, 8), (8, 9), (8, 10), (8, 11), (8, 12), (8, 13), (8, 14), (9, 14), (10, 14), (10, 13), (10, 12), (10, 11), (10, 10), (11, 10), (12, 10), (12, 11), (12, 12), (12, 13), (12, 14), (13, 14), (14, 14), (15, 14), (16, 14), (17, 14), (17, 13), (17, 12), (18, 12), (19, 12), (19, 11), (16, 12), (15, 12), (14, 12), (14, 11), (14, 10), (15, 10), (16, 10), (17, 10), (17, 9), (17, 8), (16, 8), (15, 8), (14, 8), (13, 8), (12, 8), (11, 8), (11, 7), (11, 6), (10, 6), (9, 6), (8, 6), (7, 6), (6, 6), (6, 5), (5, 5), (4, 5), (3, 5), (2, 5), (1, 5), (1, 4), (1, 3), (2, 3), (3, 3), (4, 3), (5, 3), (6, 3), (7, 3)]",195,0,195
208,"(8, 4)","(8, 3)",North,"[(9, 4) via East]","[(8, 4), (13, 12), (13, 12), (3, 10), (19, 12), (19, 11), (26, 2), (31, 3), (30, 3), (29, 6), (29, 10), (33, 16)]","[(9, 4), (13, 12), (13, 12), (3, 10), (19, 12), (19, 11), (26, 2), (31, 3), (30, 3), (29, 6), (29, 10), (33, 16)]","[(34, 16), (34, 15), (34, 14), (33, 14), (32, 14), (31, 14), (30, 14), (30, 13), (30, 12), (31, 12), (32, 12), (33, 12), (34, 12), (34, 11), (34, 10), (33, 10), (32, 10), (31, 10), (30, 10), (30, 9), (30, 8), (31, 8), (32, 8), (33, 8), (34, 8), (34, 7), (34, 6), (33, 6), (32, 6), (31, 6), (30, 6), (30, 5), (30, 4), (31, 4), (32, 4), (33, 4), (34, 4), (34, 3), (34, 2), (34, 1), (33, 1), (32, 1), (31, 1), (30, 1), (29, 1), (28, 1), (27, 1), (27, 2), (27, 3), (27, 4), (27, 5), (27, 6), (27, 7), (27, 8), (27, 9), (26, 9), (25, 9), (24, 9), (23, 9), (22, 9), (21, 9), (20, 9), (20, 10), (20, 11), (20, 12), (21, 12), (22, 12), (23, 12), (24, 12), (24, 11), (25, 11), (26, 11), (27, 11), (27, 12), (27, 13), (27, 14), (26, 14), (25, 14), (25, 15), (25, 16), (26, 16), (27, 16), (28, 16), (29, 16), (30, 16), (31, 16), (32, 16), (33, 16), (24, 16), (23, 16), (22, 16), (21, 16), (20, 16), (19, 16), (18, 16), (17, 16), (16, 16), (15, 16), (14, 16), (13, 16), (12, 16), (11, 16), (10, 16), (9, 16), (8, 16), (7, 16), (6, 16), (5, 16), (4, 16), (3, 16), (2, 16), (1, 16), (1, 15), (1, 14), (1, 13), (1, 12), (1, 11), (1, 10), (1, 9), (1, 8), (1, 7), (2, 7), (3, 7), (4, 7), (4, 8), (4, 9), (4, 10), (4, 11), (4, 12), (4, 13), (4, 14), (5, 14), (6, 14), (6, 13), (6, 12), (6, 11), (6, 10), (6, 9), (6, 8), (7, 8), (8, 8), (8, 9), (8, 10), (8, 11), (8, 12), (8, 13), (8, 14), (9, 14), (10, 14), (10, 13), (10, 12), (10, 11), (10, 10), (11, 10), (12, 10), (12, 11), (12, 12), (12, 13), (12, 14), (13, 14), (14, 14), (15, 14), (16, 14), (17, 14), (17, 13), (17, 12), (18, 12), (19, 12), (19, 11), (16, 12), (15, 12), (14, 12), (14, 11), (14, 10), (15, 10), (16, 10), (17, 10), (17, 9), (17, 8), (16, 8), (15, 8), (14, 8), (13, 8), (12, 8), (11, 8), (11, 7), (11, 6), (10, 6), (9, 6), (8, 6), (7, 6), (6, 6), (6, 5), (5, 5), (4, 5), (3, 5), (2, 5), (1, 5), (1, 4), (1, 3), (2, 3), (3, 3), (4, 3), (5, 3), (6, 3), (7, 3), (8, 3)]",196,0,196
209,"(9, 4)","(8, 4)",East,"[(10, 4) via East]","[(9, 4), (13, 12), (13, 12), (3, 10), (19, 12), (19, 11), (26, 2), (31, 3), (30, 3), (29, 6), (29, 10), (33, 16)]","[(10, 4), (13, 12), (13, 12), (3, 10), (19, 12), (19, 11), (26, 2), (31, 3), (30, 3), (29, 6), (29, 10), (33, 16)]","[(34, 16), (34, 15), (34, 14), (33, 14), (32, 14), (31, 14), (30, 14), (30, 13), (30, 12), (31, 12), (32, 12), (33, 12), (34, 12), (34, 11), (34, 10), (33, 10), (32, 10), (31, 10), (30, 10), (30, 9), (30, 8), (31, 8), (32, 8), (33, 8), (34, 8), (34, 7), (34, 6), (33, 6), (32, 6), (31, 6), (30, 6), (30, 5), (30, 4), (31, 4), (32, 4), (33, 4), (34, 4), (34, 3), (34, 2), (34, 1), (33, 1), (32, 1), (31, 1), (30, 1), (29, 1), (28, 1), (27, 1), (27, 2), (27, 3), (27, 4), (27, 5), (27, 6), (27, 7), (27, 8), (27, 9), (26, 9), (25, 9), (24, 9), (23, 9), (22, 9), (21, 9), (20, 9), (20, 10), (20, 11), (20, 12), (21, 12), (22, 12), (23, 12), (24, 12), (24, 11), (25, 11), (26, 11), (27, 11), (27, 12), (27, 13), (27, 14), (26, 14), (25, 14), (25, 15), (25, 16), (26, 16), (27, 16), (28, 16), (29, 16), (30, 16), (31, 16), (32, 16), (33, 16), (24, 16), (23, 16), (22, 16), (21, 16), (20, 16), (19, 16), (18, 16), (17, 16), (16, 16), (15, 16), (14, 16), (13, 16), (12, 16), (11, 16), (10, 16), (9, 16), (8, 16), (7, 16), (6, 16), (5, 16), (4, 16), (3, 16), (2, 16), (1, 16), (1, 15), (1, 14), (1, 13), (1, 12), (1, 11), (1, 10), (1, 9), (1, 8), (1, 7), (2, 7), (3, 7), (4, 7), (4, 8), (4, 9), (4, 10), (4, 11), (4, 12), (4, 13), (4, 14), (5, 14), (6, 14), (6, 13), (6, 12), (6, 11), (6, 10), (6, 9), (6, 8), (7, 8), (8, 8), (8, 9), (8, 10), (8, 11), (8, 12), (8, 13), (8, 14), (9, 14), (10, 14), (10, 13), (10, 12), (10, 11), (10, 10), (11, 10), (12, 10), (12, 11), (12, 12), (12, 13), (12, 14), (13, 14), (14, 14), (15, 14), (16, 14), (17, 14), (17, 13), (17, 12), (18, 12), (19, 12), (19, 11), (16, 12), (15, 12), (14, 12), (14, 11), (14, 10), (15, 10), (16, 10), (17, 10), (17, 9), (17, 8), (16, 8), (15, 8), (14, 8), (13, 8), (12, 8), (11, 8), (11, 7), (11, 6), (10, 6), (9, 6), (8, 6), (7, 6), (6, 6), (6, 5), (5, 5), (4, 5), (3, 5), (2, 5), (1, 5), (1, 4), (1, 3), (2, 3), (3, 3), (4, 3), (5, 3), (6, 3), (7, 3), (8, 3), (8, 4)]",197,0,197
210,"(10, 4)","(9, 4)",East,"[(11, 4) via East]","[(10, 4), (13, 12), (13, 12), (3, 10), (19, 12), (19, 11), (26, 2), (31, 3), (30, 3), (29, 6), (29, 10), (33, 16)]","[(11, 4), (13, 12), (13, 12), (3, 10), (19, 12), (19, 11), (26, 2), (31, 3), (30, 3), (29, 6), (29, 10), (33, 16)]","[(34, 16), (34, 15), (34, 14), (33, 14), (32, 14), (31, 14), (30, 14), (30, 13), (30, 12), (31, 12), (32, 12), (33, 12), (34, 12), (34, 11), (34, 10), (33, 10), (32, 10), (31, 10), (30, 10), (30, 9), (30, 8), (31, 8), (32, 8), (33, 8), (34, 8), (34, 7), (34, 6), (33, 6), (32, 6), (31, 6), (30, 6), (30, 5), (30, 4), (31, 4), (32, 4), (33, 4), (34, 4), (34, 3), (34, 2), (34, 1), (33, 1), (32, 1), (31, 1), (30, 1), (29, 1), (28, 1), (27, 1), (27, 2), (27, 3), (27, 4), (27, 5), (27, 6), (27, 7), (27, 8), (27, 9), (26, 9), (25, 9), (24, 9), (23, 9), (22, 9), (21, 9), (20, 9), (20, 10), (20, 11), (20, 12), (21, 12), (22, 12), (23, 12), (24, 12), (24, 11), (25, 11), (26, 11), (27, 11), (27, 12), (27, 13), (27, 14), (26, 14), (25, 14), (25, 15), (25, 16), (26, 16), (27, 16), (28, 16), (29, 16), (30, 16), (31, 16), (32, 16), (33, 16), (24, 16), (23, 16), (22, 16), (21, 16), (20, 16), (19, 16), (18, 16), (17, 16), (16, 16), (15, 16), (14, 16), (13, 16), (12, 16), (11, 16), (10, 16), (9, 16), (8, 16), (7, 16), (6, 16), (5, 16), (4, 16), (3, 16), (2, 16), (1, 16), (1, 15), (1, 14), (1, 13), (1, 12), (1, 11), (1, 10), (1, 9), (1, 8), (1, 7), (2, 7), (3, 7), (4, 7), (4, 8), (4, 9), (4, 10), (4, 11), (4, 12), (4, 13), (4, 14), (5, 14), (6, 14), (6, 13), (6, 12), (6, 11), (6, 10), (6, 9), (6, 8), (7, 8), (8, 8), (8, 9), (8, 10), (8, 11), (8, 12), (8, 13), (8, 14), (9, 14), (10, 14), (10, 13), (10, 12), (10, 11), (10, 10), (11, 10), (12, 10), (12, 11), (12, 12), (12, 13), (12, 14), (13, 14), (14, 14), (15, 14), (16, 14), (17, 14), (17, 13), (17, 12), (18, 12), (19, 12), (19, 11), (16, 12), (15, 12), (14, 12), (14, 11), (14, 10), (15, 10), (16, 10), (17, 10), (17, 9), (17, 8), (16, 8), (15, 8), (14, 8), (13, 8), (12, 8), (11, 8), (11, 7), (11, 6), (10, 6), (9, 6), (8, 6), (7, 6), (6, 6), (6, 5), (5, 5), (4, 5), (3, 5), (2, 5), (1, 5), (1, 4), (1, 3), (2, 3), (3, 3), (4, 3), (5, 3), (6, 3), (7, 3), (8, 3), (8, 4), (9, 4)]",198,0,198
211,"(11, 4)","(10, 4)",East,"[(12, 4) via East]","[(11, 4), (13, 12), (13, 12), (3, 10), (19, 12), (19, 11), (26, 2), (31, 3), (30, 3), (29, 6), (29, 10), (33, 16)]","[(12, 4), (13, 12), (13, 12), (3, 10), (19, 12), (19, 11), (26, 2), (31, 3), (30, 3), (29, 6), (29, 10), (33, 16)]","[(34, 16), (34, 15), (34, 14), (33, 14), (32, 14), (31, 14), (30, 14), (30, 13), (30, 12), (31, 12), (32, 12), (33, 12), (34, 12), (34, 11), (34, 10), (33, 10), (32, 10), (31, 10), (30, 10), (30, 9), (30, 8), (31, 8), (32, 8), (33, 8), (34, 8), (34, 7), (34, 6), (33, 6), (32, 6), (31, 6), (30, 6), (30, 5), (30, 4), (31, 4), (32, 4), (33, 4), (34, 4), (34, 3), (34, 2), (34, 1), (33, 1), (32, 1), (31, 1), (30, 1), (29, 1), (28, 1), (27, 1), (27, 2), (27, 3), (27, 4), (27, 5), (27, 6), (27, 7), (27, 8), (27, 9), (26, 9), (25, 9), (24, 9), (23, 9), (22, 9), (21, 9), (20, 9), (20, 10), (20, 11), (20, 12), (21, 12), (22, 12), (23, 12), (24, 12), (24, 11), (25, 11), (26, 11), (27, 11), (27, 12), (27, 13), (27, 14), (26, 14), (25, 14), (25, 15), (25, 16), (26, 16), (27, 16), (28, 16), (29, 16), (30, 16), (31, 16), (32, 16), (33, 16), (24, 16), (23, 16), (22, 16), (21, 16), (20, 16), (19, 16), (18, 16), (17, 16), (16, 16), (15, 16), (14, 16), (13, 16), (12, 16), (11, 16), (10, 16), (9, 16), (8, 16), (7, 16), (6, 16), (5, 16), (4, 16), (3, 16), (2, 16), (1, 16), (1, 15), (1, 14), (1, 13), (1, 12), (1, 11), (1, 10), (1, 9), (1, 8), (1, 7), (2, 7), (3, 7), (4, 7), (4, 8), (4, 9), (4, 10), (4, 11), (4, 12), (4, 13), (4, 14), (5, 14), (6, 14), (6, 13), (6, 12), (6, 11), (6, 10), (6, 9), (6, 8), (7, 8), (8, 8), (8, 9), (8, 10), (8, 11), (8, 12), (8, 13), (8, 14), (9, 14), (10, 14), (10, 13), (10, 12), (10, 11), (10, 10), (11, 10), (12, 10), (12, 11), (12, 12), (12, 13), (12, 14), (13, 14), (14, 14), (15, 14), (16, 14), (17, 14), (17, 13), (17, 12), (18, 12), (19, 12), (19, 11), (16, 12), (15, 12), (14, 12), (14, 11), (14, 10), (15, 10), (16, 10), (17, 10), (17, 9), (17, 8), (16, 8), (15, 8), (14, 8), (13, 8), (12, 8), (11, 8), (11, 7), (11, 6), (10, 6), (9, 6), (8, 6), (7, 6), (6, 6), (6, 5), (5, 5), (4, 5), (3, 5), (2, 5), (1, 5), (1, 4), (1, 3), (2, 3), (3, 3), (4, 3), (5, 3), (6, 3), (7, 3), (8, 3), (8, 4), (9, 4), (10, 4)]",199,0,199
212,"(12, 4)","(11, 4)",East,"[(13, 4) via East]","[(12, 4), (13, 12), (13, 12), (3, 10), (19, 12), (19, 11), (26, 2), (31, 3), (30, 3), (29, 6), (29, 10), (33, 16)]","[(13, 4), (13, 12), (13, 12), (3, 10), (19, 12), (19, 11), (26, 2), (31, 3), (30, 3), (29, 6), (29, 10), (33, 16)]","[(34, 16), (34, 15), (34, 14), (33, 14), (32, 14), (31, 14), (30, 14), (30, 13), (30, 12), (31, 12), (32, 12), (33, 12), (34, 12), (34, 11), (34, 10), (33, 10), (32, 10), (31, 10), (30, 10), (30, 9), (30, 8), (31, 8), (32, 8), (33, 8), (34, 8), (34, 7), (34, 6), (33, 6), (32, 6), (31, 6), (30, 6), (30, 5), (30, 4), (31, 4), (32, 4), (33, 4), (34, 4), (34, 3), (34, 2), (34, 1), (33, 1), (32, 1), (31, 1), (30, 1), (29, 1), (28, 1), (27, 1), (27, 2), (27, 3), (27, 4), (27, 5), (27, 6), (27, 7), (27, 8), (27, 9), (26, 9), (25, 9), (24, 9), (23, 9), (22, 9), (21, 9), (20, 9), (20, 10), (20, 11), (20, 12), (21, 12), (22, 12), (23, 12), (24, 12), (24, 11), (25, 11), (26, 11), (27, 11), (27, 12), (27, 13), (27, 14), (26, 14), (25, 14), (25, 15), (25, 16), (26, 16), (27, 16), (28, 16), (29, 16), (30, 16), (31, 16), (32, 16), (33, 16), (24, 16), (23, 16), (22, 16), (21, 16), (20, 16), (19, 16), (18, 16), (17, 16), (16, 16), (15, 16), (14, 16), (13, 16), (12, 16), (11, 16), (10, 16), (9, 16), (8, 16), (7, 16), (6, 16), (5, 16), (4, 16), (3, 16), (2, 16), (1, 16), (1, 15), (1, 14), (1, 13), (1, 12), (1, 11), (1, 10), (1, 9), (1, 8), (1, 7), (2, 7), (3, 7), (4, 7), (4, 8), (4, 9), (4, 10), (4, 11), (4, 12), (4, 13), (4, 14), (5, 14), (6, 14), (6, 13), (6, 12), (6, 11), (6, 10), (6, 9), (6, 8), (7, 8), (8, 8), (8, 9), (8, 10), (8, 11), (8, 12), (8, 13), (8, 14), (9, 14), (10, 14), (10, 13), (10, 12), (10, 11), (10, 10), (11, 10), (12, 10), (12, 11), (12, 12), (12, 13), (12, 14), (13, 14), (14, 14), (15, 14), (16, 14), (17, 14), (17, 13), (17, 12), (18, 12), (19, 12), (19, 11), (16, 12), (15, 12), (14, 12), (14, 11), (14, 10), (15, 10), (16, 10), (17, 10), (17, 9), (17, 8), (16, 8), (15, 8), (14, 8), (13, 8), (12, 8), (11, 8), (11, 7), (11, 6), (10, 6), (9, 6), (8, 6), (7, 6), (6, 6), (6, 5), (5, 5), (4, 5), (3, 5), (2, 5), (1, 5), (1, 4), (1, 3), (2, 3), (3, 3), (4, 3), (5, 3), (6, 3), (7, 3), (8, 3), (8, 4), (9, 4), (10, 4), (11, 4)]",200,0,200
213,"(13, 4)","(12, 4)",East,"[(13, 5) via North]","[(13, 4), (13, 12), (13, 12), (3, 10), (19, 12), (19, 11), (26, 2), (31, 3), (30, 3), (29, 6), (29, 10), (33, 16)]","[(13, 5), (13, 12), (13, 12), (3, 10), (19, 12), (19, 11), (26, 2), (31, 3), (30, 3), (29, 6), (29, 10), (33, 16)]","[(34, 16), (34, 15), (34, 14), (33, 14), (32, 14), (31, 14), (30, 14), (30, 13), (30, 12), (31, 12), (32, 12), (33, 12), (34, 12), (34, 11), (34, 10), (33, 10), (32, 10), (31, 10), (30, 10), (30, 9), (30, 8), (31, 8), (32, 8), (33, 8), (34, 8), (34, 7), (34, 6), (33, 6), (32, 6), (31, 6), (30, 6), (30, 5), (30, 4), (31, 4), (32, 4), (33, 4), (34, 4), (34, 3), (34, 2), (34, 1), (33, 1), (32, 1), (31, 1), (30, 1), (29, 1), (28, 1), (27, 1), (27, 2), (27, 3), (27, 4), (27, 5), (27, 6), (27, 7), (27, 8), (27, 9), (26, 9), (25, 9), (24, 9), (23, 9), (22, 9), (21, 9), (20, 9), (20, 10), (20, 11), (20, 12), (21, 12), (22, 12), (23, 12), (24, 12), (24, 11), (25, 11), (26, 11), (27, 11), (27, 12), (27, 13), (27, 14), (26, 14), (25, 14), (25, 15), (25, 16), (26, 16), (27, 16), (28, 16), (29, 16), (30, 16), (31, 16), (32, 16), (33, 16), (24, 16), (23, 16), (22, 16), (21, 16), (20, 16), (19, 16), (18, 16), (17, 16), (16, 16), (15, 16), (14, 16), (13, 16), (12, 16), (11, 16), (10, 16), (9, 16), (8, 16), (7, 16), (6, 16), (5, 16), (4, 16), (3, 16), (2, 16), (1, 16), (1, 15), (1, 14), (1, 13), (1, 12), (1, 11), (1, 10), (1, 9), (1, 8), (1, 7), (2, 7), (3, 7), (4, 7), (4, 8), (4, 9), (4, 10), (4, 11), (4, 12), (4, 13), (4, 14), (5, 14), (6, 14), (6, 13), (6, 12), (6, 11), (6, 10), (6, 9), (6, 8), (7, 8), (8, 8), (8, 9), (8, 10), (8, 11), (8, 12), (8, 13), (8, 14), (9, 14), (10, 14), (10, 13), (10, 12), (10, 11), (10, 10), (11, 10), (12, 10), (12, 11), (12, 12), (12, 13), (12, 14), (13, 14), (14, 14), (15, 14), (16, 14), (17, 14), (17, 13), (17, 12), (18, 12), (19, 12), (19, 11), (16, 12), (15, 12), (14, 12), (14, 11), (14, 10), (15, 10), (16, 10), (17, 10), (17, 9), (17, 8), (16, 8), (15, 8), (14, 8), (13, 8), (12, 8), (11, 8), (11, 7), (11, 6), (10, 6), (9, 6), (8, 6), (7, 6), (6, 6), (6, 5), (5, 5), (4, 5), (3, 5), (2, 5), (1, 5), (1, 4), (1, 3), (2, 3), (3, 3), (4, 3), (5, 3), (6, 3), (7, 3), (8, 3), (8, 4), (9, 4), (10, 4), (11, 4), (12, 4)]",201,0,201
214,"(13, 5)","(13, 4)",North,"[(13, 6) via North]","[(13, 5), (13, 12), (13, 12), (3, 10), (19, 12), (19, 11), (26, 2), (31, 3), (30, 3), (29, 6), (29, 10), (33, 16)]","[(13, 6), (13, 12), (13, 12), (3, 10), (19, 12), (19, 11), (26, 2), (31, 3), (30, 3), (29, 6), (29, 10), (33, 16)]","[(34, 16), (34, 15), (34, 14), (33, 14), (32, 14), (31, 14), (30, 14), (30, 13), (30, 12), (31, 12), (32, 12), (33, 12), (34, 12), (34, 11), (34, 10), (33, 10), (32, 10), (31, 10), (30, 10), (30, 9), (30, 8), (31, 8), (32, 8), (33, 8), (34, 8), (34, 7), (34, 6), (33, 6), (32, 6), (31, 6), (30, 6), (30, 5), (30, 4), (31, 4), (32, 4), (33, 4), (34, 4), (34, 3), (34, 2), (34, 1), (33, 1), (32, 1), (31, 1), (30, 1), (29, 1), (28, 1), (27, 1), (27, 2), (27, 3), (27, 4), (27, 5), (27, 6), (27, 7), (27, 8), (27, 9), (26, 9), (25, 9), (24, 9), (23, 9), (22, 9), (21, 9), (20, 9), (20, 10), (20, 11), (20, 12), (21, 12), (22, 12), (23, 12), (24, 12), (24, 11), (25, 11), (26, 11), (27, 11), (27, 12), (27, 13), (27, 14), (26, 14), (25, 14), (25, 15), (25, 16), (26, 16), (27, 16), (28, 16), (29, 16), (30, 16), (31, 16), (32, 16), (33, 16), (24, 16), (23, 16), (22, 16), (21, 16), (20, 16), (19, 16), (18, 16), (17, 16), (16, 16), (15, 16), (14, 16), (13, 16), (12, 16), (11, 16), (10, 16), (9, 16), (8, 16), (7, 16), (6, 16), (5, 16), (4, 16), (3, 16), (2, 16), (1, 16), (1, 15), (1, 14), (1, 13), (1, 12), (1, 11), (1, 10), (1, 9), (1, 8), (1, 7), (2, 7), (3, 7), (4, 7), (4, 8), (4, 9), (4, 10), (4, 11), (4, 12), (4, 13), (4, 14), (5, 14), (6, 14), (6, 13), (6, 12), (6, 11), (6, 10), (6, 9), (6, 8), (7, 8), (8, 8), (8, 9), (8, 10), (8, 11), (8, 12), (8, 13), (8, 14), (9, 14), (10, 14), (10, 13), (10, 12), (10, 11), (10, 10), (11, 10), (12, 10), (12, 11), (12, 12), (12, 13), (12, 14), (13, 14), (14, 14), (15, 14), (16, 14), (17, 14), (17, 13), (17, 12), (18, 12), (19, 12), (19, 11), (16, 12), (15, 12), (14, 12), (14, 11), (14, 10), (15, 10), (16, 10), (17, 10), (17, 9), (17, 8), (16, 8), (15, 8), (14, 8), (13, 8), (12, 8), (11, 8), (11, 7), (11, 6), (10, 6), (9, 6), (8, 6), (7, 6), (6, 6), (6, 5), (5, 5), (4, 5), (3, 5), (2, 5), (1, 5), (1, 4), (1, 3), (2, 3), (3, 3), (4, 3), (5, 3), (6, 3), (7, 3), (8, 3), (8, 4), (9, 4), (10, 4), (11, 4), (12, 4), (13, 4)]",202,0,202
215,"(13, 6)","(13, 5)",North,"[(14, 6) via East]","[(13, 6), (13, 12), (13, 12), (3, 10), (19, 12), (19, 11), (26, 2), (31, 3), (30, 3), (29, 6), (29, 10), (33, 16)]","[(14, 6), (13, 12), (13, 12), (3, 10), (19, 12), (19, 11), (26, 2), (31, 3), (30, 3), (29, 6), (29, 10), (33, 16)]","[(34, 16), (34, 15), (34, 14), (33, 14), (32, 14), (31, 14), (30, 14), (30, 13), (30, 12), (31, 12), (32, 12), (33, 12), (34, 12), (34, 11), (34, 10), (33, 10), (32, 10), (31, 10), (30, 10), (30, 9), (30, 8), (31, 8), (32, 8), (33, 8), (34, 8), (34, 7), (34, 6), (33, 6), (32, 6), (31, 6), (30, 6), (30, 5), (30, 4), (31, 4), (32, 4), (33, 4), (34, 4), (34, 3), (34, 2), (34, 1), (33, 1), (32, 1), (31, 1), (30, 1), (29, 1), (28, 1), (27, 1), (27, 2), (27, 3), (27, 4), (27, 5), (27, 6), (27, 7), (27, 8), (27, 9), (26, 9), (25, 9), (24, 9), (23, 9), (22, 9), (21, 9), (20, 9), (20, 10), (20, 11), (20, 12), (21, 12), (22, 12), (23, 12), (24, 12), (24, 11), (25, 11), (26, 11), (27, 11), (27, 12), (27, 13), (27, 14), (26, 14), (25, 14), (25, 15), (25, 16), (26, 16), (27, 16), (28, 16), (29, 16), (30, 16), (31, 16), (32, 16), (33, 16), (24, 16), (23, 16), (22, 16), (21, 16), (20, 16), (19, 16), (18, 16), (17, 16), (16, 16), (15, 16), (14, 16), (13, 16), (12, 16), (11, 16), (10, 16), (9, 16), (8, 16), (7, 16), (6, 16), (5, 16), (4, 16), (3, 16), (2, 16), (1, 16), (1, 15), (1, 14), (1, 13), (1, 12), (1, 11), (1, 10), (1, 9), (1, 8), (1, 7), (2, 7), (3, 7), (4, 7), (4, 8), (4, 9), (4, 10), (4, 11), (4, 12), (4, 13), (4, 14), (5, 14), (6, 14), (6, 13), (6, 12), (6, 11), (6, 10), (6, 9), (6, 8), (7, 8), (8, 8), (8, 9), (8, 10), (8, 11), (8, 12), (8, 13), (8, 14), (9, 14), (10, 14), (10, 13), (10, 12), (10, 11), (10, 10), (11, 10), (12, 10), (12, 11), (12, 12), (12, 13), (12, 14), (13, 14), (14, 14), (15, 14), (16, 14), (17, 14), (17, 13), (17, 12), (18, 12), (19, 12), (19, 11), (16, 12), (15, 12), (14, 12), (14, 11), (14, 10), (15, 10), (16, 10), (17, 10), (17, 9), (17, 8), (16, 8), (15, 8), (14, 8), (13, 8), (12, 8), (11, 8), (11, 7), (11, 6), (10, 6), (9, 6), (8, 6), (7, 6), (6, 6), (6, 5), (5, 5), (4, 5), (3, 5), (2, 5), (1, 5), (1, 4), (1, 3), (2, 3), (3, 3), (4, 3), (5, 3), (6, 3), (7, 3), (8, 3), (8, 4), (9, 4), (10, 4), (11, 4), (12, 4), (13, 4), (13, 5)]",203,0,203
216,"(14, 6)","(13, 6)",East,"[(15, 6) via East]","[(14, 6), (13, 12), (13, 12), (3, 10), (19, 12), (19, 11), (26, 2), (31, 3), (30, 3), (29, 6), (29, 10), (33, 16)]","[(15, 6), (13, 12), (13, 12), (3, 10), (19, 12), (19, 11), (26, 2), (31, 3), (30, 3), (29, 6), (29, 10), (33, 16)]","[(34, 16), (34, 15), (34, 14), (33, 14), (32, 14), (31, 14), (30, 14), (30, 13), (30, 12), (31, 12), (32, 12), (33, 12), (34, 12), (34, 11), (34, 10), (33, 10), (32, 10), (31, 10), (30, 10), (30, 9), (30, 8), (31, 8), (32, 8), (33, 8), (34, 8), (34, 7), (34, 6), (33, 6), (32, 6), (31, 6), (30, 6), (30, 5), (30, 4), (31, 4), (32, 4), (33, 4), (34, 4), (34, 3), (34, 2), (34, 1), (33, 1), (32, 1), (31, 1), (30, 1), (29, 1), (28, 1), (27, 1), (27, 2), (27, 3), (27, 4), (27, 5), (27, 6), (27, 7), (27, 8), (27, 9), (26, 9), (25, 9), (24, 9), (23, 9), (22, 9), (21, 9), (20, 9), (20, 10), (20, 11), (20, 12), (21, 12), (22, 12), (23, 12), (24, 12), (24, 11), (25, 11), (26, 11), (27, 11), (27, 12), (27, 13), (27, 14), (26, 14), (25, 14), (25, 15), (25, 16), (26, 16), (27, 16), (28, 16), (29, 16), (30, 16), (31, 16), (32, 16), (33, 16), (24, 16), (23, 16), (22, 16), (21, 16), (20, 16), (19, 16), (18, 16), (17, 16), (16, 16), (15, 16), (14, 16), (13, 16), (12, 16), (11, 16), (10, 16), (9, 16), (8, 16), (7, 16), (6, 16), (5, 16), (4, 16), (3, 16), (2, 16), (1, 16), (1, 15), (1, 14), (1, 13), (1, 12), (1, 11), (1, 10), (1, 9), (1, 8), (1, 7), (2, 7), (3, 7), (4, 7), (4, 8), (4, 9), (4, 10), (4, 11), (4, 12), (4, 13), (4, 14), (5, 14), (6, 14), (6, 13), (6, 12), (6, 11), (6, 10), (6, 9), (6, 8), (7, 8), (8, 8), (8, 9), (8, 10), (8, 11), (8, 12), (8, 13), (8, 14), (9, 14), (10, 14), (10, 13), (10, 12), (10, 11), (10, 10), (11, 10), (12, 10), (12, 11), (12, 12), (12, 13), (12, 14), (13, 14), (14, 14), (15, 14), (16, 14), (17, 14), (17, 13), (17, 12), (18, 12), (19, 12), (19, 11), (16, 12), (15, 12), (14, 12), (14, 11), (14, 10), (15, 10), (16, 10), (17, 10), (17, 9), (17, 8), (16, 8), (15, 8), (14, 8), (13, 8), (12, 8), (11, 8), (11, 7), (11, 6), (10, 6), (9, 6), (8, 6), (7, 6), (6, 6), (6, 5), (5, 5), (4, 5), (3, 5), (2, 5), (1, 5), (1, 4), (1, 3), (2, 3), (3, 3), (4, 3), (5, 3), (6, 3), (7, 3), (8, 3), (8, 4), (9, 4), (10, 4), (11, 4), (12, 4), (13, 4), (13, 5), (13, 6)]",204,0,204
217,"(15, 6)","(14, 6)",East,"[(16, 6) via East]","[(15, 6), (13, 12), (13, 12), (3, 10), (19, 12), (19, 11), (26, 2), (31, 3), (30, 3), (29, 6), (29, 10), (33, 16)]","[(16, 6), (13, 12), (13, 12), (3, 10), (19, 12), (19, 11), (26, 2), (31, 3), (30, 3), (29, 6), (29, 10), (33, 16)]","[(34, 16), (34, 15), (34, 14), (33, 14), (32, 14), (31, 14), (30, 14), (30, 13), (30, 12), (31, 12), (32, 12), (33, 12), (34, 12), (34, 11), (34, 10), (33, 10), (32, 10), (31, 10), (30, 10), (30, 9), (30, 8), (31, 8), (32, 8), (33, 8), (34, 8), (34, 7), (34, 6), (33, 6), (32, 6), (31, 6), (30, 6), (30, 5), (30, 4), (31, 4), (32, 4), (33, 4), (34, 4), (34, 3), (34, 2), (34, 1), (33, 1), (32, 1), (31, 1), (30, 1), (29, 1), (28, 1), (27, 1), (27, 2), (27, 3), (27, 4), (27, 5), (27, 6), (27, 7), (27, 8), (27, 9), (26, 9), (25, 9), (24, 9), (23, 9), (22, 9), (21, 9), (20, 9), (20, 10), (20, 11), (20, 12), (21, 12), (22, 12), (23, 12), (24, 12), (24, 11), (25, 11), (26, 11), (27, 11), (27, 12), (27, 13), (27, 14), (26, 14), (25, 14), (25, 15), (25, 16), (26, 16), (27, 16), (28, 16), (29, 16), (30, 16), (31, 16), (32, 16), (33, 16), (24, 16), (23, 16), (22, 16), (21, 16), (20, 16), (19, 16), (18, 16), (17, 16), (16, 16), (15, 16), (14, 16), (13, 16), (12, 16), (11, 16), (10, 16), (9, 16), (8, 16), (7, 16), (6, 16), (5, 16), (4, 16), (3, 16), (2, 16), (1, 16), (1, 15), (1, 14), (1, 13), (1, 12), (1, 11), (1, 10), (1, 9), (1, 8), (1, 7), (2, 7), (3, 7), (4, 7), (4, 8), (4, 9), (4, 10), (4, 11), (4, 12), (4, 13), (4, 14), (5, 14), (6, 14), (6, 13), (6, 12), (6, 11), (6, 10), (6, 9), (6, 8), (7, 8), (8, 8), (8, 9), (8, 10), (8, 11), (8, 12), (8, 13), (8, 14), (9, 14), (10, 14), (10, 13), (10, 12), (10, 11), (10, 10), (11, 10), (12, 10), (12, 11), (12, 12), (12, 13), (12, 14), (13, 14), (14, 14), (15, 14), (16, 14), (17, 14), (17, 13), (17, 12), (18, 12), (19, 12), (19, 11), (16, 12), (15, 12), (14, 12), (14, 11), (14, 10), (15, 10), (16, 10), (17, 10), (17, 9), (17, 8), (16, 8), (15, 8), (14, 8), (13, 8), (12, 8), (11, 8), (11, 7), (11, 6), (10, 6), (9, 6), (8, 6), (7, 6), (6, 6), (6, 5), (5, 5), (4, 5), (3, 5), (2, 5), (1, 5), (1, 4), (1, 3), (2, 3), (3, 3), (4, 3), (5, 3), (6, 3), (7, 3), (8, 3), (8, 4), (9, 4), (10, 4), (11, 4), (12, 4), (13, 4), (13, 5), (13, 6), (14, 6)]",205,0,205
218,"(16, 6)","(15, 6)",East,"[(17, 6) via East]","[(16, 6), (13, 12), (13, 12), (3, 10), (19, 12), (19, 11), (26, 2), (31, 3), (30, 3), (29, 6), (29, 10), (33, 16)]","[(17, 6), (13, 12), (13, 12), (3, 10), (19, 12), (19, 11), (26, 2), (31, 3), (30, 3), (29, 6), (29, 10), (33, 16)]","[(34, 16), (34, 15), (34, 14), (33, 14), (32, 14), (31, 14), (30, 14), (30, 13), (30, 12), (31, 12), (32, 12), (33, 12), (34, 12), (34, 11), (34, 10), (33, 10), (32, 10), (31, 10), (30, 10), (30, 9), (30, 8), (31, 8), (32, 8), (33, 8), (34, 8), (34, 7), (34, 6), (33, 6), (32, 6), (31, 6), (30, 6), (30, 5), (30, 4), (31, 4), (32, 4), (33, 4), (34, 4), (34, 3), (34, 2), (34, 1), (33, 1), (32, 1), (31, 1), (30, 1), (29, 1), (28, 1), (27, 1), (27, 2), (27, 3), (27, 4), (27, 5), (27, 6), (27, 7), (27, 8), (27, 9), (26, 9), (25, 9), (24, 9), (23, 9), (22, 9), (21, 9), (20, 9), (20, 10), (20, 11), (20, 12), (21, 12), (22, 12), (23, 12), (24, 12), (24, 11), (25, 11), (26, 11), (27, 11), (27, 12), (27, 13), (27, 14), (26, 14), (25, 14), (25, 15), (25, 16), (26, 16), (27, 16), (28, 16), (29, 16), (30, 16), (31, 16), (32, 16), (33, 16), (24, 16), (23, 16), (22, 16), (21, 16), (20, 16), (19, 16), (18, 16), (17, 16), (16, 16), (15, 16), (14, 16), (13, 16), (12, 16), (11, 16), (10, 16), (9, 16), (8, 16), (7, 16), (6, 16), (5, 16), (4, 16), (3, 16), (2, 16), (1, 16), (1, 15), (1, 14), (1, 13), (1, 12), (1, 11), (1, 10), (1, 9), (1, 8), (1, 7), (2, 7), (3, 7), (4, 7), (4, 8), (4, 9), (4, 10), (4, 11), (4, 12), (4, 13), (4, 14), (5, 14), (6, 14), (6, 13), (6, 12), (6, 11), (6, 10), (6, 9), (6, 8), (7, 8), (8, 8), (8, 9), (8, 10), (8, 11), (8, 12), (8, 13), (8, 14), (9, 14), (10, 14), (10, 13), (10, 12), (10, 11), (10, 10), (11, 10), (12, 10), (12, 11), (12, 12), (12, 13), (12, 14), (13, 14), (14, 14), (15, 14), (16, 14), (17, 14), (17, 13), (17, 12), (18, 12), (19, 12), (19, 11), (16, 12), (15, 12), (14, 12), (14, 11), (14, 10), (15, 10), (16, 10), (17, 10), (17, 9), (17, 8), (16, 8), (15, 8), (14, 8), (13, 8), (12, 8), (11, 8), (11, 7), (11, 6), (10, 6), (9, 6), (8, 6), (7, 6), (6, 6), (6, 5), (5, 5), (4, 5), (3, 5), (2, 5), (1, 5), (1, 4), (1, 3), (2, 3), (3, 3), (4, 3), (5, 3), (6, 3), (7, 3), (8, 3), (8, 4), (9, 4), (10, 4), (11, 4), (12, 4), (13, 4), (13, 5), (13, 6), (14, 6), (15, 6)]",206,0,206
219,"(17, 6)","(16, 6)",East,"[(18, 6) via East]","[(17, 6), (13, 12), (13, 12), (3, 10), (19, 12), (19, 11), (26, 2), (31, 3), (30, 3), (29, 6), (29, 10), (33, 16)]","[(18, 6), (13, 12), (13, 12), (3, 10), (19, 12), (19, 11), (26, 2), (31, 3), (30, 3), (29, 6), (29, 10), (33, 16)]","[(34, 16), (34, 15), (34, 14), (33, 14), (32, 14), (31, 14), (30, 14), (30, 13), (30, 12), (31, 12), (32, 12), (33, 12), (34, 12), (34, 11), (34, 10), (33, 10), (32, 10), (31, 10), (30, 10), (30, 9), (30, 8), (31, 8), (32, 8), (33, 8), (34, 8), (34, 7), (34, 6), (33, 6), (32, 6), (31, 6), (30, 6), (30, 5), (30, 4), (31, 4), (32, 4), (33, 4), (34, 4), (34, 3), (34, 2), (34, 1), (33, 1), (32, 1), (31, 1), (30, 1), (29, 1), (28, 1), (27, 1), (27, 2), (27, 3), (27, 4), (27, 5), (27, 6), (27, 7), (27, 8), (27, 9), (26, 9), (25, 9), (24, 9), (23, 9), (22, 9), (21, 9), (20, 9), (20, 10), (20, 11), (20, 12), (21, 12), (22, 12), (23, 12), (24, 12), (24, 11), (25, 11), (26, 11), (27, 11), (27, 12), (27, 13), (27, 14), (26, 14), (25, 14), (25, 15), (25, 16), (26, 16), (27, 16), (28, 16), (29, 16), (30, 16), (31, 16), (32, 16), (33, 16), (24, 16), (23, 16), (22, 16), (21, 16), (20, 16), (19, 16), (18, 16), (17, 16), (16, 16), (15, 16), (14, 16), (13, 16), (12, 16), (11, 16), (10, 16), (9, 16), (8, 16), (7, 16), (6, 16), (5, 16), (4, 16), (3, 16), (2, 16), (1, 16), (1, 15), (1, 14), (1, 13), (1, 12), (1, 11), (1, 10), (1, 9), (1, 8), (1, 7), (2, 7), (3, 7), (4, 7), (4, 8), (4, 9), (4, 10), (4, 11), (4, 12), (4, 13), (4, 14), (5, 14), (6, 14), (6, 13), (6, 12), (6, 11), (6, 10), (6, 9), (6, 8), (7, 8), (8, 8), (8, 9), (8, 10), (8, 11), (8, 12), (8, 13), (8, 14), (9, 14), (10, 14), (10, 13), (10, 12), (10, 11), (10, 10), (11, 10), (12, 10), (12, 11), (12, 12), (12, 13), (12, 14), (13, 14), (14, 14), (15, 14), (16, 14), (17, 14), (17, 13), (17, 12), (18, 12), (19, 12), (19, 11), (16, 12), (15, 12), (14, 12), (14, 11), (14, 10), (15, 10), (16, 10), (17, 10), (17, 9), (17, 8), (16, 8), (15, 8), (14, 8), (13, 8), (12, 8), (11, 8), (11, 7), (11, 6), (10, 6), (9, 6), (8, 6), (7, 6), (6, 6), (6, 5), (5, 5), (4, 5), (3, 5), (2, 5), (1, 5), (1, 4), (1, 3), (2, 3), (3, 3), (4, 3), (5, 3), (6, 3), (7, 3), (8, 3), (8, 4), (9, 4), (10, 4), (11, 4), (12, 4), (13, 4), (13, 5), (13, 6), (14, 6), (15, 6), (16, 6)]",207,0,207
220,"(18, 6)","(17, 6)",East,"[(19, 6) via East]","[(18, 6), (13, 12), (13, 12), (3, 10), (19, 12), (19, 11), (26, 2), (31, 3), (30, 3), (29, 6), (29, 10), (33, 16)]","[(19, 6), (13, 12), (13, 12), (3, 10), (19, 12), (19, 11), (26, 2), (31, 3), (30, 3), (29, 6), (29, 10), (33, 16)]","[(34, 16), (34, 15), (34, 14), (33, 14), (32, 14), (31, 14), (30, 14), (30, 13), (30, 12), (31, 12), (32, 12), (33, 12), (34, 12), (34, 11), (34, 10), (33, 10), (32, 10), (31, 10), (30, 10), (30, 9), (30, 8), (31, 8), (32, 8), (33, 8), (34, 8), (34, 7), (34, 6), (33, 6), (32, 6), (31, 6), (30, 6), (30, 5), (30, 4), (31, 4), (32, 4), (33, 4), (34, 4), (34, 3), (34, 2), (34, 1), (33, 1), (32, 1), (31, 1), (30, 1), (29, 1), (28, 1), (27, 1), (27, 2), (27, 3), (27, 4), (27, 5), (27, 6), (27, 7), (27, 8), (27, 9), (26, 9), (25, 9), (24, 9), (23, 9), (22, 9), (21, 9), (20, 9), (20, 10), (20, 11), (20, 12), (21, 12), (22, 12), (23, 12), (24, 12), (24, 11), (25, 11), (26, 11), (27, 11), (27, 12), (27, 13), (27, 14), (26, 14), (25, 14), (25, 15), (25, 16), (26, 16), (27, 16), (28, 16), (29, 16), (30, 16), (31, 16), (32, 16), (33, 16), (24, 16), (23, 16), (22, 16), (21, 16), (20, 16), (19, 16), (18, 16), (17, 16), (16, 16), (15, 16), (14, 16), (13, 16), (12, 16), (11, 16), (10, 16), (9, 16), (8, 16), (7, 16), (6, 16), (5, 16), (4, 16), (3, 16), (2, 16), (1, 16), (1, 15), (1, 14), (1, 13), (1, 12), (1, 11), (1, 10), (1, 9), (1, 8), (1, 7), (2, 7), (3, 7), (4, 7), (4, 8), (4, 9), (4, 10), (4, 11), (4, 12), (4, 13), (4, 14), (5, 14), (6, 14), (6, 13), (6, 12), (6, 11), (6, 10), (6, 9), (6, 8), (7, 8), (8, 8), (8, 9), (8, 10), (8, 11), (8, 12), (8, 13), (8, 14), (9, 14), (10, 14), (10, 13), (10, 12), (10, 11), (10, 10), (11, 10), (12, 10), (12, 11), (12, 12), (12, 13), (12, 14), (13, 14), (14, 14), (15, 14), (16, 14), (17, 14), (17, 13), (17, 12), (18, 12), (19, 12), (19, 11), (16, 12), (15, 12), (14, 12), (14, 11), (14, 10), (15, 10), (16, 10), (17, 10), (17, 9), (17, 8), (16, 8), (15, 8), (14, 8), (13, 8), (12, 8), (11, 8), (11, 7), (11, 6), (10, 6), (9, 6), (8, 6), (7, 6), (6, 6), (6, 5), (5, 5), (4, 5), (3, 5), (2, 5), (1, 5), (1, 4), (1, 3), (2, 3), (3, 3), (4, 3), (5, 3), (6, 3), (7, 3), (8, 3), (8, 4), (9, 4), (10, 4), (11, 4), (12, 4), (13, 4), (13, 5), (13, 6), (14, 6), (15, 6), (16, 6), (17, 6)]",208,0,208
221,"(19, 6)","(18, 6)",East,"[(19, 5) via South, (19, 7) via North]","[(19, 6), (13, 12), (13, 12), (3, 10), (19, 12), (19, 11), (26, 2), (31, 3), (30, 3), (29, 6), (29, 10), (33, 16)]","[(19, 7), (19, 5), (13, 12), (13, 12), (3, 10), (19, 12), (19, 11), (26, 2), (31, 3), (30, 3), (29, 6), (29, 10), (33, 16)]","[(34, 16), (34, 15), (34, 14), (33, 14), (32, 14), (31, 14), (30, 14), (30, 13), (30, 12), (31, 12), (32, 12), (33, 12), (34, 12), (34, 11), (34, 10), (33, 10), (32, 10), (31, 10), (30, 10), (30, 9), (30, 8), (31, 8), (32, 8), (33, 8), (34, 8), (34, 7), (34, 6), (33, 6), (32, 6), (31, 6), (30, 6), (30, 5), (30, 4), (31, 4), (32, 4), (33, 4), (34, 4), (34, 3), (34, 2), (34, 1), (33, 1), (32, 1), (31, 1), (30, 1), (29, 1), (28, 1), (27, 1), (27, 2), (27, 3), (27, 4), (27, 5), (27, 6), (27, 7), (27, 8), (27, 9), (26, 9), (25, 9), (24, 9), (23, 9), (22, 9), (21, 9), (20, 9), (20, 10), (20, 11), (20, 12), (21, 12), (22, 12), (23, 12), (24, 12), (24, 11), (25, 11), (26, 11), (27, 11), (27, 12), (27, 13), (27, 14), (26, 14), (25, 14), (25, 15), (25, 16), (26, 16), (27, 16), (28, 16), (29, 16), (30, 16), (31, 16), (32, 16), (33, 16), (24, 16), (23, 16), (22, 16), (21, 16), (20, 16), (19, 16), (18, 16), (17, 16), (16, 16), (15, 16), (14, 16), (13, 16), (12, 16), (11, 16), (10, 16), (9, 16), (8, 16), (7, 16), (6, 16), (5, 16), (4, 16), (3, 16), (2, 16), (1, 16), (1, 15), (1, 14), (1, 13), (1, 12), (1, 11), (1, 10), (1, 9), (1, 8), (1, 7), (2, 7), (3, 7), (4, 7), (4, 8), (4, 9), (4, 10), (4, 11), (4, 12), (4, 13), (4, 14), (5, 14), (6, 14), (6, 13), (6, 12), (6, 11), (6, 10), (6, 9), (6, 8), (7, 8), (8, 8), (8, 9), (8, 10), (8, 11), (8, 12), (8, 13), (8, 14), (9, 14), (10, 14), (10, 13), (10, 12), (10, 11), (10, 10), (11, 10), (12, 10), (12, 11), (12, 12), (12, 13), (12, 14), (13, 14), (14, 14), (15, 14), (16, 14), (17, 14), (17, 13), (17, 12), (18, 12), (19, 12), (19, 11), (16, 12), (15, 12), (14, 12), (14, 11), (14, 10), (15, 10), (16, 10), (17, 10), (17, 9), (17, 8), (16, 8), (15, 8), (14, 8), (13, 8), (12, 8), (11, 8), (11, 7), (11, 6), (10, 6), (9, 6), (8, 6), (7, 6), (6, 6), (6, 5), (5, 5), (4, 5), (3, 5), (2, 5), (1, 5), (1, 4), (1, 3), (2, 3), (3, 3), (4, 3), (5, 3), (6, 3), (7, 3), (8, 3), (8, 4), (9, 4), (10, 4), (11, 4), (12, 4), (13, 4), (13, 5), (13, 6), (14, 6), (15, 6), (16, 6), (17, 6), (18, 6)]",209,0,209
222,"(19, 7)","(19, 6)",North,"[(20, 7) via East]","[(19, 7), (19, 5), (13, 12), (13, 12), (3, 10), (19, 12), (19, 11), (26, 2), (31, 3), (30, 3), (29, 6), (29, 10), (33, 16)]","[(20, 7), (19, 5), (13, 12), (13, 12), (3, 10), (19, 12), (19, 11), (26, 2), (31, 3), (30, 3), (29, 6), (29, 10), (33, 16)]","[(34, 16), (34, 15), (34, 14), (33, 14), (32, 14), (31, 14), (30, 14), (30, 13), (30, 12), (31, 12), (32, 12), (33, 12), (34, 12), (34, 11), (34, 10), (33, 10), (32, 10), (31, 10), (30, 10), (30, 9), (30, 8), (31, 8), (32, 8), (33, 8), (34, 8), (34, 7), (34, 6), (33, 6), (32, 6), (31, 6), (30, 6), (30, 5), (30, 4), (31, 4), (32, 4), (33, 4), (34, 4), (34, 3), (34, 2), (34, 1), (33, 1), (32, 1), (31, 1), (30, 1), (29, 1), (28, 1), (27, 1), (27, 2), (27, 3), (27, 4), (27, 5), (27, 6), (27, 7), (27, 8), (27, 9), (26, 9), (25, 9), (24, 9), (23, 9), (22, 9), (21, 9), (20, 9), (20, 10), (20, 11), (20, 12), (21, 12), (22, 12), (23, 12), (24, 12), (24, 11), (25, 11), (26, 11), (27, 11), (27, 12), (27, 13), (27, 14), (26, 14), (25, 14), (25, 15), (25, 16), (26, 16), (27, 16), (28, 16), (29, 16), (30, 16), (31, 16), (32, 16), (33, 16), (24, 16), (23, 16), (22, 16), (21, 16), (20, 16), (19, 16), (18, 16), (17, 16), (16, 16), (15, 16), (14, 16), (13, 16), (12, 16), (11, 16), (10, 16), (9, 16), (8, 16), (7, 16), (6, 16), (5, 16), (4, 16), (3, 16), (2, 16), (1, 16), (1, 15), (1, 14), (1, 13), (1, 12), (1, 11), (1, 10), (1, 9), (1, 8), (1, 7), (2, 7), (3, 7), (4, 7), (4, 8), (4, 9), (4, 10), (4, 11), (4, 12), (4, 13), (4, 14), (5, 14), (6, 14), (6, 13), (6, 12), (6, 11), (6, 10), (6, 9), (6, 8), (7, 8), (8, 8), (8, 9), (8, 10), (8, 11), (8, 12), (8, 13), (8, 14), (9, 14), (10, 14), (10, 13), (10, 12), (10, 11), (10, 10), (11, 10), (12, 10), (12, 11), (12, 12), (12, 13), (12, 14), (13, 14), (14, 14), (15, 14), (16, 14), (17, 14), (17, 13), (17, 12), (18, 12), (19, 12), (19, 11), (16, 12), (15, 12), (14, 12), (14, 11), (14, 10), (15, 10), (16, 10), (17, 10), (17, 9), (17, 8), (16, 8), (15, 8), (14, 8), (13, 8), (12, 8), (11, 8), (11, 7), (11, 6), (10, 6), (9, 6), (8, 6), (7, 6), (6, 6), (6, 5), (5, 5), (4, 5), (3, 5), (2, 5), (1, 5), (1, 4), (1, 3), (2, 3), (3, 3), (4, 3), (5, 3), (6, 3), (7, 3), (8, 3), (8, 4), (9, 4), (10, 4), (11, 4), (12, 4), (13, 4), (13, 5), (13, 6), (14, 6), (15, 6), (16, 6), (17, 6), (18, 6), (19, 6)]",210,0,210
223,"(20, 7)","(19, 7)",East,"[(21, 7) via East]","[(20, 7), (19, 5), (13, 12), (13, 12), (3, 10), (19, 12), (19, 11), (26, 2), (31, 3), (30, 3), (29, 6), (29, 10), (33, 16)]","[(21, 7), (19, 5), (13, 12), (13, 12), (3, 10), (19, 12), (19, 11), (26, 2), (31, 3), (30, 3), (29, 6), (29, 10), (33, 16)]","[(34, 16), (34, 15), (34, 14), (33, 14), (32, 14), (31, 14), (30, 14), (30, 13), (30, 12), (31, 12), (32, 12), (33, 12), (34, 12), (34, 11), (34, 10), (33, 10), (32, 10), (31, 10), (30, 10), (30, 9), (30, 8), (31, 8), (32, 8), (33, 8), (34, 8), (34, 7), (34, 6), (33, 6), (32, 6), (31, 6), (30, 6), (30, 5), (30, 4), (31, 4), (32, 4), (33, 4), (34, 4), (34, 3), (34, 2), (34, 1), (33, 1), (32, 1), (31, 1), (30, 1), (29, 1), (28, 1), (27, 1), (27, 2), (27, 3), (27, 4), (27, 5), (27, 6), (27, 7), (27, 8), (27, 9), (26, 9), (25, 9), (24, 9), (23, 9), (22, 9), (21, 9), (20, 9), (20, 10), (20, 11), (20, 12), (21, 12), (22, 12), (23, 12), (24, 12), (24, 11), (25, 11), (26, 11), (27, 11), (27, 12), (27, 13), (27, 14), (26, 14), (25, 14), (25, 15), (25, 16), (26, 16), (27, 16), (28, 16), (29, 16), (30, 16), (31, 16), (32, 16), (33, 16), (24, 16), (23, 16), (22, 16), (21, 16), (20, 16), (19, 16), (18, 16), (17, 16), (16, 16), (15, 16), (14, 16), (13, 16), (12, 16), (11, 16), (10, 16), (9, 16), (8, 16), (7, 16), (6, 16), (5, 16), (4, 16), (3, 16), (2, 16), (1, 16), (1, 15), (1, 14), (1, 13), (1, 12), (1, 11), (1, 10), (1, 9), (1, 8), (1, 7), (2, 7), (3, 7), (4, 7), (4, 8), (4, 9), (4, 10), (4, 11), (4, 12), (4, 13), (4, 14), (5, 14), (6, 14), (6, 13), (6, 12), (6, 11), (6, 10), (6, 9), (6, 8), (7, 8), (8, 8), (8, 9), (8, 10), (8, 11), (8, 12), (8, 13), (8, 14), (9, 14), (10, 14), (10, 13), (10, 12), (10, 11), (10, 10), (11, 10), (12, 10), (12, 11), (12, 12), (12, 13), (12, 14), (13, 14), (14, 14), (15, 14), (16, 14), (17, 14), (17, 13), (17, 12), (18, 12), (19, 12), (19, 11), (16, 12), (15, 12), (14, 12), (14, 11), (14, 10), (15, 10), (16, 10), (17, 10), (17, 9), (17, 8), (16, 8), (15, 8), (14, 8), (13, 8), (12, 8), (11, 8), (11, 7), (11, 6), (10, 6), (9, 6), (8, 6), (7, 6), (6, 6), (6, 5), (5, 5), (4, 5), (3, 5), (2, 5), (1, 5), (1, 4), (1, 3), (2, 3), (3, 3), (4, 3), (5, 3), (6, 3), (7, 3), (8, 3), (8, 4), (9, 4), (10, 4), (11, 4), (12, 4), (13, 4), (13, 5), (13, 6), (14, 6), (15, 6), (16, 6), (17, 6), (18, 6), (19, 6), (19, 7)]",211,0,211
224,"(21, 7)","(20, 7)",East,"[(22, 7) via East]","[(21, 7), (19, 5), (13, 12), (13, 12), (3, 10), (19, 12), (19, 11), (26, 2), (31, 3), (30, 3), (29, 6), (29, 10), (33, 16)]","[(22, 7), (19, 5), (13, 12), (13, 12), (3, 10), (19, 12), (19, 11), (26, 2), (31, 3), (30, 3), (29, 6), (29, 10), (33, 16)]","[(34, 16), (34, 15), (34, 14), (33, 14), (32, 14), (31, 14), (30, 14), (30, 13), (30, 12), (31, 12), (32, 12), (33, 12), (34, 12), (34, 11), (34, 10), (33, 10), (32, 10), (31, 10), (30, 10), (30, 9), (30, 8), (31, 8), (32, 8), (33, 8), (34, 8), (34, 7), (34, 6), (33, 6), (32, 6), (31, 6), (30, 6), (30, 5), (30, 4), (31, 4), (32, 4), (33, 4), (34, 4), (34, 3), (34, 2), (34, 1), (33, 1), (32, 1), (31, 1), (30, 1), (29, 1), (28, 1), (27, 1), (27, 2), (27, 3), (27, 4), (27, 5), (27, 6), (27, 7), (27, 8), (27, 9), (26, 9), (25, 9), (24, 9), (23, 9), (22, 9), (21, 9), (20, 9), (20, 10), (20, 11), (20, 12), (21, 12), (22, 12), (23, 12), (24, 12), (24, 11), (25, 11), (26, 11), (27, 11), (27, 12), (27, 13), (27, 14), (26, 14), (25, 14), (25, 15), (25, 16), (26, 16), (27, 16), (28, 16), (29, 16), (30, 16), (31, 16), (32, 16), (33, 16), (24, 16), (23, 16), (22, 16), (21, 16), (20, 16), (19, 16), (18, 16), (17, 16), (16, 16), (15, 16), (14, 16), (13, 16), (12, 16), (11, 16), (10, 16), (9, 16), (8, 16), (7, 16), (6, 16), (5, 16), (4, 16), (3, 16), (2, 16), (1, 16), (1, 15), (1, 14), (1, 13), (1, 12), (1, 11), (1, 10), (1, 9), (1, 8), (1, 7), (2, 7), (3, 7), (4, 7), (4, 8), (4, 9), (4, 10), (4, 11), (4, 12), (4, 13), (4, 14), (5, 14), (6, 14), (6, 13), (6, 12), (6, 11), (6, 10), (6, 9), (6, 8), (7, 8), (8, 8), (8, 9), (8, 10), (8, 11), (8, 12), (8, 13), (8, 14), (9, 14), (10, 14), (10, 13), (10, 12), (10, 11), (10, 10), (11, 10), (12, 10), (12, 11), (12, 12), (12, 13), (12, 14), (13, 14), (14, 14), (15, 14), (16, 14), (17, 14), (17, 13), (17, 12), (18, 12), (19, 12), (19, 11), (16, 12), (15, 12), (14, 12), (14, 11), (14, 10), (15, 10), (16, 10), (17, 10), (17, 9), (17, 8), (16, 8), (15, 8), (14, 8), (13, 8), (12, 8), (11, 8), (11, 7), (11, 6), (10, 6), (9, 6), (8, 6), (7, 6), (6, 6), (6, 5), (5, 5), (4, 5), (3, 5), (2, 5), (1, 5), (1, 4), (1, 3), (2, 3), (3, 3), (4, 3), (5, 3), (6, 3), (7, 3), (8, 3), (8, 4), (9, 4), (10, 4), (11, 4), (12, 4), (13, 4), (13, 5), (13, 6), (14, 6), (15, 6), (16, 6), (17, 6), (18, 6), (19, 6), (19, 7), (20, 7)]",212,0,212
225,"(22, 7)","(21, 7)",East,"[(23, 7) via East]","[(22, 7), (19, 5), (13, 12), (13, 12), (3, 10), (19, 12), (19, 11), (26, 2), (31, 3), (30, 3), (29, 6), (29, 10), (33, 16)]","[(23, 7), (19, 5), (13, 12), (13, 12), (3, 10), (19, 12), (19, 11), (26, 2), (31, 3), (30, 3), (29, 6), (29, 10), (33, 16)]","[(34, 16), (34, 15), (34, 14), (33, 14), (32, 14), (31, 14), (30, 14), (30, 13), (30, 12), (31, 12), (32, 12), (33, 12), (34, 12), (34, 11), (34, 10), (33, 10), (32, 10), (31, 10), (30, 10), (30, 9), (30, 8), (31, 8), (32, 8), (33, 8), (34, 8), (34, 7), (34, 6), (33, 6), (32, 6), (31, 6), (30, 6), (30, 5), (30, 4), (31, 4), (32, 4), (33, 4), (34, 4), (34, 3), (34, 2), (34, 1), (33, 1), (32, 1), (31, 1), (30, 1), (29, 1), (28, 1), (27, 1), (27, 2), (27, 3), (27, 4), (27, 5), (27, 6), (27, 7), (27, 8), (27, 9), (26, 9), (25, 9), (24, 9), (23, 9), (22, 9), (21, 9), (20, 9), (20, 10), (20, 11), (20, 12), (21, 12), (22, 12), (23, 12), (24, 12), (24, 11), (25, 11), (26, 11), (27, 11), (27, 12), (27, 13), (27, 14), (26, 14), (25, 14), (25, 15), (25, 16), (26, 16), (27, 16), (28, 16), (29, 16), (30, 16), (31, 16), (32, 16), (33, 16), (24, 16), (23, 16), (22, 16), (21, 16), (20, 16), (19, 16), (18, 16), (17, 16), (16, 16), (15, 16), (14, 16), (13, 16), (12, 16), (11, 16), (10, 16), (9, 16), (8, 16), (7, 16), (6, 16), (5, 16), (4, 16), (3, 16), (2, 16), (1, 16), (1, 15), (1, 14), (1, 13), (1, 12), (1, 11), (1, 10), (1, 9), (1, 8), (1, 7), (2, 7), (3, 7), (4, 7), (4, 8), (4, 9), (4, 10), (4, 11), (4, 12), (4, 13), (4, 14), (5, 14), (6, 14), (6, 13), (6, 12), (6, 11), (6, 10), (6, 9), (6, 8), (7, 8), (8, 8), (8, 9), (8, 10), (8, 11), (8, 12), (8, 13), (8, 14), (9, 14), (10, 14), (10, 13), (10, 12), (10, 11), (10, 10), (11, 10), (12, 10), (12, 11), (12, 12), (12, 13), (12, 14), (13, 14), (14, 14), (15, 14), (16, 14), (17, 14), (17, 13), (17, 12), (18, 12), (19, 12), (19, 11), (16, 12), (15, 12), (14, 12), (14, 11), (14, 10), (15, 10), (16, 10), (17, 10), (17, 9), (17, 8), (16, 8), (15, 8), (14, 8), (13, 8), (12, 8), (11, 8), (11, 7), (11, 6), (10, 6), (9, 6), (8, 6), (7, 6), (6, 6), (6, 5), (5, 5), (4, 5), (3, 5), (2, 5), (1, 5), (1, 4), (1, 3), (2, 3), (3, 3), (4, 3), (5, 3), (6, 3), (7, 3), (8, 3), (8, 4), (9, 4), (10, 4), (11, 4), (12, 4), (13, 4), (13, 5), (13, 6), (14, 6), (15, 6), (16, 6), (17, 6), (18, 6), (19, 6), (19, 7), (20, 7), (21, 7)]",213,0,213
226,"(23, 7)","(22, 7)",East,"[(24, 7) via East]","[(23, 7), (19, 5), (13, 12), (13, 12), (3, 10), (19, 12), (19, 11), (26, 2), (31, 3), (30, 3), (29, 6), (29, 10), (33, 16)]","[(24, 7), (19, 5), (13, 12), (13, 12), (3, 10), (19, 12), (19, 11), (26, 2), (31, 3), (30, 3), (29, 6), (29, 10), (33, 16)]","[(34, 16), (34, 15), (34, 14), (33, 14), (32, 14), (31, 14), (30, 14), (30, 13), (30, 12), (31, 12), (32, 12), (33, 12), (34, 12), (34, 11), (34, 10), (33, 10), (32, 10), (31, 10), (30, 10), (30, 9), (30, 8), (31, 8), (32, 8), (33, 8), (34, 8), (34, 7), (34, 6), (33, 6), (32, 6), (31, 6), (30, 6), (30, 5), (30, 4), (31, 4), (32, 4), (33, 4), (34, 4), (34, 3), (34, 2), (34, 1), (33, 1), (32, 1), (31, 1), (30, 1), (29, 1), (28, 1), (27, 1), (27, 2), (27, 3), (27, 4), (27, 5), (27, 6), (27, 7), (27, 8), (27, 9), (26, 9), (25, 9), (24, 9), (23, 9), (22, 9), (21, 9), (20, 9), (20, 10), (20, 11), (20, 12), (21, 12), (22, 12), (23, 12), (24, 12), (24, 11), (25, 11), (26, 11), (27, 11), (27, 12), (27, 13), (27, 14), (26, 14), (25, 14), (25, 15), (25, 16), (26, 16), (27, 16), (28, 16), (29, 16), (30, 16), (31, 16), (32, 16), (33, 16), (24, 16), (23, 16), (22, 16), (21, 16), (20, 16), (19, 16), (18, 16), (17, 16), (16, 16), (15, 16), (14, 16), (13, 16), (12, 16), (11, 16), (10, 16), (9, 16), (8, 16), (7, 16), (6, 16), (5, 16), (4, 16), (3, 16), (2, 16), (1, 16), (1, 15), (1, 14), (1, 13), (1, 12), (1, 11), (1, 10), (1, 9), (1, 8), (1, 7), (2, 7), (3, 7), (4, 7), (4, 8), (4, 9), (4, 10), (4, 11), (4, 12), (4, 13), (4, 14), (5, 14), (6, 14), (6, 13), (6, 12), (6, 11), (6, 10), (6, 9), (6, 8), (7, 8), (8, 8), (8, 9), (8, 10), (8, 11), (8, 12), (8, 13), (8, 14), (9, 14), (10, 14), (10, 13), (10, 12), (10, 11), (10, 10), (11, 10), (12, 10), (12, 11), (12, 12), (12, 13), (12, 14), (13, 14), (14, 14), (15, 14), (16, 14), (17, 14), (17, 13), (17, 12), (18, 12), (19, 12), (19, 11), (16, 12), (15, 12), (14, 12), (14, 11), (14, 10), (15, 10), (16, 10), (17, 10), (17, 9), (17, 8), (16, 8), (15, 8), (14, 8), (13, 8), (12, 8), (11, 8), (11, 7), (11, 6), (10, 6), (9, 6), (8, 6), (7, 6), (6, 6), (6, 5), (5, 5), (4, 5), (3, 5), (2, 5), (1, 5), (1, 4), (1, 3), (2, 3), (3, 3), (4, 3), (5, 3), (6, 3), (7, 3), (8, 3), (8, 4), (9, 4), (10, 4), (11, 4), (12, 4), (13, 4), (13, 5), (13, 6), (14, 6), (15, 6), (16, 6), (17, 6), (18, 6), (19, 6), (19, 7), (20, 7), (21, 7), (22, 7)]",214,0,214
227,"(24, 7)","(23, 7)",East,"[(24, 6) via South]","[(24, 7), (19, 5), (13, 12), (13, 12), (3, 10), (19, 12), (19, 11), (26, 2), (31, 3), (30, 3), (29, 6), (29, 10), (33, 16)]","[(24, 6), (19, 5), (13, 12), (13, 12), (3, 10), (19, 12), (19, 11), (26, 2), (31, 3), (30, 3), (29, 6), (29, 10), (33, 16)]","[(34, 16), (34, 15), (34, 14), (33, 14), (32, 14), (31, 14), (30, 14), (30, 13), (30, 12), (31, 12), (32, 12), (33, 12), (34, 12), (34, 11), (34, 10), (33, 10), (32, 10), (31, 10), (30, 10), (30, 9), (30, 8), (31, 8), (32, 8), (33, 8), (34, 8), (34, 7), (34, 6), (33, 6), (32, 6), (31, 6), (30, 6), (30, 5), (30, 4), (31, 4), (32, 4), (33, 4), (34, 4), (34, 3), (34, 2), (34, 1), (33, 1), (32, 1), (31, 1), (30, 1), (29, 1), (28, 1), (27, 1), (27, 2), (27, 3), (27, 4), (27, 5), (27, 6), (27, 7), (27, 8), (27, 9), (26, 9), (25, 9), (24, 9), (23, 9), (22, 9), (21, 9), (20, 9), (20, 10), (20, 11), (20, 12), (21, 12), (22, 12), (23, 12), (24, 12), (24, 11), (25, 11), (26, 11), (27, 11), (27, 12), (27, 13), (27, 14), (26, 14), (25, 14), (25, 15), (25, 16), (26, 16), (27, 16), (28, 16), (29, 16), (30, 16), (31, 16), (32, 16), (33, 16), (24, 16), (23, 16), (22, 16), (21, 16), (20, 16), (19, 16), (18, 16), (17, 16), (16, 16), (15, 16), (14, 16), (13, 16), (12, 16), (11, 16), (10, 16), (9, 16), (8, 16), (7, 16), (6, 16), (5, 16), (4, 16), (3, 16), (2, 16), (1, 16), (1, 15), (1, 14), (1, 13), (1, 12), (1, 11), (1, 10), (1, 9), (1, 8), (1, 7), (2, 7), (3, 7), (4, 7), (4, 8), (4, 9), (4, 10), (4, 11), (4, 12), (4, 13), (4, 14), (5, 14), (6, 14), (6, 13), (6, 12), (6, 11), (6, 10), (6, 9), (6, 8), (7, 8), (8, 8), (8, 9), (8, 10), (8, 11), (8, 12), (8, 13), (8, 14), (9, 14), (10, 14), (10, 13), (10, 12), (10, 11), (10, 10), (11, 10), (12, 10), (12, 11), (12, 12), (12, 13), (12, 14), (13, 14), (14, 14), (15, 14), (16, 14), (17, 14), (17, 13), (17, 12), (18, 12), (19, 12), (19, 11), (16, 12), (15, 12), (14, 12), (14, 11), (14, 10), (15, 10), (16, 10), (17, 10), (17, 9), (17, 8), (16, 8), (15, 8), (14, 8), (13, 8), (12, 8), (11, 8), (11, 7), (11, 6), (10, 6), (9, 6), (8, 6), (7, 6), (6, 6), (6, 5), (5, 5), (4, 5), (3, 5), (2, 5), (1, 5), (1, 4), (1, 3), (2, 3), (3, 3), (4, 3), (5, 3), (6, 3), (7, 3), (8, 3), (8, 4), (9, 4), (10, 4), (11, 4), (12, 4), (13, 4), (13, 5), (13, 6), (14, 6), (15, 6), (16, 6), (17, 6), (18, 6), (19, 6), (19, 7), (20, 7), (21, 7), (22, 7), (23, 7)]",215,0,215
228,"(24, 6)","(24, 7)",South,"[(24, 5) via South]","[(24, 6), (19, 5), (13, 12), (13, 12), (3, 10), (19, 12), (19, 11), (26, 2), (31, 3), (30, 3), (29, 6), (29, 10), (33, 16)]","[(24, 5), (19, 5), (13, 12), (13, 12), (3, 10), (19, 12), (19, 11), (26, 2), (31, 3), (30, 3), (29, 6), (29, 10), (33, 16)]","[(34, 16), (34, 15), (34, 14), (33, 14), (32, 14), (31, 14), (30, 14), (30, 13), (30, 12), (31, 12), (32, 12), (33, 12), (34, 12), (34, 11), (34, 10), (33, 10), (32, 10), (31, 10), (30, 10), (30, 9), (30, 8), (31, 8), (32, 8), (33, 8), (34, 8), (34, 7), (34, 6), (33, 6), (32, 6), (31, 6), (30, 6), (30, 5), (30, 4), (31, 4), (32, 4), (33, 4), (34, 4), (34, 3), (34, 2), (34, 1), (33, 1), (32, 1), (31, 1), (30, 1), (29, 1), (28, 1), (27, 1), (27, 2), (27, 3), (27, 4), (27, 5), (27, 6), (27, 7), (27, 8), (27, 9), (26, 9), (25, 9), (24, 9), (23, 9), (22, 9), (21, 9), (20, 9), (20, 10), (20, 11), (20, 12), (21, 12), (22, 12), (23, 12), (24, 12), (24, 11), (25, 11), (26, 11), (27, 11), (27, 12), (27, 13), (27, 14), (26, 14), (25, 14), (25, 15), (25, 16), (26, 16), (27, 16), (28, 16), (29, 16), (30, 16), (31, 16), (32, 16), (33, 16), (24, 16), (23, 16), (22, 16), (21, 16), (20, 16), (19, 16), (18, 16), (17, 16), (16, 16), (15, 16), (14, 16), (13, 16), (12, 16), (11, 16), (10, 16), (9, 16), (8, 16), (7, 16), (6, 16), (5, 16), (4, 16), (3, 16), (2, 16), (1, 16), (1, 15), (1, 14), (1, 13), (1, 12), (1, 11), (1, 10), (1, 9), (1, 8), (1, 7), (2, 7), (3, 7), (4, 7), (4, 8), (4, 9), (4, 10), (4, 11), (4, 12), (4, 13), (4, 14), (5, 14), (6, 14), (6, 13), (6, 12), (6, 11), (6, 10), (6, 9), (6, 8), (7, 8), (8, 8), (8, 9), (8, 10), (8, 11), (8, 12), (8, 13), (8, 14), (9, 14), (10, 14), (10, 13), (10, 12), (10, 11), (10, 10), (11, 10), (12, 10), (12, 11), (12, 12), (12, 13), (12, 14), (13, 14), (14, 14), (15, 14), (16, 14), (17, 14), (17, 13), (17, 12), (18, 12), (19, 12), (19, 11), (16, 12), (15, 12), (14, 12), (14, 11), (14, 10), (15, 10), (16, 10), (17, 10), (17, 9), (17, 8), (16, 8), (15, 8), (14, 8), (13, 8), (12, 8), (11, 8), (11, 7), (11, 6), (10, 6), (9, 6), (8, 6), (7, 6), (6, 6), (6, 5), (5, 5), (4, 5), (3, 5), (2, 5), (1, 5), (1, 4), (1, 3), (2, 3), (3, 3), (4, 3), (5, 3), (6, 3), (7, 3), (8, 3), (8, 4), (9, 4), (10, 4), (11, 4), (12, 4), (13, 4), (13, 5), (13, 6), (14, 6), (15, 6), (16, 6), (17, 6), (18, 6), (19, 6), (19, 7), (20, 7), (21, 7), (22, 7), (23, 7), (24, 7)]",216,0,216
229,"(24, 5)","(24, 6)",South,"[(23, 5) via West]","[(24, 5), (19, 5), (13, 12), (13, 12), (3, 10), (19, 12), (19, 11), (26, 2), (31, 3), (30, 3), (29, 6), (29, 10), (33, 16)]","[(23, 5), (19, 5), (13, 12), (13, 12), (3, 10), (19, 12), (19, 11), (26, 2), (31, 3), (30, 3), (29, 6), (29, 10), (33, 16)]","[(34, 16), (34, 15), (34, 14), (33, 14), (32, 14), (31, 14), (30, 14), (30, 13), (30, 12), (31, 12), (32, 12), (33, 12), (34, 12), (34, 11), (34, 10), (33, 10), (32, 10), (31, 10), (30, 10), (30, 9), (30, 8), (31, 8), (32, 8), (33, 8), (34, 8), (34, 7), (34, 6), (33, 6), (32, 6), (31, 6), (30, 6), (30, 5), (30, 4), (31, 4), (32, 4), (33, 4), (34, 4), (34, 3), (34, 2), (34, 1), (33, 1), (32, 1), (31, 1), (30, 1), (29, 1), (28, 1), (27, 1), (27, 2), (27, 3), (27, 4), (27, 5), (27, 6), (27, 7), (27, 8), (27, 9), (26, 9), (25, 9), (24, 9), (23, 9), (22, 9), (21, 9), (20, 9), (20, 10), (20, 11), (20, 12), (21, 12), (22, 12), (23, 12), (24, 12), (24, 11), (25, 11), (26, 11), (27, 11), (27, 12), (27, 13), (27, 14), (26, 14), (25, 14), (25, 15), (25, 16), (26, 16), (27, 16), (28, 16), (29, 16), (30, 16), (31, 16), (32, 16), (33, 16), (24, 16), (23, 16), (22, 16), (21, 16), (20, 16), (19, 16), (18, 16), (17, 16), (16, 16), (15, 16), (14, 16), (13, 16), (12, 16), (11, 16), (10, 16), (9, 16), (8, 16), (7, 16), (6, 16), (5, 16), (4, 16), (3, 16), (2, 16), (1, 16), (1, 15), (1, 14), (1, 13), (1, 12), (1, 11), (1, 10), (1, 9), (1, 8), (1, 7), (2, 7), (3, 7), (4, 7), (4, 8), (4, 9), (4, 10), (4, 11), (4, 12), (4, 13), (4, 14), (5, 14), (6, 14), (6, 13), (6, 12), (6, 11), (6, 10), (6, 9), (6, 8), (7, 8), (8, 8), (8, 9), (8, 10), (8, 11), (8, 12), (8, 13), (8, 14), (9, 14), (10, 14), (10, 13), (10, 12), (10, 11), (10, 10), (11, 10), (12, 10), (12, 11), (12, 12), (12, 13), (12, 14), (13, 14), (14, 14), (15, 14), (16, 14), (17, 14), (17, 13), (17, 12), (18, 12), (19, 12), (19, 11), (16, 12), (15, 12), (14, 12), (14, 11), (14, 10), (15, 10), (16, 10), (17, 10), (17, 9), (17, 8), (16, 8), (15, 8), (14, 8), (13, 8), (12, 8), (11, 8), (11, 7), (11, 6), (10, 6), (9, 6), (8, 6), (7, 6), (6, 6), (6, 5), (5, 5), (4, 5), (3, 5), (2, 5), (1, 5), (1, 4), (1, 3), (2, 3), (3, 3), (4, 3), (5, 3), (6, 3), (7, 3), (8, 3), (8, 4), (9, 4), (10, 4), (11, 4), (12, 4), (13, 4), (13, 5), (13, 6), (14, 6), (15, 6), (16, 6), (17, 6), (18, 6), (19, 6), (19, 7), (20, 7), (21, 7), (22, 7), (23, 7), (24, 7), (24, 6)]",217,0,217
230,"(23, 5)","(24, 5)",West,"[(22, 5) via West]","[(23, 5), (19, 5), (13, 12), (13, 12), (3, 10), (19, 12), (19, 11), (26, 2), (31, 3), (30, 3), (29, 6), (29, 10), (33, 16)]","[(22, 5), (19, 5), (13, 12), (13, 12), (3, 10), (19, 12), (19, 11), (26, 2), (31, 3), (30, 3), (29, 6), (29, 10), (33, 16)]","[(34, 16), (34, 15), (34, 14), (33, 14), (32, 14), (31, 14), (30, 14), (30, 13), (30, 12), (31, 12), (32, 12), (33, 12), (34, 12), (34, 11), (34, 10), (33, 10), (32, 10), (31, 10), (30, 10), (30, 9), (30, 8), (31, 8), (32, 8), (33, 8), (34, 8), (34, 7), (34, 6), (33, 6), (32, 6), (31, 6), (30, 6), (30, 5), (30, 4), (31, 4), (32, 4), (33, 4), (34, 4), (34, 3), (34, 2), (34, 1), (33, 1), (32, 1), (31, 1), (30, 1), (29, 1), (28, 1), (27, 1), (27, 2), (27, 3), (27, 4), (27, 5), (27, 6), (27, 7), (27, 8), (27, 9), (26, 9), (25, 9), (24, 9), (23, 9), (22, 9), (21, 9), (20, 9), (20, 10), (20, 11), (20, 12), (21, 12), (22, 12), (23, 12), (24, 12), (24, 11), (25, 11), (26, 11), (27, 11), (27, 12), (27, 13), (27, 14), (26, 14), (25, 14), (25, 15), (25, 16), (26, 16), (27, 16), (28, 16), (29, 16), (30, 16), (31, 16), (32, 16), (33, 16), (24, 16), (23, 16), (22, 16), (21, 16), (20, 16), (19, 16), (18, 16), (17, 16), (16, 16), (15, 16), (14, 16), (13, 16), (12, 16), (11, 16), (10, 16), (9, 16), (8, 16), (7, 16), (6, 16), (5, 16), (4, 16), (3, 16), (2, 16), (1, 16), (1, 15), (1, 14), (1, 13), (1, 12), (1, 11), (1, 10), (1, 9), (1, 8), (1, 7), (2, 7), (3, 7), (4, 7), (4, 8), (4, 9), (4, 10), (4, 11), (4, 12), (4, 13), (4, 14), (5, 14), (6, 14), (6, 13), (6, 12), (6, 11), (6, 10), (6, 9), (6, 8), (7, 8), (8, 8), (8, 9), (8, 10), (8, 11), (8, 12), (8, 13), (8, 14), (9, 14), (10, 14), (10, 13), (10, 12), (10, 11), (10, 10), (11, 10), (12, 10), (12, 11), (12, 12), (12, 13), (12, 14), (13, 14), (14, 14), (15, 14), (16, 14), (17, 14), (17, 13), (17, 12), (18, 12), (19, 12), (19, 11), (16, 12), (15, 12), (14, 12), (14, 11), (14, 10), (15, 10), (16, 10), (17, 10), (17, 9), (17, 8), (16, 8), (15, 8), (14, 8), (13, 8), (12, 8), (11, 8), (11, 7), (11, 6), (10, 6), (9, 6), (8, 6), (7, 6), (6, 6), (6, 5), (5, 5), (4, 5), (3, 5), (2, 5), (1, 5), (1, 4), (1, 3), (2, 3), (3, 3), (4, 3), (5, 3), (6, 3), (7, 3), (8, 3), (8, 4), (9, 4), (10, 4), (11, 4), (12, 4), (13, 4), (13, 5), (13, 6), (14, 6), (15, 6), (16, 6), (17, 6), (18, 6), (19, 6), (19, 7), (20, 7), (21, 7), (22, 7), (23, 7), (24, 7), (24, 6), (24, 5)]",218,0,218
231,"(22, 5)","(23, 5)",West,"[(21, 5) via West]","[(22, 5), (19, 5), (13, 12), (13, 12), (3, 10), (19, 12), (19, 11), (26, 2), (31, 3), (30, 3), (29, 6), (29, 10), (33, 16)]","[(21, 5), (19, 5), (13, 12), (13, 12), (3, 10), (19, 12), (19, 11), (26, 2), (31, 3), (30, 3), (29, 6), (29, 10), (33, 16)]","[(34, 16), (34, 15), (34, 14), (33, 14), (32, 14), (31, 14), (30, 14), (30, 13), (30, 12), (31, 12), (32, 12), (33, 12), (34, 12), (34, 11), (34, 10), (33, 10), (32, 10), (31, 10), (30, 10), (30, 9), (30, 8), (31, 8), (32, 8), (33, 8), (34, 8), (34, 7), (34, 6), (33, 6), (32, 6), (31, 6), (30, 6), (30, 5), (30, 4), (31, 4), (32, 4), (33, 4), (34, 4), (34, 3), (34, 2), (34, 1), (33, 1), (32, 1), (31, 1), (30, 1), (29, 1), (28, 1), (27, 1), (27, 2), (27, 3), (27, 4), (27, 5), (27, 6), (27, 7), (27, 8), (27, 9), (26, 9), (25, 9), (24, 9), (23, 9), (22, 9), (21, 9), (20, 9), (20, 10), (20, 11), (20, 12), (21, 12), (22, 12), (23, 12), (24, 12), (24, 11), (25, 11), (26, 11), (27, 11), (27, 12), (27, 13), (27, 14), (26, 14), (25, 14), (25, 15), (25, 16), (26, 16), (27, 16), (28, 16), (29, 16), (30, 16), (31, 16), (32, 16), (33, 16), (24, 16), (23, 16), (22, 16), (21, 16), (20, 16), (19, 16), (18, 16), (17, 16), (16, 16), (15, 16), (14, 16), (13, 16), (12, 16), (11, 16), (10, 16), (9, 16), (8, 16), (7, 16), (6, 16), (5, 16), (4, 16), (3, 16), (2, 16), (1, 16), (1, 15), (1, 14), (1, 13), (1, 12), (1, 11), (1, 10), (1, 9), (1, 8), (1, 7), (2, 7), (3, 7), (4, 7), (4, 8), (4, 9), (4, 10), (4, 11), (4, 12), (4, 13), (4, 14), (5, 14), (6, 14), (6, 13), (6, 12), (6, 11), (6, 10), (6, 9), (6, 8), (7, 8), (8, 8), (8, 9), (8, 10), (8, 11), (8, 12), (8, 13), (8, 14), (9, 14), (10, 14), (10, 13), (10, 12), (10, 11), (10, 10), (11, 10), (12, 10), (12, 11), (12, 12), (12, 13), (12, 14), (13, 14), (14, 14), (15, 14), (16, 14), (17, 14), (17, 13), (17, 12), (18, 12), (19, 12), (19, 11), (16, 12), (15, 12), (14, 12), (14, 11), (14, 10), (15, 10), (16, 10), (17, 10), (17, 9), (17, 8), (16, 8), (15, 8), (14, 8), (13, 8), (12, 8), (11, 8), (11, 7), (11, 6), (10, 6), (9, 6), (8, 6), (7, 6), (6, 6), (6, 5), (5, 5), (4, 5), (3, 5), (2, 5), (1, 5), (1, 4), (1, 3), (2, 3), (3, 3), (4, 3), (5, 3), (6, 3), (7, 3), (8, 3), (8, 4), (9, 4), (10, 4), (11, 4), (12, 4), (13, 4), (13, 5), (13, 6), (14, 6), (15, 6), (16, 6), (17, 6), (18, 6), (19, 6), (19, 7), (20, 7), (21, 7), (22, 7), (23, 7), (24, 7), (24, 6), (24, 5), (23, 5)]",219,0,219
232,"(21, 5)","(22, 5)",West,"[(21, 4) via South]","[(21, 5), (19, 5), (13, 12), (13, 12), (3, 10), (19, 12), (19, 11), (26, 2), (31, 3), (30, 3), (29, 6), (29, 10), (33, 16)]","[(21, 4), (19, 5), (13, 12), (13, 12), (3, 10), (19, 12), (19, 11), (26, 2), (31, 3), (30, 3), (29, 6), (29, 10), (33, 16)]","[(34, 16), (34, 15), (34, 14), (33, 14), (32, 14), (31, 14), (30, 14), (30, 13), (30, 12), (31, 12), (32, 12), (33, 12), (34, 12), (34, 11), (34, 10), (33, 10), (32, 10), (31, 10), (30, 10), (30, 9), (30, 8), (31, 8), (32, 8), (33, 8), (34, 8), (34, 7), (34, 6), (33, 6), (32, 6), (31, 6), (30, 6), (30, 5), (30, 4), (31, 4), (32, 4), (33, 4), (34, 4), (34, 3), (34, 2), (34, 1), (33, 1), (32, 1), (31, 1), (30, 1), (29, 1), (28, 1), (27, 1), (27, 2), (27, 3), (27, 4), (27, 5), (27, 6), (27, 7), (27, 8), (27, 9), (26, 9), (25, 9), (24, 9), (23, 9), (22, 9), (21, 9), (20, 9), (20, 10), (20, 11), (20, 12), (21, 12), (22, 12), (23, 12), (24, 12), (24, 11), (25, 11), (26, 11), (27, 11), (27, 12), (27, 13), (27, 14), (26, 14), (25, 14), (25, 15), (25, 16), (26, 16), (27, 16), (28, 16), (29, 16), (30, 16), (31, 16), (32, 16), (33, 16), (24, 16), (23, 16), (22, 16), (21, 16), (20, 16), (19, 16), (18, 16), (17, 16), (16, 16), (15, 16), (14, 16), (13, 16), (12, 16), (11, 16), (10, 16), (9, 16), (8, 16), (7, 16), (6, 16), (5, 16), (4, 16), (3, 16), (2, 16), (1, 16), (1, 15), (1, 14), (1, 13), (1, 12), (1, 11), (1, 10), (1, 9), (1, 8), (1, 7), (2, 7), (3, 7), (4, 7), (4, 8), (4, 9), (4, 10), (4, 11), (4, 12), (4, 13), (4, 14), (5, 14), (6, 14), (6, 13), (6, 12), (6, 11), (6, 10), (6, 9), (6, 8), (7, 8), (8, 8), (8, 9), (8, 10), (8, 11), (8, 12), (8, 13), (8, 14), (9, 14), (10, 14), (10, 13), (10, 12), (10, 11), (10, 10), (11, 10), (12, 10), (12, 11), (12, 12), (12, 13), (12, 14), (13, 14), (14, 14), (15, 14), (16, 14), (17, 14), (17, 13), (17, 12), (18, 12), (19, 12), (19, 11), (16, 12), (15, 12), (14, 12), (14, 11), (14, 10), (15, 10), (16, 10), (17, 10), (17, 9), (17, 8), (16, 8), (15, 8), (14, 8), (13, 8), (12, 8), (11, 8), (11, 7), (11, 6), (10, 6), (9, 6), (8, 6), (7, 6), (6, 6), (6, 5), (5, 5), (4, 5), (3, 5), (2, 5), (1, 5), (1, 4), (1, 3), (2, 3), (3, 3), (4, 3), (5, 3), (6, 3), (7, 3), (8, 3), (8, 4), (9, 4), (10, 4), (11, 4), (12, 4), (13, 4), (13, 5), (13, 6), (14, 6), (15, 6), (16, 6), (17, 6), (18, 6), (19, 6), (19, 7), (20, 7), (21, 7), (22, 7), (23, 7), (24, 7), (24, 6), (24, 5), (23, 5), (22, 5)]",220,0,220
233,"(21, 4)","(21, 5)",South,"[(20, 4) via West]","[(21, 4), (19, 5), (13, 12), (13, 12), (3, 10), (19, 12), (19, 11), (26, 2), (31, 3), (30, 3), (29, 6), (29, 10), (33, 16)]","[(20, 4), (19, 5), (13, 12), (13, 12), (3, 10), (19, 12), (19, 11), (26, 2), (31, 3), (30, 3), (29, 6), (29, 10), (33, 16)]","[(34, 16), (34, 15), (34, 14), (33, 14), (32, 14), (31, 14), (30, 14), (30, 13), (30, 12), (31, 12), (32, 12), (33, 12), (34, 12), (34, 11), (34, 10), (33, 10), (32, 10), (31, 10), (30, 10), (30, 9), (30, 8), (31, 8), (32, 8), (33, 8), (34, 8), (34, 7), (34, 6), (33, 6), (32, 6), (31, 6), (30, 6), (30, 5), (30, 4), (31, 4), (32, 4), (33, 4), (34, 4), (34, 3), (34, 2), (34, 1), (33, 1), (32, 1), (31, 1), (30, 1), (29, 1), (28, 1), (27, 1), (27, 2), (27, 3), (27, 4), (27, 5), (27, 6), (27, 7), (27, 8), (27, 9), (26, 9), (25, 9), (24, 9), (23, 9), (22, 9), (21, 9), (20, 9), (20, 10), (20, 11), (20, 12), (21, 12), (22, 12), (23, 12), (24, 12), (24, 11), (25, 11), (26, 11), (27, 11), (27, 12), (27, 13), (27, 14), (26, 14), (25, 14), (25, 15), (25, 16), (26, 16), (27, 16), (28, 16), (29, 16), (30, 16), (31, 16), (32, 16), (33, 16), (24, 16), (23, 16), (22, 16), (21, 16), (20, 16), (19, 16), (18, 16), (17, 16), (16, 16), (15, 16), (14, 16), (13, 16), (12, 16), (11, 16), (10, 16), (9, 16), (8, 16), (7, 16), (6, 16), (5, 16), (4, 16), (3, 16), (2, 16), (1, 16), (1, 15), (1, 14), (1, 13), (1, 12), (1, 11), (1, 10), (1, 9), (1, 8), (1, 7), (2, 7), (3, 7), (4, 7), (4, 8), (4, 9), (4, 10), (4, 11), (4, 12), (4, 13), (4, 14), (5, 14), (6, 14), (6, 13), (6, 12), (6, 11), (6, 10), (6, 9), (6, 8), (7, 8), (8, 8), (8, 9), (8, 10), (8, 11), (8, 12), (8, 13), (8, 14), (9, 14), (10, 14), (10, 13), (10, 12), (10, 11), (10, 10), (11, 10), (12, 10), (12, 11), (12, 12), (12, 13), (12, 14), (13, 14), (14, 14), (15, 14), (16, 14), (17, 14), (17, 13), (17, 12), (18, 12), (19, 12), (19, 11), (16, 12), (15, 12), (14, 12), (14, 11), (14, 10), (15, 10), (16, 10), (17, 10), (17, 9), (17, 8), (16, 8), (15, 8), (14, 8), (13, 8), (12, 8), (11, 8), (11, 7), (11, 6), (10, 6), (9, 6), (8, 6), (7, 6), (6, 6), (6, 5), (5, 5), (4, 5), (3, 5), (2, 5), (1, 5), (1, 4), (1, 3), (2, 3), (3, 3), (4, 3), (5, 3), (6, 3), (7, 3), (8, 3), (8, 4), (9, 4), (10, 4), (11, 4), (12, 4), (13, 4), (13, 5), (13, 6), (14, 6), (15, 6), (16, 6), (17, 6), (18, 6), (19, 6), (19, 7), (20, 7), (21, 7), (22, 7), (23, 7), (24, 7), (24, 6), (24, 5), (23, 5), (22, 5), (21, 5)]",221,0,221
234,"(20, 4)","(21, 4)",West,"[(19, 4) via West]","[(20, 4), (19, 5), (13, 12), (13, 12), (3, 10), (19, 12), (19, 11), (26, 2), (31, 3), (30, 3), (29, 6), (29, 10), (33, 16)]","[(19, 4), (19, 5), (13, 12), (13, 12), (3, 10), (19, 12), (19, 11), (26, 2), (31, 3), (30, 3), (29, 6), (29, 10), (33, 16)]","[(34, 16), (34, 15), (34, 14), (33, 14), (32, 14), (31, 14), (30, 14), (30, 13), (30, 12), (31, 12), (32, 12), (33, 12), (34, 12), (34, 11), (34, 10), (33, 10), (32, 10), (31, 10), (30, 10), (30, 9), (30, 8), (31, 8), (32, 8), (33, 8), (34, 8), (34, 7), (34, 6), (33, 6), (32, 6), (31, 6), (30, 6), (30, 5), (30, 4), (31, 4), (32, 4), (33, 4), (34, 4), (34, 3), (34, 2), (34, 1), (33, 1), (32, 1), (31, 1), (30, 1), (29, 1), (28, 1), (27, 1), (27, 2), (27, 3), (27, 4), (27, 5), (27, 6), (27, 7), (27, 8), (27, 9), (26, 9), (25, 9), (24, 9), (23, 9), (22, 9), (21, 9), (20, 9), (20, 10), (20, 11), (20, 12), (21, 12), (22, 12), (23, 12), (24, 12), (24, 11), (25, 11), (26, 11), (27, 11), (27, 12), (27, 13), (27, 14), (26, 14), (25, 14), (25, 15), (25, 16), (26, 16), (27, 16), (28, 16), (29, 16), (30, 16), (31, 16), (32, 16), (33, 16), (24, 16), (23, 16), (22, 16), (21, 16), (20, 16), (19, 16), (18, 16), (17, 16), (16, 16), (15, 16), (14, 16), (13, 16), (12, 16), (11, 16), (10, 16), (9, 16), (8, 16), (7, 16), (6, 16), (5, 16), (4, 16), (3, 16), (2, 16), (1, 16), (1, 15), (1, 14), (1, 13), (1, 12), (1, 11), (1, 10), (1, 9), (1, 8), (1, 7), (2, 7), (3, 7), (4, 7), (4, 8), (4, 9), (4, 10), (4, 11), (4, 12), (4, 13), (4, 14), (5, 14), (6, 14), (6, 13), (6, 12), (6, 11), (6, 10), (6, 9), (6, 8), (7, 8), (8, 8), (8, 9), (8, 10), (8, 11), (8, 12), (8, 13), (8, 14), (9, 14), (10, 14), (10, 13), (10, 12), (10, 11), (10, 10), (11, 10), (12, 10), (12, 11), (12, 12), (12, 13), (12, 14), (13, 14), (14, 14), (15, 14), (16, 14), (17, 14), (17, 13), (17, 12), (18, 12), (19, 12), (19, 11), (16, 12), (15, 12), (14, 12), (14, 11), (14, 10), (15, 10), (16, 10), (17, 10), (17, 9), (17, 8), (16, 8), (15, 8), (14, 8), (13, 8), (12, 8), (11, 8), (11, 7), (11, 6), (10, 6), (9, 6), (8, 6), (7, 6), (6, 6), (6, 5), (5, 5), (4, 5), (3, 5), (2, 5), (1, 5), (1, 4), (1, 3), (2, 3), (3, 3), (4, 3), (5, 3), (6, 3), (7, 3), (8, 3), (8, 4), (9, 4), (10, 4), (11, 4), (12, 4), (13, 4), (13, 5), (13, 6), (14, 6), (15, 6), (16, 6), (17, 6), (18, 6), (19, 6), (19, 7), (20, 7), (21, 7), (22, 7), (23, 7), (24, 7), (24, 6), (24, 5), (23, 5), (22, 5), (21, 5), (21, 4)]",222,0,222
235,"(19, 4)","(20, 4)",West,"[(18, 4) via West, (19, 5) via North]","[(19, 4), (19, 5), (13, 12), (13, 12), (3, 10), (19, 12), (19, 11), (26, 2), (31, 3), (30, 3), (29, 6), (29, 10), (33, 16)]","[(19, 5), (18, 4), (19, 5), (13, 12), (13, 12), (3, 10), (19, 12), (19, 11), (26, 2), (31, 3), (30, 3), (29, 6), (29, 10), (33, 16)]","[(34, 16), (34, 15), (34, 14), (33, 14), (32, 14), (31, 14), (30, 14), (30, 13), (30, 12), (31, 12), (32, 12), (33, 12), (34, 12), (34, 11), (34, 10), (33, 10), (32, 10), (31, 10), (30, 10), (30, 9), (30, 8), (31, 8), (32, 8), (33, 8), (34, 8), (34, 7), (34, 6), (33, 6), (32, 6), (31, 6), (30, 6), (30, 5), (30, 4), (31, 4), (32, 4), (33, 4), (34, 4), (34, 3), (34, 2), (34, 1), (33, 1), (32, 1), (31, 1), (30, 1), (29, 1), (28, 1), (27, 1), (27, 2), (27, 3), (27, 4), (27, 5), (27, 6), (27, 7), (27, 8), (27, 9), (26, 9), (25, 9), (24, 9), (23, 9), (22, 9), (21, 9), (20, 9), (20, 10), (20, 11), (20, 12), (21, 12), (22, 12), (23, 12), (24, 12), (24, 11), (25, 11), (26, 11), (27, 11), (27, 12), (27, 13), (27, 14), (26, 14), (25, 14), (25, 15), (25, 16), (26, 16), (27, 16), (28, 16), (29, 16), (30, 16), (31, 16), (32, 16), (33, 16), (24, 16), (23, 16), (22, 16), (21, 16), (20, 16), (19, 16), (18, 16), (17, 16), (16, 16), (15, 16), (14, 16), (13, 16), (12, 16), (11, 16), (10, 16), (9, 16), (8, 16), (7, 16), (6, 16), (5, 16), (4, 16), (3, 16), (2, 16), (1, 16), (1, 15), (1, 14), (1, 13), (1, 12), (1, 11), (1, 10), (1, 9), (1, 8), (1, 7), (2, 7), (3, 7), (4, 7), (4, 8), (4, 9), (4, 10), (4, 11), (4, 12), (4, 13), (4, 14), (5, 14), (6, 14), (6, 13), (6, 12), (6, 11), (6, 10), (6, 9), (6, 8), (7, 8), (8, 8), (8, 9), (8, 10), (8, 11), (8, 12), (8, 13), (8, 14), (9, 14), (10, 14), (10, 13), (10, 12), (10, 11), (10, 10), (11, 10), (12, 10), (12, 11), (12, 12), (12, 13), (12, 14), (13, 14), (14, 14), (15, 14), (16, 14), (17, 14), (17, 13), (17, 12), (18, 12), (19, 12), (19, 11), (16, 12), (15, 12), (14, 12), (14, 11), (14, 10), (15, 10), (16, 10), (17, 10), (17, 9), (17, 8), (16, 8), (15, 8), (14, 8), (13, 8), (12, 8), (11, 8), (11, 7), (11, 6), (10, 6), (9, 6), (8, 6), (7, 6), (6, 6), (6, 5), (5, 5), (4, 5), (3, 5), (2, 5), (1, 5), (1, 4), (1, 3), (2, 3), (3, 3), (4, 3), (5, 3), (6, 3), (7, 3), (8, 3), (8, 4), (9, 4), (10, 4), (11, 4), (12, 4), (13, 4), (13, 5), (13, 6), (14, 6), (15, 6), (16, 6), (17, 6), (18, 6), (19, 6), (19, 7), (20, 7), (21, 7), (22, 7), (23, 7), (24, 7), (24, 6), (24, 5), (23, 5), (22, 5), (21, 5), (21, 4), (20, 4)]",223,0,223
236,"(19, 5)","(19, 4)",North,[],"[(19, 5), (18, 4), (19, 5), (13, 12), (13, 12), (3, 10), (19, 12), (19, 11), (26, 2), (31, 3), (30, 3), (29, 6), (29, 10), (33, 16)]","[(18, 4), (19, 5), (13, 12), (13, 12), (3, 10), (19, 12), (19, 11), (26, 2), (31, 3), (30, 3), (29, 6), (29, 10), (33, 16)]","[(34, 16), (34, 15), (34, 14), (33, 14), (32, 14), (31, 14), (30, 14), (30, 13), (30, 12), (31, 12), (32, 12), (33, 12), (34, 12), (34, 11), (34, 10), (33, 10), (32, 10), (31, 10), (30, 10), (30, 9), (30, 8), (31, 8), (32, 8), (33, 8), (34, 8), (34, 7), (34, 6), (33, 6), (32, 6), (31, 6), (30, 6), (30, 5), (30, 4), (31, 4), (32, 4), (33, 4), (34, 4), (34, 3), (34, 2), (34, 1), (33, 1), (32, 1), (31, 1), (30, 1), (29, 1), (28, 1), (27, 1), (27, 2), (27, 3), (27, 4), (27, 5), (27, 6), (27, 7), (27, 8), (27, 9), (26, 9), (25, 9), (24, 9), (23, 9), (22, 9), (21, 9), (20, 9), (20, 10), (20, 11), (20, 12), (21, 12), (22, 12), (23, 12), (24, 12), (24, 11), (25, 11), (26, 11), (27, 11), (27, 12), (27, 13), (27, 14), (26, 14), (25, 14), (25, 15), (25, 16), (26, 16), (27, 16), (28, 16), (29, 16), (30, 16), (31, 16), (32, 16), (33, 16), (24, 16), (23, 16), (22, 16), (21, 16), (20, 16), (19, 16), (18, 16), (17, 16), (16, 16), (15, 16), (14, 16), (13, 16), (12, 16), (11, 16), (10, 16), (9, 16), (8, 16), (7, 16), (6, 16), (5, 16), (4, 16), (3, 16), (2, 16), (1, 16), (1, 15), (1, 14), (1, 13), (1, 12), (1, 11), (1, 10), (1, 9), (1, 8), (1, 7), (2, 7), (3, 7), (4, 7), (4, 8), (4, 9), (4, 10), (4, 11), (4, 12), (4, 13), (4, 14), (5, 14), (6, 14), (6, 13), (6, 12), (6, 11), (6, 10), (6, 9), (6, 8), (7, 8), (8, 8), (8, 9), (8, 10), (8, 11), (8, 12), (8, 13), (8, 14), (9, 14), (10, 14), (10, 13), (10, 12), (10, 11), (10, 10), (11, 10), (12, 10), (12, 11), (12, 12), (12, 13), (12, 14), (13, 14), (14, 14), (15, 14), (16, 14), (17, 14), (17, 13), (17, 12), (18, 12), (19, 12), (19, 11), (16, 12), (15, 12), (14, 12), (14, 11), (14, 10), (15, 10), (16, 10), (17, 10), (17, 9), (17, 8), (16, 8), (15, 8), (14, 8), (13, 8), (12, 8), (11, 8), (11, 7), (11, 6), (10, 6), (9, 6), (8, 6), (7, 6), (6, 6), (6, 5), (5, 5), (4, 5), (3, 5), (2, 5), (1, 5), (1, 4), (1, 3), (2, 3), (3, 3), (4, 3), (5, 3), (6, 3), (7, 3), (8, 3), (8, 4), (9, 4), (10, 4), (11, 4), (12, 4), (13, 4), (13, 5), (13, 6), (14, 6), (15, 6), (16, 6), (17, 6), (18, 6), (19, 6), (19, 7), (20, 7), (21, 7), (22, 7), (23, 7), (24, 7), (24, 6), (24, 5), (23, 5), (22, 5), (21, 5), (21, 4), (20, 4), (19, 4)]",224,0,224
237,"(18, 4)","(19, 4)",West,"[(17, 4) via West]","[(18, 4), (19, 5), (13, 12), (13, 12), (3, 10), (19, 12), (19, 11), (26, 2), (31, 3), (30, 3), (29, 6), (29, 10), (33, 16)]","[(17, 4), (19, 5), (13, 12), (13, 12), (3, 10), (19, 12), (19, 11), (26, 2), (31, 3), (30, 3), (29, 6), (29, 10), (33, 16)]","[(34, 16), (34, 15), (34, 14), (33, 14), (32, 14), (31, 14), (30, 14), (30, 13), (30, 12), (31, 12), (32, 12), (33, 12), (34, 12), (34, 11), (34, 10), (33, 10), (32, 10), (31, 10), (30, 10), (30, 9), (30, 8), (31, 8), (32, 8), (33, 8), (34, 8), (34, 7), (34, 6), (33, 6), (32, 6), (31, 6), (30, 6), (30, 5), (30, 4), (31, 4), (32, 4), (33, 4), (34, 4), (34, 3), (34, 2), (34, 1), (33, 1), (32, 1), (31, 1), (30, 1), (29, 1), (28, 1), (27, 1), (27, 2), (27, 3), (27, 4), (27, 5), (27, 6), (27, 7), (27, 8), (27, 9), (26, 9), (25, 9), (24, 9), (23, 9), (22, 9), (21, 9), (20, 9), (20, 10), (20, 11), (20, 12), (21, 12), (22, 12), (23, 12), (24, 12), (24, 11), (25, 11), (26, 11), (27, 11), (27, 12), (27, 13), (27, 14), (26, 14), (25, 14), (25, 15), (25, 16), (26, 16), (27, 16), (28, 16), (29, 16), (30, 16), (31, 16), (32, 16), (33, 16), (24, 16), (23, 16), (22, 16), (21, 16), (20, 16), (19, 16), (18, 16), (17, 16), (16, 16), (15, 16), (14, 16), (13, 16), (12, 16), (11, 16), (10, 16), (9, 16), (8, 16), (7, 16), (6, 16), (5, 16), (4, 16), (3, 16), (2, 16), (1, 16), (1, 15), (1, 14), (1, 13), (1, 12), (1, 11), (1, 10), (1, 9), (1, 8), (1, 7), (2, 7), (3, 7), (4, 7), (4, 8), (4, 9), (4, 10), (4, 11), (4, 12), (4, 13), (4, 14), (5, 14), (6, 14), (6, 13), (6, 12), (6, 11), (6, 10), (6, 9), (6, 8), (7, 8), (8, 8), (8, 9), (8, 10), (8, 11), (8, 12), (8, 13), (8, 14), (9, 14), (10, 14), (10, 13), (10, 12), (10, 11), (10, 10), (11, 10), (12, 10), (12, 11), (12, 12), (12, 13), (12, 14), (13, 14), (14, 14), (15, 14), (16, 14), (17, 14), (17, 13), (17, 12), (18, 12), (19, 12), (19, 11), (16, 12), (15, 12), (14, 12), (14, 11), (14, 10), (15, 10), (16, 10), (17, 10), (17, 9), (17, 8), (16, 8), (15, 8), (14, 8), (13, 8), (12, 8), (11, 8), (11, 7), (11, 6), (10, 6), (9, 6), (8, 6), (7, 6), (6, 6), (6, 5), (5, 5), (4, 5), (3, 5), (2, 5), (1, 5), (1, 4), (1, 3), (2, 3), (3, 3), (4, 3), (5, 3), (6, 3), (7, 3), (8, 3), (8, 4), (9, 4), (10, 4), (11, 4), (12, 4), (13, 4), (13, 5), (13, 6), (14, 6), (15, 6), (16, 6), (17, 6), (18, 6), (19, 6), (19, 7), (20, 7), (21, 7), (22, 7), (23, 7), (24, 7), (24, 6), (24, 5), (23, 5), (22, 5), (21, 5), (21, 4), (20, 4), (19, 4), (19, 5)]",224,0,224
238,"(17, 4)","(18, 4)",West,"[(16, 4) via West]","[(17, 4), (19, 5), (13, 12), (13, 12), (3, 10), (19, 12), (19, 11), (26, 2), (31, 3), (30, 3), (29, 6), (29, 10), (33, 16)]","[(16, 4), (19, 5), (13, 12), (13, 12), (3, 10), (19, 12), (19, 11), (26, 2), (31, 3), (30, 3), (29, 6), (29, 10), (33, 16)]","[(34, 16), (34, 15), (34, 14), (33, 14), (32, 14), (31, 14), (30, 14), (30, 13), (30, 12), (31, 12), (32, 12), (33, 12), (34, 12), (34, 11), (34, 10), (33, 10), (32, 10), (31, 10), (30, 10), (30, 9), (30, 8), (31, 8), (32, 8), (33, 8), (34, 8), (34, 7), (34, 6), (33, 6), (32, 6), (31, 6), (30, 6), (30, 5), (30, 4), (31, 4), (32, 4), (33, 4), (34, 4), (34, 3), (34, 2), (34, 1), (33, 1), (32, 1), (31, 1), (30, 1), (29, 1), (28, 1), (27, 1), (27, 2), (27, 3), (27, 4), (27, 5), (27, 6), (27, 7), (27, 8), (27, 9), (26, 9), (25, 9), (24, 9), (23, 9), (22, 9), (21, 9), (20, 9), (20, 10), (20, 11), (20, 12), (21, 12), (22, 12), (23, 12), (24, 12), (24, 11), (25, 11), (26, 11), (27, 11), (27, 12), (27, 13), (27, 14), (26, 14), (25, 14), (25, 15), (25, 16), (26, 16), (27, 16), (28, 16), (29, 16), (30, 16), (31, 16), (32, 16), (33, 16), (24, 16), (23, 16), (22, 16), (21, 16), (20, 16), (19, 16), (18, 16), (17, 16), (16, 16), (15, 16), (14, 16), (13, 16), (12, 16), (11, 16), (10, 16), (9, 16), (8, 16), (7, 16), (6, 16), (5, 16), (4, 16), (3, 16), (2, 16), (1, 16), (1, 15), (1, 14), (1, 13), (1, 12), (1, 11), (1, 10), (1, 9), (1, 8), (1, 7), (2, 7), (3, 7), (4, 7), (4, 8), (4, 9), (4, 10), (4, 11), (4, 12), (4, 13), (4, 14), (5, 14), (6, 14), (6, 13), (6, 12), (6, 11), (6, 10), (6, 9), (6, 8), (7, 8), (8, 8), (8, 9), (8, 10), (8, 11), (8, 12), (8, 13), (8, 14), (9, 14), (10, 14), (10, 13), (10, 12), (10, 11), (10, 10), (11, 10), (12, 10), (12, 11), (12, 12), (12, 13), (12, 14), (13, 14), (14, 14), (15, 14), (16, 14), (17, 14), (17, 13), (17, 12), (18, 12), (19, 12), (19, 11), (16, 12), (15, 12), (14, 12), (14, 11), (14, 10), (15, 10), (16, 10), (17, 10), (17, 9), (17, 8), (16, 8), (15, 8), (14, 8), (13, 8), (12, 8), (11, 8), (11, 7), (11, 6), (10, 6), (9, 6), (8, 6), (7, 6), (6, 6), (6, 5), (5, 5), (4, 5), (3, 5), (2, 5), (1, 5), (1, 4), (1, 3), (2, 3), (3, 3), (4, 3), (5, 3), (6, 3), (7, 3), (8, 3), (8, 4), (9, 4), (10, 4), (11, 4), (12, 4), (13, 4), (13, 5), (13, 6), (14, 6), (15, 6), (16, 6), (17, 6), (18, 6), (19, 6), (19, 7), (20, 7), (21, 7), (22, 7), (23, 7), (24, 7), (24, 6), (24, 5), (23, 5), (22, 5), (21, 5), (21, 4), (20, 4), (19, 4), (19, 5), (18, 4)]",225,0,225
239,"(16, 4)","(17, 4)",West,"[(15, 4) via West]","[(16, 4), (19, 5), (13, 12), (13, 12), (3, 10), (19, 12), (19, 11), (26, 2), (31, 3), (30, 3), (29, 6), (29, 10), (33, 16)]","[(15, 4), (19, 5), (13, 12), (13, 12), (3, 10), (19, 12), (19, 11), (26, 2), (31, 3), (30, 3), (29, 6), (29, 10), (33, 16)]","[(34, 16), (34, 15), (34, 14), (33, 14), (32, 14), (31, 14), (30, 14), (30, 13), (30, 12), (31, 12), (32, 12), (33, 12), (34, 12), (34, 11), (34, 10), (33, 10), (32, 10), (31, 10), (30, 10), (30, 9), (30, 8), (31, 8), (32, 8), (33, 8), (34, 8), (34, 7), (34, 6), (33, 6), (32, 6), (31, 6), (30, 6), (30, 5), (30, 4), (31, 4), (32, 4), (33, 4), (34, 4), (34, 3), (34, 2), (34, 1), (33, 1), (32, 1), (31, 1), (30, 1), (29, 1), (28, 1), (27, 1), (27, 2), (27, 3), (27, 4), (27, 5), (27, 6), (27, 7), (27, 8), (27, 9), (26, 9), (25, 9), (24, 9), (23, 9), (22, 9), (21, 9), (20, 9), (20, 10), (20, 11), (20, 12), (21, 12), (22, 12), (23, 12), (24, 12), (24, 11), (25, 11), (26, 11), (27, 11), (27, 12), (27, 13), (27, 14), (26, 14), (25, 14), (25, 15), (25, 16), (26, 16), (27, 16), (28, 16), (29, 16), (30, 16), (31, 16), (32, 16), (33, 16), (24, 16), (23, 16), (22, 16), (21, 16), (20, 16), (19, 16), (18, 16), (17, 16), (16, 16), (15, 16), (14, 16), (13, 16), (12, 16), (11, 16), (10, 16), (9, 16), (8, 16), (7, 16), (6, 16), (5, 16), (4, 16), (3, 16), (2, 16), (1, 16), (1, 15), (1, 14), (1, 13), (1, 12), (1, 11), (1, 10), (1, 9), (1, 8), (1, 7), (2, 7), (3, 7), (4, 7), (4, 8), (4, 9), (4, 10), (4, 11), (4, 12), (4, 13), (4, 14), (5, 14), (6, 14), (6, 13), (6, 12), (6, 11), (6, 10), (6, 9), (6, 8), (7, 8), (8, 8), (8, 9), (8, 10), (8, 11), (8, 12), (8, 13), (8, 14), (9, 14), (10, 14), (10, 13), (10, 12), (10, 11), (10, 10), (11, 10), (12, 10), (12, 11), (12, 12), (12, 13), (12, 14), (13, 14), (14, 14), (15, 14), (16, 14), (17, 14), (17, 13), (17, 12), (18, 12), (19, 12), (19, 11), (16, 12), (15, 12), (14, 12), (14, 11), (14, 10), (15, 10), (16, 10), (17, 10), (17, 9), (17, 8), (16, 8), (15, 8), (14, 8), (13, 8), (12, 8), (11, 8), (11, 7), (11, 6), (10, 6), (9, 6), (8, 6), (7, 6), (6, 6), (6, 5), (5, 5), (4, 5), (3, 5), (2, 5), (1, 5), (1, 4), (1, 3), (2, 3), (3, 3), (4, 3), (5, 3), (6, 3), (7, 3), (8, 3), (8, 4), (9, 4), (10, 4), (11, 4), (12, 4), (13, 4), (13, 5), (13, 6), (14, 6), (15, 6), (16, 6), (17, 6), (18, 6), (19, 6), (19, 7), (20, 7), (21, 7), (22, 7), (23, 7), (24, 7), (24, 6), (24, 5), (23, 5), (22, 5), (21, 5), (21, 4), (20, 4), (19, 4), (19, 5), (18, 4), (17, 4)]",226,0,226
240,"(15, 4)","(16, 4)",West,"[(15, 3) via South]","[(15, 4), (19, 5), (13, 12), (13, 12), (3, 10), (19, 12), (19, 11), (26, 2), (31, 3), (30, 3), (29, 6), (29, 10), (33, 16)]","[(15, 3), (19, 5), (13, 12), (13, 12), (3, 10), (19, 12), (19, 11), (26, 2), (31, 3), (30, 3), (29, 6), (29, 10), (33, 16)]","[(34, 16), (34, 15), (34, 14), (33, 14), (32, 14), (31, 14), (30, 14), (30, 13), (30, 12), (31, 12), (32, 12), (33, 12), (34, 12), (34, 11), (34, 10), (33, 10), (32, 10), (31, 10), (30, 10), (30, 9), (30, 8), (31, 8), (32, 8), (33, 8), (34, 8), (34, 7), (34, 6), (33, 6), (32, 6), (31, 6), (30, 6), (30, 5), (30, 4), (31, 4), (32, 4), (33, 4), (34, 4), (34, 3), (34, 2), (34, 1), (33, 1), (32, 1), (31, 1), (30, 1), (29, 1), (28, 1), (27, 1), (27, 2), (27, 3), (27, 4), (27, 5), (27, 6), (27, 7), (27, 8), (27, 9), (26, 9), (25, 9), (24, 9), (23, 9), (22, 9), (21, 9), (20, 9), (20, 10), (20, 11), (20, 12), (21, 12), (22, 12), (23, 12), (24, 12), (24, 11), (25, 11), (26, 11), (27, 11), (27, 12), (27, 13), (27, 14), (26, 14), (25, 14), (25, 15), (25, 16), (26, 16), (27, 16), (28, 16), (29, 16), (30, 16), (31, 16), (32, 16), (33, 16), (24, 16), (23, 16), (22, 16), (21, 16), (20, 16), (19, 16), (18, 16), (17, 16), (16, 16), (15, 16), (14, 16), (13, 16), (12, 16), (11, 16), (10, 16), (9, 16), (8, 16), (7, 16), (6, 16), (5, 16), (4, 16), (3, 16), (2, 16), (1, 16), (1, 15), (1, 14), (1, 13), (1, 12), (1, 11), (1, 10), (1, 9), (1, 8), (1, 7), (2, 7), (3, 7), (4, 7), (4, 8), (4, 9), (4, 10), (4, 11), (4, 12), (4, 13), (4, 14), (5, 14), (6, 14), (6, 13), (6, 12), (6, 11), (6, 10), (6, 9), (6, 8), (7, 8), (8, 8), (8, 9), (8, 10), (8, 11), (8, 12), (8, 13), (8, 14), (9, 14), (10, 14), (10, 13), (10, 12), (10, 11), (10, 10), (11, 10), (12, 10), (12, 11), (12, 12), (12, 13), (12, 14), (13, 14), (14, 14), (15, 14), (16, 14), (17, 14), (17, 13), (17, 12), (18, 12), (19, 12), (19, 11), (16, 12), (15, 12), (14, 12), (14, 11), (14, 10), (15, 10), (16, 10), (17, 10), (17, 9), (17, 8), (16, 8), (15, 8), (14, 8), (13, 8), (12, 8), (11, 8), (11, 7), (11, 6), (10, 6), (9, 6), (8, 6), (7, 6), (6, 6), (6, 5), (5, 5), (4, 5), (3, 5), (2, 5), (1, 5), (1, 4), (1, 3), (2, 3), (3, 3), (4, 3), (5, 3), (6, 3), (7, 3), (8, 3), (8, 4), (9, 4), (10, 4), (11, 4), (12, 4), (13, 4), (13, 5), (13, 6), (14, 6), (15, 6), (16, 6), (17, 6), (18, 6), (19, 6), (19, 7), (20, 7), (21, 7), (22, 7), (23, 7), (24, 7), (24, 6), (24, 5), (23, 5), (22, 5), (21, 5), (21, 4), (20, 4), (19, 4), (19, 5), (18, 4), (17, 4), (16, 4)]",227,0,227
241,"(15, 3)","(15, 4)",South,"[(15, 2) via South]","[(15, 3), (19, 5), (13, 12), (13, 12), (3, 10), (19, 12), (19, 11), (26, 2), (31, 3), (30, 3), (29, 6), (29, 10), (33, 16)]","[(15, 2), (19, 5), (13, 12), (13, 12), (3, 10), (19, 12), (19, 11), (26, 2), (31, 3), (30, 3), (29, 6), (29, 10), (33, 16)]","[(34, 16), (34, 15), (34, 14), (33, 14), (32, 14), (31, 14), (30, 14), (30, 13), (30, 12), (31, 12), (32, 12), (33, 12), (34, 12), (34, 11), (34, 10), (33, 10), (32, 10), (31, 10), (30, 10), (30, 9), (30, 8), (31, 8), (32, 8), (33, 8), (34, 8), (34, 7), (34, 6), (33, 6), (32, 6), (31, 6), (30, 6), (30, 5), (30, 4), (31, 4), (32, 4), (33, 4), (34, 4), (34, 3), (34, 2), (34, 1), (33, 1), (32, 1), (31, 1), (30, 1), (29, 1), (28, 1), (27, 1), (27, 2), (27, 3), (27, 4), (27, 5), (27, 6), (27, 7), (27, 8), (27, 9), (26, 9), (25, 9), (24, 9), (23, 9), (22, 9), (21, 9), (20, 9), (20, 10), (20, 11), (20, 12), (21, 12), (22, 12), (23, 12), (24, 12), (24, 11), (25, 11), (26, 11), (27, 11), (27, 12), (27, 13), (27, 14), (26, 14), (25, 14), (25, 15), (25, 16), (26, 16), (27, 16), (28, 16), (29, 16), (30, 16), (31, 16), (32, 16), (33, 16), (24, 16), (23, 16), (22, 16), (21, 16), (20, 16), (19, 16), (18, 16), (17, 16), (16, 16), (15, 16), (14, 16), (13, 16), (12, 16), (11, 16), (10, 16), (9, 16), (8, 16), (7, 16), (6, 16), (5, 16), (4, 16), (3, 16), (2, 16), (1, 16), (1, 15), (1, 14), (1, 13), (1, 12), (1, 11), (1, 10), (1, 9), (1, 8), (1, 7), (2, 7), (3, 7), (4, 7), (4, 8), (4, 9), (4, 10), (4, 11), (4, 12), (4, 13), (4, 14), (5, 14), (6, 14), (6, 13), (6, 12), (6, 11), (6, 10), (6, 9), (6, 8), (7, 8), (8, 8), (8, 9), (8, 10), (8, 11), (8, 12), (8, 13), (8, 14), (9, 14), (10, 14), (10, 13), (10, 12), (10, 11), (10, 10), (11, 10), (12, 10), (12, 11), (12, 12), (12, 13), (12, 14), (13, 14), (14, 14), (15, 14), (16, 14), (17, 14), (17, 13), (17, 12), (18, 12), (19, 12), (19, 11), (16, 12), (15, 12), (14, 12), (14, 11), (14, 10), (15, 10), (16, 10), (17, 10), (17, 9), (17, 8), (16, 8), (15, 8), (14, 8), (13, 8), (12, 8), (11, 8), (11, 7), (11, 6), (10, 6), (9, 6), (8, 6), (7, 6), (6, 6), (6, 5), (5, 5), (4, 5), (3, 5), (2, 5), (1, 5), (1, 4), (1, 3), (2, 3), (3, 3), (4, 3), (5, 3), (6, 3), (7, 3), (8, 3), (8, 4), (9, 4), (10, 4), (11, 4), (12, 4), (13, 4), (13, 5), (13, 6), (14, 6), (15, 6), (16, 6), (17, 6), (18, 6), (19, 6), (19, 7), (20, 7), (21, 7), (22, 7), (23, 7), (24, 7), (24, 6), (24, 5), (23, 5), (22, 5), (21, 5), (21, 4), (20, 4), (19, 4), (19, 5), (18, 4), (17, 4), (16, 4), (15, 4)]",228,0,228
242,"(15, 2)","(15, 3)",South,"[(14, 2) via West, (16, 2) via East]","[(15, 2), (19, 5), (13, 12), (13, 12), (3, 10), (19, 12), (19, 11), (26, 2), (31, 3), (30, 3), (29, 6), (29, 10), (33, 16)]","[(16, 2), (14, 2), (19, 5), (13, 12), (13, 12), (3, 10), (19, 12), (19, 11), (26, 2), (31, 3), (30, 3), (29, 6), (29, 10), (33, 16)]","[(34, 16), (34, 15), (34, 14), (33, 14), (32, 14), (31, 14), (30, 14), (30, 13), (30, 12), (31, 12), (32, 12), (33, 12), (34, 12), (34, 11), (34, 10), (33, 10), (32, 10), (31, 10), (30, 10), (30, 9), (30, 8), (31, 8), (32, 8), (33, 8), (34, 8), (34, 7), (34, 6), (33, 6), (32, 6), (31, 6), (30, 6), (30, 5), (30, 4), (31, 4), (32, 4), (33, 4), (34, 4), (34, 3), (34, 2), (34, 1), (33, 1), (32, 1), (31, 1), (30, 1), (29, 1), (28, 1), (27, 1), (27, 2), (27, 3), (27, 4), (27, 5), (27, 6), (27, 7), (27, 8), (27, 9), (26, 9), (25, 9), (24, 9), (23, 9), (22, 9), (21, 9), (20, 9), (20, 10), (20, 11), (20, 12), (21, 12), (22, 12), (23, 12), (24, 12), (24, 11), (25, 11), (26, 11), (27, 11), (27, 12), (27, 13), (27, 14), (26, 14), (25, 14), (25, 15), (25, 16), (26, 16), (27, 16), (28, 16), (29, 16), (30, 16), (31, 16), (32, 16), (33, 16), (24, 16), (23, 16), (22, 16), (21, 16), (20, 16), (19, 16), (18, 16), (17, 16), (16, 16), (15, 16), (14, 16), (13, 16), (12, 16), (11, 16), (10, 16), (9, 16), (8, 16), (7, 16), (6, 16), (5, 16), (4, 16), (3, 16), (2, 16), (1, 16), (1, 15), (1, 14), (1, 13), (1, 12), (1, 11), (1, 10), (1, 9), (1, 8), (1, 7), (2, 7), (3, 7), (4, 7), (4, 8), (4, 9), (4, 10), (4, 11), (4, 12), (4, 13), (4, 14), (5, 14), (6, 14), (6, 13), (6, 12), (6, 11), (6, 10), (6, 9), (6, 8), (7, 8), (8, 8), (8, 9), (8, 10), (8, 11), (8, 12), (8, 13), (8, 14), (9, 14), (10, 14), (10, 13), (10, 12), (10, 11), (10, 10), (11, 10), (12, 10), (12, 11), (12, 12), (12, 13), (12, 14), (13, 14), (14, 14), (15, 14), (16, 14), (17, 14), (17, 13), (17, 12), (18, 12), (19, 12), (19, 11), (16, 12), (15, 12), (14, 12), (14, 11), (14, 10), (15, 10), (16, 10), (17, 10), (17, 9), (17, 8), (16, 8), (15, 8), (14, 8), (13, 8), (12, 8), (11, 8), (11, 7), (11, 6), (10, 6), (9, 6), (8, 6), (7, 6), (6, 6), (6, 5), (5, 5), (4, 5), (3, 5), (2, 5), (1, 5), (1, 4), (1, 3), (2, 3), (3, 3), (4, 3), (5, 3), (6, 3), (7, 3), (8, 3), (8, 4), (9, 4), (10, 4), (11, 4), (12, 4), (13, 4), (13, 5), (13, 6), (14, 6), (15, 6), (16, 6), (17, 6), (18, 6), (19, 6), (19, 7), (20, 7), (21, 7), (22, 7), (23, 7), (24, 7), (24, 6), (24, 5), (23, 5), (22, 5), (21, 5), (21, 4), (20, 4), (19, 4), (19, 5), (18, 4), (17, 4), (16, 4), (15, 4), (15, 3)]",229,0,229
243,"(16, 2)","(15, 2)",East,"[(17, 2) via East]","[(16, 2), (14, 2), (19, 5), (13, 12), (13, 12), (3, 10), (19, 12), (19, 11), (26, 2), (31, 3), (30, 3), (29, 6), (29, 10), (33, 16)]","[(17, 2), (14, 2), (19, 5), (13, 12), (13, 12), (3, 10), (19, 12), (19, 11), (26, 2), (31, 3), (30, 3), (29, 6), (29, 10), (33, 16)]","[(34, 16), (34, 15), (34, 14), (33, 14), (32, 14), (31, 14), (30, 14), (30, 13), (30, 12), (31, 12), (32, 12), (33, 12), (34, 12), (34, 11), (34, 10), (33, 10), (32, 10), (31, 10), (30, 10), (30, 9), (30, 8), (31, 8), (32, 8), (33, 8), (34, 8), (34, 7), (34, 6), (33, 6), (32, 6), (31, 6), (30, 6), (30, 5), (30, 4), (31, 4), (32, 4), (33, 4), (34, 4), (34, 3), (34, 2), (34, 1), (33, 1), (32, 1), (31, 1), (30, 1), (29, 1), (28, 1), (27, 1), (27, 2), (27, 3), (27, 4), (27, 5), (27, 6), (27, 7), (27, 8), (27, 9), (26, 9), (25, 9), (24, 9), (23, 9), (22, 9), (21, 9), (20, 9), (20, 10), (20, 11), (20, 12), (21, 12), (22, 12), (23, 12), (24, 12), (24, 11), (25, 11), (26, 11), (27, 11), (27, 12), (27, 13), (27, 14), (26, 14), (25, 14), (25, 15), (25, 16), (26, 16), (27, 16), (28, 16), (29, 16), (30, 16), (31, 16), (32, 16), (33, 16), (24, 16), (23, 16), (22, 16), (21, 16), (20, 16), (19, 16), (18, 16), (17, 16), (16, 16), (15, 16), (14, 16), (13, 16), (12, 16), (11, 16), (10, 16), (9, 16), (8, 16), (7, 16), (6, 16), (5, 16), (4, 16), (3, 16), (2, 16), (1, 16), (1, 15), (1, 14), (1, 13), (1, 12), (1, 11), (1, 10), (1, 9), (1, 8), (1, 7), (2, 7), (3, 7), (4, 7), (4, 8), (4, 9), (4, 10), (4, 11), (4, 12), (4, 13), (4, 14), (5, 14), (6, 14), (6, 13), (6, 12), (6, 11), (6, 10), (6, 9), (6, 8), (7, 8), (8, 8), (8, 9), (8, 10), (8, 11), (8, 12), (8, 13), (8, 14), (9, 14), (10, 14), (10, 13), (10, 12), (10, 11), (10, 10), (11, 10), (12, 10), (12, 11), (12, 12), (12, 13), (12, 14), (13, 14), (14, 14), (15, 14), (16, 14), (17, 14), (17, 13), (17, 12), (18, 12), (19, 12), (19, 11), (16, 12), (15, 12), (14, 12), (14, 11), (14, 10), (15, 10), (16, 10), (17, 10), (17, 9), (17, 8), (16, 8), (15, 8), (14, 8), (13, 8), (12, 8), (11, 8), (11, 7), (11, 6), (10, 6), (9, 6), (8, 6), (7, 6), (6, 6), (6, 5), (5, 5), (4, 5), (3, 5), (2, 5), (1, 5), (1, 4), (1, 3), (2, 3), (3, 3), (4, 3), (5, 3), (6, 3), (7, 3), (8, 3), (8, 4), (9, 4), (10, 4), (11, 4), (12, 4), (13, 4), (13, 5), (13, 6), (14, 6), (15, 6), (16, 6), (17, 6), (18, 6), (19, 6), (19, 7), (20, 7), (21, 7), (22, 7), (23, 7), (24, 7), (24, 6), (24, 5), (23, 5), (22, 5), (21, 5), (21, 4), (20, 4), (19, 4), (19, 5), (18, 4), (17, 4), (16, 4), (15, 4), (15, 3), (15, 2)]",230,0,230
244,"(17, 2)","(16, 2)",East,"[(18, 2) via East]","[(17, 2), (14, 2), (19, 5), (13, 12), (13, 12), (3, 10), (19, 12), (19, 11), (26, 2), (31, 3), (30, 3), (29, 6), (29, 10), (33, 16)]","[(18, 2), (14, 2), (19, 5), (13, 12), (13, 12), (3, 10), (19, 12), (19, 11), (26, 2), (31, 3), (30, 3), (29, 6), (29, 10), (33, 16)]","[(34, 16), (34, 15), (34, 14), (33, 14), (32, 14), (31, 14), (30, 14), (30, 13), (30, 12), (31, 12), (32, 12), (33, 12), (34, 12), (34, 11), (34, 10), (33, 10), (32, 10), (31, 10), (30, 10), (30, 9), (30, 8), (31, 8), (32, 8), (33, 8), (34, 8), (34, 7), (34, 6), (33, 6), (32, 6), (31, 6), (30, 6), (30, 5), (30, 4), (31, 4), (32, 4), (33, 4), (34, 4), (34, 3), (34, 2), (34, 1), (33, 1), (32, 1), (31, 1), (30, 1), (29, 1), (28, 1), (27, 1), (27, 2), (27, 3), (27, 4), (27, 5), (27, 6), (27, 7), (27, 8), (27, 9), (26, 9), (25, 9), (24, 9), (23, 9), (22, 9), (21, 9), (20, 9), (20, 10), (20, 11), (20, 12), (21, 12), (22, 12), (23, 12), (24, 12), (24, 11), (25, 11), (26, 11), (27, 11), (27, 12), (27, 13), (27, 14), (26, 14), (25, 14), (25, 15), (25, 16), (26, 16), (27, 16), (28, 16), (29, 16), (30, 16), (31, 16), (32, 16), (33, 16), (24, 16), (23, 16), (22, 16), (21, 16), (20, 16), (19, 16), (18, 16), (17, 16), (16, 16), (15, 16), (14, 16), (13, 16), (12, 16), (11, 16), (10, 16), (9, 16), (8, 16), (7, 16), (6, 16), (5, 16), (4, 16), (3, 16), (2, 16), (1, 16), (1, 15), (1, 14), (1, 13), (1, 12), (1, 11), (1, 10), (1, 9), (1, 8), (1, 7), (2, 7), (3, 7), (4, 7), (4, 8), (4, 9), (4, 10), (4, 11), (4, 12), (4, 13), (4, 14), (5, 14), (6, 14), (6, 13), (6, 12), (6, 11), (6, 10), (6, 9), (6, 8), (7, 8), (8, 8), (8, 9), (8, 10), (8, 11), (8, 12), (8, 13), (8, 14), (9, 14), (10, 14), (10, 13), (10, 12), (10, 11), (10, 10), (11, 10), (12, 10), (12, 11), (12, 12), (12, 13), (12, 14), (13, 14), (14, 14), (15, 14), (16, 14), (17, 14), (17, 13), (17, 12), (18, 12), (19, 12), (19, 11), (16, 12), (15, 12), (14, 12), (14, 11), (14, 10), (15, 10), (16, 10), (17, 10), (17, 9), (17, 8), (16, 8), (15, 8), (14, 8), (13, 8), (12, 8), (11, 8), (11, 7), (11, 6), (10, 6), (9, 6), (8, 6), (7, 6), (6, 6), (6, 5), (5, 5), (4, 5), (3, 5), (2, 5), (1, 5), (1, 4), (1, 3), (2, 3), (3, 3), (4, 3), (5, 3), (6, 3), (7, 3), (8, 3), (8, 4), (9, 4), (10, 4), (11, 4), (12, 4), (13, 4), (13, 5), (13, 6), (14, 6), (15, 6), (16, 6), (17, 6), (18, 6), (19, 6), (19, 7), (20, 7), (21, 7), (22, 7), (23, 7), (24, 7), (24, 6), (24, 5), (23, 5), (22, 5), (21, 5), (21, 4), (20, 4), (19, 4), (19, 5), (18, 4), (17, 4), (16, 4), (15, 4), (15, 3), (15, 2), (16, 2)]",231,0,231
245,"(18, 2)","(17, 2)",East,"[(19, 2) via East]","[(18, 2), (14, 2), (19, 5), (13, 12), (13, 12), (3, 10), (19, 12), (19, 11), (26, 2), (31, 3), (30, 3), (29, 6), (29, 10), (33, 16)]","[(19, 2), (14, 2), (19, 5), (13, 12), (13, 12), (3, 10), (19, 12), (19, 11), (26, 2), (31, 3), (30, 3), (29, 6), (29, 10), (33, 16)]","[(34, 16), (34, 15), (34, 14), (33, 14), (32, 14), (31, 14), (30, 14), (30, 13), (30, 12), (31, 12), (32, 12), (33, 12), (34, 12), (34, 11), (34, 10), (33, 10), (32, 10), (31, 10), (30, 10), (30, 9), (30, 8), (31, 8), (32, 8), (33, 8), (34, 8), (34, 7), (34, 6), (33, 6), (32, 6), (31, 6), (30, 6), (30, 5), (30, 4), (31, 4), (32, 4), (33, 4), (34, 4), (34, 3), (34, 2), (34, 1), (33, 1), (32, 1), (31, 1), (30, 1), (29, 1), (28, 1), (27, 1), (27, 2), (27, 3), (27, 4), (27, 5), (27, 6), (27, 7), (27, 8), (27, 9), (26, 9), (25, 9), (24, 9), (23, 9), (22, 9), (21, 9), (20, 9), (20, 10), (20, 11), (20, 12), (21, 12), (22, 12), (23, 12), (24, 12), (24, 11), (25, 11), (26, 11), (27, 11), (27, 12), (27, 13), (27, 14), (26, 14), (25, 14), (25, 15), (25, 16), (26, 16), (27, 16), (28, 16), (29, 16), (30, 16), (31, 16), (32, 16), (33, 16), (24, 16), (23, 16), (22, 16), (21, 16), (20, 16), (19, 16), (18, 16), (17, 16), (16, 16), (15, 16), (14, 16), (13, 16), (12, 16), (11, 16), (10, 16), (9, 16), (8, 16), (7, 16), (6, 16), (5, 16), (4, 16), (3, 16), (2, 16), (1, 16), (1, 15), (1, 14), (1, 13), (1, 12), (1, 11), (1, 10), (1, 9), (1, 8), (1, 7), (2, 7), (3, 7), (4, 7), (4, 8), (4, 9), (4, 10), (4, 11), (4, 12), (4, 13), (4, 14), (5, 14), (6, 14), (6, 13), (6, 12), (6, 11), (6, 10), (6, 9), (6, 8), (7, 8), (8, 8), (8, 9), (8, 10), (8, 11), (8, 12), (8, 13), (8, 14), (9, 14), (10, 14), (10, 13), (10, 12), (10, 11), (10, 10), (11, 10), (12, 10), (12, 11), (12, 12), (12, 13), (12, 14), (13, 14), (14, 14), (15, 14), (16, 14), (17, 14), (17, 13), (17, 12), (18, 12), (19, 12), (19, 11), (16, 12), (15, 12), (14, 12), (14, 11), (14, 10), (15, 10), (16, 10), (17, 10), (17, 9), (17, 8), (16, 8), (15, 8), (14, 8), (13, 8), (12, 8), (11, 8), (11, 7), (11, 6), (10, 6), (9, 6), (8, 6), (7, 6), (6, 6), (6, 5), (5, 5), (4, 5), (3, 5), (2, 5), (1, 5), (1, 4), (1, 3), (2, 3), (3, 3), (4, 3), (5, 3), (6, 3), (7, 3), (8, 3), (8, 4), (9, 4), (10, 4), (11, 4), (12, 4), (13, 4), (13, 5), (13, 6), (14, 6), (15, 6), (16, 6), (17, 6), (18, 6), (19, 6), (19, 7), (20, 7), (21, 7), (22, 7), (23, 7), (24, 7), (24, 6), (24, 5), (23, 5), (22, 5), (21, 5), (21, 4), (20, 4), (19, 4), (19, 5), (18, 4), (17, 4), (16, 4), (15, 4), (15, 3), (15, 2), (16, 2), (17, 2)]",232,0,232
246,"(19, 2)","(18, 2)",East,"[(20, 2) via East]","[(19, 2), (14, 2), (19, 5), (13, 12), (13, 12), (3, 10), (19, 12), (19, 11), (26, 2), (31, 3), (30, 3), (29, 6), (29, 10), (33, 16)]","[(20, 2), (14, 2), (19, 5), (13, 12), (13, 12), (3, 10), (19, 12), (19, 11), (26, 2), (31, 3), (30, 3), (29, 6), (29, 10), (33, 16)]","[(34, 16), (34, 15), (34, 14), (33, 14), (32, 14), (31, 14), (30, 14), (30, 13), (30, 12), (31, 12), (32, 12), (33, 12), (34, 12), (34, 11), (34, 10), (33, 10), (32, 10), (31, 10), (30, 10), (30, 9), (30, 8), (31, 8), (32, 8), (33, 8), (34, 8), (34, 7), (34, 6), (33, 6), (32, 6), (31, 6), (30, 6), (30, 5), (30, 4), (31, 4), (32, 4), (33, 4), (34, 4), (34, 3), (34, 2), (34, 1), (33, 1), (32, 1), (31, 1), (30, 1), (29, 1), (28, 1), (27, 1), (27, 2), (27, 3), (27, 4), (27, 5), (27, 6), (27, 7), (27, 8), (27, 9), (26, 9), (25, 9), (24, 9), (23, 9), (22, 9), (21, 9), (20, 9), (20, 10), (20, 11), (20, 12), (21, 12), (22, 12), (23, 12), (24, 12), (24, 11), (25, 11), (26, 11), (27, 11), (27, 12), (27, 13), (27, 14), (26, 14), (25, 14), (25, 15), (25, 16), (26, 16), (27, 16), (28, 16), (29, 16), (30, 16), (31, 16), (32, 16), (33, 16), (24, 16), (23, 16), (22, 16), (21, 16), (20, 16), (19, 16), (18, 16), (17, 16), (16, 16), (15, 16), (14, 16), (13, 16), (12, 16), (11, 16), (10, 16), (9, 16), (8, 16), (7, 16), (6, 16), (5, 16), (4, 16), (3, 16), (2, 16), (1, 16), (1, 15), (1, 14), (1, 13), (1, 12), (1, 11), (1, 10), (1, 9), (1, 8), (1, 7), (2, 7), (3, 7), (4, 7), (4, 8), (4, 9), (4, 10), (4, 11), (4, 12), (4, 13), (4, 14), (5, 14), (6, 14), (6, 13), (6, 12), (6, 11), (6, 10), (6, 9), (6, 8), (7, 8), (8, 8), (8, 9), (8, 10), (8, 11), (8, 12), (8, 13), (8, 14), (9, 14), (10, 14), (10, 13), (10, 12), (10, 11), (10, 10), (11, 10), (12, 10), (12, 11), (12, 12), (12, 13), (12, 14), (13, 14), (14, 14), (15, 14), (16, 14), (17, 14), (17, 13), (17, 12), (18, 12), (19, 12), (19, 11), (16, 12), (15, 12), (14, 12), (14, 11), (14, 10), (15, 10), (16, 10), (17, 10), (17, 9), (17, 8), (16, 8), (15, 8), (14, 8), (13, 8), (12, 8), (11, 8), (11, 7), (11, 6), (10, 6), (9, 6), (8, 6), (7, 6), (6, 6), (6, 5), (5, 5), (4, 5), (3, 5), (2, 5), (1, 5), (1, 4), (1, 3), (2, 3), (3, 3), (4, 3), (5, 3), (6, 3), (7, 3), (8, 3), (8, 4), (9, 4), (10, 4), (11, 4), (12, 4), (13, 4), (13, 5), (13, 6), (14, 6), (15, 6), (16, 6), (17, 6), (18, 6), (19, 6), (19, 7), (20, 7), (21, 7), (22, 7), (23, 7), (24, 7), (24, 6), (24, 5), (23, 5), (22, 5), (21, 5), (21, 4), (20, 4), (19, 4), (19, 5), (18, 4), (17, 4), (16, 4), (15, 4), (15, 3), (15, 2), (16, 2), (17, 2), (18, 2)]",233,0,233
247,"(20, 2)","(19, 2)",East,"[(21, 2) via East]","[(20, 2), (14, 2), (19, 5), (13, 12), (13, 12), (3, 10), (19, 12), (19, 11), (26, 2), (31, 3), (30, 3), (29, 6), (29, 10), (33, 16)]","[(21, 2), (14, 2), (19, 5), (13, 12), (13, 12), (3, 10), (19, 12), (19, 11), (26, 2), (31, 3), (30, 3), (29, 6), (29, 10), (33, 16)]","[(34, 16), (34, 15), (34, 14), (33, 14), (32, 14), (31, 14), (30, 14), (30, 13), (30, 12), (31, 12), (32, 12), (33, 12), (34, 12), (34, 11), (34, 10), (33, 10), (32, 10), (31, 10), (30, 10), (30, 9), (30, 8), (31, 8), (32, 8), (33, 8), (34, 8), (34, 7), (34, 6), (33, 6), (32, 6), (31, 6), (30, 6), (30, 5), (30, 4), (31, 4), (32, 4), (33, 4), (34, 4), (34, 3), (34, 2), (34, 1), (33, 1), (32, 1), (31, 1), (30, 1), (29, 1), (28, 1), (27, 1), (27, 2), (27, 3), (27, 4), (27, 5), (27, 6), (27, 7), (27, 8), (27, 9), (26, 9), (25, 9), (24, 9), (23, 9), (22, 9), (21, 9), (20, 9), (20, 10), (20, 11), (20, 12), (21, 12), (22, 12), (23, 12), (24, 12), (24, 11), (25, 11), (26, 11), (27, 11), (27, 12), (27, 13), (27, 14), (26, 14), (25, 14), (25, 15), (25, 16), (26, 16), (27, 16), (28, 16), (29, 16), (30, 16), (31, 16), (32, 16), (33, 16), (24, 16), (23, 16), (22, 16), (21, 16), (20, 16), (19, 16), (18, 16), (17, 16), (16, 16), (15, 16), (14, 16), (13, 16), (12, 16), (11, 16), (10, 16), (9, 16), (8, 16), (7, 16), (6, 16), (5, 16), (4, 16), (3, 16), (2, 16), (1, 16), (1, 15), (1, 14), (1, 13), (1, 12), (1, 11), (1, 10), (1, 9), (1, 8), (1, 7), (2, 7), (3, 7), (4, 7), (4, 8), (4, 9), (4, 10), (4, 11), (4, 12), (4, 13), (4, 14), (5, 14), (6, 14), (6, 13), (6, 12), (6, 11), (6, 10), (6, 9), (6, 8), (7, 8), (8, 8), (8, 9), (8, 10), (8, 11), (8, 12), (8, 13), (8, 14), (9, 14), (10, 14), (10, 13), (10, 12), (10, 11), (10, 10), (11, 10), (12, 10), (12, 11), (12, 12), (12, 13), (12, 14), (13, 14), (14, 14), (15, 14), (16, 14), (17, 14), (17, 13), (17, 12), (18, 12), (19, 12), (19, 11), (16, 12), (15, 12), (14, 12), (14, 11), (14, 10), (15, 10), (16, 10), (17, 10), (17, 9), (17, 8), (16, 8), (15, 8), (14, 8), (13, 8), (12, 8), (11, 8), (11, 7), (11, 6), (10, 6), (9, 6), (8, 6), (7, 6), (6, 6), (6, 5), (5, 5), (4, 5), (3, 5), (2, 5), (1, 5), (1, 4), (1, 3), (2, 3), (3, 3), (4, 3), (5, 3), (6, 3), (7, 3), (8, 3), (8, 4), (9, 4), (10, 4), (11, 4), (12, 4), (13, 4), (13, 5), (13, 6), (14, 6), (15, 6), (16, 6), (17, 6), (18, 6), (19, 6), (19, 7), (20, 7), (21, 7), (22, 7), (23, 7), (24, 7), (24, 6), (24, 5), (23, 5), (22, 5), (21, 5), (21, 4), (20, 4), (19, 4), (19, 5), (18, 4), (17, 4), (16, 4), (15, 4), (15, 3), (15, 2), (16, 2), (17, 2), (18, 2), (19, 2)]",234,0,234
248,"(21, 2)","(20, 2)",East,"[(22, 2) via East]","[(21, 2), (14, 2), (19, 5), (13, 12), (13, 12), (3, 10), (19, 12), (19, 11), (26, 2), (31, 3), (30, 3), (29, 6), (29, 10), (33, 16)]","[(22, 2), (14, 2), (19, 5), (13, 12), (13, 12), (3, 10), (19, 12), (19, 11), (26, 2), (31, 3), (30, 3), (29, 6), (29, 10), (33, 16)]","[(34, 16), (34, 15), (34, 14), (33, 14), (32, 14), (31, 14), (30, 14), (30, 13), (30, 12), (31, 12), (32, 12), (33, 12), (34, 12), (34, 11), (34, 10), (33, 10), (32, 10), (31, 10), (30, 10), (30, 9), (30, 8), (31, 8), (32, 8), (33, 8), (34, 8), (34, 7), (34, 6), (33, 6), (32, 6), (31, 6), (30, 6), (30, 5), (30, 4), (31, 4), (32, 4), (33, 4), (34, 4), (34, 3), (34, 2), (34, 1), (33, 1), (32, 1), (31, 1), (30, 1), (29, 1), (28, 1), (27, 1), (27, 2), (27, 3), (27, 4), (27, 5), (27, 6), (27, 7), (27, 8), (27, 9), (26, 9), (25, 9), (24, 9), (23, 9), (22, 9), (21, 9), (20, 9), (20, 10), (20, 11), (20, 12), (21, 12), (22, 12), (23, 12), (24, 12), (24, 11), (25, 11), (26, 11), (27, 11), (27, 12), (27, 13), (27, 14), (26, 14), (25, 14), (25, 15), (25, 16), (26, 16), (27, 16), (28, 16), (29, 16), (30, 16), (31, 16), (32, 16), (33, 16), (24, 16), (23, 16), (22, 16), (21, 16), (20, 16), (19, 16), (18, 16), (17, 16), (16, 16), (15, 16), (14, 16), (13, 16), (12, 16), (11, 16), (10, 16), (9, 16), (8, 16), (7, 16), (6, 16), (5, 16), (4, 16), (3, 16), (2, 16), (1, 16), (1, 15), (1, 14), (1, 13), (1, 12), (1, 11), (1, 10), (1, 9), (1, 8), (1, 7), (2, 7), (3, 7), (4, 7), (4, 8), (4, 9), (4, 10), (4, 11), (4, 12), (4, 13), (4, 14), (5, 14), (6, 14), (6, 13), (6, 12), (6, 11), (6, 10), (6, 9), (6, 8), (7, 8), (8, 8), (8, 9), (8, 10), (8, 11), (8, 12), (8, 13), (8, 14), (9, 14), (10, 14), (10, 13), (10, 12), (10, 11), (10, 10), (11, 10), (12, 10), (12, 11), (12, 12), (12, 13), (12, 14), (13, 14), (14, 14), (15, 14), (16, 14), (17, 14), (17, 13), (17, 12), (18, 12), (19, 12), (19, 11), (16, 12), (15, 12), (14, 12), (14, 11), (14, 10), (15, 10), (16, 10), (17, 10), (17, 9), (17, 8), (16, 8), (15, 8), (14, 8), (13, 8), (12, 8), (11, 8), (11, 7), (11, 6), (10, 6), (9, 6), (8, 6), (7, 6), (6, 6), (6, 5), (5, 5), (4, 5), (3, 5), (2, 5), (1, 5), (1, 4), (1, 3), (2, 3), (3, 3), (4, 3), (5, 3), (6, 3), (7, 3), (8, 3), (8, 4), (9, 4), (10, 4), (11, 4), (12, 4), (13, 4), (13, 5), (13, 6), (14, 6), (15, 6), (16, 6), (17, 6), (18, 6), (19, 6), (19, 7), (20, 7), (21, 7), (22, 7), (23, 7), (24, 7), (24, 6), (24, 5), (23, 5), (22, 5), (21, 5), (21, 4), (20, 4), (19, 4), (19, 5), (18, 4), (17, 4), (16, 4), (15, 4), (15, 3), (15, 2), (16, 2), (17, 2), (18, 2), (19, 2), (20, 2)]",235,0,235
249,"(22, 2)","(21, 2)",East,"[(23, 2) via East]","[(22, 2), (14, 2), (19, 5), (13, 12), (13, 12), (3, 10), (19, 12), (19, 11), (26, 2), (31, 3), (30, 3), (29, 6), (29, 10), (33, 16)]","[(23, 2), (14, 2), (19, 5), (13, 12), (13, 12), (3, 10), (19, 12), (19, 11), (26, 2), (31, 3), (30, 3), (29, 6), (29, 10), (33, 16)]","[(34, 16), (34, 15), (34, 14), (33, 14), (32, 14), (31, 14), (30, 14), (30, 13), (30, 12), (31, 12), (32, 12), (33, 12), (34, 12), (34, 11), (34, 10), (33, 10), (32, 10), (31, 10), (30, 10), (30, 9), (30, 8), (31, 8), (32, 8), (33, 8), (34, 8), (34, 7), (34, 6), (33, 6), (32, 6), (31, 6), (30, 6), (30, 5), (30, 4), (31, 4), (32, 4), (33, 4), (34, 4), (34, 3), (34, 2), (34, 1), (33, 1), (32, 1), (31, 1), (30, 1), (29, 1), (28, 1), (27, 1), (27, 2), (27, 3), (27, 4), (27, 5), (27, 6), (27, 7), (27, 8), (27, 9), (26, 9), (25, 9), (24, 9), (23, 9), (22, 9), (21, 9), (20, 9), (20, 10), (20, 11), (20, 12), (21, 12), (22, 12), (23, 12), (24, 12), (24, 11), (25, 11), (26, 11), (27, 11), (27, 12), (27, 13), (27, 14), (26, 14), (25, 14), (25, 15), (25, 16), (26, 16), (27, 16), (28, 16), (29, 16), (30, 16), (31, 16), (32, 16), (33, 16), (24, 16), (23, 16), (22, 16), (21, 16), (20, 16), (19, 16), (18, 16), (17, 16), (16, 16), (15, 16), (14, 16), (13, 16), (12, 16), (11, 16), (10, 16), (9, 16), (8, 16), (7, 16), (6, 16), (5, 16), (4, 16), (3, 16), (2, 16), (1, 16), (1, 15), (1, 14), (1, 13), (1, 12), (1, 11), (1, 10), (1, 9), (1, 8), (1, 7), (2, 7), (3, 7), (4, 7), (4, 8), (4, 9), (4, 10), (4, 11), (4, 12), (4, 13), (4, 14), (5, 14), (6, 14), (6, 13), (6, 12), (6, 11), (6, 10), (6, 9), (6, 8), (7, 8), (8, 8), (8, 9), (8, 10), (8, 11), (8, 12), (8, 13), (8, 14), (9, 14), (10, 14), (10, 13), (10, 12), (10, 11), (10, 10), (11, 10), (12, 10), (12, 11), (12, 12), (12, 13), (12, 14), (13, 14), (14, 14), (15, 14), (16, 14), (17, 14), (17, 13), (17, 12), (18, 12), (19, 12), (19, 11), (16, 12), (15, 12), (14, 12), (14, 11), (14, 10), (15, 10), (16, 10), (17, 10), (17, 9), (17, 8), (16, 8), (15, 8), (14, 8), (13, 8), (12, 8), (11, 8), (11, 7), (11, 6), (10, 6), (9, 6), (8, 6), (7, 6), (6, 6), (6, 5), (5, 5), (4, 5), (3, 5), (2, 5), (1, 5), (1, 4), (1, 3), (2, 3), (3, 3), (4, 3), (5, 3), (6, 3), (7, 3), (8, 3), (8, 4), (9, 4), (10, 4), (11, 4), (12, 4), (13, 4), (13, 5), (13, 6), (14, 6), (15, 6), (16, 6), (17, 6), (18, 6), (19, 6), (19, 7), (20, 7), (21, 7), (22, 7), (23, 7), (24, 7), (24, 6), (24, 5), (23, 5), (22, 5), (21, 5), (21, 4), (20, 4), (19, 4), (19, 5), (18, 4), (17, 4), (16, 4), (15, 4), (15, 3), (15, 2), (16, 2), (17, 2), (18, 2), (19, 2), (20, 2), (21, 2)]",236,0,236
250,"(23, 2)","(22, 2)",East,"[(24, 2) via East]","[(23, 2), (14, 2), (19, 5), (13, 12), (13, 12), (3, 10), (19, 12), (19, 11), (26, 2), (31, 3), (30, 3), (29, 6), (29, 10), (33, 16)]","[(24, 2), (14, 2), (19, 5), (13, 12), (13, 12), (3, 10), (19, 12), (19, 11), (26, 2), (31, 3), (30, 3), (29, 6), (29, 10), (33, 16)]","[(34, 16), (34, 15), (34, 14), (33, 14), (32, 14), (31, 14), (30, 14), (30, 13), (30, 12), (31, 12), (32, 12), (33, 12), (34, 12), (34, 11), (34, 10), (33, 10), (32, 10), (31, 10), (30, 10), (30, 9), (30, 8), (31, 8), (32, 8), (33, 8), (34, 8), (34, 7), (34, 6), (33, 6), (32, 6), (31, 6), (30, 6), (30, 5), (30, 4), (31, 4), (32, 4), (33, 4), (34, 4), (34, 3), (34, 2), (34, 1), (33, 1), (32, 1), (31, 1), (30, 1), (29, 1), (28, 1), (27, 1), (27, 2), (27, 3), (27, 4), (27, 5), (27, 6), (27, 7), (27, 8), (27, 9), (26, 9), (25, 9), (24, 9), (23, 9), (22, 9), (21, 9), (20, 9), (20, 10), (20, 11), (20, 12), (21, 12), (22, 12), (23, 12), (24, 12), (24, 11), (25, 11), (26, 11), (27, 11), (27, 12), (27, 13), (27, 14), (26, 14), (25, 14), (25, 15), (25, 16), (26, 16), (27, 16), (28, 16), (29, 16), (30, 16), (31, 16), (32, 16), (33, 16), (24, 16), (23, 16), (22, 16), (21, 16), (20, 16), (19, 16), (18, 16), (17, 16), (16, 16), (15, 16), (14, 16), (13, 16), (12, 16), (11, 16), (10, 16), (9, 16), (8, 16), (7, 16), (6, 16), (5, 16), (4, 16), (3, 16), (2, 16), (1, 16), (1, 15), (1, 14), (1, 13), (1, 12), (1, 11), (1, 10), (1, 9), (1, 8), (1, 7), (2, 7), (3, 7), (4, 7), (4, 8), (4, 9), (4, 10), (4, 11), (4, 12), (4, 13), (4, 14), (5, 14), (6, 14), (6, 13), (6, 12), (6, 11), (6, 10), (6, 9), (6, 8), (7, 8), (8, 8), (8, 9), (8, 10), (8, 11), (8, 12), (8, 13), (8, 14), (9, 14), (10, 14), (10, 13), (10, 12), (10, 11), (10, 10), (11, 10), (12, 10), (12, 11), (12, 12), (12, 13), (12, 14), (13, 14), (14, 14), (15, 14), (16, 14), (17, 14), (17, 13), (17, 12), (18, 12), (19, 12), (19, 11), (16, 12), (15, 12), (14, 12), (14, 11), (14, 10), (15, 10), (16, 10), (17, 10), (17, 9), (17, 8), (16, 8), (15, 8), (14, 8), (13, 8), (12, 8), (11, 8), (11, 7), (11, 6), (10, 6), (9, 6), (8, 6), (7, 6), (6, 6), (6, 5), (5, 5), (4, 5), (3, 5), (2, 5), (1, 5), (1, 4), (1, 3), (2, 3), (3, 3), (4, 3), (5, 3), (6, 3), (7, 3), (8, 3), (8, 4), (9, 4), (10, 4), (11, 4), (12, 4), (13, 4), (13, 5), (13, 6), (14, 6), (15, 6), (16, 6), (17, 6), (18, 6), (19, 6), (19, 7), (20, 7), (21, 7), (22, 7), (23, 7), (24, 7), (24, 6), (24, 5), (23, 5), (22, 5), (21, 5), (21, 4), (20, 4), (19, 4), (19, 5), (18, 4), (17, 4), (16, 4), (15, 4), (15, 3), (15, 2), (16, 2), (17, 2), (18, 2), (19, 2), (20, 2), (21, 2), (22, 2)]",237,0,237
251,"(24, 2)","(23, 2)",East,"[(25, 2) via East]","[(24, 2), (14, 2), (19, 5), (13, 12), (13, 12), (3, 10), (19, 12), (19, 11), (26, 2), (31, 3), (30, 3), (29, 6), (29, 10), (33, 16)]","[(25, 2), (14, 2), (19, 5), (13, 12), (13, 12), (3, 10), (19, 12), (19, 11), (26, 2), (31, 3), (30, 3), (29, 6), (29, 10), (33, 16)]","[(34, 16), (34, 15), (34, 14), (33, 14), (32, 14), (31, 14), (30, 14), (30, 13), (30, 12), (31, 12), (32, 12), (33, 12), (34, 12), (34, 11), (34, 10), (33, 10), (32, 10), (31, 10), (30, 10), (30, 9), (30, 8), (31, 8), (32, 8), (33, 8), (34, 8), (34, 7), (34, 6), (33, 6), (32, 6), (31, 6), (30, 6), (30, 5), (30, 4), (31, 4), (32, 4), (33, 4), (34, 4), (34, 3), (34, 2), (34, 1), (33, 1), (32, 1), (31, 1), (30, 1), (29, 1), (28, 1), (27, 1), (27, 2), (27, 3), (27, 4), (27, 5), (27, 6), (27, 7), (27, 8), (27, 9), (26, 9), (25, 9), (24, 9), (23, 9), (22, 9), (21, 9), (20, 9), (20, 10), (20, 11), (20, 12), (21, 12), (22, 12), (23, 12), (24, 12), (24, 11), (25, 11), (26, 11), (27, 11), (27, 12), (27, 13), (27, 14), (26, 14), (25, 14), (25, 15), (25, 16), (26, 16), (27, 16), (28, 16), (29, 16), (30, 16), (31, 16), (32, 16), (33, 16), (24, 16), (23, 16), (22, 16), (21, 16), (20, 16), (19, 16), (18, 16), (17, 16), (16, 16), (15, 16), (14, 16), (13, 16), (12, 16), (11, 16), (10, 16), (9, 16), (8, 16), (7, 16), (6, 16), (5, 16), (4, 16), (3, 16), (2, 16), (1, 16), (1, 15), (1, 14), (1, 13), (1, 12), (1, 11), (1, 10), (1, 9), (1, 8), (1, 7), (2, 7), (3, 7), (4, 7), (4, 8), (4, 9), (4, 10), (4, 11), (4, 12), (4, 13), (4, 14), (5, 14), (6, 14), (6, 13), (6, 12), (6, 11), (6, 10), (6, 9), (6, 8), (7, 8), (8, 8), (8, 9), (8, 10), (8, 11), (8, 12), (8, 13), (8, 14), (9, 14), (10, 14), (10, 13), (10, 12), (10, 11), (10, 10), (11, 10), (12, 10), (12, 11), (12, 12), (12, 13), (12, 14), (13, 14), (14, 14), (15, 14), (16, 14), (17, 14), (17, 13), (17, 12), (18, 12), (19, 12), (19, 11), (16, 12), (15, 12), (14, 12), (14, 11), (14, 10), (15, 10), (16, 10), (17, 10), (17, 9), (17, 8), (16, 8), (15, 8), (14, 8), (13, 8), (12, 8), (11, 8), (11, 7), (11, 6), (10, 6), (9, 6), (8, 6), (7, 6), (6, 6), (6, 5), (5, 5), (4, 5), (3, 5), (2, 5), (1, 5), (1, 4), (1, 3), (2, 3), (3, 3), (4, 3), (5, 3), (6, 3), (7, 3), (8, 3), (8, 4), (9, 4), (10, 4), (11, 4), (12, 4), (13, 4), (13, 5), (13, 6), (14, 6), (15, 6), (16, 6), (17, 6), (18, 6), (19, 6), (19, 7), (20, 7), (21, 7), (22, 7), (23, 7), (24, 7), (24, 6), (24, 5), (23, 5), (22, 5), (21, 5), (21, 4), (20, 4), (19, 4), (19, 5), (18, 4), (17, 4), (16, 4), (15, 4), (15, 3), (15, 2), (16, 2), (17, 2), (18, 2), (19, 2), (20, 2), (21, 2), (22, 2), (23, 2)]",238,0,238
252,"(25, 2)","(24, 2)",East,"[(26, 2) via East]","[(25, 2), (14, 2), (19, 5), (13, 12), (13, 12), (3, 10), (19, 12), (19, 11), (26, 2), (31, 3), (30, 3), (29, 6), (29, 10), (33, 16)]","[(26, 2), (14, 2), (19, 5), (13, 12), (13, 12), (3, 10), (19, 12), (19, 11), (26, 2), (31, 3), (30, 3), (29, 6), (29, 10), (33, 16)]","[(34, 16), (34, 15), (34, 14), (33, 14), (32, 14), (31, 14), (30, 14), (30, 13), (30, 12), (31, 12), (32, 12), (33, 12), (34, 12), (34, 11), (34, 10), (33, 10), (32, 10), (31, 10), (30, 10), (30, 9), (30, 8), (31, 8), (32, 8), (33, 8), (34, 8), (34, 7), (34, 6), (33, 6), (32, 6), (31, 6), (30, 6), (30, 5), (30, 4), (31, 4), (32, 4), (33, 4), (34, 4), (34, 3), (34, 2), (34, 1), (33, 1), (32, 1), (31, 1), (30, 1), (29, 1), (28, 1), (27, 1), (27, 2), (27, 3), (27, 4), (27, 5), (27, 6), (27, 7), (27, 8), (27, 9), (26, 9), (25, 9), (24, 9), (23, 9), (22, 9), (21, 9), (20, 9), (20, 10), (20, 11), (20, 12), (21, 12), (22, 12), (23, 12), (24, 12), (24, 11), (25, 11), (26, 11), (27, 11), (27, 12), (27, 13), (27, 14), (26, 14), (25, 14), (25, 15), (25, 16), (26, 16), (27, 16), (28, 16), (29, 16), (30, 16), (31, 16), (32, 16), (33, 16), (24, 16), (23, 16), (22, 16), (21, 16), (20, 16), (19, 16), (18, 16), (17, 16), (16, 16), (15, 16), (14, 16), (13, 16), (12, 16), (11, 16), (10, 16), (9, 16), (8, 16), (7, 16), (6, 16), (5, 16), (4, 16), (3, 16), (2, 16), (1, 16), (1, 15), (1, 14), (1, 13), (1, 12), (1, 11), (1, 10), (1, 9), (1, 8), (1, 7), (2, 7), (3, 7), (4, 7), (4, 8), (4, 9), (4, 10), (4, 11), (4, 12), (4, 13), (4, 14), (5, 14), (6, 14), (6, 13), (6, 12), (6, 11), (6, 10), (6, 9), (6, 8), (7, 8), (8, 8), (8, 9), (8, 10), (8, 11), (8, 12), (8, 13), (8, 14), (9, 14), (10, 14), (10, 13), (10, 12), (10, 11), (10, 10), (11, 10), (12, 10), (12, 11), (12, 12), (12, 13), (12, 14), (13, 14), (14, 14), (15, 14), (16, 14), (17, 14), (17, 13), (17, 12), (18, 12), (19, 12), (19, 11), (16, 12), (15, 12), (14, 12), (14, 11), (14, 10), (15, 10), (16, 10), (17, 10), (17, 9), (17, 8), (16, 8), (15, 8), (14, 8), (13, 8), (12, 8), (11, 8), (11, 7), (11, 6), (10, 6), (9, 6), (8, 6), (7, 6), (6, 6), (6, 5), (5, 5), (4, 5), (3, 5), (2, 5), (1, 5), (1, 4), (1, 3), (2, 3), (3, 3), (4, 3), (5, 3), (6, 3), (7, 3), (8, 3), (8, 4), (9, 4), (10, 4), (11, 4), (12, 4), (13, 4), (13, 5), (13, 6), (14, 6), (15, 6), (16, 6), (17, 6), (18, 6), (19, 6), (19, 7), (20, 7), (21, 7), (22, 7), (23, 7), (24, 7), (24, 6), (24, 5), (23, 5), (22, 5), (21, 5), (21, 4), (20, 4), (19, 4), (19, 5), (18, 4), (17, 4), (16, 4), (15, 4), (15, 3), (15, 2), (16, 2), (17, 2), (18, 2), (19, 2), (20, 2), (21, 2), (22, 2), (23, 2), (24, 2)]",239,0,239
253,"(26, 2)","(25, 2)",East,[],"[(26, 2), (14, 2), (19, 5), (13, 12), (13, 12), (3, 10), (19, 12), (19, 11), (26, 2), (31, 3), (30, 3), (29, 6), (29, 10), (33, 16)]","[(14, 2), (19, 5), (13, 12), (13, 12), (3, 10), (19, 12), (19, 11), (26, 2), (31, 3), (30, 3), (29, 6), (29, 10), (33, 16)]","[(34, 16), (34, 15), (34, 14), (33, 14), (32, 14), (31, 14), (30, 14), (30, 13), (30, 12), (31, 12), (32, 12), (33, 12), (34, 12), (34, 11), (34, 10), (33, 10), (32, 10), (31, 10), (30, 10), (30, 9), (30, 8), (31, 8), (32, 8), (33, 8), (34, 8), (34, 7), (34, 6), (33, 6), (32, 6), (31, 6), (30, 6), (30, 5), (30, 4), (31, 4), (32, 4), (33, 4), (34, 4), (34, 3), (34, 2), (34, 1), (33, 1), (32, 1), (31, 1), (30, 1), (29, 1), (28, 1), (27, 1), (27, 2), (27, 3), (27, 4), (27, 5), (27, 6), (27, 7), (27, 8), (27, 9), (26, 9), (25, 9), (24, 9), (23, 9), (22, 9), (21, 9), (20, 9), (20, 10), (20, 11), (20, 12), (21, 12), (22, 12), (23, 12), (24, 12), (24, 11), (25, 11), (26, 11), (27, 11), (27, 12), (27, 13), (27, 14), (26, 14), (25, 14), (25, 15), (25, 16), (26, 16), (27, 16), (28, 16), (29, 16), (30, 16), (31, 16), (32, 16), (33, 16), (24, 16), (23, 16), (22, 16), (21, 16), (20, 16), (19, 16), (18, 16), (17, 16), (16, 16), (15, 16), (14, 16), (13, 16), (12, 16), (11, 16), (10, 16), (9, 16), (8, 16), (7, 16), (6, 16), (5, 16), (4, 16), (3, 16), (2, 16), (1, 16), (1, 15), (1, 14), (1, 13), (1, 12), (1, 11), (1, 10), (1, 9), (1, 8), (1, 7), (2, 7), (3, 7), (4, 7), (4, 8), (4, 9), (4, 10), (4, 11), (4, 12), (4, 13), (4, 14), (5, 14), (6, 14), (6, 13), (6, 12), (6, 11), (6, 10), (6, 9), (6, 8), (7, 8), (8, 8), (8, 9), (8, 10), (8, 11), (8, 12), (8, 13), (8, 14), (9, 14), (10, 14), (10, 13), (10, 12), (10, 11), (10, 10), (11, 10), (12, 10), (12, 11), (12, 12), (12, 13), (12, 14), (13, 14), (14, 14), (15, 14), (16, 14), (17, 14), (17, 13), (17, 12), (18, 12), (19, 12), (19, 11), (16, 12), (15, 12), (14, 12), (14, 11), (14, 10), (15, 10), (16, 10), (17, 10), (17, 9), (17, 8), (16, 8), (15, 8), (14, 8), (13, 8), (12, 8), (11, 8), (11, 7), (11, 6), (10, 6), (9, 6), (8, 6), (7, 6), (6, 6), (6, 5), (5, 5), (4, 5), (3, 5), (2, 5), (1, 5), (1, 4), (1, 3), (2, 3), (3, 3), (4, 3), (5, 3), (6, 3), (7, 3), (8, 3), (8, 4), (9, 4), (10, 4), (11, 4), (12, 4), (13, 4), (13, 5), (13, 6), (14, 6), (15, 6), (16, 6), (17, 6), (18, 6), (19, 6), (19, 7), (20, 7), (21, 7), (22, 7), (23, 7), (24, 7), (24, 6), (24, 5), (23, 5), (22, 5), (21, 5), (21, 4), (20, 4), (19, 4), (19, 5), (18, 4), (17, 4), (16, 4), (15, 4), (15, 3), (15, 2), (16, 2), (17, 2), (18, 2), (19, 2), (20, 2), (21, 2), (22, 2), (23, 2), (24, 2), (25, 2)]",240,0,240
254,"(14, 2)","(15, 2)",West,"[(13, 2) via West]","[(14, 2), (19, 5), (13, 12), (13, 12), (3, 10), (19, 12), (19, 11), (26, 2), (31, 3), (30, 3), (29, 6), (29, 10), (33, 16)]","[(13, 2), (19, 5), (13, 12), (13, 12), (3, 10), (19, 12), (19, 11), (26, 2), (31, 3), (30, 3), (29, 6), (29, 10), (33, 16)]","[(34, 16), (34, 15), (34, 14), (33, 14), (32, 14), (31, 14), (30, 14), (30, 13), (30, 12), (31, 12), (32, 12), (33, 12), (34, 12), (34, 11), (34, 10), (33, 10), (32, 10), (31, 10), (30, 10), (30, 9), (30, 8), (31, 8), (32, 8), (33, 8), (34, 8), (34, 7), (34, 6), (33, 6), (32, 6), (31, 6), (30, 6), (30, 5), (30, 4), (31, 4), (32, 4), (33, 4), (34, 4), (34, 3), (34, 2), (34, 1), (33, 1), (32, 1), (31, 1), (30, 1), (29, 1), (28, 1), (27, 1), (27, 2), (27, 3), (27, 4), (27, 5), (27, 6), (27, 7), (27, 8), (27, 9), (26, 9), (25, 9), (24, 9), (23, 9), (22, 9), (21, 9), (20, 9), (20, 10), (20, 11), (20, 12), (21, 12), (22, 12), (23, 12), (24, 12), (24, 11), (25, 11), (26, 11), (27, 11), (27, 12), (27, 13), (27, 14), (26, 14), (25, 14), (25, 15), (25, 16), (26, 16), (27, 16), (28, 16), (29, 16), (30, 16), (31, 16), (32, 16), (33, 16), (24, 16), (23, 16), (22, 16), (21, 16), (20, 16), (19, 16), (18, 16), (17, 16), (16, 16), (15, 16), (14, 16), (13, 16), (12, 16), (11, 16), (10, 16), (9, 16), (8, 16), (7, 16), (6, 16), (5, 16), (4, 16), (3, 16), (2, 16), (1, 16), (1, 15), (1, 14), (1, 13), (1, 12), (1, 11), (1, 10), (1, 9), (1, 8), (1, 7), (2, 7), (3, 7), (4, 7), (4, 8), (4, 9), (4, 10), (4, 11), (4, 12), (4, 13), (4, 14), (5, 14), (6, 14), (6, 13), (6, 12), (6, 11), (6, 10), (6, 9), (6, 8), (7, 8), (8, 8), (8, 9), (8, 10), (8, 11), (8, 12), (8, 13), (8, 14), (9, 14), (10, 14), (10, 13), (10, 12), (10, 11), (10, 10), (11, 10), (12, 10), (12, 11), (12, 12), (12, 13), (12, 14), (13, 14), (14, 14), (15, 14), (16, 14), (17, 14), (17, 13), (17, 12), (18, 12), (19, 12), (19, 11), (16, 12), (15, 12), (14, 12), (14, 11), (14, 10), (15, 10), (16, 10), (17, 10), (17, 9), (17, 8), (16, 8), (15, 8), (14, 8), (13, 8), (12, 8), (11, 8), (11, 7), (11, 6), (10, 6), (9, 6), (8, 6), (7, 6), (6, 6), (6, 5), (5, 5), (4, 5), (3, 5), (2, 5), (1, 5), (1, 4), (1, 3), (2, 3), (3, 3), (4, 3), (5, 3), (6, 3), (7, 3), (8, 3), (8, 4), (9, 4), (10, 4), (11, 4), (12, 4), (13, 4), (13, 5), (13, 6), (14, 6), (15, 6), (16, 6), (17, 6), (18, 6), (19, 6), (19, 7), (20, 7), (21, 7), (22, 7), (23, 7), (24, 7), (24, 6), (24, 5), (23, 5), (22, 5), (21, 5), (21, 4), (20, 4), (19, 4), (19, 5), (18, 4), (17, 4), (16, 4), (15, 4), (15, 3), (15, 2), (16, 2), (17, 2), (18, 2), (19, 2), (20, 2), (21, 2), (22, 2), (23, 2), (24, 2), (25, 2), (26, 2)]",230,0,230
255,"(13, 2)","(14, 2)",West,"[(12, 2) via West]","[(13, 2), (19, 5), (13, 12), (13, 12), (3, 10), (19, 12), (19, 11), (26, 2), (31, 3), (30, 3), (29, 6), (29, 10), (33, 16)]","[(12, 2), (19, 5), (13, 12), (13, 12), (3, 10), (19, 12), (19, 11), (26, 2), (31, 3), (30, 3), (29, 6), (29, 10), (33, 16)]","[(34, 16), (34, 15), (34, 14), (33, 14), (32, 14), (31, 14), (30, 14), (30, 13), (30, 12), (31, 12), (32, 12), (33, 12), (34, 12), (34, 11), (34, 10), (33, 10), (32, 10), (31, 10), (30, 10), (30, 9), (30, 8), (31, 8), (32, 8), (33, 8), (34, 8), (34, 7), (34, 6), (33, 6), (32, 6), (31, 6), (30, 6), (30, 5), (30, 4), (31, 4), (32, 4), (33, 4), (34, 4), (34, 3), (34, 2), (34, 1), (33, 1), (32, 1), (31, 1), (30, 1), (29, 1), (28, 1), (27, 1), (27, 2), (27, 3), (27, 4), (27, 5), (27, 6), (27, 7), (27, 8), (27, 9), (26, 9), (25, 9), (24, 9), (23, 9), (22, 9), (21, 9), (20, 9), (20, 10), (20, 11), (20, 12), (21, 12), (22, 12), (23, 12), (24, 12), (24, 11), (25, 11), (26, 11), (27, 11), (27, 12), (27, 13), (27, 14), (26, 14), (25, 14), (25, 15), (25, 16), (26, 16), (27, 16), (28, 16), (29, 16), (30, 16), (31, 16), (32, 16), (33, 16), (24, 16), (23, 16), (22, 16), (21, 16), (20, 16), (19, 16), (18, 16), (17, 16), (16, 16), (15, 16), (14, 16), (13, 16), (12, 16), (11, 16), (10, 16), (9, 16), (8, 16), (7, 16), (6, 16), (5, 16), (4, 16), (3, 16), (2, 16), (1, 16), (1, 15), (1, 14), (1, 13), (1, 12), (1, 11), (1, 10), (1, 9), (1, 8), (1, 7), (2, 7), (3, 7), (4, 7), (4, 8), (4, 9), (4, 10), (4, 11), (4, 12), (4, 13), (4, 14), (5, 14), (6, 14), (6, 13), (6, 12), (6, 11), (6, 10), (6, 9), (6, 8), (7, 8), (8, 8), (8, 9), (8, 10), (8, 11), (8, 12), (8, 13), (8, 14), (9, 14), (10, 14), (10, 13), (10, 12), (10, 11), (10, 10), (11, 10), (12, 10), (12, 11), (12, 12), (12, 13), (12, 14), (13, 14), (14, 14), (15, 14), (16, 14), (17, 14), (17, 13), (17, 12), (18, 12), (19, 12), (19, 11), (16, 12), (15, 12), (14, 12), (14, 11), (14, 10), (15, 10), (16, 10), (17, 10), (17, 9), (17, 8), (16, 8), (15, 8), (14, 8), (13, 8), (12, 8), (11, 8), (11, 7), (11, 6), (10, 6), (9, 6), (8, 6), (7, 6), (6, 6), (6, 5), (5, 5), (4, 5), (3, 5), (2, 5), (1, 5), (1, 4), (1, 3), (2, 3), (3, 3), (4, 3), (5, 3), (6, 3), (7, 3), (8, 3), (8, 4), (9, 4), (10, 4), (11, 4), (12, 4), (13, 4), (13, 5), (13, 6), (14, 6), (15, 6), (16, 6), (17, 6), (18, 6), (19, 6), (19, 7), (20, 7), (21, 7), (22, 7), (23, 7), (24, 7), (24, 6), (24, 5), (23, 5), (22, 5), (21, 5), (21, 4), (20, 4), (19, 4), (19, 5), (18, 4), (17, 4), (16, 4), (15, 4), (15, 3), (15, 2), (16, 2), (17, 2), (18, 2), (19, 2), (20, 2), (21, 2), (22, 2), (23, 2), (24, 2), (25, 2), (26, 2), (14, 2)]",231,0,231
256,"(12, 2)","(13, 2)",West,"[(11, 2) via West]","[(12, 2), (19, 5), (13, 12), (13, 12), (3, 10), (19, 12), (19, 11), (26, 2), (31, 3), (30, 3), (29, 6), (29, 10), (33, 16)]","[(11, 2), (19, 5), (13, 12), (13, 12), (3, 10), (19, 12), (19, 11), (26, 2), (31, 3), (30, 3), (29, 6), (29, 10), (33, 16)]","[(34, 16), (34, 15), (34, 14), (33, 14), (32, 14), (31, 14), (30, 14), (30, 13), (30, 12), (31, 12), (32, 12), (33, 12), (34, 12), (34, 11), (34, 10), (33, 10), (32, 10), (31, 10), (30, 10), (30, 9), (30, 8), (31, 8), (32, 8), (33, 8), (34, 8), (34, 7), (34, 6), (33, 6), (32, 6), (31, 6), (30, 6), (30, 5), (30, 4), (31, 4), (32, 4), (33, 4), (34, 4), (34, 3), (34, 2), (34, 1), (33, 1), (32, 1), (31, 1), (30, 1), (29, 1), (28, 1), (27, 1), (27, 2), (27, 3), (27, 4), (27, 5), (27, 6), (27, 7), (27, 8), (27, 9), (26, 9), (25, 9), (24, 9), (23, 9), (22, 9), (21, 9), (20, 9), (20, 10), (20, 11), (20, 12), (21, 12), (22, 12), (23, 12), (24, 12), (24, 11), (25, 11), (26, 11), (27, 11), (27, 12), (27, 13), (27, 14), (26, 14), (25, 14), (25, 15), (25, 16), (26, 16), (27, 16), (28, 16), (29, 16), (30, 16), (31, 16), (32, 16), (33, 16), (24, 16), (23, 16), (22, 16), (21, 16), (20, 16), (19, 16), (18, 16), (17, 16), (16, 16), (15, 16), (14, 16), (13, 16), (12, 16), (11, 16), (10, 16), (9, 16), (8, 16), (7, 16), (6, 16), (5, 16), (4, 16), (3, 16), (2, 16), (1, 16), (1, 15), (1, 14), (1, 13), (1, 12), (1, 11), (1, 10), (1, 9), (1, 8), (1, 7), (2, 7), (3, 7), (4, 7), (4, 8), (4, 9), (4, 10), (4, 11), (4, 12), (4, 13), (4, 14), (5, 14), (6, 14), (6, 13), (6, 12), (6, 11), (6, 10), (6, 9), (6, 8), (7, 8), (8, 8), (8, 9), (8, 10), (8, 11), (8, 12), (8, 13), (8, 14), (9, 14), (10, 14), (10, 13), (10, 12), (10, 11), (10, 10), (11, 10), (12, 10), (12, 11), (12, 12), (12, 13), (12, 14), (13, 14), (14, 14), (15, 14), (16, 14), (17, 14), (17, 13), (17, 12), (18, 12), (19, 12), (19, 11), (16, 12), (15, 12), (14, 12), (14, 11), (14, 10), (15, 10), (16, 10), (17, 10), (17, 9), (17, 8), (16, 8), (15, 8), (14, 8), (13, 8), (12, 8), (11, 8), (11, 7), (11, 6), (10, 6), (9, 6), (8, 6), (7, 6), (6, 6), (6, 5), (5, 5), (4, 5), (3, 5), (2, 5), (1, 5), (1, 4), (1, 3), (2, 3), (3, 3), (4, 3), (5, 3), (6, 3), (7, 3), (8, 3), (8, 4), (9, 4), (10, 4), (11, 4), (12, 4), (13, 4), (13, 5), (13, 6), (14, 6), (15, 6), (16, 6), (17, 6), (18, 6), (19, 6), (19, 7), (20, 7), (21, 7), (22, 7), (23, 7), (24, 7), (24, 6), (24, 5), (23, 5), (22, 5), (21, 5), (21, 4), (20, 4), (19, 4), (19, 5), (18, 4), (17, 4), (16, 4), (15, 4), (15, 3), (15, 2), (16, 2), (17, 2), (18, 2), (19, 2), (20, 2), (21, 2), (22, 2), (23, 2), (24, 2), (25, 2), (26, 2), (14, 2), (13, 2)]",232,0,232
257,"(11, 2)","(12, 2)",West,"[(10, 2) via West]","[(11, 2), (19, 5), (13, 12), (13, 12), (3, 10), (19, 12), (19, 11), (26, 2), (31, 3), (30, 3), (29, 6), (29, 10), (33, 16)]","[(10, 2), (19, 5), (13, 12), (13, 12), (3, 10), (19, 12), (19, 11), (26, 2), (31, 3), (30, 3), (29, 6), (29, 10), (33, 16)]","[(34, 16), (34, 15), (34, 14), (33, 14), (32, 14), (31, 14), (30, 14), (30, 13), (30, 12), (31, 12), (32, 12), (33, 12), (34, 12), (34, 11), (34, 10), (33, 10), (32, 10), (31, 10), (30, 10), (30, 9), (30, 8), (31, 8), (32, 8), (33, 8), (34, 8), (34, 7), (34, 6), (33, 6), (32, 6), (31, 6), (30, 6), (30, 5), (30, 4), (31, 4), (32, 4), (33, 4), (34, 4), (34, 3), (34, 2), (34, 1), (33, 1), (32, 1), (31, 1), (30, 1), (29, 1), (28, 1), (27, 1), (27, 2), (27, 3), (27, 4), (27, 5), (27, 6), (27, 7), (27, 8), (27, 9), (26, 9), (25, 9), (24, 9), (23, 9), (22, 9), (21, 9), (20, 9), (20, 10), (20, 11), (20, 12), (21, 12), (22, 12), (23, 12), (24, 12), (24, 11), (25, 11), (26, 11), (27, 11), (27, 12), (27, 13), (27, 14), (26, 14), (25, 14), (25, 15), (25, 16), (26, 16), (27, 16), (28, 16), (29, 16), (30, 16), (31, 16), (32, 16), (33, 16), (24, 16), (23, 16), (22, 16), (21, 16), (20, 16), (19, 16), (18, 16), (17, 16), (16, 16), (15, 16), (14, 16), (13, 16), (12, 16), (11, 16), (10, 16), (9, 16), (8, 16), (7, 16), (6, 16), (5, 16), (4, 16), (3, 16), (2, 16), (1, 16), (1, 15), (1, 14), (1, 13), (1, 12), (1, 11), (1, 10), (1, 9), (1, 8), (1, 7), (2, 7), (3, 7), (4, 7), (4, 8), (4, 9), (4, 10), (4, 11), (4, 12), (4, 13), (4, 14), (5, 14), (6, 14), (6, 13), (6, 12), (6, 11), (6, 10), (6, 9), (6, 8), (7, 8), (8, 8), (8, 9), (8, 10), (8, 11), (8, 12), (8, 13), (8, 14), (9, 14), (10, 14), (10, 13), (10, 12), (10, 11), (10, 10), (11, 10), (12, 10), (12, 11), (12, 12), (12, 13), (12, 14), (13, 14), (14, 14), (15, 14), (16, 14), (17, 14), (17, 13), (17, 12), (18, 12), (19, 12), (19, 11), (16, 12), (15, 12), (14, 12), (14, 11), (14, 10), (15, 10), (16, 10), (17, 10), (17, 9), (17, 8), (16, 8), (15, 8), (14, 8), (13, 8), (12, 8), (11, 8), (11, 7), (11, 6), (10, 6), (9, 6), (8, 6), (7, 6), (6, 6), (6, 5), (5, 5), (4, 5), (3, 5), (2, 5), (1, 5), (1, 4), (1, 3), (2, 3), (3, 3), (4, 3), (5, 3), (6, 3), (7, 3), (8, 3), (8, 4), (9, 4), (10, 4), (11, 4), (12, 4), (13, 4), (13, 5), (13, 6), (14, 6), (15, 6), (16, 6), (17, 6), (18, 6), (19, 6), (19, 7), (20, 7), (21, 7), (22, 7), (23, 7), (24, 7), (24, 6), (24, 5), (23, 5), (22, 5), (21, 5), (21, 4), (20, 4), (19, 4), (19, 5), (18, 4), (17, 4), (16, 4), (15, 4), (15, 3), (15, 2), (16, 2), (17, 2), (18, 2), (19, 2), (20, 2), (21, 2), (22, 2), (23, 2), (24, 2), (25, 2), (26, 2), (14, 2), (13, 2), (12, 2)]",233,0,233
258,"(10, 2)","(11, 2)",West,"[(10, 1) via South]","[(10, 2), (19, 5), (13, 12), (13, 12), (3, 10), (19, 12), (19, 11), (26, 2), (31, 3), (30, 3), (29, 6), (29, 10), (33, 16)]","[(10, 1), (19, 5), (13, 12), (13, 12), (3, 10), (19, 12), (19, 11), (26, 2), (31, 3), (30, 3), (29, 6), (29, 10), (33, 16)]","[(34, 16), (34, 15), (34, 14), (33, 14), (32, 14), (31, 14), (30, 14), (30, 13), (30, 12), (31, 12), (32, 12), (33, 12), (34, 12), (34, 11), (34, 10), (33, 10), (32, 10), (31, 10), (30, 10), (30, 9), (30, 8), (31, 8), (32, 8), (33, 8), (34, 8), (34, 7), (34, 6), (33, 6), (32, 6), (31, 6), (30, 6), (30, 5), (30, 4), (31, 4), (32, 4), (33, 4), (34, 4), (34, 3), (34, 2), (34, 1), (33, 1), (32, 1), (31, 1), (30, 1), (29, 1), (28, 1), (27, 1), (27, 2), (27, 3), (27, 4), (27, 5), (27, 6), (27, 7), (27, 8), (27, 9), (26, 9), (25, 9), (24, 9), (23, 9), (22, 9), (21, 9), (20, 9), (20, 10), (20, 11), (20, 12), (21, 12), (22, 12), (23, 12), (24, 12), (24, 11), (25, 11), (26, 11), (27, 11), (27, 12), (27, 13), (27, 14), (26, 14), (25, 14), (25, 15), (25, 16), (26, 16), (27, 16), (28, 16), (29, 16), (30, 16), (31, 16), (32, 16), (33, 16), (24, 16), (23, 16), (22, 16), (21, 16), (20, 16), (19, 16), (18, 16), (17, 16), (16, 16), (15, 16), (14, 16), (13, 16), (12, 16), (11, 16), (10, 16), (9, 16), (8, 16), (7, 16), (6, 16), (5, 16), (4, 16), (3, 16), (2, 16), (1, 16), (1, 15), (1, 14), (1, 13), (1, 12), (1, 11), (1, 10), (1, 9), (1, 8), (1, 7), (2, 7), (3, 7), (4, 7), (4, 8), (4, 9), (4, 10), (4, 11), (4, 12), (4, 13), (4, 14), (5, 14), (6, 14), (6, 13), (6, 12), (6, 11), (6, 10), (6, 9), (6, 8), (7, 8), (8, 8), (8, 9), (8, 10), (8, 11), (8, 12), (8, 13), (8, 14), (9, 14), (10, 14), (10, 13), (10, 12), (10, 11), (10, 10), (11, 10), (12, 10), (12, 11), (12, 12), (12, 13), (12, 14), (13, 14), (14, 14), (15, 14), (16, 14), (17, 14), (17, 13), (17, 12), (18, 12), (19, 12), (19, 11), (16, 12), (15, 12), (14, 12), (14, 11), (14, 10), (15, 10), (16, 10), (17, 10), (17, 9), (17, 8), (16, 8), (15, 8), (14, 8), (13, 8), (12, 8), (11, 8), (11, 7), (11, 6), (10, 6), (9, 6), (8, 6), (7, 6), (6, 6), (6, 5), (5, 5), (4, 5), (3, 5), (2, 5), (1, 5), (1, 4), (1, 3), (2, 3), (3, 3), (4, 3), (5, 3), (6, 3), (7, 3), (8, 3), (8, 4), (9, 4), (10, 4), (11, 4), (12, 4), (13, 4), (13, 5), (13, 6), (14, 6), (15, 6), (16, 6), (17, 6), (18, 6), (19, 6), (19, 7), (20, 7), (21, 7), (22, 7), (23, 7), (24, 7), (24, 6), (24, 5), (23, 5), (22, 5), (21, 5), (21, 4), (20, 4), (19, 4), (19, 5), (18, 4), (17, 4), (16, 4), (15, 4), (15, 3), (15, 2), (16, 2), (17, 2), (18, 2), (19, 2), (20, 2), (21, 2), (22, 2), (23, 2), (24, 2), (25, 2), (26, 2), (14, 2), (13, 2), (12, 2), (11, 2)]",234,0,234
259,"(10, 1)","(10, 2)",South,"[(9, 1) via West]","[(10, 1), (19, 5), (13, 12), (13, 12), (3, 10), (19, 12), (19, 11), (26, 2), (31, 3), (30, 3), (29, 6), (29, 10), (33, 16)]","[(9, 1), (19, 5), (13, 12), (13, 12), (3, 10), (19, 12), (19, 11), (26, 2), (31, 3), (30, 3), (29, 6), (29, 10), (33, 16)]","[(34, 16), (34, 15), (34, 14), (33, 14), (32, 14), (31, 14), (30, 14), (30, 13), (30, 12), (31, 12), (32, 12), (33, 12), (34, 12), (34, 11), (34, 10), (33, 10), (32, 10), (31, 10), (30, 10), (30, 9), (30, 8), (31, 8), (32, 8), (33, 8), (34, 8), (34, 7), (34, 6), (33, 6), (32, 6), (31, 6), (30, 6), (30, 5), (30, 4), (31, 4), (32, 4), (33, 4), (34, 4), (34, 3), (34, 2), (34, 1), (33, 1), (32, 1), (31, 1), (30, 1), (29, 1), (28, 1), (27, 1), (27, 2), (27, 3), (27, 4), (27, 5), (27, 6), (27, 7), (27, 8), (27, 9), (26, 9), (25, 9), (24, 9), (23, 9), (22, 9), (21, 9), (20, 9), (20, 10), (20, 11), (20, 12), (21, 12), (22, 12), (23, 12), (24, 12), (24, 11), (25, 11), (26, 11), (27, 11), (27, 12), (27, 13), (27, 14), (26, 14), (25, 14), (25, 15), (25, 16), (26, 16), (27, 16), (28, 16), (29, 16), (30, 16), (31, 16), (32, 16), (33, 16), (24, 16), (23, 16), (22, 16), (21, 16), (20, 16), (19, 16), (18, 16), (17, 16), (16, 16), (15, 16), (14, 16), (13, 16), (12, 16), (11, 16), (10, 16), (9, 16), (8, 16), (7, 16), (6, 16), (5, 16), (4, 16), (3, 16), (2, 16), (1, 16), (1, 15), (1, 14), (1, 13), (1, 12), (1, 11), (1, 10), (1, 9), (1, 8), (1, 7), (2, 7), (3, 7), (4, 7), (4, 8), (4, 9), (4, 10), (4, 11), (4, 12), (4, 13), (4, 14), (5, 14), (6, 14), (6, 13), (6, 12), (6, 11), (6, 10), (6, 9), (6, 8), (7, 8), (8, 8), (8, 9), (8, 10), (8, 11), (8, 12), (8, 13), (8, 14), (9, 14), (10, 14), (10, 13), (10, 12), (10, 11), (10, 10), (11, 10), (12, 10), (12, 11), (12, 12), (12, 13), (12, 14), (13, 14), (14, 14), (15, 14), (16, 14), (17, 14), (17, 13), (17, 12), (18, 12), (19, 12), (19, 11), (16, 12), (15, 12), (14, 12), (14, 11), (14, 10), (15, 10), (16, 10), (17, 10), (17, 9), (17, 8), (16, 8), (15, 8), (14, 8), (13, 8), (12, 8), (11, 8), (11, 7), (11, 6), (10, 6), (9, 6), (8, 6), (7, 6), (6, 6), (6, 5), (5, 5), (4, 5), (3, 5), (2, 5), (1, 5), (1, 4), (1, 3), (2, 3), (3, 3), (4, 3), (5, 3), (6, 3), (7, 3), (8, 3), (8, 4), (9, 4), (10, 4), (11, 4), (12, 4), (13, 4), (13, 5), (13, 6), (14, 6), (15, 6), (16, 6), (17, 6), (18, 6), (19, 6), (19, 7), (20, 7), (21, 7), (22, 7), (23, 7), (24, 7), (24, 6), (24, 5), (23, 5), (22, 5), (21, 5), (21, 4), (20, 4), (19, 4), (19, 5), (18, 4), (17, 4), (16, 4), (15, 4), (15, 3), (15, 2), (16, 2), (17, 2), (18, 2), (19, 2), (20, 2), (21, 2), (22, 2), (23, 2), (24, 2), (25, 2), (26, 2), (14, 2), (13, 2), (12, 2), (11, 2), (10, 2)]",235,0,235
260,"(9, 1)","(10, 1)",West,"[(8, 1) via West]","[(9, 1), (19, 5), (13, 12), (13, 12), (3, 10), (19, 12), (19, 11), (26, 2), (31, 3), (30, 3), (29, 6), (29, 10), (33, 16)]","[(8, 1), (19, 5), (13, 12), (13, 12), (3, 10), (19, 12), (19, 11), (26, 2), (31, 3), (30, 3), (29, 6), (29, 10), (33, 16)]","[(34, 16), (34, 15), (34, 14), (33, 14), (32, 14), (31, 14), (30, 14), (30, 13), (30, 12), (31, 12), (32, 12), (33, 12), (34, 12), (34, 11), (34, 10), (33, 10), (32, 10), (31, 10), (30, 10), (30, 9), (30, 8), (31, 8), (32, 8), (33, 8), (34, 8), (34, 7), (34, 6), (33, 6), (32, 6), (31, 6), (30, 6), (30, 5), (30, 4), (31, 4), (32, 4), (33, 4), (34, 4), (34, 3), (34, 2), (34, 1), (33, 1), (32, 1), (31, 1), (30, 1), (29, 1), (28, 1), (27, 1), (27, 2), (27, 3), (27, 4), (27, 5), (27, 6), (27, 7), (27, 8), (27, 9), (26, 9), (25, 9), (24, 9), (23, 9), (22, 9), (21, 9), (20, 9), (20, 10), (20, 11), (20, 12), (21, 12), (22, 12), (23, 12), (24, 12), (24, 11), (25, 11), (26, 11), (27, 11), (27, 12), (27, 13), (27, 14), (26, 14), (25, 14), (25, 15), (25, 16), (26, 16), (27, 16), (28, 16), (29, 16), (30, 16), (31, 16), (32, 16), (33, 16), (24, 16), (23, 16), (22, 16), (21, 16), (20, 16), (19, 16), (18, 16), (17, 16), (16, 16), (15, 16), (14, 16), (13, 16), (12, 16), (11, 16), (10, 16), (9, 16), (8, 16), (7, 16), (6, 16), (5, 16), (4, 16), (3, 16), (2, 16), (1, 16), (1, 15), (1, 14), (1, 13), (1, 12), (1, 11), (1, 10), (1, 9), (1, 8), (1, 7), (2, 7), (3, 7), (4, 7), (4, 8), (4, 9), (4, 10), (4, 11), (4, 12), (4, 13), (4, 14), (5, 14), (6, 14), (6, 13), (6, 12), (6, 11), (6, 10), (6, 9), (6, 8), (7, 8), (8, 8), (8, 9), (8, 10), (8, 11), (8, 12), (8, 13), (8, 14), (9, 14), (10, 14), (10, 13), (10, 12), (10, 11), (10, 10), (11, 10), (12, 10), (12, 11), (12, 12), (12, 13), (12, 14), (13, 14), (14, 14), (15, 14), (16, 14), (17, 14), (17, 13), (17, 12), (18, 12), (19, 12), (19, 11), (16, 12), (15, 12), (14, 12), (14, 11), (14, 10), (15, 10), (16, 10), (17, 10), (17, 9), (17, 8), (16, 8), (15, 8), (14, 8), (13, 8), (12, 8), (11, 8), (11, 7), (11, 6), (10, 6), (9, 6), (8, 6), (7, 6), (6, 6), (6, 5), (5, 5), (4, 5), (3, 5), (2, 5), (1, 5), (1, 4), (1, 3), (2, 3), (3, 3), (4, 3), (5, 3), (6, 3), (7, 3), (8, 3), (8, 4), (9, 4), (10, 4), (11, 4), (12, 4), (13, 4), (13, 5), (13, 6), (14, 6), (15, 6), (16, 6), (17, 6), (18, 6), (19, 6), (19, 7), (20, 7), (21, 7), (22, 7), (23, 7), (24, 7), (24, 6), (24, 5), (23, 5), (22, 5), (21, 5), (21, 4), (20, 4), (19, 4), (19, 5), (18, 4), (17, 4), (16, 4), (15, 4), (15, 3), (15, 2), (16, 2), (17, 2), (18, 2), (19, 2), (20, 2), (21, 2), (22, 2), (23, 2), (24, 2), (25, 2), (26, 2), (14, 2), (13, 2), (12, 2), (11, 2), (10, 2), (10, 1)]",236,0,236
261,"(8, 1)","(9, 1)",West,"[(7, 1) via West]","[(8, 1), (19, 5), (13, 12), (13, 12), (3, 10), (19, 12), (19, 11), (26, 2), (31, 3), (30, 3), (29, 6), (29, 10), (33, 16)]","[(7, 1), (19, 5), (13, 12), (13, 12), (3, 10), (19, 12), (19, 11), (26, 2), (31, 3), (30, 3), (29, 6), (29, 10), (33, 16)]","[(34, 16), (34, 15), (34, 14), (33, 14), (32, 14), (31, 14), (30, 14), (30, 13), (30, 12), (31, 12), (32, 12), (33, 12), (34, 12), (34, 11), (34, 10), (33, 10), (32, 10), (31, 10), (30, 10), (30, 9), (30, 8), (31, 8), (32, 8), (33, 8), (34, 8), (34, 7), (34, 6), (33, 6), (32, 6), (31, 6), (30, 6), (30, 5), (30, 4), (31, 4), (32, 4), (33, 4), (34, 4), (34, 3), (34, 2), (34, 1), (33, 1), (32, 1), (31, 1), (30, 1), (29, 1), (28, 1), (27, 1), (27, 2), (27, 3), (27, 4), (27, 5), (27, 6), (27, 7), (27, 8), (27, 9), (26, 9), (25, 9), (24, 9), (23, 9), (22, 9), (21, 9), (20, 9), (20, 10), (20, 11), (20, 12), (21, 12), (22, 12), (23, 12), (24, 12), (24, 11), (25, 11), (26, 11), (27, 11), (27, 12), (27, 13), (27, 14), (26, 14), (25, 14), (25, 15), (25, 16), (26, 16), (27, 16), (28, 16), (29, 16), (30, 16), (31, 16), (32, 16), (33, 16), (24, 16), (23, 16), (22, 16), (21, 16), (20, 16), (19, 16), (18, 16), (17, 16), (16, 16), (15, 16), (14, 16), (13, 16), (12, 16), (11, 16), (10, 16), (9, 16), (8, 16), (7, 16), (6, 16), (5, 16), (4, 16), (3, 16), (2, 16), (1, 16), (1, 15), (1, 14), (1, 13), (1, 12), (1, 11), (1, 10), (1, 9), (1, 8), (1, 7), (2, 7), (3, 7), (4, 7), (4, 8), (4, 9), (4, 10), (4, 11), (4, 12), (4, 13), (4, 14), (5, 14), (6, 14), (6, 13), (6, 12), (6, 11), (6, 10), (6, 9), (6, 8), (7, 8), (8, 8), (8, 9), (8, 10), (8, 11), (8, 12), (8, 13), (8, 14), (9, 14), (10, 14), (10, 13), (10, 12), (10, 11), (10, 10), (11, 10), (12, 10), (12, 11), (12, 12), (12, 13), (12, 14), (13, 14), (14, 14), (15, 14), (16, 14), (17, 14), (17, 13), (17, 12), (18, 12), (19, 12), (19, 11), (16, 12), (15, 12), (14, 12), (14, 11), (14, 10), (15, 10), (16, 10), (17, 10), (17, 9), (17, 8), (16, 8), (15, 8), (14, 8), (13, 8), (12, 8), (11, 8), (11, 7), (11, 6), (10, 6), (9, 6), (8, 6), (7, 6), (6, 6), (6, 5), (5, 5), (4, 5), (3, 5), (2, 5), (1, 5), (1, 4), (1, 3), (2, 3), (3, 3), (4, 3), (5, 3), (6, 3), (7, 3), (8, 3), (8, 4), (9, 4), (10, 4), (11, 4), (12, 4), (13, 4), (13, 5), (13, 6), (14, 6), (15, 6), (16, 6), (17, 6), (18, 6), (19, 6), (19, 7), (20, 7), (21, 7), (22, 7), (23, 7), (24, 7), (24, 6), (24, 5), (23, 5), (22, 5), (21, 5), (21, 4), (20, 4), (19, 4), (19, 5), (18, 4), (17, 4), (16, 4), (15, 4), (15, 3), (15, 2), (16, 2), (17, 2), (18, 2), (19, 2), (20, 2), (21, 2), (22, 2), (23, 2), (24, 2), (25, 2), (26, 2), (14, 2), (13, 2), (12, 2), (11, 2), (10, 2), (10, 1), (9, 1)]",237,0,237
262,"(7, 1)","(8, 1)",West,"[(6, 1) via West]","[(7, 1), (19, 5), (13, 12), (13, 12), (3, 10), (19, 12), (19, 11), (26, 2), (31, 3), (30, 3), (29, 6), (29, 10), (33, 16)]","[(6, 1), (19, 5), (13, 12), (13, 12), (3, 10), (19, 12), (19, 11), (26, 2), (31, 3), (30, 3), (29, 6), (29, 10), (33, 16)]","[(34, 16), (34, 15), (34, 14), (33, 14), (32, 14), (31, 14), (30, 14), (30, 13), (30, 12), (31, 12), (32, 12), (33, 12), (34, 12), (34, 11), (34, 10), (33, 10), (32, 10), (31, 10), (30, 10), (30, 9), (30, 8), (31, 8), (32, 8), (33, 8), (34, 8), (34, 7), (34, 6), (33, 6), (32, 6), (31, 6), (30, 6), (30, 5), (30, 4), (31, 4), (32, 4), (33, 4), (34, 4), (34, 3), (34, 2), (34, 1), (33, 1), (32, 1), (31, 1), (30, 1), (29, 1), (28, 1), (27, 1), (27, 2), (27, 3), (27, 4), (27, 5), (27, 6), (27, 7), (27, 8), (27, 9), (26, 9), (25, 9), (24, 9), (23, 9), (22, 9), (21, 9), (20, 9), (20, 10), (20, 11), (20, 12), (21, 12), (22, 12), (23, 12), (24, 12), (24, 11), (25, 11), (26, 11), (27, 11), (27, 12), (27, 13), (27, 14), (26, 14), (25, 14), (25, 15), (25, 16), (26, 16), (27, 16), (28, 16), (29, 16), (30, 16), (31, 16), (32, 16), (33, 16), (24, 16), (23, 16), (22, 16), (21, 16), (20, 16), (19, 16), (18, 16), (17, 16), (16, 16), (15, 16), (14, 16), (13, 16), (12, 16), (11, 16), (10, 16), (9, 16), (8, 16), (7, 16), (6, 16), (5, 16), (4, 16), (3, 16), (2, 16), (1, 16), (1, 15), (1, 14), (1, 13), (1, 12), (1, 11), (1, 10), (1, 9), (1, 8), (1, 7), (2, 7), (3, 7), (4, 7), (4, 8), (4, 9), (4, 10), (4, 11), (4, 12), (4, 13), (4, 14), (5, 14), (6, 14), (6, 13), (6, 12), (6, 11), (6, 10), (6, 9), (6, 8), (7, 8), (8, 8), (8, 9), (8, 10), (8, 11), (8, 12), (8, 13), (8, 14), (9, 14), (10, 14), (10, 13), (10, 12), (10, 11), (10, 10), (11, 10), (12, 10), (12, 11), (12, 12), (12, 13), (12, 14), (13, 14), (14, 14), (15, 14), (16, 14), (17, 14), (17, 13), (17, 12), (18, 12), (19, 12), (19, 11), (16, 12), (15, 12), (14, 12), (14, 11), (14, 10), (15, 10), (16, 10), (17, 10), (17, 9), (17, 8), (16, 8), (15, 8), (14, 8), (13, 8), (12, 8), (11, 8), (11, 7), (11, 6), (10, 6), (9, 6), (8, 6), (7, 6), (6, 6), (6, 5), (5, 5), (4, 5), (3, 5), (2, 5), (1, 5), (1, 4), (1, 3), (2, 3), (3, 3), (4, 3), (5, 3), (6, 3), (7, 3), (8, 3), (8, 4), (9, 4), (10, 4), (11, 4), (12, 4), (13, 4), (13, 5), (13, 6), (14, 6), (15, 6), (16, 6), (17, 6), (18, 6), (19, 6), (19, 7), (20, 7), (21, 7), (22, 7), (23, 7), (24, 7), (24, 6), (24, 5), (23, 5), (22, 5), (21, 5), (21, 4), (20, 4), (19, 4), (19, 5), (18, 4), (17, 4), (16, 4), (15, 4), (15, 3), (15, 2), (16, 2), (17, 2), (18, 2), (19, 2), (20, 2), (21, 2), (22, 2), (23, 2), (24, 2), (25, 2), (26, 2), (14, 2), (13, 2), (12, 2), (11, 2), (10, 2), (10, 1), (9, 1), (8, 1)]",238,0,238
263,"(6, 1)","(7, 1)",West,"[(5, 1) via West]","[(6, 1), (19, 5), (13, 12), (13, 12), (3, 10), (19, 12), (19, 11), (26, 2), (31, 3), (30, 3), (29, 6), (29, 10), (33, 16)]","[(5, 1), (19, 5), (13, 12), (13, 12), (3, 10), (19, 12), (19, 11), (26, 2), (31, 3), (30, 3), (29, 6), (29, 10), (33, 16)]","[(34, 16), (34, 15), (34, 14), (33, 14), (32, 14), (31, 14), (30, 14), (30, 13), (30, 12), (31, 12), (32, 12), (33, 12), (34, 12), (34, 11), (34, 10), (33, 10), (32, 10), (31, 10), (30, 10), (30, 9), (30, 8), (31, 8), (32, 8), (33, 8), (34, 8), (34, 7), (34, 6), (33, 6), (32, 6), (31, 6), (30, 6), (30, 5), (30, 4), (31, 4), (32, 4), (33, 4), (34, 4), (34, 3), (34, 2), (34, 1), (33, 1), (32, 1), (31, 1), (30, 1), (29, 1), (28, 1), (27, 1), (27, 2), (27, 3), (27, 4), (27, 5), (27, 6), (27, 7), (27, 8), (27, 9), (26, 9), (25, 9), (24, 9), (23, 9), (22, 9), (21, 9), (20, 9), (20, 10), (20, 11), (20, 12), (21, 12), (22, 12), (23, 12), (24, 12), (24, 11), (25, 11), (26, 11), (27, 11), (27, 12), (27, 13), (27, 14), (26, 14), (25, 14), (25, 15), (25, 16), (26, 16), (27, 16), (28, 16), (29, 16), (30, 16), (31, 16), (32, 16), (33, 16), (24, 16), (23, 16), (22, 16), (21, 16), (20, 16), (19, 16), (18, 16), (17, 16), (16, 16), (15, 16), (14, 16), (13, 16), (12, 16), (11, 16), (10, 16), (9, 16), (8, 16), (7, 16), (6, 16), (5, 16), (4, 16), (3, 16), (2, 16), (1, 16), (1, 15), (1, 14), (1, 13), (1, 12), (1, 11), (1, 10), (1, 9), (1, 8), (1, 7), (2, 7), (3, 7), (4, 7), (4, 8), (4, 9), (4, 10), (4, 11), (4, 12), (4, 13), (4, 14), (5, 14), (6, 14), (6, 13), (6, 12), (6, 11), (6, 10), (6, 9), (6, 8), (7, 8), (8, 8), (8, 9), (8, 10), (8, 11), (8, 12), (8, 13), (8, 14), (9, 14), (10, 14), (10, 13), (10, 12), (10, 11), (10, 10), (11, 10), (12, 10), (12, 11), (12, 12), (12, 13), (12, 14), (13, 14), (14, 14), (15, 14), (16, 14), (17, 14), (17, 13), (17, 12), (18, 12), (19, 12), (19, 11), (16, 12), (15, 12), (14, 12), (14, 11), (14, 10), (15, 10), (16, 10), (17, 10), (17, 9), (17, 8), (16, 8), (15, 8), (14, 8), (13, 8), (12, 8), (11, 8), (11, 7), (11, 6), (10, 6), (9, 6), (8, 6), (7, 6), (6, 6), (6, 5), (5, 5), (4, 5), (3, 5), (2, 5), (1, 5), (1, 4), (1, 3), (2, 3), (3, 3), (4, 3), (5, 3), (6, 3), (7, 3), (8, 3), (8, 4), (9, 4), (10, 4), (11, 4), (12, 4), (13, 4), (13, 5), (13, 6), (14, 6), (15, 6), (16, 6), (17, 6), (18, 6), (19, 6), (19, 7), (20, 7), (21, 7), (22, 7), (23, 7), (24, 7), (24, 6), (24, 5), (23, 5), (22, 5), (21, 5), (21, 4), (20, 4), (19, 4), (19, 5), (18, 4), (17, 4), (16, 4), (15, 4), (15, 3), (15, 2), (16, 2), (17, 2), (18, 2), (19, 2), (20, 2), (21, 2), (22, 2), (23, 2), (24, 2), (25, 2), (26, 2), (14, 2), (13, 2), (12, 2), (11, 2), (10, 2), (10, 1), (9, 1), (8, 1), (7, 1)]",239,0,239
264,"(5, 1)","(6, 1)",West,"[(4, 1) via West]","[(5, 1), (19, 5), (13, 12), (13, 12), (3, 10), (19, 12), (19, 11), (26, 2), (31, 3), (30, 3), (29, 6), (29, 10), (33, 16)]","[(4, 1), (19, 5), (13, 12), (13, 12), (3, 10), (19, 12), (19, 11), (26, 2), (31, 3), (30, 3), (29, 6), (29, 10), (33, 16)]","[(34, 16), (34, 15), (34, 14), (33, 14), (32, 14), (31, 14), (30, 14), (30, 13), (30, 12), (31, 12), (32, 12), (33, 12), (34, 12), (34, 11), (34, 10), (33, 10), (32, 10), (31, 10), (30, 10), (30, 9), (30, 8), (31, 8), (32, 8), (33, 8), (34, 8), (34, 7), (34, 6), (33, 6), (32, 6), (31, 6), (30, 6), (30, 5), (30, 4), (31, 4), (32, 4), (33, 4), (34, 4), (34, 3), (34, 2), (34, 1), (33, 1), (32, 1), (31, 1), (30, 1), (29, 1), (28, 1), (27, 1), (27, 2), (27, 3), (27, 4), (27, 5), (27, 6), (27, 7), (27, 8), (27, 9), (26, 9), (25, 9), (24, 9), (23, 9), (22, 9), (21, 9), (20, 9), (20, 10), (20, 11), (20, 12), (21, 12), (22, 12), (23, 12), (24, 12), (24, 11), (25, 11), (26, 11), (27, 11), (27, 12), (27, 13), (27, 14), (26, 14), (25, 14), (25, 15), (25, 16), (26, 16), (27, 16), (28, 16), (29, 16), (30, 16), (31, 16), (32, 16), (33, 16), (24, 16), (23, 16), (22, 16), (21, 16), (20, 16), (19, 16), (18, 16), (17, 16), (16, 16), (15, 16), (14, 16), (13, 16), (12, 16), (11, 16), (10, 16), (9, 16), (8, 16), (7, 16), (6, 16), (5, 16), (4, 16), (3, 16), (2, 16), (1, 16), (1, 15), (1, 14), (1, 13), (1, 12), (1, 11), (1, 10), (1, 9), (1, 8), (1, 7), (2, 7), (3, 7), (4, 7), (4, 8), (4, 9), (4, 10), (4, 11), (4, 12), (4, 13), (4, 14), (5, 14), (6, 14), (6, 13), (6, 12), (6, 11), (6, 10), (6, 9), (6, 8), (7, 8), (8, 8), (8, 9), (8, 10), (8, 11), (8, 12), (8, 13), (8, 14), (9, 14), (10, 14), (10, 13), (10, 12), (10, 11), (10, 10), (11, 10), (12, 10), (12, 11), (12, 12), (12, 13), (12, 14), (13, 14), (14, 14), (15, 14), (16, 14), (17, 14), (17, 13), (17, 12), (18, 12), (19, 12), (19, 11), (16, 12), (15, 12), (14, 12), (14, 11), (14, 10), (15, 10), (16, 10), (17, 10), (17, 9), (17, 8), (16, 8), (15, 8), (14, 8), (13, 8), (12, 8), (11, 8), (11, 7), (11, 6), (10, 6), (9, 6), (8, 6), (7, 6), (6, 6), (6, 5), (5, 5), (4, 5), (3, 5), (2, 5), (1, 5), (1, 4), (1, 3), (2, 3), (3, 3), (4, 3), (5, 3), (6, 3), (7, 3), (8, 3), (8, 4), (9, 4), (10, 4), (11, 4), (12, 4), (13, 4), (13, 5), (13, 6), (14, 6), (15, 6), (16, 6), (17, 6), (18, 6), (19, 6), (19, 7), (20, 7), (21, 7), (22, 7), (23, 7), (24, 7), (24, 6), (24, 5), (23, 5), (22, 5), (21, 5), (21, 4), (20, 4), (19, 4), (19, 5), (18, 4), (17, 4), (16, 4), (15, 4), (15, 3), (15, 2), (16, 2), (17, 2), (18, 2), (19, 2), (20, 2), (21, 2), (22, 2), (23, 2), (24, 2), (25, 2), (26, 2), (14, 2), (13, 2), (12, 2), (11, 2), (10, 2), (10, 1), (9, 1), (8, 1), (7, 1), (6, 1)]",240,0,240
265,"(4, 1)","(5, 1)",West,"[(3, 1) via West]","[(4, 1), (19, 5), (13, 12), (13, 12), (3, 10), (19, 12), (19, 11), (26, 2), (31, 3), (30, 3), (29, 6), (29, 10), (33, 16)]","[(3, 1), (19, 5), (13, 12), (13, 12), (3, 10), (19, 12), (19, 11), (26, 2), (31, 3), (30, 3), (29, 6), (29, 10), (33, 16)]","[(34, 16), (34, 15), (34, 14), (33, 14), (32, 14), (31, 14), (30, 14), (30, 13), (30, 12), (31, 12), (32, 12), (33, 12), (34, 12), (34, 11), (34, 10), (33, 10), (32, 10), (31, 10), (30, 10), (30, 9), (30, 8), (31, 8), (32, 8), (33, 8), (34, 8), (34, 7), (34, 6), (33, 6), (32, 6), (31, 6), (30, 6), (30, 5), (30, 4), (31, 4), (32, 4), (33, 4), (34, 4), (34, 3), (34, 2), (34, 1), (33, 1), (32, 1), (31, 1), (30, 1), (29, 1), (28, 1), (27, 1), (27, 2), (27, 3), (27, 4), (27, 5), (27, 6), (27, 7), (27, 8), (27, 9), (26, 9), (25, 9), (24, 9), (23, 9), (22, 9), (21, 9), (20, 9), (20, 10), (20, 11), (20, 12), (21, 12), (22, 12), (23, 12), (24, 12), (24, 11), (25, 11), (26, 11), (27, 11), (27, 12), (27, 13), (27, 14), (26, 14), (25, 14), (25, 15), (25, 16), (26, 16), (27, 16), (28, 16), (29, 16), (30, 16), (31, 16), (32, 16), (33, 16), (24, 16), (23, 16), (22, 16), (21, 16), (20, 16), (19, 16), (18, 16), (17, 16), (16, 16), (15, 16), (14, 16), (13, 16), (12, 16), (11, 16), (10, 16), (9, 16), (8, 16), (7, 16), (6, 16), (5, 16), (4, 16), (3, 16), (2, 16), (1, 16), (1, 15), (1, 14), (1, 13), (1, 12), (1, 11), (1, 10), (1, 9), (1, 8), (1, 7), (2, 7), (3, 7), (4, 7), (4, 8), (4, 9), (4, 10), (4, 11), (4, 12), (4, 13), (4, 14), (5, 14), (6, 14), (6, 13), (6, 12), (6, 11), (6, 10), (6, 9), (6, 8), (7, 8), (8, 8), (8, 9), (8, 10), (8, 11), (8, 12), (8, 13), (8, 14), (9, 14), (10, 14), (10, 13), (10, 12), (10, 11), (10, 10), (11, 10), (12, 10), (12, 11), (12, 12), (12, 13), (12, 14), (13, 14), (14, 14), (15, 14), (16, 14), (17, 14), (17, 13), (17, 12), (18, 12), (19, 12), (19, 11), (16, 12), (15, 12), (14, 12), (14, 11), (14, 10), (15, 10), (16, 10), (17, 10), (17, 9), (17, 8), (16, 8), (15, 8), (14, 8), (13, 8), (12, 8), (11, 8), (11, 7), (11, 6), (10, 6), (9, 6), (8, 6), (7, 6), (6, 6), (6, 5), (5, 5), (4, 5), (3, 5), (2, 5), (1, 5), (1, 4), (1, 3), (2, 3), (3, 3), (4, 3), (5, 3), (6, 3), (7, 3), (8, 3), (8, 4), (9, 4), (10, 4), (11, 4), (12, 4), (13, 4), (13, 5), (13, 6), (14, 6), (15, 6), (16, 6), (17, 6), (18, 6), (19, 6), (19, 7), (20, 7), (21, 7), (22, 7), (23, 7), (24, 7), (24, 6), (24, 5), (23, 5), (22, 5), (21, 5), (21, 4), (20, 4), (19, 4), (19, 5), (18, 4), (17, 4), (16, 4), (15, 4), (15, 3), (15, 2), (16, 2), (17, 2), (18, 2), (19, 2), (20, 2), (21, 2), (22, 2), (23, 2), (24, 2), (25, 2), (26, 2), (14, 2), (13, 2), (12, 2), (11, 2), (10, 2), (10, 1), (9, 1), (8, 1), (7, 1), (6, 1), (5, 1)]",241,0,241
266,"(3, 1)","(4, 1)",West,"[(2, 1) via West]","[(3, 1), (19, 5), (13, 12), (13, 12), (3, 10), (19, 12), (19, 11), (26, 2), (31, 3), (30, 3), (29, 6), (29, 10), (33, 16)]","[(2, 1), (19, 5), (13, 12), (13, 12), (3, 10), (19, 12), (19, 11), (26, 2), (31, 3), (30, 3), (29, 6), (29, 10), (33, 16)]","[(34, 16), (34, 15), (34, 14), (33, 14), (32, 14), (31, 14), (30, 14), (30, 13), (30, 12), (31, 12), (32, 12), (33, 12), (34, 12), (34, 11), (34, 10), (33, 10), (32, 10), (31, 10), (30, 10), (30, 9), (30, 8), (31, 8), (32, 8), (33, 8), (34, 8), (34, 7), (34, 6), (33, 6), (32, 6), (31, 6), (30, 6), (30, 5), (30, 4), (31, 4), (32, 4), (33, 4), (34, 4), (34, 3), (34, 2), (34, 1), (33, 1), (32, 1), (31, 1), (30, 1), (29, 1), (28, 1), (27, 1), (27, 2), (27, 3), (27, 4), (27, 5), (27, 6), (27, 7), (27, 8), (27, 9), (26, 9), (25, 9), (24, 9), (23, 9), (22, 9), (21, 9), (20, 9), (20, 10), (20, 11), (20, 12), (21, 12), (22, 12), (23, 12), (24, 12), (24, 11), (25, 11), (26, 11), (27, 11), (27, 12), (27, 13), (27, 14), (26, 14), (25, 14), (25, 15), (25, 16), (26, 16), (27, 16), (28, 16), (29, 16), (30, 16), (31, 16), (32, 16), (33, 16), (24, 16), (23, 16), (22, 16), (21, 16), (20, 16), (19, 16), (18, 16), (17, 16), (16, 16), (15, 16), (14, 16), (13, 16), (12, 16), (11, 16), (10, 16), (9, 16), (8, 16), (7, 16), (6, 16), (5, 16), (4, 16), (3, 16), (2, 16), (1, 16), (1, 15), (1, 14), (1, 13), (1, 12), (1, 11), (1, 10), (1, 9), (1, 8), (1, 7), (2, 7), (3, 7), (4, 7), (4, 8), (4, 9), (4, 10), (4, 11), (4, 12), (4, 13), (4, 14), (5, 14), (6, 14), (6, 13), (6, 12), (6, 11), (6, 10), (6, 9), (6, 8), (7, 8), (8, 8), (8, 9), (8, 10), (8, 11), (8, 12), (8, 13), (8, 14), (9, 14), (10, 14), (10, 13), (10, 12), (10, 11), (10, 10), (11, 10), (12, 10), (12, 11), (12, 12), (12, 13), (12, 14), (13, 14), (14, 14), (15, 14), (16, 14), (17, 14), (17, 13), (17, 12), (18, 12), (19, 12), (19, 11), (16, 12), (15, 12), (14, 12), (14, 11), (14, 10), (15, 10), (16, 10), (17, 10), (17, 9), (17, 8), (16, 8), (15, 8), (14, 8), (13, 8), (12, 8), (11, 8), (11, 7), (11, 6), (10, 6), (9, 6), (8, 6), (7, 6), (6, 6), (6, 5), (5, 5), (4, 5), (3, 5), (2, 5), (1, 5), (1, 4), (1, 3), (2, 3), (3, 3), (4, 3), (5, 3), (6, 3), (7, 3), (8, 3), (8, 4), (9, 4), (10, 4), (11, 4), (12, 4), (13, 4), (13, 5), (13, 6), (14, 6), (15, 6), (16, 6), (17, 6), (18, 6), (19, 6), (19, 7), (20, 7), (21, 7), (22, 7), (23, 7), (24, 7), (24, 6), (24, 5), (23, 5), (22, 5), (21, 5), (21, 4), (20, 4), (19, 4), (19, 5), (18, 4), (17, 4), (16, 4), (15, 4), (15, 3), (15, 2), (16, 2), (17, 2), (18, 2), (19, 2), (20, 2), (21, 2), (22, 2), (23, 2), (24, 2), (25, 2), (26, 2), (14, 2), (13, 2), (12, 2), (11, 2), (10, 2), (10, 1), (9, 1), (8, 1), (7, 1), (6, 1), (5, 1), (4, 1)]",242,0,242
267,"(2, 1)","(3, 1)",West,"[(1, 1) via West]","[(2, 1), (19, 5), (13, 12), (13, 12), (3, 10), (19, 12), (19, 11), (26, 2), (31, 3), (30, 3), (29, 6), (29, 10), (33, 16)]","[(1, 1), (19, 5), (13, 12), (13, 12), (3, 10), (19, 12), (19, 11), (26, 2), (31, 3), (30, 3), (29, 6), (29, 10), (33, 16)]","[(34, 16), (34, 15), (34, 14), (33, 14), (32, 14), (31, 14), (30, 14), (30, 13), (30, 12), (31, 12), (32, 12), (33, 12), (34, 12), (34, 11), (34, 10), (33, 10), (32, 10), (31, 10), (30, 10), (30, 9), (30, 8), (31, 8), (32, 8), (33, 8), (34, 8), (34, 7), (34, 6), (33, 6), (32, 6), (31, 6), (30, 6), (30, 5), (30, 4), (31, 4), (32, 4), (33, 4), (34, 4), (34, 3), (34, 2), (34, 1), (33, 1), (32, 1), (31, 1), (30, 1), (29, 1), (28, 1), (27, 1), (27, 2), (27, 3), (27, 4), (27, 5), (27, 6), (27, 7), (27, 8), (27, 9), (26, 9), (25, 9), (24, 9), (23, 9), (22, 9), (21, 9), (20, 9), (20, 10), (20, 11), (20, 12), (21, 12), (22, 12), (23, 12), (24, 12), (24, 11), (25, 11), (26, 11), (27, 11), (27, 12), (27, 13), (27, 14), (26, 14), (25, 14), (25, 15), (25, 16), (26, 16), (27, 16), (28, 16), (29, 16), (30, 16), (31, 16), (32, 16), (33, 16), (24, 16), (23, 16), (22, 16), (21, 16), (20, 16), (19, 16), (18, 16), (17, 16), (16, 16), (15, 16), (14, 16), (13, 16), (12, 16), (11, 16), (10, 16), (9, 16), (8, 16), (7, 16), (6, 16), (5, 16), (4, 16), (3, 16), (2, 16), (1, 16), (1, 15), (1, 14), (1, 13), (1, 12), (1, 11), (1, 10), (1, 9), (1, 8), (1, 7), (2, 7), (3, 7), (4, 7), (4, 8), (4, 9), (4, 10), (4, 11), (4, 12), (4, 13), (4, 14), (5, 14), (6, 14), (6, 13), (6, 12), (6, 11), (6, 10), (6, 9), (6, 8), (7, 8), (8, 8), (8, 9), (8, 10), (8, 11), (8, 12), (8, 13), (8, 14), (9, 14), (10, 14), (10, 13), (10, 12), (10, 11), (10, 10), (11, 10), (12, 10), (12, 11), (12, 12), (12, 13), (12, 14), (13, 14), (14, 14), (15, 14), (16, 14), (17, 14), (17, 13), (17, 12), (18, 12), (19, 12), (19, 11), (16, 12), (15, 12), (14, 12), (14, 11), (14, 10), (15, 10), (16, 10), (17, 10), (17, 9), (17, 8), (16, 8), (15, 8), (14, 8), (13, 8), (12, 8), (11, 8), (11, 7), (11, 6), (10, 6), (9, 6), (8, 6), (7, 6), (6, 6), (6, 5), (5, 5), (4, 5), (3, 5), (2, 5), (1, 5), (1, 4), (1, 3), (2, 3), (3, 3), (4, 3), (5, 3), (6, 3), (7, 3), (8, 3), (8, 4), (9, 4), (10, 4), (11, 4), (12, 4), (13, 4), (13, 5), (13, 6), (14, 6), (15, 6), (16, 6), (17, 6), (18, 6), (19, 6), (19, 7), (20, 7), (21, 7), (22, 7), (23, 7), (24, 7), (24, 6), (24, 5), (23, 5), (22, 5), (21, 5), (21, 4), (20, 4), (19, 4), (19, 5), (18, 4), (17, 4), (16, 4), (15, 4), (15, 3), (15, 2), (16, 2), (17, 2), (18, 2), (19, 2), (20, 2), (21, 2), (22, 2), (23, 2), (24, 2), (25, 2), (26, 2), (14, 2), (13, 2), (12, 2), (11, 2), (10, 2), (10, 1), (9, 1), (8, 1), (7, 1), (6, 1), (5, 1), (4, 1), (3, 1)]",243,0,243
268,"(1, 1)","(2, 1)",West,[],"[(1, 1), (19, 5), (13, 12), (13, 12), (3, 10), (19, 12), (19, 11), (26, 2), (31, 3), (30, 3), (29, 6), (29, 10), (33, 16)]","[(19, 5), (13, 12), (13, 12), (3, 10), (19, 12), (19, 11), (26, 2), (31, 3), (30, 3), (29, 6), (29, 10), (33, 16)]","[(34, 16), (34, 15), (34, 14), (33, 14), (32, 14), (31, 14), (30, 14), (30, 13), (30, 12), (31, 12), (32, 12), (33, 12), (34, 12), (34, 11), (34, 10), (33, 10), (32, 10), (31, 10), (30, 10), (30, 9), (30, 8), (31, 8), (32, 8), (33, 8), (34, 8), (34, 7), (34, 6), (33, 6), (32, 6), (31, 6), (30, 6), (30, 5), (30, 4), (31, 4), (32, 4), (33, 4), (34, 4), (34, 3), (34, 2), (34, 1), (33, 1), (32, 1), (31, 1), (30, 1), (29, 1), (28, 1), (27, 1), (27, 2), (27, 3), (27, 4), (27, 5), (27, 6), (27, 7), (27, 8), (27, 9), (26, 9), (25, 9), (24, 9), (23, 9), (22, 9), (21, 9), (20, 9), (20, 10), (20, 11), (20, 12), (21, 12), (22, 12), (23, 12), (24, 12), (24, 11), (25, 11), (26, 11), (27, 11), (27, 12), (27, 13), (27, 14), (26, 14), (25, 14), (25, 15), (25, 16), (26, 16), (27, 16), (28, 16), (29, 16), (30, 16), (31, 16), (32, 16), (33, 16), (24, 16), (23, 16), (22, 16), (21, 16), (20, 16), (19, 16), (18, 16), (17, 16), (16, 16), (15, 16), (14, 16), (13, 16), (12, 16), (11, 16), (10, 16), (9, 16), (8, 16), (7, 16), (6, 16), (5, 16), (4, 16), (3, 16), (2, 16), (1, 16), (1, 15), (1, 14), (1, 13), (1, 12), (1, 11), (1, 10), (1, 9), (1, 8), (1, 7), (2, 7), (3, 7), (4, 7), (4, 8), (4, 9), (4, 10), (4, 11), (4, 12), (4, 13), (4, 14), (5, 14), (6, 14), (6, 13), (6, 12), (6, 11), (6, 10), (6, 9), (6, 8), (7, 8), (8, 8), (8, 9), (8, 10), (8, 11), (8, 12), (8, 13), (8, 14), (9, 14), (10, 14), (10, 13), (10, 12), (10, 11), (10, 10), (11, 10), (12, 10), (12, 11), (12, 12), (12, 13), (12, 14), (13, 14), (14, 14), (15, 14), (16, 14), (17, 14), (17, 13), (17, 12), (18, 12), (19, 12), (19, 11), (16, 12), (15, 12), (14, 12), (14, 11), (14, 10), (15, 10), (16, 10), (17, 10), (17, 9), (17, 8), (16, 8), (15, 8), (14, 8), (13, 8), (12, 8), (11, 8), (11, 7), (11, 6), (10, 6), (9, 6), (8, 6), (7, 6), (6, 6), (6, 5), (5, 5), (4, 5), (3, 5), (2, 5), (1, 5), (1, 4), (1, 3), (2, 3), (3, 3), (4, 3), (5, 3), (6, 3), (7, 3), (8, 3), (8, 4), (9, 4), (10, 4), (11, 4), (12, 4), (13, 4), (13, 5), (13, 6), (14, 6), (15, 6), (16, 6), (17, 6), (18, 6), (19, 6), (19, 7), (20, 7), (21, 7), (22, 7), (23, 7), (24, 7), (24, 6), (24, 5), (23, 5), (22, 5), (21, 5), (21, 4), (20, 4), (19, 4), (19, 5), (18, 4), (17, 4), (16, 4), (15, 4), (15, 3), (15, 2), (16, 2), (17, 2), (18, 2), (19, 2), (20, 2), (21, 2), (22, 2), (23, 2), (24, 2), (25, 2), (26, 2), (14, 2), (13, 2), (12, 2), (11, 2), (10, 2), (10, 1), (9, 1), (8, 1), (7, 1), (6, 1), (5, 1), (4, 1), (3, 1), (2, 1)]",244,0,244
