iteration,expanded_state,parent,action,generated_successors,frontier_before,frontier_after,explored,g,h,f
1,"(34, 16)",,,"[(34, 15) via South, (33, 16) via West]","[(34, 16):0]","[(33, 16):8589934592, (34, 15):17179869184]",[],0,0,0
2,"(33, 16)","(34, 16)",West,"[(32, 16) via West]","[(33, 16):8589934592, (34, 15):17179869184]","[(32, 16):12884901888, (34, 15):17179869184]","[(34, 16)]",8589934592,0,8589934592
3,"(32, 16)","(33, 16)",West,"[(31, 16) via West]","[(32, 16):12884901888, (34, 15):17179869184]","[(31, 16):15032385536, (34, 15):17179869184]","[(34, 16), (33, 16)]",12884901888,0,12884901888
4,"(31, 16)","(32, 16)",West,"[(30, 16) via West]","[(31, 16):15032385536, (34, 15):17179869184]","[(30, 16):16106127360, (34, 15):17179869184]","[(34, 16), (33, 16), (32, 16)]",15032385536,0,15032385536
5,"(30, 16)","(31, 16)",West,"[(29, 16) via West]","[(30, 16):16106127360, (34, 15):17179869184]","[(29, 16):16642998272, (34, 15):17179869184]","[(34, 16), (33, 16), (32, 16), (31, 16)]",16106127360,0,16106127360
6,"(29, 16)","(30, 16)",West,"[(28, 16) via West]","[(29, 16):16642998272, (34, 15):17179869184]","[(28, 16):16911433728, (34, 15):17179869184]","[(34, 16), (33, 16), (32, 16), (31, 16), (30, 16)]",16642998272,0,16642998272
7,"(28, 16)","(29, 16)",West,"[(27, 16) via West]","[(28, 16):16911433728, (34, 15):17179869184]","[(27, 16):17045651456, (34, 15):17179869184]","[(34, 16), (33, 16), (32, 16), (31, 16), (30, 16), (29, 16)]",16911433728,0,16911433728
8,"(27, 16)","(28, 16)",West,"[(26, 16) via West]","[(27, 16):17045651456, (34, 15):17179869184]","[(26, 16):17112760320, (34, 15):17179869184]","[(34, 16), (33, 16), (32, 16), (31, 16), (30, 16), (29, 16), (28, 16)]",17045651456,0,17045651456
9,"(26, 16)","(27, 16)",West,"[(25, 16) via West]","[(26, 16):17112760320, (34, 15):17179869184]","[(25, 16):17146314752, (34, 15):17179869184]","[(34, 16), (33, 16), (32, 16), (31, 16), (30, 16), (29, 16), (28, 16), (27, 16)]",17112760320,0,17112760320
10,"(25, 16)","(26, 16)",West,"[(25, 15) via South, (24, 16) via West]","[(25, 16):17146314752, (34, 15):17179869184]","[(24, 16):17163091968, (34, 15):17179869184, (25, 15):17179869184]","[(34, 16), (33, 16), (32, 16), (31, 16), (30, 16), (29, 16), (28, 16), (27, 16), (26, 16)]",17146314752,0,17146314752
11,"(24, 16)","(25, 16)",West,"[(23, 16) via West]","[(24, 16):17163091968, (34, 15):17179869184, (25, 15):17179869184]","[(23, 16):17171480576, (34, 15):17179869184, (25, 15):17179869184]","[(34, 16), (33, 16), (32, 16), (31, 16), (30, 16), (29, 16), (28, 16), (27, 16), (26, 16), (25, 16)]",17163091968,0,17163091968
12,"(23, 16)","(24, 16)",West,"[(22, 16) via West]","[(23, 16):17171480576, (34, 15):17179869184, (25, 15):17179869184]","[(22, 16):17175674880, (34, 15):17179869184, (25, 15):17179869184]","[(34, 16), (33, 16), (32, 16), (31, 16), (30, 16), (29, 16), (28, 16), (27, 16), (26, 16), (25, 16), (24, 16)]",17171480576,0,17171480576
13,"(22, 16)","(23, 16)",West,"[(21, 16) via West]","[(22, 16):17175674880, (34, 15):17179869184, (25, 15):17179869184]","[(21, 16):17177772032, (34, 15):17179869184, (25, 15):17179869184]","[(34, 16), (33, 16), (32, 16), (31, 16), (30, 16), (29, 16), (28, 16), (27, 16), (26, 16), (25, 16), (24, 16), (23, 16)]",17175674880,0,17175674880
14,"(21, 16)","(22, 16)",West,"[(20, 16) via West]","[(21, 16):17177772032, (34, 15):17179869184, (25, 15):17179869184]","[(20, 16):17178820608, (34, 15):17179869184, (25, 15):17179869184]","[(34, 16), (33, 16), (32, 16), (31, 16), (30, 16), (29, 16), (28, 16), (27, 16), (26, 16), (25, 16), (24, 16), (23, 16), (22, 16)]",17177772032,0,17177772032
15,"(20, 16)","(21, 16)",West,"[(19, 16) via West]","[(20, 16):17178820608, (34, 15):17179869184, (25, 15):17179869184]","[(19, 16):17179344896, (34, 15):17179869184, (25, 15):17179869184]","[(34, 16), (33, 16), (32, 16), (31, 16), (30, 16), (29, 16), (28, 16), (27, 16), (26, 16), (25, 16), (24, 16), (23, 16), (22, 16), (21, 16)]",17178820608,0,17178820608
16,"(19, 16)","(20, 16)",West,"[(18, 16) via West]","[(19, 16):17179344896, (34, 15):17179869184, (25, 15):17179869184]","[(18, 16):17179607040, (34, 15):17179869184, (25, 15):17179869184]","[(34, 16), (33, 16), (32, 16), (31, 16), (30, 16), (29, 16), (28, 16), (27, 16), (26, 16), (25, 16), (24, 16), (23, 16), (22, 16), (21, 16), (20, 16)]",17179344896,0,17179344896
17,"(18, 16)","(19, 16)",West,"[(17, 16) via West]","[(18, 16):17179607040, (34, 15):17179869184, (25, 15):17179869184]","[(17, 16):17179738112, (34, 15):17179869184, (25, 15):17179869184]","[(34, 16), (33, 16), (32, 16), (31, 16), (30, 16), (29, 16), (28, 16), (27, 16), (26, 16), (25, 16), (24, 16), (23, 16), (22, 16), (21, 16), (20, 16), (19, 16)]",17179607040,0,17179607040
18,"(17, 16)","(18, 16)",West,"[(16, 16) via West]","[(17, 16):17179738112, (34, 15):17179869184, (25, 15):17179869184]","[(16, 16):17179803648, (34, 15):17179869184, (25, 15):17179869184]","[(34, 16), (33, 16), (32, 16), (31, 16), (30, 16), (29, 16), (28, 16), (27, 16), (26, 16), (25, 16), (24, 16), (23, 16), (22, 16), (21, 16), (20, 16), (19, 16), (18, 16)]",17179738112,0,17179738112
19,"(16, 16)","(17, 16)",West,"[(15, 16) via West]","[(16, 16):17179803648, (34, 15):17179869184, (25, 15):17179869184]","[(15, 16):17179836416, (34, 15):17179869184, (25, 15):17179869184]","[(34, 16), (33, 16), (32, 16), (31, 16), (30, 16), (29, 16), (28, 16), (27, 16), (26, 16), (25, 16), (24, 16), (23, 16), (22, 16), (21, 16), (20, 16), (19, 16), (18, 16), (17, 16)]",17179803648,0,17179803648
20,"(15, 16)","(16, 16)",West,"[(14, 16) via West]","[(15, 16):17179836416, (34, 15):17179869184, (25, 15):17179869184]","[(14, 16):17179852800, (34, 15):17179869184, (25, 15):17179869184]","[(34, 16), (33, 16), (32, 16), (31, 16), (30, 16), (29, 16), (28, 16), (27, 16), (26, 16), (25, 16), (24, 16), (23, 16), (22, 16), (21, 16), (20, 16), (19, 16), (18, 16), (17, 16), (16, 16)]",17179836416,0,17179836416
21,"(14, 16)","(15, 16)",West,"[(13, 16) via West]","[(14, 16):17179852800, (34, 15):17179869184, (25, 15):17179869184]","[(13, 16):17179860992, (34, 15):17179869184, (25, 15):17179869184]","[(34, 16), (33, 16), (32, 16), (31, 16), (30, 16), (29, 16), (28, 16), (27, 16), (26, 16), (25, 16), (24, 16), (23, 16), (22, 16), (21, 16), (20, 16), (19, 16), (18, 16), (17, 16), (16, 16), (15, 16)]",17179852800,0,17179852800
22,"(13, 16)","(14, 16)",West,"[(12, 16) via West]","[(13, 16):17179860992, (34, 15):17179869184, (25, 15):17179869184]","[(12, 16):17179865088, (34, 15):17179869184, (25, 15):17179869184]","[(34, 16), (33, 16), (32, 16), (31, 16), (30, 16), (29, 16), (28, 16), (27, 16), (26, 16), (25, 16), (24, 16), (23, 16), (22, 16), (21, 16), (20, 16), (19, 16), (18, 16), (17, 16), (16, 16), (15, 16), (14, 16)]",17179860992,0,17179860992
23,"(12, 16)","(13, 16)",West,"[(11, 16) via West]","[(12, 16):17179865088, (34, 15):17179869184, (25, 15):17179869184]","[(11, 16):17179867136, (34, 15):17179869184, (25, 15):17179869184]","[(34, 16), (33, 16), (32, 16), (31, 16), (30, 16), (29, 16), (28, 16), (27, 16), (26, 16), (25, 16), (24, 16), (23, 16), (22, 16), (21, 16), (20, 16), (19, 16), (18, 16), (17, 16), (16, 16), (15, 16), (14, 16), (13, 16)]",17179865088,0,17179865088
24,"(11, 16)","(12, 16)",West,"[(10, 16) via West]","[(11, 16):17179867136, (34, 15):17179869184, (25, 15):17179869184]","[(10, 16):17179868160, (34, 15):17179869184, (25, 15):17179869184]","[(34, 16), (33, 16), (32, 16), (31, 16), (30, 16), (29, 16), (28, 16), (27, 16), (26, 16), (25, 16), (24, 16), (23, 16), (22, 16), (21, 16), (20, 16), (19, 16), (18, 16), (17, 16), (16, 16), (15, 16), (14, 16), (13, 16), (12, 16)]",17179867136,0,17179867136
25,"(10, 16)","(11, 16)",West,"[(9, 16) via West]","[(10, 16):17179868160, (34, 15):17179869184, (25, 15):17179869184]","[(9, 16):17179868672, (34, 15):17179869184, (25, 15):17179869184]","[(34, 16), (33, 16), (32, 16), (31, 16), (30, 16), (29, 16), (28, 16), (27, 16), (26, 16), (25, 16), (24, 16), (23, 16), (22, 16), (21, 16), (20, 16), (19, 16), (18, 16), (17, 16), (16, 16), (15, 16), (14, 16), (13, 16), (12, 16), (11, 16)]",17179868160,0,17179868160
26,"(9, 16)","(10, 16)",West,"[(8, 16) via West]","[(9, 16):17179868672, (34, 15):17179869184, (25, 15):17179869184]","[(8, 16):17179868928, (34, 15):17179869184, (25, 15):17179869184]","[(34, 16), (33, 16), (32, 16), (31, 16), (30, 16), (29, 16), (28, 16), (27, 16), (26, 16), (25, 16), (24, 16), (23, 16), (22, 16), (21, 16), (20, 16), (19, 16), (18, 16), (17, 16), (16, 16), (15, 16), (14, 16), (13, 16), (12, 16), (11, 16), (10, 16)]",17179868672,0,17179868672
27,"(8, 16)","(9, 16)",West,"[(7, 16) via West]","[(8, 16):17179868928, (34, 15):17179869184, (25, 15):17179869184]","[(7, 16):17179869056, (34, 15):17179869184, (25, 15):17179869184]","[(34, 16), (33, 16), (32, 16), (31, 16), (30, 16), (29, 16), (28, 16), (27, 16), (26, 16), (25, 16), (24, 16), (23, 16), (22, 16), (21, 16), (20, 16), (19, 16), (18, 16), (17, 16), (16, 16), (15, 16), (14, 16), (13, 16), (12, 16), (11, 16), (10, 16), (9, 16)]",17179868928,0,17179868928
28,"(7, 16)","(8, 16)",West,"[(6, 16) via West]","[(7, 16):17179869056, (34, 15):17179869184, (25, 15):17179869184]","[(6, 16):17179869120, (34, 15):17179869184, (25, 15):17179869184]","[(34, 16), (33, 16), (32, 16), (31, 16), (30, 16), (29, 16), (28, 16), (27, 16), (26, 16), (25, 16), (24, 16), (23, 16), (22, 16), (21, 16), (20, 16), (19, 16), (18, 16), (17, 16), (16, 16), (15, 16), (14, 16), (13, 16), (12, 16), (11, 16), (10, 16), (9, 16), (8, 16)]",17179869056,0,17179869056
29,"(6, 16)","(7, 16)",West,"[(5, 16) via West]","[(6, 16):17179869120, (34, 15):17179869184, (25, 15):17179869184]","[(5, 16):17179869152, (34, 15):17179869184, (25, 15):17179869184]","[(34, 16), (33, 16), (32, 16), (31, 16), (30, 16), (29, 16), (28, 16), (27, 16), (26, 16), (25, 16), (24, 16), (23, 16), (22, 16), (21, 16), (20, 16), (19, 16), (18, 16), (17, 16), (16, 16), (15, 16), (14, 16), (13, 16), (12, 16), (11, 16), (10, 16), (9, 16), (8, 16), (7, 16)]",17179869120,0,17179869120
30,"(5, 16)","(6, 16)",West,"[(4, 16) via West]","[(5, 16):17179869152, (34, 15):17179869184, (25, 15):17179869184]","[(4, 16):17179869168, (34, 15):17179869184, (25, 15):17179869184]","[(34, 16), (33, 16), (32, 16), (31, 16), (30, 16), (29, 16), (28, 16), (27, 16), (26, 16), (25, 16), (24, 16), (23, 16), (22, 16), (21, 16), (20, 16), (19, 16), (18, 16), (17, 16), (16, 16), (15, 16), (14, 16), (13, 16), (12, 16), (11, 16), (10, 16), (9, 16), (8, 16), (7, 16), (6, 16)]",17179869152,0,17179869152
31,"(4, 16)","(5, 16)",West,"[(3, 16) via West]","[(4, 16):17179869168, (34, 15):17179869184, (25, 15):17179869184]","[(3, 16):17179869176, (34, 15):17179869184, (25, 15):17179869184]","[(34, 16), (33, 16), (32, 16), (31, 16), (30, 16), (29, 16), (28, 16), (27, 16), (26, 16), (25, 16), (24, 16), (23, 16), (22, 16), (21, 16), (20, 16), (19, 16), (18, 16), (17, 16), (16, 16), (15, 16), (14, 16), (13, 16), (12, 16), (11, 16), (10, 16), (9, 16), (8, 16), (7, 16), (6, 16), (5, 16)]",17179869168,0,17179869168
32,"(3, 16)","(4, 16)",West,"[(2, 16) via West]","[(3, 16):17179869176, (34, 15):17179869184, (25, 15):17179869184]","[(2, 16):17179869180, (34, 15):17179869184, (25, 15):17179869184]","[(34, 16), (33, 16), (32, 16), (31, 16), (30, 16), (29, 16), (28, 16), (27, 16), (26, 16), (25, 16), (24, 16), (23, 16), (22, 16), (21, 16), (20, 16), (19, 16), (18, 16), (17, 16), (16, 16), (15, 16), (14, 16), (13, 16), (12, 16), (11, 16), (10, 16), (9, 16), (8, 16), (7, 16), (6, 16), (5, 16), (4, 16)]",17179869176,0,17179869176
33,"(2, 16)","(3, 16)",West,"[(1, 16) via West]","[(2, 16):17179869180, (34, 15):17179869184, (25, 15):17179869184]","[(1, 16):17179869182, (34, 15):17179869184, (25, 15):17179869184]","[(34, 16), (33, 16), (32, 16), (31, 16), (30, 16), (29, 16), (28, 16), (27, 16), (26, 16), (25, 16), (24, 16), (23, 16), (22, 16), (21, 16), (20, 16), (19, 16), (18, 16), (17, 16), (16, 16), (15, 16), (14, 16), (13, 16), (12, 16), (11, 16), (10, 16), (9, 16), (8, 16), (7, 16), (6, 16), (5, 16), (4, 16), (3, 16)]",17179869180,0,17179869180
34,"(1, 16)","(2, 16)",West,"[(1, 15) via South]","[(1, 16):17179869182, (34, 15):17179869184, (25, 15):17179869184]","[(34, 15):17179869184, (25, 15):17179869184, (1, 15):17179869184]","[(34, 16), (33, 16), (32, 16), (31, 16), (30, 16), (29, 16), (28, 16), (27, 16), (26, 16), (25, 16), (24, 16), (23, 16), (22, 16), (21, 16), (20, 16), (19, 16), (18, 16), (17, 16), (16, 16), (15, 16), (14, 16), (13, 16), (12, 16), (11, 16), (10, 16), (9, 16), (8, 16), (7, 16), (6, 16), (5, 16), (4, 16), (3, 16), (2, 16)]",17179869182,0,17179869182
35,"(34, 15)","(34, 16)",South,"[(34, 14) via South]","[(34, 15):17179869184, (25, 15):17179869184, (1, 15):17179869184]","[(25, 15):17179869184, (1, 15):17179869184, (34, 14):34359738368]","[(34, 16), (33, 16), (32, 16), (31, 16), (30, 16), (29, 16), (28, 16), (27, 16), (26, 16), (25, 16), (24, 16), (23, 16), (22, 16), (21, 16), (20, 16), (19, 16), (18, 16), (17, 16), (16, 16), (15, 16), (14, 16), (13, 16), (12, 16), (11, 16), (10, 16), (9, 16), (8, 16), (7, 16), (6, 16), (5, 16), (4, 16), (3, 16), (2, 16), (1, 16)]",17179869184,0,17179869184
36,"(25, 15)","(25, 16)",South,"[(25, 14) via South]","[(25, 15):17179869184, (1, 15):17179869184, (34, 14):34359738368]","[(1, 15):17179869184, (25, 14):17213423616, (34, 14):34359738368]","[(34, 16), (33, 16), (32, 16), (31, 16), (30, 16), (29, 16), (28, 16), (27, 16), (26, 16), (25, 16), (24, 16), (23, 16), (22, 16), (21, 16), (20, 16), (19, 16), (18, 16), (17, 16), (16, 16), (15, 16), (14, 16), (13, 16), (12, 16), (11, 16), (10, 16), (9, 16), (8, 16), (7, 16), (6, 16), (5, 16), (4, 16), (3, 16), (2, 16), (1, 16), (34, 15)]",17179869184,0,17179869184
37,"(1, 15)","(1, 16)",South,"[(1, 14) via South]","[(1, 15):17179869184, (25, 14):17213423616, (34, 14):34359738368]","[(1, 14):17179869186, (25, 14):17213423616, (34, 14):34359738368]","[(34, 16), (33, 16), (32, 16), (31, 16), (30, 16), (29, 16), (28, 16), (27, 16), (26, 16), (25, 16), (24, 16), (23, 16), (22, 16), (21, 16), (20, 16), (19, 16), (18, 16), (17, 16), (16, 16), (15, 16), (14, 16), (13, 16), (12, 16), (11, 16), (10, 16), (9, 16), (8, 16), (7, 16), (6, 16), (5, 16), (4, 16), (3, 16), (2, 16), (1, 16), (34, 15), (25, 15)]",17179869184,0,17179869184
38,"(1, 14)","(1, 15)",South,"[(1, 13) via South]","[(1, 14):17179869186, (25, 14):17213423616, (34, 14):34359738368]","[(1, 13):17179869188, (25, 14):17213423616, (34, 14):34359738368]","[(34, 16), (33, 16), (32, 16), (31, 16), (30, 16), (29, 16), (28, 16), (27, 16), (26, 16), (25, 16), (24, 16), (23, 16), (22, 16), (21, 16), (20, 16), (19, 16), (18, 16), (17, 16), (16, 16), (15, 16), (14, 16), (13, 16), (12, 16), (11, 16), (10, 16), (9, 16), (8, 16), (7, 16), (6, 16), (5, 16), (4, 16), (3, 16), (2, 16), (1, 16), (34, 15), (25, 15), (1, 15)]",17179869186,0,17179869186
39,"(1, 13)","(1, 14)",South,"[(1, 12) via South]","[(1, 13):17179869188, (25, 14):17213423616, (34, 14):34359738368]","[(1, 12):17179869190, (25, 14):17213423616, (34, 14):34359738368]","[(34, 16), (33, 16), (32, 16), (31, 16), (30, 16), (29, 16), (28, 16), (27, 16), (26, 16), (25, 16), (24, 16), (23, 16), (22, 16), (21, 16), (20, 16), (19, 16), (18, 16), (17, 16), (16, 16), (15, 16), (14, 16), (13, 16), (12, 16), (11, 16), (10, 16), (9, 16), (8, 16), (7, 16), (6, 16), (5, 16), (4, 16), (3, 16), (2, 16), (1, 16), (34, 15), (25, 15), (1, 15), (1, 14)]",17179869188,0,17179869188
40,"(1, 12)","(1, 13)",South,"[(1, 11) via South]","[(1, 12):17179869190, (25, 14):17213423616, (34, 14):34359738368]","[(1, 11):17179869192, (25, 14):17213423616, (34, 14):34359738368]","[(34, 16), (33, 16), (32, 16), (31, 16), (30, 16), (29, 16), (28, 16), (27, 16), (26, 16), (25, 16), (24, 16), (23, 16), (22, 16), (21, 16), (20, 16), (19, 16), (18, 16), (17, 16), (16, 16), (15, 16), (14, 16), (13, 16), (12, 16), (11, 16), (10, 16), (9, 16), (8, 16), (7, 16), (6, 16), (5, 16), (4, 16), (3, 16), (2, 16), (1, 16), (34, 15), (25, 15), (1, 15), (1, 14), (1, 13)]",17179869190,0,17179869190
41,"(1, 11)","(1, 12)",South,"[(1, 10) via South]","[(1, 11):17179869192, (25, 14):17213423616, (34, 14):34359738368]","[(1, 10):17179869194, (25, 14):17213423616, (34, 14):34359738368]","[(34, 16), (33, 16), (32, 16), (31, 16), (30, 16), (29, 16), (28, 16), (27, 16), (26, 16), (25, 16), (24, 16), (23, 16), (22, 16), (21, 16), (20, 16), (19, 16), (18, 16), (17, 16), (16, 16), (15, 16), (14, 16), (13, 16), (12, 16), (11, 16), (10, 16), (9, 16), (8, 16), (7, 16), (6, 16), (5, 16), (4, 16), (3, 16), (2, 16), (1, 16), (34, 15), (25, 15), (1, 15), (1, 14), (1, 13), (1, 12)]",17179869192,0,17179869192
42,"(1, 10)","(1, 11)",South,"[(1, 9) via South]","[(1, 10):17179869194, (25, 14):17213423616, (34, 14):34359738368]","[(1, 9):17179869196, (25, 14):17213423616, (34, 14):34359738368]","[(34, 16), (33, 16), (32, 16), (31, 16), (30, 16), (29, 16), (28, 16), (27, 16), (26, 16), (25, 16), (24, 16), (23, 16), (22, 16), (21, 16), (20, 16), (19, 16), (18, 16), (17, 16), (16, 16), (15, 16), (14, 16), (13, 16), (12, 16), (11, 16), (10, 16), (9, 16), (8, 16), (7, 16), (6, 16), (5, 16), (4, 16), (3, 16), (2, 16), (1, 16), (34, 15), (25, 15), (1, 15), (1, 14), (1, 13), (1, 12), (1, 11)]",17179869194,0,17179869194
43,"(1, 9)","(1, 10)",South,"[(1, 8) via South]","[(1, 9):17179869196, (25, 14):17213423616, (34, 14):34359738368]","[(1, 8):17179869198, (25, 14):17213423616, (34, 14):34359738368]","[(34, 16), (33, 16), (32, 16), (31, 16), (30, 16), (29, 16), (28, 16), (27, 16), (26, 16), (25, 16), (24, 16), (23, 16), (22, 16), (21, 16), (20, 16), (19, 16), (18, 16), (17, 16), (16, 16), (15, 16), (14, 16), (13, 16), (12, 16), (11, 16), (10, 16), (9, 16), (8, 16), (7, 16), (6, 16), (5, 16), (4, 16), (3, 16), (2, 16), (1, 16), (34, 15), (25, 15), (1, 15), (1, 14), (1, 13), (1, 12), (1, 11), (1, 10)]",17179869196,0,17179869196
44,"(1, 8)","(1, 9)",South,"[(1, 7) via South]","[(1, 8):17179869198, (25, 14):17213423616, (34, 14):34359738368]","[(1, 7):17179869200, (25, 14):17213423616, (34, 14):34359738368]","[(34, 16), (33, 16), (32, 16), (31, 16), (30, 16), (29, 16), (28, 16), (27, 16), (26, 16), (25, 16), (24, 16), (23, 16), (22, 16), (21, 16), (20, 16), (19, 16), (18, 16), (17, 16), (16, 16), (15, 16), (14, 16), (13, 16), (12, 16), (11, 16), (10, 16), (9, 16), (8, 16), (7, 16), (6, 16), (5, 16), (4, 16), (3, 16), (2, 16), (1, 16), (34, 15), (25, 15), (1, 15), (1, 14), (1, 13), (1, 12), (1, 11), (1, 10), (1, 9)]",17179869198,0,17179869198
45,"(1, 7)","(1, 8)",South,"[(2, 7) via East]","[(1, 7):17179869200, (25, 14):17213423616, (34, 14):34359738368]","[(2, 7):17179869204, (25, 14):17213423616, (34, 14):34359738368]","[(34, 16), (33, 16), (32, 16), (31, 16), (30, 16), (29, 16), (28, 16), (27, 16), (26, 16), (25, 16), (24, 16), (23, 16), (22, 16), (21, 16), (20, 16), (19, 16), (18, 16), (17, 16), (16, 16), (15, 16), (14, 16), (13, 16), (12, 16), (11, 16), (10, 16), (9, 16), (8, 16), (7, 16), (6, 16), (5, 16), (4, 16), (3, 16), (2, 16), (1, 16), (34, 15), (25, 15), (1, 15), (1, 14), (1, 13), (1, 12), (1, 11), (1, 10), (1, 9), (1, 8)]",17179869200,0,17179869200
46,"(2, 7)","(1, 7)",East,"[(3, 7) via East]","[(2, 7):17179869204, (25, 14):17213423616, (34, 14):34359738368]","[(3, 7):17179869212, (25, 14):17213423616, (34, 14):34359738368]","[(34, 16), (33, 16), (32, 16), (31, 16), (30, 16), (29, 16), (28, 16), (27, 16), (26, 16), (25, 16), (24, 16), (23, 16), (22, 16), (21, 16), (20, 16), (19, 16), (18, 16), (17, 16), (16, 16), (15, 16), (14, 16), (13, 16), (12, 16), (11, 16), (10, 16), (9, 16), (8, 16), (7, 16), (6, 16), (5, 16), (4, 16), (3, 16), (2, 16), (1, 16), (34, 15), (25, 15), (1, 15), (1, 14), (1, 13), (1, 12), (1, 11), (1, 10), (1, 9), (1, 8), (1, 7)]",17179869204,0,17179869204
47,"(3, 7)","(2, 7)",East,"[(4, 7) via East]","[(3, 7):17179869212, (25, 14):17213423616, (34, 14):34359738368]","[(4, 7):17179869228, (25, 14):17213423616, (34, 14):34359738368]","[(34, 16), (33, 16), (32, 16), (31, 16), (30, 16), (29, 16), (28, 16), (27, 16), (26, 16), (25, 16), (24, 16), (23, 16), (22, 16), (21, 16), (20, 16), (19, 16), (18, 16), (17, 16), (16, 16), (15, 16), (14, 16), (13, 16), (12, 16), (11, 16), (10, 16), (9, 16), (8, 16), (7, 16), (6, 16), (5, 16), (4, 16), (3, 16), (2, 16), (1, 16), (34, 15), (25, 15), (1, 15), (1, 14), (1, 13), (1, 12), (1, 11), (1, 10), (1, 9), (1, 8), (1, 7), (2, 7)]",17179869212,0,17179869212
48,"(4, 7)","(3, 7)",East,"[(4, 8) via North]","[(4, 7):17179869228, (25, 14):17213423616, (34, 14):34359738368]","[(4, 8):17179869244, (25, 14):17213423616, (34, 14):34359738368]","[(34, 16), (33, 16), (32, 16), (31, 16), (30, 16), (29, 16), (28, 16), (27, 16), (26, 16), (25, 16), (24, 16), (23, 16), (22, 16), (21, 16), (20, 16), (19, 16), (18, 16), (17, 16), (16, 16), (15, 16), (14, 16), (13, 16), (12, 16), (11, 16), (10, 16), (9, 16), (8, 16), (7, 16), (6, 16), (5, 16), (4, 16), (3, 16), (2, 16), (1, 16), (34, 15), (25, 15), (1, 15), (1, 14), (1, 13), (1, 12), (1, 11), (1, 10), (1, 9), (1, 8), (1, 7), (2, 7), (3, 7)]",17179869228,0,17179869228
49,"(4, 8)","(4, 7)",North,"[(4, 9) via North]","[(4, 8):17179869244, (25, 14):17213423616, (34, 14):34359738368]","[(4, 9):17179869260, (25, 14):17213423616, (34, 14):34359738368]","[(34, 16), (33, 16), (32, 16), (31, 16), (30, 16), (29, 16), (28, 16), (27, 16), (26, 16), (25, 16), (24, 16), (23, 16), (22, 16), (21, 16), (20, 16), (19, 16), (18, 16), (17, 16), (16, 16), (15, 16), (14, 16), (13, 16), (12, 16), (11, 16), (10, 16), (9, 16), (8, 16), (7, 16), (6, 16), (5, 16), (4, 16), (3, 16), (2, 16), (1, 16), (34, 15), (25, 15), (1, 15), (1, 14), (1, 13), (1, 12), (1, 11), (1, 10), (1, 9), (1, 8), (1, 7), (2, 7), (3, 7), (4, 7)]",17179869244,0,17179869244
50,"(4, 9)","(4, 8)",North,"[(4, 10) via North]","[(4, 9):17179869260, (25, 14):17213423616, (34, 14):34359738368]","[(4, 10):17179869276, (25, 14):17213423616, (34, 14):34359738368]","[(34, 16), (33, 16), (32, 16), (31, 16), (30, 16), (29, 16), (28, 16), (27, 16), (26, 16), (25, 16), (24, 16), (23, 16), (22, 16), (21, 16), (20, 16), (19, 16), (18, 16), (17, 16), (16, 16), (15, 16), (14, 16), (13, 16), (12, 16), (11, 16), (10, 16), (9, 16), (8, 16), (7, 16), (6, 16), (5, 16), (4, 16), (3, 16), (2, 16), (1, 16), (34, 15), (25, 15), (1, 15), (1, 14), (1, 13), (1, 12), (1, 11), (1, 10), (1, 9), (1, 8), (1, 7), (2, 7), (3, 7), (4, 7), (4, 8)]",17179869260,0,17179869260
51,"(4, 10)","(4, 9)",North,"[(4, 11) via North, (3, 10) via West]","[(4, 10):17179869276, (25, 14):17213423616, (34, 14):34359738368]","[(3, 10):17179869284, (4, 11):17179869292, (25, 14):17213423616, (34, 14):34359738368]","[(34, 16), (33, 16), (32, 16), (31, 16), (30, 16), (29, 16), (28, 16), (27, 16), (26, 16), (25, 16), (24, 16), (23, 16), (22, 16), (21, 16), (20, 16), (19, 16), (18, 16), (17, 16), (16, 16), (15, 16), (14, 16), (13, 16), (12, 16), (11, 16), (10, 16), (9, 16), (8, 16), (7, 16), (6, 16), (5, 16), (4, 16), (3, 16), (2, 16), (1, 16), (34, 15), (25, 15), (1, 15), (1, 14), (1, 13), (1, 12), (1, 11), (1, 10), (1, 9), (1, 8), (1, 7), (2, 7), (3, 7), (4, 7), (4, 8), (4, 9)]",17179869276,0,17179869276
52,"(3, 10)","(4, 10)",West,[],"[(3, 10):17179869284, (4, 11):17179869292, (25, 14):17213423616, (34, 14):34359738368]","[(4, 11):17179869292, (25, 14):17213423616, (34, 14):34359738368]","[(34, 16), (33, 16), (32, 16), (31, 16), (30, 16), (29, 16), (28, 16), (27, 16), (26, 16), (25, 16), (24, 16), (23, 16), (22, 16), (21, 16), (20, 16), (19, 16), (18, 16), (17, 16), (16, 16), (15, 16), (14, 16), (13, 16), (12, 16), (11, 16), (10, 16), (9, 16), (8, 16), (7, 16), (6, 16), (5, 16), (4, 16), (3, 16), (2, 16), (1, 16), (34, 15), (25, 15), (1, 15), (1, 14), (1, 13), (1, 12), (1, 11), (1, 10), (1, 9), (1, 8), (1, 7), (2, 7), (3, 7), (4, 7), (4, 8), (4, 9), (4, 10)]",17179869284,0,17179869284
53,"(4, 11)","(4, 10)",North,"[(4, 12) via North]","[(4, 11):17179869292, (25, 14):17213423616, (34, 14):34359738368]","[(4, 12):17179869308, (25, 14):17213423616, (34, 14):34359738368]","[(34, 16), (33, 16), (32, 16), (31, 16), (30, 16), (29, 16), (28, 16), (27, 16), (26, 16), (25, 16), (24, 16), (23, 16), (22, 16), (21, 16), (20, 16), (19, 16), (18, 16), (17, 16), (16, 16), (15, 16), (14, 16), (13, 16), (12, 16), (11, 16), (10, 16), (9, 16), (8, 16), (7, 16), (6, 16), (5, 16), (4, 16), (3, 16), (2, 16), (1, 16), (34, 15), (25, 15), (1, 15), (1, 14), (1, 13), (1, 12), (1, 11), (1, 10), (1, 9), (1, 8), (1, 7), (2, 7), (3, 7), (4, 7), (4, 8), (4, 9), (4, 10), (3, 10)]",17179869292,0,17179869292
54,"(4, 12)","(4, 11)",North,"[(4, 13) via North]","[(4, 12):17179869308, (25, 14):17213423616, (34, 14):34359738368]","[(4, 13):17179869324, (25, 14):17213423616, (34, 14):34359738368]","[(34, 16), (33, 16), (32, 16), (31, 16), (30, 16), (29, 16), (28, 16), (27, 16), (26, 16), (25, 16), (24, 16), (23, 16), (22, 16), (21, 16), (20, 16), (19, 16), (18, 16), (17, 16), (16, 16), (15, 16), (14, 16), (13, 16), (12, 16), (11, 16), (10, 16), (9, 16), (8, 16), (7, 16), (6, 16), (5, 16), (4, 16), (3, 16), (2, 16), (1, 16), (34, 15), (25, 15), (1, 15), (1, 14), (1, 13), (1, 12), (1, 11), (1, 10), (1, 9), (1, 8), (1, 7), (2, 7), (3, 7), (4, 7), (4, 8), (4, 9), (4, 10), (3, 10), (4, 11)]",17179869308,0,17179869308
55,"(4, 13)","(4, 12)",North,"[(4, 14) via North]","[(4, 13):17179869324, (25, 14):17213423616, (34, 14):34359738368]","[(4, 14):17179869340, (25, 14):17213423616, (34, 14):34359738368]","[(34, 16), (33, 16), (32, 16), (31, 16), (30, 16), (29, 16), (28, 16), (27, 16), (26, 16), (25, 16), (24, 16), (23, 16), (22, 16), (21, 16), (20, 16), (19, 16), (18, 16), (17, 16), (16, 16), (15, 16), (14, 16), (13, 16), (12, 16), (11, 16), (10, 16), (9, 16), (8, 16), (7, 16), (6, 16), (5, 16), (4, 16), (3, 16), (2, 16), (1, 16), (34, 15), (25, 15), (1, 15), (1, 14), (1, 13), (1, 12), (1, 11), (1, 10), (1, 9), (1, 8), (1, 7), (2, 7), (3, 7), (4, 7), (4, 8), (4, 9), (4, 10), (3, 10), (4, 11), (4, 12)]",17179869324,0,17179869324
56,"(4, 14)","(4, 13)",North,"[(5, 14) via East]","[(4, 14):17179869340, (25, 14):17213423616, (34, 14):34359738368]","[(5, 14):17179869372, (25, 14):17213423616, (34, 14):34359738368]","[(34, 16), (33, 16), (32, 16), (31, 16), (30, 16), (29, 16), (28, 16), (27, 16), (26, 16), (25, 16), (24, 16), (23, 16), (22, 16), (21, 16), (20, 16), (19, 16), (18, 16), (17, 16), (16, 16), (15, 16), (14, 16), (13, 16), (12, 16), (11, 16), (10, 16), (9, 16), (8, 16), (7, 16), (6, 16), (5, 16), (4, 16), (3, 16), (2, 16), (1, 16), (34, 15), (25, 15), (1, 15), (1, 14), (1, 13), (1, 12), (1, 11), (1, 10), (1, 9), (1, 8), (1, 7), (2, 7), (3, 7), (4, 7), (4, 8), (4, 9), (4, 10), (3, 10), (4, 11), (4, 12), (4, 13)]",17179869340,0,17179869340
57,"(5, 14)","(4, 14)",East,"[(6, 14) via East]","[(5, 14):17179869372, (25, 14):17213423616, (34, 14):34359738368]","[(6, 14):17179869436, (25, 14):17213423616, (34, 14):34359738368]","[(34, 16), (33, 16), (32, 16), (31, 16), (30, 16), (29, 16), (28, 16), (27, 16), (26, 16), (25, 16), (24, 16), (23, 16), (22, 16), (21, 16), (20, 16), (19, 16), (18, 16), (17, 16), (16, 16), (15, 16), (14, 16), (13, 16), (12, 16), (11, 16), (10, 16), (9, 16), (8, 16), (7, 16), (6, 16), (5, 16), (4, 16), (3, 16), (2, 16), (1, 16), (34, 15), (25, 15), (1, 15), (1, 14), (1, 13), (1, 12), (1, 11), (1, 10), (1, 9), (1, 8), (1, 7), (2, 7), (3, 7), (4, 7), (4, 8), (4, 9), (4, 10), (3, 10), (4, 11), (4, 12), (4, 13), (4, 14)]",17179869372,0,17179869372
58,"(6, 14)","(5, 14)",East,"[(6, 13) via South]","[(6, 14):17179869436, (25, 14):17213423616, (34, 14):34359738368]","[(6, 13):17179869500, (25, 14):17213423616, (34, 14):34359738368]","[(34, 16), (33, 16), (32, 16), (31, 16), (30, 16), (29, 16), (28, 16), (27, 16), (26, 16), (25, 16), (24, 16), (23, 16), (22, 16), (21, 16), (20, 16), (19, 16), (18, 16), (17, 16), (16, 16), (15, 16), (14, 16), (13, 16), (12, 16), (11, 16), (10, 16), (9, 16), (8, 16), (7, 16), (6, 16), (5, 16), (4, 16), (3, 16), (2, 16), (1, 16), (34, 15), (25, 15), (1, 15), (1, 14), (1, 13), (1, 12), (1, 11), (1, 10), (1, 9), (1, 8), (1, 7), (2, 7), (3, 7), (4, 7), (4, 8), (4, 9), (4, 10), (3, 10), (4, 11), (4, 12), (4, 13), (4, 14), (5, 14)]",17179869436,0,17179869436
59,"(6, 13)","(6, 14)",South,"[(6, 12) via South]","[(6, 13):17179869500, (25, 14):17213423616, (34, 14):34359738368]","[(6, 12):17179869564, (25, 14):17213423616, (34, 14):34359738368]","[(34, 16), (33, 16), (32, 16), (31, 16), (30, 16), (29, 16), (28, 16), (27, 16), (26, 16), (25, 16), (24, 16), (23, 16), (22, 16), (21, 16), (20, 16), (19, 16), (18, 16), (17, 16), (16, 16), (15, 16), (14, 16), (13, 16), (12, 16), (11, 16), (10, 16), (9, 16), (8, 16), (7, 16), (6, 16), (5, 16), (4, 16), (3, 16), (2, 16), (1, 16), (34, 15), (25, 15), (1, 15), (1, 14), (1, 13), (1, 12), (1, 11), (1, 10), (1, 9), (1, 8), (1, 7), (2, 7), (3, 7), (4, 7), (4, 8), (4, 9), (4, 10), (3, 10), (4, 11), (4, 12), (4, 13), (4, 14), (5, 14), (6, 14)]",17179869500,0,17179869500
60,"(6, 12)","(6, 13)",South,"[(6, 11) via South]","[(6, 12):17179869564, (25, 14):17213423616, (34, 14):34359738368]","[(6, 11):17179869628, (25, 14):17213423616, (34, 14):34359738368]","[(34, 16), (33, 16), (32, 16), (31, 16), (30, 16), (29, 16), (28, 16), (27, 16), (26, 16), (25, 16), (24, 16), (23, 16), (22, 16), (21, 16), (20, 16), (19, 16), (18, 16), (17, 16), (16, 16), (15, 16), (14, 16), (13, 16), (12, 16), (11, 16), (10, 16), (9, 16), (8, 16), (7, 16), (6, 16), (5, 16), (4, 16), (3, 16), (2, 16), (1, 16), (34, 15), (25, 15), (1, 15), (1, 14), (1, 13), (1, 12), (1, 11), (1, 10), (1, 9), (1, 8), (1, 7), (2, 7), (3, 7), (4, 7), (4, 8), (4, 9), (4, 10), (3, 10), (4, 11), (4, 12), (4, 13), (4, 14), (5, 14), (6, 14), (6, 13)]",17179869564,0,17179869564
61,"(6, 11)","(6, 12)",South,"[(6, 10) via South]","[(6, 11):17179869628, (25, 14):17213423616, (34, 14):34359738368]","[(6, 10):17179869692, (25, 14):17213423616, (34, 14):34359738368]","[(34, 16), (33, 16), (32, 16), (31, 16), (30, 16), (29, 16), (28, 16), (27, 16), (26, 16), (25, 16), (24, 16), (23, 16), (22, 16), (21, 16), (20, 16), (19, 16), (18, 16), (17, 16), (16, 16), (15, 16), (14, 16), (13, 16), (12, 16), (11, 16), (10, 16), (9, 16), (8, 16), (7, 16), (6, 16), (5, 16), (4, 16), (3, 16), (2, 16), (1, 16), (34, 15), (25, 15), (1, 15), (1, 14), (1, 13), (1, 12), (1, 11), (1, 10), (1, 9), (1, 8), (1, 7), (2, 7), (3, 7), (4, 7), (4, 8), (4, 9), (4, 10), (3, 10), (4, 11), (4, 12), (4, 13), (4, 14), (5, 14), (6, 14), (6, 13), (6, 12)]",17179869628,0,17179869628
62,"(6, 10)","(6, 11)",South,"[(6, 9) via South]","[(6, 10):17179869692, (25, 14):17213423616, (34, 14):34359738368]","[(6, 9):17179869756, (25, 14):17213423616, (34, 14):34359738368]","[(34, 16), (33, 16), (32, 16), (31, 16), (30, 16), (29, 16), (28, 16), (27, 16), (26, 16), (25, 16), (24, 16), (23, 16), (22, 16), (21, 16), (20, 16), (19, 16), (18, 16), (17, 16), (16, 16), (15, 16), (14, 16), (13, 16), (12, 16), (11, 16), (10, 16), (9, 16), (8, 16), (7, 16), (6, 16), (5, 16), (4, 16), (3, 16), (2, 16), (1, 16), (34, 15), (25, 15), (1, 15), (1, 14), (1, 13), (1, 12), (1, 11), (1, 10), (1, 9), (1, 8), (1, 7), (2, 7), (3, 7), (4, 7), (4, 8), (4, 9), (4, 10), (3, 10), (4, 11), (4, 12), (4, 13), (4, 14), (5, 14), (6, 14), (6, 13), (6, 12), (6, 11)]",17179869692,0,17179869692
63,"(6, 9)","(6, 10)",South,"[(6, 8) via South]","[(6, 9):17179869756, (25, 14):17213423616, (34, 14):34359738368]","[(6, 8):17179869820, (25, 14):17213423616, (34, 14):34359738368]","[(34, 16), (33, 16), (32, 16), (31, 16), (30, 16), (29, 16), (28, 16), (27, 16), (26, 16), (25, 16), (24, 16), (23, 16), (22, 16), (21, 16), (20, 16), (19, 16), (18, 16), (17, 16), (16, 16), (15, 16), (14, 16), (13, 16), (12, 16), (11, 16), (10, 16), (9, 16), (8, 16), (7, 16), (6, 16), (5, 16), (4, 16), (3, 16), (2, 16), (1, 16), (34, 15), (25, 15), (1, 15), (1, 14), (1, 13), (1, 12), (1, 11), (1, 10), (1, 9), (1, 8), (1, 7), (2, 7), (3, 7), (4, 7), (4, 8), (4, 9), (4, 10), (3, 10), (4, 11), (4, 12), (4, 13), (4, 14), (5, 14), (6, 14), (6, 13), (6, 12), (6, 11), (6, 10)]",17179869756,0,17179869756
64,"(6, 8)","(6, 9)",South,"[(7, 8) via East]","[(6, 8):17179869820, (25, 14):17213423616, (34, 14):34359738368]","[(7, 8):17179869948, (25, 14):17213423616, (34, 14):34359738368]","[(34, 16), (33, 16), (32, 16), (31, 16), (30, 16), (29, 16), (28, 16), (27, 16), (26, 16), (25, 16), (24, 16), (23, 16), (22, 16), (21, 16), (20, 16), (19, 16), (18, 16), (17, 16), (16, 16), (15, 16), (14, 16), (13, 16), (12, 16), (11, 16), (10, 16), (9, 16), (8, 16), (7, 16), (6, 16), (5, 16), (4, 16), (3, 16), (2, 16), (1, 16), (34, 15), (25, 15), (1, 15), (1, 14), (1, 13), (1, 12), (1, 11), (1, 10), (1, 9), (1, 8), (1, 7), (2, 7), (3, 7), (4, 7), (4, 8), (4, 9), (4, 10), (3, 10), (4, 11), (4, 12), (4, 13), (4, 14), (5, 14), (6, 14), (6, 13), (6, 12), (6, 11), (6, 10), (6, 9)]",17179869820,0,17179869820
65,"(7, 8)","(6, 8)",East,"[(8, 8) via East]","[(7, 8):17179869948, (25, 14):17213423616, (34, 14):34359738368]","[(8, 8):17179870204, (25, 14):17213423616, (34, 14):34359738368]","[(34, 16), (33, 16), (32, 16), (31, 16), (30, 16), (29, 16), (28, 16), (27, 16), (26, 16), (25, 16), (24, 16), (23, 16), (22, 16), (21, 16), (20, 16), (19, 16), (18, 16), (17, 16), (16, 16), (15, 16), (14, 16), (13, 16), (12, 16), (11, 16), (10, 16), (9, 16), (8, 16), (7, 16), (6, 16), (5, 16), (4, 16), (3, 16), (2, 16), (1, 16), (34, 15), (25, 15), (1, 15), (1, 14), (1, 13), (1, 12), (1, 11), (1, 10), (1, 9), (1, 8), (1, 7), (2, 7), (3, 7), (4, 7), (4, 8), (4, 9), (4, 10), (3, 10), (4, 11), (4, 12), (4, 13), (4, 14), (5, 14), (6, 14), (6, 13), (6, 12), (6, 11), (6, 10), (6, 9), (6, 8)]",17179869948,0,17179869948
66,"(8, 8)","(7, 8)",East,"[(8, 9) via North]","[(8, 8):17179870204, (25, 14):17213423616, (34, 14):34359738368]","[(8, 9):17179870460, (25, 14):17213423616, (34, 14):34359738368]","[(34, 16), (33, 16), (32, 16), (31, 16), (30, 16), (29, 16), (28, 16), (27, 16), (26, 16), (25, 16), (24, 16), (23, 16), (22, 16), (21, 16), (20, 16), (19, 16), (18, 16), (17, 16), (16, 16), (15, 16), (14, 16), (13, 16), (12, 16), (11, 16), (10, 16), (9, 16), (8, 16), (7, 16), (6, 16), (5, 16), (4, 16), (3, 16), (2, 16), (1, 16), (34, 15), (25, 15), (1, 15), (1, 14), (1, 13), (1, 12), (1, 11), (1, 10), (1, 9), (1, 8), (1, 7), (2, 7), (3, 7), (4, 7), (4, 8), (4, 9), (4, 10), (3, 10), (4, 11), (4, 12), (4, 13), (4, 14), (5, 14), (6, 14), (6, 13), (6, 12), (6, 11), (6, 10), (6, 9), (6, 8), (7, 8)]",17179870204,0,17179870204
67,"(8, 9)","(8, 8)",North,"[(8, 10) via North]","[(8, 9):17179870460, (25, 14):17213423616, (34, 14):34359738368]","[(8, 10):17179870716, (25, 14):17213423616, (34, 14):34359738368]","[(34, 16), (33, 16), (32, 16), (31, 16), (30, 16), (29, 16), (28, 16), (27, 16), (26, 16), (25, 16), (24, 16), (23, 16), (22, 16), (21, 16), (20, 16), (19, 16), (18, 16), (17, 16), (16, 16), (15, 16), (14, 16), (13, 16), (12, 16), (11, 16), (10, 16), (9, 16), (8, 16), (7, 16), (6, 16), (5, 16), (4, 16), (3, 16), (2, 16), (1, 16), (34, 15), (25, 15), (1, 15), (1, 14), (1, 13), (1, 12), (1, 11), (1, 10), (1, 9), (1, 8), (1, 7), (2, 7), (3, 7), (4, 7), (4, 8), (4, 9), (4, 10), (3, 10), (4, 11), (4, 12), (4, 13), (4, 14), (5, 14), (6, 14), (6, 13), (6, 12), (6, 11), (6, 10), (6, 9), (6, 8), (7, 8), (8, 8)]",17179870460,0,17179870460
68,"(8, 10)","(8, 9)",North,"[(8, 11) via North]","[(8, 10):17179870716, (25, 14):17213423616, (34, 14):34359738368]","[(8, 11):17179870972, (25, 14):17213423616, (34, 14):34359738368]","[(34, 16), (33, 16), (32, 16), (31, 16), (30, 16), (29, 16), (28, 16), (27, 16), (26, 16), (25, 16), (24, 16), (23, 16), (22, 16), (21, 16), (20, 16), (19, 16), (18, 16), (17, 16), (16, 16), (15, 16), (14, 16), (13, 16), (12, 16), (11, 16), (10, 16), (9, 16), (8, 16), (7, 16), (6, 16), (5, 16), (4, 16), (3, 16), (2, 16), (1, 16), (34, 15), (25, 15), (1, 15), (1, 14), (1, 13), (1, 12), (1, 11), (1, 10), (1, 9), (1, 8), (1, 7), (2, 7), (3, 7), (4, 7), (4, 8), (4, 9), (4, 10), (3, 10), (4, 11), (4, 12), (4, 13), (4, 14), (5, 14), (6, 14), (6, 13), (6, 12), (6, 11), (6, 10), (6, 9), (6, 8), (7, 8), (8, 8), (8, 9)]",17179870716,0,17179870716
69,"(8, 11)","(8, 10)",North,"[(8, 12) via North]","[(8, 11):17179870972, (25, 14):17213423616, (34, 14):34359738368]","[(8, 12):17179871228, (25, 14):17213423616, (34, 14):34359738368]","[(34, 16), (33, 16), (32, 16), (31, 16), (30, 16), (29, 16), (28, 16), (27, 16), (26, 16), (25, 16), (24, 16), (23, 16), (22, 16), (21, 16), (20, 16), (19, 16), (18, 16), (17, 16), (16, 16), (15, 16), (14, 16), (13, 16), (12, 16), (11, 16), (10, 16), (9, 16), (8, 16), (7, 16), (6, 16), (5, 16), (4, 16), (3, 16), (2, 16), (1, 16), (34, 15), (25, 15), (1, 15), (1, 14), (1, 13), (1, 12), (1, 11), (1, 10), (1, 9), (1, 8), (1, 7), (2, 7), (3, 7), (4, 7), (4, 8), (4, 9), (4, 10), (3, 10), (4, 11), (4, 12), (4, 13), (4, 14), (5, 14), (6, 14), (6, 13), (6, 12), (6, 11), (6, 10), (6, 9), (6, 8), (7, 8), (8, 8), (8, 9), (8, 10)]",17179870972,0,17179870972
70,"(8, 12)","(8, 11)",North,"[(8, 13) via North]","[(8, 12):17179871228, (25, 14):17213423616, (34, 14):34359738368]","[(8, 13):17179871484, (25, 14):17213423616, (34, 14):34359738368]","[(34, 16), (33, 16), (32, 16), (31, 16), (30, 16), (29, 16), (28, 16), (27, 16), (26, 16), (25, 16), (24, 16), (23, 16), (22, 16), (21, 16), (20, 16), (19, 16), (18, 16), (17, 16), (16, 16), (15, 16), (14, 16), (13, 16), (12, 16), (11, 16), (10, 16), (9, 16), (8, 16), (7, 16), (6, 16), (5, 16), (4, 16), (3, 16), (2, 16), (1, 16), (34, 15), (25, 15), (1, 15), (1, 14), (1, 13), (1, 12), (1, 11), (1, 10), (1, 9), (1, 8), (1, 7), (2, 7), (3, 7), (4, 7), (4, 8), (4, 9), (4, 10), (3, 10), (4, 11), (4, 12), (4, 13), (4, 14), (5, 14), (6, 14), (6, 13), (6, 12), (6, 11), (6, 10), (6, 9), (6, 8), (7, 8), (8, 8), (8, 9), (8, 10), (8, 11)]",17179871228,0,17179871228
71,"(8, 13)","(8, 12)",North,"[(8, 14) via North]","[(8, 13):17179871484, (25, 14):17213423616, (34, 14):34359738368]","[(8, 14):17179871740, (25, 14):17213423616, (34, 14):34359738368]","[(34, 16), (33, 16), (32, 16), (31, 16), (30, 16), (29, 16), (28, 16), (27, 16), (26, 16), (25, 16), (24, 16), (23, 16), (22, 16), (21, 16), (20, 16), (19, 16), (18, 16), (17, 16), (16, 16), (15, 16), (14, 16), (13, 16), (12, 16), (11, 16), (10, 16), (9, 16), (8, 16), (7, 16), (6, 16), (5, 16), (4, 16), (3, 16), (2, 16), (1, 16), (34, 15), (25, 15), (1, 15), (1, 14), (1, 13), (1, 12), (1, 11), (1, 10), (1, 9), (1, 8), (1, 7), (2, 7), (3, 7), (4, 7), (4, 8), (4, 9), (4, 10), (3, 10), (4, 11), (4, 12), (4, 13), (4, 14), (5, 14), (6, 14), (6, 13), (6, 12), (6, 11), (6, 10), (6, 9), (6, 8), (7, 8), (8, 8), (8, 9), (8, 10), (8, 11), (8, 12)]",17179871484,0,17179871484
72,"(8, 14)","(8, 13)",North,"[(9, 14) via East]","[(8, 14):17179871740, (25, 14):17213423616, (34, 14):34359738368]","[(9, 14):17179872252, (25, 14):17213423616, (34, 14):34359738368]","[(34, 16), (33, 16), (32, 16), (31, 16), (30, 16), (29, 16), (28, 16), (27, 16), (26, 16), (25, 16), (24, 16), (23, 16), (22, 16), (21, 16), (20, 16), (19, 16), (18, 16), (17, 16), (16, 16), (15, 16), (14, 16), (13, 16), (12, 16), (11, 16), (10, 16), (9, 16), (8, 16), (7, 16), (6, 16), (5, 16), (4, 16), (3, 16), (2, 16), (1, 16), (34, 15), (25, 15), (1, 15), (1, 14), (1, 13), (1, 12), (1, 11), (1, 10), (1, 9), (1, 8), (1, 7), (2, 7), (3, 7), (4, 7), (4, 8), (4, 9), (4, 10), (3, 10), (4, 11), (4, 12), (4, 13), (4, 14), (5, 14), (6, 14), (6, 13), (6, 12), (6, 11), (6, 10), (6, 9), (6, 8), (7, 8), (8, 8), (8, 9), (8, 10), (8, 11), (8, 12), (8, 13)]",17179871740,0,17179871740
73,"(9, 14)","(8, 14)",East,"[(10, 14) via East]","[(9, 14):17179872252, (25, 14):17213423616, (34, 14):34359738368]","[(10, 14):17179873276, (25, 14):17213423616, (34, 14):34359738368]","[(34, 16), (33, 16), (32, 16), (31, 16), (30, 16), (29, 16), (28, 16), (27, 16), (26, 16), (25, 16), (24, 16), (23, 16), (22, 16), (21, 16), (20, 16), (19, 16), (18, 16), (17, 16), (16, 16), (15, 16), (14, 16), (13, 16), (12, 16), (11, 16), (10, 16), (9, 16), (8, 16), (7, 16), (6, 16), (5, 16), (4, 16), (3, 16), (2, 16), (1, 16), (34, 15), (25, 15), (1, 15), (1, 14), (1, 13), (1, 12), (1, 11), (1, 10), (1, 9), (1, 8), (1, 7), (2, 7), (3, 7), (4, 7), (4, 8), (4, 9), (4, 10), (3, 10), (4, 11), (4, 12), (4, 13), (4, 14), (5, 14), (6, 14), (6, 13), (6, 12), (6, 11), (6, 10), (6, 9), (6, 8), (7, 8), (8, 8), (8, 9), (8, 10), (8, 11), (8, 12), (8, 13), (8, 14)]",17179872252,0,17179872252
74,"(10, 14)","(9, 14)",East,"[(10, 13) via South]","[(10, 14):17179873276, (25, 14):17213423616, (34, 14):34359738368]","[(10, 13):17179874300, (25, 14):17213423616, (34, 14):34359738368]","[(34, 16), (33, 16), (32, 16), (31, 16), (30, 16), (29, 16), (28, 16), (27, 16), (26, 16), (25, 16), (24, 16), (23, 16), (22, 16), (21, 16), (20, 16), (19, 16), (18, 16), (17, 16), (16, 16), (15, 16), (14, 16), (13, 16), (12, 16), (11, 16), (10, 16), (9, 16), (8, 16), (7, 16), (6, 16), (5, 16), (4, 16), (3, 16), (2, 16), (1, 16), (34, 15), (25, 15), (1, 15), (1, 14), (1, 13), (1, 12), (1, 11), (1, 10), (1, 9), (1, 8), (1, 7), (2, 7), (3, 7), (4, 7), (4, 8), (4, 9), (4, 10), (3, 10), (4, 11), (4, 12), (4, 13), (4, 14), (5, 14), (6, 14), (6, 13), (6, 12), (6, 11), (6, 10), (6, 9), (6, 8), (7, 8), (8, 8), (8, 9), (8, 10), (8, 11), (8, 12), (8, 13), (8, 14), (9, 14)]",17179873276,0,17179873276
75,"(10, 13)","(10, 14)",South,"[(10, 12) via South]","[(10, 13):17179874300, (25, 14):17213423616, (34, 14):34359738368]","[(10, 12):17179875324, (25, 14):17213423616, (34, 14):34359738368]","[(34, 16), (33, 16), (32, 16), (31, 16), (30, 16), (29, 16), (28, 16), (27, 16), (26, 16), (25, 16), (24, 16), (23, 16), (22, 16), (21, 16), (20, 16), (19, 16), (18, 16), (17, 16), (16, 16), (15, 16), (14, 16), (13, 16), (12, 16), (11, 16), (10, 16), (9, 16), (8, 16), (7, 16), (6, 16), (5, 16), (4, 16), (3, 16), (2, 16), (1, 16), (34, 15), (25, 15), (1, 15), (1, 14), (1, 13), (1, 12), (1, 11), (1, 10), (1, 9), (1, 8), (1, 7), (2, 7), (3, 7), (4, 7), (4, 8), (4, 9), (4, 10), (3, 10), (4, 11), (4, 12), (4, 13), (4, 14), (5, 14), (6, 14), (6, 13), (6, 12), (6, 11), (6, 10), (6, 9), (6, 8), (7, 8), (8, 8), (8, 9), (8, 10), (8, 11), (8, 12), (8, 13), (8, 14), (9, 14), (10, 14)]",17179874300,0,17179874300
76,"(10, 12)","(10, 13)",South,"[(10, 11) via South]","[(10, 12):17179875324, (25, 14):17213423616, (34, 14):34359738368]","[(10, 11):17179876348, (25, 14):17213423616, (34, 14):34359738368]","[(34, 16), (33, 16), (32, 16), (31, 16), (30, 16), (29, 16), (28, 16), (27, 16), (26, 16), (25, 16), (24, 16), (23, 16), (22, 16), (21, 16), (20, 16), (19, 16), (18, 16), (17, 16), (16, 16), (15, 16), (14, 16), (13, 16), (12, 16), (11, 16), (10, 16), (9, 16), (8, 16), (7, 16), (6, 16), (5, 16), (4, 16), (3, 16), (2, 16), (1, 16), (34, 15), (25, 15), (1, 15), (1, 14), (1, 13), (1, 12), (1, 11), (1, 10), (1, 9), (1, 8), (1, 7), (2, 7), (3, 7), (4, 7), (4, 8), (4, 9), (4, 10), (3, 10), (4, 11), (4, 12), (4, 13), (4, 14), (5, 14), (6, 14), (6, 13), (6, 12), (6, 11), (6, 10), (6, 9), (6, 8), (7, 8), (8, 8), (8, 9), (8, 10), (8, 11), (8, 12), (8, 13), (8, 14), (9, 14), (10, 14), (10, 13)]",17179875324,0,17179875324
77,"(10, 11)","(10, 12)",South,"[(10, 10) via South]","[(10, 11):17179876348, (25, 14):17213423616, (34, 14):34359738368]","[(10, 10):17179877372, (25, 14):17213423616, (34, 14):34359738368]","[(34, 16), (33, 16), (32, 16), (31, 16), (30, 16), (29, 16), (28, 16), (27, 16), (26, 16), (25, 16), (24, 16), (23, 16), (22, 16), (21, 16), (20, 16), (19, 16), (18, 16), (17, 16), (16, 16), (15, 16), (14, 16), (13, 16), (12, 16), (11, 16), (10, 16), (9, 16), (8, 16), (7, 16), (6, 16), (5, 16), (4, 16), (3, 16), (2, 16), (1, 16), (34, 15), (25, 15), (1, 15), (1, 14), (1, 13), (1, 12), (1, 11), (1, 10), (1, 9), (1, 8), (1, 7), (2, 7), (3, 7), (4, 7), (4, 8), (4, 9), (4, 10), (3, 10), (4, 11), (4, 12), (4, 13), (4, 14), (5, 14), (6, 14), (6, 13), (6, 12), (6, 11), (6, 10), (6, 9), (6, 8), (7, 8), (8, 8), (8, 9), (8, 10), (8, 11), (8, 12), (8, 13), (8, 14), (9, 14), (10, 14), (10, 13), (10, 12)]",17179876348,0,17179876348
78,"(10, 10)","(10, 11)",South,"[(11, 10) via East]","[(10, 10):17179877372, (25, 14):17213423616, (34, 14):34359738368]","[(11, 10):17179879420, (25, 14):17213423616, (34, 14):34359738368]","[(34, 16), (33, 16), (32, 16), (31, 16), (30, 16), (29, 16), (28, 16), (27, 16), (26, 16), (25, 16), (24, 16), (23, 16), (22, 16), (21, 16), (20, 16), (19, 16), (18, 16), (17, 16), (16, 16), (15, 16), (14, 16), (13, 16), (12, 16), (11, 16), (10, 16), (9, 16), (8, 16), (7, 16), (6, 16), (5, 16), (4, 16), (3, 16), (2, 16), (1, 16), (34, 15), (25, 15), (1, 15), (1, 14), (1, 13), (1, 12), (1, 11), (1, 10), (1, 9), (1, 8), (1, 7), (2, 7), (3, 7), (4, 7), (4, 8), (4, 9), (4, 10), (3, 10), (4, 11), (4, 12), (4, 13), (4, 14), (5, 14), (6, 14), (6, 13), (6, 12), (6, 11), (6, 10), (6, 9), (6, 8), (7, 8), (8, 8), (8, 9), (8, 10), (8, 11), (8, 12), (8, 13), (8, 14), (9, 14), (10, 14), (10, 13), (10, 12), (10, 11)]",17179877372,0,17179877372
79,"(11, 10)","(10, 10)",East,"[(12, 10) via East]","[(11, 10):17179879420, (25, 14):17213423616, (34, 14):34359738368]","[(12, 10):17179883516, (25, 14):17213423616, (34, 14):34359738368]","[(34, 16), (33, 16), (32, 16), (31, 16), (30, 16), (29, 16), (28, 16), (27, 16), (26, 16), (25, 16), (24, 16), (23, 16), (22, 16), (21, 16), (20, 16), (19, 16), (18, 16), (17, 16), (16, 16), (15, 16), (14, 16), (13, 16), (12, 16), (11, 16), (10, 16), (9, 16), (8, 16), (7, 16), (6, 16), (5, 16), (4, 16), (3, 16), (2, 16), (1, 16), (34, 15), (25, 15), (1, 15), (1, 14), (1, 13), (1, 12), (1, 11), (1, 10), (1, 9), (1, 8), (1, 7), (2, 7), (3, 7), (4, 7), (4, 8), (4, 9), (4, 10), (3, 10), (4, 11), (4, 12), (4, 13), (4, 14), (5, 14), (6, 14), (6, 13), (6, 12), (6, 11), (6, 10), (6, 9), (6, 8), (7, 8), (8, 8), (8, 9), (8, 10), (8, 11), (8, 12), (8, 13), (8, 14), (9, 14), (10, 14), (10, 13), (10, 12), (10, 11), (10, 10)]",17179879420,0,17179879420
80,"(12, 10)","(11, 10)",East,"[(12, 11) via North]","[(12, 10):17179883516, (25, 14):17213423616, (34, 14):34359738368]","[(12, 11):17179887612, (25, 14):17213423616, (34, 14):34359738368]","[(34, 16), (33, 16), (32, 16), (31, 16), (30, 16), (29, 16), (28, 16), (27, 16), (26, 16), (25, 16), (24, 16), (23, 16), (22, 16), (21, 16), (20, 16), (19, 16), (18, 16), (17, 16), (16, 16), (15, 16), (14, 16), (13, 16), (12, 16), (11, 16), (10, 16), (9, 16), (8, 16), (7, 16), (6, 16), (5, 16), (4, 16), (3, 16), (2, 16), (1, 16), (34, 15), (25, 15), (1, 15), (1, 14), (1, 13), (1, 12), (1, 11), (1, 10), (1, 9), (1, 8), (1, 7), (2, 7), (3, 7), (4, 7), (4, 8), (4, 9), (4, 10), (3, 10), (4, 11), (4, 12), (4, 13), (4, 14), (5, 14), (6, 14), (6, 13), (6, 12), (6, 11), (6, 10), (6, 9), (6, 8), (7, 8), (8, 8), (8, 9), (8, 10), (8, 11), (8, 12), (8, 13), (8, 14), (9, 14), (10, 14), (10, 13), (10, 12), (10, 11), (10, 10), (11, 10)]",17179883516,0,17179883516
81,"(12, 11)","(12, 10)",North,"[(12, 12) via North]","[(12, 11):17179887612, (25, 14):17213423616, (34, 14):34359738368]","[(12, 12):17179891708, (25, 14):17213423616, (34, 14):34359738368]","[(34, 16), (33, 16), (32, 16), (31, 16), (30, 16), (29, 16), (28, 16), (27, 16), (26, 16), (25, 16), (24, 16), (23, 16), (22, 16), (21, 16), (20, 16), (19, 16), (18, 16), (17, 16), (16, 16), (15, 16), (14, 16), (13, 16), (12, 16), (11, 16), (10, 16), (9, 16), (8, 16), (7, 16), (6, 16), (5, 16), (4, 16), (3, 16), (2, 16), (1, 16), (34, 15), (25, 15), (1, 15), (1, 14), (1, 13), (1, 12), (1, 11), (1, 10), (1, 9), (1, 8), (1, 7), (2, 7), (3, 7), (4, 7), (4, 8), (4, 9), (4, 10), (3, 10), (4, 11), (4, 12), (4, 13), (4, 14), (5, 14), (6, 14), (6, 13), (6, 12), (6, 11), (6, 10), (6, 9), (6, 8), (7, 8), (8, 8), (8, 9), (8, 10), (8, 11), (8, 12), (8, 13), (8, 14), (9, 14), (10, 14), (10, 13), (10, 12), (10, 11), (10, 10), (11, 10), (12, 10)]",17179887612,0,17179887612
82,"(12, 12)","(12, 11)",North,"[(12, 13) via North, (13, 12) via East]","[(12, 12):17179891708, (25, 14):17213423616, (34, 14):34359738368]","[(12, 13):17179895804, (13, 12):17179899900, (25, 14):17213423616, (34, 14):34359738368]","[(34, 16), (33, 16), (32, 16), (31, 16), (30, 16), (29, 16), (28, 16), (27, 16), (26, 16), (25, 16), (24, 16), (23, 16), (22, 16), (21, 16), (20, 16), (19, 16), (18, 16), (17, 16), (16, 16), (15, 16), (14, 16), (13, 16), (12, 16), (11, 16), (10, 16), (9, 16), (8, 16), (7, 16), (6, 16), (5, 16), (4, 16), (3, 16), (2, 16), (1, 16), (34, 15), (25, 15), (1, 15), (1, 14), (1, 13), (1, 12), (1, 11), (1, 10), (1, 9), (1, 8), (1, 7), (2, 7), (3, 7), (4, 7), (4, 8), (4, 9), (4, 10), (3, 10), (4, 11), (4, 12), (4, 13), (4, 14), (5, 14), (6, 14), (6, 13), (6, 12), (6, 11), (6, 10), (6, 9), (6, 8), (7, 8), (8, 8), (8, 9), (8, 10), (8, 11), (8, 12), (8, 13), (8, 14), (9, 14), (10, 14), (10, 13), (10, 12), (10, 11), (10, 10), (11, 10), (12, 10), (12, 11)]",17179891708,0,17179891708
83,"(12, 13)","(12, 12)",North,"[(12, 14) via North]","[(12, 13):17179895804, (13, 12):17179899900, (25, 14):17213423616, (34, 14):34359738368]","[(13, 12):17179899900, (12, 14):17179899900, (25, 14):17213423616, (34, 14):34359738368]","[(34, 16), (33, 16), (32, 16), (31, 16), (30, 16), (29, 16), (28, 16), (27, 16), (26, 16), (25, 16), (24, 16), (23, 16), (22, 16), (21, 16), (20, 16), (19, 16), (18, 16), (17, 16), (16, 16), (15, 16), (14, 16), (13, 16), (12, 16), (11, 16), (10, 16), (9, 16), (8, 16), (7, 16), (6, 16), (5, 16), (4, 16), (3, 16), (2, 16), (1, 16), (34, 15), (25, 15), (1, 15), (1, 14), (1, 13), (1, 12), (1, 11), (1, 10), (1, 9), (1, 8), (1, 7), (2, 7), (3, 7), (4, 7), (4, 8), (4, 9), (4, 10), (3, 10), (4, 11), (4, 12), (4, 13), (4, 14), (5, 14), (6, 14), (6, 13), (6, 12), (6, 11), (6, 10), (6, 9), (6, 8), (7, 8), (8, 8), (8, 9), (8, 10), (8, 11), (8, 12), (8, 13), (8, 14), (9, 14), (10, 14), (10, 13), (10, 12), (10, 11), (10, 10), (11, 10), (12, 10), (12, 11), (12, 12)]",17179895804,0,17179895804
84,"(13, 12)","(12, 12)",East,"[(14, 12) via East]","[(13, 12):17179899900, (12, 14):17179899900, (25, 14):17213423616, (34, 14):34359738368]","[(12, 14):17179899900, (14, 12):17179916284, (25, 14):17213423616, (34, 14):34359738368]","[(34, 16), (33, 16), (32, 16), (31, 16), (30, 16), (29, 16), (28, 16), (27, 16), (26, 16), (25, 16), (24, 16), (23, 16), (22, 16), (21, 16), (20, 16), (19, 16), (18, 16), (17, 16), (16, 16), (15, 16), (14, 16), (13, 16), (12, 16), (11, 16), (10, 16), (9, 16), (8, 16), (7, 16), (6, 16), (5, 16), (4, 16), (3, 16), (2, 16), (1, 16), (34, 15), (25, 15), (1, 15), (1, 14), (1, 13), (1, 12), (1, 11), (1, 10), (1, 9), (1, 8), (1, 7), (2, 7), (3, 7), (4, 7), (4, 8), (4, 9), (4, 10), (3, 10), (4, 11), (4, 12), (4, 13), (4, 14), (5, 14), (6, 14), (6, 13), (6, 12), (6, 11), (6, 10), (6, 9), (6, 8), (7, 8), (8, 8), (8, 9), (8, 10), (8, 11), (8, 12), (8, 13), (8, 14), (9, 14), (10, 14), (10, 13), (10, 12), (10, 11), (10, 10), (11, 10), (12, 10), (12, 11), (12, 12), (12, 13)]",17179899900,0,17179899900
85,"(12, 14)","(12, 13)",North,"[(13, 14) via East]","[(12, 14):17179899900, (14, 12):17179916284, (25, 14):17213423616, (34, 14):34359738368]","[(13, 14):17179908092, (14, 12):17179916284, (25, 14):17213423616, (34, 14):34359738368]","[(34, 16), (33, 16), (32, 16), (31, 16), (30, 16), (29, 16), (28, 16), (27, 16), (26, 16), (25, 16), (24, 16), (23, 16), (22, 16), (21, 16), (20, 16), (19, 16), (18, 16), (17, 16), (16, 16), (15, 16), (14, 16), (13, 16), (12, 16), (11, 16), (10, 16), (9, 16), (8, 16), (7, 16), (6, 16), (5, 16), (4, 16), (3, 16), (2, 16), (1, 16), (34, 15), (25, 15), (1, 15), (1, 14), (1, 13), (1, 12), (1, 11), (1, 10), (1, 9), (1, 8), (1, 7), (2, 7), (3, 7), (4, 7), (4, 8), (4, 9), (4, 10), (3, 10), (4, 11), (4, 12), (4, 13), (4, 14), (5, 14), (6, 14), (6, 13), (6, 12), (6, 11), (6, 10), (6, 9), (6, 8), (7, 8), (8, 8), (8, 9), (8, 10), (8, 11), (8, 12), (8, 13), (8, 14), (9, 14), (10, 14), (10, 13), (10, 12), (10, 11), (10, 10), (11, 10), (12, 10), (12, 11), (12, 12), (12, 13), (13, 12)]",17179899900,0,17179899900
86,"(13, 14)","(12, 14)",East,"[(14, 14) via East]","[(13, 14):17179908092, (14, 12):17179916284, (25, 14):17213423616, (34, 14):34359738368]","[(14, 12):17179916284, (14, 14):17179924476, (25, 14):17213423616, (34, 14):34359738368]","[(34, 16), (33, 16), (32, 16), (31, 16), (30, 16), (29, 16), (28, 16), (27, 16), (26, 16), (25, 16), (24, 16), (23, 16), (22, 16), (21, 16), (20, 16), (19, 16), (18, 16), (17, 16), (16, 16), (15, 16), (14, 16), (13, 16), (12, 16), (11, 16), (10, 16), (9, 16), (8, 16), (7, 16), (6, 16), (5, 16), (4, 16), (3, 16), (2, 16), (1, 16), (34, 15), (25, 15), (1, 15), (1, 14), (1, 13), (1, 12), (1, 11), (1, 10), (1, 9), (1, 8), (1, 7), (2, 7), (3, 7), (4, 7), (4, 8), (4, 9), (4, 10), (3, 10), (4, 11), (4, 12), (4, 13), (4, 14), (5, 14), (6, 14), (6, 13), (6, 12), (6, 11), (6, 10), (6, 9), (6, 8), (7, 8), (8, 8), (8, 9), (8, 10), (8, 11), (8, 12), (8, 13), (8, 14), (9, 14), (10, 14), (10, 13), (10, 12), (10, 11), (10, 10), (11, 10), (12, 10), (12, 11), (12, 12), (12, 13), (13, 12), (12, 14)]",17179908092,0,17179908092
87,"(14, 12)","(13, 12)",East,"[(14, 11) via South, (15, 12) via East]","[(14, 12):17179916284, (14, 14):17179924476, (25, 14):17213423616, (34, 14):34359738368]","[(14, 14):17179924476, (14, 11):17179932668, (15, 12):17179949052, (25, 14):17213423616, (34, 14):34359738368]","[(34, 16), (33, 16), (32, 16), (31, 16), (30, 16), (29, 16), (28, 16), (27, 16), (26, 16), (25, 16), (24, 16), (23, 16), (22, 16), (21, 16), (20, 16), (19, 16), (18, 16), (17, 16), (16, 16), (15, 16), (14, 16), (13, 16), (12, 16), (11, 16), (10, 16), (9, 16), (8, 16), (7, 16), (6, 16), (5, 16), (4, 16), (3, 16), (2, 16), (1, 16), (34, 15), (25, 15), (1, 15), (1, 14), (1, 13), (1, 12), (1, 11), (1, 10), (1, 9), (1, 8), (1, 7), (2, 7), (3, 7), (4, 7), (4, 8), (4, 9), (4, 10), (3, 10), (4, 11), (4, 12), (4, 13), (4, 14), (5, 14), (6, 14), (6, 13), (6, 12), (6, 11), (6, 10), (6, 9), (6, 8), (7, 8), (8, 8), (8, 9), (8, 10), (8, 11), (8, 12), (8, 13), (8, 14), (9, 14), (10, 14), (10, 13), (10, 12), (10, 11), (10, 10), (11, 10), (12, 10), (12, 11), (12, 12), (12, 13), (13, 12), (12, 14), (13, 14)]",17179916284,0,17179916284
88,"(14, 14)","(13, 14)",East,"[(15, 14) via East]","[(14, 14):17179924476, (14, 11):17179932668, (15, 12):17179949052, (25, 14):17213423616, (34, 14):34359738368]","[(14, 11):17179932668, (15, 12):17179949052, (15, 14):17179957244, (25, 14):17213423616, (34, 14):34359738368]","[(34, 16), (33, 16), (32, 16), (31, 16), (30, 16), (29, 16), (28, 16), (27, 16), (26, 16), (25, 16), (24, 16), (23, 16), (22, 16), (21, 16), (20, 16), (19, 16), (18, 16), (17, 16), (16, 16), (15, 16), (14, 16), (13, 16), (12, 16), (11, 16), (10, 16), (9, 16), (8, 16), (7, 16), (6, 16), (5, 16), (4, 16), (3, 16), (2, 16), (1, 16), (34, 15), (25, 15), (1, 15), (1, 14), (1, 13), (1, 12), (1, 11), (1, 10), (1, 9), (1, 8), (1, 7), (2, 7), (3, 7), (4, 7), (4, 8), (4, 9), (4, 10), (3, 10), (4, 11), (4, 12), (4, 13), (4, 14), (5, 14), (6, 14), (6, 13), (6, 12), (6, 11), (6, 10), (6, 9), (6, 8), (7, 8), (8, 8), (8, 9), (8, 10), (8, 11), (8, 12), (8, 13), (8, 14), (9, 14), (10, 14), (10, 13), (10, 12), (10, 11), (10, 10), (11, 10), (12, 10), (12, 11), (12, 12), (12, 13), (13, 12), (12, 14), (13, 14), (14, 12)]",17179924476,0,17179924476
89,"(14, 11)","(14, 12)",South,"[(14, 10) via South]","[(14, 11):17179932668, (15, 12):17179949052, (15, 14):17179957244, (25, 14):17213423616, (34, 14):34359738368]","[(15, 12):17179949052, (14, 10):17179949052, (15, 14):17179957244, (25, 14):17213423616, (34, 14):34359738368]","[(34, 16), (33, 16), (32, 16), (31, 16), (30, 16), (29, 16), (28, 16), (27, 16), (26, 16), (25, 16), (24, 16), (23, 16), (22, 16), (21, 16), (20, 16), (19, 16), (18, 16), (17, 16), (16, 16), (15, 16), (14, 16), (13, 16), (12, 16), (11, 16), (10, 16), (9, 16), (8, 16), (7, 16), (6, 16), (5, 16), (4, 16), (3, 16), (2, 16), (1, 16), (34, 15), (25, 15), (1, 15), (1, 14), (1, 13), (1, 12), (1, 11), (1, 10), (1, 9), (1, 8), (1, 7), (2, 7), (3, 7), (4, 7), (4, 8), (4, 9), (4, 10), (3, 10), (4, 11), (4, 12), (4, 13), (4, 14), (5, 14), (6, 14), (6, 13), (6, 12), (6, 11), (6, 10), (6, 9), (6, 8), (7, 8), (8, 8), (8, 9), (8, 10), (8, 11), (8, 12), (8, 13), (8, 14), (9, 14), (10, 14), (10, 13), (10, 12), (10, 11), (10, 10), (11, 10), (12, 10), (12, 11), (12, 12), (12, 13), (13, 12), (12, 14), (13, 14), (14, 12), (14, 14)]",17179932668,0,17179932668
90,"(15, 12)","(14, 12)",East,"[(16, 12) via East]","[(15, 12):17179949052, (14, 10):17179949052, (15, 14):17179957244, (25, 14):17213423616, (34, 14):34359738368]","[(14, 10):17179949052, (15, 14):17179957244, (16, 12):17180014588, (25, 14):17213423616, (34, 14):34359738368]","[(34, 16), (33, 16), (32, 16), (31, 16), (30, 16), (29, 16), (28, 16), (27, 16), (26, 16), (25, 16), (24, 16), (23, 16), (22, 16), (21, 16), (20, 16), (19, 16), (18, 16), (17, 16), (16, 16), (15, 16), (14, 16), (13, 16), (12, 16), (11, 16), (10, 16), (9, 16), (8, 16), (7, 16), (6, 16), (5, 16), (4, 16), (3, 16), (2, 16), (1, 16), (34, 15), (25, 15), (1, 15), (1, 14), (1, 13), (1, 12), (1, 11), (1, 10), (1, 9), (1, 8), (1, 7), (2, 7), (3, 7), (4, 7), (4, 8), (4, 9), (4, 10), (3, 10), (4, 11), (4, 12), (4, 13), (4, 14), (5, 14), (6, 14), (6, 13), (6, 12), (6, 11), (6, 10), (6, 9), (6, 8), (7, 8), (8, 8), (8, 9), (8, 10), (8, 11), (8, 12), (8, 13), (8, 14), (9, 14), (10, 14), (10, 13), (10, 12), (10, 11), (10, 10), (11, 10), (12, 10), (12, 11), (12, 12), (12, 13), (13, 12), (12, 14), (13, 14), (14, 12), (14, 14), (14, 11)]",17179949052,0,17179949052
91,"(14, 10)","(14, 11)",South,"[(15, 10) via East]","[(14, 10):17179949052, (15, 14):17179957244, (16, 12):17180014588, (25, 14):17213423616, (34, 14):34359738368]","[(15, 14):17179957244, (15, 10):17179981820, (16, 12):17180014588, (25, 14):17213423616, (34, 14):34359738368]","[(34, 16), (33, 16), (32, 16), (31, 16), (30, 16), (29, 16), (28, 16), (27, 16), (26, 16), (25, 16), (24, 16), (23, 16), (22, 16), (21, 16), (20, 16), (19, 16), (18, 16), (17, 16), (16, 16), (15, 16), (14, 16), (13, 16), (12, 16), (11, 16), (10, 16), (9, 16), (8, 16), (7, 16), (6, 16), (5, 16), (4, 16), (3, 16), (2, 16), (1, 16), (34, 15), (25, 15), (1, 15), (1, 14), (1, 13), (1, 12), (1, 11), (1, 10), (1, 9), (1, 8), (1, 7), (2, 7), (3, 7), (4, 7), (4, 8), (4, 9), (4, 10), (3, 10), (4, 11), (4, 12), (4, 13), (4, 14), (5, 14), (6, 14), (6, 13), (6, 12), (6, 11), (6, 10), (6, 9), (6, 8), (7, 8), (8, 8), (8, 9), (8, 10), (8, 11), (8, 12), (8, 13), (8, 14), (9, 14), (10, 14), (10, 13), (10, 12), (10, 11), (10, 10), (11, 10), (12, 10), (12, 11), (12, 12), (12, 13), (13, 12), (12, 14), (13, 14), (14, 12), (14, 14), (14, 11), (15, 12)]",17179949052,0,17179949052
92,"(15, 14)","(14, 14)",East,"[(16, 14) via East]","[(15, 14):17179957244, (15, 10):17179981820, (16, 12):17180014588, (25, 14):17213423616, (34, 14):34359738368]","[(15, 10):17179981820, (16, 12):17180014588, (16, 14):17180022780, (25, 14):17213423616, (34, 14):34359738368]","[(34, 16), (33, 16), (32, 16), (31, 16), (30, 16), (29, 16), (28, 16), (27, 16), (26, 16), (25, 16), (24, 16), (23, 16), (22, 16), (21, 16), (20, 16), (19, 16), (18, 16), (17, 16), (16, 16), (15, 16), (14, 16), (13, 16), (12, 16), (11, 16), (10, 16), (9, 16), (8, 16), (7, 16), (6, 16), (5, 16), (4, 16), (3, 16), (2, 16), (1, 16), (34, 15), (25, 15), (1, 15), (1, 14), (1, 13), (1, 12), (1, 11), (1, 10), (1, 9), (1, 8), (1, 7), (2, 7), (3, 7), (4, 7), (4, 8), (4, 9), (4, 10), (3, 10), (4, 11), (4, 12), (4, 13), (4, 14), (5, 14), (6, 14), (6, 13), (6, 12), (6, 11), (6, 10), (6, 9), (6, 8), (7, 8), (8, 8), (8, 9), (8, 10), (8, 11), (8, 12), (8, 13), (8, 14), (9, 14), (10, 14), (10, 13), (10, 12), (10, 11), (10, 10), (11, 10), (12, 10), (12, 11), (12, 12), (12, 13), (13, 12), (12, 14), (13, 14), (14, 12), (14, 14), (14, 11), (15, 12), (14, 10)]",17179957244,0,17179957244
93,"(15, 10)","(14, 10)",East,"[(16, 10) via East]","[(15, 10):17179981820, (16, 12):17180014588, (16, 14):17180022780, (25, 14):17213423616, (34, 14):34359738368]","[(16, 12):17180014588, (16, 14):17180022780, (16, 10):17180047356, (25, 14):17213423616, (34, 14):34359738368]","[(34, 16), (33, 16), (32, 16), (31, 16), (30, 16), (29, 16), (28, 16), (27, 16), (26, 16), (25, 16), (24, 16), (23, 16), (22, 16), (21, 16), (20, 16), (19, 16), (18, 16), (17, 16), (16, 16), (15, 16), (14, 16), (13, 16), (12, 16), (11, 16), (10, 16), (9, 16), (8, 16), (7, 16), (6, 16), (5, 16), (4, 16), (3, 16), (2, 16), (1, 16), (34, 15), (25, 15), (1, 15), (1, 14), (1, 13), (1, 12), (1, 11), (1, 10), (1, 9), (1, 8), (1, 7), (2, 7), (3, 7), (4, 7), (4, 8), (4, 9), (4, 10), (3, 10), (4, 11), (4, 12), (4, 13), (4, 14), (5, 14), (6, 14), (6, 13), (6, 12), (6, 11), (6, 10), (6, 9), (6, 8), (7, 8), (8, 8), (8, 9), (8, 10), (8, 11), (8, 12), (8, 13), (8, 14), (9, 14), (10, 14), (10, 13), (10, 12), (10, 11), (10, 10), (11, 10), (12, 10), (12, 11), (12, 12), (12, 13), (13, 12), (12, 14), (13, 14), (14, 12), (14, 14), (14, 11), (15, 12), (14, 10), (15, 14)]",17179981820,0,17179981820
94,"(16, 12)","(15, 12)",East,"[(17, 12) via East]","[(16, 12):17180014588, (16, 14):17180022780, (16, 10):17180047356, (25, 14):17213423616, (34, 14):34359738368]","[(16, 14):17180022780, (16, 10):17180047356, (17, 12):17180145660, (25, 14):17213423616, (34, 14):34359738368]","[(34, 16), (33, 16), (32, 16), (31, 16), (30, 16), (29, 16), (28, 16), (27, 16), (26, 16), (25, 16), (24, 16), (23, 16), (22, 16), (21, 16), (20, 16), (19, 16), (18, 16), (17, 16), (16, 16), (15, 16), (14, 16), (13, 16), (12, 16), (11, 16), (10, 16), (9, 16), (8, 16), (7, 16), (6, 16), (5, 16), (4, 16), (3, 16), (2, 16), (1, 16), (34, 15), (25, 15), (1, 15), (1, 14), (1, 13), (1, 12), (1, 11), (1, 10), (1, 9), (1, 8), (1, 7), (2, 7), (3, 7), (4, 7), (4, 8), (4, 9), (4, 10), (3, 10), (4, 11), (4, 12), (4, 13), (4, 14), (5, 14), (6, 14), (6, 13), (6, 12), (6, 11), (6, 10), (6, 9), (6, 8), (7, 8), (8, 8), (8, 9), (8, 10), (8, 11), (8, 12), (8, 13), (8, 14), (9, 14), (10, 14), (10, 13), (10, 12), (10, 11), (10, 10), (11, 10), (12, 10), (12, 11), (12, 12), (12, 13), (13, 12), (12, 14), (13, 14), (14, 12), (14, 14), (14, 11), (15, 12), (14, 10), (15, 14), (15, 10)]",17180014588,0,17180014588
95,"(16, 14)","(15, 14)",East,"[(17, 14) via East]","[(16, 14):17180022780, (16, 10):17180047356, (17, 12):17180145660, (25, 14):17213423616, (34, 14):34359738368]","[(16, 10):17180047356, (17, 12):17180145660, (17, 14):17180153852, (25, 14):17213423616, (34, 14):34359738368]","[(34, 16), (33, 16), (32, 16), (31, 16), (30, 16), (29, 16), (28, 16), (27, 16), (26, 16), (25, 16), (24, 16), (23, 16), (22, 16), (21, 16), (20, 16), (19, 16), (18, 16), (17, 16), (16, 16), (15, 16), (14, 16), (13, 16), (12, 16), (11, 16), (10, 16), (9, 16), (8, 16), (7, 16), (6, 16), (5, 16), (4, 16), (3, 16), (2, 16), (1, 16), (34, 15), (25, 15), (1, 15), (1, 14), (1, 13), (1, 12), (1, 11), (1, 10), (1, 9), (1, 8), (1, 7), (2, 7), (3, 7), (4, 7), (4, 8), (4, 9), (4, 10), (3, 10), (4, 11), (4, 12), (4, 13), (4, 14), (5, 14), (6, 14), (6, 13), (6, 12), (6, 11), (6, 10), (6, 9), (6, 8), (7, 8), (8, 8), (8, 9), (8, 10), (8, 11), (8, 12), (8, 13), (8, 14), (9, 14), (10, 14), (10, 13), (10, 12), (10, 11), (10, 10), (11, 10), (12, 10), (12, 11), (12, 12), (12, 13), (13, 12), (12, 14), (13, 14), (14, 12), (14, 14), (14, 11), (15, 12), (14, 10), (15, 14), (15, 10), (16, 12)]",17180022780,0,17180022780
96,"(16, 10)","(15, 10)",East,"[(17, 10) via East]","[(16, 10):17180047356, (17, 12):17180145660, (17, 14):17180153852, (25, 14):17213423616, (34, 14):34359738368]","[(17, 12):17180145660, (17, 14):17180153852, (17, 10):17180178428, (25, 14):17213423616, (34, 14):34359738368]","[(34, 16), (33, 16), (32, 16), (31, 16), (30, 16), (29, 16), (28, 16), (27, 16), (26, 16), (25, 16), (24, 16), (23, 16), (22, 16), (21, 16), (20, 16), (19, 16), (18, 16), (17, 16), (16, 16), (15, 16), (14, 16), (13, 16), (12, 16), (11, 16), (10, 16), (9, 16), (8, 16), (7, 16), (6, 16), (5, 16), (4, 16), (3, 16), (2, 16), (1, 16), (34, 15), (25, 15), (1, 15), (1, 14), (1, 13), (1, 12), (1, 11), (1, 10), (1, 9), (1, 8), (1, 7), (2, 7), (3, 7), (4, 7), (4, 8), (4, 9), (4, 10), (3, 10), (4, 11), (4, 12), (4, 13), (4, 14), (5, 14), (6, 14), (6, 13), (6, 12), (6, 11), (6, 10), (6, 9), (6, 8), (7, 8), (8, 8), (8, 9), (8, 10), (8, 11), (8, 12), (8, 13), (8, 14), (9, 14), (10, 14), (10, 13), (10, 12), (10, 11), (10, 10), (11, 10), (12, 10), (12, 11), (12, 12), (12, 13), (13, 12), (12, 14), (13, 14), (14, 12), (14, 14), (14, 11), (15, 12), (14, 10), (15, 14), (15, 10), (16, 12), (16, 14)]",17180047356,0,17180047356
97,"(17, 12)","(16, 12)",East,"[(17, 13) via North, (18, 12) via East]","[(17, 12):17180145660, (17, 14):17180153852, (17, 10):17180178428, (25, 14):17213423616, (34, 14):34359738368]","[(17, 14):17180153852, (17, 10):17180178428, (17, 13):17180276732, (18, 12):17180407804, (25, 14):17213423616, (34, 14):34359738368]","[(34, 16), (33, 16), (32, 16), (31, 16), (30, 16), (29, 16), (28, 16), (27, 16), (26, 16), (25, 16), (24, 16), (23, 16), (22, 16), (21, 16), (20, 16), (19, 16), (18, 16), (17, 16), (16, 16), (15, 16), (14, 16), (13, 16), (12, 16), (11, 16), (10, 16), (9, 16), (8, 16), (7, 16), (6, 16), (5, 16), (4, 16), (3, 16), (2, 16), (1, 16), (34, 15), (25, 15), (1, 15), (1, 14), (1, 13), (1, 12), (1, 11), (1, 10), (1, 9), (1, 8), (1, 7), (2, 7), (3, 7), (4, 7), (4, 8), (4, 9), (4, 10), (3, 10), (4, 11), (4, 12), (4, 13), (4, 14), (5, 14), (6, 14), (6, 13), (6, 12), (6, 11), (6, 10), (6, 9), (6, 8), (7, 8), (8, 8), (8, 9), (8, 10), (8, 11), (8, 12), (8, 13), (8, 14), (9, 14), (10, 14), (10, 13), (10, 12), (10, 11), (10, 10), (11, 10), (12, 10), (12, 11), (12, 12), (12, 13), (13, 12), (12, 14), (13, 14), (14, 12), (14, 14), (14, 11), (15, 12), (14, 10), (15, 14), (15, 10), (16, 12), (16, 14), (16, 10)]",17180145660,0,17180145660
98,"(17, 14)","(16, 14)",East,[],"[(17, 14):17180153852, (17, 10):17180178428, (17, 13):17180276732, (18, 12):17180407804, (25, 14):17213423616, (34, 14):34359738368]","[(17, 10):17180178428, (17, 13):17180276732, (18, 12):17180407804, (25, 14):17213423616, (34, 14):34359738368]","[(34, 16), (33, 16), (32, 16), (31, 16), (30, 16), (29, 16), (28, 16), (27, 16), (26, 16), (25, 16), (24, 16), (23, 16), (22, 16), (21, 16), (20, 16), (19, 16), (18, 16), (17, 16), (16, 16), (15, 16), (14, 16), (13, 16), (12, 16), (11, 16), (10, 16), (9, 16), (8, 16), (7, 16), (6, 16), (5, 16), (4, 16), (3, 16), (2, 16), (1, 16), (34, 15), (25, 15), (1, 15), (1, 14), (1, 13), (1, 12), (1, 11), (1, 10), (1, 9), (1, 8), (1, 7), (2, 7), (3, 7), (4, 7), (4, 8), (4, 9), (4, 10), (3, 10), (4, 11), (4, 12), (4, 13), (4, 14), (5, 14), (6, 14), (6, 13), (6, 12), (6, 11), (6, 10), (6, 9), (6, 8), (7, 8), (8, 8), (8, 9), (8, 10), (8, 11), (8, 12), (8, 13), (8, 14), (9, 14), (10, 14), (10, 13), (10, 12), (10, 11), (10, 10), (11, 10), (12, 10), (12, 11), (12, 12), (12, 13), (13, 12), (12, 14), (13, 14), (14, 12), (14, 14), (14, 11), (15, 12), (14, 10), (15, 14), (15, 10), (16, 12), (16, 14), (16, 10), (17, 12)]",17180153852,0,17180153852
99,"(17, 10)","(16, 10)",East,"[(17, 9) via South]","[(17, 10):17180178428, (17, 13):17180276732, (18, 12):17180407804, (25, 14):17213423616, (34, 14):34359738368]","[(17, 13):17180276732, (17, 9):17180309500, (18, 12):17180407804, (25, 14):17213423616, (34, 14):34359738368]","[(34, 16), (33, 16), (32, 16), (31, 16), (30, 16), (29, 16), (28, 16), (27, 16), (26, 16), (25, 16), (24, 16), (23, 16), (22, 16), (21, 16), (20, 16), (19, 16), (18, 16), (17, 16), (16, 16), (15, 16), (14, 16), (13, 16), (12, 16), (11, 16), (10, 16), (9, 16), (8, 16), (7, 16), (6, 16), (5, 16), (4, 16), (3, 16), (2, 16), (1, 16), (34, 15), (25, 15), (1, 15), (1, 14), (1, 13), (1, 12), (1, 11), (1, 10), (1, 9), (1, 8), (1, 7), (2, 7), (3, 7), (4, 7), (4, 8), (4, 9), (4, 10), (3, 10), (4, 11), (4, 12), (4, 13), (4, 14), (5, 14), (6, 14), (6, 13), (6, 12), (6, 11), (6, 10), (6, 9), (6, 8), (7, 8), (8, 8), (8, 9), (8, 10), (8, 11), (8, 12), (8, 13), (8, 14), (9, 14), (10, 14), (10, 13), (10, 12), (10, 11), (10, 10), (11, 10), (12, 10), (12, 11), (12, 12), (12, 13), (13, 12), (12, 14), (13, 14), (14, 12), (14, 14), (14, 11), (15, 12), (14, 10), (15, 14), (15, 10), (16, 12), (16, 14), (16, 10), (17, 12), (17, 14)]",17180178428,0,17180178428
100,"(17, 13)","(17, 12)",North,[],"[(17, 13):17180276732, (17, 9):17180309500, (18, 12):17180407804, (25, 14):17213423616, (34, 14):34359738368]","[(17, 9):17180309500, (18, 12):17180407804, (25, 14):17213423616, (34, 14):34359738368]","[(34, 16), (33, 16), (32, 16), (31, 16), (30, 16), (29, 16), (28, 16), (27, 16), (26, 16), (25, 16), (24, 16), (23, 16), (22, 16), (21, 16), (20, 16), (19, 16), (18, 16), (17, 16), (16, 16), (15, 16), (14, 16), (13, 16), (12, 16), (11, 16), (10, 16), (9, 16), (8, 16), (7, 16), (6, 16), (5, 16), (4, 16), (3, 16), (2, 16), (1, 16), (34, 15), (25, 15), (1, 15), (1, 14), (1, 13), (1, 12), (1, 11), (1, 10), (1, 9), (1, 8), (1, 7), (2, 7), (3, 7), (4, 7), (4, 8), (4, 9), (4, 10), (3, 10), (4, 11), (4, 12), (4, 13), (4, 14), (5, 14), (6, 14), (6, 13), (6, 12), (6, 11), (6, 10), (6, 9), (6, 8), (7, 8), (8, 8), (8, 9), (8, 10), (8, 11), (8, 12), (8, 13), (8, 14), (9, 14), (10, 14), (10, 13), (10, 12), (10, 11), (10, 10), (11, 10), (12, 10), (12, 11), (12, 12), (12, 13), (13, 12), (12, 14), (13, 14), (14, 12), (14, 14), (14, 11), (15, 12), (14, 10), (15, 14), (15, 10), (16, 12), (16, 14), (16, 10), (17, 12), (17, 14), (17, 10)]",17180276732,0,17180276732
101,"(17, 9)","(17, 10)",South,"[(17, 8) via South]","[(17, 9):17180309500, (18, 12):17180407804, (25, 14):17213423616, (34, 14):34359738368]","[(18, 12):17180407804, (17, 8):17180440572, (25, 14):17213423616, (34, 14):34359738368]","[(34, 16), (33, 16), (32, 16), (31, 16), (30, 16), (29, 16), (28, 16), (27, 16), (26, 16), (25, 16), (24, 16), (23, 16), (22, 16), (21, 16), (20, 16), (19, 16), (18, 16), (17, 16), (16, 16), (15, 16), (14, 16), (13, 16), (12, 16), (11, 16), (10, 16), (9, 16), (8, 16), (7, 16), (6, 16), (5, 16), (4, 16), (3, 16), (2, 16), (1, 16), (34, 15), (25, 15), (1, 15), (1, 14), (1, 13), (1, 12), (1, 11), (1, 10), (1, 9), (1, 8), (1, 7), (2, 7), (3, 7), (4, 7), (4, 8), (4, 9), (4, 10), (3, 10), (4, 11), (4, 12), (4, 13), (4, 14), (5, 14), (6, 14), (6, 13), (6, 12), (6, 11), (6, 10), (6, 9), (6, 8), (7, 8), (8, 8), (8, 9), (8, 10), (8, 11), (8, 12), (8, 13), (8, 14), (9, 14), (10, 14), (10, 13), (10, 12), (10, 11), (10, 10), (11, 10), (12, 10), (12, 11), (12, 12), (12, 13), (13, 12), (12, 14), (13, 14), (14, 12), (14, 14), (14, 11), (15, 12), (14, 10), (15, 14), (15, 10), (16, 12), (16, 14), (16, 10), (17, 12), (17, 14), (17, 10), (17, 13)]",17180309500,0,17180309500
102,"(18, 12)","(17, 12)",East,"[(19, 12) via East]","[(18, 12):17180407804, (17, 8):17180440572, (25, 14):17213423616, (34, 14):34359738368]","[(17, 8):17180440572, (19, 12):17180932092, (25, 14):17213423616, (34, 14):34359738368]","[(34, 16), (33, 16), (32, 16), (31, 16), (30, 16), (29, 16), (28, 16), (27, 16), (26, 16), (25, 16), (24, 16), (23, 16), (22, 16), (21, 16), (20, 16), (19, 16), (18, 16), (17, 16), (16, 16), (15, 16), (14, 16), (13, 16), (12, 16), (11, 16), (10, 16), (9, 16), (8, 16), (7, 16), (6, 16), (5, 16), (4, 16), (3, 16), (2, 16), (1, 16), (34, 15), (25, 15), (1, 15), (1, 14), (1, 13), (1, 12), (1, 11), (1, 10), (1, 9), (1, 8), (1, 7), (2, 7), (3, 7), (4, 7), (4, 8), (4, 9), (4, 10), (3, 10), (4, 11), (4, 12), (4, 13), (4, 14), (5, 14), (6, 14), (6, 13), (6, 12), (6, 11), (6, 10), (6, 9), (6, 8), (7, 8), (8, 8), (8, 9), (8, 10), (8, 11), (8, 12), (8, 13), (8, 14), (9, 14), (10, 14), (10, 13), (10, 12), (10, 11), (10, 10), (11, 10), (12, 10), (12, 11), (12, 12), (12, 13), (13, 12), (12, 14), (13, 14), (14, 12), (14, 14), (14, 11), (15, 12), (14, 10), (15, 14), (15, 10), (16, 12), (16, 14), (16, 10), (17, 12), (17, 14), (17, 10), (17, 13), (17, 9)]",17180407804,0,17180407804
103,"(17, 8)","(17, 9)",South,"[(16, 8) via West]","[(17, 8):17180440572, (19, 12):17180932092, (25, 14):17213423616, (34, 14):34359738368]","[(16, 8):17180506108, (19, 12):17180932092, (25, 14):17213423616, (34, 14):34359738368]","[(34, 16), (33, 16), (32, 16), (31, 16), (30, 16), (29, 16), (28, 16), (27, 16), (26, 16), (25, 16), (24, 16), (23, 16), (22, 16), (21, 16), (20, 16), (19, 16), (18, 16), (17, 16), (16, 16), (15, 16), (14, 16), (13, 16), (12, 16), (11, 16), (10, 16), (9, 16), (8, 16), (7, 16), (6, 16), (5, 16), (4, 16), (3, 16), (2, 16), (1, 16), (34, 15), (25, 15), (1, 15), (1, 14), (1, 13), (1, 12), (1, 11), (1, 10), (1, 9), (1, 8), (1, 7), (2, 7), (3, 7), (4, 7), (4, 8), (4, 9), (4, 10), (3, 10), (4, 11), (4, 12), (4, 13), (4, 14), (5, 14), (6, 14), (6, 13), (6, 12), (6, 11), (6, 10), (6, 9), (6, 8), (7, 8), (8, 8), (8, 9), (8, 10), (8, 11), (8, 12), (8, 13), (8, 14), (9, 14), (10, 14), (10, 13), (10, 12), (10, 11), (10, 10), (11, 10), (12, 10), (12, 11), (12, 12), (12, 13), (13, 12), (12, 14), (13, 14), (14, 12), (14, 14), (14, 11), (15, 12), (14, 10), (15, 14), (15, 10), (16, 12), (16, 14), (16, 10), (17, 12), (17, 14), (17, 10), (17, 13), (17, 9), (18, 12)]",17180440572,0,17180440572
104,"(16, 8)","(17, 8)",West,"[(15, 8) via West]","[(16, 8):17180506108, (19, 12):17180932092, (25, 14):17213423616, (34, 14):34359738368]","[(15, 8):17180538876, (19, 12):17180932092, (25, 14):17213423616, (34, 14):34359738368]","[(34, 16), (33, 16), (32, 16), (31, 16), (30, 16), (29, 16), (28, 16), (27, 16), (26, 16), (25, 16), (24, 16), (23, 16), (22, 16), (21, 16), (20, 16), (19, 16), (18, 16), (17, 16), (16, 16), (15, 16), (14, 16), (13, 16), (12, 16), (11, 16), (10, 16), (9, 16), (8, 16), (7, 16), (6, 16), (5, 16), (4, 16), (3, 16), (2, 16), (1, 16), (34, 15), (25, 15), (1, 15), (1, 14), (1, 13), (1, 12), (1, 11), (1, 10), (1, 9), (1, 8), (1, 7), (2, 7), (3, 7), (4, 7), (4, 8), (4, 9), (4, 10), (3, 10), (4, 11), (4, 12), (4, 13), (4, 14), (5, 14), (6, 14), (6, 13), (6, 12), (6, 11), (6, 10), (6, 9), (6, 8), (7, 8), (8, 8), (8, 9), (8, 10), (8, 11), (8, 12), (8, 13), (8, 14), (9, 14), (10, 14), (10, 13), (10, 12), (10, 11), (10, 10), (11, 10), (12, 10), (12, 11), (12, 12), (12, 13), (13, 12), (12, 14), (13, 14), (14, 12), (14, 14), (14, 11), (15, 12), (14, 10), (15, 14), (15, 10), (16, 12), (16, 14), (16, 10), (17, 12), (17, 14), (17, 10), (17, 13), (17, 9), (18, 12), (17, 8)]",17180506108,0,17180506108
105,"(15, 8)","(16, 8)",West,"[(14, 8) via West]","[(15, 8):17180538876, (19, 12):17180932092, (25, 14):17213423616, (34, 14):34359738368]","[(14, 8):17180555260, (19, 12):17180932092, (25, 14):17213423616, (34, 14):34359738368]","[(34, 16), (33, 16), (32, 16), (31, 16), (30, 16), (29, 16), (28, 16), (27, 16), (26, 16), (25, 16), (24, 16), (23, 16), (22, 16), (21, 16), (20, 16), (19, 16), (18, 16), (17, 16), (16, 16), (15, 16), (14, 16), (13, 16), (12, 16), (11, 16), (10, 16), (9, 16), (8, 16), (7, 16), (6, 16), (5, 16), (4, 16), (3, 16), (2, 16), (1, 16), (34, 15), (25, 15), (1, 15), (1, 14), (1, 13), (1, 12), (1, 11), (1, 10), (1, 9), (1, 8), (1, 7), (2, 7), (3, 7), (4, 7), (4, 8), (4, 9), (4, 10), (3, 10), (4, 11), (4, 12), (4, 13), (4, 14), (5, 14), (6, 14), (6, 13), (6, 12), (6, 11), (6, 10), (6, 9), (6, 8), (7, 8), (8, 8), (8, 9), (8, 10), (8, 11), (8, 12), (8, 13), (8, 14), (9, 14), (10, 14), (10, 13), (10, 12), (10, 11), (10, 10), (11, 10), (12, 10), (12, 11), (12, 12), (12, 13), (13, 12), (12, 14), (13, 14), (14, 12), (14, 14), (14, 11), (15, 12), (14, 10), (15, 14), (15, 10), (16, 12), (16, 14), (16, 10), (17, 12), (17, 14), (17, 10), (17, 13), (17, 9), (18, 12), (17, 8), (16, 8)]",17180538876,0,17180538876
106,"(14, 8)","(15, 8)",West,"[(13, 8) via West]","[(14, 8):17180555260, (19, 12):17180932092, (25, 14):17213423616, (34, 14):34359738368]","[(13, 8):17180563452, (19, 12):17180932092, (25, 14):17213423616, (34, 14):34359738368]","[(34, 16), (33, 16), (32, 16), (31, 16), (30, 16), (29, 16), (28, 16), (27, 16), (26, 16), (25, 16), (24, 16), (23, 16), (22, 16), (21, 16), (20, 16), (19, 16), (18, 16), (17, 16), (16, 16), (15, 16), (14, 16), (13, 16), (12, 16), (11, 16), (10, 16), (9, 16), (8, 16), (7, 16), (6, 16), (5, 16), (4, 16), (3, 16), (2, 16), (1, 16), (34, 15), (25, 15), (1, 15), (1, 14), (1, 13), (1, 12), (1, 11), (1, 10), (1, 9), (1, 8), (1, 7), (2, 7), (3, 7), (4, 7), (4, 8), (4, 9), (4, 10), (3, 10), (4, 11), (4, 12), (4, 13), (4, 14), (5, 14), (6, 14), (6, 13), (6, 12), (6, 11), (6, 10), (6, 9), (6, 8), (7, 8), (8, 8), (8, 9), (8, 10), (8, 11), (8, 12), (8, 13), (8, 14), (9, 14), (10, 14), (10, 13), (10, 12), (10, 11), (10, 10), (11, 10), (12, 10), (12, 11), (12, 12), (12, 13), (13, 12), (12, 14), (13, 14), (14, 12), (14, 14), (14, 11), (15, 12), (14, 10), (15, 14), (15, 10), (16, 12), (16, 14), (16, 10), (17, 12), (17, 14), (17, 10), (17, 13), (17, 9), (18, 12), (17, 8), (16, 8), (15, 8)]",17180555260,0,17180555260
107,"(13, 8)","(14, 8)",West,"[(12, 8) via West]","[(13, 8):17180563452, (19, 12):17180932092, (25, 14):17213423616, (34, 14):34359738368]","[(12, 8):17180567548, (19, 12):17180932092, (25, 14):17213423616, (34, 14):34359738368]","[(34, 16), (33, 16), (32, 16), (31, 16), (30, 16), (29, 16), (28, 16), (27, 16), (26, 16), (25, 16), (24, 16), (23, 16), (22, 16), (21, 16), (20, 16), (19, 16), (18, 16), (17, 16), (16, 16), (15, 16), (14, 16), (13, 16), (12, 16), (11, 16), (10, 16), (9, 16), (8, 16), (7, 16), (6, 16), (5, 16), (4, 16), (3, 16), (2, 16), (1, 16), (34, 15), (25, 15), (1, 15), (1, 14), (1, 13), (1, 12), (1, 11), (1, 10), (1, 9), (1, 8), (1, 7), (2, 7), (3, 7), (4, 7), (4, 8), (4, 9), (4, 10), (3, 10), (4, 11), (4, 12), (4, 13), (4, 14), (5, 14), (6, 14), (6, 13), (6, 12), (6, 11), (6, 10), (6, 9), (6, 8), (7, 8), (8, 8), (8, 9), (8, 10), (8, 11), (8, 12), (8, 13), (8, 14), (9, 14), (10, 14), (10, 13), (10, 12), (10, 11), (10, 10), (11, 10), (12, 10), (12, 11), (12, 12), (12, 13), (13, 12), (12, 14), (13, 14), (14, 12), (14, 14), (14, 11), (15, 12), (14, 10), (15, 14), (15, 10), (16, 12), (16, 14), (16, 10), (17, 12), (17, 14), (17, 10), (17, 13), (17, 9), (18, 12), (17, 8), (16, 8), (15, 8), (14, 8)]",17180563452,0,17180563452
108,"(12, 8)","(13, 8)",West,"[(11, 8) via West]","[(12, 8):17180567548, (19, 12):17180932092, (25, 14):17213423616, (34, 14):34359738368]","[(11, 8):17180569596, (19, 12):17180932092, (25, 14):17213423616, (34, 14):34359738368]","[(34, 16), (33, 16), (32, 16), (31, 16), (30, 16), (29, 16), (28, 16), (27, 16), (26, 16), (25, 16), (24, 16), (23, 16), (22, 16), (21, 16), (20, 16), (19, 16), (18, 16), (17, 16), (16, 16), (15, 16), (14, 16), (13, 16), (12, 16), (11, 16), (10, 16), (9, 16), (8, 16), (7, 16), (6, 16), (5, 16), (4, 16), (3, 16), (2, 16), (1, 16), (34, 15), (25, 15), (1, 15), (1, 14), (1, 13), (1, 12), (1, 11), (1, 10), (1, 9), (1, 8), (1, 7), (2, 7), (3, 7), (4, 7), (4, 8), (4, 9), (4, 10), (3, 10), (4, 11), (4, 12), (4, 13), (4, 14), (5, 14), (6, 14), (6, 13), (6, 12), (6, 11), (6, 10), (6, 9), (6, 8), (7, 8), (8, 8), (8, 9), (8, 10), (8, 11), (8, 12), (8, 13), (8, 14), (9, 14), (10, 14), (10, 13), (10, 12), (10, 11), (10, 10), (11, 10), (12, 10), (12, 11), (12, 12), (12, 13), (13, 12), (12, 14), (13, 14), (14, 12), (14, 14), (14, 11), (15, 12), (14, 10), (15, 14), (15, 10), (16, 12), (16, 14), (16, 10), (17, 12), (17, 14), (17, 10), (17, 13), (17, 9), (18, 12), (17, 8), (16, 8), (15, 8), (14, 8), (13, 8)]",17180567548,0,17180567548
109,"(11, 8)","(12, 8)",West,"[(11, 7) via South]","[(11, 8):17180569596, (19, 12):17180932092, (25, 14):17213423616, (34, 14):34359738368]","[(11, 7):17180571644, (19, 12):17180932092, (25, 14):17213423616, (34, 14):34359738368]","[(34, 16), (33, 16), (32, 16), (31, 16), (30, 16), (29, 16), (28, 16), (27, 16), (26, 16), (25, 16), (24, 16), (23, 16), (22, 16), (21, 16), (20, 16), (19, 16), (18, 16), (17, 16), (16, 16), (15, 16), (14, 16), (13, 16), (12, 16), (11, 16), (10, 16), (9, 16), (8, 16), (7, 16), (6, 16), (5, 16), (4, 16), (3, 16), (2, 16), (1, 16), (34, 15), (25, 15), (1, 15), (1, 14), (1, 13), (1, 12), (1, 11), (1, 10), (1, 9), (1, 8), (1, 7), (2, 7), (3, 7), (4, 7), (4, 8), (4, 9), (4, 10), (3, 10), (4, 11), (4, 12), (4, 13), (4, 14), (5, 14), (6, 14), (6, 13), (6, 12), (6, 11), (6, 10), (6, 9), (6, 8), (7, 8), (8, 8), (8, 9), (8, 10), (8, 11), (8, 12), (8, 13), (8, 14), (9, 14), (10, 14), (10, 13), (10, 12), (10, 11), (10, 10), (11, 10), (12, 10), (12, 11), (12, 12), (12, 13), (13, 12), (12, 14), (13, 14), (14, 12), (14, 14), (14, 11), (15, 12), (14, 10), (15, 14), (15, 10), (16, 12), (16, 14), (16, 10), (17, 12), (17, 14), (17, 10), (17, 13), (17, 9), (18, 12), (17, 8), (16, 8), (15, 8), (14, 8), (13, 8), (12, 8)]",17180569596,0,17180569596
110,"(11, 7)","(11, 8)",South,"[(11, 6) via South]","[(11, 7):17180571644, (19, 12):17180932092, (25, 14):17213423616, (34, 14):34359738368]","[(11, 6):17180573692, (19, 12):17180932092, (25, 14):17213423616, (34, 14):34359738368]","[(34, 16), (33, 16), (32, 16), (31, 16), (30, 16), (29, 16), (28, 16), (27, 16), (26, 16), (25, 16), (24, 16), (23, 16), (22, 16), (21, 16), (20, 16), (19, 16), (18, 16), (17, 16), (16, 16), (15, 16), (14, 16), (13, 16), (12, 16), (11, 16), (10, 16), (9, 16), (8, 16), (7, 16), (6, 16), (5, 16), (4, 16), (3, 16), (2, 16), (1, 16), (34, 15), (25, 15), (1, 15), (1, 14), (1, 13), (1, 12), (1, 11), (1, 10), (1, 9), (1, 8), (1, 7), (2, 7), (3, 7), (4, 7), (4, 8), (4, 9), (4, 10), (3, 10), (4, 11), (4, 12), (4, 13), (4, 14), (5, 14), (6, 14), (6, 13), (6, 12), (6, 11), (6, 10), (6, 9), (6, 8), (7, 8), (8, 8), (8, 9), (8, 10), (8, 11), (8, 12), (8, 13), (8, 14), (9, 14), (10, 14), (10, 13), (10, 12), (10, 11), (10, 10), (11, 10), (12, 10), (12, 11), (12, 12), (12, 13), (13, 12), (12, 14), (13, 14), (14, 12), (14, 14), (14, 11), (15, 12), (14, 10), (15, 14), (15, 10), (16, 12), (16, 14), (16, 10), (17, 12), (17, 14), (17, 10), (17, 13), (17, 9), (18, 12), (17, 8), (16, 8), (15, 8), (14, 8), (13, 8), (12, 8), (11, 8)]",17180571644,0,17180571644
111,"(11, 6)","(11, 7)",South,"[(10, 6) via West]","[(11, 6):17180573692, (19, 12):17180932092, (25, 14):17213423616, (34, 14):34359738368]","[(10, 6):17180574716, (19, 12):17180932092, (25, 14):17213423616, (34, 14):34359738368]","[(34, 16), (33, 16), (32, 16), (31, 16), (30, 16), (29, 16), (28, 16), (27, 16), (26, 16), (25, 16), (24, 16), (23, 16), (22, 16), (21, 16), (20, 16), (19, 16), (18, 16), (17, 16), (16, 16), (15, 16), (14, 16), (13, 16), (12, 16), (11, 16), (10, 16), (9, 16), (8, 16), (7, 16), (6, 16), (5, 16), (4, 16), (3, 16), (2, 16), (1, 16), (34, 15), (25, 15), (1, 15), (1, 14), (1, 13), (1, 12), (1, 11), (1, 10), (1, 9), (1, 8), (1, 7), (2, 7), (3, 7), (4, 7), (4, 8), (4, 9), (4, 10), (3, 10), (4, 11), (4, 12), (4, 13), (4, 14), (5, 14), (6, 14), (6, 13), (6, 12), (6, 11), (6, 10), (6, 9), (6, 8), (7, 8), (8, 8), (8, 9), (8, 10), (8, 11), (8, 12), (8, 13), (8, 14), (9, 14), (10, 14), (10, 13), (10, 12), (10, 11), (10, 10), (11, 10), (12, 10), (12, 11), (12, 12), (12, 13), (13, 12), (12, 14), (13, 14), (14, 12), (14, 14), (14, 11), (15, 12), (14, 10), (15, 14), (15, 10), (16, 12), (16, 14), (16, 10), (17, 12), (17, 14), (17, 10), (17, 13), (17, 9), (18, 12), (17, 8), (16, 8), (15, 8), (14, 8), (13, 8), (12, 8), (11, 8), (11, 7)]",17180573692,0,17180573692
112,"(10, 6)","(11, 6)",West,"[(9, 6) via West]","[(10, 6):17180574716, (19, 12):17180932092, (25, 14):17213423616, (34, 14):34359738368]","[(9, 6):17180575228, (19, 12):17180932092, (25, 14):17213423616, (34, 14):34359738368]","[(34, 16), (33, 16), (32, 16), (31, 16), (30, 16), (29, 16), (28, 16), (27, 16), (26, 16), (25, 16), (24, 16), (23, 16), (22, 16), (21, 16), (20, 16), (19, 16), (18, 16), (17, 16), (16, 16), (15, 16), (14, 16), (13, 16), (12, 16), (11, 16), (10, 16), (9, 16), (8, 16), (7, 16), (6, 16), (5, 16), (4, 16), (3, 16), (2, 16), (1, 16), (34, 15), (25, 15), (1, 15), (1, 14), (1, 13), (1, 12), (1, 11), (1, 10), (1, 9), (1, 8), (1, 7), (2, 7), (3, 7), (4, 7), (4, 8), (4, 9), (4, 10), (3, 10), (4, 11), (4, 12), (4, 13), (4, 14), (5, 14), (6, 14), (6, 13), (6, 12), (6, 11), (6, 10), (6, 9), (6, 8), (7, 8), (8, 8), (8, 9), (8, 10), (8, 11), (8, 12), (8, 13), (8, 14), (9, 14), (10, 14), (10, 13), (10, 12), (10, 11), (10, 10), (11, 10), (12, 10), (12, 11), (12, 12), (12, 13), (13, 12), (12, 14), (13, 14), (14, 12), (14, 14), (14, 11), (15, 12), (14, 10), (15, 14), (15, 10), (16, 12), (16, 14), (16, 10), (17, 12), (17, 14), (17, 10), (17, 13), (17, 9), (18, 12), (17, 8), (16, 8), (15, 8), (14, 8), (13, 8), (12, 8), (11, 8), (11, 7), (11, 6)]",17180574716,0,17180574716
113,"(9, 6)","(10, 6)",West,"[(8, 6) via West]","[(9, 6):17180575228, (19, 12):17180932092, (25, 14):17213423616, (34, 14):34359738368]","[(8, 6):17180575484, (19, 12):17180932092, (25, 14):17213423616, (34, 14):34359738368]","[(34, 16), (33, 16), (32, 16), (31, 16), (30, 16), (29, 16), (28, 16), (27, 16), (26, 16), (25, 16), (24, 16), (23, 16), (22, 16), (21, 16), (20, 16), (19, 16), (18, 16), (17, 16), (16, 16), (15, 16), (14, 16), (13, 16), (12, 16), (11, 16), (10, 16), (9, 16), (8, 16), (7, 16), (6, 16), (5, 16), (4, 16), (3, 16), (2, 16), (1, 16), (34, 15), (25, 15), (1, 15), (1, 14), (1, 13), (1, 12), (1, 11), (1, 10), (1, 9), (1, 8), (1, 7), (2, 7), (3, 7), (4, 7), (4, 8), (4, 9), (4, 10), (3, 10), (4, 11), (4, 12), (4, 13), (4, 14), (5, 14), (6, 14), (6, 13), (6, 12), (6, 11), (6, 10), (6, 9), (6, 8), (7, 8), (8, 8), (8, 9), (8, 10), (8, 11), (8, 12), (8, 13), (8, 14), (9, 14), (10, 14), (10, 13), (10, 12), (10, 11), (10, 10), (11, 10), (12, 10), (12, 11), (12, 12), (12, 13), (13, 12), (12, 14), (13, 14), (14, 12), (14, 14), (14, 11), (15, 12), (14, 10), (15, 14), (15, 10), (16, 12), (16, 14), (16, 10), (17, 12), (17, 14), (17, 10), (17, 13), (17, 9), (18, 12), (17, 8), (16, 8), (15, 8), (14, 8), (13, 8), (12, 8), (11, 8), (11, 7), (11, 6), (10, 6)]",17180575228,0,17180575228
114,"(8, 6)","(9, 6)",West,"[(7, 6) via West]","[(8, 6):17180575484, (19, 12):17180932092, (25, 14):17213423616, (34, 14):34359738368]","[(7, 6):17180575612, (19, 12):17180932092, (25, 14):17213423616, (34, 14):34359738368]","[(34, 16), (33, 16), (32, 16), (31, 16), (30, 16), (29, 16), (28, 16), (27, 16), (26, 16), (25, 16), (24, 16), (23, 16), (22, 16), (21, 16), (20, 16), (19, 16), (18, 16), (17, 16), (16, 16), (15, 16), (14, 16), (13, 16), (12, 16), (11, 16), (10, 16), (9, 16), (8, 16), (7, 16), (6, 16), (5, 16), (4, 16), (3, 16), (2, 16), (1, 16), (34, 15), (25, 15), (1, 15), (1, 14), (1, 13), (1, 12), (1, 11), (1, 10), (1, 9), (1, 8), (1, 7), (2, 7), (3, 7), (4, 7), (4, 8), (4, 9), (4, 10), (3, 10), (4, 11), (4, 12), (4, 13), (4, 14), (5, 14), (6, 14), (6, 13), (6, 12), (6, 11), (6, 10), (6, 9), (6, 8), (7, 8), (8, 8), (8, 9), (8, 10), (8, 11), (8, 12), (8, 13), (8, 14), (9, 14), (10, 14), (10, 13), (10, 12), (10, 11), (10, 10), (11, 10), (12, 10), (12, 11), (12, 12), (12, 13), (13, 12), (12, 14), (13, 14), (14, 12), (14, 14), (14, 11), (15, 12), (14, 10), (15, 14), (15, 10), (16, 12), (16, 14), (16, 10), (17, 12), (17, 14), (17, 10), (17, 13), (17, 9), (18, 12), (17, 8), (16, 8), (15, 8), (14, 8), (13, 8), (12, 8), (11, 8), (11, 7), (11, 6), (10, 6), (9, 6)]",17180575484,0,17180575484
115,"(7, 6)","(8, 6)",West,"[(6, 6) via West]","[(7, 6):17180575612, (19, 12):17180932092, (25, 14):17213423616, (34, 14):34359738368]","[(6, 6):17180575676, (19, 12):17180932092, (25, 14):17213423616, (34, 14):34359738368]","[(34, 16), (33, 16), (32, 16), (31, 16), (30, 16), (29, 16), (28, 16), (27, 16), (26, 16), (25, 16), (24, 16), (23, 16), (22, 16), (21, 16), (20, 16), (19, 16), (18, 16), (17, 16), (16, 16), (15, 16), (14, 16), (13, 16), (12, 16), (11, 16), (10, 16), (9, 16), (8, 16), (7, 16), (6, 16), (5, 16), (4, 16), (3, 16), (2, 16), (1, 16), (34, 15), (25, 15), (1, 15), (1, 14), (1, 13), (1, 12), (1, 11), (1, 10), (1, 9), (1, 8), (1, 7), (2, 7), (3, 7), (4, 7), (4, 8), (4, 9), (4, 10), (3, 10), (4, 11), (4, 12), (4, 13), (4, 14), (5, 14), (6, 14), (6, 13), (6, 12), (6, 11), (6, 10), (6, 9), (6, 8), (7, 8), (8, 8), (8, 9), (8, 10), (8, 11), (8, 12), (8, 13), (8, 14), (9, 14), (10, 14), (10, 13), (10, 12), (10, 11), (10, 10), (11, 10), (12, 10), (12, 11), (12, 12), (12, 13), (13, 12), (12, 14), (13, 14), (14, 12), (14, 14), (14, 11), (15, 12), (14, 10), (15, 14), (15, 10), (16, 12), (16, 14), (16, 10), (17, 12), (17, 14), (17, 10), (17, 13), (17, 9), (18, 12), (17, 8), (16, 8), (15, 8), (14, 8), (13, 8), (12, 8), (11, 8), (11, 7), (11, 6), (10, 6), (9, 6), (8, 6)]",17180575612,0,17180575612
116,"(6, 6)","(7, 6)",West,"[(6, 5) via South]","[(6, 6):17180575676, (19, 12):17180932092, (25, 14):17213423616, (34, 14):34359738368]","[(6, 5):17180575740, (19, 12):17180932092, (25, 14):17213423616, (34, 14):34359738368]","[(34, 16), (33, 16), (32, 16), (31, 16), (30, 16), (29, 16), (28, 16), (27, 16), (26, 16), (25, 16), (24, 16), (23, 16), (22, 16), (21, 16), (20, 16), (19, 16), (18, 16), (17, 16), (16, 16), (15, 16), (14, 16), (13, 16), (12, 16), (11, 16), (10, 16), (9, 16), (8, 16), (7, 16), (6, 16), (5, 16), (4, 16), (3, 16), (2, 16), (1, 16), (34, 15), (25, 15), (1, 15), (1, 14), (1, 13), (1, 12), (1, 11), (1, 10), (1, 9), (1, 8), (1, 7), (2, 7), (3, 7), (4, 7), (4, 8), (4, 9), (4, 10), (3, 10), (4, 11), (4, 12), (4, 13), (4, 14), (5, 14), (6, 14), (6, 13), (6, 12), (6, 11), (6, 10), (6, 9), (6, 8), (7, 8), (8, 8), (8, 9), (8, 10), (8, 11), (8, 12), (8, 13), (8, 14), (9, 14), (10, 14), (10, 13), (10, 12), (10, 11), (10, 10), (11, 10), (12, 10), (12, 11), (12, 12), (12, 13), (13, 12), (12, 14), (13, 14), (14, 12), (14, 14), (14, 11), (15, 12), (14, 10), (15, 14), (15, 10), (16, 12), (16, 14), (16, 10), (17, 12), (17, 14), (17, 10), (17, 13), (17, 9), (18, 12), (17, 8), (16, 8), (15, 8), (14, 8), (13, 8), (12, 8), (11, 8), (11, 7), (11, 6), (10, 6), (9, 6), (8, 6), (7, 6)]",17180575676,0,17180575676
117,"(6, 5)","(6, 6)",South,"[(5, 5) via West]","[(6, 5):17180575740, (19, 12):17180932092, (25, 14):17213423616, (34, 14):34359738368]","[(5, 5):17180575772, (19, 12):17180932092, (25, 14):17213423616, (34, 14):34359738368]","[(34, 16), (33, 16), (32, 16), (31, 16), (30, 16), (29, 16), (28, 16), (27, 16), (26, 16), (25, 16), (24, 16), (23, 16), (22, 16), (21, 16), (20, 16), (19, 16), (18, 16), (17, 16), (16, 16), (15, 16), (14, 16), (13, 16), (12, 16), (11, 16), (10, 16), (9, 16), (8, 16), (7, 16), (6, 16), (5, 16), (4, 16), (3, 16), (2, 16), (1, 16), (34, 15), (25, 15), (1, 15), (1, 14), (1, 13), (1, 12), (1, 11), (1, 10), (1, 9), (1, 8), (1, 7), (2, 7), (3, 7), (4, 7), (4, 8), (4, 9), (4, 10), (3, 10), (4, 11), (4, 12), (4, 13), (4, 14), (5, 14), (6, 14), (6, 13), (6, 12), (6, 11), (6, 10), (6, 9), (6, 8), (7, 8), (8, 8), (8, 9), (8, 10), (8, 11), (8, 12), (8, 13), (8, 14), (9, 14), (10, 14), (10, 13), (10, 12), (10, 11), (10, 10), (11, 10), (12, 10), (12, 11), (12, 12), (12, 13), (13, 12), (12, 14), (13, 14), (14, 12), (14, 14), (14, 11), (15, 12), (14, 10), (15, 14), (15, 10), (16, 12), (16, 14), (16, 10), (17, 12), (17, 14), (17, 10), (17, 13), (17, 9), (18, 12), (17, 8), (16, 8), (15, 8), (14, 8), (13, 8), (12, 8), (11, 8), (11, 7), (11, 6), (10, 6), (9, 6), (8, 6), (7, 6), (6, 6)]",17180575740,0,17180575740
118,"(5, 5)","(6, 5)",West,"[(4, 5) via West]","[(5, 5):17180575772, (19, 12):17180932092, (25, 14):17213423616, (34, 14):34359738368]","[(4, 5):17180575788, (19, 12):17180932092, (25, 14):17213423616, (34, 14):34359738368]","[(34, 16), (33, 16), (32, 16), (31, 16), (30, 16), (29, 16), (28, 16), (27, 16), (26, 16), (25, 16), (24, 16), (23, 16), (22, 16), (21, 16), (20, 16), (19, 16), (18, 16), (17, 16), (16, 16), (15, 16), (14, 16), (13, 16), (12, 16), (11, 16), (10, 16), (9, 16), (8, 16), (7, 16), (6, 16), (5, 16), (4, 16), (3, 16), (2, 16), (1, 16), (34, 15), (25, 15), (1, 15), (1, 14), (1, 13), (1, 12), (1, 11), (1, 10), (1, 9), (1, 8), (1, 7), (2, 7), (3, 7), (4, 7), (4, 8), (4, 9), (4, 10), (3, 10), (4, 11), (4, 12), (4, 13), (4, 14), (5, 14), (6, 14), (6, 13), (6, 12), (6, 11), (6, 10), (6, 9), (6, 8), (7, 8), (8, 8), (8, 9), (8, 10), (8, 11), (8, 12), (8, 13), (8, 14), (9, 14), (10, 14), (10, 13), (10, 12), (10, 11), (10, 10), (11, 10), (12, 10), (12, 11), (12, 12), (12, 13), (13, 12), (12, 14), (13, 14), (14, 12), (14, 14), (14, 11), (15, 12), (14, 10), (15, 14), (15, 10), (16, 12), (16, 14), (16, 10), (17, 12), (17, 14), (17, 10), (17, 13), (17, 9), (18, 12), (17, 8), (16, 8), (15, 8), (14, 8), (13, 8), (12, 8), (11, 8), (11, 7), (11, 6), (10, 6), (9, 6), (8, 6), (7, 6), (6, 6), (6, 5)]",17180575772,0,17180575772
119,"(4, 5)","(5, 5)",West,"[(3, 5) via West]","[(4, 5):17180575788, (19, 12):17180932092, (25, 14):17213423616, (34, 14):34359738368]","[(3, 5):17180575796, (19, 12):17180932092, (25, 14):17213423616, (34, 14):34359738368]","[(34, 16), (33, 16), (32, 16), (31, 16), (30, 16), (29, 16), (28, 16), (27, 16), (26, 16), (25, 16), (24, 16), (23, 16), (22, 16), (21, 16), (20, 16), (19, 16), (18, 16), (17, 16), (16, 16), (15, 16), (14, 16), (13, 16), (12, 16), (11, 16), (10, 16), (9, 16), (8, 16), (7, 16), (6, 16), (5, 16), (4, 16), (3, 16), (2, 16), (1, 16), (34, 15), (25, 15), (1, 15), (1, 14), (1, 13), (1, 12), (1, 11), (1, 10), (1, 9), (1, 8), (1, 7), (2, 7), (3, 7), (4, 7), (4, 8), (4, 9), (4, 10), (3, 10), (4, 11), (4, 12), (4, 13), (4, 14), (5, 14), (6, 14), (6, 13), (6, 12), (6, 11), (6, 10), (6, 9), (6, 8), (7, 8), (8, 8), (8, 9), (8, 10), (8, 11), (8, 12), (8, 13), (8, 14), (9, 14), (10, 14), (10, 13), (10, 12), (10, 11), (10, 10), (11, 10), (12, 10), (12, 11), (12, 12), (12, 13), (13, 12), (12, 14), (13, 14), (14, 12), (14, 14), (14, 11), (15, 12), (14, 10), (15, 14), (15, 10), (16, 12), (16, 14), (16, 10), (17, 12), (17, 14), (17, 10), (17, 13), (17, 9), (18, 12), (17, 8), (16, 8), (15, 8), (14, 8), (13, 8), (12, 8), (11, 8), (11, 7), (11, 6), (10, 6), (9, 6), (8, 6), (7, 6), (6, 6), (6, 5), (5, 5)]",17180575788,0,17180575788
120,"(3, 5)","(4, 5)",West,"[(2, 5) via West]","[(3, 5):17180575796, (19, 12):17180932092, (25, 14):17213423616, (34, 14):34359738368]","[(2, 5):17180575800, (19, 12):17180932092, (25, 14):17213423616, (34, 14):34359738368]","[(34, 16), (33, 16), (32, 16), (31, 16), (30, 16), (29, 16), (28, 16), (27, 16), (26, 16), (25, 16), (24, 16), (23, 16), (22, 16), (21, 16), (20, 16), (19, 16), (18, 16), (17, 16), (16, 16), (15, 16), (14, 16), (13, 16), (12, 16), (11, 16), (10, 16), (9, 16), (8, 16), (7, 16), (6, 16), (5, 16), (4, 16), (3, 16), (2, 16), (1, 16), (34, 15), (25, 15), (1, 15), (1, 14), (1, 13), (1, 12), (1, 11), (1, 10), (1, 9), (1, 8), (1, 7), (2, 7), (3, 7), (4, 7), (4, 8), (4, 9), (4, 10), (3, 10), (4, 11), (4, 12), (4, 13), (4, 14), (5, 14), (6, 14), (6, 13), (6, 12), (6, 11), (6, 10), (6, 9), (6, 8), (7, 8), (8, 8), (8, 9), (8, 10), (8, 11), (8, 12), (8, 13), (8, 14), (9, 14), (10, 14), (10, 13), (10, 12), (10, 11), (10, 10), (11, 10), (12, 10), (12, 11), (12, 12), (12, 13), (13, 12), (12, 14), (13, 14), (14, 12), (14, 14), (14, 11), (15, 12), (14, 10), (15, 14), (15, 10), (16, 12), (16, 14), (16, 10), (17, 12), (17, 14), (17, 10), (17, 13), (17, 9), (18, 12), (17, 8), (16, 8), (15, 8), (14, 8), (13, 8), (12, 8), (11, 8), (11, 7), (11, 6), (10, 6), (9, 6), (8, 6), (7, 6), (6, 6), (6, 5), (5, 5), (4, 5)]",17180575796,0,17180575796
121,"(2, 5)","(3, 5)",West,"[(1, 5) via West]","[(2, 5):17180575800, (19, 12):17180932092, (25, 14):17213423616, (34, 14):34359738368]","[(1, 5):17180575802, (19, 12):17180932092, (25, 14):17213423616, (34, 14):34359738368]","[(34, 16), (33, 16), (32, 16), (31, 16), (30, 16), (29, 16), (28, 16), (27, 16), (26, 16), (25, 16), (24, 16), (23, 16), (22, 16), (21, 16), (20, 16), (19, 16), (18, 16), (17, 16), (16, 16), (15, 16), (14, 16), (13, 16), (12, 16), (11, 16), (10, 16), (9, 16), (8, 16), (7, 16), (6, 16), (5, 16), (4, 16), (3, 16), (2, 16), (1, 16), (34, 15), (25, 15), (1, 15), (1, 14), (1, 13), (1, 12), (1, 11), (1, 10), (1, 9), (1, 8), (1, 7), (2, 7), (3, 7), (4, 7), (4, 8), (4, 9), (4, 10), (3, 10), (4, 11), (4, 12), (4, 13), (4, 14), (5, 14), (6, 14), (6, 13), (6, 12), (6, 11), (6, 10), (6, 9), (6, 8), (7, 8), (8, 8), (8, 9), (8, 10), (8, 11), (8, 12), (8, 13), (8, 14), (9, 14), (10, 14), (10, 13), (10, 12), (10, 11), (10, 10), (11, 10), (12, 10), (12, 11), (12, 12), (12, 13), (13, 12), (12, 14), (13, 14), (14, 12), (14, 14), (14, 11), (15, 12), (14, 10), (15, 14), (15, 10), (16, 12), (16, 14), (16, 10), (17, 12), (17, 14), (17, 10), (17, 13), (17, 9), (18, 12), (17, 8), (16, 8), (15, 8), (14, 8), (13, 8), (12, 8), (11, 8), (11, 7), (11, 6), (10, 6), (9, 6), (8, 6), (7, 6), (6, 6), (6, 5), (5, 5), (4, 5), (3, 5)]",17180575800,0,17180575800
122,"(1, 5)","(2, 5)",West,"[(1, 4) via South]","[(1, 5):17180575802, (19, 12):17180932092, (25, 14):17213423616, (34, 14):34359738368]","[(1, 4):17180575804, (19, 12):17180932092, (25, 14):17213423616, (34, 14):34359738368]","[(34, 16), (33, 16), (32, 16), (31, 16), (30, 16), (29, 16), (28, 16), (27, 16), (26, 16), (25, 16), (24, 16), (23, 16), (22, 16), (21, 16), (20, 16), (19, 16), (18, 16), (17, 16), (16, 16), (15, 16), (14, 16), (13, 16), (12, 16), (11, 16), (10, 16), (9, 16), (8, 16), (7, 16), (6, 16), (5, 16), (4, 16), (3, 16), (2, 16), (1, 16), (34, 15), (25, 15), (1, 15), (1, 14), (1, 13), (1, 12), (1, 11), (1, 10), (1, 9), (1, 8), (1, 7), (2, 7), (3, 7), (4, 7), (4, 8), (4, 9), (4, 10), (3, 10), (4, 11), (4, 12), (4, 13), (4, 14), (5, 14), (6, 14), (6, 13), (6, 12), (6, 11), (6, 10), (6, 9), (6, 8), (7, 8), (8, 8), (8, 9), (8, 10), (8, 11), (8, 12), (8, 13), (8, 14), (9, 14), (10, 14), (10, 13), (10, 12), (10, 11), (10, 10), (11, 10), (12, 10), (12, 11), (12, 12), (12, 13), (13, 12), (12, 14), (13, 14), (14, 12), (14, 14), (14, 11), (15, 12), (14, 10), (15, 14), (15, 10), (16, 12), (16, 14), (16, 10), (17, 12), (17, 14), (17, 10), (17, 13), (17, 9), (18, 12), (17, 8), (16, 8), (15, 8), (14, 8), (13, 8), (12, 8), (11, 8), (11, 7), (11, 6), (10, 6), (9, 6), (8, 6), (7, 6), (6, 6), (6, 5), (5, 5), (4, 5), (3, 5), (2, 5)]",17180575802,0,17180575802
123,"(1, 4)","(1, 5)",South,"[(1, 3) via South]","[(1, 4):17180575804, (19, 12):17180932092, (25, 14):17213423616, (34, 14):34359738368]","[(1, 3):17180575806, (19, 12):17180932092, (25, 14):17213423616, (34, 14):34359738368]","[(34, 16), (33, 16), (32, 16), (31, 16), (30, 16), (29, 16), (28, 16), (27, 16), (26, 16), (25, 16), (24, 16), (23, 16), (22, 16), (21, 16), (20, 16), (19, 16), (18, 16), (17, 16), (16, 16), (15, 16), (14, 16), (13, 16), (12, 16), (11, 16), (10, 16), (9, 16), (8, 16), (7, 16), (6, 16), (5, 16), (4, 16), (3, 16), (2, 16), (1, 16), (34, 15), (25, 15), (1, 15), (1, 14), (1, 13), (1, 12), (1, 11), (1, 10), (1, 9), (1, 8), (1, 7), (2, 7), (3, 7), (4, 7), (4, 8), (4, 9), (4, 10), (3, 10), (4, 11), (4, 12), (4, 13), (4, 14), (5, 14), (6, 14), (6, 13), (6, 12), (6, 11), (6, 10), (6, 9), (6, 8), (7, 8), (8, 8), (8, 9), (8, 10), (8, 11), (8, 12), (8, 13), (8, 14), (9, 14), (10, 14), (10, 13), (10, 12), (10, 11), (10, 10), (11, 10), (12, 10), (12, 11), (12, 12), (12, 13), (13, 12), (12, 14), (13, 14), (14, 12), (14, 14), (14, 11), (15, 12), (14, 10), (15, 14), (15, 10), (16, 12), (16, 14), (16, 10), (17, 12), (17, 14), (17, 10), (17, 13), (17, 9), (18, 12), (17, 8), (16, 8), (15, 8), (14, 8), (13, 8), (12, 8), (11, 8), (11, 7), (11, 6), (10, 6), (9, 6), (8, 6), (7, 6), (6, 6), (6, 5), (5, 5), (4, 5), (3, 5), (2, 5), (1, 5)]",17180575804,0,17180575804
124,"(1, 3)","(1, 4)",South,"[(2, 3) via East]","[(1, 3):17180575806, (19, 12):17180932092, (25, 14):17213423616, (34, 14):34359738368]","[(2, 3):17180575810, (19, 12):17180932092, (25, 14):17213423616, (34, 14):34359738368]","[(34, 16), (33, 16), (32, 16), (31, 16), (30, 16), (29, 16), (28, 16), (27, 16), (26, 16), (25, 16), (24, 16), (23, 16), (22, 16), (21, 16), (20, 16), (19, 16), (18, 16), (17, 16), (16, 16), (15, 16), (14, 16), (13, 16), (12, 16), (11, 16), (10, 16), (9, 16), (8, 16), (7, 16), (6, 16), (5, 16), (4, 16), (3, 16), (2, 16), (1, 16), (34, 15), (25, 15), (1, 15), (1, 14), (1, 13), (1, 12), (1, 11), (1, 10), (1, 9), (1, 8), (1, 7), (2, 7), (3, 7), (4, 7), (4, 8), (4, 9), (4, 10), (3, 10), (4, 11), (4, 12), (4, 13), (4, 14), (5, 14), (6, 14), (6, 13), (6, 12), (6, 11), (6, 10), (6, 9), (6, 8), (7, 8), (8, 8), (8, 9), (8, 10), (8, 11), (8, 12), (8, 13), (8, 14), (9, 14), (10, 14), (10, 13), (10, 12), (10, 11), (10, 10), (11, 10), (12, 10), (12, 11), (12, 12), (12, 13), (13, 12), (12, 14), (13, 14), (14, 12), (14, 14), (14, 11), (15, 12), (14, 10), (15, 14), (15, 10), (16, 12), (16, 14), (16, 10), (17, 12), (17, 14), (17, 10), (17, 13), (17, 9), (18, 12), (17, 8), (16, 8), (15, 8), (14, 8), (13, 8), (12, 8), (11, 8), (11, 7), (11, 6), (10, 6), (9, 6), (8, 6), (7, 6), (6, 6), (6, 5), (5, 5), (4, 5), (3, 5), (2, 5), (1, 5), (1, 4)]",17180575806,0,17180575806
125,"(2, 3)","(1, 3)",East,"[(3, 3) via East]","[(2, 3):17180575810, (19, 12):17180932092, (25, 14):17213423616, (34, 14):34359738368]","[(3, 3):17180575818, (19, 12):17180932092, (25, 14):17213423616, (34, 14):34359738368]","[(34, 16), (33, 16), (32, 16), (31, 16), (30, 16), (29, 16), (28, 16), (27, 16), (26, 16), (25, 16), (24, 16), (23, 16), (22, 16), (21, 16), (20, 16), (19, 16), (18, 16), (17, 16), (16, 16), (15, 16), (14, 16), (13, 16), (12, 16), (11, 16), (10, 16), (9, 16), (8, 16), (7, 16), (6, 16), (5, 16), (4, 16), (3, 16), (2, 16), (1, 16), (34, 15), (25, 15), (1, 15), (1, 14), (1, 13), (1, 12), (1, 11), (1, 10), (1, 9), (1, 8), (1, 7), (2, 7), (3, 7), (4, 7), (4, 8), (4, 9), (4, 10), (3, 10), (4, 11), (4, 12), (4, 13), (4, 14), (5, 14), (6, 14), (6, 13), (6, 12), (6, 11), (6, 10), (6, 9), (6, 8), (7, 8), (8, 8), (8, 9), (8, 10), (8, 11), (8, 12), (8, 13), (8, 14), (9, 14), (10, 14), (10, 13), (10, 12), (10, 11), (10, 10), (11, 10), (12, 10), (12, 11), (12, 12), (12, 13), (13, 12), (12, 14), (13, 14), (14, 12), (14, 14), (14, 11), (15, 12), (14, 10), (15, 14), (15, 10), (16, 12), (16, 14), (16, 10), (17, 12), (17, 14), (17, 10), (17, 13), (17, 9), (18, 12), (17, 8), (16, 8), (15, 8), (14, 8), (13, 8), (12, 8), (11, 8), (11, 7), (11, 6), (10, 6), (9, 6), (8, 6), (7, 6), (6, 6), (6, 5), (5, 5), (4, 5), (3, 5), (2, 5), (1, 5), (1, 4), (1, 3)]",17180575810,0,17180575810
126,"(3, 3)","(2, 3)",East,"[(4, 3) via East]","[(3, 3):17180575818, (19, 12):17180932092, (25, 14):17213423616, (34, 14):34359738368]","[(4, 3):17180575834, (19, 12):17180932092, (25, 14):17213423616, (34, 14):34359738368]","[(34, 16), (33, 16), (32, 16), (31, 16), (30, 16), (29, 16), (28, 16), (27, 16), (26, 16), (25, 16), (24, 16), (23, 16), (22, 16), (21, 16), (20, 16), (19, 16), (18, 16), (17, 16), (16, 16), (15, 16), (14, 16), (13, 16), (12, 16), (11, 16), (10, 16), (9, 16), (8, 16), (7, 16), (6, 16), (5, 16), (4, 16), (3, 16), (2, 16), (1, 16), (34, 15), (25, 15), (1, 15), (1, 14), (1, 13), (1, 12), (1, 11), (1, 10), (1, 9), (1, 8), (1, 7), (2, 7), (3, 7), (4, 7), (4, 8), (4, 9), (4, 10), (3, 10), (4, 11), (4, 12), (4, 13), (4, 14), (5, 14), (6, 14), (6, 13), (6, 12), (6, 11), (6, 10), (6, 9), (6, 8), (7, 8), (8, 8), (8, 9), (8, 10), (8, 11), (8, 12), (8, 13), (8, 14), (9, 14), (10, 14), (10, 13), (10, 12), (10, 11), (10, 10), (11, 10), (12, 10), (12, 11), (12, 12), (12, 13), (13, 12), (12, 14), (13, 14), (14, 12), (14, 14), (14, 11), (15, 12), (14, 10), (15, 14), (15, 10), (16, 12), (16, 14), (16, 10), (17, 12), (17, 14), (17, 10), (17, 13), (17, 9), (18, 12), (17, 8), (16, 8), (15, 8), (14, 8), (13, 8), (12, 8), (11, 8), (11, 7), (11, 6), (10, 6), (9, 6), (8, 6), (7, 6), (6, 6), (6, 5), (5, 5), (4, 5), (3, 5), (2, 5), (1, 5), (1, 4), (1, 3), (2, 3)]",17180575818,0,17180575818
127,"(4, 3)","(3, 3)",East,"[(5, 3) via East]","[(4, 3):17180575834, (19, 12):17180932092, (25, 14):17213423616, (34, 14):34359738368]","[(5, 3):17180575866, (19, 12):17180932092, (25, 14):17213423616, (34, 14):34359738368]","[(34, 16), (33, 16), (32, 16), (31, 16), (30, 16), (29, 16), (28, 16), (27, 16), (26, 16), (25, 16), (24, 16), (23, 16), (22, 16), (21, 16), (20, 16), (19, 16), (18, 16), (17, 16), (16, 16), (15, 16), (14, 16), (13, 16), (12, 16), (11, 16), (10, 16), (9, 16), (8, 16), (7, 16), (6, 16), (5, 16), (4, 16), (3, 16), (2, 16), (1, 16), (34, 15), (25, 15), (1, 15), (1, 14), (1, 13), (1, 12), (1, 11), (1, 10), (1, 9), (1, 8), (1, 7), (2, 7), (3, 7), (4, 7), (4, 8), (4, 9), (4, 10), (3, 10), (4, 11), (4, 12), (4, 13), (4, 14), (5, 14), (6, 14), (6, 13), (6, 12), (6, 11), (6, 10), (6, 9), (6, 8), (7, 8), (8, 8), (8, 9), (8, 10), (8, 11), (8, 12), (8, 13), (8, 14), (9, 14), (10, 14), (10, 13), (10, 12), (10, 11), (10, 10), (11, 10), (12, 10), (12, 11), (12, 12), (12, 13), (13, 12), (12, 14), (13, 14), (14, 12), (14, 14), (14, 11), (15, 12), (14, 10), (15, 14), (15, 10), (16, 12), (16, 14), (16, 10), (17, 12), (17, 14), (17, 10), (17, 13), (17, 9), (18, 12), (17, 8), (16, 8), (15, 8), (14, 8), (13, 8), (12, 8), (11, 8), (11, 7), (11, 6), (10, 6), (9, 6), (8, 6), (7, 6), (6, 6), (6, 5), (5, 5), (4, 5), (3, 5), (2, 5), (1, 5), (1, 4), (1, 3), (2, 3), (3, 3)]",17180575834,0,17180575834
128,"(5, 3)","(4, 3)",East,"[(6, 3) via East]","[(5, 3):17180575866, (19, 12):17180932092, (25, 14):17213423616, (34, 14):34359738368]","[(6, 3):17180575930, (19, 12):17180932092, (25, 14):17213423616, (34, 14):34359738368]","[(34, 16), (33, 16), (32, 16), (31, 16), (30, 16), (29, 16), (28, 16), (27, 16), (26, 16), (25, 16), (24, 16), (23, 16), (22, 16), (21, 16), (20, 16), (19, 16), (18, 16), (17, 16), (16, 16), (15, 16), (14, 16), (13, 16), (12, 16), (11, 16), (10, 16), (9, 16), (8, 16), (7, 16), (6, 16), (5, 16), (4, 16), (3, 16), (2, 16), (1, 16), (34, 15), (25, 15), (1, 15), (1, 14), (1, 13), (1, 12), (1, 11), (1, 10), (1, 9), (1, 8), (1, 7), (2, 7), (3, 7), (4, 7), (4, 8), (4, 9), (4, 10), (3, 10), (4, 11), (4, 12), (4, 13), (4, 14), (5, 14), (6, 14), (6, 13), (6, 12), (6, 11), (6, 10), (6, 9), (6, 8), (7, 8), (8, 8), (8, 9), (8, 10), (8, 11), (8, 12), (8, 13), (8, 14), (9, 14), (10, 14), (10, 13), (10, 12), (10, 11), (10, 10), (11, 10), (12, 10), (12, 11), (12, 12), (12, 13), (13, 12), (12, 14), (13, 14), (14, 12), (14, 14), (14, 11), (15, 12), (14, 10), (15, 14), (15, 10), (16, 12), (16, 14), (16, 10), (17, 12), (17, 14), (17, 10), (17, 13), (17, 9), (18, 12), (17, 8), (16, 8), (15, 8), (14, 8), (13, 8), (12, 8), (11, 8), (11, 7), (11, 6), (10, 6), (9, 6), (8, 6), (7, 6), (6, 6), (6, 5), (5, 5), (4, 5), (3, 5), (2, 5), (1, 5), (1, 4), (1, 3), (2, 3), (3, 3), (4, 3)]",17180575866,0,17180575866
129,"(6, 3)","(5, 3)",East,"[(7, 3) via East]","[(6, 3):17180575930, (19, 12):17180932092, (25, 14):17213423616, (34, 14):34359738368]","[(7, 3):17180576058, (19, 12):17180932092, (25, 14):17213423616, (34, 14):34359738368]","[(34, 16), (33, 16), (32, 16), (31, 16), (30, 16), (29, 16), (28, 16), (27, 16), (26, 16), (25, 16), (24, 16), (23, 16), (22, 16), (21, 16), (20, 16), (19, 16), (18, 16), (17, 16), (16, 16), (15, 16), (14, 16), (13, 16), (12, 16), (11, 16), (10, 16), (9, 16), (8, 16), (7, 16), (6, 16), (5, 16), (4, 16), (3, 16), (2, 16), (1, 16), (34, 15), (25, 15), (1, 15), (1, 14), (1, 13), (1, 12), (1, 11), (1, 10), (1, 9), (1, 8), (1, 7), (2, 7), (3, 7), (4, 7), (4, 8), (4, 9), (4, 10), (3, 10), (4, 11), (4, 12), (4, 13), (4, 14), (5, 14), (6, 14), (6, 13), (6, 12), (6, 11), (6, 10), (6, 9), (6, 8), (7, 8), (8, 8), (8, 9), (8, 10), (8, 11), (8, 12), (8, 13), (8, 14), (9, 14), (10, 14), (10, 13), (10, 12), (10, 11), (10, 10), (11, 10), (12, 10), (12, 11), (12, 12), (12, 13), (13, 12), (12, 14), (13, 14), (14, 12), (14, 14), (14, 11), (15, 12), (14, 10), (15, 14), (15, 10), (16, 12), (16, 14), (16, 10), (17, 12), (17, 14), (17, 10), (17, 13), (17, 9), (18, 12), (17, 8), (16, 8), (15, 8), (14, 8), (13, 8), (12, 8), (11, 8), (11, 7), (11, 6), (10, 6), (9, 6), (8, 6), (7, 6), (6, 6), (6, 5), (5, 5), (4, 5), (3, 5), (2, 5), (1, 5), (1, 4), (1, 3), (2, 3), (3, 3), (4, 3), (5, 3)]",17180575930,0,17180575930
130,"(7, 3)","(6, 3)",East,"[(8, 3) via East]","[(7, 3):17180576058, (19, 12):17180932092, (25, 14):17213423616, (34, 14):34359738368]","[(8, 3):17180576314, (19, 12):17180932092, (25, 14):17213423616, (34, 14):34359738368]","[(34, 16), (33, 16), (32, 16), (31, 16), (30, 16), (29, 16), (28, 16), (27, 16), (26, 16), (25, 16), (24, 16), (23, 16), (22, 16), (21, 16), (20, 16), (19, 16), (18, 16), (17, 16), (16, 16), (15, 16), (14, 16), (13, 16), (12, 16), (11, 16), (10, 16), (9, 16), (8, 16), (7, 16), (6, 16), (5, 16), (4, 16), (3, 16), (2, 16), (1, 16), (34, 15), (25, 15), (1, 15), (1, 14), (1, 13), (1, 12), (1, 11), (1, 10), (1, 9), (1, 8), (1, 7), (2, 7), (3, 7), (4, 7), (4, 8), (4, 9), (4, 10), (3, 10), (4, 11), (4, 12), (4, 13), (4, 14), (5, 14), (6, 14), (6, 13), (6, 12), (6, 11), (6, 10), (6, 9), (6, 8), (7, 8), (8, 8), (8, 9), (8, 10), (8, 11), (8, 12), (8, 13), (8, 14), (9, 14), (10, 14), (10, 13), (10, 12), (10, 11), (10, 10), (11, 10), (12, 10), (12, 11), (12, 12), (12, 13), (13, 12), (12, 14), (13, 14), (14, 12), (14, 14), (14, 11), (15, 12), (14, 10), (15, 14), (15, 10), (16, 12), (16, 14), (16, 10), (17, 12), (17, 14), (17, 10), (17, 13), (17, 9), (18, 12), (17, 8), (16, 8), (15, 8), (14, 8), (13, 8), (12, 8), (11, 8), (11, 7), (11, 6), (10, 6), (9, 6), (8, 6), (7, 6), (6, 6), (6, 5), (5, 5), (4, 5), (3, 5), (2, 5), (1, 5), (1, 4), (1, 3), (2, 3), (3, 3), (4, 3), (5, 3), (6, 3)]",17180576058,0,17180576058
131,"(8, 3)","(7, 3)",East,"[(8, 4) via North]","[(8, 3):17180576314, (19, 12):17180932092, (25, 14):17213423616, (34, 14):34359738368]","[(8, 4):17180576570, (19, 12):17180932092, (25, 14):17213423616, (34, 14):34359738368]","[(34, 16), (33, 16), (32, 16), (31, 16), (30, 16), (29, 16), (28, 16), (27, 16), (26, 16), (25, 16), (24, 16), (23, 16), (22, 16), (21, 16), (20, 16), (19, 16), (18, 16), (17, 16), (16, 16), (15, 16), (14, 16), (13, 16), (12, 16), (11, 16), (10, 16), (9, 16), (8, 16), (7, 16), (6, 16), (5, 16), (4, 16), (3, 16), (2, 16), (1, 16), (34, 15), (25, 15), (1, 15), (1, 14), (1, 13), (1, 12), (1, 11), (1, 10), (1, 9), (1, 8), (1, 7), (2, 7), (3, 7), (4, 7), (4, 8), (4, 9), (4, 10), (3, 10), (4, 11), (4, 12), (4, 13), (4, 14), (5, 14), (6, 14), (6, 13), (6, 12), (6, 11), (6, 10), (6, 9), (6, 8), (7, 8), (8, 8), (8, 9), (8, 10), (8, 11), (8, 12), (8, 13), (8, 14), (9, 14), (10, 14), (10, 13), (10, 12), (10, 11), (10, 10), (11, 10), (12, 10), (12, 11), (12, 12), (12, 13), (13, 12), (12, 14), (13, 14), (14, 12), (14, 14), (14, 11), (15, 12), (14, 10), (15, 14), (15, 10), (16, 12), (16, 14), (16, 10), (17, 12), (17, 14), (17, 10), (17, 13), (17, 9), (18, 12), (17, 8), (16, 8), (15, 8), (14, 8), (13, 8), (12, 8), (11, 8), (11, 7), (11, 6), (10, 6), (9, 6), (8, 6), (7, 6), (6, 6), (6, 5), (5, 5), (4, 5), (3, 5), (2, 5), (1, 5), (1, 4), (1, 3), (2, 3), (3, 3), (4, 3), (5, 3), (6, 3), (7, 3)]",17180576314,0,17180576314
132,"(8, 4)","(8, 3)",North,"[(9, 4) via East]","[(8, 4):17180576570, (19, 12):17180932092, (25, 14):17213423616, (34, 14):34359738368]","[(9, 4):17180577082, (19, 12):17180932092, (25, 14):17213423616, (34, 14):34359738368]","[(34, 16), (33, 16), (32, 16), (31, 16), (30, 16), (29, 16), (28, 16), (27, 16), (26, 16), (25, 16), (24, 16), (23, 16), (22, 16), (21, 16), (20, 16), (19, 16), (18, 16), (17, 16), (16, 16), (15, 16), (14, 16), (13, 16), (12, 16), (11, 16), (10, 16), (9, 16), (8, 16), (7, 16), (6, 16), (5, 16), (4, 16), (3, 16), (2, 16), (1, 16), (34, 15), (25, 15), (1, 15), (1, 14), (1, 13), (1, 12), (1, 11), (1, 10), (1, 9), (1, 8), (1, 7), (2, 7), (3, 7), (4, 7), (4, 8), (4, 9), (4, 10), (3, 10), (4, 11), (4, 12), (4, 13), (4, 14), (5, 14), (6, 14), (6, 13), (6, 12), (6, 11), (6, 10), (6, 9), (6, 8), (7, 8), (8, 8), (8, 9), (8, 10), (8, 11), (8, 12), (8, 13), (8, 14), (9, 14), (10, 14), (10, 13), (10, 12), (10, 11), (10, 10), (11, 10), (12, 10), (12, 11), (12, 12), (12, 13), (13, 12), (12, 14), (13, 14), (14, 12), (14, 14), (14, 11), (15, 12), (14, 10), (15, 14), (15, 10), (16, 12), (16, 14), (16, 10), (17, 12), (17, 14), (17, 10), (17, 13), (17, 9), (18, 12), (17, 8), (16, 8), (15, 8), (14, 8), (13, 8), (12, 8), (11, 8), (11, 7), (11, 6), (10, 6), (9, 6), (8, 6), (7, 6), (6, 6), (6, 5), (5, 5), (4, 5), (3, 5), (2, 5), (1, 5), (1, 4), (1, 3), (2, 3), (3, 3), (4, 3), (5, 3), (6, 3), (7, 3), (8, 3)]",17180576570,0,17180576570
133,"(9, 4)","(8, 4)",East,"[(10, 4) via East]","[(9, 4):17180577082, (19, 12):17180932092, (25, 14):17213423616, (34, 14):34359738368]","[(10, 4):17180578106, (19, 12):17180932092, (25, 14):17213423616, (34, 14):34359738368]","[(34, 16), (33, 16), (32, 16), (31, 16), (30, 16), (29, 16), (28, 16), (27, 16), (26, 16), (25, 16), (24, 16), (23, 16), (22, 16), (21, 16), (20, 16), (19, 16), (18, 16), (17, 16), (16, 16), (15, 16), (14, 16), (13, 16), (12, 16), (11, 16), (10, 16), (9, 16), (8, 16), (7, 16), (6, 16), (5, 16), (4, 16), (3, 16), (2, 16), (1, 16), (34, 15), (25, 15), (1, 15), (1, 14), (1, 13), (1, 12), (1, 11), (1, 10), (1, 9), (1, 8), (1, 7), (2, 7), (3, 7), (4, 7), (4, 8), (4, 9), (4, 10), (3, 10), (4, 11), (4, 12), (4, 13), (4, 14), (5, 14), (6, 14), (6, 13), (6, 12), (6, 11), (6, 10), (6, 9), (6, 8), (7, 8), (8, 8), (8, 9), (8, 10), (8, 11), (8, 12), (8, 13), (8, 14), (9, 14), (10, 14), (10, 13), (10, 12), (10, 11), (10, 10), (11, 10), (12, 10), (12, 11), (12, 12), (12, 13), (13, 12), (12, 14), (13, 14), (14, 12), (14, 14), (14, 11), (15, 12), (14, 10), (15, 14), (15, 10), (16, 12), (16, 14), (16, 10), (17, 12), (17, 14), (17, 10), (17, 13), (17, 9), (18, 12), (17, 8), (16, 8), (15, 8), (14, 8), (13, 8), (12, 8), (11, 8), (11, 7), (11, 6), (10, 6), (9, 6), (8, 6), (7, 6), (6, 6), (6, 5), (5, 5), (4, 5), (3, 5), (2, 5), (1, 5), (1, 4), (1, 3), (2, 3), (3, 3), (4, 3), (5, 3), (6, 3), (7, 3), (8, 3), (8, 4)]",17180577082,0,17180577082
134,"(10, 4)","(9, 4)",East,"[(11, 4) via East]","[(10, 4):17180578106, (19, 12):17180932092, (25, 14):17213423616, (34, 14):34359738368]","[(11, 4):17180580154, (19, 12):17180932092, (25, 14):17213423616, (34, 14):34359738368]","[(34, 16), (33, 16), (32, 16), (31, 16), (30, 16), (29, 16), (28, 16), (27, 16), (26, 16), (25, 16), (24, 16), (23, 16), (22, 16), (21, 16), (20, 16), (19, 16), (18, 16), (17, 16), (16, 16), (15, 16), (14, 16), (13, 16), (12, 16), (11, 16), (10, 16), (9, 16), (8, 16), (7, 16), (6, 16), (5, 16), (4, 16), (3, 16), (2, 16), (1, 16), (34, 15), (25, 15), (1, 15), (1, 14), (1, 13), (1, 12), (1, 11), (1, 10), (1, 9), (1, 8), (1, 7), (2, 7), (3, 7), (4, 7), (4, 8), (4, 9), (4, 10), (3, 10), (4, 11), (4, 12), (4, 13), (4, 14), (5, 14), (6, 14), (6, 13), (6, 12), (6, 11), (6, 10), (6, 9), (6, 8), (7, 8), (8, 8), (8, 9), (8, 10), (8, 11), (8, 12), (8, 13), (8, 14), (9, 14), (10, 14), (10, 13), (10, 12), (10, 11), (10, 10), (11, 10), (12, 10), (12, 11), (12, 12), (12, 13), (13, 12), (12, 14), (13, 14), (14, 12), (14, 14), (14, 11), (15, 12), (14, 10), (15, 14), (15, 10), (16, 12), (16, 14), (16, 10), (17, 12), (17, 14), (17, 10), (17, 13), (17, 9), (18, 12), (17, 8), (16, 8), (15, 8), (14, 8), (13, 8), (12, 8), (11, 8), (11, 7), (11, 6), (10, 6), (9, 6), (8, 6), (7, 6), (6, 6), (6, 5), (5, 5), (4, 5), (3, 5), (2, 5), (1, 5), (1, 4), (1, 3), (2, 3), (3, 3), (4, 3), (5, 3), (6, 3), (7, 3), (8, 3), (8, 4), (9, 4)]",17180578106,0,17180578106
135,"(11, 4)","(10, 4)",East,"[(12, 4) via East]","[(11, 4):17180580154, (19, 12):17180932092, (25, 14):17213423616, (34, 14):34359738368]","[(12, 4):17180584250, (19, 12):17180932092, (25, 14):17213423616, (34, 14):34359738368]","[(34, 16), (33, 16), (32, 16), (31, 16), (30, 16), (29, 16), (28, 16), (27, 16), (26, 16), (25, 16), (24, 16), (23, 16), (22, 16), (21, 16), (20, 16), (19, 16), (18, 16), (17, 16), (16, 16), (15, 16), (14, 16), (13, 16), (12, 16), (11, 16), (10, 16), (9, 16), (8, 16), (7, 16), (6, 16), (5, 16), (4, 16), (3, 16), (2, 16), (1, 16), (34, 15), (25, 15), (1, 15), (1, 14), (1, 13), (1, 12), (1, 11), (1, 10), (1, 9), (1, 8), (1, 7), (2, 7), (3, 7), (4, 7), (4, 8), (4, 9), (4, 10), (3, 10), (4, 11), (4, 12), (4, 13), (4, 14), (5, 14), (6, 14), (6, 13), (6, 12), (6, 11), (6, 10), (6, 9), (6, 8), (7, 8), (8, 8), (8, 9), (8, 10), (8, 11), (8, 12), (8, 13), (8, 14), (9, 14), (10, 14), (10, 13), (10, 12), (10, 11), (10, 10), (11, 10), (12, 10), (12, 11), (12, 12), (12, 13), (13, 12), (12, 14), (13, 14), (14, 12), (14, 14), (14, 11), (15, 12), (14, 10), (15, 14), (15, 10), (16, 12), (16, 14), (16, 10), (17, 12), (17, 14), (17, 10), (17, 13), (17, 9), (18, 12), (17, 8), (16, 8), (15, 8), (14, 8), (13, 8), (12, 8), (11, 8), (11, 7), (11, 6), (10, 6), (9, 6), (8, 6), (7, 6), (6, 6), (6, 5), (5, 5), (4, 5), (3, 5), (2, 5), (1, 5), (1, 4), (1, 3), (2, 3), (3, 3), (4, 3), (5, 3), (6, 3), (7, 3), (8, 3), (8, 4), (9, 4), (10, 4)]",17180580154,0,17180580154
136,"(12, 4)","(11, 4)",East,"[(13, 4) via East]","[(12, 4):17180584250, (19, 12):17180932092, (25, 14):17213423616, (34, 14):34359738368]","[(13, 4):17180592442, (19, 12):17180932092, (25, 14):17213423616, (34, 14):34359738368]","[(34, 16), (33, 16), (32, 16), (31, 16), (30, 16), (29, 16), (28, 16), (27, 16), (26, 16), (25, 16), (24, 16), (23, 16), (22, 16), (21, 16), (20, 16), (19, 16), (18, 16), (17, 16), (16, 16), (15, 16), (14, 16), (13, 16), (12, 16), (11, 16), (10, 16), (9, 16), (8, 16), (7, 16), (6, 16), (5, 16), (4, 16), (3, 16), (2, 16), (1, 16), (34, 15), (25, 15), (1, 15), (1, 14), (1, 13), (1, 12), (1, 11), (1, 10), (1, 9), (1, 8), (1, 7), (2, 7), (3, 7), (4, 7), (4, 8), (4, 9), (4, 10), (3, 10), (4, 11), (4, 12), (4, 13), (4, 14), (5, 14), (6, 14), (6, 13), (6, 12), (6, 11), (6, 10), (6, 9), (6, 8), (7, 8), (8, 8), (8, 9), (8, 10), (8, 11), (8, 12), (8, 13), (8, 14), (9, 14), (10, 14), (10, 13), (10, 12), (10, 11), (10, 10), (11, 10), (12, 10), (12, 11), (12, 12), (12, 13), (13, 12), (12, 14), (13, 14), (14, 12), (14, 14), (14, 11), (15, 12), (14, 10), (15, 14), (15, 10), (16, 12), (16, 14), (16, 10), (17, 12), (17, 14), (17, 10), (17, 13), (17, 9), (18, 12), (17, 8), (16, 8), (15, 8), (14, 8), (13, 8), (12, 8), (11, 8), (11, 7), (11, 6), (10, 6), (9, 6), (8, 6), (7, 6), (6, 6), (6, 5), (5, 5), (4, 5), (3, 5), (2, 5), (1, 5), (1, 4), (1, 3), (2, 3), (3, 3), (4, 3), (5, 3), (6, 3), (7, 3), (8, 3), (8, 4), (9, 4), (10, 4), (11, 4)]",17180584250,0,17180584250
137,"(13, 4)","(12, 4)",East,"[(13, 5) via North]","[(13, 4):17180592442, (19, 12):17180932092, (25, 14):17213423616, (34, 14):34359738368]","[(13, 5):17180600634, (19, 12):17180932092, (25, 14):17213423616, (34, 14):34359738368]","[(34, 16), (33, 16), (32, 16), (31, 16), (30, 16), (29, 16), (28, 16), (27, 16), (26, 16), (25, 16), (24, 16), (23, 16), (22, 16), (21, 16), (20, 16), (19, 16), (18, 16), (17, 16), (16, 16), (15, 16), (14, 16), (13, 16), (12, 16), (11, 16), (10, 16), (9, 16), (8, 16), (7, 16), (6, 16), (5, 16), (4, 16), (3, 16), (2, 16), (1, 16), (34, 15), (25, 15), (1, 15), (1, 14), (1, 13), (1, 12), (1, 11), (1, 10), (1, 9), (1, 8), (1, 7), (2, 7), (3, 7), (4, 7), (4, 8), (4, 9), (4, 10), (3, 10), (4, 11), (4, 12), (4, 13), (4, 14), (5, 14), (6, 14), (6, 13), (6, 12), (6, 11), (6, 10), (6, 9), (6, 8), (7, 8), (8, 8), (8, 9), (8, 10), (8, 11), (8, 12), (8, 13), (8, 14), (9, 14), (10, 14), (10, 13), (10, 12), (10, 11), (10, 10), (11, 10), (12, 10), (12, 11), (12, 12), (12, 13), (13, 12), (12, 14), (13, 14), (14, 12), (14, 14), (14, 11), (15, 12), (14, 10), (15, 14), (15, 10), (16, 12), (16, 14), (16, 10), (17, 12), (17, 14), (17, 10), (17, 13), (17, 9), (18, 12), (17, 8), (16, 8), (15, 8), (14, 8), (13, 8), (12, 8), (11, 8), (11, 7), (11, 6), (10, 6), (9, 6), (8, 6), (7, 6), (6, 6), (6, 5), (5, 5), (4, 5), (3, 5), (2, 5), (1, 5), (1, 4), (1, 3), (2, 3), (3, 3), (4, 3), (5, 3), (6, 3), (7, 3), (8, 3), (8, 4), (9, 4), (10, 4), (11, 4), (12, 4)]",17180592442,0,17180592442
138,"(13, 5)","(13, 4)",North,"[(13, 6) via North]","[(13, 5):17180600634, (19, 12):17180932092, (25, 14):17213423616, (34, 14):34359738368]","[(13, 6):17180608826, (19, 12):17180932092, (25, 14):17213423616, (34, 14):34359738368]","[(34, 16), (33, 16), (32, 16), (31, 16), (30, 16), (29, 16), (28, 16), (27, 16), (26, 16), (25, 16), (24, 16), (23, 16), (22, 16), (21, 16), (20, 16), (19, 16), (18, 16), (17, 16), (16, 16), (15, 16), (14, 16), (13, 16), (12, 16), (11, 16), (10, 16), (9, 16), (8, 16), (7, 16), (6, 16), (5, 16), (4, 16), (3, 16), (2, 16), (1, 16), (34, 15), (25, 15), (1, 15), (1, 14), (1, 13), (1, 12), (1, 11), (1, 10), (1, 9), (1, 8), (1, 7), (2, 7), (3, 7), (4, 7), (4, 8), (4, 9), (4, 10), (3, 10), (4, 11), (4, 12), (4, 13), (4, 14), (5, 14), (6, 14), (6, 13), (6, 12), (6, 11), (6, 10), (6, 9), (6, 8), (7, 8), (8, 8), (8, 9), (8, 10), (8, 11), (8, 12), (8, 13), (8, 14), (9, 14), (10, 14), (10, 13), (10, 12), (10, 11), (10, 10), (11, 10), (12, 10), (12, 11), (12, 12), (12, 13), (13, 12), (12, 14), (13, 14), (14, 12), (14, 14), (14, 11), (15, 12), (14, 10), (15, 14), (15, 10), (16, 12), (16, 14), (16, 10), (17, 12), (17, 14), (17, 10), (17, 13), (17, 9), (18, 12), (17, 8), (16, 8), (15, 8), (14, 8), (13, 8), (12, 8), (11, 8), (11, 7), (11, 6), (10, 6), (9, 6), (8, 6), (7, 6), (6, 6), (6, 5), (5, 5), (4, 5), (3, 5), (2, 5), (1, 5), (1, 4), (1, 3), (2, 3), (3, 3), (4, 3), (5, 3), (6, 3), (7, 3), (8, 3), (8, 4), (9, 4), (10, 4), (11, 4), (12, 4), (13, 4)]",17180600634,0,17180600634
139,"(13, 6)","(13, 5)",North,"[(14, 6) via East]","[(13, 6):17180608826, (19, 12):17180932092, (25, 14):17213423616, (34, 14):34359738368]","[(14, 6):17180625210, (19, 12):17180932092, (25, 14):17213423616, (34, 14):34359738368]","[(34, 16), (33, 16), (32, 16), (31, 16), (30, 16), (29, 16), (28, 16), (27, 16), (26, 16), (25, 16), (24, 16), (23, 16), (22, 16), (21, 16), (20, 16), (19, 16), (18, 16), (17, 16), (16, 16), (15, 16), (14, 16), (13, 16), (12, 16), (11, 16), (10, 16), (9, 16), (8, 16), (7, 16), (6, 16), (5, 16), (4, 16), (3, 16), (2, 16), (1, 16), (34, 15), (25, 15), (1, 15), (1, 14), (1, 13), (1, 12), (1, 11), (1, 10), (1, 9), (1, 8), (1, 7), (2, 7), (3, 7), (4, 7), (4, 8), (4, 9), (4, 10), (3, 10), (4, 11), (4, 12), (4, 13), (4, 14), (5, 14), (6, 14), (6, 13), (6, 12), (6, 11), (6, 10), (6, 9), (6, 8), (7, 8), (8, 8), (8, 9), (8, 10), (8, 11), (8, 12), (8, 13), (8, 14), (9, 14), (10, 14), (10, 13), (10, 12), (10, 11), (10, 10), (11, 10), (12, 10), (12, 11), (12, 12), (12, 13), (13, 12), (12, 14), (13, 14), (14, 12), (14, 14), (14, 11), (15, 12), (14, 10), (15, 14), (15, 10), (16, 12), (16, 14), (16, 10), (17, 12), (17, 14), (17, 10), (17, 13), (17, 9), (18, 12), (17, 8), (16, 8), (15, 8), (14, 8), (13, 8), (12, 8), (11, 8), (11, 7), (11, 6), (10, 6), (9, 6), (8, 6), (7, 6), (6, 6), (6, 5), (5, 5), (4, 5), (3, 5), (2, 5), (1, 5), (1, 4), (1, 3), (2, 3), (3, 3), (4, 3), (5, 3), (6, 3), (7, 3), (8, 3), (8, 4), (9, 4), (10, 4), (11, 4), (12, 4), (13, 4), (13, 5)]",17180608826,0,17180608826
140,"(14, 6)","(13, 6)",East,"[(15, 6) via East]","[(14, 6):17180625210, (19, 12):17180932092, (25, 14):17213423616, (34, 14):34359738368]","[(15, 6):17180657978, (19, 12):17180932092, (25, 14):17213423616, (34, 14):34359738368]","[(34, 16), (33, 16), (32, 16), (31, 16), (30, 16), (29, 16), (28, 16), (27, 16), (26, 16), (25, 16), (24, 16), (23, 16), (22, 16), (21, 16), (20, 16), (19, 16), (18, 16), (17, 16), (16, 16), (15, 16), (14, 16), (13, 16), (12, 16), (11, 16), (10, 16), (9, 16), (8, 16), (7, 16), (6, 16), (5, 16), (4, 16), (3, 16), (2, 16), (1, 16), (34, 15), (25, 15), (1, 15), (1, 14), (1, 13), (1, 12), (1, 11), (1, 10), (1, 9), (1, 8), (1, 7), (2, 7), (3, 7), (4, 7), (4, 8), (4, 9), (4, 10), (3, 10), (4, 11), (4, 12), (4, 13), (4, 14), (5, 14), (6, 14), (6, 13), (6, 12), (6, 11), (6, 10), (6, 9), (6, 8), (7, 8), (8, 8), (8, 9), (8, 10), (8, 11), (8, 12), (8, 13), (8, 14), (9, 14), (10, 14), (10, 13), (10, 12), (10, 11), (10, 10), (11, 10), (12, 10), (12, 11), (12, 12), (12, 13), (13, 12), (12, 14), (13, 14), (14, 12), (14, 14), (14, 11), (15, 12), (14, 10), (15, 14), (15, 10), (16, 12), (16, 14), (16, 10), (17, 12), (17, 14), (17, 10), (17, 13), (17, 9), (18, 12), (17, 8), (16, 8), (15, 8), (14, 8), (13, 8), (12, 8), (11, 8), (11, 7), (11, 6), (10, 6), (9, 6), (8, 6), (7, 6), (6, 6), (6, 5), (5, 5), (4, 5), (3, 5), (2, 5), (1, 5), (1, 4), (1, 3), (2, 3), (3, 3), (4, 3), (5, 3), (6, 3), (7, 3), (8, 3), (8, 4), (9, 4), (10, 4), (11, 4), (12, 4), (13, 4), (13, 5), (13, 6)]",17180625210,0,17180625210
141,"(15, 6)","(14, 6)",East,"[(16, 6) via East]","[(15, 6):17180657978, (19, 12):17180932092, (25, 14):17213423616, (34, 14):34359738368]","[(16, 6):17180723514, (19, 12):17180932092, (25, 14):17213423616, (34, 14):34359738368]","[(34, 16), (33, 16), (32, 16), (31, 16), (30, 16), (29, 16), (28, 16), (27, 16), (26, 16), (25, 16), (24, 16), (23, 16), (22, 16), (21, 16), (20, 16), (19, 16), (18, 16), (17, 16), (16, 16), (15, 16), (14, 16), (13, 16), (12, 16), (11, 16), (10, 16), (9, 16), (8, 16), (7, 16), (6, 16), (5, 16), (4, 16), (3, 16), (2, 16), (1, 16), (34, 15), (25, 15), (1, 15), (1, 14), (1, 13), (1, 12), (1, 11), (1, 10), (1, 9), (1, 8), (1, 7), (2, 7), (3, 7), (4, 7), (4, 8), (4, 9), (4, 10), (3, 10), (4, 11), (4, 12), (4, 13), (4, 14), (5, 14), (6, 14), (6, 13), (6, 12), (6, 11), (6, 10), (6, 9), (6, 8), (7, 8), (8, 8), (8, 9), (8, 10), (8, 11), (8, 12), (8, 13), (8, 14), (9, 14), (10, 14), (10, 13), (10, 12), (10, 11), (10, 10), (11, 10), (12, 10), (12, 11), (12, 12), (12, 13), (13, 12), (12, 14), (13, 14), (14, 12), (14, 14), (14, 11), (15, 12), (14, 10), (15, 14), (15, 10), (16, 12), (16, 14), (16, 10), (17, 12), (17, 14), (17, 10), (17, 13), (17, 9), (18, 12), (17, 8), (16, 8), (15, 8), (14, 8), (13, 8), (12, 8), (11, 8), (11, 7), (11, 6), (10, 6), (9, 6), (8, 6), (7, 6), (6, 6), (6, 5), (5, 5), (4, 5), (3, 5), (2, 5), (1, 5), (1, 4), (1, 3), (2, 3), (3, 3), (4, 3), (5, 3), (6, 3), (7, 3), (8, 3), (8, 4), (9, 4), (10, 4), (11, 4), (12, 4), (13, 4), (13, 5), (13, 6), (14, 6)]",17180657978,0,17180657978
142,"(16, 6)","(15, 6)",East,"[(17, 6) via East]","[(16, 6):17180723514, (19, 12):17180932092, (25, 14):17213423616, (34, 14):34359738368]","[(17, 6):17180854586, (19, 12):17180932092, (25, 14):17213423616, (34, 14):34359738368]","[(34, 16), (33, 16), (32, 16), (31, 16), (30, 16), (29, 16), (28, 16), (27, 16), (26, 16), (25, 16), (24, 16), (23, 16), (22, 16), (21, 16), (20, 16), (19, 16), (18, 16), (17, 16), (16, 16), (15, 16), (14, 16), (13, 16), (12, 16), (11, 16), (10, 16), (9, 16), (8, 16), (7, 16), (6, 16), (5, 16), (4, 16), (3, 16), (2, 16), (1, 16), (34, 15), (25, 15), (1, 15), (1, 14), (1, 13), (1, 12), (1, 11), (1, 10), (1, 9), (1, 8), (1, 7), (2, 7), (3, 7), (4, 7), (4, 8), (4, 9), (4, 10), (3, 10), (4, 11), (4, 12), (4, 13), (4, 14), (5, 14), (6, 14), (6, 13), (6, 12), (6, 11), (6, 10), (6, 9), (6, 8), (7, 8), (8, 8), (8, 9), (8, 10), (8, 11), (8, 12), (8, 13), (8, 14), (9, 14), (10, 14), (10, 13), (10, 12), (10, 11), (10, 10), (11, 10), (12, 10), (12, 11), (12, 12), (12, 13), (13, 12), (12, 14), (13, 14), (14, 12), (14, 14), (14, 11), (15, 12), (14, 10), (15, 14), (15, 10), (16, 12), (16, 14), (16, 10), (17, 12), (17, 14), (17, 10), (17, 13), (17, 9), (18, 12), (17, 8), (16, 8), (15, 8), (14, 8), (13, 8), (12, 8), (11, 8), (11, 7), (11, 6), (10, 6), (9, 6), (8, 6), (7, 6), (6, 6), (6, 5), (5, 5), (4, 5), (3, 5), (2, 5), (1, 5), (1, 4), (1, 3), (2, 3), (3, 3), (4, 3), (5, 3), (6, 3), (7, 3), (8, 3), (8, 4), (9, 4), (10, 4), (11, 4), (12, 4), (13, 4), (13, 5), (13, 6), (14, 6), (15, 6)]",17180723514,0,17180723514
143,"(17, 6)","(16, 6)",East,"[(18, 6) via East]","[(17, 6):17180854586, (19, 12):17180932092, (25, 14):17213423616, (34, 14):34359738368]","[(19, 12):17180932092, (18, 6):17181116730, (25, 14):17213423616, (34, 14):34359738368]","[(34, 16), (33, 16), (32, 16), (31, 16), (30, 16), (29, 16), (28, 16), (27, 16), (26, 16), (25, 16), (24, 16), (23, 16), (22, 16), (21, 16), (20, 16), (19, 16), (18, 16), (17, 16), (16, 16), (15, 16), (14, 16), (13, 16), (12, 16), (11, 16), (10, 16), (9, 16), (8, 16), (7, 16), (6, 16), (5, 16), (4, 16), (3, 16), (2, 16), (1, 16), (34, 15), (25, 15), (1, 15), (1, 14), (1, 13), (1, 12), (1, 11), (1, 10), (1, 9), (1, 8), (1, 7), (2, 7), (3, 7), (4, 7), (4, 8), (4, 9), (4, 10), (3, 10), (4, 11), (4, 12), (4, 13), (4, 14), (5, 14), (6, 14), (6, 13), (6, 12), (6, 11), (6, 10), (6, 9), (6, 8), (7, 8), (8, 8), (8, 9), (8, 10), (8, 11), (8, 12), (8, 13), (8, 14), (9, 14), (10, 14), (10, 13), (10, 12), (10, 11), (10, 10), (11, 10), (12, 10), (12, 11), (12, 12), (12, 13), (13, 12), (12, 14), (13, 14), (14, 12), (14, 14), (14, 11), (15, 12), (14, 10), (15, 14), (15, 10), (16, 12), (16, 14), (16, 10), (17, 12), (17, 14), (17, 10), (17, 13), (17, 9), (18, 12), (17, 8), (16, 8), (15, 8), (14, 8), (13, 8), (12, 8), (11, 8), (11, 7), (11, 6), (10, 6), (9, 6), (8, 6), (7, 6), (6, 6), (6, 5), (5, 5), (4, 5), (3, 5), (2, 5), (1, 5), (1, 4), (1, 3), (2, 3), (3, 3), (4, 3), (5, 3), (6, 3), (7, 3), (8, 3), (8, 4), (9, 4), (10, 4), (11, 4), (12, 4), (13, 4), (13, 5), (13, 6), (14, 6), (15, 6), (16, 6)]",17180854586,0,17180854586
144,"(19, 12)","(18, 12)",East,"[(19, 11) via South, (20, 12) via East]","[(19, 12):17180932092, (18, 6):17181116730, (25, 14):17213423616, (34, 14):34359738368]","[(18, 6):17181116730, (19, 11):17181456380, (20, 12):17181980668, (25, 14):17213423616, (34, 14):34359738368]","[(34, 16), (33, 16), (32, 16), (31, 16), (30, 16), (29, 16), (28, 16), (27, 16), (26, 16), (25, 16), (24, 16), (23, 16), (22, 16), (21, 16), (20, 16), (19, 16), (18, 16), (17, 16), (16, 16), (15, 16), (14, 16), (13, 16), (12, 16), (11, 16), (10, 16), (9, 16), (8, 16), (7, 16), (6, 16), (5, 16), (4, 16), (3, 16), (2, 16), (1, 16), (34, 15), (25, 15), (1, 15), (1, 14), (1, 13), (1, 12), (1, 11), (1, 10), (1, 9), (1, 8), (1, 7), (2, 7), (3, 7), (4, 7), (4, 8), (4, 9), (4, 10), (3, 10), (4, 11), (4, 12), (4, 13), (4, 14), (5, 14), (6, 14), (6, 13), (6, 12), (6, 11), (6, 10), (6, 9), (6, 8), (7, 8), (8, 8), (8, 9), (8, 10), (8, 11), (8, 12), (8, 13), (8, 14), (9, 14), (10, 14), (10, 13), (10, 12), (10, 11), (10, 10), (11, 10), (12, 10), (12, 11), (12, 12), (12, 13), (13, 12), (12, 14), (13, 14), (14, 12), (14, 14), (14, 11), (15, 12), (14, 10), (15, 14), (15, 10), (16, 12), (16, 14), (16, 10), (17, 12), (17, 14), (17, 10), (17, 13), (17, 9), (18, 12), (17, 8), (16, 8), (15, 8), (14, 8), (13, 8), (12, 8), (11, 8), (11, 7), (11, 6), (10, 6), (9, 6), (8, 6), (7, 6), (6, 6), (6, 5), (5, 5), (4, 5), (3, 5), (2, 5), (1, 5), (1, 4), (1, 3), (2, 3), (3, 3), (4, 3), (5, 3), (6, 3), (7, 3), (8, 3), (8, 4), (9, 4), (10, 4), (11, 4), (12, 4), (13, 4), (13, 5), (13, 6), (14, 6), (15, 6), (16, 6), (17, 6)]",17180932092,0,17180932092
145,"(18, 6)","(17, 6)",East,"[(19, 6) via East]","[(18, 6):17181116730, (19, 11):17181456380, (20, 12):17181980668, (25, 14):17213423616, (34, 14):34359738368]","[(19, 11):17181456380, (19, 6):17181641018, (20, 12):17181980668, (25, 14):17213423616, (34, 14):34359738368]","[(34, 16), (33, 16), (32, 16), (31, 16), (30, 16), (29, 16), (28, 16), (27, 16), (26, 16), (25, 16), (24, 16), (23, 16), (22, 16), (21, 16), (20, 16), (19, 16), (18, 16), (17, 16), (16, 16), (15, 16), (14, 16), (13, 16), (12, 16), (11, 16), (10, 16), (9, 16), (8, 16), (7, 16), (6, 16), (5, 16), (4, 16), (3, 16), (2, 16), (1, 16), (34, 15), (25, 15), (1, 15), (1, 14), (1, 13), (1, 12), (1, 11), (1, 10), (1, 9), (1, 8), (1, 7), (2, 7), (3, 7), (4, 7), (4, 8), (4, 9), (4, 10), (3, 10), (4, 11), (4, 12), (4, 13), (4, 14), (5, 14), (6, 14), (6, 13), (6, 12), (6, 11), (6, 10), (6, 9), (6, 8), (7, 8), (8, 8), (8, 9), (8, 10), (8, 11), (8, 12), (8, 13), (8, 14), (9, 14), (10, 14), (10, 13), (10, 12), (10, 11), (10, 10), (11, 10), (12, 10), (12, 11), (12, 12), (12, 13), (13, 12), (12, 14), (13, 14), (14, 12), (14, 14), (14, 11), (15, 12), (14, 10), (15, 14), (15, 10), (16, 12), (16, 14), (16, 10), (17, 12), (17, 14), (17, 10), (17, 13), (17, 9), (18, 12), (17, 8), (16, 8), (15, 8), (14, 8), (13, 8), (12, 8), (11, 8), (11, 7), (11, 6), (10, 6), (9, 6), (8, 6), (7, 6), (6, 6), (6, 5), (5, 5), (4, 5), (3, 5), (2, 5), (1, 5), (1, 4), (1, 3), (2, 3), (3, 3), (4, 3), (5, 3), (6, 3), (7, 3), (8, 3), (8, 4), (9, 4), (10, 4), (11, 4), (12, 4), (13, 4), (13, 5), (13, 6), (14, 6), (15, 6), (16, 6), (17, 6), (19, 12)]",17181116730,0,17181116730
146,"(19, 11)","(19, 12)",South,"[(20, 11) via East]","[(19, 11):17181456380, (19, 6):17181641018, (20, 12):17181980668, (25, 14):17213423616, (34, 14):34359738368]","[(19, 6):17181641018, (20, 12):17181980668, (20, 11):17182504956, (25, 14):17213423616, (34, 14):34359738368]","[(34, 16), (33, 16), (32, 16), (31, 16), (30, 16), (29, 16), (28, 16), (27, 16), (26, 16), (25, 16), (24, 16), (23, 16), (22, 16), (21, 16), (20, 16), (19, 16), (18, 16), (17, 16), (16, 16), (15, 16), (14, 16), (13, 16), (12, 16), (11, 16), (10, 16), (9, 16), (8, 16), (7, 16), (6, 16), (5, 16), (4, 16), (3, 16), (2, 16), (1, 16), (34, 15), (25, 15), (1, 15), (1, 14), (1, 13), (1, 12), (1, 11), (1, 10), (1, 9), (1, 8), (1, 7), (2, 7), (3, 7), (4, 7), (4, 8), (4, 9), (4, 10), (3, 10), (4, 11), (4, 12), (4, 13), (4, 14), (5, 14), (6, 14), (6, 13), (6, 12), (6, 11), (6, 10), (6, 9), (6, 8), (7, 8), (8, 8), (8, 9), (8, 10), (8, 11), (8, 12), (8, 13), (8, 14), (9, 14), (10, 14), (10, 13), (10, 12), (10, 11), (10, 10), (11, 10), (12, 10), (12, 11), (12, 12), (12, 13), (13, 12), (12, 14), (13, 14), (14, 12), (14, 14), (14, 11), (15, 12), (14, 10), (15, 14), (15, 10), (16, 12), (16, 14), (16, 10), (17, 12), (17, 14), (17, 10), (17, 13), (17, 9), (18, 12), (17, 8), (16, 8), (15, 8), (14, 8), (13, 8), (12, 8), (11, 8), (11, 7), (11, 6), (10, 6), (9, 6), (8, 6), (7, 6), (6, 6), (6, 5), (5, 5), (4, 5), (3, 5), (2, 5), (1, 5), (1, 4), (1, 3), (2, 3), (3, 3), (4, 3), (5, 3), (6, 3), (7, 3), (8, 3), (8, 4), (9, 4), (10, 4), (11, 4), (12, 4), (13, 4), (13, 5), (13, 6), (14, 6), (15, 6), (16, 6), (17, 6), (19, 12), (18, 6)]",17181456380,0,17181456380
147,"(19, 6)","(18, 6)",East,"[(19, 7) via North, (19, 5) via South]","[(19, 6):17181641018, (20, 12):17181980668, (20, 11):17182504956, (25, 14):17213423616, (34, 14):34359738368]","[(20, 12):17181980668, (19, 7):17182165306, (19, 5):17182165306, (20, 11):17182504956, (25, 14):17213423616, (34, 14):34359738368]","[(34, 16), (33, 16), (32, 16), (31, 16), (30, 16), (29, 16), (28, 16), (27, 16), (26, 16), (25, 16), (24, 16), (23, 16), (22, 16), (21, 16), (20, 16), (19, 16), (18, 16), (17, 16), (16, 16), (15, 16), (14, 16), (13, 16), (12, 16), (11, 16), (10, 16), (9, 16), (8, 16), (7, 16), (6, 16), (5, 16), (4, 16), (3, 16), (2, 16), (1, 16), (34, 15), (25, 15), (1, 15), (1, 14), (1, 13), (1, 12), (1, 11), (1, 10), (1, 9), (1, 8), (1, 7), (2, 7), (3, 7), (4, 7), (4, 8), (4, 9), (4, 10), (3, 10), (4, 11), (4, 12), (4, 13), (4, 14), (5, 14), (6, 14), (6, 13), (6, 12), (6, 11), (6, 10), (6, 9), (6, 8), (7, 8), (8, 8), (8, 9), (8, 10), (8, 11), (8, 12), (8, 13), (8, 14), (9, 14), (10, 14), (10, 13), (10, 12), (10, 11), (10, 10), (11, 10), (12, 10), (12, 11), (12, 12), (12, 13), (13, 12), (12, 14), (13, 14), (14, 12), (14, 14), (14, 11), (15, 12), (14, 10), (15, 14), (15, 10), (16, 12), (16, 14), (16, 10), (17, 12), (17, 14), (17, 10), (17, 13), (17, 9), (18, 12), (17, 8), (16, 8), (15, 8), (14, 8), (13, 8), (12, 8), (11, 8), (11, 7), (11, 6), (10, 6), (9, 6), (8, 6), (7, 6), (6, 6), (6, 5), (5, 5), (4, 5), (3, 5), (2, 5), (1, 5), (1, 4), (1, 3), (2, 3), (3, 3), (4, 3), (5, 3), (6, 3), (7, 3), (8, 3), (8, 4), (9, 4), (10, 4), (11, 4), (12, 4), (13, 4), (13, 5), (13, 6), (14, 6), (15, 6), (16, 6), (17, 6), (19, 12), (18, 6), (19, 11)]",17181641018,0,17181641018
148,"(20, 12)","(19, 12)",East,"[(21, 12) via East]","[(20, 12):17181980668, (19, 7):17182165306, (19, 5):17182165306, (20, 11):17182504956, (25, 14):17213423616, (34, 14):34359738368]","[(19, 7):17182165306, (19, 5):17182165306, (20, 11):17182504956, (21, 12):17184077820, (25, 14):17213423616, (34, 14):34359738368]","[(34, 16), (33, 16), (32, 16), (31, 16), (30, 16), (29, 16), (28, 16), (27, 16), (26, 16), (25, 16), (24, 16), (23, 16), (22, 16), (21, 16), (20, 16), (19, 16), (18, 16), (17, 16), (16, 16), (15, 16), (14, 16), (13, 16), (12, 16), (11, 16), (10, 16), (9, 16), (8, 16), (7, 16), (6, 16), (5, 16), (4, 16), (3, 16), (2, 16), (1, 16), (34, 15), (25, 15), (1, 15), (1, 14), (1, 13), (1, 12), (1, 11), (1, 10), (1, 9), (1, 8), (1, 7), (2, 7), (3, 7), (4, 7), (4, 8), (4, 9), (4, 10), (3, 10), (4, 11), (4, 12), (4, 13), (4, 14), (5, 14), (6, 14), (6, 13), (6, 12), (6, 11), (6, 10), (6, 9), (6, 8), (7, 8), (8, 8), (8, 9), (8, 10), (8, 11), (8, 12), (8, 13), (8, 14), (9, 14), (10, 14), (10, 13), (10, 12), (10, 11), (10, 10), (11, 10), (12, 10), (12, 11), (12, 12), (12, 13), (13, 12), (12, 14), (13, 14), (14, 12), (14, 14), (14, 11), (15, 12), (14, 10), (15, 14), (15, 10), (16, 12), (16, 14), (16, 10), (17, 12), (17, 14), (17, 10), (17, 13), (17, 9), (18, 12), (17, 8), (16, 8), (15, 8), (14, 8), (13, 8), (12, 8), (11, 8), (11, 7), (11, 6), (10, 6), (9, 6), (8, 6), (7, 6), (6, 6), (6, 5), (5, 5), (4, 5), (3, 5), (2, 5), (1, 5), (1, 4), (1, 3), (2, 3), (3, 3), (4, 3), (5, 3), (6, 3), (7, 3), (8, 3), (8, 4), (9, 4), (10, 4), (11, 4), (12, 4), (13, 4), (13, 5), (13, 6), (14, 6), (15, 6), (16, 6), (17, 6), (19, 12), (18, 6), (19, 11), (19, 6)]",17181980668,0,17181980668
149,"(19, 7)","(19, 6)",North,"[(20, 7) via East]","[(19, 7):17182165306, (19, 5):17182165306, (20, 11):17182504956, (21, 12):17184077820, (25, 14):17213423616, (34, 14):34359738368]","[(19, 5):17182165306, (20, 11):17182504956, (20, 7):17183213882, (21, 12):17184077820, (25, 14):17213423616, (34, 14):34359738368]","[(34, 16), (33, 16), (32, 16), (31, 16), (30, 16), (29, 16), (28, 16), (27, 16), (26, 16), (25, 16), (24, 16), (23, 16), (22, 16), (21, 16), (20, 16), (19, 16), (18, 16), (17, 16), (16, 16), (15, 16), (14, 16), (13, 16), (12, 16), (11, 16), (10, 16), (9, 16), (8, 16), (7, 16), (6, 16), (5, 16), (4, 16), (3, 16), (2, 16), (1, 16), (34, 15), (25, 15), (1, 15), (1, 14), (1, 13), (1, 12), (1, 11), (1, 10), (1, 9), (1, 8), (1, 7), (2, 7), (3, 7), (4, 7), (4, 8), (4, 9), (4, 10), (3, 10), (4, 11), (4, 12), (4, 13), (4, 14), (5, 14), (6, 14), (6, 13), (6, 12), (6, 11), (6, 10), (6, 9), (6, 8), (7, 8), (8, 8), (8, 9), (8, 10), (8, 11), (8, 12), (8, 13), (8, 14), (9, 14), (10, 14), (10, 13), (10, 12), (10, 11), (10, 10), (11, 10), (12, 10), (12, 11), (12, 12), (12, 13), (13, 12), (12, 14), (13, 14), (14, 12), (14, 14), (14, 11), (15, 12), (14, 10), (15, 14), (15, 10), (16, 12), (16, 14), (16, 10), (17, 12), (17, 14), (17, 10), (17, 13), (17, 9), (18, 12), (17, 8), (16, 8), (15, 8), (14, 8), (13, 8), (12, 8), (11, 8), (11, 7), (11, 6), (10, 6), (9, 6), (8, 6), (7, 6), (6, 6), (6, 5), (5, 5), (4, 5), (3, 5), (2, 5), (1, 5), (1, 4), (1, 3), (2, 3), (3, 3), (4, 3), (5, 3), (6, 3), (7, 3), (8, 3), (8, 4), (9, 4), (10, 4), (11, 4), (12, 4), (13, 4), (13, 5), (13, 6), (14, 6), (15, 6), (16, 6), (17, 6), (19, 12), (18, 6), (19, 11), (19, 6), (20, 12)]",17182165306,0,17182165306
150,"(19, 5)","(19, 6)",South,"[(19, 4) via South]","[(19, 5):17182165306, (20, 11):17182504956, (20, 7):17183213882, (21, 12):17184077820, (25, 14):17213423616, (34, 14):34359738368]","[(20, 11):17182504956, (19, 4):17182689594, (20, 7):17183213882, (21, 12):17184077820, (25, 14):17213423616, (34, 14):34359738368]","[(34, 16), (33, 16), (32, 16), (31, 16), (30, 16), (29, 16), (28, 16), (27, 16), (26, 16), (25, 16), (24, 16), (23, 16), (22, 16), (21, 16), (20, 16), (19, 16), (18, 16), (17, 16), (16, 16), (15, 16), (14, 16), (13, 16), (12, 16), (11, 16), (10, 16), (9, 16), (8, 16), (7, 16), (6, 16), (5, 16), (4, 16), (3, 16), (2, 16), (1, 16), (34, 15), (25, 15), (1, 15), (1, 14), (1, 13), (1, 12), (1, 11), (1, 10), (1, 9), (1, 8), (1, 7), (2, 7), (3, 7), (4, 7), (4, 8), (4, 9), (4, 10), (3, 10), (4, 11), (4, 12), (4, 13), (4, 14), (5, 14), (6, 14), (6, 13), (6, 12), (6, 11), (6, 10), (6, 9), (6, 8), (7, 8), (8, 8), (8, 9), (8, 10), (8, 11), (8, 12), (8, 13), (8, 14), (9, 14), (10, 14), (10, 13), (10, 12), (10, 11), (10, 10), (11, 10), (12, 10), (12, 11), (12, 12), (12, 13), (13, 12), (12, 14), (13, 14), (14, 12), (14, 14), (14, 11), (15, 12), (14, 10), (15, 14), (15, 10), (16, 12), (16, 14), (16, 10), (17, 12), (17, 14), (17, 10), (17, 13), (17, 9), (18, 12), (17, 8), (16, 8), (15, 8), (14, 8), (13, 8), (12, 8), (11, 8), (11, 7), (11, 6), (10, 6), (9, 6), (8, 6), (7, 6), (6, 6), (6, 5), (5, 5), (4, 5), (3, 5), (2, 5), (1, 5), (1, 4), (1, 3), (2, 3), (3, 3), (4, 3), (5, 3), (6, 3), (7, 3), (8, 3), (8, 4), (9, 4), (10, 4), (11, 4), (12, 4), (13, 4), (13, 5), (13, 6), (14, 6), (15, 6), (16, 6), (17, 6), (19, 12), (18, 6), (19, 11), (19, 6), (20, 12), (19, 7)]",17182165306,0,17182165306
151,"(20, 11)","(19, 11)",East,"[(20, 10) via South]","[(20, 11):17182504956, (19, 4):17182689594, (20, 7):17183213882, (21, 12):17184077820, (25, 14):17213423616, (34, 14):34359738368]","[(19, 4):17182689594, (20, 7):17183213882, (20, 10):17183553532, (21, 12):17184077820, (25, 14):17213423616, (34, 14):34359738368]","[(34, 16), (33, 16), (32, 16), (31, 16), (30, 16), (29, 16), (28, 16), (27, 16), (26, 16), (25, 16), (24, 16), (23, 16), (22, 16), (21, 16), (20, 16), (19, 16), (18, 16), (17, 16), (16, 16), (15, 16), (14, 16), (13, 16), (12, 16), (11, 16), (10, 16), (9, 16), (8, 16), (7, 16), (6, 16), (5, 16), (4, 16), (3, 16), (2, 16), (1, 16), (34, 15), (25, 15), (1, 15), (1, 14), (1, 13), (1, 12), (1, 11), (1, 10), (1, 9), (1, 8), (1, 7), (2, 7), (3, 7), (4, 7), (4, 8), (4, 9), (4, 10), (3, 10), (4, 11), (4, 12), (4, 13), (4, 14), (5, 14), (6, 14), (6, 13), (6, 12), (6, 11), (6, 10), (6, 9), (6, 8), (7, 8), (8, 8), (8, 9), (8, 10), (8, 11), (8, 12), (8, 13), (8, 14), (9, 14), (10, 14), (10, 13), (10, 12), (10, 11), (10, 10), (11, 10), (12, 10), (12, 11), (12, 12), (12, 13), (13, 12), (12, 14), (13, 14), (14, 12), (14, 14), (14, 11), (15, 12), (14, 10), (15, 14), (15, 10), (16, 12), (16, 14), (16, 10), (17, 12), (17, 14), (17, 10), (17, 13), (17, 9), (18, 12), (17, 8), (16, 8), (15, 8), (14, 8), (13, 8), (12, 8), (11, 8), (11, 7), (11, 6), (10, 6), (9, 6), (8, 6), (7, 6), (6, 6), (6, 5), (5, 5), (4, 5), (3, 5), (2, 5), (1, 5), (1, 4), (1, 3), (2, 3), (3, 3), (4, 3), (5, 3), (6, 3), (7, 3), (8, 3), (8, 4), (9, 4), (10, 4), (11, 4), (12, 4), (13, 4), (13, 5), (13, 6), (14, 6), (15, 6), (16, 6), (17, 6), (19, 12), (18, 6), (19, 11), (19, 6), (20, 12), (19, 7), (19, 5)]",17182504956,0,17182504956
152,"(19, 4)","(19, 5)",South,"[(20, 4) via East, (18, 4) via West]","[(19, 4):17182689594, (20, 7):17183213882, (20, 10):17183553532, (21, 12):17184077820, (25, 14):17213423616, (34, 14):34359738368]","[(18, 4):17182951738, (20, 7):17183213882, (20, 10):17183553532, (20, 4):17183738170, (21, 12):17184077820, (25, 14):17213423616, (34, 14):34359738368]","[(34, 16), (33, 16), (32, 16), (31, 16), (30, 16), (29, 16), (28, 16), (27, 16), (26, 16), (25, 16), (24, 16), (23, 16), (22, 16), (21, 16), (20, 16), (19, 16), (18, 16), (17, 16), (16, 16), (15, 16), (14, 16), (13, 16), (12, 16), (11, 16), (10, 16), (9, 16), (8, 16), (7, 16), (6, 16), (5, 16), (4, 16), (3, 16), (2, 16), (1, 16), (34, 15), (25, 15), (1, 15), (1, 14), (1, 13), (1, 12), (1, 11), (1, 10), (1, 9), (1, 8), (1, 7), (2, 7), (3, 7), (4, 7), (4, 8), (4, 9), (4, 10), (3, 10), (4, 11), (4, 12), (4, 13), (4, 14), (5, 14), (6, 14), (6, 13), (6, 12), (6, 11), (6, 10), (6, 9), (6, 8), (7, 8), (8, 8), (8, 9), (8, 10), (8, 11), (8, 12), (8, 13), (8, 14), (9, 14), (10, 14), (10, 13), (10, 12), (10, 11), (10, 10), (11, 10), (12, 10), (12, 11), (12, 12), (12, 13), (13, 12), (12, 14), (13, 14), (14, 12), (14, 14), (14, 11), (15, 12), (14, 10), (15, 14), (15, 10), (16, 12), (16, 14), (16, 10), (17, 12), (17, 14), (17, 10), (17, 13), (17, 9), (18, 12), (17, 8), (16, 8), (15, 8), (14, 8), (13, 8), (12, 8), (11, 8), (11, 7), (11, 6), (10, 6), (9, 6), (8, 6), (7, 6), (6, 6), (6, 5), (5, 5), (4, 5), (3, 5), (2, 5), (1, 5), (1, 4), (1, 3), (2, 3), (3, 3), (4, 3), (5, 3), (6, 3), (7, 3), (8, 3), (8, 4), (9, 4), (10, 4), (11, 4), (12, 4), (13, 4), (13, 5), (13, 6), (14, 6), (15, 6), (16, 6), (17, 6), (19, 12), (18, 6), (19, 11), (19, 6), (20, 12), (19, 7), (19, 5), (20, 11)]",17182689594,0,17182689594
153,"(18, 4)","(19, 4)",West,"[(17, 4) via West]","[(18, 4):17182951738, (20, 7):17183213882, (20, 10):17183553532, (20, 4):17183738170, (21, 12):17184077820, (25, 14):17213423616, (34, 14):34359738368]","[(17, 4):17183082810, (20, 7):17183213882, (20, 10):17183553532, (20, 4):17183738170, (21, 12):17184077820, (25, 14):17213423616, (34, 14):34359738368]","[(34, 16), (33, 16), (32, 16), (31, 16), (30, 16), (29, 16), (28, 16), (27, 16), (26, 16), (25, 16), (24, 16), (23, 16), (22, 16), (21, 16), (20, 16), (19, 16), (18, 16), (17, 16), (16, 16), (15, 16), (14, 16), (13, 16), (12, 16), (11, 16), (10, 16), (9, 16), (8, 16), (7, 16), (6, 16), (5, 16), (4, 16), (3, 16), (2, 16), (1, 16), (34, 15), (25, 15), (1, 15), (1, 14), (1, 13), (1, 12), (1, 11), (1, 10), (1, 9), (1, 8), (1, 7), (2, 7), (3, 7), (4, 7), (4, 8), (4, 9), (4, 10), (3, 10), (4, 11), (4, 12), (4, 13), (4, 14), (5, 14), (6, 14), (6, 13), (6, 12), (6, 11), (6, 10), (6, 9), (6, 8), (7, 8), (8, 8), (8, 9), (8, 10), (8, 11), (8, 12), (8, 13), (8, 14), (9, 14), (10, 14), (10, 13), (10, 12), (10, 11), (10, 10), (11, 10), (12, 10), (12, 11), (12, 12), (12, 13), (13, 12), (12, 14), (13, 14), (14, 12), (14, 14), (14, 11), (15, 12), (14, 10), (15, 14), (15, 10), (16, 12), (16, 14), (16, 10), (17, 12), (17, 14), (17, 10), (17, 13), (17, 9), (18, 12), (17, 8), (16, 8), (15, 8), (14, 8), (13, 8), (12, 8), (11, 8), (11, 7), (11, 6), (10, 6), (9, 6), (8, 6), (7, 6), (6, 6), (6, 5), (5, 5), (4, 5), (3, 5), (2, 5), (1, 5), (1, 4), (1, 3), (2, 3), (3, 3), (4, 3), (5, 3), (6, 3), (7, 3), (8, 3), (8, 4), (9, 4), (10, 4), (11, 4), (12, 4), (13, 4), (13, 5), (13, 6), (14, 6), (15, 6), (16, 6), (17, 6), (19, 12), (18, 6), (19, 11), (19, 6), (20, 12), (19, 7), (19, 5), (20, 11), (19, 4)]",17182951738,0,17182951738
154,"(17, 4)","(18, 4)",West,"[(16, 4) via West]","[(17, 4):17183082810, (20, 7):17183213882, (20, 10):17183553532, (20, 4):17183738170, (21, 12):17184077820, (25, 14):17213423616, (34, 14):34359738368]","[(16, 4):17183148346, (20, 7):17183213882, (20, 10):17183553532, (20, 4):17183738170, (21, 12):17184077820, (25, 14):17213423616, (34, 14):34359738368]","[(34, 16), (33, 16), (32, 16), (31, 16), (30, 16), (29, 16), (28, 16), (27, 16), (26, 16), (25, 16), (24, 16), (23, 16), (22, 16), (21, 16), (20, 16), (19, 16), (18, 16), (17, 16), (16, 16), (15, 16), (14, 16), (13, 16), (12, 16), (11, 16), (10, 16), (9, 16), (8, 16), (7, 16), (6, 16), (5, 16), (4, 16), (3, 16), (2, 16), (1, 16), (34, 15), (25, 15), (1, 15), (1, 14), (1, 13), (1, 12), (1, 11), (1, 10), (1, 9), (1, 8), (1, 7), (2, 7), (3, 7), (4, 7), (4, 8), (4, 9), (4, 10), (3, 10), (4, 11), (4, 12), (4, 13), (4, 14), (5, 14), (6, 14), (6, 13), (6, 12), (6, 11), (6, 10), (6, 9), (6, 8), (7, 8), (8, 8), (8, 9), (8, 10), (8, 11), (8, 12), (8, 13), (8, 14), (9, 14), (10, 14), (10, 13), (10, 12), (10, 11), (10, 10), (11, 10), (12, 10), (12, 11), (12, 12), (12, 13), (13, 12), (12, 14), (13, 14), (14, 12), (14, 14), (14, 11), (15, 12), (14, 10), (15, 14), (15, 10), (16, 12), (16, 14), (16, 10), (17, 12), (17, 14), (17, 10), (17, 13), (17, 9), (18, 12), (17, 8), (16, 8), (15, 8), (14, 8), (13, 8), (12, 8), (11, 8), (11, 7), (11, 6), (10, 6), (9, 6), (8, 6), (7, 6), (6, 6), (6, 5), (5, 5), (4, 5), (3, 5), (2, 5), (1, 5), (1, 4), (1, 3), (2, 3), (3, 3), (4, 3), (5, 3), (6, 3), (7, 3), (8, 3), (8, 4), (9, 4), (10, 4), (11, 4), (12, 4), (13, 4), (13, 5), (13, 6), (14, 6), (15, 6), (16, 6), (17, 6), (19, 12), (18, 6), (19, 11), (19, 6), (20, 12), (19, 7), (19, 5), (20, 11), (19, 4), (18, 4)]",17183082810,0,17183082810
155,"(16, 4)","(17, 4)",West,"[(15, 4) via West]","[(16, 4):17183148346, (20, 7):17183213882, (20, 10):17183553532, (20, 4):17183738170, (21, 12):17184077820, (25, 14):17213423616, (34, 14):34359738368]","[(15, 4):17183181114, (20, 7):17183213882, (20, 10):17183553532, (20, 4):17183738170, (21, 12):17184077820, (25, 14):17213423616, (34, 14):34359738368]","[(34, 16), (33, 16), (32, 16), (31, 16), (30, 16), (29, 16), (28, 16), (27, 16), (26, 16), (25, 16), (24, 16), (23, 16), (22, 16), (21, 16), (20, 16), (19, 16), (18, 16), (17, 16), (16, 16), (15, 16), (14, 16), (13, 16), (12, 16), (11, 16), (10, 16), (9, 16), (8, 16), (7, 16), (6, 16), (5, 16), (4, 16), (3, 16), (2, 16), (1, 16), (34, 15), (25, 15), (1, 15), (1, 14), (1, 13), (1, 12), (1, 11), (1, 10), (1, 9), (1, 8), (1, 7), (2, 7), (3, 7), (4, 7), (4, 8), (4, 9), (4, 10), (3, 10), (4, 11), (4, 12), (4, 13), (4, 14), (5, 14), (6, 14), (6, 13), (6, 12), (6, 11), (6, 10), (6, 9), (6, 8), (7, 8), (8, 8), (8, 9), (8, 10), (8, 11), (8, 12), (8, 13), (8, 14), (9, 14), (10, 14), (10, 13), (10, 12), (10, 11), (10, 10), (11, 10), (12, 10), (12, 11), (12, 12), (12, 13), (13, 12), (12, 14), (13, 14), (14, 12), (14, 14), (14, 11), (15, 12), (14, 10), (15, 14), (15, 10), (16, 12), (16, 14), (16, 10), (17, 12), (17, 14), (17, 10), (17, 13), (17, 9), (18, 12), (17, 8), (16, 8), (15, 8), (14, 8), (13, 8), (12, 8), (11, 8), (11, 7), (11, 6), (10, 6), (9, 6), (8, 6), (7, 6), (6, 6), (6, 5), (5, 5), (4, 5), (3, 5), (2, 5), (1, 5), (1, 4), (1, 3), (2, 3), (3, 3), (4, 3), (5, 3), (6, 3), (7, 3), (8, 3), (8, 4), (9, 4), (10, 4), (11, 4), (12, 4), (13, 4), (13, 5), (13, 6), (14, 6), (15, 6), (16, 6), (17, 6), (19, 12), (18, 6), (19, 11), (19, 6), (20, 12), (19, 7), (19, 5), (20, 11), (19, 4), (18, 4), (17, 4)]",17183148346,0,17183148346
156,"(15, 4)","(16, 4)",West,"[(15, 3) via South]","[(15, 4):17183181114, (20, 7):17183213882, (20, 10):17183553532, (20, 4):17183738170, (21, 12):17184077820, (25, 14):17213423616, (34, 14):34359738368]","[(20, 7):17183213882, (15, 3):17183213882, (20, 10):17183553532, (20, 4):17183738170, (21, 12):17184077820, (25, 14):17213423616, (34, 14):34359738368]","[(34, 16), (33, 16), (32, 16), (31, 16), (30, 16), (29, 16), (28, 16), (27, 16), (26, 16), (25, 16), (24, 16), (23, 16), (22, 16), (21, 16), (20, 16), (19, 16), (18, 16), (17, 16), (16, 16), (15, 16), (14, 16), (13, 16), (12, 16), (11, 16), (10, 16), (9, 16), (8, 16), (7, 16), (6, 16), (5, 16), (4, 16), (3, 16), (2, 16), (1, 16), (34, 15), (25, 15), (1, 15), (1, 14), (1, 13), (1, 12), (1, 11), (1, 10), (1, 9), (1, 8), (1, 7), (2, 7), (3, 7), (4, 7), (4, 8), (4, 9), (4, 10), (3, 10), (4, 11), (4, 12), (4, 13), (4, 14), (5, 14), (6, 14), (6, 13), (6, 12), (6, 11), (6, 10), (6, 9), (6, 8), (7, 8), (8, 8), (8, 9), (8, 10), (8, 11), (8, 12), (8, 13), (8, 14), (9, 14), (10, 14), (10, 13), (10, 12), (10, 11), (10, 10), (11, 10), (12, 10), (12, 11), (12, 12), (12, 13), (13, 12), (12, 14), (13, 14), (14, 12), (14, 14), (14, 11), (15, 12), (14, 10), (15, 14), (15, 10), (16, 12), (16, 14), (16, 10), (17, 12), (17, 14), (17, 10), (17, 13), (17, 9), (18, 12), (17, 8), (16, 8), (15, 8), (14, 8), (13, 8), (12, 8), (11, 8), (11, 7), (11, 6), (10, 6), (9, 6), (8, 6), (7, 6), (6, 6), (6, 5), (5, 5), (4, 5), (3, 5), (2, 5), (1, 5), (1, 4), (1, 3), (2, 3), (3, 3), (4, 3), (5, 3), (6, 3), (7, 3), (8, 3), (8, 4), (9, 4), (10, 4), (11, 4), (12, 4), (13, 4), (13, 5), (13, 6), (14, 6), (15, 6), (16, 6), (17, 6), (19, 12), (18, 6), (19, 11), (19, 6), (20, 12), (19, 7), (19, 5), (20, 11), (19, 4), (18, 4), (17, 4), (16, 4)]",17183181114,0,17183181114
157,"(20, 7)","(19, 7)",East,"[(21, 7) via East]","[(20, 7):17183213882, (15, 3):17183213882, (20, 10):17183553532, (20, 4):17183738170, (21, 12):17184077820, (25, 14):17213423616, (34, 14):34359738368]","[(15, 3):17183213882, (20, 10):17183553532, (20, 4):17183738170, (21, 12):17184077820, (21, 7):17185311034, (25, 14):17213423616, (34, 14):34359738368]","[(34, 16), (33, 16), (32, 16), (31, 16), (30, 16), (29, 16), (28, 16), (27, 16), (26, 16), (25, 16), (24, 16), (23, 16), (22, 16), (21, 16), (20, 16), (19, 16), (18, 16), (17, 16), (16, 16), (15, 16), (14, 16), (13, 16), (12, 16), (11, 16), (10, 16), (9, 16), (8, 16), (7, 16), (6, 16), (5, 16), (4, 16), (3, 16), (2, 16), (1, 16), (34, 15), (25, 15), (1, 15), (1, 14), (1, 13), (1, 12), (1, 11), (1, 10), (1, 9), (1, 8), (1, 7), (2, 7), (3, 7), (4, 7), (4, 8), (4, 9), (4, 10), (3, 10), (4, 11), (4, 12), (4, 13), (4, 14), (5, 14), (6, 14), (6, 13), (6, 12), (6, 11), (6, 10), (6, 9), (6, 8), (7, 8), (8, 8), (8, 9), (8, 10), (8, 11), (8, 12), (8, 13), (8, 14), (9, 14), (10, 14), (10, 13), (10, 12), (10, 11), (10, 10), (11, 10), (12, 10), (12, 11), (12, 12), (12, 13), (13, 12), (12, 14), (13, 14), (14, 12), (14, 14), (14, 11), (15, 12), (14, 10), (15, 14), (15, 10), (16, 12), (16, 14), (16, 10), (17, 12), (17, 14), (17, 10), (17, 13), (17, 9), (18, 12), (17, 8), (16, 8), (15, 8), (14, 8), (13, 8), (12, 8), (11, 8), (11, 7), (11, 6), (10, 6), (9, 6), (8, 6), (7, 6), (6, 6), (6, 5), (5, 5), (4, 5), (3, 5), (2, 5), (1, 5), (1, 4), (1, 3), (2, 3), (3, 3), (4, 3), (5, 3), (6, 3), (7, 3), (8, 3), (8, 4), (9, 4), (10, 4), (11, 4), (12, 4), (13, 4), (13, 5), (13, 6), (14, 6), (15, 6), (16, 6), (17, 6), (19, 12), (18, 6), (19, 11), (19, 6), (20, 12), (19, 7), (19, 5), (20, 11), (19, 4), (18, 4), (17, 4), (16, 4), (15, 4)]",17183213882,0,17183213882
158,"(15, 3)","(15, 4)",South,"[(15, 2) via South]","[(15, 3):17183213882, (20, 10):17183553532, (20, 4):17183738170, (21, 12):17184077820, (21, 7):17185311034, (25, 14):17213423616, (34, 14):34359738368]","[(15, 2):17183246650, (20, 10):17183553532, (20, 4):17183738170, (21, 12):17184077820, (21, 7):17185311034, (25, 14):17213423616, (34, 14):34359738368]","[(34, 16), (33, 16), (32, 16), (31, 16), (30, 16), (29, 16), (28, 16), (27, 16), (26, 16), (25, 16), (24, 16), (23, 16), (22, 16), (21, 16), (20, 16), (19, 16), (18, 16), (17, 16), (16, 16), (15, 16), (14, 16), (13, 16), (12, 16), (11, 16), (10, 16), (9, 16), (8, 16), (7, 16), (6, 16), (5, 16), (4, 16), (3, 16), (2, 16), (1, 16), (34, 15), (25, 15), (1, 15), (1, 14), (1, 13), (1, 12), (1, 11), (1, 10), (1, 9), (1, 8), (1, 7), (2, 7), (3, 7), (4, 7), (4, 8), (4, 9), (4, 10), (3, 10), (4, 11), (4, 12), (4, 13), (4, 14), (5, 14), (6, 14), (6, 13), (6, 12), (6, 11), (6, 10), (6, 9), (6, 8), (7, 8), (8, 8), (8, 9), (8, 10), (8, 11), (8, 12), (8, 13), (8, 14), (9, 14), (10, 14), (10, 13), (10, 12), (10, 11), (10, 10), (11, 10), (12, 10), (12, 11), (12, 12), (12, 13), (13, 12), (12, 14), (13, 14), (14, 12), (14, 14), (14, 11), (15, 12), (14, 10), (15, 14), (15, 10), (16, 12), (16, 14), (16, 10), (17, 12), (17, 14), (17, 10), (17, 13), (17, 9), (18, 12), (17, 8), (16, 8), (15, 8), (14, 8), (13, 8), (12, 8), (11, 8), (11, 7), (11, 6), (10, 6), (9, 6), (8, 6), (7, 6), (6, 6), (6, 5), (5, 5), (4, 5), (3, 5), (2, 5), (1, 5), (1, 4), (1, 3), (2, 3), (3, 3), (4, 3), (5, 3), (6, 3), (7, 3), (8, 3), (8, 4), (9, 4), (10, 4), (11, 4), (12, 4), (13, 4), (13, 5), (13, 6), (14, 6), (15, 6), (16, 6), (17, 6), (19, 12), (18, 6), (19, 11), (19, 6), (20, 12), (19, 7), (19, 5), (20, 11), (19, 4), (18, 4), (17, 4), (16, 4), (15, 4), (20, 7)]",17183213882,0,17183213882
159,"(15, 2)","(15, 3)",South,"[(16, 2) via East, (14, 2) via West]","[(15, 2):17183246650, (20, 10):17183553532, (20, 4):17183738170, (21, 12):17184077820, (21, 7):17185311034, (25, 14):17213423616, (34, 14):34359738368]","[(14, 2):17183263034, (16, 2):17183312186, (20, 10):17183553532, (20, 4):17183738170, (21, 12):17184077820, (21, 7):17185311034, (25, 14):17213423616, (34, 14):34359738368]","[(34, 16), (33, 16), (32, 16), (31, 16), (30, 16), (29, 16), (28, 16), (27, 16), (26, 16), (25, 16), (24, 16), (23, 16), (22, 16), (21, 16), (20, 16), (19, 16), (18, 16), (17, 16), (16, 16), (15, 16), (14, 16), (13, 16), (12, 16), (11, 16), (10, 16), (9, 16), (8, 16), (7, 16), (6, 16), (5, 16), (4, 16), (3, 16), (2, 16), (1, 16), (34, 15), (25, 15), (1, 15), (1, 14), (1, 13), (1, 12), (1, 11), (1, 10), (1, 9), (1, 8), (1, 7), (2, 7), (3, 7), (4, 7), (4, 8), (4, 9), (4, 10), (3, 10), (4, 11), (4, 12), (4, 13), (4, 14), (5, 14), (6, 14), (6, 13), (6, 12), (6, 11), (6, 10), (6, 9), (6, 8), (7, 8), (8, 8), (8, 9), (8, 10), (8, 11), (8, 12), (8, 13), (8, 14), (9, 14), (10, 14), (10, 13), (10, 12), (10, 11), (10, 10), (11, 10), (12, 10), (12, 11), (12, 12), (12, 13), (13, 12), (12, 14), (13, 14), (14, 12), (14, 14), (14, 11), (15, 12), (14, 10), (15, 14), (15, 10), (16, 12), (16, 14), (16, 10), (17, 12), (17, 14), (17, 10), (17, 13), (17, 9), (18, 12), (17, 8), (16, 8), (15, 8), (14, 8), (13, 8), (12, 8), (11, 8), (11, 7), (11, 6), (10, 6), (9, 6), (8, 6), (7, 6), (6, 6), (6, 5), (5, 5), (4, 5), (3, 5), (2, 5), (1, 5), (1, 4), (1, 3), (2, 3), (3, 3), (4, 3), (5, 3), (6, 3), (7, 3), (8, 3), (8, 4), (9, 4), (10, 4), (11, 4), (12, 4), (13, 4), (13, 5), (13, 6), (14, 6), (15, 6), (16, 6), (17, 6), (19, 12), (18, 6), (19, 11), (19, 6), (20, 12), (19, 7), (19, 5), (20, 11), (19, 4), (18, 4), (17, 4), (16, 4), (15, 4), (20, 7), (15, 3)]",17183246650,0,17183246650
160,"(14, 2)","(15, 2)",West,"[(13, 2) via West]","[(14, 2):17183263034, (16, 2):17183312186, (20, 10):17183553532, (20, 4):17183738170, (21, 12):17184077820, (21, 7):17185311034, (25, 14):17213423616, (34, 14):34359738368]","[(13, 2):17183271226, (16, 2):17183312186, (20, 10):17183553532, (20, 4):17183738170, (21, 12):17184077820, (21, 7):17185311034, (25, 14):17213423616, (34, 14):34359738368]","[(34, 16), (33, 16), (32, 16), (31, 16), (30, 16), (29, 16), (28, 16), (27, 16), (26, 16), (25, 16), (24, 16), (23, 16), (22, 16), (21, 16), (20, 16), (19, 16), (18, 16), (17, 16), (16, 16), (15, 16), (14, 16), (13, 16), (12, 16), (11, 16), (10, 16), (9, 16), (8, 16), (7, 16), (6, 16), (5, 16), (4, 16), (3, 16), (2, 16), (1, 16), (34, 15), (25, 15), (1, 15), (1, 14), (1, 13), (1, 12), (1, 11), (1, 10), (1, 9), (1, 8), (1, 7), (2, 7), (3, 7), (4, 7), (4, 8), (4, 9), (4, 10), (3, 10), (4, 11), (4, 12), (4, 13), (4, 14), (5, 14), (6, 14), (6, 13), (6, 12), (6, 11), (6, 10), (6, 9), (6, 8), (7, 8), (8, 8), (8, 9), (8, 10), (8, 11), (8, 12), (8, 13), (8, 14), (9, 14), (10, 14), (10, 13), (10, 12), (10, 11), (10, 10), (11, 10), (12, 10), (12, 11), (12, 12), (12, 13), (13, 12), (12, 14), (13, 14), (14, 12), (14, 14), (14, 11), (15, 12), (14, 10), (15, 14), (15, 10), (16, 12), (16, 14), (16, 10), (17, 12), (17, 14), (17, 10), (17, 13), (17, 9), (18, 12), (17, 8), (16, 8), (15, 8), (14, 8), (13, 8), (12, 8), (11, 8), (11, 7), (11, 6), (10, 6), (9, 6), (8, 6), (7, 6), (6, 6), (6, 5), (5, 5), (4, 5), (3, 5), (2, 5), (1, 5), (1, 4), (1, 3), (2, 3), (3, 3), (4, 3), (5, 3), (6, 3), (7, 3), (8, 3), (8, 4), (9, 4), (10, 4), (11, 4), (12, 4), (13, 4), (13, 5), (13, 6), (14, 6), (15, 6), (16, 6), (17, 6), (19, 12), (18, 6), (19, 11), (19, 6), (20, 12), (19, 7), (19, 5), (20, 11), (19, 4), (18, 4), (17, 4), (16, 4), (15, 4), (20, 7), (15, 3), (15, 2)]",17183263034,0,17183263034
161,"(13, 2)","(14, 2)",West,"[(12, 2) via West]","[(13, 2):17183271226, (16, 2):17183312186, (20, 10):17183553532, (20, 4):17183738170, (21, 12):17184077820, (21, 7):17185311034, (25, 14):17213423616, (34, 14):34359738368]","[(12, 2):17183275322, (16, 2):17183312186, (20, 10):17183553532, (20, 4):17183738170, (21, 12):17184077820, (21, 7):17185311034, (25, 14):17213423616, (34, 14):34359738368]","[(34, 16), (33, 16), (32, 16), (31, 16), (30, 16), (29, 16), (28, 16), (27, 16), (26, 16), (25, 16), (24, 16), (23, 16), (22, 16), (21, 16), (20, 16), (19, 16), (18, 16), (17, 16), (16, 16), (15, 16), (14, 16), (13, 16), (12, 16), (11, 16), (10, 16), (9, 16), (8, 16), (7, 16), (6, 16), (5, 16), (4, 16), (3, 16), (2, 16), (1, 16), (34, 15), (25, 15), (1, 15), (1, 14), (1, 13), (1, 12), (1, 11), (1, 10), (1, 9), (1, 8), (1, 7), (2, 7), (3, 7), (4, 7), (4, 8), (4, 9), (4, 10), (3, 10), (4, 11), (4, 12), (4, 13), (4, 14), (5, 14), (6, 14), (6, 13), (6, 12), (6, 11), (6, 10), (6, 9), (6, 8), (7, 8), (8, 8), (8, 9), (8, 10), (8, 11), (8, 12), (8, 13), (8, 14), (9, 14), (10, 14), (10, 13), (10, 12), (10, 11), (10, 10), (11, 10), (12, 10), (12, 11), (12, 12), (12, 13), (13, 12), (12, 14), (13, 14), (14, 12), (14, 14), (14, 11), (15, 12), (14, 10), (15, 14), (15, 10), (16, 12), (16, 14), (16, 10), (17, 12), (17, 14), (17, 10), (17, 13), (17, 9), (18, 12), (17, 8), (16, 8), (15, 8), (14, 8), (13, 8), (12, 8), (11, 8), (11, 7), (11, 6), (10, 6), (9, 6), (8, 6), (7, 6), (6, 6), (6, 5), (5, 5), (4, 5), (3, 5), (2, 5), (1, 5), (1, 4), (1, 3), (2, 3), (3, 3), (4, 3), (5, 3), (6, 3), (7, 3), (8, 3), (8, 4), (9, 4), (10, 4), (11, 4), (12, 4), (13, 4), (13, 5), (13, 6), (14, 6), (15, 6), (16, 6), (17, 6), (19, 12), (18, 6), (19, 11), (19, 6), (20, 12), (19, 7), (19, 5), (20, 11), (19, 4), (18, 4), (17, 4), (16, 4), (15, 4), (20, 7), (15, 3), (15, 2), (14, 2)]",17183271226,0,17183271226
162,"(12, 2)","(13, 2)",West,"[(11, 2) via West]","[(12, 2):17183275322, (16, 2):17183312186, (20, 10):17183553532, (20, 4):17183738170, (21, 12):17184077820, (21, 7):17185311034, (25, 14):17213423616, (34, 14):34359738368]","[(11, 2):17183277370, (16, 2):17183312186, (20, 10):17183553532, (20, 4):17183738170, (21, 12):17184077820, (21, 7):17185311034, (25, 14):17213423616, (34, 14):34359738368]","[(34, 16), (33, 16), (32, 16), (31, 16), (30, 16), (29, 16), (28, 16), (27, 16), (26, 16), (25, 16), (24, 16), (23, 16), (22, 16), (21, 16), (20, 16), (19, 16), (18, 16), (17, 16), (16, 16), (15, 16), (14, 16), (13, 16), (12, 16), (11, 16), (10, 16), (9, 16), (8, 16), (7, 16), (6, 16), (5, 16), (4, 16), (3, 16), (2, 16), (1, 16), (34, 15), (25, 15), (1, 15), (1, 14), (1, 13), (1, 12), (1, 11), (1, 10), (1, 9), (1, 8), (1, 7), (2, 7), (3, 7), (4, 7), (4, 8), (4, 9), (4, 10), (3, 10), (4, 11), (4, 12), (4, 13), (4, 14), (5, 14), (6, 14), (6, 13), (6, 12), (6, 11), (6, 10), (6, 9), (6, 8), (7, 8), (8, 8), (8, 9), (8, 10), (8, 11), (8, 12), (8, 13), (8, 14), (9, 14), (10, 14), (10, 13), (10, 12), (10, 11), (10, 10), (11, 10), (12, 10), (12, 11), (12, 12), (12, 13), (13, 12), (12, 14), (13, 14), (14, 12), (14, 14), (14, 11), (15, 12), (14, 10), (15, 14), (15, 10), (16, 12), (16, 14), (16, 10), (17, 12), (17, 14), (17, 10), (17, 13), (17, 9), (18, 12), (17, 8), (16, 8), (15, 8), (14, 8), (13, 8), (12, 8), (11, 8), (11, 7), (11, 6), (10, 6), (9, 6), (8, 6), (7, 6), (6, 6), (6, 5), (5, 5), (4, 5), (3, 5), (2, 5), (1, 5), (1, 4), (1, 3), (2, 3), (3, 3), (4, 3), (5, 3), (6, 3), (7, 3), (8, 3), (8, 4), (9, 4), (10, 4), (11, 4), (12, 4), (13, 4), (13, 5), (13, 6), (14, 6), (15, 6), (16, 6), (17, 6), (19, 12), (18, 6), (19, 11), (19, 6), (20, 12), (19, 7), (19, 5), (20, 11), (19, 4), (18, 4), (17, 4), (16, 4), (15, 4), (20, 7), (15, 3), (15, 2), (14, 2), (13, 2)]",17183275322,0,17183275322
163,"(11, 2)","(12, 2)",West,"[(10, 2) via West]","[(11, 2):17183277370, (16, 2):17183312186, (20, 10):17183553532, (20, 4):17183738170, (21, 12):17184077820, (21, 7):17185311034, (25, 14):17213423616, (34, 14):34359738368]","[(10, 2):17183278394, (16, 2):17183312186, (20, 10):17183553532, (20, 4):17183738170, (21, 12):17184077820, (21, 7):17185311034, (25, 14):17213423616, (34, 14):34359738368]","[(34, 16), (33, 16), (32, 16), (31, 16), (30, 16), (29, 16), (28, 16), (27, 16), (26, 16), (25, 16), (24, 16), (23, 16), (22, 16), (21, 16), (20, 16), (19, 16), (18, 16), (17, 16), (16, 16), (15, 16), (14, 16), (13, 16), (12, 16), (11, 16), (10, 16), (9, 16), (8, 16), (7, 16), (6, 16), (5, 16), (4, 16), (3, 16), (2, 16), (1, 16), (34, 15), (25, 15), (1, 15), (1, 14), (1, 13), (1, 12), (1, 11), (1, 10), (1, 9), (1, 8), (1, 7), (2, 7), (3, 7), (4, 7), (4, 8), (4, 9), (4, 10), (3, 10), (4, 11), (4, 12), (4, 13), (4, 14), (5, 14), (6, 14), (6, 13), (6, 12), (6, 11), (6, 10), (6, 9), (6, 8), (7, 8), (8, 8), (8, 9), (8, 10), (8, 11), (8, 12), (8, 13), (8, 14), (9, 14), (10, 14), (10, 13), (10, 12), (10, 11), (10, 10), (11, 10), (12, 10), (12, 11), (12, 12), (12, 13), (13, 12), (12, 14), (13, 14), (14, 12), (14, 14), (14, 11), (15, 12), (14, 10), (15, 14), (15, 10), (16, 12), (16, 14), (16, 10), (17, 12), (17, 14), (17, 10), (17, 13), (17, 9), (18, 12), (17, 8), (16, 8), (15, 8), (14, 8), (13, 8), (12, 8), (11, 8), (11, 7), (11, 6), (10, 6), (9, 6), (8, 6), (7, 6), (6, 6), (6, 5), (5, 5), (4, 5), (3, 5), (2, 5), (1, 5), (1, 4), (1, 3), (2, 3), (3, 3), (4, 3), (5, 3), (6, 3), (7, 3), (8, 3), (8, 4), (9, 4), (10, 4), (11, 4), (12, 4), (13, 4), (13, 5), (13, 6), (14, 6), (15, 6), (16, 6), (17, 6), (19, 12), (18, 6), (19, 11), (19, 6), (20, 12), (19, 7), (19, 5), (20, 11), (19, 4), (18, 4), (17, 4), (16, 4), (15, 4), (20, 7), (15, 3), (15, 2), (14, 2), (13, 2), (12, 2)]",17183277370,0,17183277370
164,"(10, 2)","(11, 2)",West,"[(10, 1) via South]","[(10, 2):17183278394, (16, 2):17183312186, (20, 10):17183553532, (20, 4):17183738170, (21, 12):17184077820, (21, 7):17185311034, (25, 14):17213423616, (34, 14):34359738368]","[(10, 1):17183279418, (16, 2):17183312186, (20, 10):17183553532, (20, 4):17183738170, (21, 12):17184077820, (21, 7):17185311034, (25, 14):17213423616, (34, 14):34359738368]","[(34, 16), (33, 16), (32, 16), (31, 16), (30, 16), (29, 16), (28, 16), (27, 16), (26, 16), (25, 16), (24, 16), (23, 16), (22, 16), (21, 16), (20, 16), (19, 16), (18, 16), (17, 16), (16, 16), (15, 16), (14, 16), (13, 16), (12, 16), (11, 16), (10, 16), (9, 16), (8, 16), (7, 16), (6, 16), (5, 16), (4, 16), (3, 16), (2, 16), (1, 16), (34, 15), (25, 15), (1, 15), (1, 14), (1, 13), (1, 12), (1, 11), (1, 10), (1, 9), (1, 8), (1, 7), (2, 7), (3, 7), (4, 7), (4, 8), (4, 9), (4, 10), (3, 10), (4, 11), (4, 12), (4, 13), (4, 14), (5, 14), (6, 14), (6, 13), (6, 12), (6, 11), (6, 10), (6, 9), (6, 8), (7, 8), (8, 8), (8, 9), (8, 10), (8, 11), (8, 12), (8, 13), (8, 14), (9, 14), (10, 14), (10, 13), (10, 12), (10, 11), (10, 10), (11, 10), (12, 10), (12, 11), (12, 12), (12, 13), (13, 12), (12, 14), (13, 14), (14, 12), (14, 14), (14, 11), (15, 12), (14, 10), (15, 14), (15, 10), (16, 12), (16, 14), (16, 10), (17, 12), (17, 14), (17, 10), (17, 13), (17, 9), (18, 12), (17, 8), (16, 8), (15, 8), (14, 8), (13, 8), (12, 8), (11, 8), (11, 7), (11, 6), (10, 6), (9, 6), (8, 6), (7, 6), (6, 6), (6, 5), (5, 5), (4, 5), (3, 5), (2, 5), (1, 5), (1, 4), (1, 3), (2, 3), (3, 3), (4, 3), (5, 3), (6, 3), (7, 3), (8, 3), (8, 4), (9, 4), (10, 4), (11, 4), (12, 4), (13, 4), (13, 5), (13, 6), (14, 6), (15, 6), (16, 6), (17, 6), (19, 12), (18, 6), (19, 11), (19, 6), (20, 12), (19, 7), (19, 5), (20, 11), (19, 4), (18, 4), (17, 4), (16, 4), (15, 4), (20, 7), (15, 3), (15, 2), (14, 2), (13, 2), (12, 2), (11, 2)]",17183278394,0,17183278394
165,"(10, 1)","(10, 2)",South,"[(9, 1) via West]","[(10, 1):17183279418, (16, 2):17183312186, (20, 10):17183553532, (20, 4):17183738170, (21, 12):17184077820, (21, 7):17185311034, (25, 14):17213423616, (34, 14):34359738368]","[(9, 1):17183279930, (16, 2):17183312186, (20, 10):17183553532, (20, 4):17183738170, (21, 12):17184077820, (21, 7):17185311034, (25, 14):17213423616, (34, 14):34359738368]","[(34, 16), (33, 16), (32, 16), (31, 16), (30, 16), (29, 16), (28, 16), (27, 16), (26, 16), (25, 16), (24, 16), (23, 16), (22, 16), (21, 16), (20, 16), (19, 16), (18, 16), (17, 16), (16, 16), (15, 16), (14, 16), (13, 16), (12, 16), (11, 16), (10, 16), (9, 16), (8, 16), (7, 16), (6, 16), (5, 16), (4, 16), (3, 16), (2, 16), (1, 16), (34, 15), (25, 15), (1, 15), (1, 14), (1, 13), (1, 12), (1, 11), (1, 10), (1, 9), (1, 8), (1, 7), (2, 7), (3, 7), (4, 7), (4, 8), (4, 9), (4, 10), (3, 10), (4, 11), (4, 12), (4, 13), (4, 14), (5, 14), (6, 14), (6, 13), (6, 12), (6, 11), (6, 10), (6, 9), (6, 8), (7, 8), (8, 8), (8, 9), (8, 10), (8, 11), (8, 12), (8, 13), (8, 14), (9, 14), (10, 14), (10, 13), (10, 12), (10, 11), (10, 10), (11, 10), (12, 10), (12, 11), (12, 12), (12, 13), (13, 12), (12, 14), (13, 14), (14, 12), (14, 14), (14, 11), (15, 12), (14, 10), (15, 14), (15, 10), (16, 12), (16, 14), (16, 10), (17, 12), (17, 14), (17, 10), (17, 13), (17, 9), (18, 12), (17, 8), (16, 8), (15, 8), (14, 8), (13, 8), (12, 8), (11, 8), (11, 7), (11, 6), (10, 6), (9, 6), (8, 6), (7, 6), (6, 6), (6, 5), (5, 5), (4, 5), (3, 5), (2, 5), (1, 5), (1, 4), (1, 3), (2, 3), (3, 3), (4, 3), (5, 3), (6, 3), (7, 3), (8, 3), (8, 4), (9, 4), (10, 4), (11, 4), (12, 4), (13, 4), (13, 5), (13, 6), (14, 6), (15, 6), (16, 6), (17, 6), (19, 12), (18, 6), (19, 11), (19, 6), (20, 12), (19, 7), (19, 5), (20, 11), (19, 4), (18, 4), (17, 4), (16, 4), (15, 4), (20, 7), (15, 3), (15, 2), (14, 2), (13, 2), (12, 2), (11, 2), (10, 2)]",17183279418,0,17183279418
166,"(9, 1)","(10, 1)",West,"[(8, 1) via West]","[(9, 1):17183279930, (16, 2):17183312186, (20, 10):17183553532, (20, 4):17183738170, (21, 12):17184077820, (21, 7):17185311034, (25, 14):17213423616, (34, 14):34359738368]","[(8, 1):17183280186, (16, 2):17183312186, (20, 10):17183553532, (20, 4):17183738170, (21, 12):17184077820, (21, 7):17185311034, (25, 14):17213423616, (34, 14):34359738368]","[(34, 16), (33, 16), (32, 16), (31, 16), (30, 16), (29, 16), (28, 16), (27, 16), (26, 16), (25, 16), (24, 16), (23, 16), (22, 16), (21, 16), (20, 16), (19, 16), (18, 16), (17, 16), (16, 16), (15, 16), (14, 16), (13, 16), (12, 16), (11, 16), (10, 16), (9, 16), (8, 16), (7, 16), (6, 16), (5, 16), (4, 16), (3, 16), (2, 16), (1, 16), (34, 15), (25, 15), (1, 15), (1, 14), (1, 13), (1, 12), (1, 11), (1, 10), (1, 9), (1, 8), (1, 7), (2, 7), (3, 7), (4, 7), (4, 8), (4, 9), (4, 10), (3, 10), (4, 11), (4, 12), (4, 13), (4, 14), (5, 14), (6, 14), (6, 13), (6, 12), (6, 11), (6, 10), (6, 9), (6, 8), (7, 8), (8, 8), (8, 9), (8, 10), (8, 11), (8, 12), (8, 13), (8, 14), (9, 14), (10, 14), (10, 13), (10, 12), (10, 11), (10, 10), (11, 10), (12, 10), (12, 11), (12, 12), (12, 13), (13, 12), (12, 14), (13, 14), (14, 12), (14, 14), (14, 11), (15, 12), (14, 10), (15, 14), (15, 10), (16, 12), (16, 14), (16, 10), (17, 12), (17, 14), (17, 10), (17, 13), (17, 9), (18, 12), (17, 8), (16, 8), (15, 8), (14, 8), (13, 8), (12, 8), (11, 8), (11, 7), (11, 6), (10, 6), (9, 6), (8, 6), (7, 6), (6, 6), (6, 5), (5, 5), (4, 5), (3, 5), (2, 5), (1, 5), (1, 4), (1, 3), (2, 3), (3, 3), (4, 3), (5, 3), (6, 3), (7, 3), (8, 3), (8, 4), (9, 4), (10, 4), (11, 4), (12, 4), (13, 4), (13, 5), (13, 6), (14, 6), (15, 6), (16, 6), (17, 6), (19, 12), (18, 6), (19, 11), (19, 6), (20, 12), (19, 7), (19, 5), (20, 11), (19, 4), (18, 4), (17, 4), (16, 4), (15, 4), (20, 7), (15, 3), (15, 2), (14, 2), (13, 2), (12, 2), (11, 2), (10, 2), (10, 1)]",17183279930,0,17183279930
167,"(8, 1)","(9, 1)",West,"[(7, 1) via West]","[(8, 1):17183280186, (16, 2):17183312186, (20, 10):17183553532, (20, 4):17183738170, (21, 12):17184077820, (21, 7):17185311034, (25, 14):17213423616, (34, 14):34359738368]","[(7, 1):17183280314, (16, 2):17183312186, (20, 10):17183553532, (20, 4):17183738170, (21, 12):17184077820, (21, 7):17185311034, (25, 14):17213423616, (34, 14):34359738368]","[(34, 16), (33, 16), (32, 16), (31, 16), (30, 16), (29, 16), (28, 16), (27, 16), (26, 16), (25, 16), (24, 16), (23, 16), (22, 16), (21, 16), (20, 16), (19, 16), (18, 16), (17, 16), (16, 16), (15, 16), (14, 16), (13, 16), (12, 16), (11, 16), (10, 16), (9, 16), (8, 16), (7, 16), (6, 16), (5, 16), (4, 16), (3, 16), (2, 16), (1, 16), (34, 15), (25, 15), (1, 15), (1, 14), (1, 13), (1, 12), (1, 11), (1, 10), (1, 9), (1, 8), (1, 7), (2, 7), (3, 7), (4, 7), (4, 8), (4, 9), (4, 10), (3, 10), (4, 11), (4, 12), (4, 13), (4, 14), (5, 14), (6, 14), (6, 13), (6, 12), (6, 11), (6, 10), (6, 9), (6, 8), (7, 8), (8, 8), (8, 9), (8, 10), (8, 11), (8, 12), (8, 13), (8, 14), (9, 14), (10, 14), (10, 13), (10, 12), (10, 11), (10, 10), (11, 10), (12, 10), (12, 11), (12, 12), (12, 13), (13, 12), (12, 14), (13, 14), (14, 12), (14, 14), (14, 11), (15, 12), (14, 10), (15, 14), (15, 10), (16, 12), (16, 14), (16, 10), (17, 12), (17, 14), (17, 10), (17, 13), (17, 9), (18, 12), (17, 8), (16, 8), (15, 8), (14, 8), (13, 8), (12, 8), (11, 8), (11, 7), (11, 6), (10, 6), (9, 6), (8, 6), (7, 6), (6, 6), (6, 5), (5, 5), (4, 5), (3, 5), (2, 5), (1, 5), (1, 4), (1, 3), (2, 3), (3, 3), (4, 3), (5, 3), (6, 3), (7, 3), (8, 3), (8, 4), (9, 4), (10, 4), (11, 4), (12, 4), (13, 4), (13, 5), (13, 6), (14, 6), (15, 6), (16, 6), (17, 6), (19, 12), (18, 6), (19, 11), (19, 6), (20, 12), (19, 7), (19, 5), (20, 11), (19, 4), (18, 4), (17, 4), (16, 4), (15, 4), (20, 7), (15, 3), (15, 2), (14, 2), (13, 2), (12, 2), (11, 2), (10, 2), (10, 1), (9, 1)]",17183280186,0,17183280186
168,"(7, 1)","(8, 1)",West,"[(6, 1) via West]","[(7, 1):17183280314, (16, 2):17183312186, (20, 10):17183553532, (20, 4):17183738170, (21, 12):17184077820, (21, 7):17185311034, (25, 14):17213423616, (34, 14):34359738368]","[(6, 1):17183280378, (16, 2):17183312186, (20, 10):17183553532, (20, 4):17183738170, (21, 12):17184077820, (21, 7):17185311034, (25, 14):17213423616, (34, 14):34359738368]","[(34, 16), (33, 16), (32, 16), (31, 16), (30, 16), (29, 16), (28, 16), (27, 16), (26, 16), (25, 16), (24, 16), (23, 16), (22, 16), (21, 16), (20, 16), (19, 16), (18, 16), (17, 16), (16, 16), (15, 16), (14, 16), (13, 16), (12, 16), (11, 16), (10, 16), (9, 16), (8, 16), (7, 16), (6, 16), (5, 16), (4, 16), (3, 16), (2, 16), (1, 16), (34, 15), (25, 15), (1, 15), (1, 14), (1, 13), (1, 12), (1, 11), (1, 10), (1, 9), (1, 8), (1, 7), (2, 7), (3, 7), (4, 7), (4, 8), (4, 9), (4, 10), (3, 10), (4, 11), (4, 12), (4, 13), (4, 14), (5, 14), (6, 14), (6, 13), (6, 12), (6, 11), (6, 10), (6, 9), (6, 8), (7, 8), (8, 8), (8, 9), (8, 10), (8, 11), (8, 12), (8, 13), (8, 14), (9, 14), (10, 14), (10, 13), (10, 12), (10, 11), (10, 10), (11, 10), (12, 10), (12, 11), (12, 12), (12, 13), (13, 12), (12, 14), (13, 14), (14, 12), (14, 14), (14, 11), (15, 12), (14, 10), (15, 14), (15, 10), (16, 12), (16, 14), (16, 10), (17, 12), (17, 14), (17, 10), (17, 13), (17, 9), (18, 12), (17, 8), (16, 8), (15, 8), (14, 8), (13, 8), (12, 8), (11, 8), (11, 7), (11, 6), (10, 6), (9, 6), (8, 6), (7, 6), (6, 6), (6, 5), (5, 5), (4, 5), (3, 5), (2, 5), (1, 5), (1, 4), (1, 3), (2, 3), (3, 3), (4, 3), (5, 3), (6, 3), (7, 3), (8, 3), (8, 4), (9, 4), (10, 4), (11, 4), (12, 4), (13, 4), (13, 5), (13, 6), (14, 6), (15, 6), (16, 6), (17, 6), (19, 12), (18, 6), (19, 11), (19, 6), (20, 12), (19, 7), (19, 5), (20, 11), (19, 4), (18, 4), (17, 4), (16, 4), (15, 4), (20, 7), (15, 3), (15, 2), (14, 2), (13, 2), (12, 2), (11, 2), (10, 2), (10, 1), (9, 1), (8, 1)]",17183280314,0,17183280314
169,"(6, 1)","(7, 1)",West,"[(5, 1) via West]","[(6, 1):17183280378, (16, 2):17183312186, (20, 10):17183553532, (20, 4):17183738170, (21, 12):17184077820, (21, 7):17185311034, (25, 14):17213423616, (34, 14):34359738368]","[(5, 1):17183280410, (16, 2):17183312186, (20, 10):17183553532, (20, 4):17183738170, (21, 12):17184077820, (21, 7):17185311034, (25, 14):17213423616, (34, 14):34359738368]","[(34, 16), (33, 16), (32, 16), (31, 16), (30, 16), (29, 16), (28, 16), (27, 16), (26, 16), (25, 16), (24, 16), (23, 16), (22, 16), (21, 16), (20, 16), (19, 16), (18, 16), (17, 16), (16, 16), (15, 16), (14, 16), (13, 16), (12, 16), (11, 16), (10, 16), (9, 16), (8, 16), (7, 16), (6, 16), (5, 16), (4, 16), (3, 16), (2, 16), (1, 16), (34, 15), (25, 15), (1, 15), (1, 14), (1, 13), (1, 12), (1, 11), (1, 10), (1, 9), (1, 8), (1, 7), (2, 7), (3, 7), (4, 7), (4, 8), (4, 9), (4, 10), (3, 10), (4, 11), (4, 12), (4, 13), (4, 14), (5, 14), (6, 14), (6, 13), (6, 12), (6, 11), (6, 10), (6, 9), (6, 8), (7, 8), (8, 8), (8, 9), (8, 10), (8, 11), (8, 12), (8, 13), (8, 14), (9, 14), (10, 14), (10, 13), (10, 12), (10, 11), (10, 10), (11, 10), (12, 10), (12, 11), (12, 12), (12, 13), (13, 12), (12, 14), (13, 14), (14, 12), (14, 14), (14, 11), (15, 12), (14, 10), (15, 14), (15, 10), (16, 12), (16, 14), (16, 10), (17, 12), (17, 14), (17, 10), (17, 13), (17, 9), (18, 12), (17, 8), (16, 8), (15, 8), (14, 8), (13, 8), (12, 8), (11, 8), (11, 7), (11, 6), (10, 6), (9, 6), (8, 6), (7, 6), (6, 6), (6, 5), (5, 5), (4, 5), (3, 5), (2, 5), (1, 5), (1, 4), (1, 3), (2, 3), (3, 3), (4, 3), (5, 3), (6, 3), (7, 3), (8, 3), (8, 4), (9, 4), (10, 4), (11, 4), (12, 4), (13, 4), (13, 5), (13, 6), (14, 6), (15, 6), (16, 6), (17, 6), (19, 12), (18, 6), (19, 11), (19, 6), (20, 12), (19, 7), (19, 5), (20, 11), (19, 4), (18, 4), (17, 4), (16, 4), (15, 4), (20, 7), (15, 3), (15, 2), (14, 2), (13, 2), (12, 2), (11, 2), (10, 2), (10, 1), (9, 1), (8, 1), (7, 1)]",17183280378,0,17183280378
170,"(5, 1)","(6, 1)",West,"[(4, 1) via West]","[(5, 1):17183280410, (16, 2):17183312186, (20, 10):17183553532, (20, 4):17183738170, (21, 12):17184077820, (21, 7):17185311034, (25, 14):17213423616, (34, 14):34359738368]","[(4, 1):17183280426, (16, 2):17183312186, (20, 10):17183553532, (20, 4):17183738170, (21, 12):17184077820, (21, 7):17185311034, (25, 14):17213423616, (34, 14):34359738368]","[(34, 16), (33, 16), (32, 16), (31, 16), (30, 16), (29, 16), (28, 16), (27, 16), (26, 16), (25, 16), (24, 16), (23, 16), (22, 16), (21, 16), (20, 16), (19, 16), (18, 16), (17, 16), (16, 16), (15, 16), (14, 16), (13, 16), (12, 16), (11, 16), (10, 16), (9, 16), (8, 16), (7, 16), (6, 16), (5, 16), (4, 16), (3, 16), (2, 16), (1, 16), (34, 15), (25, 15), (1, 15), (1, 14), (1, 13), (1, 12), (1, 11), (1, 10), (1, 9), (1, 8), (1, 7), (2, 7), (3, 7), (4, 7), (4, 8), (4, 9), (4, 10), (3, 10), (4, 11), (4, 12), (4, 13), (4, 14), (5, 14), (6, 14), (6, 13), (6, 12), (6, 11), (6, 10), (6, 9), (6, 8), (7, 8), (8, 8), (8, 9), (8, 10), (8, 11), (8, 12), (8, 13), (8, 14), (9, 14), (10, 14), (10, 13), (10, 12), (10, 11), (10, 10), (11, 10), (12, 10), (12, 11), (12, 12), (12, 13), (13, 12), (12, 14), (13, 14), (14, 12), (14, 14), (14, 11), (15, 12), (14, 10), (15, 14), (15, 10), (16, 12), (16, 14), (16, 10), (17, 12), (17, 14), (17, 10), (17, 13), (17, 9), (18, 12), (17, 8), (16, 8), (15, 8), (14, 8), (13, 8), (12, 8), (11, 8), (11, 7), (11, 6), (10, 6), (9, 6), (8, 6), (7, 6), (6, 6), (6, 5), (5, 5), (4, 5), (3, 5), (2, 5), (1, 5), (1, 4), (1, 3), (2, 3), (3, 3), (4, 3), (5, 3), (6, 3), (7, 3), (8, 3), (8, 4), (9, 4), (10, 4), (11, 4), (12, 4), (13, 4), (13, 5), (13, 6), (14, 6), (15, 6), (16, 6), (17, 6), (19, 12), (18, 6), (19, 11), (19, 6), (20, 12), (19, 7), (19, 5), (20, 11), (19, 4), (18, 4), (17, 4), (16, 4), (15, 4), (20, 7), (15, 3), (15, 2), (14, 2), (13, 2), (12, 2), (11, 2), (10, 2), (10, 1), (9, 1), (8, 1), (7, 1), (6, 1)]",17183280410,0,17183280410
171,"(4, 1)","(5, 1)",West,"[(3, 1) via West]","[(4, 1):17183280426, (16, 2):17183312186, (20, 10):17183553532, (20, 4):17183738170, (21, 12):17184077820, (21, 7):17185311034, (25, 14):17213423616, (34, 14):34359738368]","[(3, 1):17183280434, (16, 2):17183312186, (20, 10):17183553532, (20, 4):17183738170, (21, 12):17184077820, (21, 7):17185311034, (25, 14):17213423616, (34, 14):34359738368]","[(34, 16), (33, 16), (32, 16), (31, 16), (30, 16), (29, 16), (28, 16), (27, 16), (26, 16), (25, 16), (24, 16), (23, 16), (22, 16), (21, 16), (20, 16), (19, 16), (18, 16), (17, 16), (16, 16), (15, 16), (14, 16), (13, 16), (12, 16), (11, 16), (10, 16), (9, 16), (8, 16), (7, 16), (6, 16), (5, 16), (4, 16), (3, 16), (2, 16), (1, 16), (34, 15), (25, 15), (1, 15), (1, 14), (1, 13), (1, 12), (1, 11), (1, 10), (1, 9), (1, 8), (1, 7), (2, 7), (3, 7), (4, 7), (4, 8), (4, 9), (4, 10), (3, 10), (4, 11), (4, 12), (4, 13), (4, 14), (5, 14), (6, 14), (6, 13), (6, 12), (6, 11), (6, 10), (6, 9), (6, 8), (7, 8), (8, 8), (8, 9), (8, 10), (8, 11), (8, 12), (8, 13), (8, 14), (9, 14), (10, 14), (10, 13), (10, 12), (10, 11), (10, 10), (11, 10), (12, 10), (12, 11), (12, 12), (12, 13), (13, 12), (12, 14), (13, 14), (14, 12), (14, 14), (14, 11), (15, 12), (14, 10), (15, 14), (15, 10), (16, 12), (16, 14), (16, 10), (17, 12), (17, 14), (17, 10), (17, 13), (17, 9), (18, 12), (17, 8), (16, 8), (15, 8), (14, 8), (13, 8), (12, 8), (11, 8), (11, 7), (11, 6), (10, 6), (9, 6), (8, 6), (7, 6), (6, 6), (6, 5), (5, 5), (4, 5), (3, 5), (2, 5), (1, 5), (1, 4), (1, 3), (2, 3), (3, 3), (4, 3), (5, 3), (6, 3), (7, 3), (8, 3), (8, 4), (9, 4), (10, 4), (11, 4), (12, 4), (13, 4), (13, 5), (13, 6), (14, 6), (15, 6), (16, 6), (17, 6), (19, 12), (18, 6), (19, 11), (19, 6), (20, 12), (19, 7), (19, 5), (20, 11), (19, 4), (18, 4), (17, 4), (16, 4), (15, 4), (20, 7), (15, 3), (15, 2), (14, 2), (13, 2), (12, 2), (11, 2), (10, 2), (10, 1), (9, 1), (8, 1), (7, 1), (6, 1), (5, 1)]",17183280426,0,17183280426
172,"(3, 1)","(4, 1)",West,"[(2, 1) via West]","[(3, 1):17183280434, (16, 2):17183312186, (20, 10):17183553532, (20, 4):17183738170, (21, 12):17184077820, (21, 7):17185311034, (25, 14):17213423616, (34, 14):34359738368]","[(2, 1):17183280438, (16, 2):17183312186, (20, 10):17183553532, (20, 4):17183738170, (21, 12):17184077820, (21, 7):17185311034, (25, 14):17213423616, (34, 14):34359738368]","[(34, 16), (33, 16), (32, 16), (31, 16), (30, 16), (29, 16), (28, 16), (27, 16), (26, 16), (25, 16), (24, 16), (23, 16), (22, 16), (21, 16), (20, 16), (19, 16), (18, 16), (17, 16), (16, 16), (15, 16), (14, 16), (13, 16), (12, 16), (11, 16), (10, 16), (9, 16), (8, 16), (7, 16), (6, 16), (5, 16), (4, 16), (3, 16), (2, 16), (1, 16), (34, 15), (25, 15), (1, 15), (1, 14), (1, 13), (1, 12), (1, 11), (1, 10), (1, 9), (1, 8), (1, 7), (2, 7), (3, 7), (4, 7), (4, 8), (4, 9), (4, 10), (3, 10), (4, 11), (4, 12), (4, 13), (4, 14), (5, 14), (6, 14), (6, 13), (6, 12), (6, 11), (6, 10), (6, 9), (6, 8), (7, 8), (8, 8), (8, 9), (8, 10), (8, 11), (8, 12), (8, 13), (8, 14), (9, 14), (10, 14), (10, 13), (10, 12), (10, 11), (10, 10), (11, 10), (12, 10), (12, 11), (12, 12), (12, 13), (13, 12), (12, 14), (13, 14), (14, 12), (14, 14), (14, 11), (15, 12), (14, 10), (15, 14), (15, 10), (16, 12), (16, 14), (16, 10), (17, 12), (17, 14), (17, 10), (17, 13), (17, 9), (18, 12), (17, 8), (16, 8), (15, 8), (14, 8), (13, 8), (12, 8), (11, 8), (11, 7), (11, 6), (10, 6), (9, 6), (8, 6), (7, 6), (6, 6), (6, 5), (5, 5), (4, 5), (3, 5), (2, 5), (1, 5), (1, 4), (1, 3), (2, 3), (3, 3), (4, 3), (5, 3), (6, 3), (7, 3), (8, 3), (8, 4), (9, 4), (10, 4), (11, 4), (12, 4), (13, 4), (13, 5), (13, 6), (14, 6), (15, 6), (16, 6), (17, 6), (19, 12), (18, 6), (19, 11), (19, 6), (20, 12), (19, 7), (19, 5), (20, 11), (19, 4), (18, 4), (17, 4), (16, 4), (15, 4), (20, 7), (15, 3), (15, 2), (14, 2), (13, 2), (12, 2), (11, 2), (10, 2), (10, 1), (9, 1), (8, 1), (7, 1), (6, 1), (5, 1), (4, 1)]",17183280434,0,17183280434
173,"(2, 1)","(3, 1)",West,"[(1, 1) via West]","[(2, 1):17183280438, (16, 2):17183312186, (20, 10):17183553532, (20, 4):17183738170, (21, 12):17184077820, (21, 7):17185311034, (25, 14):17213423616, (34, 14):34359738368]","[(1, 1):17183280440, (16, 2):17183312186, (20, 10):17183553532, (20, 4):17183738170, (21, 12):17184077820, (21, 7):17185311034, (25, 14):17213423616, (34, 14):34359738368]","[(34, 16), (33, 16), (32, 16), (31, 16), (30, 16), (29, 16), (28, 16), (27, 16), (26, 16), (25, 16), (24, 16), (23, 16), (22, 16), (21, 16), (20, 16), (19, 16), (18, 16), (17, 16), (16, 16), (15, 16), (14, 16), (13, 16), (12, 16), (11, 16), (10, 16), (9, 16), (8, 16), (7, 16), (6, 16), (5, 16), (4, 16), (3, 16), (2, 16), (1, 16), (34, 15), (25, 15), (1, 15), (1, 14), (1, 13), (1, 12), (1, 11), (1, 10), (1, 9), (1, 8), (1, 7), (2, 7), (3, 7), (4, 7), (4, 8), (4, 9), (4, 10), (3, 10), (4, 11), (4, 12), (4, 13), (4, 14), (5, 14), (6, 14), (6, 13), (6, 12), (6, 11), (6, 10), (6, 9), (6, 8), (7, 8), (8, 8), (8, 9), (8, 10), (8, 11), (8, 12), (8, 13), (8, 14), (9, 14), (10, 14), (10, 13), (10, 12), (10, 11), (10, 10), (11, 10), (12, 10), (12, 11), (12, 12), (12, 13), (13, 12), (12, 14), (13, 14), (14, 12), (14, 14), (14, 11), (15, 12), (14, 10), (15, 14), (15, 10), (16, 12), (16, 14), (16, 10), (17, 12), (17, 14), (17, 10), (17, 13), (17, 9), (18, 12), (17, 8), (16, 8), (15, 8), (14, 8), (13, 8), (12, 8), (11, 8), (11, 7), (11, 6), (10, 6), (9, 6), (8, 6), (7, 6), (6, 6), (6, 5), (5, 5), (4, 5), (3, 5), (2, 5), (1, 5), (1, 4), (1, 3), (2, 3), (3, 3), (4, 3), (5, 3), (6, 3), (7, 3), (8, 3), (8, 4), (9, 4), (10, 4), (11, 4), (12, 4), (13, 4), (13, 5), (13, 6), (14, 6), (15, 6), (16, 6), (17, 6), (19, 12), (18, 6), (19, 11), (19, 6), (20, 12), (19, 7), (19, 5), (20, 11), (19, 4), (18, 4), (17, 4), (16, 4), (15, 4), (20, 7), (15, 3), (15, 2), (14, 2), (13, 2), (12, 2), (11, 2), (10, 2), (10, 1), (9, 1), (8, 1), (7, 1), (6, 1), (5, 1), (4, 1), (3, 1)]",17183280438,0,17183280438
