iteration,expanded_state,parent,action,generated_successors,frontier_before,frontier_after,explored,g,h,f
1,"(1, 15)",,,"[(1, 14) via South, (2, 15) via East]","[(1, 15):0]","[(1, 14):1, (2, 15):1]",[],0,0,0
2,"(1, 14)","(1, 15)",South,"[(1, 13) via South]","[(1, 14):1, (2, 15):1]","[(2, 15):1, (1, 13):2]","[(1, 15)]",1,0,1
3,"(2, 15)","(1, 15)",East,"[(3, 15) via East]","[(2, 15):1, (1, 13):2]","[(1, 13):2, (3, 15):2]","[(1, 15), (1, 14)]",1,0,1
4,"(1, 13)","(1, 14)",South,"[(1, 12) via South]","[(1, 13):2, (3, 15):2]","[(3, 15):2, (1, 12):3]","[(1, 15), (1, 14), (2, 15)]",2,0,2
5,"(3, 15)","(2, 15)",East,"[(4, 15) via East]","[(3, 15):2, (1, 12):3]","[(1, 12):3, (4, 15):3]","[(1, 15), (1, 14), (2, 15), (1, 13)]",2,0,2
6,"(1, 12)","(1, 13)",South,"[(1, 11) via South]","[(1, 12):3, (4, 15):3]","[(4, 15):3, (1, 11):4]","[(1, 15), (1, 14), (2, 15), (1, 13), (3, 15)]",3,0,3
7,"(4, 15)","(3, 15)",East,"[(5, 15) via East]","[(4, 15):3, (1, 11):4]","[(1, 11):4, (5, 15):4]","[(1, 15), (1, 14), (2, 15), (1, 13), (3, 15), (1, 12)]",3,0,3
8,"(1, 11)","(1, 12)",South,"[(2, 11) via East]","[(1, 11):4, (5, 15):4]","[(5, 15):4, (2, 11):5]","[(1, 15), (1, 14), (2, 15), (1, 13), (3, 15), (1, 12), (4, 15)]",4,0,4
9,"(5, 15)","(4, 15)",East,"[(5, 14) via South]","[(5, 15):4, (2, 11):5]","[(2, 11):5, (5, 14):5]","[(1, 15), (1, 14), (2, 15), (1, 13), (3, 15), (1, 12), (4, 15), (1, 11)]",4,0,4
10,"(2, 11)","(1, 11)",East,"[(3, 11) via East]","[(2, 11):5, (5, 14):5]","[(5, 14):5, (3, 11):6]","[(1, 15), (1, 14), (2, 15), (1, 13), (3, 15), (1, 12), (4, 15), (1, 11), (5, 15)]",5,0,5
11,"(5, 14)","(5, 15)",South,"[(5, 13) via South]","[(5, 14):5, (3, 11):6]","[(3, 11):6, (5, 13):6]","[(1, 15), (1, 14), (2, 15), (1, 13), (3, 15), (1, 12), (4, 15), (1, 11), (5, 15), (2, 11)]",5,0,5
12,"(3, 11)","(2, 11)",East,"[(3, 12) via North, (3, 10) via South]","[(3, 11):6, (5, 13):6]","[(5, 13):6, (3, 12):7, (3, 10):7]","[(1, 15), (1, 14), (2, 15), (1, 13), (3, 15), (1, 12), (4, 15), (1, 11), (5, 15), (2, 11), (5, 14)]",6,0,6
13,"(5, 13)","(5, 14)",South,"[(6, 13) via East]","[(5, 13):6, (3, 12):7, (3, 10):7]","[(3, 12):7, (3, 10):7, (6, 13):7]","[(1, 15), (1, 14), (2, 15), (1, 13), (3, 15), (1, 12), (4, 15), (1, 11), (5, 15), (2, 11), (5, 14), (3, 11)]",6,0,6
14,"(3, 12)","(3, 11)",North,"[(3, 13) via North]","[(3, 12):7, (3, 10):7, (6, 13):7]","[(3, 10):7, (6, 13):7, (3, 13):8]","[(1, 15), (1, 14), (2, 15), (1, 13), (3, 15), (1, 12), (4, 15), (1, 11), (5, 15), (2, 11), (5, 14), (3, 11), (5, 13)]",7,0,7
15,"(3, 10)","(3, 11)",South,"[(3, 9) via South]","[(3, 10):7, (6, 13):7, (3, 13):8]","[(6, 13):7, (3, 13):8, (3, 9):8]","[(1, 15), (1, 14), (2, 15), (1, 13), (3, 15), (1, 12), (4, 15), (1, 11), (5, 15), (2, 11), (5, 14), (3, 11), (5, 13), (3, 12)]",7,0,7
16,"(6, 13)","(5, 13)",East,"[(7, 13) via East]","[(6, 13):7, (3, 13):8, (3, 9):8]","[(3, 13):8, (3, 9):8, (7, 13):8]","[(1, 15), (1, 14), (2, 15), (1, 13), (3, 15), (1, 12), (4, 15), (1, 11), (5, 15), (2, 11), (5, 14), (3, 11), (5, 13), (3, 12), (3, 10)]",7,0,7
17,"(3, 13)","(3, 12)",North,[],"[(3, 13):8, (3, 9):8, (7, 13):8]","[(3, 9):8, (7, 13):8]","[(1, 15), (1, 14), (2, 15), (1, 13), (3, 15), (1, 12), (4, 15), (1, 11), (5, 15), (2, 11), (5, 14), (3, 11), (5, 13), (3, 12), (3, 10), (6, 13)]",8,0,8
18,"(3, 9)","(3, 10)",South,"[(2, 9) via West]","[(3, 9):8, (7, 13):8]","[(7, 13):8, (2, 9):9]","[(1, 15), (1, 14), (2, 15), (1, 13), (3, 15), (1, 12), (4, 15), (1, 11), (5, 15), (2, 11), (5, 14), (3, 11), (5, 13), (3, 12), (3, 10), (6, 13), (3, 13)]",8,0,8
19,"(7, 13)","(6, 13)",East,"[(7, 14) via North, (7, 12) via South]","[(7, 13):8, (2, 9):9]","[(2, 9):9, (7, 14):9, (7, 12):9]","[(1, 15), (1, 14), (2, 15), (1, 13), (3, 15), (1, 12), (4, 15), (1, 11), (5, 15), (2, 11), (5, 14), (3, 11), (5, 13), (3, 12), (3, 10), (6, 13), (3, 13), (3, 9)]",8,0,8
20,"(2, 9)","(3, 9)",West,"[(1, 9) via West]","[(2, 9):9, (7, 14):9, (7, 12):9]","[(7, 14):9, (7, 12):9, (1, 9):10]","[(1, 15), (1, 14), (2, 15), (1, 13), (3, 15), (1, 12), (4, 15), (1, 11), (5, 15), (2, 11), (5, 14), (3, 11), (5, 13), (3, 12), (3, 10), (6, 13), (3, 13), (3, 9), (7, 13)]",9,0,9
21,"(7, 14)","(7, 13)",North,"[(7, 15) via North]","[(7, 14):9, (7, 12):9, (1, 9):10]","[(7, 12):9, (1, 9):10, (7, 15):10]","[(1, 15), (1, 14), (2, 15), (1, 13), (3, 15), (1, 12), (4, 15), (1, 11), (5, 15), (2, 11), (5, 14), (3, 11), (5, 13), (3, 12), (3, 10), (6, 13), (3, 13), (3, 9), (7, 13), (2, 9)]",9,0,9
22,"(7, 12)","(7, 13)",South,"[(7, 11) via South]","[(7, 12):9, (1, 9):10, (7, 15):10]","[(1, 9):10, (7, 15):10, (7, 11):10]","[(1, 15), (1, 14), (2, 15), (1, 13), (3, 15), (1, 12), (4, 15), (1, 11), (5, 15), (2, 11), (5, 14), (3, 11), (5, 13), (3, 12), (3, 10), (6, 13), (3, 13), (3, 9), (7, 13), (2, 9), (7, 14)]",9,0,9
23,"(1, 9)","(2, 9)",West,"[(1, 8) via South]","[(1, 9):10, (7, 15):10, (7, 11):10]","[(7, 15):10, (7, 11):10, (1, 8):11]","[(1, 15), (1, 14), (2, 15), (1, 13), (3, 15), (1, 12), (4, 15), (1, 11), (5, 15), (2, 11), (5, 14), (3, 11), (5, 13), (3, 12), (3, 10), (6, 13), (3, 13), (3, 9), (7, 13), (2, 9), (7, 14), (7, 12)]",10,0,10
24,"(7, 15)","(7, 14)",North,"[(8, 15) via East]","[(7, 15):10, (7, 11):10, (1, 8):11]","[(7, 11):10, (1, 8):11, (8, 15):11]","[(1, 15), (1, 14), (2, 15), (1, 13), (3, 15), (1, 12), (4, 15), (1, 11), (5, 15), (2, 11), (5, 14), (3, 11), (5, 13), (3, 12), (3, 10), (6, 13), (3, 13), (3, 9), (7, 13), (2, 9), (7, 14), (7, 12), (1, 9)]",10,0,10
25,"(7, 11)","(7, 12)",South,"[(6, 11) via West]","[(7, 11):10, (1, 8):11, (8, 15):11]","[(1, 8):11, (8, 15):11, (6, 11):11]","[(1, 15), (1, 14), (2, 15), (1, 13), (3, 15), (1, 12), (4, 15), (1, 11), (5, 15), (2, 11), (5, 14), (3, 11), (5, 13), (3, 12), (3, 10), (6, 13), (3, 13), (3, 9), (7, 13), (2, 9), (7, 14), (7, 12), (1, 9), (7, 15)]",10,0,10
26,"(1, 8)","(1, 9)",South,"[(1, 7) via South]","[(1, 8):11, (8, 15):11, (6, 11):11]","[(8, 15):11, (6, 11):11, (1, 7):12]","[(1, 15), (1, 14), (2, 15), (1, 13), (3, 15), (1, 12), (4, 15), (1, 11), (5, 15), (2, 11), (5, 14), (3, 11), (5, 13), (3, 12), (3, 10), (6, 13), (3, 13), (3, 9), (7, 13), (2, 9), (7, 14), (7, 12), (1, 9), (7, 15), (7, 11)]",11,0,11
27,"(8, 15)","(7, 15)",East,"[(9, 15) via East]","[(8, 15):11, (6, 11):11, (1, 7):12]","[(6, 11):11, (1, 7):12, (9, 15):12]","[(1, 15), (1, 14), (2, 15), (1, 13), (3, 15), (1, 12), (4, 15), (1, 11), (5, 15), (2, 11), (5, 14), (3, 11), (5, 13), (3, 12), (3, 10), (6, 13), (3, 13), (3, 9), (7, 13), (2, 9), (7, 14), (7, 12), (1, 9), (7, 15), (7, 11), (1, 8)]",11,0,11
28,"(6, 11)","(7, 11)",West,"[(5, 11) via West]","[(6, 11):11, (1, 7):12, (9, 15):12]","[(1, 7):12, (9, 15):12, (5, 11):12]","[(1, 15), (1, 14), (2, 15), (1, 13), (3, 15), (1, 12), (4, 15), (1, 11), (5, 15), (2, 11), (5, 14), (3, 11), (5, 13), (3, 12), (3, 10), (6, 13), (3, 13), (3, 9), (7, 13), (2, 9), (7, 14), (7, 12), (1, 9), (7, 15), (7, 11), (1, 8), (8, 15)]",11,0,11
29,"(1, 7)","(1, 8)",South,"[(1, 6) via South]","[(1, 7):12, (9, 15):12, (5, 11):12]","[(9, 15):12, (5, 11):12, (1, 6):13]","[(1, 15), (1, 14), (2, 15), (1, 13), (3, 15), (1, 12), (4, 15), (1, 11), (5, 15), (2, 11), (5, 14), (3, 11), (5, 13), (3, 12), (3, 10), (6, 13), (3, 13), (3, 9), (7, 13), (2, 9), (7, 14), (7, 12), (1, 9), (7, 15), (7, 11), (1, 8), (8, 15), (6, 11)]",12,0,12
30,"(9, 15)","(8, 15)",East,"[(10, 15) via East]","[(9, 15):12, (5, 11):12, (1, 6):13]","[(5, 11):12, (1, 6):13, (10, 15):13]","[(1, 15), (1, 14), (2, 15), (1, 13), (3, 15), (1, 12), (4, 15), (1, 11), (5, 15), (2, 11), (5, 14), (3, 11), (5, 13), (3, 12), (3, 10), (6, 13), (3, 13), (3, 9), (7, 13), (2, 9), (7, 14), (7, 12), (1, 9), (7, 15), (7, 11), (1, 8), (8, 15), (6, 11), (1, 7)]",12,0,12
31,"(5, 11)","(6, 11)",West,"[(5, 10) via South]","[(5, 11):12, (1, 6):13, (10, 15):13]","[(1, 6):13, (10, 15):13, (5, 10):13]","[(1, 15), (1, 14), (2, 15), (1, 13), (3, 15), (1, 12), (4, 15), (1, 11), (5, 15), (2, 11), (5, 14), (3, 11), (5, 13), (3, 12), (3, 10), (6, 13), (3, 13), (3, 9), (7, 13), (2, 9), (7, 14), (7, 12), (1, 9), (7, 15), (7, 11), (1, 8), (8, 15), (6, 11), (1, 7), (9, 15)]",12,0,12
32,"(1, 6)","(1, 7)",South,"[(1, 5) via South]","[(1, 6):13, (10, 15):13, (5, 10):13]","[(10, 15):13, (5, 10):13, (1, 5):14]","[(1, 15), (1, 14), (2, 15), (1, 13), (3, 15), (1, 12), (4, 15), (1, 11), (5, 15), (2, 11), (5, 14), (3, 11), (5, 13), (3, 12), (3, 10), (6, 13), (3, 13), (3, 9), (7, 13), (2, 9), (7, 14), (7, 12), (1, 9), (7, 15), (7, 11), (1, 8), (8, 15), (6, 11), (1, 7), (9, 15), (5, 11)]",13,0,13
33,"(10, 15)","(9, 15)",East,"[(11, 15) via East]","[(10, 15):13, (5, 10):13, (1, 5):14]","[(5, 10):13, (1, 5):14, (11, 15):14]","[(1, 15), (1, 14), (2, 15), (1, 13), (3, 15), (1, 12), (4, 15), (1, 11), (5, 15), (2, 11), (5, 14), (3, 11), (5, 13), (3, 12), (3, 10), (6, 13), (3, 13), (3, 9), (7, 13), (2, 9), (7, 14), (7, 12), (1, 9), (7, 15), (7, 11), (1, 8), (8, 15), (6, 11), (1, 7), (9, 15), (5, 11), (1, 6)]",13,0,13
34,"(5, 10)","(5, 11)",South,"[(5, 9) via South]","[(5, 10):13, (1, 5):14, (11, 15):14]","[(1, 5):14, (11, 15):14, (5, 9):14]","[(1, 15), (1, 14), (2, 15), (1, 13), (3, 15), (1, 12), (4, 15), (1, 11), (5, 15), (2, 11), (5, 14), (3, 11), (5, 13), (3, 12), (3, 10), (6, 13), (3, 13), (3, 9), (7, 13), (2, 9), (7, 14), (7, 12), (1, 9), (7, 15), (7, 11), (1, 8), (8, 15), (6, 11), (1, 7), (9, 15), (5, 11), (1, 6), (10, 15)]",13,0,13
35,"(1, 5)","(1, 6)",South,"[(1, 4) via South]","[(1, 5):14, (11, 15):14, (5, 9):14]","[(11, 15):14, (5, 9):14, (1, 4):15]","[(1, 15), (1, 14), (2, 15), (1, 13), (3, 15), (1, 12), (4, 15), (1, 11), (5, 15), (2, 11), (5, 14), (3, 11), (5, 13), (3, 12), (3, 10), (6, 13), (3, 13), (3, 9), (7, 13), (2, 9), (7, 14), (7, 12), (1, 9), (7, 15), (7, 11), (1, 8), (8, 15), (6, 11), (1, 7), (9, 15), (5, 11), (1, 6), (10, 15), (5, 10)]",14,0,14
36,"(11, 15)","(10, 15)",East,"[(11, 14) via South]","[(11, 15):14, (5, 9):14, (1, 4):15]","[(5, 9):14, (1, 4):15, (11, 14):15]","[(1, 15), (1, 14), (2, 15), (1, 13), (3, 15), (1, 12), (4, 15), (1, 11), (5, 15), (2, 11), (5, 14), (3, 11), (5, 13), (3, 12), (3, 10), (6, 13), (3, 13), (3, 9), (7, 13), (2, 9), (7, 14), (7, 12), (1, 9), (7, 15), (7, 11), (1, 8), (8, 15), (6, 11), (1, 7), (9, 15), (5, 11), (1, 6), (10, 15), (5, 10), (1, 5)]",14,0,14
37,"(5, 9)","(5, 10)",South,"[(6, 9) via East]","[(5, 9):14, (1, 4):15, (11, 14):15]","[(1, 4):15, (11, 14):15, (6, 9):15]","[(1, 15), (1, 14), (2, 15), (1, 13), (3, 15), (1, 12), (4, 15), (1, 11), (5, 15), (2, 11), (5, 14), (3, 11), (5, 13), (3, 12), (3, 10), (6, 13), (3, 13), (3, 9), (7, 13), (2, 9), (7, 14), (7, 12), (1, 9), (7, 15), (7, 11), (1, 8), (8, 15), (6, 11), (1, 7), (9, 15), (5, 11), (1, 6), (10, 15), (5, 10), (1, 5), (11, 15)]",14,0,14
38,"(1, 4)","(1, 5)",South,"[(1, 3) via South]","[(1, 4):15, (11, 14):15, (6, 9):15]","[(11, 14):15, (6, 9):15, (1, 3):16]","[(1, 15), (1, 14), (2, 15), (1, 13), (3, 15), (1, 12), (4, 15), (1, 11), (5, 15), (2, 11), (5, 14), (3, 11), (5, 13), (3, 12), (3, 10), (6, 13), (3, 13), (3, 9), (7, 13), (2, 9), (7, 14), (7, 12), (1, 9), (7, 15), (7, 11), (1, 8), (8, 15), (6, 11), (1, 7), (9, 15), (5, 11), (1, 6), (10, 15), (5, 10), (1, 5), (11, 15), (5, 9)]",15,0,15
39,"(11, 14)","(11, 15)",South,"[(11, 13) via South]","[(11, 14):15, (6, 9):15, (1, 3):16]","[(6, 9):15, (1, 3):16, (11, 13):16]","[(1, 15), (1, 14), (2, 15), (1, 13), (3, 15), (1, 12), (4, 15), (1, 11), (5, 15), (2, 11), (5, 14), (3, 11), (5, 13), (3, 12), (3, 10), (6, 13), (3, 13), (3, 9), (7, 13), (2, 9), (7, 14), (7, 12), (1, 9), (7, 15), (7, 11), (1, 8), (8, 15), (6, 11), (1, 7), (9, 15), (5, 11), (1, 6), (10, 15), (5, 10), (1, 5), (11, 15), (5, 9), (1, 4)]",15,0,15
40,"(6, 9)","(5, 9)",East,"[(7, 9) via East]","[(6, 9):15, (1, 3):16, (11, 13):16]","[(1, 3):16, (11, 13):16, (7, 9):16]","[(1, 15), (1, 14), (2, 15), (1, 13), (3, 15), (1, 12), (4, 15), (1, 11), (5, 15), (2, 11), (5, 14), (3, 11), (5, 13), (3, 12), (3, 10), (6, 13), (3, 13), (3, 9), (7, 13), (2, 9), (7, 14), (7, 12), (1, 9), (7, 15), (7, 11), (1, 8), (8, 15), (6, 11), (1, 7), (9, 15), (5, 11), (1, 6), (10, 15), (5, 10), (1, 5), (11, 15), (5, 9), (1, 4), (11, 14)]",15,0,15
41,"(1, 3)","(1, 4)",South,"[(2, 3) via East]","[(1, 3):16, (11, 13):16, (7, 9):16]","[(11, 13):16, (7, 9):16, (2, 3):17]","[(1, 15), (1, 14), (2, 15), (1, 13), (3, 15), (1, 12), (4, 15), (1, 11), (5, 15), (2, 11), (5, 14), (3, 11), (5, 13), (3, 12), (3, 10), (6, 13), (3, 13), (3, 9), (7, 13), (2, 9), (7, 14), (7, 12), (1, 9), (7, 15), (7, 11), (1, 8), (8, 15), (6, 11), (1, 7), (9, 15), (5, 11), (1, 6), (10, 15), (5, 10), (1, 5), (11, 15), (5, 9), (1, 4), (11, 14), (6, 9)]",16,0,16
42,"(11, 13)","(11, 14)",South,"[(12, 13) via East]","[(11, 13):16, (7, 9):16, (2, 3):17]","[(7, 9):16, (2, 3):17, (12, 13):17]","[(1, 15), (1, 14), (2, 15), (1, 13), (3, 15), (1, 12), (4, 15), (1, 11), (5, 15), (2, 11), (5, 14), (3, 11), (5, 13), (3, 12), (3, 10), (6, 13), (3, 13), (3, 9), (7, 13), (2, 9), (7, 14), (7, 12), (1, 9), (7, 15), (7, 11), (1, 8), (8, 15), (6, 11), (1, 7), (9, 15), (5, 11), (1, 6), (10, 15), (5, 10), (1, 5), (11, 15), (5, 9), (1, 4), (11, 14), (6, 9), (1, 3)]",16,0,16
43,"(7, 9)","(6, 9)",East,"[(8, 9) via East]","[(7, 9):16, (2, 3):17, (12, 13):17]","[(2, 3):17, (12, 13):17, (8, 9):17]","[(1, 15), (1, 14), (2, 15), (1, 13), (3, 15), (1, 12), (4, 15), (1, 11), (5, 15), (2, 11), (5, 14), (3, 11), (5, 13), (3, 12), (3, 10), (6, 13), (3, 13), (3, 9), (7, 13), (2, 9), (7, 14), (7, 12), (1, 9), (7, 15), (7, 11), (1, 8), (8, 15), (6, 11), (1, 7), (9, 15), (5, 11), (1, 6), (10, 15), (5, 10), (1, 5), (11, 15), (5, 9), (1, 4), (11, 14), (6, 9), (1, 3), (11, 13)]",16,0,16
44,"(2, 3)","(1, 3)",East,"[(3, 3) via East]","[(2, 3):17, (12, 13):17, (8, 9):17]","[(12, 13):17, (8, 9):17, (3, 3):18]","[(1, 15), (1, 14), (2, 15), (1, 13), (3, 15), (1, 12), (4, 15), (1, 11), (5, 15), (2, 11), (5, 14), (3, 11), (5, 13), (3, 12), (3, 10), (6, 13), (3, 13), (3, 9), (7, 13), (2, 9), (7, 14), (7, 12), (1, 9), (7, 15), (7, 11), (1, 8), (8, 15), (6, 11), (1, 7), (9, 15), (5, 11), (1, 6), (10, 15), (5, 10), (1, 5), (11, 15), (5, 9), (1, 4), (11, 14), (6, 9), (1, 3), (11, 13), (7, 9)]",17,0,17
45,"(12, 13)","(11, 13)",East,"[(13, 13) via East]","[(12, 13):17, (8, 9):17, (3, 3):18]","[(8, 9):17, (3, 3):18, (13, 13):18]","[(1, 15), (1, 14), (2, 15), (1, 13), (3, 15), (1, 12), (4, 15), (1, 11), (5, 15), (2, 11), (5, 14), (3, 11), (5, 13), (3, 12), (3, 10), (6, 13), (3, 13), (3, 9), (7, 13), (2, 9), (7, 14), (7, 12), (1, 9), (7, 15), (7, 11), (1, 8), (8, 15), (6, 11), (1, 7), (9, 15), (5, 11), (1, 6), (10, 15), (5, 10), (1, 5), (11, 15), (5, 9), (1, 4), (11, 14), (6, 9), (1, 3), (11, 13), (7, 9), (2, 3)]",17,0,17
46,"(8, 9)","(7, 9)",East,"[(9, 9) via East]","[(8, 9):17, (3, 3):18, (13, 13):18]","[(3, 3):18, (13, 13):18, (9, 9):18]","[(1, 15), (1, 14), (2, 15), (1, 13), (3, 15), (1, 12), (4, 15), (1, 11), (5, 15), (2, 11), (5, 14), (3, 11), (5, 13), (3, 12), (3, 10), (6, 13), (3, 13), (3, 9), (7, 13), (2, 9), (7, 14), (7, 12), (1, 9), (7, 15), (7, 11), (1, 8), (8, 15), (6, 11), (1, 7), (9, 15), (5, 11), (1, 6), (10, 15), (5, 10), (1, 5), (11, 15), (5, 9), (1, 4), (11, 14), (6, 9), (1, 3), (11, 13), (7, 9), (2, 3), (12, 13)]",17,0,17
47,"(3, 3)","(2, 3)",East,"[(4, 3) via East]","[(3, 3):18, (13, 13):18, (9, 9):18]","[(13, 13):18, (9, 9):18, (4, 3):19]","[(1, 15), (1, 14), (2, 15), (1, 13), (3, 15), (1, 12), (4, 15), (1, 11), (5, 15), (2, 11), (5, 14), (3, 11), (5, 13), (3, 12), (3, 10), (6, 13), (3, 13), (3, 9), (7, 13), (2, 9), (7, 14), (7, 12), (1, 9), (7, 15), (7, 11), (1, 8), (8, 15), (6, 11), (1, 7), (9, 15), (5, 11), (1, 6), (10, 15), (5, 10), (1, 5), (11, 15), (5, 9), (1, 4), (11, 14), (6, 9), (1, 3), (11, 13), (7, 9), (2, 3), (12, 13), (8, 9)]",18,0,18
48,"(13, 13)","(12, 13)",East,"[(13, 14) via North]","[(13, 13):18, (9, 9):18, (4, 3):19]","[(9, 9):18, (4, 3):19, (13, 14):19]","[(1, 15), (1, 14), (2, 15), (1, 13), (3, 15), (1, 12), (4, 15), (1, 11), (5, 15), (2, 11), (5, 14), (3, 11), (5, 13), (3, 12), (3, 10), (6, 13), (3, 13), (3, 9), (7, 13), (2, 9), (7, 14), (7, 12), (1, 9), (7, 15), (7, 11), (1, 8), (8, 15), (6, 11), (1, 7), (9, 15), (5, 11), (1, 6), (10, 15), (5, 10), (1, 5), (11, 15), (5, 9), (1, 4), (11, 14), (6, 9), (1, 3), (11, 13), (7, 9), (2, 3), (12, 13), (8, 9), (3, 3)]",18,0,18
49,"(9, 9)","(8, 9)",East,"[(9, 8) via South]","[(9, 9):18, (4, 3):19, (13, 14):19]","[(4, 3):19, (13, 14):19, (9, 8):19]","[(1, 15), (1, 14), (2, 15), (1, 13), (3, 15), (1, 12), (4, 15), (1, 11), (5, 15), (2, 11), (5, 14), (3, 11), (5, 13), (3, 12), (3, 10), (6, 13), (3, 13), (3, 9), (7, 13), (2, 9), (7, 14), (7, 12), (1, 9), (7, 15), (7, 11), (1, 8), (8, 15), (6, 11), (1, 7), (9, 15), (5, 11), (1, 6), (10, 15), (5, 10), (1, 5), (11, 15), (5, 9), (1, 4), (11, 14), (6, 9), (1, 3), (11, 13), (7, 9), (2, 3), (12, 13), (8, 9), (3, 3), (13, 13)]",18,0,18
50,"(4, 3)","(3, 3)",East,"[(5, 3) via East]","[(4, 3):19, (13, 14):19, (9, 8):19]","[(13, 14):19, (9, 8):19, (5, 3):20]","[(1, 15), (1, 14), (2, 15), (1, 13), (3, 15), (1, 12), (4, 15), (1, 11), (5, 15), (2, 11), (5, 14), (3, 11), (5, 13), (3, 12), (3, 10), (6, 13), (3, 13), (3, 9), (7, 13), (2, 9), (7, 14), (7, 12), (1, 9), (7, 15), (7, 11), (1, 8), (8, 15), (6, 11), (1, 7), (9, 15), (5, 11), (1, 6), (10, 15), (5, 10), (1, 5), (11, 15), (5, 9), (1, 4), (11, 14), (6, 9), (1, 3), (11, 13), (7, 9), (2, 3), (12, 13), (8, 9), (3, 3), (13, 13), (9, 9)]",19,0,19
51,"(13, 14)","(13, 13)",North,"[(13, 15) via North]","[(13, 14):19, (9, 8):19, (5, 3):20]","[(9, 8):19, (5, 3):20, (13, 15):20]","[(1, 15), (1, 14), (2, 15), (1, 13), (3, 15), (1, 12), (4, 15), (1, 11), (5, 15), (2, 11), (5, 14), (3, 11), (5, 13), (3, 12), (3, 10), (6, 13), (3, 13), (3, 9), (7, 13), (2, 9), (7, 14), (7, 12), (1, 9), (7, 15), (7, 11), (1, 8), (8, 15), (6, 11), (1, 7), (9, 15), (5, 11), (1, 6), (10, 15), (5, 10), (1, 5), (11, 15), (5, 9), (1, 4), (11, 14), (6, 9), (1, 3), (11, 13), (7, 9), (2, 3), (12, 13), (8, 9), (3, 3), (13, 13), (9, 9), (4, 3)]",19,0,19
52,"(9, 8)","(9, 9)",South,"[(9, 7) via South]","[(9, 8):19, (5, 3):20, (13, 15):20]","[(5, 3):20, (13, 15):20, (9, 7):20]","[(1, 15), (1, 14), (2, 15), (1, 13), (3, 15), (1, 12), (4, 15), (1, 11), (5, 15), (2, 11), (5, 14), (3, 11), (5, 13), (3, 12), (3, 10), (6, 13), (3, 13), (3, 9), (7, 13), (2, 9), (7, 14), (7, 12), (1, 9), (7, 15), (7, 11), (1, 8), (8, 15), (6, 11), (1, 7), (9, 15), (5, 11), (1, 6), (10, 15), (5, 10), (1, 5), (11, 15), (5, 9), (1, 4), (11, 14), (6, 9), (1, 3), (11, 13), (7, 9), (2, 3), (12, 13), (8, 9), (3, 3), (13, 13), (9, 9), (4, 3), (13, 14)]",19,0,19
53,"(5, 3)","(4, 3)",East,"[(5, 4) via North]","[(5, 3):20, (13, 15):20, (9, 7):20]","[(13, 15):20, (9, 7):20, (5, 4):21]","[(1, 15), (1, 14), (2, 15), (1, 13), (3, 15), (1, 12), (4, 15), (1, 11), (5, 15), (2, 11), (5, 14), (3, 11), (5, 13), (3, 12), (3, 10), (6, 13), (3, 13), (3, 9), (7, 13), (2, 9), (7, 14), (7, 12), (1, 9), (7, 15), (7, 11), (1, 8), (8, 15), (6, 11), (1, 7), (9, 15), (5, 11), (1, 6), (10, 15), (5, 10), (1, 5), (11, 15), (5, 9), (1, 4), (11, 14), (6, 9), (1, 3), (11, 13), (7, 9), (2, 3), (12, 13), (8, 9), (3, 3), (13, 13), (9, 9), (4, 3), (13, 14), (9, 8)]",20,0,20
54,"(13, 15)","(13, 14)",North,"[(14, 15) via East]","[(13, 15):20, (9, 7):20, (5, 4):21]","[(9, 7):20, (5, 4):21, (14, 15):21]","[(1, 15), (1, 14), (2, 15), (1, 13), (3, 15), (1, 12), (4, 15), (1, 11), (5, 15), (2, 11), (5, 14), (3, 11), (5, 13), (3, 12), (3, 10), (6, 13), (3, 13), (3, 9), (7, 13), (2, 9), (7, 14), (7, 12), (1, 9), (7, 15), (7, 11), (1, 8), (8, 15), (6, 11), (1, 7), (9, 15), (5, 11), (1, 6), (10, 15), (5, 10), (1, 5), (11, 15), (5, 9), (1, 4), (11, 14), (6, 9), (1, 3), (11, 13), (7, 9), (2, 3), (12, 13), (8, 9), (3, 3), (13, 13), (9, 9), (4, 3), (13, 14), (9, 8), (5, 3)]",20,0,20
55,"(9, 7)","(9, 8)",South,"[(9, 6) via South]","[(9, 7):20, (5, 4):21, (14, 15):21]","[(5, 4):21, (14, 15):21, (9, 6):21]","[(1, 15), (1, 14), (2, 15), (1, 13), (3, 15), (1, 12), (4, 15), (1, 11), (5, 15), (2, 11), (5, 14), (3, 11), (5, 13), (3, 12), (3, 10), (6, 13), (3, 13), (3, 9), (7, 13), (2, 9), (7, 14), (7, 12), (1, 9), (7, 15), (7, 11), (1, 8), (8, 15), (6, 11), (1, 7), (9, 15), (5, 11), (1, 6), (10, 15), (5, 10), (1, 5), (11, 15), (5, 9), (1, 4), (11, 14), (6, 9), (1, 3), (11, 13), (7, 9), (2, 3), (12, 13), (8, 9), (3, 3), (13, 13), (9, 9), (4, 3), (13, 14), (9, 8), (5, 3), (13, 15)]",20,0,20
56,"(5, 4)","(5, 3)",North,"[(5, 5) via North]","[(5, 4):21, (14, 15):21, (9, 6):21]","[(14, 15):21, (9, 6):21, (5, 5):22]","[(1, 15), (1, 14), (2, 15), (1, 13), (3, 15), (1, 12), (4, 15), (1, 11), (5, 15), (2, 11), (5, 14), (3, 11), (5, 13), (3, 12), (3, 10), (6, 13), (3, 13), (3, 9), (7, 13), (2, 9), (7, 14), (7, 12), (1, 9), (7, 15), (7, 11), (1, 8), (8, 15), (6, 11), (1, 7), (9, 15), (5, 11), (1, 6), (10, 15), (5, 10), (1, 5), (11, 15), (5, 9), (1, 4), (11, 14), (6, 9), (1, 3), (11, 13), (7, 9), (2, 3), (12, 13), (8, 9), (3, 3), (13, 13), (9, 9), (4, 3), (13, 14), (9, 8), (5, 3), (13, 15), (9, 7)]",21,0,21
57,"(14, 15)","(13, 15)",East,"[(15, 15) via East]","[(14, 15):21, (9, 6):21, (5, 5):22]","[(9, 6):21, (5, 5):22, (15, 15):22]","[(1, 15), (1, 14), (2, 15), (1, 13), (3, 15), (1, 12), (4, 15), (1, 11), (5, 15), (2, 11), (5, 14), (3, 11), (5, 13), (3, 12), (3, 10), (6, 13), (3, 13), (3, 9), (7, 13), (2, 9), (7, 14), (7, 12), (1, 9), (7, 15), (7, 11), (1, 8), (8, 15), (6, 11), (1, 7), (9, 15), (5, 11), (1, 6), (10, 15), (5, 10), (1, 5), (11, 15), (5, 9), (1, 4), (11, 14), (6, 9), (1, 3), (11, 13), (7, 9), (2, 3), (12, 13), (8, 9), (3, 3), (13, 13), (9, 9), (4, 3), (13, 14), (9, 8), (5, 3), (13, 15), (9, 7), (5, 4)]",21,0,21
58,"(9, 6)","(9, 7)",South,"[(9, 5) via South]","[(9, 6):21, (5, 5):22, (15, 15):22]","[(5, 5):22, (15, 15):22, (9, 5):22]","[(1, 15), (1, 14), (2, 15), (1, 13), (3, 15), (1, 12), (4, 15), (1, 11), (5, 15), (2, 11), (5, 14), (3, 11), (5, 13), (3, 12), (3, 10), (6, 13), (3, 13), (3, 9), (7, 13), (2, 9), (7, 14), (7, 12), (1, 9), (7, 15), (7, 11), (1, 8), (8, 15), (6, 11), (1, 7), (9, 15), (5, 11), (1, 6), (10, 15), (5, 10), (1, 5), (11, 15), (5, 9), (1, 4), (11, 14), (6, 9), (1, 3), (11, 13), (7, 9), (2, 3), (12, 13), (8, 9), (3, 3), (13, 13), (9, 9), (4, 3), (13, 14), (9, 8), (5, 3), (13, 15), (9, 7), (5, 4), (14, 15)]",21,0,21
59,"(5, 5)","(5, 4)",North,"[(4, 5) via West]","[(5, 5):22, (15, 15):22, (9, 5):22]","[(15, 15):22, (9, 5):22, (4, 5):23]","[(1, 15), (1, 14), (2, 15), (1, 13), (3, 15), (1, 12), (4, 15), (1, 11), (5, 15), (2, 11), (5, 14), (3, 11), (5, 13), (3, 12), (3, 10), (6, 13), (3, 13), (3, 9), (7, 13), (2, 9), (7, 14), (7, 12), (1, 9), (7, 15), (7, 11), (1, 8), (8, 15), (6, 11), (1, 7), (9, 15), (5, 11), (1, 6), (10, 15), (5, 10), (1, 5), (11, 15), (5, 9), (1, 4), (11, 14), (6, 9), (1, 3), (11, 13), (7, 9), (2, 3), (12, 13), (8, 9), (3, 3), (13, 13), (9, 9), (4, 3), (13, 14), (9, 8), (5, 3), (13, 15), (9, 7), (5, 4), (14, 15), (9, 6)]",22,0,22
60,"(15, 15)","(14, 15)",East,"[(16, 15) via East]","[(15, 15):22, (9, 5):22, (4, 5):23]","[(9, 5):22, (4, 5):23, (16, 15):23]","[(1, 15), (1, 14), (2, 15), (1, 13), (3, 15), (1, 12), (4, 15), (1, 11), (5, 15), (2, 11), (5, 14), (3, 11), (5, 13), (3, 12), (3, 10), (6, 13), (3, 13), (3, 9), (7, 13), (2, 9), (7, 14), (7, 12), (1, 9), (7, 15), (7, 11), (1, 8), (8, 15), (6, 11), (1, 7), (9, 15), (5, 11), (1, 6), (10, 15), (5, 10), (1, 5), (11, 15), (5, 9), (1, 4), (11, 14), (6, 9), (1, 3), (11, 13), (7, 9), (2, 3), (12, 13), (8, 9), (3, 3), (13, 13), (9, 9), (4, 3), (13, 14), (9, 8), (5, 3), (13, 15), (9, 7), (5, 4), (14, 15), (9, 6), (5, 5)]",22,0,22
61,"(9, 5)","(9, 6)",South,"[(10, 5) via East]","[(9, 5):22, (4, 5):23, (16, 15):23]","[(4, 5):23, (16, 15):23, (10, 5):23]","[(1, 15), (1, 14), (2, 15), (1, 13), (3, 15), (1, 12), (4, 15), (1, 11), (5, 15), (2, 11), (5, 14), (3, 11), (5, 13), (3, 12), (3, 10), (6, 13), (3, 13), (3, 9), (7, 13), (2, 9), (7, 14), (7, 12), (1, 9), (7, 15), (7, 11), (1, 8), (8, 15), (6, 11), (1, 7), (9, 15), (5, 11), (1, 6), (10, 15), (5, 10), (1, 5), (11, 15), (5, 9), (1, 4), (11, 14), (6, 9), (1, 3), (11, 13), (7, 9), (2, 3), (12, 13), (8, 9), (3, 3), (13, 13), (9, 9), (4, 3), (13, 14), (9, 8), (5, 3), (13, 15), (9, 7), (5, 4), (14, 15), (9, 6), (5, 5), (15, 15)]",22,0,22
62,"(4, 5)","(5, 5)",West,"[(3, 5) via West]","[(4, 5):23, (16, 15):23, (10, 5):23]","[(16, 15):23, (10, 5):23, (3, 5):24]","[(1, 15), (1, 14), (2, 15), (1, 13), (3, 15), (1, 12), (4, 15), (1, 11), (5, 15), (2, 11), (5, 14), (3, 11), (5, 13), (3, 12), (3, 10), (6, 13), (3, 13), (3, 9), (7, 13), (2, 9), (7, 14), (7, 12), (1, 9), (7, 15), (7, 11), (1, 8), (8, 15), (6, 11), (1, 7), (9, 15), (5, 11), (1, 6), (10, 15), (5, 10), (1, 5), (11, 15), (5, 9), (1, 4), (11, 14), (6, 9), (1, 3), (11, 13), (7, 9), (2, 3), (12, 13), (8, 9), (3, 3), (13, 13), (9, 9), (4, 3), (13, 14), (9, 8), (5, 3), (13, 15), (9, 7), (5, 4), (14, 15), (9, 6), (5, 5), (15, 15), (9, 5)]",23,0,23
63,"(16, 15)","(15, 15)",East,"[(17, 15) via East]","[(16, 15):23, (10, 5):23, (3, 5):24]","[(10, 5):23, (3, 5):24, (17, 15):24]","[(1, 15), (1, 14), (2, 15), (1, 13), (3, 15), (1, 12), (4, 15), (1, 11), (5, 15), (2, 11), (5, 14), (3, 11), (5, 13), (3, 12), (3, 10), (6, 13), (3, 13), (3, 9), (7, 13), (2, 9), (7, 14), (7, 12), (1, 9), (7, 15), (7, 11), (1, 8), (8, 15), (6, 11), (1, 7), (9, 15), (5, 11), (1, 6), (10, 15), (5, 10), (1, 5), (11, 15), (5, 9), (1, 4), (11, 14), (6, 9), (1, 3), (11, 13), (7, 9), (2, 3), (12, 13), (8, 9), (3, 3), (13, 13), (9, 9), (4, 3), (13, 14), (9, 8), (5, 3), (13, 15), (9, 7), (5, 4), (14, 15), (9, 6), (5, 5), (15, 15), (9, 5), (4, 5)]",23,0,23
64,"(10, 5)","(9, 5)",East,"[(11, 5) via East]","[(10, 5):23, (3, 5):24, (17, 15):24]","[(3, 5):24, (17, 15):24, (11, 5):24]","[(1, 15), (1, 14), (2, 15), (1, 13), (3, 15), (1, 12), (4, 15), (1, 11), (5, 15), (2, 11), (5, 14), (3, 11), (5, 13), (3, 12), (3, 10), (6, 13), (3, 13), (3, 9), (7, 13), (2, 9), (7, 14), (7, 12), (1, 9), (7, 15), (7, 11), (1, 8), (8, 15), (6, 11), (1, 7), (9, 15), (5, 11), (1, 6), (10, 15), (5, 10), (1, 5), (11, 15), (5, 9), (1, 4), (11, 14), (6, 9), (1, 3), (11, 13), (7, 9), (2, 3), (12, 13), (8, 9), (3, 3), (13, 13), (9, 9), (4, 3), (13, 14), (9, 8), (5, 3), (13, 15), (9, 7), (5, 4), (14, 15), (9, 6), (5, 5), (15, 15), (9, 5), (4, 5), (16, 15)]",23,0,23
65,"(3, 5)","(4, 5)",West,"[(3, 6) via North]","[(3, 5):24, (17, 15):24, (11, 5):24]","[(17, 15):24, (11, 5):24, (3, 6):25]","[(1, 15), (1, 14), (2, 15), (1, 13), (3, 15), (1, 12), (4, 15), (1, 11), (5, 15), (2, 11), (5, 14), (3, 11), (5, 13), (3, 12), (3, 10), (6, 13), (3, 13), (3, 9), (7, 13), (2, 9), (7, 14), (7, 12), (1, 9), (7, 15), (7, 11), (1, 8), (8, 15), (6, 11), (1, 7), (9, 15), (5, 11), (1, 6), (10, 15), (5, 10), (1, 5), (11, 15), (5, 9), (1, 4), (11, 14), (6, 9), (1, 3), (11, 13), (7, 9), (2, 3), (12, 13), (8, 9), (3, 3), (13, 13), (9, 9), (4, 3), (13, 14), (9, 8), (5, 3), (13, 15), (9, 7), (5, 4), (14, 15), (9, 6), (5, 5), (15, 15), (9, 5), (4, 5), (16, 15), (10, 5)]",24,0,24
66,"(17, 15)","(16, 15)",East,"[(17, 14) via South]","[(17, 15):24, (11, 5):24, (3, 6):25]","[(11, 5):24, (3, 6):25, (17, 14):25]","[(1, 15), (1, 14), (2, 15), (1, 13), (3, 15), (1, 12), (4, 15), (1, 11), (5, 15), (2, 11), (5, 14), (3, 11), (5, 13), (3, 12), (3, 10), (6, 13), (3, 13), (3, 9), (7, 13), (2, 9), (7, 14), (7, 12), (1, 9), (7, 15), (7, 11), (1, 8), (8, 15), (6, 11), (1, 7), (9, 15), (5, 11), (1, 6), (10, 15), (5, 10), (1, 5), (11, 15), (5, 9), (1, 4), (11, 14), (6, 9), (1, 3), (11, 13), (7, 9), (2, 3), (12, 13), (8, 9), (3, 3), (13, 13), (9, 9), (4, 3), (13, 14), (9, 8), (5, 3), (13, 15), (9, 7), (5, 4), (14, 15), (9, 6), (5, 5), (15, 15), (9, 5), (4, 5), (16, 15), (10, 5), (3, 5)]",24,0,24
67,"(11, 5)","(10, 5)",East,"[(12, 5) via East]","[(11, 5):24, (3, 6):25, (17, 14):25]","[(3, 6):25, (17, 14):25, (12, 5):25]","[(1, 15), (1, 14), (2, 15), (1, 13), (3, 15), (1, 12), (4, 15), (1, 11), (5, 15), (2, 11), (5, 14), (3, 11), (5, 13), (3, 12), (3, 10), (6, 13), (3, 13), (3, 9), (7, 13), (2, 9), (7, 14), (7, 12), (1, 9), (7, 15), (7, 11), (1, 8), (8, 15), (6, 11), (1, 7), (9, 15), (5, 11), (1, 6), (10, 15), (5, 10), (1, 5), (11, 15), (5, 9), (1, 4), (11, 14), (6, 9), (1, 3), (11, 13), (7, 9), (2, 3), (12, 13), (8, 9), (3, 3), (13, 13), (9, 9), (4, 3), (13, 14), (9, 8), (5, 3), (13, 15), (9, 7), (5, 4), (14, 15), (9, 6), (5, 5), (15, 15), (9, 5), (4, 5), (16, 15), (10, 5), (3, 5), (17, 15)]",24,0,24
68,"(3, 6)","(3, 5)",North,"[(3, 7) via North]","[(3, 6):25, (17, 14):25, (12, 5):25]","[(17, 14):25, (12, 5):25, (3, 7):26]","[(1, 15), (1, 14), (2, 15), (1, 13), (3, 15), (1, 12), (4, 15), (1, 11), (5, 15), (2, 11), (5, 14), (3, 11), (5, 13), (3, 12), (3, 10), (6, 13), (3, 13), (3, 9), (7, 13), (2, 9), (7, 14), (7, 12), (1, 9), (7, 15), (7, 11), (1, 8), (8, 15), (6, 11), (1, 7), (9, 15), (5, 11), (1, 6), (10, 15), (5, 10), (1, 5), (11, 15), (5, 9), (1, 4), (11, 14), (6, 9), (1, 3), (11, 13), (7, 9), (2, 3), (12, 13), (8, 9), (3, 3), (13, 13), (9, 9), (4, 3), (13, 14), (9, 8), (5, 3), (13, 15), (9, 7), (5, 4), (14, 15), (9, 6), (5, 5), (15, 15), (9, 5), (4, 5), (16, 15), (10, 5), (3, 5), (17, 15), (11, 5)]",25,0,25
69,"(17, 14)","(17, 15)",South,"[(17, 13) via South]","[(17, 14):25, (12, 5):25, (3, 7):26]","[(12, 5):25, (3, 7):26, (17, 13):26]","[(1, 15), (1, 14), (2, 15), (1, 13), (3, 15), (1, 12), (4, 15), (1, 11), (5, 15), (2, 11), (5, 14), (3, 11), (5, 13), (3, 12), (3, 10), (6, 13), (3, 13), (3, 9), (7, 13), (2, 9), (7, 14), (7, 12), (1, 9), (7, 15), (7, 11), (1, 8), (8, 15), (6, 11), (1, 7), (9, 15), (5, 11), (1, 6), (10, 15), (5, 10), (1, 5), (11, 15), (5, 9), (1, 4), (11, 14), (6, 9), (1, 3), (11, 13), (7, 9), (2, 3), (12, 13), (8, 9), (3, 3), (13, 13), (9, 9), (4, 3), (13, 14), (9, 8), (5, 3), (13, 15), (9, 7), (5, 4), (14, 15), (9, 6), (5, 5), (15, 15), (9, 5), (4, 5), (16, 15), (10, 5), (3, 5), (17, 15), (11, 5), (3, 6)]",25,0,25
70,"(12, 5)","(11, 5)",East,"[(13, 5) via East]","[(12, 5):25, (3, 7):26, (17, 13):26]","[(3, 7):26, (17, 13):26, (13, 5):26]","[(1, 15), (1, 14), (2, 15), (1, 13), (3, 15), (1, 12), (4, 15), (1, 11), (5, 15), (2, 11), (5, 14), (3, 11), (5, 13), (3, 12), (3, 10), (6, 13), (3, 13), (3, 9), (7, 13), (2, 9), (7, 14), (7, 12), (1, 9), (7, 15), (7, 11), (1, 8), (8, 15), (6, 11), (1, 7), (9, 15), (5, 11), (1, 6), (10, 15), (5, 10), (1, 5), (11, 15), (5, 9), (1, 4), (11, 14), (6, 9), (1, 3), (11, 13), (7, 9), (2, 3), (12, 13), (8, 9), (3, 3), (13, 13), (9, 9), (4, 3), (13, 14), (9, 8), (5, 3), (13, 15), (9, 7), (5, 4), (14, 15), (9, 6), (5, 5), (15, 15), (9, 5), (4, 5), (16, 15), (10, 5), (3, 5), (17, 15), (11, 5), (3, 6), (17, 14)]",25,0,25
71,"(3, 7)","(3, 6)",North,"[(4, 7) via East]","[(3, 7):26, (17, 13):26, (13, 5):26]","[(17, 13):26, (13, 5):26, (4, 7):27]","[(1, 15), (1, 14), (2, 15), (1, 13), (3, 15), (1, 12), (4, 15), (1, 11), (5, 15), (2, 11), (5, 14), (3, 11), (5, 13), (3, 12), (3, 10), (6, 13), (3, 13), (3, 9), (7, 13), (2, 9), (7, 14), (7, 12), (1, 9), (7, 15), (7, 11), (1, 8), (8, 15), (6, 11), (1, 7), (9, 15), (5, 11), (1, 6), (10, 15), (5, 10), (1, 5), (11, 15), (5, 9), (1, 4), (11, 14), (6, 9), (1, 3), (11, 13), (7, 9), (2, 3), (12, 13), (8, 9), (3, 3), (13, 13), (9, 9), (4, 3), (13, 14), (9, 8), (5, 3), (13, 15), (9, 7), (5, 4), (14, 15), (9, 6), (5, 5), (15, 15), (9, 5), (4, 5), (16, 15), (10, 5), (3, 5), (17, 15), (11, 5), (3, 6), (17, 14), (12, 5)]",26,0,26
72,"(17, 13)","(17, 14)",South,"[(16, 13) via West]","[(17, 13):26, (13, 5):26, (4, 7):27]","[(13, 5):26, (4, 7):27, (16, 13):27]","[(1, 15), (1, 14), (2, 15), (1, 13), (3, 15), (1, 12), (4, 15), (1, 11), (5, 15), (2, 11), (5, 14), (3, 11), (5, 13), (3, 12), (3, 10), (6, 13), (3, 13), (3, 9), (7, 13), (2, 9), (7, 14), (7, 12), (1, 9), (7, 15), (7, 11), (1, 8), (8, 15), (6, 11), (1, 7), (9, 15), (5, 11), (1, 6), (10, 15), (5, 10), (1, 5), (11, 15), (5, 9), (1, 4), (11, 14), (6, 9), (1, 3), (11, 13), (7, 9), (2, 3), (12, 13), (8, 9), (3, 3), (13, 13), (9, 9), (4, 3), (13, 14), (9, 8), (5, 3), (13, 15), (9, 7), (5, 4), (14, 15), (9, 6), (5, 5), (15, 15), (9, 5), (4, 5), (16, 15), (10, 5), (3, 5), (17, 15), (11, 5), (3, 6), (17, 14), (12, 5), (3, 7)]",26,0,26
73,"(13, 5)","(12, 5)",East,"[(14, 5) via East]","[(13, 5):26, (4, 7):27, (16, 13):27]","[(4, 7):27, (16, 13):27, (14, 5):27]","[(1, 15), (1, 14), (2, 15), (1, 13), (3, 15), (1, 12), (4, 15), (1, 11), (5, 15), (2, 11), (5, 14), (3, 11), (5, 13), (3, 12), (3, 10), (6, 13), (3, 13), (3, 9), (7, 13), (2, 9), (7, 14), (7, 12), (1, 9), (7, 15), (7, 11), (1, 8), (8, 15), (6, 11), (1, 7), (9, 15), (5, 11), (1, 6), (10, 15), (5, 10), (1, 5), (11, 15), (5, 9), (1, 4), (11, 14), (6, 9), (1, 3), (11, 13), (7, 9), (2, 3), (12, 13), (8, 9), (3, 3), (13, 13), (9, 9), (4, 3), (13, 14), (9, 8), (5, 3), (13, 15), (9, 7), (5, 4), (14, 15), (9, 6), (5, 5), (15, 15), (9, 5), (4, 5), (16, 15), (10, 5), (3, 5), (17, 15), (11, 5), (3, 6), (17, 14), (12, 5), (3, 7), (17, 13)]",26,0,26
74,"(4, 7)","(3, 7)",East,"[(5, 7) via East]","[(4, 7):27, (16, 13):27, (14, 5):27]","[(16, 13):27, (14, 5):27, (5, 7):28]","[(1, 15), (1, 14), (2, 15), (1, 13), (3, 15), (1, 12), (4, 15), (1, 11), (5, 15), (2, 11), (5, 14), (3, 11), (5, 13), (3, 12), (3, 10), (6, 13), (3, 13), (3, 9), (7, 13), (2, 9), (7, 14), (7, 12), (1, 9), (7, 15), (7, 11), (1, 8), (8, 15), (6, 11), (1, 7), (9, 15), (5, 11), (1, 6), (10, 15), (5, 10), (1, 5), (11, 15), (5, 9), (1, 4), (11, 14), (6, 9), (1, 3), (11, 13), (7, 9), (2, 3), (12, 13), (8, 9), (3, 3), (13, 13), (9, 9), (4, 3), (13, 14), (9, 8), (5, 3), (13, 15), (9, 7), (5, 4), (14, 15), (9, 6), (5, 5), (15, 15), (9, 5), (4, 5), (16, 15), (10, 5), (3, 5), (17, 15), (11, 5), (3, 6), (17, 14), (12, 5), (3, 7), (17, 13), (13, 5)]",27,0,27
75,"(16, 13)","(17, 13)",West,"[(15, 13) via West]","[(16, 13):27, (14, 5):27, (5, 7):28]","[(14, 5):27, (5, 7):28, (15, 13):28]","[(1, 15), (1, 14), (2, 15), (1, 13), (3, 15), (1, 12), (4, 15), (1, 11), (5, 15), (2, 11), (5, 14), (3, 11), (5, 13), (3, 12), (3, 10), (6, 13), (3, 13), (3, 9), (7, 13), (2, 9), (7, 14), (7, 12), (1, 9), (7, 15), (7, 11), (1, 8), (8, 15), (6, 11), (1, 7), (9, 15), (5, 11), (1, 6), (10, 15), (5, 10), (1, 5), (11, 15), (5, 9), (1, 4), (11, 14), (6, 9), (1, 3), (11, 13), (7, 9), (2, 3), (12, 13), (8, 9), (3, 3), (13, 13), (9, 9), (4, 3), (13, 14), (9, 8), (5, 3), (13, 15), (9, 7), (5, 4), (14, 15), (9, 6), (5, 5), (15, 15), (9, 5), (4, 5), (16, 15), (10, 5), (3, 5), (17, 15), (11, 5), (3, 6), (17, 14), (12, 5), (3, 7), (17, 13), (13, 5), (4, 7)]",27,0,27
76,"(14, 5)","(13, 5)",East,"[(15, 5) via East]","[(14, 5):27, (5, 7):28, (15, 13):28]","[(5, 7):28, (15, 13):28, (15, 5):28]","[(1, 15), (1, 14), (2, 15), (1, 13), (3, 15), (1, 12), (4, 15), (1, 11), (5, 15), (2, 11), (5, 14), (3, 11), (5, 13), (3, 12), (3, 10), (6, 13), (3, 13), (3, 9), (7, 13), (2, 9), (7, 14), (7, 12), (1, 9), (7, 15), (7, 11), (1, 8), (8, 15), (6, 11), (1, 7), (9, 15), (5, 11), (1, 6), (10, 15), (5, 10), (1, 5), (11, 15), (5, 9), (1, 4), (11, 14), (6, 9), (1, 3), (11, 13), (7, 9), (2, 3), (12, 13), (8, 9), (3, 3), (13, 13), (9, 9), (4, 3), (13, 14), (9, 8), (5, 3), (13, 15), (9, 7), (5, 4), (14, 15), (9, 6), (5, 5), (15, 15), (9, 5), (4, 5), (16, 15), (10, 5), (3, 5), (17, 15), (11, 5), (3, 6), (17, 14), (12, 5), (3, 7), (17, 13), (13, 5), (4, 7), (16, 13)]",27,0,27
77,"(5, 7)","(4, 7)",East,"[(6, 7) via East]","[(5, 7):28, (15, 13):28, (15, 5):28]","[(15, 13):28, (15, 5):28, (6, 7):29]","[(1, 15), (1, 14), (2, 15), (1, 13), (3, 15), (1, 12), (4, 15), (1, 11), (5, 15), (2, 11), (5, 14), (3, 11), (5, 13), (3, 12), (3, 10), (6, 13), (3, 13), (3, 9), (7, 13), (2, 9), (7, 14), (7, 12), (1, 9), (7, 15), (7, 11), (1, 8), (8, 15), (6, 11), (1, 7), (9, 15), (5, 11), (1, 6), (10, 15), (5, 10), (1, 5), (11, 15), (5, 9), (1, 4), (11, 14), (6, 9), (1, 3), (11, 13), (7, 9), (2, 3), (12, 13), (8, 9), (3, 3), (13, 13), (9, 9), (4, 3), (13, 14), (9, 8), (5, 3), (13, 15), (9, 7), (5, 4), (14, 15), (9, 6), (5, 5), (15, 15), (9, 5), (4, 5), (16, 15), (10, 5), (3, 5), (17, 15), (11, 5), (3, 6), (17, 14), (12, 5), (3, 7), (17, 13), (13, 5), (4, 7), (16, 13), (14, 5)]",28,0,28
78,"(15, 13)","(16, 13)",West,"[(15, 12) via South]","[(15, 13):28, (15, 5):28, (6, 7):29]","[(15, 5):28, (6, 7):29, (15, 12):29]","[(1, 15), (1, 14), (2, 15), (1, 13), (3, 15), (1, 12), (4, 15), (1, 11), (5, 15), (2, 11), (5, 14), (3, 11), (5, 13), (3, 12), (3, 10), (6, 13), (3, 13), (3, 9), (7, 13), (2, 9), (7, 14), (7, 12), (1, 9), (7, 15), (7, 11), (1, 8), (8, 15), (6, 11), (1, 7), (9, 15), (5, 11), (1, 6), (10, 15), (5, 10), (1, 5), (11, 15), (5, 9), (1, 4), (11, 14), (6, 9), (1, 3), (11, 13), (7, 9), (2, 3), (12, 13), (8, 9), (3, 3), (13, 13), (9, 9), (4, 3), (13, 14), (9, 8), (5, 3), (13, 15), (9, 7), (5, 4), (14, 15), (9, 6), (5, 5), (15, 15), (9, 5), (4, 5), (16, 15), (10, 5), (3, 5), (17, 15), (11, 5), (3, 6), (17, 14), (12, 5), (3, 7), (17, 13), (13, 5), (4, 7), (16, 13), (14, 5), (5, 7)]",28,0,28
79,"(15, 5)","(14, 5)",East,"[(15, 4) via South]","[(15, 5):28, (6, 7):29, (15, 12):29]","[(6, 7):29, (15, 12):29, (15, 4):29]","[(1, 15), (1, 14), (2, 15), (1, 13), (3, 15), (1, 12), (4, 15), (1, 11), (5, 15), (2, 11), (5, 14), (3, 11), (5, 13), (3, 12), (3, 10), (6, 13), (3, 13), (3, 9), (7, 13), (2, 9), (7, 14), (7, 12), (1, 9), (7, 15), (7, 11), (1, 8), (8, 15), (6, 11), (1, 7), (9, 15), (5, 11), (1, 6), (10, 15), (5, 10), (1, 5), (11, 15), (5, 9), (1, 4), (11, 14), (6, 9), (1, 3), (11, 13), (7, 9), (2, 3), (12, 13), (8, 9), (3, 3), (13, 13), (9, 9), (4, 3), (13, 14), (9, 8), (5, 3), (13, 15), (9, 7), (5, 4), (14, 15), (9, 6), (5, 5), (15, 15), (9, 5), (4, 5), (16, 15), (10, 5), (3, 5), (17, 15), (11, 5), (3, 6), (17, 14), (12, 5), (3, 7), (17, 13), (13, 5), (4, 7), (16, 13), (14, 5), (5, 7), (15, 13)]",28,0,28
80,"(6, 7)","(5, 7)",East,"[(7, 7) via East]","[(6, 7):29, (15, 12):29, (15, 4):29]","[(15, 12):29, (15, 4):29, (7, 7):30]","[(1, 15), (1, 14), (2, 15), (1, 13), (3, 15), (1, 12), (4, 15), (1, 11), (5, 15), (2, 11), (5, 14), (3, 11), (5, 13), (3, 12), (3, 10), (6, 13), (3, 13), (3, 9), (7, 13), (2, 9), (7, 14), (7, 12), (1, 9), (7, 15), (7, 11), (1, 8), (8, 15), (6, 11), (1, 7), (9, 15), (5, 11), (1, 6), (10, 15), (5, 10), (1, 5), (11, 15), (5, 9), (1, 4), (11, 14), (6, 9), (1, 3), (11, 13), (7, 9), (2, 3), (12, 13), (8, 9), (3, 3), (13, 13), (9, 9), (4, 3), (13, 14), (9, 8), (5, 3), (13, 15), (9, 7), (5, 4), (14, 15), (9, 6), (5, 5), (15, 15), (9, 5), (4, 5), (16, 15), (10, 5), (3, 5), (17, 15), (11, 5), (3, 6), (17, 14), (12, 5), (3, 7), (17, 13), (13, 5), (4, 7), (16, 13), (14, 5), (5, 7), (15, 13), (15, 5)]",29,0,29
81,"(15, 12)","(15, 13)",South,"[(15, 11) via South]","[(15, 12):29, (15, 4):29, (7, 7):30]","[(15, 4):29, (7, 7):30, (15, 11):30]","[(1, 15), (1, 14), (2, 15), (1, 13), (3, 15), (1, 12), (4, 15), (1, 11), (5, 15), (2, 11), (5, 14), (3, 11), (5, 13), (3, 12), (3, 10), (6, 13), (3, 13), (3, 9), (7, 13), (2, 9), (7, 14), (7, 12), (1, 9), (7, 15), (7, 11), (1, 8), (8, 15), (6, 11), (1, 7), (9, 15), (5, 11), (1, 6), (10, 15), (5, 10), (1, 5), (11, 15), (5, 9), (1, 4), (11, 14), (6, 9), (1, 3), (11, 13), (7, 9), (2, 3), (12, 13), (8, 9), (3, 3), (13, 13), (9, 9), (4, 3), (13, 14), (9, 8), (5, 3), (13, 15), (9, 7), (5, 4), (14, 15), (9, 6), (5, 5), (15, 15), (9, 5), (4, 5), (16, 15), (10, 5), (3, 5), (17, 15), (11, 5), (3, 6), (17, 14), (12, 5), (3, 7), (17, 13), (13, 5), (4, 7), (16, 13), (14, 5), (5, 7), (15, 13), (15, 5), (6, 7)]",29,0,29
82,"(15, 4)","(15, 5)",South,"[(15, 3) via South]","[(15, 4):29, (7, 7):30, (15, 11):30]","[(7, 7):30, (15, 11):30, (15, 3):30]","[(1, 15), (1, 14), (2, 15), (1, 13), (3, 15), (1, 12), (4, 15), (1, 11), (5, 15), (2, 11), (5, 14), (3, 11), (5, 13), (3, 12), (3, 10), (6, 13), (3, 13), (3, 9), (7, 13), (2, 9), (7, 14), (7, 12), (1, 9), (7, 15), (7, 11), (1, 8), (8, 15), (6, 11), (1, 7), (9, 15), (5, 11), (1, 6), (10, 15), (5, 10), (1, 5), (11, 15), (5, 9), (1, 4), (11, 14), (6, 9), (1, 3), (11, 13), (7, 9), (2, 3), (12, 13), (8, 9), (3, 3), (13, 13), (9, 9), (4, 3), (13, 14), (9, 8), (5, 3), (13, 15), (9, 7), (5, 4), (14, 15), (9, 6), (5, 5), (15, 15), (9, 5), (4, 5), (16, 15), (10, 5), (3, 5), (17, 15), (11, 5), (3, 6), (17, 14), (12, 5), (3, 7), (17, 13), (13, 5), (4, 7), (16, 13), (14, 5), (5, 7), (15, 13), (15, 5), (6, 7), (15, 12)]",29,0,29
83,"(7, 7)","(6, 7)",East,"[(7, 6) via South]","[(7, 7):30, (15, 11):30, (15, 3):30]","[(15, 11):30, (15, 3):30, (7, 6):31]","[(1, 15), (1, 14), (2, 15), (1, 13), (3, 15), (1, 12), (4, 15), (1, 11), (5, 15), (2, 11), (5, 14), (3, 11), (5, 13), (3, 12), (3, 10), (6, 13), (3, 13), (3, 9), (7, 13), (2, 9), (7, 14), (7, 12), (1, 9), (7, 15), (7, 11), (1, 8), (8, 15), (6, 11), (1, 7), (9, 15), (5, 11), (1, 6), (10, 15), (5, 10), (1, 5), (11, 15), (5, 9), (1, 4), (11, 14), (6, 9), (1, 3), (11, 13), (7, 9), (2, 3), (12, 13), (8, 9), (3, 3), (13, 13), (9, 9), (4, 3), (13, 14), (9, 8), (5, 3), (13, 15), (9, 7), (5, 4), (14, 15), (9, 6), (5, 5), (15, 15), (9, 5), (4, 5), (16, 15), (10, 5), (3, 5), (17, 15), (11, 5), (3, 6), (17, 14), (12, 5), (3, 7), (17, 13), (13, 5), (4, 7), (16, 13), (14, 5), (5, 7), (15, 13), (15, 5), (6, 7), (15, 12), (15, 4)]",30,0,30
84,"(15, 11)","(15, 12)",South,"[(15, 10) via South, (14, 11) via West]","[(15, 11):30, (15, 3):30, (7, 6):31]","[(15, 3):30, (7, 6):31, (15, 10):31, (14, 11):31]","[(1, 15), (1, 14), (2, 15), (1, 13), (3, 15), (1, 12), (4, 15), (1, 11), (5, 15), (2, 11), (5, 14), (3, 11), (5, 13), (3, 12), (3, 10), (6, 13), (3, 13), (3, 9), (7, 13), (2, 9), (7, 14), (7, 12), (1, 9), (7, 15), (7, 11), (1, 8), (8, 15), (6, 11), (1, 7), (9, 15), (5, 11), (1, 6), (10, 15), (5, 10), (1, 5), (11, 15), (5, 9), (1, 4), (11, 14), (6, 9), (1, 3), (11, 13), (7, 9), (2, 3), (12, 13), (8, 9), (3, 3), (13, 13), (9, 9), (4, 3), (13, 14), (9, 8), (5, 3), (13, 15), (9, 7), (5, 4), (14, 15), (9, 6), (5, 5), (15, 15), (9, 5), (4, 5), (16, 15), (10, 5), (3, 5), (17, 15), (11, 5), (3, 6), (17, 14), (12, 5), (3, 7), (17, 13), (13, 5), (4, 7), (16, 13), (14, 5), (5, 7), (15, 13), (15, 5), (6, 7), (15, 12), (15, 4), (7, 7)]",30,0,30
85,"(15, 3)","(15, 4)",South,"[(15, 2) via South, (16, 3) via East]","[(15, 3):30, (7, 6):31, (15, 10):31, (14, 11):31]","[(7, 6):31, (15, 10):31, (14, 11):31, (15, 2):31, (16, 3):31]","[(1, 15), (1, 14), (2, 15), (1, 13), (3, 15), (1, 12), (4, 15), (1, 11), (5, 15), (2, 11), (5, 14), (3, 11), (5, 13), (3, 12), (3, 10), (6, 13), (3, 13), (3, 9), (7, 13), (2, 9), (7, 14), (7, 12), (1, 9), (7, 15), (7, 11), (1, 8), (8, 15), (6, 11), (1, 7), (9, 15), (5, 11), (1, 6), (10, 15), (5, 10), (1, 5), (11, 15), (5, 9), (1, 4), (11, 14), (6, 9), (1, 3), (11, 13), (7, 9), (2, 3), (12, 13), (8, 9), (3, 3), (13, 13), (9, 9), (4, 3), (13, 14), (9, 8), (5, 3), (13, 15), (9, 7), (5, 4), (14, 15), (9, 6), (5, 5), (15, 15), (9, 5), (4, 5), (16, 15), (10, 5), (3, 5), (17, 15), (11, 5), (3, 6), (17, 14), (12, 5), (3, 7), (17, 13), (13, 5), (4, 7), (16, 13), (14, 5), (5, 7), (15, 13), (15, 5), (6, 7), (15, 12), (15, 4), (7, 7), (15, 11)]",30,0,30
86,"(7, 6)","(7, 7)",South,"[(7, 5) via South]","[(7, 6):31, (15, 10):31, (14, 11):31, (15, 2):31, (16, 3):31]","[(15, 10):31, (14, 11):31, (15, 2):31, (16, 3):31, (7, 5):32]","[(1, 15), (1, 14), (2, 15), (1, 13), (3, 15), (1, 12), (4, 15), (1, 11), (5, 15), (2, 11), (5, 14), (3, 11), (5, 13), (3, 12), (3, 10), (6, 13), (3, 13), (3, 9), (7, 13), (2, 9), (7, 14), (7, 12), (1, 9), (7, 15), (7, 11), (1, 8), (8, 15), (6, 11), (1, 7), (9, 15), (5, 11), (1, 6), (10, 15), (5, 10), (1, 5), (11, 15), (5, 9), (1, 4), (11, 14), (6, 9), (1, 3), (11, 13), (7, 9), (2, 3), (12, 13), (8, 9), (3, 3), (13, 13), (9, 9), (4, 3), (13, 14), (9, 8), (5, 3), (13, 15), (9, 7), (5, 4), (14, 15), (9, 6), (5, 5), (15, 15), (9, 5), (4, 5), (16, 15), (10, 5), (3, 5), (17, 15), (11, 5), (3, 6), (17, 14), (12, 5), (3, 7), (17, 13), (13, 5), (4, 7), (16, 13), (14, 5), (5, 7), (15, 13), (15, 5), (6, 7), (15, 12), (15, 4), (7, 7), (15, 11), (15, 3)]",31,0,31
87,"(15, 10)","(15, 11)",South,"[(15, 9) via South]","[(15, 10):31, (14, 11):31, (15, 2):31, (16, 3):31, (7, 5):32]","[(14, 11):31, (15, 2):31, (16, 3):31, (7, 5):32, (15, 9):32]","[(1, 15), (1, 14), (2, 15), (1, 13), (3, 15), (1, 12), (4, 15), (1, 11), (5, 15), (2, 11), (5, 14), (3, 11), (5, 13), (3, 12), (3, 10), (6, 13), (3, 13), (3, 9), (7, 13), (2, 9), (7, 14), (7, 12), (1, 9), (7, 15), (7, 11), (1, 8), (8, 15), (6, 11), (1, 7), (9, 15), (5, 11), (1, 6), (10, 15), (5, 10), (1, 5), (11, 15), (5, 9), (1, 4), (11, 14), (6, 9), (1, 3), (11, 13), (7, 9), (2, 3), (12, 13), (8, 9), (3, 3), (13, 13), (9, 9), (4, 3), (13, 14), (9, 8), (5, 3), (13, 15), (9, 7), (5, 4), (14, 15), (9, 6), (5, 5), (15, 15), (9, 5), (4, 5), (16, 15), (10, 5), (3, 5), (17, 15), (11, 5), (3, 6), (17, 14), (12, 5), (3, 7), (17, 13), (13, 5), (4, 7), (16, 13), (14, 5), (5, 7), (15, 13), (15, 5), (6, 7), (15, 12), (15, 4), (7, 7), (15, 11), (15, 3), (7, 6)]",31,0,31
88,"(14, 11)","(15, 11)",West,"[(13, 11) via West]","[(14, 11):31, (15, 2):31, (16, 3):31, (7, 5):32, (15, 9):32]","[(15, 2):31, (16, 3):31, (7, 5):32, (15, 9):32, (13, 11):32]","[(1, 15), (1, 14), (2, 15), (1, 13), (3, 15), (1, 12), (4, 15), (1, 11), (5, 15), (2, 11), (5, 14), (3, 11), (5, 13), (3, 12), (3, 10), (6, 13), (3, 13), (3, 9), (7, 13), (2, 9), (7, 14), (7, 12), (1, 9), (7, 15), (7, 11), (1, 8), (8, 15), (6, 11), (1, 7), (9, 15), (5, 11), (1, 6), (10, 15), (5, 10), (1, 5), (11, 15), (5, 9), (1, 4), (11, 14), (6, 9), (1, 3), (11, 13), (7, 9), (2, 3), (12, 13), (8, 9), (3, 3), (13, 13), (9, 9), (4, 3), (13, 14), (9, 8), (5, 3), (13, 15), (9, 7), (5, 4), (14, 15), (9, 6), (5, 5), (15, 15), (9, 5), (4, 5), (16, 15), (10, 5), (3, 5), (17, 15), (11, 5), (3, 6), (17, 14), (12, 5), (3, 7), (17, 13), (13, 5), (4, 7), (16, 13), (14, 5), (5, 7), (15, 13), (15, 5), (6, 7), (15, 12), (15, 4), (7, 7), (15, 11), (15, 3), (7, 6), (15, 10)]",31,0,31
89,"(15, 2)","(15, 3)",South,"[(15, 1) via South]","[(15, 2):31, (16, 3):31, (7, 5):32, (15, 9):32, (13, 11):32]","[(16, 3):31, (7, 5):32, (15, 9):32, (13, 11):32, (15, 1):32]","[(1, 15), (1, 14), (2, 15), (1, 13), (3, 15), (1, 12), (4, 15), (1, 11), (5, 15), (2, 11), (5, 14), (3, 11), (5, 13), (3, 12), (3, 10), (6, 13), (3, 13), (3, 9), (7, 13), (2, 9), (7, 14), (7, 12), (1, 9), (7, 15), (7, 11), (1, 8), (8, 15), (6, 11), (1, 7), (9, 15), (5, 11), (1, 6), (10, 15), (5, 10), (1, 5), (11, 15), (5, 9), (1, 4), (11, 14), (6, 9), (1, 3), (11, 13), (7, 9), (2, 3), (12, 13), (8, 9), (3, 3), (13, 13), (9, 9), (4, 3), (13, 14), (9, 8), (5, 3), (13, 15), (9, 7), (5, 4), (14, 15), (9, 6), (5, 5), (15, 15), (9, 5), (4, 5), (16, 15), (10, 5), (3, 5), (17, 15), (11, 5), (3, 6), (17, 14), (12, 5), (3, 7), (17, 13), (13, 5), (4, 7), (16, 13), (14, 5), (5, 7), (15, 13), (15, 5), (6, 7), (15, 12), (15, 4), (7, 7), (15, 11), (15, 3), (7, 6), (15, 10), (14, 11)]",31,0,31
90,"(16, 3)","(15, 3)",East,"[(17, 3) via East]","[(16, 3):31, (7, 5):32, (15, 9):32, (13, 11):32, (15, 1):32]","[(7, 5):32, (15, 9):32, (13, 11):32, (15, 1):32, (17, 3):32]","[(1, 15), (1, 14), (2, 15), (1, 13), (3, 15), (1, 12), (4, 15), (1, 11), (5, 15), (2, 11), (5, 14), (3, 11), (5, 13), (3, 12), (3, 10), (6, 13), (3, 13), (3, 9), (7, 13), (2, 9), (7, 14), (7, 12), (1, 9), (7, 15), (7, 11), (1, 8), (8, 15), (6, 11), (1, 7), (9, 15), (5, 11), (1, 6), (10, 15), (5, 10), (1, 5), (11, 15), (5, 9), (1, 4), (11, 14), (6, 9), (1, 3), (11, 13), (7, 9), (2, 3), (12, 13), (8, 9), (3, 3), (13, 13), (9, 9), (4, 3), (13, 14), (9, 8), (5, 3), (13, 15), (9, 7), (5, 4), (14, 15), (9, 6), (5, 5), (15, 15), (9, 5), (4, 5), (16, 15), (10, 5), (3, 5), (17, 15), (11, 5), (3, 6), (17, 14), (12, 5), (3, 7), (17, 13), (13, 5), (4, 7), (16, 13), (14, 5), (5, 7), (15, 13), (15, 5), (6, 7), (15, 12), (15, 4), (7, 7), (15, 11), (15, 3), (7, 6), (15, 10), (14, 11), (15, 2)]",31,0,31
91,"(7, 5)","(7, 6)",South,"[(7, 4) via South]","[(7, 5):32, (15, 9):32, (13, 11):32, (15, 1):32, (17, 3):32]","[(15, 9):32, (13, 11):32, (15, 1):32, (17, 3):32, (7, 4):33]","[(1, 15), (1, 14), (2, 15), (1, 13), (3, 15), (1, 12), (4, 15), (1, 11), (5, 15), (2, 11), (5, 14), (3, 11), (5, 13), (3, 12), (3, 10), (6, 13), (3, 13), (3, 9), (7, 13), (2, 9), (7, 14), (7, 12), (1, 9), (7, 15), (7, 11), (1, 8), (8, 15), (6, 11), (1, 7), (9, 15), (5, 11), (1, 6), (10, 15), (5, 10), (1, 5), (11, 15), (5, 9), (1, 4), (11, 14), (6, 9), (1, 3), (11, 13), (7, 9), (2, 3), (12, 13), (8, 9), (3, 3), (13, 13), (9, 9), (4, 3), (13, 14), (9, 8), (5, 3), (13, 15), (9, 7), (5, 4), (14, 15), (9, 6), (5, 5), (15, 15), (9, 5), (4, 5), (16, 15), (10, 5), (3, 5), (17, 15), (11, 5), (3, 6), (17, 14), (12, 5), (3, 7), (17, 13), (13, 5), (4, 7), (16, 13), (14, 5), (5, 7), (15, 13), (15, 5), (6, 7), (15, 12), (15, 4), (7, 7), (15, 11), (15, 3), (7, 6), (15, 10), (14, 11), (15, 2), (16, 3)]",32,0,32
92,"(15, 9)","(15, 10)",South,"[(14, 9) via West]","[(15, 9):32, (13, 11):32, (15, 1):32, (17, 3):32, (7, 4):33]","[(13, 11):32, (15, 1):32, (17, 3):32, (7, 4):33, (14, 9):33]","[(1, 15), (1, 14), (2, 15), (1, 13), (3, 15), (1, 12), (4, 15), (1, 11), (5, 15), (2, 11), (5, 14), (3, 11), (5, 13), (3, 12), (3, 10), (6, 13), (3, 13), (3, 9), (7, 13), (2, 9), (7, 14), (7, 12), (1, 9), (7, 15), (7, 11), (1, 8), (8, 15), (6, 11), (1, 7), (9, 15), (5, 11), (1, 6), (10, 15), (5, 10), (1, 5), (11, 15), (5, 9), (1, 4), (11, 14), (6, 9), (1, 3), (11, 13), (7, 9), (2, 3), (12, 13), (8, 9), (3, 3), (13, 13), (9, 9), (4, 3), (13, 14), (9, 8), (5, 3), (13, 15), (9, 7), (5, 4), (14, 15), (9, 6), (5, 5), (15, 15), (9, 5), (4, 5), (16, 15), (10, 5), (3, 5), (17, 15), (11, 5), (3, 6), (17, 14), (12, 5), (3, 7), (17, 13), (13, 5), (4, 7), (16, 13), (14, 5), (5, 7), (15, 13), (15, 5), (6, 7), (15, 12), (15, 4), (7, 7), (15, 11), (15, 3), (7, 6), (15, 10), (14, 11), (15, 2), (16, 3), (7, 5)]",32,0,32
93,"(13, 11)","(14, 11)",West,"[(12, 11) via West]","[(13, 11):32, (15, 1):32, (17, 3):32, (7, 4):33, (14, 9):33]","[(15, 1):32, (17, 3):32, (7, 4):33, (14, 9):33, (12, 11):33]","[(1, 15), (1, 14), (2, 15), (1, 13), (3, 15), (1, 12), (4, 15), (1, 11), (5, 15), (2, 11), (5, 14), (3, 11), (5, 13), (3, 12), (3, 10), (6, 13), (3, 13), (3, 9), (7, 13), (2, 9), (7, 14), (7, 12), (1, 9), (7, 15), (7, 11), (1, 8), (8, 15), (6, 11), (1, 7), (9, 15), (5, 11), (1, 6), (10, 15), (5, 10), (1, 5), (11, 15), (5, 9), (1, 4), (11, 14), (6, 9), (1, 3), (11, 13), (7, 9), (2, 3), (12, 13), (8, 9), (3, 3), (13, 13), (9, 9), (4, 3), (13, 14), (9, 8), (5, 3), (13, 15), (9, 7), (5, 4), (14, 15), (9, 6), (5, 5), (15, 15), (9, 5), (4, 5), (16, 15), (10, 5), (3, 5), (17, 15), (11, 5), (3, 6), (17, 14), (12, 5), (3, 7), (17, 13), (13, 5), (4, 7), (16, 13), (14, 5), (5, 7), (15, 13), (15, 5), (6, 7), (15, 12), (15, 4), (7, 7), (15, 11), (15, 3), (7, 6), (15, 10), (14, 11), (15, 2), (16, 3), (7, 5), (15, 9)]",32,0,32
94,"(15, 1)","(15, 2)",South,"[(16, 1) via East]","[(15, 1):32, (17, 3):32, (7, 4):33, (14, 9):33, (12, 11):33]","[(17, 3):32, (7, 4):33, (14, 9):33, (12, 11):33, (16, 1):33]","[(1, 15), (1, 14), (2, 15), (1, 13), (3, 15), (1, 12), (4, 15), (1, 11), (5, 15), (2, 11), (5, 14), (3, 11), (5, 13), (3, 12), (3, 10), (6, 13), (3, 13), (3, 9), (7, 13), (2, 9), (7, 14), (7, 12), (1, 9), (7, 15), (7, 11), (1, 8), (8, 15), (6, 11), (1, 7), (9, 15), (5, 11), (1, 6), (10, 15), (5, 10), (1, 5), (11, 15), (5, 9), (1, 4), (11, 14), (6, 9), (1, 3), (11, 13), (7, 9), (2, 3), (12, 13), (8, 9), (3, 3), (13, 13), (9, 9), (4, 3), (13, 14), (9, 8), (5, 3), (13, 15), (9, 7), (5, 4), (14, 15), (9, 6), (5, 5), (15, 15), (9, 5), (4, 5), (16, 15), (10, 5), (3, 5), (17, 15), (11, 5), (3, 6), (17, 14), (12, 5), (3, 7), (17, 13), (13, 5), (4, 7), (16, 13), (14, 5), (5, 7), (15, 13), (15, 5), (6, 7), (15, 12), (15, 4), (7, 7), (15, 11), (15, 3), (7, 6), (15, 10), (14, 11), (15, 2), (16, 3), (7, 5), (15, 9), (13, 11)]",32,0,32
95,"(17, 3)","(16, 3)",East,"[(18, 3) via East]","[(17, 3):32, (7, 4):33, (14, 9):33, (12, 11):33, (16, 1):33]","[(7, 4):33, (14, 9):33, (12, 11):33, (16, 1):33, (18, 3):33]","[(1, 15), (1, 14), (2, 15), (1, 13), (3, 15), (1, 12), (4, 15), (1, 11), (5, 15), (2, 11), (5, 14), (3, 11), (5, 13), (3, 12), (3, 10), (6, 13), (3, 13), (3, 9), (7, 13), (2, 9), (7, 14), (7, 12), (1, 9), (7, 15), (7, 11), (1, 8), (8, 15), (6, 11), (1, 7), (9, 15), (5, 11), (1, 6), (10, 15), (5, 10), (1, 5), (11, 15), (5, 9), (1, 4), (11, 14), (6, 9), (1, 3), (11, 13), (7, 9), (2, 3), (12, 13), (8, 9), (3, 3), (13, 13), (9, 9), (4, 3), (13, 14), (9, 8), (5, 3), (13, 15), (9, 7), (5, 4), (14, 15), (9, 6), (5, 5), (15, 15), (9, 5), (4, 5), (16, 15), (10, 5), (3, 5), (17, 15), (11, 5), (3, 6), (17, 14), (12, 5), (3, 7), (17, 13), (13, 5), (4, 7), (16, 13), (14, 5), (5, 7), (15, 13), (15, 5), (6, 7), (15, 12), (15, 4), (7, 7), (15, 11), (15, 3), (7, 6), (15, 10), (14, 11), (15, 2), (16, 3), (7, 5), (15, 9), (13, 11), (15, 1)]",32,0,32
96,"(7, 4)","(7, 5)",South,"[(7, 3) via South]","[(7, 4):33, (14, 9):33, (12, 11):33, (16, 1):33, (18, 3):33]","[(14, 9):33, (12, 11):33, (16, 1):33, (18, 3):33, (7, 3):34]","[(1, 15), (1, 14), (2, 15), (1, 13), (3, 15), (1, 12), (4, 15), (1, 11), (5, 15), (2, 11), (5, 14), (3, 11), (5, 13), (3, 12), (3, 10), (6, 13), (3, 13), (3, 9), (7, 13), (2, 9), (7, 14), (7, 12), (1, 9), (7, 15), (7, 11), (1, 8), (8, 15), (6, 11), (1, 7), (9, 15), (5, 11), (1, 6), (10, 15), (5, 10), (1, 5), (11, 15), (5, 9), (1, 4), (11, 14), (6, 9), (1, 3), (11, 13), (7, 9), (2, 3), (12, 13), (8, 9), (3, 3), (13, 13), (9, 9), (4, 3), (13, 14), (9, 8), (5, 3), (13, 15), (9, 7), (5, 4), (14, 15), (9, 6), (5, 5), (15, 15), (9, 5), (4, 5), (16, 15), (10, 5), (3, 5), (17, 15), (11, 5), (3, 6), (17, 14), (12, 5), (3, 7), (17, 13), (13, 5), (4, 7), (16, 13), (14, 5), (5, 7), (15, 13), (15, 5), (6, 7), (15, 12), (15, 4), (7, 7), (15, 11), (15, 3), (7, 6), (15, 10), (14, 11), (15, 2), (16, 3), (7, 5), (15, 9), (13, 11), (15, 1), (17, 3)]",33,0,33
97,"(14, 9)","(15, 9)",West,"[(13, 9) via West]","[(14, 9):33, (12, 11):33, (16, 1):33, (18, 3):33, (7, 3):34]","[(12, 11):33, (16, 1):33, (18, 3):33, (7, 3):34, (13, 9):34]","[(1, 15), (1, 14), (2, 15), (1, 13), (3, 15), (1, 12), (4, 15), (1, 11), (5, 15), (2, 11), (5, 14), (3, 11), (5, 13), (3, 12), (3, 10), (6, 13), (3, 13), (3, 9), (7, 13), (2, 9), (7, 14), (7, 12), (1, 9), (7, 15), (7, 11), (1, 8), (8, 15), (6, 11), (1, 7), (9, 15), (5, 11), (1, 6), (10, 15), (5, 10), (1, 5), (11, 15), (5, 9), (1, 4), (11, 14), (6, 9), (1, 3), (11, 13), (7, 9), (2, 3), (12, 13), (8, 9), (3, 3), (13, 13), (9, 9), (4, 3), (13, 14), (9, 8), (5, 3), (13, 15), (9, 7), (5, 4), (14, 15), (9, 6), (5, 5), (15, 15), (9, 5), (4, 5), (16, 15), (10, 5), (3, 5), (17, 15), (11, 5), (3, 6), (17, 14), (12, 5), (3, 7), (17, 13), (13, 5), (4, 7), (16, 13), (14, 5), (5, 7), (15, 13), (15, 5), (6, 7), (15, 12), (15, 4), (7, 7), (15, 11), (15, 3), (7, 6), (15, 10), (14, 11), (15, 2), (16, 3), (7, 5), (15, 9), (13, 11), (15, 1), (17, 3), (7, 4)]",33,0,33
98,"(12, 11)","(13, 11)",West,"[(11, 11) via West]","[(12, 11):33, (16, 1):33, (18, 3):33, (7, 3):34, (13, 9):34]","[(16, 1):33, (18, 3):33, (7, 3):34, (13, 9):34, (11, 11):34]","[(1, 15), (1, 14), (2, 15), (1, 13), (3, 15), (1, 12), (4, 15), (1, 11), (5, 15), (2, 11), (5, 14), (3, 11), (5, 13), (3, 12), (3, 10), (6, 13), (3, 13), (3, 9), (7, 13), (2, 9), (7, 14), (7, 12), (1, 9), (7, 15), (7, 11), (1, 8), (8, 15), (6, 11), (1, 7), (9, 15), (5, 11), (1, 6), (10, 15), (5, 10), (1, 5), (11, 15), (5, 9), (1, 4), (11, 14), (6, 9), (1, 3), (11, 13), (7, 9), (2, 3), (12, 13), (8, 9), (3, 3), (13, 13), (9, 9), (4, 3), (13, 14), (9, 8), (5, 3), (13, 15), (9, 7), (5, 4), (14, 15), (9, 6), (5, 5), (15, 15), (9, 5), (4, 5), (16, 15), (10, 5), (3, 5), (17, 15), (11, 5), (3, 6), (17, 14), (12, 5), (3, 7), (17, 13), (13, 5), (4, 7), (16, 13), (14, 5), (5, 7), (15, 13), (15, 5), (6, 7), (15, 12), (15, 4), (7, 7), (15, 11), (15, 3), (7, 6), (15, 10), (14, 11), (15, 2), (16, 3), (7, 5), (15, 9), (13, 11), (15, 1), (17, 3), (7, 4), (14, 9)]",33,0,33
99,"(16, 1)","(15, 1)",East,"[(17, 1) via East]","[(16, 1):33, (18, 3):33, (7, 3):34, (13, 9):34, (11, 11):34]","[(18, 3):33, (7, 3):34, (13, 9):34, (11, 11):34, (17, 1):34]","[(1, 15), (1, 14), (2, 15), (1, 13), (3, 15), (1, 12), (4, 15), (1, 11), (5, 15), (2, 11), (5, 14), (3, 11), (5, 13), (3, 12), (3, 10), (6, 13), (3, 13), (3, 9), (7, 13), (2, 9), (7, 14), (7, 12), (1, 9), (7, 15), (7, 11), (1, 8), (8, 15), (6, 11), (1, 7), (9, 15), (5, 11), (1, 6), (10, 15), (5, 10), (1, 5), (11, 15), (5, 9), (1, 4), (11, 14), (6, 9), (1, 3), (11, 13), (7, 9), (2, 3), (12, 13), (8, 9), (3, 3), (13, 13), (9, 9), (4, 3), (13, 14), (9, 8), (5, 3), (13, 15), (9, 7), (5, 4), (14, 15), (9, 6), (5, 5), (15, 15), (9, 5), (4, 5), (16, 15), (10, 5), (3, 5), (17, 15), (11, 5), (3, 6), (17, 14), (12, 5), (3, 7), (17, 13), (13, 5), (4, 7), (16, 13), (14, 5), (5, 7), (15, 13), (15, 5), (6, 7), (15, 12), (15, 4), (7, 7), (15, 11), (15, 3), (7, 6), (15, 10), (14, 11), (15, 2), (16, 3), (7, 5), (15, 9), (13, 11), (15, 1), (17, 3), (7, 4), (14, 9), (12, 11)]",33,0,33
100,"(18, 3)","(17, 3)",East,"[(19, 3) via East]","[(18, 3):33, (7, 3):34, (13, 9):34, (11, 11):34, (17, 1):34]","[(7, 3):34, (13, 9):34, (11, 11):34, (17, 1):34, (19, 3):34]","[(1, 15), (1, 14), (2, 15), (1, 13), (3, 15), (1, 12), (4, 15), (1, 11), (5, 15), (2, 11), (5, 14), (3, 11), (5, 13), (3, 12), (3, 10), (6, 13), (3, 13), (3, 9), (7, 13), (2, 9), (7, 14), (7, 12), (1, 9), (7, 15), (7, 11), (1, 8), (8, 15), (6, 11), (1, 7), (9, 15), (5, 11), (1, 6), (10, 15), (5, 10), (1, 5), (11, 15), (5, 9), (1, 4), (11, 14), (6, 9), (1, 3), (11, 13), (7, 9), (2, 3), (12, 13), (8, 9), (3, 3), (13, 13), (9, 9), (4, 3), (13, 14), (9, 8), (5, 3), (13, 15), (9, 7), (5, 4), (14, 15), (9, 6), (5, 5), (15, 15), (9, 5), (4, 5), (16, 15), (10, 5), (3, 5), (17, 15), (11, 5), (3, 6), (17, 14), (12, 5), (3, 7), (17, 13), (13, 5), (4, 7), (16, 13), (14, 5), (5, 7), (15, 13), (15, 5), (6, 7), (15, 12), (15, 4), (7, 7), (15, 11), (15, 3), (7, 6), (15, 10), (14, 11), (15, 2), (16, 3), (7, 5), (15, 9), (13, 11), (15, 1), (17, 3), (7, 4), (14, 9), (12, 11), (16, 1)]",33,0,33
101,"(7, 3)","(7, 4)",South,"[(8, 3) via East]","[(7, 3):34, (13, 9):34, (11, 11):34, (17, 1):34, (19, 3):34]","[(13, 9):34, (11, 11):34, (17, 1):34, (19, 3):34, (8, 3):35]","[(1, 15), (1, 14), (2, 15), (1, 13), (3, 15), (1, 12), (4, 15), (1, 11), (5, 15), (2, 11), (5, 14), (3, 11), (5, 13), (3, 12), (3, 10), (6, 13), (3, 13), (3, 9), (7, 13), (2, 9), (7, 14), (7, 12), (1, 9), (7, 15), (7, 11), (1, 8), (8, 15), (6, 11), (1, 7), (9, 15), (5, 11), (1, 6), (10, 15), (5, 10), (1, 5), (11, 15), (5, 9), (1, 4), (11, 14), (6, 9), (1, 3), (11, 13), (7, 9), (2, 3), (12, 13), (8, 9), (3, 3), (13, 13), (9, 9), (4, 3), (13, 14), (9, 8), (5, 3), (13, 15), (9, 7), (5, 4), (14, 15), (9, 6), (5, 5), (15, 15), (9, 5), (4, 5), (16, 15), (10, 5), (3, 5), (17, 15), (11, 5), (3, 6), (17, 14), (12, 5), (3, 7), (17, 13), (13, 5), (4, 7), (16, 13), (14, 5), (5, 7), (15, 13), (15, 5), (6, 7), (15, 12), (15, 4), (7, 7), (15, 11), (15, 3), (7, 6), (15, 10), (14, 11), (15, 2), (16, 3), (7, 5), (15, 9), (13, 11), (15, 1), (17, 3), (7, 4), (14, 9), (12, 11), (16, 1), (18, 3)]",34,0,34
102,"(13, 9)","(14, 9)",West,"[(12, 9) via West]","[(13, 9):34, (11, 11):34, (17, 1):34, (19, 3):34, (8, 3):35]","[(11, 11):34, (17, 1):34, (19, 3):34, (8, 3):35, (12, 9):35]","[(1, 15), (1, 14), (2, 15), (1, 13), (3, 15), (1, 12), (4, 15), (1, 11), (5, 15), (2, 11), (5, 14), (3, 11), (5, 13), (3, 12), (3, 10), (6, 13), (3, 13), (3, 9), (7, 13), (2, 9), (7, 14), (7, 12), (1, 9), (7, 15), (7, 11), (1, 8), (8, 15), (6, 11), (1, 7), (9, 15), (5, 11), (1, 6), (10, 15), (5, 10), (1, 5), (11, 15), (5, 9), (1, 4), (11, 14), (6, 9), (1, 3), (11, 13), (7, 9), (2, 3), (12, 13), (8, 9), (3, 3), (13, 13), (9, 9), (4, 3), (13, 14), (9, 8), (5, 3), (13, 15), (9, 7), (5, 4), (14, 15), (9, 6), (5, 5), (15, 15), (9, 5), (4, 5), (16, 15), (10, 5), (3, 5), (17, 15), (11, 5), (3, 6), (17, 14), (12, 5), (3, 7), (17, 13), (13, 5), (4, 7), (16, 13), (14, 5), (5, 7), (15, 13), (15, 5), (6, 7), (15, 12), (15, 4), (7, 7), (15, 11), (15, 3), (7, 6), (15, 10), (14, 11), (15, 2), (16, 3), (7, 5), (15, 9), (13, 11), (15, 1), (17, 3), (7, 4), (14, 9), (12, 11), (16, 1), (18, 3), (7, 3)]",34,0,34
103,"(11, 11)","(12, 11)",West,"[(10, 11) via West]","[(11, 11):34, (17, 1):34, (19, 3):34, (8, 3):35, (12, 9):35]","[(17, 1):34, (19, 3):34, (8, 3):35, (12, 9):35, (10, 11):35]","[(1, 15), (1, 14), (2, 15), (1, 13), (3, 15), (1, 12), (4, 15), (1, 11), (5, 15), (2, 11), (5, 14), (3, 11), (5, 13), (3, 12), (3, 10), (6, 13), (3, 13), (3, 9), (7, 13), (2, 9), (7, 14), (7, 12), (1, 9), (7, 15), (7, 11), (1, 8), (8, 15), (6, 11), (1, 7), (9, 15), (5, 11), (1, 6), (10, 15), (5, 10), (1, 5), (11, 15), (5, 9), (1, 4), (11, 14), (6, 9), (1, 3), (11, 13), (7, 9), (2, 3), (12, 13), (8, 9), (3, 3), (13, 13), (9, 9), (4, 3), (13, 14), (9, 8), (5, 3), (13, 15), (9, 7), (5, 4), (14, 15), (9, 6), (5, 5), (15, 15), (9, 5), (4, 5), (16, 15), (10, 5), (3, 5), (17, 15), (11, 5), (3, 6), (17, 14), (12, 5), (3, 7), (17, 13), (13, 5), (4, 7), (16, 13), (14, 5), (5, 7), (15, 13), (15, 5), (6, 7), (15, 12), (15, 4), (7, 7), (15, 11), (15, 3), (7, 6), (15, 10), (14, 11), (15, 2), (16, 3), (7, 5), (15, 9), (13, 11), (15, 1), (17, 3), (7, 4), (14, 9), (12, 11), (16, 1), (18, 3), (7, 3), (13, 9)]",34,0,34
104,"(17, 1)","(16, 1)",East,"[(18, 1) via East]","[(17, 1):34, (19, 3):34, (8, 3):35, (12, 9):35, (10, 11):35]","[(19, 3):34, (8, 3):35, (12, 9):35, (10, 11):35, (18, 1):35]","[(1, 15), (1, 14), (2, 15), (1, 13), (3, 15), (1, 12), (4, 15), (1, 11), (5, 15), (2, 11), (5, 14), (3, 11), (5, 13), (3, 12), (3, 10), (6, 13), (3, 13), (3, 9), (7, 13), (2, 9), (7, 14), (7, 12), (1, 9), (7, 15), (7, 11), (1, 8), (8, 15), (6, 11), (1, 7), (9, 15), (5, 11), (1, 6), (10, 15), (5, 10), (1, 5), (11, 15), (5, 9), (1, 4), (11, 14), (6, 9), (1, 3), (11, 13), (7, 9), (2, 3), (12, 13), (8, 9), (3, 3), (13, 13), (9, 9), (4, 3), (13, 14), (9, 8), (5, 3), (13, 15), (9, 7), (5, 4), (14, 15), (9, 6), (5, 5), (15, 15), (9, 5), (4, 5), (16, 15), (10, 5), (3, 5), (17, 15), (11, 5), (3, 6), (17, 14), (12, 5), (3, 7), (17, 13), (13, 5), (4, 7), (16, 13), (14, 5), (5, 7), (15, 13), (15, 5), (6, 7), (15, 12), (15, 4), (7, 7), (15, 11), (15, 3), (7, 6), (15, 10), (14, 11), (15, 2), (16, 3), (7, 5), (15, 9), (13, 11), (15, 1), (17, 3), (7, 4), (14, 9), (12, 11), (16, 1), (18, 3), (7, 3), (13, 9), (11, 11)]",34,0,34
105,"(19, 3)","(18, 3)",East,"[(20, 3) via East]","[(19, 3):34, (8, 3):35, (12, 9):35, (10, 11):35, (18, 1):35]","[(8, 3):35, (12, 9):35, (10, 11):35, (18, 1):35, (20, 3):35]","[(1, 15), (1, 14), (2, 15), (1, 13), (3, 15), (1, 12), (4, 15), (1, 11), (5, 15), (2, 11), (5, 14), (3, 11), (5, 13), (3, 12), (3, 10), (6, 13), (3, 13), (3, 9), (7, 13), (2, 9), (7, 14), (7, 12), (1, 9), (7, 15), (7, 11), (1, 8), (8, 15), (6, 11), (1, 7), (9, 15), (5, 11), (1, 6), (10, 15), (5, 10), (1, 5), (11, 15), (5, 9), (1, 4), (11, 14), (6, 9), (1, 3), (11, 13), (7, 9), (2, 3), (12, 13), (8, 9), (3, 3), (13, 13), (9, 9), (4, 3), (13, 14), (9, 8), (5, 3), (13, 15), (9, 7), (5, 4), (14, 15), (9, 6), (5, 5), (15, 15), (9, 5), (4, 5), (16, 15), (10, 5), (3, 5), (17, 15), (11, 5), (3, 6), (17, 14), (12, 5), (3, 7), (17, 13), (13, 5), (4, 7), (16, 13), (14, 5), (5, 7), (15, 13), (15, 5), (6, 7), (15, 12), (15, 4), (7, 7), (15, 11), (15, 3), (7, 6), (15, 10), (14, 11), (15, 2), (16, 3), (7, 5), (15, 9), (13, 11), (15, 1), (17, 3), (7, 4), (14, 9), (12, 11), (16, 1), (18, 3), (7, 3), (13, 9), (11, 11), (17, 1)]",34,0,34
106,"(8, 3)","(7, 3)",East,"[(9, 3) via East]","[(8, 3):35, (12, 9):35, (10, 11):35, (18, 1):35, (20, 3):35]","[(12, 9):35, (10, 11):35, (18, 1):35, (20, 3):35, (9, 3):36]","[(1, 15), (1, 14), (2, 15), (1, 13), (3, 15), (1, 12), (4, 15), (1, 11), (5, 15), (2, 11), (5, 14), (3, 11), (5, 13), (3, 12), (3, 10), (6, 13), (3, 13), (3, 9), (7, 13), (2, 9), (7, 14), (7, 12), (1, 9), (7, 15), (7, 11), (1, 8), (8, 15), (6, 11), (1, 7), (9, 15), (5, 11), (1, 6), (10, 15), (5, 10), (1, 5), (11, 15), (5, 9), (1, 4), (11, 14), (6, 9), (1, 3), (11, 13), (7, 9), (2, 3), (12, 13), (8, 9), (3, 3), (13, 13), (9, 9), (4, 3), (13, 14), (9, 8), (5, 3), (13, 15), (9, 7), (5, 4), (14, 15), (9, 6), (5, 5), (15, 15), (9, 5), (4, 5), (16, 15), (10, 5), (3, 5), (17, 15), (11, 5), (3, 6), (17, 14), (12, 5), (3, 7), (17, 13), (13, 5), (4, 7), (16, 13), (14, 5), (5, 7), (15, 13), (15, 5), (6, 7), (15, 12), (15, 4), (7, 7), (15, 11), (15, 3), (7, 6), (15, 10), (14, 11), (15, 2), (16, 3), (7, 5), (15, 9), (13, 11), (15, 1), (17, 3), (7, 4), (14, 9), (12, 11), (16, 1), (18, 3), (7, 3), (13, 9), (11, 11), (17, 1), (19, 3)]",35,0,35
107,"(12, 9)","(13, 9)",West,"[(11, 9) via West]","[(12, 9):35, (10, 11):35, (18, 1):35, (20, 3):35, (9, 3):36]","[(10, 11):35, (18, 1):35, (20, 3):35, (9, 3):36, (11, 9):36]","[(1, 15), (1, 14), (2, 15), (1, 13), (3, 15), (1, 12), (4, 15), (1, 11), (5, 15), (2, 11), (5, 14), (3, 11), (5, 13), (3, 12), (3, 10), (6, 13), (3, 13), (3, 9), (7, 13), (2, 9), (7, 14), (7, 12), (1, 9), (7, 15), (7, 11), (1, 8), (8, 15), (6, 11), (1, 7), (9, 15), (5, 11), (1, 6), (10, 15), (5, 10), (1, 5), (11, 15), (5, 9), (1, 4), (11, 14), (6, 9), (1, 3), (11, 13), (7, 9), (2, 3), (12, 13), (8, 9), (3, 3), (13, 13), (9, 9), (4, 3), (13, 14), (9, 8), (5, 3), (13, 15), (9, 7), (5, 4), (14, 15), (9, 6), (5, 5), (15, 15), (9, 5), (4, 5), (16, 15), (10, 5), (3, 5), (17, 15), (11, 5), (3, 6), (17, 14), (12, 5), (3, 7), (17, 13), (13, 5), (4, 7), (16, 13), (14, 5), (5, 7), (15, 13), (15, 5), (6, 7), (15, 12), (15, 4), (7, 7), (15, 11), (15, 3), (7, 6), (15, 10), (14, 11), (15, 2), (16, 3), (7, 5), (15, 9), (13, 11), (15, 1), (17, 3), (7, 4), (14, 9), (12, 11), (16, 1), (18, 3), (7, 3), (13, 9), (11, 11), (17, 1), (19, 3), (8, 3)]",35,0,35
108,"(10, 11)","(11, 11)",West,"[(9, 11) via West]","[(10, 11):35, (18, 1):35, (20, 3):35, (9, 3):36, (11, 9):36]","[(18, 1):35, (20, 3):35, (9, 3):36, (11, 9):36, (9, 11):36]","[(1, 15), (1, 14), (2, 15), (1, 13), (3, 15), (1, 12), (4, 15), (1, 11), (5, 15), (2, 11), (5, 14), (3, 11), (5, 13), (3, 12), (3, 10), (6, 13), (3, 13), (3, 9), (7, 13), (2, 9), (7, 14), (7, 12), (1, 9), (7, 15), (7, 11), (1, 8), (8, 15), (6, 11), (1, 7), (9, 15), (5, 11), (1, 6), (10, 15), (5, 10), (1, 5), (11, 15), (5, 9), (1, 4), (11, 14), (6, 9), (1, 3), (11, 13), (7, 9), (2, 3), (12, 13), (8, 9), (3, 3), (13, 13), (9, 9), (4, 3), (13, 14), (9, 8), (5, 3), (13, 15), (9, 7), (5, 4), (14, 15), (9, 6), (5, 5), (15, 15), (9, 5), (4, 5), (16, 15), (10, 5), (3, 5), (17, 15), (11, 5), (3, 6), (17, 14), (12, 5), (3, 7), (17, 13), (13, 5), (4, 7), (16, 13), (14, 5), (5, 7), (15, 13), (15, 5), (6, 7), (15, 12), (15, 4), (7, 7), (15, 11), (15, 3), (7, 6), (15, 10), (14, 11), (15, 2), (16, 3), (7, 5), (15, 9), (13, 11), (15, 1), (17, 3), (7, 4), (14, 9), (12, 11), (16, 1), (18, 3), (7, 3), (13, 9), (11, 11), (17, 1), (19, 3), (8, 3), (12, 9)]",35,0,35
109,"(18, 1)","(17, 1)",East,"[(19, 1) via East]","[(18, 1):35, (20, 3):35, (9, 3):36, (11, 9):36, (9, 11):36]","[(20, 3):35, (9, 3):36, (11, 9):36, (9, 11):36, (19, 1):36]","[(1, 15), (1, 14), (2, 15), (1, 13), (3, 15), (1, 12), (4, 15), (1, 11), (5, 15), (2, 11), (5, 14), (3, 11), (5, 13), (3, 12), (3, 10), (6, 13), (3, 13), (3, 9), (7, 13), (2, 9), (7, 14), (7, 12), (1, 9), (7, 15), (7, 11), (1, 8), (8, 15), (6, 11), (1, 7), (9, 15), (5, 11), (1, 6), (10, 15), (5, 10), (1, 5), (11, 15), (5, 9), (1, 4), (11, 14), (6, 9), (1, 3), (11, 13), (7, 9), (2, 3), (12, 13), (8, 9), (3, 3), (13, 13), (9, 9), (4, 3), (13, 14), (9, 8), (5, 3), (13, 15), (9, 7), (5, 4), (14, 15), (9, 6), (5, 5), (15, 15), (9, 5), (4, 5), (16, 15), (10, 5), (3, 5), (17, 15), (11, 5), (3, 6), (17, 14), (12, 5), (3, 7), (17, 13), (13, 5), (4, 7), (16, 13), (14, 5), (5, 7), (15, 13), (15, 5), (6, 7), (15, 12), (15, 4), (7, 7), (15, 11), (15, 3), (7, 6), (15, 10), (14, 11), (15, 2), (16, 3), (7, 5), (15, 9), (13, 11), (15, 1), (17, 3), (7, 4), (14, 9), (12, 11), (16, 1), (18, 3), (7, 3), (13, 9), (11, 11), (17, 1), (19, 3), (8, 3), (12, 9), (10, 11)]",35,0,35
110,"(20, 3)","(19, 3)",East,"[(21, 3) via East]","[(20, 3):35, (9, 3):36, (11, 9):36, (9, 11):36, (19, 1):36]","[(9, 3):36, (11, 9):36, (9, 11):36, (19, 1):36, (21, 3):36]","[(1, 15), (1, 14), (2, 15), (1, 13), (3, 15), (1, 12), (4, 15), (1, 11), (5, 15), (2, 11), (5, 14), (3, 11), (5, 13), (3, 12), (3, 10), (6, 13), (3, 13), (3, 9), (7, 13), (2, 9), (7, 14), (7, 12), (1, 9), (7, 15), (7, 11), (1, 8), (8, 15), (6, 11), (1, 7), (9, 15), (5, 11), (1, 6), (10, 15), (5, 10), (1, 5), (11, 15), (5, 9), (1, 4), (11, 14), (6, 9), (1, 3), (11, 13), (7, 9), (2, 3), (12, 13), (8, 9), (3, 3), (13, 13), (9, 9), (4, 3), (13, 14), (9, 8), (5, 3), (13, 15), (9, 7), (5, 4), (14, 15), (9, 6), (5, 5), (15, 15), (9, 5), (4, 5), (16, 15), (10, 5), (3, 5), (17, 15), (11, 5), (3, 6), (17, 14), (12, 5), (3, 7), (17, 13), (13, 5), (4, 7), (16, 13), (14, 5), (5, 7), (15, 13), (15, 5), (6, 7), (15, 12), (15, 4), (7, 7), (15, 11), (15, 3), (7, 6), (15, 10), (14, 11), (15, 2), (16, 3), (7, 5), (15, 9), (13, 11), (15, 1), (17, 3), (7, 4), (14, 9), (12, 11), (16, 1), (18, 3), (7, 3), (13, 9), (11, 11), (17, 1), (19, 3), (8, 3), (12, 9), (10, 11), (18, 1)]",35,0,35
111,"(9, 3)","(8, 3)",East,"[(10, 3) via East]","[(9, 3):36, (11, 9):36, (9, 11):36, (19, 1):36, (21, 3):36]","[(11, 9):36, (9, 11):36, (19, 1):36, (21, 3):36, (10, 3):37]","[(1, 15), (1, 14), (2, 15), (1, 13), (3, 15), (1, 12), (4, 15), (1, 11), (5, 15), (2, 11), (5, 14), (3, 11), (5, 13), (3, 12), (3, 10), (6, 13), (3, 13), (3, 9), (7, 13), (2, 9), (7, 14), (7, 12), (1, 9), (7, 15), (7, 11), (1, 8), (8, 15), (6, 11), (1, 7), (9, 15), (5, 11), (1, 6), (10, 15), (5, 10), (1, 5), (11, 15), (5, 9), (1, 4), (11, 14), (6, 9), (1, 3), (11, 13), (7, 9), (2, 3), (12, 13), (8, 9), (3, 3), (13, 13), (9, 9), (4, 3), (13, 14), (9, 8), (5, 3), (13, 15), (9, 7), (5, 4), (14, 15), (9, 6), (5, 5), (15, 15), (9, 5), (4, 5), (16, 15), (10, 5), (3, 5), (17, 15), (11, 5), (3, 6), (17, 14), (12, 5), (3, 7), (17, 13), (13, 5), (4, 7), (16, 13), (14, 5), (5, 7), (15, 13), (15, 5), (6, 7), (15, 12), (15, 4), (7, 7), (15, 11), (15, 3), (7, 6), (15, 10), (14, 11), (15, 2), (16, 3), (7, 5), (15, 9), (13, 11), (15, 1), (17, 3), (7, 4), (14, 9), (12, 11), (16, 1), (18, 3), (7, 3), (13, 9), (11, 11), (17, 1), (19, 3), (8, 3), (12, 9), (10, 11), (18, 1), (20, 3)]",36,0,36
112,"(11, 9)","(12, 9)",West,"[(11, 8) via South]","[(11, 9):36, (9, 11):36, (19, 1):36, (21, 3):36, (10, 3):37]","[(9, 11):36, (19, 1):36, (21, 3):36, (10, 3):37, (11, 8):37]","[(1, 15), (1, 14), (2, 15), (1, 13), (3, 15), (1, 12), (4, 15), (1, 11), (5, 15), (2, 11), (5, 14), (3, 11), (5, 13), (3, 12), (3, 10), (6, 13), (3, 13), (3, 9), (7, 13), (2, 9), (7, 14), (7, 12), (1, 9), (7, 15), (7, 11), (1, 8), (8, 15), (6, 11), (1, 7), (9, 15), (5, 11), (1, 6), (10, 15), (5, 10), (1, 5), (11, 15), (5, 9), (1, 4), (11, 14), (6, 9), (1, 3), (11, 13), (7, 9), (2, 3), (12, 13), (8, 9), (3, 3), (13, 13), (9, 9), (4, 3), (13, 14), (9, 8), (5, 3), (13, 15), (9, 7), (5, 4), (14, 15), (9, 6), (5, 5), (15, 15), (9, 5), (4, 5), (16, 15), (10, 5), (3, 5), (17, 15), (11, 5), (3, 6), (17, 14), (12, 5), (3, 7), (17, 13), (13, 5), (4, 7), (16, 13), (14, 5), (5, 7), (15, 13), (15, 5), (6, 7), (15, 12), (15, 4), (7, 7), (15, 11), (15, 3), (7, 6), (15, 10), (14, 11), (15, 2), (16, 3), (7, 5), (15, 9), (13, 11), (15, 1), (17, 3), (7, 4), (14, 9), (12, 11), (16, 1), (18, 3), (7, 3), (13, 9), (11, 11), (17, 1), (19, 3), (8, 3), (12, 9), (10, 11), (18, 1), (20, 3), (9, 3)]",36,0,36
113,"(9, 11)","(10, 11)",West,"[(9, 12) via North]","[(9, 11):36, (19, 1):36, (21, 3):36, (10, 3):37, (11, 8):37]","[(19, 1):36, (21, 3):36, (10, 3):37, (11, 8):37, (9, 12):37]","[(1, 15), (1, 14), (2, 15), (1, 13), (3, 15), (1, 12), (4, 15), (1, 11), (5, 15), (2, 11), (5, 14), (3, 11), (5, 13), (3, 12), (3, 10), (6, 13), (3, 13), (3, 9), (7, 13), (2, 9), (7, 14), (7, 12), (1, 9), (7, 15), (7, 11), (1, 8), (8, 15), (6, 11), (1, 7), (9, 15), (5, 11), (1, 6), (10, 15), (5, 10), (1, 5), (11, 15), (5, 9), (1, 4), (11, 14), (6, 9), (1, 3), (11, 13), (7, 9), (2, 3), (12, 13), (8, 9), (3, 3), (13, 13), (9, 9), (4, 3), (13, 14), (9, 8), (5, 3), (13, 15), (9, 7), (5, 4), (14, 15), (9, 6), (5, 5), (15, 15), (9, 5), (4, 5), (16, 15), (10, 5), (3, 5), (17, 15), (11, 5), (3, 6), (17, 14), (12, 5), (3, 7), (17, 13), (13, 5), (4, 7), (16, 13), (14, 5), (5, 7), (15, 13), (15, 5), (6, 7), (15, 12), (15, 4), (7, 7), (15, 11), (15, 3), (7, 6), (15, 10), (14, 11), (15, 2), (16, 3), (7, 5), (15, 9), (13, 11), (15, 1), (17, 3), (7, 4), (14, 9), (12, 11), (16, 1), (18, 3), (7, 3), (13, 9), (11, 11), (17, 1), (19, 3), (8, 3), (12, 9), (10, 11), (18, 1), (20, 3), (9, 3), (11, 9)]",36,0,36
114,"(19, 1)","(18, 1)",East,"[(20, 1) via East]","[(19, 1):36, (21, 3):36, (10, 3):37, (11, 8):37, (9, 12):37]","[(21, 3):36, (10, 3):37, (11, 8):37, (9, 12):37, (20, 1):37]","[(1, 15), (1, 14), (2, 15), (1, 13), (3, 15), (1, 12), (4, 15), (1, 11), (5, 15), (2, 11), (5, 14), (3, 11), (5, 13), (3, 12), (3, 10), (6, 13), (3, 13), (3, 9), (7, 13), (2, 9), (7, 14), (7, 12), (1, 9), (7, 15), (7, 11), (1, 8), (8, 15), (6, 11), (1, 7), (9, 15), (5, 11), (1, 6), (10, 15), (5, 10), (1, 5), (11, 15), (5, 9), (1, 4), (11, 14), (6, 9), (1, 3), (11, 13), (7, 9), (2, 3), (12, 13), (8, 9), (3, 3), (13, 13), (9, 9), (4, 3), (13, 14), (9, 8), (5, 3), (13, 15), (9, 7), (5, 4), (14, 15), (9, 6), (5, 5), (15, 15), (9, 5), (4, 5), (16, 15), (10, 5), (3, 5), (17, 15), (11, 5), (3, 6), (17, 14), (12, 5), (3, 7), (17, 13), (13, 5), (4, 7), (16, 13), (14, 5), (5, 7), (15, 13), (15, 5), (6, 7), (15, 12), (15, 4), (7, 7), (15, 11), (15, 3), (7, 6), (15, 10), (14, 11), (15, 2), (16, 3), (7, 5), (15, 9), (13, 11), (15, 1), (17, 3), (7, 4), (14, 9), (12, 11), (16, 1), (18, 3), (7, 3), (13, 9), (11, 11), (17, 1), (19, 3), (8, 3), (12, 9), (10, 11), (18, 1), (20, 3), (9, 3), (11, 9), (9, 11)]",36,0,36
115,"(21, 3)","(20, 3)",East,[],"[(21, 3):36, (10, 3):37, (11, 8):37, (9, 12):37, (20, 1):37]","[(10, 3):37, (11, 8):37, (9, 12):37, (20, 1):37]","[(1, 15), (1, 14), (2, 15), (1, 13), (3, 15), (1, 12), (4, 15), (1, 11), (5, 15), (2, 11), (5, 14), (3, 11), (5, 13), (3, 12), (3, 10), (6, 13), (3, 13), (3, 9), (7, 13), (2, 9), (7, 14), (7, 12), (1, 9), (7, 15), (7, 11), (1, 8), (8, 15), (6, 11), (1, 7), (9, 15), (5, 11), (1, 6), (10, 15), (5, 10), (1, 5), (11, 15), (5, 9), (1, 4), (11, 14), (6, 9), (1, 3), (11, 13), (7, 9), (2, 3), (12, 13), (8, 9), (3, 3), (13, 13), (9, 9), (4, 3), (13, 14), (9, 8), (5, 3), (13, 15), (9, 7), (5, 4), (14, 15), (9, 6), (5, 5), (15, 15), (9, 5), (4, 5), (16, 15), (10, 5), (3, 5), (17, 15), (11, 5), (3, 6), (17, 14), (12, 5), (3, 7), (17, 13), (13, 5), (4, 7), (16, 13), (14, 5), (5, 7), (15, 13), (15, 5), (6, 7), (15, 12), (15, 4), (7, 7), (15, 11), (15, 3), (7, 6), (15, 10), (14, 11), (15, 2), (16, 3), (7, 5), (15, 9), (13, 11), (15, 1), (17, 3), (7, 4), (14, 9), (12, 11), (16, 1), (18, 3), (7, 3), (13, 9), (11, 11), (17, 1), (19, 3), (8, 3), (12, 9), (10, 11), (18, 1), (20, 3), (9, 3), (11, 9), (9, 11), (19, 1)]",36,0,36
116,"(10, 3)","(9, 3)",East,"[(11, 3) via East]","[(10, 3):37, (11, 8):37, (9, 12):37, (20, 1):37]","[(11, 8):37, (9, 12):37, (20, 1):37, (11, 3):38]","[(1, 15), (1, 14), (2, 15), (1, 13), (3, 15), (1, 12), (4, 15), (1, 11), (5, 15), (2, 11), (5, 14), (3, 11), (5, 13), (3, 12), (3, 10), (6, 13), (3, 13), (3, 9), (7, 13), (2, 9), (7, 14), (7, 12), (1, 9), (7, 15), (7, 11), (1, 8), (8, 15), (6, 11), (1, 7), (9, 15), (5, 11), (1, 6), (10, 15), (5, 10), (1, 5), (11, 15), (5, 9), (1, 4), (11, 14), (6, 9), (1, 3), (11, 13), (7, 9), (2, 3), (12, 13), (8, 9), (3, 3), (13, 13), (9, 9), (4, 3), (13, 14), (9, 8), (5, 3), (13, 15), (9, 7), (5, 4), (14, 15), (9, 6), (5, 5), (15, 15), (9, 5), (4, 5), (16, 15), (10, 5), (3, 5), (17, 15), (11, 5), (3, 6), (17, 14), (12, 5), (3, 7), (17, 13), (13, 5), (4, 7), (16, 13), (14, 5), (5, 7), (15, 13), (15, 5), (6, 7), (15, 12), (15, 4), (7, 7), (15, 11), (15, 3), (7, 6), (15, 10), (14, 11), (15, 2), (16, 3), (7, 5), (15, 9), (13, 11), (15, 1), (17, 3), (7, 4), (14, 9), (12, 11), (16, 1), (18, 3), (7, 3), (13, 9), (11, 11), (17, 1), (19, 3), (8, 3), (12, 9), (10, 11), (18, 1), (20, 3), (9, 3), (11, 9), (9, 11), (19, 1), (21, 3)]",37,0,37
117,"(11, 8)","(11, 9)",South,"[(11, 7) via South]","[(11, 8):37, (9, 12):37, (20, 1):37, (11, 3):38]","[(9, 12):37, (20, 1):37, (11, 3):38, (11, 7):38]","[(1, 15), (1, 14), (2, 15), (1, 13), (3, 15), (1, 12), (4, 15), (1, 11), (5, 15), (2, 11), (5, 14), (3, 11), (5, 13), (3, 12), (3, 10), (6, 13), (3, 13), (3, 9), (7, 13), (2, 9), (7, 14), (7, 12), (1, 9), (7, 15), (7, 11), (1, 8), (8, 15), (6, 11), (1, 7), (9, 15), (5, 11), (1, 6), (10, 15), (5, 10), (1, 5), (11, 15), (5, 9), (1, 4), (11, 14), (6, 9), (1, 3), (11, 13), (7, 9), (2, 3), (12, 13), (8, 9), (3, 3), (13, 13), (9, 9), (4, 3), (13, 14), (9, 8), (5, 3), (13, 15), (9, 7), (5, 4), (14, 15), (9, 6), (5, 5), (15, 15), (9, 5), (4, 5), (16, 15), (10, 5), (3, 5), (17, 15), (11, 5), (3, 6), (17, 14), (12, 5), (3, 7), (17, 13), (13, 5), (4, 7), (16, 13), (14, 5), (5, 7), (15, 13), (15, 5), (6, 7), (15, 12), (15, 4), (7, 7), (15, 11), (15, 3), (7, 6), (15, 10), (14, 11), (15, 2), (16, 3), (7, 5), (15, 9), (13, 11), (15, 1), (17, 3), (7, 4), (14, 9), (12, 11), (16, 1), (18, 3), (7, 3), (13, 9), (11, 11), (17, 1), (19, 3), (8, 3), (12, 9), (10, 11), (18, 1), (20, 3), (9, 3), (11, 9), (9, 11), (19, 1), (21, 3), (10, 3)]",37,0,37
118,"(9, 12)","(9, 11)",North,"[(9, 13) via North]","[(9, 12):37, (20, 1):37, (11, 3):38, (11, 7):38]","[(20, 1):37, (11, 3):38, (11, 7):38, (9, 13):38]","[(1, 15), (1, 14), (2, 15), (1, 13), (3, 15), (1, 12), (4, 15), (1, 11), (5, 15), (2, 11), (5, 14), (3, 11), (5, 13), (3, 12), (3, 10), (6, 13), (3, 13), (3, 9), (7, 13), (2, 9), (7, 14), (7, 12), (1, 9), (7, 15), (7, 11), (1, 8), (8, 15), (6, 11), (1, 7), (9, 15), (5, 11), (1, 6), (10, 15), (5, 10), (1, 5), (11, 15), (5, 9), (1, 4), (11, 14), (6, 9), (1, 3), (11, 13), (7, 9), (2, 3), (12, 13), (8, 9), (3, 3), (13, 13), (9, 9), (4, 3), (13, 14), (9, 8), (5, 3), (13, 15), (9, 7), (5, 4), (14, 15), (9, 6), (5, 5), (15, 15), (9, 5), (4, 5), (16, 15), (10, 5), (3, 5), (17, 15), (11, 5), (3, 6), (17, 14), (12, 5), (3, 7), (17, 13), (13, 5), (4, 7), (16, 13), (14, 5), (5, 7), (15, 13), (15, 5), (6, 7), (15, 12), (15, 4), (7, 7), (15, 11), (15, 3), (7, 6), (15, 10), (14, 11), (15, 2), (16, 3), (7, 5), (15, 9), (13, 11), (15, 1), (17, 3), (7, 4), (14, 9), (12, 11), (16, 1), (18, 3), (7, 3), (13, 9), (11, 11), (17, 1), (19, 3), (8, 3), (12, 9), (10, 11), (18, 1), (20, 3), (9, 3), (11, 9), (9, 11), (19, 1), (21, 3), (10, 3), (11, 8)]",37,0,37
119,"(20, 1)","(19, 1)",East,"[(21, 1) via East]","[(20, 1):37, (11, 3):38, (11, 7):38, (9, 13):38]","[(11, 3):38, (11, 7):38, (9, 13):38, (21, 1):38]","[(1, 15), (1, 14), (2, 15), (1, 13), (3, 15), (1, 12), (4, 15), (1, 11), (5, 15), (2, 11), (5, 14), (3, 11), (5, 13), (3, 12), (3, 10), (6, 13), (3, 13), (3, 9), (7, 13), (2, 9), (7, 14), (7, 12), (1, 9), (7, 15), (7, 11), (1, 8), (8, 15), (6, 11), (1, 7), (9, 15), (5, 11), (1, 6), (10, 15), (5, 10), (1, 5), (11, 15), (5, 9), (1, 4), (11, 14), (6, 9), (1, 3), (11, 13), (7, 9), (2, 3), (12, 13), (8, 9), (3, 3), (13, 13), (9, 9), (4, 3), (13, 14), (9, 8), (5, 3), (13, 15), (9, 7), (5, 4), (14, 15), (9, 6), (5, 5), (15, 15), (9, 5), (4, 5), (16, 15), (10, 5), (3, 5), (17, 15), (11, 5), (3, 6), (17, 14), (12, 5), (3, 7), (17, 13), (13, 5), (4, 7), (16, 13), (14, 5), (5, 7), (15, 13), (15, 5), (6, 7), (15, 12), (15, 4), (7, 7), (15, 11), (15, 3), (7, 6), (15, 10), (14, 11), (15, 2), (16, 3), (7, 5), (15, 9), (13, 11), (15, 1), (17, 3), (7, 4), (14, 9), (12, 11), (16, 1), (18, 3), (7, 3), (13, 9), (11, 11), (17, 1), (19, 3), (8, 3), (12, 9), (10, 11), (18, 1), (20, 3), (9, 3), (11, 9), (9, 11), (19, 1), (21, 3), (10, 3), (11, 8), (9, 12)]",37,0,37
120,"(11, 3)","(10, 3)",East,"[(12, 3) via East]","[(11, 3):38, (11, 7):38, (9, 13):38, (21, 1):38]","[(11, 7):38, (9, 13):38, (21, 1):38, (12, 3):39]","[(1, 15), (1, 14), (2, 15), (1, 13), (3, 15), (1, 12), (4, 15), (1, 11), (5, 15), (2, 11), (5, 14), (3, 11), (5, 13), (3, 12), (3, 10), (6, 13), (3, 13), (3, 9), (7, 13), (2, 9), (7, 14), (7, 12), (1, 9), (7, 15), (7, 11), (1, 8), (8, 15), (6, 11), (1, 7), (9, 15), (5, 11), (1, 6), (10, 15), (5, 10), (1, 5), (11, 15), (5, 9), (1, 4), (11, 14), (6, 9), (1, 3), (11, 13), (7, 9), (2, 3), (12, 13), (8, 9), (3, 3), (13, 13), (9, 9), (4, 3), (13, 14), (9, 8), (5, 3), (13, 15), (9, 7), (5, 4), (14, 15), (9, 6), (5, 5), (15, 15), (9, 5), (4, 5), (16, 15), (10, 5), (3, 5), (17, 15), (11, 5), (3, 6), (17, 14), (12, 5), (3, 7), (17, 13), (13, 5), (4, 7), (16, 13), (14, 5), (5, 7), (15, 13), (15, 5), (6, 7), (15, 12), (15, 4), (7, 7), (15, 11), (15, 3), (7, 6), (15, 10), (14, 11), (15, 2), (16, 3), (7, 5), (15, 9), (13, 11), (15, 1), (17, 3), (7, 4), (14, 9), (12, 11), (16, 1), (18, 3), (7, 3), (13, 9), (11, 11), (17, 1), (19, 3), (8, 3), (12, 9), (10, 11), (18, 1), (20, 3), (9, 3), (11, 9), (9, 11), (19, 1), (21, 3), (10, 3), (11, 8), (9, 12), (20, 1)]",38,0,38
121,"(11, 7)","(11, 8)",South,"[(12, 7) via East]","[(11, 7):38, (9, 13):38, (21, 1):38, (12, 3):39]","[(9, 13):38, (21, 1):38, (12, 3):39, (12, 7):39]","[(1, 15), (1, 14), (2, 15), (1, 13), (3, 15), (1, 12), (4, 15), (1, 11), (5, 15), (2, 11), (5, 14), (3, 11), (5, 13), (3, 12), (3, 10), (6, 13), (3, 13), (3, 9), (7, 13), (2, 9), (7, 14), (7, 12), (1, 9), (7, 15), (7, 11), (1, 8), (8, 15), (6, 11), (1, 7), (9, 15), (5, 11), (1, 6), (10, 15), (5, 10), (1, 5), (11, 15), (5, 9), (1, 4), (11, 14), (6, 9), (1, 3), (11, 13), (7, 9), (2, 3), (12, 13), (8, 9), (3, 3), (13, 13), (9, 9), (4, 3), (13, 14), (9, 8), (5, 3), (13, 15), (9, 7), (5, 4), (14, 15), (9, 6), (5, 5), (15, 15), (9, 5), (4, 5), (16, 15), (10, 5), (3, 5), (17, 15), (11, 5), (3, 6), (17, 14), (12, 5), (3, 7), (17, 13), (13, 5), (4, 7), (16, 13), (14, 5), (5, 7), (15, 13), (15, 5), (6, 7), (15, 12), (15, 4), (7, 7), (15, 11), (15, 3), (7, 6), (15, 10), (14, 11), (15, 2), (16, 3), (7, 5), (15, 9), (13, 11), (15, 1), (17, 3), (7, 4), (14, 9), (12, 11), (16, 1), (18, 3), (7, 3), (13, 9), (11, 11), (17, 1), (19, 3), (8, 3), (12, 9), (10, 11), (18, 1), (20, 3), (9, 3), (11, 9), (9, 11), (19, 1), (21, 3), (10, 3), (11, 8), (9, 12), (20, 1), (11, 3)]",38,0,38
122,"(9, 13)","(9, 12)",North,[],"[(9, 13):38, (21, 1):38, (12, 3):39, (12, 7):39]","[(21, 1):38, (12, 3):39, (12, 7):39]","[(1, 15), (1, 14), (2, 15), (1, 13), (3, 15), (1, 12), (4, 15), (1, 11), (5, 15), (2, 11), (5, 14), (3, 11), (5, 13), (3, 12), (3, 10), (6, 13), (3, 13), (3, 9), (7, 13), (2, 9), (7, 14), (7, 12), (1, 9), (7, 15), (7, 11), (1, 8), (8, 15), (6, 11), (1, 7), (9, 15), (5, 11), (1, 6), (10, 15), (5, 10), (1, 5), (11, 15), (5, 9), (1, 4), (11, 14), (6, 9), (1, 3), (11, 13), (7, 9), (2, 3), (12, 13), (8, 9), (3, 3), (13, 13), (9, 9), (4, 3), (13, 14), (9, 8), (5, 3), (13, 15), (9, 7), (5, 4), (14, 15), (9, 6), (5, 5), (15, 15), (9, 5), (4, 5), (16, 15), (10, 5), (3, 5), (17, 15), (11, 5), (3, 6), (17, 14), (12, 5), (3, 7), (17, 13), (13, 5), (4, 7), (16, 13), (14, 5), (5, 7), (15, 13), (15, 5), (6, 7), (15, 12), (15, 4), (7, 7), (15, 11), (15, 3), (7, 6), (15, 10), (14, 11), (15, 2), (16, 3), (7, 5), (15, 9), (13, 11), (15, 1), (17, 3), (7, 4), (14, 9), (12, 11), (16, 1), (18, 3), (7, 3), (13, 9), (11, 11), (17, 1), (19, 3), (8, 3), (12, 9), (10, 11), (18, 1), (20, 3), (9, 3), (11, 9), (9, 11), (19, 1), (21, 3), (10, 3), (11, 8), (9, 12), (20, 1), (11, 3), (11, 7)]",38,0,38
123,"(21, 1)","(20, 1)",East,"[(22, 1) via East]","[(21, 1):38, (12, 3):39, (12, 7):39]","[(12, 3):39, (12, 7):39, (22, 1):39]","[(1, 15), (1, 14), (2, 15), (1, 13), (3, 15), (1, 12), (4, 15), (1, 11), (5, 15), (2, 11), (5, 14), (3, 11), (5, 13), (3, 12), (3, 10), (6, 13), (3, 13), (3, 9), (7, 13), (2, 9), (7, 14), (7, 12), (1, 9), (7, 15), (7, 11), (1, 8), (8, 15), (6, 11), (1, 7), (9, 15), (5, 11), (1, 6), (10, 15), (5, 10), (1, 5), (11, 15), (5, 9), (1, 4), (11, 14), (6, 9), (1, 3), (11, 13), (7, 9), (2, 3), (12, 13), (8, 9), (3, 3), (13, 13), (9, 9), (4, 3), (13, 14), (9, 8), (5, 3), (13, 15), (9, 7), (5, 4), (14, 15), (9, 6), (5, 5), (15, 15), (9, 5), (4, 5), (16, 15), (10, 5), (3, 5), (17, 15), (11, 5), (3, 6), (17, 14), (12, 5), (3, 7), (17, 13), (13, 5), (4, 7), (16, 13), (14, 5), (5, 7), (15, 13), (15, 5), (6, 7), (15, 12), (15, 4), (7, 7), (15, 11), (15, 3), (7, 6), (15, 10), (14, 11), (15, 2), (16, 3), (7, 5), (15, 9), (13, 11), (15, 1), (17, 3), (7, 4), (14, 9), (12, 11), (16, 1), (18, 3), (7, 3), (13, 9), (11, 11), (17, 1), (19, 3), (8, 3), (12, 9), (10, 11), (18, 1), (20, 3), (9, 3), (11, 9), (9, 11), (19, 1), (21, 3), (10, 3), (11, 8), (9, 12), (20, 1), (11, 3), (11, 7), (9, 13)]",38,0,38
124,"(12, 3)","(11, 3)",East,"[(13, 3) via East]","[(12, 3):39, (12, 7):39, (22, 1):39]","[(12, 7):39, (22, 1):39, (13, 3):40]","[(1, 15), (1, 14), (2, 15), (1, 13), (3, 15), (1, 12), (4, 15), (1, 11), (5, 15), (2, 11), (5, 14), (3, 11), (5, 13), (3, 12), (3, 10), (6, 13), (3, 13), (3, 9), (7, 13), (2, 9), (7, 14), (7, 12), (1, 9), (7, 15), (7, 11), (1, 8), (8, 15), (6, 11), (1, 7), (9, 15), (5, 11), (1, 6), (10, 15), (5, 10), (1, 5), (11, 15), (5, 9), (1, 4), (11, 14), (6, 9), (1, 3), (11, 13), (7, 9), (2, 3), (12, 13), (8, 9), (3, 3), (13, 13), (9, 9), (4, 3), (13, 14), (9, 8), (5, 3), (13, 15), (9, 7), (5, 4), (14, 15), (9, 6), (5, 5), (15, 15), (9, 5), (4, 5), (16, 15), (10, 5), (3, 5), (17, 15), (11, 5), (3, 6), (17, 14), (12, 5), (3, 7), (17, 13), (13, 5), (4, 7), (16, 13), (14, 5), (5, 7), (15, 13), (15, 5), (6, 7), (15, 12), (15, 4), (7, 7), (15, 11), (15, 3), (7, 6), (15, 10), (14, 11), (15, 2), (16, 3), (7, 5), (15, 9), (13, 11), (15, 1), (17, 3), (7, 4), (14, 9), (12, 11), (16, 1), (18, 3), (7, 3), (13, 9), (11, 11), (17, 1), (19, 3), (8, 3), (12, 9), (10, 11), (18, 1), (20, 3), (9, 3), (11, 9), (9, 11), (19, 1), (21, 3), (10, 3), (11, 8), (9, 12), (20, 1), (11, 3), (11, 7), (9, 13), (21, 1)]",39,0,39
125,"(12, 7)","(11, 7)",East,"[(13, 7) via East]","[(12, 7):39, (22, 1):39, (13, 3):40]","[(22, 1):39, (13, 3):40, (13, 7):40]","[(1, 15), (1, 14), (2, 15), (1, 13), (3, 15), (1, 12), (4, 15), (1, 11), (5, 15), (2, 11), (5, 14), (3, 11), (5, 13), (3, 12), (3, 10), (6, 13), (3, 13), (3, 9), (7, 13), (2, 9), (7, 14), (7, 12), (1, 9), (7, 15), (7, 11), (1, 8), (8, 15), (6, 11), (1, 7), (9, 15), (5, 11), (1, 6), (10, 15), (5, 10), (1, 5), (11, 15), (5, 9), (1, 4), (11, 14), (6, 9), (1, 3), (11, 13), (7, 9), (2, 3), (12, 13), (8, 9), (3, 3), (13, 13), (9, 9), (4, 3), (13, 14), (9, 8), (5, 3), (13, 15), (9, 7), (5, 4), (14, 15), (9, 6), (5, 5), (15, 15), (9, 5), (4, 5), (16, 15), (10, 5), (3, 5), (17, 15), (11, 5), (3, 6), (17, 14), (12, 5), (3, 7), (17, 13), (13, 5), (4, 7), (16, 13), (14, 5), (5, 7), (15, 13), (15, 5), (6, 7), (15, 12), (15, 4), (7, 7), (15, 11), (15, 3), (7, 6), (15, 10), (14, 11), (15, 2), (16, 3), (7, 5), (15, 9), (13, 11), (15, 1), (17, 3), (7, 4), (14, 9), (12, 11), (16, 1), (18, 3), (7, 3), (13, 9), (11, 11), (17, 1), (19, 3), (8, 3), (12, 9), (10, 11), (18, 1), (20, 3), (9, 3), (11, 9), (9, 11), (19, 1), (21, 3), (10, 3), (11, 8), (9, 12), (20, 1), (11, 3), (11, 7), (9, 13), (21, 1), (12, 3)]",39,0,39
126,"(22, 1)","(21, 1)",East,"[(23, 1) via East]","[(22, 1):39, (13, 3):40, (13, 7):40]","[(13, 3):40, (13, 7):40, (23, 1):40]","[(1, 15), (1, 14), (2, 15), (1, 13), (3, 15), (1, 12), (4, 15), (1, 11), (5, 15), (2, 11), (5, 14), (3, 11), (5, 13), (3, 12), (3, 10), (6, 13), (3, 13), (3, 9), (7, 13), (2, 9), (7, 14), (7, 12), (1, 9), (7, 15), (7, 11), (1, 8), (8, 15), (6, 11), (1, 7), (9, 15), (5, 11), (1, 6), (10, 15), (5, 10), (1, 5), (11, 15), (5, 9), (1, 4), (11, 14), (6, 9), (1, 3), (11, 13), (7, 9), (2, 3), (12, 13), (8, 9), (3, 3), (13, 13), (9, 9), (4, 3), (13, 14), (9, 8), (5, 3), (13, 15), (9, 7), (5, 4), (14, 15), (9, 6), (5, 5), (15, 15), (9, 5), (4, 5), (16, 15), (10, 5), (3, 5), (17, 15), (11, 5), (3, 6), (17, 14), (12, 5), (3, 7), (17, 13), (13, 5), (4, 7), (16, 13), (14, 5), (5, 7), (15, 13), (15, 5), (6, 7), (15, 12), (15, 4), (7, 7), (15, 11), (15, 3), (7, 6), (15, 10), (14, 11), (15, 2), (16, 3), (7, 5), (15, 9), (13, 11), (15, 1), (17, 3), (7, 4), (14, 9), (12, 11), (16, 1), (18, 3), (7, 3), (13, 9), (11, 11), (17, 1), (19, 3), (8, 3), (12, 9), (10, 11), (18, 1), (20, 3), (9, 3), (11, 9), (9, 11), (19, 1), (21, 3), (10, 3), (11, 8), (9, 12), (20, 1), (11, 3), (11, 7), (9, 13), (21, 1), (12, 3), (12, 7)]",39,0,39
127,"(13, 3)","(12, 3)",East,"[(13, 2) via South]","[(13, 3):40, (13, 7):40, (23, 1):40]","[(13, 7):40, (23, 1):40, (13, 2):41]","[(1, 15), (1, 14), (2, 15), (1, 13), (3, 15), (1, 12), (4, 15), (1, 11), (5, 15), (2, 11), (5, 14), (3, 11), (5, 13), (3, 12), (3, 10), (6, 13), (3, 13), (3, 9), (7, 13), (2, 9), (7, 14), (7, 12), (1, 9), (7, 15), (7, 11), (1, 8), (8, 15), (6, 11), (1, 7), (9, 15), (5, 11), (1, 6), (10, 15), (5, 10), (1, 5), (11, 15), (5, 9), (1, 4), (11, 14), (6, 9), (1, 3), (11, 13), (7, 9), (2, 3), (12, 13), (8, 9), (3, 3), (13, 13), (9, 9), (4, 3), (13, 14), (9, 8), (5, 3), (13, 15), (9, 7), (5, 4), (14, 15), (9, 6), (5, 5), (15, 15), (9, 5), (4, 5), (16, 15), (10, 5), (3, 5), (17, 15), (11, 5), (3, 6), (17, 14), (12, 5), (3, 7), (17, 13), (13, 5), (4, 7), (16, 13), (14, 5), (5, 7), (15, 13), (15, 5), (6, 7), (15, 12), (15, 4), (7, 7), (15, 11), (15, 3), (7, 6), (15, 10), (14, 11), (15, 2), (16, 3), (7, 5), (15, 9), (13, 11), (15, 1), (17, 3), (7, 4), (14, 9), (12, 11), (16, 1), (18, 3), (7, 3), (13, 9), (11, 11), (17, 1), (19, 3), (8, 3), (12, 9), (10, 11), (18, 1), (20, 3), (9, 3), (11, 9), (9, 11), (19, 1), (21, 3), (10, 3), (11, 8), (9, 12), (20, 1), (11, 3), (11, 7), (9, 13), (21, 1), (12, 3), (12, 7), (22, 1)]",40,0,40
128,"(13, 7)","(12, 7)",East,"[(14, 7) via East]","[(13, 7):40, (23, 1):40, (13, 2):41]","[(23, 1):40, (13, 2):41, (14, 7):41]","[(1, 15), (1, 14), (2, 15), (1, 13), (3, 15), (1, 12), (4, 15), (1, 11), (5, 15), (2, 11), (5, 14), (3, 11), (5, 13), (3, 12), (3, 10), (6, 13), (3, 13), (3, 9), (7, 13), (2, 9), (7, 14), (7, 12), (1, 9), (7, 15), (7, 11), (1, 8), (8, 15), (6, 11), (1, 7), (9, 15), (5, 11), (1, 6), (10, 15), (5, 10), (1, 5), (11, 15), (5, 9), (1, 4), (11, 14), (6, 9), (1, 3), (11, 13), (7, 9), (2, 3), (12, 13), (8, 9), (3, 3), (13, 13), (9, 9), (4, 3), (13, 14), (9, 8), (5, 3), (13, 15), (9, 7), (5, 4), (14, 15), (9, 6), (5, 5), (15, 15), (9, 5), (4, 5), (16, 15), (10, 5), (3, 5), (17, 15), (11, 5), (3, 6), (17, 14), (12, 5), (3, 7), (17, 13), (13, 5), (4, 7), (16, 13), (14, 5), (5, 7), (15, 13), (15, 5), (6, 7), (15, 12), (15, 4), (7, 7), (15, 11), (15, 3), (7, 6), (15, 10), (14, 11), (15, 2), (16, 3), (7, 5), (15, 9), (13, 11), (15, 1), (17, 3), (7, 4), (14, 9), (12, 11), (16, 1), (18, 3), (7, 3), (13, 9), (11, 11), (17, 1), (19, 3), (8, 3), (12, 9), (10, 11), (18, 1), (20, 3), (9, 3), (11, 9), (9, 11), (19, 1), (21, 3), (10, 3), (11, 8), (9, 12), (20, 1), (11, 3), (11, 7), (9, 13), (21, 1), (12, 3), (12, 7), (22, 1), (13, 3)]",40,0,40
129,"(23, 1)","(22, 1)",East,"[(23, 2) via North, (24, 1) via East]","[(23, 1):40, (13, 2):41, (14, 7):41]","[(13, 2):41, (14, 7):41, (23, 2):41, (24, 1):41]","[(1, 15), (1, 14), (2, 15), (1, 13), (3, 15), (1, 12), (4, 15), (1, 11), (5, 15), (2, 11), (5, 14), (3, 11), (5, 13), (3, 12), (3, 10), (6, 13), (3, 13), (3, 9), (7, 13), (2, 9), (7, 14), (7, 12), (1, 9), (7, 15), (7, 11), (1, 8), (8, 15), (6, 11), (1, 7), (9, 15), (5, 11), (1, 6), (10, 15), (5, 10), (1, 5), (11, 15), (5, 9), (1, 4), (11, 14), (6, 9), (1, 3), (11, 13), (7, 9), (2, 3), (12, 13), (8, 9), (3, 3), (13, 13), (9, 9), (4, 3), (13, 14), (9, 8), (5, 3), (13, 15), (9, 7), (5, 4), (14, 15), (9, 6), (5, 5), (15, 15), (9, 5), (4, 5), (16, 15), (10, 5), (3, 5), (17, 15), (11, 5), (3, 6), (17, 14), (12, 5), (3, 7), (17, 13), (13, 5), (4, 7), (16, 13), (14, 5), (5, 7), (15, 13), (15, 5), (6, 7), (15, 12), (15, 4), (7, 7), (15, 11), (15, 3), (7, 6), (15, 10), (14, 11), (15, 2), (16, 3), (7, 5), (15, 9), (13, 11), (15, 1), (17, 3), (7, 4), (14, 9), (12, 11), (16, 1), (18, 3), (7, 3), (13, 9), (11, 11), (17, 1), (19, 3), (8, 3), (12, 9), (10, 11), (18, 1), (20, 3), (9, 3), (11, 9), (9, 11), (19, 1), (21, 3), (10, 3), (11, 8), (9, 12), (20, 1), (11, 3), (11, 7), (9, 13), (21, 1), (12, 3), (12, 7), (22, 1), (13, 3), (13, 7)]",40,0,40
130,"(13, 2)","(13, 3)",South,"[(13, 1) via South]","[(13, 2):41, (14, 7):41, (23, 2):41, (24, 1):41]","[(14, 7):41, (23, 2):41, (24, 1):41, (13, 1):42]","[(1, 15), (1, 14), (2, 15), (1, 13), (3, 15), (1, 12), (4, 15), (1, 11), (5, 15), (2, 11), (5, 14), (3, 11), (5, 13), (3, 12), (3, 10), (6, 13), (3, 13), (3, 9), (7, 13), (2, 9), (7, 14), (7, 12), (1, 9), (7, 15), (7, 11), (1, 8), (8, 15), (6, 11), (1, 7), (9, 15), (5, 11), (1, 6), (10, 15), (5, 10), (1, 5), (11, 15), (5, 9), (1, 4), (11, 14), (6, 9), (1, 3), (11, 13), (7, 9), (2, 3), (12, 13), (8, 9), (3, 3), (13, 13), (9, 9), (4, 3), (13, 14), (9, 8), (5, 3), (13, 15), (9, 7), (5, 4), (14, 15), (9, 6), (5, 5), (15, 15), (9, 5), (4, 5), (16, 15), (10, 5), (3, 5), (17, 15), (11, 5), (3, 6), (17, 14), (12, 5), (3, 7), (17, 13), (13, 5), (4, 7), (16, 13), (14, 5), (5, 7), (15, 13), (15, 5), (6, 7), (15, 12), (15, 4), (7, 7), (15, 11), (15, 3), (7, 6), (15, 10), (14, 11), (15, 2), (16, 3), (7, 5), (15, 9), (13, 11), (15, 1), (17, 3), (7, 4), (14, 9), (12, 11), (16, 1), (18, 3), (7, 3), (13, 9), (11, 11), (17, 1), (19, 3), (8, 3), (12, 9), (10, 11), (18, 1), (20, 3), (9, 3), (11, 9), (9, 11), (19, 1), (21, 3), (10, 3), (11, 8), (9, 12), (20, 1), (11, 3), (11, 7), (9, 13), (21, 1), (12, 3), (12, 7), (22, 1), (13, 3), (13, 7), (23, 1)]",41,0,41
131,"(14, 7)","(13, 7)",East,"[(15, 7) via East]","[(14, 7):41, (23, 2):41, (24, 1):41, (13, 1):42]","[(23, 2):41, (24, 1):41, (13, 1):42, (15, 7):42]","[(1, 15), (1, 14), (2, 15), (1, 13), (3, 15), (1, 12), (4, 15), (1, 11), (5, 15), (2, 11), (5, 14), (3, 11), (5, 13), (3, 12), (3, 10), (6, 13), (3, 13), (3, 9), (7, 13), (2, 9), (7, 14), (7, 12), (1, 9), (7, 15), (7, 11), (1, 8), (8, 15), (6, 11), (1, 7), (9, 15), (5, 11), (1, 6), (10, 15), (5, 10), (1, 5), (11, 15), (5, 9), (1, 4), (11, 14), (6, 9), (1, 3), (11, 13), (7, 9), (2, 3), (12, 13), (8, 9), (3, 3), (13, 13), (9, 9), (4, 3), (13, 14), (9, 8), (5, 3), (13, 15), (9, 7), (5, 4), (14, 15), (9, 6), (5, 5), (15, 15), (9, 5), (4, 5), (16, 15), (10, 5), (3, 5), (17, 15), (11, 5), (3, 6), (17, 14), (12, 5), (3, 7), (17, 13), (13, 5), (4, 7), (16, 13), (14, 5), (5, 7), (15, 13), (15, 5), (6, 7), (15, 12), (15, 4), (7, 7), (15, 11), (15, 3), (7, 6), (15, 10), (14, 11), (15, 2), (16, 3), (7, 5), (15, 9), (13, 11), (15, 1), (17, 3), (7, 4), (14, 9), (12, 11), (16, 1), (18, 3), (7, 3), (13, 9), (11, 11), (17, 1), (19, 3), (8, 3), (12, 9), (10, 11), (18, 1), (20, 3), (9, 3), (11, 9), (9, 11), (19, 1), (21, 3), (10, 3), (11, 8), (9, 12), (20, 1), (11, 3), (11, 7), (9, 13), (21, 1), (12, 3), (12, 7), (22, 1), (13, 3), (13, 7), (23, 1), (13, 2)]",41,0,41
132,"(23, 2)","(23, 1)",North,"[(23, 3) via North]","[(23, 2):41, (24, 1):41, (13, 1):42, (15, 7):42]","[(24, 1):41, (13, 1):42, (15, 7):42, (23, 3):42]","[(1, 15), (1, 14), (2, 15), (1, 13), (3, 15), (1, 12), (4, 15), (1, 11), (5, 15), (2, 11), (5, 14), (3, 11), (5, 13), (3, 12), (3, 10), (6, 13), (3, 13), (3, 9), (7, 13), (2, 9), (7, 14), (7, 12), (1, 9), (7, 15), (7, 11), (1, 8), (8, 15), (6, 11), (1, 7), (9, 15), (5, 11), (1, 6), (10, 15), (5, 10), (1, 5), (11, 15), (5, 9), (1, 4), (11, 14), (6, 9), (1, 3), (11, 13), (7, 9), (2, 3), (12, 13), (8, 9), (3, 3), (13, 13), (9, 9), (4, 3), (13, 14), (9, 8), (5, 3), (13, 15), (9, 7), (5, 4), (14, 15), (9, 6), (5, 5), (15, 15), (9, 5), (4, 5), (16, 15), (10, 5), (3, 5), (17, 15), (11, 5), (3, 6), (17, 14), (12, 5), (3, 7), (17, 13), (13, 5), (4, 7), (16, 13), (14, 5), (5, 7), (15, 13), (15, 5), (6, 7), (15, 12), (15, 4), (7, 7), (15, 11), (15, 3), (7, 6), (15, 10), (14, 11), (15, 2), (16, 3), (7, 5), (15, 9), (13, 11), (15, 1), (17, 3), (7, 4), (14, 9), (12, 11), (16, 1), (18, 3), (7, 3), (13, 9), (11, 11), (17, 1), (19, 3), (8, 3), (12, 9), (10, 11), (18, 1), (20, 3), (9, 3), (11, 9), (9, 11), (19, 1), (21, 3), (10, 3), (11, 8), (9, 12), (20, 1), (11, 3), (11, 7), (9, 13), (21, 1), (12, 3), (12, 7), (22, 1), (13, 3), (13, 7), (23, 1), (13, 2), (14, 7)]",41,0,41
133,"(24, 1)","(23, 1)",East,"[(25, 1) via East]","[(24, 1):41, (13, 1):42, (15, 7):42, (23, 3):42]","[(13, 1):42, (15, 7):42, (23, 3):42, (25, 1):42]","[(1, 15), (1, 14), (2, 15), (1, 13), (3, 15), (1, 12), (4, 15), (1, 11), (5, 15), (2, 11), (5, 14), (3, 11), (5, 13), (3, 12), (3, 10), (6, 13), (3, 13), (3, 9), (7, 13), (2, 9), (7, 14), (7, 12), (1, 9), (7, 15), (7, 11), (1, 8), (8, 15), (6, 11), (1, 7), (9, 15), (5, 11), (1, 6), (10, 15), (5, 10), (1, 5), (11, 15), (5, 9), (1, 4), (11, 14), (6, 9), (1, 3), (11, 13), (7, 9), (2, 3), (12, 13), (8, 9), (3, 3), (13, 13), (9, 9), (4, 3), (13, 14), (9, 8), (5, 3), (13, 15), (9, 7), (5, 4), (14, 15), (9, 6), (5, 5), (15, 15), (9, 5), (4, 5), (16, 15), (10, 5), (3, 5), (17, 15), (11, 5), (3, 6), (17, 14), (12, 5), (3, 7), (17, 13), (13, 5), (4, 7), (16, 13), (14, 5), (5, 7), (15, 13), (15, 5), (6, 7), (15, 12), (15, 4), (7, 7), (15, 11), (15, 3), (7, 6), (15, 10), (14, 11), (15, 2), (16, 3), (7, 5), (15, 9), (13, 11), (15, 1), (17, 3), (7, 4), (14, 9), (12, 11), (16, 1), (18, 3), (7, 3), (13, 9), (11, 11), (17, 1), (19, 3), (8, 3), (12, 9), (10, 11), (18, 1), (20, 3), (9, 3), (11, 9), (9, 11), (19, 1), (21, 3), (10, 3), (11, 8), (9, 12), (20, 1), (11, 3), (11, 7), (9, 13), (21, 1), (12, 3), (12, 7), (22, 1), (13, 3), (13, 7), (23, 1), (13, 2), (14, 7), (23, 2)]",41,0,41
134,"(13, 1)","(13, 2)",South,"[(12, 1) via West]","[(13, 1):42, (15, 7):42, (23, 3):42, (25, 1):42]","[(15, 7):42, (23, 3):42, (25, 1):42, (12, 1):43]","[(1, 15), (1, 14), (2, 15), (1, 13), (3, 15), (1, 12), (4, 15), (1, 11), (5, 15), (2, 11), (5, 14), (3, 11), (5, 13), (3, 12), (3, 10), (6, 13), (3, 13), (3, 9), (7, 13), (2, 9), (7, 14), (7, 12), (1, 9), (7, 15), (7, 11), (1, 8), (8, 15), (6, 11), (1, 7), (9, 15), (5, 11), (1, 6), (10, 15), (5, 10), (1, 5), (11, 15), (5, 9), (1, 4), (11, 14), (6, 9), (1, 3), (11, 13), (7, 9), (2, 3), (12, 13), (8, 9), (3, 3), (13, 13), (9, 9), (4, 3), (13, 14), (9, 8), (5, 3), (13, 15), (9, 7), (5, 4), (14, 15), (9, 6), (5, 5), (15, 15), (9, 5), (4, 5), (16, 15), (10, 5), (3, 5), (17, 15), (11, 5), (3, 6), (17, 14), (12, 5), (3, 7), (17, 13), (13, 5), (4, 7), (16, 13), (14, 5), (5, 7), (15, 13), (15, 5), (6, 7), (15, 12), (15, 4), (7, 7), (15, 11), (15, 3), (7, 6), (15, 10), (14, 11), (15, 2), (16, 3), (7, 5), (15, 9), (13, 11), (15, 1), (17, 3), (7, 4), (14, 9), (12, 11), (16, 1), (18, 3), (7, 3), (13, 9), (11, 11), (17, 1), (19, 3), (8, 3), (12, 9), (10, 11), (18, 1), (20, 3), (9, 3), (11, 9), (9, 11), (19, 1), (21, 3), (10, 3), (11, 8), (9, 12), (20, 1), (11, 3), (11, 7), (9, 13), (21, 1), (12, 3), (12, 7), (22, 1), (13, 3), (13, 7), (23, 1), (13, 2), (14, 7), (23, 2), (24, 1)]",42,0,42
135,"(15, 7)","(14, 7)",East,"[(16, 7) via East]","[(15, 7):42, (23, 3):42, (25, 1):42, (12, 1):43]","[(23, 3):42, (25, 1):42, (12, 1):43, (16, 7):43]","[(1, 15), (1, 14), (2, 15), (1, 13), (3, 15), (1, 12), (4, 15), (1, 11), (5, 15), (2, 11), (5, 14), (3, 11), (5, 13), (3, 12), (3, 10), (6, 13), (3, 13), (3, 9), (7, 13), (2, 9), (7, 14), (7, 12), (1, 9), (7, 15), (7, 11), (1, 8), (8, 15), (6, 11), (1, 7), (9, 15), (5, 11), (1, 6), (10, 15), (5, 10), (1, 5), (11, 15), (5, 9), (1, 4), (11, 14), (6, 9), (1, 3), (11, 13), (7, 9), (2, 3), (12, 13), (8, 9), (3, 3), (13, 13), (9, 9), (4, 3), (13, 14), (9, 8), (5, 3), (13, 15), (9, 7), (5, 4), (14, 15), (9, 6), (5, 5), (15, 15), (9, 5), (4, 5), (16, 15), (10, 5), (3, 5), (17, 15), (11, 5), (3, 6), (17, 14), (12, 5), (3, 7), (17, 13), (13, 5), (4, 7), (16, 13), (14, 5), (5, 7), (15, 13), (15, 5), (6, 7), (15, 12), (15, 4), (7, 7), (15, 11), (15, 3), (7, 6), (15, 10), (14, 11), (15, 2), (16, 3), (7, 5), (15, 9), (13, 11), (15, 1), (17, 3), (7, 4), (14, 9), (12, 11), (16, 1), (18, 3), (7, 3), (13, 9), (11, 11), (17, 1), (19, 3), (8, 3), (12, 9), (10, 11), (18, 1), (20, 3), (9, 3), (11, 9), (9, 11), (19, 1), (21, 3), (10, 3), (11, 8), (9, 12), (20, 1), (11, 3), (11, 7), (9, 13), (21, 1), (12, 3), (12, 7), (22, 1), (13, 3), (13, 7), (23, 1), (13, 2), (14, 7), (23, 2), (24, 1), (13, 1)]",42,0,42
136,"(23, 3)","(23, 2)",North,"[(23, 4) via North]","[(23, 3):42, (25, 1):42, (12, 1):43, (16, 7):43]","[(25, 1):42, (12, 1):43, (16, 7):43, (23, 4):43]","[(1, 15), (1, 14), (2, 15), (1, 13), (3, 15), (1, 12), (4, 15), (1, 11), (5, 15), (2, 11), (5, 14), (3, 11), (5, 13), (3, 12), (3, 10), (6, 13), (3, 13), (3, 9), (7, 13), (2, 9), (7, 14), (7, 12), (1, 9), (7, 15), (7, 11), (1, 8), (8, 15), (6, 11), (1, 7), (9, 15), (5, 11), (1, 6), (10, 15), (5, 10), (1, 5), (11, 15), (5, 9), (1, 4), (11, 14), (6, 9), (1, 3), (11, 13), (7, 9), (2, 3), (12, 13), (8, 9), (3, 3), (13, 13), (9, 9), (4, 3), (13, 14), (9, 8), (5, 3), (13, 15), (9, 7), (5, 4), (14, 15), (9, 6), (5, 5), (15, 15), (9, 5), (4, 5), (16, 15), (10, 5), (3, 5), (17, 15), (11, 5), (3, 6), (17, 14), (12, 5), (3, 7), (17, 13), (13, 5), (4, 7), (16, 13), (14, 5), (5, 7), (15, 13), (15, 5), (6, 7), (15, 12), (15, 4), (7, 7), (15, 11), (15, 3), (7, 6), (15, 10), (14, 11), (15, 2), (16, 3), (7, 5), (15, 9), (13, 11), (15, 1), (17, 3), (7, 4), (14, 9), (12, 11), (16, 1), (18, 3), (7, 3), (13, 9), (11, 11), (17, 1), (19, 3), (8, 3), (12, 9), (10, 11), (18, 1), (20, 3), (9, 3), (11, 9), (9, 11), (19, 1), (21, 3), (10, 3), (11, 8), (9, 12), (20, 1), (11, 3), (11, 7), (9, 13), (21, 1), (12, 3), (12, 7), (22, 1), (13, 3), (13, 7), (23, 1), (13, 2), (14, 7), (23, 2), (24, 1), (13, 1), (15, 7)]",42,0,42
137,"(25, 1)","(24, 1)",East,"[(26, 1) via East]","[(25, 1):42, (12, 1):43, (16, 7):43, (23, 4):43]","[(12, 1):43, (16, 7):43, (23, 4):43, (26, 1):43]","[(1, 15), (1, 14), (2, 15), (1, 13), (3, 15), (1, 12), (4, 15), (1, 11), (5, 15), (2, 11), (5, 14), (3, 11), (5, 13), (3, 12), (3, 10), (6, 13), (3, 13), (3, 9), (7, 13), (2, 9), (7, 14), (7, 12), (1, 9), (7, 15), (7, 11), (1, 8), (8, 15), (6, 11), (1, 7), (9, 15), (5, 11), (1, 6), (10, 15), (5, 10), (1, 5), (11, 15), (5, 9), (1, 4), (11, 14), (6, 9), (1, 3), (11, 13), (7, 9), (2, 3), (12, 13), (8, 9), (3, 3), (13, 13), (9, 9), (4, 3), (13, 14), (9, 8), (5, 3), (13, 15), (9, 7), (5, 4), (14, 15), (9, 6), (5, 5), (15, 15), (9, 5), (4, 5), (16, 15), (10, 5), (3, 5), (17, 15), (11, 5), (3, 6), (17, 14), (12, 5), (3, 7), (17, 13), (13, 5), (4, 7), (16, 13), (14, 5), (5, 7), (15, 13), (15, 5), (6, 7), (15, 12), (15, 4), (7, 7), (15, 11), (15, 3), (7, 6), (15, 10), (14, 11), (15, 2), (16, 3), (7, 5), (15, 9), (13, 11), (15, 1), (17, 3), (7, 4), (14, 9), (12, 11), (16, 1), (18, 3), (7, 3), (13, 9), (11, 11), (17, 1), (19, 3), (8, 3), (12, 9), (10, 11), (18, 1), (20, 3), (9, 3), (11, 9), (9, 11), (19, 1), (21, 3), (10, 3), (11, 8), (9, 12), (20, 1), (11, 3), (11, 7), (9, 13), (21, 1), (12, 3), (12, 7), (22, 1), (13, 3), (13, 7), (23, 1), (13, 2), (14, 7), (23, 2), (24, 1), (13, 1), (15, 7), (23, 3)]",42,0,42
138,"(12, 1)","(13, 1)",West,"[(11, 1) via West]","[(12, 1):43, (16, 7):43, (23, 4):43, (26, 1):43]","[(16, 7):43, (23, 4):43, (26, 1):43, (11, 1):44]","[(1, 15), (1, 14), (2, 15), (1, 13), (3, 15), (1, 12), (4, 15), (1, 11), (5, 15), (2, 11), (5, 14), (3, 11), (5, 13), (3, 12), (3, 10), (6, 13), (3, 13), (3, 9), (7, 13), (2, 9), (7, 14), (7, 12), (1, 9), (7, 15), (7, 11), (1, 8), (8, 15), (6, 11), (1, 7), (9, 15), (5, 11), (1, 6), (10, 15), (5, 10), (1, 5), (11, 15), (5, 9), (1, 4), (11, 14), (6, 9), (1, 3), (11, 13), (7, 9), (2, 3), (12, 13), (8, 9), (3, 3), (13, 13), (9, 9), (4, 3), (13, 14), (9, 8), (5, 3), (13, 15), (9, 7), (5, 4), (14, 15), (9, 6), (5, 5), (15, 15), (9, 5), (4, 5), (16, 15), (10, 5), (3, 5), (17, 15), (11, 5), (3, 6), (17, 14), (12, 5), (3, 7), (17, 13), (13, 5), (4, 7), (16, 13), (14, 5), (5, 7), (15, 13), (15, 5), (6, 7), (15, 12), (15, 4), (7, 7), (15, 11), (15, 3), (7, 6), (15, 10), (14, 11), (15, 2), (16, 3), (7, 5), (15, 9), (13, 11), (15, 1), (17, 3), (7, 4), (14, 9), (12, 11), (16, 1), (18, 3), (7, 3), (13, 9), (11, 11), (17, 1), (19, 3), (8, 3), (12, 9), (10, 11), (18, 1), (20, 3), (9, 3), (11, 9), (9, 11), (19, 1), (21, 3), (10, 3), (11, 8), (9, 12), (20, 1), (11, 3), (11, 7), (9, 13), (21, 1), (12, 3), (12, 7), (22, 1), (13, 3), (13, 7), (23, 1), (13, 2), (14, 7), (23, 2), (24, 1), (13, 1), (15, 7), (23, 3), (25, 1)]",43,0,43
139,"(16, 7)","(15, 7)",East,"[(17, 7) via East]","[(16, 7):43, (23, 4):43, (26, 1):43, (11, 1):44]","[(23, 4):43, (26, 1):43, (11, 1):44, (17, 7):44]","[(1, 15), (1, 14), (2, 15), (1, 13), (3, 15), (1, 12), (4, 15), (1, 11), (5, 15), (2, 11), (5, 14), (3, 11), (5, 13), (3, 12), (3, 10), (6, 13), (3, 13), (3, 9), (7, 13), (2, 9), (7, 14), (7, 12), (1, 9), (7, 15), (7, 11), (1, 8), (8, 15), (6, 11), (1, 7), (9, 15), (5, 11), (1, 6), (10, 15), (5, 10), (1, 5), (11, 15), (5, 9), (1, 4), (11, 14), (6, 9), (1, 3), (11, 13), (7, 9), (2, 3), (12, 13), (8, 9), (3, 3), (13, 13), (9, 9), (4, 3), (13, 14), (9, 8), (5, 3), (13, 15), (9, 7), (5, 4), (14, 15), (9, 6), (5, 5), (15, 15), (9, 5), (4, 5), (16, 15), (10, 5), (3, 5), (17, 15), (11, 5), (3, 6), (17, 14), (12, 5), (3, 7), (17, 13), (13, 5), (4, 7), (16, 13), (14, 5), (5, 7), (15, 13), (15, 5), (6, 7), (15, 12), (15, 4), (7, 7), (15, 11), (15, 3), (7, 6), (15, 10), (14, 11), (15, 2), (16, 3), (7, 5), (15, 9), (13, 11), (15, 1), (17, 3), (7, 4), (14, 9), (12, 11), (16, 1), (18, 3), (7, 3), (13, 9), (11, 11), (17, 1), (19, 3), (8, 3), (12, 9), (10, 11), (18, 1), (20, 3), (9, 3), (11, 9), (9, 11), (19, 1), (21, 3), (10, 3), (11, 8), (9, 12), (20, 1), (11, 3), (11, 7), (9, 13), (21, 1), (12, 3), (12, 7), (22, 1), (13, 3), (13, 7), (23, 1), (13, 2), (14, 7), (23, 2), (24, 1), (13, 1), (15, 7), (23, 3), (25, 1), (12, 1)]",43,0,43
140,"(23, 4)","(23, 3)",North,"[(23, 5) via North]","[(23, 4):43, (26, 1):43, (11, 1):44, (17, 7):44]","[(26, 1):43, (11, 1):44, (17, 7):44, (23, 5):44]","[(1, 15), (1, 14), (2, 15), (1, 13), (3, 15), (1, 12), (4, 15), (1, 11), (5, 15), (2, 11), (5, 14), (3, 11), (5, 13), (3, 12), (3, 10), (6, 13), (3, 13), (3, 9), (7, 13), (2, 9), (7, 14), (7, 12), (1, 9), (7, 15), (7, 11), (1, 8), (8, 15), (6, 11), (1, 7), (9, 15), (5, 11), (1, 6), (10, 15), (5, 10), (1, 5), (11, 15), (5, 9), (1, 4), (11, 14), (6, 9), (1, 3), (11, 13), (7, 9), (2, 3), (12, 13), (8, 9), (3, 3), (13, 13), (9, 9), (4, 3), (13, 14), (9, 8), (5, 3), (13, 15), (9, 7), (5, 4), (14, 15), (9, 6), (5, 5), (15, 15), (9, 5), (4, 5), (16, 15), (10, 5), (3, 5), (17, 15), (11, 5), (3, 6), (17, 14), (12, 5), (3, 7), (17, 13), (13, 5), (4, 7), (16, 13), (14, 5), (5, 7), (15, 13), (15, 5), (6, 7), (15, 12), (15, 4), (7, 7), (15, 11), (15, 3), (7, 6), (15, 10), (14, 11), (15, 2), (16, 3), (7, 5), (15, 9), (13, 11), (15, 1), (17, 3), (7, 4), (14, 9), (12, 11), (16, 1), (18, 3), (7, 3), (13, 9), (11, 11), (17, 1), (19, 3), (8, 3), (12, 9), (10, 11), (18, 1), (20, 3), (9, 3), (11, 9), (9, 11), (19, 1), (21, 3), (10, 3), (11, 8), (9, 12), (20, 1), (11, 3), (11, 7), (9, 13), (21, 1), (12, 3), (12, 7), (22, 1), (13, 3), (13, 7), (23, 1), (13, 2), (14, 7), (23, 2), (24, 1), (13, 1), (15, 7), (23, 3), (25, 1), (12, 1), (16, 7)]",43,0,43
141,"(26, 1)","(25, 1)",East,"[(27, 1) via East]","[(26, 1):43, (11, 1):44, (17, 7):44, (23, 5):44]","[(11, 1):44, (17, 7):44, (23, 5):44, (27, 1):44]","[(1, 15), (1, 14), (2, 15), (1, 13), (3, 15), (1, 12), (4, 15), (1, 11), (5, 15), (2, 11), (5, 14), (3, 11), (5, 13), (3, 12), (3, 10), (6, 13), (3, 13), (3, 9), (7, 13), (2, 9), (7, 14), (7, 12), (1, 9), (7, 15), (7, 11), (1, 8), (8, 15), (6, 11), (1, 7), (9, 15), (5, 11), (1, 6), (10, 15), (5, 10), (1, 5), (11, 15), (5, 9), (1, 4), (11, 14), (6, 9), (1, 3), (11, 13), (7, 9), (2, 3), (12, 13), (8, 9), (3, 3), (13, 13), (9, 9), (4, 3), (13, 14), (9, 8), (5, 3), (13, 15), (9, 7), (5, 4), (14, 15), (9, 6), (5, 5), (15, 15), (9, 5), (4, 5), (16, 15), (10, 5), (3, 5), (17, 15), (11, 5), (3, 6), (17, 14), (12, 5), (3, 7), (17, 13), (13, 5), (4, 7), (16, 13), (14, 5), (5, 7), (15, 13), (15, 5), (6, 7), (15, 12), (15, 4), (7, 7), (15, 11), (15, 3), (7, 6), (15, 10), (14, 11), (15, 2), (16, 3), (7, 5), (15, 9), (13, 11), (15, 1), (17, 3), (7, 4), (14, 9), (12, 11), (16, 1), (18, 3), (7, 3), (13, 9), (11, 11), (17, 1), (19, 3), (8, 3), (12, 9), (10, 11), (18, 1), (20, 3), (9, 3), (11, 9), (9, 11), (19, 1), (21, 3), (10, 3), (11, 8), (9, 12), (20, 1), (11, 3), (11, 7), (9, 13), (21, 1), (12, 3), (12, 7), (22, 1), (13, 3), (13, 7), (23, 1), (13, 2), (14, 7), (23, 2), (24, 1), (13, 1), (15, 7), (23, 3), (25, 1), (12, 1), (16, 7), (23, 4)]",43,0,43
142,"(11, 1)","(12, 1)",West,"[(10, 1) via West]","[(11, 1):44, (17, 7):44, (23, 5):44, (27, 1):44]","[(17, 7):44, (23, 5):44, (27, 1):44, (10, 1):45]","[(1, 15), (1, 14), (2, 15), (1, 13), (3, 15), (1, 12), (4, 15), (1, 11), (5, 15), (2, 11), (5, 14), (3, 11), (5, 13), (3, 12), (3, 10), (6, 13), (3, 13), (3, 9), (7, 13), (2, 9), (7, 14), (7, 12), (1, 9), (7, 15), (7, 11), (1, 8), (8, 15), (6, 11), (1, 7), (9, 15), (5, 11), (1, 6), (10, 15), (5, 10), (1, 5), (11, 15), (5, 9), (1, 4), (11, 14), (6, 9), (1, 3), (11, 13), (7, 9), (2, 3), (12, 13), (8, 9), (3, 3), (13, 13), (9, 9), (4, 3), (13, 14), (9, 8), (5, 3), (13, 15), (9, 7), (5, 4), (14, 15), (9, 6), (5, 5), (15, 15), (9, 5), (4, 5), (16, 15), (10, 5), (3, 5), (17, 15), (11, 5), (3, 6), (17, 14), (12, 5), (3, 7), (17, 13), (13, 5), (4, 7), (16, 13), (14, 5), (5, 7), (15, 13), (15, 5), (6, 7), (15, 12), (15, 4), (7, 7), (15, 11), (15, 3), (7, 6), (15, 10), (14, 11), (15, 2), (16, 3), (7, 5), (15, 9), (13, 11), (15, 1), (17, 3), (7, 4), (14, 9), (12, 11), (16, 1), (18, 3), (7, 3), (13, 9), (11, 11), (17, 1), (19, 3), (8, 3), (12, 9), (10, 11), (18, 1), (20, 3), (9, 3), (11, 9), (9, 11), (19, 1), (21, 3), (10, 3), (11, 8), (9, 12), (20, 1), (11, 3), (11, 7), (9, 13), (21, 1), (12, 3), (12, 7), (22, 1), (13, 3), (13, 7), (23, 1), (13, 2), (14, 7), (23, 2), (24, 1), (13, 1), (15, 7), (23, 3), (25, 1), (12, 1), (16, 7), (23, 4), (26, 1)]",44,0,44
143,"(17, 7)","(16, 7)",East,"[(17, 6) via South]","[(17, 7):44, (23, 5):44, (27, 1):44, (10, 1):45]","[(23, 5):44, (27, 1):44, (10, 1):45, (17, 6):45]","[(1, 15), (1, 14), (2, 15), (1, 13), (3, 15), (1, 12), (4, 15), (1, 11), (5, 15), (2, 11), (5, 14), (3, 11), (5, 13), (3, 12), (3, 10), (6, 13), (3, 13), (3, 9), (7, 13), (2, 9), (7, 14), (7, 12), (1, 9), (7, 15), (7, 11), (1, 8), (8, 15), (6, 11), (1, 7), (9, 15), (5, 11), (1, 6), (10, 15), (5, 10), (1, 5), (11, 15), (5, 9), (1, 4), (11, 14), (6, 9), (1, 3), (11, 13), (7, 9), (2, 3), (12, 13), (8, 9), (3, 3), (13, 13), (9, 9), (4, 3), (13, 14), (9, 8), (5, 3), (13, 15), (9, 7), (5, 4), (14, 15), (9, 6), (5, 5), (15, 15), (9, 5), (4, 5), (16, 15), (10, 5), (3, 5), (17, 15), (11, 5), (3, 6), (17, 14), (12, 5), (3, 7), (17, 13), (13, 5), (4, 7), (16, 13), (14, 5), (5, 7), (15, 13), (15, 5), (6, 7), (15, 12), (15, 4), (7, 7), (15, 11), (15, 3), (7, 6), (15, 10), (14, 11), (15, 2), (16, 3), (7, 5), (15, 9), (13, 11), (15, 1), (17, 3), (7, 4), (14, 9), (12, 11), (16, 1), (18, 3), (7, 3), (13, 9), (11, 11), (17, 1), (19, 3), (8, 3), (12, 9), (10, 11), (18, 1), (20, 3), (9, 3), (11, 9), (9, 11), (19, 1), (21, 3), (10, 3), (11, 8), (9, 12), (20, 1), (11, 3), (11, 7), (9, 13), (21, 1), (12, 3), (12, 7), (22, 1), (13, 3), (13, 7), (23, 1), (13, 2), (14, 7), (23, 2), (24, 1), (13, 1), (15, 7), (23, 3), (25, 1), (12, 1), (16, 7), (23, 4), (26, 1), (11, 1)]",44,0,44
144,"(23, 5)","(23, 4)",North,"[(22, 5) via West]","[(23, 5):44, (27, 1):44, (10, 1):45, (17, 6):45]","[(27, 1):44, (10, 1):45, (17, 6):45, (22, 5):45]","[(1, 15), (1, 14), (2, 15), (1, 13), (3, 15), (1, 12), (4, 15), (1, 11), (5, 15), (2, 11), (5, 14), (3, 11), (5, 13), (3, 12), (3, 10), (6, 13), (3, 13), (3, 9), (7, 13), (2, 9), (7, 14), (7, 12), (1, 9), (7, 15), (7, 11), (1, 8), (8, 15), (6, 11), (1, 7), (9, 15), (5, 11), (1, 6), (10, 15), (5, 10), (1, 5), (11, 15), (5, 9), (1, 4), (11, 14), (6, 9), (1, 3), (11, 13), (7, 9), (2, 3), (12, 13), (8, 9), (3, 3), (13, 13), (9, 9), (4, 3), (13, 14), (9, 8), (5, 3), (13, 15), (9, 7), (5, 4), (14, 15), (9, 6), (5, 5), (15, 15), (9, 5), (4, 5), (16, 15), (10, 5), (3, 5), (17, 15), (11, 5), (3, 6), (17, 14), (12, 5), (3, 7), (17, 13), (13, 5), (4, 7), (16, 13), (14, 5), (5, 7), (15, 13), (15, 5), (6, 7), (15, 12), (15, 4), (7, 7), (15, 11), (15, 3), (7, 6), (15, 10), (14, 11), (15, 2), (16, 3), (7, 5), (15, 9), (13, 11), (15, 1), (17, 3), (7, 4), (14, 9), (12, 11), (16, 1), (18, 3), (7, 3), (13, 9), (11, 11), (17, 1), (19, 3), (8, 3), (12, 9), (10, 11), (18, 1), (20, 3), (9, 3), (11, 9), (9, 11), (19, 1), (21, 3), (10, 3), (11, 8), (9, 12), (20, 1), (11, 3), (11, 7), (9, 13), (21, 1), (12, 3), (12, 7), (22, 1), (13, 3), (13, 7), (23, 1), (13, 2), (14, 7), (23, 2), (24, 1), (13, 1), (15, 7), (23, 3), (25, 1), (12, 1), (16, 7), (23, 4), (26, 1), (11, 1), (17, 7)]",44,0,44
145,"(27, 1)","(26, 1)",East,"[(28, 1) via East]","[(27, 1):44, (10, 1):45, (17, 6):45, (22, 5):45]","[(10, 1):45, (17, 6):45, (22, 5):45, (28, 1):45]","[(1, 15), (1, 14), (2, 15), (1, 13), (3, 15), (1, 12), (4, 15), (1, 11), (5, 15), (2, 11), (5, 14), (3, 11), (5, 13), (3, 12), (3, 10), (6, 13), (3, 13), (3, 9), (7, 13), (2, 9), (7, 14), (7, 12), (1, 9), (7, 15), (7, 11), (1, 8), (8, 15), (6, 11), (1, 7), (9, 15), (5, 11), (1, 6), (10, 15), (5, 10), (1, 5), (11, 15), (5, 9), (1, 4), (11, 14), (6, 9), (1, 3), (11, 13), (7, 9), (2, 3), (12, 13), (8, 9), (3, 3), (13, 13), (9, 9), (4, 3), (13, 14), (9, 8), (5, 3), (13, 15), (9, 7), (5, 4), (14, 15), (9, 6), (5, 5), (15, 15), (9, 5), (4, 5), (16, 15), (10, 5), (3, 5), (17, 15), (11, 5), (3, 6), (17, 14), (12, 5), (3, 7), (17, 13), (13, 5), (4, 7), (16, 13), (14, 5), (5, 7), (15, 13), (15, 5), (6, 7), (15, 12), (15, 4), (7, 7), (15, 11), (15, 3), (7, 6), (15, 10), (14, 11), (15, 2), (16, 3), (7, 5), (15, 9), (13, 11), (15, 1), (17, 3), (7, 4), (14, 9), (12, 11), (16, 1), (18, 3), (7, 3), (13, 9), (11, 11), (17, 1), (19, 3), (8, 3), (12, 9), (10, 11), (18, 1), (20, 3), (9, 3), (11, 9), (9, 11), (19, 1), (21, 3), (10, 3), (11, 8), (9, 12), (20, 1), (11, 3), (11, 7), (9, 13), (21, 1), (12, 3), (12, 7), (22, 1), (13, 3), (13, 7), (23, 1), (13, 2), (14, 7), (23, 2), (24, 1), (13, 1), (15, 7), (23, 3), (25, 1), (12, 1), (16, 7), (23, 4), (26, 1), (11, 1), (17, 7), (23, 5)]",44,0,44
146,"(10, 1)","(11, 1)",West,"[(9, 1) via West]","[(10, 1):45, (17, 6):45, (22, 5):45, (28, 1):45]","[(17, 6):45, (22, 5):45, (28, 1):45, (9, 1):46]","[(1, 15), (1, 14), (2, 15), (1, 13), (3, 15), (1, 12), (4, 15), (1, 11), (5, 15), (2, 11), (5, 14), (3, 11), (5, 13), (3, 12), (3, 10), (6, 13), (3, 13), (3, 9), (7, 13), (2, 9), (7, 14), (7, 12), (1, 9), (7, 15), (7, 11), (1, 8), (8, 15), (6, 11), (1, 7), (9, 15), (5, 11), (1, 6), (10, 15), (5, 10), (1, 5), (11, 15), (5, 9), (1, 4), (11, 14), (6, 9), (1, 3), (11, 13), (7, 9), (2, 3), (12, 13), (8, 9), (3, 3), (13, 13), (9, 9), (4, 3), (13, 14), (9, 8), (5, 3), (13, 15), (9, 7), (5, 4), (14, 15), (9, 6), (5, 5), (15, 15), (9, 5), (4, 5), (16, 15), (10, 5), (3, 5), (17, 15), (11, 5), (3, 6), (17, 14), (12, 5), (3, 7), (17, 13), (13, 5), (4, 7), (16, 13), (14, 5), (5, 7), (15, 13), (15, 5), (6, 7), (15, 12), (15, 4), (7, 7), (15, 11), (15, 3), (7, 6), (15, 10), (14, 11), (15, 2), (16, 3), (7, 5), (15, 9), (13, 11), (15, 1), (17, 3), (7, 4), (14, 9), (12, 11), (16, 1), (18, 3), (7, 3), (13, 9), (11, 11), (17, 1), (19, 3), (8, 3), (12, 9), (10, 11), (18, 1), (20, 3), (9, 3), (11, 9), (9, 11), (19, 1), (21, 3), (10, 3), (11, 8), (9, 12), (20, 1), (11, 3), (11, 7), (9, 13), (21, 1), (12, 3), (12, 7), (22, 1), (13, 3), (13, 7), (23, 1), (13, 2), (14, 7), (23, 2), (24, 1), (13, 1), (15, 7), (23, 3), (25, 1), (12, 1), (16, 7), (23, 4), (26, 1), (11, 1), (17, 7), (23, 5), (27, 1)]",45,0,45
147,"(17, 6)","(17, 7)",South,"[(17, 5) via South]","[(17, 6):45, (22, 5):45, (28, 1):45, (9, 1):46]","[(22, 5):45, (28, 1):45, (9, 1):46, (17, 5):46]","[(1, 15), (1, 14), (2, 15), (1, 13), (3, 15), (1, 12), (4, 15), (1, 11), (5, 15), (2, 11), (5, 14), (3, 11), (5, 13), (3, 12), (3, 10), (6, 13), (3, 13), (3, 9), (7, 13), (2, 9), (7, 14), (7, 12), (1, 9), (7, 15), (7, 11), (1, 8), (8, 15), (6, 11), (1, 7), (9, 15), (5, 11), (1, 6), (10, 15), (5, 10), (1, 5), (11, 15), (5, 9), (1, 4), (11, 14), (6, 9), (1, 3), (11, 13), (7, 9), (2, 3), (12, 13), (8, 9), (3, 3), (13, 13), (9, 9), (4, 3), (13, 14), (9, 8), (5, 3), (13, 15), (9, 7), (5, 4), (14, 15), (9, 6), (5, 5), (15, 15), (9, 5), (4, 5), (16, 15), (10, 5), (3, 5), (17, 15), (11, 5), (3, 6), (17, 14), (12, 5), (3, 7), (17, 13), (13, 5), (4, 7), (16, 13), (14, 5), (5, 7), (15, 13), (15, 5), (6, 7), (15, 12), (15, 4), (7, 7), (15, 11), (15, 3), (7, 6), (15, 10), (14, 11), (15, 2), (16, 3), (7, 5), (15, 9), (13, 11), (15, 1), (17, 3), (7, 4), (14, 9), (12, 11), (16, 1), (18, 3), (7, 3), (13, 9), (11, 11), (17, 1), (19, 3), (8, 3), (12, 9), (10, 11), (18, 1), (20, 3), (9, 3), (11, 9), (9, 11), (19, 1), (21, 3), (10, 3), (11, 8), (9, 12), (20, 1), (11, 3), (11, 7), (9, 13), (21, 1), (12, 3), (12, 7), (22, 1), (13, 3), (13, 7), (23, 1), (13, 2), (14, 7), (23, 2), (24, 1), (13, 1), (15, 7), (23, 3), (25, 1), (12, 1), (16, 7), (23, 4), (26, 1), (11, 1), (17, 7), (23, 5), (27, 1), (10, 1)]",45,0,45
148,"(22, 5)","(23, 5)",West,"[(21, 5) via West]","[(22, 5):45, (28, 1):45, (9, 1):46, (17, 5):46]","[(28, 1):45, (9, 1):46, (17, 5):46, (21, 5):46]","[(1, 15), (1, 14), (2, 15), (1, 13), (3, 15), (1, 12), (4, 15), (1, 11), (5, 15), (2, 11), (5, 14), (3, 11), (5, 13), (3, 12), (3, 10), (6, 13), (3, 13), (3, 9), (7, 13), (2, 9), (7, 14), (7, 12), (1, 9), (7, 15), (7, 11), (1, 8), (8, 15), (6, 11), (1, 7), (9, 15), (5, 11), (1, 6), (10, 15), (5, 10), (1, 5), (11, 15), (5, 9), (1, 4), (11, 14), (6, 9), (1, 3), (11, 13), (7, 9), (2, 3), (12, 13), (8, 9), (3, 3), (13, 13), (9, 9), (4, 3), (13, 14), (9, 8), (5, 3), (13, 15), (9, 7), (5, 4), (14, 15), (9, 6), (5, 5), (15, 15), (9, 5), (4, 5), (16, 15), (10, 5), (3, 5), (17, 15), (11, 5), (3, 6), (17, 14), (12, 5), (3, 7), (17, 13), (13, 5), (4, 7), (16, 13), (14, 5), (5, 7), (15, 13), (15, 5), (6, 7), (15, 12), (15, 4), (7, 7), (15, 11), (15, 3), (7, 6), (15, 10), (14, 11), (15, 2), (16, 3), (7, 5), (15, 9), (13, 11), (15, 1), (17, 3), (7, 4), (14, 9), (12, 11), (16, 1), (18, 3), (7, 3), (13, 9), (11, 11), (17, 1), (19, 3), (8, 3), (12, 9), (10, 11), (18, 1), (20, 3), (9, 3), (11, 9), (9, 11), (19, 1), (21, 3), (10, 3), (11, 8), (9, 12), (20, 1), (11, 3), (11, 7), (9, 13), (21, 1), (12, 3), (12, 7), (22, 1), (13, 3), (13, 7), (23, 1), (13, 2), (14, 7), (23, 2), (24, 1), (13, 1), (15, 7), (23, 3), (25, 1), (12, 1), (16, 7), (23, 4), (26, 1), (11, 1), (17, 7), (23, 5), (27, 1), (10, 1), (17, 6)]",45,0,45
149,"(28, 1)","(27, 1)",East,"[(29, 1) via East]","[(28, 1):45, (9, 1):46, (17, 5):46, (21, 5):46]","[(9, 1):46, (17, 5):46, (21, 5):46, (29, 1):46]","[(1, 15), (1, 14), (2, 15), (1, 13), (3, 15), (1, 12), (4, 15), (1, 11), (5, 15), (2, 11), (5, 14), (3, 11), (5, 13), (3, 12), (3, 10), (6, 13), (3, 13), (3, 9), (7, 13), (2, 9), (7, 14), (7, 12), (1, 9), (7, 15), (7, 11), (1, 8), (8, 15), (6, 11), (1, 7), (9, 15), (5, 11), (1, 6), (10, 15), (5, 10), (1, 5), (11, 15), (5, 9), (1, 4), (11, 14), (6, 9), (1, 3), (11, 13), (7, 9), (2, 3), (12, 13), (8, 9), (3, 3), (13, 13), (9, 9), (4, 3), (13, 14), (9, 8), (5, 3), (13, 15), (9, 7), (5, 4), (14, 15), (9, 6), (5, 5), (15, 15), (9, 5), (4, 5), (16, 15), (10, 5), (3, 5), (17, 15), (11, 5), (3, 6), (17, 14), (12, 5), (3, 7), (17, 13), (13, 5), (4, 7), (16, 13), (14, 5), (5, 7), (15, 13), (15, 5), (6, 7), (15, 12), (15, 4), (7, 7), (15, 11), (15, 3), (7, 6), (15, 10), (14, 11), (15, 2), (16, 3), (7, 5), (15, 9), (13, 11), (15, 1), (17, 3), (7, 4), (14, 9), (12, 11), (16, 1), (18, 3), (7, 3), (13, 9), (11, 11), (17, 1), (19, 3), (8, 3), (12, 9), (10, 11), (18, 1), (20, 3), (9, 3), (11, 9), (9, 11), (19, 1), (21, 3), (10, 3), (11, 8), (9, 12), (20, 1), (11, 3), (11, 7), (9, 13), (21, 1), (12, 3), (12, 7), (22, 1), (13, 3), (13, 7), (23, 1), (13, 2), (14, 7), (23, 2), (24, 1), (13, 1), (15, 7), (23, 3), (25, 1), (12, 1), (16, 7), (23, 4), (26, 1), (11, 1), (17, 7), (23, 5), (27, 1), (10, 1), (17, 6), (22, 5)]",45,0,45
150,"(9, 1)","(10, 1)",West,"[(8, 1) via West]","[(9, 1):46, (17, 5):46, (21, 5):46, (29, 1):46]","[(17, 5):46, (21, 5):46, (29, 1):46, (8, 1):47]","[(1, 15), (1, 14), (2, 15), (1, 13), (3, 15), (1, 12), (4, 15), (1, 11), (5, 15), (2, 11), (5, 14), (3, 11), (5, 13), (3, 12), (3, 10), (6, 13), (3, 13), (3, 9), (7, 13), (2, 9), (7, 14), (7, 12), (1, 9), (7, 15), (7, 11), (1, 8), (8, 15), (6, 11), (1, 7), (9, 15), (5, 11), (1, 6), (10, 15), (5, 10), (1, 5), (11, 15), (5, 9), (1, 4), (11, 14), (6, 9), (1, 3), (11, 13), (7, 9), (2, 3), (12, 13), (8, 9), (3, 3), (13, 13), (9, 9), (4, 3), (13, 14), (9, 8), (5, 3), (13, 15), (9, 7), (5, 4), (14, 15), (9, 6), (5, 5), (15, 15), (9, 5), (4, 5), (16, 15), (10, 5), (3, 5), (17, 15), (11, 5), (3, 6), (17, 14), (12, 5), (3, 7), (17, 13), (13, 5), (4, 7), (16, 13), (14, 5), (5, 7), (15, 13), (15, 5), (6, 7), (15, 12), (15, 4), (7, 7), (15, 11), (15, 3), (7, 6), (15, 10), (14, 11), (15, 2), (16, 3), (7, 5), (15, 9), (13, 11), (15, 1), (17, 3), (7, 4), (14, 9), (12, 11), (16, 1), (18, 3), (7, 3), (13, 9), (11, 11), (17, 1), (19, 3), (8, 3), (12, 9), (10, 11), (18, 1), (20, 3), (9, 3), (11, 9), (9, 11), (19, 1), (21, 3), (10, 3), (11, 8), (9, 12), (20, 1), (11, 3), (11, 7), (9, 13), (21, 1), (12, 3), (12, 7), (22, 1), (13, 3), (13, 7), (23, 1), (13, 2), (14, 7), (23, 2), (24, 1), (13, 1), (15, 7), (23, 3), (25, 1), (12, 1), (16, 7), (23, 4), (26, 1), (11, 1), (17, 7), (23, 5), (27, 1), (10, 1), (17, 6), (22, 5), (28, 1)]",46,0,46
151,"(17, 5)","(17, 6)",South,"[(18, 5) via East]","[(17, 5):46, (21, 5):46, (29, 1):46, (8, 1):47]","[(21, 5):46, (29, 1):46, (8, 1):47, (18, 5):47]","[(1, 15), (1, 14), (2, 15), (1, 13), (3, 15), (1, 12), (4, 15), (1, 11), (5, 15), (2, 11), (5, 14), (3, 11), (5, 13), (3, 12), (3, 10), (6, 13), (3, 13), (3, 9), (7, 13), (2, 9), (7, 14), (7, 12), (1, 9), (7, 15), (7, 11), (1, 8), (8, 15), (6, 11), (1, 7), (9, 15), (5, 11), (1, 6), (10, 15), (5, 10), (1, 5), (11, 15), (5, 9), (1, 4), (11, 14), (6, 9), (1, 3), (11, 13), (7, 9), (2, 3), (12, 13), (8, 9), (3, 3), (13, 13), (9, 9), (4, 3), (13, 14), (9, 8), (5, 3), (13, 15), (9, 7), (5, 4), (14, 15), (9, 6), (5, 5), (15, 15), (9, 5), (4, 5), (16, 15), (10, 5), (3, 5), (17, 15), (11, 5), (3, 6), (17, 14), (12, 5), (3, 7), (17, 13), (13, 5), (4, 7), (16, 13), (14, 5), (5, 7), (15, 13), (15, 5), (6, 7), (15, 12), (15, 4), (7, 7), (15, 11), (15, 3), (7, 6), (15, 10), (14, 11), (15, 2), (16, 3), (7, 5), (15, 9), (13, 11), (15, 1), (17, 3), (7, 4), (14, 9), (12, 11), (16, 1), (18, 3), (7, 3), (13, 9), (11, 11), (17, 1), (19, 3), (8, 3), (12, 9), (10, 11), (18, 1), (20, 3), (9, 3), (11, 9), (9, 11), (19, 1), (21, 3), (10, 3), (11, 8), (9, 12), (20, 1), (11, 3), (11, 7), (9, 13), (21, 1), (12, 3), (12, 7), (22, 1), (13, 3), (13, 7), (23, 1), (13, 2), (14, 7), (23, 2), (24, 1), (13, 1), (15, 7), (23, 3), (25, 1), (12, 1), (16, 7), (23, 4), (26, 1), (11, 1), (17, 7), (23, 5), (27, 1), (10, 1), (17, 6), (22, 5), (28, 1), (9, 1)]",46,0,46
152,"(21, 5)","(22, 5)",West,"[(20, 5) via West]","[(21, 5):46, (29, 1):46, (8, 1):47, (18, 5):47]","[(29, 1):46, (8, 1):47, (18, 5):47, (20, 5):47]","[(1, 15), (1, 14), (2, 15), (1, 13), (3, 15), (1, 12), (4, 15), (1, 11), (5, 15), (2, 11), (5, 14), (3, 11), (5, 13), (3, 12), (3, 10), (6, 13), (3, 13), (3, 9), (7, 13), (2, 9), (7, 14), (7, 12), (1, 9), (7, 15), (7, 11), (1, 8), (8, 15), (6, 11), (1, 7), (9, 15), (5, 11), (1, 6), (10, 15), (5, 10), (1, 5), (11, 15), (5, 9), (1, 4), (11, 14), (6, 9), (1, 3), (11, 13), (7, 9), (2, 3), (12, 13), (8, 9), (3, 3), (13, 13), (9, 9), (4, 3), (13, 14), (9, 8), (5, 3), (13, 15), (9, 7), (5, 4), (14, 15), (9, 6), (5, 5), (15, 15), (9, 5), (4, 5), (16, 15), (10, 5), (3, 5), (17, 15), (11, 5), (3, 6), (17, 14), (12, 5), (3, 7), (17, 13), (13, 5), (4, 7), (16, 13), (14, 5), (5, 7), (15, 13), (15, 5), (6, 7), (15, 12), (15, 4), (7, 7), (15, 11), (15, 3), (7, 6), (15, 10), (14, 11), (15, 2), (16, 3), (7, 5), (15, 9), (13, 11), (15, 1), (17, 3), (7, 4), (14, 9), (12, 11), (16, 1), (18, 3), (7, 3), (13, 9), (11, 11), (17, 1), (19, 3), (8, 3), (12, 9), (10, 11), (18, 1), (20, 3), (9, 3), (11, 9), (9, 11), (19, 1), (21, 3), (10, 3), (11, 8), (9, 12), (20, 1), (11, 3), (11, 7), (9, 13), (21, 1), (12, 3), (12, 7), (22, 1), (13, 3), (13, 7), (23, 1), (13, 2), (14, 7), (23, 2), (24, 1), (13, 1), (15, 7), (23, 3), (25, 1), (12, 1), (16, 7), (23, 4), (26, 1), (11, 1), (17, 7), (23, 5), (27, 1), (10, 1), (17, 6), (22, 5), (28, 1), (9, 1), (17, 5)]",46,0,46
153,"(29, 1)","(28, 1)",East,"[(30, 1) via East]","[(29, 1):46, (8, 1):47, (18, 5):47, (20, 5):47]","[(8, 1):47, (18, 5):47, (20, 5):47, (30, 1):47]","[(1, 15), (1, 14), (2, 15), (1, 13), (3, 15), (1, 12), (4, 15), (1, 11), (5, 15), (2, 11), (5, 14), (3, 11), (5, 13), (3, 12), (3, 10), (6, 13), (3, 13), (3, 9), (7, 13), (2, 9), (7, 14), (7, 12), (1, 9), (7, 15), (7, 11), (1, 8), (8, 15), (6, 11), (1, 7), (9, 15), (5, 11), (1, 6), (10, 15), (5, 10), (1, 5), (11, 15), (5, 9), (1, 4), (11, 14), (6, 9), (1, 3), (11, 13), (7, 9), (2, 3), (12, 13), (8, 9), (3, 3), (13, 13), (9, 9), (4, 3), (13, 14), (9, 8), (5, 3), (13, 15), (9, 7), (5, 4), (14, 15), (9, 6), (5, 5), (15, 15), (9, 5), (4, 5), (16, 15), (10, 5), (3, 5), (17, 15), (11, 5), (3, 6), (17, 14), (12, 5), (3, 7), (17, 13), (13, 5), (4, 7), (16, 13), (14, 5), (5, 7), (15, 13), (15, 5), (6, 7), (15, 12), (15, 4), (7, 7), (15, 11), (15, 3), (7, 6), (15, 10), (14, 11), (15, 2), (16, 3), (7, 5), (15, 9), (13, 11), (15, 1), (17, 3), (7, 4), (14, 9), (12, 11), (16, 1), (18, 3), (7, 3), (13, 9), (11, 11), (17, 1), (19, 3), (8, 3), (12, 9), (10, 11), (18, 1), (20, 3), (9, 3), (11, 9), (9, 11), (19, 1), (21, 3), (10, 3), (11, 8), (9, 12), (20, 1), (11, 3), (11, 7), (9, 13), (21, 1), (12, 3), (12, 7), (22, 1), (13, 3), (13, 7), (23, 1), (13, 2), (14, 7), (23, 2), (24, 1), (13, 1), (15, 7), (23, 3), (25, 1), (12, 1), (16, 7), (23, 4), (26, 1), (11, 1), (17, 7), (23, 5), (27, 1), (10, 1), (17, 6), (22, 5), (28, 1), (9, 1), (17, 5), (21, 5)]",46,0,46
154,"(8, 1)","(9, 1)",West,"[(7, 1) via West]","[(8, 1):47, (18, 5):47, (20, 5):47, (30, 1):47]","[(18, 5):47, (20, 5):47, (30, 1):47, (7, 1):48]","[(1, 15), (1, 14), (2, 15), (1, 13), (3, 15), (1, 12), (4, 15), (1, 11), (5, 15), (2, 11), (5, 14), (3, 11), (5, 13), (3, 12), (3, 10), (6, 13), (3, 13), (3, 9), (7, 13), (2, 9), (7, 14), (7, 12), (1, 9), (7, 15), (7, 11), (1, 8), (8, 15), (6, 11), (1, 7), (9, 15), (5, 11), (1, 6), (10, 15), (5, 10), (1, 5), (11, 15), (5, 9), (1, 4), (11, 14), (6, 9), (1, 3), (11, 13), (7, 9), (2, 3), (12, 13), (8, 9), (3, 3), (13, 13), (9, 9), (4, 3), (13, 14), (9, 8), (5, 3), (13, 15), (9, 7), (5, 4), (14, 15), (9, 6), (5, 5), (15, 15), (9, 5), (4, 5), (16, 15), (10, 5), (3, 5), (17, 15), (11, 5), (3, 6), (17, 14), (12, 5), (3, 7), (17, 13), (13, 5), (4, 7), (16, 13), (14, 5), (5, 7), (15, 13), (15, 5), (6, 7), (15, 12), (15, 4), (7, 7), (15, 11), (15, 3), (7, 6), (15, 10), (14, 11), (15, 2), (16, 3), (7, 5), (15, 9), (13, 11), (15, 1), (17, 3), (7, 4), (14, 9), (12, 11), (16, 1), (18, 3), (7, 3), (13, 9), (11, 11), (17, 1), (19, 3), (8, 3), (12, 9), (10, 11), (18, 1), (20, 3), (9, 3), (11, 9), (9, 11), (19, 1), (21, 3), (10, 3), (11, 8), (9, 12), (20, 1), (11, 3), (11, 7), (9, 13), (21, 1), (12, 3), (12, 7), (22, 1), (13, 3), (13, 7), (23, 1), (13, 2), (14, 7), (23, 2), (24, 1), (13, 1), (15, 7), (23, 3), (25, 1), (12, 1), (16, 7), (23, 4), (26, 1), (11, 1), (17, 7), (23, 5), (27, 1), (10, 1), (17, 6), (22, 5), (28, 1), (9, 1), (17, 5), (21, 5), (29, 1)]",47,0,47
155,"(18, 5)","(17, 5)",East,"[(19, 5) via East]","[(18, 5):47, (20, 5):47, (30, 1):47, (7, 1):48]","[(20, 5):47, (30, 1):47, (7, 1):48, (19, 5):48]","[(1, 15), (1, 14), (2, 15), (1, 13), (3, 15), (1, 12), (4, 15), (1, 11), (5, 15), (2, 11), (5, 14), (3, 11), (5, 13), (3, 12), (3, 10), (6, 13), (3, 13), (3, 9), (7, 13), (2, 9), (7, 14), (7, 12), (1, 9), (7, 15), (7, 11), (1, 8), (8, 15), (6, 11), (1, 7), (9, 15), (5, 11), (1, 6), (10, 15), (5, 10), (1, 5), (11, 15), (5, 9), (1, 4), (11, 14), (6, 9), (1, 3), (11, 13), (7, 9), (2, 3), (12, 13), (8, 9), (3, 3), (13, 13), (9, 9), (4, 3), (13, 14), (9, 8), (5, 3), (13, 15), (9, 7), (5, 4), (14, 15), (9, 6), (5, 5), (15, 15), (9, 5), (4, 5), (16, 15), (10, 5), (3, 5), (17, 15), (11, 5), (3, 6), (17, 14), (12, 5), (3, 7), (17, 13), (13, 5), (4, 7), (16, 13), (14, 5), (5, 7), (15, 13), (15, 5), (6, 7), (15, 12), (15, 4), (7, 7), (15, 11), (15, 3), (7, 6), (15, 10), (14, 11), (15, 2), (16, 3), (7, 5), (15, 9), (13, 11), (15, 1), (17, 3), (7, 4), (14, 9), (12, 11), (16, 1), (18, 3), (7, 3), (13, 9), (11, 11), (17, 1), (19, 3), (8, 3), (12, 9), (10, 11), (18, 1), (20, 3), (9, 3), (11, 9), (9, 11), (19, 1), (21, 3), (10, 3), (11, 8), (9, 12), (20, 1), (11, 3), (11, 7), (9, 13), (21, 1), (12, 3), (12, 7), (22, 1), (13, 3), (13, 7), (23, 1), (13, 2), (14, 7), (23, 2), (24, 1), (13, 1), (15, 7), (23, 3), (25, 1), (12, 1), (16, 7), (23, 4), (26, 1), (11, 1), (17, 7), (23, 5), (27, 1), (10, 1), (17, 6), (22, 5), (28, 1), (9, 1), (17, 5), (21, 5), (29, 1), (8, 1)]",47,0,47
156,"(20, 5)","(21, 5)",West,[],"[(20, 5):47, (30, 1):47, (7, 1):48, (19, 5):48]","[(30, 1):47, (7, 1):48, (19, 5):48]","[(1, 15), (1, 14), (2, 15), (1, 13), (3, 15), (1, 12), (4, 15), (1, 11), (5, 15), (2, 11), (5, 14), (3, 11), (5, 13), (3, 12), (3, 10), (6, 13), (3, 13), (3, 9), (7, 13), (2, 9), (7, 14), (7, 12), (1, 9), (7, 15), (7, 11), (1, 8), (8, 15), (6, 11), (1, 7), (9, 15), (5, 11), (1, 6), (10, 15), (5, 10), (1, 5), (11, 15), (5, 9), (1, 4), (11, 14), (6, 9), (1, 3), (11, 13), (7, 9), (2, 3), (12, 13), (8, 9), (3, 3), (13, 13), (9, 9), (4, 3), (13, 14), (9, 8), (5, 3), (13, 15), (9, 7), (5, 4), (14, 15), (9, 6), (5, 5), (15, 15), (9, 5), (4, 5), (16, 15), (10, 5), (3, 5), (17, 15), (11, 5), (3, 6), (17, 14), (12, 5), (3, 7), (17, 13), (13, 5), (4, 7), (16, 13), (14, 5), (5, 7), (15, 13), (15, 5), (6, 7), (15, 12), (15, 4), (7, 7), (15, 11), (15, 3), (7, 6), (15, 10), (14, 11), (15, 2), (16, 3), (7, 5), (15, 9), (13, 11), (15, 1), (17, 3), (7, 4), (14, 9), (12, 11), (16, 1), (18, 3), (7, 3), (13, 9), (11, 11), (17, 1), (19, 3), (8, 3), (12, 9), (10, 11), (18, 1), (20, 3), (9, 3), (11, 9), (9, 11), (19, 1), (21, 3), (10, 3), (11, 8), (9, 12), (20, 1), (11, 3), (11, 7), (9, 13), (21, 1), (12, 3), (12, 7), (22, 1), (13, 3), (13, 7), (23, 1), (13, 2), (14, 7), (23, 2), (24, 1), (13, 1), (15, 7), (23, 3), (25, 1), (12, 1), (16, 7), (23, 4), (26, 1), (11, 1), (17, 7), (23, 5), (27, 1), (10, 1), (17, 6), (22, 5), (28, 1), (9, 1), (17, 5), (21, 5), (29, 1), (8, 1), (18, 5)]",47,0,47
157,"(30, 1)","(29, 1)",East,"[(31, 1) via East]","[(30, 1):47, (7, 1):48, (19, 5):48]","[(7, 1):48, (19, 5):48, (31, 1):48]","[(1, 15), (1, 14), (2, 15), (1, 13), (3, 15), (1, 12), (4, 15), (1, 11), (5, 15), (2, 11), (5, 14), (3, 11), (5, 13), (3, 12), (3, 10), (6, 13), (3, 13), (3, 9), (7, 13), (2, 9), (7, 14), (7, 12), (1, 9), (7, 15), (7, 11), (1, 8), (8, 15), (6, 11), (1, 7), (9, 15), (5, 11), (1, 6), (10, 15), (5, 10), (1, 5), (11, 15), (5, 9), (1, 4), (11, 14), (6, 9), (1, 3), (11, 13), (7, 9), (2, 3), (12, 13), (8, 9), (3, 3), (13, 13), (9, 9), (4, 3), (13, 14), (9, 8), (5, 3), (13, 15), (9, 7), (5, 4), (14, 15), (9, 6), (5, 5), (15, 15), (9, 5), (4, 5), (16, 15), (10, 5), (3, 5), (17, 15), (11, 5), (3, 6), (17, 14), (12, 5), (3, 7), (17, 13), (13, 5), (4, 7), (16, 13), (14, 5), (5, 7), (15, 13), (15, 5), (6, 7), (15, 12), (15, 4), (7, 7), (15, 11), (15, 3), (7, 6), (15, 10), (14, 11), (15, 2), (16, 3), (7, 5), (15, 9), (13, 11), (15, 1), (17, 3), (7, 4), (14, 9), (12, 11), (16, 1), (18, 3), (7, 3), (13, 9), (11, 11), (17, 1), (19, 3), (8, 3), (12, 9), (10, 11), (18, 1), (20, 3), (9, 3), (11, 9), (9, 11), (19, 1), (21, 3), (10, 3), (11, 8), (9, 12), (20, 1), (11, 3), (11, 7), (9, 13), (21, 1), (12, 3), (12, 7), (22, 1), (13, 3), (13, 7), (23, 1), (13, 2), (14, 7), (23, 2), (24, 1), (13, 1), (15, 7), (23, 3), (25, 1), (12, 1), (16, 7), (23, 4), (26, 1), (11, 1), (17, 7), (23, 5), (27, 1), (10, 1), (17, 6), (22, 5), (28, 1), (9, 1), (17, 5), (21, 5), (29, 1), (8, 1), (18, 5), (20, 5)]",47,0,47
158,"(7, 1)","(8, 1)",West,"[(6, 1) via West]","[(7, 1):48, (19, 5):48, (31, 1):48]","[(19, 5):48, (31, 1):48, (6, 1):49]","[(1, 15), (1, 14), (2, 15), (1, 13), (3, 15), (1, 12), (4, 15), (1, 11), (5, 15), (2, 11), (5, 14), (3, 11), (5, 13), (3, 12), (3, 10), (6, 13), (3, 13), (3, 9), (7, 13), (2, 9), (7, 14), (7, 12), (1, 9), (7, 15), (7, 11), (1, 8), (8, 15), (6, 11), (1, 7), (9, 15), (5, 11), (1, 6), (10, 15), (5, 10), (1, 5), (11, 15), (5, 9), (1, 4), (11, 14), (6, 9), (1, 3), (11, 13), (7, 9), (2, 3), (12, 13), (8, 9), (3, 3), (13, 13), (9, 9), (4, 3), (13, 14), (9, 8), (5, 3), (13, 15), (9, 7), (5, 4), (14, 15), (9, 6), (5, 5), (15, 15), (9, 5), (4, 5), (16, 15), (10, 5), (3, 5), (17, 15), (11, 5), (3, 6), (17, 14), (12, 5), (3, 7), (17, 13), (13, 5), (4, 7), (16, 13), (14, 5), (5, 7), (15, 13), (15, 5), (6, 7), (15, 12), (15, 4), (7, 7), (15, 11), (15, 3), (7, 6), (15, 10), (14, 11), (15, 2), (16, 3), (7, 5), (15, 9), (13, 11), (15, 1), (17, 3), (7, 4), (14, 9), (12, 11), (16, 1), (18, 3), (7, 3), (13, 9), (11, 11), (17, 1), (19, 3), (8, 3), (12, 9), (10, 11), (18, 1), (20, 3), (9, 3), (11, 9), (9, 11), (19, 1), (21, 3), (10, 3), (11, 8), (9, 12), (20, 1), (11, 3), (11, 7), (9, 13), (21, 1), (12, 3), (12, 7), (22, 1), (13, 3), (13, 7), (23, 1), (13, 2), (14, 7), (23, 2), (24, 1), (13, 1), (15, 7), (23, 3), (25, 1), (12, 1), (16, 7), (23, 4), (26, 1), (11, 1), (17, 7), (23, 5), (27, 1), (10, 1), (17, 6), (22, 5), (28, 1), (9, 1), (17, 5), (21, 5), (29, 1), (8, 1), (18, 5), (20, 5), (30, 1)]",48,0,48
159,"(19, 5)","(18, 5)",East,[],"[(19, 5):48, (31, 1):48, (6, 1):49]","[(31, 1):48, (6, 1):49]","[(1, 15), (1, 14), (2, 15), (1, 13), (3, 15), (1, 12), (4, 15), (1, 11), (5, 15), (2, 11), (5, 14), (3, 11), (5, 13), (3, 12), (3, 10), (6, 13), (3, 13), (3, 9), (7, 13), (2, 9), (7, 14), (7, 12), (1, 9), (7, 15), (7, 11), (1, 8), (8, 15), (6, 11), (1, 7), (9, 15), (5, 11), (1, 6), (10, 15), (5, 10), (1, 5), (11, 15), (5, 9), (1, 4), (11, 14), (6, 9), (1, 3), (11, 13), (7, 9), (2, 3), (12, 13), (8, 9), (3, 3), (13, 13), (9, 9), (4, 3), (13, 14), (9, 8), (5, 3), (13, 15), (9, 7), (5, 4), (14, 15), (9, 6), (5, 5), (15, 15), (9, 5), (4, 5), (16, 15), (10, 5), (3, 5), (17, 15), (11, 5), (3, 6), (17, 14), (12, 5), (3, 7), (17, 13), (13, 5), (4, 7), (16, 13), (14, 5), (5, 7), (15, 13), (15, 5), (6, 7), (15, 12), (15, 4), (7, 7), (15, 11), (15, 3), (7, 6), (15, 10), (14, 11), (15, 2), (16, 3), (7, 5), (15, 9), (13, 11), (15, 1), (17, 3), (7, 4), (14, 9), (12, 11), (16, 1), (18, 3), (7, 3), (13, 9), (11, 11), (17, 1), (19, 3), (8, 3), (12, 9), (10, 11), (18, 1), (20, 3), (9, 3), (11, 9), (9, 11), (19, 1), (21, 3), (10, 3), (11, 8), (9, 12), (20, 1), (11, 3), (11, 7), (9, 13), (21, 1), (12, 3), (12, 7), (22, 1), (13, 3), (13, 7), (23, 1), (13, 2), (14, 7), (23, 2), (24, 1), (13, 1), (15, 7), (23, 3), (25, 1), (12, 1), (16, 7), (23, 4), (26, 1), (11, 1), (17, 7), (23, 5), (27, 1), (10, 1), (17, 6), (22, 5), (28, 1), (9, 1), (17, 5), (21, 5), (29, 1), (8, 1), (18, 5), (20, 5), (30, 1), (7, 1)]",48,0,48
160,"(31, 1)","(30, 1)",East,"[(32, 1) via East]","[(31, 1):48, (6, 1):49]","[(6, 1):49, (32, 1):49]","[(1, 15), (1, 14), (2, 15), (1, 13), (3, 15), (1, 12), (4, 15), (1, 11), (5, 15), (2, 11), (5, 14), (3, 11), (5, 13), (3, 12), (3, 10), (6, 13), (3, 13), (3, 9), (7, 13), (2, 9), (7, 14), (7, 12), (1, 9), (7, 15), (7, 11), (1, 8), (8, 15), (6, 11), (1, 7), (9, 15), (5, 11), (1, 6), (10, 15), (5, 10), (1, 5), (11, 15), (5, 9), (1, 4), (11, 14), (6, 9), (1, 3), (11, 13), (7, 9), (2, 3), (12, 13), (8, 9), (3, 3), (13, 13), (9, 9), (4, 3), (13, 14), (9, 8), (5, 3), (13, 15), (9, 7), (5, 4), (14, 15), (9, 6), (5, 5), (15, 15), (9, 5), (4, 5), (16, 15), (10, 5), (3, 5), (17, 15), (11, 5), (3, 6), (17, 14), (12, 5), (3, 7), (17, 13), (13, 5), (4, 7), (16, 13), (14, 5), (5, 7), (15, 13), (15, 5), (6, 7), (15, 12), (15, 4), (7, 7), (15, 11), (15, 3), (7, 6), (15, 10), (14, 11), (15, 2), (16, 3), (7, 5), (15, 9), (13, 11), (15, 1), (17, 3), (7, 4), (14, 9), (12, 11), (16, 1), (18, 3), (7, 3), (13, 9), (11, 11), (17, 1), (19, 3), (8, 3), (12, 9), (10, 11), (18, 1), (20, 3), (9, 3), (11, 9), (9, 11), (19, 1), (21, 3), (10, 3), (11, 8), (9, 12), (20, 1), (11, 3), (11, 7), (9, 13), (21, 1), (12, 3), (12, 7), (22, 1), (13, 3), (13, 7), (23, 1), (13, 2), (14, 7), (23, 2), (24, 1), (13, 1), (15, 7), (23, 3), (25, 1), (12, 1), (16, 7), (23, 4), (26, 1), (11, 1), (17, 7), (23, 5), (27, 1), (10, 1), (17, 6), (22, 5), (28, 1), (9, 1), (17, 5), (21, 5), (29, 1), (8, 1), (18, 5), (20, 5), (30, 1), (7, 1), (19, 5)]",48,0,48
161,"(6, 1)","(7, 1)",West,"[(5, 1) via West]","[(6, 1):49, (32, 1):49]","[(32, 1):49, (5, 1):50]","[(1, 15), (1, 14), (2, 15), (1, 13), (3, 15), (1, 12), (4, 15), (1, 11), (5, 15), (2, 11), (5, 14), (3, 11), (5, 13), (3, 12), (3, 10), (6, 13), (3, 13), (3, 9), (7, 13), (2, 9), (7, 14), (7, 12), (1, 9), (7, 15), (7, 11), (1, 8), (8, 15), (6, 11), (1, 7), (9, 15), (5, 11), (1, 6), (10, 15), (5, 10), (1, 5), (11, 15), (5, 9), (1, 4), (11, 14), (6, 9), (1, 3), (11, 13), (7, 9), (2, 3), (12, 13), (8, 9), (3, 3), (13, 13), (9, 9), (4, 3), (13, 14), (9, 8), (5, 3), (13, 15), (9, 7), (5, 4), (14, 15), (9, 6), (5, 5), (15, 15), (9, 5), (4, 5), (16, 15), (10, 5), (3, 5), (17, 15), (11, 5), (3, 6), (17, 14), (12, 5), (3, 7), (17, 13), (13, 5), (4, 7), (16, 13), (14, 5), (5, 7), (15, 13), (15, 5), (6, 7), (15, 12), (15, 4), (7, 7), (15, 11), (15, 3), (7, 6), (15, 10), (14, 11), (15, 2), (16, 3), (7, 5), (15, 9), (13, 11), (15, 1), (17, 3), (7, 4), (14, 9), (12, 11), (16, 1), (18, 3), (7, 3), (13, 9), (11, 11), (17, 1), (19, 3), (8, 3), (12, 9), (10, 11), (18, 1), (20, 3), (9, 3), (11, 9), (9, 11), (19, 1), (21, 3), (10, 3), (11, 8), (9, 12), (20, 1), (11, 3), (11, 7), (9, 13), (21, 1), (12, 3), (12, 7), (22, 1), (13, 3), (13, 7), (23, 1), (13, 2), (14, 7), (23, 2), (24, 1), (13, 1), (15, 7), (23, 3), (25, 1), (12, 1), (16, 7), (23, 4), (26, 1), (11, 1), (17, 7), (23, 5), (27, 1), (10, 1), (17, 6), (22, 5), (28, 1), (9, 1), (17, 5), (21, 5), (29, 1), (8, 1), (18, 5), (20, 5), (30, 1), (7, 1), (19, 5), (31, 1)]",49,0,49
162,"(32, 1)","(31, 1)",East,"[(33, 1) via East]","[(32, 1):49, (5, 1):50]","[(5, 1):50, (33, 1):50]","[(1, 15), (1, 14), (2, 15), (1, 13), (3, 15), (1, 12), (4, 15), (1, 11), (5, 15), (2, 11), (5, 14), (3, 11), (5, 13), (3, 12), (3, 10), (6, 13), (3, 13), (3, 9), (7, 13), (2, 9), (7, 14), (7, 12), (1, 9), (7, 15), (7, 11), (1, 8), (8, 15), (6, 11), (1, 7), (9, 15), (5, 11), (1, 6), (10, 15), (5, 10), (1, 5), (11, 15), (5, 9), (1, 4), (11, 14), (6, 9), (1, 3), (11, 13), (7, 9), (2, 3), (12, 13), (8, 9), (3, 3), (13, 13), (9, 9), (4, 3), (13, 14), (9, 8), (5, 3), (13, 15), (9, 7), (5, 4), (14, 15), (9, 6), (5, 5), (15, 15), (9, 5), (4, 5), (16, 15), (10, 5), (3, 5), (17, 15), (11, 5), (3, 6), (17, 14), (12, 5), (3, 7), (17, 13), (13, 5), (4, 7), (16, 13), (14, 5), (5, 7), (15, 13), (15, 5), (6, 7), (15, 12), (15, 4), (7, 7), (15, 11), (15, 3), (7, 6), (15, 10), (14, 11), (15, 2), (16, 3), (7, 5), (15, 9), (13, 11), (15, 1), (17, 3), (7, 4), (14, 9), (12, 11), (16, 1), (18, 3), (7, 3), (13, 9), (11, 11), (17, 1), (19, 3), (8, 3), (12, 9), (10, 11), (18, 1), (20, 3), (9, 3), (11, 9), (9, 11), (19, 1), (21, 3), (10, 3), (11, 8), (9, 12), (20, 1), (11, 3), (11, 7), (9, 13), (21, 1), (12, 3), (12, 7), (22, 1), (13, 3), (13, 7), (23, 1), (13, 2), (14, 7), (23, 2), (24, 1), (13, 1), (15, 7), (23, 3), (25, 1), (12, 1), (16, 7), (23, 4), (26, 1), (11, 1), (17, 7), (23, 5), (27, 1), (10, 1), (17, 6), (22, 5), (28, 1), (9, 1), (17, 5), (21, 5), (29, 1), (8, 1), (18, 5), (20, 5), (30, 1), (7, 1), (19, 5), (31, 1), (6, 1)]",49,0,49
163,"(5, 1)","(6, 1)",West,"[(4, 1) via West]","[(5, 1):50, (33, 1):50]","[(33, 1):50, (4, 1):51]","[(1, 15), (1, 14), (2, 15), (1, 13), (3, 15), (1, 12), (4, 15), (1, 11), (5, 15), (2, 11), (5, 14), (3, 11), (5, 13), (3, 12), (3, 10), (6, 13), (3, 13), (3, 9), (7, 13), (2, 9), (7, 14), (7, 12), (1, 9), (7, 15), (7, 11), (1, 8), (8, 15), (6, 11), (1, 7), (9, 15), (5, 11), (1, 6), (10, 15), (5, 10), (1, 5), (11, 15), (5, 9), (1, 4), (11, 14), (6, 9), (1, 3), (11, 13), (7, 9), (2, 3), (12, 13), (8, 9), (3, 3), (13, 13), (9, 9), (4, 3), (13, 14), (9, 8), (5, 3), (13, 15), (9, 7), (5, 4), (14, 15), (9, 6), (5, 5), (15, 15), (9, 5), (4, 5), (16, 15), (10, 5), (3, 5), (17, 15), (11, 5), (3, 6), (17, 14), (12, 5), (3, 7), (17, 13), (13, 5), (4, 7), (16, 13), (14, 5), (5, 7), (15, 13), (15, 5), (6, 7), (15, 12), (15, 4), (7, 7), (15, 11), (15, 3), (7, 6), (15, 10), (14, 11), (15, 2), (16, 3), (7, 5), (15, 9), (13, 11), (15, 1), (17, 3), (7, 4), (14, 9), (12, 11), (16, 1), (18, 3), (7, 3), (13, 9), (11, 11), (17, 1), (19, 3), (8, 3), (12, 9), (10, 11), (18, 1), (20, 3), (9, 3), (11, 9), (9, 11), (19, 1), (21, 3), (10, 3), (11, 8), (9, 12), (20, 1), (11, 3), (11, 7), (9, 13), (21, 1), (12, 3), (12, 7), (22, 1), (13, 3), (13, 7), (23, 1), (13, 2), (14, 7), (23, 2), (24, 1), (13, 1), (15, 7), (23, 3), (25, 1), (12, 1), (16, 7), (23, 4), (26, 1), (11, 1), (17, 7), (23, 5), (27, 1), (10, 1), (17, 6), (22, 5), (28, 1), (9, 1), (17, 5), (21, 5), (29, 1), (8, 1), (18, 5), (20, 5), (30, 1), (7, 1), (19, 5), (31, 1), (6, 1), (32, 1)]",50,0,50
164,"(33, 1)","(32, 1)",East,"[(33, 2) via North, (34, 1) via East]","[(33, 1):50, (4, 1):51]","[(4, 1):51, (33, 2):51, (34, 1):51]","[(1, 15), (1, 14), (2, 15), (1, 13), (3, 15), (1, 12), (4, 15), (1, 11), (5, 15), (2, 11), (5, 14), (3, 11), (5, 13), (3, 12), (3, 10), (6, 13), (3, 13), (3, 9), (7, 13), (2, 9), (7, 14), (7, 12), (1, 9), (7, 15), (7, 11), (1, 8), (8, 15), (6, 11), (1, 7), (9, 15), (5, 11), (1, 6), (10, 15), (5, 10), (1, 5), (11, 15), (5, 9), (1, 4), (11, 14), (6, 9), (1, 3), (11, 13), (7, 9), (2, 3), (12, 13), (8, 9), (3, 3), (13, 13), (9, 9), (4, 3), (13, 14), (9, 8), (5, 3), (13, 15), (9, 7), (5, 4), (14, 15), (9, 6), (5, 5), (15, 15), (9, 5), (4, 5), (16, 15), (10, 5), (3, 5), (17, 15), (11, 5), (3, 6), (17, 14), (12, 5), (3, 7), (17, 13), (13, 5), (4, 7), (16, 13), (14, 5), (5, 7), (15, 13), (15, 5), (6, 7), (15, 12), (15, 4), (7, 7), (15, 11), (15, 3), (7, 6), (15, 10), (14, 11), (15, 2), (16, 3), (7, 5), (15, 9), (13, 11), (15, 1), (17, 3), (7, 4), (14, 9), (12, 11), (16, 1), (18, 3), (7, 3), (13, 9), (11, 11), (17, 1), (19, 3), (8, 3), (12, 9), (10, 11), (18, 1), (20, 3), (9, 3), (11, 9), (9, 11), (19, 1), (21, 3), (10, 3), (11, 8), (9, 12), (20, 1), (11, 3), (11, 7), (9, 13), (21, 1), (12, 3), (12, 7), (22, 1), (13, 3), (13, 7), (23, 1), (13, 2), (14, 7), (23, 2), (24, 1), (13, 1), (15, 7), (23, 3), (25, 1), (12, 1), (16, 7), (23, 4), (26, 1), (11, 1), (17, 7), (23, 5), (27, 1), (10, 1), (17, 6), (22, 5), (28, 1), (9, 1), (17, 5), (21, 5), (29, 1), (8, 1), (18, 5), (20, 5), (30, 1), (7, 1), (19, 5), (31, 1), (6, 1), (32, 1), (5, 1)]",50,0,50
165,"(4, 1)","(5, 1)",West,"[(3, 1) via West]","[(4, 1):51, (33, 2):51, (34, 1):51]","[(33, 2):51, (34, 1):51, (3, 1):52]","[(1, 15), (1, 14), (2, 15), (1, 13), (3, 15), (1, 12), (4, 15), (1, 11), (5, 15), (2, 11), (5, 14), (3, 11), (5, 13), (3, 12), (3, 10), (6, 13), (3, 13), (3, 9), (7, 13), (2, 9), (7, 14), (7, 12), (1, 9), (7, 15), (7, 11), (1, 8), (8, 15), (6, 11), (1, 7), (9, 15), (5, 11), (1, 6), (10, 15), (5, 10), (1, 5), (11, 15), (5, 9), (1, 4), (11, 14), (6, 9), (1, 3), (11, 13), (7, 9), (2, 3), (12, 13), (8, 9), (3, 3), (13, 13), (9, 9), (4, 3), (13, 14), (9, 8), (5, 3), (13, 15), (9, 7), (5, 4), (14, 15), (9, 6), (5, 5), (15, 15), (9, 5), (4, 5), (16, 15), (10, 5), (3, 5), (17, 15), (11, 5), (3, 6), (17, 14), (12, 5), (3, 7), (17, 13), (13, 5), (4, 7), (16, 13), (14, 5), (5, 7), (15, 13), (15, 5), (6, 7), (15, 12), (15, 4), (7, 7), (15, 11), (15, 3), (7, 6), (15, 10), (14, 11), (15, 2), (16, 3), (7, 5), (15, 9), (13, 11), (15, 1), (17, 3), (7, 4), (14, 9), (12, 11), (16, 1), (18, 3), (7, 3), (13, 9), (11, 11), (17, 1), (19, 3), (8, 3), (12, 9), (10, 11), (18, 1), (20, 3), (9, 3), (11, 9), (9, 11), (19, 1), (21, 3), (10, 3), (11, 8), (9, 12), (20, 1), (11, 3), (11, 7), (9, 13), (21, 1), (12, 3), (12, 7), (22, 1), (13, 3), (13, 7), (23, 1), (13, 2), (14, 7), (23, 2), (24, 1), (13, 1), (15, 7), (23, 3), (25, 1), (12, 1), (16, 7), (23, 4), (26, 1), (11, 1), (17, 7), (23, 5), (27, 1), (10, 1), (17, 6), (22, 5), (28, 1), (9, 1), (17, 5), (21, 5), (29, 1), (8, 1), (18, 5), (20, 5), (30, 1), (7, 1), (19, 5), (31, 1), (6, 1), (32, 1), (5, 1), (33, 1)]",51,0,51
166,"(33, 2)","(33, 1)",North,"[(33, 3) via North, (34, 2) via East]","[(33, 2):51, (34, 1):51, (3, 1):52]","[(34, 1):51, (3, 1):52, (33, 3):52, (34, 2):52]","[(1, 15), (1, 14), (2, 15), (1, 13), (3, 15), (1, 12), (4, 15), (1, 11), (5, 15), (2, 11), (5, 14), (3, 11), (5, 13), (3, 12), (3, 10), (6, 13), (3, 13), (3, 9), (7, 13), (2, 9), (7, 14), (7, 12), (1, 9), (7, 15), (7, 11), (1, 8), (8, 15), (6, 11), (1, 7), (9, 15), (5, 11), (1, 6), (10, 15), (5, 10), (1, 5), (11, 15), (5, 9), (1, 4), (11, 14), (6, 9), (1, 3), (11, 13), (7, 9), (2, 3), (12, 13), (8, 9), (3, 3), (13, 13), (9, 9), (4, 3), (13, 14), (9, 8), (5, 3), (13, 15), (9, 7), (5, 4), (14, 15), (9, 6), (5, 5), (15, 15), (9, 5), (4, 5), (16, 15), (10, 5), (3, 5), (17, 15), (11, 5), (3, 6), (17, 14), (12, 5), (3, 7), (17, 13), (13, 5), (4, 7), (16, 13), (14, 5), (5, 7), (15, 13), (15, 5), (6, 7), (15, 12), (15, 4), (7, 7), (15, 11), (15, 3), (7, 6), (15, 10), (14, 11), (15, 2), (16, 3), (7, 5), (15, 9), (13, 11), (15, 1), (17, 3), (7, 4), (14, 9), (12, 11), (16, 1), (18, 3), (7, 3), (13, 9), (11, 11), (17, 1), (19, 3), (8, 3), (12, 9), (10, 11), (18, 1), (20, 3), (9, 3), (11, 9), (9, 11), (19, 1), (21, 3), (10, 3), (11, 8), (9, 12), (20, 1), (11, 3), (11, 7), (9, 13), (21, 1), (12, 3), (12, 7), (22, 1), (13, 3), (13, 7), (23, 1), (13, 2), (14, 7), (23, 2), (24, 1), (13, 1), (15, 7), (23, 3), (25, 1), (12, 1), (16, 7), (23, 4), (26, 1), (11, 1), (17, 7), (23, 5), (27, 1), (10, 1), (17, 6), (22, 5), (28, 1), (9, 1), (17, 5), (21, 5), (29, 1), (8, 1), (18, 5), (20, 5), (30, 1), (7, 1), (19, 5), (31, 1), (6, 1), (32, 1), (5, 1), (33, 1), (4, 1)]",51,0,51
167,"(34, 1)","(33, 1)",East,[],"[(34, 1):51, (3, 1):52, (33, 3):52, (34, 2):52]","[(3, 1):52, (33, 3):52, (34, 2):52]","[(1, 15), (1, 14), (2, 15), (1, 13), (3, 15), (1, 12), (4, 15), (1, 11), (5, 15), (2, 11), (5, 14), (3, 11), (5, 13), (3, 12), (3, 10), (6, 13), (3, 13), (3, 9), (7, 13), (2, 9), (7, 14), (7, 12), (1, 9), (7, 15), (7, 11), (1, 8), (8, 15), (6, 11), (1, 7), (9, 15), (5, 11), (1, 6), (10, 15), (5, 10), (1, 5), (11, 15), (5, 9), (1, 4), (11, 14), (6, 9), (1, 3), (11, 13), (7, 9), (2, 3), (12, 13), (8, 9), (3, 3), (13, 13), (9, 9), (4, 3), (13, 14), (9, 8), (5, 3), (13, 15), (9, 7), (5, 4), (14, 15), (9, 6), (5, 5), (15, 15), (9, 5), (4, 5), (16, 15), (10, 5), (3, 5), (17, 15), (11, 5), (3, 6), (17, 14), (12, 5), (3, 7), (17, 13), (13, 5), (4, 7), (16, 13), (14, 5), (5, 7), (15, 13), (15, 5), (6, 7), (15, 12), (15, 4), (7, 7), (15, 11), (15, 3), (7, 6), (15, 10), (14, 11), (15, 2), (16, 3), (7, 5), (15, 9), (13, 11), (15, 1), (17, 3), (7, 4), (14, 9), (12, 11), (16, 1), (18, 3), (7, 3), (13, 9), (11, 11), (17, 1), (19, 3), (8, 3), (12, 9), (10, 11), (18, 1), (20, 3), (9, 3), (11, 9), (9, 11), (19, 1), (21, 3), (10, 3), (11, 8), (9, 12), (20, 1), (11, 3), (11, 7), (9, 13), (21, 1), (12, 3), (12, 7), (22, 1), (13, 3), (13, 7), (23, 1), (13, 2), (14, 7), (23, 2), (24, 1), (13, 1), (15, 7), (23, 3), (25, 1), (12, 1), (16, 7), (23, 4), (26, 1), (11, 1), (17, 7), (23, 5), (27, 1), (10, 1), (17, 6), (22, 5), (28, 1), (9, 1), (17, 5), (21, 5), (29, 1), (8, 1), (18, 5), (20, 5), (30, 1), (7, 1), (19, 5), (31, 1), (6, 1), (32, 1), (5, 1), (33, 1), (4, 1), (33, 2)]",51,0,51
168,"(3, 1)","(4, 1)",West,"[(2, 1) via West]","[(3, 1):52, (33, 3):52, (34, 2):52]","[(33, 3):52, (34, 2):52, (2, 1):53]","[(1, 15), (1, 14), (2, 15), (1, 13), (3, 15), (1, 12), (4, 15), (1, 11), (5, 15), (2, 11), (5, 14), (3, 11), (5, 13), (3, 12), (3, 10), (6, 13), (3, 13), (3, 9), (7, 13), (2, 9), (7, 14), (7, 12), (1, 9), (7, 15), (7, 11), (1, 8), (8, 15), (6, 11), (1, 7), (9, 15), (5, 11), (1, 6), (10, 15), (5, 10), (1, 5), (11, 15), (5, 9), (1, 4), (11, 14), (6, 9), (1, 3), (11, 13), (7, 9), (2, 3), (12, 13), (8, 9), (3, 3), (13, 13), (9, 9), (4, 3), (13, 14), (9, 8), (5, 3), (13, 15), (9, 7), (5, 4), (14, 15), (9, 6), (5, 5), (15, 15), (9, 5), (4, 5), (16, 15), (10, 5), (3, 5), (17, 15), (11, 5), (3, 6), (17, 14), (12, 5), (3, 7), (17, 13), (13, 5), (4, 7), (16, 13), (14, 5), (5, 7), (15, 13), (15, 5), (6, 7), (15, 12), (15, 4), (7, 7), (15, 11), (15, 3), (7, 6), (15, 10), (14, 11), (15, 2), (16, 3), (7, 5), (15, 9), (13, 11), (15, 1), (17, 3), (7, 4), (14, 9), (12, 11), (16, 1), (18, 3), (7, 3), (13, 9), (11, 11), (17, 1), (19, 3), (8, 3), (12, 9), (10, 11), (18, 1), (20, 3), (9, 3), (11, 9), (9, 11), (19, 1), (21, 3), (10, 3), (11, 8), (9, 12), (20, 1), (11, 3), (11, 7), (9, 13), (21, 1), (12, 3), (12, 7), (22, 1), (13, 3), (13, 7), (23, 1), (13, 2), (14, 7), (23, 2), (24, 1), (13, 1), (15, 7), (23, 3), (25, 1), (12, 1), (16, 7), (23, 4), (26, 1), (11, 1), (17, 7), (23, 5), (27, 1), (10, 1), (17, 6), (22, 5), (28, 1), (9, 1), (17, 5), (21, 5), (29, 1), (8, 1), (18, 5), (20, 5), (30, 1), (7, 1), (19, 5), (31, 1), (6, 1), (32, 1), (5, 1), (33, 1), (4, 1), (33, 2), (34, 1)]",52,0,52
169,"(33, 3)","(33, 2)",North,"[(33, 4) via North, (34, 3) via East]","[(33, 3):52, (34, 2):52, (2, 1):53]","[(34, 2):52, (2, 1):53, (33, 4):53, (34, 3):53]","[(1, 15), (1, 14), (2, 15), (1, 13), (3, 15), (1, 12), (4, 15), (1, 11), (5, 15), (2, 11), (5, 14), (3, 11), (5, 13), (3, 12), (3, 10), (6, 13), (3, 13), (3, 9), (7, 13), (2, 9), (7, 14), (7, 12), (1, 9), (7, 15), (7, 11), (1, 8), (8, 15), (6, 11), (1, 7), (9, 15), (5, 11), (1, 6), (10, 15), (5, 10), (1, 5), (11, 15), (5, 9), (1, 4), (11, 14), (6, 9), (1, 3), (11, 13), (7, 9), (2, 3), (12, 13), (8, 9), (3, 3), (13, 13), (9, 9), (4, 3), (13, 14), (9, 8), (5, 3), (13, 15), (9, 7), (5, 4), (14, 15), (9, 6), (5, 5), (15, 15), (9, 5), (4, 5), (16, 15), (10, 5), (3, 5), (17, 15), (11, 5), (3, 6), (17, 14), (12, 5), (3, 7), (17, 13), (13, 5), (4, 7), (16, 13), (14, 5), (5, 7), (15, 13), (15, 5), (6, 7), (15, 12), (15, 4), (7, 7), (15, 11), (15, 3), (7, 6), (15, 10), (14, 11), (15, 2), (16, 3), (7, 5), (15, 9), (13, 11), (15, 1), (17, 3), (7, 4), (14, 9), (12, 11), (16, 1), (18, 3), (7, 3), (13, 9), (11, 11), (17, 1), (19, 3), (8, 3), (12, 9), (10, 11), (18, 1), (20, 3), (9, 3), (11, 9), (9, 11), (19, 1), (21, 3), (10, 3), (11, 8), (9, 12), (20, 1), (11, 3), (11, 7), (9, 13), (21, 1), (12, 3), (12, 7), (22, 1), (13, 3), (13, 7), (23, 1), (13, 2), (14, 7), (23, 2), (24, 1), (13, 1), (15, 7), (23, 3), (25, 1), (12, 1), (16, 7), (23, 4), (26, 1), (11, 1), (17, 7), (23, 5), (27, 1), (10, 1), (17, 6), (22, 5), (28, 1), (9, 1), (17, 5), (21, 5), (29, 1), (8, 1), (18, 5), (20, 5), (30, 1), (7, 1), (19, 5), (31, 1), (6, 1), (32, 1), (5, 1), (33, 1), (4, 1), (33, 2), (34, 1), (3, 1)]",52,0,52
170,"(34, 2)","(33, 2)",East,[],"[(34, 2):52, (2, 1):53, (33, 4):53, (34, 3):53]","[(2, 1):53, (33, 4):53, (34, 3):53]","[(1, 15), (1, 14), (2, 15), (1, 13), (3, 15), (1, 12), (4, 15), (1, 11), (5, 15), (2, 11), (5, 14), (3, 11), (5, 13), (3, 12), (3, 10), (6, 13), (3, 13), (3, 9), (7, 13), (2, 9), (7, 14), (7, 12), (1, 9), (7, 15), (7, 11), (1, 8), (8, 15), (6, 11), (1, 7), (9, 15), (5, 11), (1, 6), (10, 15), (5, 10), (1, 5), (11, 15), (5, 9), (1, 4), (11, 14), (6, 9), (1, 3), (11, 13), (7, 9), (2, 3), (12, 13), (8, 9), (3, 3), (13, 13), (9, 9), (4, 3), (13, 14), (9, 8), (5, 3), (13, 15), (9, 7), (5, 4), (14, 15), (9, 6), (5, 5), (15, 15), (9, 5), (4, 5), (16, 15), (10, 5), (3, 5), (17, 15), (11, 5), (3, 6), (17, 14), (12, 5), (3, 7), (17, 13), (13, 5), (4, 7), (16, 13), (14, 5), (5, 7), (15, 13), (15, 5), (6, 7), (15, 12), (15, 4), (7, 7), (15, 11), (15, 3), (7, 6), (15, 10), (14, 11), (15, 2), (16, 3), (7, 5), (15, 9), (13, 11), (15, 1), (17, 3), (7, 4), (14, 9), (12, 11), (16, 1), (18, 3), (7, 3), (13, 9), (11, 11), (17, 1), (19, 3), (8, 3), (12, 9), (10, 11), (18, 1), (20, 3), (9, 3), (11, 9), (9, 11), (19, 1), (21, 3), (10, 3), (11, 8), (9, 12), (20, 1), (11, 3), (11, 7), (9, 13), (21, 1), (12, 3), (12, 7), (22, 1), (13, 3), (13, 7), (23, 1), (13, 2), (14, 7), (23, 2), (24, 1), (13, 1), (15, 7), (23, 3), (25, 1), (12, 1), (16, 7), (23, 4), (26, 1), (11, 1), (17, 7), (23, 5), (27, 1), (10, 1), (17, 6), (22, 5), (28, 1), (9, 1), (17, 5), (21, 5), (29, 1), (8, 1), (18, 5), (20, 5), (30, 1), (7, 1), (19, 5), (31, 1), (6, 1), (32, 1), (5, 1), (33, 1), (4, 1), (33, 2), (34, 1), (3, 1), (33, 3)]",52,0,52
171,"(2, 1)","(3, 1)",West,"[(1, 1) via West]","[(2, 1):53, (33, 4):53, (34, 3):53]","[(33, 4):53, (34, 3):53, (1, 1):54]","[(1, 15), (1, 14), (2, 15), (1, 13), (3, 15), (1, 12), (4, 15), (1, 11), (5, 15), (2, 11), (5, 14), (3, 11), (5, 13), (3, 12), (3, 10), (6, 13), (3, 13), (3, 9), (7, 13), (2, 9), (7, 14), (7, 12), (1, 9), (7, 15), (7, 11), (1, 8), (8, 15), (6, 11), (1, 7), (9, 15), (5, 11), (1, 6), (10, 15), (5, 10), (1, 5), (11, 15), (5, 9), (1, 4), (11, 14), (6, 9), (1, 3), (11, 13), (7, 9), (2, 3), (12, 13), (8, 9), (3, 3), (13, 13), (9, 9), (4, 3), (13, 14), (9, 8), (5, 3), (13, 15), (9, 7), (5, 4), (14, 15), (9, 6), (5, 5), (15, 15), (9, 5), (4, 5), (16, 15), (10, 5), (3, 5), (17, 15), (11, 5), (3, 6), (17, 14), (12, 5), (3, 7), (17, 13), (13, 5), (4, 7), (16, 13), (14, 5), (5, 7), (15, 13), (15, 5), (6, 7), (15, 12), (15, 4), (7, 7), (15, 11), (15, 3), (7, 6), (15, 10), (14, 11), (15, 2), (16, 3), (7, 5), (15, 9), (13, 11), (15, 1), (17, 3), (7, 4), (14, 9), (12, 11), (16, 1), (18, 3), (7, 3), (13, 9), (11, 11), (17, 1), (19, 3), (8, 3), (12, 9), (10, 11), (18, 1), (20, 3), (9, 3), (11, 9), (9, 11), (19, 1), (21, 3), (10, 3), (11, 8), (9, 12), (20, 1), (11, 3), (11, 7), (9, 13), (21, 1), (12, 3), (12, 7), (22, 1), (13, 3), (13, 7), (23, 1), (13, 2), (14, 7), (23, 2), (24, 1), (13, 1), (15, 7), (23, 3), (25, 1), (12, 1), (16, 7), (23, 4), (26, 1), (11, 1), (17, 7), (23, 5), (27, 1), (10, 1), (17, 6), (22, 5), (28, 1), (9, 1), (17, 5), (21, 5), (29, 1), (8, 1), (18, 5), (20, 5), (30, 1), (7, 1), (19, 5), (31, 1), (6, 1), (32, 1), (5, 1), (33, 1), (4, 1), (33, 2), (34, 1), (3, 1), (33, 3), (34, 2)]",53,0,53
172,"(33, 4)","(33, 3)",North,"[(33, 5) via North, (34, 4) via East]","[(33, 4):53, (34, 3):53, (1, 1):54]","[(34, 3):53, (1, 1):54, (33, 5):54, (34, 4):54]","[(1, 15), (1, 14), (2, 15), (1, 13), (3, 15), (1, 12), (4, 15), (1, 11), (5, 15), (2, 11), (5, 14), (3, 11), (5, 13), (3, 12), (3, 10), (6, 13), (3, 13), (3, 9), (7, 13), (2, 9), (7, 14), (7, 12), (1, 9), (7, 15), (7, 11), (1, 8), (8, 15), (6, 11), (1, 7), (9, 15), (5, 11), (1, 6), (10, 15), (5, 10), (1, 5), (11, 15), (5, 9), (1, 4), (11, 14), (6, 9), (1, 3), (11, 13), (7, 9), (2, 3), (12, 13), (8, 9), (3, 3), (13, 13), (9, 9), (4, 3), (13, 14), (9, 8), (5, 3), (13, 15), (9, 7), (5, 4), (14, 15), (9, 6), (5, 5), (15, 15), (9, 5), (4, 5), (16, 15), (10, 5), (3, 5), (17, 15), (11, 5), (3, 6), (17, 14), (12, 5), (3, 7), (17, 13), (13, 5), (4, 7), (16, 13), (14, 5), (5, 7), (15, 13), (15, 5), (6, 7), (15, 12), (15, 4), (7, 7), (15, 11), (15, 3), (7, 6), (15, 10), (14, 11), (15, 2), (16, 3), (7, 5), (15, 9), (13, 11), (15, 1), (17, 3), (7, 4), (14, 9), (12, 11), (16, 1), (18, 3), (7, 3), (13, 9), (11, 11), (17, 1), (19, 3), (8, 3), (12, 9), (10, 11), (18, 1), (20, 3), (9, 3), (11, 9), (9, 11), (19, 1), (21, 3), (10, 3), (11, 8), (9, 12), (20, 1), (11, 3), (11, 7), (9, 13), (21, 1), (12, 3), (12, 7), (22, 1), (13, 3), (13, 7), (23, 1), (13, 2), (14, 7), (23, 2), (24, 1), (13, 1), (15, 7), (23, 3), (25, 1), (12, 1), (16, 7), (23, 4), (26, 1), (11, 1), (17, 7), (23, 5), (27, 1), (10, 1), (17, 6), (22, 5), (28, 1), (9, 1), (17, 5), (21, 5), (29, 1), (8, 1), (18, 5), (20, 5), (30, 1), (7, 1), (19, 5), (31, 1), (6, 1), (32, 1), (5, 1), (33, 1), (4, 1), (33, 2), (34, 1), (3, 1), (33, 3), (34, 2), (2, 1)]",53,0,53
173,"(34, 3)","(33, 3)",East,[],"[(34, 3):53, (1, 1):54, (33, 5):54, (34, 4):54]","[(1, 1):54, (33, 5):54, (34, 4):54]","[(1, 15), (1, 14), (2, 15), (1, 13), (3, 15), (1, 12), (4, 15), (1, 11), (5, 15), (2, 11), (5, 14), (3, 11), (5, 13), (3, 12), (3, 10), (6, 13), (3, 13), (3, 9), (7, 13), (2, 9), (7, 14), (7, 12), (1, 9), (7, 15), (7, 11), (1, 8), (8, 15), (6, 11), (1, 7), (9, 15), (5, 11), (1, 6), (10, 15), (5, 10), (1, 5), (11, 15), (5, 9), (1, 4), (11, 14), (6, 9), (1, 3), (11, 13), (7, 9), (2, 3), (12, 13), (8, 9), (3, 3), (13, 13), (9, 9), (4, 3), (13, 14), (9, 8), (5, 3), (13, 15), (9, 7), (5, 4), (14, 15), (9, 6), (5, 5), (15, 15), (9, 5), (4, 5), (16, 15), (10, 5), (3, 5), (17, 15), (11, 5), (3, 6), (17, 14), (12, 5), (3, 7), (17, 13), (13, 5), (4, 7), (16, 13), (14, 5), (5, 7), (15, 13), (15, 5), (6, 7), (15, 12), (15, 4), (7, 7), (15, 11), (15, 3), (7, 6), (15, 10), (14, 11), (15, 2), (16, 3), (7, 5), (15, 9), (13, 11), (15, 1), (17, 3), (7, 4), (14, 9), (12, 11), (16, 1), (18, 3), (7, 3), (13, 9), (11, 11), (17, 1), (19, 3), (8, 3), (12, 9), (10, 11), (18, 1), (20, 3), (9, 3), (11, 9), (9, 11), (19, 1), (21, 3), (10, 3), (11, 8), (9, 12), (20, 1), (11, 3), (11, 7), (9, 13), (21, 1), (12, 3), (12, 7), (22, 1), (13, 3), (13, 7), (23, 1), (13, 2), (14, 7), (23, 2), (24, 1), (13, 1), (15, 7), (23, 3), (25, 1), (12, 1), (16, 7), (23, 4), (26, 1), (11, 1), (17, 7), (23, 5), (27, 1), (10, 1), (17, 6), (22, 5), (28, 1), (9, 1), (17, 5), (21, 5), (29, 1), (8, 1), (18, 5), (20, 5), (30, 1), (7, 1), (19, 5), (31, 1), (6, 1), (32, 1), (5, 1), (33, 1), (4, 1), (33, 2), (34, 1), (3, 1), (33, 3), (34, 2), (2, 1), (33, 4)]",53,0,53
