iteration,expanded_state,parent,action,generated_successors,frontier_before,frontier_after,explored,g,h,f
1,"(34, 16)",,,"[(34, 15) via South, (33, 16) via West]","[(34, 16):0]","[(34, 15):5.820766091346741e-11, (33, 16):1.1641532182693481e-10]",[],0,0,0
2,"(34, 15)","(34, 16)",South,"[(34, 14) via South]","[(34, 15):5.820766091346741e-11, (33, 16):1.1641532182693481e-10]","[(33, 16):1.1641532182693481e-10, (34, 14):1.1641532182693481e-10]","[(34, 16)]",5.820766091346741e-11,0,5.820766091346741e-11
3,"(33, 16)","(34, 16)",West,"[(32, 16) via West]","[(33, 16):1.1641532182693481e-10, (34, 14):1.1641532182693481e-10]","[(34, 14):1.1641532182693481e-10, (32, 16):3.4924596548080444e-10]","[(34, 16), (34, 15)]",1.1641532182693481e-10,0,1.1641532182693481e-10
4,"(34, 14)","(34, 15)",South,"[(33, 14) via West]","[(34, 14):1.1641532182693481e-10, (32, 16):3.4924596548080444e-10]","[(33, 14):2.3283064365386963e-10, (32, 16):3.4924596548080444e-10]","[(34, 16), (34, 15), (33, 16)]",1.1641532182693481e-10,0,1.1641532182693481e-10
5,"(33, 14)","(34, 14)",West,"[(32, 14) via West]","[(33, 14):2.3283064365386963e-10, (32, 16):3.4924596548080444e-10]","[(32, 16):3.4924596548080444e-10, (32, 14):4.656612873077393e-10]","[(34, 16), (34, 15), (33, 16), (34, 14)]",2.3283064365386963e-10,0,2.3283064365386963e-10
6,"(32, 16)","(33, 16)",West,"[(31, 16) via West]","[(32, 16):3.4924596548080444e-10, (32, 14):4.656612873077393e-10]","[(32, 14):4.656612873077393e-10, (31, 16):8.149072527885437e-10]","[(34, 16), (34, 15), (33, 16), (34, 14), (33, 14)]",3.4924596548080444e-10,0,3.4924596548080444e-10
7,"(32, 14)","(33, 14)",West,"[(31, 14) via West]","[(32, 14):4.656612873077393e-10, (31, 16):8.149072527885437e-10]","[(31, 16):8.149072527885437e-10, (31, 14):9.313225746154785e-10]","[(34, 16), (34, 15), (33, 16), (34, 14), (33, 14), (32, 16)]",4.656612873077393e-10,0,4.656612873077393e-10
8,"(31, 16)","(32, 16)",West,"[(30, 16) via West]","[(31, 16):8.149072527885437e-10, (31, 14):9.313225746154785e-10]","[(31, 14):9.313225746154785e-10, (30, 16):1.7462298274040222e-09]","[(34, 16), (34, 15), (33, 16), (34, 14), (33, 14), (32, 16), (32, 14)]",8.149072527885437e-10,0,8.149072527885437e-10
9,"(31, 14)","(32, 14)",West,"[(30, 14) via West]","[(31, 14):9.313225746154785e-10, (30, 16):1.7462298274040222e-09]","[(30, 16):1.7462298274040222e-09, (30, 14):1.862645149230957e-09]","[(34, 16), (34, 15), (33, 16), (34, 14), (33, 14), (32, 16), (32, 14), (31, 16)]",9.313225746154785e-10,0,9.313225746154785e-10
10,"(30, 16)","(31, 16)",West,"[(29, 16) via West]","[(30, 16):1.7462298274040222e-09, (30, 14):1.862645149230957e-09]","[(30, 14):1.862645149230957e-09, (29, 16):3.6088749766349792e-09]","[(34, 16), (34, 15), (33, 16), (34, 14), (33, 14), (32, 16), (32, 14), (31, 16), (31, 14)]",1.7462298274040222e-09,0,1.7462298274040222e-09
11,"(30, 14)","(31, 14)",West,"[(30, 13) via South]","[(30, 14):1.862645149230957e-09, (29, 16):3.6088749766349792e-09]","[(30, 13):2.7939677238464355e-09, (29, 16):3.6088749766349792e-09]","[(34, 16), (34, 15), (33, 16), (34, 14), (33, 14), (32, 16), (32, 14), (31, 16), (31, 14), (30, 16)]",1.862645149230957e-09,0,1.862645149230957e-09
12,"(30, 13)","(30, 14)",South,"[(30, 12) via South]","[(30, 13):2.7939677238464355e-09, (29, 16):3.6088749766349792e-09]","[(29, 16):3.6088749766349792e-09, (30, 12):3.725290298461914e-09]","[(34, 16), (34, 15), (33, 16), (34, 14), (33, 14), (32, 16), (32, 14), (31, 16), (31, 14), (30, 16), (30, 14)]",2.7939677238464355e-09,0,2.7939677238464355e-09
13,"(29, 16)","(30, 16)",West,"[(28, 16) via West]","[(29, 16):3.6088749766349792e-09, (30, 12):3.725290298461914e-09]","[(30, 12):3.725290298461914e-09, (28, 16):7.334165275096893e-09]","[(34, 16), (34, 15), (33, 16), (34, 14), (33, 14), (32, 16), (32, 14), (31, 16), (31, 14), (30, 16), (30, 14), (30, 13)]",3.6088749766349792e-09,0,3.6088749766349792e-09
14,"(30, 12)","(30, 13)",South,"[(31, 12) via East]","[(30, 12):3.725290298461914e-09, (28, 16):7.334165275096893e-09]","[(31, 12):4.190951585769653e-09, (28, 16):7.334165275096893e-09]","[(34, 16), (34, 15), (33, 16), (34, 14), (33, 14), (32, 16), (32, 14), (31, 16), (31, 14), (30, 16), (30, 14), (30, 13), (29, 16)]",3.725290298461914e-09,0,3.725290298461914e-09
15,"(31, 12)","(30, 12)",East,"[(32, 12) via East]","[(31, 12):4.190951585769653e-09, (28, 16):7.334165275096893e-09]","[(32, 12):4.423782229423523e-09, (28, 16):7.334165275096893e-09]","[(34, 16), (34, 15), (33, 16), (34, 14), (33, 14), (32, 16), (32, 14), (31, 16), (31, 14), (30, 16), (30, 14), (30, 13), (29, 16), (30, 12)]",4.190951585769653e-09,0,4.190951585769653e-09
16,"(32, 12)","(31, 12)",East,"[(33, 12) via East]","[(32, 12):4.423782229423523e-09, (28, 16):7.334165275096893e-09]","[(33, 12):4.540197551250458e-09, (28, 16):7.334165275096893e-09]","[(34, 16), (34, 15), (33, 16), (34, 14), (33, 14), (32, 16), (32, 14), (31, 16), (31, 14), (30, 16), (30, 14), (30, 13), (29, 16), (30, 12), (31, 12)]",4.423782229423523e-09,0,4.423782229423523e-09
17,"(33, 12)","(32, 12)",East,"[(34, 12) via East]","[(33, 12):4.540197551250458e-09, (28, 16):7.334165275096893e-09]","[(34, 12):4.598405212163925e-09, (28, 16):7.334165275096893e-09]","[(34, 16), (34, 15), (33, 16), (34, 14), (33, 14), (32, 16), (32, 14), (31, 16), (31, 14), (30, 16), (30, 14), (30, 13), (29, 16), (30, 12), (31, 12), (32, 12)]",4.540197551250458e-09,0,4.540197551250458e-09
18,"(34, 12)","(33, 12)",East,"[(34, 11) via South]","[(34, 12):4.598405212163925e-09, (28, 16):7.334165275096893e-09]","[(34, 11):4.6566128730773926e-09, (28, 16):7.334165275096893e-09]","[(34, 16), (34, 15), (33, 16), (34, 14), (33, 14), (32, 16), (32, 14), (31, 16), (31, 14), (30, 16), (30, 14), (30, 13), (29, 16), (30, 12), (31, 12), (32, 12), (33, 12)]",4.598405212163925e-09,0,4.598405212163925e-09
19,"(34, 11)","(34, 12)",South,"[(34, 10) via South]","[(34, 11):4.6566128730773926e-09, (28, 16):7.334165275096893e-09]","[(34, 10):4.71482053399086e-09, (28, 16):7.334165275096893e-09]","[(34, 16), (34, 15), (33, 16), (34, 14), (33, 14), (32, 16), (32, 14), (31, 16), (31, 14), (30, 16), (30, 14), (30, 13), (29, 16), (30, 12), (31, 12), (32, 12), (33, 12), (34, 12)]",4.6566128730773926e-09,0,4.6566128730773926e-09
20,"(34, 10)","(34, 11)",South,"[(33, 10) via West]","[(34, 10):4.71482053399086e-09, (28, 16):7.334165275096893e-09]","[(33, 10):4.831235855817795e-09, (28, 16):7.334165275096893e-09]","[(34, 16), (34, 15), (33, 16), (34, 14), (33, 14), (32, 16), (32, 14), (31, 16), (31, 14), (30, 16), (30, 14), (30, 13), (29, 16), (30, 12), (31, 12), (32, 12), (33, 12), (34, 12), (34, 11)]",4.71482053399086e-09,0,4.71482053399086e-09
21,"(33, 10)","(34, 10)",West,"[(32, 10) via West]","[(33, 10):4.831235855817795e-09, (28, 16):7.334165275096893e-09]","[(32, 10):5.0640664994716644e-09, (28, 16):7.334165275096893e-09]","[(34, 16), (34, 15), (33, 16), (34, 14), (33, 14), (32, 16), (32, 14), (31, 16), (31, 14), (30, 16), (30, 14), (30, 13), (29, 16), (30, 12), (31, 12), (32, 12), (33, 12), (34, 12), (34, 11), (34, 10)]",4.831235855817795e-09,0,4.831235855817795e-09
22,"(32, 10)","(33, 10)",West,"[(31, 10) via West]","[(32, 10):5.0640664994716644e-09, (28, 16):7.334165275096893e-09]","[(31, 10):5.529727786779404e-09, (28, 16):7.334165275096893e-09]","[(34, 16), (34, 15), (33, 16), (34, 14), (33, 14), (32, 16), (32, 14), (31, 16), (31, 14), (30, 16), (30, 14), (30, 13), (29, 16), (30, 12), (31, 12), (32, 12), (33, 12), (34, 12), (34, 11), (34, 10), (33, 10)]",5.0640664994716644e-09,0,5.0640664994716644e-09
23,"(31, 10)","(32, 10)",West,"[(30, 10) via West]","[(31, 10):5.529727786779404e-09, (28, 16):7.334165275096893e-09]","[(30, 10):6.461050361394882e-09, (28, 16):7.334165275096893e-09]","[(34, 16), (34, 15), (33, 16), (34, 14), (33, 14), (32, 16), (32, 14), (31, 16), (31, 14), (30, 16), (30, 14), (30, 13), (29, 16), (30, 12), (31, 12), (32, 12), (33, 12), (34, 12), (34, 11), (34, 10), (33, 10), (32, 10)]",5.529727786779404e-09,0,5.529727786779404e-09
24,"(30, 10)","(31, 10)",West,"[(30, 9) via South, (29, 10) via West]","[(30, 10):6.461050361394882e-09, (28, 16):7.334165275096893e-09]","[(28, 16):7.334165275096893e-09, (30, 9):7.392372936010361e-09, (29, 10):8.32369551062584e-09]","[(34, 16), (34, 15), (33, 16), (34, 14), (33, 14), (32, 16), (32, 14), (31, 16), (31, 14), (30, 16), (30, 14), (30, 13), (29, 16), (30, 12), (31, 12), (32, 12), (33, 12), (34, 12), (34, 11), (34, 10), (33, 10), (32, 10), (31, 10)]",6.461050361394882e-09,0,6.461050361394882e-09
25,"(28, 16)","(29, 16)",West,"[(27, 16) via West]","[(28, 16):7.334165275096893e-09, (30, 9):7.392372936010361e-09, (29, 10):8.32369551062584e-09]","[(30, 9):7.392372936010361e-09, (29, 10):8.32369551062584e-09, (27, 16):1.4784745872020721e-08]","[(34, 16), (34, 15), (33, 16), (34, 14), (33, 14), (32, 16), (32, 14), (31, 16), (31, 14), (30, 16), (30, 14), (30, 13), (29, 16), (30, 12), (31, 12), (32, 12), (33, 12), (34, 12), (34, 11), (34, 10), (33, 10), (32, 10), (31, 10), (30, 10)]",7.334165275096893e-09,0,7.334165275096893e-09
26,"(30, 9)","(30, 10)",South,"[(30, 8) via South]","[(30, 9):7.392372936010361e-09, (29, 10):8.32369551062584e-09, (27, 16):1.4784745872020721e-08]","[(29, 10):8.32369551062584e-09, (30, 8):8.32369551062584e-09, (27, 16):1.4784745872020721e-08]","[(34, 16), (34, 15), (33, 16), (34, 14), (33, 14), (32, 16), (32, 14), (31, 16), (31, 14), (30, 16), (30, 14), (30, 13), (29, 16), (30, 12), (31, 12), (32, 12), (33, 12), (34, 12), (34, 11), (34, 10), (33, 10), (32, 10), (31, 10), (30, 10), (28, 16)]",7.392372936010361e-09,0,7.392372936010361e-09
27,"(29, 10)","(30, 10)",West,[],"[(29, 10):8.32369551062584e-09, (30, 8):8.32369551062584e-09, (27, 16):1.4784745872020721e-08]","[(30, 8):8.32369551062584e-09, (27, 16):1.4784745872020721e-08]","[(34, 16), (34, 15), (33, 16), (34, 14), (33, 14), (32, 16), (32, 14), (31, 16), (31, 14), (30, 16), (30, 14), (30, 13), (29, 16), (30, 12), (31, 12), (32, 12), (33, 12), (34, 12), (34, 11), (34, 10), (33, 10), (32, 10), (31, 10), (30, 10), (28, 16), (30, 9)]",8.32369551062584e-09,0,8.32369551062584e-09
28,"(30, 8)","(30, 9)",South,"[(31, 8) via East]","[(30, 8):8.32369551062584e-09, (27, 16):1.4784745872020721e-08]","[(31, 8):8.789356797933578e-09, (27, 16):1.4784745872020721e-08]","[(34, 16), (34, 15), (33, 16), (34, 14), (33, 14), (32, 16), (32, 14), (31, 16), (31, 14), (30, 16), (30, 14), (30, 13), (29, 16), (30, 12), (31, 12), (32, 12), (33, 12), (34, 12), (34, 11), (34, 10), (33, 10), (32, 10), (31, 10), (30, 10), (28, 16), (30, 9), (29, 10)]",8.32369551062584e-09,0,8.32369551062584e-09
29,"(31, 8)","(30, 8)",East,"[(32, 8) via East]","[(31, 8):8.789356797933578e-09, (27, 16):1.4784745872020721e-08]","[(32, 8):9.022187441587448e-09, (27, 16):1.4784745872020721e-08]","[(34, 16), (34, 15), (33, 16), (34, 14), (33, 14), (32, 16), (32, 14), (31, 16), (31, 14), (30, 16), (30, 14), (30, 13), (29, 16), (30, 12), (31, 12), (32, 12), (33, 12), (34, 12), (34, 11), (34, 10), (33, 10), (32, 10), (31, 10), (30, 10), (28, 16), (30, 9), (29, 10), (30, 8)]",8.789356797933578e-09,0,8.789356797933578e-09
30,"(32, 8)","(31, 8)",East,"[(33, 8) via East]","[(32, 8):9.022187441587448e-09, (27, 16):1.4784745872020721e-08]","[(33, 8):9.138602763414383e-09, (27, 16):1.4784745872020721e-08]","[(34, 16), (34, 15), (33, 16), (34, 14), (33, 14), (32, 16), (32, 14), (31, 16), (31, 14), (30, 16), (30, 14), (30, 13), (29, 16), (30, 12), (31, 12), (32, 12), (33, 12), (34, 12), (34, 11), (34, 10), (33, 10), (32, 10), (31, 10), (30, 10), (28, 16), (30, 9), (29, 10), (30, 8), (31, 8)]",9.022187441587448e-09,0,9.022187441587448e-09
31,"(33, 8)","(32, 8)",East,"[(34, 8) via East]","[(33, 8):9.138602763414383e-09, (27, 16):1.4784745872020721e-08]","[(34, 8):9.19681042432785e-09, (27, 16):1.4784745872020721e-08]","[(34, 16), (34, 15), (33, 16), (34, 14), (33, 14), (32, 16), (32, 14), (31, 16), (31, 14), (30, 16), (30, 14), (30, 13), (29, 16), (30, 12), (31, 12), (32, 12), (33, 12), (34, 12), (34, 11), (34, 10), (33, 10), (32, 10), (31, 10), (30, 10), (28, 16), (30, 9), (29, 10), (30, 8), (31, 8), (32, 8)]",9.138602763414383e-09,0,9.138602763414383e-09
32,"(34, 8)","(33, 8)",East,"[(34, 7) via South]","[(34, 8):9.19681042432785e-09, (27, 16):1.4784745872020721e-08]","[(34, 7):9.255018085241318e-09, (27, 16):1.4784745872020721e-08]","[(34, 16), (34, 15), (33, 16), (34, 14), (33, 14), (32, 16), (32, 14), (31, 16), (31, 14), (30, 16), (30, 14), (30, 13), (29, 16), (30, 12), (31, 12), (32, 12), (33, 12), (34, 12), (34, 11), (34, 10), (33, 10), (32, 10), (31, 10), (30, 10), (28, 16), (30, 9), (29, 10), (30, 8), (31, 8), (32, 8), (33, 8)]",9.19681042432785e-09,0,9.19681042432785e-09
33,"(34, 7)","(34, 8)",South,"[(34, 6) via South]","[(34, 7):9.255018085241318e-09, (27, 16):1.4784745872020721e-08]","[(34, 6):9.313225746154785e-09, (27, 16):1.4784745872020721e-08]","[(34, 16), (34, 15), (33, 16), (34, 14), (33, 14), (32, 16), (32, 14), (31, 16), (31, 14), (30, 16), (30, 14), (30, 13), (29, 16), (30, 12), (31, 12), (32, 12), (33, 12), (34, 12), (34, 11), (34, 10), (33, 10), (32, 10), (31, 10), (30, 10), (28, 16), (30, 9), (29, 10), (30, 8), (31, 8), (32, 8), (33, 8), (34, 8)]",9.255018085241318e-09,0,9.255018085241318e-09
34,"(34, 6)","(34, 7)",South,"[(33, 6) via West]","[(34, 6):9.313225746154785e-09, (27, 16):1.4784745872020721e-08]","[(33, 6):9.42964106798172e-09, (27, 16):1.4784745872020721e-08]","[(34, 16), (34, 15), (33, 16), (34, 14), (33, 14), (32, 16), (32, 14), (31, 16), (31, 14), (30, 16), (30, 14), (30, 13), (29, 16), (30, 12), (31, 12), (32, 12), (33, 12), (34, 12), (34, 11), (34, 10), (33, 10), (32, 10), (31, 10), (30, 10), (28, 16), (30, 9), (29, 10), (30, 8), (31, 8), (32, 8), (33, 8), (34, 8), (34, 7)]",9.313225746154785e-09,0,9.313225746154785e-09
35,"(33, 6)","(34, 6)",West,"[(32, 6) via West]","[(33, 6):9.42964106798172e-09, (27, 16):1.4784745872020721e-08]","[(32, 6):9.66247171163559e-09, (27, 16):1.4784745872020721e-08]","[(34, 16), (34, 15), (33, 16), (34, 14), (33, 14), (32, 16), (32, 14), (31, 16), (31, 14), (30, 16), (30, 14), (30, 13), (29, 16), (30, 12), (31, 12), (32, 12), (33, 12), (34, 12), (34, 11), (34, 10), (33, 10), (32, 10), (31, 10), (30, 10), (28, 16), (30, 9), (29, 10), (30, 8), (31, 8), (32, 8), (33, 8), (34, 8), (34, 7), (34, 6)]",9.42964106798172e-09,0,9.42964106798172e-09
36,"(32, 6)","(33, 6)",West,"[(31, 6) via West]","[(32, 6):9.66247171163559e-09, (27, 16):1.4784745872020721e-08]","[(31, 6):1.0128132998943329e-08, (27, 16):1.4784745872020721e-08]","[(34, 16), (34, 15), (33, 16), (34, 14), (33, 14), (32, 16), (32, 14), (31, 16), (31, 14), (30, 16), (30, 14), (30, 13), (29, 16), (30, 12), (31, 12), (32, 12), (33, 12), (34, 12), (34, 11), (34, 10), (33, 10), (32, 10), (31, 10), (30, 10), (28, 16), (30, 9), (29, 10), (30, 8), (31, 8), (32, 8), (33, 8), (34, 8), (34, 7), (34, 6), (33, 6)]",9.66247171163559e-09,0,9.66247171163559e-09
37,"(31, 6)","(32, 6)",West,"[(30, 6) via West]","[(31, 6):1.0128132998943329e-08, (27, 16):1.4784745872020721e-08]","[(30, 6):1.1059455573558807e-08, (27, 16):1.4784745872020721e-08]","[(34, 16), (34, 15), (33, 16), (34, 14), (33, 14), (32, 16), (32, 14), (31, 16), (31, 14), (30, 16), (30, 14), (30, 13), (29, 16), (30, 12), (31, 12), (32, 12), (33, 12), (34, 12), (34, 11), (34, 10), (33, 10), (32, 10), (31, 10), (30, 10), (28, 16), (30, 9), (29, 10), (30, 8), (31, 8), (32, 8), (33, 8), (34, 8), (34, 7), (34, 6), (33, 6), (32, 6)]",1.0128132998943329e-08,0,1.0128132998943329e-08
38,"(30, 6)","(31, 6)",West,"[(30, 5) via South, (29, 6) via West]","[(30, 6):1.1059455573558807e-08, (27, 16):1.4784745872020721e-08]","[(30, 5):1.1990778148174286e-08, (29, 6):1.2922100722789764e-08, (27, 16):1.4784745872020721e-08]","[(34, 16), (34, 15), (33, 16), (34, 14), (33, 14), (32, 16), (32, 14), (31, 16), (31, 14), (30, 16), (30, 14), (30, 13), (29, 16), (30, 12), (31, 12), (32, 12), (33, 12), (34, 12), (34, 11), (34, 10), (33, 10), (32, 10), (31, 10), (30, 10), (28, 16), (30, 9), (29, 10), (30, 8), (31, 8), (32, 8), (33, 8), (34, 8), (34, 7), (34, 6), (33, 6), (32, 6), (31, 6)]",1.1059455573558807e-08,0,1.1059455573558807e-08
39,"(30, 5)","(30, 6)",South,"[(30, 4) via South]","[(30, 5):1.1990778148174286e-08, (29, 6):1.2922100722789764e-08, (27, 16):1.4784745872020721e-08]","[(29, 6):1.2922100722789764e-08, (30, 4):1.2922100722789764e-08, (27, 16):1.4784745872020721e-08]","[(34, 16), (34, 15), (33, 16), (34, 14), (33, 14), (32, 16), (32, 14), (31, 16), (31, 14), (30, 16), (30, 14), (30, 13), (29, 16), (30, 12), (31, 12), (32, 12), (33, 12), (34, 12), (34, 11), (34, 10), (33, 10), (32, 10), (31, 10), (30, 10), (28, 16), (30, 9), (29, 10), (30, 8), (31, 8), (32, 8), (33, 8), (34, 8), (34, 7), (34, 6), (33, 6), (32, 6), (31, 6), (30, 6)]",1.1990778148174286e-08,0,1.1990778148174286e-08
40,"(29, 6)","(30, 6)",West,[],"[(29, 6):1.2922100722789764e-08, (30, 4):1.2922100722789764e-08, (27, 16):1.4784745872020721e-08]","[(30, 4):1.2922100722789764e-08, (27, 16):1.4784745872020721e-08]","[(34, 16), (34, 15), (33, 16), (34, 14), (33, 14), (32, 16), (32, 14), (31, 16), (31, 14), (30, 16), (30, 14), (30, 13), (29, 16), (30, 12), (31, 12), (32, 12), (33, 12), (34, 12), (34, 11), (34, 10), (33, 10), (32, 10), (31, 10), (30, 10), (28, 16), (30, 9), (29, 10), (30, 8), (31, 8), (32, 8), (33, 8), (34, 8), (34, 7), (34, 6), (33, 6), (32, 6), (31, 6), (30, 6), (30, 5)]",1.2922100722789764e-08,0,1.2922100722789764e-08
41,"(30, 4)","(30, 5)",South,"[(30, 3) via South, (31, 4) via East]","[(30, 4):1.2922100722789764e-08, (27, 16):1.4784745872020721e-08]","[(31, 4):1.3387762010097504e-08, (30, 3):1.3853423297405243e-08, (27, 16):1.4784745872020721e-08]","[(34, 16), (34, 15), (33, 16), (34, 14), (33, 14), (32, 16), (32, 14), (31, 16), (31, 14), (30, 16), (30, 14), (30, 13), (29, 16), (30, 12), (31, 12), (32, 12), (33, 12), (34, 12), (34, 11), (34, 10), (33, 10), (32, 10), (31, 10), (30, 10), (28, 16), (30, 9), (29, 10), (30, 8), (31, 8), (32, 8), (33, 8), (34, 8), (34, 7), (34, 6), (33, 6), (32, 6), (31, 6), (30, 6), (30, 5), (29, 6)]",1.2922100722789764e-08,0,1.2922100722789764e-08
42,"(31, 4)","(30, 4)",East,"[(31, 3) via South, (32, 4) via East]","[(31, 4):1.3387762010097504e-08, (30, 3):1.3853423297405243e-08, (27, 16):1.4784745872020721e-08]","[(32, 4):1.3620592653751373e-08, (30, 3):1.3853423297405243e-08, (31, 3):1.3853423297405243e-08, (27, 16):1.4784745872020721e-08]","[(34, 16), (34, 15), (33, 16), (34, 14), (33, 14), (32, 16), (32, 14), (31, 16), (31, 14), (30, 16), (30, 14), (30, 13), (29, 16), (30, 12), (31, 12), (32, 12), (33, 12), (34, 12), (34, 11), (34, 10), (33, 10), (32, 10), (31, 10), (30, 10), (28, 16), (30, 9), (29, 10), (30, 8), (31, 8), (32, 8), (33, 8), (34, 8), (34, 7), (34, 6), (33, 6), (32, 6), (31, 6), (30, 6), (30, 5), (29, 6), (30, 4)]",1.3387762010097504e-08,0,1.3387762010097504e-08
43,"(32, 4)","(31, 4)",East,"[(33, 4) via East]","[(32, 4):1.3620592653751373e-08, (30, 3):1.3853423297405243e-08, (31, 3):1.3853423297405243e-08, (27, 16):1.4784745872020721e-08]","[(33, 4):1.3737007975578308e-08, (30, 3):1.3853423297405243e-08, (31, 3):1.3853423297405243e-08, (27, 16):1.4784745872020721e-08]","[(34, 16), (34, 15), (33, 16), (34, 14), (33, 14), (32, 16), (32, 14), (31, 16), (31, 14), (30, 16), (30, 14), (30, 13), (29, 16), (30, 12), (31, 12), (32, 12), (33, 12), (34, 12), (34, 11), (34, 10), (33, 10), (32, 10), (31, 10), (30, 10), (28, 16), (30, 9), (29, 10), (30, 8), (31, 8), (32, 8), (33, 8), (34, 8), (34, 7), (34, 6), (33, 6), (32, 6), (31, 6), (30, 6), (30, 5), (29, 6), (30, 4), (31, 4)]",1.3620592653751373e-08,0,1.3620592653751373e-08
44,"(33, 4)","(32, 4)",East,"[(34, 4) via East]","[(33, 4):1.3737007975578308e-08, (30, 3):1.3853423297405243e-08, (31, 3):1.3853423297405243e-08, (27, 16):1.4784745872020721e-08]","[(34, 4):1.3795215636491776e-08, (30, 3):1.3853423297405243e-08, (31, 3):1.3853423297405243e-08, (27, 16):1.4784745872020721e-08]","[(34, 16), (34, 15), (33, 16), (34, 14), (33, 14), (32, 16), (32, 14), (31, 16), (31, 14), (30, 16), (30, 14), (30, 13), (29, 16), (30, 12), (31, 12), (32, 12), (33, 12), (34, 12), (34, 11), (34, 10), (33, 10), (32, 10), (31, 10), (30, 10), (28, 16), (30, 9), (29, 10), (30, 8), (31, 8), (32, 8), (33, 8), (34, 8), (34, 7), (34, 6), (33, 6), (32, 6), (31, 6), (30, 6), (30, 5), (29, 6), (30, 4), (31, 4), (32, 4)]",1.3737007975578308e-08,0,1.3737007975578308e-08
45,"(34, 4)","(33, 4)",East,"[(34, 3) via South]","[(34, 4):1.3795215636491776e-08, (30, 3):1.3853423297405243e-08, (31, 3):1.3853423297405243e-08, (27, 16):1.4784745872020721e-08]","[(30, 3):1.3853423297405243e-08, (31, 3):1.3853423297405243e-08, (34, 3):1.3853423297405243e-08, (27, 16):1.4784745872020721e-08]","[(34, 16), (34, 15), (33, 16), (34, 14), (33, 14), (32, 16), (32, 14), (31, 16), (31, 14), (30, 16), (30, 14), (30, 13), (29, 16), (30, 12), (31, 12), (32, 12), (33, 12), (34, 12), (34, 11), (34, 10), (33, 10), (32, 10), (31, 10), (30, 10), (28, 16), (30, 9), (29, 10), (30, 8), (31, 8), (32, 8), (33, 8), (34, 8), (34, 7), (34, 6), (33, 6), (32, 6), (31, 6), (30, 6), (30, 5), (29, 6), (30, 4), (31, 4), (32, 4), (33, 4)]",1.3795215636491776e-08,0,1.3795215636491776e-08
46,"(30, 3)","(30, 4)",South,[],"[(30, 3):1.3853423297405243e-08, (31, 3):1.3853423297405243e-08, (34, 3):1.3853423297405243e-08, (27, 16):1.4784745872020721e-08]","[(31, 3):1.3853423297405243e-08, (34, 3):1.3853423297405243e-08, (27, 16):1.4784745872020721e-08]","[(34, 16), (34, 15), (33, 16), (34, 14), (33, 14), (32, 16), (32, 14), (31, 16), (31, 14), (30, 16), (30, 14), (30, 13), (29, 16), (30, 12), (31, 12), (32, 12), (33, 12), (34, 12), (34, 11), (34, 10), (33, 10), (32, 10), (31, 10), (30, 10), (28, 16), (30, 9), (29, 10), (30, 8), (31, 8), (32, 8), (33, 8), (34, 8), (34, 7), (34, 6), (33, 6), (32, 6), (31, 6), (30, 6), (30, 5), (29, 6), (30, 4), (31, 4), (32, 4), (33, 4), (34, 4)]",1.3853423297405243e-08,0,1.3853423297405243e-08
47,"(31, 3)","(31, 4)",South,[],"[(31, 3):1.3853423297405243e-08, (34, 3):1.3853423297405243e-08, (27, 16):1.4784745872020721e-08]","[(34, 3):1.3853423297405243e-08, (27, 16):1.4784745872020721e-08]","[(34, 16), (34, 15), (33, 16), (34, 14), (33, 14), (32, 16), (32, 14), (31, 16), (31, 14), (30, 16), (30, 14), (30, 13), (29, 16), (30, 12), (31, 12), (32, 12), (33, 12), (34, 12), (34, 11), (34, 10), (33, 10), (32, 10), (31, 10), (30, 10), (28, 16), (30, 9), (29, 10), (30, 8), (31, 8), (32, 8), (33, 8), (34, 8), (34, 7), (34, 6), (33, 6), (32, 6), (31, 6), (30, 6), (30, 5), (29, 6), (30, 4), (31, 4), (32, 4), (33, 4), (34, 4), (30, 3)]",1.3853423297405243e-08,0,1.3853423297405243e-08
48,"(34, 3)","(34, 4)",South,"[(34, 2) via South]","[(34, 3):1.3853423297405243e-08, (27, 16):1.4784745872020721e-08]","[(34, 2):1.391163095831871e-08, (27, 16):1.4784745872020721e-08]","[(34, 16), (34, 15), (33, 16), (34, 14), (33, 14), (32, 16), (32, 14), (31, 16), (31, 14), (30, 16), (30, 14), (30, 13), (29, 16), (30, 12), (31, 12), (32, 12), (33, 12), (34, 12), (34, 11), (34, 10), (33, 10), (32, 10), (31, 10), (30, 10), (28, 16), (30, 9), (29, 10), (30, 8), (31, 8), (32, 8), (33, 8), (34, 8), (34, 7), (34, 6), (33, 6), (32, 6), (31, 6), (30, 6), (30, 5), (29, 6), (30, 4), (31, 4), (32, 4), (33, 4), (34, 4), (30, 3), (31, 3)]",1.3853423297405243e-08,0,1.3853423297405243e-08
49,"(34, 2)","(34, 3)",South,"[(34, 1) via South]","[(34, 2):1.391163095831871e-08, (27, 16):1.4784745872020721e-08]","[(34, 1):1.3969838619232178e-08, (27, 16):1.4784745872020721e-08]","[(34, 16), (34, 15), (33, 16), (34, 14), (33, 14), (32, 16), (32, 14), (31, 16), (31, 14), (30, 16), (30, 14), (30, 13), (29, 16), (30, 12), (31, 12), (32, 12), (33, 12), (34, 12), (34, 11), (34, 10), (33, 10), (32, 10), (31, 10), (30, 10), (28, 16), (30, 9), (29, 10), (30, 8), (31, 8), (32, 8), (33, 8), (34, 8), (34, 7), (34, 6), (33, 6), (32, 6), (31, 6), (30, 6), (30, 5), (29, 6), (30, 4), (31, 4), (32, 4), (33, 4), (34, 4), (30, 3), (31, 3), (34, 3)]",1.391163095831871e-08,0,1.391163095831871e-08
50,"(34, 1)","(34, 2)",South,"[(33, 1) via West]","[(34, 1):1.3969838619232178e-08, (27, 16):1.4784745872020721e-08]","[(33, 1):1.4086253941059113e-08, (27, 16):1.4784745872020721e-08]","[(34, 16), (34, 15), (33, 16), (34, 14), (33, 14), (32, 16), (32, 14), (31, 16), (31, 14), (30, 16), (30, 14), (30, 13), (29, 16), (30, 12), (31, 12), (32, 12), (33, 12), (34, 12), (34, 11), (34, 10), (33, 10), (32, 10), (31, 10), (30, 10), (28, 16), (30, 9), (29, 10), (30, 8), (31, 8), (32, 8), (33, 8), (34, 8), (34, 7), (34, 6), (33, 6), (32, 6), (31, 6), (30, 6), (30, 5), (29, 6), (30, 4), (31, 4), (32, 4), (33, 4), (34, 4), (30, 3), (31, 3), (34, 3), (34, 2)]",1.3969838619232178e-08,0,1.3969838619232178e-08
51,"(33, 1)","(34, 1)",West,"[(32, 1) via West]","[(33, 1):1.4086253941059113e-08, (27, 16):1.4784745872020721e-08]","[(32, 1):1.4319084584712982e-08, (27, 16):1.4784745872020721e-08]","[(34, 16), (34, 15), (33, 16), (34, 14), (33, 14), (32, 16), (32, 14), (31, 16), (31, 14), (30, 16), (30, 14), (30, 13), (29, 16), (30, 12), (31, 12), (32, 12), (33, 12), (34, 12), (34, 11), (34, 10), (33, 10), (32, 10), (31, 10), (30, 10), (28, 16), (30, 9), (29, 10), (30, 8), (31, 8), (32, 8), (33, 8), (34, 8), (34, 7), (34, 6), (33, 6), (32, 6), (31, 6), (30, 6), (30, 5), (29, 6), (30, 4), (31, 4), (32, 4), (33, 4), (34, 4), (30, 3), (31, 3), (34, 3), (34, 2), (34, 1)]",1.4086253941059113e-08,0,1.4086253941059113e-08
52,"(32, 1)","(33, 1)",West,"[(31, 1) via West]","[(32, 1):1.4319084584712982e-08, (27, 16):1.4784745872020721e-08]","[(27, 16):1.4784745872020721e-08, (31, 1):1.4784745872020721e-08]","[(34, 16), (34, 15), (33, 16), (34, 14), (33, 14), (32, 16), (32, 14), (31, 16), (31, 14), (30, 16), (30, 14), (30, 13), (29, 16), (30, 12), (31, 12), (32, 12), (33, 12), (34, 12), (34, 11), (34, 10), (33, 10), (32, 10), (31, 10), (30, 10), (28, 16), (30, 9), (29, 10), (30, 8), (31, 8), (32, 8), (33, 8), (34, 8), (34, 7), (34, 6), (33, 6), (32, 6), (31, 6), (30, 6), (30, 5), (29, 6), (30, 4), (31, 4), (32, 4), (33, 4), (34, 4), (30, 3), (31, 3), (34, 3), (34, 2), (34, 1), (33, 1)]",1.4319084584712982e-08,0,1.4319084584712982e-08
53,"(27, 16)","(28, 16)",West,"[(26, 16) via West]","[(27, 16):1.4784745872020721e-08, (31, 1):1.4784745872020721e-08]","[(31, 1):1.4784745872020721e-08, (26, 16):2.9685907065868378e-08]","[(34, 16), (34, 15), (33, 16), (34, 14), (33, 14), (32, 16), (32, 14), (31, 16), (31, 14), (30, 16), (30, 14), (30, 13), (29, 16), (30, 12), (31, 12), (32, 12), (33, 12), (34, 12), (34, 11), (34, 10), (33, 10), (32, 10), (31, 10), (30, 10), (28, 16), (30, 9), (29, 10), (30, 8), (31, 8), (32, 8), (33, 8), (34, 8), (34, 7), (34, 6), (33, 6), (32, 6), (31, 6), (30, 6), (30, 5), (29, 6), (30, 4), (31, 4), (32, 4), (33, 4), (34, 4), (30, 3), (31, 3), (34, 3), (34, 2), (34, 1), (33, 1), (32, 1)]",1.4784745872020721e-08,0,1.4784745872020721e-08
54,"(31, 1)","(32, 1)",West,"[(30, 1) via West]","[(31, 1):1.4784745872020721e-08, (26, 16):2.9685907065868378e-08]","[(30, 1):1.57160684466362e-08, (26, 16):2.9685907065868378e-08]","[(34, 16), (34, 15), (33, 16), (34, 14), (33, 14), (32, 16), (32, 14), (31, 16), (31, 14), (30, 16), (30, 14), (30, 13), (29, 16), (30, 12), (31, 12), (32, 12), (33, 12), (34, 12), (34, 11), (34, 10), (33, 10), (32, 10), (31, 10), (30, 10), (28, 16), (30, 9), (29, 10), (30, 8), (31, 8), (32, 8), (33, 8), (34, 8), (34, 7), (34, 6), (33, 6), (32, 6), (31, 6), (30, 6), (30, 5), (29, 6), (30, 4), (31, 4), (32, 4), (33, 4), (34, 4), (30, 3), (31, 3), (34, 3), (34, 2), (34, 1), (33, 1), (32, 1), (27, 16)]",1.4784745872020721e-08,0,1.4784745872020721e-08
55,"(30, 1)","(31, 1)",West,"[(29, 1) via West]","[(30, 1):1.57160684466362e-08, (26, 16):2.9685907065868378e-08]","[(29, 1):1.7578713595867157e-08, (26, 16):2.9685907065868378e-08]","[(34, 16), (34, 15), (33, 16), (34, 14), (33, 14), (32, 16), (32, 14), (31, 16), (31, 14), (30, 16), (30, 14), (30, 13), (29, 16), (30, 12), (31, 12), (32, 12), (33, 12), (34, 12), (34, 11), (34, 10), (33, 10), (32, 10), (31, 10), (30, 10), (28, 16), (30, 9), (29, 10), (30, 8), (31, 8), (32, 8), (33, 8), (34, 8), (34, 7), (34, 6), (33, 6), (32, 6), (31, 6), (30, 6), (30, 5), (29, 6), (30, 4), (31, 4), (32, 4), (33, 4), (34, 4), (30, 3), (31, 3), (34, 3), (34, 2), (34, 1), (33, 1), (32, 1), (27, 16), (31, 1)]",1.57160684466362e-08,0,1.57160684466362e-08
56,"(29, 1)","(30, 1)",West,"[(28, 1) via West]","[(29, 1):1.7578713595867157e-08, (26, 16):2.9685907065868378e-08]","[(28, 1):2.130400389432907e-08, (26, 16):2.9685907065868378e-08]","[(34, 16), (34, 15), (33, 16), (34, 14), (33, 14), (32, 16), (32, 14), (31, 16), (31, 14), (30, 16), (30, 14), (30, 13), (29, 16), (30, 12), (31, 12), (32, 12), (33, 12), (34, 12), (34, 11), (34, 10), (33, 10), (32, 10), (31, 10), (30, 10), (28, 16), (30, 9), (29, 10), (30, 8), (31, 8), (32, 8), (33, 8), (34, 8), (34, 7), (34, 6), (33, 6), (32, 6), (31, 6), (30, 6), (30, 5), (29, 6), (30, 4), (31, 4), (32, 4), (33, 4), (34, 4), (30, 3), (31, 3), (34, 3), (34, 2), (34, 1), (33, 1), (32, 1), (27, 16), (31, 1), (30, 1)]",1.7578713595867157e-08,0,1.7578713595867157e-08
57,"(28, 1)","(29, 1)",West,"[(27, 1) via West]","[(28, 1):2.130400389432907e-08, (26, 16):2.9685907065868378e-08]","[(27, 1):2.87545844912529e-08, (26, 16):2.9685907065868378e-08]","[(34, 16), (34, 15), (33, 16), (34, 14), (33, 14), (32, 16), (32, 14), (31, 16), (31, 14), (30, 16), (30, 14), (30, 13), (29, 16), (30, 12), (31, 12), (32, 12), (33, 12), (34, 12), (34, 11), (34, 10), (33, 10), (32, 10), (31, 10), (30, 10), (28, 16), (30, 9), (29, 10), (30, 8), (31, 8), (32, 8), (33, 8), (34, 8), (34, 7), (34, 6), (33, 6), (32, 6), (31, 6), (30, 6), (30, 5), (29, 6), (30, 4), (31, 4), (32, 4), (33, 4), (34, 4), (30, 3), (31, 3), (34, 3), (34, 2), (34, 1), (33, 1), (32, 1), (27, 16), (31, 1), (30, 1), (29, 1)]",2.130400389432907e-08,0,2.130400389432907e-08
58,"(27, 1)","(28, 1)",West,"[(27, 2) via North]","[(27, 1):2.87545844912529e-08, (26, 16):2.9685907065868378e-08]","[(26, 16):2.9685907065868378e-08, (27, 2):3.620516508817673e-08]","[(34, 16), (34, 15), (33, 16), (34, 14), (33, 14), (32, 16), (32, 14), (31, 16), (31, 14), (30, 16), (30, 14), (30, 13), (29, 16), (30, 12), (31, 12), (32, 12), (33, 12), (34, 12), (34, 11), (34, 10), (33, 10), (32, 10), (31, 10), (30, 10), (28, 16), (30, 9), (29, 10), (30, 8), (31, 8), (32, 8), (33, 8), (34, 8), (34, 7), (34, 6), (33, 6), (32, 6), (31, 6), (30, 6), (30, 5), (29, 6), (30, 4), (31, 4), (32, 4), (33, 4), (34, 4), (30, 3), (31, 3), (34, 3), (34, 2), (34, 1), (33, 1), (32, 1), (27, 16), (31, 1), (30, 1), (29, 1), (28, 1)]",2.87545844912529e-08,0,2.87545844912529e-08
59,"(26, 16)","(27, 16)",West,"[(25, 16) via West]","[(26, 16):2.9685907065868378e-08, (27, 2):3.620516508817673e-08]","[(27, 2):3.620516508817673e-08, (25, 16):5.948822945356369e-08]","[(34, 16), (34, 15), (33, 16), (34, 14), (33, 14), (32, 16), (32, 14), (31, 16), (31, 14), (30, 16), (30, 14), (30, 13), (29, 16), (30, 12), (31, 12), (32, 12), (33, 12), (34, 12), (34, 11), (34, 10), (33, 10), (32, 10), (31, 10), (30, 10), (28, 16), (30, 9), (29, 10), (30, 8), (31, 8), (32, 8), (33, 8), (34, 8), (34, 7), (34, 6), (33, 6), (32, 6), (31, 6), (30, 6), (30, 5), (29, 6), (30, 4), (31, 4), (32, 4), (33, 4), (34, 4), (30, 3), (31, 3), (34, 3), (34, 2), (34, 1), (33, 1), (32, 1), (27, 16), (31, 1), (30, 1), (29, 1), (28, 1), (27, 1)]",2.9685907065868378e-08,0,2.9685907065868378e-08
60,"(27, 2)","(27, 1)",North,"[(27, 3) via North, (26, 2) via West]","[(27, 2):3.620516508817673e-08, (25, 16):5.948822945356369e-08]","[(27, 3):4.3655745685100555e-08, (26, 2):5.1106326282024384e-08, (25, 16):5.948822945356369e-08]","[(34, 16), (34, 15), (33, 16), (34, 14), (33, 14), (32, 16), (32, 14), (31, 16), (31, 14), (30, 16), (30, 14), (30, 13), (29, 16), (30, 12), (31, 12), (32, 12), (33, 12), (34, 12), (34, 11), (34, 10), (33, 10), (32, 10), (31, 10), (30, 10), (28, 16), (30, 9), (29, 10), (30, 8), (31, 8), (32, 8), (33, 8), (34, 8), (34, 7), (34, 6), (33, 6), (32, 6), (31, 6), (30, 6), (30, 5), (29, 6), (30, 4), (31, 4), (32, 4), (33, 4), (34, 4), (30, 3), (31, 3), (34, 3), (34, 2), (34, 1), (33, 1), (32, 1), (27, 16), (31, 1), (30, 1), (29, 1), (28, 1), (27, 1), (26, 16)]",3.620516508817673e-08,0,3.620516508817673e-08
61,"(27, 3)","(27, 2)",North,"[(27, 4) via North]","[(27, 3):4.3655745685100555e-08, (26, 2):5.1106326282024384e-08, (25, 16):5.948822945356369e-08]","[(26, 2):5.1106326282024384e-08, (27, 4):5.1106326282024384e-08, (25, 16):5.948822945356369e-08]","[(34, 16), (34, 15), (33, 16), (34, 14), (33, 14), (32, 16), (32, 14), (31, 16), (31, 14), (30, 16), (30, 14), (30, 13), (29, 16), (30, 12), (31, 12), (32, 12), (33, 12), (34, 12), (34, 11), (34, 10), (33, 10), (32, 10), (31, 10), (30, 10), (28, 16), (30, 9), (29, 10), (30, 8), (31, 8), (32, 8), (33, 8), (34, 8), (34, 7), (34, 6), (33, 6), (32, 6), (31, 6), (30, 6), (30, 5), (29, 6), (30, 4), (31, 4), (32, 4), (33, 4), (34, 4), (30, 3), (31, 3), (34, 3), (34, 2), (34, 1), (33, 1), (32, 1), (27, 16), (31, 1), (30, 1), (29, 1), (28, 1), (27, 1), (26, 16), (27, 2)]",4.3655745685100555e-08,0,4.3655745685100555e-08
62,"(26, 2)","(27, 2)",West,"[(25, 2) via West]","[(26, 2):5.1106326282024384e-08, (27, 4):5.1106326282024384e-08, (25, 16):5.948822945356369e-08]","[(27, 4):5.1106326282024384e-08, (25, 16):5.948822945356369e-08, (25, 2):8.09086486697197e-08]","[(34, 16), (34, 15), (33, 16), (34, 14), (33, 14), (32, 16), (32, 14), (31, 16), (31, 14), (30, 16), (30, 14), (30, 13), (29, 16), (30, 12), (31, 12), (32, 12), (33, 12), (34, 12), (34, 11), (34, 10), (33, 10), (32, 10), (31, 10), (30, 10), (28, 16), (30, 9), (29, 10), (30, 8), (31, 8), (32, 8), (33, 8), (34, 8), (34, 7), (34, 6), (33, 6), (32, 6), (31, 6), (30, 6), (30, 5), (29, 6), (30, 4), (31, 4), (32, 4), (33, 4), (34, 4), (30, 3), (31, 3), (34, 3), (34, 2), (34, 1), (33, 1), (32, 1), (27, 16), (31, 1), (30, 1), (29, 1), (28, 1), (27, 1), (26, 16), (27, 2), (27, 3)]",5.1106326282024384e-08,0,5.1106326282024384e-08
63,"(27, 4)","(27, 3)",North,"[(27, 5) via North]","[(27, 4):5.1106326282024384e-08, (25, 16):5.948822945356369e-08, (25, 2):8.09086486697197e-08]","[(27, 5):5.855690687894821e-08, (25, 16):5.948822945356369e-08, (25, 2):8.09086486697197e-08]","[(34, 16), (34, 15), (33, 16), (34, 14), (33, 14), (32, 16), (32, 14), (31, 16), (31, 14), (30, 16), (30, 14), (30, 13), (29, 16), (30, 12), (31, 12), (32, 12), (33, 12), (34, 12), (34, 11), (34, 10), (33, 10), (32, 10), (31, 10), (30, 10), (28, 16), (30, 9), (29, 10), (30, 8), (31, 8), (32, 8), (33, 8), (34, 8), (34, 7), (34, 6), (33, 6), (32, 6), (31, 6), (30, 6), (30, 5), (29, 6), (30, 4), (31, 4), (32, 4), (33, 4), (34, 4), (30, 3), (31, 3), (34, 3), (34, 2), (34, 1), (33, 1), (32, 1), (27, 16), (31, 1), (30, 1), (29, 1), (28, 1), (27, 1), (26, 16), (27, 2), (27, 3), (26, 2)]",5.1106326282024384e-08,0,5.1106326282024384e-08
64,"(27, 5)","(27, 4)",North,"[(27, 6) via North]","[(27, 5):5.855690687894821e-08, (25, 16):5.948822945356369e-08, (25, 2):8.09086486697197e-08]","[(25, 16):5.948822945356369e-08, (27, 6):6.600748747587204e-08, (25, 2):8.09086486697197e-08]","[(34, 16), (34, 15), (33, 16), (34, 14), (33, 14), (32, 16), (32, 14), (31, 16), (31, 14), (30, 16), (30, 14), (30, 13), (29, 16), (30, 12), (31, 12), (32, 12), (33, 12), (34, 12), (34, 11), (34, 10), (33, 10), (32, 10), (31, 10), (30, 10), (28, 16), (30, 9), (29, 10), (30, 8), (31, 8), (32, 8), (33, 8), (34, 8), (34, 7), (34, 6), (33, 6), (32, 6), (31, 6), (30, 6), (30, 5), (29, 6), (30, 4), (31, 4), (32, 4), (33, 4), (34, 4), (30, 3), (31, 3), (34, 3), (34, 2), (34, 1), (33, 1), (32, 1), (27, 16), (31, 1), (30, 1), (29, 1), (28, 1), (27, 1), (26, 16), (27, 2), (27, 3), (26, 2), (27, 4)]",5.855690687894821e-08,0,5.855690687894821e-08
65,"(25, 16)","(26, 16)",West,"[(25, 15) via South, (24, 16) via West]","[(25, 16):5.948822945356369e-08, (27, 6):6.600748747587204e-08, (25, 2):8.09086486697197e-08]","[(27, 6):6.600748747587204e-08, (25, 2):8.09086486697197e-08, (25, 15):8.9290551841259e-08, (24, 16):1.1909287422895432e-07]","[(34, 16), (34, 15), (33, 16), (34, 14), (33, 14), (32, 16), (32, 14), (31, 16), (31, 14), (30, 16), (30, 14), (30, 13), (29, 16), (30, 12), (31, 12), (32, 12), (33, 12), (34, 12), (34, 11), (34, 10), (33, 10), (32, 10), (31, 10), (30, 10), (28, 16), (30, 9), (29, 10), (30, 8), (31, 8), (32, 8), (33, 8), (34, 8), (34, 7), (34, 6), (33, 6), (32, 6), (31, 6), (30, 6), (30, 5), (29, 6), (30, 4), (31, 4), (32, 4), (33, 4), (34, 4), (30, 3), (31, 3), (34, 3), (34, 2), (34, 1), (33, 1), (32, 1), (27, 16), (31, 1), (30, 1), (29, 1), (28, 1), (27, 1), (26, 16), (27, 2), (27, 3), (26, 2), (27, 4), (27, 5)]",5.948822945356369e-08,0,5.948822945356369e-08
66,"(27, 6)","(27, 5)",North,"[(27, 7) via North]","[(27, 6):6.600748747587204e-08, (25, 2):8.09086486697197e-08, (25, 15):8.9290551841259e-08, (24, 16):1.1909287422895432e-07]","[(27, 7):7.345806807279587e-08, (25, 2):8.09086486697197e-08, (25, 15):8.9290551841259e-08, (24, 16):1.1909287422895432e-07]","[(34, 16), (34, 15), (33, 16), (34, 14), (33, 14), (32, 16), (32, 14), (31, 16), (31, 14), (30, 16), (30, 14), (30, 13), (29, 16), (30, 12), (31, 12), (32, 12), (33, 12), (34, 12), (34, 11), (34, 10), (33, 10), (32, 10), (31, 10), (30, 10), (28, 16), (30, 9), (29, 10), (30, 8), (31, 8), (32, 8), (33, 8), (34, 8), (34, 7), (34, 6), (33, 6), (32, 6), (31, 6), (30, 6), (30, 5), (29, 6), (30, 4), (31, 4), (32, 4), (33, 4), (34, 4), (30, 3), (31, 3), (34, 3), (34, 2), (34, 1), (33, 1), (32, 1), (27, 16), (31, 1), (30, 1), (29, 1), (28, 1), (27, 1), (26, 16), (27, 2), (27, 3), (26, 2), (27, 4), (27, 5), (25, 16)]",6.600748747587204e-08,0,6.600748747587204e-08
67,"(27, 7)","(27, 6)",North,"[(27, 8) via North]","[(27, 7):7.345806807279587e-08, (25, 2):8.09086486697197e-08, (25, 15):8.9290551841259e-08, (24, 16):1.1909287422895432e-07]","[(25, 2):8.09086486697197e-08, (27, 8):8.09086486697197e-08, (25, 15):8.9290551841259e-08, (24, 16):1.1909287422895432e-07]","[(34, 16), (34, 15), (33, 16), (34, 14), (33, 14), (32, 16), (32, 14), (31, 16), (31, 14), (30, 16), (30, 14), (30, 13), (29, 16), (30, 12), (31, 12), (32, 12), (33, 12), (34, 12), (34, 11), (34, 10), (33, 10), (32, 10), (31, 10), (30, 10), (28, 16), (30, 9), (29, 10), (30, 8), (31, 8), (32, 8), (33, 8), (34, 8), (34, 7), (34, 6), (33, 6), (32, 6), (31, 6), (30, 6), (30, 5), (29, 6), (30, 4), (31, 4), (32, 4), (33, 4), (34, 4), (30, 3), (31, 3), (34, 3), (34, 2), (34, 1), (33, 1), (32, 1), (27, 16), (31, 1), (30, 1), (29, 1), (28, 1), (27, 1), (26, 16), (27, 2), (27, 3), (26, 2), (27, 4), (27, 5), (25, 16), (27, 6)]",7.345806807279587e-08,0,7.345806807279587e-08
68,"(25, 2)","(26, 2)",West,"[(24, 2) via West]","[(25, 2):8.09086486697197e-08, (27, 8):8.09086486697197e-08, (25, 15):8.9290551841259e-08, (24, 16):1.1909287422895432e-07]","[(27, 8):8.09086486697197e-08, (25, 15):8.9290551841259e-08, (24, 16):1.1909287422895432e-07, (24, 2):1.4051329344511032e-07]","[(34, 16), (34, 15), (33, 16), (34, 14), (33, 14), (32, 16), (32, 14), (31, 16), (31, 14), (30, 16), (30, 14), (30, 13), (29, 16), (30, 12), (31, 12), (32, 12), (33, 12), (34, 12), (34, 11), (34, 10), (33, 10), (32, 10), (31, 10), (30, 10), (28, 16), (30, 9), (29, 10), (30, 8), (31, 8), (32, 8), (33, 8), (34, 8), (34, 7), (34, 6), (33, 6), (32, 6), (31, 6), (30, 6), (30, 5), (29, 6), (30, 4), (31, 4), (32, 4), (33, 4), (34, 4), (30, 3), (31, 3), (34, 3), (34, 2), (34, 1), (33, 1), (32, 1), (27, 16), (31, 1), (30, 1), (29, 1), (28, 1), (27, 1), (26, 16), (27, 2), (27, 3), (26, 2), (27, 4), (27, 5), (25, 16), (27, 6), (27, 7)]",8.09086486697197e-08,0,8.09086486697197e-08
69,"(27, 8)","(27, 7)",North,"[(27, 9) via North]","[(27, 8):8.09086486697197e-08, (25, 15):8.9290551841259e-08, (24, 16):1.1909287422895432e-07, (24, 2):1.4051329344511032e-07]","[(27, 9):8.835922926664352e-08, (25, 15):8.9290551841259e-08, (24, 16):1.1909287422895432e-07, (24, 2):1.4051329344511032e-07]","[(34, 16), (34, 15), (33, 16), (34, 14), (33, 14), (32, 16), (32, 14), (31, 16), (31, 14), (30, 16), (30, 14), (30, 13), (29, 16), (30, 12), (31, 12), (32, 12), (33, 12), (34, 12), (34, 11), (34, 10), (33, 10), (32, 10), (31, 10), (30, 10), (28, 16), (30, 9), (29, 10), (30, 8), (31, 8), (32, 8), (33, 8), (34, 8), (34, 7), (34, 6), (33, 6), (32, 6), (31, 6), (30, 6), (30, 5), (29, 6), (30, 4), (31, 4), (32, 4), (33, 4), (34, 4), (30, 3), (31, 3), (34, 3), (34, 2), (34, 1), (33, 1), (32, 1), (27, 16), (31, 1), (30, 1), (29, 1), (28, 1), (27, 1), (26, 16), (27, 2), (27, 3), (26, 2), (27, 4), (27, 5), (25, 16), (27, 6), (27, 7), (25, 2)]",8.09086486697197e-08,0,8.09086486697197e-08
70,"(27, 9)","(27, 8)",North,"[(26, 9) via West]","[(27, 9):8.835922926664352e-08, (25, 15):8.9290551841259e-08, (24, 16):1.1909287422895432e-07, (24, 2):1.4051329344511032e-07]","[(25, 15):8.9290551841259e-08, (26, 9):1.0326039046049118e-07, (24, 16):1.1909287422895432e-07, (24, 2):1.4051329344511032e-07]","[(34, 16), (34, 15), (33, 16), (34, 14), (33, 14), (32, 16), (32, 14), (31, 16), (31, 14), (30, 16), (30, 14), (30, 13), (29, 16), (30, 12), (31, 12), (32, 12), (33, 12), (34, 12), (34, 11), (34, 10), (33, 10), (32, 10), (31, 10), (30, 10), (28, 16), (30, 9), (29, 10), (30, 8), (31, 8), (32, 8), (33, 8), (34, 8), (34, 7), (34, 6), (33, 6), (32, 6), (31, 6), (30, 6), (30, 5), (29, 6), (30, 4), (31, 4), (32, 4), (33, 4), (34, 4), (30, 3), (31, 3), (34, 3), (34, 2), (34, 1), (33, 1), (32, 1), (27, 16), (31, 1), (30, 1), (29, 1), (28, 1), (27, 1), (26, 16), (27, 2), (27, 3), (26, 2), (27, 4), (27, 5), (25, 16), (27, 6), (27, 7), (25, 2), (27, 8)]",8.835922926664352e-08,0,8.835922926664352e-08
71,"(25, 15)","(25, 16)",South,"[(25, 14) via South]","[(25, 15):8.9290551841259e-08, (26, 9):1.0326039046049118e-07, (24, 16):1.1909287422895432e-07, (24, 2):1.4051329344511032e-07]","[(26, 9):1.0326039046049118e-07, (24, 16):1.1909287422895432e-07, (25, 14):1.1909287422895432e-07, (24, 2):1.4051329344511032e-07]","[(34, 16), (34, 15), (33, 16), (34, 14), (33, 14), (32, 16), (32, 14), (31, 16), (31, 14), (30, 16), (30, 14), (30, 13), (29, 16), (30, 12), (31, 12), (32, 12), (33, 12), (34, 12), (34, 11), (34, 10), (33, 10), (32, 10), (31, 10), (30, 10), (28, 16), (30, 9), (29, 10), (30, 8), (31, 8), (32, 8), (33, 8), (34, 8), (34, 7), (34, 6), (33, 6), (32, 6), (31, 6), (30, 6), (30, 5), (29, 6), (30, 4), (31, 4), (32, 4), (33, 4), (34, 4), (30, 3), (31, 3), (34, 3), (34, 2), (34, 1), (33, 1), (32, 1), (27, 16), (31, 1), (30, 1), (29, 1), (28, 1), (27, 1), (26, 16), (27, 2), (27, 3), (26, 2), (27, 4), (27, 5), (25, 16), (27, 6), (27, 7), (25, 2), (27, 8), (27, 9)]",8.9290551841259e-08,0,8.9290551841259e-08
72,"(26, 9)","(27, 9)",West,"[(25, 9) via West]","[(26, 9):1.0326039046049118e-07, (24, 16):1.1909287422895432e-07, (25, 14):1.1909287422895432e-07, (24, 2):1.4051329344511032e-07]","[(24, 16):1.1909287422895432e-07, (25, 14):1.1909287422895432e-07, (25, 9):1.330627128481865e-07, (24, 2):1.4051329344511032e-07]","[(34, 16), (34, 15), (33, 16), (34, 14), (33, 14), (32, 16), (32, 14), (31, 16), (31, 14), (30, 16), (30, 14), (30, 13), (29, 16), (30, 12), (31, 12), (32, 12), (33, 12), (34, 12), (34, 11), (34, 10), (33, 10), (32, 10), (31, 10), (30, 10), (28, 16), (30, 9), (29, 10), (30, 8), (31, 8), (32, 8), (33, 8), (34, 8), (34, 7), (34, 6), (33, 6), (32, 6), (31, 6), (30, 6), (30, 5), (29, 6), (30, 4), (31, 4), (32, 4), (33, 4), (34, 4), (30, 3), (31, 3), (34, 3), (34, 2), (34, 1), (33, 1), (32, 1), (27, 16), (31, 1), (30, 1), (29, 1), (28, 1), (27, 1), (26, 16), (27, 2), (27, 3), (26, 2), (27, 4), (27, 5), (25, 16), (27, 6), (27, 7), (25, 2), (27, 8), (27, 9), (25, 15)]",1.0326039046049118e-07,0,1.0326039046049118e-07
73,"(24, 16)","(25, 16)",West,"[(23, 16) via West]","[(24, 16):1.1909287422895432e-07, (25, 14):1.1909287422895432e-07, (25, 9):1.330627128481865e-07, (24, 2):1.4051329344511032e-07]","[(25, 14):1.1909287422895432e-07, (25, 9):1.330627128481865e-07, (24, 2):1.4051329344511032e-07, (23, 16):2.3830216377973557e-07]","[(34, 16), (34, 15), (33, 16), (34, 14), (33, 14), (32, 16), (32, 14), (31, 16), (31, 14), (30, 16), (30, 14), (30, 13), (29, 16), (30, 12), (31, 12), (32, 12), (33, 12), (34, 12), (34, 11), (34, 10), (33, 10), (32, 10), (31, 10), (30, 10), (28, 16), (30, 9), (29, 10), (30, 8), (31, 8), (32, 8), (33, 8), (34, 8), (34, 7), (34, 6), (33, 6), (32, 6), (31, 6), (30, 6), (30, 5), (29, 6), (30, 4), (31, 4), (32, 4), (33, 4), (34, 4), (30, 3), (31, 3), (34, 3), (34, 2), (34, 1), (33, 1), (32, 1), (27, 16), (31, 1), (30, 1), (29, 1), (28, 1), (27, 1), (26, 16), (27, 2), (27, 3), (26, 2), (27, 4), (27, 5), (25, 16), (27, 6), (27, 7), (25, 2), (27, 8), (27, 9), (25, 15), (26, 9)]",1.1909287422895432e-07,0,1.1909287422895432e-07
74,"(25, 14)","(25, 15)",South,"[(26, 14) via East]","[(25, 14):1.1909287422895432e-07, (25, 9):1.330627128481865e-07, (24, 2):1.4051329344511032e-07, (23, 16):2.3830216377973557e-07]","[(25, 9):1.330627128481865e-07, (26, 14):1.3399403542280197e-07, (24, 2):1.4051329344511032e-07, (23, 16):2.3830216377973557e-07]","[(34, 16), (34, 15), (33, 16), (34, 14), (33, 14), (32, 16), (32, 14), (31, 16), (31, 14), (30, 16), (30, 14), (30, 13), (29, 16), (30, 12), (31, 12), (32, 12), (33, 12), (34, 12), (34, 11), (34, 10), (33, 10), (32, 10), (31, 10), (30, 10), (28, 16), (30, 9), (29, 10), (30, 8), (31, 8), (32, 8), (33, 8), (34, 8), (34, 7), (34, 6), (33, 6), (32, 6), (31, 6), (30, 6), (30, 5), (29, 6), (30, 4), (31, 4), (32, 4), (33, 4), (34, 4), (30, 3), (31, 3), (34, 3), (34, 2), (34, 1), (33, 1), (32, 1), (27, 16), (31, 1), (30, 1), (29, 1), (28, 1), (27, 1), (26, 16), (27, 2), (27, 3), (26, 2), (27, 4), (27, 5), (25, 16), (27, 6), (27, 7), (25, 2), (27, 8), (27, 9), (25, 15), (26, 9), (24, 16)]",1.1909287422895432e-07,0,1.1909287422895432e-07
75,"(25, 9)","(26, 9)",West,"[(24, 9) via West]","[(25, 9):1.330627128481865e-07, (26, 14):1.3399403542280197e-07, (24, 2):1.4051329344511032e-07, (23, 16):2.3830216377973557e-07]","[(26, 14):1.3399403542280197e-07, (24, 2):1.4051329344511032e-07, (24, 9):1.9266735762357712e-07, (23, 16):2.3830216377973557e-07]","[(34, 16), (34, 15), (33, 16), (34, 14), (33, 14), (32, 16), (32, 14), (31, 16), (31, 14), (30, 16), (30, 14), (30, 13), (29, 16), (30, 12), (31, 12), (32, 12), (33, 12), (34, 12), (34, 11), (34, 10), (33, 10), (32, 10), (31, 10), (30, 10), (28, 16), (30, 9), (29, 10), (30, 8), (31, 8), (32, 8), (33, 8), (34, 8), (34, 7), (34, 6), (33, 6), (32, 6), (31, 6), (30, 6), (30, 5), (29, 6), (30, 4), (31, 4), (32, 4), (33, 4), (34, 4), (30, 3), (31, 3), (34, 3), (34, 2), (34, 1), (33, 1), (32, 1), (27, 16), (31, 1), (30, 1), (29, 1), (28, 1), (27, 1), (26, 16), (27, 2), (27, 3), (26, 2), (27, 4), (27, 5), (25, 16), (27, 6), (27, 7), (25, 2), (27, 8), (27, 9), (25, 15), (26, 9), (24, 16), (25, 14)]",1.330627128481865e-07,0,1.330627128481865e-07
76,"(26, 14)","(25, 14)",East,"[(27, 14) via East]","[(26, 14):1.3399403542280197e-07, (24, 2):1.4051329344511032e-07, (24, 9):1.9266735762357712e-07, (23, 16):2.3830216377973557e-07]","[(24, 2):1.4051329344511032e-07, (27, 14):1.414446160197258e-07, (24, 9):1.9266735762357712e-07, (23, 16):2.3830216377973557e-07]","[(34, 16), (34, 15), (33, 16), (34, 14), (33, 14), (32, 16), (32, 14), (31, 16), (31, 14), (30, 16), (30, 14), (30, 13), (29, 16), (30, 12), (31, 12), (32, 12), (33, 12), (34, 12), (34, 11), (34, 10), (33, 10), (32, 10), (31, 10), (30, 10), (28, 16), (30, 9), (29, 10), (30, 8), (31, 8), (32, 8), (33, 8), (34, 8), (34, 7), (34, 6), (33, 6), (32, 6), (31, 6), (30, 6), (30, 5), (29, 6), (30, 4), (31, 4), (32, 4), (33, 4), (34, 4), (30, 3), (31, 3), (34, 3), (34, 2), (34, 1), (33, 1), (32, 1), (27, 16), (31, 1), (30, 1), (29, 1), (28, 1), (27, 1), (26, 16), (27, 2), (27, 3), (26, 2), (27, 4), (27, 5), (25, 16), (27, 6), (27, 7), (25, 2), (27, 8), (27, 9), (25, 15), (26, 9), (24, 16), (25, 14), (25, 9)]",1.3399403542280197e-07,0,1.3399403542280197e-07
77,"(24, 2)","(25, 2)",West,"[(23, 2) via West]","[(24, 2):1.4051329344511032e-07, (27, 14):1.414446160197258e-07, (24, 9):1.9266735762357712e-07, (23, 16):2.3830216377973557e-07]","[(27, 14):1.414446160197258e-07, (24, 9):1.9266735762357712e-07, (23, 16):2.3830216377973557e-07, (23, 2):2.5972258299589157e-07]","[(34, 16), (34, 15), (33, 16), (34, 14), (33, 14), (32, 16), (32, 14), (31, 16), (31, 14), (30, 16), (30, 14), (30, 13), (29, 16), (30, 12), (31, 12), (32, 12), (33, 12), (34, 12), (34, 11), (34, 10), (33, 10), (32, 10), (31, 10), (30, 10), (28, 16), (30, 9), (29, 10), (30, 8), (31, 8), (32, 8), (33, 8), (34, 8), (34, 7), (34, 6), (33, 6), (32, 6), (31, 6), (30, 6), (30, 5), (29, 6), (30, 4), (31, 4), (32, 4), (33, 4), (34, 4), (30, 3), (31, 3), (34, 3), (34, 2), (34, 1), (33, 1), (32, 1), (27, 16), (31, 1), (30, 1), (29, 1), (28, 1), (27, 1), (26, 16), (27, 2), (27, 3), (26, 2), (27, 4), (27, 5), (25, 16), (27, 6), (27, 7), (25, 2), (27, 8), (27, 9), (25, 15), (26, 9), (24, 16), (25, 14), (25, 9), (26, 14)]",1.4051329344511032e-07,0,1.4051329344511032e-07
78,"(27, 14)","(26, 14)",East,"[(27, 13) via South]","[(27, 14):1.414446160197258e-07, (24, 9):1.9266735762357712e-07, (23, 16):2.3830216377973557e-07, (23, 2):2.5972258299589157e-07]","[(27, 13):1.4889519661664963e-07, (24, 9):1.9266735762357712e-07, (23, 16):2.3830216377973557e-07, (23, 2):2.5972258299589157e-07]","[(34, 16), (34, 15), (33, 16), (34, 14), (33, 14), (32, 16), (32, 14), (31, 16), (31, 14), (30, 16), (30, 14), (30, 13), (29, 16), (30, 12), (31, 12), (32, 12), (33, 12), (34, 12), (34, 11), (34, 10), (33, 10), (32, 10), (31, 10), (30, 10), (28, 16), (30, 9), (29, 10), (30, 8), (31, 8), (32, 8), (33, 8), (34, 8), (34, 7), (34, 6), (33, 6), (32, 6), (31, 6), (30, 6), (30, 5), (29, 6), (30, 4), (31, 4), (32, 4), (33, 4), (34, 4), (30, 3), (31, 3), (34, 3), (34, 2), (34, 1), (33, 1), (32, 1), (27, 16), (31, 1), (30, 1), (29, 1), (28, 1), (27, 1), (26, 16), (27, 2), (27, 3), (26, 2), (27, 4), (27, 5), (25, 16), (27, 6), (27, 7), (25, 2), (27, 8), (27, 9), (25, 15), (26, 9), (24, 16), (25, 14), (25, 9), (26, 14), (24, 2)]",1.414446160197258e-07,0,1.414446160197258e-07
79,"(27, 13)","(27, 14)",South,"[(27, 12) via South]","[(27, 13):1.4889519661664963e-07, (24, 9):1.9266735762357712e-07, (23, 16):2.3830216377973557e-07, (23, 2):2.5972258299589157e-07]","[(27, 12):1.5634577721357346e-07, (24, 9):1.9266735762357712e-07, (23, 16):2.3830216377973557e-07, (23, 2):2.5972258299589157e-07]","[(34, 16), (34, 15), (33, 16), (34, 14), (33, 14), (32, 16), (32, 14), (31, 16), (31, 14), (30, 16), (30, 14), (30, 13), (29, 16), (30, 12), (31, 12), (32, 12), (33, 12), (34, 12), (34, 11), (34, 10), (33, 10), (32, 10), (31, 10), (30, 10), (28, 16), (30, 9), (29, 10), (30, 8), (31, 8), (32, 8), (33, 8), (34, 8), (34, 7), (34, 6), (33, 6), (32, 6), (31, 6), (30, 6), (30, 5), (29, 6), (30, 4), (31, 4), (32, 4), (33, 4), (34, 4), (30, 3), (31, 3), (34, 3), (34, 2), (34, 1), (33, 1), (32, 1), (27, 16), (31, 1), (30, 1), (29, 1), (28, 1), (27, 1), (26, 16), (27, 2), (27, 3), (26, 2), (27, 4), (27, 5), (25, 16), (27, 6), (27, 7), (25, 2), (27, 8), (27, 9), (25, 15), (26, 9), (24, 16), (25, 14), (25, 9), (26, 14), (24, 2), (27, 14)]",1.4889519661664963e-07,0,1.4889519661664963e-07
80,"(27, 12)","(27, 13)",South,"[(27, 11) via South]","[(27, 12):1.5634577721357346e-07, (24, 9):1.9266735762357712e-07, (23, 16):2.3830216377973557e-07, (23, 2):2.5972258299589157e-07]","[(27, 11):1.6379635781049728e-07, (24, 9):1.9266735762357712e-07, (23, 16):2.3830216377973557e-07, (23, 2):2.5972258299589157e-07]","[(34, 16), (34, 15), (33, 16), (34, 14), (33, 14), (32, 16), (32, 14), (31, 16), (31, 14), (30, 16), (30, 14), (30, 13), (29, 16), (30, 12), (31, 12), (32, 12), (33, 12), (34, 12), (34, 11), (34, 10), (33, 10), (32, 10), (31, 10), (30, 10), (28, 16), (30, 9), (29, 10), (30, 8), (31, 8), (32, 8), (33, 8), (34, 8), (34, 7), (34, 6), (33, 6), (32, 6), (31, 6), (30, 6), (30, 5), (29, 6), (30, 4), (31, 4), (32, 4), (33, 4), (34, 4), (30, 3), (31, 3), (34, 3), (34, 2), (34, 1), (33, 1), (32, 1), (27, 16), (31, 1), (30, 1), (29, 1), (28, 1), (27, 1), (26, 16), (27, 2), (27, 3), (26, 2), (27, 4), (27, 5), (25, 16), (27, 6), (27, 7), (25, 2), (27, 8), (27, 9), (25, 15), (26, 9), (24, 16), (25, 14), (25, 9), (26, 14), (24, 2), (27, 14), (27, 13)]",1.5634577721357346e-07,0,1.5634577721357346e-07
81,"(27, 11)","(27, 12)",South,"[(26, 11) via West]","[(27, 11):1.6379635781049728e-07, (24, 9):1.9266735762357712e-07, (23, 16):2.3830216377973557e-07, (23, 2):2.5972258299589157e-07]","[(26, 11):1.7869751900434494e-07, (24, 9):1.9266735762357712e-07, (23, 16):2.3830216377973557e-07, (23, 2):2.5972258299589157e-07]","[(34, 16), (34, 15), (33, 16), (34, 14), (33, 14), (32, 16), (32, 14), (31, 16), (31, 14), (30, 16), (30, 14), (30, 13), (29, 16), (30, 12), (31, 12), (32, 12), (33, 12), (34, 12), (34, 11), (34, 10), (33, 10), (32, 10), (31, 10), (30, 10), (28, 16), (30, 9), (29, 10), (30, 8), (31, 8), (32, 8), (33, 8), (34, 8), (34, 7), (34, 6), (33, 6), (32, 6), (31, 6), (30, 6), (30, 5), (29, 6), (30, 4), (31, 4), (32, 4), (33, 4), (34, 4), (30, 3), (31, 3), (34, 3), (34, 2), (34, 1), (33, 1), (32, 1), (27, 16), (31, 1), (30, 1), (29, 1), (28, 1), (27, 1), (26, 16), (27, 2), (27, 3), (26, 2), (27, 4), (27, 5), (25, 16), (27, 6), (27, 7), (25, 2), (27, 8), (27, 9), (25, 15), (26, 9), (24, 16), (25, 14), (25, 9), (26, 14), (24, 2), (27, 14), (27, 13), (27, 12)]",1.6379635781049728e-07,0,1.6379635781049728e-07
82,"(26, 11)","(27, 11)",West,"[(25, 11) via West]","[(26, 11):1.7869751900434494e-07, (24, 9):1.9266735762357712e-07, (23, 16):2.3830216377973557e-07, (23, 2):2.5972258299589157e-07]","[(24, 9):1.9266735762357712e-07, (25, 11):2.0849984139204025e-07, (23, 16):2.3830216377973557e-07, (23, 2):2.5972258299589157e-07]","[(34, 16), (34, 15), (33, 16), (34, 14), (33, 14), (32, 16), (32, 14), (31, 16), (31, 14), (30, 16), (30, 14), (30, 13), (29, 16), (30, 12), (31, 12), (32, 12), (33, 12), (34, 12), (34, 11), (34, 10), (33, 10), (32, 10), (31, 10), (30, 10), (28, 16), (30, 9), (29, 10), (30, 8), (31, 8), (32, 8), (33, 8), (34, 8), (34, 7), (34, 6), (33, 6), (32, 6), (31, 6), (30, 6), (30, 5), (29, 6), (30, 4), (31, 4), (32, 4), (33, 4), (34, 4), (30, 3), (31, 3), (34, 3), (34, 2), (34, 1), (33, 1), (32, 1), (27, 16), (31, 1), (30, 1), (29, 1), (28, 1), (27, 1), (26, 16), (27, 2), (27, 3), (26, 2), (27, 4), (27, 5), (25, 16), (27, 6), (27, 7), (25, 2), (27, 8), (27, 9), (25, 15), (26, 9), (24, 16), (25, 14), (25, 9), (26, 14), (24, 2), (27, 14), (27, 13), (27, 12), (27, 11)]",1.7869751900434494e-07,0,1.7869751900434494e-07
83,"(24, 9)","(25, 9)",West,"[(23, 9) via West]","[(24, 9):1.9266735762357712e-07, (25, 11):2.0849984139204025e-07, (23, 16):2.3830216377973557e-07, (23, 2):2.5972258299589157e-07]","[(25, 11):2.0849984139204025e-07, (23, 16):2.3830216377973557e-07, (23, 2):2.5972258299589157e-07, (23, 9):3.1187664717435837e-07]","[(34, 16), (34, 15), (33, 16), (34, 14), (33, 14), (32, 16), (32, 14), (31, 16), (31, 14), (30, 16), (30, 14), (30, 13), (29, 16), (30, 12), (31, 12), (32, 12), (33, 12), (34, 12), (34, 11), (34, 10), (33, 10), (32, 10), (31, 10), (30, 10), (28, 16), (30, 9), (29, 10), (30, 8), (31, 8), (32, 8), (33, 8), (34, 8), (34, 7), (34, 6), (33, 6), (32, 6), (31, 6), (30, 6), (30, 5), (29, 6), (30, 4), (31, 4), (32, 4), (33, 4), (34, 4), (30, 3), (31, 3), (34, 3), (34, 2), (34, 1), (33, 1), (32, 1), (27, 16), (31, 1), (30, 1), (29, 1), (28, 1), (27, 1), (26, 16), (27, 2), (27, 3), (26, 2), (27, 4), (27, 5), (25, 16), (27, 6), (27, 7), (25, 2), (27, 8), (27, 9), (25, 15), (26, 9), (24, 16), (25, 14), (25, 9), (26, 14), (24, 2), (27, 14), (27, 13), (27, 12), (27, 11), (26, 11)]",1.9266735762357712e-07,0,1.9266735762357712e-07
84,"(25, 11)","(26, 11)",West,"[(24, 11) via West]","[(25, 11):2.0849984139204025e-07, (23, 16):2.3830216377973557e-07, (23, 2):2.5972258299589157e-07, (23, 9):3.1187664717435837e-07]","[(23, 16):2.3830216377973557e-07, (23, 2):2.5972258299589157e-07, (24, 11):2.681044861674309e-07, (23, 9):3.1187664717435837e-07]","[(34, 16), (34, 15), (33, 16), (34, 14), (33, 14), (32, 16), (32, 14), (31, 16), (31, 14), (30, 16), (30, 14), (30, 13), (29, 16), (30, 12), (31, 12), (32, 12), (33, 12), (34, 12), (34, 11), (34, 10), (33, 10), (32, 10), (31, 10), (30, 10), (28, 16), (30, 9), (29, 10), (30, 8), (31, 8), (32, 8), (33, 8), (34, 8), (34, 7), (34, 6), (33, 6), (32, 6), (31, 6), (30, 6), (30, 5), (29, 6), (30, 4), (31, 4), (32, 4), (33, 4), (34, 4), (30, 3), (31, 3), (34, 3), (34, 2), (34, 1), (33, 1), (32, 1), (27, 16), (31, 1), (30, 1), (29, 1), (28, 1), (27, 1), (26, 16), (27, 2), (27, 3), (26, 2), (27, 4), (27, 5), (25, 16), (27, 6), (27, 7), (25, 2), (27, 8), (27, 9), (25, 15), (26, 9), (24, 16), (25, 14), (25, 9), (26, 14), (24, 2), (27, 14), (27, 13), (27, 12), (27, 11), (26, 11), (24, 9)]",2.0849984139204025e-07,0,2.0849984139204025e-07
85,"(23, 16)","(24, 16)",West,"[(22, 16) via West]","[(23, 16):2.3830216377973557e-07, (23, 2):2.5972258299589157e-07, (24, 11):2.681044861674309e-07, (23, 9):3.1187664717435837e-07]","[(23, 2):2.5972258299589157e-07, (24, 11):2.681044861674309e-07, (23, 9):3.1187664717435837e-07, (22, 16):4.7672074288129807e-07]","[(34, 16), (34, 15), (33, 16), (34, 14), (33, 14), (32, 16), (32, 14), (31, 16), (31, 14), (30, 16), (30, 14), (30, 13), (29, 16), (30, 12), (31, 12), (32, 12), (33, 12), (34, 12), (34, 11), (34, 10), (33, 10), (32, 10), (31, 10), (30, 10), (28, 16), (30, 9), (29, 10), (30, 8), (31, 8), (32, 8), (33, 8), (34, 8), (34, 7), (34, 6), (33, 6), (32, 6), (31, 6), (30, 6), (30, 5), (29, 6), (30, 4), (31, 4), (32, 4), (33, 4), (34, 4), (30, 3), (31, 3), (34, 3), (34, 2), (34, 1), (33, 1), (32, 1), (27, 16), (31, 1), (30, 1), (29, 1), (28, 1), (27, 1), (26, 16), (27, 2), (27, 3), (26, 2), (27, 4), (27, 5), (25, 16), (27, 6), (27, 7), (25, 2), (27, 8), (27, 9), (25, 15), (26, 9), (24, 16), (25, 14), (25, 9), (26, 14), (24, 2), (27, 14), (27, 13), (27, 12), (27, 11), (26, 11), (24, 9), (25, 11)]",2.3830216377973557e-07,0,2.3830216377973557e-07
86,"(23, 2)","(24, 2)",West,"[(22, 2) via West]","[(23, 2):2.5972258299589157e-07, (24, 11):2.681044861674309e-07, (23, 9):3.1187664717435837e-07, (22, 16):4.7672074288129807e-07]","[(24, 11):2.681044861674309e-07, (23, 9):3.1187664717435837e-07, (22, 16):4.7672074288129807e-07, (22, 2):4.981411620974541e-07]","[(34, 16), (34, 15), (33, 16), (34, 14), (33, 14), (32, 16), (32, 14), (31, 16), (31, 14), (30, 16), (30, 14), (30, 13), (29, 16), (30, 12), (31, 12), (32, 12), (33, 12), (34, 12), (34, 11), (34, 10), (33, 10), (32, 10), (31, 10), (30, 10), (28, 16), (30, 9), (29, 10), (30, 8), (31, 8), (32, 8), (33, 8), (34, 8), (34, 7), (34, 6), (33, 6), (32, 6), (31, 6), (30, 6), (30, 5), (29, 6), (30, 4), (31, 4), (32, 4), (33, 4), (34, 4), (30, 3), (31, 3), (34, 3), (34, 2), (34, 1), (33, 1), (32, 1), (27, 16), (31, 1), (30, 1), (29, 1), (28, 1), (27, 1), (26, 16), (27, 2), (27, 3), (26, 2), (27, 4), (27, 5), (25, 16), (27, 6), (27, 7), (25, 2), (27, 8), (27, 9), (25, 15), (26, 9), (24, 16), (25, 14), (25, 9), (26, 14), (24, 2), (27, 14), (27, 13), (27, 12), (27, 11), (26, 11), (24, 9), (25, 11), (23, 16)]",2.5972258299589157e-07,0,2.5972258299589157e-07
87,"(24, 11)","(25, 11)",West,"[(24, 12) via North]","[(24, 11):2.681044861674309e-07, (23, 9):3.1187664717435837e-07, (22, 16):4.7672074288129807e-07, (22, 2):4.981411620974541e-07]","[(23, 9):3.1187664717435837e-07, (24, 12):3.277091309428215e-07, (22, 16):4.7672074288129807e-07, (22, 2):4.981411620974541e-07]","[(34, 16), (34, 15), (33, 16), (34, 14), (33, 14), (32, 16), (32, 14), (31, 16), (31, 14), (30, 16), (30, 14), (30, 13), (29, 16), (30, 12), (31, 12), (32, 12), (33, 12), (34, 12), (34, 11), (34, 10), (33, 10), (32, 10), (31, 10), (30, 10), (28, 16), (30, 9), (29, 10), (30, 8), (31, 8), (32, 8), (33, 8), (34, 8), (34, 7), (34, 6), (33, 6), (32, 6), (31, 6), (30, 6), (30, 5), (29, 6), (30, 4), (31, 4), (32, 4), (33, 4), (34, 4), (30, 3), (31, 3), (34, 3), (34, 2), (34, 1), (33, 1), (32, 1), (27, 16), (31, 1), (30, 1), (29, 1), (28, 1), (27, 1), (26, 16), (27, 2), (27, 3), (26, 2), (27, 4), (27, 5), (25, 16), (27, 6), (27, 7), (25, 2), (27, 8), (27, 9), (25, 15), (26, 9), (24, 16), (25, 14), (25, 9), (26, 14), (24, 2), (27, 14), (27, 13), (27, 12), (27, 11), (26, 11), (24, 9), (25, 11), (23, 16), (23, 2)]",2.681044861674309e-07,0,2.681044861674309e-07
88,"(23, 9)","(24, 9)",West,"[(22, 9) via West]","[(23, 9):3.1187664717435837e-07, (24, 12):3.277091309428215e-07, (22, 16):4.7672074288129807e-07, (22, 2):4.981411620974541e-07]","[(24, 12):3.277091309428215e-07, (22, 16):4.7672074288129807e-07, (22, 2):4.981411620974541e-07, (22, 9):5.502952262759209e-07]","[(34, 16), (34, 15), (33, 16), (34, 14), (33, 14), (32, 16), (32, 14), (31, 16), (31, 14), (30, 16), (30, 14), (30, 13), (29, 16), (30, 12), (31, 12), (32, 12), (33, 12), (34, 12), (34, 11), (34, 10), (33, 10), (32, 10), (31, 10), (30, 10), (28, 16), (30, 9), (29, 10), (30, 8), (31, 8), (32, 8), (33, 8), (34, 8), (34, 7), (34, 6), (33, 6), (32, 6), (31, 6), (30, 6), (30, 5), (29, 6), (30, 4), (31, 4), (32, 4), (33, 4), (34, 4), (30, 3), (31, 3), (34, 3), (34, 2), (34, 1), (33, 1), (32, 1), (27, 16), (31, 1), (30, 1), (29, 1), (28, 1), (27, 1), (26, 16), (27, 2), (27, 3), (26, 2), (27, 4), (27, 5), (25, 16), (27, 6), (27, 7), (25, 2), (27, 8), (27, 9), (25, 15), (26, 9), (24, 16), (25, 14), (25, 9), (26, 14), (24, 2), (27, 14), (27, 13), (27, 12), (27, 11), (26, 11), (24, 9), (25, 11), (23, 16), (23, 2), (24, 11)]",3.1187664717435837e-07,0,3.1187664717435837e-07
89,"(24, 12)","(24, 11)",North,"[(23, 12) via West]","[(24, 12):3.277091309428215e-07, (22, 16):4.7672074288129807e-07, (22, 2):4.981411620974541e-07, (22, 9):5.502952262759209e-07]","[(23, 12):4.4691842049360275e-07, (22, 16):4.7672074288129807e-07, (22, 2):4.981411620974541e-07, (22, 9):5.502952262759209e-07]","[(34, 16), (34, 15), (33, 16), (34, 14), (33, 14), (32, 16), (32, 14), (31, 16), (31, 14), (30, 16), (30, 14), (30, 13), (29, 16), (30, 12), (31, 12), (32, 12), (33, 12), (34, 12), (34, 11), (34, 10), (33, 10), (32, 10), (31, 10), (30, 10), (28, 16), (30, 9), (29, 10), (30, 8), (31, 8), (32, 8), (33, 8), (34, 8), (34, 7), (34, 6), (33, 6), (32, 6), (31, 6), (30, 6), (30, 5), (29, 6), (30, 4), (31, 4), (32, 4), (33, 4), (34, 4), (30, 3), (31, 3), (34, 3), (34, 2), (34, 1), (33, 1), (32, 1), (27, 16), (31, 1), (30, 1), (29, 1), (28, 1), (27, 1), (26, 16), (27, 2), (27, 3), (26, 2), (27, 4), (27, 5), (25, 16), (27, 6), (27, 7), (25, 2), (27, 8), (27, 9), (25, 15), (26, 9), (24, 16), (25, 14), (25, 9), (26, 14), (24, 2), (27, 14), (27, 13), (27, 12), (27, 11), (26, 11), (24, 9), (25, 11), (23, 16), (23, 2), (24, 11), (23, 9)]",3.277091309428215e-07,0,3.277091309428215e-07
90,"(23, 12)","(24, 12)",West,"[(22, 12) via West]","[(23, 12):4.4691842049360275e-07, (22, 16):4.7672074288129807e-07, (22, 2):4.981411620974541e-07, (22, 9):5.502952262759209e-07]","[(22, 16):4.7672074288129807e-07, (22, 2):4.981411620974541e-07, (22, 9):5.502952262759209e-07, (22, 12):6.853369995951653e-07]","[(34, 16), (34, 15), (33, 16), (34, 14), (33, 14), (32, 16), (32, 14), (31, 16), (31, 14), (30, 16), (30, 14), (30, 13), (29, 16), (30, 12), (31, 12), (32, 12), (33, 12), (34, 12), (34, 11), (34, 10), (33, 10), (32, 10), (31, 10), (30, 10), (28, 16), (30, 9), (29, 10), (30, 8), (31, 8), (32, 8), (33, 8), (34, 8), (34, 7), (34, 6), (33, 6), (32, 6), (31, 6), (30, 6), (30, 5), (29, 6), (30, 4), (31, 4), (32, 4), (33, 4), (34, 4), (30, 3), (31, 3), (34, 3), (34, 2), (34, 1), (33, 1), (32, 1), (27, 16), (31, 1), (30, 1), (29, 1), (28, 1), (27, 1), (26, 16), (27, 2), (27, 3), (26, 2), (27, 4), (27, 5), (25, 16), (27, 6), (27, 7), (25, 2), (27, 8), (27, 9), (25, 15), (26, 9), (24, 16), (25, 14), (25, 9), (26, 14), (24, 2), (27, 14), (27, 13), (27, 12), (27, 11), (26, 11), (24, 9), (25, 11), (23, 16), (23, 2), (24, 11), (23, 9), (24, 12)]",4.4691842049360275e-07,0,4.4691842049360275e-07
91,"(22, 16)","(23, 16)",West,"[(21, 16) via West]","[(22, 16):4.7672074288129807e-07, (22, 2):4.981411620974541e-07, (22, 9):5.502952262759209e-07, (22, 12):6.853369995951653e-07]","[(22, 2):4.981411620974541e-07, (22, 9):5.502952262759209e-07, (22, 12):6.853369995951653e-07, (21, 16):9.535579010844231e-07]","[(34, 16), (34, 15), (33, 16), (34, 14), (33, 14), (32, 16), (32, 14), (31, 16), (31, 14), (30, 16), (30, 14), (30, 13), (29, 16), (30, 12), (31, 12), (32, 12), (33, 12), (34, 12), (34, 11), (34, 10), (33, 10), (32, 10), (31, 10), (30, 10), (28, 16), (30, 9), (29, 10), (30, 8), (31, 8), (32, 8), (33, 8), (34, 8), (34, 7), (34, 6), (33, 6), (32, 6), (31, 6), (30, 6), (30, 5), (29, 6), (30, 4), (31, 4), (32, 4), (33, 4), (34, 4), (30, 3), (31, 3), (34, 3), (34, 2), (34, 1), (33, 1), (32, 1), (27, 16), (31, 1), (30, 1), (29, 1), (28, 1), (27, 1), (26, 16), (27, 2), (27, 3), (26, 2), (27, 4), (27, 5), (25, 16), (27, 6), (27, 7), (25, 2), (27, 8), (27, 9), (25, 15), (26, 9), (24, 16), (25, 14), (25, 9), (26, 14), (24, 2), (27, 14), (27, 13), (27, 12), (27, 11), (26, 11), (24, 9), (25, 11), (23, 16), (23, 2), (24, 11), (23, 9), (24, 12), (23, 12)]",4.7672074288129807e-07,0,4.7672074288129807e-07
92,"(22, 2)","(23, 2)",West,"[(21, 2) via West]","[(22, 2):4.981411620974541e-07, (22, 9):5.502952262759209e-07, (22, 12):6.853369995951653e-07, (21, 16):9.535579010844231e-07]","[(22, 9):5.502952262759209e-07, (22, 12):6.853369995951653e-07, (21, 16):9.535579010844231e-07, (21, 2):9.74978320300579e-07]","[(34, 16), (34, 15), (33, 16), (34, 14), (33, 14), (32, 16), (32, 14), (31, 16), (31, 14), (30, 16), (30, 14), (30, 13), (29, 16), (30, 12), (31, 12), (32, 12), (33, 12), (34, 12), (34, 11), (34, 10), (33, 10), (32, 10), (31, 10), (30, 10), (28, 16), (30, 9), (29, 10), (30, 8), (31, 8), (32, 8), (33, 8), (34, 8), (34, 7), (34, 6), (33, 6), (32, 6), (31, 6), (30, 6), (30, 5), (29, 6), (30, 4), (31, 4), (32, 4), (33, 4), (34, 4), (30, 3), (31, 3), (34, 3), (34, 2), (34, 1), (33, 1), (32, 1), (27, 16), (31, 1), (30, 1), (29, 1), (28, 1), (27, 1), (26, 16), (27, 2), (27, 3), (26, 2), (27, 4), (27, 5), (25, 16), (27, 6), (27, 7), (25, 2), (27, 8), (27, 9), (25, 15), (26, 9), (24, 16), (25, 14), (25, 9), (26, 14), (24, 2), (27, 14), (27, 13), (27, 12), (27, 11), (26, 11), (24, 9), (25, 11), (23, 16), (23, 2), (24, 11), (23, 9), (24, 12), (23, 12), (22, 16)]",4.981411620974541e-07,0,4.981411620974541e-07
93,"(22, 9)","(23, 9)",West,"[(21, 9) via West]","[(22, 9):5.502952262759209e-07, (22, 12):6.853369995951653e-07, (21, 16):9.535579010844231e-07, (21, 2):9.74978320300579e-07]","[(22, 12):6.853369995951653e-07, (21, 16):9.535579010844231e-07, (21, 2):9.74978320300579e-07, (21, 9):1.0271323844790459e-06]","[(34, 16), (34, 15), (33, 16), (34, 14), (33, 14), (32, 16), (32, 14), (31, 16), (31, 14), (30, 16), (30, 14), (30, 13), (29, 16), (30, 12), (31, 12), (32, 12), (33, 12), (34, 12), (34, 11), (34, 10), (33, 10), (32, 10), (31, 10), (30, 10), (28, 16), (30, 9), (29, 10), (30, 8), (31, 8), (32, 8), (33, 8), (34, 8), (34, 7), (34, 6), (33, 6), (32, 6), (31, 6), (30, 6), (30, 5), (29, 6), (30, 4), (31, 4), (32, 4), (33, 4), (34, 4), (30, 3), (31, 3), (34, 3), (34, 2), (34, 1), (33, 1), (32, 1), (27, 16), (31, 1), (30, 1), (29, 1), (28, 1), (27, 1), (26, 16), (27, 2), (27, 3), (26, 2), (27, 4), (27, 5), (25, 16), (27, 6), (27, 7), (25, 2), (27, 8), (27, 9), (25, 15), (26, 9), (24, 16), (25, 14), (25, 9), (26, 14), (24, 2), (27, 14), (27, 13), (27, 12), (27, 11), (26, 11), (24, 9), (25, 11), (23, 16), (23, 2), (24, 11), (23, 9), (24, 12), (23, 12), (22, 16), (22, 2)]",5.502952262759209e-07,0,5.502952262759209e-07
94,"(22, 12)","(23, 12)",West,"[(21, 12) via West]","[(22, 12):6.853369995951653e-07, (21, 16):9.535579010844231e-07, (21, 2):9.74978320300579e-07, (21, 9):1.0271323844790459e-06]","[(21, 16):9.535579010844231e-07, (21, 2):9.74978320300579e-07, (21, 9):1.0271323844790459e-06, (21, 12):1.1621741577982903e-06]","[(34, 16), (34, 15), (33, 16), (34, 14), (33, 14), (32, 16), (32, 14), (31, 16), (31, 14), (30, 16), (30, 14), (30, 13), (29, 16), (30, 12), (31, 12), (32, 12), (33, 12), (34, 12), (34, 11), (34, 10), (33, 10), (32, 10), (31, 10), (30, 10), (28, 16), (30, 9), (29, 10), (30, 8), (31, 8), (32, 8), (33, 8), (34, 8), (34, 7), (34, 6), (33, 6), (32, 6), (31, 6), (30, 6), (30, 5), (29, 6), (30, 4), (31, 4), (32, 4), (33, 4), (34, 4), (30, 3), (31, 3), (34, 3), (34, 2), (34, 1), (33, 1), (32, 1), (27, 16), (31, 1), (30, 1), (29, 1), (28, 1), (27, 1), (26, 16), (27, 2), (27, 3), (26, 2), (27, 4), (27, 5), (25, 16), (27, 6), (27, 7), (25, 2), (27, 8), (27, 9), (25, 15), (26, 9), (24, 16), (25, 14), (25, 9), (26, 14), (24, 2), (27, 14), (27, 13), (27, 12), (27, 11), (26, 11), (24, 9), (25, 11), (23, 16), (23, 2), (24, 11), (23, 9), (24, 12), (23, 12), (22, 16), (22, 2), (22, 9)]",6.853369995951653e-07,0,6.853369995951653e-07
95,"(21, 16)","(22, 16)",West,"[(20, 16) via West]","[(21, 16):9.535579010844231e-07, (21, 2):9.74978320300579e-07, (21, 9):1.0271323844790459e-06, (21, 12):1.1621741577982903e-06]","[(21, 2):9.74978320300579e-07, (21, 9):1.0271323844790459e-06, (21, 12):1.1621741577982903e-06, (20, 16):1.907232217490673e-06]","[(34, 16), (34, 15), (33, 16), (34, 14), (33, 14), (32, 16), (32, 14), (31, 16), (31, 14), (30, 16), (30, 14), (30, 13), (29, 16), (30, 12), (31, 12), (32, 12), (33, 12), (34, 12), (34, 11), (34, 10), (33, 10), (32, 10), (31, 10), (30, 10), (28, 16), (30, 9), (29, 10), (30, 8), (31, 8), (32, 8), (33, 8), (34, 8), (34, 7), (34, 6), (33, 6), (32, 6), (31, 6), (30, 6), (30, 5), (29, 6), (30, 4), (31, 4), (32, 4), (33, 4), (34, 4), (30, 3), (31, 3), (34, 3), (34, 2), (34, 1), (33, 1), (32, 1), (27, 16), (31, 1), (30, 1), (29, 1), (28, 1), (27, 1), (26, 16), (27, 2), (27, 3), (26, 2), (27, 4), (27, 5), (25, 16), (27, 6), (27, 7), (25, 2), (27, 8), (27, 9), (25, 15), (26, 9), (24, 16), (25, 14), (25, 9), (26, 14), (24, 2), (27, 14), (27, 13), (27, 12), (27, 11), (26, 11), (24, 9), (25, 11), (23, 16), (23, 2), (24, 11), (23, 9), (24, 12), (23, 12), (22, 16), (22, 2), (22, 9), (22, 12)]",9.535579010844231e-07,0,9.535579010844231e-07
96,"(21, 2)","(22, 2)",West,"[(20, 2) via West]","[(21, 2):9.74978320300579e-07, (21, 9):1.0271323844790459e-06, (21, 12):1.1621741577982903e-06, (20, 16):1.907232217490673e-06]","[(21, 9):1.0271323844790459e-06, (21, 12):1.1621741577982903e-06, (20, 16):1.907232217490673e-06, (20, 2):1.928652636706829e-06]","[(34, 16), (34, 15), (33, 16), (34, 14), (33, 14), (32, 16), (32, 14), (31, 16), (31, 14), (30, 16), (30, 14), (30, 13), (29, 16), (30, 12), (31, 12), (32, 12), (33, 12), (34, 12), (34, 11), (34, 10), (33, 10), (32, 10), (31, 10), (30, 10), (28, 16), (30, 9), (29, 10), (30, 8), (31, 8), (32, 8), (33, 8), (34, 8), (34, 7), (34, 6), (33, 6), (32, 6), (31, 6), (30, 6), (30, 5), (29, 6), (30, 4), (31, 4), (32, 4), (33, 4), (34, 4), (30, 3), (31, 3), (34, 3), (34, 2), (34, 1), (33, 1), (32, 1), (27, 16), (31, 1), (30, 1), (29, 1), (28, 1), (27, 1), (26, 16), (27, 2), (27, 3), (26, 2), (27, 4), (27, 5), (25, 16), (27, 6), (27, 7), (25, 2), (27, 8), (27, 9), (25, 15), (26, 9), (24, 16), (25, 14), (25, 9), (26, 14), (24, 2), (27, 14), (27, 13), (27, 12), (27, 11), (26, 11), (24, 9), (25, 11), (23, 16), (23, 2), (24, 11), (23, 9), (24, 12), (23, 12), (22, 16), (22, 2), (22, 9), (22, 12), (21, 16)]",9.74978320300579e-07,0,9.74978320300579e-07
97,"(21, 9)","(22, 9)",West,"[(20, 9) via West]","[(21, 9):1.0271323844790459e-06, (21, 12):1.1621741577982903e-06, (20, 16):1.907232217490673e-06, (20, 2):1.928652636706829e-06]","[(21, 12):1.1621741577982903e-06, (20, 16):1.907232217490673e-06, (20, 2):1.928652636706829e-06, (20, 9):1.980806700885296e-06]","[(34, 16), (34, 15), (33, 16), (34, 14), (33, 14), (32, 16), (32, 14), (31, 16), (31, 14), (30, 16), (30, 14), (30, 13), (29, 16), (30, 12), (31, 12), (32, 12), (33, 12), (34, 12), (34, 11), (34, 10), (33, 10), (32, 10), (31, 10), (30, 10), (28, 16), (30, 9), (29, 10), (30, 8), (31, 8), (32, 8), (33, 8), (34, 8), (34, 7), (34, 6), (33, 6), (32, 6), (31, 6), (30, 6), (30, 5), (29, 6), (30, 4), (31, 4), (32, 4), (33, 4), (34, 4), (30, 3), (31, 3), (34, 3), (34, 2), (34, 1), (33, 1), (32, 1), (27, 16), (31, 1), (30, 1), (29, 1), (28, 1), (27, 1), (26, 16), (27, 2), (27, 3), (26, 2), (27, 4), (27, 5), (25, 16), (27, 6), (27, 7), (25, 2), (27, 8), (27, 9), (25, 15), (26, 9), (24, 16), (25, 14), (25, 9), (26, 14), (24, 2), (27, 14), (27, 13), (27, 12), (27, 11), (26, 11), (24, 9), (25, 11), (23, 16), (23, 2), (24, 11), (23, 9), (24, 12), (23, 12), (22, 16), (22, 2), (22, 9), (22, 12), (21, 16), (21, 2)]",1.0271323844790459e-06,0,1.0271323844790459e-06
98,"(21, 12)","(22, 12)",West,"[(20, 12) via West]","[(21, 12):1.1621741577982903e-06, (20, 16):1.907232217490673e-06, (20, 2):1.928652636706829e-06, (20, 9):1.980806700885296e-06]","[(20, 16):1.907232217490673e-06, (20, 2):1.928652636706829e-06, (20, 9):1.980806700885296e-06, (20, 12):2.1158484742045403e-06]","[(34, 16), (34, 15), (33, 16), (34, 14), (33, 14), (32, 16), (32, 14), (31, 16), (31, 14), (30, 16), (30, 14), (30, 13), (29, 16), (30, 12), (31, 12), (32, 12), (33, 12), (34, 12), (34, 11), (34, 10), (33, 10), (32, 10), (31, 10), (30, 10), (28, 16), (30, 9), (29, 10), (30, 8), (31, 8), (32, 8), (33, 8), (34, 8), (34, 7), (34, 6), (33, 6), (32, 6), (31, 6), (30, 6), (30, 5), (29, 6), (30, 4), (31, 4), (32, 4), (33, 4), (34, 4), (30, 3), (31, 3), (34, 3), (34, 2), (34, 1), (33, 1), (32, 1), (27, 16), (31, 1), (30, 1), (29, 1), (28, 1), (27, 1), (26, 16), (27, 2), (27, 3), (26, 2), (27, 4), (27, 5), (25, 16), (27, 6), (27, 7), (25, 2), (27, 8), (27, 9), (25, 15), (26, 9), (24, 16), (25, 14), (25, 9), (26, 14), (24, 2), (27, 14), (27, 13), (27, 12), (27, 11), (26, 11), (24, 9), (25, 11), (23, 16), (23, 2), (24, 11), (23, 9), (24, 12), (23, 12), (22, 16), (22, 2), (22, 9), (22, 12), (21, 16), (21, 2), (21, 9)]",1.1621741577982903e-06,0,1.1621741577982903e-06
99,"(20, 16)","(21, 16)",West,"[(19, 16) via West]","[(20, 16):1.907232217490673e-06, (20, 2):1.928652636706829e-06, (20, 9):1.980806700885296e-06, (20, 12):2.1158484742045403e-06]","[(20, 2):1.928652636706829e-06, (20, 9):1.980806700885296e-06, (20, 12):2.1158484742045403e-06, (19, 16):3.814580850303173e-06]","[(34, 16), (34, 15), (33, 16), (34, 14), (33, 14), (32, 16), (32, 14), (31, 16), (31, 14), (30, 16), (30, 14), (30, 13), (29, 16), (30, 12), (31, 12), (32, 12), (33, 12), (34, 12), (34, 11), (34, 10), (33, 10), (32, 10), (31, 10), (30, 10), (28, 16), (30, 9), (29, 10), (30, 8), (31, 8), (32, 8), (33, 8), (34, 8), (34, 7), (34, 6), (33, 6), (32, 6), (31, 6), (30, 6), (30, 5), (29, 6), (30, 4), (31, 4), (32, 4), (33, 4), (34, 4), (30, 3), (31, 3), (34, 3), (34, 2), (34, 1), (33, 1), (32, 1), (27, 16), (31, 1), (30, 1), (29, 1), (28, 1), (27, 1), (26, 16), (27, 2), (27, 3), (26, 2), (27, 4), (27, 5), (25, 16), (27, 6), (27, 7), (25, 2), (27, 8), (27, 9), (25, 15), (26, 9), (24, 16), (25, 14), (25, 9), (26, 14), (24, 2), (27, 14), (27, 13), (27, 12), (27, 11), (26, 11), (24, 9), (25, 11), (23, 16), (23, 2), (24, 11), (23, 9), (24, 12), (23, 12), (22, 16), (22, 2), (22, 9), (22, 12), (21, 16), (21, 2), (21, 9), (21, 12)]",1.907232217490673e-06,0,1.907232217490673e-06
100,"(20, 2)","(21, 2)",West,"[(19, 2) via West]","[(20, 2):1.928652636706829e-06, (20, 9):1.980806700885296e-06, (20, 12):2.1158484742045403e-06, (19, 16):3.814580850303173e-06]","[(20, 9):1.980806700885296e-06, (20, 12):2.1158484742045403e-06, (19, 16):3.814580850303173e-06, (19, 2):3.836001269519329e-06]","[(34, 16), (34, 15), (33, 16), (34, 14), (33, 14), (32, 16), (32, 14), (31, 16), (31, 14), (30, 16), (30, 14), (30, 13), (29, 16), (30, 12), (31, 12), (32, 12), (33, 12), (34, 12), (34, 11), (34, 10), (33, 10), (32, 10), (31, 10), (30, 10), (28, 16), (30, 9), (29, 10), (30, 8), (31, 8), (32, 8), (33, 8), (34, 8), (34, 7), (34, 6), (33, 6), (32, 6), (31, 6), (30, 6), (30, 5), (29, 6), (30, 4), (31, 4), (32, 4), (33, 4), (34, 4), (30, 3), (31, 3), (34, 3), (34, 2), (34, 1), (33, 1), (32, 1), (27, 16), (31, 1), (30, 1), (29, 1), (28, 1), (27, 1), (26, 16), (27, 2), (27, 3), (26, 2), (27, 4), (27, 5), (25, 16), (27, 6), (27, 7), (25, 2), (27, 8), (27, 9), (25, 15), (26, 9), (24, 16), (25, 14), (25, 9), (26, 14), (24, 2), (27, 14), (27, 13), (27, 12), (27, 11), (26, 11), (24, 9), (25, 11), (23, 16), (23, 2), (24, 11), (23, 9), (24, 12), (23, 12), (22, 16), (22, 2), (22, 9), (22, 12), (21, 16), (21, 2), (21, 9), (21, 12), (20, 16)]",1.928652636706829e-06,0,1.928652636706829e-06
101,"(20, 9)","(21, 9)",West,"[(20, 10) via North]","[(20, 9):1.980806700885296e-06, (20, 12):2.1158484742045403e-06, (19, 16):3.814580850303173e-06, (19, 2):3.836001269519329e-06]","[(20, 12):2.1158484742045403e-06, (20, 10):2.934481017291546e-06, (19, 16):3.814580850303173e-06, (19, 2):3.836001269519329e-06]","[(34, 16), (34, 15), (33, 16), (34, 14), (33, 14), (32, 16), (32, 14), (31, 16), (31, 14), (30, 16), (30, 14), (30, 13), (29, 16), (30, 12), (31, 12), (32, 12), (33, 12), (34, 12), (34, 11), (34, 10), (33, 10), (32, 10), (31, 10), (30, 10), (28, 16), (30, 9), (29, 10), (30, 8), (31, 8), (32, 8), (33, 8), (34, 8), (34, 7), (34, 6), (33, 6), (32, 6), (31, 6), (30, 6), (30, 5), (29, 6), (30, 4), (31, 4), (32, 4), (33, 4), (34, 4), (30, 3), (31, 3), (34, 3), (34, 2), (34, 1), (33, 1), (32, 1), (27, 16), (31, 1), (30, 1), (29, 1), (28, 1), (27, 1), (26, 16), (27, 2), (27, 3), (26, 2), (27, 4), (27, 5), (25, 16), (27, 6), (27, 7), (25, 2), (27, 8), (27, 9), (25, 15), (26, 9), (24, 16), (25, 14), (25, 9), (26, 14), (24, 2), (27, 14), (27, 13), (27, 12), (27, 11), (26, 11), (24, 9), (25, 11), (23, 16), (23, 2), (24, 11), (23, 9), (24, 12), (23, 12), (22, 16), (22, 2), (22, 9), (22, 12), (21, 16), (21, 2), (21, 9), (21, 12), (20, 16), (20, 2)]",1.980806700885296e-06,0,1.980806700885296e-06
102,"(20, 12)","(21, 12)",West,"[(20, 11) via South, (19, 12) via West]","[(20, 12):2.1158484742045403e-06, (20, 10):2.934481017291546e-06, (19, 16):3.814580850303173e-06, (19, 2):3.836001269519329e-06]","[(20, 10):2.934481017291546e-06, (20, 11):3.0695227906107903e-06, (19, 16):3.814580850303173e-06, (19, 2):3.836001269519329e-06, (19, 12):4.02319710701704e-06]","[(34, 16), (34, 15), (33, 16), (34, 14), (33, 14), (32, 16), (32, 14), (31, 16), (31, 14), (30, 16), (30, 14), (30, 13), (29, 16), (30, 12), (31, 12), (32, 12), (33, 12), (34, 12), (34, 11), (34, 10), (33, 10), (32, 10), (31, 10), (30, 10), (28, 16), (30, 9), (29, 10), (30, 8), (31, 8), (32, 8), (33, 8), (34, 8), (34, 7), (34, 6), (33, 6), (32, 6), (31, 6), (30, 6), (30, 5), (29, 6), (30, 4), (31, 4), (32, 4), (33, 4), (34, 4), (30, 3), (31, 3), (34, 3), (34, 2), (34, 1), (33, 1), (32, 1), (27, 16), (31, 1), (30, 1), (29, 1), (28, 1), (27, 1), (26, 16), (27, 2), (27, 3), (26, 2), (27, 4), (27, 5), (25, 16), (27, 6), (27, 7), (25, 2), (27, 8), (27, 9), (25, 15), (26, 9), (24, 16), (25, 14), (25, 9), (26, 14), (24, 2), (27, 14), (27, 13), (27, 12), (27, 11), (26, 11), (24, 9), (25, 11), (23, 16), (23, 2), (24, 11), (23, 9), (24, 12), (23, 12), (22, 16), (22, 2), (22, 9), (22, 12), (21, 16), (21, 2), (21, 9), (21, 12), (20, 16), (20, 2), (20, 9)]",2.1158484742045403e-06,0,2.1158484742045403e-06
103,"(20, 10)","(20, 9)",North,[],"[(20, 10):2.934481017291546e-06, (20, 11):3.0695227906107903e-06, (19, 16):3.814580850303173e-06, (19, 2):3.836001269519329e-06, (19, 12):4.02319710701704e-06]","[(20, 11):3.0695227906107903e-06, (19, 16):3.814580850303173e-06, (19, 2):3.836001269519329e-06, (19, 12):4.02319710701704e-06]","[(34, 16), (34, 15), (33, 16), (34, 14), (33, 14), (32, 16), (32, 14), (31, 16), (31, 14), (30, 16), (30, 14), (30, 13), (29, 16), (30, 12), (31, 12), (32, 12), (33, 12), (34, 12), (34, 11), (34, 10), (33, 10), (32, 10), (31, 10), (30, 10), (28, 16), (30, 9), (29, 10), (30, 8), (31, 8), (32, 8), (33, 8), (34, 8), (34, 7), (34, 6), (33, 6), (32, 6), (31, 6), (30, 6), (30, 5), (29, 6), (30, 4), (31, 4), (32, 4), (33, 4), (34, 4), (30, 3), (31, 3), (34, 3), (34, 2), (34, 1), (33, 1), (32, 1), (27, 16), (31, 1), (30, 1), (29, 1), (28, 1), (27, 1), (26, 16), (27, 2), (27, 3), (26, 2), (27, 4), (27, 5), (25, 16), (27, 6), (27, 7), (25, 2), (27, 8), (27, 9), (25, 15), (26, 9), (24, 16), (25, 14), (25, 9), (26, 14), (24, 2), (27, 14), (27, 13), (27, 12), (27, 11), (26, 11), (24, 9), (25, 11), (23, 16), (23, 2), (24, 11), (23, 9), (24, 12), (23, 12), (22, 16), (22, 2), (22, 9), (22, 12), (21, 16), (21, 2), (21, 9), (21, 12), (20, 16), (20, 2), (20, 9), (20, 12)]",2.934481017291546e-06,0,2.934481017291546e-06
104,"(20, 11)","(20, 12)",South,"[(19, 11) via West]","[(20, 11):3.0695227906107903e-06, (19, 16):3.814580850303173e-06, (19, 2):3.836001269519329e-06, (19, 12):4.02319710701704e-06]","[(19, 16):3.814580850303173e-06, (19, 2):3.836001269519329e-06, (19, 12):4.02319710701704e-06, (19, 11):4.97687142342329e-06]","[(34, 16), (34, 15), (33, 16), (34, 14), (33, 14), (32, 16), (32, 14), (31, 16), (31, 14), (30, 16), (30, 14), (30, 13), (29, 16), (30, 12), (31, 12), (32, 12), (33, 12), (34, 12), (34, 11), (34, 10), (33, 10), (32, 10), (31, 10), (30, 10), (28, 16), (30, 9), (29, 10), (30, 8), (31, 8), (32, 8), (33, 8), (34, 8), (34, 7), (34, 6), (33, 6), (32, 6), (31, 6), (30, 6), (30, 5), (29, 6), (30, 4), (31, 4), (32, 4), (33, 4), (34, 4), (30, 3), (31, 3), (34, 3), (34, 2), (34, 1), (33, 1), (32, 1), (27, 16), (31, 1), (30, 1), (29, 1), (28, 1), (27, 1), (26, 16), (27, 2), (27, 3), (26, 2), (27, 4), (27, 5), (25, 16), (27, 6), (27, 7), (25, 2), (27, 8), (27, 9), (25, 15), (26, 9), (24, 16), (25, 14), (25, 9), (26, 14), (24, 2), (27, 14), (27, 13), (27, 12), (27, 11), (26, 11), (24, 9), (25, 11), (23, 16), (23, 2), (24, 11), (23, 9), (24, 12), (23, 12), (22, 16), (22, 2), (22, 9), (22, 12), (21, 16), (21, 2), (21, 9), (21, 12), (20, 16), (20, 2), (20, 9), (20, 12), (20, 10)]",3.0695227906107903e-06,0,3.0695227906107903e-06
105,"(19, 16)","(20, 16)",West,"[(18, 16) via West]","[(19, 16):3.814580850303173e-06, (19, 2):3.836001269519329e-06, (19, 12):4.02319710701704e-06, (19, 11):4.97687142342329e-06]","[(19, 2):3.836001269519329e-06, (19, 12):4.02319710701704e-06, (19, 11):4.97687142342329e-06, (18, 16):7.629278115928173e-06]","[(34, 16), (34, 15), (33, 16), (34, 14), (33, 14), (32, 16), (32, 14), (31, 16), (31, 14), (30, 16), (30, 14), (30, 13), (29, 16), (30, 12), (31, 12), (32, 12), (33, 12), (34, 12), (34, 11), (34, 10), (33, 10), (32, 10), (31, 10), (30, 10), (28, 16), (30, 9), (29, 10), (30, 8), (31, 8), (32, 8), (33, 8), (34, 8), (34, 7), (34, 6), (33, 6), (32, 6), (31, 6), (30, 6), (30, 5), (29, 6), (30, 4), (31, 4), (32, 4), (33, 4), (34, 4), (30, 3), (31, 3), (34, 3), (34, 2), (34, 1), (33, 1), (32, 1), (27, 16), (31, 1), (30, 1), (29, 1), (28, 1), (27, 1), (26, 16), (27, 2), (27, 3), (26, 2), (27, 4), (27, 5), (25, 16), (27, 6), (27, 7), (25, 2), (27, 8), (27, 9), (25, 15), (26, 9), (24, 16), (25, 14), (25, 9), (26, 14), (24, 2), (27, 14), (27, 13), (27, 12), (27, 11), (26, 11), (24, 9), (25, 11), (23, 16), (23, 2), (24, 11), (23, 9), (24, 12), (23, 12), (22, 16), (22, 2), (22, 9), (22, 12), (21, 16), (21, 2), (21, 9), (21, 12), (20, 16), (20, 2), (20, 9), (20, 12), (20, 10), (20, 11)]",3.814580850303173e-06,0,3.814580850303173e-06
106,"(19, 2)","(20, 2)",West,"[(18, 2) via West]","[(19, 2):3.836001269519329e-06, (19, 12):4.02319710701704e-06, (19, 11):4.97687142342329e-06, (18, 16):7.629278115928173e-06]","[(19, 12):4.02319710701704e-06, (19, 11):4.97687142342329e-06, (18, 16):7.629278115928173e-06, (18, 2):7.650698535144329e-06]","[(34, 16), (34, 15), (33, 16), (34, 14), (33, 14), (32, 16), (32, 14), (31, 16), (31, 14), (30, 16), (30, 14), (30, 13), (29, 16), (30, 12), (31, 12), (32, 12), (33, 12), (34, 12), (34, 11), (34, 10), (33, 10), (32, 10), (31, 10), (30, 10), (28, 16), (30, 9), (29, 10), (30, 8), (31, 8), (32, 8), (33, 8), (34, 8), (34, 7), (34, 6), (33, 6), (32, 6), (31, 6), (30, 6), (30, 5), (29, 6), (30, 4), (31, 4), (32, 4), (33, 4), (34, 4), (30, 3), (31, 3), (34, 3), (34, 2), (34, 1), (33, 1), (32, 1), (27, 16), (31, 1), (30, 1), (29, 1), (28, 1), (27, 1), (26, 16), (27, 2), (27, 3), (26, 2), (27, 4), (27, 5), (25, 16), (27, 6), (27, 7), (25, 2), (27, 8), (27, 9), (25, 15), (26, 9), (24, 16), (25, 14), (25, 9), (26, 14), (24, 2), (27, 14), (27, 13), (27, 12), (27, 11), (26, 11), (24, 9), (25, 11), (23, 16), (23, 2), (24, 11), (23, 9), (24, 12), (23, 12), (22, 16), (22, 2), (22, 9), (22, 12), (21, 16), (21, 2), (21, 9), (21, 12), (20, 16), (20, 2), (20, 9), (20, 12), (20, 10), (20, 11), (19, 16)]",3.836001269519329e-06,0,3.836001269519329e-06
107,"(19, 12)","(20, 12)",West,"[(18, 12) via West]","[(19, 12):4.02319710701704e-06, (19, 11):4.97687142342329e-06, (18, 16):7.629278115928173e-06, (18, 2):7.650698535144329e-06]","[(19, 11):4.97687142342329e-06, (18, 16):7.629278115928173e-06, (18, 2):7.650698535144329e-06, (18, 12):7.83789437264204e-06]","[(34, 16), (34, 15), (33, 16), (34, 14), (33, 14), (32, 16), (32, 14), (31, 16), (31, 14), (30, 16), (30, 14), (30, 13), (29, 16), (30, 12), (31, 12), (32, 12), (33, 12), (34, 12), (34, 11), (34, 10), (33, 10), (32, 10), (31, 10), (30, 10), (28, 16), (30, 9), (29, 10), (30, 8), (31, 8), (32, 8), (33, 8), (34, 8), (34, 7), (34, 6), (33, 6), (32, 6), (31, 6), (30, 6), (30, 5), (29, 6), (30, 4), (31, 4), (32, 4), (33, 4), (34, 4), (30, 3), (31, 3), (34, 3), (34, 2), (34, 1), (33, 1), (32, 1), (27, 16), (31, 1), (30, 1), (29, 1), (28, 1), (27, 1), (26, 16), (27, 2), (27, 3), (26, 2), (27, 4), (27, 5), (25, 16), (27, 6), (27, 7), (25, 2), (27, 8), (27, 9), (25, 15), (26, 9), (24, 16), (25, 14), (25, 9), (26, 14), (24, 2), (27, 14), (27, 13), (27, 12), (27, 11), (26, 11), (24, 9), (25, 11), (23, 16), (23, 2), (24, 11), (23, 9), (24, 12), (23, 12), (22, 16), (22, 2), (22, 9), (22, 12), (21, 16), (21, 2), (21, 9), (21, 12), (20, 16), (20, 2), (20, 9), (20, 12), (20, 10), (20, 11), (19, 16), (19, 2)]",4.02319710701704e-06,0,4.02319710701704e-06
108,"(19, 11)","(20, 11)",West,[],"[(19, 11):4.97687142342329e-06, (18, 16):7.629278115928173e-06, (18, 2):7.650698535144329e-06, (18, 12):7.83789437264204e-06]","[(18, 16):7.629278115928173e-06, (18, 2):7.650698535144329e-06, (18, 12):7.83789437264204e-06]","[(34, 16), (34, 15), (33, 16), (34, 14), (33, 14), (32, 16), (32, 14), (31, 16), (31, 14), (30, 16), (30, 14), (30, 13), (29, 16), (30, 12), (31, 12), (32, 12), (33, 12), (34, 12), (34, 11), (34, 10), (33, 10), (32, 10), (31, 10), (30, 10), (28, 16), (30, 9), (29, 10), (30, 8), (31, 8), (32, 8), (33, 8), (34, 8), (34, 7), (34, 6), (33, 6), (32, 6), (31, 6), (30, 6), (30, 5), (29, 6), (30, 4), (31, 4), (32, 4), (33, 4), (34, 4), (30, 3), (31, 3), (34, 3), (34, 2), (34, 1), (33, 1), (32, 1), (27, 16), (31, 1), (30, 1), (29, 1), (28, 1), (27, 1), (26, 16), (27, 2), (27, 3), (26, 2), (27, 4), (27, 5), (25, 16), (27, 6), (27, 7), (25, 2), (27, 8), (27, 9), (25, 15), (26, 9), (24, 16), (25, 14), (25, 9), (26, 14), (24, 2), (27, 14), (27, 13), (27, 12), (27, 11), (26, 11), (24, 9), (25, 11), (23, 16), (23, 2), (24, 11), (23, 9), (24, 12), (23, 12), (22, 16), (22, 2), (22, 9), (22, 12), (21, 16), (21, 2), (21, 9), (21, 12), (20, 16), (20, 2), (20, 9), (20, 12), (20, 10), (20, 11), (19, 16), (19, 2), (19, 12)]",4.97687142342329e-06,0,4.97687142342329e-06
109,"(18, 16)","(19, 16)",West,"[(17, 16) via West]","[(18, 16):7.629278115928173e-06, (18, 2):7.650698535144329e-06, (18, 12):7.83789437264204e-06]","[(18, 2):7.650698535144329e-06, (18, 12):7.83789437264204e-06, (17, 16):1.5258672647178173e-05]","[(34, 16), (34, 15), (33, 16), (34, 14), (33, 14), (32, 16), (32, 14), (31, 16), (31, 14), (30, 16), (30, 14), (30, 13), (29, 16), (30, 12), (31, 12), (32, 12), (33, 12), (34, 12), (34, 11), (34, 10), (33, 10), (32, 10), (31, 10), (30, 10), (28, 16), (30, 9), (29, 10), (30, 8), (31, 8), (32, 8), (33, 8), (34, 8), (34, 7), (34, 6), (33, 6), (32, 6), (31, 6), (30, 6), (30, 5), (29, 6), (30, 4), (31, 4), (32, 4), (33, 4), (34, 4), (30, 3), (31, 3), (34, 3), (34, 2), (34, 1), (33, 1), (32, 1), (27, 16), (31, 1), (30, 1), (29, 1), (28, 1), (27, 1), (26, 16), (27, 2), (27, 3), (26, 2), (27, 4), (27, 5), (25, 16), (27, 6), (27, 7), (25, 2), (27, 8), (27, 9), (25, 15), (26, 9), (24, 16), (25, 14), (25, 9), (26, 14), (24, 2), (27, 14), (27, 13), (27, 12), (27, 11), (26, 11), (24, 9), (25, 11), (23, 16), (23, 2), (24, 11), (23, 9), (24, 12), (23, 12), (22, 16), (22, 2), (22, 9), (22, 12), (21, 16), (21, 2), (21, 9), (21, 12), (20, 16), (20, 2), (20, 9), (20, 12), (20, 10), (20, 11), (19, 16), (19, 2), (19, 12), (19, 11)]",7.629278115928173e-06,0,7.629278115928173e-06
110,"(18, 2)","(19, 2)",West,"[(17, 2) via West]","[(18, 2):7.650698535144329e-06, (18, 12):7.83789437264204e-06, (17, 16):1.5258672647178173e-05]","[(18, 12):7.83789437264204e-06, (17, 16):1.5258672647178173e-05, (17, 2):1.528009306639433e-05]","[(34, 16), (34, 15), (33, 16), (34, 14), (33, 14), (32, 16), (32, 14), (31, 16), (31, 14), (30, 16), (30, 14), (30, 13), (29, 16), (30, 12), (31, 12), (32, 12), (33, 12), (34, 12), (34, 11), (34, 10), (33, 10), (32, 10), (31, 10), (30, 10), (28, 16), (30, 9), (29, 10), (30, 8), (31, 8), (32, 8), (33, 8), (34, 8), (34, 7), (34, 6), (33, 6), (32, 6), (31, 6), (30, 6), (30, 5), (29, 6), (30, 4), (31, 4), (32, 4), (33, 4), (34, 4), (30, 3), (31, 3), (34, 3), (34, 2), (34, 1), (33, 1), (32, 1), (27, 16), (31, 1), (30, 1), (29, 1), (28, 1), (27, 1), (26, 16), (27, 2), (27, 3), (26, 2), (27, 4), (27, 5), (25, 16), (27, 6), (27, 7), (25, 2), (27, 8), (27, 9), (25, 15), (26, 9), (24, 16), (25, 14), (25, 9), (26, 14), (24, 2), (27, 14), (27, 13), (27, 12), (27, 11), (26, 11), (24, 9), (25, 11), (23, 16), (23, 2), (24, 11), (23, 9), (24, 12), (23, 12), (22, 16), (22, 2), (22, 9), (22, 12), (21, 16), (21, 2), (21, 9), (21, 12), (20, 16), (20, 2), (20, 9), (20, 12), (20, 10), (20, 11), (19, 16), (19, 2), (19, 12), (19, 11), (18, 16)]",7.650698535144329e-06,0,7.650698535144329e-06
111,"(18, 12)","(19, 12)",West,"[(17, 12) via West]","[(18, 12):7.83789437264204e-06, (17, 16):1.5258672647178173e-05, (17, 2):1.528009306639433e-05]","[(17, 16):1.5258672647178173e-05, (17, 2):1.528009306639433e-05, (17, 12):1.546728890389204e-05]","[(34, 16), (34, 15), (33, 16), (34, 14), (33, 14), (32, 16), (32, 14), (31, 16), (31, 14), (30, 16), (30, 14), (30, 13), (29, 16), (30, 12), (31, 12), (32, 12), (33, 12), (34, 12), (34, 11), (34, 10), (33, 10), (32, 10), (31, 10), (30, 10), (28, 16), (30, 9), (29, 10), (30, 8), (31, 8), (32, 8), (33, 8), (34, 8), (34, 7), (34, 6), (33, 6), (32, 6), (31, 6), (30, 6), (30, 5), (29, 6), (30, 4), (31, 4), (32, 4), (33, 4), (34, 4), (30, 3), (31, 3), (34, 3), (34, 2), (34, 1), (33, 1), (32, 1), (27, 16), (31, 1), (30, 1), (29, 1), (28, 1), (27, 1), (26, 16), (27, 2), (27, 3), (26, 2), (27, 4), (27, 5), (25, 16), (27, 6), (27, 7), (25, 2), (27, 8), (27, 9), (25, 15), (26, 9), (24, 16), (25, 14), (25, 9), (26, 14), (24, 2), (27, 14), (27, 13), (27, 12), (27, 11), (26, 11), (24, 9), (25, 11), (23, 16), (23, 2), (24, 11), (23, 9), (24, 12), (23, 12), (22, 16), (22, 2), (22, 9), (22, 12), (21, 16), (21, 2), (21, 9), (21, 12), (20, 16), (20, 2), (20, 9), (20, 12), (20, 10), (20, 11), (19, 16), (19, 2), (19, 12), (19, 11), (18, 16), (18, 2)]",7.83789437264204e-06,0,7.83789437264204e-06
112,"(17, 16)","(18, 16)",West,"[(16, 16) via West]","[(17, 16):1.5258672647178173e-05, (17, 2):1.528009306639433e-05, (17, 12):1.546728890389204e-05]","[(17, 2):1.528009306639433e-05, (17, 12):1.546728890389204e-05, (16, 16):3.0517461709678173e-05]","[(34, 16), (34, 15), (33, 16), (34, 14), (33, 14), (32, 16), (32, 14), (31, 16), (31, 14), (30, 16), (30, 14), (30, 13), (29, 16), (30, 12), (31, 12), (32, 12), (33, 12), (34, 12), (34, 11), (34, 10), (33, 10), (32, 10), (31, 10), (30, 10), (28, 16), (30, 9), (29, 10), (30, 8), (31, 8), (32, 8), (33, 8), (34, 8), (34, 7), (34, 6), (33, 6), (32, 6), (31, 6), (30, 6), (30, 5), (29, 6), (30, 4), (31, 4), (32, 4), (33, 4), (34, 4), (30, 3), (31, 3), (34, 3), (34, 2), (34, 1), (33, 1), (32, 1), (27, 16), (31, 1), (30, 1), (29, 1), (28, 1), (27, 1), (26, 16), (27, 2), (27, 3), (26, 2), (27, 4), (27, 5), (25, 16), (27, 6), (27, 7), (25, 2), (27, 8), (27, 9), (25, 15), (26, 9), (24, 16), (25, 14), (25, 9), (26, 14), (24, 2), (27, 14), (27, 13), (27, 12), (27, 11), (26, 11), (24, 9), (25, 11), (23, 16), (23, 2), (24, 11), (23, 9), (24, 12), (23, 12), (22, 16), (22, 2), (22, 9), (22, 12), (21, 16), (21, 2), (21, 9), (21, 12), (20, 16), (20, 2), (20, 9), (20, 12), (20, 10), (20, 11), (19, 16), (19, 2), (19, 12), (19, 11), (18, 16), (18, 2), (18, 12)]",1.5258672647178173e-05,0,1.5258672647178173e-05
113,"(17, 2)","(18, 2)",West,"[(16, 2) via West]","[(17, 2):1.528009306639433e-05, (17, 12):1.546728890389204e-05, (16, 16):3.0517461709678173e-05]","[(17, 12):1.546728890389204e-05, (16, 16):3.0517461709678173e-05, (16, 2):3.053888212889433e-05]","[(34, 16), (34, 15), (33, 16), (34, 14), (33, 14), (32, 16), (32, 14), (31, 16), (31, 14), (30, 16), (30, 14), (30, 13), (29, 16), (30, 12), (31, 12), (32, 12), (33, 12), (34, 12), (34, 11), (34, 10), (33, 10), (32, 10), (31, 10), (30, 10), (28, 16), (30, 9), (29, 10), (30, 8), (31, 8), (32, 8), (33, 8), (34, 8), (34, 7), (34, 6), (33, 6), (32, 6), (31, 6), (30, 6), (30, 5), (29, 6), (30, 4), (31, 4), (32, 4), (33, 4), (34, 4), (30, 3), (31, 3), (34, 3), (34, 2), (34, 1), (33, 1), (32, 1), (27, 16), (31, 1), (30, 1), (29, 1), (28, 1), (27, 1), (26, 16), (27, 2), (27, 3), (26, 2), (27, 4), (27, 5), (25, 16), (27, 6), (27, 7), (25, 2), (27, 8), (27, 9), (25, 15), (26, 9), (24, 16), (25, 14), (25, 9), (26, 14), (24, 2), (27, 14), (27, 13), (27, 12), (27, 11), (26, 11), (24, 9), (25, 11), (23, 16), (23, 2), (24, 11), (23, 9), (24, 12), (23, 12), (22, 16), (22, 2), (22, 9), (22, 12), (21, 16), (21, 2), (21, 9), (21, 12), (20, 16), (20, 2), (20, 9), (20, 12), (20, 10), (20, 11), (19, 16), (19, 2), (19, 12), (19, 11), (18, 16), (18, 2), (18, 12), (17, 16)]",1.528009306639433e-05,0,1.528009306639433e-05
114,"(17, 12)","(18, 12)",West,"[(17, 13) via North, (16, 12) via West]","[(17, 12):1.546728890389204e-05, (16, 16):3.0517461709678173e-05, (16, 2):3.053888212889433e-05]","[(17, 13):2.309668343514204e-05, (16, 16):3.0517461709678173e-05, (16, 2):3.053888212889433e-05, (16, 12):3.072607796639204e-05]","[(34, 16), (34, 15), (33, 16), (34, 14), (33, 14), (32, 16), (32, 14), (31, 16), (31, 14), (30, 16), (30, 14), (30, 13), (29, 16), (30, 12), (31, 12), (32, 12), (33, 12), (34, 12), (34, 11), (34, 10), (33, 10), (32, 10), (31, 10), (30, 10), (28, 16), (30, 9), (29, 10), (30, 8), (31, 8), (32, 8), (33, 8), (34, 8), (34, 7), (34, 6), (33, 6), (32, 6), (31, 6), (30, 6), (30, 5), (29, 6), (30, 4), (31, 4), (32, 4), (33, 4), (34, 4), (30, 3), (31, 3), (34, 3), (34, 2), (34, 1), (33, 1), (32, 1), (27, 16), (31, 1), (30, 1), (29, 1), (28, 1), (27, 1), (26, 16), (27, 2), (27, 3), (26, 2), (27, 4), (27, 5), (25, 16), (27, 6), (27, 7), (25, 2), (27, 8), (27, 9), (25, 15), (26, 9), (24, 16), (25, 14), (25, 9), (26, 14), (24, 2), (27, 14), (27, 13), (27, 12), (27, 11), (26, 11), (24, 9), (25, 11), (23, 16), (23, 2), (24, 11), (23, 9), (24, 12), (23, 12), (22, 16), (22, 2), (22, 9), (22, 12), (21, 16), (21, 2), (21, 9), (21, 12), (20, 16), (20, 2), (20, 9), (20, 12), (20, 10), (20, 11), (19, 16), (19, 2), (19, 12), (19, 11), (18, 16), (18, 2), (18, 12), (17, 16), (17, 2)]",1.546728890389204e-05,0,1.546728890389204e-05
115,"(17, 13)","(17, 12)",North,"[(17, 14) via North]","[(17, 13):2.309668343514204e-05, (16, 16):3.0517461709678173e-05, (16, 2):3.053888212889433e-05, (16, 12):3.072607796639204e-05]","[(16, 16):3.0517461709678173e-05, (16, 2):3.053888212889433e-05, (16, 12):3.072607796639204e-05, (17, 14):3.072607796639204e-05]","[(34, 16), (34, 15), (33, 16), (34, 14), (33, 14), (32, 16), (32, 14), (31, 16), (31, 14), (30, 16), (30, 14), (30, 13), (29, 16), (30, 12), (31, 12), (32, 12), (33, 12), (34, 12), (34, 11), (34, 10), (33, 10), (32, 10), (31, 10), (30, 10), (28, 16), (30, 9), (29, 10), (30, 8), (31, 8), (32, 8), (33, 8), (34, 8), (34, 7), (34, 6), (33, 6), (32, 6), (31, 6), (30, 6), (30, 5), (29, 6), (30, 4), (31, 4), (32, 4), (33, 4), (34, 4), (30, 3), (31, 3), (34, 3), (34, 2), (34, 1), (33, 1), (32, 1), (27, 16), (31, 1), (30, 1), (29, 1), (28, 1), (27, 1), (26, 16), (27, 2), (27, 3), (26, 2), (27, 4), (27, 5), (25, 16), (27, 6), (27, 7), (25, 2), (27, 8), (27, 9), (25, 15), (26, 9), (24, 16), (25, 14), (25, 9), (26, 14), (24, 2), (27, 14), (27, 13), (27, 12), (27, 11), (26, 11), (24, 9), (25, 11), (23, 16), (23, 2), (24, 11), (23, 9), (24, 12), (23, 12), (22, 16), (22, 2), (22, 9), (22, 12), (21, 16), (21, 2), (21, 9), (21, 12), (20, 16), (20, 2), (20, 9), (20, 12), (20, 10), (20, 11), (19, 16), (19, 2), (19, 12), (19, 11), (18, 16), (18, 2), (18, 12), (17, 16), (17, 2), (17, 12)]",2.309668343514204e-05,0,2.309668343514204e-05
116,"(16, 16)","(17, 16)",West,"[(15, 16) via West]","[(16, 16):3.0517461709678173e-05, (16, 2):3.053888212889433e-05, (16, 12):3.072607796639204e-05, (17, 14):3.072607796639204e-05]","[(16, 2):3.053888212889433e-05, (16, 12):3.072607796639204e-05, (17, 14):3.072607796639204e-05, (15, 16):6.103503983467817e-05]","[(34, 16), (34, 15), (33, 16), (34, 14), (33, 14), (32, 16), (32, 14), (31, 16), (31, 14), (30, 16), (30, 14), (30, 13), (29, 16), (30, 12), (31, 12), (32, 12), (33, 12), (34, 12), (34, 11), (34, 10), (33, 10), (32, 10), (31, 10), (30, 10), (28, 16), (30, 9), (29, 10), (30, 8), (31, 8), (32, 8), (33, 8), (34, 8), (34, 7), (34, 6), (33, 6), (32, 6), (31, 6), (30, 6), (30, 5), (29, 6), (30, 4), (31, 4), (32, 4), (33, 4), (34, 4), (30, 3), (31, 3), (34, 3), (34, 2), (34, 1), (33, 1), (32, 1), (27, 16), (31, 1), (30, 1), (29, 1), (28, 1), (27, 1), (26, 16), (27, 2), (27, 3), (26, 2), (27, 4), (27, 5), (25, 16), (27, 6), (27, 7), (25, 2), (27, 8), (27, 9), (25, 15), (26, 9), (24, 16), (25, 14), (25, 9), (26, 14), (24, 2), (27, 14), (27, 13), (27, 12), (27, 11), (26, 11), (24, 9), (25, 11), (23, 16), (23, 2), (24, 11), (23, 9), (24, 12), (23, 12), (22, 16), (22, 2), (22, 9), (22, 12), (21, 16), (21, 2), (21, 9), (21, 12), (20, 16), (20, 2), (20, 9), (20, 12), (20, 10), (20, 11), (19, 16), (19, 2), (19, 12), (19, 11), (18, 16), (18, 2), (18, 12), (17, 16), (17, 2), (17, 12), (17, 13)]",3.0517461709678173e-05,0,3.0517461709678173e-05
117,"(16, 2)","(17, 2)",West,"[(15, 2) via West]","[(16, 2):3.053888212889433e-05, (16, 12):3.072607796639204e-05, (17, 14):3.072607796639204e-05, (15, 16):6.103503983467817e-05]","[(16, 12):3.072607796639204e-05, (17, 14):3.072607796639204e-05, (15, 16):6.103503983467817e-05, (15, 2):6.105646025389433e-05]","[(34, 16), (34, 15), (33, 16), (34, 14), (33, 14), (32, 16), (32, 14), (31, 16), (31, 14), (30, 16), (30, 14), (30, 13), (29, 16), (30, 12), (31, 12), (32, 12), (33, 12), (34, 12), (34, 11), (34, 10), (33, 10), (32, 10), (31, 10), (30, 10), (28, 16), (30, 9), (29, 10), (30, 8), (31, 8), (32, 8), (33, 8), (34, 8), (34, 7), (34, 6), (33, 6), (32, 6), (31, 6), (30, 6), (30, 5), (29, 6), (30, 4), (31, 4), (32, 4), (33, 4), (34, 4), (30, 3), (31, 3), (34, 3), (34, 2), (34, 1), (33, 1), (32, 1), (27, 16), (31, 1), (30, 1), (29, 1), (28, 1), (27, 1), (26, 16), (27, 2), (27, 3), (26, 2), (27, 4), (27, 5), (25, 16), (27, 6), (27, 7), (25, 2), (27, 8), (27, 9), (25, 15), (26, 9), (24, 16), (25, 14), (25, 9), (26, 14), (24, 2), (27, 14), (27, 13), (27, 12), (27, 11), (26, 11), (24, 9), (25, 11), (23, 16), (23, 2), (24, 11), (23, 9), (24, 12), (23, 12), (22, 16), (22, 2), (22, 9), (22, 12), (21, 16), (21, 2), (21, 9), (21, 12), (20, 16), (20, 2), (20, 9), (20, 12), (20, 10), (20, 11), (19, 16), (19, 2), (19, 12), (19, 11), (18, 16), (18, 2), (18, 12), (17, 16), (17, 2), (17, 12), (17, 13), (16, 16)]",3.053888212889433e-05,0,3.053888212889433e-05
118,"(16, 12)","(17, 12)",West,"[(15, 12) via West]","[(16, 12):3.072607796639204e-05, (17, 14):3.072607796639204e-05, (15, 16):6.103503983467817e-05, (15, 2):6.105646025389433e-05]","[(17, 14):3.072607796639204e-05, (15, 16):6.103503983467817e-05, (15, 2):6.105646025389433e-05, (15, 12):6.124365609139204e-05]","[(34, 16), (34, 15), (33, 16), (34, 14), (33, 14), (32, 16), (32, 14), (31, 16), (31, 14), (30, 16), (30, 14), (30, 13), (29, 16), (30, 12), (31, 12), (32, 12), (33, 12), (34, 12), (34, 11), (34, 10), (33, 10), (32, 10), (31, 10), (30, 10), (28, 16), (30, 9), (29, 10), (30, 8), (31, 8), (32, 8), (33, 8), (34, 8), (34, 7), (34, 6), (33, 6), (32, 6), (31, 6), (30, 6), (30, 5), (29, 6), (30, 4), (31, 4), (32, 4), (33, 4), (34, 4), (30, 3), (31, 3), (34, 3), (34, 2), (34, 1), (33, 1), (32, 1), (27, 16), (31, 1), (30, 1), (29, 1), (28, 1), (27, 1), (26, 16), (27, 2), (27, 3), (26, 2), (27, 4), (27, 5), (25, 16), (27, 6), (27, 7), (25, 2), (27, 8), (27, 9), (25, 15), (26, 9), (24, 16), (25, 14), (25, 9), (26, 14), (24, 2), (27, 14), (27, 13), (27, 12), (27, 11), (26, 11), (24, 9), (25, 11), (23, 16), (23, 2), (24, 11), (23, 9), (24, 12), (23, 12), (22, 16), (22, 2), (22, 9), (22, 12), (21, 16), (21, 2), (21, 9), (21, 12), (20, 16), (20, 2), (20, 9), (20, 12), (20, 10), (20, 11), (19, 16), (19, 2), (19, 12), (19, 11), (18, 16), (18, 2), (18, 12), (17, 16), (17, 2), (17, 12), (17, 13), (16, 16), (16, 2)]",3.072607796639204e-05,0,3.072607796639204e-05
119,"(17, 14)","(17, 13)",North,"[(16, 14) via West]","[(17, 14):3.072607796639204e-05, (15, 16):6.103503983467817e-05, (15, 2):6.105646025389433e-05, (15, 12):6.124365609139204e-05]","[(16, 14):4.598486702889204e-05, (15, 16):6.103503983467817e-05, (15, 2):6.105646025389433e-05, (15, 12):6.124365609139204e-05]","[(34, 16), (34, 15), (33, 16), (34, 14), (33, 14), (32, 16), (32, 14), (31, 16), (31, 14), (30, 16), (30, 14), (30, 13), (29, 16), (30, 12), (31, 12), (32, 12), (33, 12), (34, 12), (34, 11), (34, 10), (33, 10), (32, 10), (31, 10), (30, 10), (28, 16), (30, 9), (29, 10), (30, 8), (31, 8), (32, 8), (33, 8), (34, 8), (34, 7), (34, 6), (33, 6), (32, 6), (31, 6), (30, 6), (30, 5), (29, 6), (30, 4), (31, 4), (32, 4), (33, 4), (34, 4), (30, 3), (31, 3), (34, 3), (34, 2), (34, 1), (33, 1), (32, 1), (27, 16), (31, 1), (30, 1), (29, 1), (28, 1), (27, 1), (26, 16), (27, 2), (27, 3), (26, 2), (27, 4), (27, 5), (25, 16), (27, 6), (27, 7), (25, 2), (27, 8), (27, 9), (25, 15), (26, 9), (24, 16), (25, 14), (25, 9), (26, 14), (24, 2), (27, 14), (27, 13), (27, 12), (27, 11), (26, 11), (24, 9), (25, 11), (23, 16), (23, 2), (24, 11), (23, 9), (24, 12), (23, 12), (22, 16), (22, 2), (22, 9), (22, 12), (21, 16), (21, 2), (21, 9), (21, 12), (20, 16), (20, 2), (20, 9), (20, 12), (20, 10), (20, 11), (19, 16), (19, 2), (19, 12), (19, 11), (18, 16), (18, 2), (18, 12), (17, 16), (17, 2), (17, 12), (17, 13), (16, 16), (16, 2), (16, 12)]",3.072607796639204e-05,0,3.072607796639204e-05
120,"(16, 14)","(17, 14)",West,"[(15, 14) via West]","[(16, 14):4.598486702889204e-05, (15, 16):6.103503983467817e-05, (15, 2):6.105646025389433e-05, (15, 12):6.124365609139204e-05]","[(15, 16):6.103503983467817e-05, (15, 2):6.105646025389433e-05, (15, 12):6.124365609139204e-05, (15, 14):7.650244515389204e-05]","[(34, 16), (34, 15), (33, 16), (34, 14), (33, 14), (32, 16), (32, 14), (31, 16), (31, 14), (30, 16), (30, 14), (30, 13), (29, 16), (30, 12), (31, 12), (32, 12), (33, 12), (34, 12), (34, 11), (34, 10), (33, 10), (32, 10), (31, 10), (30, 10), (28, 16), (30, 9), (29, 10), (30, 8), (31, 8), (32, 8), (33, 8), (34, 8), (34, 7), (34, 6), (33, 6), (32, 6), (31, 6), (30, 6), (30, 5), (29, 6), (30, 4), (31, 4), (32, 4), (33, 4), (34, 4), (30, 3), (31, 3), (34, 3), (34, 2), (34, 1), (33, 1), (32, 1), (27, 16), (31, 1), (30, 1), (29, 1), (28, 1), (27, 1), (26, 16), (27, 2), (27, 3), (26, 2), (27, 4), (27, 5), (25, 16), (27, 6), (27, 7), (25, 2), (27, 8), (27, 9), (25, 15), (26, 9), (24, 16), (25, 14), (25, 9), (26, 14), (24, 2), (27, 14), (27, 13), (27, 12), (27, 11), (26, 11), (24, 9), (25, 11), (23, 16), (23, 2), (24, 11), (23, 9), (24, 12), (23, 12), (22, 16), (22, 2), (22, 9), (22, 12), (21, 16), (21, 2), (21, 9), (21, 12), (20, 16), (20, 2), (20, 9), (20, 12), (20, 10), (20, 11), (19, 16), (19, 2), (19, 12), (19, 11), (18, 16), (18, 2), (18, 12), (17, 16), (17, 2), (17, 12), (17, 13), (16, 16), (16, 2), (16, 12), (17, 14)]",4.598486702889204e-05,0,4.598486702889204e-05
121,"(15, 16)","(16, 16)",West,"[(14, 16) via West]","[(15, 16):6.103503983467817e-05, (15, 2):6.105646025389433e-05, (15, 12):6.124365609139204e-05, (15, 14):7.650244515389204e-05]","[(15, 2):6.105646025389433e-05, (15, 12):6.124365609139204e-05, (15, 14):7.650244515389204e-05, (14, 16):0.00012207019608467817]","[(34, 16), (34, 15), (33, 16), (34, 14), (33, 14), (32, 16), (32, 14), (31, 16), (31, 14), (30, 16), (30, 14), (30, 13), (29, 16), (30, 12), (31, 12), (32, 12), (33, 12), (34, 12), (34, 11), (34, 10), (33, 10), (32, 10), (31, 10), (30, 10), (28, 16), (30, 9), (29, 10), (30, 8), (31, 8), (32, 8), (33, 8), (34, 8), (34, 7), (34, 6), (33, 6), (32, 6), (31, 6), (30, 6), (30, 5), (29, 6), (30, 4), (31, 4), (32, 4), (33, 4), (34, 4), (30, 3), (31, 3), (34, 3), (34, 2), (34, 1), (33, 1), (32, 1), (27, 16), (31, 1), (30, 1), (29, 1), (28, 1), (27, 1), (26, 16), (27, 2), (27, 3), (26, 2), (27, 4), (27, 5), (25, 16), (27, 6), (27, 7), (25, 2), (27, 8), (27, 9), (25, 15), (26, 9), (24, 16), (25, 14), (25, 9), (26, 14), (24, 2), (27, 14), (27, 13), (27, 12), (27, 11), (26, 11), (24, 9), (25, 11), (23, 16), (23, 2), (24, 11), (23, 9), (24, 12), (23, 12), (22, 16), (22, 2), (22, 9), (22, 12), (21, 16), (21, 2), (21, 9), (21, 12), (20, 16), (20, 2), (20, 9), (20, 12), (20, 10), (20, 11), (19, 16), (19, 2), (19, 12), (19, 11), (18, 16), (18, 2), (18, 12), (17, 16), (17, 2), (17, 12), (17, 13), (16, 16), (16, 2), (16, 12), (17, 14), (16, 14)]",6.103503983467817e-05,0,6.103503983467817e-05
122,"(15, 2)","(16, 2)",West,"[(15, 3) via North, (14, 2) via West]","[(15, 2):6.105646025389433e-05, (15, 12):6.124365609139204e-05, (15, 14):7.650244515389204e-05, (14, 16):0.00012207019608467817]","[(15, 12):6.124365609139204e-05, (15, 14):7.650244515389204e-05, (15, 3):9.157403837889433e-05, (14, 16):0.00012207019608467817, (14, 2):0.00012209161650389433]","[(34, 16), (34, 15), (33, 16), (34, 14), (33, 14), (32, 16), (32, 14), (31, 16), (31, 14), (30, 16), (30, 14), (30, 13), (29, 16), (30, 12), (31, 12), (32, 12), (33, 12), (34, 12), (34, 11), (34, 10), (33, 10), (32, 10), (31, 10), (30, 10), (28, 16), (30, 9), (29, 10), (30, 8), (31, 8), (32, 8), (33, 8), (34, 8), (34, 7), (34, 6), (33, 6), (32, 6), (31, 6), (30, 6), (30, 5), (29, 6), (30, 4), (31, 4), (32, 4), (33, 4), (34, 4), (30, 3), (31, 3), (34, 3), (34, 2), (34, 1), (33, 1), (32, 1), (27, 16), (31, 1), (30, 1), (29, 1), (28, 1), (27, 1), (26, 16), (27, 2), (27, 3), (26, 2), (27, 4), (27, 5), (25, 16), (27, 6), (27, 7), (25, 2), (27, 8), (27, 9), (25, 15), (26, 9), (24, 16), (25, 14), (25, 9), (26, 14), (24, 2), (27, 14), (27, 13), (27, 12), (27, 11), (26, 11), (24, 9), (25, 11), (23, 16), (23, 2), (24, 11), (23, 9), (24, 12), (23, 12), (22, 16), (22, 2), (22, 9), (22, 12), (21, 16), (21, 2), (21, 9), (21, 12), (20, 16), (20, 2), (20, 9), (20, 12), (20, 10), (20, 11), (19, 16), (19, 2), (19, 12), (19, 11), (18, 16), (18, 2), (18, 12), (17, 16), (17, 2), (17, 12), (17, 13), (16, 16), (16, 2), (16, 12), (17, 14), (16, 14), (15, 16)]",6.105646025389433e-05,0,6.105646025389433e-05
123,"(15, 12)","(16, 12)",West,"[(14, 12) via West]","[(15, 12):6.124365609139204e-05, (15, 14):7.650244515389204e-05, (15, 3):9.157403837889433e-05, (14, 16):0.00012207019608467817, (14, 2):0.00012209161650389433]","[(15, 14):7.650244515389204e-05, (15, 3):9.157403837889433e-05, (14, 16):0.00012207019608467817, (14, 2):0.00012209161650389433, (14, 12):0.00012227881234139204]","[(34, 16), (34, 15), (33, 16), (34, 14), (33, 14), (32, 16), (32, 14), (31, 16), (31, 14), (30, 16), (30, 14), (30, 13), (29, 16), (30, 12), (31, 12), (32, 12), (33, 12), (34, 12), (34, 11), (34, 10), (33, 10), (32, 10), (31, 10), (30, 10), (28, 16), (30, 9), (29, 10), (30, 8), (31, 8), (32, 8), (33, 8), (34, 8), (34, 7), (34, 6), (33, 6), (32, 6), (31, 6), (30, 6), (30, 5), (29, 6), (30, 4), (31, 4), (32, 4), (33, 4), (34, 4), (30, 3), (31, 3), (34, 3), (34, 2), (34, 1), (33, 1), (32, 1), (27, 16), (31, 1), (30, 1), (29, 1), (28, 1), (27, 1), (26, 16), (27, 2), (27, 3), (26, 2), (27, 4), (27, 5), (25, 16), (27, 6), (27, 7), (25, 2), (27, 8), (27, 9), (25, 15), (26, 9), (24, 16), (25, 14), (25, 9), (26, 14), (24, 2), (27, 14), (27, 13), (27, 12), (27, 11), (26, 11), (24, 9), (25, 11), (23, 16), (23, 2), (24, 11), (23, 9), (24, 12), (23, 12), (22, 16), (22, 2), (22, 9), (22, 12), (21, 16), (21, 2), (21, 9), (21, 12), (20, 16), (20, 2), (20, 9), (20, 12), (20, 10), (20, 11), (19, 16), (19, 2), (19, 12), (19, 11), (18, 16), (18, 2), (18, 12), (17, 16), (17, 2), (17, 12), (17, 13), (16, 16), (16, 2), (16, 12), (17, 14), (16, 14), (15, 16), (15, 2)]",6.124365609139204e-05,0,6.124365609139204e-05
124,"(15, 14)","(16, 14)",West,"[(14, 14) via West]","[(15, 14):7.650244515389204e-05, (15, 3):9.157403837889433e-05, (14, 16):0.00012207019608467817, (14, 2):0.00012209161650389433, (14, 12):0.00012227881234139204]","[(15, 3):9.157403837889433e-05, (14, 16):0.00012207019608467817, (14, 2):0.00012209161650389433, (14, 12):0.00012227881234139204, (14, 14):0.00013753760140389204]","[(34, 16), (34, 15), (33, 16), (34, 14), (33, 14), (32, 16), (32, 14), (31, 16), (31, 14), (30, 16), (30, 14), (30, 13), (29, 16), (30, 12), (31, 12), (32, 12), (33, 12), (34, 12), (34, 11), (34, 10), (33, 10), (32, 10), (31, 10), (30, 10), (28, 16), (30, 9), (29, 10), (30, 8), (31, 8), (32, 8), (33, 8), (34, 8), (34, 7), (34, 6), (33, 6), (32, 6), (31, 6), (30, 6), (30, 5), (29, 6), (30, 4), (31, 4), (32, 4), (33, 4), (34, 4), (30, 3), (31, 3), (34, 3), (34, 2), (34, 1), (33, 1), (32, 1), (27, 16), (31, 1), (30, 1), (29, 1), (28, 1), (27, 1), (26, 16), (27, 2), (27, 3), (26, 2), (27, 4), (27, 5), (25, 16), (27, 6), (27, 7), (25, 2), (27, 8), (27, 9), (25, 15), (26, 9), (24, 16), (25, 14), (25, 9), (26, 14), (24, 2), (27, 14), (27, 13), (27, 12), (27, 11), (26, 11), (24, 9), (25, 11), (23, 16), (23, 2), (24, 11), (23, 9), (24, 12), (23, 12), (22, 16), (22, 2), (22, 9), (22, 12), (21, 16), (21, 2), (21, 9), (21, 12), (20, 16), (20, 2), (20, 9), (20, 12), (20, 10), (20, 11), (19, 16), (19, 2), (19, 12), (19, 11), (18, 16), (18, 2), (18, 12), (17, 16), (17, 2), (17, 12), (17, 13), (16, 16), (16, 2), (16, 12), (17, 14), (16, 14), (15, 16), (15, 2), (15, 12)]",7.650244515389204e-05,0,7.650244515389204e-05
125,"(15, 3)","(15, 2)",North,"[(15, 4) via North]","[(15, 3):9.157403837889433e-05, (14, 16):0.00012207019608467817, (14, 2):0.00012209161650389433, (14, 12):0.00012227881234139204, (14, 14):0.00013753760140389204]","[(14, 16):0.00012207019608467817, (14, 2):0.00012209161650389433, (15, 4):0.00012209161650389433, (14, 12):0.00012227881234139204, (14, 14):0.00013753760140389204]","[(34, 16), (34, 15), (33, 16), (34, 14), (33, 14), (32, 16), (32, 14), (31, 16), (31, 14), (30, 16), (30, 14), (30, 13), (29, 16), (30, 12), (31, 12), (32, 12), (33, 12), (34, 12), (34, 11), (34, 10), (33, 10), (32, 10), (31, 10), (30, 10), (28, 16), (30, 9), (29, 10), (30, 8), (31, 8), (32, 8), (33, 8), (34, 8), (34, 7), (34, 6), (33, 6), (32, 6), (31, 6), (30, 6), (30, 5), (29, 6), (30, 4), (31, 4), (32, 4), (33, 4), (34, 4), (30, 3), (31, 3), (34, 3), (34, 2), (34, 1), (33, 1), (32, 1), (27, 16), (31, 1), (30, 1), (29, 1), (28, 1), (27, 1), (26, 16), (27, 2), (27, 3), (26, 2), (27, 4), (27, 5), (25, 16), (27, 6), (27, 7), (25, 2), (27, 8), (27, 9), (25, 15), (26, 9), (24, 16), (25, 14), (25, 9), (26, 14), (24, 2), (27, 14), (27, 13), (27, 12), (27, 11), (26, 11), (24, 9), (25, 11), (23, 16), (23, 2), (24, 11), (23, 9), (24, 12), (23, 12), (22, 16), (22, 2), (22, 9), (22, 12), (21, 16), (21, 2), (21, 9), (21, 12), (20, 16), (20, 2), (20, 9), (20, 12), (20, 10), (20, 11), (19, 16), (19, 2), (19, 12), (19, 11), (18, 16), (18, 2), (18, 12), (17, 16), (17, 2), (17, 12), (17, 13), (16, 16), (16, 2), (16, 12), (17, 14), (16, 14), (15, 16), (15, 2), (15, 12), (15, 14)]",9.157403837889433e-05,0,9.157403837889433e-05
126,"(14, 16)","(15, 16)",West,"[(13, 16) via West]","[(14, 16):0.00012207019608467817, (14, 2):0.00012209161650389433, (15, 4):0.00012209161650389433, (14, 12):0.00012227881234139204, (14, 14):0.00013753760140389204]","[(14, 2):0.00012209161650389433, (15, 4):0.00012209161650389433, (14, 12):0.00012227881234139204, (14, 14):0.00013753760140389204, (13, 16):0.00024414050858467817]","[(34, 16), (34, 15), (33, 16), (34, 14), (33, 14), (32, 16), (32, 14), (31, 16), (31, 14), (30, 16), (30, 14), (30, 13), (29, 16), (30, 12), (31, 12), (32, 12), (33, 12), (34, 12), (34, 11), (34, 10), (33, 10), (32, 10), (31, 10), (30, 10), (28, 16), (30, 9), (29, 10), (30, 8), (31, 8), (32, 8), (33, 8), (34, 8), (34, 7), (34, 6), (33, 6), (32, 6), (31, 6), (30, 6), (30, 5), (29, 6), (30, 4), (31, 4), (32, 4), (33, 4), (34, 4), (30, 3), (31, 3), (34, 3), (34, 2), (34, 1), (33, 1), (32, 1), (27, 16), (31, 1), (30, 1), (29, 1), (28, 1), (27, 1), (26, 16), (27, 2), (27, 3), (26, 2), (27, 4), (27, 5), (25, 16), (27, 6), (27, 7), (25, 2), (27, 8), (27, 9), (25, 15), (26, 9), (24, 16), (25, 14), (25, 9), (26, 14), (24, 2), (27, 14), (27, 13), (27, 12), (27, 11), (26, 11), (24, 9), (25, 11), (23, 16), (23, 2), (24, 11), (23, 9), (24, 12), (23, 12), (22, 16), (22, 2), (22, 9), (22, 12), (21, 16), (21, 2), (21, 9), (21, 12), (20, 16), (20, 2), (20, 9), (20, 12), (20, 10), (20, 11), (19, 16), (19, 2), (19, 12), (19, 11), (18, 16), (18, 2), (18, 12), (17, 16), (17, 2), (17, 12), (17, 13), (16, 16), (16, 2), (16, 12), (17, 14), (16, 14), (15, 16), (15, 2), (15, 12), (15, 14), (15, 3)]",0.00012207019608467817,0,0.00012207019608467817
127,"(14, 2)","(15, 2)",West,"[(13, 2) via West]","[(14, 2):0.00012209161650389433, (15, 4):0.00012209161650389433, (14, 12):0.00012227881234139204, (14, 14):0.00013753760140389204, (13, 16):0.00024414050858467817]","[(15, 4):0.00012209161650389433, (14, 12):0.00012227881234139204, (14, 14):0.00013753760140389204, (13, 16):0.00024414050858467817, (13, 2):0.00024416192900389433]","[(34, 16), (34, 15), (33, 16), (34, 14), (33, 14), (32, 16), (32, 14), (31, 16), (31, 14), (30, 16), (30, 14), (30, 13), (29, 16), (30, 12), (31, 12), (32, 12), (33, 12), (34, 12), (34, 11), (34, 10), (33, 10), (32, 10), (31, 10), (30, 10), (28, 16), (30, 9), (29, 10), (30, 8), (31, 8), (32, 8), (33, 8), (34, 8), (34, 7), (34, 6), (33, 6), (32, 6), (31, 6), (30, 6), (30, 5), (29, 6), (30, 4), (31, 4), (32, 4), (33, 4), (34, 4), (30, 3), (31, 3), (34, 3), (34, 2), (34, 1), (33, 1), (32, 1), (27, 16), (31, 1), (30, 1), (29, 1), (28, 1), (27, 1), (26, 16), (27, 2), (27, 3), (26, 2), (27, 4), (27, 5), (25, 16), (27, 6), (27, 7), (25, 2), (27, 8), (27, 9), (25, 15), (26, 9), (24, 16), (25, 14), (25, 9), (26, 14), (24, 2), (27, 14), (27, 13), (27, 12), (27, 11), (26, 11), (24, 9), (25, 11), (23, 16), (23, 2), (24, 11), (23, 9), (24, 12), (23, 12), (22, 16), (22, 2), (22, 9), (22, 12), (21, 16), (21, 2), (21, 9), (21, 12), (20, 16), (20, 2), (20, 9), (20, 12), (20, 10), (20, 11), (19, 16), (19, 2), (19, 12), (19, 11), (18, 16), (18, 2), (18, 12), (17, 16), (17, 2), (17, 12), (17, 13), (16, 16), (16, 2), (16, 12), (17, 14), (16, 14), (15, 16), (15, 2), (15, 12), (15, 14), (15, 3), (14, 16)]",0.00012209161650389433,0,0.00012209161650389433
128,"(15, 4)","(15, 3)",North,"[(16, 4) via East]","[(15, 4):0.00012209161650389433, (14, 12):0.00012227881234139204, (14, 14):0.00013753760140389204, (13, 16):0.00024414050858467817, (13, 2):0.00024416192900389433]","[(14, 12):0.00012227881234139204, (16, 4):0.00013735040556639433, (14, 14):0.00013753760140389204, (13, 16):0.00024414050858467817, (13, 2):0.00024416192900389433]","[(34, 16), (34, 15), (33, 16), (34, 14), (33, 14), (32, 16), (32, 14), (31, 16), (31, 14), (30, 16), (30, 14), (30, 13), (29, 16), (30, 12), (31, 12), (32, 12), (33, 12), (34, 12), (34, 11), (34, 10), (33, 10), (32, 10), (31, 10), (30, 10), (28, 16), (30, 9), (29, 10), (30, 8), (31, 8), (32, 8), (33, 8), (34, 8), (34, 7), (34, 6), (33, 6), (32, 6), (31, 6), (30, 6), (30, 5), (29, 6), (30, 4), (31, 4), (32, 4), (33, 4), (34, 4), (30, 3), (31, 3), (34, 3), (34, 2), (34, 1), (33, 1), (32, 1), (27, 16), (31, 1), (30, 1), (29, 1), (28, 1), (27, 1), (26, 16), (27, 2), (27, 3), (26, 2), (27, 4), (27, 5), (25, 16), (27, 6), (27, 7), (25, 2), (27, 8), (27, 9), (25, 15), (26, 9), (24, 16), (25, 14), (25, 9), (26, 14), (24, 2), (27, 14), (27, 13), (27, 12), (27, 11), (26, 11), (24, 9), (25, 11), (23, 16), (23, 2), (24, 11), (23, 9), (24, 12), (23, 12), (22, 16), (22, 2), (22, 9), (22, 12), (21, 16), (21, 2), (21, 9), (21, 12), (20, 16), (20, 2), (20, 9), (20, 12), (20, 10), (20, 11), (19, 16), (19, 2), (19, 12), (19, 11), (18, 16), (18, 2), (18, 12), (17, 16), (17, 2), (17, 12), (17, 13), (16, 16), (16, 2), (16, 12), (17, 14), (16, 14), (15, 16), (15, 2), (15, 12), (15, 14), (15, 3), (14, 16), (14, 2)]",0.00012209161650389433,0,0.00012209161650389433
129,"(14, 12)","(15, 12)",West,"[(14, 11) via South, (13, 12) via West]","[(14, 12):0.00012227881234139204, (16, 4):0.00013735040556639433, (14, 14):0.00013753760140389204, (13, 16):0.00024414050858467817, (13, 2):0.00024416192900389433]","[(16, 4):0.00013735040556639433, (14, 14):0.00013753760140389204, (14, 11):0.00018331396859139204, (13, 16):0.00024414050858467817, (13, 2):0.00024416192900389433, (13, 12):0.00024434912484139204]","[(34, 16), (34, 15), (33, 16), (34, 14), (33, 14), (32, 16), (32, 14), (31, 16), (31, 14), (30, 16), (30, 14), (30, 13), (29, 16), (30, 12), (31, 12), (32, 12), (33, 12), (34, 12), (34, 11), (34, 10), (33, 10), (32, 10), (31, 10), (30, 10), (28, 16), (30, 9), (29, 10), (30, 8), (31, 8), (32, 8), (33, 8), (34, 8), (34, 7), (34, 6), (33, 6), (32, 6), (31, 6), (30, 6), (30, 5), (29, 6), (30, 4), (31, 4), (32, 4), (33, 4), (34, 4), (30, 3), (31, 3), (34, 3), (34, 2), (34, 1), (33, 1), (32, 1), (27, 16), (31, 1), (30, 1), (29, 1), (28, 1), (27, 1), (26, 16), (27, 2), (27, 3), (26, 2), (27, 4), (27, 5), (25, 16), (27, 6), (27, 7), (25, 2), (27, 8), (27, 9), (25, 15), (26, 9), (24, 16), (25, 14), (25, 9), (26, 14), (24, 2), (27, 14), (27, 13), (27, 12), (27, 11), (26, 11), (24, 9), (25, 11), (23, 16), (23, 2), (24, 11), (23, 9), (24, 12), (23, 12), (22, 16), (22, 2), (22, 9), (22, 12), (21, 16), (21, 2), (21, 9), (21, 12), (20, 16), (20, 2), (20, 9), (20, 12), (20, 10), (20, 11), (19, 16), (19, 2), (19, 12), (19, 11), (18, 16), (18, 2), (18, 12), (17, 16), (17, 2), (17, 12), (17, 13), (16, 16), (16, 2), (16, 12), (17, 14), (16, 14), (15, 16), (15, 2), (15, 12), (15, 14), (15, 3), (14, 16), (14, 2), (15, 4)]",0.00012227881234139204,0,0.00012227881234139204
130,"(16, 4)","(15, 4)",East,"[(17, 4) via East]","[(16, 4):0.00013735040556639433, (14, 14):0.00013753760140389204, (14, 11):0.00018331396859139204, (13, 16):0.00024414050858467817, (13, 2):0.00024416192900389433, (13, 12):0.00024434912484139204]","[(14, 14):0.00013753760140389204, (17, 4):0.00014497980009764433, (14, 11):0.00018331396859139204, (13, 16):0.00024414050858467817, (13, 2):0.00024416192900389433, (13, 12):0.00024434912484139204]","[(34, 16), (34, 15), (33, 16), (34, 14), (33, 14), (32, 16), (32, 14), (31, 16), (31, 14), (30, 16), (30, 14), (30, 13), (29, 16), (30, 12), (31, 12), (32, 12), (33, 12), (34, 12), (34, 11), (34, 10), (33, 10), (32, 10), (31, 10), (30, 10), (28, 16), (30, 9), (29, 10), (30, 8), (31, 8), (32, 8), (33, 8), (34, 8), (34, 7), (34, 6), (33, 6), (32, 6), (31, 6), (30, 6), (30, 5), (29, 6), (30, 4), (31, 4), (32, 4), (33, 4), (34, 4), (30, 3), (31, 3), (34, 3), (34, 2), (34, 1), (33, 1), (32, 1), (27, 16), (31, 1), (30, 1), (29, 1), (28, 1), (27, 1), (26, 16), (27, 2), (27, 3), (26, 2), (27, 4), (27, 5), (25, 16), (27, 6), (27, 7), (25, 2), (27, 8), (27, 9), (25, 15), (26, 9), (24, 16), (25, 14), (25, 9), (26, 14), (24, 2), (27, 14), (27, 13), (27, 12), (27, 11), (26, 11), (24, 9), (25, 11), (23, 16), (23, 2), (24, 11), (23, 9), (24, 12), (23, 12), (22, 16), (22, 2), (22, 9), (22, 12), (21, 16), (21, 2), (21, 9), (21, 12), (20, 16), (20, 2), (20, 9), (20, 12), (20, 10), (20, 11), (19, 16), (19, 2), (19, 12), (19, 11), (18, 16), (18, 2), (18, 12), (17, 16), (17, 2), (17, 12), (17, 13), (16, 16), (16, 2), (16, 12), (17, 14), (16, 14), (15, 16), (15, 2), (15, 12), (15, 14), (15, 3), (14, 16), (14, 2), (15, 4), (14, 12)]",0.00013735040556639433,0,0.00013735040556639433
131,"(14, 14)","(15, 14)",West,"[(13, 14) via West]","[(14, 14):0.00013753760140389204, (17, 4):0.00014497980009764433, (14, 11):0.00018331396859139204, (13, 16):0.00024414050858467817, (13, 2):0.00024416192900389433, (13, 12):0.00024434912484139204]","[(17, 4):0.00014497980009764433, (14, 11):0.00018331396859139204, (13, 16):0.00024414050858467817, (13, 2):0.00024416192900389433, (13, 12):0.00024434912484139204, (13, 14):0.00025960791390389204]","[(34, 16), (34, 15), (33, 16), (34, 14), (33, 14), (32, 16), (32, 14), (31, 16), (31, 14), (30, 16), (30, 14), (30, 13), (29, 16), (30, 12), (31, 12), (32, 12), (33, 12), (34, 12), (34, 11), (34, 10), (33, 10), (32, 10), (31, 10), (30, 10), (28, 16), (30, 9), (29, 10), (30, 8), (31, 8), (32, 8), (33, 8), (34, 8), (34, 7), (34, 6), (33, 6), (32, 6), (31, 6), (30, 6), (30, 5), (29, 6), (30, 4), (31, 4), (32, 4), (33, 4), (34, 4), (30, 3), (31, 3), (34, 3), (34, 2), (34, 1), (33, 1), (32, 1), (27, 16), (31, 1), (30, 1), (29, 1), (28, 1), (27, 1), (26, 16), (27, 2), (27, 3), (26, 2), (27, 4), (27, 5), (25, 16), (27, 6), (27, 7), (25, 2), (27, 8), (27, 9), (25, 15), (26, 9), (24, 16), (25, 14), (25, 9), (26, 14), (24, 2), (27, 14), (27, 13), (27, 12), (27, 11), (26, 11), (24, 9), (25, 11), (23, 16), (23, 2), (24, 11), (23, 9), (24, 12), (23, 12), (22, 16), (22, 2), (22, 9), (22, 12), (21, 16), (21, 2), (21, 9), (21, 12), (20, 16), (20, 2), (20, 9), (20, 12), (20, 10), (20, 11), (19, 16), (19, 2), (19, 12), (19, 11), (18, 16), (18, 2), (18, 12), (17, 16), (17, 2), (17, 12), (17, 13), (16, 16), (16, 2), (16, 12), (17, 14), (16, 14), (15, 16), (15, 2), (15, 12), (15, 14), (15, 3), (14, 16), (14, 2), (15, 4), (14, 12), (16, 4)]",0.00013753760140389204,0,0.00013753760140389204
132,"(17, 4)","(16, 4)",East,"[(18, 4) via East]","[(17, 4):0.00014497980009764433, (14, 11):0.00018331396859139204, (13, 16):0.00024414050858467817, (13, 2):0.00024416192900389433, (13, 12):0.00024434912484139204, (13, 14):0.00025960791390389204]","[(18, 4):0.00014879449736326933, (14, 11):0.00018331396859139204, (13, 16):0.00024414050858467817, (13, 2):0.00024416192900389433, (13, 12):0.00024434912484139204, (13, 14):0.00025960791390389204]","[(34, 16), (34, 15), (33, 16), (34, 14), (33, 14), (32, 16), (32, 14), (31, 16), (31, 14), (30, 16), (30, 14), (30, 13), (29, 16), (30, 12), (31, 12), (32, 12), (33, 12), (34, 12), (34, 11), (34, 10), (33, 10), (32, 10), (31, 10), (30, 10), (28, 16), (30, 9), (29, 10), (30, 8), (31, 8), (32, 8), (33, 8), (34, 8), (34, 7), (34, 6), (33, 6), (32, 6), (31, 6), (30, 6), (30, 5), (29, 6), (30, 4), (31, 4), (32, 4), (33, 4), (34, 4), (30, 3), (31, 3), (34, 3), (34, 2), (34, 1), (33, 1), (32, 1), (27, 16), (31, 1), (30, 1), (29, 1), (28, 1), (27, 1), (26, 16), (27, 2), (27, 3), (26, 2), (27, 4), (27, 5), (25, 16), (27, 6), (27, 7), (25, 2), (27, 8), (27, 9), (25, 15), (26, 9), (24, 16), (25, 14), (25, 9), (26, 14), (24, 2), (27, 14), (27, 13), (27, 12), (27, 11), (26, 11), (24, 9), (25, 11), (23, 16), (23, 2), (24, 11), (23, 9), (24, 12), (23, 12), (22, 16), (22, 2), (22, 9), (22, 12), (21, 16), (21, 2), (21, 9), (21, 12), (20, 16), (20, 2), (20, 9), (20, 12), (20, 10), (20, 11), (19, 16), (19, 2), (19, 12), (19, 11), (18, 16), (18, 2), (18, 12), (17, 16), (17, 2), (17, 12), (17, 13), (16, 16), (16, 2), (16, 12), (17, 14), (16, 14), (15, 16), (15, 2), (15, 12), (15, 14), (15, 3), (14, 16), (14, 2), (15, 4), (14, 12), (16, 4), (14, 14)]",0.00014497980009764433,0,0.00014497980009764433
133,"(18, 4)","(17, 4)",East,"[(19, 4) via East]","[(18, 4):0.00014879449736326933, (14, 11):0.00018331396859139204, (13, 16):0.00024414050858467817, (13, 2):0.00024416192900389433, (13, 12):0.00024434912484139204, (13, 14):0.00025960791390389204]","[(19, 4):0.00015070184599608183, (14, 11):0.00018331396859139204, (13, 16):0.00024414050858467817, (13, 2):0.00024416192900389433, (13, 12):0.00024434912484139204, (13, 14):0.00025960791390389204]","[(34, 16), (34, 15), (33, 16), (34, 14), (33, 14), (32, 16), (32, 14), (31, 16), (31, 14), (30, 16), (30, 14), (30, 13), (29, 16), (30, 12), (31, 12), (32, 12), (33, 12), (34, 12), (34, 11), (34, 10), (33, 10), (32, 10), (31, 10), (30, 10), (28, 16), (30, 9), (29, 10), (30, 8), (31, 8), (32, 8), (33, 8), (34, 8), (34, 7), (34, 6), (33, 6), (32, 6), (31, 6), (30, 6), (30, 5), (29, 6), (30, 4), (31, 4), (32, 4), (33, 4), (34, 4), (30, 3), (31, 3), (34, 3), (34, 2), (34, 1), (33, 1), (32, 1), (27, 16), (31, 1), (30, 1), (29, 1), (28, 1), (27, 1), (26, 16), (27, 2), (27, 3), (26, 2), (27, 4), (27, 5), (25, 16), (27, 6), (27, 7), (25, 2), (27, 8), (27, 9), (25, 15), (26, 9), (24, 16), (25, 14), (25, 9), (26, 14), (24, 2), (27, 14), (27, 13), (27, 12), (27, 11), (26, 11), (24, 9), (25, 11), (23, 16), (23, 2), (24, 11), (23, 9), (24, 12), (23, 12), (22, 16), (22, 2), (22, 9), (22, 12), (21, 16), (21, 2), (21, 9), (21, 12), (20, 16), (20, 2), (20, 9), (20, 12), (20, 10), (20, 11), (19, 16), (19, 2), (19, 12), (19, 11), (18, 16), (18, 2), (18, 12), (17, 16), (17, 2), (17, 12), (17, 13), (16, 16), (16, 2), (16, 12), (17, 14), (16, 14), (15, 16), (15, 2), (15, 12), (15, 14), (15, 3), (14, 16), (14, 2), (15, 4), (14, 12), (16, 4), (14, 14), (17, 4)]",0.00014879449736326933,0,0.00014879449736326933
134,"(19, 4)","(18, 4)",East,"[(19, 5) via North, (20, 4) via East]","[(19, 4):0.00015070184599608183, (14, 11):0.00018331396859139204, (13, 16):0.00024414050858467817, (13, 2):0.00024416192900389433, (13, 12):0.00024434912484139204, (13, 14):0.00025960791390389204]","[(20, 4):0.00015165552031248808, (19, 5):0.00015260919462889433, (14, 11):0.00018331396859139204, (13, 16):0.00024414050858467817, (13, 2):0.00024416192900389433, (13, 12):0.00024434912484139204, (13, 14):0.00025960791390389204]","[(34, 16), (34, 15), (33, 16), (34, 14), (33, 14), (32, 16), (32, 14), (31, 16), (31, 14), (30, 16), (30, 14), (30, 13), (29, 16), (30, 12), (31, 12), (32, 12), (33, 12), (34, 12), (34, 11), (34, 10), (33, 10), (32, 10), (31, 10), (30, 10), (28, 16), (30, 9), (29, 10), (30, 8), (31, 8), (32, 8), (33, 8), (34, 8), (34, 7), (34, 6), (33, 6), (32, 6), (31, 6), (30, 6), (30, 5), (29, 6), (30, 4), (31, 4), (32, 4), (33, 4), (34, 4), (30, 3), (31, 3), (34, 3), (34, 2), (34, 1), (33, 1), (32, 1), (27, 16), (31, 1), (30, 1), (29, 1), (28, 1), (27, 1), (26, 16), (27, 2), (27, 3), (26, 2), (27, 4), (27, 5), (25, 16), (27, 6), (27, 7), (25, 2), (27, 8), (27, 9), (25, 15), (26, 9), (24, 16), (25, 14), (25, 9), (26, 14), (24, 2), (27, 14), (27, 13), (27, 12), (27, 11), (26, 11), (24, 9), (25, 11), (23, 16), (23, 2), (24, 11), (23, 9), (24, 12), (23, 12), (22, 16), (22, 2), (22, 9), (22, 12), (21, 16), (21, 2), (21, 9), (21, 12), (20, 16), (20, 2), (20, 9), (20, 12), (20, 10), (20, 11), (19, 16), (19, 2), (19, 12), (19, 11), (18, 16), (18, 2), (18, 12), (17, 16), (17, 2), (17, 12), (17, 13), (16, 16), (16, 2), (16, 12), (17, 14), (16, 14), (15, 16), (15, 2), (15, 12), (15, 14), (15, 3), (14, 16), (14, 2), (15, 4), (14, 12), (16, 4), (14, 14), (17, 4), (18, 4)]",0.00015070184599608183,0,0.00015070184599608183
135,"(20, 4)","(19, 4)",East,"[(21, 4) via East]","[(20, 4):0.00015165552031248808, (19, 5):0.00015260919462889433, (14, 11):0.00018331396859139204, (13, 16):0.00024414050858467817, (13, 2):0.00024416192900389433, (13, 12):0.00024434912484139204, (13, 14):0.00025960791390389204]","[(21, 4):0.0001521323574706912, (19, 5):0.00015260919462889433, (14, 11):0.00018331396859139204, (13, 16):0.00024414050858467817, (13, 2):0.00024416192900389433, (13, 12):0.00024434912484139204, (13, 14):0.00025960791390389204]","[(34, 16), (34, 15), (33, 16), (34, 14), (33, 14), (32, 16), (32, 14), (31, 16), (31, 14), (30, 16), (30, 14), (30, 13), (29, 16), (30, 12), (31, 12), (32, 12), (33, 12), (34, 12), (34, 11), (34, 10), (33, 10), (32, 10), (31, 10), (30, 10), (28, 16), (30, 9), (29, 10), (30, 8), (31, 8), (32, 8), (33, 8), (34, 8), (34, 7), (34, 6), (33, 6), (32, 6), (31, 6), (30, 6), (30, 5), (29, 6), (30, 4), (31, 4), (32, 4), (33, 4), (34, 4), (30, 3), (31, 3), (34, 3), (34, 2), (34, 1), (33, 1), (32, 1), (27, 16), (31, 1), (30, 1), (29, 1), (28, 1), (27, 1), (26, 16), (27, 2), (27, 3), (26, 2), (27, 4), (27, 5), (25, 16), (27, 6), (27, 7), (25, 2), (27, 8), (27, 9), (25, 15), (26, 9), (24, 16), (25, 14), (25, 9), (26, 14), (24, 2), (27, 14), (27, 13), (27, 12), (27, 11), (26, 11), (24, 9), (25, 11), (23, 16), (23, 2), (24, 11), (23, 9), (24, 12), (23, 12), (22, 16), (22, 2), (22, 9), (22, 12), (21, 16), (21, 2), (21, 9), (21, 12), (20, 16), (20, 2), (20, 9), (20, 12), (20, 10), (20, 11), (19, 16), (19, 2), (19, 12), (19, 11), (18, 16), (18, 2), (18, 12), (17, 16), (17, 2), (17, 12), (17, 13), (16, 16), (16, 2), (16, 12), (17, 14), (16, 14), (15, 16), (15, 2), (15, 12), (15, 14), (15, 3), (14, 16), (14, 2), (15, 4), (14, 12), (16, 4), (14, 14), (17, 4), (18, 4), (19, 4)]",0.00015165552031248808,0,0.00015165552031248808
136,"(21, 4)","(20, 4)",East,"[(21, 5) via North]","[(21, 4):0.0001521323574706912, (19, 5):0.00015260919462889433, (14, 11):0.00018331396859139204, (13, 16):0.00024414050858467817, (13, 2):0.00024416192900389433, (13, 12):0.00024434912484139204, (13, 14):0.00025960791390389204]","[(19, 5):0.00015260919462889433, (21, 5):0.00015260919462889433, (14, 11):0.00018331396859139204, (13, 16):0.00024414050858467817, (13, 2):0.00024416192900389433, (13, 12):0.00024434912484139204, (13, 14):0.00025960791390389204]","[(34, 16), (34, 15), (33, 16), (34, 14), (33, 14), (32, 16), (32, 14), (31, 16), (31, 14), (30, 16), (30, 14), (30, 13), (29, 16), (30, 12), (31, 12), (32, 12), (33, 12), (34, 12), (34, 11), (34, 10), (33, 10), (32, 10), (31, 10), (30, 10), (28, 16), (30, 9), (29, 10), (30, 8), (31, 8), (32, 8), (33, 8), (34, 8), (34, 7), (34, 6), (33, 6), (32, 6), (31, 6), (30, 6), (30, 5), (29, 6), (30, 4), (31, 4), (32, 4), (33, 4), (34, 4), (30, 3), (31, 3), (34, 3), (34, 2), (34, 1), (33, 1), (32, 1), (27, 16), (31, 1), (30, 1), (29, 1), (28, 1), (27, 1), (26, 16), (27, 2), (27, 3), (26, 2), (27, 4), (27, 5), (25, 16), (27, 6), (27, 7), (25, 2), (27, 8), (27, 9), (25, 15), (26, 9), (24, 16), (25, 14), (25, 9), (26, 14), (24, 2), (27, 14), (27, 13), (27, 12), (27, 11), (26, 11), (24, 9), (25, 11), (23, 16), (23, 2), (24, 11), (23, 9), (24, 12), (23, 12), (22, 16), (22, 2), (22, 9), (22, 12), (21, 16), (21, 2), (21, 9), (21, 12), (20, 16), (20, 2), (20, 9), (20, 12), (20, 10), (20, 11), (19, 16), (19, 2), (19, 12), (19, 11), (18, 16), (18, 2), (18, 12), (17, 16), (17, 2), (17, 12), (17, 13), (16, 16), (16, 2), (16, 12), (17, 14), (16, 14), (15, 16), (15, 2), (15, 12), (15, 14), (15, 3), (14, 16), (14, 2), (15, 4), (14, 12), (16, 4), (14, 14), (17, 4), (18, 4), (19, 4), (20, 4)]",0.0001521323574706912,0,0.0001521323574706912
137,"(19, 5)","(19, 4)",North,"[(19, 6) via North]","[(19, 5):0.00015260919462889433, (21, 5):0.00015260919462889433, (14, 11):0.00018331396859139204, (13, 16):0.00024414050858467817, (13, 2):0.00024416192900389433, (13, 12):0.00024434912484139204, (13, 14):0.00025960791390389204]","[(21, 5):0.00015260919462889433, (19, 6):0.00015451654326170683, (14, 11):0.00018331396859139204, (13, 16):0.00024414050858467817, (13, 2):0.00024416192900389433, (13, 12):0.00024434912484139204, (13, 14):0.00025960791390389204]","[(34, 16), (34, 15), (33, 16), (34, 14), (33, 14), (32, 16), (32, 14), (31, 16), (31, 14), (30, 16), (30, 14), (30, 13), (29, 16), (30, 12), (31, 12), (32, 12), (33, 12), (34, 12), (34, 11), (34, 10), (33, 10), (32, 10), (31, 10), (30, 10), (28, 16), (30, 9), (29, 10), (30, 8), (31, 8), (32, 8), (33, 8), (34, 8), (34, 7), (34, 6), (33, 6), (32, 6), (31, 6), (30, 6), (30, 5), (29, 6), (30, 4), (31, 4), (32, 4), (33, 4), (34, 4), (30, 3), (31, 3), (34, 3), (34, 2), (34, 1), (33, 1), (32, 1), (27, 16), (31, 1), (30, 1), (29, 1), (28, 1), (27, 1), (26, 16), (27, 2), (27, 3), (26, 2), (27, 4), (27, 5), (25, 16), (27, 6), (27, 7), (25, 2), (27, 8), (27, 9), (25, 15), (26, 9), (24, 16), (25, 14), (25, 9), (26, 14), (24, 2), (27, 14), (27, 13), (27, 12), (27, 11), (26, 11), (24, 9), (25, 11), (23, 16), (23, 2), (24, 11), (23, 9), (24, 12), (23, 12), (22, 16), (22, 2), (22, 9), (22, 12), (21, 16), (21, 2), (21, 9), (21, 12), (20, 16), (20, 2), (20, 9), (20, 12), (20, 10), (20, 11), (19, 16), (19, 2), (19, 12), (19, 11), (18, 16), (18, 2), (18, 12), (17, 16), (17, 2), (17, 12), (17, 13), (16, 16), (16, 2), (16, 12), (17, 14), (16, 14), (15, 16), (15, 2), (15, 12), (15, 14), (15, 3), (14, 16), (14, 2), (15, 4), (14, 12), (16, 4), (14, 14), (17, 4), (18, 4), (19, 4), (20, 4), (21, 4)]",0.00015260919462889433,0,0.00015260919462889433
138,"(21, 5)","(21, 4)",North,"[(22, 5) via East]","[(21, 5):0.00015260919462889433, (19, 6):0.00015451654326170683, (14, 11):0.00018331396859139204, (13, 16):0.00024414050858467817, (13, 2):0.00024416192900389433, (13, 12):0.00024434912484139204, (13, 14):0.00025960791390389204]","[(22, 5):0.0001528476132079959, (19, 6):0.00015451654326170683, (14, 11):0.00018331396859139204, (13, 16):0.00024414050858467817, (13, 2):0.00024416192900389433, (13, 12):0.00024434912484139204, (13, 14):0.00025960791390389204]","[(34, 16), (34, 15), (33, 16), (34, 14), (33, 14), (32, 16), (32, 14), (31, 16), (31, 14), (30, 16), (30, 14), (30, 13), (29, 16), (30, 12), (31, 12), (32, 12), (33, 12), (34, 12), (34, 11), (34, 10), (33, 10), (32, 10), (31, 10), (30, 10), (28, 16), (30, 9), (29, 10), (30, 8), (31, 8), (32, 8), (33, 8), (34, 8), (34, 7), (34, 6), (33, 6), (32, 6), (31, 6), (30, 6), (30, 5), (29, 6), (30, 4), (31, 4), (32, 4), (33, 4), (34, 4), (30, 3), (31, 3), (34, 3), (34, 2), (34, 1), (33, 1), (32, 1), (27, 16), (31, 1), (30, 1), (29, 1), (28, 1), (27, 1), (26, 16), (27, 2), (27, 3), (26, 2), (27, 4), (27, 5), (25, 16), (27, 6), (27, 7), (25, 2), (27, 8), (27, 9), (25, 15), (26, 9), (24, 16), (25, 14), (25, 9), (26, 14), (24, 2), (27, 14), (27, 13), (27, 12), (27, 11), (26, 11), (24, 9), (25, 11), (23, 16), (23, 2), (24, 11), (23, 9), (24, 12), (23, 12), (22, 16), (22, 2), (22, 9), (22, 12), (21, 16), (21, 2), (21, 9), (21, 12), (20, 16), (20, 2), (20, 9), (20, 12), (20, 10), (20, 11), (19, 16), (19, 2), (19, 12), (19, 11), (18, 16), (18, 2), (18, 12), (17, 16), (17, 2), (17, 12), (17, 13), (16, 16), (16, 2), (16, 12), (17, 14), (16, 14), (15, 16), (15, 2), (15, 12), (15, 14), (15, 3), (14, 16), (14, 2), (15, 4), (14, 12), (16, 4), (14, 14), (17, 4), (18, 4), (19, 4), (20, 4), (21, 4), (19, 5)]",0.00015260919462889433,0,0.00015260919462889433
139,"(22, 5)","(21, 5)",East,"[(23, 5) via East]","[(22, 5):0.0001528476132079959, (19, 6):0.00015451654326170683, (14, 11):0.00018331396859139204, (13, 16):0.00024414050858467817, (13, 2):0.00024416192900389433, (13, 12):0.00024434912484139204, (13, 14):0.00025960791390389204]","[(23, 5):0.00015296682249754667, (19, 6):0.00015451654326170683, (14, 11):0.00018331396859139204, (13, 16):0.00024414050858467817, (13, 2):0.00024416192900389433, (13, 12):0.00024434912484139204, (13, 14):0.00025960791390389204]","[(34, 16), (34, 15), (33, 16), (34, 14), (33, 14), (32, 16), (32, 14), (31, 16), (31, 14), (30, 16), (30, 14), (30, 13), (29, 16), (30, 12), (31, 12), (32, 12), (33, 12), (34, 12), (34, 11), (34, 10), (33, 10), (32, 10), (31, 10), (30, 10), (28, 16), (30, 9), (29, 10), (30, 8), (31, 8), (32, 8), (33, 8), (34, 8), (34, 7), (34, 6), (33, 6), (32, 6), (31, 6), (30, 6), (30, 5), (29, 6), (30, 4), (31, 4), (32, 4), (33, 4), (34, 4), (30, 3), (31, 3), (34, 3), (34, 2), (34, 1), (33, 1), (32, 1), (27, 16), (31, 1), (30, 1), (29, 1), (28, 1), (27, 1), (26, 16), (27, 2), (27, 3), (26, 2), (27, 4), (27, 5), (25, 16), (27, 6), (27, 7), (25, 2), (27, 8), (27, 9), (25, 15), (26, 9), (24, 16), (25, 14), (25, 9), (26, 14), (24, 2), (27, 14), (27, 13), (27, 12), (27, 11), (26, 11), (24, 9), (25, 11), (23, 16), (23, 2), (24, 11), (23, 9), (24, 12), (23, 12), (22, 16), (22, 2), (22, 9), (22, 12), (21, 16), (21, 2), (21, 9), (21, 12), (20, 16), (20, 2), (20, 9), (20, 12), (20, 10), (20, 11), (19, 16), (19, 2), (19, 12), (19, 11), (18, 16), (18, 2), (18, 12), (17, 16), (17, 2), (17, 12), (17, 13), (16, 16), (16, 2), (16, 12), (17, 14), (16, 14), (15, 16), (15, 2), (15, 12), (15, 14), (15, 3), (14, 16), (14, 2), (15, 4), (14, 12), (16, 4), (14, 14), (17, 4), (18, 4), (19, 4), (20, 4), (21, 4), (19, 5), (21, 5)]",0.0001528476132079959,0,0.0001528476132079959
140,"(23, 5)","(22, 5)",East,"[(24, 5) via East]","[(23, 5):0.00015296682249754667, (19, 6):0.00015451654326170683, (14, 11):0.00018331396859139204, (13, 16):0.00024414050858467817, (13, 2):0.00024416192900389433, (13, 12):0.00024434912484139204, (13, 14):0.00025960791390389204]","[(24, 5):0.00015302642714232206, (19, 6):0.00015451654326170683, (14, 11):0.00018331396859139204, (13, 16):0.00024414050858467817, (13, 2):0.00024416192900389433, (13, 12):0.00024434912484139204, (13, 14):0.00025960791390389204]","[(34, 16), (34, 15), (33, 16), (34, 14), (33, 14), (32, 16), (32, 14), (31, 16), (31, 14), (30, 16), (30, 14), (30, 13), (29, 16), (30, 12), (31, 12), (32, 12), (33, 12), (34, 12), (34, 11), (34, 10), (33, 10), (32, 10), (31, 10), (30, 10), (28, 16), (30, 9), (29, 10), (30, 8), (31, 8), (32, 8), (33, 8), (34, 8), (34, 7), (34, 6), (33, 6), (32, 6), (31, 6), (30, 6), (30, 5), (29, 6), (30, 4), (31, 4), (32, 4), (33, 4), (34, 4), (30, 3), (31, 3), (34, 3), (34, 2), (34, 1), (33, 1), (32, 1), (27, 16), (31, 1), (30, 1), (29, 1), (28, 1), (27, 1), (26, 16), (27, 2), (27, 3), (26, 2), (27, 4), (27, 5), (25, 16), (27, 6), (27, 7), (25, 2), (27, 8), (27, 9), (25, 15), (26, 9), (24, 16), (25, 14), (25, 9), (26, 14), (24, 2), (27, 14), (27, 13), (27, 12), (27, 11), (26, 11), (24, 9), (25, 11), (23, 16), (23, 2), (24, 11), (23, 9), (24, 12), (23, 12), (22, 16), (22, 2), (22, 9), (22, 12), (21, 16), (21, 2), (21, 9), (21, 12), (20, 16), (20, 2), (20, 9), (20, 12), (20, 10), (20, 11), (19, 16), (19, 2), (19, 12), (19, 11), (18, 16), (18, 2), (18, 12), (17, 16), (17, 2), (17, 12), (17, 13), (16, 16), (16, 2), (16, 12), (17, 14), (16, 14), (15, 16), (15, 2), (15, 12), (15, 14), (15, 3), (14, 16), (14, 2), (15, 4), (14, 12), (16, 4), (14, 14), (17, 4), (18, 4), (19, 4), (20, 4), (21, 4), (19, 5), (21, 5), (22, 5)]",0.00015296682249754667,0,0.00015296682249754667
141,"(24, 5)","(23, 5)",East,"[(24, 6) via North]","[(24, 5):0.00015302642714232206, (19, 6):0.00015451654326170683, (14, 11):0.00018331396859139204, (13, 16):0.00024414050858467817, (13, 2):0.00024416192900389433, (13, 12):0.00024434912484139204, (13, 14):0.00025960791390389204]","[(24, 6):0.00015308603178709745, (19, 6):0.00015451654326170683, (14, 11):0.00018331396859139204, (13, 16):0.00024414050858467817, (13, 2):0.00024416192900389433, (13, 12):0.00024434912484139204, (13, 14):0.00025960791390389204]","[(34, 16), (34, 15), (33, 16), (34, 14), (33, 14), (32, 16), (32, 14), (31, 16), (31, 14), (30, 16), (30, 14), (30, 13), (29, 16), (30, 12), (31, 12), (32, 12), (33, 12), (34, 12), (34, 11), (34, 10), (33, 10), (32, 10), (31, 10), (30, 10), (28, 16), (30, 9), (29, 10), (30, 8), (31, 8), (32, 8), (33, 8), (34, 8), (34, 7), (34, 6), (33, 6), (32, 6), (31, 6), (30, 6), (30, 5), (29, 6), (30, 4), (31, 4), (32, 4), (33, 4), (34, 4), (30, 3), (31, 3), (34, 3), (34, 2), (34, 1), (33, 1), (32, 1), (27, 16), (31, 1), (30, 1), (29, 1), (28, 1), (27, 1), (26, 16), (27, 2), (27, 3), (26, 2), (27, 4), (27, 5), (25, 16), (27, 6), (27, 7), (25, 2), (27, 8), (27, 9), (25, 15), (26, 9), (24, 16), (25, 14), (25, 9), (26, 14), (24, 2), (27, 14), (27, 13), (27, 12), (27, 11), (26, 11), (24, 9), (25, 11), (23, 16), (23, 2), (24, 11), (23, 9), (24, 12), (23, 12), (22, 16), (22, 2), (22, 9), (22, 12), (21, 16), (21, 2), (21, 9), (21, 12), (20, 16), (20, 2), (20, 9), (20, 12), (20, 10), (20, 11), (19, 16), (19, 2), (19, 12), (19, 11), (18, 16), (18, 2), (18, 12), (17, 16), (17, 2), (17, 12), (17, 13), (16, 16), (16, 2), (16, 12), (17, 14), (16, 14), (15, 16), (15, 2), (15, 12), (15, 14), (15, 3), (14, 16), (14, 2), (15, 4), (14, 12), (16, 4), (14, 14), (17, 4), (18, 4), (19, 4), (20, 4), (21, 4), (19, 5), (21, 5), (22, 5), (23, 5)]",0.00015302642714232206,0,0.00015302642714232206
142,"(24, 6)","(24, 5)",North,"[(24, 7) via North]","[(24, 6):0.00015308603178709745, (19, 6):0.00015451654326170683, (14, 11):0.00018331396859139204, (13, 16):0.00024414050858467817, (13, 2):0.00024416192900389433, (13, 12):0.00024434912484139204, (13, 14):0.00025960791390389204]","[(24, 7):0.00015314563643187284, (19, 6):0.00015451654326170683, (14, 11):0.00018331396859139204, (13, 16):0.00024414050858467817, (13, 2):0.00024416192900389433, (13, 12):0.00024434912484139204, (13, 14):0.00025960791390389204]","[(34, 16), (34, 15), (33, 16), (34, 14), (33, 14), (32, 16), (32, 14), (31, 16), (31, 14), (30, 16), (30, 14), (30, 13), (29, 16), (30, 12), (31, 12), (32, 12), (33, 12), (34, 12), (34, 11), (34, 10), (33, 10), (32, 10), (31, 10), (30, 10), (28, 16), (30, 9), (29, 10), (30, 8), (31, 8), (32, 8), (33, 8), (34, 8), (34, 7), (34, 6), (33, 6), (32, 6), (31, 6), (30, 6), (30, 5), (29, 6), (30, 4), (31, 4), (32, 4), (33, 4), (34, 4), (30, 3), (31, 3), (34, 3), (34, 2), (34, 1), (33, 1), (32, 1), (27, 16), (31, 1), (30, 1), (29, 1), (28, 1), (27, 1), (26, 16), (27, 2), (27, 3), (26, 2), (27, 4), (27, 5), (25, 16), (27, 6), (27, 7), (25, 2), (27, 8), (27, 9), (25, 15), (26, 9), (24, 16), (25, 14), (25, 9), (26, 14), (24, 2), (27, 14), (27, 13), (27, 12), (27, 11), (26, 11), (24, 9), (25, 11), (23, 16), (23, 2), (24, 11), (23, 9), (24, 12), (23, 12), (22, 16), (22, 2), (22, 9), (22, 12), (21, 16), (21, 2), (21, 9), (21, 12), (20, 16), (20, 2), (20, 9), (20, 12), (20, 10), (20, 11), (19, 16), (19, 2), (19, 12), (19, 11), (18, 16), (18, 2), (18, 12), (17, 16), (17, 2), (17, 12), (17, 13), (16, 16), (16, 2), (16, 12), (17, 14), (16, 14), (15, 16), (15, 2), (15, 12), (15, 14), (15, 3), (14, 16), (14, 2), (15, 4), (14, 12), (16, 4), (14, 14), (17, 4), (18, 4), (19, 4), (20, 4), (21, 4), (19, 5), (21, 5), (22, 5), (23, 5), (24, 5)]",0.00015308603178709745,0,0.00015308603178709745
143,"(24, 7)","(24, 6)",North,"[(23, 7) via West]","[(24, 7):0.00015314563643187284, (19, 6):0.00015451654326170683, (14, 11):0.00018331396859139204, (13, 16):0.00024414050858467817, (13, 2):0.00024416192900389433, (13, 12):0.00024434912484139204, (13, 14):0.00025960791390389204]","[(23, 7):0.00015326484572142363, (19, 6):0.00015451654326170683, (14, 11):0.00018331396859139204, (13, 16):0.00024414050858467817, (13, 2):0.00024416192900389433, (13, 12):0.00024434912484139204, (13, 14):0.00025960791390389204]","[(34, 16), (34, 15), (33, 16), (34, 14), (33, 14), (32, 16), (32, 14), (31, 16), (31, 14), (30, 16), (30, 14), (30, 13), (29, 16), (30, 12), (31, 12), (32, 12), (33, 12), (34, 12), (34, 11), (34, 10), (33, 10), (32, 10), (31, 10), (30, 10), (28, 16), (30, 9), (29, 10), (30, 8), (31, 8), (32, 8), (33, 8), (34, 8), (34, 7), (34, 6), (33, 6), (32, 6), (31, 6), (30, 6), (30, 5), (29, 6), (30, 4), (31, 4), (32, 4), (33, 4), (34, 4), (30, 3), (31, 3), (34, 3), (34, 2), (34, 1), (33, 1), (32, 1), (27, 16), (31, 1), (30, 1), (29, 1), (28, 1), (27, 1), (26, 16), (27, 2), (27, 3), (26, 2), (27, 4), (27, 5), (25, 16), (27, 6), (27, 7), (25, 2), (27, 8), (27, 9), (25, 15), (26, 9), (24, 16), (25, 14), (25, 9), (26, 14), (24, 2), (27, 14), (27, 13), (27, 12), (27, 11), (26, 11), (24, 9), (25, 11), (23, 16), (23, 2), (24, 11), (23, 9), (24, 12), (23, 12), (22, 16), (22, 2), (22, 9), (22, 12), (21, 16), (21, 2), (21, 9), (21, 12), (20, 16), (20, 2), (20, 9), (20, 12), (20, 10), (20, 11), (19, 16), (19, 2), (19, 12), (19, 11), (18, 16), (18, 2), (18, 12), (17, 16), (17, 2), (17, 12), (17, 13), (16, 16), (16, 2), (16, 12), (17, 14), (16, 14), (15, 16), (15, 2), (15, 12), (15, 14), (15, 3), (14, 16), (14, 2), (15, 4), (14, 12), (16, 4), (14, 14), (17, 4), (18, 4), (19, 4), (20, 4), (21, 4), (19, 5), (21, 5), (22, 5), (23, 5), (24, 5), (24, 6)]",0.00015314563643187284,0,0.00015314563643187284
144,"(23, 7)","(24, 7)",West,"[(22, 7) via West]","[(23, 7):0.00015326484572142363, (19, 6):0.00015451654326170683, (14, 11):0.00018331396859139204, (13, 16):0.00024414050858467817, (13, 2):0.00024416192900389433, (13, 12):0.00024434912484139204, (13, 14):0.00025960791390389204]","[(22, 7):0.0001535032643005252, (19, 6):0.00015451654326170683, (14, 11):0.00018331396859139204, (13, 16):0.00024414050858467817, (13, 2):0.00024416192900389433, (13, 12):0.00024434912484139204, (13, 14):0.00025960791390389204]","[(34, 16), (34, 15), (33, 16), (34, 14), (33, 14), (32, 16), (32, 14), (31, 16), (31, 14), (30, 16), (30, 14), (30, 13), (29, 16), (30, 12), (31, 12), (32, 12), (33, 12), (34, 12), (34, 11), (34, 10), (33, 10), (32, 10), (31, 10), (30, 10), (28, 16), (30, 9), (29, 10), (30, 8), (31, 8), (32, 8), (33, 8), (34, 8), (34, 7), (34, 6), (33, 6), (32, 6), (31, 6), (30, 6), (30, 5), (29, 6), (30, 4), (31, 4), (32, 4), (33, 4), (34, 4), (30, 3), (31, 3), (34, 3), (34, 2), (34, 1), (33, 1), (32, 1), (27, 16), (31, 1), (30, 1), (29, 1), (28, 1), (27, 1), (26, 16), (27, 2), (27, 3), (26, 2), (27, 4), (27, 5), (25, 16), (27, 6), (27, 7), (25, 2), (27, 8), (27, 9), (25, 15), (26, 9), (24, 16), (25, 14), (25, 9), (26, 14), (24, 2), (27, 14), (27, 13), (27, 12), (27, 11), (26, 11), (24, 9), (25, 11), (23, 16), (23, 2), (24, 11), (23, 9), (24, 12), (23, 12), (22, 16), (22, 2), (22, 9), (22, 12), (21, 16), (21, 2), (21, 9), (21, 12), (20, 16), (20, 2), (20, 9), (20, 12), (20, 10), (20, 11), (19, 16), (19, 2), (19, 12), (19, 11), (18, 16), (18, 2), (18, 12), (17, 16), (17, 2), (17, 12), (17, 13), (16, 16), (16, 2), (16, 12), (17, 14), (16, 14), (15, 16), (15, 2), (15, 12), (15, 14), (15, 3), (14, 16), (14, 2), (15, 4), (14, 12), (16, 4), (14, 14), (17, 4), (18, 4), (19, 4), (20, 4), (21, 4), (19, 5), (21, 5), (22, 5), (23, 5), (24, 5), (24, 6), (24, 7)]",0.00015326484572142363,0,0.00015326484572142363
145,"(22, 7)","(23, 7)",West,"[(21, 7) via West]","[(22, 7):0.0001535032643005252, (19, 6):0.00015451654326170683, (14, 11):0.00018331396859139204, (13, 16):0.00024414050858467817, (13, 2):0.00024416192900389433, (13, 12):0.00024434912484139204, (13, 14):0.00025960791390389204]","[(21, 7):0.0001539801014587283, (19, 6):0.00015451654326170683, (14, 11):0.00018331396859139204, (13, 16):0.00024414050858467817, (13, 2):0.00024416192900389433, (13, 12):0.00024434912484139204, (13, 14):0.00025960791390389204]","[(34, 16), (34, 15), (33, 16), (34, 14), (33, 14), (32, 16), (32, 14), (31, 16), (31, 14), (30, 16), (30, 14), (30, 13), (29, 16), (30, 12), (31, 12), (32, 12), (33, 12), (34, 12), (34, 11), (34, 10), (33, 10), (32, 10), (31, 10), (30, 10), (28, 16), (30, 9), (29, 10), (30, 8), (31, 8), (32, 8), (33, 8), (34, 8), (34, 7), (34, 6), (33, 6), (32, 6), (31, 6), (30, 6), (30, 5), (29, 6), (30, 4), (31, 4), (32, 4), (33, 4), (34, 4), (30, 3), (31, 3), (34, 3), (34, 2), (34, 1), (33, 1), (32, 1), (27, 16), (31, 1), (30, 1), (29, 1), (28, 1), (27, 1), (26, 16), (27, 2), (27, 3), (26, 2), (27, 4), (27, 5), (25, 16), (27, 6), (27, 7), (25, 2), (27, 8), (27, 9), (25, 15), (26, 9), (24, 16), (25, 14), (25, 9), (26, 14), (24, 2), (27, 14), (27, 13), (27, 12), (27, 11), (26, 11), (24, 9), (25, 11), (23, 16), (23, 2), (24, 11), (23, 9), (24, 12), (23, 12), (22, 16), (22, 2), (22, 9), (22, 12), (21, 16), (21, 2), (21, 9), (21, 12), (20, 16), (20, 2), (20, 9), (20, 12), (20, 10), (20, 11), (19, 16), (19, 2), (19, 12), (19, 11), (18, 16), (18, 2), (18, 12), (17, 16), (17, 2), (17, 12), (17, 13), (16, 16), (16, 2), (16, 12), (17, 14), (16, 14), (15, 16), (15, 2), (15, 12), (15, 14), (15, 3), (14, 16), (14, 2), (15, 4), (14, 12), (16, 4), (14, 14), (17, 4), (18, 4), (19, 4), (20, 4), (21, 4), (19, 5), (21, 5), (22, 5), (23, 5), (24, 5), (24, 6), (24, 7), (23, 7)]",0.0001535032643005252,0,0.0001535032643005252
146,"(21, 7)","(22, 7)",West,"[(20, 7) via West]","[(21, 7):0.0001539801014587283, (19, 6):0.00015451654326170683, (14, 11):0.00018331396859139204, (13, 16):0.00024414050858467817, (13, 2):0.00024416192900389433, (13, 12):0.00024434912484139204, (13, 14):0.00025960791390389204]","[(19, 6):0.00015451654326170683, (20, 7):0.00015493377577513456, (14, 11):0.00018331396859139204, (13, 16):0.00024414050858467817, (13, 2):0.00024416192900389433, (13, 12):0.00024434912484139204, (13, 14):0.00025960791390389204]","[(34, 16), (34, 15), (33, 16), (34, 14), (33, 14), (32, 16), (32, 14), (31, 16), (31, 14), (30, 16), (30, 14), (30, 13), (29, 16), (30, 12), (31, 12), (32, 12), (33, 12), (34, 12), (34, 11), (34, 10), (33, 10), (32, 10), (31, 10), (30, 10), (28, 16), (30, 9), (29, 10), (30, 8), (31, 8), (32, 8), (33, 8), (34, 8), (34, 7), (34, 6), (33, 6), (32, 6), (31, 6), (30, 6), (30, 5), (29, 6), (30, 4), (31, 4), (32, 4), (33, 4), (34, 4), (30, 3), (31, 3), (34, 3), (34, 2), (34, 1), (33, 1), (32, 1), (27, 16), (31, 1), (30, 1), (29, 1), (28, 1), (27, 1), (26, 16), (27, 2), (27, 3), (26, 2), (27, 4), (27, 5), (25, 16), (27, 6), (27, 7), (25, 2), (27, 8), (27, 9), (25, 15), (26, 9), (24, 16), (25, 14), (25, 9), (26, 14), (24, 2), (27, 14), (27, 13), (27, 12), (27, 11), (26, 11), (24, 9), (25, 11), (23, 16), (23, 2), (24, 11), (23, 9), (24, 12), (23, 12), (22, 16), (22, 2), (22, 9), (22, 12), (21, 16), (21, 2), (21, 9), (21, 12), (20, 16), (20, 2), (20, 9), (20, 12), (20, 10), (20, 11), (19, 16), (19, 2), (19, 12), (19, 11), (18, 16), (18, 2), (18, 12), (17, 16), (17, 2), (17, 12), (17, 13), (16, 16), (16, 2), (16, 12), (17, 14), (16, 14), (15, 16), (15, 2), (15, 12), (15, 14), (15, 3), (14, 16), (14, 2), (15, 4), (14, 12), (16, 4), (14, 14), (17, 4), (18, 4), (19, 4), (20, 4), (21, 4), (19, 5), (21, 5), (22, 5), (23, 5), (24, 5), (24, 6), (24, 7), (23, 7), (22, 7)]",0.0001539801014587283,0,0.0001539801014587283
147,"(19, 6)","(19, 5)",North,"[(19, 7) via North, (18, 6) via West]","[(19, 6):0.00015451654326170683, (20, 7):0.00015493377577513456, (14, 11):0.00018331396859139204, (13, 16):0.00024414050858467817, (13, 2):0.00024416192900389433, (13, 12):0.00024434912484139204, (13, 14):0.00025960791390389204]","[(20, 7):0.00015493377577513456, (19, 7):0.00015642389189451933, (18, 6):0.00015833124052733183, (14, 11):0.00018331396859139204, (13, 16):0.00024414050858467817, (13, 2):0.00024416192900389433, (13, 12):0.00024434912484139204, (13, 14):0.00025960791390389204]","[(34, 16), (34, 15), (33, 16), (34, 14), (33, 14), (32, 16), (32, 14), (31, 16), (31, 14), (30, 16), (30, 14), (30, 13), (29, 16), (30, 12), (31, 12), (32, 12), (33, 12), (34, 12), (34, 11), (34, 10), (33, 10), (32, 10), (31, 10), (30, 10), (28, 16), (30, 9), (29, 10), (30, 8), (31, 8), (32, 8), (33, 8), (34, 8), (34, 7), (34, 6), (33, 6), (32, 6), (31, 6), (30, 6), (30, 5), (29, 6), (30, 4), (31, 4), (32, 4), (33, 4), (34, 4), (30, 3), (31, 3), (34, 3), (34, 2), (34, 1), (33, 1), (32, 1), (27, 16), (31, 1), (30, 1), (29, 1), (28, 1), (27, 1), (26, 16), (27, 2), (27, 3), (26, 2), (27, 4), (27, 5), (25, 16), (27, 6), (27, 7), (25, 2), (27, 8), (27, 9), (25, 15), (26, 9), (24, 16), (25, 14), (25, 9), (26, 14), (24, 2), (27, 14), (27, 13), (27, 12), (27, 11), (26, 11), (24, 9), (25, 11), (23, 16), (23, 2), (24, 11), (23, 9), (24, 12), (23, 12), (22, 16), (22, 2), (22, 9), (22, 12), (21, 16), (21, 2), (21, 9), (21, 12), (20, 16), (20, 2), (20, 9), (20, 12), (20, 10), (20, 11), (19, 16), (19, 2), (19, 12), (19, 11), (18, 16), (18, 2), (18, 12), (17, 16), (17, 2), (17, 12), (17, 13), (16, 16), (16, 2), (16, 12), (17, 14), (16, 14), (15, 16), (15, 2), (15, 12), (15, 14), (15, 3), (14, 16), (14, 2), (15, 4), (14, 12), (16, 4), (14, 14), (17, 4), (18, 4), (19, 4), (20, 4), (21, 4), (19, 5), (21, 5), (22, 5), (23, 5), (24, 5), (24, 6), (24, 7), (23, 7), (22, 7), (21, 7)]",0.00015451654326170683,0,0.00015451654326170683
148,"(20, 7)","(21, 7)",West,[],"[(20, 7):0.00015493377577513456, (19, 7):0.00015642389189451933, (18, 6):0.00015833124052733183, (14, 11):0.00018331396859139204, (13, 16):0.00024414050858467817, (13, 2):0.00024416192900389433, (13, 12):0.00024434912484139204, (13, 14):0.00025960791390389204]","[(19, 7):0.00015642389189451933, (18, 6):0.00015833124052733183, (14, 11):0.00018331396859139204, (13, 16):0.00024414050858467817, (13, 2):0.00024416192900389433, (13, 12):0.00024434912484139204, (13, 14):0.00025960791390389204]","[(34, 16), (34, 15), (33, 16), (34, 14), (33, 14), (32, 16), (32, 14), (31, 16), (31, 14), (30, 16), (30, 14), (30, 13), (29, 16), (30, 12), (31, 12), (32, 12), (33, 12), (34, 12), (34, 11), (34, 10), (33, 10), (32, 10), (31, 10), (30, 10), (28, 16), (30, 9), (29, 10), (30, 8), (31, 8), (32, 8), (33, 8), (34, 8), (34, 7), (34, 6), (33, 6), (32, 6), (31, 6), (30, 6), (30, 5), (29, 6), (30, 4), (31, 4), (32, 4), (33, 4), (34, 4), (30, 3), (31, 3), (34, 3), (34, 2), (34, 1), (33, 1), (32, 1), (27, 16), (31, 1), (30, 1), (29, 1), (28, 1), (27, 1), (26, 16), (27, 2), (27, 3), (26, 2), (27, 4), (27, 5), (25, 16), (27, 6), (27, 7), (25, 2), (27, 8), (27, 9), (25, 15), (26, 9), (24, 16), (25, 14), (25, 9), (26, 14), (24, 2), (27, 14), (27, 13), (27, 12), (27, 11), (26, 11), (24, 9), (25, 11), (23, 16), (23, 2), (24, 11), (23, 9), (24, 12), (23, 12), (22, 16), (22, 2), (22, 9), (22, 12), (21, 16), (21, 2), (21, 9), (21, 12), (20, 16), (20, 2), (20, 9), (20, 12), (20, 10), (20, 11), (19, 16), (19, 2), (19, 12), (19, 11), (18, 16), (18, 2), (18, 12), (17, 16), (17, 2), (17, 12), (17, 13), (16, 16), (16, 2), (16, 12), (17, 14), (16, 14), (15, 16), (15, 2), (15, 12), (15, 14), (15, 3), (14, 16), (14, 2), (15, 4), (14, 12), (16, 4), (14, 14), (17, 4), (18, 4), (19, 4), (20, 4), (21, 4), (19, 5), (21, 5), (22, 5), (23, 5), (24, 5), (24, 6), (24, 7), (23, 7), (22, 7), (21, 7), (19, 6)]",0.00015493377577513456,0,0.00015493377577513456
149,"(19, 7)","(19, 6)",North,[],"[(19, 7):0.00015642389189451933, (18, 6):0.00015833124052733183, (14, 11):0.00018331396859139204, (13, 16):0.00024414050858467817, (13, 2):0.00024416192900389433, (13, 12):0.00024434912484139204, (13, 14):0.00025960791390389204]","[(18, 6):0.00015833124052733183, (14, 11):0.00018331396859139204, (13, 16):0.00024414050858467817, (13, 2):0.00024416192900389433, (13, 12):0.00024434912484139204, (13, 14):0.00025960791390389204]","[(34, 16), (34, 15), (33, 16), (34, 14), (33, 14), (32, 16), (32, 14), (31, 16), (31, 14), (30, 16), (30, 14), (30, 13), (29, 16), (30, 12), (31, 12), (32, 12), (33, 12), (34, 12), (34, 11), (34, 10), (33, 10), (32, 10), (31, 10), (30, 10), (28, 16), (30, 9), (29, 10), (30, 8), (31, 8), (32, 8), (33, 8), (34, 8), (34, 7), (34, 6), (33, 6), (32, 6), (31, 6), (30, 6), (30, 5), (29, 6), (30, 4), (31, 4), (32, 4), (33, 4), (34, 4), (30, 3), (31, 3), (34, 3), (34, 2), (34, 1), (33, 1), (32, 1), (27, 16), (31, 1), (30, 1), (29, 1), (28, 1), (27, 1), (26, 16), (27, 2), (27, 3), (26, 2), (27, 4), (27, 5), (25, 16), (27, 6), (27, 7), (25, 2), (27, 8), (27, 9), (25, 15), (26, 9), (24, 16), (25, 14), (25, 9), (26, 14), (24, 2), (27, 14), (27, 13), (27, 12), (27, 11), (26, 11), (24, 9), (25, 11), (23, 16), (23, 2), (24, 11), (23, 9), (24, 12), (23, 12), (22, 16), (22, 2), (22, 9), (22, 12), (21, 16), (21, 2), (21, 9), (21, 12), (20, 16), (20, 2), (20, 9), (20, 12), (20, 10), (20, 11), (19, 16), (19, 2), (19, 12), (19, 11), (18, 16), (18, 2), (18, 12), (17, 16), (17, 2), (17, 12), (17, 13), (16, 16), (16, 2), (16, 12), (17, 14), (16, 14), (15, 16), (15, 2), (15, 12), (15, 14), (15, 3), (14, 16), (14, 2), (15, 4), (14, 12), (16, 4), (14, 14), (17, 4), (18, 4), (19, 4), (20, 4), (21, 4), (19, 5), (21, 5), (22, 5), (23, 5), (24, 5), (24, 6), (24, 7), (23, 7), (22, 7), (21, 7), (19, 6), (20, 7)]",0.00015642389189451933,0,0.00015642389189451933
150,"(18, 6)","(19, 6)",West,"[(17, 6) via West]","[(18, 6):0.00015833124052733183, (14, 11):0.00018331396859139204, (13, 16):0.00024414050858467817, (13, 2):0.00024416192900389433, (13, 12):0.00024434912484139204, (13, 14):0.00025960791390389204]","[(17, 6):0.00016596063505858183, (14, 11):0.00018331396859139204, (13, 16):0.00024414050858467817, (13, 2):0.00024416192900389433, (13, 12):0.00024434912484139204, (13, 14):0.00025960791390389204]","[(34, 16), (34, 15), (33, 16), (34, 14), (33, 14), (32, 16), (32, 14), (31, 16), (31, 14), (30, 16), (30, 14), (30, 13), (29, 16), (30, 12), (31, 12), (32, 12), (33, 12), (34, 12), (34, 11), (34, 10), (33, 10), (32, 10), (31, 10), (30, 10), (28, 16), (30, 9), (29, 10), (30, 8), (31, 8), (32, 8), (33, 8), (34, 8), (34, 7), (34, 6), (33, 6), (32, 6), (31, 6), (30, 6), (30, 5), (29, 6), (30, 4), (31, 4), (32, 4), (33, 4), (34, 4), (30, 3), (31, 3), (34, 3), (34, 2), (34, 1), (33, 1), (32, 1), (27, 16), (31, 1), (30, 1), (29, 1), (28, 1), (27, 1), (26, 16), (27, 2), (27, 3), (26, 2), (27, 4), (27, 5), (25, 16), (27, 6), (27, 7), (25, 2), (27, 8), (27, 9), (25, 15), (26, 9), (24, 16), (25, 14), (25, 9), (26, 14), (24, 2), (27, 14), (27, 13), (27, 12), (27, 11), (26, 11), (24, 9), (25, 11), (23, 16), (23, 2), (24, 11), (23, 9), (24, 12), (23, 12), (22, 16), (22, 2), (22, 9), (22, 12), (21, 16), (21, 2), (21, 9), (21, 12), (20, 16), (20, 2), (20, 9), (20, 12), (20, 10), (20, 11), (19, 16), (19, 2), (19, 12), (19, 11), (18, 16), (18, 2), (18, 12), (17, 16), (17, 2), (17, 12), (17, 13), (16, 16), (16, 2), (16, 12), (17, 14), (16, 14), (15, 16), (15, 2), (15, 12), (15, 14), (15, 3), (14, 16), (14, 2), (15, 4), (14, 12), (16, 4), (14, 14), (17, 4), (18, 4), (19, 4), (20, 4), (21, 4), (19, 5), (21, 5), (22, 5), (23, 5), (24, 5), (24, 6), (24, 7), (23, 7), (22, 7), (21, 7), (19, 6), (20, 7), (19, 7)]",0.00015833124052733183,0,0.00015833124052733183
151,"(17, 6)","(18, 6)",West,"[(16, 6) via West]","[(17, 6):0.00016596063505858183, (14, 11):0.00018331396859139204, (13, 16):0.00024414050858467817, (13, 2):0.00024416192900389433, (13, 12):0.00024434912484139204, (13, 14):0.00025960791390389204]","[(16, 6):0.00018121942412108183, (14, 11):0.00018331396859139204, (13, 16):0.00024414050858467817, (13, 2):0.00024416192900389433, (13, 12):0.00024434912484139204, (13, 14):0.00025960791390389204]","[(34, 16), (34, 15), (33, 16), (34, 14), (33, 14), (32, 16), (32, 14), (31, 16), (31, 14), (30, 16), (30, 14), (30, 13), (29, 16), (30, 12), (31, 12), (32, 12), (33, 12), (34, 12), (34, 11), (34, 10), (33, 10), (32, 10), (31, 10), (30, 10), (28, 16), (30, 9), (29, 10), (30, 8), (31, 8), (32, 8), (33, 8), (34, 8), (34, 7), (34, 6), (33, 6), (32, 6), (31, 6), (30, 6), (30, 5), (29, 6), (30, 4), (31, 4), (32, 4), (33, 4), (34, 4), (30, 3), (31, 3), (34, 3), (34, 2), (34, 1), (33, 1), (32, 1), (27, 16), (31, 1), (30, 1), (29, 1), (28, 1), (27, 1), (26, 16), (27, 2), (27, 3), (26, 2), (27, 4), (27, 5), (25, 16), (27, 6), (27, 7), (25, 2), (27, 8), (27, 9), (25, 15), (26, 9), (24, 16), (25, 14), (25, 9), (26, 14), (24, 2), (27, 14), (27, 13), (27, 12), (27, 11), (26, 11), (24, 9), (25, 11), (23, 16), (23, 2), (24, 11), (23, 9), (24, 12), (23, 12), (22, 16), (22, 2), (22, 9), (22, 12), (21, 16), (21, 2), (21, 9), (21, 12), (20, 16), (20, 2), (20, 9), (20, 12), (20, 10), (20, 11), (19, 16), (19, 2), (19, 12), (19, 11), (18, 16), (18, 2), (18, 12), (17, 16), (17, 2), (17, 12), (17, 13), (16, 16), (16, 2), (16, 12), (17, 14), (16, 14), (15, 16), (15, 2), (15, 12), (15, 14), (15, 3), (14, 16), (14, 2), (15, 4), (14, 12), (16, 4), (14, 14), (17, 4), (18, 4), (19, 4), (20, 4), (21, 4), (19, 5), (21, 5), (22, 5), (23, 5), (24, 5), (24, 6), (24, 7), (23, 7), (22, 7), (21, 7), (19, 6), (20, 7), (19, 7), (18, 6)]",0.00016596063505858183,0,0.00016596063505858183
152,"(16, 6)","(17, 6)",West,"[(15, 6) via West]","[(16, 6):0.00018121942412108183, (14, 11):0.00018331396859139204, (13, 16):0.00024414050858467817, (13, 2):0.00024416192900389433, (13, 12):0.00024434912484139204, (13, 14):0.00025960791390389204]","[(14, 11):0.00018331396859139204, (15, 6):0.00021173700224608183, (13, 16):0.00024414050858467817, (13, 2):0.00024416192900389433, (13, 12):0.00024434912484139204, (13, 14):0.00025960791390389204]","[(34, 16), (34, 15), (33, 16), (34, 14), (33, 14), (32, 16), (32, 14), (31, 16), (31, 14), (30, 16), (30, 14), (30, 13), (29, 16), (30, 12), (31, 12), (32, 12), (33, 12), (34, 12), (34, 11), (34, 10), (33, 10), (32, 10), (31, 10), (30, 10), (28, 16), (30, 9), (29, 10), (30, 8), (31, 8), (32, 8), (33, 8), (34, 8), (34, 7), (34, 6), (33, 6), (32, 6), (31, 6), (30, 6), (30, 5), (29, 6), (30, 4), (31, 4), (32, 4), (33, 4), (34, 4), (30, 3), (31, 3), (34, 3), (34, 2), (34, 1), (33, 1), (32, 1), (27, 16), (31, 1), (30, 1), (29, 1), (28, 1), (27, 1), (26, 16), (27, 2), (27, 3), (26, 2), (27, 4), (27, 5), (25, 16), (27, 6), (27, 7), (25, 2), (27, 8), (27, 9), (25, 15), (26, 9), (24, 16), (25, 14), (25, 9), (26, 14), (24, 2), (27, 14), (27, 13), (27, 12), (27, 11), (26, 11), (24, 9), (25, 11), (23, 16), (23, 2), (24, 11), (23, 9), (24, 12), (23, 12), (22, 16), (22, 2), (22, 9), (22, 12), (21, 16), (21, 2), (21, 9), (21, 12), (20, 16), (20, 2), (20, 9), (20, 12), (20, 10), (20, 11), (19, 16), (19, 2), (19, 12), (19, 11), (18, 16), (18, 2), (18, 12), (17, 16), (17, 2), (17, 12), (17, 13), (16, 16), (16, 2), (16, 12), (17, 14), (16, 14), (15, 16), (15, 2), (15, 12), (15, 14), (15, 3), (14, 16), (14, 2), (15, 4), (14, 12), (16, 4), (14, 14), (17, 4), (18, 4), (19, 4), (20, 4), (21, 4), (19, 5), (21, 5), (22, 5), (23, 5), (24, 5), (24, 6), (24, 7), (23, 7), (22, 7), (21, 7), (19, 6), (20, 7), (19, 7), (18, 6), (17, 6)]",0.00018121942412108183,0,0.00018121942412108183
153,"(14, 11)","(14, 12)",South,"[(14, 10) via South]","[(14, 11):0.00018331396859139204, (15, 6):0.00021173700224608183, (13, 16):0.00024414050858467817, (13, 2):0.00024416192900389433, (13, 12):0.00024434912484139204, (13, 14):0.00025960791390389204]","[(15, 6):0.00021173700224608183, (13, 16):0.00024414050858467817, (13, 2):0.00024416192900389433, (13, 12):0.00024434912484139204, (14, 10):0.00024434912484139204, (13, 14):0.00025960791390389204]","[(34, 16), (34, 15), (33, 16), (34, 14), (33, 14), (32, 16), (32, 14), (31, 16), (31, 14), (30, 16), (30, 14), (30, 13), (29, 16), (30, 12), (31, 12), (32, 12), (33, 12), (34, 12), (34, 11), (34, 10), (33, 10), (32, 10), (31, 10), (30, 10), (28, 16), (30, 9), (29, 10), (30, 8), (31, 8), (32, 8), (33, 8), (34, 8), (34, 7), (34, 6), (33, 6), (32, 6), (31, 6), (30, 6), (30, 5), (29, 6), (30, 4), (31, 4), (32, 4), (33, 4), (34, 4), (30, 3), (31, 3), (34, 3), (34, 2), (34, 1), (33, 1), (32, 1), (27, 16), (31, 1), (30, 1), (29, 1), (28, 1), (27, 1), (26, 16), (27, 2), (27, 3), (26, 2), (27, 4), (27, 5), (25, 16), (27, 6), (27, 7), (25, 2), (27, 8), (27, 9), (25, 15), (26, 9), (24, 16), (25, 14), (25, 9), (26, 14), (24, 2), (27, 14), (27, 13), (27, 12), (27, 11), (26, 11), (24, 9), (25, 11), (23, 16), (23, 2), (24, 11), (23, 9), (24, 12), (23, 12), (22, 16), (22, 2), (22, 9), (22, 12), (21, 16), (21, 2), (21, 9), (21, 12), (20, 16), (20, 2), (20, 9), (20, 12), (20, 10), (20, 11), (19, 16), (19, 2), (19, 12), (19, 11), (18, 16), (18, 2), (18, 12), (17, 16), (17, 2), (17, 12), (17, 13), (16, 16), (16, 2), (16, 12), (17, 14), (16, 14), (15, 16), (15, 2), (15, 12), (15, 14), (15, 3), (14, 16), (14, 2), (15, 4), (14, 12), (16, 4), (14, 14), (17, 4), (18, 4), (19, 4), (20, 4), (21, 4), (19, 5), (21, 5), (22, 5), (23, 5), (24, 5), (24, 6), (24, 7), (23, 7), (22, 7), (21, 7), (19, 6), (20, 7), (19, 7), (18, 6), (17, 6), (16, 6)]",0.00018331396859139204,0,0.00018331396859139204
154,"(15, 6)","(16, 6)",West,"[(14, 6) via West]","[(15, 6):0.00021173700224608183, (13, 16):0.00024414050858467817, (13, 2):0.00024416192900389433, (13, 12):0.00024434912484139204, (14, 10):0.00024434912484139204, (13, 14):0.00025960791390389204]","[(13, 16):0.00024414050858467817, (13, 2):0.00024416192900389433, (13, 12):0.00024434912484139204, (14, 10):0.00024434912484139204, (13, 14):0.00025960791390389204, (14, 6):0.00027277215849608183]","[(34, 16), (34, 15), (33, 16), (34, 14), (33, 14), (32, 16), (32, 14), (31, 16), (31, 14), (30, 16), (30, 14), (30, 13), (29, 16), (30, 12), (31, 12), (32, 12), (33, 12), (34, 12), (34, 11), (34, 10), (33, 10), (32, 10), (31, 10), (30, 10), (28, 16), (30, 9), (29, 10), (30, 8), (31, 8), (32, 8), (33, 8), (34, 8), (34, 7), (34, 6), (33, 6), (32, 6), (31, 6), (30, 6), (30, 5), (29, 6), (30, 4), (31, 4), (32, 4), (33, 4), (34, 4), (30, 3), (31, 3), (34, 3), (34, 2), (34, 1), (33, 1), (32, 1), (27, 16), (31, 1), (30, 1), (29, 1), (28, 1), (27, 1), (26, 16), (27, 2), (27, 3), (26, 2), (27, 4), (27, 5), (25, 16), (27, 6), (27, 7), (25, 2), (27, 8), (27, 9), (25, 15), (26, 9), (24, 16), (25, 14), (25, 9), (26, 14), (24, 2), (27, 14), (27, 13), (27, 12), (27, 11), (26, 11), (24, 9), (25, 11), (23, 16), (23, 2), (24, 11), (23, 9), (24, 12), (23, 12), (22, 16), (22, 2), (22, 9), (22, 12), (21, 16), (21, 2), (21, 9), (21, 12), (20, 16), (20, 2), (20, 9), (20, 12), (20, 10), (20, 11), (19, 16), (19, 2), (19, 12), (19, 11), (18, 16), (18, 2), (18, 12), (17, 16), (17, 2), (17, 12), (17, 13), (16, 16), (16, 2), (16, 12), (17, 14), (16, 14), (15, 16), (15, 2), (15, 12), (15, 14), (15, 3), (14, 16), (14, 2), (15, 4), (14, 12), (16, 4), (14, 14), (17, 4), (18, 4), (19, 4), (20, 4), (21, 4), (19, 5), (21, 5), (22, 5), (23, 5), (24, 5), (24, 6), (24, 7), (23, 7), (22, 7), (21, 7), (19, 6), (20, 7), (19, 7), (18, 6), (17, 6), (16, 6), (14, 11)]",0.00021173700224608183,0,0.00021173700224608183
155,"(13, 16)","(14, 16)",West,"[(12, 16) via West]","[(13, 16):0.00024414050858467817, (13, 2):0.00024416192900389433, (13, 12):0.00024434912484139204, (14, 10):0.00024434912484139204, (13, 14):0.00025960791390389204, (14, 6):0.00027277215849608183]","[(13, 2):0.00024416192900389433, (13, 12):0.00024434912484139204, (14, 10):0.00024434912484139204, (13, 14):0.00025960791390389204, (14, 6):0.00027277215849608183, (12, 16):0.0004882811335846782]","[(34, 16), (34, 15), (33, 16), (34, 14), (33, 14), (32, 16), (32, 14), (31, 16), (31, 14), (30, 16), (30, 14), (30, 13), (29, 16), (30, 12), (31, 12), (32, 12), (33, 12), (34, 12), (34, 11), (34, 10), (33, 10), (32, 10), (31, 10), (30, 10), (28, 16), (30, 9), (29, 10), (30, 8), (31, 8), (32, 8), (33, 8), (34, 8), (34, 7), (34, 6), (33, 6), (32, 6), (31, 6), (30, 6), (30, 5), (29, 6), (30, 4), (31, 4), (32, 4), (33, 4), (34, 4), (30, 3), (31, 3), (34, 3), (34, 2), (34, 1), (33, 1), (32, 1), (27, 16), (31, 1), (30, 1), (29, 1), (28, 1), (27, 1), (26, 16), (27, 2), (27, 3), (26, 2), (27, 4), (27, 5), (25, 16), (27, 6), (27, 7), (25, 2), (27, 8), (27, 9), (25, 15), (26, 9), (24, 16), (25, 14), (25, 9), (26, 14), (24, 2), (27, 14), (27, 13), (27, 12), (27, 11), (26, 11), (24, 9), (25, 11), (23, 16), (23, 2), (24, 11), (23, 9), (24, 12), (23, 12), (22, 16), (22, 2), (22, 9), (22, 12), (21, 16), (21, 2), (21, 9), (21, 12), (20, 16), (20, 2), (20, 9), (20, 12), (20, 10), (20, 11), (19, 16), (19, 2), (19, 12), (19, 11), (18, 16), (18, 2), (18, 12), (17, 16), (17, 2), (17, 12), (17, 13), (16, 16), (16, 2), (16, 12), (17, 14), (16, 14), (15, 16), (15, 2), (15, 12), (15, 14), (15, 3), (14, 16), (14, 2), (15, 4), (14, 12), (16, 4), (14, 14), (17, 4), (18, 4), (19, 4), (20, 4), (21, 4), (19, 5), (21, 5), (22, 5), (23, 5), (24, 5), (24, 6), (24, 7), (23, 7), (22, 7), (21, 7), (19, 6), (20, 7), (19, 7), (18, 6), (17, 6), (16, 6), (14, 11), (15, 6)]",0.00024414050858467817,0,0.00024414050858467817
156,"(13, 2)","(14, 2)",West,"[(12, 2) via West]","[(13, 2):0.00024416192900389433, (13, 12):0.00024434912484139204, (14, 10):0.00024434912484139204, (13, 14):0.00025960791390389204, (14, 6):0.00027277215849608183, (12, 16):0.0004882811335846782]","[(13, 12):0.00024434912484139204, (14, 10):0.00024434912484139204, (13, 14):0.00025960791390389204, (14, 6):0.00027277215849608183, (12, 16):0.0004882811335846782, (12, 2):0.0004883025540038943]","[(34, 16), (34, 15), (33, 16), (34, 14), (33, 14), (32, 16), (32, 14), (31, 16), (31, 14), (30, 16), (30, 14), (30, 13), (29, 16), (30, 12), (31, 12), (32, 12), (33, 12), (34, 12), (34, 11), (34, 10), (33, 10), (32, 10), (31, 10), (30, 10), (28, 16), (30, 9), (29, 10), (30, 8), (31, 8), (32, 8), (33, 8), (34, 8), (34, 7), (34, 6), (33, 6), (32, 6), (31, 6), (30, 6), (30, 5), (29, 6), (30, 4), (31, 4), (32, 4), (33, 4), (34, 4), (30, 3), (31, 3), (34, 3), (34, 2), (34, 1), (33, 1), (32, 1), (27, 16), (31, 1), (30, 1), (29, 1), (28, 1), (27, 1), (26, 16), (27, 2), (27, 3), (26, 2), (27, 4), (27, 5), (25, 16), (27, 6), (27, 7), (25, 2), (27, 8), (27, 9), (25, 15), (26, 9), (24, 16), (25, 14), (25, 9), (26, 14), (24, 2), (27, 14), (27, 13), (27, 12), (27, 11), (26, 11), (24, 9), (25, 11), (23, 16), (23, 2), (24, 11), (23, 9), (24, 12), (23, 12), (22, 16), (22, 2), (22, 9), (22, 12), (21, 16), (21, 2), (21, 9), (21, 12), (20, 16), (20, 2), (20, 9), (20, 12), (20, 10), (20, 11), (19, 16), (19, 2), (19, 12), (19, 11), (18, 16), (18, 2), (18, 12), (17, 16), (17, 2), (17, 12), (17, 13), (16, 16), (16, 2), (16, 12), (17, 14), (16, 14), (15, 16), (15, 2), (15, 12), (15, 14), (15, 3), (14, 16), (14, 2), (15, 4), (14, 12), (16, 4), (14, 14), (17, 4), (18, 4), (19, 4), (20, 4), (21, 4), (19, 5), (21, 5), (22, 5), (23, 5), (24, 5), (24, 6), (24, 7), (23, 7), (22, 7), (21, 7), (19, 6), (20, 7), (19, 7), (18, 6), (17, 6), (16, 6), (14, 11), (15, 6), (13, 16)]",0.00024416192900389433,0,0.00024416192900389433
157,"(13, 12)","(14, 12)",West,"[(12, 12) via West]","[(13, 12):0.00024434912484139204, (14, 10):0.00024434912484139204, (13, 14):0.00025960791390389204, (14, 6):0.00027277215849608183, (12, 16):0.0004882811335846782, (12, 2):0.0004883025540038943]","[(14, 10):0.00024434912484139204, (13, 14):0.00025960791390389204, (14, 6):0.00027277215849608183, (12, 16):0.0004882811335846782, (12, 2):0.0004883025540038943, (12, 12):0.000488489749841392]","[(34, 16), (34, 15), (33, 16), (34, 14), (33, 14), (32, 16), (32, 14), (31, 16), (31, 14), (30, 16), (30, 14), (30, 13), (29, 16), (30, 12), (31, 12), (32, 12), (33, 12), (34, 12), (34, 11), (34, 10), (33, 10), (32, 10), (31, 10), (30, 10), (28, 16), (30, 9), (29, 10), (30, 8), (31, 8), (32, 8), (33, 8), (34, 8), (34, 7), (34, 6), (33, 6), (32, 6), (31, 6), (30, 6), (30, 5), (29, 6), (30, 4), (31, 4), (32, 4), (33, 4), (34, 4), (30, 3), (31, 3), (34, 3), (34, 2), (34, 1), (33, 1), (32, 1), (27, 16), (31, 1), (30, 1), (29, 1), (28, 1), (27, 1), (26, 16), (27, 2), (27, 3), (26, 2), (27, 4), (27, 5), (25, 16), (27, 6), (27, 7), (25, 2), (27, 8), (27, 9), (25, 15), (26, 9), (24, 16), (25, 14), (25, 9), (26, 14), (24, 2), (27, 14), (27, 13), (27, 12), (27, 11), (26, 11), (24, 9), (25, 11), (23, 16), (23, 2), (24, 11), (23, 9), (24, 12), (23, 12), (22, 16), (22, 2), (22, 9), (22, 12), (21, 16), (21, 2), (21, 9), (21, 12), (20, 16), (20, 2), (20, 9), (20, 12), (20, 10), (20, 11), (19, 16), (19, 2), (19, 12), (19, 11), (18, 16), (18, 2), (18, 12), (17, 16), (17, 2), (17, 12), (17, 13), (16, 16), (16, 2), (16, 12), (17, 14), (16, 14), (15, 16), (15, 2), (15, 12), (15, 14), (15, 3), (14, 16), (14, 2), (15, 4), (14, 12), (16, 4), (14, 14), (17, 4), (18, 4), (19, 4), (20, 4), (21, 4), (19, 5), (21, 5), (22, 5), (23, 5), (24, 5), (24, 6), (24, 7), (23, 7), (22, 7), (21, 7), (19, 6), (20, 7), (19, 7), (18, 6), (17, 6), (16, 6), (14, 11), (15, 6), (13, 16), (13, 2)]",0.00024434912484139204,0,0.00024434912484139204
158,"(14, 10)","(14, 11)",South,"[(15, 10) via East]","[(14, 10):0.00024434912484139204, (13, 14):0.00025960791390389204, (14, 6):0.00027277215849608183, (12, 16):0.0004882811335846782, (12, 2):0.0004883025540038943, (12, 12):0.000488489749841392]","[(13, 14):0.00025960791390389204, (14, 6):0.00027277215849608183, (15, 10):0.00027486670296639204, (12, 16):0.0004882811335846782, (12, 2):0.0004883025540038943, (12, 12):0.000488489749841392]","[(34, 16), (34, 15), (33, 16), (34, 14), (33, 14), (32, 16), (32, 14), (31, 16), (31, 14), (30, 16), (30, 14), (30, 13), (29, 16), (30, 12), (31, 12), (32, 12), (33, 12), (34, 12), (34, 11), (34, 10), (33, 10), (32, 10), (31, 10), (30, 10), (28, 16), (30, 9), (29, 10), (30, 8), (31, 8), (32, 8), (33, 8), (34, 8), (34, 7), (34, 6), (33, 6), (32, 6), (31, 6), (30, 6), (30, 5), (29, 6), (30, 4), (31, 4), (32, 4), (33, 4), (34, 4), (30, 3), (31, 3), (34, 3), (34, 2), (34, 1), (33, 1), (32, 1), (27, 16), (31, 1), (30, 1), (29, 1), (28, 1), (27, 1), (26, 16), (27, 2), (27, 3), (26, 2), (27, 4), (27, 5), (25, 16), (27, 6), (27, 7), (25, 2), (27, 8), (27, 9), (25, 15), (26, 9), (24, 16), (25, 14), (25, 9), (26, 14), (24, 2), (27, 14), (27, 13), (27, 12), (27, 11), (26, 11), (24, 9), (25, 11), (23, 16), (23, 2), (24, 11), (23, 9), (24, 12), (23, 12), (22, 16), (22, 2), (22, 9), (22, 12), (21, 16), (21, 2), (21, 9), (21, 12), (20, 16), (20, 2), (20, 9), (20, 12), (20, 10), (20, 11), (19, 16), (19, 2), (19, 12), (19, 11), (18, 16), (18, 2), (18, 12), (17, 16), (17, 2), (17, 12), (17, 13), (16, 16), (16, 2), (16, 12), (17, 14), (16, 14), (15, 16), (15, 2), (15, 12), (15, 14), (15, 3), (14, 16), (14, 2), (15, 4), (14, 12), (16, 4), (14, 14), (17, 4), (18, 4), (19, 4), (20, 4), (21, 4), (19, 5), (21, 5), (22, 5), (23, 5), (24, 5), (24, 6), (24, 7), (23, 7), (22, 7), (21, 7), (19, 6), (20, 7), (19, 7), (18, 6), (17, 6), (16, 6), (14, 11), (15, 6), (13, 16), (13, 2), (13, 12)]",0.00024434912484139204,0,0.00024434912484139204
159,"(13, 14)","(14, 14)",West,"[(12, 14) via West]","[(13, 14):0.00025960791390389204, (14, 6):0.00027277215849608183, (15, 10):0.00027486670296639204, (12, 16):0.0004882811335846782, (12, 2):0.0004883025540038943, (12, 12):0.000488489749841392]","[(14, 6):0.00027277215849608183, (15, 10):0.00027486670296639204, (12, 16):0.0004882811335846782, (12, 2):0.0004883025540038943, (12, 12):0.000488489749841392, (12, 14):0.000503748538903892]","[(34, 16), (34, 15), (33, 16), (34, 14), (33, 14), (32, 16), (32, 14), (31, 16), (31, 14), (30, 16), (30, 14), (30, 13), (29, 16), (30, 12), (31, 12), (32, 12), (33, 12), (34, 12), (34, 11), (34, 10), (33, 10), (32, 10), (31, 10), (30, 10), (28, 16), (30, 9), (29, 10), (30, 8), (31, 8), (32, 8), (33, 8), (34, 8), (34, 7), (34, 6), (33, 6), (32, 6), (31, 6), (30, 6), (30, 5), (29, 6), (30, 4), (31, 4), (32, 4), (33, 4), (34, 4), (30, 3), (31, 3), (34, 3), (34, 2), (34, 1), (33, 1), (32, 1), (27, 16), (31, 1), (30, 1), (29, 1), (28, 1), (27, 1), (26, 16), (27, 2), (27, 3), (26, 2), (27, 4), (27, 5), (25, 16), (27, 6), (27, 7), (25, 2), (27, 8), (27, 9), (25, 15), (26, 9), (24, 16), (25, 14), (25, 9), (26, 14), (24, 2), (27, 14), (27, 13), (27, 12), (27, 11), (26, 11), (24, 9), (25, 11), (23, 16), (23, 2), (24, 11), (23, 9), (24, 12), (23, 12), (22, 16), (22, 2), (22, 9), (22, 12), (21, 16), (21, 2), (21, 9), (21, 12), (20, 16), (20, 2), (20, 9), (20, 12), (20, 10), (20, 11), (19, 16), (19, 2), (19, 12), (19, 11), (18, 16), (18, 2), (18, 12), (17, 16), (17, 2), (17, 12), (17, 13), (16, 16), (16, 2), (16, 12), (17, 14), (16, 14), (15, 16), (15, 2), (15, 12), (15, 14), (15, 3), (14, 16), (14, 2), (15, 4), (14, 12), (16, 4), (14, 14), (17, 4), (18, 4), (19, 4), (20, 4), (21, 4), (19, 5), (21, 5), (22, 5), (23, 5), (24, 5), (24, 6), (24, 7), (23, 7), (22, 7), (21, 7), (19, 6), (20, 7), (19, 7), (18, 6), (17, 6), (16, 6), (14, 11), (15, 6), (13, 16), (13, 2), (13, 12), (14, 10)]",0.00025960791390389204,0,0.00025960791390389204
160,"(14, 6)","(15, 6)",West,"[(13, 6) via West]","[(14, 6):0.00027277215849608183, (15, 10):0.00027486670296639204, (12, 16):0.0004882811335846782, (12, 2):0.0004883025540038943, (12, 12):0.000488489749841392, (12, 14):0.000503748538903892]","[(15, 10):0.00027486670296639204, (13, 6):0.00039484247099608183, (12, 16):0.0004882811335846782, (12, 2):0.0004883025540038943, (12, 12):0.000488489749841392, (12, 14):0.000503748538903892]","[(34, 16), (34, 15), (33, 16), (34, 14), (33, 14), (32, 16), (32, 14), (31, 16), (31, 14), (30, 16), (30, 14), (30, 13), (29, 16), (30, 12), (31, 12), (32, 12), (33, 12), (34, 12), (34, 11), (34, 10), (33, 10), (32, 10), (31, 10), (30, 10), (28, 16), (30, 9), (29, 10), (30, 8), (31, 8), (32, 8), (33, 8), (34, 8), (34, 7), (34, 6), (33, 6), (32, 6), (31, 6), (30, 6), (30, 5), (29, 6), (30, 4), (31, 4), (32, 4), (33, 4), (34, 4), (30, 3), (31, 3), (34, 3), (34, 2), (34, 1), (33, 1), (32, 1), (27, 16), (31, 1), (30, 1), (29, 1), (28, 1), (27, 1), (26, 16), (27, 2), (27, 3), (26, 2), (27, 4), (27, 5), (25, 16), (27, 6), (27, 7), (25, 2), (27, 8), (27, 9), (25, 15), (26, 9), (24, 16), (25, 14), (25, 9), (26, 14), (24, 2), (27, 14), (27, 13), (27, 12), (27, 11), (26, 11), (24, 9), (25, 11), (23, 16), (23, 2), (24, 11), (23, 9), (24, 12), (23, 12), (22, 16), (22, 2), (22, 9), (22, 12), (21, 16), (21, 2), (21, 9), (21, 12), (20, 16), (20, 2), (20, 9), (20, 12), (20, 10), (20, 11), (19, 16), (19, 2), (19, 12), (19, 11), (18, 16), (18, 2), (18, 12), (17, 16), (17, 2), (17, 12), (17, 13), (16, 16), (16, 2), (16, 12), (17, 14), (16, 14), (15, 16), (15, 2), (15, 12), (15, 14), (15, 3), (14, 16), (14, 2), (15, 4), (14, 12), (16, 4), (14, 14), (17, 4), (18, 4), (19, 4), (20, 4), (21, 4), (19, 5), (21, 5), (22, 5), (23, 5), (24, 5), (24, 6), (24, 7), (23, 7), (22, 7), (21, 7), (19, 6), (20, 7), (19, 7), (18, 6), (17, 6), (16, 6), (14, 11), (15, 6), (13, 16), (13, 2), (13, 12), (14, 10), (13, 14)]",0.00027277215849608183,0,0.00027277215849608183
161,"(15, 10)","(14, 10)",East,"[(16, 10) via East]","[(15, 10):0.00027486670296639204, (13, 6):0.00039484247099608183, (12, 16):0.0004882811335846782, (12, 2):0.0004883025540038943, (12, 12):0.000488489749841392, (12, 14):0.000503748538903892]","[(16, 10):0.00029012549202889204, (13, 6):0.00039484247099608183, (12, 16):0.0004882811335846782, (12, 2):0.0004883025540038943, (12, 12):0.000488489749841392, (12, 14):0.000503748538903892]","[(34, 16), (34, 15), (33, 16), (34, 14), (33, 14), (32, 16), (32, 14), (31, 16), (31, 14), (30, 16), (30, 14), (30, 13), (29, 16), (30, 12), (31, 12), (32, 12), (33, 12), (34, 12), (34, 11), (34, 10), (33, 10), (32, 10), (31, 10), (30, 10), (28, 16), (30, 9), (29, 10), (30, 8), (31, 8), (32, 8), (33, 8), (34, 8), (34, 7), (34, 6), (33, 6), (32, 6), (31, 6), (30, 6), (30, 5), (29, 6), (30, 4), (31, 4), (32, 4), (33, 4), (34, 4), (30, 3), (31, 3), (34, 3), (34, 2), (34, 1), (33, 1), (32, 1), (27, 16), (31, 1), (30, 1), (29, 1), (28, 1), (27, 1), (26, 16), (27, 2), (27, 3), (26, 2), (27, 4), (27, 5), (25, 16), (27, 6), (27, 7), (25, 2), (27, 8), (27, 9), (25, 15), (26, 9), (24, 16), (25, 14), (25, 9), (26, 14), (24, 2), (27, 14), (27, 13), (27, 12), (27, 11), (26, 11), (24, 9), (25, 11), (23, 16), (23, 2), (24, 11), (23, 9), (24, 12), (23, 12), (22, 16), (22, 2), (22, 9), (22, 12), (21, 16), (21, 2), (21, 9), (21, 12), (20, 16), (20, 2), (20, 9), (20, 12), (20, 10), (20, 11), (19, 16), (19, 2), (19, 12), (19, 11), (18, 16), (18, 2), (18, 12), (17, 16), (17, 2), (17, 12), (17, 13), (16, 16), (16, 2), (16, 12), (17, 14), (16, 14), (15, 16), (15, 2), (15, 12), (15, 14), (15, 3), (14, 16), (14, 2), (15, 4), (14, 12), (16, 4), (14, 14), (17, 4), (18, 4), (19, 4), (20, 4), (21, 4), (19, 5), (21, 5), (22, 5), (23, 5), (24, 5), (24, 6), (24, 7), (23, 7), (22, 7), (21, 7), (19, 6), (20, 7), (19, 7), (18, 6), (17, 6), (16, 6), (14, 11), (15, 6), (13, 16), (13, 2), (13, 12), (14, 10), (13, 14), (14, 6)]",0.00027486670296639204,0,0.00027486670296639204
162,"(16, 10)","(15, 10)",East,"[(17, 10) via East]","[(16, 10):0.00029012549202889204, (13, 6):0.00039484247099608183, (12, 16):0.0004882811335846782, (12, 2):0.0004883025540038943, (12, 12):0.000488489749841392, (12, 14):0.000503748538903892]","[(17, 10):0.00029775488656014204, (13, 6):0.00039484247099608183, (12, 16):0.0004882811335846782, (12, 2):0.0004883025540038943, (12, 12):0.000488489749841392, (12, 14):0.000503748538903892]","[(34, 16), (34, 15), (33, 16), (34, 14), (33, 14), (32, 16), (32, 14), (31, 16), (31, 14), (30, 16), (30, 14), (30, 13), (29, 16), (30, 12), (31, 12), (32, 12), (33, 12), (34, 12), (34, 11), (34, 10), (33, 10), (32, 10), (31, 10), (30, 10), (28, 16), (30, 9), (29, 10), (30, 8), (31, 8), (32, 8), (33, 8), (34, 8), (34, 7), (34, 6), (33, 6), (32, 6), (31, 6), (30, 6), (30, 5), (29, 6), (30, 4), (31, 4), (32, 4), (33, 4), (34, 4), (30, 3), (31, 3), (34, 3), (34, 2), (34, 1), (33, 1), (32, 1), (27, 16), (31, 1), (30, 1), (29, 1), (28, 1), (27, 1), (26, 16), (27, 2), (27, 3), (26, 2), (27, 4), (27, 5), (25, 16), (27, 6), (27, 7), (25, 2), (27, 8), (27, 9), (25, 15), (26, 9), (24, 16), (25, 14), (25, 9), (26, 14), (24, 2), (27, 14), (27, 13), (27, 12), (27, 11), (26, 11), (24, 9), (25, 11), (23, 16), (23, 2), (24, 11), (23, 9), (24, 12), (23, 12), (22, 16), (22, 2), (22, 9), (22, 12), (21, 16), (21, 2), (21, 9), (21, 12), (20, 16), (20, 2), (20, 9), (20, 12), (20, 10), (20, 11), (19, 16), (19, 2), (19, 12), (19, 11), (18, 16), (18, 2), (18, 12), (17, 16), (17, 2), (17, 12), (17, 13), (16, 16), (16, 2), (16, 12), (17, 14), (16, 14), (15, 16), (15, 2), (15, 12), (15, 14), (15, 3), (14, 16), (14, 2), (15, 4), (14, 12), (16, 4), (14, 14), (17, 4), (18, 4), (19, 4), (20, 4), (21, 4), (19, 5), (21, 5), (22, 5), (23, 5), (24, 5), (24, 6), (24, 7), (23, 7), (22, 7), (21, 7), (19, 6), (20, 7), (19, 7), (18, 6), (17, 6), (16, 6), (14, 11), (15, 6), (13, 16), (13, 2), (13, 12), (14, 10), (13, 14), (14, 6), (15, 10)]",0.00029012549202889204,0,0.00029012549202889204
163,"(17, 10)","(16, 10)",East,"[(17, 9) via South]","[(17, 10):0.00029775488656014204, (13, 6):0.00039484247099608183, (12, 16):0.0004882811335846782, (12, 2):0.0004883025540038943, (12, 12):0.000488489749841392, (12, 14):0.000503748538903892]","[(17, 9):0.00030538428109139204, (13, 6):0.00039484247099608183, (12, 16):0.0004882811335846782, (12, 2):0.0004883025540038943, (12, 12):0.000488489749841392, (12, 14):0.000503748538903892]","[(34, 16), (34, 15), (33, 16), (34, 14), (33, 14), (32, 16), (32, 14), (31, 16), (31, 14), (30, 16), (30, 14), (30, 13), (29, 16), (30, 12), (31, 12), (32, 12), (33, 12), (34, 12), (34, 11), (34, 10), (33, 10), (32, 10), (31, 10), (30, 10), (28, 16), (30, 9), (29, 10), (30, 8), (31, 8), (32, 8), (33, 8), (34, 8), (34, 7), (34, 6), (33, 6), (32, 6), (31, 6), (30, 6), (30, 5), (29, 6), (30, 4), (31, 4), (32, 4), (33, 4), (34, 4), (30, 3), (31, 3), (34, 3), (34, 2), (34, 1), (33, 1), (32, 1), (27, 16), (31, 1), (30, 1), (29, 1), (28, 1), (27, 1), (26, 16), (27, 2), (27, 3), (26, 2), (27, 4), (27, 5), (25, 16), (27, 6), (27, 7), (25, 2), (27, 8), (27, 9), (25, 15), (26, 9), (24, 16), (25, 14), (25, 9), (26, 14), (24, 2), (27, 14), (27, 13), (27, 12), (27, 11), (26, 11), (24, 9), (25, 11), (23, 16), (23, 2), (24, 11), (23, 9), (24, 12), (23, 12), (22, 16), (22, 2), (22, 9), (22, 12), (21, 16), (21, 2), (21, 9), (21, 12), (20, 16), (20, 2), (20, 9), (20, 12), (20, 10), (20, 11), (19, 16), (19, 2), (19, 12), (19, 11), (18, 16), (18, 2), (18, 12), (17, 16), (17, 2), (17, 12), (17, 13), (16, 16), (16, 2), (16, 12), (17, 14), (16, 14), (15, 16), (15, 2), (15, 12), (15, 14), (15, 3), (14, 16), (14, 2), (15, 4), (14, 12), (16, 4), (14, 14), (17, 4), (18, 4), (19, 4), (20, 4), (21, 4), (19, 5), (21, 5), (22, 5), (23, 5), (24, 5), (24, 6), (24, 7), (23, 7), (22, 7), (21, 7), (19, 6), (20, 7), (19, 7), (18, 6), (17, 6), (16, 6), (14, 11), (15, 6), (13, 16), (13, 2), (13, 12), (14, 10), (13, 14), (14, 6), (15, 10), (16, 10)]",0.00029775488656014204,0,0.00029775488656014204
164,"(17, 9)","(17, 10)",South,"[(17, 8) via South]","[(17, 9):0.00030538428109139204, (13, 6):0.00039484247099608183, (12, 16):0.0004882811335846782, (12, 2):0.0004883025540038943, (12, 12):0.000488489749841392, (12, 14):0.000503748538903892]","[(17, 8):0.00031301367562264204, (13, 6):0.00039484247099608183, (12, 16):0.0004882811335846782, (12, 2):0.0004883025540038943, (12, 12):0.000488489749841392, (12, 14):0.000503748538903892]","[(34, 16), (34, 15), (33, 16), (34, 14), (33, 14), (32, 16), (32, 14), (31, 16), (31, 14), (30, 16), (30, 14), (30, 13), (29, 16), (30, 12), (31, 12), (32, 12), (33, 12), (34, 12), (34, 11), (34, 10), (33, 10), (32, 10), (31, 10), (30, 10), (28, 16), (30, 9), (29, 10), (30, 8), (31, 8), (32, 8), (33, 8), (34, 8), (34, 7), (34, 6), (33, 6), (32, 6), (31, 6), (30, 6), (30, 5), (29, 6), (30, 4), (31, 4), (32, 4), (33, 4), (34, 4), (30, 3), (31, 3), (34, 3), (34, 2), (34, 1), (33, 1), (32, 1), (27, 16), (31, 1), (30, 1), (29, 1), (28, 1), (27, 1), (26, 16), (27, 2), (27, 3), (26, 2), (27, 4), (27, 5), (25, 16), (27, 6), (27, 7), (25, 2), (27, 8), (27, 9), (25, 15), (26, 9), (24, 16), (25, 14), (25, 9), (26, 14), (24, 2), (27, 14), (27, 13), (27, 12), (27, 11), (26, 11), (24, 9), (25, 11), (23, 16), (23, 2), (24, 11), (23, 9), (24, 12), (23, 12), (22, 16), (22, 2), (22, 9), (22, 12), (21, 16), (21, 2), (21, 9), (21, 12), (20, 16), (20, 2), (20, 9), (20, 12), (20, 10), (20, 11), (19, 16), (19, 2), (19, 12), (19, 11), (18, 16), (18, 2), (18, 12), (17, 16), (17, 2), (17, 12), (17, 13), (16, 16), (16, 2), (16, 12), (17, 14), (16, 14), (15, 16), (15, 2), (15, 12), (15, 14), (15, 3), (14, 16), (14, 2), (15, 4), (14, 12), (16, 4), (14, 14), (17, 4), (18, 4), (19, 4), (20, 4), (21, 4), (19, 5), (21, 5), (22, 5), (23, 5), (24, 5), (24, 6), (24, 7), (23, 7), (22, 7), (21, 7), (19, 6), (20, 7), (19, 7), (18, 6), (17, 6), (16, 6), (14, 11), (15, 6), (13, 16), (13, 2), (13, 12), (14, 10), (13, 14), (14, 6), (15, 10), (16, 10), (17, 10)]",0.00030538428109139204,0,0.00030538428109139204
165,"(17, 8)","(17, 9)",South,"[(16, 8) via West]","[(17, 8):0.00031301367562264204, (13, 6):0.00039484247099608183, (12, 16):0.0004882811335846782, (12, 2):0.0004883025540038943, (12, 12):0.000488489749841392, (12, 14):0.000503748538903892]","[(16, 8):0.00032827246468514204, (13, 6):0.00039484247099608183, (12, 16):0.0004882811335846782, (12, 2):0.0004883025540038943, (12, 12):0.000488489749841392, (12, 14):0.000503748538903892]","[(34, 16), (34, 15), (33, 16), (34, 14), (33, 14), (32, 16), (32, 14), (31, 16), (31, 14), (30, 16), (30, 14), (30, 13), (29, 16), (30, 12), (31, 12), (32, 12), (33, 12), (34, 12), (34, 11), (34, 10), (33, 10), (32, 10), (31, 10), (30, 10), (28, 16), (30, 9), (29, 10), (30, 8), (31, 8), (32, 8), (33, 8), (34, 8), (34, 7), (34, 6), (33, 6), (32, 6), (31, 6), (30, 6), (30, 5), (29, 6), (30, 4), (31, 4), (32, 4), (33, 4), (34, 4), (30, 3), (31, 3), (34, 3), (34, 2), (34, 1), (33, 1), (32, 1), (27, 16), (31, 1), (30, 1), (29, 1), (28, 1), (27, 1), (26, 16), (27, 2), (27, 3), (26, 2), (27, 4), (27, 5), (25, 16), (27, 6), (27, 7), (25, 2), (27, 8), (27, 9), (25, 15), (26, 9), (24, 16), (25, 14), (25, 9), (26, 14), (24, 2), (27, 14), (27, 13), (27, 12), (27, 11), (26, 11), (24, 9), (25, 11), (23, 16), (23, 2), (24, 11), (23, 9), (24, 12), (23, 12), (22, 16), (22, 2), (22, 9), (22, 12), (21, 16), (21, 2), (21, 9), (21, 12), (20, 16), (20, 2), (20, 9), (20, 12), (20, 10), (20, 11), (19, 16), (19, 2), (19, 12), (19, 11), (18, 16), (18, 2), (18, 12), (17, 16), (17, 2), (17, 12), (17, 13), (16, 16), (16, 2), (16, 12), (17, 14), (16, 14), (15, 16), (15, 2), (15, 12), (15, 14), (15, 3), (14, 16), (14, 2), (15, 4), (14, 12), (16, 4), (14, 14), (17, 4), (18, 4), (19, 4), (20, 4), (21, 4), (19, 5), (21, 5), (22, 5), (23, 5), (24, 5), (24, 6), (24, 7), (23, 7), (22, 7), (21, 7), (19, 6), (20, 7), (19, 7), (18, 6), (17, 6), (16, 6), (14, 11), (15, 6), (13, 16), (13, 2), (13, 12), (14, 10), (13, 14), (14, 6), (15, 10), (16, 10), (17, 10), (17, 9)]",0.00031301367562264204,0,0.00031301367562264204
166,"(16, 8)","(17, 8)",West,"[(15, 8) via West]","[(16, 8):0.00032827246468514204, (13, 6):0.00039484247099608183, (12, 16):0.0004882811335846782, (12, 2):0.0004883025540038943, (12, 12):0.000488489749841392, (12, 14):0.000503748538903892]","[(15, 8):0.00035879004281014204, (13, 6):0.00039484247099608183, (12, 16):0.0004882811335846782, (12, 2):0.0004883025540038943, (12, 12):0.000488489749841392, (12, 14):0.000503748538903892]","[(34, 16), (34, 15), (33, 16), (34, 14), (33, 14), (32, 16), (32, 14), (31, 16), (31, 14), (30, 16), (30, 14), (30, 13), (29, 16), (30, 12), (31, 12), (32, 12), (33, 12), (34, 12), (34, 11), (34, 10), (33, 10), (32, 10), (31, 10), (30, 10), (28, 16), (30, 9), (29, 10), (30, 8), (31, 8), (32, 8), (33, 8), (34, 8), (34, 7), (34, 6), (33, 6), (32, 6), (31, 6), (30, 6), (30, 5), (29, 6), (30, 4), (31, 4), (32, 4), (33, 4), (34, 4), (30, 3), (31, 3), (34, 3), (34, 2), (34, 1), (33, 1), (32, 1), (27, 16), (31, 1), (30, 1), (29, 1), (28, 1), (27, 1), (26, 16), (27, 2), (27, 3), (26, 2), (27, 4), (27, 5), (25, 16), (27, 6), (27, 7), (25, 2), (27, 8), (27, 9), (25, 15), (26, 9), (24, 16), (25, 14), (25, 9), (26, 14), (24, 2), (27, 14), (27, 13), (27, 12), (27, 11), (26, 11), (24, 9), (25, 11), (23, 16), (23, 2), (24, 11), (23, 9), (24, 12), (23, 12), (22, 16), (22, 2), (22, 9), (22, 12), (21, 16), (21, 2), (21, 9), (21, 12), (20, 16), (20, 2), (20, 9), (20, 12), (20, 10), (20, 11), (19, 16), (19, 2), (19, 12), (19, 11), (18, 16), (18, 2), (18, 12), (17, 16), (17, 2), (17, 12), (17, 13), (16, 16), (16, 2), (16, 12), (17, 14), (16, 14), (15, 16), (15, 2), (15, 12), (15, 14), (15, 3), (14, 16), (14, 2), (15, 4), (14, 12), (16, 4), (14, 14), (17, 4), (18, 4), (19, 4), (20, 4), (21, 4), (19, 5), (21, 5), (22, 5), (23, 5), (24, 5), (24, 6), (24, 7), (23, 7), (22, 7), (21, 7), (19, 6), (20, 7), (19, 7), (18, 6), (17, 6), (16, 6), (14, 11), (15, 6), (13, 16), (13, 2), (13, 12), (14, 10), (13, 14), (14, 6), (15, 10), (16, 10), (17, 10), (17, 9), (17, 8)]",0.00032827246468514204,0,0.00032827246468514204
167,"(15, 8)","(16, 8)",West,"[(14, 8) via West]","[(15, 8):0.00035879004281014204, (13, 6):0.00039484247099608183, (12, 16):0.0004882811335846782, (12, 2):0.0004883025540038943, (12, 12):0.000488489749841392, (12, 14):0.000503748538903892]","[(13, 6):0.00039484247099608183, (14, 8):0.00041982519906014204, (12, 16):0.0004882811335846782, (12, 2):0.0004883025540038943, (12, 12):0.000488489749841392, (12, 14):0.000503748538903892]","[(34, 16), (34, 15), (33, 16), (34, 14), (33, 14), (32, 16), (32, 14), (31, 16), (31, 14), (30, 16), (30, 14), (30, 13), (29, 16), (30, 12), (31, 12), (32, 12), (33, 12), (34, 12), (34, 11), (34, 10), (33, 10), (32, 10), (31, 10), (30, 10), (28, 16), (30, 9), (29, 10), (30, 8), (31, 8), (32, 8), (33, 8), (34, 8), (34, 7), (34, 6), (33, 6), (32, 6), (31, 6), (30, 6), (30, 5), (29, 6), (30, 4), (31, 4), (32, 4), (33, 4), (34, 4), (30, 3), (31, 3), (34, 3), (34, 2), (34, 1), (33, 1), (32, 1), (27, 16), (31, 1), (30, 1), (29, 1), (28, 1), (27, 1), (26, 16), (27, 2), (27, 3), (26, 2), (27, 4), (27, 5), (25, 16), (27, 6), (27, 7), (25, 2), (27, 8), (27, 9), (25, 15), (26, 9), (24, 16), (25, 14), (25, 9), (26, 14), (24, 2), (27, 14), (27, 13), (27, 12), (27, 11), (26, 11), (24, 9), (25, 11), (23, 16), (23, 2), (24, 11), (23, 9), (24, 12), (23, 12), (22, 16), (22, 2), (22, 9), (22, 12), (21, 16), (21, 2), (21, 9), (21, 12), (20, 16), (20, 2), (20, 9), (20, 12), (20, 10), (20, 11), (19, 16), (19, 2), (19, 12), (19, 11), (18, 16), (18, 2), (18, 12), (17, 16), (17, 2), (17, 12), (17, 13), (16, 16), (16, 2), (16, 12), (17, 14), (16, 14), (15, 16), (15, 2), (15, 12), (15, 14), (15, 3), (14, 16), (14, 2), (15, 4), (14, 12), (16, 4), (14, 14), (17, 4), (18, 4), (19, 4), (20, 4), (21, 4), (19, 5), (21, 5), (22, 5), (23, 5), (24, 5), (24, 6), (24, 7), (23, 7), (22, 7), (21, 7), (19, 6), (20, 7), (19, 7), (18, 6), (17, 6), (16, 6), (14, 11), (15, 6), (13, 16), (13, 2), (13, 12), (14, 10), (13, 14), (14, 6), (15, 10), (16, 10), (17, 10), (17, 9), (17, 8), (16, 8)]",0.00035879004281014204,0,0.00035879004281014204
168,"(13, 6)","(14, 6)",West,"[(13, 5) via South]","[(13, 6):0.00039484247099608183, (14, 8):0.00041982519906014204, (12, 16):0.0004882811335846782, (12, 2):0.0004883025540038943, (12, 12):0.000488489749841392, (12, 14):0.000503748538903892]","[(14, 8):0.00041982519906014204, (12, 16):0.0004882811335846782, (12, 2):0.0004883025540038943, (12, 12):0.000488489749841392, (12, 14):0.000503748538903892, (13, 5):0.0005169127834960818]","[(34, 16), (34, 15), (33, 16), (34, 14), (33, 14), (32, 16), (32, 14), (31, 16), (31, 14), (30, 16), (30, 14), (30, 13), (29, 16), (30, 12), (31, 12), (32, 12), (33, 12), (34, 12), (34, 11), (34, 10), (33, 10), (32, 10), (31, 10), (30, 10), (28, 16), (30, 9), (29, 10), (30, 8), (31, 8), (32, 8), (33, 8), (34, 8), (34, 7), (34, 6), (33, 6), (32, 6), (31, 6), (30, 6), (30, 5), (29, 6), (30, 4), (31, 4), (32, 4), (33, 4), (34, 4), (30, 3), (31, 3), (34, 3), (34, 2), (34, 1), (33, 1), (32, 1), (27, 16), (31, 1), (30, 1), (29, 1), (28, 1), (27, 1), (26, 16), (27, 2), (27, 3), (26, 2), (27, 4), (27, 5), (25, 16), (27, 6), (27, 7), (25, 2), (27, 8), (27, 9), (25, 15), (26, 9), (24, 16), (25, 14), (25, 9), (26, 14), (24, 2), (27, 14), (27, 13), (27, 12), (27, 11), (26, 11), (24, 9), (25, 11), (23, 16), (23, 2), (24, 11), (23, 9), (24, 12), (23, 12), (22, 16), (22, 2), (22, 9), (22, 12), (21, 16), (21, 2), (21, 9), (21, 12), (20, 16), (20, 2), (20, 9), (20, 12), (20, 10), (20, 11), (19, 16), (19, 2), (19, 12), (19, 11), (18, 16), (18, 2), (18, 12), (17, 16), (17, 2), (17, 12), (17, 13), (16, 16), (16, 2), (16, 12), (17, 14), (16, 14), (15, 16), (15, 2), (15, 12), (15, 14), (15, 3), (14, 16), (14, 2), (15, 4), (14, 12), (16, 4), (14, 14), (17, 4), (18, 4), (19, 4), (20, 4), (21, 4), (19, 5), (21, 5), (22, 5), (23, 5), (24, 5), (24, 6), (24, 7), (23, 7), (22, 7), (21, 7), (19, 6), (20, 7), (19, 7), (18, 6), (17, 6), (16, 6), (14, 11), (15, 6), (13, 16), (13, 2), (13, 12), (14, 10), (13, 14), (14, 6), (15, 10), (16, 10), (17, 10), (17, 9), (17, 8), (16, 8), (15, 8)]",0.00039484247099608183,0,0.00039484247099608183
169,"(14, 8)","(15, 8)",West,"[(13, 8) via West]","[(14, 8):0.00041982519906014204, (12, 16):0.0004882811335846782, (12, 2):0.0004883025540038943, (12, 12):0.000488489749841392, (12, 14):0.000503748538903892, (13, 5):0.0005169127834960818]","[(12, 16):0.0004882811335846782, (12, 2):0.0004883025540038943, (12, 12):0.000488489749841392, (12, 14):0.000503748538903892, (13, 5):0.0005169127834960818, (13, 8):0.000541895511560142]","[(34, 16), (34, 15), (33, 16), (34, 14), (33, 14), (32, 16), (32, 14), (31, 16), (31, 14), (30, 16), (30, 14), (30, 13), (29, 16), (30, 12), (31, 12), (32, 12), (33, 12), (34, 12), (34, 11), (34, 10), (33, 10), (32, 10), (31, 10), (30, 10), (28, 16), (30, 9), (29, 10), (30, 8), (31, 8), (32, 8), (33, 8), (34, 8), (34, 7), (34, 6), (33, 6), (32, 6), (31, 6), (30, 6), (30, 5), (29, 6), (30, 4), (31, 4), (32, 4), (33, 4), (34, 4), (30, 3), (31, 3), (34, 3), (34, 2), (34, 1), (33, 1), (32, 1), (27, 16), (31, 1), (30, 1), (29, 1), (28, 1), (27, 1), (26, 16), (27, 2), (27, 3), (26, 2), (27, 4), (27, 5), (25, 16), (27, 6), (27, 7), (25, 2), (27, 8), (27, 9), (25, 15), (26, 9), (24, 16), (25, 14), (25, 9), (26, 14), (24, 2), (27, 14), (27, 13), (27, 12), (27, 11), (26, 11), (24, 9), (25, 11), (23, 16), (23, 2), (24, 11), (23, 9), (24, 12), (23, 12), (22, 16), (22, 2), (22, 9), (22, 12), (21, 16), (21, 2), (21, 9), (21, 12), (20, 16), (20, 2), (20, 9), (20, 12), (20, 10), (20, 11), (19, 16), (19, 2), (19, 12), (19, 11), (18, 16), (18, 2), (18, 12), (17, 16), (17, 2), (17, 12), (17, 13), (16, 16), (16, 2), (16, 12), (17, 14), (16, 14), (15, 16), (15, 2), (15, 12), (15, 14), (15, 3), (14, 16), (14, 2), (15, 4), (14, 12), (16, 4), (14, 14), (17, 4), (18, 4), (19, 4), (20, 4), (21, 4), (19, 5), (21, 5), (22, 5), (23, 5), (24, 5), (24, 6), (24, 7), (23, 7), (22, 7), (21, 7), (19, 6), (20, 7), (19, 7), (18, 6), (17, 6), (16, 6), (14, 11), (15, 6), (13, 16), (13, 2), (13, 12), (14, 10), (13, 14), (14, 6), (15, 10), (16, 10), (17, 10), (17, 9), (17, 8), (16, 8), (15, 8), (13, 6)]",0.00041982519906014204,0,0.00041982519906014204
170,"(12, 16)","(13, 16)",West,"[(11, 16) via West]","[(12, 16):0.0004882811335846782, (12, 2):0.0004883025540038943, (12, 12):0.000488489749841392, (12, 14):0.000503748538903892, (13, 5):0.0005169127834960818, (13, 8):0.000541895511560142]","[(12, 2):0.0004883025540038943, (12, 12):0.000488489749841392, (12, 14):0.000503748538903892, (13, 5):0.0005169127834960818, (13, 8):0.000541895511560142, (11, 16):0.0009765623835846782]","[(34, 16), (34, 15), (33, 16), (34, 14), (33, 14), (32, 16), (32, 14), (31, 16), (31, 14), (30, 16), (30, 14), (30, 13), (29, 16), (30, 12), (31, 12), (32, 12), (33, 12), (34, 12), (34, 11), (34, 10), (33, 10), (32, 10), (31, 10), (30, 10), (28, 16), (30, 9), (29, 10), (30, 8), (31, 8), (32, 8), (33, 8), (34, 8), (34, 7), (34, 6), (33, 6), (32, 6), (31, 6), (30, 6), (30, 5), (29, 6), (30, 4), (31, 4), (32, 4), (33, 4), (34, 4), (30, 3), (31, 3), (34, 3), (34, 2), (34, 1), (33, 1), (32, 1), (27, 16), (31, 1), (30, 1), (29, 1), (28, 1), (27, 1), (26, 16), (27, 2), (27, 3), (26, 2), (27, 4), (27, 5), (25, 16), (27, 6), (27, 7), (25, 2), (27, 8), (27, 9), (25, 15), (26, 9), (24, 16), (25, 14), (25, 9), (26, 14), (24, 2), (27, 14), (27, 13), (27, 12), (27, 11), (26, 11), (24, 9), (25, 11), (23, 16), (23, 2), (24, 11), (23, 9), (24, 12), (23, 12), (22, 16), (22, 2), (22, 9), (22, 12), (21, 16), (21, 2), (21, 9), (21, 12), (20, 16), (20, 2), (20, 9), (20, 12), (20, 10), (20, 11), (19, 16), (19, 2), (19, 12), (19, 11), (18, 16), (18, 2), (18, 12), (17, 16), (17, 2), (17, 12), (17, 13), (16, 16), (16, 2), (16, 12), (17, 14), (16, 14), (15, 16), (15, 2), (15, 12), (15, 14), (15, 3), (14, 16), (14, 2), (15, 4), (14, 12), (16, 4), (14, 14), (17, 4), (18, 4), (19, 4), (20, 4), (21, 4), (19, 5), (21, 5), (22, 5), (23, 5), (24, 5), (24, 6), (24, 7), (23, 7), (22, 7), (21, 7), (19, 6), (20, 7), (19, 7), (18, 6), (17, 6), (16, 6), (14, 11), (15, 6), (13, 16), (13, 2), (13, 12), (14, 10), (13, 14), (14, 6), (15, 10), (16, 10), (17, 10), (17, 9), (17, 8), (16, 8), (15, 8), (13, 6), (14, 8)]",0.0004882811335846782,0,0.0004882811335846782
171,"(12, 2)","(13, 2)",West,"[(11, 2) via West]","[(12, 2):0.0004883025540038943, (12, 12):0.000488489749841392, (12, 14):0.000503748538903892, (13, 5):0.0005169127834960818, (13, 8):0.000541895511560142, (11, 16):0.0009765623835846782]","[(12, 12):0.000488489749841392, (12, 14):0.000503748538903892, (13, 5):0.0005169127834960818, (13, 8):0.000541895511560142, (11, 16):0.0009765623835846782, (11, 2):0.0009765838040038943]","[(34, 16), (34, 15), (33, 16), (34, 14), (33, 14), (32, 16), (32, 14), (31, 16), (31, 14), (30, 16), (30, 14), (30, 13), (29, 16), (30, 12), (31, 12), (32, 12), (33, 12), (34, 12), (34, 11), (34, 10), (33, 10), (32, 10), (31, 10), (30, 10), (28, 16), (30, 9), (29, 10), (30, 8), (31, 8), (32, 8), (33, 8), (34, 8), (34, 7), (34, 6), (33, 6), (32, 6), (31, 6), (30, 6), (30, 5), (29, 6), (30, 4), (31, 4), (32, 4), (33, 4), (34, 4), (30, 3), (31, 3), (34, 3), (34, 2), (34, 1), (33, 1), (32, 1), (27, 16), (31, 1), (30, 1), (29, 1), (28, 1), (27, 1), (26, 16), (27, 2), (27, 3), (26, 2), (27, 4), (27, 5), (25, 16), (27, 6), (27, 7), (25, 2), (27, 8), (27, 9), (25, 15), (26, 9), (24, 16), (25, 14), (25, 9), (26, 14), (24, 2), (27, 14), (27, 13), (27, 12), (27, 11), (26, 11), (24, 9), (25, 11), (23, 16), (23, 2), (24, 11), (23, 9), (24, 12), (23, 12), (22, 16), (22, 2), (22, 9), (22, 12), (21, 16), (21, 2), (21, 9), (21, 12), (20, 16), (20, 2), (20, 9), (20, 12), (20, 10), (20, 11), (19, 16), (19, 2), (19, 12), (19, 11), (18, 16), (18, 2), (18, 12), (17, 16), (17, 2), (17, 12), (17, 13), (16, 16), (16, 2), (16, 12), (17, 14), (16, 14), (15, 16), (15, 2), (15, 12), (15, 14), (15, 3), (14, 16), (14, 2), (15, 4), (14, 12), (16, 4), (14, 14), (17, 4), (18, 4), (19, 4), (20, 4), (21, 4), (19, 5), (21, 5), (22, 5), (23, 5), (24, 5), (24, 6), (24, 7), (23, 7), (22, 7), (21, 7), (19, 6), (20, 7), (19, 7), (18, 6), (17, 6), (16, 6), (14, 11), (15, 6), (13, 16), (13, 2), (13, 12), (14, 10), (13, 14), (14, 6), (15, 10), (16, 10), (17, 10), (17, 9), (17, 8), (16, 8), (15, 8), (13, 6), (14, 8), (12, 16)]",0.0004883025540038943,0,0.0004883025540038943
172,"(12, 12)","(13, 12)",West,"[(12, 13) via North, (12, 11) via South]","[(12, 12):0.000488489749841392, (12, 14):0.000503748538903892, (13, 5):0.0005169127834960818, (13, 8):0.000541895511560142, (11, 16):0.0009765623835846782, (11, 2):0.0009765838040038943]","[(12, 14):0.000503748538903892, (13, 5):0.0005169127834960818, (13, 8):0.000541895511560142, (12, 13):0.000732630374841392, (12, 11):0.000732630374841392, (11, 16):0.0009765623835846782, (11, 2):0.0009765838040038943]","[(34, 16), (34, 15), (33, 16), (34, 14), (33, 14), (32, 16), (32, 14), (31, 16), (31, 14), (30, 16), (30, 14), (30, 13), (29, 16), (30, 12), (31, 12), (32, 12), (33, 12), (34, 12), (34, 11), (34, 10), (33, 10), (32, 10), (31, 10), (30, 10), (28, 16), (30, 9), (29, 10), (30, 8), (31, 8), (32, 8), (33, 8), (34, 8), (34, 7), (34, 6), (33, 6), (32, 6), (31, 6), (30, 6), (30, 5), (29, 6), (30, 4), (31, 4), (32, 4), (33, 4), (34, 4), (30, 3), (31, 3), (34, 3), (34, 2), (34, 1), (33, 1), (32, 1), (27, 16), (31, 1), (30, 1), (29, 1), (28, 1), (27, 1), (26, 16), (27, 2), (27, 3), (26, 2), (27, 4), (27, 5), (25, 16), (27, 6), (27, 7), (25, 2), (27, 8), (27, 9), (25, 15), (26, 9), (24, 16), (25, 14), (25, 9), (26, 14), (24, 2), (27, 14), (27, 13), (27, 12), (27, 11), (26, 11), (24, 9), (25, 11), (23, 16), (23, 2), (24, 11), (23, 9), (24, 12), (23, 12), (22, 16), (22, 2), (22, 9), (22, 12), (21, 16), (21, 2), (21, 9), (21, 12), (20, 16), (20, 2), (20, 9), (20, 12), (20, 10), (20, 11), (19, 16), (19, 2), (19, 12), (19, 11), (18, 16), (18, 2), (18, 12), (17, 16), (17, 2), (17, 12), (17, 13), (16, 16), (16, 2), (16, 12), (17, 14), (16, 14), (15, 16), (15, 2), (15, 12), (15, 14), (15, 3), (14, 16), (14, 2), (15, 4), (14, 12), (16, 4), (14, 14), (17, 4), (18, 4), (19, 4), (20, 4), (21, 4), (19, 5), (21, 5), (22, 5), (23, 5), (24, 5), (24, 6), (24, 7), (23, 7), (22, 7), (21, 7), (19, 6), (20, 7), (19, 7), (18, 6), (17, 6), (16, 6), (14, 11), (15, 6), (13, 16), (13, 2), (13, 12), (14, 10), (13, 14), (14, 6), (15, 10), (16, 10), (17, 10), (17, 9), (17, 8), (16, 8), (15, 8), (13, 6), (14, 8), (12, 16), (12, 2)]",0.000488489749841392,0,0.000488489749841392
173,"(12, 14)","(13, 14)",West,[],"[(12, 14):0.000503748538903892, (13, 5):0.0005169127834960818, (13, 8):0.000541895511560142, (12, 13):0.000732630374841392, (12, 11):0.000732630374841392, (11, 16):0.0009765623835846782, (11, 2):0.0009765838040038943]","[(13, 5):0.0005169127834960818, (13, 8):0.000541895511560142, (12, 13):0.000732630374841392, (12, 11):0.000732630374841392, (11, 16):0.0009765623835846782, (11, 2):0.0009765838040038943]","[(34, 16), (34, 15), (33, 16), (34, 14), (33, 14), (32, 16), (32, 14), (31, 16), (31, 14), (30, 16), (30, 14), (30, 13), (29, 16), (30, 12), (31, 12), (32, 12), (33, 12), (34, 12), (34, 11), (34, 10), (33, 10), (32, 10), (31, 10), (30, 10), (28, 16), (30, 9), (29, 10), (30, 8), (31, 8), (32, 8), (33, 8), (34, 8), (34, 7), (34, 6), (33, 6), (32, 6), (31, 6), (30, 6), (30, 5), (29, 6), (30, 4), (31, 4), (32, 4), (33, 4), (34, 4), (30, 3), (31, 3), (34, 3), (34, 2), (34, 1), (33, 1), (32, 1), (27, 16), (31, 1), (30, 1), (29, 1), (28, 1), (27, 1), (26, 16), (27, 2), (27, 3), (26, 2), (27, 4), (27, 5), (25, 16), (27, 6), (27, 7), (25, 2), (27, 8), (27, 9), (25, 15), (26, 9), (24, 16), (25, 14), (25, 9), (26, 14), (24, 2), (27, 14), (27, 13), (27, 12), (27, 11), (26, 11), (24, 9), (25, 11), (23, 16), (23, 2), (24, 11), (23, 9), (24, 12), (23, 12), (22, 16), (22, 2), (22, 9), (22, 12), (21, 16), (21, 2), (21, 9), (21, 12), (20, 16), (20, 2), (20, 9), (20, 12), (20, 10), (20, 11), (19, 16), (19, 2), (19, 12), (19, 11), (18, 16), (18, 2), (18, 12), (17, 16), (17, 2), (17, 12), (17, 13), (16, 16), (16, 2), (16, 12), (17, 14), (16, 14), (15, 16), (15, 2), (15, 12), (15, 14), (15, 3), (14, 16), (14, 2), (15, 4), (14, 12), (16, 4), (14, 14), (17, 4), (18, 4), (19, 4), (20, 4), (21, 4), (19, 5), (21, 5), (22, 5), (23, 5), (24, 5), (24, 6), (24, 7), (23, 7), (22, 7), (21, 7), (19, 6), (20, 7), (19, 7), (18, 6), (17, 6), (16, 6), (14, 11), (15, 6), (13, 16), (13, 2), (13, 12), (14, 10), (13, 14), (14, 6), (15, 10), (16, 10), (17, 10), (17, 9), (17, 8), (16, 8), (15, 8), (13, 6), (14, 8), (12, 16), (12, 2), (12, 12)]",0.000503748538903892,0,0.000503748538903892
174,"(13, 5)","(13, 6)",South,"[(13, 4) via South]","[(13, 5):0.0005169127834960818, (13, 8):0.000541895511560142, (12, 13):0.000732630374841392, (12, 11):0.000732630374841392, (11, 16):0.0009765623835846782, (11, 2):0.0009765838040038943]","[(13, 8):0.000541895511560142, (13, 4):0.0006389830959960818, (12, 13):0.000732630374841392, (12, 11):0.000732630374841392, (11, 16):0.0009765623835846782, (11, 2):0.0009765838040038943]","[(34, 16), (34, 15), (33, 16), (34, 14), (33, 14), (32, 16), (32, 14), (31, 16), (31, 14), (30, 16), (30, 14), (30, 13), (29, 16), (30, 12), (31, 12), (32, 12), (33, 12), (34, 12), (34, 11), (34, 10), (33, 10), (32, 10), (31, 10), (30, 10), (28, 16), (30, 9), (29, 10), (30, 8), (31, 8), (32, 8), (33, 8), (34, 8), (34, 7), (34, 6), (33, 6), (32, 6), (31, 6), (30, 6), (30, 5), (29, 6), (30, 4), (31, 4), (32, 4), (33, 4), (34, 4), (30, 3), (31, 3), (34, 3), (34, 2), (34, 1), (33, 1), (32, 1), (27, 16), (31, 1), (30, 1), (29, 1), (28, 1), (27, 1), (26, 16), (27, 2), (27, 3), (26, 2), (27, 4), (27, 5), (25, 16), (27, 6), (27, 7), (25, 2), (27, 8), (27, 9), (25, 15), (26, 9), (24, 16), (25, 14), (25, 9), (26, 14), (24, 2), (27, 14), (27, 13), (27, 12), (27, 11), (26, 11), (24, 9), (25, 11), (23, 16), (23, 2), (24, 11), (23, 9), (24, 12), (23, 12), (22, 16), (22, 2), (22, 9), (22, 12), (21, 16), (21, 2), (21, 9), (21, 12), (20, 16), (20, 2), (20, 9), (20, 12), (20, 10), (20, 11), (19, 16), (19, 2), (19, 12), (19, 11), (18, 16), (18, 2), (18, 12), (17, 16), (17, 2), (17, 12), (17, 13), (16, 16), (16, 2), (16, 12), (17, 14), (16, 14), (15, 16), (15, 2), (15, 12), (15, 14), (15, 3), (14, 16), (14, 2), (15, 4), (14, 12), (16, 4), (14, 14), (17, 4), (18, 4), (19, 4), (20, 4), (21, 4), (19, 5), (21, 5), (22, 5), (23, 5), (24, 5), (24, 6), (24, 7), (23, 7), (22, 7), (21, 7), (19, 6), (20, 7), (19, 7), (18, 6), (17, 6), (16, 6), (14, 11), (15, 6), (13, 16), (13, 2), (13, 12), (14, 10), (13, 14), (14, 6), (15, 10), (16, 10), (17, 10), (17, 9), (17, 8), (16, 8), (15, 8), (13, 6), (14, 8), (12, 16), (12, 2), (12, 12), (12, 14)]",0.0005169127834960818,0,0.0005169127834960818
175,"(13, 8)","(14, 8)",West,"[(12, 8) via West]","[(13, 8):0.000541895511560142, (13, 4):0.0006389830959960818, (12, 13):0.000732630374841392, (12, 11):0.000732630374841392, (11, 16):0.0009765623835846782, (11, 2):0.0009765838040038943]","[(13, 4):0.0006389830959960818, (12, 13):0.000732630374841392, (12, 11):0.000732630374841392, (12, 8):0.000786036136560142, (11, 16):0.0009765623835846782, (11, 2):0.0009765838040038943]","[(34, 16), (34, 15), (33, 16), (34, 14), (33, 14), (32, 16), (32, 14), (31, 16), (31, 14), (30, 16), (30, 14), (30, 13), (29, 16), (30, 12), (31, 12), (32, 12), (33, 12), (34, 12), (34, 11), (34, 10), (33, 10), (32, 10), (31, 10), (30, 10), (28, 16), (30, 9), (29, 10), (30, 8), (31, 8), (32, 8), (33, 8), (34, 8), (34, 7), (34, 6), (33, 6), (32, 6), (31, 6), (30, 6), (30, 5), (29, 6), (30, 4), (31, 4), (32, 4), (33, 4), (34, 4), (30, 3), (31, 3), (34, 3), (34, 2), (34, 1), (33, 1), (32, 1), (27, 16), (31, 1), (30, 1), (29, 1), (28, 1), (27, 1), (26, 16), (27, 2), (27, 3), (26, 2), (27, 4), (27, 5), (25, 16), (27, 6), (27, 7), (25, 2), (27, 8), (27, 9), (25, 15), (26, 9), (24, 16), (25, 14), (25, 9), (26, 14), (24, 2), (27, 14), (27, 13), (27, 12), (27, 11), (26, 11), (24, 9), (25, 11), (23, 16), (23, 2), (24, 11), (23, 9), (24, 12), (23, 12), (22, 16), (22, 2), (22, 9), (22, 12), (21, 16), (21, 2), (21, 9), (21, 12), (20, 16), (20, 2), (20, 9), (20, 12), (20, 10), (20, 11), (19, 16), (19, 2), (19, 12), (19, 11), (18, 16), (18, 2), (18, 12), (17, 16), (17, 2), (17, 12), (17, 13), (16, 16), (16, 2), (16, 12), (17, 14), (16, 14), (15, 16), (15, 2), (15, 12), (15, 14), (15, 3), (14, 16), (14, 2), (15, 4), (14, 12), (16, 4), (14, 14), (17, 4), (18, 4), (19, 4), (20, 4), (21, 4), (19, 5), (21, 5), (22, 5), (23, 5), (24, 5), (24, 6), (24, 7), (23, 7), (22, 7), (21, 7), (19, 6), (20, 7), (19, 7), (18, 6), (17, 6), (16, 6), (14, 11), (15, 6), (13, 16), (13, 2), (13, 12), (14, 10), (13, 14), (14, 6), (15, 10), (16, 10), (17, 10), (17, 9), (17, 8), (16, 8), (15, 8), (13, 6), (14, 8), (12, 16), (12, 2), (12, 12), (12, 14), (13, 5)]",0.000541895511560142,0,0.000541895511560142
176,"(13, 4)","(13, 5)",South,"[(12, 4) via West]","[(13, 4):0.0006389830959960818, (12, 13):0.000732630374841392, (12, 11):0.000732630374841392, (12, 8):0.000786036136560142, (11, 16):0.0009765623835846782, (11, 2):0.0009765838040038943]","[(12, 13):0.000732630374841392, (12, 11):0.000732630374841392, (12, 8):0.000786036136560142, (12, 4):0.0008831237209960818, (11, 16):0.0009765623835846782, (11, 2):0.0009765838040038943]","[(34, 16), (34, 15), (33, 16), (34, 14), (33, 14), (32, 16), (32, 14), (31, 16), (31, 14), (30, 16), (30, 14), (30, 13), (29, 16), (30, 12), (31, 12), (32, 12), (33, 12), (34, 12), (34, 11), (34, 10), (33, 10), (32, 10), (31, 10), (30, 10), (28, 16), (30, 9), (29, 10), (30, 8), (31, 8), (32, 8), (33, 8), (34, 8), (34, 7), (34, 6), (33, 6), (32, 6), (31, 6), (30, 6), (30, 5), (29, 6), (30, 4), (31, 4), (32, 4), (33, 4), (34, 4), (30, 3), (31, 3), (34, 3), (34, 2), (34, 1), (33, 1), (32, 1), (27, 16), (31, 1), (30, 1), (29, 1), (28, 1), (27, 1), (26, 16), (27, 2), (27, 3), (26, 2), (27, 4), (27, 5), (25, 16), (27, 6), (27, 7), (25, 2), (27, 8), (27, 9), (25, 15), (26, 9), (24, 16), (25, 14), (25, 9), (26, 14), (24, 2), (27, 14), (27, 13), (27, 12), (27, 11), (26, 11), (24, 9), (25, 11), (23, 16), (23, 2), (24, 11), (23, 9), (24, 12), (23, 12), (22, 16), (22, 2), (22, 9), (22, 12), (21, 16), (21, 2), (21, 9), (21, 12), (20, 16), (20, 2), (20, 9), (20, 12), (20, 10), (20, 11), (19, 16), (19, 2), (19, 12), (19, 11), (18, 16), (18, 2), (18, 12), (17, 16), (17, 2), (17, 12), (17, 13), (16, 16), (16, 2), (16, 12), (17, 14), (16, 14), (15, 16), (15, 2), (15, 12), (15, 14), (15, 3), (14, 16), (14, 2), (15, 4), (14, 12), (16, 4), (14, 14), (17, 4), (18, 4), (19, 4), (20, 4), (21, 4), (19, 5), (21, 5), (22, 5), (23, 5), (24, 5), (24, 6), (24, 7), (23, 7), (22, 7), (21, 7), (19, 6), (20, 7), (19, 7), (18, 6), (17, 6), (16, 6), (14, 11), (15, 6), (13, 16), (13, 2), (13, 12), (14, 10), (13, 14), (14, 6), (15, 10), (16, 10), (17, 10), (17, 9), (17, 8), (16, 8), (15, 8), (13, 6), (14, 8), (12, 16), (12, 2), (12, 12), (12, 14), (13, 5), (13, 8)]",0.0006389830959960818,0,0.0006389830959960818
177,"(12, 13)","(12, 12)",North,[],"[(12, 13):0.000732630374841392, (12, 11):0.000732630374841392, (12, 8):0.000786036136560142, (12, 4):0.0008831237209960818, (11, 16):0.0009765623835846782, (11, 2):0.0009765838040038943]","[(12, 11):0.000732630374841392, (12, 8):0.000786036136560142, (12, 4):0.0008831237209960818, (11, 16):0.0009765623835846782, (11, 2):0.0009765838040038943]","[(34, 16), (34, 15), (33, 16), (34, 14), (33, 14), (32, 16), (32, 14), (31, 16), (31, 14), (30, 16), (30, 14), (30, 13), (29, 16), (30, 12), (31, 12), (32, 12), (33, 12), (34, 12), (34, 11), (34, 10), (33, 10), (32, 10), (31, 10), (30, 10), (28, 16), (30, 9), (29, 10), (30, 8), (31, 8), (32, 8), (33, 8), (34, 8), (34, 7), (34, 6), (33, 6), (32, 6), (31, 6), (30, 6), (30, 5), (29, 6), (30, 4), (31, 4), (32, 4), (33, 4), (34, 4), (30, 3), (31, 3), (34, 3), (34, 2), (34, 1), (33, 1), (32, 1), (27, 16), (31, 1), (30, 1), (29, 1), (28, 1), (27, 1), (26, 16), (27, 2), (27, 3), (26, 2), (27, 4), (27, 5), (25, 16), (27, 6), (27, 7), (25, 2), (27, 8), (27, 9), (25, 15), (26, 9), (24, 16), (25, 14), (25, 9), (26, 14), (24, 2), (27, 14), (27, 13), (27, 12), (27, 11), (26, 11), (24, 9), (25, 11), (23, 16), (23, 2), (24, 11), (23, 9), (24, 12), (23, 12), (22, 16), (22, 2), (22, 9), (22, 12), (21, 16), (21, 2), (21, 9), (21, 12), (20, 16), (20, 2), (20, 9), (20, 12), (20, 10), (20, 11), (19, 16), (19, 2), (19, 12), (19, 11), (18, 16), (18, 2), (18, 12), (17, 16), (17, 2), (17, 12), (17, 13), (16, 16), (16, 2), (16, 12), (17, 14), (16, 14), (15, 16), (15, 2), (15, 12), (15, 14), (15, 3), (14, 16), (14, 2), (15, 4), (14, 12), (16, 4), (14, 14), (17, 4), (18, 4), (19, 4), (20, 4), (21, 4), (19, 5), (21, 5), (22, 5), (23, 5), (24, 5), (24, 6), (24, 7), (23, 7), (22, 7), (21, 7), (19, 6), (20, 7), (19, 7), (18, 6), (17, 6), (16, 6), (14, 11), (15, 6), (13, 16), (13, 2), (13, 12), (14, 10), (13, 14), (14, 6), (15, 10), (16, 10), (17, 10), (17, 9), (17, 8), (16, 8), (15, 8), (13, 6), (14, 8), (12, 16), (12, 2), (12, 12), (12, 14), (13, 5), (13, 8), (13, 4)]",0.000732630374841392,0,0.000732630374841392
178,"(12, 11)","(12, 12)",South,"[(12, 10) via South]","[(12, 11):0.000732630374841392, (12, 8):0.000786036136560142, (12, 4):0.0008831237209960818, (11, 16):0.0009765623835846782, (11, 2):0.0009765838040038943]","[(12, 8):0.000786036136560142, (12, 4):0.0008831237209960818, (11, 16):0.0009765623835846782, (11, 2):0.0009765838040038943, (12, 10):0.000976770999841392]","[(34, 16), (34, 15), (33, 16), (34, 14), (33, 14), (32, 16), (32, 14), (31, 16), (31, 14), (30, 16), (30, 14), (30, 13), (29, 16), (30, 12), (31, 12), (32, 12), (33, 12), (34, 12), (34, 11), (34, 10), (33, 10), (32, 10), (31, 10), (30, 10), (28, 16), (30, 9), (29, 10), (30, 8), (31, 8), (32, 8), (33, 8), (34, 8), (34, 7), (34, 6), (33, 6), (32, 6), (31, 6), (30, 6), (30, 5), (29, 6), (30, 4), (31, 4), (32, 4), (33, 4), (34, 4), (30, 3), (31, 3), (34, 3), (34, 2), (34, 1), (33, 1), (32, 1), (27, 16), (31, 1), (30, 1), (29, 1), (28, 1), (27, 1), (26, 16), (27, 2), (27, 3), (26, 2), (27, 4), (27, 5), (25, 16), (27, 6), (27, 7), (25, 2), (27, 8), (27, 9), (25, 15), (26, 9), (24, 16), (25, 14), (25, 9), (26, 14), (24, 2), (27, 14), (27, 13), (27, 12), (27, 11), (26, 11), (24, 9), (25, 11), (23, 16), (23, 2), (24, 11), (23, 9), (24, 12), (23, 12), (22, 16), (22, 2), (22, 9), (22, 12), (21, 16), (21, 2), (21, 9), (21, 12), (20, 16), (20, 2), (20, 9), (20, 12), (20, 10), (20, 11), (19, 16), (19, 2), (19, 12), (19, 11), (18, 16), (18, 2), (18, 12), (17, 16), (17, 2), (17, 12), (17, 13), (16, 16), (16, 2), (16, 12), (17, 14), (16, 14), (15, 16), (15, 2), (15, 12), (15, 14), (15, 3), (14, 16), (14, 2), (15, 4), (14, 12), (16, 4), (14, 14), (17, 4), (18, 4), (19, 4), (20, 4), (21, 4), (19, 5), (21, 5), (22, 5), (23, 5), (24, 5), (24, 6), (24, 7), (23, 7), (22, 7), (21, 7), (19, 6), (20, 7), (19, 7), (18, 6), (17, 6), (16, 6), (14, 11), (15, 6), (13, 16), (13, 2), (13, 12), (14, 10), (13, 14), (14, 6), (15, 10), (16, 10), (17, 10), (17, 9), (17, 8), (16, 8), (15, 8), (13, 6), (14, 8), (12, 16), (12, 2), (12, 12), (12, 14), (13, 5), (13, 8), (13, 4), (12, 13)]",0.000732630374841392,0,0.000732630374841392
179,"(12, 8)","(13, 8)",West,"[(11, 8) via West]","[(12, 8):0.000786036136560142, (12, 4):0.0008831237209960818, (11, 16):0.0009765623835846782, (11, 2):0.0009765838040038943, (12, 10):0.000976770999841392]","[(12, 4):0.0008831237209960818, (11, 16):0.0009765623835846782, (11, 2):0.0009765838040038943, (12, 10):0.000976770999841392, (11, 8):0.001274317386560142]","[(34, 16), (34, 15), (33, 16), (34, 14), (33, 14), (32, 16), (32, 14), (31, 16), (31, 14), (30, 16), (30, 14), (30, 13), (29, 16), (30, 12), (31, 12), (32, 12), (33, 12), (34, 12), (34, 11), (34, 10), (33, 10), (32, 10), (31, 10), (30, 10), (28, 16), (30, 9), (29, 10), (30, 8), (31, 8), (32, 8), (33, 8), (34, 8), (34, 7), (34, 6), (33, 6), (32, 6), (31, 6), (30, 6), (30, 5), (29, 6), (30, 4), (31, 4), (32, 4), (33, 4), (34, 4), (30, 3), (31, 3), (34, 3), (34, 2), (34, 1), (33, 1), (32, 1), (27, 16), (31, 1), (30, 1), (29, 1), (28, 1), (27, 1), (26, 16), (27, 2), (27, 3), (26, 2), (27, 4), (27, 5), (25, 16), (27, 6), (27, 7), (25, 2), (27, 8), (27, 9), (25, 15), (26, 9), (24, 16), (25, 14), (25, 9), (26, 14), (24, 2), (27, 14), (27, 13), (27, 12), (27, 11), (26, 11), (24, 9), (25, 11), (23, 16), (23, 2), (24, 11), (23, 9), (24, 12), (23, 12), (22, 16), (22, 2), (22, 9), (22, 12), (21, 16), (21, 2), (21, 9), (21, 12), (20, 16), (20, 2), (20, 9), (20, 12), (20, 10), (20, 11), (19, 16), (19, 2), (19, 12), (19, 11), (18, 16), (18, 2), (18, 12), (17, 16), (17, 2), (17, 12), (17, 13), (16, 16), (16, 2), (16, 12), (17, 14), (16, 14), (15, 16), (15, 2), (15, 12), (15, 14), (15, 3), (14, 16), (14, 2), (15, 4), (14, 12), (16, 4), (14, 14), (17, 4), (18, 4), (19, 4), (20, 4), (21, 4), (19, 5), (21, 5), (22, 5), (23, 5), (24, 5), (24, 6), (24, 7), (23, 7), (22, 7), (21, 7), (19, 6), (20, 7), (19, 7), (18, 6), (17, 6), (16, 6), (14, 11), (15, 6), (13, 16), (13, 2), (13, 12), (14, 10), (13, 14), (14, 6), (15, 10), (16, 10), (17, 10), (17, 9), (17, 8), (16, 8), (15, 8), (13, 6), (14, 8), (12, 16), (12, 2), (12, 12), (12, 14), (13, 5), (13, 8), (13, 4), (12, 13), (12, 11)]",0.000786036136560142,0,0.000786036136560142
180,"(12, 4)","(13, 4)",West,"[(11, 4) via West]","[(12, 4):0.0008831237209960818, (11, 16):0.0009765623835846782, (11, 2):0.0009765838040038943, (12, 10):0.000976770999841392, (11, 8):0.001274317386560142]","[(11, 16):0.0009765623835846782, (11, 2):0.0009765838040038943, (12, 10):0.000976770999841392, (11, 8):0.001274317386560142, (11, 4):0.0013714049709960818]","[(34, 16), (34, 15), (33, 16), (34, 14), (33, 14), (32, 16), (32, 14), (31, 16), (31, 14), (30, 16), (30, 14), (30, 13), (29, 16), (30, 12), (31, 12), (32, 12), (33, 12), (34, 12), (34, 11), (34, 10), (33, 10), (32, 10), (31, 10), (30, 10), (28, 16), (30, 9), (29, 10), (30, 8), (31, 8), (32, 8), (33, 8), (34, 8), (34, 7), (34, 6), (33, 6), (32, 6), (31, 6), (30, 6), (30, 5), (29, 6), (30, 4), (31, 4), (32, 4), (33, 4), (34, 4), (30, 3), (31, 3), (34, 3), (34, 2), (34, 1), (33, 1), (32, 1), (27, 16), (31, 1), (30, 1), (29, 1), (28, 1), (27, 1), (26, 16), (27, 2), (27, 3), (26, 2), (27, 4), (27, 5), (25, 16), (27, 6), (27, 7), (25, 2), (27, 8), (27, 9), (25, 15), (26, 9), (24, 16), (25, 14), (25, 9), (26, 14), (24, 2), (27, 14), (27, 13), (27, 12), (27, 11), (26, 11), (24, 9), (25, 11), (23, 16), (23, 2), (24, 11), (23, 9), (24, 12), (23, 12), (22, 16), (22, 2), (22, 9), (22, 12), (21, 16), (21, 2), (21, 9), (21, 12), (20, 16), (20, 2), (20, 9), (20, 12), (20, 10), (20, 11), (19, 16), (19, 2), (19, 12), (19, 11), (18, 16), (18, 2), (18, 12), (17, 16), (17, 2), (17, 12), (17, 13), (16, 16), (16, 2), (16, 12), (17, 14), (16, 14), (15, 16), (15, 2), (15, 12), (15, 14), (15, 3), (14, 16), (14, 2), (15, 4), (14, 12), (16, 4), (14, 14), (17, 4), (18, 4), (19, 4), (20, 4), (21, 4), (19, 5), (21, 5), (22, 5), (23, 5), (24, 5), (24, 6), (24, 7), (23, 7), (22, 7), (21, 7), (19, 6), (20, 7), (19, 7), (18, 6), (17, 6), (16, 6), (14, 11), (15, 6), (13, 16), (13, 2), (13, 12), (14, 10), (13, 14), (14, 6), (15, 10), (16, 10), (17, 10), (17, 9), (17, 8), (16, 8), (15, 8), (13, 6), (14, 8), (12, 16), (12, 2), (12, 12), (12, 14), (13, 5), (13, 8), (13, 4), (12, 13), (12, 11), (12, 8)]",0.0008831237209960818,0,0.0008831237209960818
181,"(11, 16)","(12, 16)",West,"[(10, 16) via West]","[(11, 16):0.0009765623835846782, (11, 2):0.0009765838040038943, (12, 10):0.000976770999841392, (11, 8):0.001274317386560142, (11, 4):0.0013714049709960818]","[(11, 2):0.0009765838040038943, (12, 10):0.000976770999841392, (11, 8):0.001274317386560142, (11, 4):0.0013714049709960818, (10, 16):0.0019531248835846782]","[(34, 16), (34, 15), (33, 16), (34, 14), (33, 14), (32, 16), (32, 14), (31, 16), (31, 14), (30, 16), (30, 14), (30, 13), (29, 16), (30, 12), (31, 12), (32, 12), (33, 12), (34, 12), (34, 11), (34, 10), (33, 10), (32, 10), (31, 10), (30, 10), (28, 16), (30, 9), (29, 10), (30, 8), (31, 8), (32, 8), (33, 8), (34, 8), (34, 7), (34, 6), (33, 6), (32, 6), (31, 6), (30, 6), (30, 5), (29, 6), (30, 4), (31, 4), (32, 4), (33, 4), (34, 4), (30, 3), (31, 3), (34, 3), (34, 2), (34, 1), (33, 1), (32, 1), (27, 16), (31, 1), (30, 1), (29, 1), (28, 1), (27, 1), (26, 16), (27, 2), (27, 3), (26, 2), (27, 4), (27, 5), (25, 16), (27, 6), (27, 7), (25, 2), (27, 8), (27, 9), (25, 15), (26, 9), (24, 16), (25, 14), (25, 9), (26, 14), (24, 2), (27, 14), (27, 13), (27, 12), (27, 11), (26, 11), (24, 9), (25, 11), (23, 16), (23, 2), (24, 11), (23, 9), (24, 12), (23, 12), (22, 16), (22, 2), (22, 9), (22, 12), (21, 16), (21, 2), (21, 9), (21, 12), (20, 16), (20, 2), (20, 9), (20, 12), (20, 10), (20, 11), (19, 16), (19, 2), (19, 12), (19, 11), (18, 16), (18, 2), (18, 12), (17, 16), (17, 2), (17, 12), (17, 13), (16, 16), (16, 2), (16, 12), (17, 14), (16, 14), (15, 16), (15, 2), (15, 12), (15, 14), (15, 3), (14, 16), (14, 2), (15, 4), (14, 12), (16, 4), (14, 14), (17, 4), (18, 4), (19, 4), (20, 4), (21, 4), (19, 5), (21, 5), (22, 5), (23, 5), (24, 5), (24, 6), (24, 7), (23, 7), (22, 7), (21, 7), (19, 6), (20, 7), (19, 7), (18, 6), (17, 6), (16, 6), (14, 11), (15, 6), (13, 16), (13, 2), (13, 12), (14, 10), (13, 14), (14, 6), (15, 10), (16, 10), (17, 10), (17, 9), (17, 8), (16, 8), (15, 8), (13, 6), (14, 8), (12, 16), (12, 2), (12, 12), (12, 14), (13, 5), (13, 8), (13, 4), (12, 13), (12, 11), (12, 8), (12, 4)]",0.0009765623835846782,0,0.0009765623835846782
182,"(11, 2)","(12, 2)",West,"[(10, 2) via West]","[(11, 2):0.0009765838040038943, (12, 10):0.000976770999841392, (11, 8):0.001274317386560142, (11, 4):0.0013714049709960818, (10, 16):0.0019531248835846782]","[(12, 10):0.000976770999841392, (11, 8):0.001274317386560142, (11, 4):0.0013714049709960818, (10, 16):0.0019531248835846782, (10, 2):0.0019531463040038943]","[(34, 16), (34, 15), (33, 16), (34, 14), (33, 14), (32, 16), (32, 14), (31, 16), (31, 14), (30, 16), (30, 14), (30, 13), (29, 16), (30, 12), (31, 12), (32, 12), (33, 12), (34, 12), (34, 11), (34, 10), (33, 10), (32, 10), (31, 10), (30, 10), (28, 16), (30, 9), (29, 10), (30, 8), (31, 8), (32, 8), (33, 8), (34, 8), (34, 7), (34, 6), (33, 6), (32, 6), (31, 6), (30, 6), (30, 5), (29, 6), (30, 4), (31, 4), (32, 4), (33, 4), (34, 4), (30, 3), (31, 3), (34, 3), (34, 2), (34, 1), (33, 1), (32, 1), (27, 16), (31, 1), (30, 1), (29, 1), (28, 1), (27, 1), (26, 16), (27, 2), (27, 3), (26, 2), (27, 4), (27, 5), (25, 16), (27, 6), (27, 7), (25, 2), (27, 8), (27, 9), (25, 15), (26, 9), (24, 16), (25, 14), (25, 9), (26, 14), (24, 2), (27, 14), (27, 13), (27, 12), (27, 11), (26, 11), (24, 9), (25, 11), (23, 16), (23, 2), (24, 11), (23, 9), (24, 12), (23, 12), (22, 16), (22, 2), (22, 9), (22, 12), (21, 16), (21, 2), (21, 9), (21, 12), (20, 16), (20, 2), (20, 9), (20, 12), (20, 10), (20, 11), (19, 16), (19, 2), (19, 12), (19, 11), (18, 16), (18, 2), (18, 12), (17, 16), (17, 2), (17, 12), (17, 13), (16, 16), (16, 2), (16, 12), (17, 14), (16, 14), (15, 16), (15, 2), (15, 12), (15, 14), (15, 3), (14, 16), (14, 2), (15, 4), (14, 12), (16, 4), (14, 14), (17, 4), (18, 4), (19, 4), (20, 4), (21, 4), (19, 5), (21, 5), (22, 5), (23, 5), (24, 5), (24, 6), (24, 7), (23, 7), (22, 7), (21, 7), (19, 6), (20, 7), (19, 7), (18, 6), (17, 6), (16, 6), (14, 11), (15, 6), (13, 16), (13, 2), (13, 12), (14, 10), (13, 14), (14, 6), (15, 10), (16, 10), (17, 10), (17, 9), (17, 8), (16, 8), (15, 8), (13, 6), (14, 8), (12, 16), (12, 2), (12, 12), (12, 14), (13, 5), (13, 8), (13, 4), (12, 13), (12, 11), (12, 8), (12, 4), (11, 16)]",0.0009765838040038943,0,0.0009765838040038943
183,"(12, 10)","(12, 11)",South,"[(11, 10) via West]","[(12, 10):0.000976770999841392, (11, 8):0.001274317386560142, (11, 4):0.0013714049709960818, (10, 16):0.0019531248835846782, (10, 2):0.0019531463040038943]","[(11, 8):0.001274317386560142, (11, 4):0.0013714049709960818, (11, 10):0.001465052249841392, (10, 16):0.0019531248835846782, (10, 2):0.0019531463040038943]","[(34, 16), (34, 15), (33, 16), (34, 14), (33, 14), (32, 16), (32, 14), (31, 16), (31, 14), (30, 16), (30, 14), (30, 13), (29, 16), (30, 12), (31, 12), (32, 12), (33, 12), (34, 12), (34, 11), (34, 10), (33, 10), (32, 10), (31, 10), (30, 10), (28, 16), (30, 9), (29, 10), (30, 8), (31, 8), (32, 8), (33, 8), (34, 8), (34, 7), (34, 6), (33, 6), (32, 6), (31, 6), (30, 6), (30, 5), (29, 6), (30, 4), (31, 4), (32, 4), (33, 4), (34, 4), (30, 3), (31, 3), (34, 3), (34, 2), (34, 1), (33, 1), (32, 1), (27, 16), (31, 1), (30, 1), (29, 1), (28, 1), (27, 1), (26, 16), (27, 2), (27, 3), (26, 2), (27, 4), (27, 5), (25, 16), (27, 6), (27, 7), (25, 2), (27, 8), (27, 9), (25, 15), (26, 9), (24, 16), (25, 14), (25, 9), (26, 14), (24, 2), (27, 14), (27, 13), (27, 12), (27, 11), (26, 11), (24, 9), (25, 11), (23, 16), (23, 2), (24, 11), (23, 9), (24, 12), (23, 12), (22, 16), (22, 2), (22, 9), (22, 12), (21, 16), (21, 2), (21, 9), (21, 12), (20, 16), (20, 2), (20, 9), (20, 12), (20, 10), (20, 11), (19, 16), (19, 2), (19, 12), (19, 11), (18, 16), (18, 2), (18, 12), (17, 16), (17, 2), (17, 12), (17, 13), (16, 16), (16, 2), (16, 12), (17, 14), (16, 14), (15, 16), (15, 2), (15, 12), (15, 14), (15, 3), (14, 16), (14, 2), (15, 4), (14, 12), (16, 4), (14, 14), (17, 4), (18, 4), (19, 4), (20, 4), (21, 4), (19, 5), (21, 5), (22, 5), (23, 5), (24, 5), (24, 6), (24, 7), (23, 7), (22, 7), (21, 7), (19, 6), (20, 7), (19, 7), (18, 6), (17, 6), (16, 6), (14, 11), (15, 6), (13, 16), (13, 2), (13, 12), (14, 10), (13, 14), (14, 6), (15, 10), (16, 10), (17, 10), (17, 9), (17, 8), (16, 8), (15, 8), (13, 6), (14, 8), (12, 16), (12, 2), (12, 12), (12, 14), (13, 5), (13, 8), (13, 4), (12, 13), (12, 11), (12, 8), (12, 4), (11, 16), (11, 2)]",0.000976770999841392,0,0.000976770999841392
184,"(11, 8)","(12, 8)",West,"[(11, 7) via South]","[(11, 8):0.001274317386560142, (11, 4):0.0013714049709960818, (11, 10):0.001465052249841392, (10, 16):0.0019531248835846782, (10, 2):0.0019531463040038943]","[(11, 4):0.0013714049709960818, (11, 10):0.001465052249841392, (11, 7):0.001762598636560142, (10, 16):0.0019531248835846782, (10, 2):0.0019531463040038943]","[(34, 16), (34, 15), (33, 16), (34, 14), (33, 14), (32, 16), (32, 14), (31, 16), (31, 14), (30, 16), (30, 14), (30, 13), (29, 16), (30, 12), (31, 12), (32, 12), (33, 12), (34, 12), (34, 11), (34, 10), (33, 10), (32, 10), (31, 10), (30, 10), (28, 16), (30, 9), (29, 10), (30, 8), (31, 8), (32, 8), (33, 8), (34, 8), (34, 7), (34, 6), (33, 6), (32, 6), (31, 6), (30, 6), (30, 5), (29, 6), (30, 4), (31, 4), (32, 4), (33, 4), (34, 4), (30, 3), (31, 3), (34, 3), (34, 2), (34, 1), (33, 1), (32, 1), (27, 16), (31, 1), (30, 1), (29, 1), (28, 1), (27, 1), (26, 16), (27, 2), (27, 3), (26, 2), (27, 4), (27, 5), (25, 16), (27, 6), (27, 7), (25, 2), (27, 8), (27, 9), (25, 15), (26, 9), (24, 16), (25, 14), (25, 9), (26, 14), (24, 2), (27, 14), (27, 13), (27, 12), (27, 11), (26, 11), (24, 9), (25, 11), (23, 16), (23, 2), (24, 11), (23, 9), (24, 12), (23, 12), (22, 16), (22, 2), (22, 9), (22, 12), (21, 16), (21, 2), (21, 9), (21, 12), (20, 16), (20, 2), (20, 9), (20, 12), (20, 10), (20, 11), (19, 16), (19, 2), (19, 12), (19, 11), (18, 16), (18, 2), (18, 12), (17, 16), (17, 2), (17, 12), (17, 13), (16, 16), (16, 2), (16, 12), (17, 14), (16, 14), (15, 16), (15, 2), (15, 12), (15, 14), (15, 3), (14, 16), (14, 2), (15, 4), (14, 12), (16, 4), (14, 14), (17, 4), (18, 4), (19, 4), (20, 4), (21, 4), (19, 5), (21, 5), (22, 5), (23, 5), (24, 5), (24, 6), (24, 7), (23, 7), (22, 7), (21, 7), (19, 6), (20, 7), (19, 7), (18, 6), (17, 6), (16, 6), (14, 11), (15, 6), (13, 16), (13, 2), (13, 12), (14, 10), (13, 14), (14, 6), (15, 10), (16, 10), (17, 10), (17, 9), (17, 8), (16, 8), (15, 8), (13, 6), (14, 8), (12, 16), (12, 2), (12, 12), (12, 14), (13, 5), (13, 8), (13, 4), (12, 13), (12, 11), (12, 8), (12, 4), (11, 16), (11, 2), (12, 10)]",0.001274317386560142,0,0.001274317386560142
185,"(11, 4)","(12, 4)",West,"[(10, 4) via West]","[(11, 4):0.0013714049709960818, (11, 10):0.001465052249841392, (11, 7):0.001762598636560142, (10, 16):0.0019531248835846782, (10, 2):0.0019531463040038943]","[(11, 10):0.001465052249841392, (11, 7):0.001762598636560142, (10, 16):0.0019531248835846782, (10, 2):0.0019531463040038943, (10, 4):0.002347967470996082]","[(34, 16), (34, 15), (33, 16), (34, 14), (33, 14), (32, 16), (32, 14), (31, 16), (31, 14), (30, 16), (30, 14), (30, 13), (29, 16), (30, 12), (31, 12), (32, 12), (33, 12), (34, 12), (34, 11), (34, 10), (33, 10), (32, 10), (31, 10), (30, 10), (28, 16), (30, 9), (29, 10), (30, 8), (31, 8), (32, 8), (33, 8), (34, 8), (34, 7), (34, 6), (33, 6), (32, 6), (31, 6), (30, 6), (30, 5), (29, 6), (30, 4), (31, 4), (32, 4), (33, 4), (34, 4), (30, 3), (31, 3), (34, 3), (34, 2), (34, 1), (33, 1), (32, 1), (27, 16), (31, 1), (30, 1), (29, 1), (28, 1), (27, 1), (26, 16), (27, 2), (27, 3), (26, 2), (27, 4), (27, 5), (25, 16), (27, 6), (27, 7), (25, 2), (27, 8), (27, 9), (25, 15), (26, 9), (24, 16), (25, 14), (25, 9), (26, 14), (24, 2), (27, 14), (27, 13), (27, 12), (27, 11), (26, 11), (24, 9), (25, 11), (23, 16), (23, 2), (24, 11), (23, 9), (24, 12), (23, 12), (22, 16), (22, 2), (22, 9), (22, 12), (21, 16), (21, 2), (21, 9), (21, 12), (20, 16), (20, 2), (20, 9), (20, 12), (20, 10), (20, 11), (19, 16), (19, 2), (19, 12), (19, 11), (18, 16), (18, 2), (18, 12), (17, 16), (17, 2), (17, 12), (17, 13), (16, 16), (16, 2), (16, 12), (17, 14), (16, 14), (15, 16), (15, 2), (15, 12), (15, 14), (15, 3), (14, 16), (14, 2), (15, 4), (14, 12), (16, 4), (14, 14), (17, 4), (18, 4), (19, 4), (20, 4), (21, 4), (19, 5), (21, 5), (22, 5), (23, 5), (24, 5), (24, 6), (24, 7), (23, 7), (22, 7), (21, 7), (19, 6), (20, 7), (19, 7), (18, 6), (17, 6), (16, 6), (14, 11), (15, 6), (13, 16), (13, 2), (13, 12), (14, 10), (13, 14), (14, 6), (15, 10), (16, 10), (17, 10), (17, 9), (17, 8), (16, 8), (15, 8), (13, 6), (14, 8), (12, 16), (12, 2), (12, 12), (12, 14), (13, 5), (13, 8), (13, 4), (12, 13), (12, 11), (12, 8), (12, 4), (11, 16), (11, 2), (12, 10), (11, 8)]",0.0013714049709960818,0,0.0013714049709960818
186,"(11, 10)","(12, 10)",West,"[(10, 10) via West]","[(11, 10):0.001465052249841392, (11, 7):0.001762598636560142, (10, 16):0.0019531248835846782, (10, 2):0.0019531463040038943, (10, 4):0.002347967470996082]","[(11, 7):0.001762598636560142, (10, 16):0.0019531248835846782, (10, 2):0.0019531463040038943, (10, 4):0.002347967470996082, (10, 10):0.002441614749841392]","[(34, 16), (34, 15), (33, 16), (34, 14), (33, 14), (32, 16), (32, 14), (31, 16), (31, 14), (30, 16), (30, 14), (30, 13), (29, 16), (30, 12), (31, 12), (32, 12), (33, 12), (34, 12), (34, 11), (34, 10), (33, 10), (32, 10), (31, 10), (30, 10), (28, 16), (30, 9), (29, 10), (30, 8), (31, 8), (32, 8), (33, 8), (34, 8), (34, 7), (34, 6), (33, 6), (32, 6), (31, 6), (30, 6), (30, 5), (29, 6), (30, 4), (31, 4), (32, 4), (33, 4), (34, 4), (30, 3), (31, 3), (34, 3), (34, 2), (34, 1), (33, 1), (32, 1), (27, 16), (31, 1), (30, 1), (29, 1), (28, 1), (27, 1), (26, 16), (27, 2), (27, 3), (26, 2), (27, 4), (27, 5), (25, 16), (27, 6), (27, 7), (25, 2), (27, 8), (27, 9), (25, 15), (26, 9), (24, 16), (25, 14), (25, 9), (26, 14), (24, 2), (27, 14), (27, 13), (27, 12), (27, 11), (26, 11), (24, 9), (25, 11), (23, 16), (23, 2), (24, 11), (23, 9), (24, 12), (23, 12), (22, 16), (22, 2), (22, 9), (22, 12), (21, 16), (21, 2), (21, 9), (21, 12), (20, 16), (20, 2), (20, 9), (20, 12), (20, 10), (20, 11), (19, 16), (19, 2), (19, 12), (19, 11), (18, 16), (18, 2), (18, 12), (17, 16), (17, 2), (17, 12), (17, 13), (16, 16), (16, 2), (16, 12), (17, 14), (16, 14), (15, 16), (15, 2), (15, 12), (15, 14), (15, 3), (14, 16), (14, 2), (15, 4), (14, 12), (16, 4), (14, 14), (17, 4), (18, 4), (19, 4), (20, 4), (21, 4), (19, 5), (21, 5), (22, 5), (23, 5), (24, 5), (24, 6), (24, 7), (23, 7), (22, 7), (21, 7), (19, 6), (20, 7), (19, 7), (18, 6), (17, 6), (16, 6), (14, 11), (15, 6), (13, 16), (13, 2), (13, 12), (14, 10), (13, 14), (14, 6), (15, 10), (16, 10), (17, 10), (17, 9), (17, 8), (16, 8), (15, 8), (13, 6), (14, 8), (12, 16), (12, 2), (12, 12), (12, 14), (13, 5), (13, 8), (13, 4), (12, 13), (12, 11), (12, 8), (12, 4), (11, 16), (11, 2), (12, 10), (11, 8), (11, 4)]",0.001465052249841392,0,0.001465052249841392
187,"(11, 7)","(11, 8)",South,"[(11, 6) via South]","[(11, 7):0.001762598636560142, (10, 16):0.0019531248835846782, (10, 2):0.0019531463040038943, (10, 4):0.002347967470996082, (10, 10):0.002441614749841392]","[(10, 16):0.0019531248835846782, (10, 2):0.0019531463040038943, (11, 6):0.002250879886560142, (10, 4):0.002347967470996082, (10, 10):0.002441614749841392]","[(34, 16), (34, 15), (33, 16), (34, 14), (33, 14), (32, 16), (32, 14), (31, 16), (31, 14), (30, 16), (30, 14), (30, 13), (29, 16), (30, 12), (31, 12), (32, 12), (33, 12), (34, 12), (34, 11), (34, 10), (33, 10), (32, 10), (31, 10), (30, 10), (28, 16), (30, 9), (29, 10), (30, 8), (31, 8), (32, 8), (33, 8), (34, 8), (34, 7), (34, 6), (33, 6), (32, 6), (31, 6), (30, 6), (30, 5), (29, 6), (30, 4), (31, 4), (32, 4), (33, 4), (34, 4), (30, 3), (31, 3), (34, 3), (34, 2), (34, 1), (33, 1), (32, 1), (27, 16), (31, 1), (30, 1), (29, 1), (28, 1), (27, 1), (26, 16), (27, 2), (27, 3), (26, 2), (27, 4), (27, 5), (25, 16), (27, 6), (27, 7), (25, 2), (27, 8), (27, 9), (25, 15), (26, 9), (24, 16), (25, 14), (25, 9), (26, 14), (24, 2), (27, 14), (27, 13), (27, 12), (27, 11), (26, 11), (24, 9), (25, 11), (23, 16), (23, 2), (24, 11), (23, 9), (24, 12), (23, 12), (22, 16), (22, 2), (22, 9), (22, 12), (21, 16), (21, 2), (21, 9), (21, 12), (20, 16), (20, 2), (20, 9), (20, 12), (20, 10), (20, 11), (19, 16), (19, 2), (19, 12), (19, 11), (18, 16), (18, 2), (18, 12), (17, 16), (17, 2), (17, 12), (17, 13), (16, 16), (16, 2), (16, 12), (17, 14), (16, 14), (15, 16), (15, 2), (15, 12), (15, 14), (15, 3), (14, 16), (14, 2), (15, 4), (14, 12), (16, 4), (14, 14), (17, 4), (18, 4), (19, 4), (20, 4), (21, 4), (19, 5), (21, 5), (22, 5), (23, 5), (24, 5), (24, 6), (24, 7), (23, 7), (22, 7), (21, 7), (19, 6), (20, 7), (19, 7), (18, 6), (17, 6), (16, 6), (14, 11), (15, 6), (13, 16), (13, 2), (13, 12), (14, 10), (13, 14), (14, 6), (15, 10), (16, 10), (17, 10), (17, 9), (17, 8), (16, 8), (15, 8), (13, 6), (14, 8), (12, 16), (12, 2), (12, 12), (12, 14), (13, 5), (13, 8), (13, 4), (12, 13), (12, 11), (12, 8), (12, 4), (11, 16), (11, 2), (12, 10), (11, 8), (11, 4), (11, 10)]",0.001762598636560142,0,0.001762598636560142
188,"(10, 16)","(11, 16)",West,"[(9, 16) via West]","[(10, 16):0.0019531248835846782, (10, 2):0.0019531463040038943, (11, 6):0.002250879886560142, (10, 4):0.002347967470996082, (10, 10):0.002441614749841392]","[(10, 2):0.0019531463040038943, (11, 6):0.002250879886560142, (10, 4):0.002347967470996082, (10, 10):0.002441614749841392, (9, 16):0.003906249883584678]","[(34, 16), (34, 15), (33, 16), (34, 14), (33, 14), (32, 16), (32, 14), (31, 16), (31, 14), (30, 16), (30, 14), (30, 13), (29, 16), (30, 12), (31, 12), (32, 12), (33, 12), (34, 12), (34, 11), (34, 10), (33, 10), (32, 10), (31, 10), (30, 10), (28, 16), (30, 9), (29, 10), (30, 8), (31, 8), (32, 8), (33, 8), (34, 8), (34, 7), (34, 6), (33, 6), (32, 6), (31, 6), (30, 6), (30, 5), (29, 6), (30, 4), (31, 4), (32, 4), (33, 4), (34, 4), (30, 3), (31, 3), (34, 3), (34, 2), (34, 1), (33, 1), (32, 1), (27, 16), (31, 1), (30, 1), (29, 1), (28, 1), (27, 1), (26, 16), (27, 2), (27, 3), (26, 2), (27, 4), (27, 5), (25, 16), (27, 6), (27, 7), (25, 2), (27, 8), (27, 9), (25, 15), (26, 9), (24, 16), (25, 14), (25, 9), (26, 14), (24, 2), (27, 14), (27, 13), (27, 12), (27, 11), (26, 11), (24, 9), (25, 11), (23, 16), (23, 2), (24, 11), (23, 9), (24, 12), (23, 12), (22, 16), (22, 2), (22, 9), (22, 12), (21, 16), (21, 2), (21, 9), (21, 12), (20, 16), (20, 2), (20, 9), (20, 12), (20, 10), (20, 11), (19, 16), (19, 2), (19, 12), (19, 11), (18, 16), (18, 2), (18, 12), (17, 16), (17, 2), (17, 12), (17, 13), (16, 16), (16, 2), (16, 12), (17, 14), (16, 14), (15, 16), (15, 2), (15, 12), (15, 14), (15, 3), (14, 16), (14, 2), (15, 4), (14, 12), (16, 4), (14, 14), (17, 4), (18, 4), (19, 4), (20, 4), (21, 4), (19, 5), (21, 5), (22, 5), (23, 5), (24, 5), (24, 6), (24, 7), (23, 7), (22, 7), (21, 7), (19, 6), (20, 7), (19, 7), (18, 6), (17, 6), (16, 6), (14, 11), (15, 6), (13, 16), (13, 2), (13, 12), (14, 10), (13, 14), (14, 6), (15, 10), (16, 10), (17, 10), (17, 9), (17, 8), (16, 8), (15, 8), (13, 6), (14, 8), (12, 16), (12, 2), (12, 12), (12, 14), (13, 5), (13, 8), (13, 4), (12, 13), (12, 11), (12, 8), (12, 4), (11, 16), (11, 2), (12, 10), (11, 8), (11, 4), (11, 10), (11, 7)]",0.0019531248835846782,0,0.0019531248835846782
189,"(10, 2)","(11, 2)",West,"[(10, 1) via South]","[(10, 2):0.0019531463040038943, (11, 6):0.002250879886560142, (10, 4):0.002347967470996082, (10, 10):0.002441614749841392, (9, 16):0.003906249883584678]","[(11, 6):0.002250879886560142, (10, 4):0.002347967470996082, (10, 10):0.002441614749841392, (10, 1):0.0029297088040038943, (9, 16):0.003906249883584678]","[(34, 16), (34, 15), (33, 16), (34, 14), (33, 14), (32, 16), (32, 14), (31, 16), (31, 14), (30, 16), (30, 14), (30, 13), (29, 16), (30, 12), (31, 12), (32, 12), (33, 12), (34, 12), (34, 11), (34, 10), (33, 10), (32, 10), (31, 10), (30, 10), (28, 16), (30, 9), (29, 10), (30, 8), (31, 8), (32, 8), (33, 8), (34, 8), (34, 7), (34, 6), (33, 6), (32, 6), (31, 6), (30, 6), (30, 5), (29, 6), (30, 4), (31, 4), (32, 4), (33, 4), (34, 4), (30, 3), (31, 3), (34, 3), (34, 2), (34, 1), (33, 1), (32, 1), (27, 16), (31, 1), (30, 1), (29, 1), (28, 1), (27, 1), (26, 16), (27, 2), (27, 3), (26, 2), (27, 4), (27, 5), (25, 16), (27, 6), (27, 7), (25, 2), (27, 8), (27, 9), (25, 15), (26, 9), (24, 16), (25, 14), (25, 9), (26, 14), (24, 2), (27, 14), (27, 13), (27, 12), (27, 11), (26, 11), (24, 9), (25, 11), (23, 16), (23, 2), (24, 11), (23, 9), (24, 12), (23, 12), (22, 16), (22, 2), (22, 9), (22, 12), (21, 16), (21, 2), (21, 9), (21, 12), (20, 16), (20, 2), (20, 9), (20, 12), (20, 10), (20, 11), (19, 16), (19, 2), (19, 12), (19, 11), (18, 16), (18, 2), (18, 12), (17, 16), (17, 2), (17, 12), (17, 13), (16, 16), (16, 2), (16, 12), (17, 14), (16, 14), (15, 16), (15, 2), (15, 12), (15, 14), (15, 3), (14, 16), (14, 2), (15, 4), (14, 12), (16, 4), (14, 14), (17, 4), (18, 4), (19, 4), (20, 4), (21, 4), (19, 5), (21, 5), (22, 5), (23, 5), (24, 5), (24, 6), (24, 7), (23, 7), (22, 7), (21, 7), (19, 6), (20, 7), (19, 7), (18, 6), (17, 6), (16, 6), (14, 11), (15, 6), (13, 16), (13, 2), (13, 12), (14, 10), (13, 14), (14, 6), (15, 10), (16, 10), (17, 10), (17, 9), (17, 8), (16, 8), (15, 8), (13, 6), (14, 8), (12, 16), (12, 2), (12, 12), (12, 14), (13, 5), (13, 8), (13, 4), (12, 13), (12, 11), (12, 8), (12, 4), (11, 16), (11, 2), (12, 10), (11, 8), (11, 4), (11, 10), (11, 7), (10, 16)]",0.0019531463040038943,0,0.0019531463040038943
190,"(11, 6)","(11, 7)",South,"[(10, 6) via West]","[(11, 6):0.002250879886560142, (10, 4):0.002347967470996082, (10, 10):0.002441614749841392, (10, 1):0.0029297088040038943, (9, 16):0.003906249883584678]","[(10, 4):0.002347967470996082, (10, 10):0.002441614749841392, (10, 1):0.0029297088040038943, (10, 6):0.003227442386560142, (9, 16):0.003906249883584678]","[(34, 16), (34, 15), (33, 16), (34, 14), (33, 14), (32, 16), (32, 14), (31, 16), (31, 14), (30, 16), (30, 14), (30, 13), (29, 16), (30, 12), (31, 12), (32, 12), (33, 12), (34, 12), (34, 11), (34, 10), (33, 10), (32, 10), (31, 10), (30, 10), (28, 16), (30, 9), (29, 10), (30, 8), (31, 8), (32, 8), (33, 8), (34, 8), (34, 7), (34, 6), (33, 6), (32, 6), (31, 6), (30, 6), (30, 5), (29, 6), (30, 4), (31, 4), (32, 4), (33, 4), (34, 4), (30, 3), (31, 3), (34, 3), (34, 2), (34, 1), (33, 1), (32, 1), (27, 16), (31, 1), (30, 1), (29, 1), (28, 1), (27, 1), (26, 16), (27, 2), (27, 3), (26, 2), (27, 4), (27, 5), (25, 16), (27, 6), (27, 7), (25, 2), (27, 8), (27, 9), (25, 15), (26, 9), (24, 16), (25, 14), (25, 9), (26, 14), (24, 2), (27, 14), (27, 13), (27, 12), (27, 11), (26, 11), (24, 9), (25, 11), (23, 16), (23, 2), (24, 11), (23, 9), (24, 12), (23, 12), (22, 16), (22, 2), (22, 9), (22, 12), (21, 16), (21, 2), (21, 9), (21, 12), (20, 16), (20, 2), (20, 9), (20, 12), (20, 10), (20, 11), (19, 16), (19, 2), (19, 12), (19, 11), (18, 16), (18, 2), (18, 12), (17, 16), (17, 2), (17, 12), (17, 13), (16, 16), (16, 2), (16, 12), (17, 14), (16, 14), (15, 16), (15, 2), (15, 12), (15, 14), (15, 3), (14, 16), (14, 2), (15, 4), (14, 12), (16, 4), (14, 14), (17, 4), (18, 4), (19, 4), (20, 4), (21, 4), (19, 5), (21, 5), (22, 5), (23, 5), (24, 5), (24, 6), (24, 7), (23, 7), (22, 7), (21, 7), (19, 6), (20, 7), (19, 7), (18, 6), (17, 6), (16, 6), (14, 11), (15, 6), (13, 16), (13, 2), (13, 12), (14, 10), (13, 14), (14, 6), (15, 10), (16, 10), (17, 10), (17, 9), (17, 8), (16, 8), (15, 8), (13, 6), (14, 8), (12, 16), (12, 2), (12, 12), (12, 14), (13, 5), (13, 8), (13, 4), (12, 13), (12, 11), (12, 8), (12, 4), (11, 16), (11, 2), (12, 10), (11, 8), (11, 4), (11, 10), (11, 7), (10, 16), (10, 2)]",0.002250879886560142,0,0.002250879886560142
191,"(10, 4)","(11, 4)",West,"[(9, 4) via West]","[(10, 4):0.002347967470996082, (10, 10):0.002441614749841392, (10, 1):0.0029297088040038943, (10, 6):0.003227442386560142, (9, 16):0.003906249883584678]","[(10, 10):0.002441614749841392, (10, 1):0.0029297088040038943, (10, 6):0.003227442386560142, (9, 16):0.003906249883584678, (9, 4):0.004301092470996082]","[(34, 16), (34, 15), (33, 16), (34, 14), (33, 14), (32, 16), (32, 14), (31, 16), (31, 14), (30, 16), (30, 14), (30, 13), (29, 16), (30, 12), (31, 12), (32, 12), (33, 12), (34, 12), (34, 11), (34, 10), (33, 10), (32, 10), (31, 10), (30, 10), (28, 16), (30, 9), (29, 10), (30, 8), (31, 8), (32, 8), (33, 8), (34, 8), (34, 7), (34, 6), (33, 6), (32, 6), (31, 6), (30, 6), (30, 5), (29, 6), (30, 4), (31, 4), (32, 4), (33, 4), (34, 4), (30, 3), (31, 3), (34, 3), (34, 2), (34, 1), (33, 1), (32, 1), (27, 16), (31, 1), (30, 1), (29, 1), (28, 1), (27, 1), (26, 16), (27, 2), (27, 3), (26, 2), (27, 4), (27, 5), (25, 16), (27, 6), (27, 7), (25, 2), (27, 8), (27, 9), (25, 15), (26, 9), (24, 16), (25, 14), (25, 9), (26, 14), (24, 2), (27, 14), (27, 13), (27, 12), (27, 11), (26, 11), (24, 9), (25, 11), (23, 16), (23, 2), (24, 11), (23, 9), (24, 12), (23, 12), (22, 16), (22, 2), (22, 9), (22, 12), (21, 16), (21, 2), (21, 9), (21, 12), (20, 16), (20, 2), (20, 9), (20, 12), (20, 10), (20, 11), (19, 16), (19, 2), (19, 12), (19, 11), (18, 16), (18, 2), (18, 12), (17, 16), (17, 2), (17, 12), (17, 13), (16, 16), (16, 2), (16, 12), (17, 14), (16, 14), (15, 16), (15, 2), (15, 12), (15, 14), (15, 3), (14, 16), (14, 2), (15, 4), (14, 12), (16, 4), (14, 14), (17, 4), (18, 4), (19, 4), (20, 4), (21, 4), (19, 5), (21, 5), (22, 5), (23, 5), (24, 5), (24, 6), (24, 7), (23, 7), (22, 7), (21, 7), (19, 6), (20, 7), (19, 7), (18, 6), (17, 6), (16, 6), (14, 11), (15, 6), (13, 16), (13, 2), (13, 12), (14, 10), (13, 14), (14, 6), (15, 10), (16, 10), (17, 10), (17, 9), (17, 8), (16, 8), (15, 8), (13, 6), (14, 8), (12, 16), (12, 2), (12, 12), (12, 14), (13, 5), (13, 8), (13, 4), (12, 13), (12, 11), (12, 8), (12, 4), (11, 16), (11, 2), (12, 10), (11, 8), (11, 4), (11, 10), (11, 7), (10, 16), (10, 2), (11, 6)]",0.002347967470996082,0,0.002347967470996082
192,"(10, 10)","(11, 10)",West,"[(10, 11) via North]","[(10, 10):0.002441614749841392, (10, 1):0.0029297088040038943, (10, 6):0.003227442386560142, (9, 16):0.003906249883584678, (9, 4):0.004301092470996082]","[(10, 1):0.0029297088040038943, (10, 6):0.003227442386560142, (10, 11):0.003418177249841392, (9, 16):0.003906249883584678, (9, 4):0.004301092470996082]","[(34, 16), (34, 15), (33, 16), (34, 14), (33, 14), (32, 16), (32, 14), (31, 16), (31, 14), (30, 16), (30, 14), (30, 13), (29, 16), (30, 12), (31, 12), (32, 12), (33, 12), (34, 12), (34, 11), (34, 10), (33, 10), (32, 10), (31, 10), (30, 10), (28, 16), (30, 9), (29, 10), (30, 8), (31, 8), (32, 8), (33, 8), (34, 8), (34, 7), (34, 6), (33, 6), (32, 6), (31, 6), (30, 6), (30, 5), (29, 6), (30, 4), (31, 4), (32, 4), (33, 4), (34, 4), (30, 3), (31, 3), (34, 3), (34, 2), (34, 1), (33, 1), (32, 1), (27, 16), (31, 1), (30, 1), (29, 1), (28, 1), (27, 1), (26, 16), (27, 2), (27, 3), (26, 2), (27, 4), (27, 5), (25, 16), (27, 6), (27, 7), (25, 2), (27, 8), (27, 9), (25, 15), (26, 9), (24, 16), (25, 14), (25, 9), (26, 14), (24, 2), (27, 14), (27, 13), (27, 12), (27, 11), (26, 11), (24, 9), (25, 11), (23, 16), (23, 2), (24, 11), (23, 9), (24, 12), (23, 12), (22, 16), (22, 2), (22, 9), (22, 12), (21, 16), (21, 2), (21, 9), (21, 12), (20, 16), (20, 2), (20, 9), (20, 12), (20, 10), (20, 11), (19, 16), (19, 2), (19, 12), (19, 11), (18, 16), (18, 2), (18, 12), (17, 16), (17, 2), (17, 12), (17, 13), (16, 16), (16, 2), (16, 12), (17, 14), (16, 14), (15, 16), (15, 2), (15, 12), (15, 14), (15, 3), (14, 16), (14, 2), (15, 4), (14, 12), (16, 4), (14, 14), (17, 4), (18, 4), (19, 4), (20, 4), (21, 4), (19, 5), (21, 5), (22, 5), (23, 5), (24, 5), (24, 6), (24, 7), (23, 7), (22, 7), (21, 7), (19, 6), (20, 7), (19, 7), (18, 6), (17, 6), (16, 6), (14, 11), (15, 6), (13, 16), (13, 2), (13, 12), (14, 10), (13, 14), (14, 6), (15, 10), (16, 10), (17, 10), (17, 9), (17, 8), (16, 8), (15, 8), (13, 6), (14, 8), (12, 16), (12, 2), (12, 12), (12, 14), (13, 5), (13, 8), (13, 4), (12, 13), (12, 11), (12, 8), (12, 4), (11, 16), (11, 2), (12, 10), (11, 8), (11, 4), (11, 10), (11, 7), (10, 16), (10, 2), (11, 6), (10, 4)]",0.002441614749841392,0,0.002441614749841392
193,"(10, 1)","(10, 2)",South,"[(9, 1) via West]","[(10, 1):0.0029297088040038943, (10, 6):0.003227442386560142, (10, 11):0.003418177249841392, (9, 16):0.003906249883584678, (9, 4):0.004301092470996082]","[(10, 6):0.003227442386560142, (10, 11):0.003418177249841392, (9, 16):0.003906249883584678, (9, 4):0.004301092470996082, (9, 1):0.004882833804003894]","[(34, 16), (34, 15), (33, 16), (34, 14), (33, 14), (32, 16), (32, 14), (31, 16), (31, 14), (30, 16), (30, 14), (30, 13), (29, 16), (30, 12), (31, 12), (32, 12), (33, 12), (34, 12), (34, 11), (34, 10), (33, 10), (32, 10), (31, 10), (30, 10), (28, 16), (30, 9), (29, 10), (30, 8), (31, 8), (32, 8), (33, 8), (34, 8), (34, 7), (34, 6), (33, 6), (32, 6), (31, 6), (30, 6), (30, 5), (29, 6), (30, 4), (31, 4), (32, 4), (33, 4), (34, 4), (30, 3), (31, 3), (34, 3), (34, 2), (34, 1), (33, 1), (32, 1), (27, 16), (31, 1), (30, 1), (29, 1), (28, 1), (27, 1), (26, 16), (27, 2), (27, 3), (26, 2), (27, 4), (27, 5), (25, 16), (27, 6), (27, 7), (25, 2), (27, 8), (27, 9), (25, 15), (26, 9), (24, 16), (25, 14), (25, 9), (26, 14), (24, 2), (27, 14), (27, 13), (27, 12), (27, 11), (26, 11), (24, 9), (25, 11), (23, 16), (23, 2), (24, 11), (23, 9), (24, 12), (23, 12), (22, 16), (22, 2), (22, 9), (22, 12), (21, 16), (21, 2), (21, 9), (21, 12), (20, 16), (20, 2), (20, 9), (20, 12), (20, 10), (20, 11), (19, 16), (19, 2), (19, 12), (19, 11), (18, 16), (18, 2), (18, 12), (17, 16), (17, 2), (17, 12), (17, 13), (16, 16), (16, 2), (16, 12), (17, 14), (16, 14), (15, 16), (15, 2), (15, 12), (15, 14), (15, 3), (14, 16), (14, 2), (15, 4), (14, 12), (16, 4), (14, 14), (17, 4), (18, 4), (19, 4), (20, 4), (21, 4), (19, 5), (21, 5), (22, 5), (23, 5), (24, 5), (24, 6), (24, 7), (23, 7), (22, 7), (21, 7), (19, 6), (20, 7), (19, 7), (18, 6), (17, 6), (16, 6), (14, 11), (15, 6), (13, 16), (13, 2), (13, 12), (14, 10), (13, 14), (14, 6), (15, 10), (16, 10), (17, 10), (17, 9), (17, 8), (16, 8), (15, 8), (13, 6), (14, 8), (12, 16), (12, 2), (12, 12), (12, 14), (13, 5), (13, 8), (13, 4), (12, 13), (12, 11), (12, 8), (12, 4), (11, 16), (11, 2), (12, 10), (11, 8), (11, 4), (11, 10), (11, 7), (10, 16), (10, 2), (11, 6), (10, 4), (10, 10)]",0.0029297088040038943,0,0.0029297088040038943
194,"(10, 6)","(11, 6)",West,"[(9, 6) via West]","[(10, 6):0.003227442386560142, (10, 11):0.003418177249841392, (9, 16):0.003906249883584678, (9, 4):0.004301092470996082, (9, 1):0.004882833804003894]","[(10, 11):0.003418177249841392, (9, 16):0.003906249883584678, (9, 4):0.004301092470996082, (9, 1):0.004882833804003894, (9, 6):0.005180567386560142]","[(34, 16), (34, 15), (33, 16), (34, 14), (33, 14), (32, 16), (32, 14), (31, 16), (31, 14), (30, 16), (30, 14), (30, 13), (29, 16), (30, 12), (31, 12), (32, 12), (33, 12), (34, 12), (34, 11), (34, 10), (33, 10), (32, 10), (31, 10), (30, 10), (28, 16), (30, 9), (29, 10), (30, 8), (31, 8), (32, 8), (33, 8), (34, 8), (34, 7), (34, 6), (33, 6), (32, 6), (31, 6), (30, 6), (30, 5), (29, 6), (30, 4), (31, 4), (32, 4), (33, 4), (34, 4), (30, 3), (31, 3), (34, 3), (34, 2), (34, 1), (33, 1), (32, 1), (27, 16), (31, 1), (30, 1), (29, 1), (28, 1), (27, 1), (26, 16), (27, 2), (27, 3), (26, 2), (27, 4), (27, 5), (25, 16), (27, 6), (27, 7), (25, 2), (27, 8), (27, 9), (25, 15), (26, 9), (24, 16), (25, 14), (25, 9), (26, 14), (24, 2), (27, 14), (27, 13), (27, 12), (27, 11), (26, 11), (24, 9), (25, 11), (23, 16), (23, 2), (24, 11), (23, 9), (24, 12), (23, 12), (22, 16), (22, 2), (22, 9), (22, 12), (21, 16), (21, 2), (21, 9), (21, 12), (20, 16), (20, 2), (20, 9), (20, 12), (20, 10), (20, 11), (19, 16), (19, 2), (19, 12), (19, 11), (18, 16), (18, 2), (18, 12), (17, 16), (17, 2), (17, 12), (17, 13), (16, 16), (16, 2), (16, 12), (17, 14), (16, 14), (15, 16), (15, 2), (15, 12), (15, 14), (15, 3), (14, 16), (14, 2), (15, 4), (14, 12), (16, 4), (14, 14), (17, 4), (18, 4), (19, 4), (20, 4), (21, 4), (19, 5), (21, 5), (22, 5), (23, 5), (24, 5), (24, 6), (24, 7), (23, 7), (22, 7), (21, 7), (19, 6), (20, 7), (19, 7), (18, 6), (17, 6), (16, 6), (14, 11), (15, 6), (13, 16), (13, 2), (13, 12), (14, 10), (13, 14), (14, 6), (15, 10), (16, 10), (17, 10), (17, 9), (17, 8), (16, 8), (15, 8), (13, 6), (14, 8), (12, 16), (12, 2), (12, 12), (12, 14), (13, 5), (13, 8), (13, 4), (12, 13), (12, 11), (12, 8), (12, 4), (11, 16), (11, 2), (12, 10), (11, 8), (11, 4), (11, 10), (11, 7), (10, 16), (10, 2), (11, 6), (10, 4), (10, 10), (10, 1)]",0.003227442386560142,0,0.003227442386560142
195,"(10, 11)","(10, 10)",North,"[(10, 12) via North]","[(10, 11):0.003418177249841392, (9, 16):0.003906249883584678, (9, 4):0.004301092470996082, (9, 1):0.004882833804003894, (9, 6):0.005180567386560142]","[(9, 16):0.003906249883584678, (9, 4):0.004301092470996082, (10, 12):0.004394739749841392, (9, 1):0.004882833804003894, (9, 6):0.005180567386560142]","[(34, 16), (34, 15), (33, 16), (34, 14), (33, 14), (32, 16), (32, 14), (31, 16), (31, 14), (30, 16), (30, 14), (30, 13), (29, 16), (30, 12), (31, 12), (32, 12), (33, 12), (34, 12), (34, 11), (34, 10), (33, 10), (32, 10), (31, 10), (30, 10), (28, 16), (30, 9), (29, 10), (30, 8), (31, 8), (32, 8), (33, 8), (34, 8), (34, 7), (34, 6), (33, 6), (32, 6), (31, 6), (30, 6), (30, 5), (29, 6), (30, 4), (31, 4), (32, 4), (33, 4), (34, 4), (30, 3), (31, 3), (34, 3), (34, 2), (34, 1), (33, 1), (32, 1), (27, 16), (31, 1), (30, 1), (29, 1), (28, 1), (27, 1), (26, 16), (27, 2), (27, 3), (26, 2), (27, 4), (27, 5), (25, 16), (27, 6), (27, 7), (25, 2), (27, 8), (27, 9), (25, 15), (26, 9), (24, 16), (25, 14), (25, 9), (26, 14), (24, 2), (27, 14), (27, 13), (27, 12), (27, 11), (26, 11), (24, 9), (25, 11), (23, 16), (23, 2), (24, 11), (23, 9), (24, 12), (23, 12), (22, 16), (22, 2), (22, 9), (22, 12), (21, 16), (21, 2), (21, 9), (21, 12), (20, 16), (20, 2), (20, 9), (20, 12), (20, 10), (20, 11), (19, 16), (19, 2), (19, 12), (19, 11), (18, 16), (18, 2), (18, 12), (17, 16), (17, 2), (17, 12), (17, 13), (16, 16), (16, 2), (16, 12), (17, 14), (16, 14), (15, 16), (15, 2), (15, 12), (15, 14), (15, 3), (14, 16), (14, 2), (15, 4), (14, 12), (16, 4), (14, 14), (17, 4), (18, 4), (19, 4), (20, 4), (21, 4), (19, 5), (21, 5), (22, 5), (23, 5), (24, 5), (24, 6), (24, 7), (23, 7), (22, 7), (21, 7), (19, 6), (20, 7), (19, 7), (18, 6), (17, 6), (16, 6), (14, 11), (15, 6), (13, 16), (13, 2), (13, 12), (14, 10), (13, 14), (14, 6), (15, 10), (16, 10), (17, 10), (17, 9), (17, 8), (16, 8), (15, 8), (13, 6), (14, 8), (12, 16), (12, 2), (12, 12), (12, 14), (13, 5), (13, 8), (13, 4), (12, 13), (12, 11), (12, 8), (12, 4), (11, 16), (11, 2), (12, 10), (11, 8), (11, 4), (11, 10), (11, 7), (10, 16), (10, 2), (11, 6), (10, 4), (10, 10), (10, 1), (10, 6)]",0.003418177249841392,0,0.003418177249841392
196,"(9, 16)","(10, 16)",West,"[(8, 16) via West]","[(9, 16):0.003906249883584678, (9, 4):0.004301092470996082, (10, 12):0.004394739749841392, (9, 1):0.004882833804003894, (9, 6):0.005180567386560142]","[(9, 4):0.004301092470996082, (10, 12):0.004394739749841392, (9, 1):0.004882833804003894, (9, 6):0.005180567386560142, (8, 16):0.007812499883584678]","[(34, 16), (34, 15), (33, 16), (34, 14), (33, 14), (32, 16), (32, 14), (31, 16), (31, 14), (30, 16), (30, 14), (30, 13), (29, 16), (30, 12), (31, 12), (32, 12), (33, 12), (34, 12), (34, 11), (34, 10), (33, 10), (32, 10), (31, 10), (30, 10), (28, 16), (30, 9), (29, 10), (30, 8), (31, 8), (32, 8), (33, 8), (34, 8), (34, 7), (34, 6), (33, 6), (32, 6), (31, 6), (30, 6), (30, 5), (29, 6), (30, 4), (31, 4), (32, 4), (33, 4), (34, 4), (30, 3), (31, 3), (34, 3), (34, 2), (34, 1), (33, 1), (32, 1), (27, 16), (31, 1), (30, 1), (29, 1), (28, 1), (27, 1), (26, 16), (27, 2), (27, 3), (26, 2), (27, 4), (27, 5), (25, 16), (27, 6), (27, 7), (25, 2), (27, 8), (27, 9), (25, 15), (26, 9), (24, 16), (25, 14), (25, 9), (26, 14), (24, 2), (27, 14), (27, 13), (27, 12), (27, 11), (26, 11), (24, 9), (25, 11), (23, 16), (23, 2), (24, 11), (23, 9), (24, 12), (23, 12), (22, 16), (22, 2), (22, 9), (22, 12), (21, 16), (21, 2), (21, 9), (21, 12), (20, 16), (20, 2), (20, 9), (20, 12), (20, 10), (20, 11), (19, 16), (19, 2), (19, 12), (19, 11), (18, 16), (18, 2), (18, 12), (17, 16), (17, 2), (17, 12), (17, 13), (16, 16), (16, 2), (16, 12), (17, 14), (16, 14), (15, 16), (15, 2), (15, 12), (15, 14), (15, 3), (14, 16), (14, 2), (15, 4), (14, 12), (16, 4), (14, 14), (17, 4), (18, 4), (19, 4), (20, 4), (21, 4), (19, 5), (21, 5), (22, 5), (23, 5), (24, 5), (24, 6), (24, 7), (23, 7), (22, 7), (21, 7), (19, 6), (20, 7), (19, 7), (18, 6), (17, 6), (16, 6), (14, 11), (15, 6), (13, 16), (13, 2), (13, 12), (14, 10), (13, 14), (14, 6), (15, 10), (16, 10), (17, 10), (17, 9), (17, 8), (16, 8), (15, 8), (13, 6), (14, 8), (12, 16), (12, 2), (12, 12), (12, 14), (13, 5), (13, 8), (13, 4), (12, 13), (12, 11), (12, 8), (12, 4), (11, 16), (11, 2), (12, 10), (11, 8), (11, 4), (11, 10), (11, 7), (10, 16), (10, 2), (11, 6), (10, 4), (10, 10), (10, 1), (10, 6), (10, 11)]",0.003906249883584678,0,0.003906249883584678
197,"(9, 4)","(10, 4)",West,"[(8, 4) via West]","[(9, 4):0.004301092470996082, (10, 12):0.004394739749841392, (9, 1):0.004882833804003894, (9, 6):0.005180567386560142, (8, 16):0.007812499883584678]","[(10, 12):0.004394739749841392, (9, 1):0.004882833804003894, (9, 6):0.005180567386560142, (8, 16):0.007812499883584678, (8, 4):0.008207342470996082]","[(34, 16), (34, 15), (33, 16), (34, 14), (33, 14), (32, 16), (32, 14), (31, 16), (31, 14), (30, 16), (30, 14), (30, 13), (29, 16), (30, 12), (31, 12), (32, 12), (33, 12), (34, 12), (34, 11), (34, 10), (33, 10), (32, 10), (31, 10), (30, 10), (28, 16), (30, 9), (29, 10), (30, 8), (31, 8), (32, 8), (33, 8), (34, 8), (34, 7), (34, 6), (33, 6), (32, 6), (31, 6), (30, 6), (30, 5), (29, 6), (30, 4), (31, 4), (32, 4), (33, 4), (34, 4), (30, 3), (31, 3), (34, 3), (34, 2), (34, 1), (33, 1), (32, 1), (27, 16), (31, 1), (30, 1), (29, 1), (28, 1), (27, 1), (26, 16), (27, 2), (27, 3), (26, 2), (27, 4), (27, 5), (25, 16), (27, 6), (27, 7), (25, 2), (27, 8), (27, 9), (25, 15), (26, 9), (24, 16), (25, 14), (25, 9), (26, 14), (24, 2), (27, 14), (27, 13), (27, 12), (27, 11), (26, 11), (24, 9), (25, 11), (23, 16), (23, 2), (24, 11), (23, 9), (24, 12), (23, 12), (22, 16), (22, 2), (22, 9), (22, 12), (21, 16), (21, 2), (21, 9), (21, 12), (20, 16), (20, 2), (20, 9), (20, 12), (20, 10), (20, 11), (19, 16), (19, 2), (19, 12), (19, 11), (18, 16), (18, 2), (18, 12), (17, 16), (17, 2), (17, 12), (17, 13), (16, 16), (16, 2), (16, 12), (17, 14), (16, 14), (15, 16), (15, 2), (15, 12), (15, 14), (15, 3), (14, 16), (14, 2), (15, 4), (14, 12), (16, 4), (14, 14), (17, 4), (18, 4), (19, 4), (20, 4), (21, 4), (19, 5), (21, 5), (22, 5), (23, 5), (24, 5), (24, 6), (24, 7), (23, 7), (22, 7), (21, 7), (19, 6), (20, 7), (19, 7), (18, 6), (17, 6), (16, 6), (14, 11), (15, 6), (13, 16), (13, 2), (13, 12), (14, 10), (13, 14), (14, 6), (15, 10), (16, 10), (17, 10), (17, 9), (17, 8), (16, 8), (15, 8), (13, 6), (14, 8), (12, 16), (12, 2), (12, 12), (12, 14), (13, 5), (13, 8), (13, 4), (12, 13), (12, 11), (12, 8), (12, 4), (11, 16), (11, 2), (12, 10), (11, 8), (11, 4), (11, 10), (11, 7), (10, 16), (10, 2), (11, 6), (10, 4), (10, 10), (10, 1), (10, 6), (10, 11), (9, 16)]",0.004301092470996082,0,0.004301092470996082
198,"(10, 12)","(10, 11)",North,"[(10, 13) via North]","[(10, 12):0.004394739749841392, (9, 1):0.004882833804003894, (9, 6):0.005180567386560142, (8, 16):0.007812499883584678, (8, 4):0.008207342470996082]","[(9, 1):0.004882833804003894, (9, 6):0.005180567386560142, (10, 13):0.005371302249841392, (8, 16):0.007812499883584678, (8, 4):0.008207342470996082]","[(34, 16), (34, 15), (33, 16), (34, 14), (33, 14), (32, 16), (32, 14), (31, 16), (31, 14), (30, 16), (30, 14), (30, 13), (29, 16), (30, 12), (31, 12), (32, 12), (33, 12), (34, 12), (34, 11), (34, 10), (33, 10), (32, 10), (31, 10), (30, 10), (28, 16), (30, 9), (29, 10), (30, 8), (31, 8), (32, 8), (33, 8), (34, 8), (34, 7), (34, 6), (33, 6), (32, 6), (31, 6), (30, 6), (30, 5), (29, 6), (30, 4), (31, 4), (32, 4), (33, 4), (34, 4), (30, 3), (31, 3), (34, 3), (34, 2), (34, 1), (33, 1), (32, 1), (27, 16), (31, 1), (30, 1), (29, 1), (28, 1), (27, 1), (26, 16), (27, 2), (27, 3), (26, 2), (27, 4), (27, 5), (25, 16), (27, 6), (27, 7), (25, 2), (27, 8), (27, 9), (25, 15), (26, 9), (24, 16), (25, 14), (25, 9), (26, 14), (24, 2), (27, 14), (27, 13), (27, 12), (27, 11), (26, 11), (24, 9), (25, 11), (23, 16), (23, 2), (24, 11), (23, 9), (24, 12), (23, 12), (22, 16), (22, 2), (22, 9), (22, 12), (21, 16), (21, 2), (21, 9), (21, 12), (20, 16), (20, 2), (20, 9), (20, 12), (20, 10), (20, 11), (19, 16), (19, 2), (19, 12), (19, 11), (18, 16), (18, 2), (18, 12), (17, 16), (17, 2), (17, 12), (17, 13), (16, 16), (16, 2), (16, 12), (17, 14), (16, 14), (15, 16), (15, 2), (15, 12), (15, 14), (15, 3), (14, 16), (14, 2), (15, 4), (14, 12), (16, 4), (14, 14), (17, 4), (18, 4), (19, 4), (20, 4), (21, 4), (19, 5), (21, 5), (22, 5), (23, 5), (24, 5), (24, 6), (24, 7), (23, 7), (22, 7), (21, 7), (19, 6), (20, 7), (19, 7), (18, 6), (17, 6), (16, 6), (14, 11), (15, 6), (13, 16), (13, 2), (13, 12), (14, 10), (13, 14), (14, 6), (15, 10), (16, 10), (17, 10), (17, 9), (17, 8), (16, 8), (15, 8), (13, 6), (14, 8), (12, 16), (12, 2), (12, 12), (12, 14), (13, 5), (13, 8), (13, 4), (12, 13), (12, 11), (12, 8), (12, 4), (11, 16), (11, 2), (12, 10), (11, 8), (11, 4), (11, 10), (11, 7), (10, 16), (10, 2), (11, 6), (10, 4), (10, 10), (10, 1), (10, 6), (10, 11), (9, 16), (9, 4)]",0.004394739749841392,0,0.004394739749841392
199,"(9, 1)","(10, 1)",West,"[(8, 1) via West]","[(9, 1):0.004882833804003894, (9, 6):0.005180567386560142, (10, 13):0.005371302249841392, (8, 16):0.007812499883584678, (8, 4):0.008207342470996082]","[(9, 6):0.005180567386560142, (10, 13):0.005371302249841392, (8, 16):0.007812499883584678, (8, 4):0.008207342470996082, (8, 1):0.008789083804003894]","[(34, 16), (34, 15), (33, 16), (34, 14), (33, 14), (32, 16), (32, 14), (31, 16), (31, 14), (30, 16), (30, 14), (30, 13), (29, 16), (30, 12), (31, 12), (32, 12), (33, 12), (34, 12), (34, 11), (34, 10), (33, 10), (32, 10), (31, 10), (30, 10), (28, 16), (30, 9), (29, 10), (30, 8), (31, 8), (32, 8), (33, 8), (34, 8), (34, 7), (34, 6), (33, 6), (32, 6), (31, 6), (30, 6), (30, 5), (29, 6), (30, 4), (31, 4), (32, 4), (33, 4), (34, 4), (30, 3), (31, 3), (34, 3), (34, 2), (34, 1), (33, 1), (32, 1), (27, 16), (31, 1), (30, 1), (29, 1), (28, 1), (27, 1), (26, 16), (27, 2), (27, 3), (26, 2), (27, 4), (27, 5), (25, 16), (27, 6), (27, 7), (25, 2), (27, 8), (27, 9), (25, 15), (26, 9), (24, 16), (25, 14), (25, 9), (26, 14), (24, 2), (27, 14), (27, 13), (27, 12), (27, 11), (26, 11), (24, 9), (25, 11), (23, 16), (23, 2), (24, 11), (23, 9), (24, 12), (23, 12), (22, 16), (22, 2), (22, 9), (22, 12), (21, 16), (21, 2), (21, 9), (21, 12), (20, 16), (20, 2), (20, 9), (20, 12), (20, 10), (20, 11), (19, 16), (19, 2), (19, 12), (19, 11), (18, 16), (18, 2), (18, 12), (17, 16), (17, 2), (17, 12), (17, 13), (16, 16), (16, 2), (16, 12), (17, 14), (16, 14), (15, 16), (15, 2), (15, 12), (15, 14), (15, 3), (14, 16), (14, 2), (15, 4), (14, 12), (16, 4), (14, 14), (17, 4), (18, 4), (19, 4), (20, 4), (21, 4), (19, 5), (21, 5), (22, 5), (23, 5), (24, 5), (24, 6), (24, 7), (23, 7), (22, 7), (21, 7), (19, 6), (20, 7), (19, 7), (18, 6), (17, 6), (16, 6), (14, 11), (15, 6), (13, 16), (13, 2), (13, 12), (14, 10), (13, 14), (14, 6), (15, 10), (16, 10), (17, 10), (17, 9), (17, 8), (16, 8), (15, 8), (13, 6), (14, 8), (12, 16), (12, 2), (12, 12), (12, 14), (13, 5), (13, 8), (13, 4), (12, 13), (12, 11), (12, 8), (12, 4), (11, 16), (11, 2), (12, 10), (11, 8), (11, 4), (11, 10), (11, 7), (10, 16), (10, 2), (11, 6), (10, 4), (10, 10), (10, 1), (10, 6), (10, 11), (9, 16), (9, 4), (10, 12)]",0.004882833804003894,0,0.004882833804003894
200,"(9, 6)","(10, 6)",West,"[(8, 6) via West]","[(9, 6):0.005180567386560142, (10, 13):0.005371302249841392, (8, 16):0.007812499883584678, (8, 4):0.008207342470996082, (8, 1):0.008789083804003894]","[(10, 13):0.005371302249841392, (8, 16):0.007812499883584678, (8, 4):0.008207342470996082, (8, 1):0.008789083804003894, (8, 6):0.009086817386560142]","[(34, 16), (34, 15), (33, 16), (34, 14), (33, 14), (32, 16), (32, 14), (31, 16), (31, 14), (30, 16), (30, 14), (30, 13), (29, 16), (30, 12), (31, 12), (32, 12), (33, 12), (34, 12), (34, 11), (34, 10), (33, 10), (32, 10), (31, 10), (30, 10), (28, 16), (30, 9), (29, 10), (30, 8), (31, 8), (32, 8), (33, 8), (34, 8), (34, 7), (34, 6), (33, 6), (32, 6), (31, 6), (30, 6), (30, 5), (29, 6), (30, 4), (31, 4), (32, 4), (33, 4), (34, 4), (30, 3), (31, 3), (34, 3), (34, 2), (34, 1), (33, 1), (32, 1), (27, 16), (31, 1), (30, 1), (29, 1), (28, 1), (27, 1), (26, 16), (27, 2), (27, 3), (26, 2), (27, 4), (27, 5), (25, 16), (27, 6), (27, 7), (25, 2), (27, 8), (27, 9), (25, 15), (26, 9), (24, 16), (25, 14), (25, 9), (26, 14), (24, 2), (27, 14), (27, 13), (27, 12), (27, 11), (26, 11), (24, 9), (25, 11), (23, 16), (23, 2), (24, 11), (23, 9), (24, 12), (23, 12), (22, 16), (22, 2), (22, 9), (22, 12), (21, 16), (21, 2), (21, 9), (21, 12), (20, 16), (20, 2), (20, 9), (20, 12), (20, 10), (20, 11), (19, 16), (19, 2), (19, 12), (19, 11), (18, 16), (18, 2), (18, 12), (17, 16), (17, 2), (17, 12), (17, 13), (16, 16), (16, 2), (16, 12), (17, 14), (16, 14), (15, 16), (15, 2), (15, 12), (15, 14), (15, 3), (14, 16), (14, 2), (15, 4), (14, 12), (16, 4), (14, 14), (17, 4), (18, 4), (19, 4), (20, 4), (21, 4), (19, 5), (21, 5), (22, 5), (23, 5), (24, 5), (24, 6), (24, 7), (23, 7), (22, 7), (21, 7), (19, 6), (20, 7), (19, 7), (18, 6), (17, 6), (16, 6), (14, 11), (15, 6), (13, 16), (13, 2), (13, 12), (14, 10), (13, 14), (14, 6), (15, 10), (16, 10), (17, 10), (17, 9), (17, 8), (16, 8), (15, 8), (13, 6), (14, 8), (12, 16), (12, 2), (12, 12), (12, 14), (13, 5), (13, 8), (13, 4), (12, 13), (12, 11), (12, 8), (12, 4), (11, 16), (11, 2), (12, 10), (11, 8), (11, 4), (11, 10), (11, 7), (10, 16), (10, 2), (11, 6), (10, 4), (10, 10), (10, 1), (10, 6), (10, 11), (9, 16), (9, 4), (10, 12), (9, 1)]",0.005180567386560142,0,0.005180567386560142
201,"(10, 13)","(10, 12)",North,"[(10, 14) via North]","[(10, 13):0.005371302249841392, (8, 16):0.007812499883584678, (8, 4):0.008207342470996082, (8, 1):0.008789083804003894, (8, 6):0.009086817386560142]","[(10, 14):0.006347864749841392, (8, 16):0.007812499883584678, (8, 4):0.008207342470996082, (8, 1):0.008789083804003894, (8, 6):0.009086817386560142]","[(34, 16), (34, 15), (33, 16), (34, 14), (33, 14), (32, 16), (32, 14), (31, 16), (31, 14), (30, 16), (30, 14), (30, 13), (29, 16), (30, 12), (31, 12), (32, 12), (33, 12), (34, 12), (34, 11), (34, 10), (33, 10), (32, 10), (31, 10), (30, 10), (28, 16), (30, 9), (29, 10), (30, 8), (31, 8), (32, 8), (33, 8), (34, 8), (34, 7), (34, 6), (33, 6), (32, 6), (31, 6), (30, 6), (30, 5), (29, 6), (30, 4), (31, 4), (32, 4), (33, 4), (34, 4), (30, 3), (31, 3), (34, 3), (34, 2), (34, 1), (33, 1), (32, 1), (27, 16), (31, 1), (30, 1), (29, 1), (28, 1), (27, 1), (26, 16), (27, 2), (27, 3), (26, 2), (27, 4), (27, 5), (25, 16), (27, 6), (27, 7), (25, 2), (27, 8), (27, 9), (25, 15), (26, 9), (24, 16), (25, 14), (25, 9), (26, 14), (24, 2), (27, 14), (27, 13), (27, 12), (27, 11), (26, 11), (24, 9), (25, 11), (23, 16), (23, 2), (24, 11), (23, 9), (24, 12), (23, 12), (22, 16), (22, 2), (22, 9), (22, 12), (21, 16), (21, 2), (21, 9), (21, 12), (20, 16), (20, 2), (20, 9), (20, 12), (20, 10), (20, 11), (19, 16), (19, 2), (19, 12), (19, 11), (18, 16), (18, 2), (18, 12), (17, 16), (17, 2), (17, 12), (17, 13), (16, 16), (16, 2), (16, 12), (17, 14), (16, 14), (15, 16), (15, 2), (15, 12), (15, 14), (15, 3), (14, 16), (14, 2), (15, 4), (14, 12), (16, 4), (14, 14), (17, 4), (18, 4), (19, 4), (20, 4), (21, 4), (19, 5), (21, 5), (22, 5), (23, 5), (24, 5), (24, 6), (24, 7), (23, 7), (22, 7), (21, 7), (19, 6), (20, 7), (19, 7), (18, 6), (17, 6), (16, 6), (14, 11), (15, 6), (13, 16), (13, 2), (13, 12), (14, 10), (13, 14), (14, 6), (15, 10), (16, 10), (17, 10), (17, 9), (17, 8), (16, 8), (15, 8), (13, 6), (14, 8), (12, 16), (12, 2), (12, 12), (12, 14), (13, 5), (13, 8), (13, 4), (12, 13), (12, 11), (12, 8), (12, 4), (11, 16), (11, 2), (12, 10), (11, 8), (11, 4), (11, 10), (11, 7), (10, 16), (10, 2), (11, 6), (10, 4), (10, 10), (10, 1), (10, 6), (10, 11), (9, 16), (9, 4), (10, 12), (9, 1), (9, 6)]",0.005371302249841392,0,0.005371302249841392
202,"(10, 14)","(10, 13)",North,"[(9, 14) via West]","[(10, 14):0.006347864749841392, (8, 16):0.007812499883584678, (8, 4):0.008207342470996082, (8, 1):0.008789083804003894, (8, 6):0.009086817386560142]","[(8, 16):0.007812499883584678, (8, 4):0.008207342470996082, (9, 14):0.008300989749841392, (8, 1):0.008789083804003894, (8, 6):0.009086817386560142]","[(34, 16), (34, 15), (33, 16), (34, 14), (33, 14), (32, 16), (32, 14), (31, 16), (31, 14), (30, 16), (30, 14), (30, 13), (29, 16), (30, 12), (31, 12), (32, 12), (33, 12), (34, 12), (34, 11), (34, 10), (33, 10), (32, 10), (31, 10), (30, 10), (28, 16), (30, 9), (29, 10), (30, 8), (31, 8), (32, 8), (33, 8), (34, 8), (34, 7), (34, 6), (33, 6), (32, 6), (31, 6), (30, 6), (30, 5), (29, 6), (30, 4), (31, 4), (32, 4), (33, 4), (34, 4), (30, 3), (31, 3), (34, 3), (34, 2), (34, 1), (33, 1), (32, 1), (27, 16), (31, 1), (30, 1), (29, 1), (28, 1), (27, 1), (26, 16), (27, 2), (27, 3), (26, 2), (27, 4), (27, 5), (25, 16), (27, 6), (27, 7), (25, 2), (27, 8), (27, 9), (25, 15), (26, 9), (24, 16), (25, 14), (25, 9), (26, 14), (24, 2), (27, 14), (27, 13), (27, 12), (27, 11), (26, 11), (24, 9), (25, 11), (23, 16), (23, 2), (24, 11), (23, 9), (24, 12), (23, 12), (22, 16), (22, 2), (22, 9), (22, 12), (21, 16), (21, 2), (21, 9), (21, 12), (20, 16), (20, 2), (20, 9), (20, 12), (20, 10), (20, 11), (19, 16), (19, 2), (19, 12), (19, 11), (18, 16), (18, 2), (18, 12), (17, 16), (17, 2), (17, 12), (17, 13), (16, 16), (16, 2), (16, 12), (17, 14), (16, 14), (15, 16), (15, 2), (15, 12), (15, 14), (15, 3), (14, 16), (14, 2), (15, 4), (14, 12), (16, 4), (14, 14), (17, 4), (18, 4), (19, 4), (20, 4), (21, 4), (19, 5), (21, 5), (22, 5), (23, 5), (24, 5), (24, 6), (24, 7), (23, 7), (22, 7), (21, 7), (19, 6), (20, 7), (19, 7), (18, 6), (17, 6), (16, 6), (14, 11), (15, 6), (13, 16), (13, 2), (13, 12), (14, 10), (13, 14), (14, 6), (15, 10), (16, 10), (17, 10), (17, 9), (17, 8), (16, 8), (15, 8), (13, 6), (14, 8), (12, 16), (12, 2), (12, 12), (12, 14), (13, 5), (13, 8), (13, 4), (12, 13), (12, 11), (12, 8), (12, 4), (11, 16), (11, 2), (12, 10), (11, 8), (11, 4), (11, 10), (11, 7), (10, 16), (10, 2), (11, 6), (10, 4), (10, 10), (10, 1), (10, 6), (10, 11), (9, 16), (9, 4), (10, 12), (9, 1), (9, 6), (10, 13)]",0.006347864749841392,0,0.006347864749841392
203,"(8, 16)","(9, 16)",West,"[(7, 16) via West]","[(8, 16):0.007812499883584678, (8, 4):0.008207342470996082, (9, 14):0.008300989749841392, (8, 1):0.008789083804003894, (8, 6):0.009086817386560142]","[(8, 4):0.008207342470996082, (9, 14):0.008300989749841392, (8, 1):0.008789083804003894, (8, 6):0.009086817386560142, (7, 16):0.015624999883584678]","[(34, 16), (34, 15), (33, 16), (34, 14), (33, 14), (32, 16), (32, 14), (31, 16), (31, 14), (30, 16), (30, 14), (30, 13), (29, 16), (30, 12), (31, 12), (32, 12), (33, 12), (34, 12), (34, 11), (34, 10), (33, 10), (32, 10), (31, 10), (30, 10), (28, 16), (30, 9), (29, 10), (30, 8), (31, 8), (32, 8), (33, 8), (34, 8), (34, 7), (34, 6), (33, 6), (32, 6), (31, 6), (30, 6), (30, 5), (29, 6), (30, 4), (31, 4), (32, 4), (33, 4), (34, 4), (30, 3), (31, 3), (34, 3), (34, 2), (34, 1), (33, 1), (32, 1), (27, 16), (31, 1), (30, 1), (29, 1), (28, 1), (27, 1), (26, 16), (27, 2), (27, 3), (26, 2), (27, 4), (27, 5), (25, 16), (27, 6), (27, 7), (25, 2), (27, 8), (27, 9), (25, 15), (26, 9), (24, 16), (25, 14), (25, 9), (26, 14), (24, 2), (27, 14), (27, 13), (27, 12), (27, 11), (26, 11), (24, 9), (25, 11), (23, 16), (23, 2), (24, 11), (23, 9), (24, 12), (23, 12), (22, 16), (22, 2), (22, 9), (22, 12), (21, 16), (21, 2), (21, 9), (21, 12), (20, 16), (20, 2), (20, 9), (20, 12), (20, 10), (20, 11), (19, 16), (19, 2), (19, 12), (19, 11), (18, 16), (18, 2), (18, 12), (17, 16), (17, 2), (17, 12), (17, 13), (16, 16), (16, 2), (16, 12), (17, 14), (16, 14), (15, 16), (15, 2), (15, 12), (15, 14), (15, 3), (14, 16), (14, 2), (15, 4), (14, 12), (16, 4), (14, 14), (17, 4), (18, 4), (19, 4), (20, 4), (21, 4), (19, 5), (21, 5), (22, 5), (23, 5), (24, 5), (24, 6), (24, 7), (23, 7), (22, 7), (21, 7), (19, 6), (20, 7), (19, 7), (18, 6), (17, 6), (16, 6), (14, 11), (15, 6), (13, 16), (13, 2), (13, 12), (14, 10), (13, 14), (14, 6), (15, 10), (16, 10), (17, 10), (17, 9), (17, 8), (16, 8), (15, 8), (13, 6), (14, 8), (12, 16), (12, 2), (12, 12), (12, 14), (13, 5), (13, 8), (13, 4), (12, 13), (12, 11), (12, 8), (12, 4), (11, 16), (11, 2), (12, 10), (11, 8), (11, 4), (11, 10), (11, 7), (10, 16), (10, 2), (11, 6), (10, 4), (10, 10), (10, 1), (10, 6), (10, 11), (9, 16), (9, 4), (10, 12), (9, 1), (9, 6), (10, 13), (10, 14)]",0.007812499883584678,0,0.007812499883584678
204,"(8, 4)","(9, 4)",West,"[(8, 3) via South]","[(8, 4):0.008207342470996082, (9, 14):0.008300989749841392, (8, 1):0.008789083804003894, (8, 6):0.009086817386560142, (7, 16):0.015624999883584678]","[(9, 14):0.008300989749841392, (8, 1):0.008789083804003894, (8, 6):0.009086817386560142, (8, 3):0.012113592470996082, (7, 16):0.015624999883584678]","[(34, 16), (34, 15), (33, 16), (34, 14), (33, 14), (32, 16), (32, 14), (31, 16), (31, 14), (30, 16), (30, 14), (30, 13), (29, 16), (30, 12), (31, 12), (32, 12), (33, 12), (34, 12), (34, 11), (34, 10), (33, 10), (32, 10), (31, 10), (30, 10), (28, 16), (30, 9), (29, 10), (30, 8), (31, 8), (32, 8), (33, 8), (34, 8), (34, 7), (34, 6), (33, 6), (32, 6), (31, 6), (30, 6), (30, 5), (29, 6), (30, 4), (31, 4), (32, 4), (33, 4), (34, 4), (30, 3), (31, 3), (34, 3), (34, 2), (34, 1), (33, 1), (32, 1), (27, 16), (31, 1), (30, 1), (29, 1), (28, 1), (27, 1), (26, 16), (27, 2), (27, 3), (26, 2), (27, 4), (27, 5), (25, 16), (27, 6), (27, 7), (25, 2), (27, 8), (27, 9), (25, 15), (26, 9), (24, 16), (25, 14), (25, 9), (26, 14), (24, 2), (27, 14), (27, 13), (27, 12), (27, 11), (26, 11), (24, 9), (25, 11), (23, 16), (23, 2), (24, 11), (23, 9), (24, 12), (23, 12), (22, 16), (22, 2), (22, 9), (22, 12), (21, 16), (21, 2), (21, 9), (21, 12), (20, 16), (20, 2), (20, 9), (20, 12), (20, 10), (20, 11), (19, 16), (19, 2), (19, 12), (19, 11), (18, 16), (18, 2), (18, 12), (17, 16), (17, 2), (17, 12), (17, 13), (16, 16), (16, 2), (16, 12), (17, 14), (16, 14), (15, 16), (15, 2), (15, 12), (15, 14), (15, 3), (14, 16), (14, 2), (15, 4), (14, 12), (16, 4), (14, 14), (17, 4), (18, 4), (19, 4), (20, 4), (21, 4), (19, 5), (21, 5), (22, 5), (23, 5), (24, 5), (24, 6), (24, 7), (23, 7), (22, 7), (21, 7), (19, 6), (20, 7), (19, 7), (18, 6), (17, 6), (16, 6), (14, 11), (15, 6), (13, 16), (13, 2), (13, 12), (14, 10), (13, 14), (14, 6), (15, 10), (16, 10), (17, 10), (17, 9), (17, 8), (16, 8), (15, 8), (13, 6), (14, 8), (12, 16), (12, 2), (12, 12), (12, 14), (13, 5), (13, 8), (13, 4), (12, 13), (12, 11), (12, 8), (12, 4), (11, 16), (11, 2), (12, 10), (11, 8), (11, 4), (11, 10), (11, 7), (10, 16), (10, 2), (11, 6), (10, 4), (10, 10), (10, 1), (10, 6), (10, 11), (9, 16), (9, 4), (10, 12), (9, 1), (9, 6), (10, 13), (10, 14), (8, 16)]",0.008207342470996082,0,0.008207342470996082
205,"(9, 14)","(10, 14)",West,"[(8, 14) via West]","[(9, 14):0.008300989749841392, (8, 1):0.008789083804003894, (8, 6):0.009086817386560142, (8, 3):0.012113592470996082, (7, 16):0.015624999883584678]","[(8, 1):0.008789083804003894, (8, 6):0.009086817386560142, (8, 3):0.012113592470996082, (8, 14):0.012207239749841392, (7, 16):0.015624999883584678]","[(34, 16), (34, 15), (33, 16), (34, 14), (33, 14), (32, 16), (32, 14), (31, 16), (31, 14), (30, 16), (30, 14), (30, 13), (29, 16), (30, 12), (31, 12), (32, 12), (33, 12), (34, 12), (34, 11), (34, 10), (33, 10), (32, 10), (31, 10), (30, 10), (28, 16), (30, 9), (29, 10), (30, 8), (31, 8), (32, 8), (33, 8), (34, 8), (34, 7), (34, 6), (33, 6), (32, 6), (31, 6), (30, 6), (30, 5), (29, 6), (30, 4), (31, 4), (32, 4), (33, 4), (34, 4), (30, 3), (31, 3), (34, 3), (34, 2), (34, 1), (33, 1), (32, 1), (27, 16), (31, 1), (30, 1), (29, 1), (28, 1), (27, 1), (26, 16), (27, 2), (27, 3), (26, 2), (27, 4), (27, 5), (25, 16), (27, 6), (27, 7), (25, 2), (27, 8), (27, 9), (25, 15), (26, 9), (24, 16), (25, 14), (25, 9), (26, 14), (24, 2), (27, 14), (27, 13), (27, 12), (27, 11), (26, 11), (24, 9), (25, 11), (23, 16), (23, 2), (24, 11), (23, 9), (24, 12), (23, 12), (22, 16), (22, 2), (22, 9), (22, 12), (21, 16), (21, 2), (21, 9), (21, 12), (20, 16), (20, 2), (20, 9), (20, 12), (20, 10), (20, 11), (19, 16), (19, 2), (19, 12), (19, 11), (18, 16), (18, 2), (18, 12), (17, 16), (17, 2), (17, 12), (17, 13), (16, 16), (16, 2), (16, 12), (17, 14), (16, 14), (15, 16), (15, 2), (15, 12), (15, 14), (15, 3), (14, 16), (14, 2), (15, 4), (14, 12), (16, 4), (14, 14), (17, 4), (18, 4), (19, 4), (20, 4), (21, 4), (19, 5), (21, 5), (22, 5), (23, 5), (24, 5), (24, 6), (24, 7), (23, 7), (22, 7), (21, 7), (19, 6), (20, 7), (19, 7), (18, 6), (17, 6), (16, 6), (14, 11), (15, 6), (13, 16), (13, 2), (13, 12), (14, 10), (13, 14), (14, 6), (15, 10), (16, 10), (17, 10), (17, 9), (17, 8), (16, 8), (15, 8), (13, 6), (14, 8), (12, 16), (12, 2), (12, 12), (12, 14), (13, 5), (13, 8), (13, 4), (12, 13), (12, 11), (12, 8), (12, 4), (11, 16), (11, 2), (12, 10), (11, 8), (11, 4), (11, 10), (11, 7), (10, 16), (10, 2), (11, 6), (10, 4), (10, 10), (10, 1), (10, 6), (10, 11), (9, 16), (9, 4), (10, 12), (9, 1), (9, 6), (10, 13), (10, 14), (8, 16), (8, 4)]",0.008300989749841392,0,0.008300989749841392
206,"(8, 1)","(9, 1)",West,"[(7, 1) via West]","[(8, 1):0.008789083804003894, (8, 6):0.009086817386560142, (8, 3):0.012113592470996082, (8, 14):0.012207239749841392, (7, 16):0.015624999883584678]","[(8, 6):0.009086817386560142, (8, 3):0.012113592470996082, (8, 14):0.012207239749841392, (7, 16):0.015624999883584678, (7, 1):0.016601583804003894]","[(34, 16), (34, 15), (33, 16), (34, 14), (33, 14), (32, 16), (32, 14), (31, 16), (31, 14), (30, 16), (30, 14), (30, 13), (29, 16), (30, 12), (31, 12), (32, 12), (33, 12), (34, 12), (34, 11), (34, 10), (33, 10), (32, 10), (31, 10), (30, 10), (28, 16), (30, 9), (29, 10), (30, 8), (31, 8), (32, 8), (33, 8), (34, 8), (34, 7), (34, 6), (33, 6), (32, 6), (31, 6), (30, 6), (30, 5), (29, 6), (30, 4), (31, 4), (32, 4), (33, 4), (34, 4), (30, 3), (31, 3), (34, 3), (34, 2), (34, 1), (33, 1), (32, 1), (27, 16), (31, 1), (30, 1), (29, 1), (28, 1), (27, 1), (26, 16), (27, 2), (27, 3), (26, 2), (27, 4), (27, 5), (25, 16), (27, 6), (27, 7), (25, 2), (27, 8), (27, 9), (25, 15), (26, 9), (24, 16), (25, 14), (25, 9), (26, 14), (24, 2), (27, 14), (27, 13), (27, 12), (27, 11), (26, 11), (24, 9), (25, 11), (23, 16), (23, 2), (24, 11), (23, 9), (24, 12), (23, 12), (22, 16), (22, 2), (22, 9), (22, 12), (21, 16), (21, 2), (21, 9), (21, 12), (20, 16), (20, 2), (20, 9), (20, 12), (20, 10), (20, 11), (19, 16), (19, 2), (19, 12), (19, 11), (18, 16), (18, 2), (18, 12), (17, 16), (17, 2), (17, 12), (17, 13), (16, 16), (16, 2), (16, 12), (17, 14), (16, 14), (15, 16), (15, 2), (15, 12), (15, 14), (15, 3), (14, 16), (14, 2), (15, 4), (14, 12), (16, 4), (14, 14), (17, 4), (18, 4), (19, 4), (20, 4), (21, 4), (19, 5), (21, 5), (22, 5), (23, 5), (24, 5), (24, 6), (24, 7), (23, 7), (22, 7), (21, 7), (19, 6), (20, 7), (19, 7), (18, 6), (17, 6), (16, 6), (14, 11), (15, 6), (13, 16), (13, 2), (13, 12), (14, 10), (13, 14), (14, 6), (15, 10), (16, 10), (17, 10), (17, 9), (17, 8), (16, 8), (15, 8), (13, 6), (14, 8), (12, 16), (12, 2), (12, 12), (12, 14), (13, 5), (13, 8), (13, 4), (12, 13), (12, 11), (12, 8), (12, 4), (11, 16), (11, 2), (12, 10), (11, 8), (11, 4), (11, 10), (11, 7), (10, 16), (10, 2), (11, 6), (10, 4), (10, 10), (10, 1), (10, 6), (10, 11), (9, 16), (9, 4), (10, 12), (9, 1), (9, 6), (10, 13), (10, 14), (8, 16), (8, 4), (9, 14)]",0.008789083804003894,0,0.008789083804003894
207,"(8, 6)","(9, 6)",West,"[(7, 6) via West]","[(8, 6):0.009086817386560142, (8, 3):0.012113592470996082, (8, 14):0.012207239749841392, (7, 16):0.015624999883584678, (7, 1):0.016601583804003894]","[(8, 3):0.012113592470996082, (8, 14):0.012207239749841392, (7, 16):0.015624999883584678, (7, 1):0.016601583804003894, (7, 6):0.016899317386560142]","[(34, 16), (34, 15), (33, 16), (34, 14), (33, 14), (32, 16), (32, 14), (31, 16), (31, 14), (30, 16), (30, 14), (30, 13), (29, 16), (30, 12), (31, 12), (32, 12), (33, 12), (34, 12), (34, 11), (34, 10), (33, 10), (32, 10), (31, 10), (30, 10), (28, 16), (30, 9), (29, 10), (30, 8), (31, 8), (32, 8), (33, 8), (34, 8), (34, 7), (34, 6), (33, 6), (32, 6), (31, 6), (30, 6), (30, 5), (29, 6), (30, 4), (31, 4), (32, 4), (33, 4), (34, 4), (30, 3), (31, 3), (34, 3), (34, 2), (34, 1), (33, 1), (32, 1), (27, 16), (31, 1), (30, 1), (29, 1), (28, 1), (27, 1), (26, 16), (27, 2), (27, 3), (26, 2), (27, 4), (27, 5), (25, 16), (27, 6), (27, 7), (25, 2), (27, 8), (27, 9), (25, 15), (26, 9), (24, 16), (25, 14), (25, 9), (26, 14), (24, 2), (27, 14), (27, 13), (27, 12), (27, 11), (26, 11), (24, 9), (25, 11), (23, 16), (23, 2), (24, 11), (23, 9), (24, 12), (23, 12), (22, 16), (22, 2), (22, 9), (22, 12), (21, 16), (21, 2), (21, 9), (21, 12), (20, 16), (20, 2), (20, 9), (20, 12), (20, 10), (20, 11), (19, 16), (19, 2), (19, 12), (19, 11), (18, 16), (18, 2), (18, 12), (17, 16), (17, 2), (17, 12), (17, 13), (16, 16), (16, 2), (16, 12), (17, 14), (16, 14), (15, 16), (15, 2), (15, 12), (15, 14), (15, 3), (14, 16), (14, 2), (15, 4), (14, 12), (16, 4), (14, 14), (17, 4), (18, 4), (19, 4), (20, 4), (21, 4), (19, 5), (21, 5), (22, 5), (23, 5), (24, 5), (24, 6), (24, 7), (23, 7), (22, 7), (21, 7), (19, 6), (20, 7), (19, 7), (18, 6), (17, 6), (16, 6), (14, 11), (15, 6), (13, 16), (13, 2), (13, 12), (14, 10), (13, 14), (14, 6), (15, 10), (16, 10), (17, 10), (17, 9), (17, 8), (16, 8), (15, 8), (13, 6), (14, 8), (12, 16), (12, 2), (12, 12), (12, 14), (13, 5), (13, 8), (13, 4), (12, 13), (12, 11), (12, 8), (12, 4), (11, 16), (11, 2), (12, 10), (11, 8), (11, 4), (11, 10), (11, 7), (10, 16), (10, 2), (11, 6), (10, 4), (10, 10), (10, 1), (10, 6), (10, 11), (9, 16), (9, 4), (10, 12), (9, 1), (9, 6), (10, 13), (10, 14), (8, 16), (8, 4), (9, 14), (8, 1)]",0.009086817386560142,0,0.009086817386560142
208,"(8, 3)","(8, 4)",South,"[(7, 3) via West]","[(8, 3):0.012113592470996082, (8, 14):0.012207239749841392, (7, 16):0.015624999883584678, (7, 1):0.016601583804003894, (7, 6):0.016899317386560142]","[(8, 14):0.012207239749841392, (7, 16):0.015624999883584678, (7, 1):0.016601583804003894, (7, 6):0.016899317386560142, (7, 3):0.019926092470996082]","[(34, 16), (34, 15), (33, 16), (34, 14), (33, 14), (32, 16), (32, 14), (31, 16), (31, 14), (30, 16), (30, 14), (30, 13), (29, 16), (30, 12), (31, 12), (32, 12), (33, 12), (34, 12), (34, 11), (34, 10), (33, 10), (32, 10), (31, 10), (30, 10), (28, 16), (30, 9), (29, 10), (30, 8), (31, 8), (32, 8), (33, 8), (34, 8), (34, 7), (34, 6), (33, 6), (32, 6), (31, 6), (30, 6), (30, 5), (29, 6), (30, 4), (31, 4), (32, 4), (33, 4), (34, 4), (30, 3), (31, 3), (34, 3), (34, 2), (34, 1), (33, 1), (32, 1), (27, 16), (31, 1), (30, 1), (29, 1), (28, 1), (27, 1), (26, 16), (27, 2), (27, 3), (26, 2), (27, 4), (27, 5), (25, 16), (27, 6), (27, 7), (25, 2), (27, 8), (27, 9), (25, 15), (26, 9), (24, 16), (25, 14), (25, 9), (26, 14), (24, 2), (27, 14), (27, 13), (27, 12), (27, 11), (26, 11), (24, 9), (25, 11), (23, 16), (23, 2), (24, 11), (23, 9), (24, 12), (23, 12), (22, 16), (22, 2), (22, 9), (22, 12), (21, 16), (21, 2), (21, 9), (21, 12), (20, 16), (20, 2), (20, 9), (20, 12), (20, 10), (20, 11), (19, 16), (19, 2), (19, 12), (19, 11), (18, 16), (18, 2), (18, 12), (17, 16), (17, 2), (17, 12), (17, 13), (16, 16), (16, 2), (16, 12), (17, 14), (16, 14), (15, 16), (15, 2), (15, 12), (15, 14), (15, 3), (14, 16), (14, 2), (15, 4), (14, 12), (16, 4), (14, 14), (17, 4), (18, 4), (19, 4), (20, 4), (21, 4), (19, 5), (21, 5), (22, 5), (23, 5), (24, 5), (24, 6), (24, 7), (23, 7), (22, 7), (21, 7), (19, 6), (20, 7), (19, 7), (18, 6), (17, 6), (16, 6), (14, 11), (15, 6), (13, 16), (13, 2), (13, 12), (14, 10), (13, 14), (14, 6), (15, 10), (16, 10), (17, 10), (17, 9), (17, 8), (16, 8), (15, 8), (13, 6), (14, 8), (12, 16), (12, 2), (12, 12), (12, 14), (13, 5), (13, 8), (13, 4), (12, 13), (12, 11), (12, 8), (12, 4), (11, 16), (11, 2), (12, 10), (11, 8), (11, 4), (11, 10), (11, 7), (10, 16), (10, 2), (11, 6), (10, 4), (10, 10), (10, 1), (10, 6), (10, 11), (9, 16), (9, 4), (10, 12), (9, 1), (9, 6), (10, 13), (10, 14), (8, 16), (8, 4), (9, 14), (8, 1), (8, 6)]",0.012113592470996082,0,0.012113592470996082
209,"(8, 14)","(9, 14)",West,"[(8, 13) via South]","[(8, 14):0.012207239749841392, (7, 16):0.015624999883584678, (7, 1):0.016601583804003894, (7, 6):0.016899317386560142, (7, 3):0.019926092470996082]","[(7, 16):0.015624999883584678, (8, 13):0.016113489749841392, (7, 1):0.016601583804003894, (7, 6):0.016899317386560142, (7, 3):0.019926092470996082]","[(34, 16), (34, 15), (33, 16), (34, 14), (33, 14), (32, 16), (32, 14), (31, 16), (31, 14), (30, 16), (30, 14), (30, 13), (29, 16), (30, 12), (31, 12), (32, 12), (33, 12), (34, 12), (34, 11), (34, 10), (33, 10), (32, 10), (31, 10), (30, 10), (28, 16), (30, 9), (29, 10), (30, 8), (31, 8), (32, 8), (33, 8), (34, 8), (34, 7), (34, 6), (33, 6), (32, 6), (31, 6), (30, 6), (30, 5), (29, 6), (30, 4), (31, 4), (32, 4), (33, 4), (34, 4), (30, 3), (31, 3), (34, 3), (34, 2), (34, 1), (33, 1), (32, 1), (27, 16), (31, 1), (30, 1), (29, 1), (28, 1), (27, 1), (26, 16), (27, 2), (27, 3), (26, 2), (27, 4), (27, 5), (25, 16), (27, 6), (27, 7), (25, 2), (27, 8), (27, 9), (25, 15), (26, 9), (24, 16), (25, 14), (25, 9), (26, 14), (24, 2), (27, 14), (27, 13), (27, 12), (27, 11), (26, 11), (24, 9), (25, 11), (23, 16), (23, 2), (24, 11), (23, 9), (24, 12), (23, 12), (22, 16), (22, 2), (22, 9), (22, 12), (21, 16), (21, 2), (21, 9), (21, 12), (20, 16), (20, 2), (20, 9), (20, 12), (20, 10), (20, 11), (19, 16), (19, 2), (19, 12), (19, 11), (18, 16), (18, 2), (18, 12), (17, 16), (17, 2), (17, 12), (17, 13), (16, 16), (16, 2), (16, 12), (17, 14), (16, 14), (15, 16), (15, 2), (15, 12), (15, 14), (15, 3), (14, 16), (14, 2), (15, 4), (14, 12), (16, 4), (14, 14), (17, 4), (18, 4), (19, 4), (20, 4), (21, 4), (19, 5), (21, 5), (22, 5), (23, 5), (24, 5), (24, 6), (24, 7), (23, 7), (22, 7), (21, 7), (19, 6), (20, 7), (19, 7), (18, 6), (17, 6), (16, 6), (14, 11), (15, 6), (13, 16), (13, 2), (13, 12), (14, 10), (13, 14), (14, 6), (15, 10), (16, 10), (17, 10), (17, 9), (17, 8), (16, 8), (15, 8), (13, 6), (14, 8), (12, 16), (12, 2), (12, 12), (12, 14), (13, 5), (13, 8), (13, 4), (12, 13), (12, 11), (12, 8), (12, 4), (11, 16), (11, 2), (12, 10), (11, 8), (11, 4), (11, 10), (11, 7), (10, 16), (10, 2), (11, 6), (10, 4), (10, 10), (10, 1), (10, 6), (10, 11), (9, 16), (9, 4), (10, 12), (9, 1), (9, 6), (10, 13), (10, 14), (8, 16), (8, 4), (9, 14), (8, 1), (8, 6), (8, 3)]",0.012207239749841392,0,0.012207239749841392
210,"(7, 16)","(8, 16)",West,"[(6, 16) via West]","[(7, 16):0.015624999883584678, (8, 13):0.016113489749841392, (7, 1):0.016601583804003894, (7, 6):0.016899317386560142, (7, 3):0.019926092470996082]","[(8, 13):0.016113489749841392, (7, 1):0.016601583804003894, (7, 6):0.016899317386560142, (7, 3):0.019926092470996082, (6, 16):0.031249999883584678]","[(34, 16), (34, 15), (33, 16), (34, 14), (33, 14), (32, 16), (32, 14), (31, 16), (31, 14), (30, 16), (30, 14), (30, 13), (29, 16), (30, 12), (31, 12), (32, 12), (33, 12), (34, 12), (34, 11), (34, 10), (33, 10), (32, 10), (31, 10), (30, 10), (28, 16), (30, 9), (29, 10), (30, 8), (31, 8), (32, 8), (33, 8), (34, 8), (34, 7), (34, 6), (33, 6), (32, 6), (31, 6), (30, 6), (30, 5), (29, 6), (30, 4), (31, 4), (32, 4), (33, 4), (34, 4), (30, 3), (31, 3), (34, 3), (34, 2), (34, 1), (33, 1), (32, 1), (27, 16), (31, 1), (30, 1), (29, 1), (28, 1), (27, 1), (26, 16), (27, 2), (27, 3), (26, 2), (27, 4), (27, 5), (25, 16), (27, 6), (27, 7), (25, 2), (27, 8), (27, 9), (25, 15), (26, 9), (24, 16), (25, 14), (25, 9), (26, 14), (24, 2), (27, 14), (27, 13), (27, 12), (27, 11), (26, 11), (24, 9), (25, 11), (23, 16), (23, 2), (24, 11), (23, 9), (24, 12), (23, 12), (22, 16), (22, 2), (22, 9), (22, 12), (21, 16), (21, 2), (21, 9), (21, 12), (20, 16), (20, 2), (20, 9), (20, 12), (20, 10), (20, 11), (19, 16), (19, 2), (19, 12), (19, 11), (18, 16), (18, 2), (18, 12), (17, 16), (17, 2), (17, 12), (17, 13), (16, 16), (16, 2), (16, 12), (17, 14), (16, 14), (15, 16), (15, 2), (15, 12), (15, 14), (15, 3), (14, 16), (14, 2), (15, 4), (14, 12), (16, 4), (14, 14), (17, 4), (18, 4), (19, 4), (20, 4), (21, 4), (19, 5), (21, 5), (22, 5), (23, 5), (24, 5), (24, 6), (24, 7), (23, 7), (22, 7), (21, 7), (19, 6), (20, 7), (19, 7), (18, 6), (17, 6), (16, 6), (14, 11), (15, 6), (13, 16), (13, 2), (13, 12), (14, 10), (13, 14), (14, 6), (15, 10), (16, 10), (17, 10), (17, 9), (17, 8), (16, 8), (15, 8), (13, 6), (14, 8), (12, 16), (12, 2), (12, 12), (12, 14), (13, 5), (13, 8), (13, 4), (12, 13), (12, 11), (12, 8), (12, 4), (11, 16), (11, 2), (12, 10), (11, 8), (11, 4), (11, 10), (11, 7), (10, 16), (10, 2), (11, 6), (10, 4), (10, 10), (10, 1), (10, 6), (10, 11), (9, 16), (9, 4), (10, 12), (9, 1), (9, 6), (10, 13), (10, 14), (8, 16), (8, 4), (9, 14), (8, 1), (8, 6), (8, 3), (8, 14)]",0.015624999883584678,0,0.015624999883584678
211,"(8, 13)","(8, 14)",South,"[(8, 12) via South]","[(8, 13):0.016113489749841392, (7, 1):0.016601583804003894, (7, 6):0.016899317386560142, (7, 3):0.019926092470996082, (6, 16):0.031249999883584678]","[(7, 1):0.016601583804003894, (7, 6):0.016899317386560142, (7, 3):0.019926092470996082, (8, 12):0.020019739749841392, (6, 16):0.031249999883584678]","[(34, 16), (34, 15), (33, 16), (34, 14), (33, 14), (32, 16), (32, 14), (31, 16), (31, 14), (30, 16), (30, 14), (30, 13), (29, 16), (30, 12), (31, 12), (32, 12), (33, 12), (34, 12), (34, 11), (34, 10), (33, 10), (32, 10), (31, 10), (30, 10), (28, 16), (30, 9), (29, 10), (30, 8), (31, 8), (32, 8), (33, 8), (34, 8), (34, 7), (34, 6), (33, 6), (32, 6), (31, 6), (30, 6), (30, 5), (29, 6), (30, 4), (31, 4), (32, 4), (33, 4), (34, 4), (30, 3), (31, 3), (34, 3), (34, 2), (34, 1), (33, 1), (32, 1), (27, 16), (31, 1), (30, 1), (29, 1), (28, 1), (27, 1), (26, 16), (27, 2), (27, 3), (26, 2), (27, 4), (27, 5), (25, 16), (27, 6), (27, 7), (25, 2), (27, 8), (27, 9), (25, 15), (26, 9), (24, 16), (25, 14), (25, 9), (26, 14), (24, 2), (27, 14), (27, 13), (27, 12), (27, 11), (26, 11), (24, 9), (25, 11), (23, 16), (23, 2), (24, 11), (23, 9), (24, 12), (23, 12), (22, 16), (22, 2), (22, 9), (22, 12), (21, 16), (21, 2), (21, 9), (21, 12), (20, 16), (20, 2), (20, 9), (20, 12), (20, 10), (20, 11), (19, 16), (19, 2), (19, 12), (19, 11), (18, 16), (18, 2), (18, 12), (17, 16), (17, 2), (17, 12), (17, 13), (16, 16), (16, 2), (16, 12), (17, 14), (16, 14), (15, 16), (15, 2), (15, 12), (15, 14), (15, 3), (14, 16), (14, 2), (15, 4), (14, 12), (16, 4), (14, 14), (17, 4), (18, 4), (19, 4), (20, 4), (21, 4), (19, 5), (21, 5), (22, 5), (23, 5), (24, 5), (24, 6), (24, 7), (23, 7), (22, 7), (21, 7), (19, 6), (20, 7), (19, 7), (18, 6), (17, 6), (16, 6), (14, 11), (15, 6), (13, 16), (13, 2), (13, 12), (14, 10), (13, 14), (14, 6), (15, 10), (16, 10), (17, 10), (17, 9), (17, 8), (16, 8), (15, 8), (13, 6), (14, 8), (12, 16), (12, 2), (12, 12), (12, 14), (13, 5), (13, 8), (13, 4), (12, 13), (12, 11), (12, 8), (12, 4), (11, 16), (11, 2), (12, 10), (11, 8), (11, 4), (11, 10), (11, 7), (10, 16), (10, 2), (11, 6), (10, 4), (10, 10), (10, 1), (10, 6), (10, 11), (9, 16), (9, 4), (10, 12), (9, 1), (9, 6), (10, 13), (10, 14), (8, 16), (8, 4), (9, 14), (8, 1), (8, 6), (8, 3), (8, 14), (7, 16)]",0.016113489749841392,0,0.016113489749841392
212,"(7, 1)","(8, 1)",West,"[(6, 1) via West]","[(7, 1):0.016601583804003894, (7, 6):0.016899317386560142, (7, 3):0.019926092470996082, (8, 12):0.020019739749841392, (6, 16):0.031249999883584678]","[(7, 6):0.016899317386560142, (7, 3):0.019926092470996082, (8, 12):0.020019739749841392, (6, 16):0.031249999883584678, (6, 1):0.032226583804003894]","[(34, 16), (34, 15), (33, 16), (34, 14), (33, 14), (32, 16), (32, 14), (31, 16), (31, 14), (30, 16), (30, 14), (30, 13), (29, 16), (30, 12), (31, 12), (32, 12), (33, 12), (34, 12), (34, 11), (34, 10), (33, 10), (32, 10), (31, 10), (30, 10), (28, 16), (30, 9), (29, 10), (30, 8), (31, 8), (32, 8), (33, 8), (34, 8), (34, 7), (34, 6), (33, 6), (32, 6), (31, 6), (30, 6), (30, 5), (29, 6), (30, 4), (31, 4), (32, 4), (33, 4), (34, 4), (30, 3), (31, 3), (34, 3), (34, 2), (34, 1), (33, 1), (32, 1), (27, 16), (31, 1), (30, 1), (29, 1), (28, 1), (27, 1), (26, 16), (27, 2), (27, 3), (26, 2), (27, 4), (27, 5), (25, 16), (27, 6), (27, 7), (25, 2), (27, 8), (27, 9), (25, 15), (26, 9), (24, 16), (25, 14), (25, 9), (26, 14), (24, 2), (27, 14), (27, 13), (27, 12), (27, 11), (26, 11), (24, 9), (25, 11), (23, 16), (23, 2), (24, 11), (23, 9), (24, 12), (23, 12), (22, 16), (22, 2), (22, 9), (22, 12), (21, 16), (21, 2), (21, 9), (21, 12), (20, 16), (20, 2), (20, 9), (20, 12), (20, 10), (20, 11), (19, 16), (19, 2), (19, 12), (19, 11), (18, 16), (18, 2), (18, 12), (17, 16), (17, 2), (17, 12), (17, 13), (16, 16), (16, 2), (16, 12), (17, 14), (16, 14), (15, 16), (15, 2), (15, 12), (15, 14), (15, 3), (14, 16), (14, 2), (15, 4), (14, 12), (16, 4), (14, 14), (17, 4), (18, 4), (19, 4), (20, 4), (21, 4), (19, 5), (21, 5), (22, 5), (23, 5), (24, 5), (24, 6), (24, 7), (23, 7), (22, 7), (21, 7), (19, 6), (20, 7), (19, 7), (18, 6), (17, 6), (16, 6), (14, 11), (15, 6), (13, 16), (13, 2), (13, 12), (14, 10), (13, 14), (14, 6), (15, 10), (16, 10), (17, 10), (17, 9), (17, 8), (16, 8), (15, 8), (13, 6), (14, 8), (12, 16), (12, 2), (12, 12), (12, 14), (13, 5), (13, 8), (13, 4), (12, 13), (12, 11), (12, 8), (12, 4), (11, 16), (11, 2), (12, 10), (11, 8), (11, 4), (11, 10), (11, 7), (10, 16), (10, 2), (11, 6), (10, 4), (10, 10), (10, 1), (10, 6), (10, 11), (9, 16), (9, 4), (10, 12), (9, 1), (9, 6), (10, 13), (10, 14), (8, 16), (8, 4), (9, 14), (8, 1), (8, 6), (8, 3), (8, 14), (7, 16), (8, 13)]",0.016601583804003894,0,0.016601583804003894
213,"(7, 6)","(8, 6)",West,"[(6, 6) via West]","[(7, 6):0.016899317386560142, (7, 3):0.019926092470996082, (8, 12):0.020019739749841392, (6, 16):0.031249999883584678, (6, 1):0.032226583804003894]","[(7, 3):0.019926092470996082, (8, 12):0.020019739749841392, (6, 16):0.031249999883584678, (6, 1):0.032226583804003894, (6, 6):0.03252431738656014]","[(34, 16), (34, 15), (33, 16), (34, 14), (33, 14), (32, 16), (32, 14), (31, 16), (31, 14), (30, 16), (30, 14), (30, 13), (29, 16), (30, 12), (31, 12), (32, 12), (33, 12), (34, 12), (34, 11), (34, 10), (33, 10), (32, 10), (31, 10), (30, 10), (28, 16), (30, 9), (29, 10), (30, 8), (31, 8), (32, 8), (33, 8), (34, 8), (34, 7), (34, 6), (33, 6), (32, 6), (31, 6), (30, 6), (30, 5), (29, 6), (30, 4), (31, 4), (32, 4), (33, 4), (34, 4), (30, 3), (31, 3), (34, 3), (34, 2), (34, 1), (33, 1), (32, 1), (27, 16), (31, 1), (30, 1), (29, 1), (28, 1), (27, 1), (26, 16), (27, 2), (27, 3), (26, 2), (27, 4), (27, 5), (25, 16), (27, 6), (27, 7), (25, 2), (27, 8), (27, 9), (25, 15), (26, 9), (24, 16), (25, 14), (25, 9), (26, 14), (24, 2), (27, 14), (27, 13), (27, 12), (27, 11), (26, 11), (24, 9), (25, 11), (23, 16), (23, 2), (24, 11), (23, 9), (24, 12), (23, 12), (22, 16), (22, 2), (22, 9), (22, 12), (21, 16), (21, 2), (21, 9), (21, 12), (20, 16), (20, 2), (20, 9), (20, 12), (20, 10), (20, 11), (19, 16), (19, 2), (19, 12), (19, 11), (18, 16), (18, 2), (18, 12), (17, 16), (17, 2), (17, 12), (17, 13), (16, 16), (16, 2), (16, 12), (17, 14), (16, 14), (15, 16), (15, 2), (15, 12), (15, 14), (15, 3), (14, 16), (14, 2), (15, 4), (14, 12), (16, 4), (14, 14), (17, 4), (18, 4), (19, 4), (20, 4), (21, 4), (19, 5), (21, 5), (22, 5), (23, 5), (24, 5), (24, 6), (24, 7), (23, 7), (22, 7), (21, 7), (19, 6), (20, 7), (19, 7), (18, 6), (17, 6), (16, 6), (14, 11), (15, 6), (13, 16), (13, 2), (13, 12), (14, 10), (13, 14), (14, 6), (15, 10), (16, 10), (17, 10), (17, 9), (17, 8), (16, 8), (15, 8), (13, 6), (14, 8), (12, 16), (12, 2), (12, 12), (12, 14), (13, 5), (13, 8), (13, 4), (12, 13), (12, 11), (12, 8), (12, 4), (11, 16), (11, 2), (12, 10), (11, 8), (11, 4), (11, 10), (11, 7), (10, 16), (10, 2), (11, 6), (10, 4), (10, 10), (10, 1), (10, 6), (10, 11), (9, 16), (9, 4), (10, 12), (9, 1), (9, 6), (10, 13), (10, 14), (8, 16), (8, 4), (9, 14), (8, 1), (8, 6), (8, 3), (8, 14), (7, 16), (8, 13), (7, 1)]",0.016899317386560142,0,0.016899317386560142
214,"(7, 3)","(8, 3)",West,"[(6, 3) via West]","[(7, 3):0.019926092470996082, (8, 12):0.020019739749841392, (6, 16):0.031249999883584678, (6, 1):0.032226583804003894, (6, 6):0.03252431738656014]","[(8, 12):0.020019739749841392, (6, 16):0.031249999883584678, (6, 1):0.032226583804003894, (6, 6):0.03252431738656014, (6, 3):0.03555109247099608]","[(34, 16), (34, 15), (33, 16), (34, 14), (33, 14), (32, 16), (32, 14), (31, 16), (31, 14), (30, 16), (30, 14), (30, 13), (29, 16), (30, 12), (31, 12), (32, 12), (33, 12), (34, 12), (34, 11), (34, 10), (33, 10), (32, 10), (31, 10), (30, 10), (28, 16), (30, 9), (29, 10), (30, 8), (31, 8), (32, 8), (33, 8), (34, 8), (34, 7), (34, 6), (33, 6), (32, 6), (31, 6), (30, 6), (30, 5), (29, 6), (30, 4), (31, 4), (32, 4), (33, 4), (34, 4), (30, 3), (31, 3), (34, 3), (34, 2), (34, 1), (33, 1), (32, 1), (27, 16), (31, 1), (30, 1), (29, 1), (28, 1), (27, 1), (26, 16), (27, 2), (27, 3), (26, 2), (27, 4), (27, 5), (25, 16), (27, 6), (27, 7), (25, 2), (27, 8), (27, 9), (25, 15), (26, 9), (24, 16), (25, 14), (25, 9), (26, 14), (24, 2), (27, 14), (27, 13), (27, 12), (27, 11), (26, 11), (24, 9), (25, 11), (23, 16), (23, 2), (24, 11), (23, 9), (24, 12), (23, 12), (22, 16), (22, 2), (22, 9), (22, 12), (21, 16), (21, 2), (21, 9), (21, 12), (20, 16), (20, 2), (20, 9), (20, 12), (20, 10), (20, 11), (19, 16), (19, 2), (19, 12), (19, 11), (18, 16), (18, 2), (18, 12), (17, 16), (17, 2), (17, 12), (17, 13), (16, 16), (16, 2), (16, 12), (17, 14), (16, 14), (15, 16), (15, 2), (15, 12), (15, 14), (15, 3), (14, 16), (14, 2), (15, 4), (14, 12), (16, 4), (14, 14), (17, 4), (18, 4), (19, 4), (20, 4), (21, 4), (19, 5), (21, 5), (22, 5), (23, 5), (24, 5), (24, 6), (24, 7), (23, 7), (22, 7), (21, 7), (19, 6), (20, 7), (19, 7), (18, 6), (17, 6), (16, 6), (14, 11), (15, 6), (13, 16), (13, 2), (13, 12), (14, 10), (13, 14), (14, 6), (15, 10), (16, 10), (17, 10), (17, 9), (17, 8), (16, 8), (15, 8), (13, 6), (14, 8), (12, 16), (12, 2), (12, 12), (12, 14), (13, 5), (13, 8), (13, 4), (12, 13), (12, 11), (12, 8), (12, 4), (11, 16), (11, 2), (12, 10), (11, 8), (11, 4), (11, 10), (11, 7), (10, 16), (10, 2), (11, 6), (10, 4), (10, 10), (10, 1), (10, 6), (10, 11), (9, 16), (9, 4), (10, 12), (9, 1), (9, 6), (10, 13), (10, 14), (8, 16), (8, 4), (9, 14), (8, 1), (8, 6), (8, 3), (8, 14), (7, 16), (8, 13), (7, 1), (7, 6)]",0.019926092470996082,0,0.019926092470996082
215,"(8, 12)","(8, 13)",South,"[(8, 11) via South]","[(8, 12):0.020019739749841392, (6, 16):0.031249999883584678, (6, 1):0.032226583804003894, (6, 6):0.03252431738656014, (6, 3):0.03555109247099608]","[(8, 11):0.023925989749841392, (6, 16):0.031249999883584678, (6, 1):0.032226583804003894, (6, 6):0.03252431738656014, (6, 3):0.03555109247099608]","[(34, 16), (34, 15), (33, 16), (34, 14), (33, 14), (32, 16), (32, 14), (31, 16), (31, 14), (30, 16), (30, 14), (30, 13), (29, 16), (30, 12), (31, 12), (32, 12), (33, 12), (34, 12), (34, 11), (34, 10), (33, 10), (32, 10), (31, 10), (30, 10), (28, 16), (30, 9), (29, 10), (30, 8), (31, 8), (32, 8), (33, 8), (34, 8), (34, 7), (34, 6), (33, 6), (32, 6), (31, 6), (30, 6), (30, 5), (29, 6), (30, 4), (31, 4), (32, 4), (33, 4), (34, 4), (30, 3), (31, 3), (34, 3), (34, 2), (34, 1), (33, 1), (32, 1), (27, 16), (31, 1), (30, 1), (29, 1), (28, 1), (27, 1), (26, 16), (27, 2), (27, 3), (26, 2), (27, 4), (27, 5), (25, 16), (27, 6), (27, 7), (25, 2), (27, 8), (27, 9), (25, 15), (26, 9), (24, 16), (25, 14), (25, 9), (26, 14), (24, 2), (27, 14), (27, 13), (27, 12), (27, 11), (26, 11), (24, 9), (25, 11), (23, 16), (23, 2), (24, 11), (23, 9), (24, 12), (23, 12), (22, 16), (22, 2), (22, 9), (22, 12), (21, 16), (21, 2), (21, 9), (21, 12), (20, 16), (20, 2), (20, 9), (20, 12), (20, 10), (20, 11), (19, 16), (19, 2), (19, 12), (19, 11), (18, 16), (18, 2), (18, 12), (17, 16), (17, 2), (17, 12), (17, 13), (16, 16), (16, 2), (16, 12), (17, 14), (16, 14), (15, 16), (15, 2), (15, 12), (15, 14), (15, 3), (14, 16), (14, 2), (15, 4), (14, 12), (16, 4), (14, 14), (17, 4), (18, 4), (19, 4), (20, 4), (21, 4), (19, 5), (21, 5), (22, 5), (23, 5), (24, 5), (24, 6), (24, 7), (23, 7), (22, 7), (21, 7), (19, 6), (20, 7), (19, 7), (18, 6), (17, 6), (16, 6), (14, 11), (15, 6), (13, 16), (13, 2), (13, 12), (14, 10), (13, 14), (14, 6), (15, 10), (16, 10), (17, 10), (17, 9), (17, 8), (16, 8), (15, 8), (13, 6), (14, 8), (12, 16), (12, 2), (12, 12), (12, 14), (13, 5), (13, 8), (13, 4), (12, 13), (12, 11), (12, 8), (12, 4), (11, 16), (11, 2), (12, 10), (11, 8), (11, 4), (11, 10), (11, 7), (10, 16), (10, 2), (11, 6), (10, 4), (10, 10), (10, 1), (10, 6), (10, 11), (9, 16), (9, 4), (10, 12), (9, 1), (9, 6), (10, 13), (10, 14), (8, 16), (8, 4), (9, 14), (8, 1), (8, 6), (8, 3), (8, 14), (7, 16), (8, 13), (7, 1), (7, 6), (7, 3)]",0.020019739749841392,0,0.020019739749841392
216,"(8, 11)","(8, 12)",South,"[(8, 10) via South]","[(8, 11):0.023925989749841392, (6, 16):0.031249999883584678, (6, 1):0.032226583804003894, (6, 6):0.03252431738656014, (6, 3):0.03555109247099608]","[(8, 10):0.027832239749841392, (6, 16):0.031249999883584678, (6, 1):0.032226583804003894, (6, 6):0.03252431738656014, (6, 3):0.03555109247099608]","[(34, 16), (34, 15), (33, 16), (34, 14), (33, 14), (32, 16), (32, 14), (31, 16), (31, 14), (30, 16), (30, 14), (30, 13), (29, 16), (30, 12), (31, 12), (32, 12), (33, 12), (34, 12), (34, 11), (34, 10), (33, 10), (32, 10), (31, 10), (30, 10), (28, 16), (30, 9), (29, 10), (30, 8), (31, 8), (32, 8), (33, 8), (34, 8), (34, 7), (34, 6), (33, 6), (32, 6), (31, 6), (30, 6), (30, 5), (29, 6), (30, 4), (31, 4), (32, 4), (33, 4), (34, 4), (30, 3), (31, 3), (34, 3), (34, 2), (34, 1), (33, 1), (32, 1), (27, 16), (31, 1), (30, 1), (29, 1), (28, 1), (27, 1), (26, 16), (27, 2), (27, 3), (26, 2), (27, 4), (27, 5), (25, 16), (27, 6), (27, 7), (25, 2), (27, 8), (27, 9), (25, 15), (26, 9), (24, 16), (25, 14), (25, 9), (26, 14), (24, 2), (27, 14), (27, 13), (27, 12), (27, 11), (26, 11), (24, 9), (25, 11), (23, 16), (23, 2), (24, 11), (23, 9), (24, 12), (23, 12), (22, 16), (22, 2), (22, 9), (22, 12), (21, 16), (21, 2), (21, 9), (21, 12), (20, 16), (20, 2), (20, 9), (20, 12), (20, 10), (20, 11), (19, 16), (19, 2), (19, 12), (19, 11), (18, 16), (18, 2), (18, 12), (17, 16), (17, 2), (17, 12), (17, 13), (16, 16), (16, 2), (16, 12), (17, 14), (16, 14), (15, 16), (15, 2), (15, 12), (15, 14), (15, 3), (14, 16), (14, 2), (15, 4), (14, 12), (16, 4), (14, 14), (17, 4), (18, 4), (19, 4), (20, 4), (21, 4), (19, 5), (21, 5), (22, 5), (23, 5), (24, 5), (24, 6), (24, 7), (23, 7), (22, 7), (21, 7), (19, 6), (20, 7), (19, 7), (18, 6), (17, 6), (16, 6), (14, 11), (15, 6), (13, 16), (13, 2), (13, 12), (14, 10), (13, 14), (14, 6), (15, 10), (16, 10), (17, 10), (17, 9), (17, 8), (16, 8), (15, 8), (13, 6), (14, 8), (12, 16), (12, 2), (12, 12), (12, 14), (13, 5), (13, 8), (13, 4), (12, 13), (12, 11), (12, 8), (12, 4), (11, 16), (11, 2), (12, 10), (11, 8), (11, 4), (11, 10), (11, 7), (10, 16), (10, 2), (11, 6), (10, 4), (10, 10), (10, 1), (10, 6), (10, 11), (9, 16), (9, 4), (10, 12), (9, 1), (9, 6), (10, 13), (10, 14), (8, 16), (8, 4), (9, 14), (8, 1), (8, 6), (8, 3), (8, 14), (7, 16), (8, 13), (7, 1), (7, 6), (7, 3), (8, 12)]",0.023925989749841392,0,0.023925989749841392
217,"(8, 10)","(8, 11)",South,"[(8, 9) via South]","[(8, 10):0.027832239749841392, (6, 16):0.031249999883584678, (6, 1):0.032226583804003894, (6, 6):0.03252431738656014, (6, 3):0.03555109247099608]","[(6, 16):0.031249999883584678, (8, 9):0.03173848974984139, (6, 1):0.032226583804003894, (6, 6):0.03252431738656014, (6, 3):0.03555109247099608]","[(34, 16), (34, 15), (33, 16), (34, 14), (33, 14), (32, 16), (32, 14), (31, 16), (31, 14), (30, 16), (30, 14), (30, 13), (29, 16), (30, 12), (31, 12), (32, 12), (33, 12), (34, 12), (34, 11), (34, 10), (33, 10), (32, 10), (31, 10), (30, 10), (28, 16), (30, 9), (29, 10), (30, 8), (31, 8), (32, 8), (33, 8), (34, 8), (34, 7), (34, 6), (33, 6), (32, 6), (31, 6), (30, 6), (30, 5), (29, 6), (30, 4), (31, 4), (32, 4), (33, 4), (34, 4), (30, 3), (31, 3), (34, 3), (34, 2), (34, 1), (33, 1), (32, 1), (27, 16), (31, 1), (30, 1), (29, 1), (28, 1), (27, 1), (26, 16), (27, 2), (27, 3), (26, 2), (27, 4), (27, 5), (25, 16), (27, 6), (27, 7), (25, 2), (27, 8), (27, 9), (25, 15), (26, 9), (24, 16), (25, 14), (25, 9), (26, 14), (24, 2), (27, 14), (27, 13), (27, 12), (27, 11), (26, 11), (24, 9), (25, 11), (23, 16), (23, 2), (24, 11), (23, 9), (24, 12), (23, 12), (22, 16), (22, 2), (22, 9), (22, 12), (21, 16), (21, 2), (21, 9), (21, 12), (20, 16), (20, 2), (20, 9), (20, 12), (20, 10), (20, 11), (19, 16), (19, 2), (19, 12), (19, 11), (18, 16), (18, 2), (18, 12), (17, 16), (17, 2), (17, 12), (17, 13), (16, 16), (16, 2), (16, 12), (17, 14), (16, 14), (15, 16), (15, 2), (15, 12), (15, 14), (15, 3), (14, 16), (14, 2), (15, 4), (14, 12), (16, 4), (14, 14), (17, 4), (18, 4), (19, 4), (20, 4), (21, 4), (19, 5), (21, 5), (22, 5), (23, 5), (24, 5), (24, 6), (24, 7), (23, 7), (22, 7), (21, 7), (19, 6), (20, 7), (19, 7), (18, 6), (17, 6), (16, 6), (14, 11), (15, 6), (13, 16), (13, 2), (13, 12), (14, 10), (13, 14), (14, 6), (15, 10), (16, 10), (17, 10), (17, 9), (17, 8), (16, 8), (15, 8), (13, 6), (14, 8), (12, 16), (12, 2), (12, 12), (12, 14), (13, 5), (13, 8), (13, 4), (12, 13), (12, 11), (12, 8), (12, 4), (11, 16), (11, 2), (12, 10), (11, 8), (11, 4), (11, 10), (11, 7), (10, 16), (10, 2), (11, 6), (10, 4), (10, 10), (10, 1), (10, 6), (10, 11), (9, 16), (9, 4), (10, 12), (9, 1), (9, 6), (10, 13), (10, 14), (8, 16), (8, 4), (9, 14), (8, 1), (8, 6), (8, 3), (8, 14), (7, 16), (8, 13), (7, 1), (7, 6), (7, 3), (8, 12), (8, 11)]",0.027832239749841392,0,0.027832239749841392
218,"(6, 16)","(7, 16)",West,"[(5, 16) via West]","[(6, 16):0.031249999883584678, (8, 9):0.03173848974984139, (6, 1):0.032226583804003894, (6, 6):0.03252431738656014, (6, 3):0.03555109247099608]","[(8, 9):0.03173848974984139, (6, 1):0.032226583804003894, (6, 6):0.03252431738656014, (6, 3):0.03555109247099608, (5, 16):0.06249999988358468]","[(34, 16), (34, 15), (33, 16), (34, 14), (33, 14), (32, 16), (32, 14), (31, 16), (31, 14), (30, 16), (30, 14), (30, 13), (29, 16), (30, 12), (31, 12), (32, 12), (33, 12), (34, 12), (34, 11), (34, 10), (33, 10), (32, 10), (31, 10), (30, 10), (28, 16), (30, 9), (29, 10), (30, 8), (31, 8), (32, 8), (33, 8), (34, 8), (34, 7), (34, 6), (33, 6), (32, 6), (31, 6), (30, 6), (30, 5), (29, 6), (30, 4), (31, 4), (32, 4), (33, 4), (34, 4), (30, 3), (31, 3), (34, 3), (34, 2), (34, 1), (33, 1), (32, 1), (27, 16), (31, 1), (30, 1), (29, 1), (28, 1), (27, 1), (26, 16), (27, 2), (27, 3), (26, 2), (27, 4), (27, 5), (25, 16), (27, 6), (27, 7), (25, 2), (27, 8), (27, 9), (25, 15), (26, 9), (24, 16), (25, 14), (25, 9), (26, 14), (24, 2), (27, 14), (27, 13), (27, 12), (27, 11), (26, 11), (24, 9), (25, 11), (23, 16), (23, 2), (24, 11), (23, 9), (24, 12), (23, 12), (22, 16), (22, 2), (22, 9), (22, 12), (21, 16), (21, 2), (21, 9), (21, 12), (20, 16), (20, 2), (20, 9), (20, 12), (20, 10), (20, 11), (19, 16), (19, 2), (19, 12), (19, 11), (18, 16), (18, 2), (18, 12), (17, 16), (17, 2), (17, 12), (17, 13), (16, 16), (16, 2), (16, 12), (17, 14), (16, 14), (15, 16), (15, 2), (15, 12), (15, 14), (15, 3), (14, 16), (14, 2), (15, 4), (14, 12), (16, 4), (14, 14), (17, 4), (18, 4), (19, 4), (20, 4), (21, 4), (19, 5), (21, 5), (22, 5), (23, 5), (24, 5), (24, 6), (24, 7), (23, 7), (22, 7), (21, 7), (19, 6), (20, 7), (19, 7), (18, 6), (17, 6), (16, 6), (14, 11), (15, 6), (13, 16), (13, 2), (13, 12), (14, 10), (13, 14), (14, 6), (15, 10), (16, 10), (17, 10), (17, 9), (17, 8), (16, 8), (15, 8), (13, 6), (14, 8), (12, 16), (12, 2), (12, 12), (12, 14), (13, 5), (13, 8), (13, 4), (12, 13), (12, 11), (12, 8), (12, 4), (11, 16), (11, 2), (12, 10), (11, 8), (11, 4), (11, 10), (11, 7), (10, 16), (10, 2), (11, 6), (10, 4), (10, 10), (10, 1), (10, 6), (10, 11), (9, 16), (9, 4), (10, 12), (9, 1), (9, 6), (10, 13), (10, 14), (8, 16), (8, 4), (9, 14), (8, 1), (8, 6), (8, 3), (8, 14), (7, 16), (8, 13), (7, 1), (7, 6), (7, 3), (8, 12), (8, 11), (8, 10)]",0.031249999883584678,0,0.031249999883584678
219,"(8, 9)","(8, 10)",South,"[(8, 8) via South]","[(8, 9):0.03173848974984139, (6, 1):0.032226583804003894, (6, 6):0.03252431738656014, (6, 3):0.03555109247099608, (5, 16):0.06249999988358468]","[(6, 1):0.032226583804003894, (6, 6):0.03252431738656014, (6, 3):0.03555109247099608, (8, 8):0.03564473974984139, (5, 16):0.06249999988358468]","[(34, 16), (34, 15), (33, 16), (34, 14), (33, 14), (32, 16), (32, 14), (31, 16), (31, 14), (30, 16), (30, 14), (30, 13), (29, 16), (30, 12), (31, 12), (32, 12), (33, 12), (34, 12), (34, 11), (34, 10), (33, 10), (32, 10), (31, 10), (30, 10), (28, 16), (30, 9), (29, 10), (30, 8), (31, 8), (32, 8), (33, 8), (34, 8), (34, 7), (34, 6), (33, 6), (32, 6), (31, 6), (30, 6), (30, 5), (29, 6), (30, 4), (31, 4), (32, 4), (33, 4), (34, 4), (30, 3), (31, 3), (34, 3), (34, 2), (34, 1), (33, 1), (32, 1), (27, 16), (31, 1), (30, 1), (29, 1), (28, 1), (27, 1), (26, 16), (27, 2), (27, 3), (26, 2), (27, 4), (27, 5), (25, 16), (27, 6), (27, 7), (25, 2), (27, 8), (27, 9), (25, 15), (26, 9), (24, 16), (25, 14), (25, 9), (26, 14), (24, 2), (27, 14), (27, 13), (27, 12), (27, 11), (26, 11), (24, 9), (25, 11), (23, 16), (23, 2), (24, 11), (23, 9), (24, 12), (23, 12), (22, 16), (22, 2), (22, 9), (22, 12), (21, 16), (21, 2), (21, 9), (21, 12), (20, 16), (20, 2), (20, 9), (20, 12), (20, 10), (20, 11), (19, 16), (19, 2), (19, 12), (19, 11), (18, 16), (18, 2), (18, 12), (17, 16), (17, 2), (17, 12), (17, 13), (16, 16), (16, 2), (16, 12), (17, 14), (16, 14), (15, 16), (15, 2), (15, 12), (15, 14), (15, 3), (14, 16), (14, 2), (15, 4), (14, 12), (16, 4), (14, 14), (17, 4), (18, 4), (19, 4), (20, 4), (21, 4), (19, 5), (21, 5), (22, 5), (23, 5), (24, 5), (24, 6), (24, 7), (23, 7), (22, 7), (21, 7), (19, 6), (20, 7), (19, 7), (18, 6), (17, 6), (16, 6), (14, 11), (15, 6), (13, 16), (13, 2), (13, 12), (14, 10), (13, 14), (14, 6), (15, 10), (16, 10), (17, 10), (17, 9), (17, 8), (16, 8), (15, 8), (13, 6), (14, 8), (12, 16), (12, 2), (12, 12), (12, 14), (13, 5), (13, 8), (13, 4), (12, 13), (12, 11), (12, 8), (12, 4), (11, 16), (11, 2), (12, 10), (11, 8), (11, 4), (11, 10), (11, 7), (10, 16), (10, 2), (11, 6), (10, 4), (10, 10), (10, 1), (10, 6), (10, 11), (9, 16), (9, 4), (10, 12), (9, 1), (9, 6), (10, 13), (10, 14), (8, 16), (8, 4), (9, 14), (8, 1), (8, 6), (8, 3), (8, 14), (7, 16), (8, 13), (7, 1), (7, 6), (7, 3), (8, 12), (8, 11), (8, 10), (6, 16)]",0.03173848974984139,0,0.03173848974984139
220,"(6, 1)","(7, 1)",West,"[(5, 1) via West]","[(6, 1):0.032226583804003894, (6, 6):0.03252431738656014, (6, 3):0.03555109247099608, (8, 8):0.03564473974984139, (5, 16):0.06249999988358468]","[(6, 6):0.03252431738656014, (6, 3):0.03555109247099608, (8, 8):0.03564473974984139, (5, 16):0.06249999988358468, (5, 1):0.0634765838040039]","[(34, 16), (34, 15), (33, 16), (34, 14), (33, 14), (32, 16), (32, 14), (31, 16), (31, 14), (30, 16), (30, 14), (30, 13), (29, 16), (30, 12), (31, 12), (32, 12), (33, 12), (34, 12), (34, 11), (34, 10), (33, 10), (32, 10), (31, 10), (30, 10), (28, 16), (30, 9), (29, 10), (30, 8), (31, 8), (32, 8), (33, 8), (34, 8), (34, 7), (34, 6), (33, 6), (32, 6), (31, 6), (30, 6), (30, 5), (29, 6), (30, 4), (31, 4), (32, 4), (33, 4), (34, 4), (30, 3), (31, 3), (34, 3), (34, 2), (34, 1), (33, 1), (32, 1), (27, 16), (31, 1), (30, 1), (29, 1), (28, 1), (27, 1), (26, 16), (27, 2), (27, 3), (26, 2), (27, 4), (27, 5), (25, 16), (27, 6), (27, 7), (25, 2), (27, 8), (27, 9), (25, 15), (26, 9), (24, 16), (25, 14), (25, 9), (26, 14), (24, 2), (27, 14), (27, 13), (27, 12), (27, 11), (26, 11), (24, 9), (25, 11), (23, 16), (23, 2), (24, 11), (23, 9), (24, 12), (23, 12), (22, 16), (22, 2), (22, 9), (22, 12), (21, 16), (21, 2), (21, 9), (21, 12), (20, 16), (20, 2), (20, 9), (20, 12), (20, 10), (20, 11), (19, 16), (19, 2), (19, 12), (19, 11), (18, 16), (18, 2), (18, 12), (17, 16), (17, 2), (17, 12), (17, 13), (16, 16), (16, 2), (16, 12), (17, 14), (16, 14), (15, 16), (15, 2), (15, 12), (15, 14), (15, 3), (14, 16), (14, 2), (15, 4), (14, 12), (16, 4), (14, 14), (17, 4), (18, 4), (19, 4), (20, 4), (21, 4), (19, 5), (21, 5), (22, 5), (23, 5), (24, 5), (24, 6), (24, 7), (23, 7), (22, 7), (21, 7), (19, 6), (20, 7), (19, 7), (18, 6), (17, 6), (16, 6), (14, 11), (15, 6), (13, 16), (13, 2), (13, 12), (14, 10), (13, 14), (14, 6), (15, 10), (16, 10), (17, 10), (17, 9), (17, 8), (16, 8), (15, 8), (13, 6), (14, 8), (12, 16), (12, 2), (12, 12), (12, 14), (13, 5), (13, 8), (13, 4), (12, 13), (12, 11), (12, 8), (12, 4), (11, 16), (11, 2), (12, 10), (11, 8), (11, 4), (11, 10), (11, 7), (10, 16), (10, 2), (11, 6), (10, 4), (10, 10), (10, 1), (10, 6), (10, 11), (9, 16), (9, 4), (10, 12), (9, 1), (9, 6), (10, 13), (10, 14), (8, 16), (8, 4), (9, 14), (8, 1), (8, 6), (8, 3), (8, 14), (7, 16), (8, 13), (7, 1), (7, 6), (7, 3), (8, 12), (8, 11), (8, 10), (6, 16), (8, 9)]",0.032226583804003894,0,0.032226583804003894
221,"(6, 6)","(7, 6)",West,"[(6, 5) via South]","[(6, 6):0.03252431738656014, (6, 3):0.03555109247099608, (8, 8):0.03564473974984139, (5, 16):0.06249999988358468, (5, 1):0.0634765838040039]","[(6, 3):0.03555109247099608, (8, 8):0.03564473974984139, (6, 5):0.04814931738656014, (5, 16):0.06249999988358468, (5, 1):0.0634765838040039]","[(34, 16), (34, 15), (33, 16), (34, 14), (33, 14), (32, 16), (32, 14), (31, 16), (31, 14), (30, 16), (30, 14), (30, 13), (29, 16), (30, 12), (31, 12), (32, 12), (33, 12), (34, 12), (34, 11), (34, 10), (33, 10), (32, 10), (31, 10), (30, 10), (28, 16), (30, 9), (29, 10), (30, 8), (31, 8), (32, 8), (33, 8), (34, 8), (34, 7), (34, 6), (33, 6), (32, 6), (31, 6), (30, 6), (30, 5), (29, 6), (30, 4), (31, 4), (32, 4), (33, 4), (34, 4), (30, 3), (31, 3), (34, 3), (34, 2), (34, 1), (33, 1), (32, 1), (27, 16), (31, 1), (30, 1), (29, 1), (28, 1), (27, 1), (26, 16), (27, 2), (27, 3), (26, 2), (27, 4), (27, 5), (25, 16), (27, 6), (27, 7), (25, 2), (27, 8), (27, 9), (25, 15), (26, 9), (24, 16), (25, 14), (25, 9), (26, 14), (24, 2), (27, 14), (27, 13), (27, 12), (27, 11), (26, 11), (24, 9), (25, 11), (23, 16), (23, 2), (24, 11), (23, 9), (24, 12), (23, 12), (22, 16), (22, 2), (22, 9), (22, 12), (21, 16), (21, 2), (21, 9), (21, 12), (20, 16), (20, 2), (20, 9), (20, 12), (20, 10), (20, 11), (19, 16), (19, 2), (19, 12), (19, 11), (18, 16), (18, 2), (18, 12), (17, 16), (17, 2), (17, 12), (17, 13), (16, 16), (16, 2), (16, 12), (17, 14), (16, 14), (15, 16), (15, 2), (15, 12), (15, 14), (15, 3), (14, 16), (14, 2), (15, 4), (14, 12), (16, 4), (14, 14), (17, 4), (18, 4), (19, 4), (20, 4), (21, 4), (19, 5), (21, 5), (22, 5), (23, 5), (24, 5), (24, 6), (24, 7), (23, 7), (22, 7), (21, 7), (19, 6), (20, 7), (19, 7), (18, 6), (17, 6), (16, 6), (14, 11), (15, 6), (13, 16), (13, 2), (13, 12), (14, 10), (13, 14), (14, 6), (15, 10), (16, 10), (17, 10), (17, 9), (17, 8), (16, 8), (15, 8), (13, 6), (14, 8), (12, 16), (12, 2), (12, 12), (12, 14), (13, 5), (13, 8), (13, 4), (12, 13), (12, 11), (12, 8), (12, 4), (11, 16), (11, 2), (12, 10), (11, 8), (11, 4), (11, 10), (11, 7), (10, 16), (10, 2), (11, 6), (10, 4), (10, 10), (10, 1), (10, 6), (10, 11), (9, 16), (9, 4), (10, 12), (9, 1), (9, 6), (10, 13), (10, 14), (8, 16), (8, 4), (9, 14), (8, 1), (8, 6), (8, 3), (8, 14), (7, 16), (8, 13), (7, 1), (7, 6), (7, 3), (8, 12), (8, 11), (8, 10), (6, 16), (8, 9), (6, 1)]",0.03252431738656014,0,0.03252431738656014
222,"(6, 3)","(7, 3)",West,"[(5, 3) via West]","[(6, 3):0.03555109247099608, (8, 8):0.03564473974984139, (6, 5):0.04814931738656014, (5, 16):0.06249999988358468, (5, 1):0.0634765838040039]","[(8, 8):0.03564473974984139, (6, 5):0.04814931738656014, (5, 16):0.06249999988358468, (5, 1):0.0634765838040039, (5, 3):0.06680109247099608]","[(34, 16), (34, 15), (33, 16), (34, 14), (33, 14), (32, 16), (32, 14), (31, 16), (31, 14), (30, 16), (30, 14), (30, 13), (29, 16), (30, 12), (31, 12), (32, 12), (33, 12), (34, 12), (34, 11), (34, 10), (33, 10), (32, 10), (31, 10), (30, 10), (28, 16), (30, 9), (29, 10), (30, 8), (31, 8), (32, 8), (33, 8), (34, 8), (34, 7), (34, 6), (33, 6), (32, 6), (31, 6), (30, 6), (30, 5), (29, 6), (30, 4), (31, 4), (32, 4), (33, 4), (34, 4), (30, 3), (31, 3), (34, 3), (34, 2), (34, 1), (33, 1), (32, 1), (27, 16), (31, 1), (30, 1), (29, 1), (28, 1), (27, 1), (26, 16), (27, 2), (27, 3), (26, 2), (27, 4), (27, 5), (25, 16), (27, 6), (27, 7), (25, 2), (27, 8), (27, 9), (25, 15), (26, 9), (24, 16), (25, 14), (25, 9), (26, 14), (24, 2), (27, 14), (27, 13), (27, 12), (27, 11), (26, 11), (24, 9), (25, 11), (23, 16), (23, 2), (24, 11), (23, 9), (24, 12), (23, 12), (22, 16), (22, 2), (22, 9), (22, 12), (21, 16), (21, 2), (21, 9), (21, 12), (20, 16), (20, 2), (20, 9), (20, 12), (20, 10), (20, 11), (19, 16), (19, 2), (19, 12), (19, 11), (18, 16), (18, 2), (18, 12), (17, 16), (17, 2), (17, 12), (17, 13), (16, 16), (16, 2), (16, 12), (17, 14), (16, 14), (15, 16), (15, 2), (15, 12), (15, 14), (15, 3), (14, 16), (14, 2), (15, 4), (14, 12), (16, 4), (14, 14), (17, 4), (18, 4), (19, 4), (20, 4), (21, 4), (19, 5), (21, 5), (22, 5), (23, 5), (24, 5), (24, 6), (24, 7), (23, 7), (22, 7), (21, 7), (19, 6), (20, 7), (19, 7), (18, 6), (17, 6), (16, 6), (14, 11), (15, 6), (13, 16), (13, 2), (13, 12), (14, 10), (13, 14), (14, 6), (15, 10), (16, 10), (17, 10), (17, 9), (17, 8), (16, 8), (15, 8), (13, 6), (14, 8), (12, 16), (12, 2), (12, 12), (12, 14), (13, 5), (13, 8), (13, 4), (12, 13), (12, 11), (12, 8), (12, 4), (11, 16), (11, 2), (12, 10), (11, 8), (11, 4), (11, 10), (11, 7), (10, 16), (10, 2), (11, 6), (10, 4), (10, 10), (10, 1), (10, 6), (10, 11), (9, 16), (9, 4), (10, 12), (9, 1), (9, 6), (10, 13), (10, 14), (8, 16), (8, 4), (9, 14), (8, 1), (8, 6), (8, 3), (8, 14), (7, 16), (8, 13), (7, 1), (7, 6), (7, 3), (8, 12), (8, 11), (8, 10), (6, 16), (8, 9), (6, 1), (6, 6)]",0.03555109247099608,0,0.03555109247099608
223,"(8, 8)","(8, 9)",South,"[(7, 8) via West]","[(8, 8):0.03564473974984139, (6, 5):0.04814931738656014, (5, 16):0.06249999988358468, (5, 1):0.0634765838040039, (5, 3):0.06680109247099608]","[(7, 8):0.04345723974984139, (6, 5):0.04814931738656014, (5, 16):0.06249999988358468, (5, 1):0.0634765838040039, (5, 3):0.06680109247099608]","[(34, 16), (34, 15), (33, 16), (34, 14), (33, 14), (32, 16), (32, 14), (31, 16), (31, 14), (30, 16), (30, 14), (30, 13), (29, 16), (30, 12), (31, 12), (32, 12), (33, 12), (34, 12), (34, 11), (34, 10), (33, 10), (32, 10), (31, 10), (30, 10), (28, 16), (30, 9), (29, 10), (30, 8), (31, 8), (32, 8), (33, 8), (34, 8), (34, 7), (34, 6), (33, 6), (32, 6), (31, 6), (30, 6), (30, 5), (29, 6), (30, 4), (31, 4), (32, 4), (33, 4), (34, 4), (30, 3), (31, 3), (34, 3), (34, 2), (34, 1), (33, 1), (32, 1), (27, 16), (31, 1), (30, 1), (29, 1), (28, 1), (27, 1), (26, 16), (27, 2), (27, 3), (26, 2), (27, 4), (27, 5), (25, 16), (27, 6), (27, 7), (25, 2), (27, 8), (27, 9), (25, 15), (26, 9), (24, 16), (25, 14), (25, 9), (26, 14), (24, 2), (27, 14), (27, 13), (27, 12), (27, 11), (26, 11), (24, 9), (25, 11), (23, 16), (23, 2), (24, 11), (23, 9), (24, 12), (23, 12), (22, 16), (22, 2), (22, 9), (22, 12), (21, 16), (21, 2), (21, 9), (21, 12), (20, 16), (20, 2), (20, 9), (20, 12), (20, 10), (20, 11), (19, 16), (19, 2), (19, 12), (19, 11), (18, 16), (18, 2), (18, 12), (17, 16), (17, 2), (17, 12), (17, 13), (16, 16), (16, 2), (16, 12), (17, 14), (16, 14), (15, 16), (15, 2), (15, 12), (15, 14), (15, 3), (14, 16), (14, 2), (15, 4), (14, 12), (16, 4), (14, 14), (17, 4), (18, 4), (19, 4), (20, 4), (21, 4), (19, 5), (21, 5), (22, 5), (23, 5), (24, 5), (24, 6), (24, 7), (23, 7), (22, 7), (21, 7), (19, 6), (20, 7), (19, 7), (18, 6), (17, 6), (16, 6), (14, 11), (15, 6), (13, 16), (13, 2), (13, 12), (14, 10), (13, 14), (14, 6), (15, 10), (16, 10), (17, 10), (17, 9), (17, 8), (16, 8), (15, 8), (13, 6), (14, 8), (12, 16), (12, 2), (12, 12), (12, 14), (13, 5), (13, 8), (13, 4), (12, 13), (12, 11), (12, 8), (12, 4), (11, 16), (11, 2), (12, 10), (11, 8), (11, 4), (11, 10), (11, 7), (10, 16), (10, 2), (11, 6), (10, 4), (10, 10), (10, 1), (10, 6), (10, 11), (9, 16), (9, 4), (10, 12), (9, 1), (9, 6), (10, 13), (10, 14), (8, 16), (8, 4), (9, 14), (8, 1), (8, 6), (8, 3), (8, 14), (7, 16), (8, 13), (7, 1), (7, 6), (7, 3), (8, 12), (8, 11), (8, 10), (6, 16), (8, 9), (6, 1), (6, 6), (6, 3)]",0.03564473974984139,0,0.03564473974984139
224,"(7, 8)","(8, 8)",West,"[(6, 8) via West]","[(7, 8):0.04345723974984139, (6, 5):0.04814931738656014, (5, 16):0.06249999988358468, (5, 1):0.0634765838040039, (5, 3):0.06680109247099608]","[(6, 5):0.04814931738656014, (6, 8):0.05908223974984139, (5, 16):0.06249999988358468, (5, 1):0.0634765838040039, (5, 3):0.06680109247099608]","[(34, 16), (34, 15), (33, 16), (34, 14), (33, 14), (32, 16), (32, 14), (31, 16), (31, 14), (30, 16), (30, 14), (30, 13), (29, 16), (30, 12), (31, 12), (32, 12), (33, 12), (34, 12), (34, 11), (34, 10), (33, 10), (32, 10), (31, 10), (30, 10), (28, 16), (30, 9), (29, 10), (30, 8), (31, 8), (32, 8), (33, 8), (34, 8), (34, 7), (34, 6), (33, 6), (32, 6), (31, 6), (30, 6), (30, 5), (29, 6), (30, 4), (31, 4), (32, 4), (33, 4), (34, 4), (30, 3), (31, 3), (34, 3), (34, 2), (34, 1), (33, 1), (32, 1), (27, 16), (31, 1), (30, 1), (29, 1), (28, 1), (27, 1), (26, 16), (27, 2), (27, 3), (26, 2), (27, 4), (27, 5), (25, 16), (27, 6), (27, 7), (25, 2), (27, 8), (27, 9), (25, 15), (26, 9), (24, 16), (25, 14), (25, 9), (26, 14), (24, 2), (27, 14), (27, 13), (27, 12), (27, 11), (26, 11), (24, 9), (25, 11), (23, 16), (23, 2), (24, 11), (23, 9), (24, 12), (23, 12), (22, 16), (22, 2), (22, 9), (22, 12), (21, 16), (21, 2), (21, 9), (21, 12), (20, 16), (20, 2), (20, 9), (20, 12), (20, 10), (20, 11), (19, 16), (19, 2), (19, 12), (19, 11), (18, 16), (18, 2), (18, 12), (17, 16), (17, 2), (17, 12), (17, 13), (16, 16), (16, 2), (16, 12), (17, 14), (16, 14), (15, 16), (15, 2), (15, 12), (15, 14), (15, 3), (14, 16), (14, 2), (15, 4), (14, 12), (16, 4), (14, 14), (17, 4), (18, 4), (19, 4), (20, 4), (21, 4), (19, 5), (21, 5), (22, 5), (23, 5), (24, 5), (24, 6), (24, 7), (23, 7), (22, 7), (21, 7), (19, 6), (20, 7), (19, 7), (18, 6), (17, 6), (16, 6), (14, 11), (15, 6), (13, 16), (13, 2), (13, 12), (14, 10), (13, 14), (14, 6), (15, 10), (16, 10), (17, 10), (17, 9), (17, 8), (16, 8), (15, 8), (13, 6), (14, 8), (12, 16), (12, 2), (12, 12), (12, 14), (13, 5), (13, 8), (13, 4), (12, 13), (12, 11), (12, 8), (12, 4), (11, 16), (11, 2), (12, 10), (11, 8), (11, 4), (11, 10), (11, 7), (10, 16), (10, 2), (11, 6), (10, 4), (10, 10), (10, 1), (10, 6), (10, 11), (9, 16), (9, 4), (10, 12), (9, 1), (9, 6), (10, 13), (10, 14), (8, 16), (8, 4), (9, 14), (8, 1), (8, 6), (8, 3), (8, 14), (7, 16), (8, 13), (7, 1), (7, 6), (7, 3), (8, 12), (8, 11), (8, 10), (6, 16), (8, 9), (6, 1), (6, 6), (6, 3), (8, 8)]",0.04345723974984139,0,0.04345723974984139
225,"(6, 5)","(6, 6)",South,"[(5, 5) via West]","[(6, 5):0.04814931738656014, (6, 8):0.05908223974984139, (5, 16):0.06249999988358468, (5, 1):0.0634765838040039, (5, 3):0.06680109247099608]","[(6, 8):0.05908223974984139, (5, 16):0.06249999988358468, (5, 1):0.0634765838040039, (5, 3):0.06680109247099608, (5, 5):0.07939931738656014]","[(34, 16), (34, 15), (33, 16), (34, 14), (33, 14), (32, 16), (32, 14), (31, 16), (31, 14), (30, 16), (30, 14), (30, 13), (29, 16), (30, 12), (31, 12), (32, 12), (33, 12), (34, 12), (34, 11), (34, 10), (33, 10), (32, 10), (31, 10), (30, 10), (28, 16), (30, 9), (29, 10), (30, 8), (31, 8), (32, 8), (33, 8), (34, 8), (34, 7), (34, 6), (33, 6), (32, 6), (31, 6), (30, 6), (30, 5), (29, 6), (30, 4), (31, 4), (32, 4), (33, 4), (34, 4), (30, 3), (31, 3), (34, 3), (34, 2), (34, 1), (33, 1), (32, 1), (27, 16), (31, 1), (30, 1), (29, 1), (28, 1), (27, 1), (26, 16), (27, 2), (27, 3), (26, 2), (27, 4), (27, 5), (25, 16), (27, 6), (27, 7), (25, 2), (27, 8), (27, 9), (25, 15), (26, 9), (24, 16), (25, 14), (25, 9), (26, 14), (24, 2), (27, 14), (27, 13), (27, 12), (27, 11), (26, 11), (24, 9), (25, 11), (23, 16), (23, 2), (24, 11), (23, 9), (24, 12), (23, 12), (22, 16), (22, 2), (22, 9), (22, 12), (21, 16), (21, 2), (21, 9), (21, 12), (20, 16), (20, 2), (20, 9), (20, 12), (20, 10), (20, 11), (19, 16), (19, 2), (19, 12), (19, 11), (18, 16), (18, 2), (18, 12), (17, 16), (17, 2), (17, 12), (17, 13), (16, 16), (16, 2), (16, 12), (17, 14), (16, 14), (15, 16), (15, 2), (15, 12), (15, 14), (15, 3), (14, 16), (14, 2), (15, 4), (14, 12), (16, 4), (14, 14), (17, 4), (18, 4), (19, 4), (20, 4), (21, 4), (19, 5), (21, 5), (22, 5), (23, 5), (24, 5), (24, 6), (24, 7), (23, 7), (22, 7), (21, 7), (19, 6), (20, 7), (19, 7), (18, 6), (17, 6), (16, 6), (14, 11), (15, 6), (13, 16), (13, 2), (13, 12), (14, 10), (13, 14), (14, 6), (15, 10), (16, 10), (17, 10), (17, 9), (17, 8), (16, 8), (15, 8), (13, 6), (14, 8), (12, 16), (12, 2), (12, 12), (12, 14), (13, 5), (13, 8), (13, 4), (12, 13), (12, 11), (12, 8), (12, 4), (11, 16), (11, 2), (12, 10), (11, 8), (11, 4), (11, 10), (11, 7), (10, 16), (10, 2), (11, 6), (10, 4), (10, 10), (10, 1), (10, 6), (10, 11), (9, 16), (9, 4), (10, 12), (9, 1), (9, 6), (10, 13), (10, 14), (8, 16), (8, 4), (9, 14), (8, 1), (8, 6), (8, 3), (8, 14), (7, 16), (8, 13), (7, 1), (7, 6), (7, 3), (8, 12), (8, 11), (8, 10), (6, 16), (8, 9), (6, 1), (6, 6), (6, 3), (8, 8), (7, 8)]",0.04814931738656014,0,0.04814931738656014
226,"(6, 8)","(7, 8)",West,"[(6, 9) via North]","[(6, 8):0.05908223974984139, (5, 16):0.06249999988358468, (5, 1):0.0634765838040039, (5, 3):0.06680109247099608, (5, 5):0.07939931738656014]","[(5, 16):0.06249999988358468, (5, 1):0.0634765838040039, (5, 3):0.06680109247099608, (6, 9):0.07470723974984139, (5, 5):0.07939931738656014]","[(34, 16), (34, 15), (33, 16), (34, 14), (33, 14), (32, 16), (32, 14), (31, 16), (31, 14), (30, 16), (30, 14), (30, 13), (29, 16), (30, 12), (31, 12), (32, 12), (33, 12), (34, 12), (34, 11), (34, 10), (33, 10), (32, 10), (31, 10), (30, 10), (28, 16), (30, 9), (29, 10), (30, 8), (31, 8), (32, 8), (33, 8), (34, 8), (34, 7), (34, 6), (33, 6), (32, 6), (31, 6), (30, 6), (30, 5), (29, 6), (30, 4), (31, 4), (32, 4), (33, 4), (34, 4), (30, 3), (31, 3), (34, 3), (34, 2), (34, 1), (33, 1), (32, 1), (27, 16), (31, 1), (30, 1), (29, 1), (28, 1), (27, 1), (26, 16), (27, 2), (27, 3), (26, 2), (27, 4), (27, 5), (25, 16), (27, 6), (27, 7), (25, 2), (27, 8), (27, 9), (25, 15), (26, 9), (24, 16), (25, 14), (25, 9), (26, 14), (24, 2), (27, 14), (27, 13), (27, 12), (27, 11), (26, 11), (24, 9), (25, 11), (23, 16), (23, 2), (24, 11), (23, 9), (24, 12), (23, 12), (22, 16), (22, 2), (22, 9), (22, 12), (21, 16), (21, 2), (21, 9), (21, 12), (20, 16), (20, 2), (20, 9), (20, 12), (20, 10), (20, 11), (19, 16), (19, 2), (19, 12), (19, 11), (18, 16), (18, 2), (18, 12), (17, 16), (17, 2), (17, 12), (17, 13), (16, 16), (16, 2), (16, 12), (17, 14), (16, 14), (15, 16), (15, 2), (15, 12), (15, 14), (15, 3), (14, 16), (14, 2), (15, 4), (14, 12), (16, 4), (14, 14), (17, 4), (18, 4), (19, 4), (20, 4), (21, 4), (19, 5), (21, 5), (22, 5), (23, 5), (24, 5), (24, 6), (24, 7), (23, 7), (22, 7), (21, 7), (19, 6), (20, 7), (19, 7), (18, 6), (17, 6), (16, 6), (14, 11), (15, 6), (13, 16), (13, 2), (13, 12), (14, 10), (13, 14), (14, 6), (15, 10), (16, 10), (17, 10), (17, 9), (17, 8), (16, 8), (15, 8), (13, 6), (14, 8), (12, 16), (12, 2), (12, 12), (12, 14), (13, 5), (13, 8), (13, 4), (12, 13), (12, 11), (12, 8), (12, 4), (11, 16), (11, 2), (12, 10), (11, 8), (11, 4), (11, 10), (11, 7), (10, 16), (10, 2), (11, 6), (10, 4), (10, 10), (10, 1), (10, 6), (10, 11), (9, 16), (9, 4), (10, 12), (9, 1), (9, 6), (10, 13), (10, 14), (8, 16), (8, 4), (9, 14), (8, 1), (8, 6), (8, 3), (8, 14), (7, 16), (8, 13), (7, 1), (7, 6), (7, 3), (8, 12), (8, 11), (8, 10), (6, 16), (8, 9), (6, 1), (6, 6), (6, 3), (8, 8), (7, 8), (6, 5)]",0.05908223974984139,0,0.05908223974984139
227,"(5, 16)","(6, 16)",West,"[(4, 16) via West]","[(5, 16):0.06249999988358468, (5, 1):0.0634765838040039, (5, 3):0.06680109247099608, (6, 9):0.07470723974984139, (5, 5):0.07939931738656014]","[(5, 1):0.0634765838040039, (5, 3):0.06680109247099608, (6, 9):0.07470723974984139, (5, 5):0.07939931738656014, (4, 16):0.12499999988358468]","[(34, 16), (34, 15), (33, 16), (34, 14), (33, 14), (32, 16), (32, 14), (31, 16), (31, 14), (30, 16), (30, 14), (30, 13), (29, 16), (30, 12), (31, 12), (32, 12), (33, 12), (34, 12), (34, 11), (34, 10), (33, 10), (32, 10), (31, 10), (30, 10), (28, 16), (30, 9), (29, 10), (30, 8), (31, 8), (32, 8), (33, 8), (34, 8), (34, 7), (34, 6), (33, 6), (32, 6), (31, 6), (30, 6), (30, 5), (29, 6), (30, 4), (31, 4), (32, 4), (33, 4), (34, 4), (30, 3), (31, 3), (34, 3), (34, 2), (34, 1), (33, 1), (32, 1), (27, 16), (31, 1), (30, 1), (29, 1), (28, 1), (27, 1), (26, 16), (27, 2), (27, 3), (26, 2), (27, 4), (27, 5), (25, 16), (27, 6), (27, 7), (25, 2), (27, 8), (27, 9), (25, 15), (26, 9), (24, 16), (25, 14), (25, 9), (26, 14), (24, 2), (27, 14), (27, 13), (27, 12), (27, 11), (26, 11), (24, 9), (25, 11), (23, 16), (23, 2), (24, 11), (23, 9), (24, 12), (23, 12), (22, 16), (22, 2), (22, 9), (22, 12), (21, 16), (21, 2), (21, 9), (21, 12), (20, 16), (20, 2), (20, 9), (20, 12), (20, 10), (20, 11), (19, 16), (19, 2), (19, 12), (19, 11), (18, 16), (18, 2), (18, 12), (17, 16), (17, 2), (17, 12), (17, 13), (16, 16), (16, 2), (16, 12), (17, 14), (16, 14), (15, 16), (15, 2), (15, 12), (15, 14), (15, 3), (14, 16), (14, 2), (15, 4), (14, 12), (16, 4), (14, 14), (17, 4), (18, 4), (19, 4), (20, 4), (21, 4), (19, 5), (21, 5), (22, 5), (23, 5), (24, 5), (24, 6), (24, 7), (23, 7), (22, 7), (21, 7), (19, 6), (20, 7), (19, 7), (18, 6), (17, 6), (16, 6), (14, 11), (15, 6), (13, 16), (13, 2), (13, 12), (14, 10), (13, 14), (14, 6), (15, 10), (16, 10), (17, 10), (17, 9), (17, 8), (16, 8), (15, 8), (13, 6), (14, 8), (12, 16), (12, 2), (12, 12), (12, 14), (13, 5), (13, 8), (13, 4), (12, 13), (12, 11), (12, 8), (12, 4), (11, 16), (11, 2), (12, 10), (11, 8), (11, 4), (11, 10), (11, 7), (10, 16), (10, 2), (11, 6), (10, 4), (10, 10), (10, 1), (10, 6), (10, 11), (9, 16), (9, 4), (10, 12), (9, 1), (9, 6), (10, 13), (10, 14), (8, 16), (8, 4), (9, 14), (8, 1), (8, 6), (8, 3), (8, 14), (7, 16), (8, 13), (7, 1), (7, 6), (7, 3), (8, 12), (8, 11), (8, 10), (6, 16), (8, 9), (6, 1), (6, 6), (6, 3), (8, 8), (7, 8), (6, 5), (6, 8)]",0.06249999988358468,0,0.06249999988358468
228,"(5, 1)","(6, 1)",West,"[(4, 1) via West]","[(5, 1):0.0634765838040039, (5, 3):0.06680109247099608, (6, 9):0.07470723974984139, (5, 5):0.07939931738656014, (4, 16):0.12499999988358468]","[(5, 3):0.06680109247099608, (6, 9):0.07470723974984139, (5, 5):0.07939931738656014, (4, 16):0.12499999988358468, (4, 1):0.1259765838040039]","[(34, 16), (34, 15), (33, 16), (34, 14), (33, 14), (32, 16), (32, 14), (31, 16), (31, 14), (30, 16), (30, 14), (30, 13), (29, 16), (30, 12), (31, 12), (32, 12), (33, 12), (34, 12), (34, 11), (34, 10), (33, 10), (32, 10), (31, 10), (30, 10), (28, 16), (30, 9), (29, 10), (30, 8), (31, 8), (32, 8), (33, 8), (34, 8), (34, 7), (34, 6), (33, 6), (32, 6), (31, 6), (30, 6), (30, 5), (29, 6), (30, 4), (31, 4), (32, 4), (33, 4), (34, 4), (30, 3), (31, 3), (34, 3), (34, 2), (34, 1), (33, 1), (32, 1), (27, 16), (31, 1), (30, 1), (29, 1), (28, 1), (27, 1), (26, 16), (27, 2), (27, 3), (26, 2), (27, 4), (27, 5), (25, 16), (27, 6), (27, 7), (25, 2), (27, 8), (27, 9), (25, 15), (26, 9), (24, 16), (25, 14), (25, 9), (26, 14), (24, 2), (27, 14), (27, 13), (27, 12), (27, 11), (26, 11), (24, 9), (25, 11), (23, 16), (23, 2), (24, 11), (23, 9), (24, 12), (23, 12), (22, 16), (22, 2), (22, 9), (22, 12), (21, 16), (21, 2), (21, 9), (21, 12), (20, 16), (20, 2), (20, 9), (20, 12), (20, 10), (20, 11), (19, 16), (19, 2), (19, 12), (19, 11), (18, 16), (18, 2), (18, 12), (17, 16), (17, 2), (17, 12), (17, 13), (16, 16), (16, 2), (16, 12), (17, 14), (16, 14), (15, 16), (15, 2), (15, 12), (15, 14), (15, 3), (14, 16), (14, 2), (15, 4), (14, 12), (16, 4), (14, 14), (17, 4), (18, 4), (19, 4), (20, 4), (21, 4), (19, 5), (21, 5), (22, 5), (23, 5), (24, 5), (24, 6), (24, 7), (23, 7), (22, 7), (21, 7), (19, 6), (20, 7), (19, 7), (18, 6), (17, 6), (16, 6), (14, 11), (15, 6), (13, 16), (13, 2), (13, 12), (14, 10), (13, 14), (14, 6), (15, 10), (16, 10), (17, 10), (17, 9), (17, 8), (16, 8), (15, 8), (13, 6), (14, 8), (12, 16), (12, 2), (12, 12), (12, 14), (13, 5), (13, 8), (13, 4), (12, 13), (12, 11), (12, 8), (12, 4), (11, 16), (11, 2), (12, 10), (11, 8), (11, 4), (11, 10), (11, 7), (10, 16), (10, 2), (11, 6), (10, 4), (10, 10), (10, 1), (10, 6), (10, 11), (9, 16), (9, 4), (10, 12), (9, 1), (9, 6), (10, 13), (10, 14), (8, 16), (8, 4), (9, 14), (8, 1), (8, 6), (8, 3), (8, 14), (7, 16), (8, 13), (7, 1), (7, 6), (7, 3), (8, 12), (8, 11), (8, 10), (6, 16), (8, 9), (6, 1), (6, 6), (6, 3), (8, 8), (7, 8), (6, 5), (6, 8), (5, 16)]",0.0634765838040039,0,0.0634765838040039
229,"(5, 3)","(6, 3)",West,"[(4, 3) via West]","[(5, 3):0.06680109247099608, (6, 9):0.07470723974984139, (5, 5):0.07939931738656014, (4, 16):0.12499999988358468, (4, 1):0.1259765838040039]","[(6, 9):0.07470723974984139, (5, 5):0.07939931738656014, (4, 16):0.12499999988358468, (4, 1):0.1259765838040039, (4, 3):0.12930109247099608]","[(34, 16), (34, 15), (33, 16), (34, 14), (33, 14), (32, 16), (32, 14), (31, 16), (31, 14), (30, 16), (30, 14), (30, 13), (29, 16), (30, 12), (31, 12), (32, 12), (33, 12), (34, 12), (34, 11), (34, 10), (33, 10), (32, 10), (31, 10), (30, 10), (28, 16), (30, 9), (29, 10), (30, 8), (31, 8), (32, 8), (33, 8), (34, 8), (34, 7), (34, 6), (33, 6), (32, 6), (31, 6), (30, 6), (30, 5), (29, 6), (30, 4), (31, 4), (32, 4), (33, 4), (34, 4), (30, 3), (31, 3), (34, 3), (34, 2), (34, 1), (33, 1), (32, 1), (27, 16), (31, 1), (30, 1), (29, 1), (28, 1), (27, 1), (26, 16), (27, 2), (27, 3), (26, 2), (27, 4), (27, 5), (25, 16), (27, 6), (27, 7), (25, 2), (27, 8), (27, 9), (25, 15), (26, 9), (24, 16), (25, 14), (25, 9), (26, 14), (24, 2), (27, 14), (27, 13), (27, 12), (27, 11), (26, 11), (24, 9), (25, 11), (23, 16), (23, 2), (24, 11), (23, 9), (24, 12), (23, 12), (22, 16), (22, 2), (22, 9), (22, 12), (21, 16), (21, 2), (21, 9), (21, 12), (20, 16), (20, 2), (20, 9), (20, 12), (20, 10), (20, 11), (19, 16), (19, 2), (19, 12), (19, 11), (18, 16), (18, 2), (18, 12), (17, 16), (17, 2), (17, 12), (17, 13), (16, 16), (16, 2), (16, 12), (17, 14), (16, 14), (15, 16), (15, 2), (15, 12), (15, 14), (15, 3), (14, 16), (14, 2), (15, 4), (14, 12), (16, 4), (14, 14), (17, 4), (18, 4), (19, 4), (20, 4), (21, 4), (19, 5), (21, 5), (22, 5), (23, 5), (24, 5), (24, 6), (24, 7), (23, 7), (22, 7), (21, 7), (19, 6), (20, 7), (19, 7), (18, 6), (17, 6), (16, 6), (14, 11), (15, 6), (13, 16), (13, 2), (13, 12), (14, 10), (13, 14), (14, 6), (15, 10), (16, 10), (17, 10), (17, 9), (17, 8), (16, 8), (15, 8), (13, 6), (14, 8), (12, 16), (12, 2), (12, 12), (12, 14), (13, 5), (13, 8), (13, 4), (12, 13), (12, 11), (12, 8), (12, 4), (11, 16), (11, 2), (12, 10), (11, 8), (11, 4), (11, 10), (11, 7), (10, 16), (10, 2), (11, 6), (10, 4), (10, 10), (10, 1), (10, 6), (10, 11), (9, 16), (9, 4), (10, 12), (9, 1), (9, 6), (10, 13), (10, 14), (8, 16), (8, 4), (9, 14), (8, 1), (8, 6), (8, 3), (8, 14), (7, 16), (8, 13), (7, 1), (7, 6), (7, 3), (8, 12), (8, 11), (8, 10), (6, 16), (8, 9), (6, 1), (6, 6), (6, 3), (8, 8), (7, 8), (6, 5), (6, 8), (5, 16), (5, 1)]",0.06680109247099608,0,0.06680109247099608
230,"(6, 9)","(6, 8)",North,"[(6, 10) via North]","[(6, 9):0.07470723974984139, (5, 5):0.07939931738656014, (4, 16):0.12499999988358468, (4, 1):0.1259765838040039, (4, 3):0.12930109247099608]","[(5, 5):0.07939931738656014, (6, 10):0.09033223974984139, (4, 16):0.12499999988358468, (4, 1):0.1259765838040039, (4, 3):0.12930109247099608]","[(34, 16), (34, 15), (33, 16), (34, 14), (33, 14), (32, 16), (32, 14), (31, 16), (31, 14), (30, 16), (30, 14), (30, 13), (29, 16), (30, 12), (31, 12), (32, 12), (33, 12), (34, 12), (34, 11), (34, 10), (33, 10), (32, 10), (31, 10), (30, 10), (28, 16), (30, 9), (29, 10), (30, 8), (31, 8), (32, 8), (33, 8), (34, 8), (34, 7), (34, 6), (33, 6), (32, 6), (31, 6), (30, 6), (30, 5), (29, 6), (30, 4), (31, 4), (32, 4), (33, 4), (34, 4), (30, 3), (31, 3), (34, 3), (34, 2), (34, 1), (33, 1), (32, 1), (27, 16), (31, 1), (30, 1), (29, 1), (28, 1), (27, 1), (26, 16), (27, 2), (27, 3), (26, 2), (27, 4), (27, 5), (25, 16), (27, 6), (27, 7), (25, 2), (27, 8), (27, 9), (25, 15), (26, 9), (24, 16), (25, 14), (25, 9), (26, 14), (24, 2), (27, 14), (27, 13), (27, 12), (27, 11), (26, 11), (24, 9), (25, 11), (23, 16), (23, 2), (24, 11), (23, 9), (24, 12), (23, 12), (22, 16), (22, 2), (22, 9), (22, 12), (21, 16), (21, 2), (21, 9), (21, 12), (20, 16), (20, 2), (20, 9), (20, 12), (20, 10), (20, 11), (19, 16), (19, 2), (19, 12), (19, 11), (18, 16), (18, 2), (18, 12), (17, 16), (17, 2), (17, 12), (17, 13), (16, 16), (16, 2), (16, 12), (17, 14), (16, 14), (15, 16), (15, 2), (15, 12), (15, 14), (15, 3), (14, 16), (14, 2), (15, 4), (14, 12), (16, 4), (14, 14), (17, 4), (18, 4), (19, 4), (20, 4), (21, 4), (19, 5), (21, 5), (22, 5), (23, 5), (24, 5), (24, 6), (24, 7), (23, 7), (22, 7), (21, 7), (19, 6), (20, 7), (19, 7), (18, 6), (17, 6), (16, 6), (14, 11), (15, 6), (13, 16), (13, 2), (13, 12), (14, 10), (13, 14), (14, 6), (15, 10), (16, 10), (17, 10), (17, 9), (17, 8), (16, 8), (15, 8), (13, 6), (14, 8), (12, 16), (12, 2), (12, 12), (12, 14), (13, 5), (13, 8), (13, 4), (12, 13), (12, 11), (12, 8), (12, 4), (11, 16), (11, 2), (12, 10), (11, 8), (11, 4), (11, 10), (11, 7), (10, 16), (10, 2), (11, 6), (10, 4), (10, 10), (10, 1), (10, 6), (10, 11), (9, 16), (9, 4), (10, 12), (9, 1), (9, 6), (10, 13), (10, 14), (8, 16), (8, 4), (9, 14), (8, 1), (8, 6), (8, 3), (8, 14), (7, 16), (8, 13), (7, 1), (7, 6), (7, 3), (8, 12), (8, 11), (8, 10), (6, 16), (8, 9), (6, 1), (6, 6), (6, 3), (8, 8), (7, 8), (6, 5), (6, 8), (5, 16), (5, 1), (5, 3)]",0.07470723974984139,0,0.07470723974984139
231,"(5, 5)","(6, 5)",West,"[(4, 5) via West]","[(5, 5):0.07939931738656014, (6, 10):0.09033223974984139, (4, 16):0.12499999988358468, (4, 1):0.1259765838040039, (4, 3):0.12930109247099608]","[(6, 10):0.09033223974984139, (4, 16):0.12499999988358468, (4, 1):0.1259765838040039, (4, 3):0.12930109247099608, (4, 5):0.14189931738656014]","[(34, 16), (34, 15), (33, 16), (34, 14), (33, 14), (32, 16), (32, 14), (31, 16), (31, 14), (30, 16), (30, 14), (30, 13), (29, 16), (30, 12), (31, 12), (32, 12), (33, 12), (34, 12), (34, 11), (34, 10), (33, 10), (32, 10), (31, 10), (30, 10), (28, 16), (30, 9), (29, 10), (30, 8), (31, 8), (32, 8), (33, 8), (34, 8), (34, 7), (34, 6), (33, 6), (32, 6), (31, 6), (30, 6), (30, 5), (29, 6), (30, 4), (31, 4), (32, 4), (33, 4), (34, 4), (30, 3), (31, 3), (34, 3), (34, 2), (34, 1), (33, 1), (32, 1), (27, 16), (31, 1), (30, 1), (29, 1), (28, 1), (27, 1), (26, 16), (27, 2), (27, 3), (26, 2), (27, 4), (27, 5), (25, 16), (27, 6), (27, 7), (25, 2), (27, 8), (27, 9), (25, 15), (26, 9), (24, 16), (25, 14), (25, 9), (26, 14), (24, 2), (27, 14), (27, 13), (27, 12), (27, 11), (26, 11), (24, 9), (25, 11), (23, 16), (23, 2), (24, 11), (23, 9), (24, 12), (23, 12), (22, 16), (22, 2), (22, 9), (22, 12), (21, 16), (21, 2), (21, 9), (21, 12), (20, 16), (20, 2), (20, 9), (20, 12), (20, 10), (20, 11), (19, 16), (19, 2), (19, 12), (19, 11), (18, 16), (18, 2), (18, 12), (17, 16), (17, 2), (17, 12), (17, 13), (16, 16), (16, 2), (16, 12), (17, 14), (16, 14), (15, 16), (15, 2), (15, 12), (15, 14), (15, 3), (14, 16), (14, 2), (15, 4), (14, 12), (16, 4), (14, 14), (17, 4), (18, 4), (19, 4), (20, 4), (21, 4), (19, 5), (21, 5), (22, 5), (23, 5), (24, 5), (24, 6), (24, 7), (23, 7), (22, 7), (21, 7), (19, 6), (20, 7), (19, 7), (18, 6), (17, 6), (16, 6), (14, 11), (15, 6), (13, 16), (13, 2), (13, 12), (14, 10), (13, 14), (14, 6), (15, 10), (16, 10), (17, 10), (17, 9), (17, 8), (16, 8), (15, 8), (13, 6), (14, 8), (12, 16), (12, 2), (12, 12), (12, 14), (13, 5), (13, 8), (13, 4), (12, 13), (12, 11), (12, 8), (12, 4), (11, 16), (11, 2), (12, 10), (11, 8), (11, 4), (11, 10), (11, 7), (10, 16), (10, 2), (11, 6), (10, 4), (10, 10), (10, 1), (10, 6), (10, 11), (9, 16), (9, 4), (10, 12), (9, 1), (9, 6), (10, 13), (10, 14), (8, 16), (8, 4), (9, 14), (8, 1), (8, 6), (8, 3), (8, 14), (7, 16), (8, 13), (7, 1), (7, 6), (7, 3), (8, 12), (8, 11), (8, 10), (6, 16), (8, 9), (6, 1), (6, 6), (6, 3), (8, 8), (7, 8), (6, 5), (6, 8), (5, 16), (5, 1), (5, 3), (6, 9)]",0.07939931738656014,0,0.07939931738656014
232,"(6, 10)","(6, 9)",North,"[(6, 11) via North]","[(6, 10):0.09033223974984139, (4, 16):0.12499999988358468, (4, 1):0.1259765838040039, (4, 3):0.12930109247099608, (4, 5):0.14189931738656014]","[(6, 11):0.10595723974984139, (4, 16):0.12499999988358468, (4, 1):0.1259765838040039, (4, 3):0.12930109247099608, (4, 5):0.14189931738656014]","[(34, 16), (34, 15), (33, 16), (34, 14), (33, 14), (32, 16), (32, 14), (31, 16), (31, 14), (30, 16), (30, 14), (30, 13), (29, 16), (30, 12), (31, 12), (32, 12), (33, 12), (34, 12), (34, 11), (34, 10), (33, 10), (32, 10), (31, 10), (30, 10), (28, 16), (30, 9), (29, 10), (30, 8), (31, 8), (32, 8), (33, 8), (34, 8), (34, 7), (34, 6), (33, 6), (32, 6), (31, 6), (30, 6), (30, 5), (29, 6), (30, 4), (31, 4), (32, 4), (33, 4), (34, 4), (30, 3), (31, 3), (34, 3), (34, 2), (34, 1), (33, 1), (32, 1), (27, 16), (31, 1), (30, 1), (29, 1), (28, 1), (27, 1), (26, 16), (27, 2), (27, 3), (26, 2), (27, 4), (27, 5), (25, 16), (27, 6), (27, 7), (25, 2), (27, 8), (27, 9), (25, 15), (26, 9), (24, 16), (25, 14), (25, 9), (26, 14), (24, 2), (27, 14), (27, 13), (27, 12), (27, 11), (26, 11), (24, 9), (25, 11), (23, 16), (23, 2), (24, 11), (23, 9), (24, 12), (23, 12), (22, 16), (22, 2), (22, 9), (22, 12), (21, 16), (21, 2), (21, 9), (21, 12), (20, 16), (20, 2), (20, 9), (20, 12), (20, 10), (20, 11), (19, 16), (19, 2), (19, 12), (19, 11), (18, 16), (18, 2), (18, 12), (17, 16), (17, 2), (17, 12), (17, 13), (16, 16), (16, 2), (16, 12), (17, 14), (16, 14), (15, 16), (15, 2), (15, 12), (15, 14), (15, 3), (14, 16), (14, 2), (15, 4), (14, 12), (16, 4), (14, 14), (17, 4), (18, 4), (19, 4), (20, 4), (21, 4), (19, 5), (21, 5), (22, 5), (23, 5), (24, 5), (24, 6), (24, 7), (23, 7), (22, 7), (21, 7), (19, 6), (20, 7), (19, 7), (18, 6), (17, 6), (16, 6), (14, 11), (15, 6), (13, 16), (13, 2), (13, 12), (14, 10), (13, 14), (14, 6), (15, 10), (16, 10), (17, 10), (17, 9), (17, 8), (16, 8), (15, 8), (13, 6), (14, 8), (12, 16), (12, 2), (12, 12), (12, 14), (13, 5), (13, 8), (13, 4), (12, 13), (12, 11), (12, 8), (12, 4), (11, 16), (11, 2), (12, 10), (11, 8), (11, 4), (11, 10), (11, 7), (10, 16), (10, 2), (11, 6), (10, 4), (10, 10), (10, 1), (10, 6), (10, 11), (9, 16), (9, 4), (10, 12), (9, 1), (9, 6), (10, 13), (10, 14), (8, 16), (8, 4), (9, 14), (8, 1), (8, 6), (8, 3), (8, 14), (7, 16), (8, 13), (7, 1), (7, 6), (7, 3), (8, 12), (8, 11), (8, 10), (6, 16), (8, 9), (6, 1), (6, 6), (6, 3), (8, 8), (7, 8), (6, 5), (6, 8), (5, 16), (5, 1), (5, 3), (6, 9), (5, 5)]",0.09033223974984139,0,0.09033223974984139
233,"(6, 11)","(6, 10)",North,"[(6, 12) via North]","[(6, 11):0.10595723974984139, (4, 16):0.12499999988358468, (4, 1):0.1259765838040039, (4, 3):0.12930109247099608, (4, 5):0.14189931738656014]","[(6, 12):0.12158223974984139, (4, 16):0.12499999988358468, (4, 1):0.1259765838040039, (4, 3):0.12930109247099608, (4, 5):0.14189931738656014]","[(34, 16), (34, 15), (33, 16), (34, 14), (33, 14), (32, 16), (32, 14), (31, 16), (31, 14), (30, 16), (30, 14), (30, 13), (29, 16), (30, 12), (31, 12), (32, 12), (33, 12), (34, 12), (34, 11), (34, 10), (33, 10), (32, 10), (31, 10), (30, 10), (28, 16), (30, 9), (29, 10), (30, 8), (31, 8), (32, 8), (33, 8), (34, 8), (34, 7), (34, 6), (33, 6), (32, 6), (31, 6), (30, 6), (30, 5), (29, 6), (30, 4), (31, 4), (32, 4), (33, 4), (34, 4), (30, 3), (31, 3), (34, 3), (34, 2), (34, 1), (33, 1), (32, 1), (27, 16), (31, 1), (30, 1), (29, 1), (28, 1), (27, 1), (26, 16), (27, 2), (27, 3), (26, 2), (27, 4), (27, 5), (25, 16), (27, 6), (27, 7), (25, 2), (27, 8), (27, 9), (25, 15), (26, 9), (24, 16), (25, 14), (25, 9), (26, 14), (24, 2), (27, 14), (27, 13), (27, 12), (27, 11), (26, 11), (24, 9), (25, 11), (23, 16), (23, 2), (24, 11), (23, 9), (24, 12), (23, 12), (22, 16), (22, 2), (22, 9), (22, 12), (21, 16), (21, 2), (21, 9), (21, 12), (20, 16), (20, 2), (20, 9), (20, 12), (20, 10), (20, 11), (19, 16), (19, 2), (19, 12), (19, 11), (18, 16), (18, 2), (18, 12), (17, 16), (17, 2), (17, 12), (17, 13), (16, 16), (16, 2), (16, 12), (17, 14), (16, 14), (15, 16), (15, 2), (15, 12), (15, 14), (15, 3), (14, 16), (14, 2), (15, 4), (14, 12), (16, 4), (14, 14), (17, 4), (18, 4), (19, 4), (20, 4), (21, 4), (19, 5), (21, 5), (22, 5), (23, 5), (24, 5), (24, 6), (24, 7), (23, 7), (22, 7), (21, 7), (19, 6), (20, 7), (19, 7), (18, 6), (17, 6), (16, 6), (14, 11), (15, 6), (13, 16), (13, 2), (13, 12), (14, 10), (13, 14), (14, 6), (15, 10), (16, 10), (17, 10), (17, 9), (17, 8), (16, 8), (15, 8), (13, 6), (14, 8), (12, 16), (12, 2), (12, 12), (12, 14), (13, 5), (13, 8), (13, 4), (12, 13), (12, 11), (12, 8), (12, 4), (11, 16), (11, 2), (12, 10), (11, 8), (11, 4), (11, 10), (11, 7), (10, 16), (10, 2), (11, 6), (10, 4), (10, 10), (10, 1), (10, 6), (10, 11), (9, 16), (9, 4), (10, 12), (9, 1), (9, 6), (10, 13), (10, 14), (8, 16), (8, 4), (9, 14), (8, 1), (8, 6), (8, 3), (8, 14), (7, 16), (8, 13), (7, 1), (7, 6), (7, 3), (8, 12), (8, 11), (8, 10), (6, 16), (8, 9), (6, 1), (6, 6), (6, 3), (8, 8), (7, 8), (6, 5), (6, 8), (5, 16), (5, 1), (5, 3), (6, 9), (5, 5), (6, 10)]",0.10595723974984139,0,0.10595723974984139
234,"(6, 12)","(6, 11)",North,"[(6, 13) via North]","[(6, 12):0.12158223974984139, (4, 16):0.12499999988358468, (4, 1):0.1259765838040039, (4, 3):0.12930109247099608, (4, 5):0.14189931738656014]","[(4, 16):0.12499999988358468, (4, 1):0.1259765838040039, (4, 3):0.12930109247099608, (6, 13):0.1372072397498414, (4, 5):0.14189931738656014]","[(34, 16), (34, 15), (33, 16), (34, 14), (33, 14), (32, 16), (32, 14), (31, 16), (31, 14), (30, 16), (30, 14), (30, 13), (29, 16), (30, 12), (31, 12), (32, 12), (33, 12), (34, 12), (34, 11), (34, 10), (33, 10), (32, 10), (31, 10), (30, 10), (28, 16), (30, 9), (29, 10), (30, 8), (31, 8), (32, 8), (33, 8), (34, 8), (34, 7), (34, 6), (33, 6), (32, 6), (31, 6), (30, 6), (30, 5), (29, 6), (30, 4), (31, 4), (32, 4), (33, 4), (34, 4), (30, 3), (31, 3), (34, 3), (34, 2), (34, 1), (33, 1), (32, 1), (27, 16), (31, 1), (30, 1), (29, 1), (28, 1), (27, 1), (26, 16), (27, 2), (27, 3), (26, 2), (27, 4), (27, 5), (25, 16), (27, 6), (27, 7), (25, 2), (27, 8), (27, 9), (25, 15), (26, 9), (24, 16), (25, 14), (25, 9), (26, 14), (24, 2), (27, 14), (27, 13), (27, 12), (27, 11), (26, 11), (24, 9), (25, 11), (23, 16), (23, 2), (24, 11), (23, 9), (24, 12), (23, 12), (22, 16), (22, 2), (22, 9), (22, 12), (21, 16), (21, 2), (21, 9), (21, 12), (20, 16), (20, 2), (20, 9), (20, 12), (20, 10), (20, 11), (19, 16), (19, 2), (19, 12), (19, 11), (18, 16), (18, 2), (18, 12), (17, 16), (17, 2), (17, 12), (17, 13), (16, 16), (16, 2), (16, 12), (17, 14), (16, 14), (15, 16), (15, 2), (15, 12), (15, 14), (15, 3), (14, 16), (14, 2), (15, 4), (14, 12), (16, 4), (14, 14), (17, 4), (18, 4), (19, 4), (20, 4), (21, 4), (19, 5), (21, 5), (22, 5), (23, 5), (24, 5), (24, 6), (24, 7), (23, 7), (22, 7), (21, 7), (19, 6), (20, 7), (19, 7), (18, 6), (17, 6), (16, 6), (14, 11), (15, 6), (13, 16), (13, 2), (13, 12), (14, 10), (13, 14), (14, 6), (15, 10), (16, 10), (17, 10), (17, 9), (17, 8), (16, 8), (15, 8), (13, 6), (14, 8), (12, 16), (12, 2), (12, 12), (12, 14), (13, 5), (13, 8), (13, 4), (12, 13), (12, 11), (12, 8), (12, 4), (11, 16), (11, 2), (12, 10), (11, 8), (11, 4), (11, 10), (11, 7), (10, 16), (10, 2), (11, 6), (10, 4), (10, 10), (10, 1), (10, 6), (10, 11), (9, 16), (9, 4), (10, 12), (9, 1), (9, 6), (10, 13), (10, 14), (8, 16), (8, 4), (9, 14), (8, 1), (8, 6), (8, 3), (8, 14), (7, 16), (8, 13), (7, 1), (7, 6), (7, 3), (8, 12), (8, 11), (8, 10), (6, 16), (8, 9), (6, 1), (6, 6), (6, 3), (8, 8), (7, 8), (6, 5), (6, 8), (5, 16), (5, 1), (5, 3), (6, 9), (5, 5), (6, 10), (6, 11)]",0.12158223974984139,0,0.12158223974984139
235,"(4, 16)","(5, 16)",West,"[(3, 16) via West]","[(4, 16):0.12499999988358468, (4, 1):0.1259765838040039, (4, 3):0.12930109247099608, (6, 13):0.1372072397498414, (4, 5):0.14189931738656014]","[(4, 1):0.1259765838040039, (4, 3):0.12930109247099608, (6, 13):0.1372072397498414, (4, 5):0.14189931738656014, (3, 16):0.24999999988358468]","[(34, 16), (34, 15), (33, 16), (34, 14), (33, 14), (32, 16), (32, 14), (31, 16), (31, 14), (30, 16), (30, 14), (30, 13), (29, 16), (30, 12), (31, 12), (32, 12), (33, 12), (34, 12), (34, 11), (34, 10), (33, 10), (32, 10), (31, 10), (30, 10), (28, 16), (30, 9), (29, 10), (30, 8), (31, 8), (32, 8), (33, 8), (34, 8), (34, 7), (34, 6), (33, 6), (32, 6), (31, 6), (30, 6), (30, 5), (29, 6), (30, 4), (31, 4), (32, 4), (33, 4), (34, 4), (30, 3), (31, 3), (34, 3), (34, 2), (34, 1), (33, 1), (32, 1), (27, 16), (31, 1), (30, 1), (29, 1), (28, 1), (27, 1), (26, 16), (27, 2), (27, 3), (26, 2), (27, 4), (27, 5), (25, 16), (27, 6), (27, 7), (25, 2), (27, 8), (27, 9), (25, 15), (26, 9), (24, 16), (25, 14), (25, 9), (26, 14), (24, 2), (27, 14), (27, 13), (27, 12), (27, 11), (26, 11), (24, 9), (25, 11), (23, 16), (23, 2), (24, 11), (23, 9), (24, 12), (23, 12), (22, 16), (22, 2), (22, 9), (22, 12), (21, 16), (21, 2), (21, 9), (21, 12), (20, 16), (20, 2), (20, 9), (20, 12), (20, 10), (20, 11), (19, 16), (19, 2), (19, 12), (19, 11), (18, 16), (18, 2), (18, 12), (17, 16), (17, 2), (17, 12), (17, 13), (16, 16), (16, 2), (16, 12), (17, 14), (16, 14), (15, 16), (15, 2), (15, 12), (15, 14), (15, 3), (14, 16), (14, 2), (15, 4), (14, 12), (16, 4), (14, 14), (17, 4), (18, 4), (19, 4), (20, 4), (21, 4), (19, 5), (21, 5), (22, 5), (23, 5), (24, 5), (24, 6), (24, 7), (23, 7), (22, 7), (21, 7), (19, 6), (20, 7), (19, 7), (18, 6), (17, 6), (16, 6), (14, 11), (15, 6), (13, 16), (13, 2), (13, 12), (14, 10), (13, 14), (14, 6), (15, 10), (16, 10), (17, 10), (17, 9), (17, 8), (16, 8), (15, 8), (13, 6), (14, 8), (12, 16), (12, 2), (12, 12), (12, 14), (13, 5), (13, 8), (13, 4), (12, 13), (12, 11), (12, 8), (12, 4), (11, 16), (11, 2), (12, 10), (11, 8), (11, 4), (11, 10), (11, 7), (10, 16), (10, 2), (11, 6), (10, 4), (10, 10), (10, 1), (10, 6), (10, 11), (9, 16), (9, 4), (10, 12), (9, 1), (9, 6), (10, 13), (10, 14), (8, 16), (8, 4), (9, 14), (8, 1), (8, 6), (8, 3), (8, 14), (7, 16), (8, 13), (7, 1), (7, 6), (7, 3), (8, 12), (8, 11), (8, 10), (6, 16), (8, 9), (6, 1), (6, 6), (6, 3), (8, 8), (7, 8), (6, 5), (6, 8), (5, 16), (5, 1), (5, 3), (6, 9), (5, 5), (6, 10), (6, 11), (6, 12)]",0.12499999988358468,0,0.12499999988358468
236,"(4, 1)","(5, 1)",West,"[(3, 1) via West]","[(4, 1):0.1259765838040039, (4, 3):0.12930109247099608, (6, 13):0.1372072397498414, (4, 5):0.14189931738656014, (3, 16):0.24999999988358468]","[(4, 3):0.12930109247099608, (6, 13):0.1372072397498414, (4, 5):0.14189931738656014, (3, 16):0.24999999988358468, (3, 1):0.2509765838040039]","[(34, 16), (34, 15), (33, 16), (34, 14), (33, 14), (32, 16), (32, 14), (31, 16), (31, 14), (30, 16), (30, 14), (30, 13), (29, 16), (30, 12), (31, 12), (32, 12), (33, 12), (34, 12), (34, 11), (34, 10), (33, 10), (32, 10), (31, 10), (30, 10), (28, 16), (30, 9), (29, 10), (30, 8), (31, 8), (32, 8), (33, 8), (34, 8), (34, 7), (34, 6), (33, 6), (32, 6), (31, 6), (30, 6), (30, 5), (29, 6), (30, 4), (31, 4), (32, 4), (33, 4), (34, 4), (30, 3), (31, 3), (34, 3), (34, 2), (34, 1), (33, 1), (32, 1), (27, 16), (31, 1), (30, 1), (29, 1), (28, 1), (27, 1), (26, 16), (27, 2), (27, 3), (26, 2), (27, 4), (27, 5), (25, 16), (27, 6), (27, 7), (25, 2), (27, 8), (27, 9), (25, 15), (26, 9), (24, 16), (25, 14), (25, 9), (26, 14), (24, 2), (27, 14), (27, 13), (27, 12), (27, 11), (26, 11), (24, 9), (25, 11), (23, 16), (23, 2), (24, 11), (23, 9), (24, 12), (23, 12), (22, 16), (22, 2), (22, 9), (22, 12), (21, 16), (21, 2), (21, 9), (21, 12), (20, 16), (20, 2), (20, 9), (20, 12), (20, 10), (20, 11), (19, 16), (19, 2), (19, 12), (19, 11), (18, 16), (18, 2), (18, 12), (17, 16), (17, 2), (17, 12), (17, 13), (16, 16), (16, 2), (16, 12), (17, 14), (16, 14), (15, 16), (15, 2), (15, 12), (15, 14), (15, 3), (14, 16), (14, 2), (15, 4), (14, 12), (16, 4), (14, 14), (17, 4), (18, 4), (19, 4), (20, 4), (21, 4), (19, 5), (21, 5), (22, 5), (23, 5), (24, 5), (24, 6), (24, 7), (23, 7), (22, 7), (21, 7), (19, 6), (20, 7), (19, 7), (18, 6), (17, 6), (16, 6), (14, 11), (15, 6), (13, 16), (13, 2), (13, 12), (14, 10), (13, 14), (14, 6), (15, 10), (16, 10), (17, 10), (17, 9), (17, 8), (16, 8), (15, 8), (13, 6), (14, 8), (12, 16), (12, 2), (12, 12), (12, 14), (13, 5), (13, 8), (13, 4), (12, 13), (12, 11), (12, 8), (12, 4), (11, 16), (11, 2), (12, 10), (11, 8), (11, 4), (11, 10), (11, 7), (10, 16), (10, 2), (11, 6), (10, 4), (10, 10), (10, 1), (10, 6), (10, 11), (9, 16), (9, 4), (10, 12), (9, 1), (9, 6), (10, 13), (10, 14), (8, 16), (8, 4), (9, 14), (8, 1), (8, 6), (8, 3), (8, 14), (7, 16), (8, 13), (7, 1), (7, 6), (7, 3), (8, 12), (8, 11), (8, 10), (6, 16), (8, 9), (6, 1), (6, 6), (6, 3), (8, 8), (7, 8), (6, 5), (6, 8), (5, 16), (5, 1), (5, 3), (6, 9), (5, 5), (6, 10), (6, 11), (6, 12), (4, 16)]",0.1259765838040039,0,0.1259765838040039
237,"(4, 3)","(5, 3)",West,"[(3, 3) via West]","[(4, 3):0.12930109247099608, (6, 13):0.1372072397498414, (4, 5):0.14189931738656014, (3, 16):0.24999999988358468, (3, 1):0.2509765838040039]","[(6, 13):0.1372072397498414, (4, 5):0.14189931738656014, (3, 16):0.24999999988358468, (3, 1):0.2509765838040039, (3, 3):0.2543010924709961]","[(34, 16), (34, 15), (33, 16), (34, 14), (33, 14), (32, 16), (32, 14), (31, 16), (31, 14), (30, 16), (30, 14), (30, 13), (29, 16), (30, 12), (31, 12), (32, 12), (33, 12), (34, 12), (34, 11), (34, 10), (33, 10), (32, 10), (31, 10), (30, 10), (28, 16), (30, 9), (29, 10), (30, 8), (31, 8), (32, 8), (33, 8), (34, 8), (34, 7), (34, 6), (33, 6), (32, 6), (31, 6), (30, 6), (30, 5), (29, 6), (30, 4), (31, 4), (32, 4), (33, 4), (34, 4), (30, 3), (31, 3), (34, 3), (34, 2), (34, 1), (33, 1), (32, 1), (27, 16), (31, 1), (30, 1), (29, 1), (28, 1), (27, 1), (26, 16), (27, 2), (27, 3), (26, 2), (27, 4), (27, 5), (25, 16), (27, 6), (27, 7), (25, 2), (27, 8), (27, 9), (25, 15), (26, 9), (24, 16), (25, 14), (25, 9), (26, 14), (24, 2), (27, 14), (27, 13), (27, 12), (27, 11), (26, 11), (24, 9), (25, 11), (23, 16), (23, 2), (24, 11), (23, 9), (24, 12), (23, 12), (22, 16), (22, 2), (22, 9), (22, 12), (21, 16), (21, 2), (21, 9), (21, 12), (20, 16), (20, 2), (20, 9), (20, 12), (20, 10), (20, 11), (19, 16), (19, 2), (19, 12), (19, 11), (18, 16), (18, 2), (18, 12), (17, 16), (17, 2), (17, 12), (17, 13), (16, 16), (16, 2), (16, 12), (17, 14), (16, 14), (15, 16), (15, 2), (15, 12), (15, 14), (15, 3), (14, 16), (14, 2), (15, 4), (14, 12), (16, 4), (14, 14), (17, 4), (18, 4), (19, 4), (20, 4), (21, 4), (19, 5), (21, 5), (22, 5), (23, 5), (24, 5), (24, 6), (24, 7), (23, 7), (22, 7), (21, 7), (19, 6), (20, 7), (19, 7), (18, 6), (17, 6), (16, 6), (14, 11), (15, 6), (13, 16), (13, 2), (13, 12), (14, 10), (13, 14), (14, 6), (15, 10), (16, 10), (17, 10), (17, 9), (17, 8), (16, 8), (15, 8), (13, 6), (14, 8), (12, 16), (12, 2), (12, 12), (12, 14), (13, 5), (13, 8), (13, 4), (12, 13), (12, 11), (12, 8), (12, 4), (11, 16), (11, 2), (12, 10), (11, 8), (11, 4), (11, 10), (11, 7), (10, 16), (10, 2), (11, 6), (10, 4), (10, 10), (10, 1), (10, 6), (10, 11), (9, 16), (9, 4), (10, 12), (9, 1), (9, 6), (10, 13), (10, 14), (8, 16), (8, 4), (9, 14), (8, 1), (8, 6), (8, 3), (8, 14), (7, 16), (8, 13), (7, 1), (7, 6), (7, 3), (8, 12), (8, 11), (8, 10), (6, 16), (8, 9), (6, 1), (6, 6), (6, 3), (8, 8), (7, 8), (6, 5), (6, 8), (5, 16), (5, 1), (5, 3), (6, 9), (5, 5), (6, 10), (6, 11), (6, 12), (4, 16), (4, 1)]",0.12930109247099608,0,0.12930109247099608
238,"(6, 13)","(6, 12)",North,"[(6, 14) via North]","[(6, 13):0.1372072397498414, (4, 5):0.14189931738656014, (3, 16):0.24999999988358468, (3, 1):0.2509765838040039, (3, 3):0.2543010924709961]","[(4, 5):0.14189931738656014, (6, 14):0.1528322397498414, (3, 16):0.24999999988358468, (3, 1):0.2509765838040039, (3, 3):0.2543010924709961]","[(34, 16), (34, 15), (33, 16), (34, 14), (33, 14), (32, 16), (32, 14), (31, 16), (31, 14), (30, 16), (30, 14), (30, 13), (29, 16), (30, 12), (31, 12), (32, 12), (33, 12), (34, 12), (34, 11), (34, 10), (33, 10), (32, 10), (31, 10), (30, 10), (28, 16), (30, 9), (29, 10), (30, 8), (31, 8), (32, 8), (33, 8), (34, 8), (34, 7), (34, 6), (33, 6), (32, 6), (31, 6), (30, 6), (30, 5), (29, 6), (30, 4), (31, 4), (32, 4), (33, 4), (34, 4), (30, 3), (31, 3), (34, 3), (34, 2), (34, 1), (33, 1), (32, 1), (27, 16), (31, 1), (30, 1), (29, 1), (28, 1), (27, 1), (26, 16), (27, 2), (27, 3), (26, 2), (27, 4), (27, 5), (25, 16), (27, 6), (27, 7), (25, 2), (27, 8), (27, 9), (25, 15), (26, 9), (24, 16), (25, 14), (25, 9), (26, 14), (24, 2), (27, 14), (27, 13), (27, 12), (27, 11), (26, 11), (24, 9), (25, 11), (23, 16), (23, 2), (24, 11), (23, 9), (24, 12), (23, 12), (22, 16), (22, 2), (22, 9), (22, 12), (21, 16), (21, 2), (21, 9), (21, 12), (20, 16), (20, 2), (20, 9), (20, 12), (20, 10), (20, 11), (19, 16), (19, 2), (19, 12), (19, 11), (18, 16), (18, 2), (18, 12), (17, 16), (17, 2), (17, 12), (17, 13), (16, 16), (16, 2), (16, 12), (17, 14), (16, 14), (15, 16), (15, 2), (15, 12), (15, 14), (15, 3), (14, 16), (14, 2), (15, 4), (14, 12), (16, 4), (14, 14), (17, 4), (18, 4), (19, 4), (20, 4), (21, 4), (19, 5), (21, 5), (22, 5), (23, 5), (24, 5), (24, 6), (24, 7), (23, 7), (22, 7), (21, 7), (19, 6), (20, 7), (19, 7), (18, 6), (17, 6), (16, 6), (14, 11), (15, 6), (13, 16), (13, 2), (13, 12), (14, 10), (13, 14), (14, 6), (15, 10), (16, 10), (17, 10), (17, 9), (17, 8), (16, 8), (15, 8), (13, 6), (14, 8), (12, 16), (12, 2), (12, 12), (12, 14), (13, 5), (13, 8), (13, 4), (12, 13), (12, 11), (12, 8), (12, 4), (11, 16), (11, 2), (12, 10), (11, 8), (11, 4), (11, 10), (11, 7), (10, 16), (10, 2), (11, 6), (10, 4), (10, 10), (10, 1), (10, 6), (10, 11), (9, 16), (9, 4), (10, 12), (9, 1), (9, 6), (10, 13), (10, 14), (8, 16), (8, 4), (9, 14), (8, 1), (8, 6), (8, 3), (8, 14), (7, 16), (8, 13), (7, 1), (7, 6), (7, 3), (8, 12), (8, 11), (8, 10), (6, 16), (8, 9), (6, 1), (6, 6), (6, 3), (8, 8), (7, 8), (6, 5), (6, 8), (5, 16), (5, 1), (5, 3), (6, 9), (5, 5), (6, 10), (6, 11), (6, 12), (4, 16), (4, 1), (4, 3)]",0.1372072397498414,0,0.1372072397498414
239,"(4, 5)","(5, 5)",West,"[(3, 5) via West]","[(4, 5):0.14189931738656014, (6, 14):0.1528322397498414, (3, 16):0.24999999988358468, (3, 1):0.2509765838040039, (3, 3):0.2543010924709961]","[(6, 14):0.1528322397498414, (3, 16):0.24999999988358468, (3, 1):0.2509765838040039, (3, 3):0.2543010924709961, (3, 5):0.26689931738656014]","[(34, 16), (34, 15), (33, 16), (34, 14), (33, 14), (32, 16), (32, 14), (31, 16), (31, 14), (30, 16), (30, 14), (30, 13), (29, 16), (30, 12), (31, 12), (32, 12), (33, 12), (34, 12), (34, 11), (34, 10), (33, 10), (32, 10), (31, 10), (30, 10), (28, 16), (30, 9), (29, 10), (30, 8), (31, 8), (32, 8), (33, 8), (34, 8), (34, 7), (34, 6), (33, 6), (32, 6), (31, 6), (30, 6), (30, 5), (29, 6), (30, 4), (31, 4), (32, 4), (33, 4), (34, 4), (30, 3), (31, 3), (34, 3), (34, 2), (34, 1), (33, 1), (32, 1), (27, 16), (31, 1), (30, 1), (29, 1), (28, 1), (27, 1), (26, 16), (27, 2), (27, 3), (26, 2), (27, 4), (27, 5), (25, 16), (27, 6), (27, 7), (25, 2), (27, 8), (27, 9), (25, 15), (26, 9), (24, 16), (25, 14), (25, 9), (26, 14), (24, 2), (27, 14), (27, 13), (27, 12), (27, 11), (26, 11), (24, 9), (25, 11), (23, 16), (23, 2), (24, 11), (23, 9), (24, 12), (23, 12), (22, 16), (22, 2), (22, 9), (22, 12), (21, 16), (21, 2), (21, 9), (21, 12), (20, 16), (20, 2), (20, 9), (20, 12), (20, 10), (20, 11), (19, 16), (19, 2), (19, 12), (19, 11), (18, 16), (18, 2), (18, 12), (17, 16), (17, 2), (17, 12), (17, 13), (16, 16), (16, 2), (16, 12), (17, 14), (16, 14), (15, 16), (15, 2), (15, 12), (15, 14), (15, 3), (14, 16), (14, 2), (15, 4), (14, 12), (16, 4), (14, 14), (17, 4), (18, 4), (19, 4), (20, 4), (21, 4), (19, 5), (21, 5), (22, 5), (23, 5), (24, 5), (24, 6), (24, 7), (23, 7), (22, 7), (21, 7), (19, 6), (20, 7), (19, 7), (18, 6), (17, 6), (16, 6), (14, 11), (15, 6), (13, 16), (13, 2), (13, 12), (14, 10), (13, 14), (14, 6), (15, 10), (16, 10), (17, 10), (17, 9), (17, 8), (16, 8), (15, 8), (13, 6), (14, 8), (12, 16), (12, 2), (12, 12), (12, 14), (13, 5), (13, 8), (13, 4), (12, 13), (12, 11), (12, 8), (12, 4), (11, 16), (11, 2), (12, 10), (11, 8), (11, 4), (11, 10), (11, 7), (10, 16), (10, 2), (11, 6), (10, 4), (10, 10), (10, 1), (10, 6), (10, 11), (9, 16), (9, 4), (10, 12), (9, 1), (9, 6), (10, 13), (10, 14), (8, 16), (8, 4), (9, 14), (8, 1), (8, 6), (8, 3), (8, 14), (7, 16), (8, 13), (7, 1), (7, 6), (7, 3), (8, 12), (8, 11), (8, 10), (6, 16), (8, 9), (6, 1), (6, 6), (6, 3), (8, 8), (7, 8), (6, 5), (6, 8), (5, 16), (5, 1), (5, 3), (6, 9), (5, 5), (6, 10), (6, 11), (6, 12), (4, 16), (4, 1), (4, 3), (6, 13)]",0.14189931738656014,0,0.14189931738656014
240,"(6, 14)","(6, 13)",North,"[(5, 14) via West]","[(6, 14):0.1528322397498414, (3, 16):0.24999999988358468, (3, 1):0.2509765838040039, (3, 3):0.2543010924709961, (3, 5):0.26689931738656014]","[(5, 14):0.1840822397498414, (3, 16):0.24999999988358468, (3, 1):0.2509765838040039, (3, 3):0.2543010924709961, (3, 5):0.26689931738656014]","[(34, 16), (34, 15), (33, 16), (34, 14), (33, 14), (32, 16), (32, 14), (31, 16), (31, 14), (30, 16), (30, 14), (30, 13), (29, 16), (30, 12), (31, 12), (32, 12), (33, 12), (34, 12), (34, 11), (34, 10), (33, 10), (32, 10), (31, 10), (30, 10), (28, 16), (30, 9), (29, 10), (30, 8), (31, 8), (32, 8), (33, 8), (34, 8), (34, 7), (34, 6), (33, 6), (32, 6), (31, 6), (30, 6), (30, 5), (29, 6), (30, 4), (31, 4), (32, 4), (33, 4), (34, 4), (30, 3), (31, 3), (34, 3), (34, 2), (34, 1), (33, 1), (32, 1), (27, 16), (31, 1), (30, 1), (29, 1), (28, 1), (27, 1), (26, 16), (27, 2), (27, 3), (26, 2), (27, 4), (27, 5), (25, 16), (27, 6), (27, 7), (25, 2), (27, 8), (27, 9), (25, 15), (26, 9), (24, 16), (25, 14), (25, 9), (26, 14), (24, 2), (27, 14), (27, 13), (27, 12), (27, 11), (26, 11), (24, 9), (25, 11), (23, 16), (23, 2), (24, 11), (23, 9), (24, 12), (23, 12), (22, 16), (22, 2), (22, 9), (22, 12), (21, 16), (21, 2), (21, 9), (21, 12), (20, 16), (20, 2), (20, 9), (20, 12), (20, 10), (20, 11), (19, 16), (19, 2), (19, 12), (19, 11), (18, 16), (18, 2), (18, 12), (17, 16), (17, 2), (17, 12), (17, 13), (16, 16), (16, 2), (16, 12), (17, 14), (16, 14), (15, 16), (15, 2), (15, 12), (15, 14), (15, 3), (14, 16), (14, 2), (15, 4), (14, 12), (16, 4), (14, 14), (17, 4), (18, 4), (19, 4), (20, 4), (21, 4), (19, 5), (21, 5), (22, 5), (23, 5), (24, 5), (24, 6), (24, 7), (23, 7), (22, 7), (21, 7), (19, 6), (20, 7), (19, 7), (18, 6), (17, 6), (16, 6), (14, 11), (15, 6), (13, 16), (13, 2), (13, 12), (14, 10), (13, 14), (14, 6), (15, 10), (16, 10), (17, 10), (17, 9), (17, 8), (16, 8), (15, 8), (13, 6), (14, 8), (12, 16), (12, 2), (12, 12), (12, 14), (13, 5), (13, 8), (13, 4), (12, 13), (12, 11), (12, 8), (12, 4), (11, 16), (11, 2), (12, 10), (11, 8), (11, 4), (11, 10), (11, 7), (10, 16), (10, 2), (11, 6), (10, 4), (10, 10), (10, 1), (10, 6), (10, 11), (9, 16), (9, 4), (10, 12), (9, 1), (9, 6), (10, 13), (10, 14), (8, 16), (8, 4), (9, 14), (8, 1), (8, 6), (8, 3), (8, 14), (7, 16), (8, 13), (7, 1), (7, 6), (7, 3), (8, 12), (8, 11), (8, 10), (6, 16), (8, 9), (6, 1), (6, 6), (6, 3), (8, 8), (7, 8), (6, 5), (6, 8), (5, 16), (5, 1), (5, 3), (6, 9), (5, 5), (6, 10), (6, 11), (6, 12), (4, 16), (4, 1), (4, 3), (6, 13), (4, 5)]",0.1528322397498414,0,0.1528322397498414
241,"(5, 14)","(6, 14)",West,"[(4, 14) via West]","[(5, 14):0.1840822397498414, (3, 16):0.24999999988358468, (3, 1):0.2509765838040039, (3, 3):0.2543010924709961, (3, 5):0.26689931738656014]","[(4, 14):0.2465822397498414, (3, 16):0.24999999988358468, (3, 1):0.2509765838040039, (3, 3):0.2543010924709961, (3, 5):0.26689931738656014]","[(34, 16), (34, 15), (33, 16), (34, 14), (33, 14), (32, 16), (32, 14), (31, 16), (31, 14), (30, 16), (30, 14), (30, 13), (29, 16), (30, 12), (31, 12), (32, 12), (33, 12), (34, 12), (34, 11), (34, 10), (33, 10), (32, 10), (31, 10), (30, 10), (28, 16), (30, 9), (29, 10), (30, 8), (31, 8), (32, 8), (33, 8), (34, 8), (34, 7), (34, 6), (33, 6), (32, 6), (31, 6), (30, 6), (30, 5), (29, 6), (30, 4), (31, 4), (32, 4), (33, 4), (34, 4), (30, 3), (31, 3), (34, 3), (34, 2), (34, 1), (33, 1), (32, 1), (27, 16), (31, 1), (30, 1), (29, 1), (28, 1), (27, 1), (26, 16), (27, 2), (27, 3), (26, 2), (27, 4), (27, 5), (25, 16), (27, 6), (27, 7), (25, 2), (27, 8), (27, 9), (25, 15), (26, 9), (24, 16), (25, 14), (25, 9), (26, 14), (24, 2), (27, 14), (27, 13), (27, 12), (27, 11), (26, 11), (24, 9), (25, 11), (23, 16), (23, 2), (24, 11), (23, 9), (24, 12), (23, 12), (22, 16), (22, 2), (22, 9), (22, 12), (21, 16), (21, 2), (21, 9), (21, 12), (20, 16), (20, 2), (20, 9), (20, 12), (20, 10), (20, 11), (19, 16), (19, 2), (19, 12), (19, 11), (18, 16), (18, 2), (18, 12), (17, 16), (17, 2), (17, 12), (17, 13), (16, 16), (16, 2), (16, 12), (17, 14), (16, 14), (15, 16), (15, 2), (15, 12), (15, 14), (15, 3), (14, 16), (14, 2), (15, 4), (14, 12), (16, 4), (14, 14), (17, 4), (18, 4), (19, 4), (20, 4), (21, 4), (19, 5), (21, 5), (22, 5), (23, 5), (24, 5), (24, 6), (24, 7), (23, 7), (22, 7), (21, 7), (19, 6), (20, 7), (19, 7), (18, 6), (17, 6), (16, 6), (14, 11), (15, 6), (13, 16), (13, 2), (13, 12), (14, 10), (13, 14), (14, 6), (15, 10), (16, 10), (17, 10), (17, 9), (17, 8), (16, 8), (15, 8), (13, 6), (14, 8), (12, 16), (12, 2), (12, 12), (12, 14), (13, 5), (13, 8), (13, 4), (12, 13), (12, 11), (12, 8), (12, 4), (11, 16), (11, 2), (12, 10), (11, 8), (11, 4), (11, 10), (11, 7), (10, 16), (10, 2), (11, 6), (10, 4), (10, 10), (10, 1), (10, 6), (10, 11), (9, 16), (9, 4), (10, 12), (9, 1), (9, 6), (10, 13), (10, 14), (8, 16), (8, 4), (9, 14), (8, 1), (8, 6), (8, 3), (8, 14), (7, 16), (8, 13), (7, 1), (7, 6), (7, 3), (8, 12), (8, 11), (8, 10), (6, 16), (8, 9), (6, 1), (6, 6), (6, 3), (8, 8), (7, 8), (6, 5), (6, 8), (5, 16), (5, 1), (5, 3), (6, 9), (5, 5), (6, 10), (6, 11), (6, 12), (4, 16), (4, 1), (4, 3), (6, 13), (4, 5), (6, 14)]",0.1840822397498414,0,0.1840822397498414
242,"(4, 14)","(5, 14)",West,"[(4, 13) via South]","[(4, 14):0.2465822397498414, (3, 16):0.24999999988358468, (3, 1):0.2509765838040039, (3, 3):0.2543010924709961, (3, 5):0.26689931738656014]","[(3, 16):0.24999999988358468, (3, 1):0.2509765838040039, (3, 3):0.2543010924709961, (3, 5):0.26689931738656014, (4, 13):0.3090822397498414]","[(34, 16), (34, 15), (33, 16), (34, 14), (33, 14), (32, 16), (32, 14), (31, 16), (31, 14), (30, 16), (30, 14), (30, 13), (29, 16), (30, 12), (31, 12), (32, 12), (33, 12), (34, 12), (34, 11), (34, 10), (33, 10), (32, 10), (31, 10), (30, 10), (28, 16), (30, 9), (29, 10), (30, 8), (31, 8), (32, 8), (33, 8), (34, 8), (34, 7), (34, 6), (33, 6), (32, 6), (31, 6), (30, 6), (30, 5), (29, 6), (30, 4), (31, 4), (32, 4), (33, 4), (34, 4), (30, 3), (31, 3), (34, 3), (34, 2), (34, 1), (33, 1), (32, 1), (27, 16), (31, 1), (30, 1), (29, 1), (28, 1), (27, 1), (26, 16), (27, 2), (27, 3), (26, 2), (27, 4), (27, 5), (25, 16), (27, 6), (27, 7), (25, 2), (27, 8), (27, 9), (25, 15), (26, 9), (24, 16), (25, 14), (25, 9), (26, 14), (24, 2), (27, 14), (27, 13), (27, 12), (27, 11), (26, 11), (24, 9), (25, 11), (23, 16), (23, 2), (24, 11), (23, 9), (24, 12), (23, 12), (22, 16), (22, 2), (22, 9), (22, 12), (21, 16), (21, 2), (21, 9), (21, 12), (20, 16), (20, 2), (20, 9), (20, 12), (20, 10), (20, 11), (19, 16), (19, 2), (19, 12), (19, 11), (18, 16), (18, 2), (18, 12), (17, 16), (17, 2), (17, 12), (17, 13), (16, 16), (16, 2), (16, 12), (17, 14), (16, 14), (15, 16), (15, 2), (15, 12), (15, 14), (15, 3), (14, 16), (14, 2), (15, 4), (14, 12), (16, 4), (14, 14), (17, 4), (18, 4), (19, 4), (20, 4), (21, 4), (19, 5), (21, 5), (22, 5), (23, 5), (24, 5), (24, 6), (24, 7), (23, 7), (22, 7), (21, 7), (19, 6), (20, 7), (19, 7), (18, 6), (17, 6), (16, 6), (14, 11), (15, 6), (13, 16), (13, 2), (13, 12), (14, 10), (13, 14), (14, 6), (15, 10), (16, 10), (17, 10), (17, 9), (17, 8), (16, 8), (15, 8), (13, 6), (14, 8), (12, 16), (12, 2), (12, 12), (12, 14), (13, 5), (13, 8), (13, 4), (12, 13), (12, 11), (12, 8), (12, 4), (11, 16), (11, 2), (12, 10), (11, 8), (11, 4), (11, 10), (11, 7), (10, 16), (10, 2), (11, 6), (10, 4), (10, 10), (10, 1), (10, 6), (10, 11), (9, 16), (9, 4), (10, 12), (9, 1), (9, 6), (10, 13), (10, 14), (8, 16), (8, 4), (9, 14), (8, 1), (8, 6), (8, 3), (8, 14), (7, 16), (8, 13), (7, 1), (7, 6), (7, 3), (8, 12), (8, 11), (8, 10), (6, 16), (8, 9), (6, 1), (6, 6), (6, 3), (8, 8), (7, 8), (6, 5), (6, 8), (5, 16), (5, 1), (5, 3), (6, 9), (5, 5), (6, 10), (6, 11), (6, 12), (4, 16), (4, 1), (4, 3), (6, 13), (4, 5), (6, 14), (5, 14)]",0.2465822397498414,0,0.2465822397498414
243,"(3, 16)","(4, 16)",West,"[(2, 16) via West]","[(3, 16):0.24999999988358468, (3, 1):0.2509765838040039, (3, 3):0.2543010924709961, (3, 5):0.26689931738656014, (4, 13):0.3090822397498414]","[(3, 1):0.2509765838040039, (3, 3):0.2543010924709961, (3, 5):0.26689931738656014, (4, 13):0.3090822397498414, (2, 16):0.4999999998835847]","[(34, 16), (34, 15), (33, 16), (34, 14), (33, 14), (32, 16), (32, 14), (31, 16), (31, 14), (30, 16), (30, 14), (30, 13), (29, 16), (30, 12), (31, 12), (32, 12), (33, 12), (34, 12), (34, 11), (34, 10), (33, 10), (32, 10), (31, 10), (30, 10), (28, 16), (30, 9), (29, 10), (30, 8), (31, 8), (32, 8), (33, 8), (34, 8), (34, 7), (34, 6), (33, 6), (32, 6), (31, 6), (30, 6), (30, 5), (29, 6), (30, 4), (31, 4), (32, 4), (33, 4), (34, 4), (30, 3), (31, 3), (34, 3), (34, 2), (34, 1), (33, 1), (32, 1), (27, 16), (31, 1), (30, 1), (29, 1), (28, 1), (27, 1), (26, 16), (27, 2), (27, 3), (26, 2), (27, 4), (27, 5), (25, 16), (27, 6), (27, 7), (25, 2), (27, 8), (27, 9), (25, 15), (26, 9), (24, 16), (25, 14), (25, 9), (26, 14), (24, 2), (27, 14), (27, 13), (27, 12), (27, 11), (26, 11), (24, 9), (25, 11), (23, 16), (23, 2), (24, 11), (23, 9), (24, 12), (23, 12), (22, 16), (22, 2), (22, 9), (22, 12), (21, 16), (21, 2), (21, 9), (21, 12), (20, 16), (20, 2), (20, 9), (20, 12), (20, 10), (20, 11), (19, 16), (19, 2), (19, 12), (19, 11), (18, 16), (18, 2), (18, 12), (17, 16), (17, 2), (17, 12), (17, 13), (16, 16), (16, 2), (16, 12), (17, 14), (16, 14), (15, 16), (15, 2), (15, 12), (15, 14), (15, 3), (14, 16), (14, 2), (15, 4), (14, 12), (16, 4), (14, 14), (17, 4), (18, 4), (19, 4), (20, 4), (21, 4), (19, 5), (21, 5), (22, 5), (23, 5), (24, 5), (24, 6), (24, 7), (23, 7), (22, 7), (21, 7), (19, 6), (20, 7), (19, 7), (18, 6), (17, 6), (16, 6), (14, 11), (15, 6), (13, 16), (13, 2), (13, 12), (14, 10), (13, 14), (14, 6), (15, 10), (16, 10), (17, 10), (17, 9), (17, 8), (16, 8), (15, 8), (13, 6), (14, 8), (12, 16), (12, 2), (12, 12), (12, 14), (13, 5), (13, 8), (13, 4), (12, 13), (12, 11), (12, 8), (12, 4), (11, 16), (11, 2), (12, 10), (11, 8), (11, 4), (11, 10), (11, 7), (10, 16), (10, 2), (11, 6), (10, 4), (10, 10), (10, 1), (10, 6), (10, 11), (9, 16), (9, 4), (10, 12), (9, 1), (9, 6), (10, 13), (10, 14), (8, 16), (8, 4), (9, 14), (8, 1), (8, 6), (8, 3), (8, 14), (7, 16), (8, 13), (7, 1), (7, 6), (7, 3), (8, 12), (8, 11), (8, 10), (6, 16), (8, 9), (6, 1), (6, 6), (6, 3), (8, 8), (7, 8), (6, 5), (6, 8), (5, 16), (5, 1), (5, 3), (6, 9), (5, 5), (6, 10), (6, 11), (6, 12), (4, 16), (4, 1), (4, 3), (6, 13), (4, 5), (6, 14), (5, 14), (4, 14)]",0.24999999988358468,0,0.24999999988358468
244,"(3, 1)","(4, 1)",West,"[(2, 1) via West]","[(3, 1):0.2509765838040039, (3, 3):0.2543010924709961, (3, 5):0.26689931738656014, (4, 13):0.3090822397498414, (2, 16):0.4999999998835847]","[(3, 3):0.2543010924709961, (3, 5):0.26689931738656014, (4, 13):0.3090822397498414, (2, 16):0.4999999998835847, (2, 1):0.5009765838040039]","[(34, 16), (34, 15), (33, 16), (34, 14), (33, 14), (32, 16), (32, 14), (31, 16), (31, 14), (30, 16), (30, 14), (30, 13), (29, 16), (30, 12), (31, 12), (32, 12), (33, 12), (34, 12), (34, 11), (34, 10), (33, 10), (32, 10), (31, 10), (30, 10), (28, 16), (30, 9), (29, 10), (30, 8), (31, 8), (32, 8), (33, 8), (34, 8), (34, 7), (34, 6), (33, 6), (32, 6), (31, 6), (30, 6), (30, 5), (29, 6), (30, 4), (31, 4), (32, 4), (33, 4), (34, 4), (30, 3), (31, 3), (34, 3), (34, 2), (34, 1), (33, 1), (32, 1), (27, 16), (31, 1), (30, 1), (29, 1), (28, 1), (27, 1), (26, 16), (27, 2), (27, 3), (26, 2), (27, 4), (27, 5), (25, 16), (27, 6), (27, 7), (25, 2), (27, 8), (27, 9), (25, 15), (26, 9), (24, 16), (25, 14), (25, 9), (26, 14), (24, 2), (27, 14), (27, 13), (27, 12), (27, 11), (26, 11), (24, 9), (25, 11), (23, 16), (23, 2), (24, 11), (23, 9), (24, 12), (23, 12), (22, 16), (22, 2), (22, 9), (22, 12), (21, 16), (21, 2), (21, 9), (21, 12), (20, 16), (20, 2), (20, 9), (20, 12), (20, 10), (20, 11), (19, 16), (19, 2), (19, 12), (19, 11), (18, 16), (18, 2), (18, 12), (17, 16), (17, 2), (17, 12), (17, 13), (16, 16), (16, 2), (16, 12), (17, 14), (16, 14), (15, 16), (15, 2), (15, 12), (15, 14), (15, 3), (14, 16), (14, 2), (15, 4), (14, 12), (16, 4), (14, 14), (17, 4), (18, 4), (19, 4), (20, 4), (21, 4), (19, 5), (21, 5), (22, 5), (23, 5), (24, 5), (24, 6), (24, 7), (23, 7), (22, 7), (21, 7), (19, 6), (20, 7), (19, 7), (18, 6), (17, 6), (16, 6), (14, 11), (15, 6), (13, 16), (13, 2), (13, 12), (14, 10), (13, 14), (14, 6), (15, 10), (16, 10), (17, 10), (17, 9), (17, 8), (16, 8), (15, 8), (13, 6), (14, 8), (12, 16), (12, 2), (12, 12), (12, 14), (13, 5), (13, 8), (13, 4), (12, 13), (12, 11), (12, 8), (12, 4), (11, 16), (11, 2), (12, 10), (11, 8), (11, 4), (11, 10), (11, 7), (10, 16), (10, 2), (11, 6), (10, 4), (10, 10), (10, 1), (10, 6), (10, 11), (9, 16), (9, 4), (10, 12), (9, 1), (9, 6), (10, 13), (10, 14), (8, 16), (8, 4), (9, 14), (8, 1), (8, 6), (8, 3), (8, 14), (7, 16), (8, 13), (7, 1), (7, 6), (7, 3), (8, 12), (8, 11), (8, 10), (6, 16), (8, 9), (6, 1), (6, 6), (6, 3), (8, 8), (7, 8), (6, 5), (6, 8), (5, 16), (5, 1), (5, 3), (6, 9), (5, 5), (6, 10), (6, 11), (6, 12), (4, 16), (4, 1), (4, 3), (6, 13), (4, 5), (6, 14), (5, 14), (4, 14), (3, 16)]",0.2509765838040039,0,0.2509765838040039
245,"(3, 3)","(4, 3)",West,"[(2, 3) via West]","[(3, 3):0.2543010924709961, (3, 5):0.26689931738656014, (4, 13):0.3090822397498414, (2, 16):0.4999999998835847, (2, 1):0.5009765838040039]","[(3, 5):0.26689931738656014, (4, 13):0.3090822397498414, (2, 16):0.4999999998835847, (2, 1):0.5009765838040039, (2, 3):0.5043010924709961]","[(34, 16), (34, 15), (33, 16), (34, 14), (33, 14), (32, 16), (32, 14), (31, 16), (31, 14), (30, 16), (30, 14), (30, 13), (29, 16), (30, 12), (31, 12), (32, 12), (33, 12), (34, 12), (34, 11), (34, 10), (33, 10), (32, 10), (31, 10), (30, 10), (28, 16), (30, 9), (29, 10), (30, 8), (31, 8), (32, 8), (33, 8), (34, 8), (34, 7), (34, 6), (33, 6), (32, 6), (31, 6), (30, 6), (30, 5), (29, 6), (30, 4), (31, 4), (32, 4), (33, 4), (34, 4), (30, 3), (31, 3), (34, 3), (34, 2), (34, 1), (33, 1), (32, 1), (27, 16), (31, 1), (30, 1), (29, 1), (28, 1), (27, 1), (26, 16), (27, 2), (27, 3), (26, 2), (27, 4), (27, 5), (25, 16), (27, 6), (27, 7), (25, 2), (27, 8), (27, 9), (25, 15), (26, 9), (24, 16), (25, 14), (25, 9), (26, 14), (24, 2), (27, 14), (27, 13), (27, 12), (27, 11), (26, 11), (24, 9), (25, 11), (23, 16), (23, 2), (24, 11), (23, 9), (24, 12), (23, 12), (22, 16), (22, 2), (22, 9), (22, 12), (21, 16), (21, 2), (21, 9), (21, 12), (20, 16), (20, 2), (20, 9), (20, 12), (20, 10), (20, 11), (19, 16), (19, 2), (19, 12), (19, 11), (18, 16), (18, 2), (18, 12), (17, 16), (17, 2), (17, 12), (17, 13), (16, 16), (16, 2), (16, 12), (17, 14), (16, 14), (15, 16), (15, 2), (15, 12), (15, 14), (15, 3), (14, 16), (14, 2), (15, 4), (14, 12), (16, 4), (14, 14), (17, 4), (18, 4), (19, 4), (20, 4), (21, 4), (19, 5), (21, 5), (22, 5), (23, 5), (24, 5), (24, 6), (24, 7), (23, 7), (22, 7), (21, 7), (19, 6), (20, 7), (19, 7), (18, 6), (17, 6), (16, 6), (14, 11), (15, 6), (13, 16), (13, 2), (13, 12), (14, 10), (13, 14), (14, 6), (15, 10), (16, 10), (17, 10), (17, 9), (17, 8), (16, 8), (15, 8), (13, 6), (14, 8), (12, 16), (12, 2), (12, 12), (12, 14), (13, 5), (13, 8), (13, 4), (12, 13), (12, 11), (12, 8), (12, 4), (11, 16), (11, 2), (12, 10), (11, 8), (11, 4), (11, 10), (11, 7), (10, 16), (10, 2), (11, 6), (10, 4), (10, 10), (10, 1), (10, 6), (10, 11), (9, 16), (9, 4), (10, 12), (9, 1), (9, 6), (10, 13), (10, 14), (8, 16), (8, 4), (9, 14), (8, 1), (8, 6), (8, 3), (8, 14), (7, 16), (8, 13), (7, 1), (7, 6), (7, 3), (8, 12), (8, 11), (8, 10), (6, 16), (8, 9), (6, 1), (6, 6), (6, 3), (8, 8), (7, 8), (6, 5), (6, 8), (5, 16), (5, 1), (5, 3), (6, 9), (5, 5), (6, 10), (6, 11), (6, 12), (4, 16), (4, 1), (4, 3), (6, 13), (4, 5), (6, 14), (5, 14), (4, 14), (3, 16), (3, 1)]",0.2543010924709961,0,0.2543010924709961
246,"(3, 5)","(4, 5)",West,"[(2, 5) via West]","[(3, 5):0.26689931738656014, (4, 13):0.3090822397498414, (2, 16):0.4999999998835847, (2, 1):0.5009765838040039, (2, 3):0.5043010924709961]","[(4, 13):0.3090822397498414, (2, 16):0.4999999998835847, (2, 1):0.5009765838040039, (2, 3):0.5043010924709961, (2, 5):0.5168993173865601]","[(34, 16), (34, 15), (33, 16), (34, 14), (33, 14), (32, 16), (32, 14), (31, 16), (31, 14), (30, 16), (30, 14), (30, 13), (29, 16), (30, 12), (31, 12), (32, 12), (33, 12), (34, 12), (34, 11), (34, 10), (33, 10), (32, 10), (31, 10), (30, 10), (28, 16), (30, 9), (29, 10), (30, 8), (31, 8), (32, 8), (33, 8), (34, 8), (34, 7), (34, 6), (33, 6), (32, 6), (31, 6), (30, 6), (30, 5), (29, 6), (30, 4), (31, 4), (32, 4), (33, 4), (34, 4), (30, 3), (31, 3), (34, 3), (34, 2), (34, 1), (33, 1), (32, 1), (27, 16), (31, 1), (30, 1), (29, 1), (28, 1), (27, 1), (26, 16), (27, 2), (27, 3), (26, 2), (27, 4), (27, 5), (25, 16), (27, 6), (27, 7), (25, 2), (27, 8), (27, 9), (25, 15), (26, 9), (24, 16), (25, 14), (25, 9), (26, 14), (24, 2), (27, 14), (27, 13), (27, 12), (27, 11), (26, 11), (24, 9), (25, 11), (23, 16), (23, 2), (24, 11), (23, 9), (24, 12), (23, 12), (22, 16), (22, 2), (22, 9), (22, 12), (21, 16), (21, 2), (21, 9), (21, 12), (20, 16), (20, 2), (20, 9), (20, 12), (20, 10), (20, 11), (19, 16), (19, 2), (19, 12), (19, 11), (18, 16), (18, 2), (18, 12), (17, 16), (17, 2), (17, 12), (17, 13), (16, 16), (16, 2), (16, 12), (17, 14), (16, 14), (15, 16), (15, 2), (15, 12), (15, 14), (15, 3), (14, 16), (14, 2), (15, 4), (14, 12), (16, 4), (14, 14), (17, 4), (18, 4), (19, 4), (20, 4), (21, 4), (19, 5), (21, 5), (22, 5), (23, 5), (24, 5), (24, 6), (24, 7), (23, 7), (22, 7), (21, 7), (19, 6), (20, 7), (19, 7), (18, 6), (17, 6), (16, 6), (14, 11), (15, 6), (13, 16), (13, 2), (13, 12), (14, 10), (13, 14), (14, 6), (15, 10), (16, 10), (17, 10), (17, 9), (17, 8), (16, 8), (15, 8), (13, 6), (14, 8), (12, 16), (12, 2), (12, 12), (12, 14), (13, 5), (13, 8), (13, 4), (12, 13), (12, 11), (12, 8), (12, 4), (11, 16), (11, 2), (12, 10), (11, 8), (11, 4), (11, 10), (11, 7), (10, 16), (10, 2), (11, 6), (10, 4), (10, 10), (10, 1), (10, 6), (10, 11), (9, 16), (9, 4), (10, 12), (9, 1), (9, 6), (10, 13), (10, 14), (8, 16), (8, 4), (9, 14), (8, 1), (8, 6), (8, 3), (8, 14), (7, 16), (8, 13), (7, 1), (7, 6), (7, 3), (8, 12), (8, 11), (8, 10), (6, 16), (8, 9), (6, 1), (6, 6), (6, 3), (8, 8), (7, 8), (6, 5), (6, 8), (5, 16), (5, 1), (5, 3), (6, 9), (5, 5), (6, 10), (6, 11), (6, 12), (4, 16), (4, 1), (4, 3), (6, 13), (4, 5), (6, 14), (5, 14), (4, 14), (3, 16), (3, 1), (3, 3)]",0.26689931738656014,0,0.26689931738656014
247,"(4, 13)","(4, 14)",South,"[(4, 12) via South]","[(4, 13):0.3090822397498414, (2, 16):0.4999999998835847, (2, 1):0.5009765838040039, (2, 3):0.5043010924709961, (2, 5):0.5168993173865601]","[(4, 12):0.3715822397498414, (2, 16):0.4999999998835847, (2, 1):0.5009765838040039, (2, 3):0.5043010924709961, (2, 5):0.5168993173865601]","[(34, 16), (34, 15), (33, 16), (34, 14), (33, 14), (32, 16), (32, 14), (31, 16), (31, 14), (30, 16), (30, 14), (30, 13), (29, 16), (30, 12), (31, 12), (32, 12), (33, 12), (34, 12), (34, 11), (34, 10), (33, 10), (32, 10), (31, 10), (30, 10), (28, 16), (30, 9), (29, 10), (30, 8), (31, 8), (32, 8), (33, 8), (34, 8), (34, 7), (34, 6), (33, 6), (32, 6), (31, 6), (30, 6), (30, 5), (29, 6), (30, 4), (31, 4), (32, 4), (33, 4), (34, 4), (30, 3), (31, 3), (34, 3), (34, 2), (34, 1), (33, 1), (32, 1), (27, 16), (31, 1), (30, 1), (29, 1), (28, 1), (27, 1), (26, 16), (27, 2), (27, 3), (26, 2), (27, 4), (27, 5), (25, 16), (27, 6), (27, 7), (25, 2), (27, 8), (27, 9), (25, 15), (26, 9), (24, 16), (25, 14), (25, 9), (26, 14), (24, 2), (27, 14), (27, 13), (27, 12), (27, 11), (26, 11), (24, 9), (25, 11), (23, 16), (23, 2), (24, 11), (23, 9), (24, 12), (23, 12), (22, 16), (22, 2), (22, 9), (22, 12), (21, 16), (21, 2), (21, 9), (21, 12), (20, 16), (20, 2), (20, 9), (20, 12), (20, 10), (20, 11), (19, 16), (19, 2), (19, 12), (19, 11), (18, 16), (18, 2), (18, 12), (17, 16), (17, 2), (17, 12), (17, 13), (16, 16), (16, 2), (16, 12), (17, 14), (16, 14), (15, 16), (15, 2), (15, 12), (15, 14), (15, 3), (14, 16), (14, 2), (15, 4), (14, 12), (16, 4), (14, 14), (17, 4), (18, 4), (19, 4), (20, 4), (21, 4), (19, 5), (21, 5), (22, 5), (23, 5), (24, 5), (24, 6), (24, 7), (23, 7), (22, 7), (21, 7), (19, 6), (20, 7), (19, 7), (18, 6), (17, 6), (16, 6), (14, 11), (15, 6), (13, 16), (13, 2), (13, 12), (14, 10), (13, 14), (14, 6), (15, 10), (16, 10), (17, 10), (17, 9), (17, 8), (16, 8), (15, 8), (13, 6), (14, 8), (12, 16), (12, 2), (12, 12), (12, 14), (13, 5), (13, 8), (13, 4), (12, 13), (12, 11), (12, 8), (12, 4), (11, 16), (11, 2), (12, 10), (11, 8), (11, 4), (11, 10), (11, 7), (10, 16), (10, 2), (11, 6), (10, 4), (10, 10), (10, 1), (10, 6), (10, 11), (9, 16), (9, 4), (10, 12), (9, 1), (9, 6), (10, 13), (10, 14), (8, 16), (8, 4), (9, 14), (8, 1), (8, 6), (8, 3), (8, 14), (7, 16), (8, 13), (7, 1), (7, 6), (7, 3), (8, 12), (8, 11), (8, 10), (6, 16), (8, 9), (6, 1), (6, 6), (6, 3), (8, 8), (7, 8), (6, 5), (6, 8), (5, 16), (5, 1), (5, 3), (6, 9), (5, 5), (6, 10), (6, 11), (6, 12), (4, 16), (4, 1), (4, 3), (6, 13), (4, 5), (6, 14), (5, 14), (4, 14), (3, 16), (3, 1), (3, 3), (3, 5)]",0.3090822397498414,0,0.3090822397498414
248,"(4, 12)","(4, 13)",South,"[(4, 11) via South]","[(4, 12):0.3715822397498414, (2, 16):0.4999999998835847, (2, 1):0.5009765838040039, (2, 3):0.5043010924709961, (2, 5):0.5168993173865601]","[(4, 11):0.4340822397498414, (2, 16):0.4999999998835847, (2, 1):0.5009765838040039, (2, 3):0.5043010924709961, (2, 5):0.5168993173865601]","[(34, 16), (34, 15), (33, 16), (34, 14), (33, 14), (32, 16), (32, 14), (31, 16), (31, 14), (30, 16), (30, 14), (30, 13), (29, 16), (30, 12), (31, 12), (32, 12), (33, 12), (34, 12), (34, 11), (34, 10), (33, 10), (32, 10), (31, 10), (30, 10), (28, 16), (30, 9), (29, 10), (30, 8), (31, 8), (32, 8), (33, 8), (34, 8), (34, 7), (34, 6), (33, 6), (32, 6), (31, 6), (30, 6), (30, 5), (29, 6), (30, 4), (31, 4), (32, 4), (33, 4), (34, 4), (30, 3), (31, 3), (34, 3), (34, 2), (34, 1), (33, 1), (32, 1), (27, 16), (31, 1), (30, 1), (29, 1), (28, 1), (27, 1), (26, 16), (27, 2), (27, 3), (26, 2), (27, 4), (27, 5), (25, 16), (27, 6), (27, 7), (25, 2), (27, 8), (27, 9), (25, 15), (26, 9), (24, 16), (25, 14), (25, 9), (26, 14), (24, 2), (27, 14), (27, 13), (27, 12), (27, 11), (26, 11), (24, 9), (25, 11), (23, 16), (23, 2), (24, 11), (23, 9), (24, 12), (23, 12), (22, 16), (22, 2), (22, 9), (22, 12), (21, 16), (21, 2), (21, 9), (21, 12), (20, 16), (20, 2), (20, 9), (20, 12), (20, 10), (20, 11), (19, 16), (19, 2), (19, 12), (19, 11), (18, 16), (18, 2), (18, 12), (17, 16), (17, 2), (17, 12), (17, 13), (16, 16), (16, 2), (16, 12), (17, 14), (16, 14), (15, 16), (15, 2), (15, 12), (15, 14), (15, 3), (14, 16), (14, 2), (15, 4), (14, 12), (16, 4), (14, 14), (17, 4), (18, 4), (19, 4), (20, 4), (21, 4), (19, 5), (21, 5), (22, 5), (23, 5), (24, 5), (24, 6), (24, 7), (23, 7), (22, 7), (21, 7), (19, 6), (20, 7), (19, 7), (18, 6), (17, 6), (16, 6), (14, 11), (15, 6), (13, 16), (13, 2), (13, 12), (14, 10), (13, 14), (14, 6), (15, 10), (16, 10), (17, 10), (17, 9), (17, 8), (16, 8), (15, 8), (13, 6), (14, 8), (12, 16), (12, 2), (12, 12), (12, 14), (13, 5), (13, 8), (13, 4), (12, 13), (12, 11), (12, 8), (12, 4), (11, 16), (11, 2), (12, 10), (11, 8), (11, 4), (11, 10), (11, 7), (10, 16), (10, 2), (11, 6), (10, 4), (10, 10), (10, 1), (10, 6), (10, 11), (9, 16), (9, 4), (10, 12), (9, 1), (9, 6), (10, 13), (10, 14), (8, 16), (8, 4), (9, 14), (8, 1), (8, 6), (8, 3), (8, 14), (7, 16), (8, 13), (7, 1), (7, 6), (7, 3), (8, 12), (8, 11), (8, 10), (6, 16), (8, 9), (6, 1), (6, 6), (6, 3), (8, 8), (7, 8), (6, 5), (6, 8), (5, 16), (5, 1), (5, 3), (6, 9), (5, 5), (6, 10), (6, 11), (6, 12), (4, 16), (4, 1), (4, 3), (6, 13), (4, 5), (6, 14), (5, 14), (4, 14), (3, 16), (3, 1), (3, 3), (3, 5), (4, 13)]",0.3715822397498414,0,0.3715822397498414
249,"(4, 11)","(4, 12)",South,"[(4, 10) via South]","[(4, 11):0.4340822397498414, (2, 16):0.4999999998835847, (2, 1):0.5009765838040039, (2, 3):0.5043010924709961, (2, 5):0.5168993173865601]","[(4, 10):0.4965822397498414, (2, 16):0.4999999998835847, (2, 1):0.5009765838040039, (2, 3):0.5043010924709961, (2, 5):0.5168993173865601]","[(34, 16), (34, 15), (33, 16), (34, 14), (33, 14), (32, 16), (32, 14), (31, 16), (31, 14), (30, 16), (30, 14), (30, 13), (29, 16), (30, 12), (31, 12), (32, 12), (33, 12), (34, 12), (34, 11), (34, 10), (33, 10), (32, 10), (31, 10), (30, 10), (28, 16), (30, 9), (29, 10), (30, 8), (31, 8), (32, 8), (33, 8), (34, 8), (34, 7), (34, 6), (33, 6), (32, 6), (31, 6), (30, 6), (30, 5), (29, 6), (30, 4), (31, 4), (32, 4), (33, 4), (34, 4), (30, 3), (31, 3), (34, 3), (34, 2), (34, 1), (33, 1), (32, 1), (27, 16), (31, 1), (30, 1), (29, 1), (28, 1), (27, 1), (26, 16), (27, 2), (27, 3), (26, 2), (27, 4), (27, 5), (25, 16), (27, 6), (27, 7), (25, 2), (27, 8), (27, 9), (25, 15), (26, 9), (24, 16), (25, 14), (25, 9), (26, 14), (24, 2), (27, 14), (27, 13), (27, 12), (27, 11), (26, 11), (24, 9), (25, 11), (23, 16), (23, 2), (24, 11), (23, 9), (24, 12), (23, 12), (22, 16), (22, 2), (22, 9), (22, 12), (21, 16), (21, 2), (21, 9), (21, 12), (20, 16), (20, 2), (20, 9), (20, 12), (20, 10), (20, 11), (19, 16), (19, 2), (19, 12), (19, 11), (18, 16), (18, 2), (18, 12), (17, 16), (17, 2), (17, 12), (17, 13), (16, 16), (16, 2), (16, 12), (17, 14), (16, 14), (15, 16), (15, 2), (15, 12), (15, 14), (15, 3), (14, 16), (14, 2), (15, 4), (14, 12), (16, 4), (14, 14), (17, 4), (18, 4), (19, 4), (20, 4), (21, 4), (19, 5), (21, 5), (22, 5), (23, 5), (24, 5), (24, 6), (24, 7), (23, 7), (22, 7), (21, 7), (19, 6), (20, 7), (19, 7), (18, 6), (17, 6), (16, 6), (14, 11), (15, 6), (13, 16), (13, 2), (13, 12), (14, 10), (13, 14), (14, 6), (15, 10), (16, 10), (17, 10), (17, 9), (17, 8), (16, 8), (15, 8), (13, 6), (14, 8), (12, 16), (12, 2), (12, 12), (12, 14), (13, 5), (13, 8), (13, 4), (12, 13), (12, 11), (12, 8), (12, 4), (11, 16), (11, 2), (12, 10), (11, 8), (11, 4), (11, 10), (11, 7), (10, 16), (10, 2), (11, 6), (10, 4), (10, 10), (10, 1), (10, 6), (10, 11), (9, 16), (9, 4), (10, 12), (9, 1), (9, 6), (10, 13), (10, 14), (8, 16), (8, 4), (9, 14), (8, 1), (8, 6), (8, 3), (8, 14), (7, 16), (8, 13), (7, 1), (7, 6), (7, 3), (8, 12), (8, 11), (8, 10), (6, 16), (8, 9), (6, 1), (6, 6), (6, 3), (8, 8), (7, 8), (6, 5), (6, 8), (5, 16), (5, 1), (5, 3), (6, 9), (5, 5), (6, 10), (6, 11), (6, 12), (4, 16), (4, 1), (4, 3), (6, 13), (4, 5), (6, 14), (5, 14), (4, 14), (3, 16), (3, 1), (3, 3), (3, 5), (4, 13), (4, 12)]",0.4340822397498414,0,0.4340822397498414
250,"(4, 10)","(4, 11)",South,"[(4, 9) via South, (3, 10) via West]","[(4, 10):0.4965822397498414, (2, 16):0.4999999998835847, (2, 1):0.5009765838040039, (2, 3):0.5043010924709961, (2, 5):0.5168993173865601]","[(2, 16):0.4999999998835847, (2, 1):0.5009765838040039, (2, 3):0.5043010924709961, (2, 5):0.5168993173865601, (4, 9):0.5590822397498414, (3, 10):0.6215822397498414]","[(34, 16), (34, 15), (33, 16), (34, 14), (33, 14), (32, 16), (32, 14), (31, 16), (31, 14), (30, 16), (30, 14), (30, 13), (29, 16), (30, 12), (31, 12), (32, 12), (33, 12), (34, 12), (34, 11), (34, 10), (33, 10), (32, 10), (31, 10), (30, 10), (28, 16), (30, 9), (29, 10), (30, 8), (31, 8), (32, 8), (33, 8), (34, 8), (34, 7), (34, 6), (33, 6), (32, 6), (31, 6), (30, 6), (30, 5), (29, 6), (30, 4), (31, 4), (32, 4), (33, 4), (34, 4), (30, 3), (31, 3), (34, 3), (34, 2), (34, 1), (33, 1), (32, 1), (27, 16), (31, 1), (30, 1), (29, 1), (28, 1), (27, 1), (26, 16), (27, 2), (27, 3), (26, 2), (27, 4), (27, 5), (25, 16), (27, 6), (27, 7), (25, 2), (27, 8), (27, 9), (25, 15), (26, 9), (24, 16), (25, 14), (25, 9), (26, 14), (24, 2), (27, 14), (27, 13), (27, 12), (27, 11), (26, 11), (24, 9), (25, 11), (23, 16), (23, 2), (24, 11), (23, 9), (24, 12), (23, 12), (22, 16), (22, 2), (22, 9), (22, 12), (21, 16), (21, 2), (21, 9), (21, 12), (20, 16), (20, 2), (20, 9), (20, 12), (20, 10), (20, 11), (19, 16), (19, 2), (19, 12), (19, 11), (18, 16), (18, 2), (18, 12), (17, 16), (17, 2), (17, 12), (17, 13), (16, 16), (16, 2), (16, 12), (17, 14), (16, 14), (15, 16), (15, 2), (15, 12), (15, 14), (15, 3), (14, 16), (14, 2), (15, 4), (14, 12), (16, 4), (14, 14), (17, 4), (18, 4), (19, 4), (20, 4), (21, 4), (19, 5), (21, 5), (22, 5), (23, 5), (24, 5), (24, 6), (24, 7), (23, 7), (22, 7), (21, 7), (19, 6), (20, 7), (19, 7), (18, 6), (17, 6), (16, 6), (14, 11), (15, 6), (13, 16), (13, 2), (13, 12), (14, 10), (13, 14), (14, 6), (15, 10), (16, 10), (17, 10), (17, 9), (17, 8), (16, 8), (15, 8), (13, 6), (14, 8), (12, 16), (12, 2), (12, 12), (12, 14), (13, 5), (13, 8), (13, 4), (12, 13), (12, 11), (12, 8), (12, 4), (11, 16), (11, 2), (12, 10), (11, 8), (11, 4), (11, 10), (11, 7), (10, 16), (10, 2), (11, 6), (10, 4), (10, 10), (10, 1), (10, 6), (10, 11), (9, 16), (9, 4), (10, 12), (9, 1), (9, 6), (10, 13), (10, 14), (8, 16), (8, 4), (9, 14), (8, 1), (8, 6), (8, 3), (8, 14), (7, 16), (8, 13), (7, 1), (7, 6), (7, 3), (8, 12), (8, 11), (8, 10), (6, 16), (8, 9), (6, 1), (6, 6), (6, 3), (8, 8), (7, 8), (6, 5), (6, 8), (5, 16), (5, 1), (5, 3), (6, 9), (5, 5), (6, 10), (6, 11), (6, 12), (4, 16), (4, 1), (4, 3), (6, 13), (4, 5), (6, 14), (5, 14), (4, 14), (3, 16), (3, 1), (3, 3), (3, 5), (4, 13), (4, 12), (4, 11)]",0.4965822397498414,0,0.4965822397498414
251,"(2, 16)","(3, 16)",West,"[(1, 16) via West]","[(2, 16):0.4999999998835847, (2, 1):0.5009765838040039, (2, 3):0.5043010924709961, (2, 5):0.5168993173865601, (4, 9):0.5590822397498414, (3, 10):0.6215822397498414]","[(2, 1):0.5009765838040039, (2, 3):0.5043010924709961, (2, 5):0.5168993173865601, (4, 9):0.5590822397498414, (3, 10):0.6215822397498414, (1, 16):0.9999999998835847]","[(34, 16), (34, 15), (33, 16), (34, 14), (33, 14), (32, 16), (32, 14), (31, 16), (31, 14), (30, 16), (30, 14), (30, 13), (29, 16), (30, 12), (31, 12), (32, 12), (33, 12), (34, 12), (34, 11), (34, 10), (33, 10), (32, 10), (31, 10), (30, 10), (28, 16), (30, 9), (29, 10), (30, 8), (31, 8), (32, 8), (33, 8), (34, 8), (34, 7), (34, 6), (33, 6), (32, 6), (31, 6), (30, 6), (30, 5), (29, 6), (30, 4), (31, 4), (32, 4), (33, 4), (34, 4), (30, 3), (31, 3), (34, 3), (34, 2), (34, 1), (33, 1), (32, 1), (27, 16), (31, 1), (30, 1), (29, 1), (28, 1), (27, 1), (26, 16), (27, 2), (27, 3), (26, 2), (27, 4), (27, 5), (25, 16), (27, 6), (27, 7), (25, 2), (27, 8), (27, 9), (25, 15), (26, 9), (24, 16), (25, 14), (25, 9), (26, 14), (24, 2), (27, 14), (27, 13), (27, 12), (27, 11), (26, 11), (24, 9), (25, 11), (23, 16), (23, 2), (24, 11), (23, 9), (24, 12), (23, 12), (22, 16), (22, 2), (22, 9), (22, 12), (21, 16), (21, 2), (21, 9), (21, 12), (20, 16), (20, 2), (20, 9), (20, 12), (20, 10), (20, 11), (19, 16), (19, 2), (19, 12), (19, 11), (18, 16), (18, 2), (18, 12), (17, 16), (17, 2), (17, 12), (17, 13), (16, 16), (16, 2), (16, 12), (17, 14), (16, 14), (15, 16), (15, 2), (15, 12), (15, 14), (15, 3), (14, 16), (14, 2), (15, 4), (14, 12), (16, 4), (14, 14), (17, 4), (18, 4), (19, 4), (20, 4), (21, 4), (19, 5), (21, 5), (22, 5), (23, 5), (24, 5), (24, 6), (24, 7), (23, 7), (22, 7), (21, 7), (19, 6), (20, 7), (19, 7), (18, 6), (17, 6), (16, 6), (14, 11), (15, 6), (13, 16), (13, 2), (13, 12), (14, 10), (13, 14), (14, 6), (15, 10), (16, 10), (17, 10), (17, 9), (17, 8), (16, 8), (15, 8), (13, 6), (14, 8), (12, 16), (12, 2), (12, 12), (12, 14), (13, 5), (13, 8), (13, 4), (12, 13), (12, 11), (12, 8), (12, 4), (11, 16), (11, 2), (12, 10), (11, 8), (11, 4), (11, 10), (11, 7), (10, 16), (10, 2), (11, 6), (10, 4), (10, 10), (10, 1), (10, 6), (10, 11), (9, 16), (9, 4), (10, 12), (9, 1), (9, 6), (10, 13), (10, 14), (8, 16), (8, 4), (9, 14), (8, 1), (8, 6), (8, 3), (8, 14), (7, 16), (8, 13), (7, 1), (7, 6), (7, 3), (8, 12), (8, 11), (8, 10), (6, 16), (8, 9), (6, 1), (6, 6), (6, 3), (8, 8), (7, 8), (6, 5), (6, 8), (5, 16), (5, 1), (5, 3), (6, 9), (5, 5), (6, 10), (6, 11), (6, 12), (4, 16), (4, 1), (4, 3), (6, 13), (4, 5), (6, 14), (5, 14), (4, 14), (3, 16), (3, 1), (3, 3), (3, 5), (4, 13), (4, 12), (4, 11), (4, 10)]",0.4999999998835847,0,0.4999999998835847
252,"(2, 1)","(3, 1)",West,"[(1, 1) via West]","[(2, 1):0.5009765838040039, (2, 3):0.5043010924709961, (2, 5):0.5168993173865601, (4, 9):0.5590822397498414, (3, 10):0.6215822397498414, (1, 16):0.9999999998835847]","[(2, 3):0.5043010924709961, (2, 5):0.5168993173865601, (4, 9):0.5590822397498414, (3, 10):0.6215822397498414, (1, 16):0.9999999998835847, (1, 1):1.000976583804004]","[(34, 16), (34, 15), (33, 16), (34, 14), (33, 14), (32, 16), (32, 14), (31, 16), (31, 14), (30, 16), (30, 14), (30, 13), (29, 16), (30, 12), (31, 12), (32, 12), (33, 12), (34, 12), (34, 11), (34, 10), (33, 10), (32, 10), (31, 10), (30, 10), (28, 16), (30, 9), (29, 10), (30, 8), (31, 8), (32, 8), (33, 8), (34, 8), (34, 7), (34, 6), (33, 6), (32, 6), (31, 6), (30, 6), (30, 5), (29, 6), (30, 4), (31, 4), (32, 4), (33, 4), (34, 4), (30, 3), (31, 3), (34, 3), (34, 2), (34, 1), (33, 1), (32, 1), (27, 16), (31, 1), (30, 1), (29, 1), (28, 1), (27, 1), (26, 16), (27, 2), (27, 3), (26, 2), (27, 4), (27, 5), (25, 16), (27, 6), (27, 7), (25, 2), (27, 8), (27, 9), (25, 15), (26, 9), (24, 16), (25, 14), (25, 9), (26, 14), (24, 2), (27, 14), (27, 13), (27, 12), (27, 11), (26, 11), (24, 9), (25, 11), (23, 16), (23, 2), (24, 11), (23, 9), (24, 12), (23, 12), (22, 16), (22, 2), (22, 9), (22, 12), (21, 16), (21, 2), (21, 9), (21, 12), (20, 16), (20, 2), (20, 9), (20, 12), (20, 10), (20, 11), (19, 16), (19, 2), (19, 12), (19, 11), (18, 16), (18, 2), (18, 12), (17, 16), (17, 2), (17, 12), (17, 13), (16, 16), (16, 2), (16, 12), (17, 14), (16, 14), (15, 16), (15, 2), (15, 12), (15, 14), (15, 3), (14, 16), (14, 2), (15, 4), (14, 12), (16, 4), (14, 14), (17, 4), (18, 4), (19, 4), (20, 4), (21, 4), (19, 5), (21, 5), (22, 5), (23, 5), (24, 5), (24, 6), (24, 7), (23, 7), (22, 7), (21, 7), (19, 6), (20, 7), (19, 7), (18, 6), (17, 6), (16, 6), (14, 11), (15, 6), (13, 16), (13, 2), (13, 12), (14, 10), (13, 14), (14, 6), (15, 10), (16, 10), (17, 10), (17, 9), (17, 8), (16, 8), (15, 8), (13, 6), (14, 8), (12, 16), (12, 2), (12, 12), (12, 14), (13, 5), (13, 8), (13, 4), (12, 13), (12, 11), (12, 8), (12, 4), (11, 16), (11, 2), (12, 10), (11, 8), (11, 4), (11, 10), (11, 7), (10, 16), (10, 2), (11, 6), (10, 4), (10, 10), (10, 1), (10, 6), (10, 11), (9, 16), (9, 4), (10, 12), (9, 1), (9, 6), (10, 13), (10, 14), (8, 16), (8, 4), (9, 14), (8, 1), (8, 6), (8, 3), (8, 14), (7, 16), (8, 13), (7, 1), (7, 6), (7, 3), (8, 12), (8, 11), (8, 10), (6, 16), (8, 9), (6, 1), (6, 6), (6, 3), (8, 8), (7, 8), (6, 5), (6, 8), (5, 16), (5, 1), (5, 3), (6, 9), (5, 5), (6, 10), (6, 11), (6, 12), (4, 16), (4, 1), (4, 3), (6, 13), (4, 5), (6, 14), (5, 14), (4, 14), (3, 16), (3, 1), (3, 3), (3, 5), (4, 13), (4, 12), (4, 11), (4, 10), (2, 16)]",0.5009765838040039,0,0.5009765838040039
253,"(2, 3)","(3, 3)",West,"[(1, 3) via West]","[(2, 3):0.5043010924709961, (2, 5):0.5168993173865601, (4, 9):0.5590822397498414, (3, 10):0.6215822397498414, (1, 16):0.9999999998835847, (1, 1):1.000976583804004]","[(2, 5):0.5168993173865601, (4, 9):0.5590822397498414, (3, 10):0.6215822397498414, (1, 16):0.9999999998835847, (1, 1):1.000976583804004, (1, 3):1.004301092470996]","[(34, 16), (34, 15), (33, 16), (34, 14), (33, 14), (32, 16), (32, 14), (31, 16), (31, 14), (30, 16), (30, 14), (30, 13), (29, 16), (30, 12), (31, 12), (32, 12), (33, 12), (34, 12), (34, 11), (34, 10), (33, 10), (32, 10), (31, 10), (30, 10), (28, 16), (30, 9), (29, 10), (30, 8), (31, 8), (32, 8), (33, 8), (34, 8), (34, 7), (34, 6), (33, 6), (32, 6), (31, 6), (30, 6), (30, 5), (29, 6), (30, 4), (31, 4), (32, 4), (33, 4), (34, 4), (30, 3), (31, 3), (34, 3), (34, 2), (34, 1), (33, 1), (32, 1), (27, 16), (31, 1), (30, 1), (29, 1), (28, 1), (27, 1), (26, 16), (27, 2), (27, 3), (26, 2), (27, 4), (27, 5), (25, 16), (27, 6), (27, 7), (25, 2), (27, 8), (27, 9), (25, 15), (26, 9), (24, 16), (25, 14), (25, 9), (26, 14), (24, 2), (27, 14), (27, 13), (27, 12), (27, 11), (26, 11), (24, 9), (25, 11), (23, 16), (23, 2), (24, 11), (23, 9), (24, 12), (23, 12), (22, 16), (22, 2), (22, 9), (22, 12), (21, 16), (21, 2), (21, 9), (21, 12), (20, 16), (20, 2), (20, 9), (20, 12), (20, 10), (20, 11), (19, 16), (19, 2), (19, 12), (19, 11), (18, 16), (18, 2), (18, 12), (17, 16), (17, 2), (17, 12), (17, 13), (16, 16), (16, 2), (16, 12), (17, 14), (16, 14), (15, 16), (15, 2), (15, 12), (15, 14), (15, 3), (14, 16), (14, 2), (15, 4), (14, 12), (16, 4), (14, 14), (17, 4), (18, 4), (19, 4), (20, 4), (21, 4), (19, 5), (21, 5), (22, 5), (23, 5), (24, 5), (24, 6), (24, 7), (23, 7), (22, 7), (21, 7), (19, 6), (20, 7), (19, 7), (18, 6), (17, 6), (16, 6), (14, 11), (15, 6), (13, 16), (13, 2), (13, 12), (14, 10), (13, 14), (14, 6), (15, 10), (16, 10), (17, 10), (17, 9), (17, 8), (16, 8), (15, 8), (13, 6), (14, 8), (12, 16), (12, 2), (12, 12), (12, 14), (13, 5), (13, 8), (13, 4), (12, 13), (12, 11), (12, 8), (12, 4), (11, 16), (11, 2), (12, 10), (11, 8), (11, 4), (11, 10), (11, 7), (10, 16), (10, 2), (11, 6), (10, 4), (10, 10), (10, 1), (10, 6), (10, 11), (9, 16), (9, 4), (10, 12), (9, 1), (9, 6), (10, 13), (10, 14), (8, 16), (8, 4), (9, 14), (8, 1), (8, 6), (8, 3), (8, 14), (7, 16), (8, 13), (7, 1), (7, 6), (7, 3), (8, 12), (8, 11), (8, 10), (6, 16), (8, 9), (6, 1), (6, 6), (6, 3), (8, 8), (7, 8), (6, 5), (6, 8), (5, 16), (5, 1), (5, 3), (6, 9), (5, 5), (6, 10), (6, 11), (6, 12), (4, 16), (4, 1), (4, 3), (6, 13), (4, 5), (6, 14), (5, 14), (4, 14), (3, 16), (3, 1), (3, 3), (3, 5), (4, 13), (4, 12), (4, 11), (4, 10), (2, 16), (2, 1)]",0.5043010924709961,0,0.5043010924709961
254,"(2, 5)","(3, 5)",West,"[(1, 5) via West]","[(2, 5):0.5168993173865601, (4, 9):0.5590822397498414, (3, 10):0.6215822397498414, (1, 16):0.9999999998835847, (1, 1):1.000976583804004, (1, 3):1.004301092470996]","[(4, 9):0.5590822397498414, (3, 10):0.6215822397498414, (1, 16):0.9999999998835847, (1, 1):1.000976583804004, (1, 3):1.004301092470996, (1, 5):1.0168993173865601]","[(34, 16), (34, 15), (33, 16), (34, 14), (33, 14), (32, 16), (32, 14), (31, 16), (31, 14), (30, 16), (30, 14), (30, 13), (29, 16), (30, 12), (31, 12), (32, 12), (33, 12), (34, 12), (34, 11), (34, 10), (33, 10), (32, 10), (31, 10), (30, 10), (28, 16), (30, 9), (29, 10), (30, 8), (31, 8), (32, 8), (33, 8), (34, 8), (34, 7), (34, 6), (33, 6), (32, 6), (31, 6), (30, 6), (30, 5), (29, 6), (30, 4), (31, 4), (32, 4), (33, 4), (34, 4), (30, 3), (31, 3), (34, 3), (34, 2), (34, 1), (33, 1), (32, 1), (27, 16), (31, 1), (30, 1), (29, 1), (28, 1), (27, 1), (26, 16), (27, 2), (27, 3), (26, 2), (27, 4), (27, 5), (25, 16), (27, 6), (27, 7), (25, 2), (27, 8), (27, 9), (25, 15), (26, 9), (24, 16), (25, 14), (25, 9), (26, 14), (24, 2), (27, 14), (27, 13), (27, 12), (27, 11), (26, 11), (24, 9), (25, 11), (23, 16), (23, 2), (24, 11), (23, 9), (24, 12), (23, 12), (22, 16), (22, 2), (22, 9), (22, 12), (21, 16), (21, 2), (21, 9), (21, 12), (20, 16), (20, 2), (20, 9), (20, 12), (20, 10), (20, 11), (19, 16), (19, 2), (19, 12), (19, 11), (18, 16), (18, 2), (18, 12), (17, 16), (17, 2), (17, 12), (17, 13), (16, 16), (16, 2), (16, 12), (17, 14), (16, 14), (15, 16), (15, 2), (15, 12), (15, 14), (15, 3), (14, 16), (14, 2), (15, 4), (14, 12), (16, 4), (14, 14), (17, 4), (18, 4), (19, 4), (20, 4), (21, 4), (19, 5), (21, 5), (22, 5), (23, 5), (24, 5), (24, 6), (24, 7), (23, 7), (22, 7), (21, 7), (19, 6), (20, 7), (19, 7), (18, 6), (17, 6), (16, 6), (14, 11), (15, 6), (13, 16), (13, 2), (13, 12), (14, 10), (13, 14), (14, 6), (15, 10), (16, 10), (17, 10), (17, 9), (17, 8), (16, 8), (15, 8), (13, 6), (14, 8), (12, 16), (12, 2), (12, 12), (12, 14), (13, 5), (13, 8), (13, 4), (12, 13), (12, 11), (12, 8), (12, 4), (11, 16), (11, 2), (12, 10), (11, 8), (11, 4), (11, 10), (11, 7), (10, 16), (10, 2), (11, 6), (10, 4), (10, 10), (10, 1), (10, 6), (10, 11), (9, 16), (9, 4), (10, 12), (9, 1), (9, 6), (10, 13), (10, 14), (8, 16), (8, 4), (9, 14), (8, 1), (8, 6), (8, 3), (8, 14), (7, 16), (8, 13), (7, 1), (7, 6), (7, 3), (8, 12), (8, 11), (8, 10), (6, 16), (8, 9), (6, 1), (6, 6), (6, 3), (8, 8), (7, 8), (6, 5), (6, 8), (5, 16), (5, 1), (5, 3), (6, 9), (5, 5), (6, 10), (6, 11), (6, 12), (4, 16), (4, 1), (4, 3), (6, 13), (4, 5), (6, 14), (5, 14), (4, 14), (3, 16), (3, 1), (3, 3), (3, 5), (4, 13), (4, 12), (4, 11), (4, 10), (2, 16), (2, 1), (2, 3)]",0.5168993173865601,0,0.5168993173865601
255,"(4, 9)","(4, 10)",South,"[(4, 8) via South]","[(4, 9):0.5590822397498414, (3, 10):0.6215822397498414, (1, 16):0.9999999998835847, (1, 1):1.000976583804004, (1, 3):1.004301092470996, (1, 5):1.0168993173865601]","[(3, 10):0.6215822397498414, (4, 8):0.6215822397498414, (1, 16):0.9999999998835847, (1, 1):1.000976583804004, (1, 3):1.004301092470996, (1, 5):1.0168993173865601]","[(34, 16), (34, 15), (33, 16), (34, 14), (33, 14), (32, 16), (32, 14), (31, 16), (31, 14), (30, 16), (30, 14), (30, 13), (29, 16), (30, 12), (31, 12), (32, 12), (33, 12), (34, 12), (34, 11), (34, 10), (33, 10), (32, 10), (31, 10), (30, 10), (28, 16), (30, 9), (29, 10), (30, 8), (31, 8), (32, 8), (33, 8), (34, 8), (34, 7), (34, 6), (33, 6), (32, 6), (31, 6), (30, 6), (30, 5), (29, 6), (30, 4), (31, 4), (32, 4), (33, 4), (34, 4), (30, 3), (31, 3), (34, 3), (34, 2), (34, 1), (33, 1), (32, 1), (27, 16), (31, 1), (30, 1), (29, 1), (28, 1), (27, 1), (26, 16), (27, 2), (27, 3), (26, 2), (27, 4), (27, 5), (25, 16), (27, 6), (27, 7), (25, 2), (27, 8), (27, 9), (25, 15), (26, 9), (24, 16), (25, 14), (25, 9), (26, 14), (24, 2), (27, 14), (27, 13), (27, 12), (27, 11), (26, 11), (24, 9), (25, 11), (23, 16), (23, 2), (24, 11), (23, 9), (24, 12), (23, 12), (22, 16), (22, 2), (22, 9), (22, 12), (21, 16), (21, 2), (21, 9), (21, 12), (20, 16), (20, 2), (20, 9), (20, 12), (20, 10), (20, 11), (19, 16), (19, 2), (19, 12), (19, 11), (18, 16), (18, 2), (18, 12), (17, 16), (17, 2), (17, 12), (17, 13), (16, 16), (16, 2), (16, 12), (17, 14), (16, 14), (15, 16), (15, 2), (15, 12), (15, 14), (15, 3), (14, 16), (14, 2), (15, 4), (14, 12), (16, 4), (14, 14), (17, 4), (18, 4), (19, 4), (20, 4), (21, 4), (19, 5), (21, 5), (22, 5), (23, 5), (24, 5), (24, 6), (24, 7), (23, 7), (22, 7), (21, 7), (19, 6), (20, 7), (19, 7), (18, 6), (17, 6), (16, 6), (14, 11), (15, 6), (13, 16), (13, 2), (13, 12), (14, 10), (13, 14), (14, 6), (15, 10), (16, 10), (17, 10), (17, 9), (17, 8), (16, 8), (15, 8), (13, 6), (14, 8), (12, 16), (12, 2), (12, 12), (12, 14), (13, 5), (13, 8), (13, 4), (12, 13), (12, 11), (12, 8), (12, 4), (11, 16), (11, 2), (12, 10), (11, 8), (11, 4), (11, 10), (11, 7), (10, 16), (10, 2), (11, 6), (10, 4), (10, 10), (10, 1), (10, 6), (10, 11), (9, 16), (9, 4), (10, 12), (9, 1), (9, 6), (10, 13), (10, 14), (8, 16), (8, 4), (9, 14), (8, 1), (8, 6), (8, 3), (8, 14), (7, 16), (8, 13), (7, 1), (7, 6), (7, 3), (8, 12), (8, 11), (8, 10), (6, 16), (8, 9), (6, 1), (6, 6), (6, 3), (8, 8), (7, 8), (6, 5), (6, 8), (5, 16), (5, 1), (5, 3), (6, 9), (5, 5), (6, 10), (6, 11), (6, 12), (4, 16), (4, 1), (4, 3), (6, 13), (4, 5), (6, 14), (5, 14), (4, 14), (3, 16), (3, 1), (3, 3), (3, 5), (4, 13), (4, 12), (4, 11), (4, 10), (2, 16), (2, 1), (2, 3), (2, 5)]",0.5590822397498414,0,0.5590822397498414
256,"(3, 10)","(4, 10)",West,[],"[(3, 10):0.6215822397498414, (4, 8):0.6215822397498414, (1, 16):0.9999999998835847, (1, 1):1.000976583804004, (1, 3):1.004301092470996, (1, 5):1.0168993173865601]","[(4, 8):0.6215822397498414, (1, 16):0.9999999998835847, (1, 1):1.000976583804004, (1, 3):1.004301092470996, (1, 5):1.0168993173865601]","[(34, 16), (34, 15), (33, 16), (34, 14), (33, 14), (32, 16), (32, 14), (31, 16), (31, 14), (30, 16), (30, 14), (30, 13), (29, 16), (30, 12), (31, 12), (32, 12), (33, 12), (34, 12), (34, 11), (34, 10), (33, 10), (32, 10), (31, 10), (30, 10), (28, 16), (30, 9), (29, 10), (30, 8), (31, 8), (32, 8), (33, 8), (34, 8), (34, 7), (34, 6), (33, 6), (32, 6), (31, 6), (30, 6), (30, 5), (29, 6), (30, 4), (31, 4), (32, 4), (33, 4), (34, 4), (30, 3), (31, 3), (34, 3), (34, 2), (34, 1), (33, 1), (32, 1), (27, 16), (31, 1), (30, 1), (29, 1), (28, 1), (27, 1), (26, 16), (27, 2), (27, 3), (26, 2), (27, 4), (27, 5), (25, 16), (27, 6), (27, 7), (25, 2), (27, 8), (27, 9), (25, 15), (26, 9), (24, 16), (25, 14), (25, 9), (26, 14), (24, 2), (27, 14), (27, 13), (27, 12), (27, 11), (26, 11), (24, 9), (25, 11), (23, 16), (23, 2), (24, 11), (23, 9), (24, 12), (23, 12), (22, 16), (22, 2), (22, 9), (22, 12), (21, 16), (21, 2), (21, 9), (21, 12), (20, 16), (20, 2), (20, 9), (20, 12), (20, 10), (20, 11), (19, 16), (19, 2), (19, 12), (19, 11), (18, 16), (18, 2), (18, 12), (17, 16), (17, 2), (17, 12), (17, 13), (16, 16), (16, 2), (16, 12), (17, 14), (16, 14), (15, 16), (15, 2), (15, 12), (15, 14), (15, 3), (14, 16), (14, 2), (15, 4), (14, 12), (16, 4), (14, 14), (17, 4), (18, 4), (19, 4), (20, 4), (21, 4), (19, 5), (21, 5), (22, 5), (23, 5), (24, 5), (24, 6), (24, 7), (23, 7), (22, 7), (21, 7), (19, 6), (20, 7), (19, 7), (18, 6), (17, 6), (16, 6), (14, 11), (15, 6), (13, 16), (13, 2), (13, 12), (14, 10), (13, 14), (14, 6), (15, 10), (16, 10), (17, 10), (17, 9), (17, 8), (16, 8), (15, 8), (13, 6), (14, 8), (12, 16), (12, 2), (12, 12), (12, 14), (13, 5), (13, 8), (13, 4), (12, 13), (12, 11), (12, 8), (12, 4), (11, 16), (11, 2), (12, 10), (11, 8), (11, 4), (11, 10), (11, 7), (10, 16), (10, 2), (11, 6), (10, 4), (10, 10), (10, 1), (10, 6), (10, 11), (9, 16), (9, 4), (10, 12), (9, 1), (9, 6), (10, 13), (10, 14), (8, 16), (8, 4), (9, 14), (8, 1), (8, 6), (8, 3), (8, 14), (7, 16), (8, 13), (7, 1), (7, 6), (7, 3), (8, 12), (8, 11), (8, 10), (6, 16), (8, 9), (6, 1), (6, 6), (6, 3), (8, 8), (7, 8), (6, 5), (6, 8), (5, 16), (5, 1), (5, 3), (6, 9), (5, 5), (6, 10), (6, 11), (6, 12), (4, 16), (4, 1), (4, 3), (6, 13), (4, 5), (6, 14), (5, 14), (4, 14), (3, 16), (3, 1), (3, 3), (3, 5), (4, 13), (4, 12), (4, 11), (4, 10), (2, 16), (2, 1), (2, 3), (2, 5), (4, 9)]",0.6215822397498414,0,0.6215822397498414
257,"(4, 8)","(4, 9)",South,"[(4, 7) via South]","[(4, 8):0.6215822397498414, (1, 16):0.9999999998835847, (1, 1):1.000976583804004, (1, 3):1.004301092470996, (1, 5):1.0168993173865601]","[(4, 7):0.6840822397498414, (1, 16):0.9999999998835847, (1, 1):1.000976583804004, (1, 3):1.004301092470996, (1, 5):1.0168993173865601]","[(34, 16), (34, 15), (33, 16), (34, 14), (33, 14), (32, 16), (32, 14), (31, 16), (31, 14), (30, 16), (30, 14), (30, 13), (29, 16), (30, 12), (31, 12), (32, 12), (33, 12), (34, 12), (34, 11), (34, 10), (33, 10), (32, 10), (31, 10), (30, 10), (28, 16), (30, 9), (29, 10), (30, 8), (31, 8), (32, 8), (33, 8), (34, 8), (34, 7), (34, 6), (33, 6), (32, 6), (31, 6), (30, 6), (30, 5), (29, 6), (30, 4), (31, 4), (32, 4), (33, 4), (34, 4), (30, 3), (31, 3), (34, 3), (34, 2), (34, 1), (33, 1), (32, 1), (27, 16), (31, 1), (30, 1), (29, 1), (28, 1), (27, 1), (26, 16), (27, 2), (27, 3), (26, 2), (27, 4), (27, 5), (25, 16), (27, 6), (27, 7), (25, 2), (27, 8), (27, 9), (25, 15), (26, 9), (24, 16), (25, 14), (25, 9), (26, 14), (24, 2), (27, 14), (27, 13), (27, 12), (27, 11), (26, 11), (24, 9), (25, 11), (23, 16), (23, 2), (24, 11), (23, 9), (24, 12), (23, 12), (22, 16), (22, 2), (22, 9), (22, 12), (21, 16), (21, 2), (21, 9), (21, 12), (20, 16), (20, 2), (20, 9), (20, 12), (20, 10), (20, 11), (19, 16), (19, 2), (19, 12), (19, 11), (18, 16), (18, 2), (18, 12), (17, 16), (17, 2), (17, 12), (17, 13), (16, 16), (16, 2), (16, 12), (17, 14), (16, 14), (15, 16), (15, 2), (15, 12), (15, 14), (15, 3), (14, 16), (14, 2), (15, 4), (14, 12), (16, 4), (14, 14), (17, 4), (18, 4), (19, 4), (20, 4), (21, 4), (19, 5), (21, 5), (22, 5), (23, 5), (24, 5), (24, 6), (24, 7), (23, 7), (22, 7), (21, 7), (19, 6), (20, 7), (19, 7), (18, 6), (17, 6), (16, 6), (14, 11), (15, 6), (13, 16), (13, 2), (13, 12), (14, 10), (13, 14), (14, 6), (15, 10), (16, 10), (17, 10), (17, 9), (17, 8), (16, 8), (15, 8), (13, 6), (14, 8), (12, 16), (12, 2), (12, 12), (12, 14), (13, 5), (13, 8), (13, 4), (12, 13), (12, 11), (12, 8), (12, 4), (11, 16), (11, 2), (12, 10), (11, 8), (11, 4), (11, 10), (11, 7), (10, 16), (10, 2), (11, 6), (10, 4), (10, 10), (10, 1), (10, 6), (10, 11), (9, 16), (9, 4), (10, 12), (9, 1), (9, 6), (10, 13), (10, 14), (8, 16), (8, 4), (9, 14), (8, 1), (8, 6), (8, 3), (8, 14), (7, 16), (8, 13), (7, 1), (7, 6), (7, 3), (8, 12), (8, 11), (8, 10), (6, 16), (8, 9), (6, 1), (6, 6), (6, 3), (8, 8), (7, 8), (6, 5), (6, 8), (5, 16), (5, 1), (5, 3), (6, 9), (5, 5), (6, 10), (6, 11), (6, 12), (4, 16), (4, 1), (4, 3), (6, 13), (4, 5), (6, 14), (5, 14), (4, 14), (3, 16), (3, 1), (3, 3), (3, 5), (4, 13), (4, 12), (4, 11), (4, 10), (2, 16), (2, 1), (2, 3), (2, 5), (4, 9), (3, 10)]",0.6215822397498414,0,0.6215822397498414
258,"(4, 7)","(4, 8)",South,"[(3, 7) via West]","[(4, 7):0.6840822397498414, (1, 16):0.9999999998835847, (1, 1):1.000976583804004, (1, 3):1.004301092470996, (1, 5):1.0168993173865601]","[(3, 7):0.8090822397498414, (1, 16):0.9999999998835847, (1, 1):1.000976583804004, (1, 3):1.004301092470996, (1, 5):1.0168993173865601]","[(34, 16), (34, 15), (33, 16), (34, 14), (33, 14), (32, 16), (32, 14), (31, 16), (31, 14), (30, 16), (30, 14), (30, 13), (29, 16), (30, 12), (31, 12), (32, 12), (33, 12), (34, 12), (34, 11), (34, 10), (33, 10), (32, 10), (31, 10), (30, 10), (28, 16), (30, 9), (29, 10), (30, 8), (31, 8), (32, 8), (33, 8), (34, 8), (34, 7), (34, 6), (33, 6), (32, 6), (31, 6), (30, 6), (30, 5), (29, 6), (30, 4), (31, 4), (32, 4), (33, 4), (34, 4), (30, 3), (31, 3), (34, 3), (34, 2), (34, 1), (33, 1), (32, 1), (27, 16), (31, 1), (30, 1), (29, 1), (28, 1), (27, 1), (26, 16), (27, 2), (27, 3), (26, 2), (27, 4), (27, 5), (25, 16), (27, 6), (27, 7), (25, 2), (27, 8), (27, 9), (25, 15), (26, 9), (24, 16), (25, 14), (25, 9), (26, 14), (24, 2), (27, 14), (27, 13), (27, 12), (27, 11), (26, 11), (24, 9), (25, 11), (23, 16), (23, 2), (24, 11), (23, 9), (24, 12), (23, 12), (22, 16), (22, 2), (22, 9), (22, 12), (21, 16), (21, 2), (21, 9), (21, 12), (20, 16), (20, 2), (20, 9), (20, 12), (20, 10), (20, 11), (19, 16), (19, 2), (19, 12), (19, 11), (18, 16), (18, 2), (18, 12), (17, 16), (17, 2), (17, 12), (17, 13), (16, 16), (16, 2), (16, 12), (17, 14), (16, 14), (15, 16), (15, 2), (15, 12), (15, 14), (15, 3), (14, 16), (14, 2), (15, 4), (14, 12), (16, 4), (14, 14), (17, 4), (18, 4), (19, 4), (20, 4), (21, 4), (19, 5), (21, 5), (22, 5), (23, 5), (24, 5), (24, 6), (24, 7), (23, 7), (22, 7), (21, 7), (19, 6), (20, 7), (19, 7), (18, 6), (17, 6), (16, 6), (14, 11), (15, 6), (13, 16), (13, 2), (13, 12), (14, 10), (13, 14), (14, 6), (15, 10), (16, 10), (17, 10), (17, 9), (17, 8), (16, 8), (15, 8), (13, 6), (14, 8), (12, 16), (12, 2), (12, 12), (12, 14), (13, 5), (13, 8), (13, 4), (12, 13), (12, 11), (12, 8), (12, 4), (11, 16), (11, 2), (12, 10), (11, 8), (11, 4), (11, 10), (11, 7), (10, 16), (10, 2), (11, 6), (10, 4), (10, 10), (10, 1), (10, 6), (10, 11), (9, 16), (9, 4), (10, 12), (9, 1), (9, 6), (10, 13), (10, 14), (8, 16), (8, 4), (9, 14), (8, 1), (8, 6), (8, 3), (8, 14), (7, 16), (8, 13), (7, 1), (7, 6), (7, 3), (8, 12), (8, 11), (8, 10), (6, 16), (8, 9), (6, 1), (6, 6), (6, 3), (8, 8), (7, 8), (6, 5), (6, 8), (5, 16), (5, 1), (5, 3), (6, 9), (5, 5), (6, 10), (6, 11), (6, 12), (4, 16), (4, 1), (4, 3), (6, 13), (4, 5), (6, 14), (5, 14), (4, 14), (3, 16), (3, 1), (3, 3), (3, 5), (4, 13), (4, 12), (4, 11), (4, 10), (2, 16), (2, 1), (2, 3), (2, 5), (4, 9), (3, 10), (4, 8)]",0.6840822397498414,0,0.6840822397498414
259,"(3, 7)","(4, 7)",West,"[(2, 7) via West]","[(3, 7):0.8090822397498414, (1, 16):0.9999999998835847, (1, 1):1.000976583804004, (1, 3):1.004301092470996, (1, 5):1.0168993173865601]","[(1, 16):0.9999999998835847, (1, 1):1.000976583804004, (1, 3):1.004301092470996, (1, 5):1.0168993173865601, (2, 7):1.0590822397498414]","[(34, 16), (34, 15), (33, 16), (34, 14), (33, 14), (32, 16), (32, 14), (31, 16), (31, 14), (30, 16), (30, 14), (30, 13), (29, 16), (30, 12), (31, 12), (32, 12), (33, 12), (34, 12), (34, 11), (34, 10), (33, 10), (32, 10), (31, 10), (30, 10), (28, 16), (30, 9), (29, 10), (30, 8), (31, 8), (32, 8), (33, 8), (34, 8), (34, 7), (34, 6), (33, 6), (32, 6), (31, 6), (30, 6), (30, 5), (29, 6), (30, 4), (31, 4), (32, 4), (33, 4), (34, 4), (30, 3), (31, 3), (34, 3), (34, 2), (34, 1), (33, 1), (32, 1), (27, 16), (31, 1), (30, 1), (29, 1), (28, 1), (27, 1), (26, 16), (27, 2), (27, 3), (26, 2), (27, 4), (27, 5), (25, 16), (27, 6), (27, 7), (25, 2), (27, 8), (27, 9), (25, 15), (26, 9), (24, 16), (25, 14), (25, 9), (26, 14), (24, 2), (27, 14), (27, 13), (27, 12), (27, 11), (26, 11), (24, 9), (25, 11), (23, 16), (23, 2), (24, 11), (23, 9), (24, 12), (23, 12), (22, 16), (22, 2), (22, 9), (22, 12), (21, 16), (21, 2), (21, 9), (21, 12), (20, 16), (20, 2), (20, 9), (20, 12), (20, 10), (20, 11), (19, 16), (19, 2), (19, 12), (19, 11), (18, 16), (18, 2), (18, 12), (17, 16), (17, 2), (17, 12), (17, 13), (16, 16), (16, 2), (16, 12), (17, 14), (16, 14), (15, 16), (15, 2), (15, 12), (15, 14), (15, 3), (14, 16), (14, 2), (15, 4), (14, 12), (16, 4), (14, 14), (17, 4), (18, 4), (19, 4), (20, 4), (21, 4), (19, 5), (21, 5), (22, 5), (23, 5), (24, 5), (24, 6), (24, 7), (23, 7), (22, 7), (21, 7), (19, 6), (20, 7), (19, 7), (18, 6), (17, 6), (16, 6), (14, 11), (15, 6), (13, 16), (13, 2), (13, 12), (14, 10), (13, 14), (14, 6), (15, 10), (16, 10), (17, 10), (17, 9), (17, 8), (16, 8), (15, 8), (13, 6), (14, 8), (12, 16), (12, 2), (12, 12), (12, 14), (13, 5), (13, 8), (13, 4), (12, 13), (12, 11), (12, 8), (12, 4), (11, 16), (11, 2), (12, 10), (11, 8), (11, 4), (11, 10), (11, 7), (10, 16), (10, 2), (11, 6), (10, 4), (10, 10), (10, 1), (10, 6), (10, 11), (9, 16), (9, 4), (10, 12), (9, 1), (9, 6), (10, 13), (10, 14), (8, 16), (8, 4), (9, 14), (8, 1), (8, 6), (8, 3), (8, 14), (7, 16), (8, 13), (7, 1), (7, 6), (7, 3), (8, 12), (8, 11), (8, 10), (6, 16), (8, 9), (6, 1), (6, 6), (6, 3), (8, 8), (7, 8), (6, 5), (6, 8), (5, 16), (5, 1), (5, 3), (6, 9), (5, 5), (6, 10), (6, 11), (6, 12), (4, 16), (4, 1), (4, 3), (6, 13), (4, 5), (6, 14), (5, 14), (4, 14), (3, 16), (3, 1), (3, 3), (3, 5), (4, 13), (4, 12), (4, 11), (4, 10), (2, 16), (2, 1), (2, 3), (2, 5), (4, 9), (3, 10), (4, 8), (4, 7)]",0.8090822397498414,0,0.8090822397498414
260,"(1, 16)","(2, 16)",West,"[(1, 15) via South]","[(1, 16):0.9999999998835847, (1, 1):1.000976583804004, (1, 3):1.004301092470996, (1, 5):1.0168993173865601, (2, 7):1.0590822397498414]","[(1, 1):1.000976583804004, (1, 3):1.004301092470996, (1, 5):1.0168993173865601, (2, 7):1.0590822397498414, (1, 15):1.4999999998835847]","[(34, 16), (34, 15), (33, 16), (34, 14), (33, 14), (32, 16), (32, 14), (31, 16), (31, 14), (30, 16), (30, 14), (30, 13), (29, 16), (30, 12), (31, 12), (32, 12), (33, 12), (34, 12), (34, 11), (34, 10), (33, 10), (32, 10), (31, 10), (30, 10), (28, 16), (30, 9), (29, 10), (30, 8), (31, 8), (32, 8), (33, 8), (34, 8), (34, 7), (34, 6), (33, 6), (32, 6), (31, 6), (30, 6), (30, 5), (29, 6), (30, 4), (31, 4), (32, 4), (33, 4), (34, 4), (30, 3), (31, 3), (34, 3), (34, 2), (34, 1), (33, 1), (32, 1), (27, 16), (31, 1), (30, 1), (29, 1), (28, 1), (27, 1), (26, 16), (27, 2), (27, 3), (26, 2), (27, 4), (27, 5), (25, 16), (27, 6), (27, 7), (25, 2), (27, 8), (27, 9), (25, 15), (26, 9), (24, 16), (25, 14), (25, 9), (26, 14), (24, 2), (27, 14), (27, 13), (27, 12), (27, 11), (26, 11), (24, 9), (25, 11), (23, 16), (23, 2), (24, 11), (23, 9), (24, 12), (23, 12), (22, 16), (22, 2), (22, 9), (22, 12), (21, 16), (21, 2), (21, 9), (21, 12), (20, 16), (20, 2), (20, 9), (20, 12), (20, 10), (20, 11), (19, 16), (19, 2), (19, 12), (19, 11), (18, 16), (18, 2), (18, 12), (17, 16), (17, 2), (17, 12), (17, 13), (16, 16), (16, 2), (16, 12), (17, 14), (16, 14), (15, 16), (15, 2), (15, 12), (15, 14), (15, 3), (14, 16), (14, 2), (15, 4), (14, 12), (16, 4), (14, 14), (17, 4), (18, 4), (19, 4), (20, 4), (21, 4), (19, 5), (21, 5), (22, 5), (23, 5), (24, 5), (24, 6), (24, 7), (23, 7), (22, 7), (21, 7), (19, 6), (20, 7), (19, 7), (18, 6), (17, 6), (16, 6), (14, 11), (15, 6), (13, 16), (13, 2), (13, 12), (14, 10), (13, 14), (14, 6), (15, 10), (16, 10), (17, 10), (17, 9), (17, 8), (16, 8), (15, 8), (13, 6), (14, 8), (12, 16), (12, 2), (12, 12), (12, 14), (13, 5), (13, 8), (13, 4), (12, 13), (12, 11), (12, 8), (12, 4), (11, 16), (11, 2), (12, 10), (11, 8), (11, 4), (11, 10), (11, 7), (10, 16), (10, 2), (11, 6), (10, 4), (10, 10), (10, 1), (10, 6), (10, 11), (9, 16), (9, 4), (10, 12), (9, 1), (9, 6), (10, 13), (10, 14), (8, 16), (8, 4), (9, 14), (8, 1), (8, 6), (8, 3), (8, 14), (7, 16), (8, 13), (7, 1), (7, 6), (7, 3), (8, 12), (8, 11), (8, 10), (6, 16), (8, 9), (6, 1), (6, 6), (6, 3), (8, 8), (7, 8), (6, 5), (6, 8), (5, 16), (5, 1), (5, 3), (6, 9), (5, 5), (6, 10), (6, 11), (6, 12), (4, 16), (4, 1), (4, 3), (6, 13), (4, 5), (6, 14), (5, 14), (4, 14), (3, 16), (3, 1), (3, 3), (3, 5), (4, 13), (4, 12), (4, 11), (4, 10), (2, 16), (2, 1), (2, 3), (2, 5), (4, 9), (3, 10), (4, 8), (4, 7), (3, 7)]",0.9999999998835847,0,0.9999999998835847
